ISO-10303-21;
HEADER;
FILE_DESCRIPTION (( 'STEP AP203' ),
    '1' );
FILE_NAME ('pm-u25.STEP',
    '2015-07-23T04:39:26',
    ( '' ),
    ( '' ),
    'SwSTEP 2.0',
    'SolidWorks 2010',
    '' );
FILE_SCHEMA (( 'CONFIG_CONTROL_DESIGN' ));
ENDSEC;

DATA;
#1 = ORIENTED_EDGE ( 'NONE', *, *, #945, .T. ) ;
#2 = ORIENTED_EDGE ( 'NONE', *, *, #898, .F. ) ;
#3 = ORIENTED_EDGE ( 'NONE', *, *, #1010, .F. ) ;
#4 = ORIENTED_EDGE ( 'NONE', *, *, #1013, .T. ) ;
#5 = ORIENTED_EDGE ( 'NONE', *, *, #870, .T. ) ;
#6 = ORIENTED_EDGE ( 'NONE', *, *, #916, .F. ) ;
#7 = ORIENTED_EDGE ( 'NONE', *, *, #986, .F. ) ;
#8 = ORIENTED_EDGE ( 'NONE', *, *, #921, .T. ) ;
#9 = ORIENTED_EDGE ( 'NONE', *, *, #941, .T. ) ;
#10 = ORIENTED_EDGE ( 'NONE', *, *, #918, .F. ) ;
#11 = ORIENTED_EDGE ( 'NONE', *, *, #1024, .T. ) ;
#12 = ORIENTED_EDGE ( 'NONE', *, *, #826, .F. ) ;
#13 = ORIENTED_EDGE ( 'NONE', *, *, #983, .F. ) ;
#14 = ORIENTED_EDGE ( 'NONE', *, *, #926, .T. ) ;
#15 = ORIENTED_EDGE ( 'NONE', *, *, #1036, .F. ) ;
#16 = ORIENTED_EDGE ( 'NONE', *, *, #1004, .T. ) ;
#17 = ORIENTED_EDGE ( 'NONE', *, *, #935, .F. ) ;
#18 = ORIENTED_EDGE ( 'NONE', *, *, #944, .T. ) ;
#19 = ORIENTED_EDGE ( 'NONE', *, *, #1000, .T. ) ;
#20 = ORIENTED_EDGE ( 'NONE', *, *, #935, .T. ) ;
#21 = ORIENTED_EDGE ( 'NONE', *, *, #938, .T. ) ;
#22 = ORIENTED_EDGE ( 'NONE', *, *, #838, .F. ) ;
#23 = MANIFOLD_SOLID_BREP ( '∂Øƒ - âüÇµèoÇµ11', #1289 ) ;
#24 = ADVANCED_BREP_SHAPE_REPRESENTATION ( 'pm-u25', ( #23, #94 ), #1092 ) ;
#25 = UNCERTAINTY_MEASURE_WITH_UNIT (LENGTH_MEASURE( 1.000000000000000100E-005 ), #138, 'distance_accuracy_value', 'NONE');
#26 = CARTESIAN_POINT ( 'NONE',  ( -3.000000000000000000, -11.50000000000000000, 0.5999999999999996400 ) ) ;
#27 = DIRECTION ( 'NONE',  ( 0.0000000000000000000, 0.0000000000000000000, -1.000000000000000000 ) ) ;
#28 = CARTESIAN_POINT ( 'NONE',  ( -3.000000000000000000, 1.999999999999999100, 5.999999999999998200 ) ) ;
#29 = PLANE ( 'NONE',  #1029 ) ;
#30 = CARTESIAN_POINT ( 'NONE',  ( 3.000000000000000000, -14.00000000000000000, -3.700000000000000200 ) ) ;
#31 = DIRECTION ( 'NONE',  ( 0.0000000000000000000, -0.0000000000000000000, -1.000000000000000000 ) ) ;
#32 = DIRECTION ( 'NONE',  ( 0.0000000000000000000, -1.000000000000000000, 0.0000000000000000000 ) ) ;
#33 = CARTESIAN_POINT ( 'NONE',  ( 0.4000000000000001300, 1.999999999999999100, -2.600000000000000100 ) ) ;
#34 = PLANE ( 'NONE',  #947 ) ;
#35 = PLANE ( 'NONE',  #988 ) ;
#36 = DIRECTION ( 'NONE',  ( 0.0000000000000000000, 4.688441826964343300E-016, 1.000000000000000000 ) ) ;
#37 = VERTEX_POINT ( 'NONE', #888 ) ;
#38 = DIRECTION ( 'NONE',  ( 0.0000000000000000000, 1.000000000000000000, -4.688441826964343300E-016 ) ) ;
#39 = CARTESIAN_POINT ( 'NONE',  ( -3.000000000000000000, -14.00000000000000000, 9.699999999999999300 ) ) ;
#40 = VERTEX_POINT ( 'NONE', #30 ) ;
#41 = PLANE ( 'NONE',  #966 ) ;
#42 = CARTESIAN_POINT ( 'NONE',  ( -3.000000000000000000, 2.000000000000000000, -3.700000000000000200 ) ) ;
#43 = VERTEX_POINT ( 'NONE', #33 ) ;
#44 = VERTEX_POINT ( 'NONE', #26 ) ;
#45 = PLANE ( 'NONE',  #897 ) ;
#46 = CARTESIAN_POINT ( 'NONE',  ( 7.525483399593910300, -11.50000000000000000, -1.000000000000001300 ) ) ;
#47 = DIRECTION ( 'NONE',  ( -1.000000000000000000, -0.0000000000000000000, -0.0000000000000000000 ) ) ;
#48 = VERTEX_POINT ( 'NONE', #889 ) ;
#49 = VERTEX_POINT ( 'NONE', #67 ) ;
#50 = CARTESIAN_POINT ( 'NONE',  ( -3.000000000000000000, -14.00000000000000000, -3.700000000000000200 ) ) ;
#51 = VERTEX_POINT ( 'NONE', #890 ) ;
#52 = DIRECTION ( 'NONE',  ( 0.0000000000000000000, 0.0000000000000000000, 1.000000000000000000 ) ) ;
#53 = DIRECTION ( 'NONE',  ( -4.517509052022935300E-017, -1.000000000000000000, 0.0000000000000000000 ) ) ;
#54 = DIRECTION ( 'NONE',  ( -1.000000000000000000, 4.517509052022935300E-017, 0.0000000000000000000 ) ) ;
#55 = VERTEX_POINT ( 'NONE', #64 ) ;
#56 = CARTESIAN_POINT ( 'NONE',  ( -0.4000000000000000200, 0.6000000000000025300, 5.999999999999999100 ) ) ;
#57 = CARTESIAN_POINT ( 'NONE',  ( 7.525483399593910300, -11.50000000000000000, 6.999999999999999100 ) ) ;
#58 = DIRECTION ( 'NONE',  ( -1.000000000000000000, -0.0000000000000000000, -0.0000000000000000000 ) ) ;
#59 = DIRECTION ( 'NONE',  ( 0.0000000000000000000, 0.0000000000000000000, 1.000000000000000000 ) ) ;
#60 = PLANE ( 'NONE',  #951 ) ;
#61 = CARTESIAN_POINT ( 'NONE',  ( 3.000000000000000000, 2.000000000000001800, 0.0000000000000000000 ) ) ;
#62 = VERTEX_POINT ( 'NONE', #787 ) ;
#63 = CARTESIAN_POINT ( 'NONE',  ( -3.000000000000000000, -14.00000000000000000, 0.9999999999999991100 ) ) ;
#64 = CARTESIAN_POINT ( 'NONE',  ( -0.5999999999999997600, 1.999999999999999100, -2.199999999999999700 ) ) ;
#65 = VERTEX_POINT ( 'NONE', #63 ) ;
#66 = VERTEX_POINT ( 'NONE', #61 ) ;
#67 = CARTESIAN_POINT ( 'NONE',  ( -3.000000000000000000, 1.999999999999999100, 9.700000000000001100 ) ) ;
#68 = ORIENTED_EDGE ( 'NONE', *, *, #1006, .F. ) ;
#69 = ORIENTED_EDGE ( 'NONE', *, *, #843, .F. ) ;
#70 = ORIENTED_EDGE ( 'NONE', *, *, #996, .F. ) ;
#71 = ORIENTED_EDGE ( 'NONE', *, *, #984, .F. ) ;
#72 = CARTESIAN_POINT ( 'NONE',  ( 2.500000000000000000, -3.800000000000002900, 0.0000000000000000000 ) ) ;
#73 = DIRECTION ( 'NONE',  ( 0.7071067811865481300, -0.7071067811865470200, 0.0000000000000000000 ) ) ;
#74 = CARTESIAN_POINT ( 'NONE',  ( -3.000000000000000000, 1.999999999999999100, 5.999999999999998200 ) ) ;
#75 = DIRECTION ( 'NONE',  ( -0.0000000000000000000, -0.0000000000000000000, 1.000000000000000000 ) ) ;
#76 = CARTESIAN_POINT ( 'NONE',  ( -0.4000000000000000800, -0.5999999999999999800, -0.1000000000000000100 ) ) ;
#77 = DIRECTION ( 'NONE',  ( -1.000000000000000000, 0.0000000000000000000, 0.0000000000000000000 ) ) ;
#78 = CARTESIAN_POINT ( 'NONE',  ( -0.3999999999999998600, 1.950000000000003500, 7.399999999999999500 ) ) ;
#79 = AXIS2_PLACEMENT_3D ( 'NONE', #370, #406, #412 ) ;
#80 = AXIS2_PLACEMENT_3D ( 'NONE', #399, #411, #394 ) ;
#81 = AXIS2_PLACEMENT_3D ( 'NONE', #366, #369, #390 ) ;
#82 = AXIS2_PLACEMENT_3D ( 'NONE', #363, #372, #404 ) ;
#83 = AXIS2_PLACEMENT_3D ( 'NONE', #393, #377, #379 ) ;
#84 = AXIS2_PLACEMENT_3D ( 'NONE', #373, #397, #374 ) ;
#85 = AXIS2_PLACEMENT_3D ( 'NONE', #384, #409, #410 ) ;
#86 = AXIS2_PLACEMENT_3D ( 'NONE', #368, #371, #392 ) ;
#87 = AXIS2_PLACEMENT_3D ( 'NONE', #341, #375, #376 ) ;
#88 = AXIS2_PLACEMENT_3D ( 'NONE', #364, #387, #380 ) ;
#89 = AXIS2_PLACEMENT_3D ( 'NONE', #358, #329, #367 ) ;
#90 = AXIS2_PLACEMENT_3D ( 'NONE', #350, #353, #360 ) ;
#91 = AXIS2_PLACEMENT_3D ( 'NONE', #344, #365, #382 ) ;
#92 = AXIS2_PLACEMENT_3D ( 'NONE', #342, #347, #357 ) ;
#93 = AXIS2_PLACEMENT_3D ( 'NONE', #327, #354, #355 ) ;
#94 = AXIS2_PLACEMENT_3D ( 'NONE', #171, #170, #174 ) ;
#95 = CC_DESIGN_PERSON_AND_ORGANIZATION_ASSIGNMENT ( #1095, #177, ( #511 ) ) ;
#96 = AXIS2_PLACEMENT_3D ( 'NONE', #774, #757, #729 ) ;
#97 = AXIS2_PLACEMENT_3D ( 'NONE', #780, #330, #339 ) ;
#98 = AXIS2_PLACEMENT_3D ( 'NONE', #1626, #1624, #1622 ) ;
#99 = AXIS2_PLACEMENT_3D ( 'NONE', #1627, #745, #758 ) ;
#100 = PRODUCT_RELATED_PRODUCT_CATEGORY ( 'detail', '', ( #511 ) ) ;
#101 = CC_DESIGN_SECURITY_CLASSIFICATION ( #106, ( #112 ) ) ;
#102 = CC_DESIGN_APPROVAL ( #103, ( #106 ) ) ;
#103 = APPROVAL ( #192, 'UNSPECIFIED' ) ;
#104 = CC_DESIGN_DATE_AND_TIME_ASSIGNMENT ( #459, #172, ( #106 ) ) ;
#105 = CC_DESIGN_PERSON_AND_ORGANIZATION_ASSIGNMENT ( #455, #191, ( #106 ) ) ;
#106 = SECURITY_CLASSIFICATION ( '', '', #190 ) ;
#107 = CC_DESIGN_PERSON_AND_ORGANIZATION_ASSIGNMENT ( #454, #189, ( #112 ) ) ;
#108 = CC_DESIGN_PERSON_AND_ORGANIZATION_ASSIGNMENT ( #453, #186, ( #112 ) ) ;
#109 = AXIS2_PLACEMENT_3D ( 'NONE', #445, #1592, #1591 ) ;
#110 = CC_DESIGN_APPROVAL ( #111, ( #112 ) ) ;
#111 = APPROVAL ( #184, 'UNSPECIFIED' ) ;
#112 = PRODUCT_DEFINITION_FORMATION_WITH_SPECIFIED_SOURCE ( 'ANY', '', #511, .NOT_KNOWN. ) ;
#113 = CC_DESIGN_DATE_AND_TIME_ASSIGNMENT ( #1107, #194, ( #117 ) ) ;
#114 = CC_DESIGN_PERSON_AND_ORGANIZATION_ASSIGNMENT ( #1103, #182, ( #117 ) ) ;
#115 = CC_DESIGN_APPROVAL ( #116, ( #117 ) ) ;
#116 = APPROVAL ( #180, 'UNSPECIFIED' ) ;
#117 = PRODUCT_DEFINITION ( 'UNKNOWN', '', #112, #1582 ) ;
#118 = AXIS2_PLACEMENT_3D ( 'NONE', #169, #183, #137 ) ;
#119 = AXIS2_PLACEMENT_3D ( 'NONE', #188, #135, #130 ) ;
#120 = AXIS2_PLACEMENT_3D ( 'NONE', #132, #133, #134 ) ;
#121 = AXIS2_PLACEMENT_3D ( 'NONE', #356, #136, #168 ) ;
#122 = AXIS2_PLACEMENT_3D ( 'NONE', #328, #349, #338 ) ;
#123 = AXIS2_PLACEMENT_3D ( 'NONE', #348, #315, #416 ) ;
#124 = AXIS2_PLACEMENT_3D ( 'NONE', #323, #343, #352 ) ;
#125 = AXIS2_PLACEMENT_3D ( 'NONE', #414, #320, #325 ) ;
#126 = AXIS2_PLACEMENT_3D ( 'NONE', #361, #386, #345 ) ;
#127 = AXIS2_PLACEMENT_3D ( 'NONE', #413, #316, #317 ) ;
#128 = AXIS2_PLACEMENT_3D ( 'NONE', #403, #402, #401 ) ;
#129 = AXIS2_PLACEMENT_3D ( 'NONE', #398, #385, #383 ) ;
#130 = DIRECTION ( 'NONE',  ( 0.0000000000000000000, -0.0000000000000000000, -1.000000000000000000 ) ) ;
#131 = PLANE ( 'NONE',  #120 ) ;
#132 = CARTESIAN_POINT ( 'NONE',  ( -0.4000000000000000800, -0.5999999999999999800, -0.1000000000000000100 ) ) ;
#133 = DIRECTION ( 'NONE',  ( -0.0000000000000000000, 0.0000000000000000000, 1.000000000000000000 ) ) ;
#134 = DIRECTION ( 'NONE',  ( 1.000000000000000000, 0.0000000000000000000, 0.0000000000000000000 ) ) ;
#135 = DIRECTION ( 'NONE',  ( 0.0000000000000000000, -1.000000000000000000, 0.0000000000000000000 ) ) ;
#136 = DIRECTION ( 'NONE',  ( -0.0000000000000000000, 0.0000000000000000000, -1.000000000000000000 ) ) ;
#137 = DIRECTION ( 'NONE',  ( -4.517509052022935300E-017, 1.000000000000000000, 0.0000000000000000000 ) ) ;
#138 =( LENGTH_UNIT ( ) NAMED_UNIT ( * ) SI_UNIT ( .MILLI., .METRE. ) );
#139 = ADVANCED_FACE ( 'NONE', ( #1288 ), #60, .F. ) ;
#140 = ADVANCED_FACE ( 'NONE', ( #1504 ), #1506, .F. ) ;
#141 = ADVANCED_FACE ( 'NONE', ( #1505 ), #1508, .F. ) ;
#142 = ADVANCED_FACE ( 'NONE', ( #1502, #1509 ), #41, .T. ) ;
#143 = ADVANCED_FACE ( 'NONE', ( #1501 ), #45, .T. ) ;
#144 = ADVANCED_FACE ( 'NONE', ( #1510 ), #34, .T. ) ;
#145 = ADVANCED_FACE ( 'NONE', ( #1507, #1513 ), #29, .T. ) ;
#146 = ADVANCED_FACE ( 'NONE', ( #1503, #1511 ), #35, .T. ) ;
#147 = ADVANCED_FACE ( 'NONE', ( #1512 ), #685, .T. ) ;
#148 = ADVANCED_FACE ( 'NONE', ( #1516 ), #1519, .T. ) ;
#149 = ADVANCED_FACE ( 'NONE', ( #1515, #1520 ), #596, .F. ) ;
#150 = ADVANCED_FACE ( 'NONE', ( #1514 ), #591, .T. ) ;
#151 = ADVANCED_FACE ( 'NONE', ( #1521 ), #612, .T. ) ;
#152 = ADVANCED_FACE ( 'NONE', ( #1518 ), #624, .F. ) ;
#153 =( NAMED_UNIT ( * ) PLANE_ANGLE_UNIT ( ) SI_UNIT ( $, .RADIAN. ) );
#154 = ADVANCED_FACE ( 'NONE', ( #1522 ), #641, .F. ) ;
#155 = ADVANCED_FACE ( 'NONE', ( #1517, #1526, #1528 ), #666, .F. ) ;
#156 = ADVANCED_FACE ( 'NONE', ( #1527, #1524 ), #654, .T. ) ;
#157 = ADVANCED_FACE ( 'NONE', ( #1523 ), #680, .F. ) ;
#158 = ADVANCED_FACE ( 'NONE', ( #1525 ), #562, .F. ) ;
#159 = ADVANCED_FACE ( 'NONE', ( #1530 ), #567, .F. ) ;
#160 = PLANE ( 'NONE',  #119 ) ;
#161 = ADVANCED_FACE ( 'NONE', ( #1531 ), #573, .F. ) ;
#162 =( NAMED_UNIT ( * ) SI_UNIT ( $, .STERADIAN. ) SOLID_ANGLE_UNIT ( ) );
#163 = ADVANCED_FACE ( 'NONE', ( #1529 ), #579, .F. ) ;
#164 = ADVANCED_FACE ( 'NONE', ( #1532, #1536, #1538 ), #589, .T. ) ;
#165 = ADVANCED_FACE ( 'NONE', ( #1537 ), #577, .F. ) ;
#166 = ADVANCED_FACE ( 'NONE', ( #1539 ), #594, .F. ) ;
#167 = ADVANCED_FACE ( 'NONE', ( #1533 ), #602, .F. ) ;
#168 = DIRECTION ( 'NONE',  ( -1.000000000000000000, 0.0000000000000000000, 0.0000000000000000000 ) ) ;
#169 = CARTESIAN_POINT ( 'NONE',  ( 0.4000000000000000200, 0.5999999999999999800, -0.1000000000000000100 ) ) ;
#170 = DIRECTION ( 'NONE',  ( 0.0000000000000000000, 0.0000000000000000000, 1.000000000000000000 ) ) ;
#171 = CARTESIAN_POINT ( 'NONE',  ( 0.0000000000000000000, 0.0000000000000000000, 0.0000000000000000000 ) ) ;
#172 = DATE_TIME_ROLE ( 'classification_date' ) ;
#173 = PLANE ( 'NONE',  #118 ) ;
#174 = DIRECTION ( 'NONE',  ( 1.000000000000000000, 0.0000000000000000000, 0.0000000000000000000 ) ) ;
#175 = APPLICATION_PROTOCOL_DEFINITION ( 'international standard', 'config_control_design', 1994, #187 ) ;
#176 = MECHANICAL_CONTEXT ( 'NONE', #187, 'mechanical' ) ;
#177 = PERSON_AND_ORGANIZATION_ROLE ( 'design_owner' ) ;
#178 = APPLICATION_CONTEXT ( 'configuration controlled 3d designs of mechanical parts and assemblies' ) ;
#179 = APPLICATION_PROTOCOL_DEFINITION ( 'international standard', 'config_control_design', 1994, #178 ) ;
#180 = APPROVAL_STATUS ( 'not_yet_approved' ) ;
#181 = APPROVAL_ROLE ( '' ) ;
#182 = PERSON_AND_ORGANIZATION_ROLE ( 'creator' ) ;
#183 = DIRECTION ( 'NONE',  ( 1.000000000000000000, 4.517509052022935300E-017, 0.0000000000000000000 ) ) ;
#184 = APPROVAL_STATUS ( 'not_yet_approved' ) ;
#185 = APPROVAL_ROLE ( '' ) ;
#186 = PERSON_AND_ORGANIZATION_ROLE ( 'creator' ) ;
#187 = APPLICATION_CONTEXT ( 'configuration controlled 3d designs of mechanical parts and assemblies' ) ;
#188 = CARTESIAN_POINT ( 'NONE',  ( -0.5999999999999990900, 1.950000000000003500, 7.399999999999999500 ) ) ;
#189 = PERSON_AND_ORGANIZATION_ROLE ( 'design_supplier' ) ;
#190 = SECURITY_CLASSIFICATION_LEVEL ( 'unclassified' ) ;
#191 = PERSON_AND_ORGANIZATION_ROLE ( 'classification_officer' ) ;
#192 = APPROVAL_STATUS ( 'not_yet_approved' ) ;
#193 = APPROVAL_ROLE ( '' ) ;
#194 = DATE_TIME_ROLE ( 'creation_date' ) ;
#195 = ORIENTED_EDGE ( 'NONE', *, *, #981, .T. ) ;
#196 = ORIENTED_EDGE ( 'NONE', *, *, #1012, .T. ) ;
#197 = ORIENTED_EDGE ( 'NONE', *, *, #1005, .T. ) ;
#198 = ORIENTED_EDGE ( 'NONE', *, *, #1009, .T. ) ;
#199 = ORIENTED_EDGE ( 'NONE', *, *, #997, .F. ) ;
#200 = ORIENTED_EDGE ( 'NONE', *, *, #998, .T. ) ;
#201 = ORIENTED_EDGE ( 'NONE', *, *, #932, .F. ) ;
#202 = ORIENTED_EDGE ( 'NONE', *, *, #985, .F. ) ;
#203 = ORIENTED_EDGE ( 'NONE', *, *, #1007, .F. ) ;
#204 = ORIENTED_EDGE ( 'NONE', *, *, #928, .F. ) ;
#205 = ORIENTED_EDGE ( 'NONE', *, *, #1014, .T. ) ;
#206 = ORIENTED_EDGE ( 'NONE', *, *, #1012, .F. ) ;
#207 = CARTESIAN_POINT ( 'NONE',  ( 0.4000000000000001900, 2.000000000000003600, 7.399999999999999500 ) ) ;
#208 = CARTESIAN_POINT ( 'NONE',  ( -0.4000000000000000800, -0.5999999999999973100, 6.099999999999999600 ) ) ;
#209 = CARTESIAN_POINT ( 'NONE',  ( -0.4000000000000000800, -0.5999999999999999800, -0.1000000000000000100 ) ) ;
#210 = CARTESIAN_POINT ( 'NONE',  ( 3.000000000000000000, -4.500000000000001800, 6.000000000000000000 ) ) ;
#211 = DIRECTION ( 'NONE',  ( -1.445602896647339400E-016, -2.891205793294678800E-016, -1.000000000000000000 ) ) ;
#212 = CARTESIAN_POINT ( 'NONE',  ( -2.500000000000000000, -4.500000000000003600, 1.807003620809175800E-015 ) ) ;
#213 = CARTESIAN_POINT ( 'NONE',  ( 0.4000000000000000200, 0.5999999999999999800, -0.1000000000000000100 ) ) ;
#214 = DIRECTION ( 'NONE',  ( -0.0000000000000000000, 1.000000000000000000, -0.0000000000000000000 ) ) ;
#215 = CARTESIAN_POINT ( 'NONE',  ( 3.000000000000000000, -14.00000000000000000, 5.000000000000000000 ) ) ;
#216 = CARTESIAN_POINT ( 'NONE',  ( 0.4000000000000000800, -0.5999999999999973100, 6.099999999999999600 ) ) ;
#217 = CARTESIAN_POINT ( 'NONE',  ( 0.4000000000000000800, -0.5999999999999999800, -0.1000000000000000100 ) ) ;
#218 = CARTESIAN_POINT ( 'NONE',  ( 0.6000000000000002000, 1.950000000000003500, 7.399999999999999500 ) ) ;
#219 = DIRECTION ( 'NONE',  ( 1.000000000000000000, 0.0000000000000000000, 0.0000000000000000000 ) ) ;
#220 = DIRECTION ( 'NONE',  ( -1.355252715606880000E-016, 0.0000000000000000000, -1.000000000000000000 ) ) ;
#221 = CARTESIAN_POINT ( 'NONE',  ( 0.4000000000000001900, 1.950000000000003500, 7.399999999999999500 ) ) ;
#222 = DIRECTION ( 'NONE',  ( 0.0000000000000000000, 0.0000000000000000000, -1.000000000000000000 ) ) ;
#223 = DIRECTION ( 'NONE',  ( 0.0000000000000000000, -1.000000000000000000, 0.0000000000000000000 ) ) ;
#224 = CARTESIAN_POINT ( 'NONE',  ( -4.336808689942017700E-016, -63.00000000000000000, 2.999999999999999100 ) ) ;
#225 = CARTESIAN_POINT ( 'NONE',  ( -3.000000000000000000, -4.500000000000001800, 6.000000000000000900 ) ) ;
#226 = CARTESIAN_POINT ( 'NONE',  ( -0.4000000000000000200, 0.6000000000000025300, 6.099999999999999600 ) ) ;
#227 = CARTESIAN_POINT ( 'NONE',  ( 0.6000000000000002000, 1.950000000000003500, 7.399999999999999500 ) ) ;
#228 = DIRECTION ( 'NONE',  ( 1.445602896647339400E-016, 2.891205793294678800E-016, 1.000000000000000000 ) ) ;
#229 = DIRECTION ( 'NONE',  ( 0.0000000000000000000, -1.000000000000000000, 0.0000000000000000000 ) ) ;
#230 = CARTESIAN_POINT ( 'NONE',  ( 2.500000000000000000, -4.500000000000003600, 1.194680221235499200E-015 ) ) ;
#231 = CARTESIAN_POINT ( 'NONE',  ( 0.4000000000000001900, 1.949999999999999300, -2.199999999999999700 ) ) ;
#232 = CARTESIAN_POINT ( 'NONE',  ( 0.6000000000000002000, 1.949999999999999300, -2.199999999999999700 ) ) ;
#233 = CARTESIAN_POINT ( 'NONE',  ( -0.5999999999999997600, 1.950000000000003500, 7.399999999999999500 ) ) ;
#234 = CARTESIAN_POINT ( 'NONE',  ( 3.000000000000000000, 2.000000000000001800, 0.0000000000000000000 ) ) ;
#235 = CARTESIAN_POINT ( 'NONE',  ( -0.3999999999999998600, 1.949999999999999300, -2.199999999999999700 ) ) ;
#236 = CARTESIAN_POINT ( 'NONE',  ( 4.336808689942017700E-016, 1.949999999999999300, -1.000000000000000000 ) ) ;
#237 = DIRECTION ( 'NONE',  ( -1.355252715606880000E-016, 0.0000000000000000000, -1.000000000000000000 ) ) ;
#238 = CARTESIAN_POINT ( 'NONE',  ( -0.3999999999999998600, 1.950000000000003500, 7.399999999999999500 ) ) ;
#239 = DIRECTION ( 'NONE',  ( -1.000000000000000000, -0.0000000000000000000, -0.0000000000000000000 ) ) ;
#240 = CARTESIAN_POINT ( 'NONE',  ( -0.3999999999999999100, 1.950000000000003500, 6.999999999999999100 ) ) ;
#241 = DIRECTION ( 'NONE',  ( -1.000000000000000000, 0.0000000000000000000, 0.0000000000000000000 ) ) ;
#242 = ORIENTED_EDGE ( 'NONE', *, *, #920, .F. ) ;
#243 = ORIENTED_EDGE ( 'NONE', *, *, #942, .F. ) ;
#244 = ORIENTED_EDGE ( 'NONE', *, *, #917, .F. ) ;
#245 = ORIENTED_EDGE ( 'NONE', *, *, #911, .F. ) ;
#246 = ORIENTED_EDGE ( 'NONE', *, *, #904, .F. ) ;
#247 = ORIENTED_EDGE ( 'NONE', *, *, #1006, .T. ) ;
#248 = ORIENTED_EDGE ( 'NONE', *, *, #933, .F. ) ;
#249 = ORIENTED_EDGE ( 'NONE', *, *, #933, .T. ) ;
#250 = ORIENTED_EDGE ( 'NONE', *, *, #893, .T. ) ;
#251 = DIRECTION ( 'NONE',  ( 0.4472135954999580900, 0.0000000000000000000, 0.8944271909999157400 ) ) ;
#252 = CARTESIAN_POINT ( 'NONE',  ( -0.5999999999999997600, 1.950000000000003500, 7.399999999999999500 ) ) ;
#253 = CARTESIAN_POINT ( 'NONE',  ( 3.000000000000000000, -14.00000000000000000, 9.699999999999999300 ) ) ;
#254 = DIRECTION ( 'NONE',  ( -0.0000000000000000000, 1.000000000000000000, -0.0000000000000000000 ) ) ;
#255 = CARTESIAN_POINT ( 'NONE',  ( -0.3999999999999998600, 1.950000000000003500, 7.399999999999999500 ) ) ;
#256 = DIRECTION ( 'NONE',  ( 1.355252715606880000E-016, 0.0000000000000000000, 1.000000000000000000 ) ) ;
#257 = CARTESIAN_POINT ( 'NONE',  ( -0.3999999999999999100, 1.950000000000003500, 6.999999999999999100 ) ) ;
#258 = DIRECTION ( 'NONE',  ( -0.0000000000000000000, 1.000000000000000000, -0.0000000000000000000 ) ) ;
#259 = DIRECTION ( 'NONE',  ( -0.0000000000000000000, 1.000000000000000000, -0.0000000000000000000 ) ) ;
#260 = CARTESIAN_POINT ( 'NONE',  ( -0.3999999999999999100, 1.950000000000003500, 6.999999999999999100 ) ) ;
#261 = DIRECTION ( 'NONE',  ( -1.000000000000000000, 0.0000000000000000000, 0.0000000000000000000 ) ) ;
#262 = CARTESIAN_POINT ( 'NONE',  ( 0.6000000000000002000, 1.999999999999999100, -2.199999999999999700 ) ) ;
#263 = DIRECTION ( 'NONE',  ( -1.000000000000000000, -0.0000000000000000000, -0.0000000000000000000 ) ) ;
#264 = CARTESIAN_POINT ( 'NONE',  ( 7.525483399593910300, -11.50000000000000000, -2.600000000000002300 ) ) ;
#265 = DIRECTION ( 'NONE',  ( -1.000000000000000000, 0.0000000000000000000, 0.0000000000000000000 ) ) ;
#266 = LINE ( 'NONE', #1667, #267 ) ;
#267 = VECTOR ( 'NONE', #1666, 1000.000000000000000 ) ;
#268 = LINE ( 'NONE', #1690, #269 ) ;
#269 = VECTOR ( 'NONE', #1689, 1000.000000000000000 ) ;
#270 = LINE ( 'NONE', #1688, #271 ) ;
#271 = VECTOR ( 'NONE', #1687, 1000.000000000000000 ) ;
#272 = VECTOR ( 'NONE', #1683, 1000.000000000000000 ) ;
#273 = LINE ( 'NONE', #1671, #284 ) ;
#274 = LINE ( 'NONE', #1682, #275 ) ;
#275 = VECTOR ( 'NONE', #1681, 1000.000000000000000 ) ;
#276 = LINE ( 'NONE', #1679, #277 ) ;
#277 = VECTOR ( 'NONE', #1678, 1000.000000000000000 ) ;
#278 = VECTOR ( 'NONE', #1676, 1000.000000000000100 ) ;
#279 = VECTOR ( 'NONE', #1641, 1000.000000000000000 ) ;
#280 = LINE ( 'NONE', #1674, #281 ) ;
#281 = VECTOR ( 'NONE', #1673, 1000.000000000000100 ) ;
#282 = VECTOR ( 'NONE', #1669, 1000.000000000000000 ) ;
#283 = LINE ( 'NONE', #1642, #279 ) ;
#284 = VECTOR ( 'NONE', #1646, 1000.000000000000000 ) ;
#285 = LINE ( 'NONE', #1640, #299 ) ;
#286 = LINE ( 'NONE', #1629, #301 ) ;
#287 = CIRCLE ( 'NONE', #892, 1.600000000000001200 ) ;
#288 = CIRCLE ( 'NONE', #992, 1.600000000000001600 ) ;
#289 = LINE ( 'NONE', #1670, #291 ) ;
#290 = CIRCLE ( 'NONE', #1028, 1.600000000000001200 ) ;
#291 = VECTOR ( 'NONE', #1639, 1000.000000000000000 ) ;
#292 = LINE ( 'NONE', #1612, #1142 ) ;
#293 = LINE ( 'NONE', #1638, #294 ) ;
#294 = VECTOR ( 'NONE', #1637, 1000.000000000000000 ) ;
#295 = LINE ( 'NONE', #1634, #296 ) ;
#296 = VECTOR ( 'NONE', #1633, 1000.000000000000000 ) ;
#297 = LINE ( 'NONE', #1632, #298 ) ;
#298 = VECTOR ( 'NONE', #1630, 1000.000000000000000 ) ;
#299 = VECTOR ( 'NONE', #1616, 1000.000000000000000 ) ;
#300 = LINE ( 'NONE', #1615, #1146 ) ;
#301 = VECTOR ( 'NONE', #1607, 1000.000000000000000 ) ;
#302 = LINE ( 'NONE', #1610, #1148 ) ;
#303 = LINE ( 'NONE', #1618, #304 ) ;
#304 = VECTOR ( 'NONE', #1617, 1000.000000000000000 ) ;
#305 = ORIENTED_EDGE ( 'NONE', *, *, #854, .F. ) ;
#306 = ORIENTED_EDGE ( 'NONE', *, *, #839, .F. ) ;
#307 = ORIENTED_EDGE ( 'NONE', *, *, #1009, .F. ) ;
#308 = ORIENTED_EDGE ( 'NONE', *, *, #956, .T. ) ;
#309 = ORIENTED_EDGE ( 'NONE', *, *, #929, .T. ) ;
#310 = ORIENTED_EDGE ( 'NONE', *, *, #1002, .T. ) ;
#311 = ORIENTED_EDGE ( 'NONE', *, *, #901, .F. ) ;
#312 = DIRECTION ( 'NONE',  ( -0.0000000000000000000, -0.0000000000000000000, 1.000000000000000000 ) ) ;
#313 = DIRECTION ( 'NONE',  ( -0.0000000000000000000, 1.000000000000000000, -2.891205793294678800E-016 ) ) ;
#314 = CARTESIAN_POINT ( 'NONE',  ( 2.500000000000000000, -4.500000000000003600, 1.194680221235499200E-015 ) ) ;
#315 = DIRECTION ( 'NONE',  ( -0.0000000000000000000, 0.0000000000000000000, -1.000000000000000000 ) ) ;
#316 = DIRECTION ( 'NONE',  ( 0.8944271909999159700, 0.0000000000000000000, 0.4472135954999578200 ) ) ;
#317 = DIRECTION ( 'NONE',  ( 0.4472135954999578200, 0.0000000000000000000, -0.8944271909999159700 ) ) ;
#318 = DIRECTION ( 'NONE',  ( -0.0000000000000000000, 1.000000000000000000, -2.891205793294678800E-016 ) ) ;
#319 = CARTESIAN_POINT ( 'NONE',  ( -2.499999999999999100, -4.500000000000001800, 6.000000000000000900 ) ) ;
#320 = DIRECTION ( 'NONE',  ( 1.000000000000000000, 0.0000000000000000000, -1.355252715606880000E-016 ) ) ;
#321 = CARTESIAN_POINT ( 'NONE',  ( 0.4000000000000001300, 1.949999999999999300, -2.600000000000000100 ) ) ;
#322 = DIRECTION ( 'NONE',  ( -1.000000000000000000, 0.0000000000000000000, 0.0000000000000000000 ) ) ;
#323 = CARTESIAN_POINT ( 'NONE',  ( -0.3999999999999999100, 1.950000000000003500, 6.999999999999999100 ) ) ;
#324 = CARTESIAN_POINT ( 'NONE',  ( -0.3999999999999999100, 1.949999999999999300, -2.600000000000000100 ) ) ;
#325 = DIRECTION ( 'NONE',  ( -1.355252715606880000E-016, 0.0000000000000000000, -1.000000000000000000 ) ) ;
#326 = DIRECTION ( 'NONE',  ( 1.355252715606880000E-016, 0.0000000000000000000, 1.000000000000000000 ) ) ;
#327 = CARTESIAN_POINT ( 'NONE',  ( 3.000000000000000000, -14.00000000000000000, 0.9999999999999991100 ) ) ;
#328 = CARTESIAN_POINT ( 'NONE',  ( -0.4000000000000000200, 0.5999999999999999800, -0.1000000000000000100 ) ) ;
#329 = DIRECTION ( 'NONE',  ( 0.0000000000000000000, -1.000000000000000000, 0.0000000000000000000 ) ) ;
#330 = DIRECTION ( 'NONE',  ( -1.000000000000000000, 0.0000000000000000000, 0.0000000000000000000 ) ) ;
#331 = PLANE ( 'NONE',  #124 ) ;
#332 = PLANE ( 'NONE',  #93 ) ;
#333 = CARTESIAN_POINT ( 'NONE',  ( 0.4000000000000001300, 1.949999999999999300, -2.600000000000000100 ) ) ;
#334 = PLANE ( 'NONE',  #121 ) ;
#335 = PLANE ( 'NONE',  #123 ) ;
#336 = CARTESIAN_POINT ( 'NONE',  ( 7.525483399593910300, -11.50000000000000000, 5.399999999999997700 ) ) ;
#337 = DIRECTION ( 'NONE',  ( -1.000000000000000000, -0.0000000000000000000, -0.0000000000000000000 ) ) ;
#338 = DIRECTION ( 'NONE',  ( -4.517509052022935300E-017, -1.000000000000000000, 0.0000000000000000000 ) ) ;
#339 = DIRECTION ( 'NONE',  ( 0.0000000000000000000, 0.0000000000000000000, 1.000000000000000000 ) ) ;
#340 = DIRECTION ( 'NONE',  ( -0.0000000000000000000, 1.000000000000000000, -0.0000000000000000000 ) ) ;
#341 = CARTESIAN_POINT ( 'NONE',  ( -0.4000000000000000800, -0.5999999999999973100, 6.099999999999999600 ) ) ;
#342 = CARTESIAN_POINT ( 'NONE',  ( -2.500000000000000000, -4.500000000000003600, 1.807003620809175800E-015 ) ) ;
#343 = DIRECTION ( 'NONE',  ( -1.000000000000000000, 0.0000000000000000000, 1.355252715606880000E-016 ) ) ;
#344 = CARTESIAN_POINT ( 'NONE',  ( 0.4000000000000000200, 0.6000000000000025300, 5.999999999999999100 ) ) ;
#345 = DIRECTION ( 'NONE',  ( 0.0000000000000000000, -0.0000000000000000000, -1.000000000000000000 ) ) ;
#346 = PLANE ( 'NONE',  #88 ) ;
#347 = DIRECTION ( 'NONE',  ( 1.000000000000000000, -4.179535469590356600E-032, -1.445602896647339400E-016 ) ) ;
#348 = CARTESIAN_POINT ( 'NONE',  ( 0.6000000000000002000, 1.950000000000003500, 7.399999999999999500 ) ) ;
#349 = DIRECTION ( 'NONE',  ( -1.000000000000000000, 4.517509052022935300E-017, 0.0000000000000000000 ) ) ;
#350 = CARTESIAN_POINT ( 'NONE',  ( 2.500000000000000000, -4.500000000000003600, 1.194680221235499200E-015 ) ) ;
#351 = PLANE ( 'NONE',  #91 ) ;
#352 = DIRECTION ( 'NONE',  ( 1.355252715606880000E-016, 0.0000000000000000000, 1.000000000000000000 ) ) ;
#353 = DIRECTION ( 'NONE',  ( -7.158904881716706900E-031, 1.000000000000000000, -2.891205793294678800E-016 ) ) ;
#354 = DIRECTION ( 'NONE',  ( 0.0000000000000000000, 8.673617379884042400E-016, -1.000000000000000000 ) ) ;
#355 = DIRECTION ( 'NONE',  ( 0.0000000000000000000, 1.000000000000000000, 8.673617379884042400E-016 ) ) ;
#356 = CARTESIAN_POINT ( 'NONE',  ( 0.4000000000000001300, 1.950000000000003500, 6.999999999999999100 ) ) ;
#357 = DIRECTION ( 'NONE',  ( -1.445602896647339400E-016, 0.0000000000000000000, -1.000000000000000000 ) ) ;
#358 = CARTESIAN_POINT ( 'NONE',  ( -0.4000000000000000800, -0.5999999999999973100, 5.999999999999999100 ) ) ;
#359 = PLANE ( 'NONE',  #122 ) ;
#360 = DIRECTION ( 'NONE',  ( 0.0000000000000000000, 2.891205793294678800E-016, 1.000000000000000000 ) ) ;
#361 = CARTESIAN_POINT ( 'NONE',  ( -0.4000000000000000800, -0.5999999999999999800, -0.1000000000000000100 ) ) ;
#362 = PLANE ( 'NONE',  #89 ) ;
#363 = CARTESIAN_POINT ( 'NONE',  ( -4.336808689942017700E-016, -63.00000000000000000, 2.999999999999999100 ) ) ;
#364 = CARTESIAN_POINT ( 'NONE',  ( -3.000000000000000000, -4.500000000000001800, 6.000000000000000900 ) ) ;
#365 = DIRECTION ( 'NONE',  ( 1.000000000000000000, 4.517509052022935300E-017, 0.0000000000000000000 ) ) ;
#366 = CARTESIAN_POINT ( 'NONE',  ( 7.525483399593910300, -11.50000000000000000, -1.000000000000001300 ) ) ;
#367 = DIRECTION ( 'NONE',  ( 0.0000000000000000000, -0.0000000000000000000, -1.000000000000000000 ) ) ;
#368 = CARTESIAN_POINT ( 'NONE',  ( -2.500000000000000000, -3.800000000000002900, 1.503427012513234300E-015 ) ) ;
#369 = DIRECTION ( 'NONE',  ( -1.000000000000000000, -0.0000000000000000000, -0.0000000000000000000 ) ) ;
#370 = CARTESIAN_POINT ( 'NONE',  ( 3.000000000000000000, -14.00000000000000000, 5.000000000000000000 ) ) ;
#371 = DIRECTION ( 'NONE',  ( -0.7071067811865475700, 0.7071067811865475700, -2.044391222244499300E-016 ) ) ;
#372 = DIRECTION ( 'NONE',  ( -0.0000000000000000000, 1.000000000000000000, -0.0000000000000000000 ) ) ;
#373 = CARTESIAN_POINT ( 'NONE',  ( 2.500000000000000000, -3.800000000000002900, 8.911036129395579900E-016 ) ) ;
#374 = DIRECTION ( 'NONE',  ( -0.7071067811865481300, 0.7071067811865470200, 0.0000000000000000000 ) ) ;
#375 = DIRECTION ( 'NONE',  ( -0.0000000000000000000, 0.0000000000000000000, 1.000000000000000000 ) ) ;
#376 = DIRECTION ( 'NONE',  ( 1.000000000000000000, 0.0000000000000000000, 0.0000000000000000000 ) ) ;
#377 = DIRECTION ( 'NONE',  ( -0.0000000000000000000, 1.000000000000000000, 0.0000000000000000000 ) ) ;
#378 = PLANE ( 'NONE',  #86 ) ;
#379 = DIRECTION ( 'NONE',  ( 0.0000000000000000000, -0.0000000000000000000, 1.000000000000000000 ) ) ;
#380 = DIRECTION ( 'NONE',  ( 0.0000000000000000000, 2.891205793294678300E-016, 1.000000000000000000 ) ) ;
#381 = DIRECTION ( 'NONE',  ( 0.4472135954999580900, 0.0000000000000000000, 0.8944271909999157400 ) ) ;
#382 = DIRECTION ( 'NONE',  ( -4.517509052022935300E-017, 1.000000000000000000, 0.0000000000000000000 ) ) ;
#383 = DIRECTION ( 'NONE',  ( 0.0000000000000000000, -0.0000000000000000000, -1.000000000000000000 ) ) ;
#384 = CARTESIAN_POINT ( 'NONE',  ( 2.500000000000000000, -4.500000000000003600, 1.194680221235499200E-015 ) ) ;
#385 = DIRECTION ( 'NONE',  ( 0.0000000000000000000, -1.000000000000000000, 0.0000000000000000000 ) ) ;
#386 = DIRECTION ( 'NONE',  ( 0.0000000000000000000, -1.000000000000000000, 0.0000000000000000000 ) ) ;
#387 = DIRECTION ( 'NONE',  ( 0.0000000000000000000, 1.000000000000000000, -2.891205793294678300E-016 ) ) ;
#388 = PLANE ( 'NONE',  #87 ) ;
#389 = PLANE ( 'NONE',  #85 ) ;
#390 = DIRECTION ( 'NONE',  ( 0.0000000000000000000, 0.0000000000000000000, 1.000000000000000000 ) ) ;
#391 = PLANE ( 'NONE',  #90 ) ;
#392 = DIRECTION ( 'NONE',  ( -0.7071067811865474600, -0.7071067811865474600, 0.0000000000000000000 ) ) ;
#393 = CARTESIAN_POINT ( 'NONE',  ( -0.4000000000000000200, 0.6000000000000025300, 5.999999999999999100 ) ) ;
#394 = DIRECTION ( 'NONE',  ( 0.0000000000000000000, 0.0000000000000000000, 1.000000000000000000 ) ) ;
#395 = PLANE ( 'NONE',  #125 ) ;
#396 = PLANE ( 'NONE',  #79 ) ;
#397 = DIRECTION ( 'NONE',  ( 0.7071067811865470200, 0.7071067811865481300, -4.088782444489000200E-016 ) ) ;
#398 = CARTESIAN_POINT ( 'NONE',  ( -4.336808689942017700E-016, -63.00000000000000000, 2.999999999999999100 ) ) ;
#399 = CARTESIAN_POINT ( 'NONE',  ( 7.525483399593910300, -11.50000000000000000, 6.999999999999999100 ) ) ;
#400 = PLANE ( 'NONE',  #129 ) ;
#401 = DIRECTION ( 'NONE',  ( 0.0000000000000000000, -0.0000000000000000000, 1.000000000000000000 ) ) ;
#402 = DIRECTION ( 'NONE',  ( -0.0000000000000000000, 1.000000000000000000, 0.0000000000000000000 ) ) ;
#403 = CARTESIAN_POINT ( 'NONE',  ( -0.4000000000000000200, 0.5999999999999999800, -0.1000000000000000100 ) ) ;
#404 = DIRECTION ( 'NONE',  ( 0.0000000000000000000, 0.0000000000000000000, 1.000000000000000000 ) ) ;
#405 = PLANE ( 'NONE',  #83 ) ;
#406 = DIRECTION ( 'NONE',  ( 0.0000000000000000000, 0.0000000000000000000, 1.000000000000000000 ) ) ;
#407 = PLANE ( 'NONE',  #84 ) ;
#408 = PLANE ( 'NONE',  #126 ) ;
#409 = DIRECTION ( 'NONE',  ( -1.000000000000000000, 4.179535469590356600E-032, 1.445602896647339400E-016 ) ) ;
#410 = DIRECTION ( 'NONE',  ( 1.445602896647339400E-016, 0.0000000000000000000, 1.000000000000000000 ) ) ;
#411 = DIRECTION ( 'NONE',  ( -1.000000000000000000, -0.0000000000000000000, -0.0000000000000000000 ) ) ;
#412 = DIRECTION ( 'NONE',  ( 1.000000000000000000, 0.0000000000000000000, -0.0000000000000000000 ) ) ;
#413 = CARTESIAN_POINT ( 'NONE',  ( 4.336808689942017700E-016, 1.950000000000003500, 8.599999999999999600 ) ) ;
#414 = CARTESIAN_POINT ( 'NONE',  ( 0.4000000000000001900, 1.950000000000003500, 7.399999999999999500 ) ) ;
#415 = PLANE ( 'NONE',  #127 ) ;
#416 = DIRECTION ( 'NONE',  ( -1.000000000000000000, 0.0000000000000000000, 0.0000000000000000000 ) ) ;
#417 = PLANE ( 'NONE',  #128 ) ;
#418 = ORIENTED_EDGE ( 'NONE', *, *, #870, .F. ) ;
#419 = ORIENTED_EDGE ( 'NONE', *, *, #1011, .F. ) ;
#420 = ORIENTED_EDGE ( 'NONE', *, *, #999, .F. ) ;
#421 = ORIENTED_EDGE ( 'NONE', *, *, #1039, .F. ) ;
#422 = ORIENTED_EDGE ( 'NONE', *, *, #920, .T. ) ;
#423 = ORIENTED_EDGE ( 'NONE', *, *, #982, .F. ) ;
#424 = ORIENTED_EDGE ( 'NONE', *, *, #927, .F. ) ;
#425 = ORIENTED_EDGE ( 'NONE', *, *, #1001, .F. ) ;
#426 = ORIENTED_EDGE ( 'NONE', *, *, #924, .F. ) ;
#427 = ORIENTED_EDGE ( 'NONE', *, *, #941, .F. ) ;
#428 = ORIENTED_EDGE ( 'NONE', *, *, #970, .T. ) ;
#429 = ORIENTED_EDGE ( 'NONE', *, *, #961, .T. ) ;
#430 = DIRECTION ( 'NONE',  ( -0.7071067811865481300, 0.7071067811865470200, 0.0000000000000000000 ) ) ;
#431 = CARTESIAN_POINT ( 'NONE',  ( 2.500000000000001800, -3.800000000000001200, 5.999999999999998200 ) ) ;
#432 = DIRECTION ( 'NONE',  ( -0.0000000000000000000, -0.0000000000000000000, 1.000000000000000000 ) ) ;
#433 = CARTESIAN_POINT ( 'NONE',  ( -3.000000000000000000, -3.500000000000000400, 5.999999999999998200 ) ) ;
#434 = CARTESIAN_POINT ( 'NONE',  ( 0.4000000000000000800, -0.5999999999999973100, 5.999999999999999100 ) ) ;
#435 = DIRECTION ( 'NONE',  ( 0.0000000000000000000, 1.000000000000000000, 0.0000000000000000000 ) ) ;
#436 = CARTESIAN_POINT ( 'NONE',  ( 3.000000000000000000, -14.00000000000000000, -3.700000000000000200 ) ) ;
#437 = DIRECTION ( 'NONE',  ( 1.000000000000000000, 0.0000000000000000000, 0.0000000000000000000 ) ) ;
#438 = DIRECTION ( 'NONE',  ( 0.0000000000000000000, 0.0000000000000000000, 1.000000000000000000 ) ) ;
#439 = DIRECTION ( 'NONE',  ( -0.0000000000000000000, -1.000000000000000000, -0.0000000000000000000 ) ) ;
#440 = CARTESIAN_POINT ( 'NONE',  ( -3.000000000000000000, -3.500000000000000400, 5.999999999999998200 ) ) ;
#441 = CARTESIAN_POINT ( 'NONE',  ( 0.4000000000000000200, 0.5999999999999999800, -0.1000000000000000100 ) ) ;
#442 = DIRECTION ( 'NONE',  ( 1.000000000000000000, 0.0000000000000000000, 0.0000000000000000000 ) ) ;
#443 = CARTESIAN_POINT ( 'NONE',  ( -4.336808689942017700E-016, -12.99999999999999800, 2.999999999999999100 ) ) ;
#444 = DIRECTION ( 'NONE',  ( 0.0000000000000000000, 1.000000000000000000, 0.0000000000000000000 ) ) ;
#445 = CARTESIAN_POINT ( 'NONE',  ( 3.000000000000000000, -11.50000000000000000, 6.999999999999999100 ) ) ;
#446 = CARTESIAN_POINT ( 'NONE',  ( -0.4000000000000000800, -0.5999999999999973100, 6.099999999999999600 ) ) ;
#447 = DIRECTION ( 'NONE',  ( -0.0000000000000000000, -1.000000000000000000, -8.673617379884042400E-016 ) ) ;
#448 = COORDINATED_UNIVERSAL_TIME_OFFSET ( 9, 0, .AHEAD. ) ;
#449 = LOCAL_TIME ( 13, 39, 26.00000000000000000, #448 ) ;
#450 = CALENDAR_DATE ( 2015, 23, 7 ) ;
#451 = DATE_AND_TIME ( #450, #449 ) ;
#452 = APPROVAL_DATE_TIME ( #451, #111 ) ;
#453 = PERSON_AND_ORGANIZATION ( #510, #1094 ) ;
#454 = PERSON_AND_ORGANIZATION ( #510, #1094 ) ;
#455 = PERSON_AND_ORGANIZATION ( #510, #1094 ) ;
#456 = COORDINATED_UNIVERSAL_TIME_OFFSET ( 9, 0, .AHEAD. ) ;
#457 = LOCAL_TIME ( 13, 39, 26.00000000000000000, #456 ) ;
#458 = CALENDAR_DATE ( 2015, 23, 7 ) ;
#459 = DATE_AND_TIME ( #458, #457 ) ;
#460 = PERSON_AND_ORGANIZATION ( #510, #1094 ) ;
#461 = APPROVAL_PERSON_ORGANIZATION ( #460, #103, #193 ) ;
#462 = COORDINATED_UNIVERSAL_TIME_OFFSET ( 9, 0, .AHEAD. ) ;
#463 = LOCAL_TIME ( 13, 39, 26.00000000000000000, #462 ) ;
#464 = CALENDAR_DATE ( 2015, 23, 7 ) ;
#465 = DATE_AND_TIME ( #464, #463 ) ;
#466 = APPROVAL_DATE_TIME ( #465, #103 ) ;
#467 = LINE ( 'NONE', #761, #468 ) ;
#468 = VECTOR ( 'NONE', #760, 1000.000000000000000 ) ;
#469 = VECTOR ( 'NONE', #733, 1000.000000000000000 ) ;
#470 = VECTOR ( 'NONE', #755, 1000.000000000000000 ) ;
#471 = LINE ( 'NONE', #763, #472 ) ;
#472 = VECTOR ( 'NONE', #739, 1000.000000000000000 ) ;
#473 = VECTOR ( 'NONE', #768, 1000.000000000000100 ) ;
#474 = LINE ( 'NONE', #741, #470 ) ;
#475 = LINE ( 'NONE', #782, #476 ) ;
#476 = VECTOR ( 'NONE', #778, 1000.000000000000100 ) ;
#477 = LINE ( 'NONE', #775, #478 ) ;
#478 = VECTOR ( 'NONE', #777, 1000.000000000000000 ) ;
#479 = LINE ( 'NONE', #770, #480 ) ;
#480 = VECTOR ( 'NONE', #776, 1000.000000000000000 ) ;
#481 = VECTOR ( 'NONE', #769, 1000.000000000000000 ) ;
#482 = LINE ( 'NONE', #742, #498 ) ;
#483 = LINE ( 'NONE', #766, #484 ) ;
#484 = VECTOR ( 'NONE', #753, 1000.000000000000000 ) ;
#485 = LINE ( 'NONE', #734, #486 ) ;
#486 = VECTOR ( 'NONE', #728, 1000.000000000000000 ) ;
#487 = LINE ( 'NONE', #738, #500 ) ;
#488 = LINE ( 'NONE', #779, #496 ) ;
#489 = CIRCLE ( 'NONE', #96, 1.600000000000001000 ) ;
#490 = LINE ( 'NONE', #765, #491 ) ;
#491 = VECTOR ( 'NONE', #764, 1000.000000000000000 ) ;
#492 = LINE ( 'NONE', #759, #493 ) ;
#493 = VECTOR ( 'NONE', #754, 1000.000000000000000 ) ;
#494 = LINE ( 'NONE', #744, #495 ) ;
#495 = VECTOR ( 'NONE', #743, 1000.000000000000000 ) ;
#496 = VECTOR ( 'NONE', #749, 1000.000000000000000 ) ;
#497 = VECTOR ( 'NONE', #337, 1000.000000000000000 ) ;
#498 = VECTOR ( 'NONE', #732, 1000.000000000000000 ) ;
#499 = LINE ( 'NONE', #336, #497 ) ;
#500 = VECTOR ( 'NONE', #773, 1000.000000000000000 ) ;
#501 = FACE_OUTER_BOUND ( 'NONE', #1325, .T. ) ;
#502 = LINE ( 'NONE', #762, #503 ) ;
#503 = VECTOR ( 'NONE', #750, 1000.000000000000000 ) ;
#504 = LINE ( 'NONE', #748, #505 ) ;
#505 = VECTOR ( 'NONE', #740, 1000.000000000000000 ) ;
#506 = LINE ( 'NONE', #737, #507 ) ;
#507 = VECTOR ( 'NONE', #735, 1000.000000000000000 ) ;
#508 = ORIENTED_EDGE ( 'NONE', *, *, #1017, .F. ) ;
#509 = ORIENTED_EDGE ( 'NONE', *, *, #1040, .T. ) ;
#510 = PERSON ( 'UNSPECIFIED', 'UNSPECIFIED', 'UNSPECIFIED', ('UNSPECIFIED'), ('UNSPECIFIED'), ('UNSPECIFIED') ) ;
#511 = PRODUCT ( 'pm-u25', 'pm-u25', '', ( #176 ) ) ;
#512 = CARTESIAN_POINT ( 'NONE',  ( 3.000000000000000000, -13.00000000000000200, 1.000000000000000000 ) ) ;
#513 = DIRECTION ( 'NONE',  ( -0.0000000000000000000, -0.0000000000000000000, -1.000000000000000000 ) ) ;
#514 = DIRECTION ( 'NONE',  ( 0.0000000000000000000, 0.0000000000000000000, -1.000000000000000000 ) ) ;
#515 = CARTESIAN_POINT ( 'NONE',  ( 0.4000000000000000200, 0.5999999999999999800, 0.0000000000000000000 ) ) ;
#516 = LINE ( 'NONE', #262, #517 ) ;
#517 = VECTOR ( 'NONE', #261, 1000.000000000000000 ) ;
#518 = LINE ( 'NONE', #260, #519 ) ;
#519 = VECTOR ( 'NONE', #259, 1000.000000000000000 ) ;
#520 = LINE ( 'NONE', #257, #521 ) ;
#521 = VECTOR ( 'NONE', #256, 1000.000000000000000 ) ;
#522 = LINE ( 'NONE', #255, #523 ) ;
#523 = VECTOR ( 'NONE', #254, 1000.000000000000000 ) ;
#524 = LINE ( 'NONE', #252, #525 ) ;
#525 = VECTOR ( 'NONE', #251, 1000.000000000000100 ) ;
#526 = LINE ( 'NONE', #78, #527 ) ;
#527 = VECTOR ( 'NONE', #77, 1000.000000000000000 ) ;
#528 = LINE ( 'NONE', #76, #529 ) ;
#529 = VECTOR ( 'NONE', #75, 1000.000000000000000 ) ;
#530 = LINE ( 'NONE', #72, #531 ) ;
#531 = VECTOR ( 'NONE', #73, 1000.000000000000000 ) ;
#532 = VECTOR ( 'NONE', #514, 1000.000000000000000 ) ;
#533 = VECTOR ( 'NONE', #1620, 1000.000000000000100 ) ;
#534 = LINE ( 'NONE', #512, #535 ) ;
#535 = VECTOR ( 'NONE', #513, 1000.000000000000000 ) ;
#536 = LINE ( 'NONE', #314, #537 ) ;
#537 = VECTOR ( 'NONE', #313, 1000.000000000000000 ) ;
#538 = VECTOR ( 'NONE', #1623, 1000.000000000000000 ) ;
#539 = LINE ( 'NONE', #1621, #533 ) ;
#540 = LINE ( 'NONE', #746, #469 ) ;
#541 = VECTOR ( 'NONE', #752, 1000.000000000000000 ) ;
#542 = LINE ( 'NONE', #784, #481 ) ;
#543 = CIRCLE ( 'NONE', #98, 1.250000000000000000 ) ;
#544 = LINE ( 'NONE', #1619, #545 ) ;
#545 = VECTOR ( 'NONE', #756, 1000.000000000000000 ) ;
#546 = LINE ( 'NONE', #751, #547 ) ;
#547 = VECTOR ( 'NONE', #747, 1000.000000000000000 ) ;
#548 = LINE ( 'NONE', #767, #549 ) ;
#549 = VECTOR ( 'NONE', #772, 1000.000000000000000 ) ;
#550 = LINE ( 'NONE', #771, #551 ) ;
#551 = VECTOR ( 'NONE', #731, 1000.000000000000000 ) ;
#552 = LINE ( 'NONE', #781, #553 ) ;
#553 = VECTOR ( 'NONE', #785, 1000.000000000000000 ) ;
#554 = LINE ( 'NONE', #783, #473 ) ;
#555 = LINE ( 'NONE', #1625, #541 ) ;
#556 = ORIENTED_EDGE ( 'NONE', *, *, #885, .F. ) ;
#557 = VECTOR ( 'NONE', #1672, 1000.000000000000000 ) ;
#558 = ORIENTED_EDGE ( 'NONE', *, *, #934, .F. ) ;
#559 = ORIENTED_EDGE ( 'NONE', *, *, #961, .F. ) ;
#560 = CARTESIAN_POINT ( 'NONE',  ( -3.000000000000000000, -14.00000000000000000, 9.699999999999999300 ) ) ;
#561 = CARTESIAN_POINT ( 'NONE',  ( -0.5999999999999997600, 1.949999999999999300, -2.199999999999999700 ) ) ;
#562 = PLANE ( 'NONE',  #1027 ) ;
#563 = DIRECTION ( 'NONE',  ( 1.000000000000000000, 0.0000000000000000000, 0.0000000000000000000 ) ) ;
#564 = DIRECTION ( 'NONE',  ( -0.0000000000000000000, 0.0000000000000000000, -1.000000000000000000 ) ) ;
#565 = DIRECTION ( 'NONE',  ( -1.000000000000000000, 0.0000000000000000000, 0.0000000000000000000 ) ) ;
#566 = CARTESIAN_POINT ( 'NONE',  ( -0.5999999999999997600, 1.950000000000003500, 7.399999999999999500 ) ) ;
#567 = PLANE ( 'NONE',  #990 ) ;
#568 = DIRECTION ( 'NONE',  ( 0.0000000000000000000, 0.0000000000000000000, -1.000000000000000000 ) ) ;
#569 = DIRECTION ( 'NONE',  ( -0.0000000000000000000, 0.0000000000000000000, -1.000000000000000000 ) ) ;
#570 = DIRECTION ( 'NONE',  ( -1.000000000000000000, 0.0000000000000000000, 0.0000000000000000000 ) ) ;
#571 = CARTESIAN_POINT ( 'NONE',  ( 4.336808689942017700E-016, 1.949999999999999300, -1.000000000000000000 ) ) ;
#572 = DIRECTION ( 'NONE',  ( -1.000000000000000000, 0.0000000000000000000, -0.0000000000000000000 ) ) ;
#573 = PLANE ( 'NONE',  #1034 ) ;
#574 = CARTESIAN_POINT ( 'NONE',  ( -4.336808689942017700E-016, -63.00000000000000000, 2.999999999999999100 ) ) ;
#575 = DIRECTION ( 'NONE',  ( -0.8944271909999158600, 0.0000000000000000000, 0.4472135954999581500 ) ) ;
#576 = DIRECTION ( 'NONE',  ( 0.4472135954999580900, 0.0000000000000000000, 0.8944271909999157400 ) ) ;
#577 = PLANE ( 'NONE',  #936 ) ;
#578 = DIRECTION ( 'NONE',  ( -0.0000000000000000000, 1.000000000000000000, -0.0000000000000000000 ) ) ;
#579 = PLANE ( 'NONE',  #948 ) ;
#580 = DIRECTION ( 'NONE',  ( -0.8944271909999158600, 0.0000000000000000000, 0.4472135954999581500 ) ) ;
#581 = DIRECTION ( 'NONE',  ( 0.4472135954999580900, 0.0000000000000000000, 0.8944271909999157400 ) ) ;
#582 = CARTESIAN_POINT ( 'NONE',  ( 3.000000000000000000, 2.000000000000001800, 0.0000000000000000000 ) ) ;
#583 = DIRECTION ( 'NONE',  ( 0.0000000000000000000, -1.000000000000000000, 0.0000000000000000000 ) ) ;
#584 = CARTESIAN_POINT ( 'NONE',  ( 0.4000000000000001300, 1.949999999999999300, -2.600000000000000100 ) ) ;
#585 = DIRECTION ( 'NONE',  ( 0.8944271909999159700, 0.0000000000000000000, 0.4472135954999578200 ) ) ;
#586 = DIRECTION ( 'NONE',  ( 0.4472135954999578200, 0.0000000000000000000, -0.8944271909999159700 ) ) ;
#587 = DIRECTION ( 'NONE',  ( 0.0000000000000000000, -0.0000000000000000000, -1.000000000000000000 ) ) ;
#588 = CARTESIAN_POINT ( 'NONE',  ( -0.5999999999999990900, 1.949999999999999300, -2.199999999999999700 ) ) ;
#589 = PLANE ( 'NONE',  #940 ) ;
#590 = CARTESIAN_POINT ( 'NONE',  ( -3.000000000000000000, 1.999999999999999100, 9.700000000000001100 ) ) ;
#591 = PLANE ( 'NONE',  #991 ) ;
#592 = DIRECTION ( 'NONE',  ( 1.000000000000000000, 0.0000000000000000000, -0.0000000000000000000 ) ) ;
#593 = CARTESIAN_POINT ( 'NONE',  ( -0.3999999999999999100, 1.949999999999999300, -2.600000000000000100 ) ) ;
#594 = PLANE ( 'NONE',  #967 ) ;
#595 = CARTESIAN_POINT ( 'NONE',  ( 3.000000000000000000, -13.00000000000000200, 1.000000000000000000 ) ) ;
#596 = PLANE ( 'NONE',  #849 ) ;
#597 = CARTESIAN_POINT ( 'NONE',  ( -3.000000000000000000, -3.500000000000003100, 0.0000000000000000000 ) ) ;
#598 = DIRECTION ( 'NONE',  ( 0.0000000000000000000, -1.000000000000000000, 0.0000000000000000000 ) ) ;
#599 = DIRECTION ( 'NONE',  ( -0.0000000000000000000, 0.0000000000000000000, -1.000000000000000000 ) ) ;
#600 = DIRECTION ( 'NONE',  ( 0.0000000000000000000, -0.0000000000000000000, -1.000000000000000000 ) ) ;
#601 = CARTESIAN_POINT ( 'NONE',  ( 3.000000000000000000, -14.00000000000000000, 9.699999999999999300 ) ) ;
#602 = PLANE ( 'NONE',  #845 ) ;
#603 = DIRECTION ( 'NONE',  ( 0.0000000000000000000, 1.000000000000000000, 0.0000000000000000000 ) ) ;
#604 = DIRECTION ( 'NONE',  ( 0.0000000000000000000, -0.0000000000000000000, 1.000000000000000000 ) ) ;
#605 = DIRECTION ( 'NONE',  ( -4.517509052022935300E-017, 1.000000000000000000, -0.0000000000000000000 ) ) ;
#606 = DIRECTION ( 'NONE',  ( -0.0000000000000000000, 0.0000000000000000000, -1.000000000000000000 ) ) ;
#607 = DIRECTION ( 'NONE',  ( -1.000000000000000000, 0.0000000000000000000, 0.0000000000000000000 ) ) ;
#608 = CARTESIAN_POINT ( 'NONE',  ( 0.6000000000000002000, 1.950000000000003500, 7.399999999999999500 ) ) ;
#609 = CARTESIAN_POINT ( 'NONE',  ( 0.4000000000000001300, 1.949999999999999300, -2.600000000000000100 ) ) ;
#610 = CARTESIAN_POINT ( 'NONE',  ( -0.3999999999999998600, 1.949999999999999300, -2.199999999999999700 ) ) ;
#611 = CARTESIAN_POINT ( 'NONE',  ( 0.4000000000000001300, 1.950000000000003500, 6.999999999999999100 ) ) ;
#612 = PLANE ( 'NONE',  #962 ) ;
#613 = CARTESIAN_POINT ( 'NONE',  ( -0.5999999999999997600, 2.000000000000003600, 7.399999999999999500 ) ) ;
#614 = CARTESIAN_POINT ( 'NONE',  ( 3.000000000000000000, -11.50000000000000000, 0.5999999999999996400 ) ) ;
#615 = CARTESIAN_POINT ( 'NONE',  ( 3.000000000000000000, 1.999999999999999100, 5.999999999999998200 ) ) ;
#616 = DIRECTION ( 'NONE',  ( 0.0000000000000000000, 1.000000000000000000, -4.336808689942018700E-016 ) ) ;
#617 = CARTESIAN_POINT ( 'NONE',  ( 3.000000000000000000, 1.999999999999999100, 9.700000000000001100 ) ) ;
#618 = CARTESIAN_POINT ( 'NONE',  ( -4.336808689942017700E-016, -12.99999999999999800, 4.249999999999999100 ) ) ;
#619 = DIRECTION ( 'NONE',  ( 0.0000000000000000000, 4.336808689942018700E-016, 1.000000000000000000 ) ) ;
#620 = CARTESIAN_POINT ( 'NONE',  ( -0.3999999999999998600, 2.000000000000003600, 7.399999999999999500 ) ) ;
#621 = CARTESIAN_POINT ( 'NONE',  ( -3.000000000000000000, 2.000000000000000000, -3.700000000000000200 ) ) ;
#622 = CARTESIAN_POINT ( 'NONE',  ( 0.4000000000000001900, 1.949999999999999300, -2.199999999999999700 ) ) ;
#623 = CARTESIAN_POINT ( 'NONE',  ( 3.000000000000000000, -14.00000000000000000, 5.000000000000000000 ) ) ;
#624 = PLANE ( 'NONE',  #805 ) ;
#625 = CARTESIAN_POINT ( 'NONE',  ( -3.000000000000000000, -14.00000000000000000, 9.699999999999999300 ) ) ;
#626 = CARTESIAN_POINT ( 'NONE',  ( 2.500000000000000900, -4.500000000000001800, 6.000000000000000000 ) ) ;
#627 = CARTESIAN_POINT ( 'NONE',  ( -4.336808689942017700E-016, -63.00000000000000000, 4.249999999999999100 ) ) ;
#628 = DIRECTION ( 'NONE',  ( 0.0000000000000000000, -1.084202172485504400E-016, 1.000000000000000000 ) ) ;
#629 = CARTESIAN_POINT ( 'NONE',  ( 0.6000000000000002000, 1.999999999999999100, -2.199999999999999700 ) ) ;
#630 = CARTESIAN_POINT ( 'NONE',  ( -2.806000191007826400E-016, -63.00000000000000000, 1.749999999999999100 ) ) ;
#631 = CARTESIAN_POINT ( 'NONE',  ( 3.000000000000000000, 2.000000000000000000, -3.700000000000000200 ) ) ;
#632 = DIRECTION ( 'NONE',  ( 0.0000000000000000000, -1.000000000000000000, -1.084202172485504400E-016 ) ) ;
#633 = CARTESIAN_POINT ( 'NONE',  ( -0.3999999999999998600, 1.999999999999999100, -2.199999999999999700 ) ) ;
#634 = CARTESIAN_POINT ( 'NONE',  ( -3.000000000000000000, 1.999999999999999100, 5.999999999999998200 ) ) ;
#635 = DIRECTION ( 'NONE',  ( 1.355252715606880000E-016, 0.0000000000000000000, 1.000000000000000000 ) ) ;
#636 = DIRECTION ( 'NONE',  ( -1.000000000000000000, 0.0000000000000000000, 1.355252715606880000E-016 ) ) ;
#637 = CARTESIAN_POINT ( 'NONE',  ( -3.000000000000000000, 2.000000000000001800, 0.0000000000000000000 ) ) ;
#638 = CARTESIAN_POINT ( 'NONE',  ( -0.3999999999999999100, 2.000000000000003600, 6.999999999999999100 ) ) ;
#639 = CARTESIAN_POINT ( 'NONE',  ( -0.3999999999999999100, 1.999999999999999100, -2.600000000000000100 ) ) ;
#640 = DIRECTION ( 'NONE',  ( 1.355252715606880000E-016, 0.0000000000000000000, 1.000000000000000000 ) ) ;
#641 = PLANE ( 'NONE',  #1025 ) ;
#642 = CARTESIAN_POINT ( 'NONE',  ( -0.3999999999999999100, 2.000000000000003600, 6.999999999999999100 ) ) ;
#643 = CARTESIAN_POINT ( 'NONE',  ( -3.000000000000000000, -14.00000000000000000, 5.000000000000000000 ) ) ;
#644 = CARTESIAN_POINT ( 'NONE',  ( -3.000000000000000000, -13.00000000000000200, 1.000000000000000000 ) ) ;
#645 = CARTESIAN_POINT ( 'NONE',  ( 0.4000000000000001900, 2.000000000000003600, 7.399999999999999500 ) ) ;
#646 = CARTESIAN_POINT ( 'NONE',  ( 0.6000000000000002000, 2.000000000000003600, 7.399999999999999500 ) ) ;
#647 = DIRECTION ( 'NONE',  ( -0.0000000000000000000, 0.0000000000000000000, -1.000000000000000000 ) ) ;
#648 = CARTESIAN_POINT ( 'NONE',  ( 3.000000000000000000, -13.00000000000000200, 1.000000000000000000 ) ) ;
#649 = CARTESIAN_POINT ( 'NONE',  ( 3.000000000000000000, -13.00000000000000200, 5.000000000000000000 ) ) ;
#650 = DIRECTION ( 'NONE',  ( -1.000000000000000000, 0.0000000000000000000, 0.0000000000000000000 ) ) ;
#651 = CARTESIAN_POINT ( 'NONE',  ( -3.000000000000000000, -11.50000000000000000, -2.600000000000002300 ) ) ;
#652 = CARTESIAN_POINT ( 'NONE',  ( -3.000000000000000000, 2.000000000000001800, 0.0000000000000000000 ) ) ;
#653 = CARTESIAN_POINT ( 'NONE',  ( -3.000000000000000000, -11.50000000000000000, 5.399999999999996800 ) ) ;
#654 = PLANE ( 'NONE',  #1026 ) ;
#655 = CARTESIAN_POINT ( 'NONE',  ( 3.000000000000000000, -11.50000000000000000, 5.399999999999996800 ) ) ;
#656 = CARTESIAN_POINT ( 'NONE',  ( 3.000000000000000000, -11.50000000000000000, -2.600000000000002300 ) ) ;
#657 = CARTESIAN_POINT ( 'NONE',  ( -3.000000000000000000, -11.50000000000000000, 8.600000000000001400 ) ) ;
#658 = CARTESIAN_POINT ( 'NONE',  ( 0.4000000000000001900, 1.950000000000003500, 7.399999999999999500 ) ) ;
#659 = DIRECTION ( 'NONE',  ( 1.000000000000000000, 0.0000000000000000000, -1.355252715606880000E-016 ) ) ;
#660 = CARTESIAN_POINT ( 'NONE',  ( 0.4000000000000000200, 0.6000000000000025300, 6.099999999999999600 ) ) ;
#661 = DIRECTION ( 'NONE',  ( -1.355252715606880000E-016, 0.0000000000000000000, -1.000000000000000000 ) ) ;
#662 = DIRECTION ( 'NONE',  ( -1.000000000000000000, -0.0000000000000000000, -0.0000000000000000000 ) ) ;
#663 = CARTESIAN_POINT ( 'NONE',  ( 3.000000000000000000, -13.00000000000000200, 1.000000000000000000 ) ) ;
#664 = CARTESIAN_POINT ( 'NONE',  ( -0.3999999999999999100, 1.949999999999999300, -2.600000000000000100 ) ) ;
#665 = CARTESIAN_POINT ( 'NONE',  ( 0.6000000000000002000, 1.949999999999999300, -2.199999999999999700 ) ) ;
#666 = PLANE ( 'NONE',  #989 ) ;
#667 = CARTESIAN_POINT ( 'NONE',  ( -0.5999999999999997600, 1.949999999999999300, -2.199999999999999700 ) ) ;
#668 = CARTESIAN_POINT ( 'NONE',  ( 4.336808689942017700E-016, 1.950000000000003500, 8.599999999999999600 ) ) ;
#669 = CARTESIAN_POINT ( 'NONE',  ( -3.000000000000000000, -13.00000000000000200, 5.000000000000000000 ) ) ;
#670 = CARTESIAN_POINT ( 'NONE',  ( 3.000000000000000000, -14.00000000000000000, 0.9999999999999991100 ) ) ;
#671 = CARTESIAN_POINT ( 'NONE',  ( 0.4000000000000001900, 1.999999999999999100, -2.199999999999999700 ) ) ;
#672 = CARTESIAN_POINT ( 'NONE',  ( -2.806000191007826400E-016, -12.99999999999999800, 1.749999999999999100 ) ) ;
#673 = CARTESIAN_POINT ( 'NONE',  ( 0.4000000000000001300, 2.000000000000003600, 6.999999999999999100 ) ) ;
#674 = DIRECTION ( 'NONE',  ( 1.000000000000000000, 0.0000000000000000000, -0.0000000000000000000 ) ) ;
#675 = CARTESIAN_POINT ( 'NONE',  ( -3.000000000000000000, -14.00000000000000000, -3.700000000000000200 ) ) ;
#676 = DIRECTION ( 'NONE',  ( -1.000000000000000000, 0.0000000000000000000, -0.0000000000000000000 ) ) ;
#677 = DIRECTION ( 'NONE',  ( 0.0000000000000000000, 0.0000000000000000000, 1.000000000000000000 ) ) ;
#678 = CARTESIAN_POINT ( 'NONE',  ( -3.000000000000000000, -3.500000000000000400, 5.999999999999998200 ) ) ;
#679 = DIRECTION ( 'NONE',  ( -0.0000000000000000000, 0.0000000000000000000, -1.000000000000000000 ) ) ;
#680 = PLANE ( 'NONE',  #1031 ) ;
#681 = CARTESIAN_POINT ( 'NONE',  ( -0.3999999999999998600, 1.950000000000003500, 7.399999999999999500 ) ) ;
#682 = DIRECTION ( 'NONE',  ( 0.0000000000000000000, 1.000000000000000000, 0.0000000000000000000 ) ) ;
#683 = DIRECTION ( 'NONE',  ( -0.0000000000000000000, 0.0000000000000000000, 1.000000000000000000 ) ) ;
#684 = DIRECTION ( 'NONE',  ( 0.0000000000000000000, -0.0000000000000000000, 1.000000000000000000 ) ) ;
#685 = PLANE ( 'NONE',  #1032 ) ;
#686 = CARTESIAN_POINT ( 'NONE',  ( -0.5999999999999997600, 2.000000000000003600, 7.399999999999999500 ) ) ;
#687 = DIRECTION ( 'NONE',  ( -0.0000000000000000000, 1.000000000000000000, -0.0000000000000000000 ) ) ;
#688 = CARTESIAN_POINT ( 'NONE',  ( -3.000000000000000000, -13.00000000000000200, 1.000000000000000000 ) ) ;
#689 = CARTESIAN_POINT ( 'NONE',  ( -0.3999999999999999100, 1.949999999999999300, -2.600000000000000100 ) ) ;
#690 = DIRECTION ( 'NONE',  ( 1.445602896647339400E-016, 4.336808689942018700E-016, 1.000000000000000000 ) ) ;
#691 = CARTESIAN_POINT ( 'NONE',  ( 2.500000000000000900, -3.800000000000000300, 6.000000000000000000 ) ) ;
#692 = DIRECTION ( 'NONE',  ( -0.0000000000000000000, -0.0000000000000000000, -1.000000000000000000 ) ) ;
#693 = CARTESIAN_POINT ( 'NONE',  ( -2.499999999999999100, -4.500000000000001800, 6.000000000000000900 ) ) ;
#694 = CARTESIAN_POINT ( 'NONE',  ( -0.4000000000000000800, -0.5999999999999973100, 5.999999999999999100 ) ) ;
#695 = DIRECTION ( 'NONE',  ( -1.000000000000000000, 0.0000000000000000000, 0.0000000000000000000 ) ) ;
#696 = CARTESIAN_POINT ( 'NONE',  ( -0.3999999999999998600, 1.999999999999999100, -2.199999999999999700 ) ) ;
#697 = CARTESIAN_POINT ( 'NONE',  ( -0.3999999999999997400, -0.5999999999999998700, 0.0000000000000000000 ) ) ;
#698 = CARTESIAN_POINT ( 'NONE',  ( 0.4000000000000000200, 0.6000000000000025300, 5.999999999999999100 ) ) ;
#699 = CARTESIAN_POINT ( 'NONE',  ( 2.200000000000000600, -3.500000000000000400, 5.999999999999998200 ) ) ;
#700 = CARTESIAN_POINT ( 'NONE',  ( -2.499999999999999100, -3.800000000000000300, 6.000000000000000900 ) ) ;
#701 = CARTESIAN_POINT ( 'NONE',  ( -0.4000000000000000200, 0.5999999999999999800, 0.0000000000000000000 ) ) ;
#702 = CARTESIAN_POINT ( 'NONE',  ( -0.4000000000000000200, 0.6000000000000025300, 5.999999999999999100 ) ) ;
#703 = CARTESIAN_POINT ( 'NONE',  ( -2.200000000000000200, -3.500000000000003100, 0.0000000000000000000 ) ) ;
#704 = CARTESIAN_POINT ( 'NONE',  ( -2.500000000000000000, -4.500000000000003600, 1.807003620809175800E-015 ) ) ;
#705 = CARTESIAN_POINT ( 'NONE',  ( -2.500000000000000000, -3.800000000000002900, 1.604619215278548100E-015 ) ) ;
#706 = CARTESIAN_POINT ( 'NONE',  ( 0.4000000000000000200, 0.5999999999999999800, 0.0000000000000000000 ) ) ;
#707 = CARTESIAN_POINT ( 'NONE',  ( 0.4000000000000000800, -0.5999999999999999800, 0.0000000000000000000 ) ) ;
#708 = CARTESIAN_POINT ( 'NONE',  ( 2.500000000000000000, -4.500000000000003600, 1.194680221235499200E-015 ) ) ;
#709 = CARTESIAN_POINT ( 'NONE',  ( 2.500000000000000900, -3.800000000000000300, 6.000000000000000000 ) ) ;
#710 = DIRECTION ( 'NONE',  ( 0.4472135954999578200, 0.0000000000000000000, -0.8944271909999158600 ) ) ;
#711 = CARTESIAN_POINT ( 'NONE',  ( 2.500000000000000000, -3.800000000000002900, 9.922958157048718100E-016 ) ) ;
#712 = CARTESIAN_POINT ( 'NONE',  ( -3.000000000000000000, -4.500000000000003600, -4.336852806241213000E-017 ) ) ;
#713 = CARTESIAN_POINT ( 'NONE',  ( 4.336808689942017700E-016, 2.000000000000003600, 8.599999999999999600 ) ) ;
#714 = CARTESIAN_POINT ( 'NONE',  ( -0.4000000000000000800, -0.5999999999999973100, 5.999999999999999100 ) ) ;
#715 = DIRECTION ( 'NONE',  ( -1.000000000000000000, 0.0000000000000000000, 0.0000000000000000000 ) ) ;
#716 = CARTESIAN_POINT ( 'NONE',  ( 3.000000000000000000, -4.500000000000003600, -4.336808689941954300E-017 ) ) ;
#717 = CARTESIAN_POINT ( 'NONE',  ( 0.6000000000000002000, 2.000000000000003600, 7.399999999999999500 ) ) ;
#718 = CARTESIAN_POINT ( 'NONE',  ( 0.3999999999999997400, -0.5999999999999972000, 5.999999999999998200 ) ) ;
#719 = DIRECTION ( 'NONE',  ( 0.0000000000000000000, 0.0000000000000000000, 1.000000000000000000 ) ) ;
#720 = DIRECTION ( 'NONE',  ( -1.000000000000000000, 0.0000000000000000000, 0.0000000000000000000 ) ) ;
#721 = CARTESIAN_POINT ( 'NONE',  ( -3.000000000000000000, -11.50000000000000000, -1.000000000000001300 ) ) ;
#722 = CARTESIAN_POINT ( 'NONE',  ( 2.199999999999999700, -3.500000000000003100, 0.0000000000000000000 ) ) ;
#723 = CARTESIAN_POINT ( 'NONE',  ( 0.4000000000000000200, 0.6000000000000025300, 6.099999999999999600 ) ) ;
#724 = CARTESIAN_POINT ( 'NONE',  ( -0.4000000000000000200, 0.5999999999999999800, -0.1000000000000000100 ) ) ;
#725 = CARTESIAN_POINT ( 'NONE',  ( -3.000000000000000000, -4.500000000000001800, 6.000000000000000900 ) ) ;
#726 = CARTESIAN_POINT ( 'NONE',  ( -2.199999999999999300, -3.500000000000000400, 5.999999999999998200 ) ) ;
#727 = ORIENTED_EDGE ( 'NONE', *, *, #973, .T. ) ;
#728 = DIRECTION ( 'NONE',  ( 0.0000000000000000000, 1.000000000000000000, 0.0000000000000000000 ) ) ;
#729 = DIRECTION ( 'NONE',  ( 0.0000000000000000000, 0.0000000000000000000, 1.000000000000000000 ) ) ;
#730 = CARTESIAN_POINT ( 'NONE',  ( 0.4000000000000000800, -0.5999999999999999800, -0.1000000000000000100 ) ) ;
#731 = DIRECTION ( 'NONE',  ( -1.000000000000000000, -0.0000000000000000000, -3.700743415417191100E-015 ) ) ;
#732 = DIRECTION ( 'NONE',  ( -1.000000000000000000, -0.0000000000000000000, -0.0000000000000000000 ) ) ;
#733 = DIRECTION ( 'NONE',  ( 0.0000000000000000000, 2.891205793294678300E-016, 1.000000000000000000 ) ) ;
#734 = CARTESIAN_POINT ( 'NONE',  ( 3.000000000000000000, -3.500000000000000400, 5.999999999999998200 ) ) ;
#735 = DIRECTION ( 'NONE',  ( -0.0000000000000000000, -0.0000000000000000000, 1.000000000000000000 ) ) ;
#736 = PLANE ( 'NONE',  #92 ) ;
#737 = CARTESIAN_POINT ( 'NONE',  ( 0.4000000000000000200, 0.5999999999999999800, -0.1000000000000000100 ) ) ;
#738 = CARTESIAN_POINT ( 'NONE',  ( -0.4000000000000000200, 0.6000000000000025300, 6.099999999999999600 ) ) ;
#739 = DIRECTION ( 'NONE',  ( -0.0000000000000000000, 1.000000000000000000, -0.0000000000000000000 ) ) ;
#740 = DIRECTION ( 'NONE',  ( 0.0000000000000000000, 0.0000000000000000000, 1.000000000000000000 ) ) ;
#741 = CARTESIAN_POINT ( 'NONE',  ( -3.000000000000000000, -3.500000000000003100, 0.0000000000000000000 ) ) ;
#742 = CARTESIAN_POINT ( 'NONE',  ( 7.525483399593910300, -11.50000000000000000, 8.600000000000001400 ) ) ;
#743 = DIRECTION ( 'NONE',  ( -1.000000000000000000, 0.0000000000000000000, 0.0000000000000000000 ) ) ;
#744 = CARTESIAN_POINT ( 'NONE',  ( 0.4000000000000001300, 1.999999999999999100, -2.600000000000000100 ) ) ;
#745 = DIRECTION ( 'NONE',  ( -1.000000000000000000, 0.0000000000000000000, 0.0000000000000000000 ) ) ;
#746 = CARTESIAN_POINT ( 'NONE',  ( -3.000000000000000000, -4.500000000000003600, -4.336808689941954300E-017 ) ) ;
#747 = DIRECTION ( 'NONE',  ( 1.000000000000000000, 0.0000000000000000000, 0.0000000000000000000 ) ) ;
#748 = CARTESIAN_POINT ( 'NONE',  ( 3.000000000000000000, 1.999999999999999100, 5.999999999999998200 ) ) ;
#749 = DIRECTION ( 'NONE',  ( -0.0000000000000000000, -0.0000000000000000000, 1.000000000000000000 ) ) ;
#750 = DIRECTION ( 'NONE',  ( -4.517509052022935300E-017, -1.000000000000000000, 0.0000000000000000000 ) ) ;
#751 = CARTESIAN_POINT ( 'NONE',  ( -0.4000000000000000800, -0.5999999999999999800, -0.1000000000000000100 ) ) ;
#752 = DIRECTION ( 'NONE',  ( -1.445602896647339400E-016, -4.336808689942018700E-016, -1.000000000000000000 ) ) ;
#753 = DIRECTION ( 'NONE',  ( -0.0000000000000000000, 1.000000000000000000, -2.891205793294678800E-016 ) ) ;
#754 = DIRECTION ( 'NONE',  ( 1.445602896647339400E-016, 4.336808689942018700E-016, 1.000000000000000000 ) ) ;
#755 = DIRECTION ( 'NONE',  ( 1.000000000000000000, 0.0000000000000000000, 0.0000000000000000000 ) ) ;
#756 = DIRECTION ( 'NONE',  ( 1.000000000000000000, 0.0000000000000000000, 0.0000000000000000000 ) ) ;
#757 = DIRECTION ( 'NONE',  ( -1.000000000000000000, 0.0000000000000000000, 0.0000000000000000000 ) ) ;
#758 = DIRECTION ( 'NONE',  ( 0.0000000000000000000, 0.0000000000000000000, 1.000000000000000000 ) ) ;
#759 = CARTESIAN_POINT ( 'NONE',  ( -2.199999999999999300, -3.500000000000000400, 6.000000000000000900 ) ) ;
#760 = DIRECTION ( 'NONE',  ( 1.355252715606880000E-016, 0.0000000000000000000, 1.000000000000000000 ) ) ;
#761 = CARTESIAN_POINT ( 'NONE',  ( -0.3999999999999999100, 1.999999999999999100, -2.600000000000000100 ) ) ;
#762 = CARTESIAN_POINT ( 'NONE',  ( -0.4000000000000000200, 0.6000000000000025300, 6.099999999999999600 ) ) ;
#763 = CARTESIAN_POINT ( 'NONE',  ( -0.5999999999999997600, 1.950000000000003500, 7.399999999999999500 ) ) ;
#764 = DIRECTION ( 'NONE',  ( 1.000000000000000000, 0.0000000000000000000, 0.0000000000000000000 ) ) ;
#765 = CARTESIAN_POINT ( 'NONE',  ( -3.000000000000000000, 1.999999999999999100, 5.999999999999998200 ) ) ;
#766 = CARTESIAN_POINT ( 'NONE',  ( -2.500000000000000000, -4.500000000000003600, 1.807003620809175800E-015 ) ) ;
#767 = CARTESIAN_POINT ( 'NONE',  ( 3.000000000000000000, -4.500000000000003600, -4.336808689941954300E-017 ) ) ;
#768 = DIRECTION ( 'NONE',  ( -0.7071067811865474600, -0.7071067811865474600, 0.0000000000000000000 ) ) ;
#769 = DIRECTION ( 'NONE',  ( -1.000000000000000000, 0.0000000000000000000, 0.0000000000000000000 ) ) ;
#770 = CARTESIAN_POINT ( 'NONE',  ( -0.4000000000000000200, 0.5999999999999999800, 0.0000000000000000000 ) ) ;
#771 = CARTESIAN_POINT ( 'NONE',  ( -3.000000000000000000, -4.500000000000003600, -4.336808689941954300E-017 ) ) ;
#772 = DIRECTION ( 'NONE',  ( -1.000000000000000000, 0.0000000000000000000, 2.476096616269838000E-015 ) ) ;
#773 = DIRECTION ( 'NONE',  ( -1.000000000000000000, -0.0000000000000000000, -0.0000000000000000000 ) ) ;
#774 = CARTESIAN_POINT ( 'NONE',  ( -3.000000000000000000, -11.50000000000000000, -1.000000000000001300 ) ) ;
#775 = CARTESIAN_POINT ( 'NONE',  ( -3.000000000000000000, 2.000000000000001800, 0.0000000000000000000 ) ) ;
#776 = DIRECTION ( 'NONE',  ( -1.000000000000000000, -0.0000000000000000000, -0.0000000000000000000 ) ) ;
#777 = DIRECTION ( 'NONE',  ( 1.000000000000000000, 0.0000000000000000000, 0.0000000000000000000 ) ) ;
#778 = DIRECTION ( 'NONE',  ( 0.7071067811865474600, 0.7071067811865474600, 0.0000000000000000000 ) ) ;
#779 = CARTESIAN_POINT ( 'NONE',  ( 0.4000000000000000200, 0.6000000000000025300, 5.999999999999999100 ) ) ;
#780 = CARTESIAN_POINT ( 'NONE',  ( -3.000000000000000000, -11.50000000000000000, 6.999999999999999100 ) ) ;
#781 = CARTESIAN_POINT ( 'NONE',  ( -3.000000000000000000, 2.000000000000001800, 0.0000000000000000000 ) ) ;
#782 = CARTESIAN_POINT ( 'NONE',  ( -2.500000000000000000, -3.800000000000002900, 0.0000000000000000000 ) ) ;
#783 = CARTESIAN_POINT ( 'NONE',  ( -2.500000000000000900, -3.800000000000002000, 5.999999999999998200 ) ) ;
#784 = CARTESIAN_POINT ( 'NONE',  ( 0.4000000000000001300, 2.000000000000003600, 6.999999999999999100 ) ) ;
#785 = DIRECTION ( 'NONE',  ( 0.0000000000000000000, -1.000000000000000000, 0.0000000000000000000 ) ) ;
#786 = VERTEX_POINT ( 'NONE', #613 ) ;
#787 = CARTESIAN_POINT ( 'NONE',  ( 3.000000000000000000, -11.50000000000000000, 8.600000000000001400 ) ) ;
#788 = VERTEX_POINT ( 'NONE', #631 ) ;
#789 = VERTEX_POINT ( 'NONE', #614 ) ;
#790 = VERTEX_POINT ( 'NONE', #630 ) ;
#791 = VERTEX_POINT ( 'NONE', #633 ) ;
#792 = VERTEX_POINT ( 'NONE', #629 ) ;
#793 = VERTEX_POINT ( 'NONE', #634 ) ;
#794 = VERTEX_POINT ( 'NONE', #627 ) ;
#795 = VERTEX_POINT ( 'NONE', #601 ) ;
#796 = VERTEX_POINT ( 'NONE', #626 ) ;
#797 = VERTEX_POINT ( 'NONE', #625 ) ;
#798 = VERTEX_POINT ( 'NONE', #623 ) ;
#799 = VERTEX_POINT ( 'NONE', #621 ) ;
#800 = VERTEX_POINT ( 'NONE', #620 ) ;
#801 = VERTEX_POINT ( 'NONE', #618 ) ;
#802 = VERTEX_POINT ( 'NONE', #617 ) ;
#803 = VERTEX_POINT ( 'NONE', #615 ) ;
#804 = VERTEX_POINT ( 'NONE', #657 ) ;
#805 = AXIS2_PLACEMENT_3D ( 'NONE', #610, #647, #650 ) ;
#806 = VERTEX_POINT ( 'NONE', #656 ) ;
#807 = VERTEX_POINT ( 'NONE', #655 ) ;
#808 = VERTEX_POINT ( 'NONE', #653 ) ;
#809 = VERTEX_POINT ( 'NONE', #651 ) ;
#810 = VERTEX_POINT ( 'NONE', #649 ) ;
#811 = VERTEX_POINT ( 'NONE', #648 ) ;
#812 = VERTEX_POINT ( 'NONE', #646 ) ;
#814 = EDGE_CURVE ( 'NONE', #821, #800, #1543, .T. ) ;
#813 = VERTEX_POINT ( 'NONE', #645 ) ;
#815 = VERTEX_POINT ( 'NONE', #643 ) ;
#816 = VERTEX_POINT ( 'NONE', #644 ) ;
#817 = VERTEX_POINT ( 'NONE', #675 ) ;
#818 = VERTEX_POINT ( 'NONE', #670 ) ;
#819 = VERTEX_POINT ( 'NONE', #639 ) ;
#820 = VERTEX_POINT ( 'NONE', #671 ) ;
#821 = VERTEX_POINT ( 'NONE', #638 ) ;
#822 = VERTEX_POINT ( 'NONE', #672 ) ;
#823 = VERTEX_POINT ( 'NONE', #673 ) ;
#824 = VERTEX_POINT ( 'NONE', #669 ) ;
#825 = VERTEX_POINT ( 'NONE', #668 ) ;
#826 = EDGE_CURVE ( 'NONE', #811, #816, #1542, .T. ) ;
#827 = VERTEX_POINT ( 'NONE', #664 ) ;
#828 = VERTEX_POINT ( 'NONE', #667 ) ;
#829 = EDGE_CURVE ( 'NONE', #853, #860, #1540, .T. ) ;
#830 = VERTEX_POINT ( 'NONE', #611 ) ;
#831 = EDGE_CURVE ( 'NONE', #848, #833, #1547, .T. ) ;
#832 = VERTEX_POINT ( 'NONE', #609 ) ;
#833 = VERTEX_POINT ( 'NONE', #658 ) ;
#834 = VERTEX_POINT ( 'NONE', #235 ) ;
#835 = EDGE_CURVE ( 'NONE', #880, #796, #1544, .T. ) ;
#836 = VERTEX_POINT ( 'NONE', #236 ) ;
#837 = VERTEX_POINT ( 'NONE', #233 ) ;
#838 = EDGE_CURVE ( 'NONE', #872, #868, #1546, .T. ) ;
#839 = EDGE_CURVE ( 'NONE', #798, #815, #1553, .T. ) ;
#840 = EDGE_CURVE ( 'NONE', #813, #823, #1549, .T. ) ;
#841 = VERTEX_POINT ( 'NONE', #238 ) ;
#842 = VERTEX_POINT ( 'NONE', #240 ) ;
#843 = EDGE_CURVE ( 'NONE', #66, #874, #1554, .T. ) ;
#844 = VERTEX_POINT ( 'NONE', #231 ) ;
#845 = AXIS2_PLACEMENT_3D ( 'NONE', #593, #636, #635 ) ;
#846 = VERTEX_POINT ( 'NONE', #232 ) ;
#847 = EDGE_CURVE ( 'NONE', #794, #790, #1562, .T. ) ;
#848 = VERTEX_POINT ( 'NONE', #227 ) ;
#849 = AXIS2_PLACEMENT_3D ( 'NONE', #595, #603, #604 ) ;
#850 = EDGE_CURVE ( 'NONE', #833, #830, #1560, .T. ) ;
#851 = VERTEX_POINT ( 'NONE', #226 ) ;
#852 = EDGE_CURVE ( 'NONE', #848, #812, #1558, .T. ) ;
#853 = VERTEX_POINT ( 'NONE', #216 ) ;
#854 = EDGE_CURVE ( 'NONE', #868, #881, #1565, .T. ) ;
#855 = VERTEX_POINT ( 'NONE', #217 ) ;
#856 = VERTEX_POINT ( 'NONE', #209 ) ;
#857 = VERTEX_POINT ( 'NONE', #213 ) ;
#858 = VERTEX_POINT ( 'NONE', #208 ) ;
#859 = VERTEX_POINT ( 'NONE', #724 ) ;
#860 = VERTEX_POINT ( 'NONE', #723 ) ;
#861 = VERTEX_POINT ( 'NONE', #210 ) ;
#862 = VERTEX_POINT ( 'NONE', #718 ) ;
#863 = VERTEX_POINT ( 'NONE', #714 ) ;
#864 = VERTEX_POINT ( 'NONE', #709 ) ;
#865 = VERTEX_POINT ( 'NONE', #702 ) ;
#866 = VERTEX_POINT ( 'NONE', #698 ) ;
#867 = VERTEX_POINT ( 'NONE', #697 ) ;
#868 = VERTEX_POINT ( 'NONE', #693 ) ;
#869 = VERTEX_POINT ( 'NONE', #726 ) ;
#870 = EDGE_CURVE ( 'NONE', #809, #44, #1569, .T. ) ;
#871 = VERTEX_POINT ( 'NONE', #722 ) ;
#872 = VERTEX_POINT ( 'NONE', #725 ) ;
#873 = EDGE_CURVE ( 'NONE', #812, #813, #1559, .T. ) ;
#874 = VERTEX_POINT ( 'NONE', #716 ) ;
#875 = EDGE_CURVE ( 'NONE', #51, #812, #1563, .T. ) ;
#876 = VERTEX_POINT ( 'NONE', #711 ) ;
#877 = VERTEX_POINT ( 'NONE', #712 ) ;
#878 = VERTEX_POINT ( 'NONE', #706 ) ;
#879 = VERTEX_POINT ( 'NONE', #705 ) ;
#880 = VERTEX_POINT ( 'NONE', #708 ) ;
#881 = VERTEX_POINT ( 'NONE', #704 ) ;
#882 = VERTEX_POINT ( 'NONE', #707 ) ;
#883 = VERTEX_POINT ( 'NONE', #703 ) ;
#884 = VERTEX_POINT ( 'NONE', #701 ) ;
#885 = EDGE_CURVE ( 'NONE', #791, #55, #1570, .T. ) ;
#886 = VERTEX_POINT ( 'NONE', #699 ) ;
#887 = VERTEX_POINT ( 'NONE', #700 ) ;
#888 = CARTESIAN_POINT ( 'NONE',  ( -3.000000000000000000, 2.000000000000001800, 0.0000000000000000000 ) ) ;
#889 = CARTESIAN_POINT ( 'NONE',  ( 1.517883041479706200E-015, 2.000000000000001300, -1.000000000000000000 ) ) ;
#890 = CARTESIAN_POINT ( 'NONE',  ( 1.084202172485504400E-015, 1.999999999999999100, 8.599999999999999600 ) ) ;
#891 = EDGE_CURVE ( 'NONE', #863, #858, #1557, .T. ) ;
#892 = AXIS2_PLACEMENT_3D ( 'NONE', #1668, #1636, #1635 ) ;
#893 = EDGE_CURVE ( 'NONE', #799, #37, #1576, .T. ) ;
#894 = AXIS2_PLACEMENT_3D ( 'NONE', #721, #720, #719 ) ;
#895 = EDGE_CURVE ( 'NONE', #861, #874, #1572, .T. ) ;
#896 = EDGE_CURVE ( 'NONE', #833, #813, #1580, .T. ) ;
#897 = AXIS2_PLACEMENT_3D ( 'NONE', #39, #32, #31 ) ;
#898 = EDGE_CURVE ( 'NONE', #796, #861, #266, .T. ) ;
#899 = EDGE_CURVE ( 'NONE', #815, #824, #268, .T. ) ;
#900 = EDGE_CURVE ( 'NONE', #866, #865, #270, .T. ) ;
#901 = EDGE_CURVE ( 'NONE', #795, #798, #1573, .T. ) ;
#902 = EDGE_CURVE ( 'NONE', #825, #51, #274, .T. ) ;
#903 = EDGE_CURVE ( 'NONE', #836, #48, #276, .T. ) ;
#904 = EDGE_CURVE ( 'NONE', #48, #792, #1577, .T. ) ;
#905 = EDGE_CURVE ( 'NONE', #828, #836, #280, .T. ) ;
#906 = EDGE_CURVE ( 'NONE', #828, #55, #1579, .T. ) ;
#907 = EDGE_CURVE ( 'NONE', #834, #828, #273, .T. ) ;
#908 = EDGE_CURVE ( 'NONE', #806, #789, #287, .T. ) ;
#909 = EDGE_CURVE ( 'NONE', #62, #807, #288, .T. ) ;
#910 = EDGE_CURVE ( 'NONE', #789, #806, #290, .T. ) ;
#911 = EDGE_CURVE ( 'NONE', #820, #43, #283, .T. ) ;
#912 = EDGE_CURVE ( 'NONE', #862, #866, #289, .T. ) ;
#913 = EDGE_CURVE ( 'NONE', #834, #791, #293, .T. ) ;
#914 = EDGE_CURVE ( 'NONE', #811, #818, #295, .T. ) ;
#915 = EDGE_CURVE ( 'NONE', #797, #795, #297, .T. ) ;
#916 = EDGE_CURVE ( 'NONE', #789, #44, #285, .T. ) ;
#917 = EDGE_CURVE ( 'NONE', #788, #66, #286, .T. ) ;
#918 = EDGE_CURVE ( 'NONE', #794, #801, #303, .T. ) ;
#919 = EDGE_CURVE ( 'NONE', #49, #797, #292, .T. ) ;
#920 = EDGE_CURVE ( 'NONE', #817, #40, #1144, .T. ) ;
#921 = EDGE_CURVE ( 'NONE', #790, #822, #300, .T. ) ;
#922 = EDGE_CURVE ( 'NONE', #797, #815, #302, .T. ) ;
#923 = EDGE_CURVE ( 'NONE', #865, #863, #1143, .T. ) ;
#924 = EDGE_CURVE ( 'NONE', #801, #822, #1154, .T. ) ;
#925 = EDGE_CURVE ( 'NONE', #49, #802, #1149, .T. ) ;
#926 = EDGE_CURVE ( 'NONE', #810, #824, #1153, .T. ) ;
#927 = EDGE_CURVE ( 'NONE', #55, #48, #1151, .T. ) ;
#928 = EDGE_CURVE ( 'NONE', #884, #867, #1159, .T. ) ;
#929 = EDGE_CURVE ( 'NONE', #817, #799, #1152, .T. ) ;
#930 = EDGE_CURVE ( 'NONE', #802, #795, #1156, .T. ) ;
#931 = EDGE_CURVE ( 'NONE', #798, #810, #1165, .T. ) ;
#932 = EDGE_CURVE ( 'NONE', #867, #882, #1167, .T. ) ;
#933 = EDGE_CURVE ( 'NONE', #799, #788, #1158, .T. ) ;
#934 = EDGE_CURVE ( 'NONE', #816, #65, #1171, .T. ) ;
#935 = EDGE_CURVE ( 'NONE', #869, #886, #1173, .T. ) ;
#936 = AXIS2_PLACEMENT_3D ( 'NONE', #588, #598, #600 ) ;
#937 = EDGE_CURVE ( 'NONE', #859, #856, #1162, .T. ) ;
#938 = EDGE_CURVE ( 'NONE', #872, #793, #1164, .T. ) ;
#939 = EDGE_CURVE ( 'NONE', #858, #853, #1170, .T. ) ;
#940 = AXIS2_PLACEMENT_3D ( 'NONE', #582, #592, #599 ) ;
#941 = EDGE_CURVE ( 'NONE', #822, #801, #1202, .T. ) ;
#942 = EDGE_CURVE ( 'NONE', #40, #788, #1178, .T. ) ;
#943 = EDGE_CURVE ( 'NONE', #862, #853, #1203, .T. ) ;
#944 = EDGE_CURVE ( 'NONE', #864, #886, #1205, .T. ) ;
#945 = EDGE_CURVE ( 'NONE', #796, #864, #1207, .T. ) ;
#946 = AXIS2_PLACEMENT_3D ( 'NONE', #1604, #1602, #1601 ) ;
#947 = AXIS2_PLACEMENT_3D ( 'NONE', #50, #27, #676 ) ;
#948 = AXIS2_PLACEMENT_3D ( 'NONE', #571, #585, #586 ) ;
#949 = AXIS2_PLACEMENT_3D ( 'NONE', #57, #58, #59 ) ;
#950 = EDGE_CURVE ( 'NONE', #844, #820, #1209, .T. ) ;
#951 = AXIS2_PLACEMENT_3D ( 'NONE', #56, #54, #53 ) ;
#952 = AXIS2_PLACEMENT_3D ( 'NONE', #574, #578, #677 ) ;
#953 = EDGE_CURVE ( 'NONE', #846, #844, #1211, .T. ) ;
#954 = EDGE_CURVE ( 'NONE', #844, #832, #1213, .T. ) ;
#955 = EDGE_CURVE ( 'NONE', #807, #62, #1217, .T. ) ;
#956 = EDGE_CURVE ( 'NONE', #887, #879, #1180, .T. ) ;
#957 = AXIS2_PLACEMENT_3D ( 'NONE', #443, #439, #438 ) ;
#958 = EDGE_CURVE ( 'NONE', #855, #857, #1216, .T. ) ;
#959 = EDGE_CURVE ( 'NONE', #857, #859, #1220, .T. ) ;
#960 = EDGE_CURVE ( 'NONE', #825, #848, #1222, .T. ) ;
#961 = EDGE_CURVE ( 'NONE', #65, #817, #1224, .T. ) ;
#962 = AXIS2_PLACEMENT_3D ( 'NONE', #590, #628, #632 ) ;
#963 = AXIS2_PLACEMENT_3D ( 'NONE', #46, #47, #52 ) ;
#964 = EDGE_CURVE ( 'NONE', #865, #851, #1226, .T. ) ;
#965 = EDGE_CURVE ( 'NONE', #800, #786, #1181, .T. ) ;
#966 = AXIS2_PLACEMENT_3D ( 'NONE', #42, #38, #36 ) ;
#967 = AXIS2_PLACEMENT_3D ( 'NONE', #584, #606, #607 ) ;
#968 = EDGE_CURVE ( 'NONE', #846, #792, #1215, .T. ) ;
#969 = EDGE_CURVE ( 'NONE', #859, #884, #1219, .T. ) ;
#970 = EDGE_CURVE ( 'NONE', #818, #65, #1234, .T. ) ;
#971 = EDGE_CURVE ( 'NONE', #830, #823, #1236, .T. ) ;
#972 = EDGE_CURVE ( 'NONE', #830, #842, #1229, .T. ) ;
#973 = EDGE_CURVE ( 'NONE', #806, #809, #1240, .T. ) ;
#974 = EDGE_CURVE ( 'NONE', #792, #820, #516, .T. ) ;
#975 = EDGE_CURVE ( 'NONE', #842, #821, #518, .T. ) ;
#976 = EDGE_CURVE ( 'NONE', #842, #841, #520, .T. ) ;
#977 = EDGE_CURVE ( 'NONE', #841, #800, #522, .T. ) ;
#978 = EDGE_CURVE ( 'NONE', #837, #825, #524, .T. ) ;
#979 = EDGE_CURVE ( 'NONE', #841, #837, #526, .T. ) ;
#980 = EDGE_CURVE ( 'NONE', #856, #867, #528, .T. ) ;
#981 = EDGE_CURVE ( 'NONE', #871, #876, #530, .T. ) ;
#982 = EDGE_CURVE ( 'NONE', #818, #40, #1231, .T. ) ;
#983 = EDGE_CURVE ( 'NONE', #810, #811, #534, .T. ) ;
#984 = EDGE_CURVE ( 'NONE', #880, #876, #536, .T. ) ;
#985 = EDGE_CURVE ( 'NONE', #882, #878, #1233, .T. ) ;
#986 = EDGE_CURVE ( 'NONE', #790, #794, #543, .T. ) ;
#987 = EDGE_CURVE ( 'NONE', #836, #846, #539, .T. ) ;
#988 = AXIS2_PLACEMENT_3D ( 'NONE', #678, #568, #572 ) ;
#989 = AXIS2_PLACEMENT_3D ( 'NONE', #652, #674, #679 ) ;
#990 = AXIS2_PLACEMENT_3D ( 'NONE', #561, #575, #576 ) ;
#991 = AXIS2_PLACEMENT_3D ( 'NONE', #597, #616, #619 ) ;
#992 = AXIS2_PLACEMENT_3D ( 'NONE', #1631, #1628, #1647 ) ;
#993 = AXIS2_PLACEMENT_3D ( 'NONE', #224, #223, #222 ) ;
#994 = EDGE_CURVE ( 'NONE', #863, #862, #544, .T. ) ;
#995 = EDGE_CURVE ( 'NONE', #856, #855, #546, .T. ) ;
#996 = EDGE_CURVE ( 'NONE', #874, #880, #548, .T. ) ;
#997 = EDGE_CURVE ( 'NONE', #881, #877, #550, .T. ) ;
#998 = EDGE_CURVE ( 'NONE', #37, #877, #552, .T. ) ;
#999 = EDGE_CURVE ( 'NONE', #808, #804, #1239, .T. ) ;
#1000 = EDGE_CURVE ( 'NONE', #886, #871, #555, .T. ) ;
#1001 = EDGE_CURVE ( 'NONE', #819, #791, #467, .T. ) ;
#1002 = EDGE_CURVE ( 'NONE', #877, #872, #540, .T. ) ;
#1003 = EDGE_CURVE ( 'NONE', #837, #786, #471, .T. ) ;
#1004 = EDGE_CURVE ( 'NONE', #869, #887, #554, .T. ) ;
#1005 = EDGE_CURVE ( 'NONE', #879, #883, #475, .T. ) ;
#1006 = EDGE_CURVE ( 'NONE', #37, #66, #477, .T. ) ;
#1007 = EDGE_CURVE ( 'NONE', #878, #884, #479, .T. ) ;
#1008 = EDGE_CURVE ( 'NONE', #823, #821, #542, .T. ) ;
#1009 = EDGE_CURVE ( 'NONE', #881, #879, #483, .T. ) ;
#1010 = EDGE_CURVE ( 'NONE', #861, #803, #485, .T. ) ;
#1011 = EDGE_CURVE ( 'NONE', #44, #809, #489, .T. ) ;
#1012 = EDGE_CURVE ( 'NONE', #883, #871, #474, .T. ) ;
#1013 = EDGE_CURVE ( 'NONE', #793, #803, #490, .T. ) ;
#1014 = EDGE_CURVE ( 'NONE', #883, #869, #492, .T. ) ;
#1015 = EDGE_CURVE ( 'NONE', #43, #819, #494, .T. ) ;
#1016 = EDGE_CURVE ( 'NONE', #866, #860, #488, .T. ) ;
#1017 = EDGE_CURVE ( 'NONE', #62, #804, #482, .T. ) ;
#1018 = EDGE_CURVE ( 'NONE', #860, #851, #487, .T. ) ;
#1019 = EDGE_CURVE ( 'NONE', #851, #858, #502, .T. ) ;
#1020 = EDGE_CURVE ( 'NONE', #803, #802, #504, .T. ) ;
#1021 = EDGE_CURVE ( 'NONE', #857, #878, #506, .T. ) ;
#1022 = EDGE_CURVE ( 'NONE', #855, #882, #1042, .T. ) ;
#1023 = EDGE_CURVE ( 'NONE', #793, #49, #1044, .T. ) ;
#1024 = EDGE_CURVE ( 'NONE', #824, #816, #1046, .T. ) ;
#1025 = AXIS2_PLACEMENT_3D ( 'NONE', #622, #659, #661 ) ;
#1026 = AXIS2_PLACEMENT_3D ( 'NONE', #637, #683, #563 ) ;
#1027 = AXIS2_PLACEMENT_3D ( 'NONE', #665, #569, #570 ) ;
#1028 = AXIS2_PLACEMENT_3D ( 'NONE', #1645, #1644, #1643 ) ;
#1029 = AXIS2_PLACEMENT_3D ( 'NONE', #28, #682, #684 ) ;
#1030 = EDGE_CURVE ( 'NONE', #876, #864, #1048, .T. ) ;
#1031 = AXIS2_PLACEMENT_3D ( 'NONE', #681, #564, #565 ) ;
#1032 = AXIS2_PLACEMENT_3D ( 'NONE', #560, #583, #587 ) ;
#1033 = EDGE_CURVE ( 'NONE', #827, #819, #1050, .T. ) ;
#1034 = AXIS2_PLACEMENT_3D ( 'NONE', #566, #580, #581 ) ;
#1035 = EDGE_CURVE ( 'NONE', #786, #51, #1052, .T. ) ;
#1036 = EDGE_CURVE ( 'NONE', #868, #887, #1054, .T. ) ;
#1037 = EDGE_CURVE ( 'NONE', #832, #827, #1056, .T. ) ;
#1038 = EDGE_CURVE ( 'NONE', #827, #834, #1058, .T. ) ;
#1039 = EDGE_CURVE ( 'NONE', #804, #808, #1062, .T. ) ;
#1040 = EDGE_CURVE ( 'NONE', #807, #808, #499, .T. ) ;
#1041 = EDGE_CURVE ( 'NONE', #832, #43, #1063, .T. ) ;
#1042 = LINE ( 'NONE', #730, #1043 ) ;
#1043 = VECTOR ( 'NONE', #312, 1000.000000000000000 ) ;
#1044 = LINE ( 'NONE', #74, #1045 ) ;
#1045 = VECTOR ( 'NONE', #1561, 1000.000000000000000 ) ;
#1046 = LINE ( 'NONE', #688, #1047 ) ;
#1047 = VECTOR ( 'NONE', #692, 1000.000000000000000 ) ;
#1048 = LINE ( 'NONE', #691, #1049 ) ;
#1049 = VECTOR ( 'NONE', #690, 1000.000000000000000 ) ;
#1050 = LINE ( 'NONE', #689, #1051 ) ;
#1051 = VECTOR ( 'NONE', #687, 1000.000000000000000 ) ;
#1052 = LINE ( 'NONE', #686, #1053 ) ;
#1053 = VECTOR ( 'NONE', #381, 1000.000000000000100 ) ;
#1054 = LINE ( 'NONE', #319, #1055 ) ;
#1055 = VECTOR ( 'NONE', #318, 1000.000000000000000 ) ;
#1056 = LINE ( 'NONE', #321, #1057 ) ;
#1057 = VECTOR ( 'NONE', #322, 1000.000000000000000 ) ;
#1058 = LINE ( 'NONE', #324, #1059 ) ;
#1059 = VECTOR ( 'NONE', #326, 1000.000000000000000 ) ;
#1060 = FACE_OUTER_BOUND ( 'NONE', #1331, .T. ) ;
#1061 = FACE_OUTER_BOUND ( 'NONE', #1341, .T. ) ;
#1062 = CIRCLE ( 'NONE', #97, 1.600000000000002500 ) ;
#1063 = LINE ( 'NONE', #333, #1064 ) ;
#1064 = VECTOR ( 'NONE', #340, 1000.000000000000000 ) ;
#1065 = FACE_OUTER_BOUND ( 'NONE', #1322, .T. ) ;
#1066 = FACE_OUTER_BOUND ( 'NONE', #1326, .T. ) ;
#1067 = FACE_OUTER_BOUND ( 'NONE', #1323, .T. ) ;
#1068 = FACE_OUTER_BOUND ( 'NONE', #1337, .T. ) ;
#1069 = FACE_OUTER_BOUND ( 'NONE', #1329, .T. ) ;
#1070 = FACE_OUTER_BOUND ( 'NONE', #1324, .T. ) ;
#1071 = FACE_OUTER_BOUND ( 'NONE', #1339, .T. ) ;
#1072 = FACE_OUTER_BOUND ( 'NONE', #1351, .T. ) ;
#1073 = FACE_OUTER_BOUND ( 'NONE', #1320, .T. ) ;
#1074 = FACE_OUTER_BOUND ( 'NONE', #1353, .T. ) ;
#1075 = FACE_OUTER_BOUND ( 'NONE', #1318, .T. ) ;
#1076 = FACE_OUTER_BOUND ( 'NONE', #1321, .T. ) ;
#1077 = FACE_OUTER_BOUND ( 'NONE', #1319, .T. ) ;
#1078 = CYLINDRICAL_SURFACE ( 'NONE', #82, 1.250000000000000200 ) ;
#1079 = FACE_OUTER_BOUND ( 'NONE', #1327, .T. ) ;
#1080 = CYLINDRICAL_SURFACE ( 'NONE', #81, 1.600000000000001000 ) ;
#1081 = FACE_OUTER_BOUND ( 'NONE', #1328, .T. ) ;
#1082 = CYLINDRICAL_SURFACE ( 'NONE', #80, 1.600000000000002500 ) ;
#1083 = FACE_OUTER_BOUND ( 'NONE', #1335, .T. ) ;
#1084 = FACE_OUTER_BOUND ( 'NONE', #1332, .T. ) ;
#1085 = FACE_OUTER_BOUND ( 'NONE', #1348, .T. ) ;
#1086 = FACE_OUTER_BOUND ( 'NONE', #1338, .T. ) ;
#1087 = FACE_OUTER_BOUND ( 'NONE', #1333, .T. ) ;
#1088 = FACE_OUTER_BOUND ( 'NONE', #1340, .T. ) ;
#1089 = FACE_OUTER_BOUND ( 'NONE', #1334, .T. ) ;
#1090 = FACE_OUTER_BOUND ( 'NONE', #1352, .T. ) ;
#1091 = FACE_OUTER_BOUND ( 'NONE', #1342, .T. ) ;
#1092 =( GEOMETRIC_REPRESENTATION_CONTEXT ( 3 ) GLOBAL_UNCERTAINTY_ASSIGNED_CONTEXT ( ( #25 ) ) GLOBAL_UNIT_ASSIGNED_CONTEXT ( ( #138, #153, #162 ) ) REPRESENTATION_CONTEXT ( 'NONE', 'WORKASPACE' ) );
#1093 = SHAPE_DEFINITION_REPRESENTATION ( #1581, #24 ) ;
#1094 = ORGANIZATION ( 'UNSPECIFIED', 'UNSPECIFIED', '' ) ;
#1095 = PERSON_AND_ORGANIZATION ( #510, #1094 ) ;
#1096 = PERSON_AND_ORGANIZATION ( #510, #1094 ) ;
#1097 = APPROVAL_PERSON_ORGANIZATION ( #1096, #116, #181 ) ;
#1098 = COORDINATED_UNIVERSAL_TIME_OFFSET ( 9, 0, .AHEAD. ) ;
#1099 = LOCAL_TIME ( 13, 39, 26.00000000000000000, #1098 ) ;
#1100 = CALENDAR_DATE ( 2015, 23, 7 ) ;
#1101 = DATE_AND_TIME ( #1100, #1099 ) ;
#1102 = APPROVAL_DATE_TIME ( #1101, #116 ) ;
#1103 = PERSON_AND_ORGANIZATION ( #510, #1094 ) ;
#1104 = COORDINATED_UNIVERSAL_TIME_OFFSET ( 9, 0, .AHEAD. ) ;
#1105 = LOCAL_TIME ( 13, 39, 26.00000000000000000, #1104 ) ;
#1106 = CALENDAR_DATE ( 2015, 23, 7 ) ;
#1107 = DATE_AND_TIME ( #1106, #1105 ) ;
#1108 = PERSON_AND_ORGANIZATION ( #510, #1094 ) ;
#1109 = APPROVAL_PERSON_ORGANIZATION ( #1108, #111, #185 ) ;
#1110 = ADVANCED_FACE ( 'NONE', ( #501 ), #332, .F. ) ;
#1111 = ADVANCED_FACE ( 'NONE', ( #1061 ), #736, .F. ) ;
#1112 = ADVANCED_FACE ( 'NONE', ( #1066 ), #351, .F. ) ;
#1113 = ADVANCED_FACE ( 'NONE', ( #1067 ), #391, .T. ) ;
#1114 = ADVANCED_FACE ( 'NONE', ( #1060 ), #362, .F. ) ;
#1115 = ADVANCED_FACE ( 'NONE', ( #1065 ), #346, .T. ) ;
#1116 = ADVANCED_FACE ( 'NONE', ( #1068 ), #388, .F. ) ;
#1117 = ADVANCED_FACE ( 'NONE', ( #1069 ), #378, .T. ) ;
#1118 = ADVANCED_FACE ( 'NONE', ( #1070 ), #389, .F. ) ;
#1119 = ADVANCED_FACE ( 'NONE', ( #1071 ), #407, .T. ) ;
#1120 = ADVANCED_FACE ( 'NONE', ( #1072 ), #405, .F. ) ;
#1121 = ADVANCED_FACE ( 'NONE', ( #1073 ), #1078, .T. ) ;
#1122 = ADVANCED_FACE ( 'NONE', ( #1074 ), #1080, .F. ) ;
#1123 = ADVANCED_FACE ( 'NONE', ( #1075 ), #1082, .F. ) ;
#1124 = ADVANCED_FACE ( 'NONE', ( #1076 ), #396, .F. ) ;
#1125 = ADVANCED_FACE ( 'NONE', ( #1077 ), #400, .T. ) ;
#1126 = ADVANCED_FACE ( 'NONE', ( #1079 ), #417, .F. ) ;
#1127 = ADVANCED_FACE ( 'NONE', ( #1081 ), #415, .F. ) ;
#1128 = ADVANCED_FACE ( 'NONE', ( #1083 ), #408, .F. ) ;
#1129 = ADVANCED_FACE ( 'NONE', ( #1084 ), #395, .F. ) ;
#1130 = ADVANCED_FACE ( 'NONE', ( #1085 ), #331, .F. ) ;
#1131 = ADVANCED_FACE ( 'NONE', ( #1086 ), #335, .F. ) ;
#1132 = ADVANCED_FACE ( 'NONE', ( #1087 ), #359, .F. ) ;
#1133 = ADVANCED_FACE ( 'NONE', ( #1088 ), #334, .F. ) ;
#1134 = ADVANCED_FACE ( 'NONE', ( #1089 ), #131, .T. ) ;
#1135 = ADVANCED_FACE ( 'NONE', ( #1090 ), #160, .F. ) ;
#1136 = ADVANCED_FACE ( 'NONE', ( #1091 ), #173, .F. ) ;
#1137 = ORIENTED_EDGE ( 'NONE', *, *, #974, .F. ) ;
#1138 = ORIENTED_EDGE ( 'NONE', *, *, #1015, .F. ) ;
#1139 = ORIENTED_EDGE ( 'NONE', *, *, #908, .F. ) ;
#1140 = ORIENTED_EDGE ( 'NONE', *, *, #955, .F. ) ;
#1141 = ORIENTED_EDGE ( 'NONE', *, *, #999, .T. ) ;
#1142 = VECTOR ( 'NONE', #1614, 1000.000000000000000 ) ;
#1143 = LINE ( 'NONE', #1608, #1150 ) ;
#1144 = LINE ( 'NONE', #1613, #1145 ) ;
#1145 = VECTOR ( 'NONE', #1611, 1000.000000000000000 ) ;
#1146 = VECTOR ( 'NONE', #1609, 1000.000000000000000 ) ;
#1147 = VECTOR ( 'NONE', #1198, 1000.000000000000000 ) ;
#1148 = VECTOR ( 'NONE', #1605, 1000.000000000000000 ) ;
#1149 = LINE ( 'NONE', #1600, #1147 ) ;
#1150 = VECTOR ( 'NONE', #1603, 1000.000000000000000 ) ;
#1151 = LINE ( 'NONE', #1193, #1157 ) ;
#1152 = LINE ( 'NONE', #1183, #1161 ) ;
#1153 = LINE ( 'NONE', #1606, #1155 ) ;
#1154 = CIRCLE ( 'NONE', #946, 1.250000000000000200 ) ;
#1155 = VECTOR ( 'NONE', #1190, 1000.000000000000000 ) ;
#1156 = LINE ( 'NONE', #1196, #1163 ) ;
#1157 = VECTOR ( 'NONE', #1200, 1000.000000000000100 ) ;
#1158 = LINE ( 'NONE', #1194, #1169 ) ;
#1159 = LINE ( 'NONE', #1199, #1160 ) ;
#1160 = VECTOR ( 'NONE', #1197, 1000.000000000000000 ) ;
#1161 = VECTOR ( 'NONE', #1195, 1000.000000000000000 ) ;
#1162 = LINE ( 'NONE', #1185, #1175 ) ;
#1163 = VECTOR ( 'NONE', #1192, 1000.000000000000000 ) ;
#1164 = LINE ( 'NONE', #433, #1177 ) ;
#1165 = LINE ( 'NONE', #1191, #1166 ) ;
#1166 = VECTOR ( 'NONE', #1189, 1000.000000000000000 ) ;
#1167 = LINE ( 'NONE', #1187, #1168 ) ;
#1168 = VECTOR ( 'NONE', #1186, 1000.000000000000000 ) ;
#1169 = VECTOR ( 'NONE', #1184, 1000.000000000000000 ) ;
#1170 = LINE ( 'NONE', #446, #1179 ) ;
#1171 = LINE ( 'NONE', #1182, #1172 ) ;
#1172 = VECTOR ( 'NONE', #447, 1000.000000000000000 ) ;
#1173 = LINE ( 'NONE', #440, #1174 ) ;
#1174 = VECTOR ( 'NONE', #437, 1000.000000000000000 ) ;
#1175 = VECTOR ( 'NONE', #1188, 1000.000000000000000 ) ;
#1176 = VECTOR ( 'NONE', #435, 1000.000000000000000 ) ;
#1177 = VECTOR ( 'NONE', #444, 1000.000000000000000 ) ;
#1178 = LINE ( 'NONE', #436, #1176 ) ;
#1179 = VECTOR ( 'NONE', #442, 1000.000000000000000 ) ;
#1180 = LINE ( 'NONE', #1589, #1201 ) ;
#1181 = LINE ( 'NONE', #1587, #1228 ) ;
#1182 = CARTESIAN_POINT ( 'NONE',  ( -3.000000000000000000, -14.00000000000000000, 0.9999999999999991100 ) ) ;
#1183 = CARTESIAN_POINT ( 'NONE',  ( -3.000000000000000000, -14.00000000000000000, -3.700000000000000200 ) ) ;
#1184 = DIRECTION ( 'NONE',  ( 1.000000000000000000, 0.0000000000000000000, 0.0000000000000000000 ) ) ;
#1185 = CARTESIAN_POINT ( 'NONE',  ( -0.4000000000000000200, 0.5999999999999999800, -0.1000000000000000100 ) ) ;
#1186 = DIRECTION ( 'NONE',  ( 1.000000000000000000, 0.0000000000000000000, 0.0000000000000000000 ) ) ;
#1187 = CARTESIAN_POINT ( 'NONE',  ( -0.4000000000000000800, -0.5999999999999999800, 0.0000000000000000000 ) ) ;
#1188 = DIRECTION ( 'NONE',  ( -4.517509052022935300E-017, -1.000000000000000000, 0.0000000000000000000 ) ) ;
#1189 = DIRECTION ( 'NONE',  ( 0.0000000000000000000, 1.000000000000000000, 0.0000000000000000000 ) ) ;
#1190 = DIRECTION ( 'NONE',  ( -1.000000000000000000, -0.0000000000000000000, -0.0000000000000000000 ) ) ;
#1191 = CARTESIAN_POINT ( 'NONE',  ( 3.000000000000000000, -14.00000000000000000, 5.000000000000000000 ) ) ;
#1192 = DIRECTION ( 'NONE',  ( 0.0000000000000000000, -1.000000000000000000, -1.084202172485504400E-016 ) ) ;
#1193 = CARTESIAN_POINT ( 'NONE',  ( -0.5999999999999997600, 1.999999999999999100, -2.199999999999999700 ) ) ;
#1194 = CARTESIAN_POINT ( 'NONE',  ( -3.000000000000000000, 2.000000000000000000, -3.700000000000000200 ) ) ;
#1195 = DIRECTION ( 'NONE',  ( 0.0000000000000000000, 1.000000000000000000, 0.0000000000000000000 ) ) ;
#1196 = CARTESIAN_POINT ( 'NONE',  ( 3.000000000000000000, 1.999999999999999100, 9.700000000000001100 ) ) ;
#1197 = DIRECTION ( 'NONE',  ( -4.517509052022935300E-017, -1.000000000000000000, 0.0000000000000000000 ) ) ;
#1198 = DIRECTION ( 'NONE',  ( 1.000000000000000000, 0.0000000000000000000, 0.0000000000000000000 ) ) ;
#1199 = CARTESIAN_POINT ( 'NONE',  ( -0.4000000000000000200, 0.5999999999999999800, 0.0000000000000000000 ) ) ;
#1200 = DIRECTION ( 'NONE',  ( 0.4472135954999580900, 0.0000000000000000000, 0.8944271909999157400 ) ) ;
#1201 = VECTOR ( 'NONE', #1588, 1000.000000000000000 ) ;
#1202 = CIRCLE ( 'NONE', #957, 1.250000000000000200 ) ;
#1203 = LINE ( 'NONE', #434, #1204 ) ;
#1204 = VECTOR ( 'NONE', #432, 1000.000000000000000 ) ;
#1205 = LINE ( 'NONE', #431, #1206 ) ;
#1206 = VECTOR ( 'NONE', #430, 1000.000000000000000 ) ;
#1207 = LINE ( 'NONE', #1594, #1208 ) ;
#1208 = VECTOR ( 'NONE', #1593, 1000.000000000000000 ) ;
#1209 = LINE ( 'NONE', #1585, #1210 ) ;
#1210 = VECTOR ( 'NONE', #1599, 1000.000000000000000 ) ;
#1211 = LINE ( 'NONE', #1598, #1212 ) ;
#1212 = VECTOR ( 'NONE', #1597, 1000.000000000000000 ) ;
#1213 = LINE ( 'NONE', #1596, #1214 ) ;
#1214 = VECTOR ( 'NONE', #1595, 1000.000000000000000 ) ;
#1215 = LINE ( 'NONE', #1658, #1230 ) ;
#1216 = LINE ( 'NONE', #441, #1218 ) ;
#1217 = CIRCLE ( 'NONE', #109, 1.600000000000001600 ) ;
#1218 = VECTOR ( 'NONE', #1586, 1000.000000000000000 ) ;
#1219 = LINE ( 'NONE', #1656, #1232 ) ;
#1220 = LINE ( 'NONE', #1584, #1221 ) ;
#1221 = VECTOR ( 'NONE', #1583, 1000.000000000000000 ) ;
#1222 = LINE ( 'NONE', #1657, #1223 ) ;
#1223 = VECTOR ( 'NONE', #1654, 1000.000000000000100 ) ;
#1224 = LINE ( 'NONE', #1648, #1225 ) ;
#1225 = VECTOR ( 'NONE', #1661, 1000.000000000000000 ) ;
#1226 = LINE ( 'NONE', #1660, #1227 ) ;
#1227 = VECTOR ( 'NONE', #1659, 1000.000000000000000 ) ;
#1228 = VECTOR ( 'NONE', #1590, 1000.000000000000000 ) ;
#1229 = LINE ( 'NONE', #1653, #1238 ) ;
#1230 = VECTOR ( 'NONE', #1655, 1000.000000000000000 ) ;
#1231 = LINE ( 'NONE', #253, #532 ) ;
#1232 = VECTOR ( 'NONE', #1652, 1000.000000000000000 ) ;
#1233 = LINE ( 'NONE', #515, #538 ) ;
#1234 = LINE ( 'NONE', #1651, #1235 ) ;
#1235 = VECTOR ( 'NONE', #1650, 1000.000000000000000 ) ;
#1236 = LINE ( 'NONE', #1649, #1237 ) ;
#1237 = VECTOR ( 'NONE', #258, 1000.000000000000000 ) ;
#1238 = VECTOR ( 'NONE', #265, 1000.000000000000000 ) ;
#1239 = CIRCLE ( 'NONE', #99, 1.600000000000002500 ) ;
#1240 = LINE ( 'NONE', #264, #1241 ) ;
#1241 = VECTOR ( 'NONE', #263, 1000.000000000000000 ) ;
#1242 = ORIENTED_EDGE ( 'NONE', *, *, #1023, .T. ) ;
#1243 = ORIENTED_EDGE ( 'NONE', *, *, #1013, .F. ) ;
#1244 = ORIENTED_EDGE ( 'NONE', *, *, #1020, .F. ) ;
#1245 = ORIENTED_EDGE ( 'NONE', *, *, #925, .T. ) ;
#1246 = ORIENTED_EDGE ( 'NONE', *, *, #875, .F. ) ;
#1247 = ORIENTED_EDGE ( 'NONE', *, *, #873, .F. ) ;
#1248 = ORIENTED_EDGE ( 'NONE', *, *, #840, .F. ) ;
#1249 = ORIENTED_EDGE ( 'NONE', *, *, #1008, .F. ) ;
#1250 = ORIENTED_EDGE ( 'NONE', *, *, #814, .F. ) ;
#1251 = ORIENTED_EDGE ( 'NONE', *, *, #965, .F. ) ;
#1252 = ORIENTED_EDGE ( 'NONE', *, *, #1035, .F. ) ;
#1253 = ORIENTED_EDGE ( 'NONE', *, *, #919, .T. ) ;
#1254 = ORIENTED_EDGE ( 'NONE', *, *, #925, .F. ) ;
#1255 = ORIENTED_EDGE ( 'NONE', *, *, #930, .F. ) ;
#1256 = ORIENTED_EDGE ( 'NONE', *, *, #915, .T. ) ;
#1257 = ORIENTED_EDGE ( 'NONE', *, *, #922, .T. ) ;
#1258 = ORIENTED_EDGE ( 'NONE', *, *, #915, .F. ) ;
#1259 = ORIENTED_EDGE ( 'NONE', *, *, #850, .F. ) ;
#1260 = ORIENTED_EDGE ( 'NONE', *, *, #971, .F. ) ;
#1261 = ORIENTED_EDGE ( 'NONE', *, *, #840, .T. ) ;
#1262 = ORIENTED_EDGE ( 'NONE', *, *, #971, .T. ) ;
#1263 = ORIENTED_EDGE ( 'NONE', *, *, #972, .F. ) ;
#1264 = ORIENTED_EDGE ( 'NONE', *, *, #975, .F. ) ;
#1265 = ORIENTED_EDGE ( 'NONE', *, *, #1008, .T. ) ;
#1266 = ORIENTED_EDGE ( 'NONE', *, *, #975, .T. ) ;
#1267 = ORIENTED_EDGE ( 'NONE', *, *, #976, .F. ) ;
#1268 = ORIENTED_EDGE ( 'NONE', *, *, #977, .F. ) ;
#1269 = ORIENTED_EDGE ( 'NONE', *, *, #814, .T. ) ;
#1270 = ORIENTED_EDGE ( 'NONE', *, *, #977, .T. ) ;
#1271 = ORIENTED_EDGE ( 'NONE', *, *, #979, .F. ) ;
#1272 = ORIENTED_EDGE ( 'NONE', *, *, #1003, .F. ) ;
#1273 = ORIENTED_EDGE ( 'NONE', *, *, #965, .T. ) ;
#1274 = ORIENTED_EDGE ( 'NONE', *, *, #1003, .T. ) ;
#1275 = ORIENTED_EDGE ( 'NONE', *, *, #978, .F. ) ;
#1276 = ORIENTED_EDGE ( 'NONE', *, *, #902, .F. ) ;
#1277 = ORIENTED_EDGE ( 'NONE', *, *, #1035, .T. ) ;
#1278 = ORIENTED_EDGE ( 'NONE', *, *, #907, .T. ) ;
#1279 = ORIENTED_EDGE ( 'NONE', *, *, #1038, .T. ) ;
#1280 = ORIENTED_EDGE ( 'NONE', *, *, #1037, .T. ) ;
#1281 = ORIENTED_EDGE ( 'NONE', *, *, #954, .T. ) ;
#1282 = ORIENTED_EDGE ( 'NONE', *, *, #953, .T. ) ;
#1283 = ORIENTED_EDGE ( 'NONE', *, *, #987, .T. ) ;
#1284 = ORIENTED_EDGE ( 'NONE', *, *, #905, .T. ) ;
#1285 = ORIENTED_EDGE ( 'NONE', *, *, #903, .T. ) ;
#1286 = ORIENTED_EDGE ( 'NONE', *, *, #987, .F. ) ;
#1287 = ORIENTED_EDGE ( 'NONE', *, *, #968, .F. ) ;
#1288 = FACE_OUTER_BOUND ( 'NONE', #1330, .T. ) ;
#1289 = CLOSED_SHELL ( 'NONE', ( #140, #141, #148, #149, #143, #142, #144, #147, #151, #145, #146, #150, #156, #155, #164, #159, #152, #167, #166, #154, #158, #163, #165, #161, #157, #1130, #1133, #1129, #1131, #1127, #1135, #1132, #1126, #1136, #1128, #1134, #139, #1120, #1112, #1114, #1116, #1111, #1115, #1118, #1113, #1119, #1117, #1110, #1124, #1121, #1125, #1122, #1123 ) ) ;
#1290 = ORIENTED_EDGE ( 'NONE', *, *, #1022, .T. ) ;
#1291 = ORIENTED_EDGE ( 'NONE', *, *, #958, .F. ) ;
#1292 = ORIENTED_EDGE ( 'NONE', *, *, #1021, .F. ) ;
#1293 = ORIENTED_EDGE ( 'NONE', *, *, #985, .T. ) ;
#1294 = ORIENTED_EDGE ( 'NONE', *, *, #1021, .T. ) ;
#1295 = ORIENTED_EDGE ( 'NONE', *, *, #959, .F. ) ;
#1296 = ORIENTED_EDGE ( 'NONE', *, *, #969, .F. ) ;
#1297 = ORIENTED_EDGE ( 'NONE', *, *, #1007, .T. ) ;
#1298 = ORIENTED_EDGE ( 'NONE', *, *, #969, .T. ) ;
#1299 = ORIENTED_EDGE ( 'NONE', *, *, #937, .F. ) ;
#1300 = ORIENTED_EDGE ( 'NONE', *, *, #980, .F. ) ;
#1301 = ORIENTED_EDGE ( 'NONE', *, *, #928, .T. ) ;
#1302 = ORIENTED_EDGE ( 'NONE', *, *, #979, .T. ) ;
#1303 = ORIENTED_EDGE ( 'NONE', *, *, #976, .T. ) ;
#1304 = ORIENTED_EDGE ( 'NONE', *, *, #972, .T. ) ;
#1305 = ORIENTED_EDGE ( 'NONE', *, *, #850, .T. ) ;
#1306 = ORIENTED_EDGE ( 'NONE', *, *, #831, .T. ) ;
#1307 = ORIENTED_EDGE ( 'NONE', *, *, #960, .T. ) ;
#1308 = ORIENTED_EDGE ( 'NONE', *, *, #978, .T. ) ;
#1309 = ORIENTED_EDGE ( 'NONE', *, *, #902, .T. ) ;
#1310 = ORIENTED_EDGE ( 'NONE', *, *, #960, .F. ) ;
#1311 = ORIENTED_EDGE ( 'NONE', *, *, #852, .F. ) ;
#1312 = ORIENTED_EDGE ( 'NONE', *, *, #875, .T. ) ;
#1313 = ORIENTED_EDGE ( 'NONE', *, *, #852, .T. ) ;
#1314 = ORIENTED_EDGE ( 'NONE', *, *, #831, .F. ) ;
#1315 = ORIENTED_EDGE ( 'NONE', *, *, #896, .F. ) ;
#1316 = ORIENTED_EDGE ( 'NONE', *, *, #873, .T. ) ;
#1317 = ORIENTED_EDGE ( 'NONE', *, *, #896, .T. ) ;
#1318 = EDGE_LOOP ( 'NONE', ( #1437, #1438, #1439, #1440 ) ) ;
#1319 = EDGE_LOOP ( 'NONE', ( #1431, #1432 ) ) ;
#1320 = EDGE_LOOP ( 'NONE', ( #1427, #1428, #1429, #1430 ) ) ;
#1321 = EDGE_LOOP ( 'NONE', ( #1423, #1424, #1425, #1426 ) ) ;
#1322 = EDGE_LOOP ( 'NONE', ( #310, #1442, #1443, #1444 ) ) ;
#1323 = EDGE_LOOP ( 'NONE', ( #1407, #1408, #1409, #1410 ) ) ;
#1324 = EDGE_LOOP ( 'NONE', ( #1441, #1500, #1405, #1406 ) ) ;
#1325 = EDGE_LOOP ( 'NONE', ( #1419, #1420, #1421, #1422 ) ) ;
#1326 = EDGE_LOOP ( 'NONE', ( #1447, #1446, #1445, #1499 ) ) ;
#1327 = EDGE_LOOP ( 'NONE', ( #1297, #1296, #1295, #1294 ) ) ;
#1328 = EDGE_LOOP ( 'NONE', ( #1312, #1311, #1310, #1309 ) ) ;
#1329 = EDGE_LOOP ( 'NONE', ( #1415, #1416, #1417, #1418 ) ) ;
#1330 = EDGE_LOOP ( 'NONE', ( #1455, #1454, #1453, #1452 ) ) ;
#1331 = EDGE_LOOP ( 'NONE', ( #1498, #1497, #1496, #1495 ) ) ;
#1332 = EDGE_LOOP ( 'NONE', ( #1261, #1260, #1259, #1317 ) ) ;
#1333 = EDGE_LOOP ( 'NONE', ( #1301, #1300, #1299, #1298 ) ) ;
#1334 = EDGE_LOOP ( 'NONE', ( #1459, #1458, #1457, #1456 ) ) ;
#1335 = EDGE_LOOP ( 'NONE', ( #1463, #1462, #1461, #1460 ) ) ;
#1336 = EDGE_LOOP ( 'NONE', ( #1358, #1357, #1356, #1355 ) ) ;
#1337 = EDGE_LOOP ( 'NONE', ( #1494, #1493, #1492, #1491 ) ) ;
#1338 = EDGE_LOOP ( 'NONE', ( #1316, #1315, #1314, #1313 ) ) ;
#1339 = EDGE_LOOP ( 'NONE', ( #1411, #1412, #1413, #1414 ) ) ;
#1340 = EDGE_LOOP ( 'NONE', ( #1265, #1264, #1263, #1262 ) ) ;
#1341 = EDGE_LOOP ( 'NONE', ( #1490, #308, #307, #305 ) ) ;
#1342 = EDGE_LOOP ( 'NONE', ( #1293, #1292, #1291, #1290 ) ) ;
#1343 = EDGE_LOOP ( 'NONE', ( #1404, #1392 ) ) ;
#1344 = EDGE_LOOP ( 'NONE', ( #1354, #1287, #1286, #1285 ) ) ;
#1345 = EDGE_LOOP ( 'NONE', ( #1273, #1272, #1271, #1270 ) ) ;
#1346 = EDGE_LOOP ( 'NONE', ( #1277, #1276, #1275, #1274 ) ) ;
#1347 = EDGE_LOOP ( 'NONE', ( #1284, #1283, #1282, #1281, #1280, #1279, #1278 ) ) ;
#1348 = EDGE_LOOP ( 'NONE', ( #1269, #1268, #1267, #1266 ) ) ;
#1349 = EDGE_LOOP ( 'NONE', ( #1390, #1391, #1393, #1396, #1394, #1401, #1387, #1389, #1388, #1382, #1381, #1380 ) ) ;
#1350 = EDGE_LOOP ( 'NONE', ( #1362, #1361, #1360, #1359 ) ) ;
#1351 = EDGE_LOOP ( 'NONE', ( #1451, #1450, #1449, #1448 ) ) ;
#1352 = EDGE_LOOP ( 'NONE', ( #1308, #1307, #1306, #1305, #1304, #1303, #1302 ) ) ;
#1353 = EDGE_LOOP ( 'NONE', ( #1433, #1434, #1435, #1436 ) ) ;
#1354 = ORIENTED_EDGE ( 'NONE', *, *, #904, .T. ) ;
#1355 = ORIENTED_EDGE ( 'NONE', *, *, #968, .T. ) ;
#1356 = ORIENTED_EDGE ( 'NONE', *, *, #953, .F. ) ;
#1357 = ORIENTED_EDGE ( 'NONE', *, *, #950, .F. ) ;
#1358 = ORIENTED_EDGE ( 'NONE', *, *, #974, .T. ) ;
#1359 = ORIENTED_EDGE ( 'NONE', *, *, #950, .T. ) ;
#1360 = ORIENTED_EDGE ( 'NONE', *, *, #954, .F. ) ;
#1361 = ORIENTED_EDGE ( 'NONE', *, *, #1041, .F. ) ;
#1362 = ORIENTED_EDGE ( 'NONE', *, *, #911, .T. ) ;
#1363 = ORIENTED_EDGE ( 'NONE', *, *, #1041, .T. ) ;
#1364 = ORIENTED_EDGE ( 'NONE', *, *, #1037, .F. ) ;
#1365 = ORIENTED_EDGE ( 'NONE', *, *, #1033, .F. ) ;
#1366 = ORIENTED_EDGE ( 'NONE', *, *, #1015, .T. ) ;
#1367 = ORIENTED_EDGE ( 'NONE', *, *, #1033, .T. ) ;
#1368 = ORIENTED_EDGE ( 'NONE', *, *, #1038, .F. ) ;
#1369 = ORIENTED_EDGE ( 'NONE', *, *, #913, .F. ) ;
#1370 = ORIENTED_EDGE ( 'NONE', *, *, #899, .F. ) ;
#1371 = ORIENTED_EDGE ( 'NONE', *, *, #1001, .T. ) ;
#1372 = ORIENTED_EDGE ( 'NONE', *, *, #913, .T. ) ;
#1373 = ORIENTED_EDGE ( 'NONE', *, *, #907, .F. ) ;
#1374 = ORIENTED_EDGE ( 'NONE', *, *, #906, .F. ) ;
#1375 = ORIENTED_EDGE ( 'NONE', *, *, #885, .T. ) ;
#1376 = ORIENTED_EDGE ( 'NONE', *, *, #906, .T. ) ;
#1377 = ORIENTED_EDGE ( 'NONE', *, *, #905, .F. ) ;
#1378 = ORIENTED_EDGE ( 'NONE', *, *, #903, .F. ) ;
#1379 = ORIENTED_EDGE ( 'NONE', *, *, #927, .T. ) ;
#1380 = ORIENTED_EDGE ( 'NONE', *, *, #983, .T. ) ;
#1381 = ORIENTED_EDGE ( 'NONE', *, *, #931, .T. ) ;
#1382 = ORIENTED_EDGE ( 'NONE', *, *, #901, .T. ) ;
#1383 = ORIENTED_EDGE ( 'NONE', *, *, #1023, .F. ) ;
#1384 = ORIENTED_EDGE ( 'NONE', *, *, #919, .F. ) ;
#1385 = ORIENTED_EDGE ( 'NONE', *, *, #938, .F. ) ;
#1386 = ORIENTED_EDGE ( 'NONE', *, *, #1002, .F. ) ;
#1387 = ORIENTED_EDGE ( 'NONE', *, *, #1010, .T. ) ;
#1388 = ORIENTED_EDGE ( 'NONE', *, *, #930, .T. ) ;
#1389 = ORIENTED_EDGE ( 'NONE', *, *, #1020, .T. ) ;
#1390 = ORIENTED_EDGE ( 'NONE', *, *, #914, .T. ) ;
#1391 = ORIENTED_EDGE ( 'NONE', *, *, #982, .T. ) ;
#1392 = ORIENTED_EDGE ( 'NONE', *, *, #908, .T. ) ;
#1393 = ORIENTED_EDGE ( 'NONE', *, *, #942, .T. ) ;
#1394 = ORIENTED_EDGE ( 'NONE', *, *, #843, .T. ) ;
#1395 = ORIENTED_EDGE ( 'NONE', *, *, #1024, .F. ) ;
#1396 = ORIENTED_EDGE ( 'NONE', *, *, #917, .T. ) ;
#1397 = ORIENTED_EDGE ( 'NONE', *, *, #998, .F. ) ;
#1398 = ORIENTED_EDGE ( 'NONE', *, *, #893, .F. ) ;
#1399 = ORIENTED_EDGE ( 'NONE', *, *, #929, .F. ) ;
#1400 = ORIENTED_EDGE ( 'NONE', *, *, #909, .T. ) ;
#1401 = ORIENTED_EDGE ( 'NONE', *, *, #895, .F. ) ;
#1402 = ORIENTED_EDGE ( 'NONE', *, *, #955, .T. ) ;
#1403 = ORIENTED_EDGE ( 'NONE', *, *, #922, .F. ) ;
#1404 = ORIENTED_EDGE ( 'NONE', *, *, #910, .T. ) ;
#1405 = ORIENTED_EDGE ( 'NONE', *, *, #945, .F. ) ;
#1406 = ORIENTED_EDGE ( 'NONE', *, *, #835, .F. ) ;
#1407 = ORIENTED_EDGE ( 'NONE', *, *, #996, .T. ) ;
#1408 = ORIENTED_EDGE ( 'NONE', *, *, #835, .T. ) ;
#1409 = ORIENTED_EDGE ( 'NONE', *, *, #898, .T. ) ;
#1410 = ORIENTED_EDGE ( 'NONE', *, *, #895, .T. ) ;
#1411 = ORIENTED_EDGE ( 'NONE', *, *, #981, .F. ) ;
#1412 = ORIENTED_EDGE ( 'NONE', *, *, #1000, .F. ) ;
#1413 = ORIENTED_EDGE ( 'NONE', *, *, #944, .F. ) ;
#1414 = ORIENTED_EDGE ( 'NONE', *, *, #1030, .F. ) ;
#1415 = ORIENTED_EDGE ( 'NONE', *, *, #1004, .F. ) ;
#1416 = ORIENTED_EDGE ( 'NONE', *, *, #1014, .F. ) ;
#1417 = ORIENTED_EDGE ( 'NONE', *, *, #1005, .F. ) ;
#1418 = ORIENTED_EDGE ( 'NONE', *, *, #956, .F. ) ;
#1419 = ORIENTED_EDGE ( 'NONE', *, *, #934, .T. ) ;
#1420 = ORIENTED_EDGE ( 'NONE', *, *, #970, .F. ) ;
#1421 = ORIENTED_EDGE ( 'NONE', *, *, #914, .F. ) ;
#1422 = ORIENTED_EDGE ( 'NONE', *, *, #826, .T. ) ;
#1423 = ORIENTED_EDGE ( 'NONE', *, *, #899, .T. ) ;
#1424 = ORIENTED_EDGE ( 'NONE', *, *, #926, .F. ) ;
#1425 = ORIENTED_EDGE ( 'NONE', *, *, #931, .F. ) ;
#1426 = ORIENTED_EDGE ( 'NONE', *, *, #839, .T. ) ;
#1427 = ORIENTED_EDGE ( 'NONE', *, *, #921, .F. ) ;
#1428 = ORIENTED_EDGE ( 'NONE', *, *, #847, .F. ) ;
#1429 = ORIENTED_EDGE ( 'NONE', *, *, #918, .T. ) ;
#1430 = ORIENTED_EDGE ( 'NONE', *, *, #924, .T. ) ;
#1431 = ORIENTED_EDGE ( 'NONE', *, *, #847, .T. ) ;
#1432 = ORIENTED_EDGE ( 'NONE', *, *, #986, .T. ) ;
#1433 = ORIENTED_EDGE ( 'NONE', *, *, #973, .F. ) ;
#1434 = ORIENTED_EDGE ( 'NONE', *, *, #910, .F. ) ;
#1435 = ORIENTED_EDGE ( 'NONE', *, *, #916, .T. ) ;
#1436 = ORIENTED_EDGE ( 'NONE', *, *, #1011, .T. ) ;
#1437 = ORIENTED_EDGE ( 'NONE', *, *, #1040, .F. ) ;
#1438 = ORIENTED_EDGE ( 'NONE', *, *, #909, .F. ) ;
#1439 = ORIENTED_EDGE ( 'NONE', *, *, #1017, .T. ) ;
#1440 = ORIENTED_EDGE ( 'NONE', *, *, #1039, .T. ) ;
#1441 = ORIENTED_EDGE ( 'NONE', *, *, #984, .T. ) ;
#1442 = ORIENTED_EDGE ( 'NONE', *, *, #838, .T. ) ;
#1443 = ORIENTED_EDGE ( 'NONE', *, *, #854, .T. ) ;
#1444 = ORIENTED_EDGE ( 'NONE', *, *, #997, .T. ) ;
#1445 = ORIENTED_EDGE ( 'NONE', *, *, #912, .F. ) ;
#1446 = ORIENTED_EDGE ( 'NONE', *, *, #1016, .F. ) ;
#1447 = ORIENTED_EDGE ( 'NONE', *, *, #829, .T. ) ;
#1448 = ORIENTED_EDGE ( 'NONE', *, *, #1016, .T. ) ;
#1449 = ORIENTED_EDGE ( 'NONE', *, *, #900, .F. ) ;
#1450 = ORIENTED_EDGE ( 'NONE', *, *, #964, .F. ) ;
#1451 = ORIENTED_EDGE ( 'NONE', *, *, #1018, .T. ) ;
#1452 = ORIENTED_EDGE ( 'NONE', *, *, #964, .T. ) ;
#1453 = ORIENTED_EDGE ( 'NONE', *, *, #923, .F. ) ;
#1454 = ORIENTED_EDGE ( 'NONE', *, *, #891, .F. ) ;
#1455 = ORIENTED_EDGE ( 'NONE', *, *, #1019, .T. ) ;
#1456 = ORIENTED_EDGE ( 'NONE', *, *, #959, .T. ) ;
#1457 = ORIENTED_EDGE ( 'NONE', *, *, #958, .T. ) ;
#1458 = ORIENTED_EDGE ( 'NONE', *, *, #995, .T. ) ;
#1459 = ORIENTED_EDGE ( 'NONE', *, *, #937, .T. ) ;
#1460 = ORIENTED_EDGE ( 'NONE', *, *, #980, .T. ) ;
#1461 = ORIENTED_EDGE ( 'NONE', *, *, #995, .F. ) ;
#1462 = ORIENTED_EDGE ( 'NONE', *, *, #1022, .F. ) ;
#1463 = ORIENTED_EDGE ( 'NONE', *, *, #932, .T. ) ;
#1464 = EDGE_LOOP ( 'NONE', ( #247, #244, #248, #250 ) ) ;
#1465 = EDGE_LOOP ( 'NONE', ( #306, #311, #1258, #1257 ) ) ;
#1466 = EDGE_LOOP ( 'NONE', ( #7, #8, #9, #10 ) ) ;
#1467 = EDGE_LOOP ( 'NONE', ( #11, #12, #13, #14 ) ) ;
#1468 = EDGE_LOOP ( 'NONE', ( #1665, #1664, #1663, #1662 ) ) ;
#1469 = EDGE_LOOP ( 'NONE', ( #20, #19, #206, #205 ) ) ;
#1470 = EDGE_LOOP ( 'NONE', ( #1252, #1251, #1250, #1249, #1248, #1247, #1246 ) ) ;
#1471 = EDGE_LOOP ( 'NONE', ( #1256, #1255, #1254, #1253 ) ) ;
#1472 = EDGE_LOOP ( 'NONE', ( #1375, #1374, #1373, #1372 ) ) ;
#1473 = EDGE_LOOP ( 'NONE', ( #424, #556, #425, #1138, #245, #1137, #246 ) ) ;
#1474 = EDGE_LOOP ( 'NONE', ( #204, #203, #202, #201 ) ) ;
#1475 = EDGE_LOOP ( 'NONE', ( #1371, #1369, #1368, #1367 ) ) ;
#1476 = EDGE_LOOP ( 'NONE', ( #1400, #1402 ) ) ;
#1477 = EDGE_LOOP ( 'NONE', ( #200, #199, #198, #197, #196, #195, #71, #70, #69, #68 ) ) ;
#1478 = EDGE_LOOP ( 'NONE', ( #1379, #1378, #1377, #1376 ) ) ;
#1479 = EDGE_LOOP ( 'NONE', ( #4, #3, #2, #1, #18, #17, #16, #15, #22, #21 ) ) ;
#1480 = EDGE_LOOP ( 'NONE', ( #428, #429, #422, #423 ) ) ;
#1481 = EDGE_LOOP ( 'NONE', ( #1139, #727, #5, #6 ) ) ;
#1482 = EDGE_LOOP ( 'NONE', ( #421, #420 ) ) ;
#1483 = EDGE_LOOP ( 'NONE', ( #426, #427 ) ) ;
#1484 = EDGE_LOOP ( 'NONE', ( #559, #558, #1395, #1370, #1403, #1384, #1383, #1385, #1386, #1397, #1398, #1399 ) ) ;
#1485 = EDGE_LOOP ( 'NONE', ( #1140, #509, #1141, #508 ) ) ;
#1486 = EDGE_LOOP ( 'NONE', ( #1366, #1365, #1364, #1363 ) ) ;
#1487 = EDGE_LOOP ( 'NONE', ( #249, #243, #242, #309 ) ) ;
#1488 = EDGE_LOOP ( 'NONE', ( #419, #418 ) ) ;
#1489 = EDGE_LOOP ( 'NONE', ( #1245, #1244, #1243, #1242 ) ) ;
#1490 = ORIENTED_EDGE ( 'NONE', *, *, #1036, .T. ) ;
#1491 = ORIENTED_EDGE ( 'NONE', *, *, #939, .F. ) ;
#1492 = ORIENTED_EDGE ( 'NONE', *, *, #829, .F. ) ;
#1493 = ORIENTED_EDGE ( 'NONE', *, *, #1018, .F. ) ;
#1494 = ORIENTED_EDGE ( 'NONE', *, *, #1019, .F. ) ;
#1495 = ORIENTED_EDGE ( 'NONE', *, *, #891, .T. ) ;
#1496 = ORIENTED_EDGE ( 'NONE', *, *, #994, .F. ) ;
#1497 = ORIENTED_EDGE ( 'NONE', *, *, #943, .F. ) ;
#1498 = ORIENTED_EDGE ( 'NONE', *, *, #939, .T. ) ;
#1499 = ORIENTED_EDGE ( 'NONE', *, *, #943, .T. ) ;
#1500 = ORIENTED_EDGE ( 'NONE', *, *, #1030, .T. ) ;
#1501 = FACE_OUTER_BOUND ( 'NONE', #1480, .T. ) ;
#1502 = FACE_BOUND ( 'NONE', #1473, .T. ) ;
#1503 = FACE_BOUND ( 'NONE', #1468, .T. ) ;
#1504 = FACE_OUTER_BOUND ( 'NONE', #1485, .T. ) ;
#1505 = FACE_OUTER_BOUND ( 'NONE', #1481, .T. ) ;
#1506 = CYLINDRICAL_SURFACE ( 'NONE', #949, 1.600000000000002500 ) ;
#1507 = FACE_BOUND ( 'NONE', #1470, .T. ) ;
#1508 = CYLINDRICAL_SURFACE ( 'NONE', #963, 1.600000000000001000 ) ;
#1509 = FACE_OUTER_BOUND ( 'NONE', #1464, .T. ) ;
#1510 = FACE_OUTER_BOUND ( 'NONE', #1487, .T. ) ;
#1511 = FACE_OUTER_BOUND ( 'NONE', #1479, .T. ) ;
#1512 = FACE_OUTER_BOUND ( 'NONE', #1465, .T. ) ;
#1513 = FACE_OUTER_BOUND ( 'NONE', #1489, .T. ) ;
#1514 = FACE_OUTER_BOUND ( 'NONE', #1469, .T. ) ;
#1515 = FACE_OUTER_BOUND ( 'NONE', #1467, .T. ) ;
#1516 = FACE_OUTER_BOUND ( 'NONE', #1466, .T. ) ;
#1517 = FACE_BOUND ( 'NONE', #1482, .T. ) ;
#1518 = FACE_OUTER_BOUND ( 'NONE', #1472, .T. ) ;
#1519 = CYLINDRICAL_SURFACE ( 'NONE', #952, 1.250000000000000200 ) ;
#1520 = FACE_BOUND ( 'NONE', #1483, .T. ) ;
#1521 = FACE_OUTER_BOUND ( 'NONE', #1471, .T. ) ;
#1522 = FACE_OUTER_BOUND ( 'NONE', #1350, .T. ) ;
#1523 = FACE_OUTER_BOUND ( 'NONE', #1345, .T. ) ;
#1524 = FACE_OUTER_BOUND ( 'NONE', #1477, .T. ) ;
#1525 = FACE_OUTER_BOUND ( 'NONE', #1336, .T. ) ;
#1526 = FACE_BOUND ( 'NONE', #1488, .T. ) ;
#1527 = FACE_BOUND ( 'NONE', #1474, .T. ) ;
#1528 = FACE_OUTER_BOUND ( 'NONE', #1484, .T. ) ;
#1529 = FACE_OUTER_BOUND ( 'NONE', #1344, .T. ) ;
#1530 = FACE_OUTER_BOUND ( 'NONE', #1478, .T. ) ;
#1531 = FACE_OUTER_BOUND ( 'NONE', #1346, .T. ) ;
#1532 = FACE_BOUND ( 'NONE', #1476, .T. ) ;
#1533 = FACE_OUTER_BOUND ( 'NONE', #1475, .T. ) ;
#1534 = VECTOR ( 'NONE', #662, 1000.000000000000000 ) ;
#1535 = VECTOR ( 'NONE', #640, 1000.000000000000000 ) ;
#1536 = FACE_BOUND ( 'NONE', #1343, .T. ) ;
#1537 = FACE_OUTER_BOUND ( 'NONE', #1347, .T. ) ;
#1538 = FACE_OUTER_BOUND ( 'NONE', #1349, .T. ) ;
#1539 = FACE_OUTER_BOUND ( 'NONE', #1486, .T. ) ;
#1540 = LINE ( 'NONE', #660, #1545 ) ;
#1541 = VECTOR ( 'NONE', #228, 1000.000000000000000 ) ;
#1542 = LINE ( 'NONE', #663, #1534 ) ;
#1543 = LINE ( 'NONE', #642, #1535 ) ;
#1544 = LINE ( 'NONE', #230, #1541 ) ;
#1545 = VECTOR ( 'NONE', #605, 1000.000000000000000 ) ;
#1546 = LINE ( 'NONE', #225, #1551 ) ;
#1547 = LINE ( 'NONE', #608, #1548 ) ;
#1548 = VECTOR ( 'NONE', #241, 1000.000000000000000 ) ;
#1549 = LINE ( 'NONE', #207, #1555 ) ;
#1550 = VECTOR ( 'NONE', #229, 1000.000000000000000 ) ;
#1551 = VECTOR ( 'NONE', #219, 1000.000000000000000 ) ;
#1552 = VECTOR ( 'NONE', #239, 1000.000000000000000 ) ;
#1553 = LINE ( 'NONE', #215, #1552 ) ;
#1554 = LINE ( 'NONE', #234, #1550 ) ;
#1555 = VECTOR ( 'NONE', #237, 1000.000000000000000 ) ;
#1556 = VECTOR ( 'NONE', #220, 1000.000000000000000 ) ;
#1557 = LINE ( 'NONE', #694, #1574 ) ;
#1558 = LINE ( 'NONE', #218, #1564 ) ;
#1559 = LINE ( 'NONE', #717, #1568 ) ;
#1560 = LINE ( 'NONE', #221, #1556 ) ;
#1561 = DIRECTION ( 'NONE',  ( 0.0000000000000000000, 0.0000000000000000000, 1.000000000000000000 ) ) ;
#1562 = CIRCLE ( 'NONE', #993, 1.250000000000000000 ) ;
#1563 = LINE ( 'NONE', #713, #1571 ) ;
#1564 = VECTOR ( 'NONE', #214, 1000.000000000000000 ) ;
#1565 = LINE ( 'NONE', #212, #1566 ) ;
#1566 = VECTOR ( 'NONE', #211, 1000.000000000000000 ) ;
#1567 = VECTOR ( 'NONE', #695, 1000.000000000000000 ) ;
#1568 = VECTOR ( 'NONE', #715, 1000.000000000000000 ) ;
#1569 = CIRCLE ( 'NONE', #894, 1.600000000000001000 ) ;
#1570 = LINE ( 'NONE', #696, #1567 ) ;
#1571 = VECTOR ( 'NONE', #710, 1000.000000000000100 ) ;
#1572 = LINE ( 'NONE', #1691, #1578 ) ;
#1573 = LINE ( 'NONE', #1684, #272 ) ;
#1574 = VECTOR ( 'NONE', #1693, 1000.000000000000000 ) ;
#1575 = VECTOR ( 'NONE', #1686, 1000.000000000000000 ) ;
#1576 = LINE ( 'NONE', #1692, #1575 ) ;
#1577 = LINE ( 'NONE', #1685, #278 ) ;
#1578 = VECTOR ( 'NONE', #1680, 1000.000000000000000 ) ;
#1579 = LINE ( 'NONE', #1677, #282 ) ;
#1580 = LINE ( 'NONE', #1675, #557 ) ;
#1581 = PRODUCT_DEFINITION_SHAPE ( 'NONE', 'NONE',  #117 ) ;
#1582 = DESIGN_CONTEXT ( 'detailed design', #178, 'design' ) ;
#1583 = DIRECTION ( 'NONE',  ( -1.000000000000000000, -0.0000000000000000000, -0.0000000000000000000 ) ) ;
#1584 = CARTESIAN_POINT ( 'NONE',  ( -0.4000000000000000200, 0.5999999999999999800, -0.1000000000000000100 ) ) ;
#1585 = CARTESIAN_POINT ( 'NONE',  ( 0.4000000000000001900, 1.949999999999999300, -2.199999999999999700 ) ) ;
#1586 = DIRECTION ( 'NONE',  ( -4.517509052022935300E-017, 1.000000000000000000, -0.0000000000000000000 ) ) ;
#1587 = CARTESIAN_POINT ( 'NONE',  ( -0.3999999999999998600, 2.000000000000003600, 7.399999999999999500 ) ) ;
#1588 = DIRECTION ( 'NONE',  ( -1.445602896647339400E-016, -4.336808689942018700E-016, -1.000000000000000000 ) ) ;
#1589 = CARTESIAN_POINT ( 'NONE',  ( -2.500000000000000000, -3.800000000000002900, 1.647987302177968500E-015 ) ) ;
#1590 = DIRECTION ( 'NONE',  ( -1.000000000000000000, 0.0000000000000000000, 0.0000000000000000000 ) ) ;
#1591 = DIRECTION ( 'NONE',  ( 0.0000000000000000000, 0.0000000000000000000, -1.000000000000000000 ) ) ;
#1592 = DIRECTION ( 'NONE',  ( -1.000000000000000000, -0.0000000000000000000, 0.0000000000000000000 ) ) ;
#1593 = DIRECTION ( 'NONE',  ( -0.0000000000000000000, 1.000000000000000000, -2.891205793294678800E-016 ) ) ;
#1594 = CARTESIAN_POINT ( 'NONE',  ( 2.500000000000000900, -4.500000000000001800, 6.000000000000000000 ) ) ;
#1595 = DIRECTION ( 'NONE',  ( -1.355252715606880000E-016, 0.0000000000000000000, -1.000000000000000000 ) ) ;
#1596 = CARTESIAN_POINT ( 'NONE',  ( 0.4000000000000001900, 1.949999999999999300, -2.199999999999999700 ) ) ;
#1597 = DIRECTION ( 'NONE',  ( -1.000000000000000000, 0.0000000000000000000, 0.0000000000000000000 ) ) ;
#1598 = CARTESIAN_POINT ( 'NONE',  ( 0.6000000000000002000, 1.949999999999999300, -2.199999999999999700 ) ) ;
#1599 = DIRECTION ( 'NONE',  ( -0.0000000000000000000, 1.000000000000000000, -0.0000000000000000000 ) ) ;
#1600 = CARTESIAN_POINT ( 'NONE',  ( -3.000000000000000000, 1.999999999999999100, 9.700000000000001100 ) ) ;
#1601 = DIRECTION ( 'NONE',  ( 0.0000000000000000000, 0.0000000000000000000, 1.000000000000000000 ) ) ;
#1602 = DIRECTION ( 'NONE',  ( -0.0000000000000000000, -1.000000000000000000, -0.0000000000000000000 ) ) ;
#1603 = DIRECTION ( 'NONE',  ( -4.517509052022935300E-017, -1.000000000000000000, 0.0000000000000000000 ) ) ;
#1604 = CARTESIAN_POINT ( 'NONE',  ( -4.336808689942017700E-016, -12.99999999999999800, 2.999999999999999100 ) ) ;
#1605 = DIRECTION ( 'NONE',  ( 0.0000000000000000000, 0.0000000000000000000, -1.000000000000000000 ) ) ;
#1606 = CARTESIAN_POINT ( 'NONE',  ( 3.000000000000000000, -13.00000000000000200, 5.000000000000000000 ) ) ;
#1607 = DIRECTION ( 'NONE',  ( 0.0000000000000000000, 4.688441826964343300E-016, 1.000000000000000000 ) ) ;
#1608 = CARTESIAN_POINT ( 'NONE',  ( -0.4000000000000000200, 0.6000000000000025300, 5.999999999999999100 ) ) ;
#1609 = DIRECTION ( 'NONE',  ( -0.0000000000000000000, 1.000000000000000000, -0.0000000000000000000 ) ) ;
#1610 = CARTESIAN_POINT ( 'NONE',  ( -3.000000000000000000, -14.00000000000000000, 9.699999999999999300 ) ) ;
#1611 = DIRECTION ( 'NONE',  ( 1.000000000000000000, 0.0000000000000000000, 0.0000000000000000000 ) ) ;
#1612 = CARTESIAN_POINT ( 'NONE',  ( -3.000000000000000000, 1.999999999999999100, 9.700000000000001100 ) ) ;
#1613 = CARTESIAN_POINT ( 'NONE',  ( -3.000000000000000000, -14.00000000000000000, -3.700000000000000200 ) ) ;
#1614 = DIRECTION ( 'NONE',  ( 0.0000000000000000000, -1.000000000000000000, -1.084202172485504400E-016 ) ) ;
#1615 = CARTESIAN_POINT ( 'NONE',  ( -2.806000191007826400E-016, -63.00000000000000000, 1.749999999999999100 ) ) ;
#1616 = DIRECTION ( 'NONE',  ( -1.000000000000000000, -0.0000000000000000000, -0.0000000000000000000 ) ) ;
#1617 = DIRECTION ( 'NONE',  ( -0.0000000000000000000, 1.000000000000000000, -0.0000000000000000000 ) ) ;
#1618 = CARTESIAN_POINT ( 'NONE',  ( -4.336808689942017700E-016, -63.00000000000000000, 4.249999999999999100 ) ) ;
#1619 = CARTESIAN_POINT ( 'NONE',  ( -0.4000000000000000800, -0.5999999999999973100, 5.999999999999999100 ) ) ;
#1620 = DIRECTION ( 'NONE',  ( 0.4472135954999578200, 0.0000000000000000000, -0.8944271909999158600 ) ) ;
#1621 = CARTESIAN_POINT ( 'NONE',  ( 4.336808689942017700E-016, 1.949999999999999300, -1.000000000000000000 ) ) ;
#1622 = DIRECTION ( 'NONE',  ( 0.0000000000000000000, 0.0000000000000000000, -1.000000000000000000 ) ) ;
#1623 = DIRECTION ( 'NONE',  ( -4.517509052022935300E-017, 1.000000000000000000, -0.0000000000000000000 ) ) ;
#1624 = DIRECTION ( 'NONE',  ( 0.0000000000000000000, -1.000000000000000000, 0.0000000000000000000 ) ) ;
#1625 = CARTESIAN_POINT ( 'NONE',  ( 2.199999999999999700, -3.500000000000003100, 9.489277288054518300E-016 ) ) ;
#1626 = CARTESIAN_POINT ( 'NONE',  ( -4.336808689942017700E-016, -63.00000000000000000, 2.999999999999999100 ) ) ;
#1627 = CARTESIAN_POINT ( 'NONE',  ( -3.000000000000000000, -11.50000000000000000, 6.999999999999999100 ) ) ;
#1628 = DIRECTION ( 'NONE',  ( -1.000000000000000000, -0.0000000000000000000, 0.0000000000000000000 ) ) ;
#1629 = CARTESIAN_POINT ( 'NONE',  ( 3.000000000000000000, 2.000000000000000000, -3.700000000000000200 ) ) ;
#1630 = DIRECTION ( 'NONE',  ( 1.000000000000000000, 0.0000000000000000000, 0.0000000000000000000 ) ) ;
#1631 = CARTESIAN_POINT ( 'NONE',  ( 3.000000000000000000, -11.50000000000000000, 6.999999999999999100 ) ) ;
#1632 = CARTESIAN_POINT ( 'NONE',  ( -3.000000000000000000, -14.00000000000000000, 9.699999999999999300 ) ) ;
#1633 = DIRECTION ( 'NONE',  ( -0.0000000000000000000, -1.000000000000000000, -8.673617379884042400E-016 ) ) ;
#1634 = CARTESIAN_POINT ( 'NONE',  ( 3.000000000000000000, -14.00000000000000000, 0.9999999999999991100 ) ) ;
#1635 = DIRECTION ( 'NONE',  ( 0.0000000000000000000, 0.0000000000000000000, -1.000000000000000000 ) ) ;
#1636 = DIRECTION ( 'NONE',  ( -1.000000000000000000, -0.0000000000000000000, 0.0000000000000000000 ) ) ;
#1637 = DIRECTION ( 'NONE',  ( -0.0000000000000000000, 1.000000000000000000, -0.0000000000000000000 ) ) ;
#1638 = CARTESIAN_POINT ( 'NONE',  ( -0.3999999999999998600, 1.949999999999999300, -2.199999999999999700 ) ) ;
#1639 = DIRECTION ( 'NONE',  ( -4.517509052022935300E-017, 1.000000000000000000, -0.0000000000000000000 ) ) ;
#1640 = CARTESIAN_POINT ( 'NONE',  ( 7.525483399593910300, -11.50000000000000000, 0.5999999999999996400 ) ) ;
#1641 = DIRECTION ( 'NONE',  ( -1.355252715606880000E-016, 0.0000000000000000000, -1.000000000000000000 ) ) ;
#1642 = CARTESIAN_POINT ( 'NONE',  ( 0.4000000000000001900, 1.999999999999999100, -2.199999999999999700 ) ) ;
#1643 = DIRECTION ( 'NONE',  ( 0.0000000000000000000, 0.0000000000000000000, -1.000000000000000000 ) ) ;
#1644 = DIRECTION ( 'NONE',  ( -1.000000000000000000, -0.0000000000000000000, 0.0000000000000000000 ) ) ;
#1645 = CARTESIAN_POINT ( 'NONE',  ( 3.000000000000000000, -11.50000000000000000, -1.000000000000001300 ) ) ;
#1646 = DIRECTION ( 'NONE',  ( -1.000000000000000000, 0.0000000000000000000, 0.0000000000000000000 ) ) ;
#1647 = DIRECTION ( 'NONE',  ( 0.0000000000000000000, 0.0000000000000000000, -1.000000000000000000 ) ) ;
#1648 = CARTESIAN_POINT ( 'NONE',  ( -3.000000000000000000, -14.00000000000000000, 9.699999999999999300 ) ) ;
#1649 = CARTESIAN_POINT ( 'NONE',  ( 0.4000000000000001300, 1.950000000000003500, 6.999999999999999100 ) ) ;
#1650 = DIRECTION ( 'NONE',  ( -1.000000000000000000, -0.0000000000000000000, -0.0000000000000000000 ) ) ;
#1651 = CARTESIAN_POINT ( 'NONE',  ( 3.000000000000000000, -14.00000000000000000, 0.9999999999999991100 ) ) ;
#1652 = DIRECTION ( 'NONE',  ( -0.0000000000000000000, -0.0000000000000000000, 1.000000000000000000 ) ) ;
#1653 = CARTESIAN_POINT ( 'NONE',  ( 0.4000000000000001300, 1.950000000000003500, 6.999999999999999100 ) ) ;
#1654 = DIRECTION ( 'NONE',  ( 0.4472135954999578200, 0.0000000000000000000, -0.8944271909999158600 ) ) ;
#1655 = DIRECTION ( 'NONE',  ( -0.0000000000000000000, 1.000000000000000000, -0.0000000000000000000 ) ) ;
#1656 = CARTESIAN_POINT ( 'NONE',  ( -0.4000000000000000200, 0.5999999999999999800, -0.1000000000000000100 ) ) ;
#1657 = CARTESIAN_POINT ( 'NONE',  ( 4.336808689942017700E-016, 1.950000000000003500, 8.599999999999999600 ) ) ;
#1658 = CARTESIAN_POINT ( 'NONE',  ( 0.6000000000000002000, 1.949999999999999300, -2.199999999999999700 ) ) ;
#1659 = DIRECTION ( 'NONE',  ( -0.0000000000000000000, -0.0000000000000000000, 1.000000000000000000 ) ) ;
#1660 = CARTESIAN_POINT ( 'NONE',  ( -0.4000000000000000200, 0.6000000000000025300, 5.999999999999999100 ) ) ;
#1661 = DIRECTION ( 'NONE',  ( 0.0000000000000000000, 0.0000000000000000000, -1.000000000000000000 ) ) ;
#1662 = ORIENTED_EDGE ( 'NONE', *, *, #900, .T. ) ;
#1663 = ORIENTED_EDGE ( 'NONE', *, *, #912, .T. ) ;
#1664 = ORIENTED_EDGE ( 'NONE', *, *, #994, .T. ) ;
#1665 = ORIENTED_EDGE ( 'NONE', *, *, #923, .T. ) ;
#1666 = DIRECTION ( 'NONE',  ( 1.000000000000000000, -0.0000000000000000000, -5.204170427930430000E-015 ) ) ;
#1667 = CARTESIAN_POINT ( 'NONE',  ( 3.000000000000000000, -4.500000000000001800, 5.999999999999997300 ) ) ;
#1668 = CARTESIAN_POINT ( 'NONE',  ( 3.000000000000000000, -11.50000000000000000, -1.000000000000001300 ) ) ;
#1669 = DIRECTION ( 'NONE',  ( -0.0000000000000000000, 1.000000000000000000, -0.0000000000000000000 ) ) ;
#1670 = CARTESIAN_POINT ( 'NONE',  ( 0.4000000000000000200, 0.6000000000000025300, 5.999999999999999100 ) ) ;
#1671 = CARTESIAN_POINT ( 'NONE',  ( -0.3999999999999998600, 1.949999999999999300, -2.199999999999999700 ) ) ;
#1672 = DIRECTION ( 'NONE',  ( -0.0000000000000000000, 1.000000000000000000, -0.0000000000000000000 ) ) ;
#1673 = DIRECTION ( 'NONE',  ( 0.4472135954999580900, 0.0000000000000000000, 0.8944271909999157400 ) ) ;
#1674 = CARTESIAN_POINT ( 'NONE',  ( -0.5999999999999997600, 1.949999999999999300, -2.199999999999999700 ) ) ;
#1675 = CARTESIAN_POINT ( 'NONE',  ( 0.4000000000000001900, 1.950000000000003500, 7.399999999999999500 ) ) ;
#1676 = DIRECTION ( 'NONE',  ( 0.4472135954999578200, 0.0000000000000000000, -0.8944271909999158600 ) ) ;
#1677 = CARTESIAN_POINT ( 'NONE',  ( -0.5999999999999997600, 1.949999999999999300, -2.199999999999999700 ) ) ;
#1678 = DIRECTION ( 'NONE',  ( -0.0000000000000000000, 1.000000000000000000, -0.0000000000000000000 ) ) ;
#1679 = CARTESIAN_POINT ( 'NONE',  ( 4.336808689942017700E-016, 1.949999999999999300, -1.000000000000000000 ) ) ;
#1680 = DIRECTION ( 'NONE',  ( -0.0000000000000000000, -2.891205793294679800E-016, -1.000000000000000000 ) ) ;
#1681 = DIRECTION ( 'NONE',  ( -0.0000000000000000000, 1.000000000000000000, -0.0000000000000000000 ) ) ;
#1682 = CARTESIAN_POINT ( 'NONE',  ( 4.336808689942017700E-016, 1.950000000000003500, 8.599999999999999600 ) ) ;
#1683 = DIRECTION ( 'NONE',  ( 0.0000000000000000000, 0.0000000000000000000, -1.000000000000000000 ) ) ;
#1684 = CARTESIAN_POINT ( 'NONE',  ( 3.000000000000000000, -14.00000000000000000, 9.699999999999999300 ) ) ;
#1685 = CARTESIAN_POINT ( 'NONE',  ( 4.336808689942017700E-016, 1.999999999999999100, -1.000000000000000000 ) ) ;
#1686 = DIRECTION ( 'NONE',  ( 0.0000000000000000000, 4.688441826964343300E-016, 1.000000000000000000 ) ) ;
#1687 = DIRECTION ( 'NONE',  ( -1.000000000000000000, -0.0000000000000000000, -0.0000000000000000000 ) ) ;
#1688 = CARTESIAN_POINT ( 'NONE',  ( -0.4000000000000000200, 0.6000000000000025300, 5.999999999999999100 ) ) ;
#1689 = DIRECTION ( 'NONE',  ( 0.0000000000000000000, 1.000000000000000000, 0.0000000000000000000 ) ) ;
#1690 = CARTESIAN_POINT ( 'NONE',  ( -3.000000000000000000, -14.00000000000000000, 5.000000000000000000 ) ) ;
#1691 = CARTESIAN_POINT ( 'NONE',  ( 3.000000000000000000, -4.500000000000003600, -4.336808689941954300E-017 ) ) ;
#1692 = CARTESIAN_POINT ( 'NONE',  ( -3.000000000000000000, 2.000000000000000000, -3.700000000000000200 ) ) ;
#1693 = DIRECTION ( 'NONE',  ( -0.0000000000000000000, -0.0000000000000000000, 1.000000000000000000 ) ) ;
ENDSEC;
END-ISO-10303-21;
