ISO-10303-21;
HEADER;
FILE_DESCRIPTION (( 'STEP AP203' ),
    '1' );
FILE_NAME ('pm-r25.STEP',
    '2015-07-23T04:38:53',
    ( '' ),
    ( '' ),
    'SwSTEP 2.0',
    'SolidWorks 2010',
    '' );
FILE_SCHEMA (( 'CONFIG_CONTROL_DESIGN' ));
ENDSEC;

DATA;
#1 = ORIENTED_EDGE ( 'NONE', *, *, #458, .T. ) ;
#2 = ORIENTED_EDGE ( 'NONE', *, *, #614, .T. ) ;
#3 = ORIENTED_EDGE ( 'NONE', *, *, #474, .F. ) ;
#4 = ORIENTED_EDGE ( 'NONE', *, *, #598, .T. ) ;
#5 = ORIENTED_EDGE ( 'NONE', *, *, #530, .T. ) ;
#6 = ORIENTED_EDGE ( 'NONE', *, *, #508, .T. ) ;
#7 = ORIENTED_EDGE ( 'NONE', *, *, #516, .F. ) ;
#8 = ORIENTED_EDGE ( 'NONE', *, *, #508, .F. ) ;
#9 = ORIENTED_EDGE ( 'NONE', *, *, #510, .T. ) ;
#10 = ORIENTED_EDGE ( 'NONE', *, *, #599, .F. ) ;
#11 = ORIENTED_EDGE ( 'NONE', *, *, #557, .F. ) ;
#12 = ORIENTED_EDGE ( 'NONE', *, *, #507, .T. ) ;
#13 = ORIENTED_EDGE ( 'NONE', *, *, #557, .T. ) ;
#14 = ORIENTED_EDGE ( 'NONE', *, *, #554, .F. ) ;
#15 = ORIENTED_EDGE ( 'NONE', *, *, #524, .F. ) ;
#16 = ORIENTED_EDGE ( 'NONE', *, *, #613, .T. ) ;
#17 = ORIENTED_EDGE ( 'NONE', *, *, #484, .T. ) ;
#18 = ORIENTED_EDGE ( 'NONE', *, *, #581, .T. ) ;
#19 = ORIENTED_EDGE ( 'NONE', *, *, #521, .F. ) ;
#20 = ORIENTED_EDGE ( 'NONE', *, *, #534, .T. ) ;
#21 = ORIENTED_EDGE ( 'NONE', *, *, #626, .T. ) ;
#22 = ORIENTED_EDGE ( 'NONE', *, *, #582, .F. ) ;
#23 = ORIENTED_EDGE ( 'NONE', *, *, #511, .F. ) ;
#24 = ORIENTED_EDGE ( 'NONE', *, *, #580, .T. ) ;
#25 = ORIENTED_EDGE ( 'NONE', *, *, #553, .T. ) ;
#26 = ORIENTED_EDGE ( 'NONE', *, *, #580, .F. ) ;
#27 = ORIENTED_EDGE ( 'NONE', *, *, #616, .F. ) ;
#28 = ORIENTED_EDGE ( 'NONE', *, *, #624, .T. ) ;
#29 = ORIENTED_EDGE ( 'NONE', *, *, #622, .T. ) ;
#30 = ORIENTED_EDGE ( 'NONE', *, *, #624, .F. ) ;
#31 = ORIENTED_EDGE ( 'NONE', *, *, #476, .F. ) ;
#32 = ORIENTED_EDGE ( 'NONE', *, *, #478, .F. ) ;
#33 = ORIENTED_EDGE ( 'NONE', *, *, #539, .T. ) ;
#34 = ORIENTED_EDGE ( 'NONE', *, *, #457, .F. ) ;
#35 = ORIENTED_EDGE ( 'NONE', *, *, #531, .F. ) ;
#36 = ORIENTED_EDGE ( 'NONE', *, *, #596, .T. ) ;
#37 = ORIENTED_EDGE ( 'NONE', *, *, #531, .T. ) ;
#38 = ORIENTED_EDGE ( 'NONE', *, *, #545, .F. ) ;
#39 = ORIENTED_EDGE ( 'NONE', *, *, #579, .F. ) ;
#40 = ORIENTED_EDGE ( 'NONE', *, *, #564, .T. ) ;
#41 = ORIENTED_EDGE ( 'NONE', *, *, #579, .T. ) ;
#42 = ORIENTED_EDGE ( 'NONE', *, *, #486, .F. ) ;
#43 = ORIENTED_EDGE ( 'NONE', *, *, #547, .F. ) ;
#44 = ORIENTED_EDGE ( 'NONE', *, *, #504, .T. ) ;
#45 = ORIENTED_EDGE ( 'NONE', *, *, #547, .T. ) ;
#46 = ORIENTED_EDGE ( 'NONE', *, *, #563, .F. ) ;
#47 = ORIENTED_EDGE ( 'NONE', *, *, #495, .F. ) ;
#48 = ORIENTED_EDGE ( 'NONE', *, *, #566, .T. ) ;
#49 = ORIENTED_EDGE ( 'NONE', *, *, #495, .T. ) ;
#50 = ORIENTED_EDGE ( 'NONE', *, *, #550, .F. ) ;
#51 = ORIENTED_EDGE ( 'NONE', *, *, #609, .F. ) ;
#52 = ORIENTED_EDGE ( 'NONE', *, *, #612, .F. ) ;
#53 = ORIENTED_EDGE ( 'NONE', *, *, #470, .F. ) ;
#54 = ORIENTED_EDGE ( 'NONE', *, *, #526, .F. ) ;
#55 = ORIENTED_EDGE ( 'NONE', *, *, #549, .F. ) ;
#56 = ORIENTED_EDGE ( 'NONE', *, *, #482, .F. ) ;
#57 = ORIENTED_EDGE ( 'NONE', *, *, #542, .F. ) ;
#58 = ORIENTED_EDGE ( 'NONE', *, *, #618, .T. ) ;
#59 = ORIENTED_EDGE ( 'NONE', *, *, #611, .T. ) ;
#60 = ORIENTED_EDGE ( 'NONE', *, *, #615, .F. ) ;
#61 = ORIENTED_EDGE ( 'NONE', *, *, #534, .F. ) ;
#62 = ORIENTED_EDGE ( 'NONE', *, *, #559, .F. ) ;
#63 = ORIENTED_EDGE ( 'NONE', *, *, #538, .F. ) ;
#64 = ORIENTED_EDGE ( 'NONE', *, *, #556, .T. ) ;
#65 = ORIENTED_EDGE ( 'NONE', *, *, #571, .T. ) ;
#66 = ORIENTED_EDGE ( 'NONE', *, *, #500, .T. ) ;
#67 = ORIENTED_EDGE ( 'NONE', *, *, #551, .T. ) ;
#68 = ORIENTED_EDGE ( 'NONE', *, *, #496, .F. ) ;
#69 = ORIENTED_EDGE ( 'NONE', *, *, #470, .T. ) ;
#70 = ORIENTED_EDGE ( 'NONE', *, *, #552, .F. ) ;
#71 = ORIENTED_EDGE ( 'NONE', *, *, #545, .T. ) ;
#72 = ORIENTED_EDGE ( 'NONE', *, *, #486, .T. ) ;
#73 = ORIENTED_EDGE ( 'NONE', *, *, #563, .T. ) ;
#74 = ORIENTED_EDGE ( 'NONE', *, *, #550, .T. ) ;
#75 = ORIENTED_EDGE ( 'NONE', *, *, #493, .T. ) ;
#76 = ORIENTED_EDGE ( 'NONE', *, *, #456, .F. ) ;
#77 = ORIENTED_EDGE ( 'NONE', *, *, #466, .F. ) ;
#78 = ORIENTED_EDGE ( 'NONE', *, *, #518, .T. ) ;
#79 = ORIENTED_EDGE ( 'NONE', *, *, #544, .T. ) ;
#80 = ORIENTED_EDGE ( 'NONE', *, *, #518, .F. ) ;
#81 = ORIENTED_EDGE ( 'NONE', *, *, #606, .F. ) ;
#82 = ORIENTED_EDGE ( 'NONE', *, *, #455, .T. ) ;
#83 = ORIENTED_EDGE ( 'NONE', *, *, #617, .T. ) ;
#84 = ORIENTED_EDGE ( 'NONE', *, *, #455, .F. ) ;
#85 = ORIENTED_EDGE ( 'NONE', *, *, #608, .F. ) ;
#86 = ORIENTED_EDGE ( 'NONE', *, *, #607, .T. ) ;
#87 = ORIENTED_EDGE ( 'NONE', *, *, #577, .T. ) ;
#88 = ORIENTED_EDGE ( 'NONE', *, *, #607, .F. ) ;
#89 = ORIENTED_EDGE ( 'NONE', *, *, #471, .F. ) ;
#90 = ORIENTED_EDGE ( 'NONE', *, *, #462, .T. ) ;
#91 = ORIENTED_EDGE ( 'NONE', *, *, #480, .T. ) ;
#92 = ORIENTED_EDGE ( 'NONE', *, *, #494, .T. ) ;
#93 = LINE ( 'NONE', #1769, #1627 ) ;
#94 = CLOSED_SHELL ( 'NONE', ( #1861, #1874, #1875, #1879, #1881, #1882, #1877, #1878, #1883, #1873, #1880, #1876, #1872, #1868, #1869, #1864, #1865, #1863, #1870, #1867, #1871, #1866, #1862, #1847, #1844, #1848, #1840, #1846, #1845, #1850, #1849, #1843, #1842, #1841, #1318, #1317, #1315, #1312, #1310, #1316, #1313, #1314, #1308, #1311, #1309, #1838, #1839, #1322, #1321, #1320, #1326, #1323, #1324, #1319, #1325, #1860, #1854, #1852, #1855, #1853, #1858, #1857, #1859, #1856, #1851 ) ) ;
#95 = ORIENTED_EDGE ( 'NONE', *, *, #505, .T. ) ;
#96 = ORIENTED_EDGE ( 'NONE', *, *, #605, .T. ) ;
#97 = ORIENTED_EDGE ( 'NONE', *, *, #604, .T. ) ;
#98 = ORIENTED_EDGE ( 'NONE', *, *, #477, .T. ) ;
#99 = ORIENTED_EDGE ( 'NONE', *, *, #606, .T. ) ;
#100 = ORIENTED_EDGE ( 'NONE', *, *, #608, .T. ) ;
#101 = ORIENTED_EDGE ( 'NONE', *, *, #471, .T. ) ;
#102 = ORIENTED_EDGE ( 'NONE', *, *, #472, .T. ) ;
#103 = ORIENTED_EDGE ( 'NONE', *, *, #575, .T. ) ;
#104 = ORIENTED_EDGE ( 'NONE', *, *, #600, .T. ) ;
#105 = ORIENTED_EDGE ( 'NONE', *, *, #466, .T. ) ;
#106 = ORIENTED_EDGE ( 'NONE', *, *, #456, .T. ) ;
#107 = ORIENTED_EDGE ( 'NONE', *, *, #600, .F. ) ;
#108 = ORIENTED_EDGE ( 'NONE', *, *, #465, .F. ) ;
#109 = ORIENTED_EDGE ( 'NONE', *, *, #591, .T. ) ;
#110 = ORIENTED_EDGE ( 'NONE', *, *, #465, .T. ) ;
#111 = ORIENTED_EDGE ( 'NONE', *, *, #575, .F. ) ;
#112 = ORIENTED_EDGE ( 'NONE', *, *, #610, .F. ) ;
#113 = CARTESIAN_POINT ( 'NONE',  ( -3.000000000000000000, -3.500000000000000400, 5.999999999999998200 ) ) ;
#114 = CARTESIAN_POINT ( 'NONE',  ( -5.850000000000000500, -6.400000000000000400, 11.20099999999999900 ) ) ;
#115 = DIRECTION ( 'NONE',  ( -0.0000000000000000000, 1.000000000000000000, -0.0000000000000000000 ) ) ;
#116 = CARTESIAN_POINT ( 'NONE',  ( -8.699999999999999300, -5.500000000000000000, 9.699999999999999300 ) ) ;
#117 = DIRECTION ( 'NONE',  ( -1.000000000000000000, 0.0000000000000000000, 0.0000000000000000000 ) ) ;
#118 = CARTESIAN_POINT ( 'NONE',  ( 0.6000000000000002000, 1.999999999999999100, -2.199999999999999700 ) ) ;
#119 = DIRECTION ( 'NONE',  ( -2.599255112591415300E-017, -0.0000000000000000000, 1.000000000000000000 ) ) ;
#120 = DIRECTION ( 'NONE',  ( 0.0000000000000000000, 0.0000000000000000000, -1.000000000000000000 ) ) ;
#121 = DIRECTION ( 'NONE',  ( 0.0000000000000000000, -1.000000000000000000, 0.0000000000000000000 ) ) ;
#122 = CARTESIAN_POINT ( 'NONE',  ( 1.750000000000000000, -10.00000000000000000, 9.699999999999999300 ) ) ;
#123 = CARTESIAN_POINT ( 'NONE',  ( -1.301042606982605300E-015, -8.000000000000000000, 11.19999999999999900 ) ) ;
#124 = DIRECTION ( 'NONE',  ( 0.0000000000000000000, -1.000000000000000000, -1.445602896647339200E-016 ) ) ;
#125 = CARTESIAN_POINT ( 'NONE',  ( 3.000000000000000000, 1.999999999999999100, 9.700000000000001100 ) ) ;
#126 = DIRECTION ( 'NONE',  ( -0.0000000000000000000, 1.000000000000000000, -0.0000000000000000000 ) ) ;
#127 = CARTESIAN_POINT ( 'NONE',  ( -5.421010862427522200E-016, -62.00000000000000000, 4.249999999999998200 ) ) ;
#128 = DIRECTION ( 'NONE',  ( 1.000000000000000000, 2.478176394252584500E-015, 3.582458973934594600E-031 ) ) ;
#129 = DIRECTION ( 'NONE',  ( -1.445602896647339400E-016, -4.336808689942018700E-016, -1.000000000000000000 ) ) ;
#130 = CARTESIAN_POINT ( 'NONE',  ( -6.200000000000000200, -6.400000000000001200, 9.699999999999999300 ) ) ;
#131 = CARTESIAN_POINT ( 'NONE',  ( -2.500000000000000000, -3.800000000000002900, 1.647987302177968500E-015 ) ) ;
#132 = DIRECTION ( 'NONE',  ( 0.4472135954999578200, 0.0000000000000000000, -0.8944271909999158600 ) ) ;
#133 = CARTESIAN_POINT ( 'NONE',  ( -5.421010862427522200E-016, -62.00000000000000000, 2.999999999999999100 ) ) ;
#134 = DIRECTION ( 'NONE',  ( 0.0000000000000000000, 0.0000000000000000000, -1.000000000000000000 ) ) ;
#135 = DIRECTION ( 'NONE',  ( 0.0000000000000000000, -1.000000000000000000, 0.0000000000000000000 ) ) ;
#136 = CARTESIAN_POINT ( 'NONE',  ( -1.301042606982605300E-015, -8.000000000000000000, 9.699999999999999300 ) ) ;
#137 = DIRECTION ( 'NONE',  ( -1.000000000000000000, 0.0000000000000000000, 0.0000000000000000000 ) ) ;
#138 = DIRECTION ( 'NONE',  ( -0.0000000000000000000, -0.0000000000000000000, -1.000000000000000000 ) ) ;
#139 = CARTESIAN_POINT ( 'NONE',  ( 4.336808689942017700E-016, 2.000000000000003600, 8.599999999999999600 ) ) ;
#140 = CARTESIAN_POINT ( 'NONE',  ( -1.301042606982605300E-015, -8.000000000000000000, 10.69999999999999600 ) ) ;
#141 = DIRECTION ( 'NONE',  ( -0.0000000000000000000, -0.0000000000000000000, 1.000000000000000000 ) ) ;
#142 = DIRECTION ( 'NONE',  ( -0.0000000000000000000, -0.0000000000000000000, -1.000000000000000000 ) ) ;
#143 = CARTESIAN_POINT ( 'NONE',  ( -5.421010862427522200E-016, -62.00000000000000000, 2.999999999999999100 ) ) ;
#144 = DIRECTION ( 'NONE',  ( 0.0000000000000000000, -1.000000000000000000, 0.0000000000000000000 ) ) ;
#145 = CARTESIAN_POINT ( 'NONE',  ( -1.749999999999999800, -12.00000000000000000, 4.642406770565684400 ) ) ;
#146 = CARTESIAN_POINT ( 'NONE',  ( -0.4000000000000000800, -0.5999999999999973100, 5.999999999999999100 ) ) ;
#147 = EDGE_LOOP ( 'NONE', ( #2046, #1584, #1586, #811, #810, #809, #808 ) ) ;
#148 = EDGE_LOOP ( 'NONE', ( #1683, #1684, #1685, #1686 ) ) ;
#149 = EDGE_LOOP ( 'NONE', ( #1700, #1701, #1702, #1703 ) ) ;
#150 = EDGE_LOOP ( 'NONE', ( #1673, #1674 ) ) ;
#151 = EDGE_LOOP ( 'NONE', ( #743, #744, #745, #746 ) ) ;
#152 = EDGE_LOOP ( 'NONE', ( #1665, #1666, #1667, #1668 ) ) ;
#153 = EDGE_LOOP ( 'NONE', ( #753, #754, #755, #756 ) ) ;
#154 = EDGE_LOOP ( 'NONE', ( #1704, #730, #731, #732, #733, #734 ) ) ;
#155 = EDGE_LOOP ( 'NONE', ( #739, #740, #741, #742 ) ) ;
#156 = EDGE_LOOP ( 'NONE', ( #749, #750, #751, #752 ) ) ;
#157 = EDGE_LOOP ( 'NONE', ( #1691, #1692, #1693, #1694, #1695, #1696, #1697, #1698, #1699 ) ) ;
#158 = EDGE_LOOP ( 'NONE', ( #1206, #825, #1209, #1208 ) ) ;
#159 = EDGE_LOOP ( 'NONE', ( #12, #11, #50, #49 ) ) ;
#160 = ORIENTED_EDGE ( 'NONE', *, *, #565, .T. ) ;
#161 = ORIENTED_EDGE ( 'NONE', *, *, #555, .T. ) ;
#162 = ORIENTED_EDGE ( 'NONE', *, *, #533, .T. ) ;
#163 = ORIENTED_EDGE ( 'NONE', *, *, #506, .F. ) ;
#164 = ORIENTED_EDGE ( 'NONE', *, *, #512, .F. ) ;
#165 = ORIENTED_EDGE ( 'NONE', *, *, #594, .T. ) ;
#166 = ORIENTED_EDGE ( 'NONE', *, *, #479, .F. ) ;
#167 = DIRECTION ( 'NONE',  ( -0.0000000000000000000, 0.0000000000000000000, -1.000000000000000000 ) ) ;
#168 = DIRECTION ( 'NONE',  ( 1.355252715606880000E-016, 0.0000000000000000000, 1.000000000000000000 ) ) ;
#169 = CARTESIAN_POINT ( 'NONE',  ( -0.3999999999999998600, 1.950000000000003500, 7.399999999999999500 ) ) ;
#170 = DIRECTION ( 'NONE',  ( -1.000000000000000000, 0.0000000000000000000, 1.355252715606880000E-016 ) ) ;
#171 = PLANE ( 'NONE',  #243 ) ;
#172 = AXIS2_PLACEMENT_3D ( 'NONE', #2045, #2036, #2035 ) ;
#173 = AXIS2_PLACEMENT_3D ( 'NONE', #882, #888, #866 ) ;
#174 = AXIS2_PLACEMENT_3D ( 'NONE', #133, #121, #120 ) ;
#175 = AXIS2_PLACEMENT_3D ( 'NONE', #848, #875, #881 ) ;
#176 = AXIS2_PLACEMENT_3D ( 'NONE', #1186, #1185, #1184 ) ;
#177 = AXIS2_PLACEMENT_3D ( 'NONE', #689, #896, #1944 ) ;
#178 = AXIS2_PLACEMENT_3D ( 'NONE', #855, #884, #865 ) ;
#179 = AXIS2_PLACEMENT_3D ( 'NONE', #939, #928, #922 ) ;
#180 = AXIS2_PLACEMENT_3D ( 'NONE', #2016, #2004, #2003 ) ;
#181 = AXIS2_PLACEMENT_3D ( 'NONE', #2017, #2012, #2011 ) ;
#182 = AXIS2_PLACEMENT_3D ( 'NONE', #878, #850, #871 ) ;
#183 = CC_DESIGN_PERSON_AND_ORGANIZATION_ASSIGNMENT ( #661, #891, ( #208 ) ) ;
#184 = AXIS2_PLACEMENT_3D ( 'NONE', #862, #874, #889 ) ;
#185 = AXIS2_PLACEMENT_3D ( 'NONE', #1935, #1936, #1938 ) ;
#186 = AXIS2_PLACEMENT_3D ( 'NONE', #1943, #1942, #1940 ) ;
#187 = AXIS2_PLACEMENT_3D ( 'NONE', #2043, #1998, #1997 ) ;
#188 = AXIS2_PLACEMENT_3D ( 'NONE', #942, #941, #1971 ) ;
#189 = AXIS2_PLACEMENT_3D ( 'NONE', #1127, #266, #265 ) ;
#190 = AXIS2_PLACEMENT_3D ( 'NONE', #1168, #1177, #1176 ) ;
#191 = AXIS2_PLACEMENT_3D ( 'NONE', #2041, #1991, #1990 ) ;
#192 = AXIS2_PLACEMENT_3D ( 'NONE', #1175, #1167, #1166 ) ;
#193 = AXIS2_PLACEMENT_3D ( 'NONE', #945, #935, #934 ) ;
#194 = AXIS2_PLACEMENT_3D ( 'NONE', #880, #867, #877 ) ;
#195 = AXIS2_PLACEMENT_3D ( 'NONE', #1179, #1178, #1183 ) ;
#196 = AXIS2_PLACEMENT_3D ( 'NONE', #1969, #1933, #1931 ) ;
#197 = CC_DESIGN_APPROVAL ( #232, ( #225 ) ) ;
#198 = AXIS2_PLACEMENT_3D ( 'NONE', #2002, #2001, #2006 ) ;
#199 = CC_DESIGN_APPROVAL ( #262, ( #208 ) ) ;
#200 = AXIS2_PLACEMENT_3D ( 'NONE', #1171, #1162, #1161 ) ;
#201 = AXIS2_PLACEMENT_3D ( 'NONE', #1930, #1926, #1941 ) ;
#202 = AXIS2_PLACEMENT_3D ( 'NONE', #2010, #1211, #1220 ) ;
#203 = AXIS2_PLACEMENT_3D ( 'NONE', #1934, #1928, #1929 ) ;
#204 = AXIS2_PLACEMENT_3D ( 'NONE', #1958, #1609, #1606 ) ;
#205 = CC_DESIGN_APPROVAL ( #261, ( #236 ) ) ;
#206 = AXIS2_PLACEMENT_3D ( 'NONE', #923, #1131, #868 ) ;
#207 = AXIS2_PLACEMENT_3D ( 'NONE', #1129, #270, #267 ) ;
#208 = PRODUCT_DEFINITION ( 'UNKNOWN', '', #236, #1137 ) ;
#209 = AXIS2_PLACEMENT_3D ( 'NONE', #140, #138, #137 ) ;
#210 = AXIS2_PLACEMENT_3D ( 'NONE', #919, #844, #872 ) ;
#211 = AXIS2_PLACEMENT_3D ( 'NONE', #1216, #1217, #1219 ) ;
#212 = AXIS2_PLACEMENT_3D ( 'NONE', #136, #800, #799 ) ;
#213 = AXIS2_PLACEMENT_3D ( 'NONE', #2014, #2008, #2007 ) ;
#214 = AXIS2_PLACEMENT_3D ( 'NONE', #1164, #1158, #949 ) ;
#215 = CC_DESIGN_DATE_AND_TIME_ASSIGNMENT ( #681, #838, ( #225 ) ) ;
#216 = AXIS2_PLACEMENT_3D ( 'NONE', #835, #879, #846 ) ;
#217 = AXIS2_PLACEMENT_3D ( 'NONE', #927, #926, #925 ) ;
#218 = AXIS2_PLACEMENT_3D ( 'NONE', #1604, #1602, #1611 ) ;
#219 = AXIS2_PLACEMENT_3D ( 'NONE', #1952, #1622, #1621 ) ;
#220 = AXIS2_PLACEMENT_3D ( 'NONE', #1618, #1617, #1616 ) ;
#221 = AXIS2_PLACEMENT_3D ( 'NONE', #931, #936, #932 ) ;
#222 = CC_DESIGN_SECURITY_CLASSIFICATION ( #225, ( #236 ) ) ;
#223 = AXIS2_PLACEMENT_3D ( 'NONE', #859, #842, #841 ) ;
#224 = AXIS2_PLACEMENT_3D ( 'NONE', #1978, #1977, #1976 ) ;
#225 = SECURITY_CLASSIFICATION ( '', '', #887 ) ;
#226 = AXIS2_PLACEMENT_3D ( 'NONE', #1966, #1960, #1959 ) ;
#227 = AXIS2_PLACEMENT_3D ( 'NONE', #269, #170, #168 ) ;
#228 = AXIS2_PLACEMENT_3D ( 'NONE', #169, #167, #678 ) ;
#229 = AXIS2_PLACEMENT_3D ( 'NONE', #1989, #1984, #1983 ) ;
#230 = PRODUCT_RELATED_PRODUCT_CATEGORY ( 'detail', '', ( #898 ) ) ;
#231 = AXIS2_PLACEMENT_3D ( 'NONE', #1992, #1954, #1949 ) ;
#232 = APPROVAL ( #832, 'UNSPECIFIED' ) ;
#233 = AXIS2_PLACEMENT_3D ( 'NONE', #1974, #1973, #1972 ) ;
#234 = CC_DESIGN_PERSON_AND_ORGANIZATION_ASSIGNMENT ( #676, #860, ( #225 ) ) ;
#235 = AXIS2_PLACEMENT_3D ( 'NONE', #1188, #1181, #1180 ) ;
#236 = PRODUCT_DEFINITION_FORMATION_WITH_SPECIFIED_SOURCE ( 'ANY', '', #898, .NOT_KNOWN. ) ;
#237 = AXIS2_PLACEMENT_3D ( 'NONE', #982, #983, #981 ) ;
#238 = AXIS2_PLACEMENT_3D ( 'NONE', #1159, #948, #947 ) ;
#239 = AXIS2_PLACEMENT_3D ( 'NONE', #854, #858, #864 ) ;
#240 = AXIS2_PLACEMENT_3D ( 'NONE', #123, #796, #790 ) ;
#241 = AXIS2_PLACEMENT_3D ( 'NONE', #1620, #1608, #1607 ) ;
#242 = AXIS2_PLACEMENT_3D ( 'NONE', #1169, #1172, #1189 ) ;
#243 = AXIS2_PLACEMENT_3D ( 'NONE', #672, #897, #895 ) ;
#244 = CC_DESIGN_PERSON_AND_ORGANIZATION_ASSIGNMENT ( #653, #834, ( #898 ) ) ;
#245 = AXIS2_PLACEMENT_3D ( 'NONE', #143, #135, #134 ) ;
#246 = AXIS2_PLACEMENT_3D ( 'NONE', #1965, #1964, #1963 ) ;
#247 = CC_DESIGN_PERSON_AND_ORGANIZATION_ASSIGNMENT ( #674, #892, ( #236 ) ) ;
#248 = AXIS2_PLACEMENT_3D ( 'NONE', #946, #845, #840 ) ;
#249 = AXIS2_PLACEMENT_3D ( 'NONE', #1988, #1979, #1967 ) ;
#250 = AXIS2_PLACEMENT_3D ( 'NONE', #1212, #1134, #1128 ) ;
#251 = CC_DESIGN_DATE_AND_TIME_ASSIGNMENT ( #665, #870, ( #208 ) ) ;
#252 = AXIS2_PLACEMENT_3D ( 'NONE', #1223, #1213, #1214 ) ;
#253 = CC_DESIGN_PERSON_AND_ORGANIZATION_ASSIGNMENT ( #675, #836, ( #236 ) ) ;
#254 = AXIS2_PLACEMENT_3D ( 'NONE', #1605, #1613, #1612 ) ;
#255 = AXIS2_PLACEMENT_3D ( 'NONE', #1615, #1601, #2018 ) ;
#256 = AXIS2_PLACEMENT_3D ( 'NONE', #1962, #1950, #1948 ) ;
#257 = AXIS2_PLACEMENT_3D ( 'NONE', #851, #885, #833 ) ;
#258 = AXIS2_PLACEMENT_3D ( 'NONE', #1947, #1955, #1953 ) ;
#259 = AXIS2_PLACEMENT_3D ( 'NONE', #1215, #1133, #1132 ) ;
#260 = AXIS2_PLACEMENT_3D ( 'NONE', #938, #921, #920 ) ;
#261 = APPROVAL ( #847, 'UNSPECIFIED' ) ;
#262 = APPROVAL ( #861, 'UNSPECIFIED' ) ;
#263 = AXIS2_PLACEMENT_3D ( 'NONE', #1937, #1927, #1925 ) ;
#264 = PLANE ( 'NONE',  #227 ) ;
#265 = DIRECTION ( 'NONE',  ( -1.000000000000000000, 0.0000000000000000000, 0.0000000000000000000 ) ) ;
#266 = DIRECTION ( 'NONE',  ( -0.0000000000000000000, 0.0000000000000000000, -1.000000000000000000 ) ) ;
#267 = DIRECTION ( 'NONE',  ( 0.4472135954999578200, 0.0000000000000000000, -0.8944271909999159700 ) ) ;
#268 = PLANE ( 'NONE',  #237 ) ;
#269 = CARTESIAN_POINT ( 'NONE',  ( -0.3999999999999999100, 1.950000000000003500, 6.999999999999999100 ) ) ;
#270 = DIRECTION ( 'NONE',  ( 0.8944271909999159700, 0.0000000000000000000, 0.4472135954999578200 ) ) ;
#271 = ORIENTED_EDGE ( 'NONE', *, *, #568, .T. ) ;
#272 = ORIENTED_EDGE ( 'NONE', *, *, #561, .T. ) ;
#273 = ORIENTED_EDGE ( 'NONE', *, *, #573, .T. ) ;
#274 = ORIENTED_EDGE ( 'NONE', *, *, #585, .T. ) ;
#275 = ORIENTED_EDGE ( 'NONE', *, *, #498, .T. ) ;
#276 = ORIENTED_EDGE ( 'NONE', *, *, #627, .T. ) ;
#277 = CARTESIAN_POINT ( 'NONE',  ( -0.4000000000000000800, -0.5999999999999973100, 6.099999999999999600 ) ) ;
#278 = CARTESIAN_POINT ( 'NONE',  ( 0.6000000000000002000, 1.999999999999999100, -2.199999999999999700 ) ) ;
#279 = CARTESIAN_POINT ( 'NONE',  ( -5.850000000000000500, -9.600000000000001400, 5.699999999999998400 ) ) ;
#280 = CARTESIAN_POINT ( 'NONE',  ( -5.421010862427522200E-016, -12.00000000000000000, 5.399999999999998600 ) ) ;
#281 = CARTESIAN_POINT ( 'NONE',  ( -3.000000000000000000, -10.00000000000000000, -3.700000000000000200 ) ) ;
#282 = CARTESIAN_POINT ( 'NONE',  ( -0.3999999999999999100, 1.999999999999999100, -2.600000000000000100 ) ) ;
#283 = CARTESIAN_POINT ( 'NONE',  ( 1.517883041479706200E-015, 2.000000000000001300, -1.000000000000000000 ) ) ;
#284 = CARTESIAN_POINT ( 'NONE',  ( -0.3999999999999998600, 1.999999999999999100, -2.199999999999999700 ) ) ;
#285 = CARTESIAN_POINT ( 'NONE',  ( -1.749999999999999800, -10.00000000000000000, 5.699999999999998400 ) ) ;
#286 = CARTESIAN_POINT ( 'NONE',  ( 3.000000000000000000, -10.50000000000000000, 5.699999999999998400 ) ) ;
#287 = CARTESIAN_POINT ( 'NONE',  ( 3.000000000000000000, -10.00000000000000000, 5.699999999999998400 ) ) ;
#288 = CARTESIAN_POINT ( 'NONE',  ( -7.799999999999998900, -8.000000000000000000, 5.699999999999998400 ) ) ;
#289 = CARTESIAN_POINT ( 'NONE',  ( -2.481858544473875100E-016, -12.00000000000000000, 0.5999999999999994200 ) ) ;
#290 = CARTESIAN_POINT ( 'NONE',  ( -6.200000000000000200, -6.400000000000001200, 9.699999999999999300 ) ) ;
#291 = CARTESIAN_POINT ( 'NONE',  ( -3.000000000000000000, -10.00000000000000000, 5.699999999999998400 ) ) ;
#292 = CARTESIAN_POINT ( 'NONE',  ( -5.421010862427522200E-016, -62.00000000000000000, 4.249999999999999100 ) ) ;
#293 = CARTESIAN_POINT ( 'NONE',  ( -0.5999999999999997600, 1.999999999999999100, -2.199999999999999700 ) ) ;
#294 = CARTESIAN_POINT ( 'NONE',  ( -3.000000000000000000, -5.500000000000000000, 5.699999999999998400 ) ) ;
#295 = CARTESIAN_POINT ( 'NONE',  ( -1.749999999999999800, -10.00000000000000000, 4.642406770565684400 ) ) ;
#296 = CARTESIAN_POINT ( 'NONE',  ( 0.9999999999999991100, -8.000000000000000000, 9.699999999999999300 ) ) ;
#297 = CARTESIAN_POINT ( 'NONE',  ( -6.200000000000001100, -6.400000000000001200, 5.699999999999998400 ) ) ;
#298 = CARTESIAN_POINT ( 'NONE',  ( -3.890202363493331300E-016, -62.00000000000000000, 1.749999999999999300 ) ) ;
#299 = CARTESIAN_POINT ( 'NONE',  ( -1.000000000000001800, -8.000000000000000000, 10.69999999999999600 ) ) ;
#300 = CARTESIAN_POINT ( 'NONE',  ( 0.9999999999999991100, -8.000000000000000000, 10.69999999999999600 ) ) ;
#301 = CARTESIAN_POINT ( 'NONE',  ( 3.000000000000000000, -10.00000000000000000, -3.700000000000000200 ) ) ;
#302 = CARTESIAN_POINT ( 'NONE',  ( -7.799999999999998900, -8.000000000000000000, 9.699999999999999300 ) ) ;
#303 = CARTESIAN_POINT ( 'NONE',  ( -0.4999999999999929500, -8.000000000000000000, 11.19999999999999900 ) ) ;
#304 = CARTESIAN_POINT ( 'NONE',  ( -3.890202363493331300E-016, -12.00000000000000000, 1.749999999999999300 ) ) ;
#305 = CARTESIAN_POINT ( 'NONE',  ( 0.4999999999999903400, -8.000000000000000000, 11.19999999999999900 ) ) ;
#306 = CARTESIAN_POINT ( 'NONE',  ( -6.200000000000000200, -9.599999999999999600, 5.699999999999998400 ) ) ;
#307 = CARTESIAN_POINT ( 'NONE',  ( -1.000000000000001800, -8.000000000000000000, 9.699999999999999300 ) ) ;
#308 = CARTESIAN_POINT ( 'NONE',  ( 0.4000000000000001300, 1.949999999999999300, -2.600000000000000100 ) ) ;
#309 = CARTESIAN_POINT ( 'NONE',  ( 1.750000000000000200, -10.00000000000000000, 4.642406770565682600 ) ) ;
#310 = CARTESIAN_POINT ( 'NONE',  ( 0.4000000000000001900, 1.950000000000003500, 7.399999999999999500 ) ) ;
#311 = CARTESIAN_POINT ( 'NONE',  ( -5.421010862427522200E-016, -10.50000000000000000, 5.399999999999998600 ) ) ;
#312 = CARTESIAN_POINT ( 'NONE',  ( -5.850000000000000500, -6.400000000000000400, 5.699999999999998400 ) ) ;
#313 = CARTESIAN_POINT ( 'NONE',  ( -0.4000000000000000800, -0.5999999999999999800, -0.1000000000000000100 ) ) ;
#314 = CARTESIAN_POINT ( 'NONE',  ( -8.699999999999999300, -5.500000000000000000, 5.699999999999998400 ) ) ;
#315 = CARTESIAN_POINT ( 'NONE',  ( 1.750000000000000200, -10.50000000000000000, 4.642406770565682600 ) ) ;
#316 = CARTESIAN_POINT ( 'NONE',  ( -0.5999999999999997600, 1.950000000000003500, 7.399999999999999500 ) ) ;
#317 = CARTESIAN_POINT ( 'NONE',  ( 0.4000000000000001900, 1.949999999999999300, -2.199999999999999700 ) ) ;
#318 = VERTEX_POINT ( 'NONE', #277 ) ;
#319 = VERTEX_POINT ( 'NONE', #441 ) ;
#320 = VERTEX_POINT ( 'NONE', #440 ) ;
#321 = VERTEX_POINT ( 'NONE', #442 ) ;
#322 = VERTEX_POINT ( 'NONE', #445 ) ;
#323 = VERTEX_POINT ( 'NONE', #443 ) ;
#324 = VERTEX_POINT ( 'NONE', #310 ) ;
#325 = VERTEX_POINT ( 'NONE', #439 ) ;
#326 = VERTEX_POINT ( 'NONE', #447 ) ;
#327 = VERTEX_POINT ( 'NONE', #438 ) ;
#328 = VERTEX_POINT ( 'NONE', #437 ) ;
#329 = VERTEX_POINT ( 'NONE', #436 ) ;
#330 = VERTEX_POINT ( 'NONE', #435 ) ;
#331 = VERTEX_POINT ( 'NONE', #434 ) ;
#332 = VERTEX_POINT ( 'NONE', #433 ) ;
#333 = VERTEX_POINT ( 'NONE', #432 ) ;
#334 = VERTEX_POINT ( 'NONE', #431 ) ;
#335 = VERTEX_POINT ( 'NONE', #430 ) ;
#336 = VERTEX_POINT ( 'NONE', #317 ) ;
#337 = VERTEX_POINT ( 'NONE', #308 ) ;
#338 = VERTEX_POINT ( 'NONE', #313 ) ;
#339 = VERTEX_POINT ( 'NONE', #316 ) ;
#340 = VERTEX_POINT ( 'NONE', #448 ) ;
#341 = VERTEX_POINT ( 'NONE', #382 ) ;
#342 = VERTEX_POINT ( 'NONE', #384 ) ;
#343 = VERTEX_POINT ( 'NONE', #312 ) ;
#344 = VERTEX_POINT ( 'NONE', #309 ) ;
#345 = VERTEX_POINT ( 'NONE', #315 ) ;
#346 = VERTEX_POINT ( 'NONE', #314 ) ;
#347 = VERTEX_POINT ( 'NONE', #311 ) ;
#348 = VERTEX_POINT ( 'NONE', #307 ) ;
#349 = VERTEX_POINT ( 'NONE', #306 ) ;
#350 = VERTEX_POINT ( 'NONE', #305 ) ;
#351 = VERTEX_POINT ( 'NONE', #304 ) ;
#352 = VERTEX_POINT ( 'NONE', #303 ) ;
#353 = VERTEX_POINT ( 'NONE', #302 ) ;
#354 = VERTEX_POINT ( 'NONE', #301 ) ;
#355 = VERTEX_POINT ( 'NONE', #300 ) ;
#356 = VERTEX_POINT ( 'NONE', #299 ) ;
#357 = VERTEX_POINT ( 'NONE', #298 ) ;
#358 = VERTEX_POINT ( 'NONE', #297 ) ;
#359 = VERTEX_POINT ( 'NONE', #296 ) ;
#360 = VERTEX_POINT ( 'NONE', #295 ) ;
#361 = VERTEX_POINT ( 'NONE', #294 ) ;
#362 = VERTEX_POINT ( 'NONE', #293 ) ;
#363 = VERTEX_POINT ( 'NONE', #292 ) ;
#364 = VERTEX_POINT ( 'NONE', #291 ) ;
#365 = VERTEX_POINT ( 'NONE', #290 ) ;
#366 = VERTEX_POINT ( 'NONE', #289 ) ;
#367 = VERTEX_POINT ( 'NONE', #288 ) ;
#368 = VERTEX_POINT ( 'NONE', #287 ) ;
#369 = VERTEX_POINT ( 'NONE', #286 ) ;
#370 = VERTEX_POINT ( 'NONE', #285 ) ;
#371 = VERTEX_POINT ( 'NONE', #284 ) ;
#372 = VERTEX_POINT ( 'NONE', #283 ) ;
#373 = VERTEX_POINT ( 'NONE', #282 ) ;
#374 = VERTEX_POINT ( 'NONE', #281 ) ;
#375 = VERTEX_POINT ( 'NONE', #280 ) ;
#376 = VERTEX_POINT ( 'NONE', #279 ) ;
#377 = VERTEX_POINT ( 'NONE', #278 ) ;
#378 = VERTEX_POINT ( 'NONE', #1825 ) ;
#379 = VERTEX_POINT ( 'NONE', #1822 ) ;
#380 = VERTEX_POINT ( 'NONE', #1821 ) ;
#381 = VERTEX_POINT ( 'NONE', #1820 ) ;
#382 = CARTESIAN_POINT ( 'NONE',  ( 3.000000000000000000, -4.500000000000003600, -4.336808689941954300E-017 ) ) ;
#383 = VERTEX_POINT ( 'NONE', #1819 ) ;
#384 = CARTESIAN_POINT ( 'NONE',  ( -0.4000000000000000200, 0.5999999999999999800, -0.1000000000000000100 ) ) ;
#385 = VERTEX_POINT ( 'NONE', #1815 ) ;
#386 = VERTEX_POINT ( 'NONE', #1813 ) ;
#387 = VERTEX_POINT ( 'NONE', #1812 ) ;
#388 = VERTEX_POINT ( 'NONE', #1809 ) ;
#389 = VERTEX_POINT ( 'NONE', #1806 ) ;
#390 = VERTEX_POINT ( 'NONE', #1804 ) ;
#391 = VERTEX_POINT ( 'NONE', #1801 ) ;
#392 = VERTEX_POINT ( 'NONE', #1799 ) ;
#393 = VERTEX_POINT ( 'NONE', #1796 ) ;
#394 = VERTEX_POINT ( 'NONE', #1795 ) ;
#395 = VERTEX_POINT ( 'NONE', #1791 ) ;
#396 = VERTEX_POINT ( 'NONE', #1789 ) ;
#397 = VERTEX_POINT ( 'NONE', #1786 ) ;
#398 = VERTEX_POINT ( 'NONE', #1785 ) ;
#399 = VERTEX_POINT ( 'NONE', #1782 ) ;
#400 = VERTEX_POINT ( 'NONE', #1779 ) ;
#401 = VERTEX_POINT ( 'NONE', #1777 ) ;
#402 = VERTEX_POINT ( 'NONE', #1775 ) ;
#403 = VERTEX_POINT ( 'NONE', #1774 ) ;
#404 = VERTEX_POINT ( 'NONE', #1768 ) ;
#405 = VERTEX_POINT ( 'NONE', #1766 ) ;
#406 = VERTEX_POINT ( 'NONE', #1764 ) ;
#407 = VERTEX_POINT ( 'NONE', #1760 ) ;
#408 = VERTEX_POINT ( 'NONE', #1757 ) ;
#409 = VERTEX_POINT ( 'NONE', #1755 ) ;
#410 = VERTEX_POINT ( 'NONE', #1752 ) ;
#411 = VERTEX_POINT ( 'NONE', #1750 ) ;
#412 = VERTEX_POINT ( 'NONE', #1748 ) ;
#413 = VERTEX_POINT ( 'NONE', #1746 ) ;
#414 = VERTEX_POINT ( 'NONE', #1743 ) ;
#415 = VERTEX_POINT ( 'NONE', #1741 ) ;
#416 = VERTEX_POINT ( 'NONE', #1738 ) ;
#417 = VERTEX_POINT ( 'NONE', #1736 ) ;
#418 = VERTEX_POINT ( 'NONE', #1732 ) ;
#419 = VERTEX_POINT ( 'NONE', #1729 ) ;
#420 = VERTEX_POINT ( 'NONE', #1727 ) ;
#421 = VERTEX_POINT ( 'NONE', #1725 ) ;
#422 = VERTEX_POINT ( 'NONE', #1723 ) ;
#423 = VERTEX_POINT ( 'NONE', #1720 ) ;
#424 = VERTEX_POINT ( 'NONE', #1719 ) ;
#425 = VERTEX_POINT ( 'NONE', #1716 ) ;
#426 = VERTEX_POINT ( 'NONE', #1713 ) ;
#427 = VERTEX_POINT ( 'NONE', #1711 ) ;
#428 = VERTEX_POINT ( 'NONE', #1709 ) ;
#429 = VERTEX_POINT ( 'NONE', #1706 ) ;
#430 = CARTESIAN_POINT ( 'NONE',  ( 0.4000000000000001300, 1.950000000000003500, 6.999999999999999100 ) ) ;
#431 = CARTESIAN_POINT ( 'NONE',  ( 0.6000000000000002000, 1.950000000000003500, 7.399999999999999500 ) ) ;
#432 = CARTESIAN_POINT ( 'NONE',  ( -0.3999999999999999100, 1.950000000000003500, 6.999999999999999100 ) ) ;
#433 = CARTESIAN_POINT ( 'NONE',  ( 0.6000000000000002000, 1.949999999999999300, -2.199999999999999700 ) ) ;
#434 = CARTESIAN_POINT ( 'NONE',  ( -0.5999999999999997600, 1.949999999999999300, -2.199999999999999700 ) ) ;
#435 = CARTESIAN_POINT ( 'NONE',  ( 4.336808689942017700E-016, 1.950000000000003500, 8.599999999999999600 ) ) ;
#436 = CARTESIAN_POINT ( 'NONE',  ( -0.3999999999999998600, 1.949999999999999300, -2.199999999999999700 ) ) ;
#437 = CARTESIAN_POINT ( 'NONE',  ( 2.500000000000000000, -4.500000000000003600, 1.194680221235499200E-015 ) ) ;
#438 = CARTESIAN_POINT ( 'NONE',  ( -0.3999999999999998600, 1.950000000000003500, 7.399999999999999500 ) ) ;
#439 = CARTESIAN_POINT ( 'NONE',  ( 2.500000000000000000, -3.800000000000002900, 9.922958157048718100E-016 ) ) ;
#440 = CARTESIAN_POINT ( 'NONE',  ( -1.749999999999999800, -10.50000000000000000, 4.642406770565684400 ) ) ;
#441 = CARTESIAN_POINT ( 'NONE',  ( 0.4000000000000000800, -0.5999999999999999800, -0.1000000000000000100 ) ) ;
#442 = CARTESIAN_POINT ( 'NONE',  ( 0.4000000000000000200, 0.6000000000000025300, 6.099999999999999600 ) ) ;
#443 = CARTESIAN_POINT ( 'NONE',  ( -0.4000000000000000200, 0.6000000000000025300, 6.099999999999999600 ) ) ;
#444 = VERTEX_POINT ( 'NONE', #1826 ) ;
#445 = CARTESIAN_POINT ( 'NONE',  ( 0.4000000000000000200, 0.5999999999999999800, -0.1000000000000000100 ) ) ;
#446 = VERTEX_POINT ( 'NONE', #1824 ) ;
#447 = CARTESIAN_POINT ( 'NONE',  ( 4.336808689942017700E-016, 1.949999999999999300, -1.000000000000000000 ) ) ;
#448 = CARTESIAN_POINT ( 'NONE',  ( -0.3999999999999999100, 1.949999999999999300, -2.600000000000000100 ) ) ;
#449 = AXIS2_PLACEMENT_3D ( 'NONE', #1277, #1257, #1256 ) ;
#450 = AXIS2_PLACEMENT_3D ( 'NONE', #1284, #1280, #1278 ) ;
#451 = EDGE_CURVE ( 'NONE', #353, #365, #1504, .T. ) ;
#452 = EDGE_CURVE ( 'NONE', #381, #380, #1503, .T. ) ;
#453 = AXIS2_PLACEMENT_3D ( 'NONE', #1038, #1305, #1298 ) ;
#454 = AXIS2_PLACEMENT_3D ( 'NONE', #1064, #1056, #1055 ) ;
#455 = EDGE_CURVE ( 'NONE', #327, #400, #1500, .T. ) ;
#456 = EDGE_CURVE ( 'NONE', #330, #410, #1499, .T. ) ;
#457 = EDGE_CURVE ( 'NONE', #332, #336, #1502, .T. ) ;
#458 = EDGE_CURVE ( 'NONE', #366, #375, #1513, .T. ) ;
#459 = EDGE_CURVE ( 'NONE', #361, #346, #1512, .T. ) ;
#460 = EDGE_CURVE ( 'NONE', #385, #429, #1511, .T. ) ;
#461 = EDGE_CURVE ( 'NONE', #389, #404, #1510, .T. ) ;
#462 = EDGE_CURVE ( 'NONE', #335, #415, #1507, .T. ) ;
#463 = EDGE_CURVE ( 'NONE', #402, #408, #1515, .T. ) ;
#464 = AXIS2_PLACEMENT_3D ( 'NONE', #1092, #1091, #1089 ) ;
#465 = EDGE_CURVE ( 'NONE', #334, #426, #1517, .T. ) ;
#466 = EDGE_CURVE ( 'NONE', #339, #330, #1519, .T. ) ;
#467 = EDGE_CURVE ( 'NONE', #419, #422, #1521, .T. ) ;
#468 = AXIS2_PLACEMENT_3D ( 'NONE', #1800, #1798, #1797 ) ;
#469 = EDGE_CURVE ( 'NONE', #394, #376, #1523, .T. ) ;
#470 = EDGE_CURVE ( 'NONE', #411, #416, #93, .T. ) ;
#471 = EDGE_CURVE ( 'NONE', #335, #333, #1624, .T. ) ;
#472 = EDGE_CURVE ( 'NONE', #324, #335, #1631, .T. ) ;
#473 = EDGE_CURVE ( 'NONE', #414, #403, #1633, .T. ) ;
#474 = EDGE_CURVE ( 'NONE', #356, #348, #1626, .T. ) ;
#475 = EDGE_CURVE ( 'NONE', #322, #418, #1628, .T. ) ;
#476 = EDGE_CURVE ( 'NONE', #387, #418, #1630, .T. ) ;
#477 = EDGE_CURVE ( 'NONE', #413, #423, #1636, .T. ) ;
#478 = EDGE_CURVE ( 'NONE', #418, #413, #1638, .T. ) ;
#479 = EDGE_CURVE ( 'NONE', #364, #374, #1645, .T. ) ;
#480 = EDGE_CURVE ( 'NONE', #407, #415, #1640, .T. ) ;
#481 = EDGE_CURVE ( 'NONE', #405, #349, #1642, .T. ) ;
#482 = EDGE_CURVE ( 'NONE', #425, #417, #1644, .T. ) ;
#483 = EDGE_CURVE ( 'NONE', #351, #379, #1655, .T. ) ;
#484 = EDGE_CURVE ( 'NONE', #401, #386, #1654, .T. ) ;
#485 = AXIS2_PLACEMENT_3D ( 'NONE', #1712, #1119, #1115 ) ;
#486 = EDGE_CURVE ( 'NONE', #337, #340, #1653, .T. ) ;
#487 = EDGE_CURVE ( 'NONE', #342, #413, #1658, .T. ) ;
#488 = EDGE_CURVE ( 'NONE', #408, #392, #1660, .T. ) ;
#489 = EDGE_CURVE ( 'NONE', #406, #394, #1885, .T. ) ;
#490 = EDGE_CURVE ( 'NONE', #390, #388, #1649, .T. ) ;
#491 = EDGE_CURVE ( 'NONE', #369, #397, #1884, .T. ) ;
#492 = AXIS2_PLACEMENT_3D ( 'NONE', #1082, #1072, #1071 ) ;
#493 = EDGE_CURVE ( 'NONE', #409, #410, #1657, .T. ) ;
#494 = EDGE_CURVE ( 'NONE', #319, #322, #1662, .T. ) ;
#495 = EDGE_CURVE ( 'NONE', #329, #371, #1887, .T. ) ;
#496 = EDGE_CURVE ( 'NONE', #420, #416, #1889, .T. ) ;
#497 = EDGE_CURVE ( 'NONE', #425, #401, #1896, .T. ) ;
#498 = EDGE_CURVE ( 'NONE', #343, #358, #1898, .T. ) ;
#499 = AXIS2_PLACEMENT_3D ( 'NONE', #1112, #1104, #1103 ) ;
#500 = EDGE_CURVE ( 'NONE', #427, #389, #1891, .T. ) ;
#501 = EDGE_CURVE ( 'NONE', #379, #351, #1903, .T. ) ;
#502 = EDGE_CURVE ( 'NONE', #365, #358, #1902, .T. ) ;
#503 = EDGE_CURVE ( 'NONE', #383, #344, #1907, .T. ) ;
#504 = EDGE_CURVE ( 'NONE', #378, #373, #1906, .T. ) ;
#505 = EDGE_CURVE ( 'NONE', #342, #338, #1905, .T. ) ;
#506 = EDGE_CURVE ( 'NONE', #368, #369, #1910, .T. ) ;
#507 = EDGE_CURVE ( 'NONE', #371, #362, #1912, .T. ) ;
#508 = EDGE_CURVE ( 'NONE', #356, #355, #1915, .T. ) ;
#509 = EDGE_CURVE ( 'NONE', #322, #342, #1914, .T. ) ;
#510 = EDGE_CURVE ( 'NONE', #350, #355, #1916, .T. ) ;
#511 = EDGE_CURVE ( 'NONE', #428, #385, #1909, .T. ) ;
#512 = EDGE_CURVE ( 'NONE', #369, #393, #1920, .T. ) ;
#513 = EDGE_CURVE ( 'NONE', #345, #347, #1527, .T. ) ;
#514 = AXIS2_PLACEMENT_3D ( 'NONE', #1030, #1124, #1123 ) ;
#515 = EDGE_CURVE ( 'NONE', #393, #421, #1919, .T. ) ;
#516 = EDGE_CURVE ( 'NONE', #352, #356, #1528, .T. ) ;
#517 = EDGE_CURVE ( 'NONE', #397, #396, #1526, .T. ) ;
#518 = EDGE_CURVE ( 'NONE', #339, #409, #1532, .T. ) ;
#519 = AXIS2_PLACEMENT_3D ( 'NONE', #1818, #1817, #1816 ) ;
#520 = EDGE_CURVE ( 'NONE', #374, #354, #1534, .T. ) ;
#521 = EDGE_CURVE ( 'NONE', #403, #341, #1536, .T. ) ;
#522 = EDGE_CURVE ( 'NONE', #358, #367, #1540, .T. ) ;
#523 = EDGE_CURVE ( 'NONE', #429, #412, #1524, .T. ) ;
#524 = EDGE_CURVE ( 'NONE', #326, #372, #1541, .T. ) ;
#525 = EDGE_CURVE ( 'NONE', #326, #332, #1539, .T. ) ;
#526 = EDGE_CURVE ( 'NONE', #416, #419, #1545, .T. ) ;
#527 = EDGE_CURVE ( 'NONE', #426, #407, #1547, .T. ) ;
#528 = EDGE_CURVE ( 'NONE', #405, #353, #1551, .T. ) ;
#529 = EDGE_CURVE ( 'NONE', #417, #386, #1538, .T. ) ;
#530 = EDGE_CURVE ( 'NONE', #355, #359, #1552, .T. ) ;
#531 = EDGE_CURVE ( 'NONE', #336, #395, #1554, .T. ) ;
#532 = EDGE_CURVE ( 'NONE', #372, #377, #1550, .T. ) ;
#533 = EDGE_CURVE ( 'NONE', #368, #354, #1558, .T. ) ;
#534 = EDGE_CURVE ( 'NONE', #391, #341, #1560, .T. ) ;
#535 = EDGE_CURVE ( 'NONE', #357, #351, #1562, .T. ) ;
#536 = AXIS2_PLACEMENT_3D ( 'NONE', #1281, #1247, #1246 ) ;
#537 = EDGE_CURVE ( 'NONE', #444, #424, #984, .T. ) ;
#538 = EDGE_CURVE ( 'NONE', #328, #325, #1544, .T. ) ;
#539 = EDGE_CURVE ( 'NONE', #332, #377, #1549, .T. ) ;
#540 = EDGE_CURVE ( 'NONE', #422, #398, #1557, .T. ) ;
#541 = EDGE_CURVE ( 'NONE', #360, #383, #994, .T. ) ;
#542 = EDGE_CURVE ( 'NONE', #417, #444, #993, .T. ) ;
#543 = EDGE_CURVE ( 'NONE', #318, #446, #995, .T. ) ;
#544 = EDGE_CURVE ( 'NONE', #400, #409, #992, .T. ) ;
#545 = EDGE_CURVE ( 'NONE', #336, #337, #999, .T. ) ;
#546 = EDGE_CURVE ( 'NONE', #346, #380, #1001, .T. ) ;
#547 = EDGE_CURVE ( 'NONE', #340, #373, #991, .T. ) ;
#548 = EDGE_CURVE ( 'NONE', #394, #405, #988, .T. ) ;
#549 = EDGE_CURVE ( 'NONE', #419, #425, #1007, .T. ) ;
#550 = EDGE_CURVE ( 'NONE', #329, #331, #1009, .T. ) ;
#551 = EDGE_CURVE ( 'NONE', #420, #427, #1011, .T. ) ;
#552 = EDGE_CURVE ( 'NONE', #423, #387, #1013, .T. ) ;
#553 = EDGE_CURVE ( 'NONE', #321, #323, #998, .T. ) ;
#554 = EDGE_CURVE ( 'NONE', #331, #326, #1004, .T. ) ;
#555 = EDGE_CURVE ( 'NONE', #354, #388, #1019, .T. ) ;
#556 = EDGE_CURVE ( 'NONE', #392, #325, #1021, .T. ) ;
#557 = EDGE_CURVE ( 'NONE', #331, #362, #1023, .T. ) ;
#558 = EDGE_CURVE ( 'NONE', #429, #446, #1006, .T. ) ;
#559 = EDGE_CURVE ( 'NONE', #341, #328, #1016, .T. ) ;
#560 = EDGE_CURVE ( 'NONE', #352, #350, #697, .T. ) ;
#561 = EDGE_CURVE ( 'NONE', #364, #370, #696, .T. ) ;
#562 = EDGE_CURVE ( 'NONE', #366, #383, #698, .T. ) ;
#563 = EDGE_CURVE ( 'NONE', #340, #329, #700, .T. ) ;
#564 = EDGE_CURVE ( 'NONE', #395, #378, #702, .T. ) ;
#565 = EDGE_CURVE ( 'NONE', #388, #391, #704, .T. ) ;
#566 = EDGE_CURVE ( 'NONE', #373, #371, #706, .T. ) ;
#567 = EDGE_CURVE ( 'NONE', #345, #397, #708, .T. ) ;
#568 = EDGE_CURVE ( 'NONE', #376, #343, #712, .T. ) ;
#569 = EDGE_CURVE ( 'NONE', #375, #347, #695, .T. ) ;
#570 = AXIS2_PLACEMENT_3D ( 'NONE', #1120, #1118, #1117 ) ;
#571 = EDGE_CURVE ( 'NONE', #389, #392, #713, .T. ) ;
#572 = EDGE_CURVE ( 'NONE', #414, #402, #715, .T. ) ;
#573 = EDGE_CURVE ( 'NONE', #367, #349, #719, .T. ) ;
#574 = EDGE_CURVE ( 'NONE', #325, #402, #1018, .T. ) ;
#575 = EDGE_CURVE ( 'NONE', #334, #324, #720, .T. ) ;
#576 = EDGE_CURVE ( 'NONE', #422, #420, #722, .T. ) ;
#577 = EDGE_CURVE ( 'NONE', #415, #399, #724, .T. ) ;
#578 = EDGE_CURVE ( 'NONE', #396, #368, #726, .T. ) ;
#579 = EDGE_CURVE ( 'NONE', #337, #378, #728, .T. ) ;
#580 = EDGE_CURVE ( 'NONE', #428, #323, #1327, .T. ) ;
#581 = EDGE_CURVE ( 'NONE', #403, #401, #718, .T. ) ;
#582 = EDGE_CURVE ( 'NONE', #385, #318, #1330, .T. ) ;
#583 = EDGE_CURVE ( 'NONE', #398, #427, #1332, .T. ) ;
#584 = EDGE_CURVE ( 'NONE', #344, #396, #1334, .T. ) ;
#585 = EDGE_CURVE ( 'NONE', #370, #381, #710, .T. ) ;
#586 = EDGE_CURVE ( 'NONE', #360, #320, #1338, .T. ) ;
#587 = AXIS2_PLACEMENT_3D ( 'NONE', #1722, #1721, #1718 ) ;
#588 = EDGE_CURVE ( 'NONE', #406, #343, #717, .T. ) ;
#589 = EDGE_CURVE ( 'NONE', #355, #356, #1343, .T. ) ;
#590 = EDGE_CURVE ( 'NONE', #363, #357, #1345, .T. ) ;
#591 = EDGE_CURVE ( 'NONE', #410, #426, #1344, .T. ) ;
#592 = EDGE_CURVE ( 'NONE', #365, #406, #1346, .T. ) ;
#593 = EDGE_CURVE ( 'NONE', #363, #379, #1348, .T. ) ;
#594 = EDGE_CURVE ( 'NONE', #386, #393, #1350, .T. ) ;
#595 = EDGE_CURVE ( 'NONE', #357, #363, #1354, .T. ) ;
#596 = EDGE_CURVE ( 'NONE', #377, #395, #1337, .T. ) ;
#597 = EDGE_CURVE ( 'NONE', #421, #424, #1355, .T. ) ;
#598 = EDGE_CURVE ( 'NONE', #359, #348, #1359, .T. ) ;
#599 = EDGE_CURVE ( 'NONE', #350, #352, #1361, .T. ) ;
#600 = EDGE_CURVE ( 'NONE', #330, #334, #1352, .T. ) ;
#601 = EDGE_CURVE ( 'NONE', #353, #367, #1362, .T. ) ;
#602 = EDGE_CURVE ( 'NONE', #404, #408, #1360, .T. ) ;
#603 = EDGE_CURVE ( 'NONE', #319, #387, #1366, .T. ) ;
#604 = EDGE_CURVE ( 'NONE', #338, #319, #1368, .T. ) ;
#605 = EDGE_CURVE ( 'NONE', #338, #423, #1370, .T. ) ;
#606 = EDGE_CURVE ( 'NONE', #327, #339, #1372, .T. ) ;
#607 = EDGE_CURVE ( 'NONE', #333, #399, #1374, .T. ) ;
#608 = EDGE_CURVE ( 'NONE', #333, #327, #1357, .T. ) ;
#609 = EDGE_CURVE ( 'NONE', #374, #390, #1378, .T. ) ;
#610 = EDGE_CURVE ( 'NONE', #324, #407, #1380, .T. ) ;
#611 = EDGE_CURVE ( 'NONE', #364, #361, #1382, .T. ) ;
#612 = EDGE_CURVE ( 'NONE', #390, #411, #1353, .T. ) ;
#613 = EDGE_CURVE ( 'NONE', #362, #372, #1365, .T. ) ;
#614 = EDGE_CURVE ( 'NONE', #375, #366, #1389, .T. ) ;
#615 = EDGE_CURVE ( 'NONE', #411, #391, #1385, .T. ) ;
#616 = EDGE_CURVE ( 'NONE', #412, #428, #1390, .T. ) ;
#617 = EDGE_CURVE ( 'NONE', #399, #400, #1392, .T. ) ;
#618 = EDGE_CURVE ( 'NONE', #361, #444, #1394, .T. ) ;
#619 = EDGE_CURVE ( 'NONE', #345, #344, #1396, .T. ) ;
#620 = EDGE_CURVE ( 'NONE', #370, #360, #1398, .T. ) ;
#621 = EDGE_CURVE ( 'NONE', #381, #320, #1400, .T. ) ;
#622 = EDGE_CURVE ( 'NONE', #446, #321, #1402, .T. ) ;
#623 = EDGE_CURVE ( 'NONE', #328, #414, #1404, .T. ) ;
#624 = EDGE_CURVE ( 'NONE', #412, #321, #1406, .T. ) ;
#625 = EDGE_CURVE ( 'NONE', #347, #320, #1410, .T. ) ;
#626 = EDGE_CURVE ( 'NONE', #323, #318, #1387, .T. ) ;
#627 = EDGE_CURVE ( 'NONE', #349, #376, #1411, .T. ) ;
#628 = EDGE_CURVE ( 'NONE', #380, #421, #1413, .T. ) ;
#629 = EDGE_CURVE ( 'NONE', #424, #346, #1415, .T. ) ;
#630 = EDGE_CURVE ( 'NONE', #404, #398, #1417, .T. ) ;
#631 = EDGE_CURVE ( 'NONE', #348, #359, #1421, .T. ) ;
#632 = FACE_OUTER_BOUND ( 'NONE', #971, .T. ) ;
#633 = FACE_BOUND ( 'NONE', #975, .T. ) ;
#634 = CYLINDRICAL_SURFACE ( 'NONE', #248, 1.249999999999999300 ) ;
#635 = FACE_OUTER_BOUND ( 'NONE', #963, .T. ) ;
#636 = FACE_OUTER_BOUND ( 'NONE', #964, .T. ) ;
#637 = CYLINDRICAL_SURFACE ( 'NONE', #216, 2.399999999999999500 ) ;
#638 = FACE_OUTER_BOUND ( 'NONE', #977, .T. ) ;
#639 = FACE_OUTER_BOUND ( 'NONE', #973, .T. ) ;
#640 = FACE_OUTER_BOUND ( 'NONE', #970, .T. ) ;
#641 = FACE_BOUND ( 'NONE', #974, .T. ) ;
#642 = FACE_BOUND ( 'NONE', #915, .T. ) ;
#643 = FACE_OUTER_BOUND ( 'NONE', #976, .T. ) ;
#644 = FACE_OUTER_BOUND ( 'NONE', #979, .T. ) ;
#645 = FACE_OUTER_BOUND ( 'NONE', #967, .T. ) ;
#646 = CONICAL_SURFACE ( 'NONE', #175, 1.000000000000000400, 0.7853981633974531600 ) ;
#647 = FACE_OUTER_BOUND ( 'NONE', #968, .T. ) ;
#648 = CYLINDRICAL_SURFACE ( 'NONE', #223, 1.000000000000000400 ) ;
#649 = FACE_BOUND ( 'NONE', #969, .T. ) ;
#650 =( GEOMETRIC_REPRESENTATION_CONTEXT ( 3 ) GLOBAL_UNCERTAINTY_ASSIGNED_CONTEXT ( ( #1923 ) ) GLOBAL_UNIT_ASSIGNED_CONTEXT ( ( #876, #886, #894 ) ) REPRESENTATION_CONTEXT ( 'NONE', 'WORKASPACE' ) );
#651 = SHAPE_DEFINITION_REPRESENTATION ( #1136, #1924 ) ;
#652 = ORGANIZATION ( 'UNSPECIFIED', 'UNSPECIFIED', '' ) ;
#653 = PERSON_AND_ORGANIZATION ( #1837, #652 ) ;
#654 = PERSON_AND_ORGANIZATION ( #1837, #652 ) ;
#655 = APPROVAL_PERSON_ORGANIZATION ( #654, #262, #893 ) ;
#656 = COORDINATED_UNIVERSAL_TIME_OFFSET ( 9, 0, .AHEAD. ) ;
#657 = LOCAL_TIME ( 13, 38, 53.00000000000000000, #656 ) ;
#658 = CALENDAR_DATE ( 2015, 23, 7 ) ;
#659 = DATE_AND_TIME ( #658, #657 ) ;
#660 = APPROVAL_DATE_TIME ( #659, #262 ) ;
#661 = PERSON_AND_ORGANIZATION ( #1837, #652 ) ;
#662 = COORDINATED_UNIVERSAL_TIME_OFFSET ( 9, 0, .AHEAD. ) ;
#663 = LOCAL_TIME ( 13, 38, 53.00000000000000000, #662 ) ;
#664 = CALENDAR_DATE ( 2015, 23, 7 ) ;
#665 = DATE_AND_TIME ( #664, #663 ) ;
#666 = PERSON_AND_ORGANIZATION ( #1837, #652 ) ;
#667 = APPROVAL_PERSON_ORGANIZATION ( #666, #261, #839 ) ;
#668 = COORDINATED_UNIVERSAL_TIME_OFFSET ( 9, 0, .AHEAD. ) ;
#669 = LOCAL_TIME ( 13, 38, 53.00000000000000000, #668 ) ;
#670 = CALENDAR_DATE ( 2015, 23, 7 ) ;
#672 = CARTESIAN_POINT ( 'NONE',  ( 0.6000000000000002000, 1.949999999999999300, -2.199999999999999700 ) ) ;
#671 = DATE_AND_TIME ( #670, #669 ) ;
#673 = APPROVAL_DATE_TIME ( #671, #261 ) ;
#674 = PERSON_AND_ORGANIZATION ( #1837, #652 ) ;
#675 = PERSON_AND_ORGANIZATION ( #1837, #652 ) ;
#676 = PERSON_AND_ORGANIZATION ( #1837, #652 ) ;
#677 = COORDINATED_UNIVERSAL_TIME_OFFSET ( 9, 0, .AHEAD. ) ;
#678 = DIRECTION ( 'NONE',  ( -1.000000000000000000, 0.0000000000000000000, 0.0000000000000000000 ) ) ;
#679 = LOCAL_TIME ( 13, 38, 53.00000000000000000, #677 ) ;
#680 = CALENDAR_DATE ( 2015, 23, 7 ) ;
#681 = DATE_AND_TIME ( #680, #679 ) ;
#682 = PERSON_AND_ORGANIZATION ( #1837, #652 ) ;
#683 = APPROVAL_PERSON_ORGANIZATION ( #682, #232, #843 ) ;
#684 = COORDINATED_UNIVERSAL_TIME_OFFSET ( 9, 0, .AHEAD. ) ;
#685 = LOCAL_TIME ( 13, 38, 53.00000000000000000, #684 ) ;
#686 = CALENDAR_DATE ( 2015, 23, 7 ) ;
#687 = DATE_AND_TIME ( #686, #685 ) ;
#688 = APPROVAL_DATE_TIME ( #687, #232 ) ;
#689 = CARTESIAN_POINT ( 'NONE',  ( 0.4000000000000001300, 1.950000000000003500, 6.999999999999999100 ) ) ;
#690 = PLANE ( 'NONE',  #224 ) ;
#691 = VECTOR ( 'NONE', #1285, 1000.000000000000000 ) ;
#692 = VECTOR ( 'NONE', #1276, 1000.000000000000000 ) ;
#693 = VECTOR ( 'NONE', #1282, 1000.000000000000000 ) ;
#694 = VECTOR ( 'NONE', #1253, 1000.000000000000000 ) ;
#695 = LINE ( 'NONE', #1255, #694 ) ;
#696 = LINE ( 'NONE', #1287, #692 ) ;
#697 = CIRCLE ( 'NONE', #450, 0.4999999999999916700 ) ;
#698 = LINE ( 'NONE', #1274, #699 ) ;
#699 = VECTOR ( 'NONE', #1272, 1000.000000000000000 ) ;
#700 = LINE ( 'NONE', #1271, #701 ) ;
#701 = VECTOR ( 'NONE', #1270, 1000.000000000000000 ) ;
#702 = LINE ( 'NONE', #1269, #703 ) ;
#703 = VECTOR ( 'NONE', #1268, 1000.000000000000000 ) ;
#704 = LINE ( 'NONE', #1266, #705 ) ;
#705 = VECTOR ( 'NONE', #1265, 1000.000000000000000 ) ;
#706 = LINE ( 'NONE', #1264, #707 ) ;
#707 = VECTOR ( 'NONE', #1263, 1000.000000000000000 ) ;
#708 = LINE ( 'NONE', #1261, #709 ) ;
#709 = VECTOR ( 'NONE', #1260, 1000.000000000000000 ) ;
#710 = LINE ( 'NONE', #1225, #1336 ) ;
#711 = VECTOR ( 'NONE', #1243, 1000.000000000000000 ) ;
#712 = CIRCLE ( 'NONE', #449, 1.599999999999999900 ) ;
#713 = LINE ( 'NONE', #1252, #714 ) ;
#714 = VECTOR ( 'NONE', #1251, 1000.000000000000000 ) ;
#715 = LINE ( 'NONE', #1249, #716 ) ;
#716 = VECTOR ( 'NONE', #1248, 1000.000000000000000 ) ;
#717 = LINE ( 'NONE', #114, #1340 ) ;
#718 = LINE ( 'NONE', #1259, #1329 ) ;
#719 = CIRCLE ( 'NONE', #536, 1.599999999999999000 ) ;
#720 = LINE ( 'NONE', #1242, #721 ) ;
#721 = VECTOR ( 'NONE', #1240, 1000.000000000000000 ) ;
#722 = LINE ( 'NONE', #1239, #723 ) ;
#723 = VECTOR ( 'NONE', #1238, 1000.000000000000000 ) ;
#724 = LINE ( 'NONE', #1236, #725 ) ;
#725 = VECTOR ( 'NONE', #1235, 1000.000000000000000 ) ;
#726 = LINE ( 'NONE', #1234, #727 ) ;
#727 = VECTOR ( 'NONE', #1233, 1000.000000000000000 ) ;
#728 = LINE ( 'NONE', #1232, #729 ) ;
#729 = VECTOR ( 'NONE', #1231, 1000.000000000000000 ) ;
#730 = ORIENTED_EDGE ( 'NONE', *, *, #614, .F. ) ;
#731 = ORIENTED_EDGE ( 'NONE', *, *, #569, .T. ) ;
#732 = ORIENTED_EDGE ( 'NONE', *, *, #625, .T. ) ;
#733 = ORIENTED_EDGE ( 'NONE', *, *, #586, .F. ) ;
#734 = ORIENTED_EDGE ( 'NONE', *, *, #541, .T. ) ;
#735 = ORIENTED_EDGE ( 'NONE', *, *, #585, .F. ) ;
#736 = ORIENTED_EDGE ( 'NONE', *, *, #620, .T. ) ;
#737 = ORIENTED_EDGE ( 'NONE', *, *, #586, .T. ) ;
#738 = ORIENTED_EDGE ( 'NONE', *, *, #621, .F. ) ;
#739 = ORIENTED_EDGE ( 'NONE', *, *, #517, .F. ) ;
#740 = ORIENTED_EDGE ( 'NONE', *, *, #567, .F. ) ;
#741 = ORIENTED_EDGE ( 'NONE', *, *, #619, .T. ) ;
#742 = ORIENTED_EDGE ( 'NONE', *, *, #584, .T. ) ;
#743 = ORIENTED_EDGE ( 'NONE', *, *, #535, .F. ) ;
#744 = ORIENTED_EDGE ( 'NONE', *, *, #590, .F. ) ;
#745 = ORIENTED_EDGE ( 'NONE', *, *, #593, .T. ) ;
#746 = ORIENTED_EDGE ( 'NONE', *, *, #501, .T. ) ;
#747 = ORIENTED_EDGE ( 'NONE', *, *, #590, .T. ) ;
#748 = ORIENTED_EDGE ( 'NONE', *, *, #595, .T. ) ;
#749 = ORIENTED_EDGE ( 'NONE', *, *, #601, .F. ) ;
#750 = ORIENTED_EDGE ( 'NONE', *, *, #528, .F. ) ;
#751 = ORIENTED_EDGE ( 'NONE', *, *, #481, .T. ) ;
#752 = ORIENTED_EDGE ( 'NONE', *, *, #573, .F. ) ;
#753 = ORIENTED_EDGE ( 'NONE', *, *, #481, .F. ) ;
#754 = ORIENTED_EDGE ( 'NONE', *, *, #548, .F. ) ;
#755 = ORIENTED_EDGE ( 'NONE', *, *, #469, .T. ) ;
#756 = ORIENTED_EDGE ( 'NONE', *, *, #627, .F. ) ;
#757 = ORIENTED_EDGE ( 'NONE', *, *, #469, .F. ) ;
#758 = ORIENTED_EDGE ( 'NONE', *, *, #489, .F. ) ;
#759 = ORIENTED_EDGE ( 'NONE', *, *, #588, .T. ) ;
#760 = ORIENTED_EDGE ( 'NONE', *, *, #568, .F. ) ;
#761 = ORIENTED_EDGE ( 'NONE', *, *, #588, .F. ) ;
#762 = ORIENTED_EDGE ( 'NONE', *, *, #592, .F. ) ;
#763 = ORIENTED_EDGE ( 'NONE', *, *, #502, .T. ) ;
#764 = ORIENTED_EDGE ( 'NONE', *, *, #498, .F. ) ;
#765 = ORIENTED_EDGE ( 'NONE', *, *, #532, .T. ) ;
#766 = ORIENTED_EDGE ( 'NONE', *, *, #539, .F. ) ;
#767 = ORIENTED_EDGE ( 'NONE', *, *, #525, .F. ) ;
#768 = ORIENTED_EDGE ( 'NONE', *, *, #524, .T. ) ;
#769 = ORIENTED_EDGE ( 'NONE', *, *, #554, .T. ) ;
#770 = ORIENTED_EDGE ( 'NONE', *, *, #525, .T. ) ;
#771 = ORIENTED_EDGE ( 'NONE', *, *, #457, .T. ) ;
#772 = CARTESIAN_POINT ( 'NONE',  ( -0.5999999999999997600, 1.999999999999999100, -2.199999999999999700 ) ) ;
#773 = DIRECTION ( 'NONE',  ( 0.0000000000000000000, 1.000000000000000000, 0.0000000000000000000 ) ) ;
#774 = CARTESIAN_POINT ( 'NONE',  ( -0.3999999999999999100, 1.950000000000003500, 6.999999999999999100 ) ) ;
#775 = CARTESIAN_POINT ( 'NONE',  ( -3.000000000000000000, 2.000000000000001800, 5.699999999999998400 ) ) ;
#776 = DIRECTION ( 'NONE',  ( 0.4472135954999580900, 0.0000000000000000000, 0.8944271909999157400 ) ) ;
#777 = DIRECTION ( 'NONE',  ( -0.0000000000000000000, 1.000000000000000000, -0.0000000000000000000 ) ) ;
#778 = DIRECTION ( 'NONE',  ( -0.0000000000000000000, -0.0000000000000000000, -1.000000000000000000 ) ) ;
#779 = CARTESIAN_POINT ( 'NONE',  ( 0.4000000000000001900, 1.950000000000003500, 7.399999999999999500 ) ) ;
#780 = DIRECTION ( 'NONE',  ( 0.0000000000000000000, 1.000000000000000000, 0.0000000000000000000 ) ) ;
#781 = CARTESIAN_POINT ( 'NONE',  ( -7.799999999999998900, -8.000000000000000000, 11.20099999999999900 ) ) ;
#782 = CARTESIAN_POINT ( 'NONE',  ( -3.000000000000000000, -10.00000000000000000, -3.700000000000000200 ) ) ;
#783 = DIRECTION ( 'NONE',  ( 1.355252715606880000E-016, 0.0000000000000000000, 1.000000000000000000 ) ) ;
#784 = CARTESIAN_POINT ( 'NONE',  ( -3.000000000000000000, 2.000000000000000000, -3.700000000000000200 ) ) ;
#785 = DIRECTION ( 'NONE',  ( -0.0000000000000000000, 1.000000000000000000, -0.0000000000000000000 ) ) ;
#786 = DIRECTION ( 'NONE',  ( 0.4472135954999578200, 0.0000000000000000000, -0.8944271909999158600 ) ) ;
#787 = CARTESIAN_POINT ( 'NONE',  ( -0.3999999999999999100, 1.950000000000003500, 6.999999999999999100 ) ) ;
#788 = CARTESIAN_POINT ( 'NONE',  ( 4.336808689942017700E-016, 1.950000000000003500, 8.599999999999999600 ) ) ;
#789 = DIRECTION ( 'NONE',  ( -1.000000000000000000, 0.0000000000000000000, 0.0000000000000000000 ) ) ;
#790 = DIRECTION ( 'NONE',  ( -1.000000000000000000, 0.0000000000000000000, 0.0000000000000000000 ) ) ;
#791 = CARTESIAN_POINT ( 'NONE',  ( -0.3999999999999998600, 1.950000000000003500, 7.399999999999999500 ) ) ;
#792 = DIRECTION ( 'NONE',  ( -0.0000000000000000000, -0.0000000000000000000, 1.000000000000000000 ) ) ;
#793 = CARTESIAN_POINT ( 'NONE',  ( -0.4000000000000000800, -0.5999999999999999800, -0.1000000000000000100 ) ) ;
#794 = DIRECTION ( 'NONE',  ( 1.000000000000000000, 0.0000000000000000000, 0.0000000000000000000 ) ) ;
#795 = CARTESIAN_POINT ( 'NONE',  ( -0.4000000000000000800, -0.5999999999999999800, -0.1000000000000000100 ) ) ;
#796 = DIRECTION ( 'NONE',  ( -0.0000000000000000000, -0.0000000000000000000, 1.000000000000000000 ) ) ;
#797 = DIRECTION ( 'NONE',  ( -0.0000000000000000000, -0.0000000000000000000, 1.000000000000000000 ) ) ;
#798 = CARTESIAN_POINT ( 'NONE',  ( 0.4000000000000000800, -0.5999999999999999800, -0.1000000000000000100 ) ) ;
#799 = DIRECTION ( 'NONE',  ( 0.0000000000000000000, -1.000000000000000000, 0.0000000000000000000 ) ) ;
#800 = DIRECTION ( 'NONE',  ( 0.0000000000000000000, -1.445602896647339200E-016, 1.000000000000000000 ) ) ;
#801 = DIRECTION ( 'NONE',  ( 1.000000000000000000, 0.0000000000000000000, 0.0000000000000000000 ) ) ;
#802 = ORIENTED_EDGE ( 'NONE', *, *, #555, .F. ) ;
#803 = ORIENTED_EDGE ( 'NONE', *, *, #490, .T. ) ;
#804 = ORIENTED_EDGE ( 'NONE', *, *, #612, .T. ) ;
#805 = ORIENTED_EDGE ( 'NONE', *, *, #490, .F. ) ;
#806 = ORIENTED_EDGE ( 'NONE', *, *, #565, .F. ) ;
#807 = ORIENTED_EDGE ( 'NONE', *, *, #615, .T. ) ;
#808 = ORIENTED_EDGE ( 'NONE', *, *, #532, .F. ) ;
#809 = ORIENTED_EDGE ( 'NONE', *, *, #596, .F. ) ;
#810 = ORIENTED_EDGE ( 'NONE', *, *, #564, .F. ) ;
#811 = ORIENTED_EDGE ( 'NONE', *, *, #504, .F. ) ;
#812 = ORIENTED_EDGE ( 'NONE', *, *, #616, .T. ) ;
#813 = ORIENTED_EDGE ( 'NONE', *, *, #523, .T. ) ;
#814 = ORIENTED_EDGE ( 'NONE', *, *, #460, .T. ) ;
#815 = ORIENTED_EDGE ( 'NONE', *, *, #511, .T. ) ;
#816 = ORIENTED_EDGE ( 'NONE', *, *, #482, .T. ) ;
#817 = ORIENTED_EDGE ( 'NONE', *, *, #497, .F. ) ;
#818 = ORIENTED_EDGE ( 'NONE', *, *, #484, .F. ) ;
#819 = ORIENTED_EDGE ( 'NONE', *, *, #529, .T. ) ;
#820 = ORIENTED_EDGE ( 'NONE', *, *, #591, .F. ) ;
#821 = ORIENTED_EDGE ( 'NONE', *, *, #527, .F. ) ;
#822 = ORIENTED_EDGE ( 'NONE', *, *, #535, .T. ) ;
#823 = ORIENTED_EDGE ( 'NONE', *, *, #593, .F. ) ;
#824 = ORIENTED_EDGE ( 'NONE', *, *, #483, .T. ) ;
#825 = ORIENTED_EDGE ( 'NONE', *, *, #601, .T. ) ;
#826 = VECTOR ( 'NONE', #1772, 1000.000000000000100 ) ;
#827 = ORIENTED_EDGE ( 'NONE', *, *, #477, .F. ) ;
#828 = ORIENTED_EDGE ( 'NONE', *, *, #461, .T. ) ;
#829 = ORIENTED_EDGE ( 'NONE', *, *, #571, .F. ) ;
#830 = ORIENTED_EDGE ( 'NONE', *, *, #488, .T. ) ;
#831 = ORIENTED_EDGE ( 'NONE', *, *, #602, .T. ) ;
#832 = APPROVAL_STATUS ( 'not_yet_approved' ) ;
#833 = DIRECTION ( 'NONE',  ( 0.0000000000000000000, -0.0000000000000000000, -1.000000000000000000 ) ) ;
#834 = PERSON_AND_ORGANIZATION_ROLE ( 'design_owner' ) ;
#835 = CARTESIAN_POINT ( 'NONE',  ( -5.421010862427522200E-016, -12.00000000000000000, 2.999999999999999100 ) ) ;
#836 = PERSON_AND_ORGANIZATION_ROLE ( 'design_supplier' ) ;
#837 = PLANE ( 'NONE',  #178 ) ;
#838 = DATE_TIME_ROLE ( 'classification_date' ) ;
#839 = APPROVAL_ROLE ( '' ) ;
#840 = DIRECTION ( 'NONE',  ( 0.0000000000000000000, 0.0000000000000000000, 1.000000000000000000 ) ) ;
#841 = DIRECTION ( 'NONE',  ( -1.000000000000000000, 0.0000000000000000000, 0.0000000000000000000 ) ) ;
#842 = DIRECTION ( 'NONE',  ( 0.0000000000000000000, 0.0000000000000000000, -1.000000000000000000 ) ) ;
#843 = APPROVAL_ROLE ( '' ) ;
#844 = DIRECTION ( 'NONE',  ( 0.0000000000000000000, 1.000000000000000000, -4.688441826964343300E-016 ) ) ;
#845 = DIRECTION ( 'NONE',  ( -0.0000000000000000000, 1.000000000000000000, -0.0000000000000000000 ) ) ;
#846 = DIRECTION ( 'NONE',  ( 0.0000000000000000000, 0.0000000000000000000, 1.000000000000000000 ) ) ;
#847 = APPROVAL_STATUS ( 'not_yet_approved' ) ;
#848 = CARTESIAN_POINT ( 'NONE',  ( -1.301042606982605300E-015, -8.000000000000000000, 10.69999999999999600 ) ) ;
#849 = PLANE ( 'NONE',  #182 ) ;
#850 = DIRECTION ( 'NONE',  ( -0.0000000000000000000, 0.0000000000000000000, -1.000000000000000000 ) ) ;
#851 = CARTESIAN_POINT ( 'NONE',  ( -3.000000000000000000, -10.00000000000000000, 9.699999999999999300 ) ) ;
#852 = MECHANICAL_CONTEXT ( 'NONE', #856, 'mechanical' ) ;
#853 = PLANE ( 'NONE',  #184 ) ;
#854 = CARTESIAN_POINT ( 'NONE',  ( -5.421010862427522200E-016, -12.00000000000000000, 2.999999999999999100 ) ) ;
#855 = CARTESIAN_POINT ( 'NONE',  ( -3.000000000000000000, -10.00000000000000000, -3.700000000000000200 ) ) ;
#856 = APPLICATION_CONTEXT ( 'configuration controlled 3d designs of mechanical parts and assemblies' ) ;
#857 = APPLICATION_CONTEXT ( 'configuration controlled 3d designs of mechanical parts and assemblies' ) ;
#858 = DIRECTION ( 'NONE',  ( 0.0000000000000000000, -1.000000000000000000, 0.0000000000000000000 ) ) ;
#859 = CARTESIAN_POINT ( 'NONE',  ( -1.301042606982605300E-015, -8.000000000000000000, 11.19999999999999900 ) ) ;
#860 = PERSON_AND_ORGANIZATION_ROLE ( 'classification_officer' ) ;
#861 = APPROVAL_STATUS ( 'not_yet_approved' ) ;
#862 = CARTESIAN_POINT ( 'NONE',  ( 9.403124237432850300, -5.500000000000000000, 5.699999999999998400 ) ) ;
#863 = PLANE ( 'NONE',  #194 ) ;
#864 = DIRECTION ( 'NONE',  ( 0.0000000000000000000, -0.0000000000000000000, -1.000000000000000000 ) ) ;
#865 = DIRECTION ( 'NONE',  ( -1.000000000000000000, 0.0000000000000000000, -0.0000000000000000000 ) ) ;
#866 = DIRECTION ( 'NONE',  ( 1.000000000000000000, 0.0000000000000000000, 0.0000000000000000000 ) ) ;
#867 = DIRECTION ( 'NONE',  ( 0.0000000000000000000, -1.445602896647339200E-016, 1.000000000000000000 ) ) ;
#868 = DIRECTION ( 'NONE',  ( 0.0000000000000000000, -0.0000000000000000000, 1.000000000000000000 ) ) ;
#869 = PLANE ( 'NONE',  #239 ) ;
#870 = DATE_TIME_ROLE ( 'creation_date' ) ;
#871 = DIRECTION ( 'NONE',  ( -1.000000000000000000, 0.0000000000000000000, 0.0000000000000000000 ) ) ;
#872 = DIRECTION ( 'NONE',  ( 0.0000000000000000000, 4.688441826964343300E-016, 1.000000000000000000 ) ) ;
#873 = PLANE ( 'NONE',  #257 ) ;
#874 = DIRECTION ( 'NONE',  ( -0.0000000000000000000, 0.0000000000000000000, -1.000000000000000000 ) ) ;
#875 = DIRECTION ( 'NONE',  ( -0.0000000000000000000, -0.0000000000000000000, -1.000000000000000000 ) ) ;
#876 =( LENGTH_UNIT ( ) NAMED_UNIT ( * ) SI_UNIT ( .MILLI., .METRE. ) );
#877 = DIRECTION ( 'NONE',  ( 0.0000000000000000000, -1.000000000000000000, -1.445602896647339200E-016 ) ) ;
#878 = CARTESIAN_POINT ( 'NONE',  ( 9.403124237432850300, -5.500000000000000000, 5.699999999999998400 ) ) ;
#879 = DIRECTION ( 'NONE',  ( -0.0000000000000000000, 1.000000000000000000, -0.0000000000000000000 ) ) ;
#880 = CARTESIAN_POINT ( 'NONE',  ( -3.000000000000000000, 1.999999999999999100, 9.700000000000001100 ) ) ;
#881 = DIRECTION ( 'NONE',  ( -1.000000000000000000, 0.0000000000000000000, 0.0000000000000000000 ) ) ;
#882 = CARTESIAN_POINT ( 'NONE',  ( 0.0000000000000000000, 0.0000000000000000000, 0.0000000000000000000 ) ) ;
#883 = APPLICATION_PROTOCOL_DEFINITION ( 'international standard', 'config_control_design', 1994, #856 ) ;
#884 = DIRECTION ( 'NONE',  ( 0.0000000000000000000, 0.0000000000000000000, -1.000000000000000000 ) ) ;
#885 = DIRECTION ( 'NONE',  ( 0.0000000000000000000, -1.000000000000000000, 0.0000000000000000000 ) ) ;
#886 =( NAMED_UNIT ( * ) PLANE_ANGLE_UNIT ( ) SI_UNIT ( $, .RADIAN. ) );
#887 = SECURITY_CLASSIFICATION_LEVEL ( 'unclassified' ) ;
#888 = DIRECTION ( 'NONE',  ( 0.0000000000000000000, 0.0000000000000000000, 1.000000000000000000 ) ) ;
#889 = DIRECTION ( 'NONE',  ( -1.000000000000000000, 0.0000000000000000000, 0.0000000000000000000 ) ) ;
#890 = APPLICATION_PROTOCOL_DEFINITION ( 'international standard', 'config_control_design', 1994, #857 ) ;
#891 = PERSON_AND_ORGANIZATION_ROLE ( 'creator' ) ;
#892 = PERSON_AND_ORGANIZATION_ROLE ( 'creator' ) ;
#893 = APPROVAL_ROLE ( '' ) ;
#894 =( NAMED_UNIT ( * ) SI_UNIT ( $, .STERADIAN. ) SOLID_ANGLE_UNIT ( ) );
#895 = DIRECTION ( 'NONE',  ( -1.000000000000000000, 0.0000000000000000000, 0.0000000000000000000 ) ) ;
#896 = DIRECTION ( 'NONE',  ( -0.0000000000000000000, 0.0000000000000000000, -1.000000000000000000 ) ) ;
#897 = DIRECTION ( 'NONE',  ( -0.0000000000000000000, 0.0000000000000000000, -1.000000000000000000 ) ) ;
#898 = PRODUCT ( 'pm-r25', 'pm-r25', '', ( #852 ) ) ;
#899 = EDGE_LOOP ( 'NONE', ( #109, #108, #107, #106 ) ) ;
#900 = EDGE_LOOP ( 'NONE', ( #1494, #1493, #1492, #1491 ) ) ;
#901 = EDGE_LOOP ( 'NONE', ( #98, #1497, #1496, #1495 ) ) ;
#902 = EDGE_LOOP ( 'NONE', ( #105, #104, #103, #102, #101, #100, #99 ) ) ;
#903 = EDGE_LOOP ( 'NONE', ( #1490, #1489, #1488, #1587 ) ) ;
#904 = EDGE_LOOP ( 'NONE', ( #21, #22, #23, #24 ) ) ;
#905 = EDGE_LOOP ( 'NONE', ( #25, #26, #27, #28 ) ) ;
#906 = EDGE_LOOP ( 'NONE', ( #1675, #1676, #1677, #1678 ) ) ;
#907 = EDGE_LOOP ( 'NONE', ( #95, #97, #92, #1498 ) ) ;
#908 = EDGE_LOOP ( 'NONE', ( #1570, #1571, #1572, #1573 ) ) ;
#909 = EDGE_LOOP ( 'NONE', ( #735, #736, #737, #738 ) ) ;
#910 = EDGE_LOOP ( 'NONE', ( #29, #30, #1564, #1565 ) ) ;
#911 = EDGE_LOOP ( 'NONE', ( #1566, #1567, #1568, #1569 ) ) ;
#912 = EDGE_LOOP ( 'NONE', ( #1582, #1583, #1663, #1664 ) ) ;
#913 = EDGE_LOOP ( 'NONE', ( #1669, #1670, #1671, #1672 ) ) ;
#914 = EDGE_LOOP ( 'NONE', ( #1578, #1579, #1580, #1581 ) ) ;
#915 = EDGE_LOOP ( 'NONE', ( #940, #273, #276, #271, #275 ) ) ;
#916 = EDGE_LOOP ( 'NONE', ( #1687, #1688, #1689, #1690 ) ) ;
#917 = EDGE_LOOP ( 'NONE', ( #1679, #1680, #1681, #1682 ) ) ;
#918 = EDGE_LOOP ( 'NONE', ( #747, #748 ) ) ;
#919 = CARTESIAN_POINT ( 'NONE',  ( -3.000000000000000000, 2.000000000000000000, -3.700000000000000200 ) ) ;
#920 = DIRECTION ( 'NONE',  ( 1.355252715606880000E-016, 0.0000000000000000000, 1.000000000000000000 ) ) ;
#921 = DIRECTION ( 'NONE',  ( -1.000000000000000000, 0.0000000000000000000, 1.355252715606880000E-016 ) ) ;
#922 = DIRECTION ( 'NONE',  ( -1.000000000000000000, 0.0000000000000000000, -0.0000000000000000000 ) ) ;
#923 = CARTESIAN_POINT ( 'NONE',  ( -3.000000000000000000, 1.999999999999999100, 5.999999999999998200 ) ) ;
#924 = PLANE ( 'NONE',  #206 ) ;
#925 = DIRECTION ( 'NONE',  ( 0.4472135954999580900, 0.0000000000000000000, 0.8944271909999157400 ) ) ;
#926 = DIRECTION ( 'NONE',  ( -0.8944271909999158600, 0.0000000000000000000, 0.4472135954999581500 ) ) ;
#927 = CARTESIAN_POINT ( 'NONE',  ( -0.5999999999999997600, 1.949999999999999300, -2.199999999999999700 ) ) ;
#928 = DIRECTION ( 'NONE',  ( 0.0000000000000000000, 0.0000000000000000000, -1.000000000000000000 ) ) ;
#929 = PLANE ( 'NONE',  #260 ) ;
#930 = PLANE ( 'NONE',  #210 ) ;
#931 = CARTESIAN_POINT ( 'NONE',  ( -3.000000000000000000, -3.500000000000003100, 0.0000000000000000000 ) ) ;
#932 = DIRECTION ( 'NONE',  ( 0.0000000000000000000, 4.336808689942018700E-016, 1.000000000000000000 ) ) ;
#933 = PLANE ( 'NONE',  #221 ) ;
#934 = DIRECTION ( 'NONE',  ( -1.000000000000000000, 0.0000000000000000000, 0.0000000000000000000 ) ) ;
#935 = DIRECTION ( 'NONE',  ( -0.0000000000000000000, 0.0000000000000000000, -1.000000000000000000 ) ) ;
#936 = DIRECTION ( 'NONE',  ( 0.0000000000000000000, 1.000000000000000000, -4.336808689942018700E-016 ) ) ;
#937 = PLANE ( 'NONE',  #217 ) ;
#938 = CARTESIAN_POINT ( 'NONE',  ( -0.3999999999999999100, 1.949999999999999300, -2.600000000000000100 ) ) ;
#939 = CARTESIAN_POINT ( 'NONE',  ( -3.000000000000000000, -3.500000000000000400, 5.999999999999998200 ) ) ;
#940 = ORIENTED_EDGE ( 'NONE', *, *, #522, .T. ) ;
#941 = DIRECTION ( 'NONE',  ( -0.0000000000000000000, 0.0000000000000000000, -1.000000000000000000 ) ) ;
#942 = CARTESIAN_POINT ( 'NONE',  ( 0.4000000000000001300, 1.949999999999999300, -2.600000000000000100 ) ) ;
#943 = PLANE ( 'NONE',  #188 ) ;
#944 = PLANE ( 'NONE',  #193 ) ;
#945 = CARTESIAN_POINT ( 'NONE',  ( -0.3999999999999998600, 1.949999999999999300, -2.199999999999999700 ) ) ;
#946 = CARTESIAN_POINT ( 'NONE',  ( -5.421010862427522200E-016, -62.00000000000000000, 2.999999999999999100 ) ) ;
#947 = DIRECTION ( 'NONE',  ( -0.0000000000000000000, 0.0000000000000000000, -1.000000000000000000 ) ) ;
#948 = DIRECTION ( 'NONE',  ( 1.000000000000000000, 0.0000000000000000000, -0.0000000000000000000 ) ) ;
#949 = DIRECTION ( 'NONE',  ( 1.000000000000000000, 0.0000000000000000000, 0.0000000000000000000 ) ) ;
#950 = ORIENTED_EDGE ( 'NONE', *, *, #549, .T. ) ;
#951 = ORIENTED_EDGE ( 'NONE', *, *, #467, .F. ) ;
#952 = ORIENTED_EDGE ( 'NONE', *, *, #540, .F. ) ;
#953 = ORIENTED_EDGE ( 'NONE', *, *, #630, .T. ) ;
#954 = ORIENTED_EDGE ( 'NONE', *, *, #602, .F. ) ;
#955 = ORIENTED_EDGE ( 'NONE', *, *, #463, .T. ) ;
#956 = ORIENTED_EDGE ( 'NONE', *, *, #572, .T. ) ;
#957 = ORIENTED_EDGE ( 'NONE', *, *, #473, .F. ) ;
#958 = ORIENTED_EDGE ( 'NONE', *, *, #581, .F. ) ;
#959 = ORIENTED_EDGE ( 'NONE', *, *, #497, .T. ) ;
#960 = EDGE_LOOP ( 'NONE', ( #761, #762, #763, #764 ) ) ;
#961 = EDGE_LOOP ( 'NONE', ( #819, #818, #817, #816 ) ) ;
#962 = EDGE_LOOP ( 'NONE', ( #757, #758, #759, #760 ) ) ;
#963 = EDGE_LOOP ( 'NONE', ( #1205, #1204, #1203, #1202, #1201, #1200 ) ) ;
#964 = EDGE_LOOP ( 'NONE', ( #272, #274, #2054, #2053, #2052, #2051 ) ) ;
#965 = EDGE_LOOP ( 'NONE', ( #59, #58, #57, #56, #55, #54, #53, #52, #51, #166 ) ) ;
#966 = EDGE_LOOP ( 'NONE', ( #1594, #1593, #1592, #1591, #1590, #821, #820 ) ) ;
#967 = EDGE_LOOP ( 'NONE', ( #2, #1 ) ) ;
#968 = EDGE_LOOP ( 'NONE', ( #2050, #2049, #2048, #2047 ) ) ;
#969 = EDGE_LOOP ( 'NONE', ( #1836, #1835 ) ) ;
#970 = EDGE_LOOP ( 'NONE', ( #1834, #1833, #1832, #1831, #1830, #1829, #1828, #1827, #1600 ) ) ;
#971 = EDGE_LOOP ( 'NONE', ( #1207, #822, #824, #823 ) ) ;
#972 = EDGE_LOOP ( 'NONE', ( #48, #47, #46, #45 ) ) ;
#973 = EDGE_LOOP ( 'NONE', ( #1192, #1191, #1190, #1599, #1598, #1597 ) ) ;
#974 = EDGE_LOOP ( 'NONE', ( #1596, #1595 ) ) ;
#975 = EDGE_LOOP ( 'NONE', ( #1197, #1196, #1195, #1194, #1193 ) ) ;
#976 = EDGE_LOOP ( 'NONE', ( #10, #9, #8, #7 ) ) ;
#977 = EDGE_LOOP ( 'NONE', ( #6, #5, #4, #3 ) ) ;
#978 = EDGE_LOOP ( 'NONE', ( #807, #806, #805, #804 ) ) ;
#979 = EDGE_LOOP ( 'NONE', ( #803, #802, #1199, #1198 ) ) ;
#980 = PLANE ( 'NONE',  #228 ) ;
#981 = DIRECTION ( 'NONE',  ( 0.4472135954999578200, 0.0000000000000000000, -0.8944271909999159700 ) ) ;
#982 = CARTESIAN_POINT ( 'NONE',  ( 4.336808689942017700E-016, 1.949999999999999300, -1.000000000000000000 ) ) ;
#983 = DIRECTION ( 'NONE',  ( 0.8944271909999159700, 0.0000000000000000000, 0.4472135954999578200 ) ) ;
#984 = LINE ( 'NONE', #1034, #985 ) ;
#985 = VECTOR ( 'NONE', #1033, 1000.000000000000000 ) ;
#986 = VECTOR ( 'NONE', #1029, 1000.000000000000000 ) ;
#987 = VECTOR ( 'NONE', #1027, 1000.000000000000000 ) ;
#988 = LINE ( 'NONE', #1258, #1005 ) ;
#989 = VECTOR ( 'NONE', #1025, 1000.000000000000000 ) ;
#990 = VECTOR ( 'NONE', #1294, 1000.000000000000000 ) ;
#991 = LINE ( 'NONE', #1283, #1003 ) ;
#992 = LINE ( 'NONE', #1297, #997 ) ;
#993 = LINE ( 'NONE', #1026, #990 ) ;
#994 = CIRCLE ( 'NONE', #453, 2.399999999999999900 ) ;
#995 = LINE ( 'NONE', #1291, #996 ) ;
#996 = VECTOR ( 'NONE', #1286, 1000.000000000000000 ) ;
#997 = VECTOR ( 'NONE', #1279, 1000.000000000000000 ) ;
#998 = LINE ( 'NONE', #1250, #1015 ) ;
#999 = LINE ( 'NONE', #1275, #1000 ) ;
#1000 = VECTOR ( 'NONE', #1273, 1000.000000000000000 ) ;
#1001 = LINE ( 'NONE', #1267, #1002 ) ;
#1002 = VECTOR ( 'NONE', #1262, 1000.000000000000000 ) ;
#1003 = VECTOR ( 'NONE', #1254, 1000.000000000000000 ) ;
#1004 = LINE ( 'NONE', #1302, #1017 ) ;
#1005 = VECTOR ( 'NONE', #1244, 1000.000000000000000 ) ;
#1006 = LINE ( 'NONE', #1300, #691 ) ;
#1007 = LINE ( 'NONE', #1241, #1008 ) ;
#1008 = VECTOR ( 'NONE', #1237, 1000.000000000000000 ) ;
#1009 = LINE ( 'NONE', #1230, #1010 ) ;
#1010 = VECTOR ( 'NONE', #1226, 1000.000000000000000 ) ;
#1011 = LINE ( 'NONE', #1307, #1012 ) ;
#1012 = VECTOR ( 'NONE', #1306, 1000.000000000000000 ) ;
#1013 = LINE ( 'NONE', #1304, #1014 ) ;
#1014 = VECTOR ( 'NONE', #1303, 1000.000000000000000 ) ;
#1015 = VECTOR ( 'NONE', #1301, 1000.000000000000000 ) ;
#1016 = LINE ( 'NONE', #1288, #693 ) ;
#1017 = VECTOR ( 'NONE', #1299, 1000.000000000000100 ) ;
#1018 = LINE ( 'NONE', #1245, #711 ) ;
#1019 = LINE ( 'NONE', #1296, #1020 ) ;
#1020 = VECTOR ( 'NONE', #1295, 1000.000000000000000 ) ;
#1021 = LINE ( 'NONE', #1293, #1022 ) ;
#1022 = VECTOR ( 'NONE', #1292, 1000.000000000000000 ) ;
#1023 = LINE ( 'NONE', #1290, #1024 ) ;
#1024 = VECTOR ( 'NONE', #1289, 1000.000000000000000 ) ;
#1025 = DIRECTION ( 'NONE',  ( -0.0000000000000000000, 1.000000000000000000, -2.891205793294678800E-016 ) ) ;
#1026 = CARTESIAN_POINT ( 'NONE',  ( -3.000000000000000000, 1.999999999999999100, 9.700000000000001100 ) ) ;
#1027 = DIRECTION ( 'NONE',  ( -0.0000000000000000000, 1.000000000000000000, -0.0000000000000000000 ) ) ;
#1028 = CARTESIAN_POINT ( 'NONE',  ( -2.499999999999999100, -4.500000000000001800, 6.000000000000000900 ) ) ;
#1029 = DIRECTION ( 'NONE',  ( -0.0000000000000000000, 1.000000000000000000, -2.891205793294678800E-016 ) ) ;
#1030 = CARTESIAN_POINT ( 'NONE',  ( -5.421010862427522200E-016, -12.00000000000000000, 2.999999999999999100 ) ) ;
#1031 = DIRECTION ( 'NONE',  ( -1.000000000000000000, -2.478176394252584500E-015, 0.0000000000000000000 ) ) ;
#1032 = CARTESIAN_POINT ( 'NONE',  ( 0.6000000000000002000, 1.949999999999999300, -2.199999999999999700 ) ) ;
#1033 = DIRECTION ( 'NONE',  ( -1.000000000000000000, 0.0000000000000000000, 0.0000000000000000000 ) ) ;
#1034 = CARTESIAN_POINT ( 'NONE',  ( 9.403124237432850300, -5.500000000000000000, 9.699999999999999300 ) ) ;
#1035 = CARTESIAN_POINT ( 'NONE',  ( -6.200000000000000200, -6.400000000000001200, 5.699999999999998400 ) ) ;
#1036 = DIRECTION ( 'NONE',  ( -0.0000000000000000000, 1.000000000000000000, -0.0000000000000000000 ) ) ;
#1037 = CARTESIAN_POINT ( 'NONE',  ( -3.890202363493331300E-016, -62.00000000000000000, 1.749999999999999300 ) ) ;
#1038 = CARTESIAN_POINT ( 'NONE',  ( -5.421010862427522200E-016, -10.00000000000000000, 2.999999999999999100 ) ) ;
#1039 = DIRECTION ( 'NONE',  ( 0.0000000000000000000, -1.000000000000000000, 0.0000000000000000000 ) ) ;
#1040 = CARTESIAN_POINT ( 'NONE',  ( 3.000000000000000000, 2.000000000000001800, 0.0000000000000000000 ) ) ;
#1041 = CARTESIAN_POINT ( 'NONE',  ( -6.200000000000000200, -6.400000000000001200, 11.20099999999999900 ) ) ;
#1042 = DIRECTION ( 'NONE',  ( 0.0000000000000000000, 0.0000000000000000000, -1.000000000000000000 ) ) ;
#1043 = DIRECTION ( 'NONE',  ( 1.000000000000000000, 0.0000000000000000000, 0.0000000000000000000 ) ) ;
#1044 = CARTESIAN_POINT ( 'NONE',  ( 3.000000000000000000, -10.00000000000000000, 9.699999999999999300 ) ) ;
#1045 = DIRECTION ( 'NONE',  ( 0.4472135954999578200, 0.0000000000000000000, -0.8944271909999158600 ) ) ;
#1046 = CARTESIAN_POINT ( 'NONE',  ( -3.000000000000000000, 1.999999999999999100, 5.999999999999998200 ) ) ;
#1047 = CARTESIAN_POINT ( 'NONE',  ( 2.500000000000000000, -4.500000000000003600, 1.194680221235499200E-015 ) ) ;
#1048 = DIRECTION ( 'NONE',  ( -0.0000000000000000000, 1.000000000000000000, -0.0000000000000000000 ) ) ;
#1049 = CARTESIAN_POINT ( 'NONE',  ( 0.4000000000000001900, 1.949999999999999300, -2.199999999999999700 ) ) ;
#1050 = DIRECTION ( 'NONE',  ( 0.0000000000000000000, 0.0000000000000000000, -1.000000000000000000 ) ) ;
#1051 = CARTESIAN_POINT ( 'NONE',  ( 0.9999999999999991100, -8.000000000000000000, 11.19999999999999900 ) ) ;
#1052 = DIRECTION ( 'NONE',  ( 1.000000000000000000, 0.0000000000000000000, 0.0000000000000000000 ) ) ;
#1053 = CARTESIAN_POINT ( 'NONE',  ( -3.000000000000000000, 1.999999999999999100, 9.700000000000001100 ) ) ;
#1054 = DIRECTION ( 'NONE',  ( -1.000000000000000000, -0.0000000000000000000, -3.700743415417191100E-015 ) ) ;
#1055 = DIRECTION ( 'NONE',  ( 0.0000000000000000000, -1.000000000000000000, 0.0000000000000000000 ) ) ;
#1056 = DIRECTION ( 'NONE',  ( -0.0000000000000000000, 1.445602896647339200E-016, -1.000000000000000000 ) ) ;
#1057 = DIRECTION ( 'NONE',  ( -1.000000000000000000, 0.0000000000000000000, 0.0000000000000000000 ) ) ;
#1058 = CARTESIAN_POINT ( 'NONE',  ( 0.6000000000000002000, 2.000000000000003600, 7.399999999999999500 ) ) ;
#1059 = CARTESIAN_POINT ( 'NONE',  ( -2.500000000000000000, -3.800000000000002900, 0.0000000000000000000 ) ) ;
#1060 = DIRECTION ( 'NONE',  ( 0.0000000000000000000, 2.891205793294678300E-016, 1.000000000000000000 ) ) ;
#1061 = CARTESIAN_POINT ( 'NONE',  ( -3.000000000000000000, -4.500000000000003600, -4.336808689941954300E-017 ) ) ;
#1062 = DIRECTION ( 'NONE',  ( 0.4472135954999578200, 0.0000000000000000000, -0.8944271909999158600 ) ) ;
#1063 = DIRECTION ( 'NONE',  ( -0.0000000000000000000, 1.000000000000000000, -0.0000000000000000000 ) ) ;
#1064 = CARTESIAN_POINT ( 'NONE',  ( -6.200000000000000200, -8.000000000000000000, 9.699999999999999300 ) ) ;
#1065 = DIRECTION ( 'NONE',  ( -0.0000000000000000000, 1.000000000000000000, -0.0000000000000000000 ) ) ;
#1066 = CARTESIAN_POINT ( 'NONE',  ( 4.336808689942017700E-016, 1.949999999999999300, -1.000000000000000000 ) ) ;
#1067 = CARTESIAN_POINT ( 'NONE',  ( 4.336808689942017700E-016, 1.999999999999999100, -1.000000000000000000 ) ) ;
#1068 = DIRECTION ( 'NONE',  ( -4.517509052022935300E-017, 1.000000000000000000, -0.0000000000000000000 ) ) ;
#1069 = CARTESIAN_POINT ( 'NONE',  ( -3.000000000000000000, -4.500000000000003600, -4.336808689941954300E-017 ) ) ;
#1070 = CARTESIAN_POINT ( 'NONE',  ( 0.4000000000000000200, 0.6000000000000025300, 5.999999999999999100 ) ) ;
#1071 = DIRECTION ( 'NONE',  ( -1.000000000000000000, -2.168404344971010400E-015, 0.0000000000000000000 ) ) ;
#1072 = DIRECTION ( 'NONE',  ( 0.0000000000000000000, 0.0000000000000000000, 1.000000000000000000 ) ) ;
#1073 = DIRECTION ( 'NONE',  ( -4.517509052022935300E-017, 1.000000000000000000, -0.0000000000000000000 ) ) ;
#1074 = DIRECTION ( 'NONE',  ( -0.0000000000000000000, -2.891205793294679800E-016, -1.000000000000000000 ) ) ;
#1075 = CARTESIAN_POINT ( 'NONE',  ( 3.000000000000000000, -4.500000000000003600, -4.336808689941954300E-017 ) ) ;
#1076 = DIRECTION ( 'NONE',  ( 1.000000000000000000, 0.0000000000000000000, 0.0000000000000000000 ) ) ;
#1077 = CARTESIAN_POINT ( 'NONE',  ( -3.000000000000000000, -10.00000000000000000, -3.700000000000000200 ) ) ;
#1078 = CARTESIAN_POINT ( 'NONE',  ( -0.3999999999999998600, 1.949999999999999300, -2.199999999999999700 ) ) ;
#1079 = DIRECTION ( 'NONE',  ( -0.0000000000000000000, 1.000000000000000000, -0.0000000000000000000 ) ) ;
#1080 = CARTESIAN_POINT ( 'NONE',  ( -0.5999999999999997600, 1.950000000000003500, 7.399999999999999500 ) ) ;
#1081 = DIRECTION ( 'NONE',  ( 0.0000000000000000000, 1.000000000000000000, 0.0000000000000000000 ) ) ;
#1082 = CARTESIAN_POINT ( 'NONE',  ( -6.200000000000000200, -8.000000000000000000, 5.699999999999998400 ) ) ;
#1083 = DIRECTION ( 'NONE',  ( 0.4472135954999580900, 0.0000000000000000000, 0.8944271909999157400 ) ) ;
#1084 = DIRECTION ( 'NONE',  ( -0.7071067811865510100, 0.0000000000000000000, -0.7071067811865441300 ) ) ;
#1085 = CARTESIAN_POINT ( 'NONE',  ( -1.000000000000001800, -8.000000000000000000, 10.69999999999999600 ) ) ;
#1086 = CARTESIAN_POINT ( 'NONE',  ( 4.336808689942017700E-016, 1.949999999999999300, -1.000000000000000000 ) ) ;
#1087 = DIRECTION ( 'NONE',  ( -1.000000000000000000, 0.0000000000000000000, 0.0000000000000000000 ) ) ;
#1088 = CARTESIAN_POINT ( 'NONE',  ( 9.403124237432850300, -10.50000000000000000, 9.699999999999999300 ) ) ;
#1089 = DIRECTION ( 'NONE',  ( 0.0000000000000000000, 0.0000000000000000000, -1.000000000000000000 ) ) ;
#1090 = CARTESIAN_POINT ( 'NONE',  ( 0.4000000000000000200, 0.5999999999999999800, -0.1000000000000000100 ) ) ;
#1091 = DIRECTION ( 'NONE',  ( 0.0000000000000000000, -1.000000000000000000, 0.0000000000000000000 ) ) ;
#1092 = CARTESIAN_POINT ( 'NONE',  ( -5.421010862427522200E-016, -10.50000000000000000, 2.999999999999999100 ) ) ;
#1093 = DIRECTION ( 'NONE',  ( 0.0000000000000000000, 0.0000000000000000000, 1.000000000000000000 ) ) ;
#1094 = CARTESIAN_POINT ( 'NONE',  ( 3.000000000000000000, -10.50000000000000000, 5.699999999999998400 ) ) ;
#1095 = CARTESIAN_POINT ( 'NONE',  ( 1.749999999999999800, -5.500000000000000000, 5.699999999999998400 ) ) ;
#1096 = DIRECTION ( 'NONE',  ( -4.517509052022935300E-017, -1.000000000000000000, 0.0000000000000000000 ) ) ;
#1097 = DIRECTION ( 'NONE',  ( -1.000000000000000000, 0.0000000000000000000, 0.0000000000000000000 ) ) ;
#1098 = DIRECTION ( 'NONE',  ( 0.7071067811865510100, 8.659560562354976000E-017, -0.7071067811865441300 ) ) ;
#1099 = CARTESIAN_POINT ( 'NONE',  ( 0.9999999999999991100, -8.000000000000000000, 10.69999999999999600 ) ) ;
#1100 = CARTESIAN_POINT ( 'NONE',  ( -0.5999999999999997600, 2.000000000000003600, 7.399999999999999500 ) ) ;
#1101 = DIRECTION ( 'NONE',  ( -1.000000000000000000, -0.0000000000000000000, -0.0000000000000000000 ) ) ;
#1102 = CARTESIAN_POINT ( 'NONE',  ( -0.4000000000000000200, 0.6000000000000025300, 5.999999999999999100 ) ) ;
#1103 = DIRECTION ( 'NONE',  ( -1.000000000000000000, 0.0000000000000000000, 0.0000000000000000000 ) ) ;
#1104 = DIRECTION ( 'NONE',  ( -0.0000000000000000000, -0.0000000000000000000, -1.000000000000000000 ) ) ;
#1105 = DIRECTION ( 'NONE',  ( 1.000000000000000000, 0.0000000000000000000, 0.0000000000000000000 ) ) ;
#1106 = DIRECTION ( 'NONE',  ( -1.000000000000000000, 0.0000000000000000000, 0.0000000000000000000 ) ) ;
#1107 = CARTESIAN_POINT ( 'NONE',  ( -0.3999999999999998600, 1.999999999999999100, -2.199999999999999700 ) ) ;
#1108 = DIRECTION ( 'NONE',  ( 0.0000000000000000000, -1.000000000000000000, 0.0000000000000000000 ) ) ;
#1109 = CARTESIAN_POINT ( 'NONE',  ( -3.000000000000000000, 2.000000000000000000, -3.700000000000000200 ) ) ;
#1110 = CARTESIAN_POINT ( 'NONE',  ( 3.000000000000000000, -5.500000000000000000, 5.699999999999998400 ) ) ;
#1111 = DIRECTION ( 'NONE',  ( -4.517509052022935300E-017, -1.000000000000000000, 0.0000000000000000000 ) ) ;
#1112 = CARTESIAN_POINT ( 'NONE',  ( -1.301042606982605300E-015, -8.000000000000000000, 10.69999999999999600 ) ) ;
#1113 = DIRECTION ( 'NONE',  ( -1.000000000000000000, 0.0000000000000000000, 0.0000000000000000000 ) ) ;
#1114 = CARTESIAN_POINT ( 'NONE',  ( -0.4000000000000000200, 0.5999999999999999800, -0.1000000000000000100 ) ) ;
#1115 = DIRECTION ( 'NONE',  ( 0.0000000000000000000, -1.000000000000000000, 0.0000000000000000000 ) ) ;
#1116 = CARTESIAN_POINT ( 'NONE',  ( -0.4000000000000000200, 0.5999999999999999800, -0.1000000000000000100 ) ) ;
#1117 = DIRECTION ( 'NONE',  ( 0.0000000000000000000, 0.0000000000000000000, -1.000000000000000000 ) ) ;
#1118 = DIRECTION ( 'NONE',  ( 0.0000000000000000000, -1.000000000000000000, 0.0000000000000000000 ) ) ;
#1119 = DIRECTION ( 'NONE',  ( -0.0000000000000000000, 1.445602896647339200E-016, -1.000000000000000000 ) ) ;
#1120 = CARTESIAN_POINT ( 'NONE',  ( -5.421010862427522200E-016, -10.00000000000000000, 2.999999999999999100 ) ) ;
#1121 = DIRECTION ( 'NONE',  ( -0.0000000000000000000, -0.0000000000000000000, -1.000000000000000000 ) ) ;
#1122 = CARTESIAN_POINT ( 'NONE',  ( 0.4000000000000001300, 1.999999999999999100, -2.600000000000000100 ) ) ;
#1123 = DIRECTION ( 'NONE',  ( 0.0000000000000000000, 0.0000000000000000000, -1.000000000000000000 ) ) ;
#1124 = DIRECTION ( 'NONE',  ( 0.0000000000000000000, -1.000000000000000000, 0.0000000000000000000 ) ) ;
#1125 = DIRECTION ( 'NONE',  ( -1.445602896647339400E-016, -4.336808689942018700E-016, -1.000000000000000000 ) ) ;
#1126 = DIRECTION ( 'NONE',  ( 0.7071067811865474600, 0.7071067811865474600, 0.0000000000000000000 ) ) ;
#1127 = CARTESIAN_POINT ( 'NONE',  ( 0.6000000000000002000, 1.950000000000003500, 7.399999999999999500 ) ) ;
#1128 = DIRECTION ( 'NONE',  ( 0.4472135954999580900, 0.0000000000000000000, 0.8944271909999157400 ) ) ;
#1129 = CARTESIAN_POINT ( 'NONE',  ( 4.336808689942017700E-016, 1.950000000000003500, 8.599999999999999600 ) ) ;
#1130 = PLANE ( 'NONE',  #189 ) ;
#1131 = DIRECTION ( 'NONE',  ( 0.0000000000000000000, 1.000000000000000000, 0.0000000000000000000 ) ) ;
#1132 = DIRECTION ( 'NONE',  ( 0.0000000000000000000, -0.0000000000000000000, -1.000000000000000000 ) ) ;
#1133 = DIRECTION ( 'NONE',  ( 0.0000000000000000000, -1.000000000000000000, 0.0000000000000000000 ) ) ;
#1134 = DIRECTION ( 'NONE',  ( -0.8944271909999158600, 0.0000000000000000000, 0.4472135954999581500 ) ) ;
#1135 = PLANE ( 'NONE',  #207 ) ;
#1136 = PRODUCT_DEFINITION_SHAPE ( 'NONE', 'NONE',  #208 ) ;
#1137 = DESIGN_CONTEXT ( 'detailed design', #857, 'design' ) ;
#1138 = EDGE_LOOP ( 'NONE', ( #815, #814, #813, #812 ) ) ;
#1139 = EDGE_LOOP ( 'NONE', ( #831, #830, #829, #828 ) ) ;
#1140 = EDGE_LOOP ( 'NONE', ( #959, #958, #957, #956, #955, #954, #953, #952, #951, #950 ) ) ;
#1141 = EDGE_LOOP ( 'NONE', ( #827, #32, #31, #70 ) ) ;
#1142 = EDGE_LOOP ( 'NONE', ( #1574, #1575, #1576, #1577 ) ) ;
#1143 = EDGE_LOOP ( 'NONE', ( #69, #68, #67, #66, #65, #64, #63, #62, #61, #60 ) ) ;
#1144 = EDGE_LOOP ( 'NONE', ( #44, #43, #42, #41 ) ) ;
#1145 = EDGE_LOOP ( 'NONE', ( #165, #164, #163, #162, #161, #160, #20, #19, #18, #17 ) ) ;
#1146 = EDGE_LOOP ( 'NONE', ( #16, #15, #14, #13 ) ) ;
#1147 = EDGE_LOOP ( 'NONE', ( #87, #88, #89, #90 ) ) ;
#1148 = EDGE_LOOP ( 'NONE', ( #40, #39, #38, #37 ) ) ;
#1149 = EDGE_LOOP ( 'NONE', ( #36, #35, #34, #33 ) ) ;
#1150 = EDGE_LOOP ( 'NONE', ( #765, #766, #767, #768 ) ) ;
#1151 = EDGE_LOOP ( 'NONE', ( #79, #80, #81, #82 ) ) ;
#1152 = EDGE_LOOP ( 'NONE', ( #75, #76, #77, #78 ) ) ;
#1153 = EDGE_LOOP ( 'NONE', ( #769, #770, #771, #71, #72, #73, #74 ) ) ;
#1154 = EDGE_LOOP ( 'NONE', ( #83, #84, #85, #86 ) ) ;
#1155 = EDGE_LOOP ( 'NONE', ( #1588, #1585, #1589, #96 ) ) ;
#1156 = EDGE_LOOP ( 'NONE', ( #91, #1487, #1486, #1485 ) ) ;
#1157 = EDGE_LOOP ( 'NONE', ( #1484, #112, #111, #110 ) ) ;
#1158 = DIRECTION ( 'NONE',  ( -0.0000000000000000000, 0.0000000000000000000, 1.000000000000000000 ) ) ;
#1159 = CARTESIAN_POINT ( 'NONE',  ( -3.000000000000000000, 2.000000000000001800, 0.0000000000000000000 ) ) ;
#1160 = PLANE ( 'NONE',  #238 ) ;
#1161 = DIRECTION ( 'NONE',  ( -0.0000000000000000000, 0.0000000000000000000, -1.000000000000000000 ) ) ;
#1162 = DIRECTION ( 'NONE',  ( 1.000000000000000000, 0.0000000000000000000, -0.0000000000000000000 ) ) ;
#1163 = PLANE ( 'NONE',  #176 ) ;
#1164 = CARTESIAN_POINT ( 'NONE',  ( -3.000000000000000000, 2.000000000000001800, 0.0000000000000000000 ) ) ;
#1165 = PLANE ( 'NONE',  #214 ) ;
#1166 = DIRECTION ( 'NONE',  ( -1.355252715606880000E-016, 0.0000000000000000000, -1.000000000000000000 ) ) ;
#1167 = DIRECTION ( 'NONE',  ( 1.000000000000000000, 0.0000000000000000000, -1.355252715606880000E-016 ) ) ;
#1168 = CARTESIAN_POINT ( 'NONE',  ( -8.699999999999999300, -10.50000000000000000, 5.699999999999998400 ) ) ;
#1169 = CARTESIAN_POINT ( 'NONE',  ( -6.200000000000000200, -8.000000000000000000, 11.20099999999999900 ) ) ;
#1170 = PLANE ( 'NONE',  #200 ) ;
#1171 = CARTESIAN_POINT ( 'NONE',  ( 3.000000000000000000, 2.000000000000001800, 0.0000000000000000000 ) ) ;
#1172 = DIRECTION ( 'NONE',  ( -0.0000000000000000000, -0.0000000000000000000, -1.000000000000000000 ) ) ;
#1173 = PLANE ( 'NONE',  #192 ) ;
#1174 = PLANE ( 'NONE',  #179 ) ;
#1175 = CARTESIAN_POINT ( 'NONE',  ( 0.4000000000000001900, 1.949999999999999300, -2.199999999999999700 ) ) ;
#1176 = DIRECTION ( 'NONE',  ( 0.0000000000000000000, 0.0000000000000000000, 1.000000000000000000 ) ) ;
#1177 = DIRECTION ( 'NONE',  ( -1.000000000000000000, 0.0000000000000000000, 0.0000000000000000000 ) ) ;
#1178 = DIRECTION ( 'NONE',  ( -0.0000000000000000000, -0.0000000000000000000, -1.000000000000000000 ) ) ;
#1179 = CARTESIAN_POINT ( 'NONE',  ( -6.200000000000000200, -8.000000000000000000, 11.20099999999999900 ) ) ;
#1180 = DIRECTION ( 'NONE',  ( 1.000000000000000000, -4.956352788505169000E-015, 0.0000000000000000000 ) ) ;
#1181 = DIRECTION ( 'NONE',  ( -4.956352788505169000E-015, -1.000000000000000000, 0.0000000000000000000 ) ) ;
#1182 = PLANE ( 'NONE',  #190 ) ;
#1183 = DIRECTION ( 'NONE',  ( -1.000000000000000000, 0.0000000000000000000, 0.0000000000000000000 ) ) ;
#1184 = DIRECTION ( 'NONE',  ( 0.0000000000000000000, -0.0000000000000000000, -1.000000000000000000 ) ) ;
#1185 = DIRECTION ( 'NONE',  ( 0.0000000000000000000, -1.000000000000000000, 0.0000000000000000000 ) ) ;
#1186 = CARTESIAN_POINT ( 'NONE',  ( -5.421010862427522200E-016, -62.00000000000000000, 2.999999999999999100 ) ) ;
#1187 = PLANE ( 'NONE',  #235 ) ;
#1188 = CARTESIAN_POINT ( 'NONE',  ( -6.200000000000000200, -9.599999999999999600, 11.20099999999999900 ) ) ;
#1189 = DIRECTION ( 'NONE',  ( -1.000000000000000000, 0.0000000000000000000, 0.0000000000000000000 ) ) ;
#1190 = ORIENTED_EDGE ( 'NONE', *, *, #594, .F. ) ;
#1191 = ORIENTED_EDGE ( 'NONE', *, *, #515, .F. ) ;
#1192 = ORIENTED_EDGE ( 'NONE', *, *, #597, .F. ) ;
#1193 = ORIENTED_EDGE ( 'NONE', *, *, #548, .T. ) ;
#1194 = ORIENTED_EDGE ( 'NONE', *, *, #489, .T. ) ;
#1195 = ORIENTED_EDGE ( 'NONE', *, *, #592, .T. ) ;
#1196 = ORIENTED_EDGE ( 'NONE', *, *, #451, .T. ) ;
#1197 = ORIENTED_EDGE ( 'NONE', *, *, #528, .T. ) ;
#1198 = ORIENTED_EDGE ( 'NONE', *, *, #609, .T. ) ;
#1199 = ORIENTED_EDGE ( 'NONE', *, *, #520, .F. ) ;
#1200 = ORIENTED_EDGE ( 'NONE', *, *, #569, .F. ) ;
#1201 = ORIENTED_EDGE ( 'NONE', *, *, #513, .T. ) ;
#1202 = ORIENTED_EDGE ( 'NONE', *, *, #619, .F. ) ;
#1203 = ORIENTED_EDGE ( 'NONE', *, *, #503, .T. ) ;
#1204 = ORIENTED_EDGE ( 'NONE', *, *, #562, .T. ) ;
#1205 = ORIENTED_EDGE ( 'NONE', *, *, #458, .F. ) ;
#1206 = ORIENTED_EDGE ( 'NONE', *, *, #451, .F. ) ;
#1207 = ORIENTED_EDGE ( 'NONE', *, *, #595, .F. ) ;
#1208 = ORIENTED_EDGE ( 'NONE', *, *, #502, .F. ) ;
#1209 = ORIENTED_EDGE ( 'NONE', *, *, #522, .F. ) ;
#1210 = PLANE ( 'NONE',  #211 ) ;
#1211 = DIRECTION ( 'NONE',  ( 0.0000000000000000000, -1.000000000000000000, 0.0000000000000000000 ) ) ;
#1212 = CARTESIAN_POINT ( 'NONE',  ( -0.5999999999999997600, 1.950000000000003500, 7.399999999999999500 ) ) ;
#1213 = DIRECTION ( 'NONE',  ( 0.0000000000000000000, 1.000000000000000000, -2.891205793294678300E-016 ) ) ;
#1214 = DIRECTION ( 'NONE',  ( 0.0000000000000000000, 2.891205793294678300E-016, 1.000000000000000000 ) ) ;
#1215 = CARTESIAN_POINT ( 'NONE',  ( -0.5999999999999990900, 1.950000000000003500, 7.399999999999999500 ) ) ;
#1216 = CARTESIAN_POINT ( 'NONE',  ( 2.500000000000000000, -4.500000000000003600, 1.194680221235499200E-015 ) ) ;
#1217 = DIRECTION ( 'NONE',  ( -1.000000000000000000, 4.179535469590356600E-032, 1.445602896647339400E-016 ) ) ;
#1218 = PLANE ( 'NONE',  #259 ) ;
#1219 = DIRECTION ( 'NONE',  ( 1.445602896647339400E-016, 0.0000000000000000000, 1.000000000000000000 ) ) ;
#1220 = DIRECTION ( 'NONE',  ( 0.0000000000000000000, -0.0000000000000000000, -1.000000000000000000 ) ) ;
#1221 = PLANE ( 'NONE',  #252 ) ;
#1222 = PLANE ( 'NONE',  #250 ) ;
#1223 = CARTESIAN_POINT ( 'NONE',  ( -3.000000000000000000, -4.500000000000001800, 6.000000000000000900 ) ) ;
#1224 = DIRECTION ( 'NONE',  ( 0.0000000000000000000, 1.000000000000000000, 0.0000000000000000000 ) ) ;
#1225 = CARTESIAN_POINT ( 'NONE',  ( -1.749999999999999800, -5.500000000000000000, 5.699999999999998400 ) ) ;
#1226 = DIRECTION ( 'NONE',  ( -1.000000000000000000, 0.0000000000000000000, 0.0000000000000000000 ) ) ;
#1227 = DIRECTION ( 'NONE',  ( -0.0000000000000000000, -0.0000000000000000000, 1.000000000000000000 ) ) ;
#1228 = CARTESIAN_POINT ( 'NONE',  ( -0.4000000000000000200, 0.6000000000000025300, 5.999999999999999100 ) ) ;
#1229 = DIRECTION ( 'NONE',  ( 0.0000000000000000000, -1.000000000000000000, 0.0000000000000000000 ) ) ;
#1230 = CARTESIAN_POINT ( 'NONE',  ( -0.3999999999999998600, 1.949999999999999300, -2.199999999999999700 ) ) ;
#1231 = DIRECTION ( 'NONE',  ( -0.0000000000000000000, 1.000000000000000000, -0.0000000000000000000 ) ) ;
#1232 = CARTESIAN_POINT ( 'NONE',  ( 0.4000000000000001300, 1.949999999999999300, -2.600000000000000100 ) ) ;
#1233 = DIRECTION ( 'NONE',  ( 1.000000000000000000, 0.0000000000000000000, 0.0000000000000000000 ) ) ;
#1234 = CARTESIAN_POINT ( 'NONE',  ( -3.000000000000000000, -10.00000000000000000, 5.699999999999998400 ) ) ;
#1235 = DIRECTION ( 'NONE',  ( -1.000000000000000000, 0.0000000000000000000, 0.0000000000000000000 ) ) ;
#1236 = CARTESIAN_POINT ( 'NONE',  ( 0.4000000000000001300, 2.000000000000003600, 6.999999999999999100 ) ) ;
#1237 = DIRECTION ( 'NONE',  ( 0.0000000000000000000, 1.000000000000000000, 0.0000000000000000000 ) ) ;
#1238 = DIRECTION ( 'NONE',  ( -1.445602896647339400E-016, -2.891205793294678800E-016, -1.000000000000000000 ) ) ;
#1239 = CARTESIAN_POINT ( 'NONE',  ( -2.500000000000000000, -4.500000000000003600, 1.807003620809175800E-015 ) ) ;
#1240 = DIRECTION ( 'NONE',  ( -1.000000000000000000, 0.0000000000000000000, 0.0000000000000000000 ) ) ;
#1241 = CARTESIAN_POINT ( 'NONE',  ( -3.000000000000000000, -3.500000000000000400, 5.999999999999998200 ) ) ;
#1242 = CARTESIAN_POINT ( 'NONE',  ( 0.6000000000000002000, 1.950000000000003500, 7.399999999999999500 ) ) ;
#1243 = DIRECTION ( 'NONE',  ( 1.445602896647339400E-016, 4.336808689942018700E-016, 1.000000000000000000 ) ) ;
#1244 = DIRECTION ( 'NONE',  ( -1.000000000000000000, 4.956352788505169000E-015, 7.164917947869189200E-031 ) ) ;
#1245 = CARTESIAN_POINT ( 'NONE',  ( 2.500000000000000900, -3.800000000000000300, 6.000000000000000000 ) ) ;
#1246 = DIRECTION ( 'NONE',  ( -1.000000000000000000, 0.0000000000000000000, 0.0000000000000000000 ) ) ;
#1247 = DIRECTION ( 'NONE',  ( 0.0000000000000000000, 0.0000000000000000000, 1.000000000000000000 ) ) ;
#1248 = DIRECTION ( 'NONE',  ( -0.0000000000000000000, 1.000000000000000000, -2.891205793294678800E-016 ) ) ;
#1249 = CARTESIAN_POINT ( 'NONE',  ( 2.500000000000000900, -4.500000000000001800, 6.000000000000000000 ) ) ;
#1250 = CARTESIAN_POINT ( 'NONE',  ( -0.4000000000000000200, 0.6000000000000025300, 6.099999999999999600 ) ) ;
#1251 = DIRECTION ( 'NONE',  ( 1.000000000000000000, 0.0000000000000000000, 0.0000000000000000000 ) ) ;
#1252 = CARTESIAN_POINT ( 'NONE',  ( -3.000000000000000000, -3.500000000000003100, 0.0000000000000000000 ) ) ;
#1253 = DIRECTION ( 'NONE',  ( -0.0000000000000000000, 1.000000000000000000, -0.0000000000000000000 ) ) ;
#1254 = DIRECTION ( 'NONE',  ( -0.0000000000000000000, 1.000000000000000000, -0.0000000000000000000 ) ) ;
#1255 = CARTESIAN_POINT ( 'NONE',  ( -5.421010862427522200E-016, -12.00000000000000000, 5.399999999999998600 ) ) ;
#1256 = DIRECTION ( 'NONE',  ( -1.000000000000000000, 0.0000000000000000000, 0.0000000000000000000 ) ) ;
#1257 = DIRECTION ( 'NONE',  ( 0.0000000000000000000, 0.0000000000000000000, 1.000000000000000000 ) ) ;
#1258 = CARTESIAN_POINT ( 'NONE',  ( -6.200000000000000200, -9.599999999999999600, 9.699999999999999300 ) ) ;
#1259 = CARTESIAN_POINT ( 'NONE',  ( 3.000000000000000000, -3.500000000000000400, 5.999999999999998200 ) ) ;
#1260 = DIRECTION ( 'NONE',  ( -2.599255112591415000E-017, 0.0000000000000000000, 1.000000000000000000 ) ) ;
#1261 = CARTESIAN_POINT ( 'NONE',  ( 1.750000000000000000, -10.50000000000000000, 9.699999999999999300 ) ) ;
#1262 = DIRECTION ( 'NONE',  ( 0.0000000000000000000, -1.000000000000000000, 0.0000000000000000000 ) ) ;
#1263 = DIRECTION ( 'NONE',  ( 1.355252715606880000E-016, 0.0000000000000000000, 1.000000000000000000 ) ) ;
#1264 = CARTESIAN_POINT ( 'NONE',  ( -0.3999999999999999100, 1.999999999999999100, -2.600000000000000100 ) ) ;
#1265 = DIRECTION ( 'NONE',  ( 0.0000000000000000000, 4.688441826964343300E-016, 1.000000000000000000 ) ) ;
#1266 = CARTESIAN_POINT ( 'NONE',  ( 3.000000000000000000, 2.000000000000000000, -3.700000000000000200 ) ) ;
#1267 = CARTESIAN_POINT ( 'NONE',  ( -8.699999999999999300, -5.500000000000000000, 5.699999999999998400 ) ) ;
#1268 = DIRECTION ( 'NONE',  ( -1.355252715606880000E-016, 0.0000000000000000000, -1.000000000000000000 ) ) ;
#1269 = CARTESIAN_POINT ( 'NONE',  ( 0.4000000000000001900, 1.999999999999999100, -2.199999999999999700 ) ) ;
#1270 = DIRECTION ( 'NONE',  ( 1.355252715606880000E-016, 0.0000000000000000000, 1.000000000000000000 ) ) ;
#1271 = CARTESIAN_POINT ( 'NONE',  ( -0.3999999999999999100, 1.949999999999999300, -2.600000000000000100 ) ) ;
#1272 = DIRECTION ( 'NONE',  ( -0.0000000000000000000, 1.000000000000000000, -0.0000000000000000000 ) ) ;
#1273 = DIRECTION ( 'NONE',  ( -1.355252715606880000E-016, 0.0000000000000000000, -1.000000000000000000 ) ) ;
#1274 = CARTESIAN_POINT ( 'NONE',  ( -2.481858544473875100E-016, -12.00000000000000000, 0.5999999999999994200 ) ) ;
#1275 = CARTESIAN_POINT ( 'NONE',  ( 0.4000000000000001900, 1.949999999999999300, -2.199999999999999700 ) ) ;
#1276 = DIRECTION ( 'NONE',  ( 1.000000000000000000, 0.0000000000000000000, 0.0000000000000000000 ) ) ;
#1277 = CARTESIAN_POINT ( 'NONE',  ( -5.850000000000000500, -8.000000000000000000, 5.699999999999998400 ) ) ;
#1278 = DIRECTION ( 'NONE',  ( -1.000000000000000000, 0.0000000000000000000, 0.0000000000000000000 ) ) ;
#1279 = DIRECTION ( 'NONE',  ( -1.000000000000000000, 0.0000000000000000000, 0.0000000000000000000 ) ) ;
#1280 = DIRECTION ( 'NONE',  ( -0.0000000000000000000, -0.0000000000000000000, 1.000000000000000000 ) ) ;
#1281 = CARTESIAN_POINT ( 'NONE',  ( -6.200000000000000200, -8.000000000000000000, 5.699999999999998400 ) ) ;
#1282 = DIRECTION ( 'NONE',  ( -1.000000000000000000, 0.0000000000000000000, 2.476096616269838000E-015 ) ) ;
#1283 = CARTESIAN_POINT ( 'NONE',  ( -0.3999999999999999100, 1.949999999999999300, -2.600000000000000100 ) ) ;
#1284 = CARTESIAN_POINT ( 'NONE',  ( -1.301042606982605300E-015, -8.000000000000000000, 11.19999999999999900 ) ) ;
#1285 = DIRECTION ( 'NONE',  ( -0.0000000000000000000, -0.0000000000000000000, 1.000000000000000000 ) ) ;
#1286 = DIRECTION ( 'NONE',  ( 1.000000000000000000, 0.0000000000000000000, 0.0000000000000000000 ) ) ;
#1287 = CARTESIAN_POINT ( 'NONE',  ( -3.000000000000000000, -10.00000000000000000, 5.699999999999998400 ) ) ;
#1288 = CARTESIAN_POINT ( 'NONE',  ( 3.000000000000000000, -4.500000000000003600, -4.336808689941954300E-017 ) ) ;
#1289 = DIRECTION ( 'NONE',  ( -0.0000000000000000000, 1.000000000000000000, -0.0000000000000000000 ) ) ;
#1290 = CARTESIAN_POINT ( 'NONE',  ( -0.5999999999999997600, 1.949999999999999300, -2.199999999999999700 ) ) ;
#1291 = CARTESIAN_POINT ( 'NONE',  ( -0.4000000000000000800, -0.5999999999999973100, 6.099999999999999600 ) ) ;
#1292 = DIRECTION ( 'NONE',  ( 0.7071067811865481300, -0.7071067811865470200, 0.0000000000000000000 ) ) ;
#1293 = CARTESIAN_POINT ( 'NONE',  ( 2.500000000000000000, -3.800000000000002900, 0.0000000000000000000 ) ) ;
#1294 = DIRECTION ( 'NONE',  ( 0.0000000000000000000, -1.000000000000000000, -1.445602896647339200E-016 ) ) ;
#1295 = DIRECTION ( 'NONE',  ( 0.0000000000000000000, 1.000000000000000000, 0.0000000000000000000 ) ) ;
#1296 = CARTESIAN_POINT ( 'NONE',  ( 3.000000000000000000, -10.00000000000000000, -3.700000000000000200 ) ) ;
#1297 = CARTESIAN_POINT ( 'NONE',  ( -0.3999999999999998600, 2.000000000000003600, 7.399999999999999500 ) ) ;
#1298 = DIRECTION ( 'NONE',  ( 0.0000000000000000000, 0.0000000000000000000, -1.000000000000000000 ) ) ;
#1299 = DIRECTION ( 'NONE',  ( 0.4472135954999580900, 0.0000000000000000000, 0.8944271909999157400 ) ) ;
#1300 = CARTESIAN_POINT ( 'NONE',  ( 0.4000000000000000800, -0.5999999999999973100, 5.999999999999999100 ) ) ;
#1301 = DIRECTION ( 'NONE',  ( -1.000000000000000000, -0.0000000000000000000, -0.0000000000000000000 ) ) ;
#1302 = CARTESIAN_POINT ( 'NONE',  ( -0.5999999999999997600, 1.949999999999999300, -2.199999999999999700 ) ) ;
#1303 = DIRECTION ( 'NONE',  ( 1.000000000000000000, 0.0000000000000000000, 0.0000000000000000000 ) ) ;
#1304 = CARTESIAN_POINT ( 'NONE',  ( -0.4000000000000000800, -0.5999999999999999800, 0.0000000000000000000 ) ) ;
#1305 = DIRECTION ( 'NONE',  ( 0.0000000000000000000, -1.000000000000000000, 0.0000000000000000000 ) ) ;
#1306 = DIRECTION ( 'NONE',  ( -0.0000000000000000000, 1.000000000000000000, -2.891205793294678800E-016 ) ) ;
#1307 = CARTESIAN_POINT ( 'NONE',  ( -2.500000000000000000, -4.500000000000003600, 1.807003620809175800E-015 ) ) ;
#1308 = ADVANCED_FACE ( 'NONE', ( #1409 ), #2019, .F. ) ;
#1309 = ADVANCED_FACE ( 'NONE', ( #1419 ), #1993, .F. ) ;
#1310 = ADVANCED_FACE ( 'NONE', ( #1422 ), #1980, .T. ) ;
#1311 = ADVANCED_FACE ( 'NONE', ( #1420 ), #1957, .F. ) ;
#1312 = ADVANCED_FACE ( 'NONE', ( #1424 ), #1968, .F. ) ;
#1313 = ADVANCED_FACE ( 'NONE', ( #1408 ), #1961, .F. ) ;
#1314 = ADVANCED_FACE ( 'NONE', ( #1423 ), #1956, .F. ) ;
#1315 = ADVANCED_FACE ( 'NONE', ( #1425 ), #1951, .F. ) ;
#1316 = ADVANCED_FACE ( 'NONE', ( #1426 ), #1945, .F. ) ;
#1317 = ADVANCED_FACE ( 'NONE', ( #1427 ), #1603, .F. ) ;
#1318 = ADVANCED_FACE ( 'NONE', ( #1428 ), #1619, .F. ) ;
#1319 = ADVANCED_FACE ( 'NONE', ( #1429 ), #1614, .T. ) ;
#1320 = ADVANCED_FACE ( 'NONE', ( #1430 ), #1610, .F. ) ;
#1321 = ADVANCED_FACE ( 'NONE', ( #1431 ), #1436, .T. ) ;
#1322 = ADVANCED_FACE ( 'NONE', ( #1432 ), #2015, .T. ) ;
#1323 = ADVANCED_FACE ( 'NONE', ( #1433 ), #2013, .T. ) ;
#1324 = ADVANCED_FACE ( 'NONE', ( #1434 ), #2009, .T. ) ;
#1325 = ADVANCED_FACE ( 'NONE', ( #1435 ), #2005, .T. ) ;
#1326 = ADVANCED_FACE ( 'NONE', ( #1437 ), #1442, .T. ) ;
#1327 = LINE ( 'NONE', #1228, #1328 ) ;
#1328 = VECTOR ( 'NONE', #1227, 1000.000000000000000 ) ;
#1329 = VECTOR ( 'NONE', #1224, 1000.000000000000000 ) ;
#1330 = LINE ( 'NONE', #146, #1331 ) ;
#1331 = VECTOR ( 'NONE', #141, 1000.000000000000000 ) ;
#1332 = LINE ( 'NONE', #131, #1333 ) ;
#1333 = VECTOR ( 'NONE', #129, 1000.000000000000000 ) ;
#1334 = LINE ( 'NONE', #122, #1335 ) ;
#1335 = VECTOR ( 'NONE', #119, 1000.000000000000000 ) ;
#1336 = VECTOR ( 'NONE', #1229, 1000.000000000000000 ) ;
#1337 = LINE ( 'NONE', #118, #1341 ) ;
#1338 = LINE ( 'NONE', #145, #1339 ) ;
#1339 = VECTOR ( 'NONE', #144, 1000.000000000000000 ) ;
#1340 = VECTOR ( 'NONE', #142, 1000.000000000000000 ) ;
#1341 = VECTOR ( 'NONE', #117, 1000.000000000000000 ) ;
#1342 = VECTOR ( 'NONE', #132, 1000.000000000000100 ) ;
#1343 = CIRCLE ( 'NONE', #209, 1.000000000000000400 ) ;
#1344 = LINE ( 'NONE', #139, #1342 ) ;
#1345 = CIRCLE ( 'NONE', #245, 1.249999999999999800 ) ;
#1346 = LINE ( 'NONE', #130, #1347 ) ;
#1347 = VECTOR ( 'NONE', #128, 1000.000000000000000 ) ;
#1348 = LINE ( 'NONE', #127, #1349 ) ;
#1349 = VECTOR ( 'NONE', #126, 1000.000000000000000 ) ;
#1350 = LINE ( 'NONE', #125, #1351 ) ;
#1351 = VECTOR ( 'NONE', #124, 1000.000000000000000 ) ;
#1352 = LINE ( 'NONE', #788, #1358 ) ;
#1353 = LINE ( 'NONE', #784, #1384 ) ;
#1354 = CIRCLE ( 'NONE', #174, 1.249999999999999800 ) ;
#1355 = LINE ( 'NONE', #116, #1356 ) ;
#1356 = VECTOR ( 'NONE', #115, 1000.000000000000000 ) ;
#1357 = LINE ( 'NONE', #774, #1376 ) ;
#1358 = VECTOR ( 'NONE', #786, 1000.000000000000100 ) ;
#1359 = CIRCLE ( 'NONE', #212, 1.000000000000000900 ) ;
#1360 = LINE ( 'NONE', #113, #1364 ) ;
#1361 = CIRCLE ( 'NONE', #240, 0.4999999999999916700 ) ;
#1362 = LINE ( 'NONE', #781, #1363 ) ;
#1363 = VECTOR ( 'NONE', #778, 1000.000000000000000 ) ;
#1364 = VECTOR ( 'NONE', #801, 1000.000000000000000 ) ;
#1365 = LINE ( 'NONE', #772, #1386 ) ;
#1366 = LINE ( 'NONE', #798, #1367 ) ;
#1367 = VECTOR ( 'NONE', #797, 1000.000000000000000 ) ;
#1368 = LINE ( 'NONE', #795, #1369 ) ;
#1369 = VECTOR ( 'NONE', #794, 1000.000000000000000 ) ;
#1370 = LINE ( 'NONE', #793, #1371 ) ;
#1371 = VECTOR ( 'NONE', #792, 1000.000000000000000 ) ;
#1372 = LINE ( 'NONE', #791, #1373 ) ;
#1373 = VECTOR ( 'NONE', #789, 1000.000000000000000 ) ;
#1374 = LINE ( 'NONE', #787, #1375 ) ;
#1375 = VECTOR ( 'NONE', #785, 1000.000000000000000 ) ;
#1376 = VECTOR ( 'NONE', #783, 1000.000000000000000 ) ;
#1377 = VECTOR ( 'NONE', #2027, 1000.000000000000000 ) ;
#1378 = LINE ( 'NONE', #782, #1379 ) ;
#1379 = VECTOR ( 'NONE', #780, 1000.000000000000000 ) ;
#1380 = LINE ( 'NONE', #779, #1381 ) ;
#1381 = VECTOR ( 'NONE', #777, 1000.000000000000000 ) ;
#1382 = LINE ( 'NONE', #775, #1383 ) ;
#1383 = VECTOR ( 'NONE', #773, 1000.000000000000000 ) ;
#1384 = VECTOR ( 'NONE', #2044, 1000.000000000000000 ) ;
#1385 = LINE ( 'NONE', #2029, #1377 ) ;
#1386 = VECTOR ( 'NONE', #776, 1000.000000000000100 ) ;
#1387 = LINE ( 'NONE', #1987, #1388 ) ;
#1388 = VECTOR ( 'NONE', #1986, 1000.000000000000000 ) ;
#1389 = CIRCLE ( 'NONE', #172, 2.399999999999999900 ) ;
#1390 = LINE ( 'NONE', #2023, #1391 ) ;
#1391 = VECTOR ( 'NONE', #2021, 1000.000000000000000 ) ;
#1392 = LINE ( 'NONE', #2042, #1393 ) ;
#1393 = VECTOR ( 'NONE', #2040, 1000.000000000000000 ) ;
#1394 = LINE ( 'NONE', #2039, #1395 ) ;
#1395 = VECTOR ( 'NONE', #2038, 1000.000000000000000 ) ;
#1396 = LINE ( 'NONE', #2037, #1397 ) ;
#1397 = VECTOR ( 'NONE', #2034, 1000.000000000000000 ) ;
#1398 = LINE ( 'NONE', #2033, #1399 ) ;
#1399 = VECTOR ( 'NONE', #2032, 1000.000000000000000 ) ;
#1400 = LINE ( 'NONE', #2031, #1401 ) ;
#1401 = VECTOR ( 'NONE', #2030, 1000.000000000000000 ) ;
#1402 = LINE ( 'NONE', #2028, #1403 ) ;
#1403 = VECTOR ( 'NONE', #2026, 1000.000000000000000 ) ;
#1404 = LINE ( 'NONE', #2025, #1405 ) ;
#1405 = VECTOR ( 'NONE', #2024, 1000.000000000000000 ) ;
#1406 = LINE ( 'NONE', #2022, #1407 ) ;
#1407 = VECTOR ( 'NONE', #2020, 1000.000000000000000 ) ;
#1408 = FACE_OUTER_BOUND ( 'NONE', #905, .T. ) ;
#1409 = FACE_OUTER_BOUND ( 'NONE', #911, .T. ) ;
#1410 = CIRCLE ( 'NONE', #187, 2.399999999999999900 ) ;
#1411 = LINE ( 'NONE', #1985, #1412 ) ;
#1412 = VECTOR ( 'NONE', #1982, 1000.000000000000000 ) ;
#1413 = LINE ( 'NONE', #1981, #1414 ) ;
#1414 = VECTOR ( 'NONE', #2000, 1000.000000000000000 ) ;
#1415 = LINE ( 'NONE', #1999, #1416 ) ;
#1416 = VECTOR ( 'NONE', #1996, 1000.000000000000000 ) ;
#1417 = LINE ( 'NONE', #1995, #1418 ) ;
#1418 = VECTOR ( 'NONE', #1994, 1000.000000000000100 ) ;
#1419 = FACE_OUTER_BOUND ( 'NONE', #1142, .T. ) ;
#1420 = FACE_OUTER_BOUND ( 'NONE', #908, .T. ) ;
#1421 = CIRCLE ( 'NONE', #191, 1.000000000000000900 ) ;
#1422 = FACE_OUTER_BOUND ( 'NONE', #907, .T. ) ;
#1423 = FACE_OUTER_BOUND ( 'NONE', #910, .T. ) ;
#1424 = FACE_OUTER_BOUND ( 'NONE', #1155, .T. ) ;
#1425 = FACE_OUTER_BOUND ( 'NONE', #903, .T. ) ;
#1426 = FACE_OUTER_BOUND ( 'NONE', #904, .T. ) ;
#1427 = FACE_OUTER_BOUND ( 'NONE', #900, .T. ) ;
#1428 = FACE_OUTER_BOUND ( 'NONE', #901, .T. ) ;
#1429 = FACE_OUTER_BOUND ( 'NONE', #916, .T. ) ;
#1430 = FACE_OUTER_BOUND ( 'NONE', #150, .T. ) ;
#1431 = FACE_OUTER_BOUND ( 'NONE', #913, .T. ) ;
#1432 = FACE_OUTER_BOUND ( 'NONE', #152, .T. ) ;
#1433 = FACE_OUTER_BOUND ( 'NONE', #917, .T. ) ;
#1434 = FACE_OUTER_BOUND ( 'NONE', #148, .T. ) ;
#1435 = FACE_OUTER_BOUND ( 'NONE', #157, .T. ) ;
#1436 = CYLINDRICAL_SURFACE ( 'NONE', #218, 1.000000000000000400 ) ;
#1437 = FACE_OUTER_BOUND ( 'NONE', #906, .T. ) ;
#1438 = FACE_OUTER_BOUND ( 'NONE', #899, .T. ) ;
#1439 = FACE_OUTER_BOUND ( 'NONE', #914, .T. ) ;
#1440 = FACE_OUTER_BOUND ( 'NONE', #902, .T. ) ;
#1441 = FACE_OUTER_BOUND ( 'NONE', #1152, .T. ) ;
#1442 = CONICAL_SURFACE ( 'NONE', #198, 1.000000000000000400, 0.7853981633974531600 ) ;
#1443 = FACE_OUTER_BOUND ( 'NONE', #1157, .T. ) ;
#1444 = FACE_OUTER_BOUND ( 'NONE', #912, .T. ) ;
#1445 = FACE_OUTER_BOUND ( 'NONE', #1150, .T. ) ;
#1446 = FACE_OUTER_BOUND ( 'NONE', #1154, .T. ) ;
#1447 = FACE_OUTER_BOUND ( 'NONE', #1151, .T. ) ;
#1448 = FACE_OUTER_BOUND ( 'NONE', #1149, .T. ) ;
#1449 = FACE_OUTER_BOUND ( 'NONE', #1153, .T. ) ;
#1450 = FACE_OUTER_BOUND ( 'NONE', #1156, .T. ) ;
#1451 = FACE_OUTER_BOUND ( 'NONE', #1147, .T. ) ;
#1452 = FACE_OUTER_BOUND ( 'NONE', #960, .T. ) ;
#1453 = FACE_OUTER_BOUND ( 'NONE', #909, .T. ) ;
#1454 = FACE_OUTER_BOUND ( 'NONE', #151, .T. ) ;
#1455 = FACE_OUTER_BOUND ( 'NONE', #154, .T. ) ;
#1456 = FACE_OUTER_BOUND ( 'NONE', #155, .T. ) ;
#1457 = FACE_OUTER_BOUND ( 'NONE', #962, .T. ) ;
#1458 = FACE_OUTER_BOUND ( 'NONE', #156, .T. ) ;
#1459 = CYLINDRICAL_SURFACE ( 'NONE', #201, 1.249999999999999300 ) ;
#1460 = FACE_OUTER_BOUND ( 'NONE', #918, .T. ) ;
#1461 = CYLINDRICAL_SURFACE ( 'NONE', #185, 2.399999999999999500 ) ;
#1462 = FACE_OUTER_BOUND ( 'NONE', #153, .T. ) ;
#1463 = FACE_OUTER_BOUND ( 'NONE', #149, .T. ) ;
#1464 = CYLINDRICAL_SURFACE ( 'NONE', #203, 1.599999999999999900 ) ;
#1465 = FACE_OUTER_BOUND ( 'NONE', #158, .T. ) ;
#1466 = CYLINDRICAL_SURFACE ( 'NONE', #242, 1.599999999999999000 ) ;
#1467 = FACE_OUTER_BOUND ( 'NONE', #1148, .T. ) ;
#1468 = FACE_OUTER_BOUND ( 'NONE', #1145, .T. ) ;
#1469 = FACE_BOUND ( 'NONE', #1141, .T. ) ;
#1470 = FACE_OUTER_BOUND ( 'NONE', #978, .T. ) ;
#1471 = CYLINDRICAL_SURFACE ( 'NONE', #195, 1.599999999999999000 ) ;
#1472 = FACE_OUTER_BOUND ( 'NONE', #965, .T. ) ;
#1473 = FACE_OUTER_BOUND ( 'NONE', #159, .T. ) ;
#1474 = FACE_OUTER_BOUND ( 'NONE', #1143, .T. ) ;
#1475 = FACE_OUTER_BOUND ( 'NONE', #1144, .T. ) ;
#1476 = FACE_BOUND ( 'NONE', #1138, .T. ) ;
#1477 = FACE_OUTER_BOUND ( 'NONE', #1139, .T. ) ;
#1478 = FACE_OUTER_BOUND ( 'NONE', #972, .T. ) ;
#1479 = FACE_OUTER_BOUND ( 'NONE', #1140, .T. ) ;
#1480 = FACE_OUTER_BOUND ( 'NONE', #1146, .T. ) ;
#1481 = FACE_BOUND ( 'NONE', #966, .T. ) ;
#1482 = FACE_BOUND ( 'NONE', #147, .T. ) ;
#1483 = FACE_OUTER_BOUND ( 'NONE', #961, .T. ) ;
#1484 = ORIENTED_EDGE ( 'NONE', *, *, #527, .T. ) ;
#1485 = ORIENTED_EDGE ( 'NONE', *, *, #610, .T. ) ;
#1486 = ORIENTED_EDGE ( 'NONE', *, *, #472, .F. ) ;
#1487 = ORIENTED_EDGE ( 'NONE', *, *, #462, .F. ) ;
#1488 = ORIENTED_EDGE ( 'NONE', *, *, #494, .F. ) ;
#1489 = ORIENTED_EDGE ( 'NONE', *, *, #475, .F. ) ;
#1490 = ORIENTED_EDGE ( 'NONE', *, *, #476, .T. ) ;
#1491 = ORIENTED_EDGE ( 'NONE', *, *, #475, .T. ) ;
#1492 = ORIENTED_EDGE ( 'NONE', *, *, #509, .F. ) ;
#1493 = ORIENTED_EDGE ( 'NONE', *, *, #487, .F. ) ;
#1494 = ORIENTED_EDGE ( 'NONE', *, *, #478, .T. ) ;
#1495 = ORIENTED_EDGE ( 'NONE', *, *, #487, .T. ) ;
#1496 = ORIENTED_EDGE ( 'NONE', *, *, #505, .F. ) ;
#1497 = ORIENTED_EDGE ( 'NONE', *, *, #605, .F. ) ;
#1498 = ORIENTED_EDGE ( 'NONE', *, *, #509, .T. ) ;
#1499 = LINE ( 'NONE', #1810, #1506 ) ;
#1500 = LINE ( 'NONE', #1814, #1505 ) ;
#1501 = VECTOR ( 'NONE', #1811, 1000.000000000000000 ) ;
#1502 = LINE ( 'NONE', #1807, #1508 ) ;
#1503 = LINE ( 'NONE', #1823, #1501 ) ;
#1504 = CIRCLE ( 'NONE', #519, 1.599999999999999000 ) ;
#1505 = VECTOR ( 'NONE', #1808, 1000.000000000000000 ) ;
#1506 = VECTOR ( 'NONE', #1805, 1000.000000000000000 ) ;
#1507 = LINE ( 'NONE', #1788, #1518 ) ;
#1508 = VECTOR ( 'NONE', #1802, 1000.000000000000000 ) ;
#1509 = VECTOR ( 'NONE', #1793, 1000.000000000000000 ) ;
#1510 = LINE ( 'NONE', #1792, #1516 ) ;
#1511 = LINE ( 'NONE', #1794, #1514 ) ;
#1512 = LINE ( 'NONE', #1803, #1509 ) ;
#1513 = CIRCLE ( 'NONE', #468, 2.399999999999999900 ) ;
#1514 = VECTOR ( 'NONE', #1790, 1000.000000000000000 ) ;
#1515 = LINE ( 'NONE', #1784, #1520 ) ;
#1516 = VECTOR ( 'NONE', #1787, 1000.000000000000000 ) ;
#1517 = LINE ( 'NONE', #1781, #1522 ) ;
#1518 = VECTOR ( 'NONE', #1783, 1000.000000000000000 ) ;
#1519 = LINE ( 'NONE', #1778, #826 ) ;
#1520 = VECTOR ( 'NONE', #1780, 1000.000000000000000 ) ;
#1521 = LINE ( 'NONE', #1773, #1623 ) ;
#1522 = VECTOR ( 'NONE', #1776, 1000.000000000000000 ) ;
#1523 = LINE ( 'NONE', #1771, #1625 ) ;
#1524 = LINE ( 'NONE', #1070, #1525 ) ;
#1525 = VECTOR ( 'NONE', #1068, 1000.000000000000000 ) ;
#1526 = LINE ( 'NONE', #1095, #1530 ) ;
#1527 = CIRCLE ( 'NONE', #464, 2.399999999999999900 ) ;
#1528 = LINE ( 'NONE', #1085, #1529 ) ;
#1529 = VECTOR ( 'NONE', #1084, 1000.000000000000000 ) ;
#1530 = VECTOR ( 'NONE', #1081, 1000.000000000000000 ) ;
#1531 = VECTOR ( 'NONE', #1052, 1000.000000000000000 ) ;
#1532 = LINE ( 'NONE', #1080, #1533 ) ;
#1533 = VECTOR ( 'NONE', #1079, 1000.000000000000000 ) ;
#1534 = LINE ( 'NONE', #1077, #1535 ) ;
#1535 = VECTOR ( 'NONE', #1076, 1000.000000000000000 ) ;
#1536 = LINE ( 'NONE', #1075, #1537 ) ;
#1537 = VECTOR ( 'NONE', #1074, 1000.000000000000000 ) ;
#1538 = LINE ( 'NONE', #1053, #1531 ) ;
#1539 = LINE ( 'NONE', #1086, #1543 ) ;
#1540 = CIRCLE ( 'NONE', #492, 1.599999999999999000 ) ;
#1541 = LINE ( 'NONE', #1066, #1542 ) ;
#1542 = VECTOR ( 'NONE', #1065, 1000.000000000000000 ) ;
#1543 = VECTOR ( 'NONE', #1062, 1000.000000000000100 ) ;
#1544 = LINE ( 'NONE', #1047, #986 ) ;
#1545 = LINE ( 'NONE', #1061, #1546 ) ;
#1546 = VECTOR ( 'NONE', #1060, 1000.000000000000000 ) ;
#1547 = LINE ( 'NONE', #1058, #1548 ) ;
#1548 = VECTOR ( 'NONE', #1057, 1000.000000000000000 ) ;
#1549 = LINE ( 'NONE', #1032, #987 ) ;
#1550 = LINE ( 'NONE', #1067, #1556 ) ;
#1551 = CIRCLE ( 'NONE', #454, 1.599999999999999000 ) ;
#1552 = LINE ( 'NONE', #1051, #1553 ) ;
#1553 = VECTOR ( 'NONE', #1050, 1000.000000000000000 ) ;
#1554 = LINE ( 'NONE', #1049, #1555 ) ;
#1555 = VECTOR ( 'NONE', #1048, 1000.000000000000000 ) ;
#1556 = VECTOR ( 'NONE', #1045, 1000.000000000000100 ) ;
#1557 = LINE ( 'NONE', #1028, #989 ) ;
#1558 = LINE ( 'NONE', #1044, #1559 ) ;
#1559 = VECTOR ( 'NONE', #1042, 1000.000000000000000 ) ;
#1560 = LINE ( 'NONE', #1040, #1561 ) ;
#1561 = VECTOR ( 'NONE', #1039, 1000.000000000000000 ) ;
#1562 = LINE ( 'NONE', #1037, #1563 ) ;
#1563 = VECTOR ( 'NONE', #1036, 1000.000000000000000 ) ;
#1564 = ORIENTED_EDGE ( 'NONE', *, *, #523, .F. ) ;
#1565 = ORIENTED_EDGE ( 'NONE', *, *, #558, .T. ) ;
#1566 = ORIENTED_EDGE ( 'NONE', *, *, #543, .T. ) ;
#1567 = ORIENTED_EDGE ( 'NONE', *, *, #558, .F. ) ;
#1568 = ORIENTED_EDGE ( 'NONE', *, *, #460, .F. ) ;
#1569 = ORIENTED_EDGE ( 'NONE', *, *, #582, .T. ) ;
#1570 = ORIENTED_EDGE ( 'NONE', *, *, #626, .F. ) ;
#1571 = ORIENTED_EDGE ( 'NONE', *, *, #553, .F. ) ;
#1572 = ORIENTED_EDGE ( 'NONE', *, *, #622, .F. ) ;
#1573 = ORIENTED_EDGE ( 'NONE', *, *, #543, .F. ) ;
#1574 = ORIENTED_EDGE ( 'NONE', *, *, #540, .T. ) ;
#1575 = ORIENTED_EDGE ( 'NONE', *, *, #583, .T. ) ;
#1576 = ORIENTED_EDGE ( 'NONE', *, *, #551, .F. ) ;
#1577 = ORIENTED_EDGE ( 'NONE', *, *, #576, .F. ) ;
#1578 = ORIENTED_EDGE ( 'NONE', *, *, #526, .T. ) ;
#1579 = ORIENTED_EDGE ( 'NONE', *, *, #467, .T. ) ;
#1580 = ORIENTED_EDGE ( 'NONE', *, *, #576, .T. ) ;
#1581 = ORIENTED_EDGE ( 'NONE', *, *, #496, .T. ) ;
#1582 = ORIENTED_EDGE ( 'NONE', *, *, #538, .T. ) ;
#1583 = ORIENTED_EDGE ( 'NONE', *, *, #574, .T. ) ;
#1584 = ORIENTED_EDGE ( 'NONE', *, *, #507, .F. ) ;
#1585 = ORIENTED_EDGE ( 'NONE', *, *, #603, .F. ) ;
#1586 = ORIENTED_EDGE ( 'NONE', *, *, #566, .F. ) ;
#1587 = ORIENTED_EDGE ( 'NONE', *, *, #603, .T. ) ;
#1588 = ORIENTED_EDGE ( 'NONE', *, *, #552, .T. ) ;
#1589 = ORIENTED_EDGE ( 'NONE', *, *, #604, .F. ) ;
#1590 = ORIENTED_EDGE ( 'NONE', *, *, #480, .F. ) ;
#1591 = ORIENTED_EDGE ( 'NONE', *, *, #577, .F. ) ;
#1592 = ORIENTED_EDGE ( 'NONE', *, *, #617, .F. ) ;
#1593 = ORIENTED_EDGE ( 'NONE', *, *, #544, .F. ) ;
#1594 = ORIENTED_EDGE ( 'NONE', *, *, #493, .F. ) ;
#1595 = ORIENTED_EDGE ( 'NONE', *, *, #598, .F. ) ;
#1596 = ORIENTED_EDGE ( 'NONE', *, *, #631, .F. ) ;
#1597 = ORIENTED_EDGE ( 'NONE', *, *, #537, .T. ) ;
#1598 = ORIENTED_EDGE ( 'NONE', *, *, #542, .T. ) ;
#1599 = ORIENTED_EDGE ( 'NONE', *, *, #529, .F. ) ;
#1600 = ORIENTED_EDGE ( 'NONE', *, *, #503, .F. ) ;
#1601 = DIRECTION ( 'NONE',  ( 0.0000000000000000000, 0.0000000000000000000, -1.000000000000000000 ) ) ;
#1602 = DIRECTION ( 'NONE',  ( 0.0000000000000000000, 0.0000000000000000000, -1.000000000000000000 ) ) ;
#1603 = PLANE ( 'NONE',  #220 ) ;
#1604 = CARTESIAN_POINT ( 'NONE',  ( -1.301042606982605300E-015, -8.000000000000000000, 11.19999999999999900 ) ) ;
#1605 = CARTESIAN_POINT ( 'NONE',  ( -0.4000000000000000200, 0.5999999999999999800, -0.1000000000000000100 ) ) ;
#1606 = DIRECTION ( 'NONE',  ( -4.517509052022935300E-017, 1.000000000000000000, 0.0000000000000000000 ) ) ;
#1607 = DIRECTION ( 'NONE',  ( 0.0000000000000000000, 0.0000000000000000000, 1.000000000000000000 ) ) ;
#1608 = DIRECTION ( 'NONE',  ( 0.0000000000000000000, 1.000000000000000000, -0.0000000000000000000 ) ) ;
#1609 = DIRECTION ( 'NONE',  ( 1.000000000000000000, 4.517509052022935300E-017, 0.0000000000000000000 ) ) ;
#1610 = PLANE ( 'NONE',  #255 ) ;
#1611 = DIRECTION ( 'NONE',  ( -1.000000000000000000, 0.0000000000000000000, 0.0000000000000000000 ) ) ;
#1612 = DIRECTION ( 'NONE',  ( -4.517509052022935300E-017, -1.000000000000000000, 0.0000000000000000000 ) ) ;
#1613 = DIRECTION ( 'NONE',  ( -1.000000000000000000, 4.517509052022935300E-017, 0.0000000000000000000 ) ) ;
#1614 = PLANE ( 'NONE',  #241 ) ;
#1615 = CARTESIAN_POINT ( 'NONE',  ( -1.301042606982605300E-015, -8.000000000000000000, 11.19999999999999900 ) ) ;
#1616 = DIRECTION ( 'NONE',  ( 0.0000000000000000000, -0.0000000000000000000, 1.000000000000000000 ) ) ;
#1617 = DIRECTION ( 'NONE',  ( -0.0000000000000000000, 1.000000000000000000, 0.0000000000000000000 ) ) ;
#1618 = CARTESIAN_POINT ( 'NONE',  ( -0.4000000000000000200, 0.5999999999999999800, -0.1000000000000000100 ) ) ;
#1619 = PLANE ( 'NONE',  #254 ) ;
#1620 = CARTESIAN_POINT ( 'NONE',  ( 9.403124237432850300, -5.500000000000000000, 5.699999999999998400 ) ) ;
#1621 = DIRECTION ( 'NONE',  ( -4.517509052022935300E-017, -1.000000000000000000, 0.0000000000000000000 ) ) ;
#1622 = DIRECTION ( 'NONE',  ( -1.000000000000000000, 4.517509052022935300E-017, 0.0000000000000000000 ) ) ;
#1623 = VECTOR ( 'NONE', #1770, 1000.000000000000000 ) ;
#1624 = LINE ( 'NONE', #1765, #1629 ) ;
#1625 = VECTOR ( 'NONE', #1767, 1000.000000000000000 ) ;
#1626 = LINE ( 'NONE', #1762, #1635 ) ;
#1627 = VECTOR ( 'NONE', #1763, 1000.000000000000000 ) ;
#1628 = LINE ( 'NONE', #1753, #1637 ) ;
#1629 = VECTOR ( 'NONE', #1761, 1000.000000000000000 ) ;
#1630 = LINE ( 'NONE', #1749, #1639 ) ;
#1631 = LINE ( 'NONE', #1759, #1632 ) ;
#1632 = VECTOR ( 'NONE', #1758, 1000.000000000000000 ) ;
#1633 = LINE ( 'NONE', #1756, #1634 ) ;
#1634 = VECTOR ( 'NONE', #1754, 1000.000000000000000 ) ;
#1635 = VECTOR ( 'NONE', #1751, 1000.000000000000000 ) ;
#1636 = LINE ( 'NONE', #1745, #1641 ) ;
#1637 = VECTOR ( 'NONE', #1747, 1000.000000000000000 ) ;
#1638 = LINE ( 'NONE', #1742, #1643 ) ;
#1639 = VECTOR ( 'NONE', #1744, 1000.000000000000000 ) ;
#1640 = LINE ( 'NONE', #1739, #1647 ) ;
#1641 = VECTOR ( 'NONE', #1740, 1000.000000000000000 ) ;
#1642 = LINE ( 'NONE', #1733, #1648 ) ;
#1643 = VECTOR ( 'NONE', #1737, 1000.000000000000000 ) ;
#1644 = LINE ( 'NONE', #1730, #1650 ) ;
#1645 = LINE ( 'NONE', #1735, #1646 ) ;
#1646 = VECTOR ( 'NONE', #1734, 1000.000000000000000 ) ;
#1647 = VECTOR ( 'NONE', #1731, 1000.000000000000000 ) ;
#1648 = VECTOR ( 'NONE', #1728, 1000.000000000000000 ) ;
#1649 = LINE ( 'NONE', #1109, #1652 ) ;
#1650 = VECTOR ( 'NONE', #1724, 1000.000000000000000 ) ;
#1651 = VECTOR ( 'NONE', #1714, 1000.000000000000000 ) ;
#1652 = VECTOR ( 'NONE', #1105, 1000.000000000000000 ) ;
#1653 = LINE ( 'NONE', #1717, #1656 ) ;
#1654 = LINE ( 'NONE', #1726, #1651 ) ;
#1655 = CIRCLE ( 'NONE', #587, 1.249999999999999800 ) ;
#1656 = VECTOR ( 'NONE', #1710, 1000.000000000000000 ) ;
#1657 = LINE ( 'NONE', #1100, #1888 ) ;
#1658 = LINE ( 'NONE', #1708, #1659 ) ;
#1659 = VECTOR ( 'NONE', #1707, 1000.000000000000000 ) ;
#1660 = LINE ( 'NONE', #1705, #1661 ) ;
#1661 = VECTOR ( 'NONE', #1125, 1000.000000000000000 ) ;
#1662 = LINE ( 'NONE', #1090, #1890 ) ;
#1663 = ORIENTED_EDGE ( 'NONE', *, *, #572, .F. ) ;
#1664 = ORIENTED_EDGE ( 'NONE', *, *, #623, .F. ) ;
#1665 = ORIENTED_EDGE ( 'NONE', *, *, #559, .T. ) ;
#1666 = ORIENTED_EDGE ( 'NONE', *, *, #623, .T. ) ;
#1667 = ORIENTED_EDGE ( 'NONE', *, *, #473, .T. ) ;
#1668 = ORIENTED_EDGE ( 'NONE', *, *, #521, .T. ) ;
#1669 = ORIENTED_EDGE ( 'NONE', *, *, #530, .F. ) ;
#1670 = ORIENTED_EDGE ( 'NONE', *, *, #589, .T. ) ;
#1671 = ORIENTED_EDGE ( 'NONE', *, *, #474, .T. ) ;
#1672 = ORIENTED_EDGE ( 'NONE', *, *, #631, .T. ) ;
#1673 = ORIENTED_EDGE ( 'NONE', *, *, #560, .T. ) ;
#1674 = ORIENTED_EDGE ( 'NONE', *, *, #599, .T. ) ;
#1675 = ORIENTED_EDGE ( 'NONE', *, *, #510, .F. ) ;
#1676 = ORIENTED_EDGE ( 'NONE', *, *, #560, .F. ) ;
#1677 = ORIENTED_EDGE ( 'NONE', *, *, #516, .T. ) ;
#1678 = ORIENTED_EDGE ( 'NONE', *, *, #589, .F. ) ;
#1679 = ORIENTED_EDGE ( 'NONE', *, *, #556, .F. ) ;
#1680 = ORIENTED_EDGE ( 'NONE', *, *, #488, .F. ) ;
#1681 = ORIENTED_EDGE ( 'NONE', *, *, #463, .F. ) ;
#1682 = ORIENTED_EDGE ( 'NONE', *, *, #574, .F. ) ;
#1683 = ORIENTED_EDGE ( 'NONE', *, *, #630, .F. ) ;
#1684 = ORIENTED_EDGE ( 'NONE', *, *, #461, .F. ) ;
#1685 = ORIENTED_EDGE ( 'NONE', *, *, #500, .F. ) ;
#1686 = ORIENTED_EDGE ( 'NONE', *, *, #583, .F. ) ;
#1687 = ORIENTED_EDGE ( 'NONE', *, *, #618, .F. ) ;
#1688 = ORIENTED_EDGE ( 'NONE', *, *, #459, .T. ) ;
#1689 = ORIENTED_EDGE ( 'NONE', *, *, #629, .F. ) ;
#1690 = ORIENTED_EDGE ( 'NONE', *, *, #537, .F. ) ;
#1691 = ORIENTED_EDGE ( 'NONE', *, *, #515, .T. ) ;
#1692 = ORIENTED_EDGE ( 'NONE', *, *, #628, .F. ) ;
#1693 = ORIENTED_EDGE ( 'NONE', *, *, #452, .F. ) ;
#1694 = ORIENTED_EDGE ( 'NONE', *, *, #621, .T. ) ;
#1695 = ORIENTED_EDGE ( 'NONE', *, *, #625, .F. ) ;
#1696 = ORIENTED_EDGE ( 'NONE', *, *, #513, .F. ) ;
#1697 = ORIENTED_EDGE ( 'NONE', *, *, #567, .T. ) ;
#1698 = ORIENTED_EDGE ( 'NONE', *, *, #491, .F. ) ;
#1699 = ORIENTED_EDGE ( 'NONE', *, *, #512, .T. ) ;
#1700 = ORIENTED_EDGE ( 'NONE', *, *, #546, .T. ) ;
#1701 = ORIENTED_EDGE ( 'NONE', *, *, #628, .T. ) ;
#1702 = ORIENTED_EDGE ( 'NONE', *, *, #597, .T. ) ;
#1703 = ORIENTED_EDGE ( 'NONE', *, *, #629, .T. ) ;
#1704 = ORIENTED_EDGE ( 'NONE', *, *, #562, .F. ) ;
#1705 = CARTESIAN_POINT ( 'NONE',  ( 2.199999999999999700, -3.500000000000003100, 9.489277288054518300E-016 ) ) ;
#1706 = CARTESIAN_POINT ( 'NONE',  ( 0.3999999999999997400, -0.5999999999999972000, 5.999999999999998200 ) ) ;
#1707 = DIRECTION ( 'NONE',  ( -0.0000000000000000000, -0.0000000000000000000, 1.000000000000000000 ) ) ;
#1708 = CARTESIAN_POINT ( 'NONE',  ( -0.4000000000000000200, 0.5999999999999999800, -0.1000000000000000100 ) ) ;
#1709 = CARTESIAN_POINT ( 'NONE',  ( -0.4000000000000000200, 0.6000000000000025300, 5.999999999999999100 ) ) ;
#1710 = DIRECTION ( 'NONE',  ( -1.000000000000000000, 0.0000000000000000000, 0.0000000000000000000 ) ) ;
#1711 = CARTESIAN_POINT ( 'NONE',  ( -2.500000000000000000, -3.800000000000002900, 1.604619215278548100E-015 ) ) ;
#1712 = CARTESIAN_POINT ( 'NONE',  ( -5.850000000000000500, -8.000000000000000000, 9.699999999999999300 ) ) ;
#1713 = CARTESIAN_POINT ( 'NONE',  ( 0.6000000000000002000, 2.000000000000003600, 7.399999999999999500 ) ) ;
#1714 = DIRECTION ( 'NONE',  ( 0.0000000000000000000, 0.0000000000000000000, 1.000000000000000000 ) ) ;
#1715 = CARTESIAN_POINT ( 'NONE',  ( 9.403124237432850300, -10.50000000000000000, 5.699999999999998400 ) ) ;
#1716 = CARTESIAN_POINT ( 'NONE',  ( -3.000000000000000000, 1.999999999999999100, 5.999999999999998200 ) ) ;
#1717 = CARTESIAN_POINT ( 'NONE',  ( 0.4000000000000001300, 1.949999999999999300, -2.600000000000000100 ) ) ;
#1718 = DIRECTION ( 'NONE',  ( 0.0000000000000000000, 0.0000000000000000000, -1.000000000000000000 ) ) ;
#1719 = CARTESIAN_POINT ( 'NONE',  ( -8.699999999999999300, -5.500000000000000000, 9.699999999999999300 ) ) ;
#1720 = CARTESIAN_POINT ( 'NONE',  ( -0.3999999999999997400, -0.5999999999999998700, 0.0000000000000000000 ) ) ;
#1721 = DIRECTION ( 'NONE',  ( 0.0000000000000000000, -1.000000000000000000, 0.0000000000000000000 ) ) ;
#1722 = CARTESIAN_POINT ( 'NONE',  ( -5.421010862427522200E-016, -12.00000000000000000, 2.999999999999999100 ) ) ;
#1723 = CARTESIAN_POINT ( 'NONE',  ( -2.499999999999999100, -4.500000000000001800, 6.000000000000000900 ) ) ;
#1724 = DIRECTION ( 'NONE',  ( 0.0000000000000000000, 0.0000000000000000000, 1.000000000000000000 ) ) ;
#1725 = CARTESIAN_POINT ( 'NONE',  ( -8.699999999999999300, -10.50000000000000000, 9.699999999999999300 ) ) ;
#1726 = CARTESIAN_POINT ( 'NONE',  ( 3.000000000000000000, 1.999999999999999100, 5.999999999999998200 ) ) ;
#1727 = CARTESIAN_POINT ( 'NONE',  ( -2.500000000000000000, -4.500000000000003600, 1.807003620809175800E-015 ) ) ;
#1728 = DIRECTION ( 'NONE',  ( -0.0000000000000000000, -0.0000000000000000000, -1.000000000000000000 ) ) ;
#1729 = CARTESIAN_POINT ( 'NONE',  ( -3.000000000000000000, -4.500000000000001800, 6.000000000000000900 ) ) ;
#1730 = CARTESIAN_POINT ( 'NONE',  ( -3.000000000000000000, 1.999999999999999100, 5.999999999999998200 ) ) ;
#1731 = DIRECTION ( 'NONE',  ( -1.355252715606880000E-016, 0.0000000000000000000, -1.000000000000000000 ) ) ;
#1732 = CARTESIAN_POINT ( 'NONE',  ( 0.4000000000000000200, 0.5999999999999999800, 0.0000000000000000000 ) ) ;
#1733 = CARTESIAN_POINT ( 'NONE',  ( -6.200000000000000200, -9.599999999999999600, 11.20099999999999900 ) ) ;
#1734 = DIRECTION ( 'NONE',  ( 0.0000000000000000000, 0.0000000000000000000, -1.000000000000000000 ) ) ;
#1735 = CARTESIAN_POINT ( 'NONE',  ( -3.000000000000000000, -10.00000000000000000, 9.699999999999999300 ) ) ;
#1736 = CARTESIAN_POINT ( 'NONE',  ( -3.000000000000000000, 1.999999999999999100, 9.700000000000001100 ) ) ;
#1737 = DIRECTION ( 'NONE',  ( -1.000000000000000000, -0.0000000000000000000, -0.0000000000000000000 ) ) ;
#1738 = CARTESIAN_POINT ( 'NONE',  ( -3.000000000000000000, -4.500000000000003600, -4.336852806241213000E-017 ) ) ;
#1739 = CARTESIAN_POINT ( 'NONE',  ( 0.4000000000000001900, 2.000000000000003600, 7.399999999999999500 ) ) ;
#1740 = DIRECTION ( 'NONE',  ( -4.517509052022935300E-017, -1.000000000000000000, 0.0000000000000000000 ) ) ;
#1741 = CARTESIAN_POINT ( 'NONE',  ( 0.4000000000000001300, 2.000000000000003600, 6.999999999999999100 ) ) ;
#1742 = CARTESIAN_POINT ( 'NONE',  ( -0.4000000000000000200, 0.5999999999999999800, 0.0000000000000000000 ) ) ;
#1743 = CARTESIAN_POINT ( 'NONE',  ( 2.500000000000000900, -4.500000000000001800, 6.000000000000000000 ) ) ;
#1744 = DIRECTION ( 'NONE',  ( -4.517509052022935300E-017, 1.000000000000000000, -0.0000000000000000000 ) ) ;
#1745 = CARTESIAN_POINT ( 'NONE',  ( -0.4000000000000000200, 0.5999999999999999800, 0.0000000000000000000 ) ) ;
#1746 = CARTESIAN_POINT ( 'NONE',  ( -0.4000000000000000200, 0.5999999999999999800, 0.0000000000000000000 ) ) ;
#1747 = DIRECTION ( 'NONE',  ( -0.0000000000000000000, -0.0000000000000000000, 1.000000000000000000 ) ) ;
#1748 = CARTESIAN_POINT ( 'NONE',  ( 0.4000000000000000200, 0.6000000000000025300, 5.999999999999999100 ) ) ;
#1749 = CARTESIAN_POINT ( 'NONE',  ( 0.4000000000000000200, 0.5999999999999999800, 0.0000000000000000000 ) ) ;
#1750 = CARTESIAN_POINT ( 'NONE',  ( -3.000000000000000000, 2.000000000000001800, 0.0000000000000000000 ) ) ;
#1751 = DIRECTION ( 'NONE',  ( 0.0000000000000000000, 0.0000000000000000000, -1.000000000000000000 ) ) ;
#1752 = CARTESIAN_POINT ( 'NONE',  ( 1.084202172485504400E-015, 1.999999999999999100, 8.599999999999999600 ) ) ;
#1753 = CARTESIAN_POINT ( 'NONE',  ( 0.4000000000000000200, 0.5999999999999999800, -0.1000000000000000100 ) ) ;
#1754 = DIRECTION ( 'NONE',  ( 1.000000000000000000, -0.0000000000000000000, -5.204170427930430000E-015 ) ) ;
#1755 = CARTESIAN_POINT ( 'NONE',  ( -0.5999999999999997600, 2.000000000000003600, 7.399999999999999500 ) ) ;
#1756 = CARTESIAN_POINT ( 'NONE',  ( 3.000000000000000000, -4.500000000000001800, 5.999999999999997300 ) ) ;
#1757 = CARTESIAN_POINT ( 'NONE',  ( 2.200000000000000600, -3.500000000000000400, 5.999999999999998200 ) ) ;
#1758 = DIRECTION ( 'NONE',  ( -1.355252715606880000E-016, 0.0000000000000000000, -1.000000000000000000 ) ) ;
#1759 = CARTESIAN_POINT ( 'NONE',  ( 0.4000000000000001900, 1.950000000000003500, 7.399999999999999500 ) ) ;
#1760 = CARTESIAN_POINT ( 'NONE',  ( 0.4000000000000001900, 2.000000000000003600, 7.399999999999999500 ) ) ;
#1761 = DIRECTION ( 'NONE',  ( -1.000000000000000000, 0.0000000000000000000, 0.0000000000000000000 ) ) ;
#1762 = CARTESIAN_POINT ( 'NONE',  ( -1.000000000000001800, -8.000000000000000000, 11.19999999999999900 ) ) ;
#1763 = DIRECTION ( 'NONE',  ( 0.0000000000000000000, -1.000000000000000000, 0.0000000000000000000 ) ) ;
#1764 = CARTESIAN_POINT ( 'NONE',  ( -5.850000000000001400, -6.400000000000000400, 9.699999999999999300 ) ) ;
#1765 = CARTESIAN_POINT ( 'NONE',  ( 0.4000000000000001300, 1.950000000000003500, 6.999999999999999100 ) ) ;
#1766 = CARTESIAN_POINT ( 'NONE',  ( -6.200000000000000200, -9.599999999999999600, 9.699999999999999300 ) ) ;
#1767 = DIRECTION ( 'NONE',  ( -0.0000000000000000000, -0.0000000000000000000, -1.000000000000000000 ) ) ;
#1768 = CARTESIAN_POINT ( 'NONE',  ( -2.199999999999999300, -3.500000000000000400, 5.999999999999998200 ) ) ;
#1769 = CARTESIAN_POINT ( 'NONE',  ( -3.000000000000000000, 2.000000000000001800, 0.0000000000000000000 ) ) ;
#1770 = DIRECTION ( 'NONE',  ( 1.000000000000000000, 0.0000000000000000000, 0.0000000000000000000 ) ) ;
#1771 = CARTESIAN_POINT ( 'NONE',  ( -5.850000000000000500, -9.600000000000001400, 11.20099999999999900 ) ) ;
#1772 = DIRECTION ( 'NONE',  ( 0.4472135954999580900, 0.0000000000000000000, 0.8944271909999157400 ) ) ;
#1773 = CARTESIAN_POINT ( 'NONE',  ( -3.000000000000000000, -4.500000000000001800, 6.000000000000000900 ) ) ;
#1774 = CARTESIAN_POINT ( 'NONE',  ( 3.000000000000000000, -4.500000000000001800, 6.000000000000000000 ) ) ;
#1775 = CARTESIAN_POINT ( 'NONE',  ( 2.500000000000000900, -3.800000000000000300, 6.000000000000000000 ) ) ;
#1776 = DIRECTION ( 'NONE',  ( -0.0000000000000000000, 1.000000000000000000, -0.0000000000000000000 ) ) ;
#1777 = CARTESIAN_POINT ( 'NONE',  ( 3.000000000000000000, 1.999999999999999100, 5.999999999999998200 ) ) ;
#1778 = CARTESIAN_POINT ( 'NONE',  ( -0.5999999999999997600, 1.950000000000003500, 7.399999999999999500 ) ) ;
#1779 = CARTESIAN_POINT ( 'NONE',  ( -0.3999999999999998600, 2.000000000000003600, 7.399999999999999500 ) ) ;
#1780 = DIRECTION ( 'NONE',  ( -0.7071067811865481300, 0.7071067811865470200, 0.0000000000000000000 ) ) ;
#1781 = CARTESIAN_POINT ( 'NONE',  ( 0.6000000000000002000, 1.950000000000003500, 7.399999999999999500 ) ) ;
#1782 = CARTESIAN_POINT ( 'NONE',  ( -0.3999999999999999100, 2.000000000000003600, 6.999999999999999100 ) ) ;
#1783 = DIRECTION ( 'NONE',  ( -0.0000000000000000000, 1.000000000000000000, -0.0000000000000000000 ) ) ;
#1784 = CARTESIAN_POINT ( 'NONE',  ( 2.500000000000001800, -3.800000000000001200, 5.999999999999998200 ) ) ;
#1785 = CARTESIAN_POINT ( 'NONE',  ( -2.499999999999999100, -3.800000000000000300, 6.000000000000000900 ) ) ;
#1786 = CARTESIAN_POINT ( 'NONE',  ( 1.750000000000000000, -10.50000000000000000, 5.699999999999998400 ) ) ;
#1787 = DIRECTION ( 'NONE',  ( 1.445602896647339400E-016, 4.336808689942018700E-016, 1.000000000000000000 ) ) ;
#1788 = CARTESIAN_POINT ( 'NONE',  ( 0.4000000000000001300, 1.950000000000003500, 6.999999999999999100 ) ) ;
#1789 = CARTESIAN_POINT ( 'NONE',  ( 1.750000000000000000, -10.00000000000000000, 5.699999999999998400 ) ) ;
#1790 = DIRECTION ( 'NONE',  ( 1.000000000000000000, 0.0000000000000000000, 0.0000000000000000000 ) ) ;
#1791 = CARTESIAN_POINT ( 'NONE',  ( 0.4000000000000001900, 1.999999999999999100, -2.199999999999999700 ) ) ;
#1792 = CARTESIAN_POINT ( 'NONE',  ( -2.199999999999999300, -3.500000000000000400, 6.000000000000000900 ) ) ;
#1793 = DIRECTION ( 'NONE',  ( -1.000000000000000000, 0.0000000000000000000, 0.0000000000000000000 ) ) ;
#1794 = CARTESIAN_POINT ( 'NONE',  ( -0.4000000000000000800, -0.5999999999999973100, 5.999999999999999100 ) ) ;
#1795 = CARTESIAN_POINT ( 'NONE',  ( -5.850000000000000500, -9.600000000000001400, 9.699999999999999300 ) ) ;
#1796 = CARTESIAN_POINT ( 'NONE',  ( 3.000000000000000000, -10.50000000000000000, 9.699999999999999300 ) ) ;
#1797 = DIRECTION ( 'NONE',  ( 0.0000000000000000000, 0.0000000000000000000, -1.000000000000000000 ) ) ;
#1798 = DIRECTION ( 'NONE',  ( 0.0000000000000000000, -1.000000000000000000, 0.0000000000000000000 ) ) ;
#1799 = CARTESIAN_POINT ( 'NONE',  ( 2.199999999999999700, -3.500000000000003100, 0.0000000000000000000 ) ) ;
#1800 = CARTESIAN_POINT ( 'NONE',  ( -5.421010862427522200E-016, -12.00000000000000000, 2.999999999999999100 ) ) ;
#1801 = CARTESIAN_POINT ( 'NONE',  ( 3.000000000000000000, 2.000000000000001800, 0.0000000000000000000 ) ) ;
#1802 = DIRECTION ( 'NONE',  ( -1.000000000000000000, 0.0000000000000000000, 0.0000000000000000000 ) ) ;
#1803 = CARTESIAN_POINT ( 'NONE',  ( 9.403124237432850300, -5.500000000000000000, 5.699999999999998400 ) ) ;
#1804 = CARTESIAN_POINT ( 'NONE',  ( -3.000000000000000000, 2.000000000000000000, -3.700000000000000200 ) ) ;
#1805 = DIRECTION ( 'NONE',  ( -0.0000000000000000000, 1.000000000000000000, -0.0000000000000000000 ) ) ;
#1806 = CARTESIAN_POINT ( 'NONE',  ( -2.200000000000000200, -3.500000000000003100, 0.0000000000000000000 ) ) ;
#1807 = CARTESIAN_POINT ( 'NONE',  ( 0.6000000000000002000, 1.949999999999999300, -2.199999999999999700 ) ) ;
#1808 = DIRECTION ( 'NONE',  ( -0.0000000000000000000, 1.000000000000000000, -0.0000000000000000000 ) ) ;
#1809 = CARTESIAN_POINT ( 'NONE',  ( 3.000000000000000000, 2.000000000000000000, -3.700000000000000200 ) ) ;
#1810 = CARTESIAN_POINT ( 'NONE',  ( 4.336808689942017700E-016, 1.950000000000003500, 8.599999999999999600 ) ) ;
#1811 = DIRECTION ( 'NONE',  ( -1.000000000000000000, 0.0000000000000000000, 0.0000000000000000000 ) ) ;
#1812 = CARTESIAN_POINT ( 'NONE',  ( 0.4000000000000000800, -0.5999999999999999800, 0.0000000000000000000 ) ) ;
#1813 = CARTESIAN_POINT ( 'NONE',  ( 3.000000000000000000, 1.999999999999999100, 9.700000000000001100 ) ) ;
#1814 = CARTESIAN_POINT ( 'NONE',  ( -0.3999999999999998600, 1.950000000000003500, 7.399999999999999500 ) ) ;
#1815 = CARTESIAN_POINT ( 'NONE',  ( -0.4000000000000000800, -0.5999999999999973100, 5.999999999999999100 ) ) ;
#1816 = DIRECTION ( 'NONE',  ( 0.0000000000000000000, -1.000000000000000000, 0.0000000000000000000 ) ) ;
#1817 = DIRECTION ( 'NONE',  ( -0.0000000000000000000, 1.445602896647339200E-016, -1.000000000000000000 ) ) ;
#1818 = CARTESIAN_POINT ( 'NONE',  ( -6.200000000000000200, -8.000000000000000000, 9.699999999999999300 ) ) ;
#1819 = CARTESIAN_POINT ( 'NONE',  ( -2.481858544473875100E-016, -10.00000000000000000, 0.5999999999999994200 ) ) ;
#1820 = CARTESIAN_POINT ( 'NONE',  ( -1.749999999999999800, -10.50000000000000000, 5.699999999999998400 ) ) ;
#1821 = CARTESIAN_POINT ( 'NONE',  ( -8.699999999999999300, -10.50000000000000000, 5.699999999999998400 ) ) ;
#1822 = CARTESIAN_POINT ( 'NONE',  ( -5.421010862427522200E-016, -12.00000000000000000, 4.249999999999999100 ) ) ;
#1823 = CARTESIAN_POINT ( 'NONE',  ( 9.403124237432850300, -10.50000000000000000, 5.699999999999998400 ) ) ;
#1824 = CARTESIAN_POINT ( 'NONE',  ( 0.4000000000000000800, -0.5999999999999973100, 6.099999999999999600 ) ) ;
#1825 = CARTESIAN_POINT ( 'NONE',  ( 0.4000000000000001300, 1.999999999999999100, -2.600000000000000100 ) ) ;
#1826 = CARTESIAN_POINT ( 'NONE',  ( -2.999999999999999100, -5.500000000000000000, 9.699999999999999300 ) ) ;
#1827 = ORIENTED_EDGE ( 'NONE', *, *, #584, .F. ) ;
#1828 = ORIENTED_EDGE ( 'NONE', *, *, #578, .F. ) ;
#1829 = ORIENTED_EDGE ( 'NONE', *, *, #533, .F. ) ;
#1830 = ORIENTED_EDGE ( 'NONE', *, *, #520, .T. ) ;
#1831 = ORIENTED_EDGE ( 'NONE', *, *, #479, .T. ) ;
#1832 = ORIENTED_EDGE ( 'NONE', *, *, #561, .F. ) ;
#1833 = ORIENTED_EDGE ( 'NONE', *, *, #620, .F. ) ;
#1834 = ORIENTED_EDGE ( 'NONE', *, *, #541, .F. ) ;
#1835 = ORIENTED_EDGE ( 'NONE', *, *, #483, .F. ) ;
#1836 = ORIENTED_EDGE ( 'NONE', *, *, #501, .F. ) ;
#1837 = PERSON ( 'UNSPECIFIED', 'UNSPECIFIED', 'UNSPECIFIED', ('UNSPECIFIED'), ('UNSPECIFIED'), ('UNSPECIFIED') ) ;
#1838 = ADVANCED_FACE ( 'NONE', ( #1439 ), #1221, .T. ) ;
#1839 = ADVANCED_FACE ( 'NONE', ( #1444 ), #1210, .F. ) ;
#1840 = ADVANCED_FACE ( 'NONE', ( #1441 ), #1222, .F. ) ;
#1841 = ADVANCED_FACE ( 'NONE', ( #1440 ), #1218, .F. ) ;
#1842 = ADVANCED_FACE ( 'NONE', ( #1438 ), #1135, .F. ) ;
#1843 = ADVANCED_FACE ( 'NONE', ( #1443 ), #1130, .F. ) ;
#1844 = ADVANCED_FACE ( 'NONE', ( #1445 ), #268, .F. ) ;
#1845 = ADVANCED_FACE ( 'NONE', ( #1446 ), #264, .F. ) ;
#1846 = ADVANCED_FACE ( 'NONE', ( #1447 ), #980, .F. ) ;
#1847 = ADVANCED_FACE ( 'NONE', ( #1448 ), #171, .F. ) ;
#1848 = ADVANCED_FACE ( 'NONE', ( #1449 ), #690, .F. ) ;
#1849 = ADVANCED_FACE ( 'NONE', ( #1450 ), #1946, .F. ) ;
#1850 = ADVANCED_FACE ( 'NONE', ( #1451 ), #1975, .F. ) ;
#1851 = ADVANCED_FACE ( 'NONE', ( #1452 ), #1970, .F. ) ;
#1852 = ADVANCED_FACE ( 'NONE', ( #1453 ), #1939, .F. ) ;
#1853 = ADVANCED_FACE ( 'NONE', ( #1454 ), #1459, .T. ) ;
#1854 = ADVANCED_FACE ( 'NONE', ( #1455 ), #1461, .T. ) ;
#1855 = ADVANCED_FACE ( 'NONE', ( #1456 ), #1932, .F. ) ;
#1856 = ADVANCED_FACE ( 'NONE', ( #1457 ), #1464, .F. ) ;
#1857 = ADVANCED_FACE ( 'NONE', ( #1458 ), #1466, .F. ) ;
#1858 = ADVANCED_FACE ( 'NONE', ( #1460 ), #1163, .T. ) ;
#1859 = ADVANCED_FACE ( 'NONE', ( #1462 ), #1187, .F. ) ;
#1860 = ADVANCED_FACE ( 'NONE', ( #1463 ), #1182, .T. ) ;
#1861 = ADVANCED_FACE ( 'NONE', ( #1465 ), #1471, .F. ) ;
#1862 = ADVANCED_FACE ( 'NONE', ( #1467 ), #1173, .F. ) ;
#1863 = ADVANCED_FACE ( 'NONE', ( #1468 ), #1170, .T. ) ;
#1864 = ADVANCED_FACE ( 'NONE', ( #1469, #1474 ), #1165, .T. ) ;
#1865 = ADVANCED_FACE ( 'NONE', ( #1472 ), #1160, .F. ) ;
#1866 = ADVANCED_FACE ( 'NONE', ( #1475 ), #943, .F. ) ;
#1867 = ADVANCED_FACE ( 'NONE', ( #1473 ), #944, .F. ) ;
#1868 = ADVANCED_FACE ( 'NONE', ( #1476, #1479 ), #1174, .T. ) ;
#1869 = ADVANCED_FACE ( 'NONE', ( #1477 ), #933, .T. ) ;
#1870 = ADVANCED_FACE ( 'NONE', ( #1480 ), #937, .F. ) ;
#1871 = ADVANCED_FACE ( 'NONE', ( #1478 ), #929, .F. ) ;
#1872 = ADVANCED_FACE ( 'NONE', ( #1481, #1483 ), #924, .T. ) ;
#1873 = ADVANCED_FACE ( 'NONE', ( #1482, #1470 ), #930, .T. ) ;
#1874 = ADVANCED_FACE ( 'NONE', ( #632 ), #634, .T. ) ;
#1875 = ADVANCED_FACE ( 'NONE', ( #635 ), #637, .T. ) ;
#1876 = ADVANCED_FACE ( 'NONE', ( #633, #639, #641 ), #863, .T. ) ;
#1877 = ADVANCED_FACE ( 'NONE', ( #640 ), #873, .T. ) ;
#1878 = ADVANCED_FACE ( 'NONE', ( #642, #636 ), #853, .T. ) ;
#1879 = ADVANCED_FACE ( 'NONE', ( #643 ), #646, .T. ) ;
#1880 = ADVANCED_FACE ( 'NONE', ( #644 ), #837, .T. ) ;
#1881 = ADVANCED_FACE ( 'NONE', ( #638 ), #648, .T. ) ;
#1882 = ADVANCED_FACE ( 'NONE', ( #645, #649 ), #869, .T. ) ;
#1883 = ADVANCED_FACE ( 'NONE', ( #647 ), #849, .T. ) ;
#1884 = LINE ( 'NONE', #1715, #1886 ) ;
#1885 = CIRCLE ( 'NONE', #485, 1.600000000000000800 ) ;
#1886 = VECTOR ( 'NONE', #1097, 1000.000000000000000 ) ;
#1887 = LINE ( 'NONE', #1078, #1892 ) ;
#1888 = VECTOR ( 'NONE', #1083, 1000.000000000000100 ) ;
#1889 = LINE ( 'NONE', #1069, #1894 ) ;
#1890 = VECTOR ( 'NONE', #1073, 1000.000000000000000 ) ;
#1891 = LINE ( 'NONE', #1059, #1900 ) ;
#1892 = VECTOR ( 'NONE', #1063, 1000.000000000000000 ) ;
#1893 = VECTOR ( 'NONE', #1113, 1000.000000000000000 ) ;
#1894 = VECTOR ( 'NONE', #1054, 1000.000000000000000 ) ;
#1895 = VECTOR ( 'NONE', #1121, 1000.000000000000000 ) ;
#1896 = LINE ( 'NONE', #1046, #1897 ) ;
#1897 = VECTOR ( 'NONE', #1043, 1000.000000000000000 ) ;
#1898 = LINE ( 'NONE', #1035, #1899 ) ;
#1899 = VECTOR ( 'NONE', #1031, 1000.000000000000000 ) ;
#1900 = VECTOR ( 'NONE', #1126, 1000.000000000000100 ) ;
#1901 = VECTOR ( 'NONE', #1101, 1000.000000000000000 ) ;
#1902 = LINE ( 'NONE', #1041, #1895 ) ;
#1903 = CIRCLE ( 'NONE', #514, 1.249999999999999800 ) ;
#1904 = VECTOR ( 'NONE', #1087, 1000.000000000000000 ) ;
#1905 = LINE ( 'NONE', #1116, #1908 ) ;
#1906 = LINE ( 'NONE', #1122, #1893 ) ;
#1907 = CIRCLE ( 'NONE', #570, 2.399999999999999900 ) ;
#1908 = VECTOR ( 'NONE', #1111, 1000.000000000000000 ) ;
#1909 = LINE ( 'NONE', #1102, #1918 ) ;
#1910 = LINE ( 'NONE', #1110, #1911 ) ;
#1911 = VECTOR ( 'NONE', #1108, 1000.000000000000000 ) ;
#1912 = LINE ( 'NONE', #1107, #1913 ) ;
#1913 = VECTOR ( 'NONE', #1106, 1000.000000000000000 ) ;
#1914 = LINE ( 'NONE', #1114, #1901 ) ;
#1915 = CIRCLE ( 'NONE', #499, 1.000000000000000400 ) ;
#1916 = LINE ( 'NONE', #1099, #1917 ) ;
#1917 = VECTOR ( 'NONE', #1098, 1000.000000000000000 ) ;
#1918 = VECTOR ( 'NONE', #1096, 1000.000000000000000 ) ;
#1919 = LINE ( 'NONE', #1088, #1904 ) ;
#1920 = LINE ( 'NONE', #1094, #1921 ) ;
#1921 = VECTOR ( 'NONE', #1093, 1000.000000000000000 ) ;
#1922 = MANIFOLD_SOLID_BREP ( '∂Øƒ - âüÇµèoÇµ10', #94 ) ;
#1923 = UNCERTAINTY_MEASURE_WITH_UNIT (LENGTH_MEASURE( 1.000000000000000100E-005 ), #876, 'distance_accuracy_value', 'NONE');
#1924 = ADVANCED_BREP_SHAPE_REPRESENTATION ( 'pm-r25', ( #1922, #173 ), #650 ) ;
#1925 = DIRECTION ( 'NONE',  ( -2.599255112591415000E-017, 0.0000000000000000000, 1.000000000000000000 ) ) ;
#1926 = DIRECTION ( 'NONE',  ( -0.0000000000000000000, 1.000000000000000000, -0.0000000000000000000 ) ) ;
#1927 = DIRECTION ( 'NONE',  ( -1.000000000000000000, 0.0000000000000000000, -2.599255112591415000E-017 ) ) ;
#1928 = DIRECTION ( 'NONE',  ( -0.0000000000000000000, -0.0000000000000000000, -1.000000000000000000 ) ) ;
#1929 = DIRECTION ( 'NONE',  ( -1.000000000000000000, 0.0000000000000000000, 0.0000000000000000000 ) ) ;
#1930 = CARTESIAN_POINT ( 'NONE',  ( -5.421010862427522200E-016, -62.00000000000000000, 2.999999999999999100 ) ) ;
#1931 = DIRECTION ( 'NONE',  ( -1.000000000000000000, -2.478176394252584500E-015, 0.0000000000000000000 ) ) ;
#1932 = PLANE ( 'NONE',  #263 ) ;
#1933 = DIRECTION ( 'NONE',  ( -2.478176394252584500E-015, 1.000000000000000000, 0.0000000000000000000 ) ) ;
#1934 = CARTESIAN_POINT ( 'NONE',  ( -5.850000000000000500, -8.000000000000000000, 11.20099999999999900 ) ) ;
#1935 = CARTESIAN_POINT ( 'NONE',  ( -5.421010862427522200E-016, -12.00000000000000000, 2.999999999999999100 ) ) ;
#1936 = DIRECTION ( 'NONE',  ( -0.0000000000000000000, 1.000000000000000000, -0.0000000000000000000 ) ) ;
#1937 = CARTESIAN_POINT ( 'NONE',  ( 1.750000000000000000, -20.24987179402888400, 9.699999999999999300 ) ) ;
#1938 = DIRECTION ( 'NONE',  ( 0.0000000000000000000, 0.0000000000000000000, 1.000000000000000000 ) ) ;
#1939 = PLANE ( 'NONE',  #186 ) ;
#1940 = DIRECTION ( 'NONE',  ( 0.0000000000000000000, 0.0000000000000000000, -1.000000000000000000 ) ) ;
#1941 = DIRECTION ( 'NONE',  ( 0.0000000000000000000, 0.0000000000000000000, 1.000000000000000000 ) ) ;
#1942 = DIRECTION ( 'NONE',  ( 1.000000000000000000, 0.0000000000000000000, 0.0000000000000000000 ) ) ;
#1943 = CARTESIAN_POINT ( 'NONE',  ( -1.749999999999999800, -20.24987179402888400, 9.699999999999999300 ) ) ;
#1944 = DIRECTION ( 'NONE',  ( -1.000000000000000000, 0.0000000000000000000, 0.0000000000000000000 ) ) ;
#1945 = PLANE ( 'NONE',  #219 ) ;
#1946 = PLANE ( 'NONE',  #233 ) ;
#1947 = CARTESIAN_POINT ( 'NONE',  ( -0.4000000000000000200, 0.6000000000000025300, 5.999999999999999100 ) ) ;
#1948 = DIRECTION ( 'NONE',  ( -4.517509052022935300E-017, 1.000000000000000000, 0.0000000000000000000 ) ) ;
#1949 = DIRECTION ( 'NONE',  ( 1.000000000000000000, 0.0000000000000000000, 0.0000000000000000000 ) ) ;
#1950 = DIRECTION ( 'NONE',  ( 1.000000000000000000, 4.517509052022935300E-017, 0.0000000000000000000 ) ) ;
#1951 = PLANE ( 'NONE',  #204 ) ;
#1952 = CARTESIAN_POINT ( 'NONE',  ( -0.4000000000000000200, 0.6000000000000025300, 5.999999999999999100 ) ) ;
#1953 = DIRECTION ( 'NONE',  ( 0.0000000000000000000, -0.0000000000000000000, 1.000000000000000000 ) ) ;
#1954 = DIRECTION ( 'NONE',  ( -0.0000000000000000000, 0.0000000000000000000, 1.000000000000000000 ) ) ;
#1955 = DIRECTION ( 'NONE',  ( -0.0000000000000000000, 1.000000000000000000, 0.0000000000000000000 ) ) ;
#1956 = PLANE ( 'NONE',  #256 ) ;
#1957 = PLANE ( 'NONE',  #246 ) ;
#1958 = CARTESIAN_POINT ( 'NONE',  ( 0.4000000000000000200, 0.5999999999999999800, -0.1000000000000000100 ) ) ;
#1959 = DIRECTION ( 'NONE',  ( 0.0000000000000000000, -0.0000000000000000000, -1.000000000000000000 ) ) ;
#1960 = DIRECTION ( 'NONE',  ( 0.0000000000000000000, -1.000000000000000000, 0.0000000000000000000 ) ) ;
#1961 = PLANE ( 'NONE',  #258 ) ;
#1962 = CARTESIAN_POINT ( 'NONE',  ( 0.4000000000000000200, 0.6000000000000025300, 5.999999999999999100 ) ) ;
#1963 = DIRECTION ( 'NONE',  ( 1.000000000000000000, 0.0000000000000000000, 0.0000000000000000000 ) ) ;
#1964 = DIRECTION ( 'NONE',  ( -0.0000000000000000000, 0.0000000000000000000, 1.000000000000000000 ) ) ;
#1965 = CARTESIAN_POINT ( 'NONE',  ( -0.4000000000000000800, -0.5999999999999973100, 6.099999999999999600 ) ) ;
#1966 = CARTESIAN_POINT ( 'NONE',  ( -0.4000000000000000800, -0.5999999999999999800, -0.1000000000000000100 ) ) ;
#1967 = DIRECTION ( 'NONE',  ( -1.445602896647339400E-016, 0.0000000000000000000, -1.000000000000000000 ) ) ;
#1968 = PLANE ( 'NONE',  #226 ) ;
#1969 = CARTESIAN_POINT ( 'NONE',  ( -6.200000000000000200, -6.400000000000001200, 11.20099999999999900 ) ) ;
#1970 = PLANE ( 'NONE',  #196 ) ;
#1971 = DIRECTION ( 'NONE',  ( -1.000000000000000000, 0.0000000000000000000, 0.0000000000000000000 ) ) ;
#1972 = DIRECTION ( 'NONE',  ( -1.355252715606880000E-016, 0.0000000000000000000, -1.000000000000000000 ) ) ;
#1973 = DIRECTION ( 'NONE',  ( 1.000000000000000000, 0.0000000000000000000, -1.355252715606880000E-016 ) ) ;
#1974 = CARTESIAN_POINT ( 'NONE',  ( 0.4000000000000001900, 1.950000000000003500, 7.399999999999999500 ) ) ;
#1975 = PLANE ( 'NONE',  #177 ) ;
#1976 = DIRECTION ( 'NONE',  ( 0.0000000000000000000, -0.0000000000000000000, -1.000000000000000000 ) ) ;
#1977 = DIRECTION ( 'NONE',  ( 0.0000000000000000000, -1.000000000000000000, 0.0000000000000000000 ) ) ;
#1978 = CARTESIAN_POINT ( 'NONE',  ( -0.5999999999999990900, 1.949999999999999300, -2.199999999999999700 ) ) ;
#1979 = DIRECTION ( 'NONE',  ( 1.000000000000000000, -4.179535469590356600E-032, -1.445602896647339400E-016 ) ) ;
#1980 = PLANE ( 'NONE',  #231 ) ;
#1981 = CARTESIAN_POINT ( 'NONE',  ( -8.699999999999999300, -10.50000000000000000, 5.699999999999998400 ) ) ;
#1982 = DIRECTION ( 'NONE',  ( 1.000000000000000000, -4.956352788505169000E-015, 0.0000000000000000000 ) ) ;
#1983 = DIRECTION ( 'NONE',  ( 0.0000000000000000000, -0.0000000000000000000, -1.000000000000000000 ) ) ;
#1984 = DIRECTION ( 'NONE',  ( 0.0000000000000000000, -1.000000000000000000, 0.0000000000000000000 ) ) ;
#1985 = CARTESIAN_POINT ( 'NONE',  ( -6.200000000000000200, -9.599999999999999600, 5.699999999999998400 ) ) ;
#1986 = DIRECTION ( 'NONE',  ( -4.517509052022935300E-017, -1.000000000000000000, 0.0000000000000000000 ) ) ;
#1987 = CARTESIAN_POINT ( 'NONE',  ( -0.4000000000000000200, 0.6000000000000025300, 6.099999999999999600 ) ) ;
#1988 = CARTESIAN_POINT ( 'NONE',  ( -2.500000000000000000, -4.500000000000003600, 1.807003620809175800E-015 ) ) ;
#1989 = CARTESIAN_POINT ( 'NONE',  ( -0.4000000000000000800, -0.5999999999999973100, 5.999999999999999100 ) ) ;
#1990 = DIRECTION ( 'NONE',  ( 0.0000000000000000000, -1.000000000000000000, 0.0000000000000000000 ) ) ;
#1991 = DIRECTION ( 'NONE',  ( 0.0000000000000000000, -1.445602896647339200E-016, 1.000000000000000000 ) ) ;
#1992 = CARTESIAN_POINT ( 'NONE',  ( -0.4000000000000000800, -0.5999999999999999800, -0.1000000000000000100 ) ) ;
#1993 = PLANE ( 'NONE',  #249 ) ;
#1994 = DIRECTION ( 'NONE',  ( -0.7071067811865474600, -0.7071067811865474600, 0.0000000000000000000 ) ) ;
#1995 = CARTESIAN_POINT ( 'NONE',  ( -2.500000000000000900, -3.800000000000002000, 5.999999999999998200 ) ) ;
#1996 = DIRECTION ( 'NONE',  ( -0.0000000000000000000, -0.0000000000000000000, -1.000000000000000000 ) ) ;
#1997 = DIRECTION ( 'NONE',  ( 0.0000000000000000000, 0.0000000000000000000, -1.000000000000000000 ) ) ;
#1998 = DIRECTION ( 'NONE',  ( 0.0000000000000000000, -1.000000000000000000, 0.0000000000000000000 ) ) ;
#1999 = CARTESIAN_POINT ( 'NONE',  ( -8.699999999999999300, -5.500000000000000000, 5.699999999999998400 ) ) ;
#2000 = DIRECTION ( 'NONE',  ( 0.0000000000000000000, 0.0000000000000000000, 1.000000000000000000 ) ) ;
#2001 = DIRECTION ( 'NONE',  ( -0.0000000000000000000, -0.0000000000000000000, -1.000000000000000000 ) ) ;
#2002 = CARTESIAN_POINT ( 'NONE',  ( -1.301042606982605300E-015, -8.000000000000000000, 10.69999999999999600 ) ) ;
#2003 = DIRECTION ( 'NONE',  ( -0.7071067811865474600, -0.7071067811865474600, 0.0000000000000000000 ) ) ;
#2004 = DIRECTION ( 'NONE',  ( -0.7071067811865475700, 0.7071067811865475700, -2.044391222244499300E-016 ) ) ;
#2005 = PLANE ( 'NONE',  #202 ) ;
#2006 = DIRECTION ( 'NONE',  ( -1.000000000000000000, 0.0000000000000000000, 0.0000000000000000000 ) ) ;
#2007 = DIRECTION ( 'NONE',  ( -0.7071067811865481300, 0.7071067811865470200, 0.0000000000000000000 ) ) ;
#2008 = DIRECTION ( 'NONE',  ( 0.7071067811865470200, 0.7071067811865481300, -4.088782444489000200E-016 ) ) ;
#2009 = PLANE ( 'NONE',  #180 ) ;
#2010 = CARTESIAN_POINT ( 'NONE',  ( 9.403124237432850300, -10.50000000000000000, 5.699999999999998400 ) ) ;
#2011 = DIRECTION ( 'NONE',  ( 0.0000000000000000000, 2.891205793294678800E-016, 1.000000000000000000 ) ) ;
#2012 = DIRECTION ( 'NONE',  ( -7.158904881716706900E-031, 1.000000000000000000, -2.891205793294678800E-016 ) ) ;
#2013 = PLANE ( 'NONE',  #213 ) ;
#2014 = CARTESIAN_POINT ( 'NONE',  ( 2.500000000000000000, -3.800000000000002900, 8.911036129395579900E-016 ) ) ;
#2015 = PLANE ( 'NONE',  #181 ) ;
#2016 = CARTESIAN_POINT ( 'NONE',  ( -2.500000000000000000, -3.800000000000002900, 1.503427012513234300E-015 ) ) ;
#2017 = CARTESIAN_POINT ( 'NONE',  ( 2.500000000000000000, -4.500000000000003600, 1.194680221235499200E-015 ) ) ;
#2018 = DIRECTION ( 'NONE',  ( -1.000000000000000000, 0.0000000000000000000, -0.0000000000000000000 ) ) ;
#2019 = PLANE ( 'NONE',  #229 ) ;
#2020 = DIRECTION ( 'NONE',  ( -0.0000000000000000000, -0.0000000000000000000, 1.000000000000000000 ) ) ;
#2021 = DIRECTION ( 'NONE',  ( -1.000000000000000000, -0.0000000000000000000, -0.0000000000000000000 ) ) ;
#2022 = CARTESIAN_POINT ( 'NONE',  ( 0.4000000000000000200, 0.6000000000000025300, 5.999999999999999100 ) ) ;
#2023 = CARTESIAN_POINT ( 'NONE',  ( -0.4000000000000000200, 0.6000000000000025300, 5.999999999999999100 ) ) ;
#2024 = DIRECTION ( 'NONE',  ( 1.445602896647339400E-016, 2.891205793294678800E-016, 1.000000000000000000 ) ) ;
#2025 = CARTESIAN_POINT ( 'NONE',  ( 2.500000000000000000, -4.500000000000003600, 1.194680221235499200E-015 ) ) ;
#2026 = DIRECTION ( 'NONE',  ( -4.517509052022935300E-017, 1.000000000000000000, -0.0000000000000000000 ) ) ;
#2027 = DIRECTION ( 'NONE',  ( 1.000000000000000000, 0.0000000000000000000, 0.0000000000000000000 ) ) ;
#2028 = CARTESIAN_POINT ( 'NONE',  ( 0.4000000000000000200, 0.6000000000000025300, 6.099999999999999600 ) ) ;
#2029 = CARTESIAN_POINT ( 'NONE',  ( -3.000000000000000000, 2.000000000000001800, 0.0000000000000000000 ) ) ;
#2030 = DIRECTION ( 'NONE',  ( 0.0000000000000000000, 0.0000000000000000000, -1.000000000000000000 ) ) ;
#2031 = CARTESIAN_POINT ( 'NONE',  ( -1.749999999999999800, -10.50000000000000000, 9.699999999999999300 ) ) ;
#2032 = DIRECTION ( 'NONE',  ( 0.0000000000000000000, 0.0000000000000000000, -1.000000000000000000 ) ) ;
#2033 = CARTESIAN_POINT ( 'NONE',  ( -1.749999999999999800, -10.00000000000000000, 9.699999999999999300 ) ) ;
#2034 = DIRECTION ( 'NONE',  ( -0.0000000000000000000, 1.000000000000000000, -0.0000000000000000000 ) ) ;
#2035 = DIRECTION ( 'NONE',  ( 0.0000000000000000000, 0.0000000000000000000, -1.000000000000000000 ) ) ;
#2036 = DIRECTION ( 'NONE',  ( 0.0000000000000000000, -1.000000000000000000, 0.0000000000000000000 ) ) ;
#2037 = CARTESIAN_POINT ( 'NONE',  ( 1.750000000000000200, -12.00000000000000000, 4.642406770565682600 ) ) ;
#2038 = DIRECTION ( 'NONE',  ( 0.0000000000000000000, 0.0000000000000000000, 1.000000000000000000 ) ) ;
#2039 = CARTESIAN_POINT ( 'NONE',  ( -3.000000000000000000, -5.500000000000000000, 0.0000000000000000000 ) ) ;
#2040 = DIRECTION ( 'NONE',  ( 1.355252715606880000E-016, 0.0000000000000000000, 1.000000000000000000 ) ) ;
#2041 = CARTESIAN_POINT ( 'NONE',  ( -1.301042606982605300E-015, -8.000000000000000000, 9.699999999999999300 ) ) ;
#2042 = CARTESIAN_POINT ( 'NONE',  ( -0.3999999999999999100, 2.000000000000003600, 6.999999999999999100 ) ) ;
#2043 = CARTESIAN_POINT ( 'NONE',  ( -5.421010862427522200E-016, -10.50000000000000000, 2.999999999999999100 ) ) ;
#2044 = DIRECTION ( 'NONE',  ( 0.0000000000000000000, 4.688441826964343300E-016, 1.000000000000000000 ) ) ;
#2045 = CARTESIAN_POINT ( 'NONE',  ( -5.421010862427522200E-016, -12.00000000000000000, 2.999999999999999100 ) ) ;
#2046 = ORIENTED_EDGE ( 'NONE', *, *, #613, .F. ) ;
#2047 = ORIENTED_EDGE ( 'NONE', *, *, #506, .T. ) ;
#2048 = ORIENTED_EDGE ( 'NONE', *, *, #578, .T. ) ;
#2049 = ORIENTED_EDGE ( 'NONE', *, *, #517, .T. ) ;
#2050 = ORIENTED_EDGE ( 'NONE', *, *, #491, .T. ) ;
#2051 = ORIENTED_EDGE ( 'NONE', *, *, #611, .F. ) ;
#2052 = ORIENTED_EDGE ( 'NONE', *, *, #459, .F. ) ;
#2053 = ORIENTED_EDGE ( 'NONE', *, *, #546, .F. ) ;
#2054 = ORIENTED_EDGE ( 'NONE', *, *, #452, .T. ) ;
ENDSEC;
END-ISO-10303-21;
