ISO-10303-21;
HEADER;
FILE_DESCRIPTION (( 'STEP AP203' ),
    '1' );
FILE_NAME ('cx-441.STEP',
    '2008-08-22T08:32:04',
    ( ' ' ),
    ( ' ' ),
    'SwSTEP 2.0',
    'SolidWorks 2007',
    '' );
FILE_SCHEMA (( 'CONFIG_CONTROL_DESIGN' ));
ENDSEC;

DATA;
#1 = ORIENTED_EDGE ( 'NONE', *, *, #40, .F. ) ;
#2 = ADVANCED_FACE ( 'NONE', ( #901, #900, #957 ), #956, .F. ) ;
#3 = VERTEX_POINT ( 'NONE', #998 ) ;
#4 = EDGE_CURVE ( 'NONE', #37, #3, #885, .T. ) ;
#5 = EDGE_CURVE ( 'NONE', #82, #14, #960, .T. ) ;
#6 = ORIENTED_EDGE ( 'NONE', *, *, #5, .T. ) ;
#7 = EDGE_CURVE ( 'NONE', #9, #41, #1001, .T. ) ;
#8 = ORIENTED_EDGE ( 'NONE', *, *, #4, .T. ) ;
#9 = VERTEX_POINT ( 'NONE', #887 ) ;
#10 = EDGE_LOOP ( 'NONE', ( #1, #24, #32, #35, #8, #60, #273, #270, #229, #123, #292, #17, #126, #264, #118, #303, #305, #271, #272, #241, #114, #267, #308 ) ) ;
#11 = ORIENTED_EDGE ( 'NONE', *, *, #7, .F. ) ;
#12 = ORIENTED_EDGE ( 'NONE', *, *, #39, .F. ) ;
#13 = EDGE_CURVE ( 'NONE', #41, #42, #886, .T. ) ;
#14 = VERTEX_POINT ( 'NONE', #942 ) ;
#15 = VERTEX_POINT ( 'NONE', #941 ) ;
#16 = VERTEX_POINT ( 'NONE', #939 ) ;
#17 = ORIENTED_EDGE ( 'NONE', *, *, #18, .T. ) ;
#18 = EDGE_CURVE ( 'NONE', #265, #125, #937, .T. ) ;
#19 = EDGE_CURVE ( 'NONE', #20, #307, #938, .T. ) ;
#20 = VERTEX_POINT ( 'NONE', #1013 ) ;
#21 = EDGE_CURVE ( 'NONE', #14, #38, #1012, .T. ) ;
#22 = VERTEX_POINT ( 'NONE', #893 ) ;
#23 = VERTEX_POINT ( 'NONE', #892 ) ;
#24 = ORIENTED_EDGE ( 'NONE', *, *, #25, .T. ) ;
#25 = EDGE_CURVE ( 'NONE', #22, #26, #993, .T. ) ;
#26 = VERTEX_POINT ( 'NONE', #989 ) ;
#27 = ORIENTED_EDGE ( 'NONE', *, *, #29, .T. ) ;
#28 = EDGE_CURVE ( 'NONE', #16, #42, #987, .T. ) ;
#29 = EDGE_CURVE ( 'NONE', #9, #16, #988, .T. ) ;
#30 = ORIENTED_EDGE ( 'NONE', *, *, #28, .T. ) ;
#31 = ORIENTED_EDGE ( 'NONE', *, *, #13, .F. ) ;
#32 = ORIENTED_EDGE ( 'NONE', *, *, #33, .F. ) ;
#33 = EDGE_CURVE ( 'NONE', #34, #26, #979, .T. ) ;
#34 = VERTEX_POINT ( 'NONE', #975 ) ;
#35 = ORIENTED_EDGE ( 'NONE', *, *, #36, .T. ) ;
#36 = EDGE_CURVE ( 'NONE', #34, #37, #974, .T. ) ;
#37 = VERTEX_POINT ( 'NONE', #969 ) ;
#38 = VERTEX_POINT ( 'NONE', #968 ) ;
#39 = EDGE_CURVE ( 'NONE', #83, #38, #967, .T. ) ;
#40 = EDGE_CURVE ( 'NONE', #22, #23, #963, .T. ) ;
#41 = VERTEX_POINT ( 'NONE', #927 ) ;
#42 = VERTEX_POINT ( 'NONE', #926 ) ;
#43 = ORIENTED_EDGE ( 'NONE', *, *, #21, .T. ) ;
#44 = ADVANCED_FACE ( 'NONE', ( #925 ), #923, .T. ) ;
#45 = EDGE_LOOP ( 'NONE', ( #11, #27, #30, #31 ) ) ;
#46 = ORIENTED_EDGE ( 'NONE', *, *, #62, .F. ) ;
#47 = ORIENTED_EDGE ( 'NONE', *, *, #48, .F. ) ;
#48 = EDGE_CURVE ( 'NONE', #73, #49, #1126, .T. ) ;
#49 = VERTEX_POINT ( 'NONE', #1127 ) ;
#50 = VERTEX_POINT ( 'NONE', #1177 ) ;
#51 = ORIENTED_EDGE ( 'NONE', *, *, #65, .T. ) ;
#52 = ADVANCED_FACE ( 'NONE', ( #1176 ), #1174, .T. ) ;
#53 = EDGE_LOOP ( 'NONE', ( #54, #90, #88, #111 ) ) ;
#54 = ORIENTED_EDGE ( 'NONE', *, *, #102, .F. ) ;
#55 = ORIENTED_EDGE ( 'NONE', *, *, #104, .F. ) ;
#56 = VERTEX_POINT ( 'NONE', #1170 ) ;
#57 = ORIENTED_EDGE ( 'NONE', *, *, #59, .T. ) ;
#58 = EDGE_LOOP ( 'NONE', ( #2773, #2758, #2705, #2759, #2756, #2749, #2826 ) ) ;
#59 = EDGE_CURVE ( 'NONE', #61, #56, #1169, .T. ) ;
#60 = ORIENTED_EDGE ( 'NONE', *, *, #230, .F. ) ;
#61 = VERTEX_POINT ( 'NONE', #1164 ) ;
#62 = EDGE_CURVE ( 'NONE', #79, #64, #1163, .T. ) ;
#63 = VERTEX_POINT ( 'NONE', #1158 ) ;
#64 = VERTEX_POINT ( 'NONE', #1157 ) ;
#65 = EDGE_CURVE ( 'NONE', #79, #63, #1156, .T. ) ;
#66 = ORIENTED_EDGE ( 'NONE', *, *, #67, .T. ) ;
#67 = EDGE_CURVE ( 'NONE', #63, #68, #1260, .T. ) ;
#68 = VERTEX_POINT ( 'NONE', #1255 ) ;
#69 = ORIENTED_EDGE ( 'NONE', *, *, #70, .F. ) ;
#70 = EDGE_CURVE ( 'NONE', #64, #68, #1254, .T. ) ;
#71 = ADVANCED_FACE ( 'NONE', ( #1250 ), #1249, .F. ) ;
#72 = EDGE_LOOP ( 'NONE', ( #47, #84, #86, #75 ) ) ;
#73 = VERTEX_POINT ( 'NONE', #1244 ) ;
#74 = VERTEX_POINT ( 'NONE', #1243 ) ;
#75 = ORIENTED_EDGE ( 'NONE', *, *, #76, .F. ) ;
#76 = EDGE_CURVE ( 'NONE', #49, #74, #1272, .T. ) ;
#77 = ADVANCED_FACE ( 'NONE', ( #1268 ), #1267, .T. ) ;
#78 = EDGE_LOOP ( 'NONE', ( #80, #6, #43, #12 ) ) ;
#79 = VERTEX_POINT ( 'NONE', #1266 ) ;
#80 = ORIENTED_EDGE ( 'NONE', *, *, #81, .F. ) ;
#81 = EDGE_CURVE ( 'NONE', #82, #83, #1125, .T. ) ;
#82 = VERTEX_POINT ( 'NONE', #1120 ) ;
#83 = VERTEX_POINT ( 'NONE', #1119 ) ;
#84 = ORIENTED_EDGE ( 'NONE', *, *, #85, .T. ) ;
#85 = EDGE_CURVE ( 'NONE', #73, #50, #1118, .T. ) ;
#86 = ORIENTED_EDGE ( 'NONE', *, *, #87, .T. ) ;
#87 = EDGE_CURVE ( 'NONE', #50, #74, #1114, .T. ) ;
#88 = ORIENTED_EDGE ( 'NONE', *, *, #110, .T. ) ;
#89 = VERTEX_POINT ( 'NONE', #1109 ) ;
#90 = ORIENTED_EDGE ( 'NONE', *, *, #104, .T. ) ;
#91 = ADVANCED_FACE ( 'NONE', ( #1108 ), #1106, .F. ) ;
#92 = ORIENTED_EDGE ( 'NONE', *, *, #93, .T. ) ;
#93 = EDGE_CURVE ( 'NONE', #100, #94, #1102, .T. ) ;
#94 = VERTEX_POINT ( 'NONE', #1098 ) ;
#95 = ORIENTED_EDGE ( 'NONE', *, *, #96, .T. ) ;
#96 = EDGE_CURVE ( 'NONE', #94, #97, #1097, .T. ) ;
#97 = VERTEX_POINT ( 'NONE', #1242 ) ;
#98 = ORIENTED_EDGE ( 'NONE', *, *, #99, .F. ) ;
#99 = EDGE_CURVE ( 'NONE', #100, #101, #1241, .T. ) ;
#100 = VERTEX_POINT ( 'NONE', #1236 ) ;
#101 = VERTEX_POINT ( 'NONE', #1235 ) ;
#102 = EDGE_CURVE ( 'NONE', #146, #103, #1234, .T. ) ;
#103 = VERTEX_POINT ( 'NONE', #1229 ) ;
#104 = EDGE_CURVE ( 'NONE', #146, #56, #1228, .T. ) ;
#105 = ORIENTED_EDGE ( 'NONE', *, *, #106, .F. ) ;
#106 = EDGE_CURVE ( 'NONE', #101, #97, #1224, .T. ) ;
#107 = ADVANCED_FACE ( 'NONE', ( #1220 ), #1218, .F. ) ;
#108 = EDGE_LOOP ( 'NONE', ( #46, #51, #66, #69 ) ) ;
#109 = ORIENTED_EDGE ( 'NONE', *, *, #4, .F. ) ;
#110 = EDGE_CURVE ( 'NONE', #56, #89, #1213, .T. ) ;
#111 = ORIENTED_EDGE ( 'NONE', *, *, #112, .F. ) ;
#112 = EDGE_CURVE ( 'NONE', #103, #89, #1209, .T. ) ;
#113 = EDGE_LOOP ( 'NONE', ( #98, #92, #95, #105 ) ) ;
#114 = ORIENTED_EDGE ( 'NONE', *, *, #115, .F. ) ;
#115 = EDGE_CURVE ( 'NONE', #266, #94, #1205, .T. ) ;
#116 = EDGE_CURVE ( 'NONE', #117, #316, #1200, .T. ) ;
#117 = VERTEX_POINT ( 'NONE', #1195 ) ;
#118 = ORIENTED_EDGE ( 'NONE', *, *, #370, .F. ) ;
#119 = VERTEX_POINT ( 'NONE', #1194 ) ;
#120 = EDGE_CURVE ( 'NONE', #369, #367, #1193, .T. ) ;
#121 = ORIENTED_EDGE ( 'NONE', *, *, #122, .T. ) ;
#122 = EDGE_CURVE ( 'NONE', #369, #313, #1189, .T. ) ;
#123 = ORIENTED_EDGE ( 'NONE', *, *, #302, .T. ) ;
#124 = VERTEX_POINT ( 'NONE', #1185 ) ;
#125 = VERTEX_POINT ( 'NONE', #1184 ) ;
#126 = ORIENTED_EDGE ( 'NONE', *, *, #315, .F. ) ;
#127 = ADVANCED_FACE ( 'NONE', ( #1183 ), #1182, .F. ) ;
#128 = ORIENTED_EDGE ( 'NONE', *, *, #129, .T. ) ;
#129 = EDGE_CURVE ( 'NONE', #220, #217, #1148, .T. ) ;
#130 = ORIENTED_EDGE ( 'NONE', *, *, #131, .T. ) ;
#131 = EDGE_CURVE ( 'NONE', #226, #227, #1144, .T. ) ;
#132 = VERTEX_POINT ( 'NONE', #1140 ) ;
#133 = ORIENTED_EDGE ( 'NONE', *, *, #134, .F. ) ;
#134 = EDGE_CURVE ( 'NONE', #135, #209, #1139, .T. ) ;
#135 = VERTEX_POINT ( 'NONE', #1134 ) ;
#136 = EDGE_CURVE ( 'NONE', #142, #137, #1133, .T. ) ;
#137 = VERTEX_POINT ( 'NONE', #1128 ) ;
#138 = ORIENTED_EDGE ( 'NONE', *, *, #139, .T. ) ;
#139 = EDGE_CURVE ( 'NONE', #140, #226, #1092, .T. ) ;
#140 = VERTEX_POINT ( 'NONE', #1087 ) ;
#141 = ORIENTED_EDGE ( 'NONE', *, *, #136, .T. ) ;
#142 = VERTEX_POINT ( 'NONE', #1086 ) ;
#143 = ADVANCED_FACE ( 'NONE', ( #1085 ), #1082, .F. ) ;
#144 = EDGE_CURVE ( 'NONE', #145, #146, #1078, .T. ) ;
#145 = VERTEX_POINT ( 'NONE', #1074 ) ;
#146 = VERTEX_POINT ( 'NONE', #1073 ) ;
#147 = ORIENTED_EDGE ( 'NONE', *, *, #148, .T. ) ;
#148 = EDGE_CURVE ( 'NONE', #145, #61, #1072, .T. ) ;
#149 = EDGE_LOOP ( 'NONE', ( #188, #199 ) ) ;
#150 = EDGE_LOOP ( 'NONE', ( #173, #161 ) ) ;
#151 = EDGE_CURVE ( 'NONE', #193, #170, #1068, .T. ) ;
#152 = ORIENTED_EDGE ( 'NONE', *, *, #154, .F. ) ;
#153 = EDGE_CURVE ( 'NONE', #250, #172, #1063, .T. ) ;
#154 = EDGE_CURVE ( 'NONE', #168, #193, #1059, .T. ) ;
#155 = ADVANCED_FACE ( 'NONE', ( #1055 ), #1053, .T. ) ;
#156 = EDGE_CURVE ( 'NONE', #167, #183, #1054, .T. ) ;
#157 = ADVANCED_FACE ( 'NONE', ( #1045 ), #1044, .F. ) ;
#158 = ADVANCED_FACE ( 'NONE', ( #1039 ), #1038, .T. ) ;
#159 = EDGE_LOOP ( 'NONE', ( #169, #258, #152, #179 ) ) ;
#160 = ORIENTED_EDGE ( 'NONE', *, *, #153, .T. ) ;
#161 = ORIENTED_EDGE ( 'NONE', *, *, #7, .T. ) ;
#162 = EDGE_LOOP ( 'NONE', ( #163, #411 ) ) ;
#163 = ORIENTED_EDGE ( 'NONE', *, *, #398, .F. ) ;
#164 = EDGE_CURVE ( 'NONE', #905, #431, #1037, .T. ) ;
#165 = ORIENTED_EDGE ( 'NONE', *, *, #262, .T. ) ;
#166 = VERTEX_POINT ( 'NONE', #1029 ) ;
#167 = VERTEX_POINT ( 'NONE', #1028 ) ;
#168 = VERTEX_POINT ( 'NONE', #1027 ) ;
#169 = ORIENTED_EDGE ( 'NONE', *, *, #252, .F. ) ;
#170 = VERTEX_POINT ( 'NONE', #1026 ) ;
#171 = ORIENTED_EDGE ( 'NONE', *, *, #255, .T. ) ;
#172 = VERTEX_POINT ( 'NONE', #919 ) ;
#173 = ORIENTED_EDGE ( 'NONE', *, *, #174, .T. ) ;
#174 = EDGE_CURVE ( 'NONE', #41, #9, #1361, .T. ) ;
#175 = ORIENTED_EDGE ( 'NONE', *, *, #176, .F. ) ;
#176 = EDGE_CURVE ( 'NONE', #250, #380, #1423, .T. ) ;
#177 = EDGE_CURVE ( 'NONE', #166, #167, #1420, .T. ) ;
#178 = ORIENTED_EDGE ( 'NONE', *, *, #156, .T. ) ;
#179 = ORIENTED_EDGE ( 'NONE', *, *, #180, .F. ) ;
#180 = EDGE_CURVE ( 'NONE', #166, #168, #1482, .T. ) ;
#181 = ORIENTED_EDGE ( 'NONE', *, *, #182, .F. ) ;
#182 = EDGE_CURVE ( 'NONE', #172, #167, #1368, .T. ) ;
#183 = VERTEX_POINT ( 'NONE', #1363 ) ;
#184 = ORIENTED_EDGE ( 'NONE', *, *, #154, .T. ) ;
#185 = EDGE_CURVE ( 'NONE', #183, #250, #1341, .T. ) ;
#186 = ORIENTED_EDGE ( 'NONE', *, *, #153, .F. ) ;
#187 = ORIENTED_EDGE ( 'NONE', *, *, #185, .F. ) ;
#188 = ORIENTED_EDGE ( 'NONE', *, *, #189, .F. ) ;
#189 = EDGE_CURVE ( 'NONE', #237, #238, #1509, .T. ) ;
#190 = EDGE_LOOP ( 'NONE', ( #191, #109, #165, #184 ) ) ;
#191 = ORIENTED_EDGE ( 'NONE', *, *, #192, .F. ) ;
#192 = EDGE_CURVE ( 'NONE', #3, #193, #1505, .T. ) ;
#193 = VERTEX_POINT ( 'NONE', #1458 ) ;
#194 = VERTEX_POINT ( 'NONE', #1457 ) ;
#195 = ORIENTED_EDGE ( 'NONE', *, *, #196, .F. ) ;
#196 = EDGE_CURVE ( 'NONE', #197, #194, #1456, .T. ) ;
#197 = VERTEX_POINT ( 'NONE', #1452 ) ;
#198 = ORIENTED_EDGE ( 'NONE', *, *, #286, .T. ) ;
#199 = ORIENTED_EDGE ( 'NONE', *, *, #350, .T. ) ;
#200 = EDGE_LOOP ( 'NONE', ( #141, #210, #128, #221 ) ) ;
#201 = MANIFOLD_SOLID_BREP ( 'NONE', #2738 ) ;
#202 = ORIENTED_EDGE ( 'NONE', *, *, #203, .T. ) ;
#203 = EDGE_CURVE ( 'NONE', #227, #132, #1450, .T. ) ;
#204 = ORIENTED_EDGE ( 'NONE', *, *, #205, .F. ) ;
#205 = EDGE_CURVE ( 'NONE', #206, #135, #1451, .T. ) ;
#206 = VERTEX_POINT ( 'NONE', #1386 ) ;
#207 = ORIENTED_EDGE ( 'NONE', *, *, #208, .T. ) ;
#208 = EDGE_CURVE ( 'NONE', #132, #209, #1385, .T. ) ;
#209 = VERTEX_POINT ( 'NONE', #1381 ) ;
#210 = ORIENTED_EDGE ( 'NONE', *, *, #219, .T. ) ;
#211 = EDGE_CURVE ( 'NONE', #206, #216, #1380, .T. ) ;
#212 = ORIENTED_EDGE ( 'NONE', *, *, #213, .F. ) ;
#213 = EDGE_CURVE ( 'NONE', #140, #216, #1375, .T. ) ;
#214 = EDGE_LOOP ( 'NONE', ( #225, #147, #57, #55 ) ) ;
#215 = ORIENTED_EDGE ( 'NONE', *, *, #211, .T. ) ;
#216 = VERTEX_POINT ( 'NONE', #1371 ) ;
#217 = VERTEX_POINT ( 'NONE', #1370 ) ;
#218 = EDGE_LOOP ( 'NONE', ( #138, #130, #202, #207, #133, #204, #215, #212 ) ) ;
#219 = EDGE_CURVE ( 'NONE', #137, #220, #1369, .T. ) ;
#220 = VERTEX_POINT ( 'NONE', #1498 ) ;
#221 = ORIENTED_EDGE ( 'NONE', *, *, #222, .F. ) ;
#222 = EDGE_CURVE ( 'NONE', #142, #217, #1497, .T. ) ;
#223 = ADVANCED_FACE ( 'NONE', ( #1493 ), #1492, .F. ) ;
#224 = ADVANCED_FACE ( 'NONE', ( #1486 ), #1485, .T. ) ;
#225 = ORIENTED_EDGE ( 'NONE', *, *, #144, .F. ) ;
#226 = VERTEX_POINT ( 'NONE', #1471 ) ;
#227 = VERTEX_POINT ( 'NONE', #1470 ) ;
#228 = VERTEX_POINT ( 'NONE', #1469 ) ;
#229 = ORIENTED_EDGE ( 'NONE', *, *, #293, .T. ) ;
#230 = EDGE_CURVE ( 'NONE', #124, #3, #1468, .T. ) ;
#231 = VERTEX_POINT ( 'NONE', #1464 ) ;
#232 = ORIENTED_EDGE ( 'NONE', *, *, #233, .F. ) ;
#233 = EDGE_CURVE ( 'NONE', #234, #231, #1463, .T. ) ;
#234 = VERTEX_POINT ( 'NONE', #1459 ) ;
#235 = ORIENTED_EDGE ( 'NONE', *, *, #236, .F. ) ;
#236 = EDGE_CURVE ( 'NONE', #294, #234, #1401, .T. ) ;
#237 = VERTEX_POINT ( 'NONE', #1396 ) ;
#238 = VERTEX_POINT ( 'NONE', #1395 ) ;
#239 = EDGE_LOOP ( 'NONE', ( #298, #300 ) ) ;
#240 = EDGE_CURVE ( 'NONE', #97, #61, #1393, .T. ) ;
#241 = ORIENTED_EDGE ( 'NONE', *, *, #96, .F. ) ;
#242 = EDGE_LOOP ( 'NONE', ( #403, #399 ) ) ;
#243 = ORIENTED_EDGE ( 'NONE', *, *, #402, .F. ) ;
#244 = ADVANCED_FACE ( 'NONE', ( #1394, #1444 ), #1443, .T. ) ;
#245 = ORIENTED_EDGE ( 'NONE', *, *, #654, .T. ) ;
#246 = ORIENTED_EDGE ( 'NONE', *, *, #247, .T. ) ;
#247 = EDGE_CURVE ( 'NONE', #391, #577, #1438, .T. ) ;
#248 = ORIENTED_EDGE ( 'NONE', *, *, #249, .T. ) ;
#249 = EDGE_CURVE ( 'NONE', #400, #404, #1434, .T. ) ;
#250 = VERTEX_POINT ( 'NONE', #1430 ) ;
#251 = ORIENTED_EDGE ( 'NONE', *, *, #252, .T. ) ;
#252 = EDGE_CURVE ( 'NONE', #170, #166, #1429, .T. ) ;
#253 = EDGE_CURVE ( 'NONE', #170, #183, #1425, .T. ) ;
#254 = EDGE_LOOP ( 'NONE', ( #171, #256, #175, #160 ) ) ;
#255 = EDGE_CURVE ( 'NONE', #172, #359, #1417, .T. ) ;
#256 = ORIENTED_EDGE ( 'NONE', *, *, #331, .F. ) ;
#257 = EDGE_LOOP ( 'NONE', ( #259, #251, #318, #178 ) ) ;
#258 = ORIENTED_EDGE ( 'NONE', *, *, #151, .F. ) ;
#259 = ORIENTED_EDGE ( 'NONE', *, *, #253, .F. ) ;
#260 = ADVANCED_FACE ( 'NONE', ( #1413 ), #1412, .F. ) ;
#261 = ORIENTED_EDGE ( 'NONE', *, *, #156, .F. ) ;
#262 = EDGE_CURVE ( 'NONE', #37, #168, #1407, .T. ) ;
#263 = ADVANCED_FACE ( 'NONE', ( #1403, #1402 ), #1337, .T. ) ;
#264 = ORIENTED_EDGE ( 'NONE', *, *, #116, .F. ) ;
#265 = VERTEX_POINT ( 'NONE', #1332 ) ;
#266 = VERTEX_POINT ( 'NONE', #1331 ) ;
#267 = ORIENTED_EDGE ( 'NONE', *, *, #268, .F. ) ;
#268 = EDGE_CURVE ( 'NONE', #269, #266, #1330, .T. ) ;
#269 = VERTEX_POINT ( 'NONE', #1326 ) ;
#270 = ORIENTED_EDGE ( 'NONE', *, *, #19, .T. ) ;
#271 = ORIENTED_EDGE ( 'NONE', *, *, #59, .F. ) ;
#272 = ORIENTED_EDGE ( 'NONE', *, *, #240, .F. ) ;
#273 = ORIENTED_EDGE ( 'NONE', *, *, #364, .F. ) ;
#274 = ORIENTED_EDGE ( 'NONE', *, *, #371, .F. ) ;
#275 = EDGE_LOOP ( 'NONE', ( #344, #342 ) ) ;
#276 = ORIENTED_EDGE ( 'NONE', *, *, #277, .T. ) ;
#277 = EDGE_CURVE ( 'NONE', #383, #278, #1325, .T. ) ;
#278 = VERTEX_POINT ( 'NONE', #1321 ) ;
#279 = EDGE_CURVE ( 'NONE', #280, #357, #1320, .T. ) ;
#280 = VERTEX_POINT ( 'NONE', #1316 ) ;
#281 = ORIENTED_EDGE ( 'NONE', *, *, #282, .F. ) ;
#282 = EDGE_CURVE ( 'NONE', #283, #280, #1315, .T. ) ;
#283 = VERTEX_POINT ( 'NONE', #1311 ) ;
#284 = ORIENTED_EDGE ( 'NONE', *, *, #285, .F. ) ;
#285 = EDGE_CURVE ( 'NONE', #194, #283, #1310, .T. ) ;
#286 = EDGE_CURVE ( 'NONE', #197, #100, #1305, .T. ) ;
#287 = ORIENTED_EDGE ( 'NONE', *, *, #99, .T. ) ;
#288 = ORIENTED_EDGE ( 'NONE', *, *, #373, .T. ) ;
#289 = ORIENTED_EDGE ( 'NONE', *, *, #290, .F. ) ;
#290 = EDGE_CURVE ( 'NONE', #387, #341, #1306, .T. ) ;
#291 = EDGE_LOOP ( 'NONE', ( #274, #232, #235, #295, #297 ) ) ;
#292 = ORIENTED_EDGE ( 'NONE', *, *, #306, .T. ) ;
#293 = EDGE_CURVE ( 'NONE', #307, #15, #1353, .T. ) ;
#294 = VERTEX_POINT ( 'NONE', #1349 ) ;
#295 = ORIENTED_EDGE ( 'NONE', *, *, #296, .F. ) ;
#296 = EDGE_CURVE ( 'NONE', #217, #294, #1348, .T. ) ;
#297 = ORIENTED_EDGE ( 'NONE', *, *, #129, .F. ) ;
#298 = ORIENTED_EDGE ( 'NONE', *, *, #299, .F. ) ;
#299 = EDGE_CURVE ( 'NONE', #135, #209, #1304, .T. ) ;
#300 = ORIENTED_EDGE ( 'NONE', *, *, #134, .T. ) ;
#301 = ADVANCED_FACE ( 'NONE', ( #1300 ), #1299, .F. ) ;
#302 = EDGE_CURVE ( 'NONE', #15, #228, #1294, .T. ) ;
#303 = ORIENTED_EDGE ( 'NONE', *, *, #304, .F. ) ;
#304 = EDGE_CURVE ( 'NONE', #89, #119, #1289, .T. ) ;
#305 = ORIENTED_EDGE ( 'NONE', *, *, #110, .F. ) ;
#306 = EDGE_CURVE ( 'NONE', #228, #265, #1284, .T. ) ;
#307 = VERTEX_POINT ( 'NONE', #1280 ) ;
#308 = ORIENTED_EDGE ( 'NONE', *, *, #309, .F. ) ;
#309 = EDGE_CURVE ( 'NONE', #23, #269, #1279, .T. ) ;
#310 = EDGE_LOOP ( 'NONE', ( #311, #365, #368, #121 ) ) ;
#311 = ORIENTED_EDGE ( 'NONE', *, *, #312, .T. ) ;
#312 = EDGE_CURVE ( 'NONE', #313, #314, #1273, .T. ) ;
#313 = VERTEX_POINT ( 'NONE', #1718 ) ;
#314 = VERTEX_POINT ( 'NONE', #1717 ) ;
#315 = EDGE_CURVE ( 'NONE', #316, #125, #1722, .T. ) ;
#316 = VERTEX_POINT ( 'NONE', #1715 ) ;
#317 = EDGE_LOOP ( 'NONE', ( #186, #187, #261, #181 ) ) ;
#318 = ORIENTED_EDGE ( 'NONE', *, *, #177, .T. ) ;
#319 = EDGE_CURVE ( 'NONE', #320, #321, #1714, .T. ) ;
#320 = VERTEX_POINT ( 'NONE', #1695 ) ;
#321 = VERTEX_POINT ( 'NONE', #1694 ) ;
#322 = ORIENTED_EDGE ( 'NONE', *, *, #323, .T. ) ;
#323 = EDGE_CURVE ( 'NONE', #320, #324, #1693, .T. ) ;
#324 = VERTEX_POINT ( 'NONE', #1626 ) ;
#325 = ORIENTED_EDGE ( 'NONE', *, *, #326, .T. ) ;
#326 = EDGE_CURVE ( 'NONE', #324, #327, #1625, .T. ) ;
#327 = VERTEX_POINT ( 'NONE', #1621 ) ;
#328 = ORIENTED_EDGE ( 'NONE', *, *, #329, .F. ) ;
#329 = EDGE_CURVE ( 'NONE', #321, #327, #1620, .T. ) ;
#330 = ORIENTED_EDGE ( 'NONE', *, *, #331, .T. ) ;
#331 = EDGE_CURVE ( 'NONE', #380, #359, #1616, .T. ) ;
#332 = VERTEX_POINT ( 'NONE', #1612 ) ;
#333 = ORIENTED_EDGE ( 'NONE', *, *, #334, .F. ) ;
#334 = EDGE_CURVE ( 'NONE', #335, #332, #1611, .T. ) ;
#335 = VERTEX_POINT ( 'NONE', #1607 ) ;
#336 = ORIENTED_EDGE ( 'NONE', *, *, #337, .F. ) ;
#337 = EDGE_CURVE ( 'NONE', #338, #335, #1606, .T. ) ;
#338 = VERTEX_POINT ( 'NONE', #1602 ) ;
#339 = ADVANCED_FACE ( 'NONE', ( #1601, #1600 ), #1599, .T. ) ;
#340 = EDGE_CURVE ( 'NONE', #226, #140, #1594, .T. ) ;
#341 = VERTEX_POINT ( 'NONE', #1589 ) ;
#342 = ORIENTED_EDGE ( 'NONE', *, *, #340, .F. ) ;
#343 = EDGE_LOOP ( 'NONE', ( #289, #358, #384, #381, #276, #378, #330, #360, #347, #355, #388, #281, #284, #195, #198, #287, #288, #374, #375, #376, #333, #336, #351 ) ) ;
#344 = ORIENTED_EDGE ( 'NONE', *, *, #139, .F. ) ;
#345 = EDGE_CURVE ( 'NONE', #359, #346, #1588, .T. ) ;
#346 = VERTEX_POINT ( 'NONE', #1583 ) ;
#347 = ORIENTED_EDGE ( 'NONE', *, *, #348, .T. ) ;
#348 = EDGE_CURVE ( 'NONE', #346, #349, #1582, .T. ) ;
#349 = VERTEX_POINT ( 'NONE', #1578 ) ;
#350 = EDGE_CURVE ( 'NONE', #237, #238, #1577, .T. ) ;
#351 = ORIENTED_EDGE ( 'NONE', *, *, #352, .F. ) ;
#352 = EDGE_CURVE ( 'NONE', #341, #338, #1572, .T. ) ;
#353 = ADVANCED_FACE ( 'NONE', ( #1568 ), #1567, .F. ) ;
#354 = ORIENTED_EDGE ( 'NONE', *, *, #319, .F. ) ;
#355 = ORIENTED_EDGE ( 'NONE', *, *, #356, .F. ) ;
#356 = EDGE_CURVE ( 'NONE', #357, #349, #1562, .T. ) ;
#357 = VERTEX_POINT ( 'NONE', #1558 ) ;
#358 = ORIENTED_EDGE ( 'NONE', *, *, #361, .F. ) ;
#359 = VERTEX_POINT ( 'NONE', #1557 ) ;
#360 = ORIENTED_EDGE ( 'NONE', *, *, #345, .T. ) ;
#361 = EDGE_CURVE ( 'NONE', #362, #387, #1556, .T. ) ;
#362 = VERTEX_POINT ( 'NONE', #1552 ) ;
#363 = ADVANCED_FACE ( 'NONE', ( #1551 ), #1550, .F. ) ;
#364 = EDGE_CURVE ( 'NONE', #20, #124, #1545, .T. ) ;
#365 = ORIENTED_EDGE ( 'NONE', *, *, #366, .F. ) ;
#366 = EDGE_CURVE ( 'NONE', #367, #314, #1541, .T. ) ;
#367 = VERTEX_POINT ( 'NONE', #1537 ) ;
#368 = ORIENTED_EDGE ( 'NONE', *, *, #120, .F. ) ;
#369 = VERTEX_POINT ( 'NONE', #1536 ) ;
#370 = EDGE_CURVE ( 'NONE', #119, #117, #1534, .T. ) ;
#371 = EDGE_CURVE ( 'NONE', #231, #220, #1530, .T. ) ;
#372 = EDGE_LOOP ( 'NONE', ( #354, #322, #325, #328 ) ) ;
#373 = EDGE_CURVE ( 'NONE', #101, #145, #1525, .T. ) ;
#374 = ORIENTED_EDGE ( 'NONE', *, *, #144, .T. ) ;
#375 = ORIENTED_EDGE ( 'NONE', *, *, #102, .T. ) ;
#376 = ORIENTED_EDGE ( 'NONE', *, *, #377, .T. ) ;
#377 = EDGE_CURVE ( 'NONE', #103, #332, #1520, .T. ) ;
#378 = ORIENTED_EDGE ( 'NONE', *, *, #379, .T. ) ;
#379 = EDGE_CURVE ( 'NONE', #278, #380, #1515, .T. ) ;
#380 = VERTEX_POINT ( 'NONE', #1511 ) ;
#381 = ORIENTED_EDGE ( 'NONE', *, *, #382, .T. ) ;
#382 = EDGE_CURVE ( 'NONE', #386, #383, #1510, .T. ) ;
#383 = VERTEX_POINT ( 'NONE', #1741 ) ;
#384 = ORIENTED_EDGE ( 'NONE', *, *, #385, .T. ) ;
#385 = EDGE_CURVE ( 'NONE', #362, #386, #1740, .T. ) ;
#386 = VERTEX_POINT ( 'NONE', #1736 ) ;
#387 = VERTEX_POINT ( 'NONE', #1735 ) ;
#388 = ORIENTED_EDGE ( 'NONE', *, *, #279, .F. ) ;
#389 = EDGE_CURVE ( 'NONE', #42, #16, #1734, .T. ) ;
#390 = EDGE_LOOP ( 'NONE', ( #243, #558, #392, #397 ) ) ;
#391 = VERTEX_POINT ( 'NONE', #1729 ) ;
#392 = ORIENTED_EDGE ( 'NONE', *, *, #405, .T. ) ;
#393 = ADVANCED_FACE ( 'NONE', ( #1728 ), #1727, .F. ) ;
#394 = ORIENTED_EDGE ( 'NONE', *, *, #406, .F. ) ;
#395 = ORIENTED_EDGE ( 'NONE', *, *, #396, .T. ) ;
#396 = EDGE_CURVE ( 'NONE', #577, #539, #1692, .T. ) ;
#397 = ORIENTED_EDGE ( 'NONE', *, *, #249, .F. ) ;
#398 = EDGE_CURVE ( 'NONE', #38, #14, #1688, .T. ) ;
#399 = ORIENTED_EDGE ( 'NONE', *, *, #28, .F. ) ;
#400 = VERTEX_POINT ( 'NONE', #1683 ) ;
#401 = EDGE_CURVE ( 'NONE', #391, #550, #1682, .T. ) ;
#402 = EDGE_CURVE ( 'NONE', #550, #400, #1678, .T. ) ;
#403 = ORIENTED_EDGE ( 'NONE', *, *, #389, .F. ) ;
#404 = VERTEX_POINT ( 'NONE', #1674 ) ;
#405 = EDGE_CURVE ( 'NONE', #539, #404, #1661, .T. ) ;
#406 = EDGE_CURVE ( 'NONE', #550, #539, #1657, .T. ) ;
#407 = ORIENTED_EDGE ( 'NONE', *, *, #476, .F. ) ;
#408 = ORIENTED_EDGE ( 'NONE', *, *, #120, .T. ) ;
#409 = ORIENTED_EDGE ( 'NONE', *, *, #509, .T. ) ;
#410 = ORIENTED_EDGE ( 'NONE', *, *, #401, .F. ) ;
#411 = ORIENTED_EDGE ( 'NONE', *, *, #21, .F. ) ;
#412 = ORIENTED_EDGE ( 'NONE', *, *, #516, .F. ) ;
#413 = ORIENTED_EDGE ( 'NONE', *, *, #461, .T. ) ;
#414 = ORIENTED_EDGE ( 'NONE', *, *, #425, .F. ) ;
#415 = ORIENTED_EDGE ( 'NONE', *, *, #561, .F. ) ;
#416 = ADVANCED_FACE ( 'NONE', ( #1653 ), #1652, .T. ) ;
#417 = EDGE_LOOP ( 'NONE', ( #455, #456, #460 ) ) ;
#418 = ADVANCED_FACE ( 'NONE', ( #1647 ), #1646, .T. ) ;
#419 = EDGE_CURVE ( 'NONE', #617, #651, #1712, .T. ) ;
#420 = ORIENTED_EDGE ( 'NONE', *, *, #650, .F. ) ;
#421 = ORIENTED_EDGE ( 'NONE', *, *, #302, .F. ) ;
#422 = EDGE_LOOP ( 'NONE', ( #435, #439, #424, #414, #450, #453 ) ) ;
#423 = EDGE_CURVE ( 'NONE', #386, #125, #1708, .T. ) ;
#424 = ORIENTED_EDGE ( 'NONE', *, *, #18, .F. ) ;
#425 = EDGE_CURVE ( 'NONE', #437, #265, #1704, .T. ) ;
#426 = ORIENTED_EDGE ( 'NONE', *, *, #438, .T. ) ;
#427 = ADVANCED_FACE ( 'NONE', ( #1699 ), #1700, .T. ) ;
#428 = ORIENTED_EDGE ( 'NONE', *, *, #306, .F. ) ;
#429 = EDGE_LOOP ( 'NONE', ( #433, #441, #443, #421 ) ) ;
#430 = EDGE_CURVE ( 'NONE', #440, #437, #1673, .T. ) ;
#431 = VERTEX_POINT ( 'NONE', #1665 ) ;
#432 = ORIENTED_EDGE ( 'NONE', *, *, #430, .T. ) ;
#433 = ORIENTED_EDGE ( 'NONE', *, *, #642, .F. ) ;
#434 = ADVANCED_FACE ( 'NONE', ( #1664 ), #1662, .T. ) ;
#435 = ORIENTED_EDGE ( 'NONE', *, *, #382, .F. ) ;
#436 = ORIENTED_EDGE ( 'NONE', *, *, #425, .T. ) ;
#437 = VERTEX_POINT ( 'NONE', #1640 ) ;
#438 = EDGE_CURVE ( 'NONE', #228, #440, #1636, .T. ) ;
#439 = ORIENTED_EDGE ( 'NONE', *, *, #423, .T. ) ;
#440 = VERTEX_POINT ( 'NONE', #1632 ) ;
#441 = ORIENTED_EDGE ( 'NONE', *, *, #442, .T. ) ;
#442 = EDGE_CURVE ( 'NONE', #566, #440, #1274, .T. ) ;
#443 = ORIENTED_EDGE ( 'NONE', *, *, #438, .F. ) ;
#444 = ORIENTED_EDGE ( 'NONE', *, *, #636, .T. ) ;
#445 = EDGE_LOOP ( 'NONE', ( #407, #586 ) ) ;
#446 = ADVANCED_FACE ( 'NONE', ( #1826 ), #1825, .T. ) ;
#447 = EDGE_LOOP ( 'NONE', ( #634, #743, #744, #658 ) ) ;
#448 = ORIENTED_EDGE ( 'NONE', *, *, #25, .F. ) ;
#449 = ORIENTED_EDGE ( 'NONE', *, *, #430, .F. ) ;
#450 = ORIENTED_EDGE ( 'NONE', *, *, #454, .T. ) ;
#451 = ORIENTED_EDGE ( 'NONE', *, *, #255, .F. ) ;
#452 = ORIENTED_EDGE ( 'NONE', *, *, #575, .F. ) ;
#453 = ORIENTED_EDGE ( 'NONE', *, *, #621, .F. ) ;
#454 = EDGE_CURVE ( 'NONE', #437, #515, #1950, .T. ) ;
#455 = ORIENTED_EDGE ( 'NONE', *, *, #454, .F. ) ;
#456 = ORIENTED_EDGE ( 'NONE', *, *, #599, .T. ) ;
#457 = EDGE_LOOP ( 'NONE', ( #463, #464, #604 ) ) ;
#458 = ORIENTED_EDGE ( 'NONE', *, *, #262, .F. ) ;
#459 = EDGE_LOOP ( 'NONE', ( #452, #603, #458, #596 ) ) ;
#460 = ORIENTED_EDGE ( 'NONE', *, *, #461, .F. ) ;
#461 = EDGE_CURVE ( 'NONE', #515, #574, #1840, .T. ) ;
#462 = ADVANCED_FACE ( 'NONE', ( #1841 ), #1942, .T. ) ;
#463 = ORIENTED_EDGE ( 'NONE', *, *, #595, .T. ) ;
#464 = ORIENTED_EDGE ( 'NONE', *, *, #442, .F. ) ;
#465 = ADVANCED_FACE ( 'NONE', ( #1938 ), #1937, .T. ) ;
#466 = EDGE_LOOP ( 'NONE', ( #597, #451, #468, #602, #448, #467 ) ) ;
#467 = ORIENTED_EDGE ( 'NONE', *, *, #612, .F. ) ;
#468 = ORIENTED_EDGE ( 'NONE', *, *, #593, .T. ) ;
#469 = EDGE_CURVE ( 'NONE', #638, #168, #1909, .T. ) ;
#470 = ADVANCED_FACE ( 'NONE', ( #1965 ), #1964, .T. ) ;
#471 = EDGE_LOOP ( 'NONE', ( #472, #500, #502, #503 ) ) ;
#472 = ORIENTED_EDGE ( 'NONE', *, *, #5, .F. ) ;
#473 = ADVANCED_FACE ( 'NONE', ( #1963 ), #1773, .F. ) ;
#474 = ORIENTED_EDGE ( 'NONE', *, *, #475, .F. ) ;
#475 = EDGE_CURVE ( 'NONE', #525, #526, #1774, .T. ) ;
#476 = EDGE_CURVE ( 'NONE', #68, #63, #1947, .T. ) ;
#477 = EDGE_LOOP ( 'NONE', ( #584, #585, #484, #408, #409 ) ) ;
#478 = ORIENTED_EDGE ( 'NONE', *, *, #583, .F. ) ;
#479 = ORIENTED_EDGE ( 'NONE', *, *, #480, .T. ) ;
#480 = EDGE_CURVE ( 'NONE', #49, #73, #1806, .T. ) ;
#481 = ORIENTED_EDGE ( 'NONE', *, *, #48, .T. ) ;
#482 = EDGE_LOOP ( 'NONE', ( #483, #529, #504, #506, #507 ) ) ;
#483 = ORIENTED_EDGE ( 'NONE', *, *, #405, .F. ) ;
#484 = ORIENTED_EDGE ( 'NONE', *, *, #583, .T. ) ;
#485 = ORIENTED_EDGE ( 'NONE', *, *, #364, .T. ) ;
#486 = ADVANCED_FACE ( 'NONE', ( #1802 ), #1801, .F. ) ;
#487 = ORIENTED_EDGE ( 'NONE', *, *, #700, .T. ) ;
#488 = ADVANCED_FACE ( 'NONE', ( #1980 ), #1979, .T. ) ;
#489 = ORIENTED_EDGE ( 'NONE', *, *, #182, .T. ) ;
#490 = ORIENTED_EDGE ( 'NONE', *, *, #177, .F. ) ;
#491 = ORIENTED_EDGE ( 'NONE', *, *, #625, .T. ) ;
#492 = ORIENTED_EDGE ( 'NONE', *, *, #493, .T. ) ;
#493 = EDGE_CURVE ( 'NONE', #494, #632, #1972, .T. ) ;
#494 = VERTEX_POINT ( 'NONE', #1973 ) ;
#495 = VERTEX_POINT ( 'NONE', #1962 ) ;
#496 = ORIENTED_EDGE ( 'NONE', *, *, #497, .T. ) ;
#497 = EDGE_CURVE ( 'NONE', #495, #766, #1961, .T. ) ;
#498 = ADVANCED_FACE ( 'NONE', ( #1957 ), #1955, .F. ) ;
#499 = EDGE_LOOP ( 'NONE', ( #879, #779, #780, #485 ) ) ;
#500 = ORIENTED_EDGE ( 'NONE', *, *, #501, .F. ) ;
#501 = EDGE_CURVE ( 'NONE', #83, #82, #1956, .T. ) ;
#502 = ORIENTED_EDGE ( 'NONE', *, *, #39, .T. ) ;
#503 = ORIENTED_EDGE ( 'NONE', *, *, #398, .T. ) ;
#504 = ORIENTED_EDGE ( 'NONE', *, *, #505, .F. ) ;
#505 = EDGE_CURVE ( 'NONE', #314, #577, #1932, .T. ) ;
#506 = ORIENTED_EDGE ( 'NONE', *, *, #312, .F. ) ;
#507 = ORIENTED_EDGE ( 'NONE', *, *, #654, .F. ) ;
#508 = EDGE_LOOP ( 'NONE', ( #394, #410, #246, #395 ) ) ;
#509 = EDGE_CURVE ( 'NONE', #367, #391, #1928, .T. ) ;
#510 = ADVANCED_FACE ( 'NONE', ( #1924, #1923, #1922 ), #1921, .F. ) ;
#511 = ADVANCED_FACE ( 'NONE', ( #1916, #1915, #1914 ), #1904, .F. ) ;
#512 = EDGE_LOOP ( 'NONE', ( #474, #527, #588, #591 ) ) ;
#513 = ADVANCED_FACE ( 'NONE', ( #1899 ), #1897, .F. ) ;
#514 = ORIENTED_EDGE ( 'NONE', *, *, #622, .T. ) ;
#515 = VERTEX_POINT ( 'NONE', #1898 ) ;
#516 = EDGE_CURVE ( 'NONE', #515, #520, #1892, .T. ) ;
#517 = EDGE_CURVE ( 'NONE', #307, #617, #1888, .T. ) ;
#518 = ADVANCED_FACE ( 'NONE', ( #1884 ), #1883, .F. ) ;
#519 = EDGE_LOOP ( 'NONE', ( #444, #647, #649, #576 ) ) ;
#520 = VERTEX_POINT ( 'NONE', #1878 ) ;
#521 = ORIENTED_EDGE ( 'NONE', *, *, #293, .F. ) ;
#522 = ORIENTED_EDGE ( 'NONE', *, *, #523, .T. ) ;
#523 = EDGE_CURVE ( 'NONE', #64, #79, #1877, .T. ) ;
#524 = ORIENTED_EDGE ( 'NONE', *, *, #62, .T. ) ;
#525 = VERTEX_POINT ( 'NONE', #1864 ) ;
#526 = VERTEX_POINT ( 'NONE', #1863 ) ;
#527 = ORIENTED_EDGE ( 'NONE', *, *, #544, .F. ) ;
#528 = VERTEX_POINT ( 'NONE', #1862 ) ;
#529 = ORIENTED_EDGE ( 'NONE', *, *, #396, .F. ) ;
#530 = VERTEX_POINT ( 'NONE', #1861 ) ;
#531 = ORIENTED_EDGE ( 'NONE', *, *, #532, .F. ) ;
#532 = EDGE_CURVE ( 'NONE', #533, #530, #1860, .T. ) ;
#533 = VERTEX_POINT ( 'NONE', #1856 ) ;
#534 = ORIENTED_EDGE ( 'NONE', *, *, #535, .F. ) ;
#535 = EDGE_CURVE ( 'NONE', #556, #533, #1851, .T. ) ;
#536 = EDGE_LOOP ( 'NONE', ( #537, #538, #540, #541 ) ) ;
#537 = ORIENTED_EDGE ( 'NONE', *, *, #505, .T. ) ;
#538 = ORIENTED_EDGE ( 'NONE', *, *, #247, .F. ) ;
#539 = VERTEX_POINT ( 'NONE', #1847 ) ;
#540 = ORIENTED_EDGE ( 'NONE', *, *, #509, .F. ) ;
#541 = ORIENTED_EDGE ( 'NONE', *, *, #366, .T. ) ;
#542 = ADVANCED_FACE ( 'NONE', ( #1846 ), #1844, .T. ) ;
#543 = EDGE_LOOP ( 'NONE', ( #546, #547, #548, #549 ) ) ;
#544 = EDGE_CURVE ( 'NONE', #528, #525, #1836, .T. ) ;
#545 = EDGE_CURVE ( 'NONE', #530, #555, #1832, .T. ) ;
#546 = ORIENTED_EDGE ( 'NONE', *, *, #29, .F. ) ;
#547 = ORIENTED_EDGE ( 'NONE', *, *, #174, .F. ) ;
#548 = ORIENTED_EDGE ( 'NONE', *, *, #13, .T. ) ;
#549 = ORIENTED_EDGE ( 'NONE', *, *, #389, .T. ) ;
#550 = VERTEX_POINT ( 'NONE', #1828 ) ;
#551 = EDGE_LOOP ( 'NONE', ( #522, #524 ) ) ;
#552 = EDGE_LOOP ( 'NONE', ( #553, #557, #531, #534 ) ) ;
#553 = ORIENTED_EDGE ( 'NONE', *, *, #554, .F. ) ;
#554 = EDGE_CURVE ( 'NONE', #555, #556, #1824, .T. ) ;
#555 = VERTEX_POINT ( 'NONE', #1820 ) ;
#556 = VERTEX_POINT ( 'NONE', #1819 ) ;
#557 = ORIENTED_EDGE ( 'NONE', *, *, #545, .F. ) ;
#558 = ORIENTED_EDGE ( 'NONE', *, *, #406, .T. ) ;
#559 = EDGE_LOOP ( 'NONE', ( #248, #245, #582, #478 ) ) ;
#560 = ORIENTED_EDGE ( 'NONE', *, *, #561, .T. ) ;
#561 = EDGE_CURVE ( 'NONE', #574, #565, #1818, .T. ) ;
#562 = ORIENTED_EDGE ( 'NONE', *, *, #277, .F. ) ;
#563 = ADVANCED_FACE ( 'NONE', ( #1814 ), #1813, .F. ) ;
#564 = EDGE_LOOP ( 'NONE', ( #571, #619, #572, #560 ) ) ;
#565 = VERTEX_POINT ( 'NONE', #1808 ) ;
#566 = VERTEX_POINT ( 'NONE', #1807 ) ;
#567 = ORIENTED_EDGE ( 'NONE', *, *, #642, .T. ) ;
#568 = ORIENTED_EDGE ( 'NONE', *, *, #516, .T. ) ;
#569 = ADVANCED_FACE ( 'NONE', ( #1794 ), #1793, .F. ) ;
#570 = ORIENTED_EDGE ( 'NONE', *, *, #501, .T. ) ;
#571 = ORIENTED_EDGE ( 'NONE', *, *, #650, .T. ) ;
#572 = ORIENTED_EDGE ( 'NONE', *, *, #573, .T. ) ;
#573 = EDGE_CURVE ( 'NONE', #652, #574, #1792, .T. ) ;
#574 = VERTEX_POINT ( 'NONE', #1784 ) ;
#575 = EDGE_CURVE ( 'NONE', #638, #34, #1783, .T. ) ;
#576 = ORIENTED_EDGE ( 'NONE', *, *, #33, .T. ) ;
#577 = VERTEX_POINT ( 'NONE', #1779 ) ;
#578 = ADVANCED_FACE ( 'NONE', ( #1769, #1768, #1767 ), #1766, .T. ) ;
#579 = EDGE_LOOP ( 'NONE', ( #580, #587 ) ) ;
#580 = ORIENTED_EDGE ( 'NONE', *, *, #581, .F. ) ;
#581 = EDGE_CURVE ( 'NONE', #74, #50, #1761, .T. ) ;
#582 = ORIENTED_EDGE ( 'NONE', *, *, #122, .F. ) ;
#583 = EDGE_CURVE ( 'NONE', #400, #369, #1756, .T. ) ;
#584 = ORIENTED_EDGE ( 'NONE', *, *, #401, .T. ) ;
#585 = ORIENTED_EDGE ( 'NONE', *, *, #402, .T. ) ;
#586 = ORIENTED_EDGE ( 'NONE', *, *, #67, .F. ) ;
#587 = ORIENTED_EDGE ( 'NONE', *, *, #87, .F. ) ;
#588 = ORIENTED_EDGE ( 'NONE', *, *, #589, .F. ) ;
#589 = EDGE_CURVE ( 'NONE', #590, #528, #1752, .T. ) ;
#590 = VERTEX_POINT ( 'NONE', #1748 ) ;
#591 = ORIENTED_EDGE ( 'NONE', *, *, #592, .F. ) ;
#592 = EDGE_CURVE ( 'NONE', #526, #590, #1746, .T. ) ;
#593 = EDGE_CURVE ( 'NONE', #172, #637, #2130, .T. ) ;
#594 = ORIENTED_EDGE ( 'NONE', *, *, #595, .F. ) ;
#595 = EDGE_CURVE ( 'NONE', #565, #440, #2126, .T. ) ;
#596 = ORIENTED_EDGE ( 'NONE', *, *, #36, .F. ) ;
#597 = ORIENTED_EDGE ( 'NONE', *, *, #345, .F. ) ;
#598 = ORIENTED_EDGE ( 'NONE', *, *, #599, .F. ) ;
#599 = EDGE_CURVE ( 'NONE', #437, #574, #2186, .T. ) ;
#600 = ADVANCED_FACE ( 'NONE', ( #2182 ), #2181, .T. ) ;
#601 = EDGE_LOOP ( 'NONE', ( #598, #449, #594, #415 ) ) ;
#602 = ORIENTED_EDGE ( 'NONE', *, *, #636, .F. ) ;
#603 = ORIENTED_EDGE ( 'NONE', *, *, #469, .T. ) ;
#604 = ORIENTED_EDGE ( 'NONE', *, *, #605, .F. ) ;
#605 = EDGE_CURVE ( 'NONE', #565, #566, #2013, .T. ) ;
#606 = ADVANCED_FACE ( 'NONE', ( #2190 ), #2189, .T. ) ;
#607 = EDGE_LOOP ( 'NONE', ( #613, #412, #413, #608 ) ) ;
#608 = ORIENTED_EDGE ( 'NONE', *, *, #573, .F. ) ;
#609 = ADVANCED_FACE ( 'NONE', ( #2219 ), #2218, .T. ) ;
#610 = EDGE_LOOP ( 'NONE', ( #611, #420, #702, #628 ) ) ;
#611 = ORIENTED_EDGE ( 'NONE', *, *, #419, .T. ) ;
#612 = EDGE_CURVE ( 'NONE', #346, #22, #2217, .T. ) ;
#613 = ORIENTED_EDGE ( 'NONE', *, *, #614, .T. ) ;
#614 = EDGE_CURVE ( 'NONE', #652, #520, #2209, .T. ) ;
#615 = ADVANCED_FACE ( 'NONE', ( #2210 ), #2203, .T. ) ;
#616 = EDGE_LOOP ( 'NONE', ( #426, #432, #436, #428 ) ) ;
#617 = VERTEX_POINT ( 'NONE', #2198 ) ;
#618 = EDGE_LOOP ( 'NONE', ( #521, #641, #645, #567 ) ) ;
#619 = ORIENTED_EDGE ( 'NONE', *, *, #620, .T. ) ;
#620 = EDGE_CURVE ( 'NONE', #651, #652, #2197, .T. ) ;
#621 = EDGE_CURVE ( 'NONE', #383, #515, #2180, .T. ) ;
#622 = EDGE_CURVE ( 'NONE', #520, #278, #2176, .T. ) ;
#623 = EDGE_LOOP ( 'NONE', ( #570, #640 ) ) ;
#624 = ORIENTED_EDGE ( 'NONE', *, *, #625, .F. ) ;
#625 = EDGE_CURVE ( 'NONE', #166, #638, #2172, .T. ) ;
#626 = EDGE_LOOP ( 'NONE', ( #701, #490, #491, #635 ) ) ;
#627 = ORIENTED_EDGE ( 'NONE', *, *, #593, .F. ) ;
#628 = ORIENTED_EDGE ( 'NONE', *, *, #639, .F. ) ;
#629 = EDGE_CURVE ( 'NONE', #637, #167, #2167, .T. ) ;
#630 = EDGE_LOOP ( 'NONE', ( #859, #860, #624 ) ) ;
#631 = EDGE_CURVE ( 'NONE', #632, #327, #2162, .T. ) ;
#632 = VERTEX_POINT ( 'NONE', #2158 ) ;
#633 = ADVANCED_FACE ( 'NONE', ( #2157 ), #2156, .F. ) ;
#634 = ORIENTED_EDGE ( 'NONE', *, *, #631, .T. ) ;
#635 = ORIENTED_EDGE ( 'NONE', *, *, #648, .F. ) ;
#636 = EDGE_CURVE ( 'NONE', #26, #637, #2151, .T. ) ;
#637 = VERTEX_POINT ( 'NONE', #2147 ) ;
#638 = VERTEX_POINT ( 'NONE', #2146 ) ;
#639 = EDGE_CURVE ( 'NONE', #617, #566, #2145, .T. ) ;
#640 = ORIENTED_EDGE ( 'NONE', *, *, #81, .T. ) ;
#641 = ORIENTED_EDGE ( 'NONE', *, *, #517, .T. ) ;
#642 = EDGE_CURVE ( 'NONE', #566, #15, #2141, .T. ) ;
#643 = ORIENTED_EDGE ( 'NONE', *, *, #621, .T. ) ;
#644 = EDGE_LOOP ( 'NONE', ( #514, #562, #643, #568 ) ) ;
#645 = ORIENTED_EDGE ( 'NONE', *, *, #639, .T. ) ;
#646 = ADVANCED_FACE ( 'NONE', ( #2137 ), #2136, .T. ) ;
#647 = ORIENTED_EDGE ( 'NONE', *, *, #648, .T. ) ;
#648 = EDGE_CURVE ( 'NONE', #637, #638, #2135, .T. ) ;
#649 = ORIENTED_EDGE ( 'NONE', *, *, #575, .T. ) ;
#650 = EDGE_CURVE ( 'NONE', #565, #651, #2121, .T. ) ;
#651 = VERTEX_POINT ( 'NONE', #2117 ) ;
#652 = VERTEX_POINT ( 'NONE', #2116 ) ;
#653 = EDGE_LOOP ( 'NONE', ( #479, #481 ) ) ;
#654 = EDGE_CURVE ( 'NONE', #404, #313, #2115, .T. ) ;
#655 = VERTEX_POINT ( 'NONE', #2111 ) ;
#656 = ORIENTED_EDGE ( 'NONE', *, *, #629, .F. ) ;
#657 = VERTEX_POINT ( 'NONE', #2110 ) ;
#658 = ORIENTED_EDGE ( 'NONE', *, *, #659, .T. ) ;
#659 = EDGE_CURVE ( 'NONE', #657, #632, #2109, .T. ) ;
#660 = ADVANCED_FACE ( 'NONE', ( #2105 ), #2104, .T. ) ;
#661 = ADVANCED_FACE ( 'NONE', ( #2103 ), #2098, .T. ) ;
#662 = EDGE_LOOP ( 'NONE', ( #492, #767, #751, #699 ) ) ;
#663 = ORIENTED_EDGE ( 'NONE', *, *, #765, .T. ) ;
#664 = ORIENTED_EDGE ( 'NONE', *, *, #419, .F. ) ;
#665 = ORIENTED_EDGE ( 'NONE', *, *, #781, .T. ) ;
#666 = ORIENTED_EDGE ( 'NONE', *, *, #476, .T. ) ;
#667 = ADVANCED_FACE ( 'NONE', ( #2093 ), #2092, .F. ) ;
#668 = ADVANCED_FACE ( 'NONE', ( #2087 ), #2086, .T. ) ;
#669 = EDGE_LOOP ( 'NONE', ( #817, #693, #843, #863, #864, #877, #878, #861, #862, #686, #846, #745, #736 ) ) ;
#670 = EDGE_CURVE ( 'NONE', #278, #320, #2081, .T. ) ;
#671 = ORIENTED_EDGE ( 'NONE', *, *, #688, .F. ) ;
#672 = ORIENTED_EDGE ( 'NONE', *, *, #839, .F. ) ;
#673 = ADVANCED_FACE ( 'NONE', ( #2077 ), #2076, .F. ) ;
#674 = ORIENTED_EDGE ( 'NONE', *, *, #854, .T. ) ;
#675 = EDGE_LOOP ( 'NONE', ( #855, #681, #754, #755 ) ) ;
#676 = EDGE_CURVE ( 'NONE', #677, #703, #2075, .T. ) ;
#677 = VERTEX_POINT ( 'NONE', #2067 ) ;
#678 = ORIENTED_EDGE ( 'NONE', *, *, #871, .T. ) ;
#679 = ORIENTED_EDGE ( 'NONE', *, *, #811, .F. ) ;
#680 = ORIENTED_EDGE ( 'NONE', *, *, #802, .T. ) ;
#681 = ORIENTED_EDGE ( 'NONE', *, *, #670, .T. ) ;
#682 = ORIENTED_EDGE ( 'NONE', *, *, #795, .T. ) ;
#683 = ORIENTED_EDGE ( 'NONE', *, *, #581, .T. ) ;
#684 = ADVANCED_FACE ( 'NONE', ( #2066 ), #2065, .F. ) ;
#685 = EDGE_LOOP ( 'NONE', ( #832, #841, #842, #666 ) ) ;
#686 = ORIENTED_EDGE ( 'NONE', *, *, #185, .T. ) ;
#687 = ORIENTED_EDGE ( 'NONE', *, *, #688, .T. ) ;
#688 = EDGE_CURVE ( 'NONE', #840, #655, #2060, .T. ) ;
#689 = EDGE_CURVE ( 'NONE', #788, #738, #2056, .T. ) ;
#690 = EDGE_LOOP ( 'NONE', ( #875, #868, #799, #761 ) ) ;
#691 = EDGE_LOOP ( 'NONE', ( #735, #763, #764, #791 ) ) ;
#692 = EDGE_CURVE ( 'NONE', #788, #533, #2052, .T. ) ;
#693 = ORIENTED_EDGE ( 'NONE', *, *, #493, .F. ) ;
#694 = ORIENTED_EDGE ( 'NONE', *, *, #695, .F. ) ;
#695 = EDGE_CURVE ( 'NONE', #696, #555, #2048, .T. ) ;
#696 = VERTEX_POINT ( 'NONE', #2039 ) ;
#697 = ORIENTED_EDGE ( 'NONE', *, *, #803, .F. ) ;
#698 = VERTEX_POINT ( 'NONE', #2038 ) ;
#699 = ORIENTED_EDGE ( 'NONE', *, *, #826, .T. ) ;
#700 = EDGE_CURVE ( 'NONE', #657, #324, #2037, .T. ) ;
#701 = ORIENTED_EDGE ( 'NONE', *, *, #629, .T. ) ;
#702 = ORIENTED_EDGE ( 'NONE', *, *, #605, .T. ) ;
#703 = VERTEX_POINT ( 'NONE', #2033 ) ;
#704 = ORIENTED_EDGE ( 'NONE', *, *, #676, .F. ) ;
#705 = ORIENTED_EDGE ( 'NONE', *, *, #612, .T. ) ;
#706 = ADVANCED_FACE ( 'NONE', ( #2032 ), #2031, .T. ) ;
#707 = EDGE_LOOP ( 'NONE', ( #708, #709, #2898, #2894 ) ) ;
#708 = ORIENTED_EDGE ( 'NONE', *, *, #309, .T. ) ;
#709 = ORIENTED_EDGE ( 'NONE', *, *, #710, .F. ) ;
#710 = EDGE_CURVE ( 'NONE', #711, #269, #2026, .T. ) ;
#711 = VERTEX_POINT ( 'NONE', #2022 ) ;
#712 = ORIENTED_EDGE ( 'NONE', *, *, #40, .T. ) ;
#713 = ORIENTED_EDGE ( 'NONE', *, *, #854, .F. ) ;
#714 = EDGE_LOOP ( 'NONE', ( #712, #856, #704, #716, #718, #705 ) ) ;
#715 = ADVANCED_FACE ( 'NONE', ( #2021 ), #2019, .F. ) ;
#716 = ORIENTED_EDGE ( 'NONE', *, *, #717, .T. ) ;
#717 = EDGE_CURVE ( 'NONE', #677, #349, #2020, .T. ) ;
#718 = ORIENTED_EDGE ( 'NONE', *, *, #348, .F. ) ;
#719 = ORIENTED_EDGE ( 'NONE', *, *, #808, .T. ) ;
#720 = EDGE_LOOP ( 'NONE', ( #721, #722, #725, #2910, #2912, #2930 ) ) ;
#721 = ORIENTED_EDGE ( 'NONE', *, *, #370, .T. ) ;
#722 = ORIENTED_EDGE ( 'NONE', *, *, #723, .F. ) ;
#723 = EDGE_CURVE ( 'NONE', #724, #117, #2005, .T. ) ;
#724 = VERTEX_POINT ( 'NONE', #2001 ) ;
#725 = ORIENTED_EDGE ( 'NONE', *, *, #726, .F. ) ;
#726 = EDGE_CURVE ( 'NONE', #727, #724, #2000, .T. ) ;
#727 = VERTEX_POINT ( 'NONE', #1996 ) ;
#728 = ORIENTED_EDGE ( 'NONE', *, *, #729, .F. ) ;
#729 = EDGE_CURVE ( 'NONE', #730, #316, #1995, .T. ) ;
#730 = VERTEX_POINT ( 'NONE', #1991 ) ;
#731 = ORIENTED_EDGE ( 'NONE', *, *, #732, .F. ) ;
#732 = EDGE_CURVE ( 'NONE', #724, #730, #1990, .T. ) ;
#733 = ORIENTED_EDGE ( 'NONE', *, *, #2923, .F. ) ;
#734 = ADVANCED_FACE ( 'NONE', ( #1985 ), #1984, .T. ) ;
#735 = ORIENTED_EDGE ( 'NONE', *, *, #803, .T. ) ;
#736 = ORIENTED_EDGE ( 'NONE', *, *, #329, .T. ) ;
#737 = ADVANCED_FACE ( 'NONE', ( #2262 ), #2376, .F. ) ;
#738 = VERTEX_POINT ( 'NONE', #2404 ) ;
#739 = ORIENTED_EDGE ( 'NONE', *, *, #740, .T. ) ;
#740 = EDGE_CURVE ( 'NONE', #738, #530, #2326, .T. ) ;
#741 = ORIENTED_EDGE ( 'NONE', *, *, #620, .F. ) ;
#742 = EDGE_LOOP ( 'NONE', ( #487, #845, #747, #831, #865, #741, #664, #829, #804, #665, #805, #830, #844 ) ) ;
#743 = ORIENTED_EDGE ( 'NONE', *, *, #326, .F. ) ;
#744 = ORIENTED_EDGE ( 'NONE', *, *, #700, .F. ) ;
#745 = ORIENTED_EDGE ( 'NONE', *, *, #746, .T. ) ;
#746 = EDGE_CURVE ( 'NONE', #380, #321, #2287, .T. ) ;
#747 = ORIENTED_EDGE ( 'NONE', *, *, #670, .F. ) ;
#748 = ORIENTED_EDGE ( 'NONE', *, *, #85, .F. ) ;
#749 = ORIENTED_EDGE ( 'NONE', *, *, #480, .F. ) ;
#750 = ORIENTED_EDGE ( 'NONE', *, *, #76, .T. ) ;
#751 = ORIENTED_EDGE ( 'NONE', *, *, #827, .F. ) ;
#752 = ADVANCED_FACE ( 'NONE', ( #2288 ), #2375, .F. ) ;
#753 = EDGE_LOOP ( 'NONE', ( #837, #671, #672, #496 ) ) ;
#754 = ORIENTED_EDGE ( 'NONE', *, *, #319, .T. ) ;
#755 = ORIENTED_EDGE ( 'NONE', *, *, #746, .F. ) ;
#756 = ORIENTED_EDGE ( 'NONE', *, *, #475, .T. ) ;
#757 = EDGE_LOOP ( 'NONE', ( #678, #674, #719, #682 ) ) ;
#758 = ORIENTED_EDGE ( 'NONE', *, *, #544, .T. ) ;
#759 = VERTEX_POINT ( 'NONE', #2327 ) ;
#760 = ORIENTED_EDGE ( 'NONE', *, *, #532, .T. ) ;
#761 = ORIENTED_EDGE ( 'NONE', *, *, #695, .T. ) ;
#762 = ORIENTED_EDGE ( 'NONE', *, *, #692, .T. ) ;
#763 = ORIENTED_EDGE ( 'NONE', *, *, #800, .T. ) ;
#764 = ORIENTED_EDGE ( 'NONE', *, *, #833, .T. ) ;
#765 = EDGE_CURVE ( 'NONE', #655, #494, #2381, .T. ) ;
#766 = VERTEX_POINT ( 'NONE', #2377 ) ;
#767 = ORIENTED_EDGE ( 'NONE', *, *, #659, .F. ) ;
#768 = EDGE_CURVE ( 'NONE', #197, #266, #2247, .T. ) ;
#769 = ORIENTED_EDGE ( 'NONE', *, *, #196, .T. ) ;
#770 = ORIENTED_EDGE ( 'NONE', *, *, #115, .T. ) ;
#771 = ORIENTED_EDGE ( 'NONE', *, *, #772, .F. ) ;
#772 = EDGE_CURVE ( 'NONE', #711, #2924, #2224, .T. ) ;
#773 = ORIENTED_EDGE ( 'NONE', *, *, #373, .F. ) ;
#774 = ORIENTED_EDGE ( 'NONE', *, *, #106, .T. ) ;
#775 = EDGE_CURVE ( 'NONE', #332, #119, #2390, .T. ) ;
#776 = ORIENTED_EDGE ( 'NONE', *, *, #377, .F. ) ;
#777 = ORIENTED_EDGE ( 'NONE', *, *, #112, .T. ) ;
#778 = ADVANCED_FACE ( 'NONE', ( #2228 ), #2227, .F. ) ;
#779 = ORIENTED_EDGE ( 'NONE', *, *, #497, .F. ) ;
#780 = ORIENTED_EDGE ( 'NONE', *, *, #781, .F. ) ;
#781 = EDGE_CURVE ( 'NONE', #20, #495, #2397, .T. ) ;
#782 = EDGE_LOOP ( 'NONE', ( #866, #867, #876, #797 ) ) ;
#783 = ORIENTED_EDGE ( 'NONE', *, *, #833, .F. ) ;
#784 = ORIENTED_EDGE ( 'NONE', *, *, #740, .F. ) ;
#785 = EDGE_LOOP ( 'NONE', ( #790, #787, #783, #869 ) ) ;
#786 = ADVANCED_FACE ( 'NONE', ( #2393 ), #2388, .F. ) ;
#787 = ORIENTED_EDGE ( 'NONE', *, *, #692, .F. ) ;
#788 = VERTEX_POINT ( 'NONE', #2383 ) ;
#789 = ADVANCED_FACE ( 'NONE', ( #2382 ), #2371, .F. ) ;
#790 = ORIENTED_EDGE ( 'NONE', *, *, #535, .T. ) ;
#791 = ORIENTED_EDGE ( 'NONE', *, *, #689, .T. ) ;
#792 = ADVANCED_FACE ( 'NONE', ( #2334 ), #2333, .F. ) ;
#793 = EDGE_LOOP ( 'NONE', ( #758, #801, #821, #873 ) ) ;
#794 = ADVANCED_FACE ( 'NONE', ( #2358 ), #2356, .F. ) ;
#795 = EDGE_CURVE ( 'NONE', #796, #872, #2357, .T. ) ;
#796 = VERTEX_POINT ( 'NONE', #2344 ) ;
#797 = ORIENTED_EDGE ( 'NONE', *, *, #798, .T. ) ;
#798 = EDGE_CURVE ( 'NONE', #796, #590, #2307, .T. ) ;
#799 = ORIENTED_EDGE ( 'NONE', *, *, #800, .F. ) ;
#800 = EDGE_CURVE ( 'NONE', #696, #834, #2303, .T. ) ;
#801 = ORIENTED_EDGE ( 'NONE', *, *, #802, .F. ) ;
#802 = EDGE_CURVE ( 'NONE', #759, #525, #2299, .T. ) ;
#803 = EDGE_CURVE ( 'NONE', #738, #696, #2295, .T. ) ;
#804 = ORIENTED_EDGE ( 'NONE', *, *, #19, .F. ) ;
#805 = ORIENTED_EDGE ( 'NONE', *, *, #839, .T. ) ;
#806 = ADVANCED_FACE ( 'NONE', ( #2291 ), #2290, .T. ) ;
#807 = ORIENTED_EDGE ( 'NONE', *, *, #808, .F. ) ;
#808 = EDGE_CURVE ( 'NONE', #809, #796, #2366, .T. ) ;
#809 = VERTEX_POINT ( 'NONE', #2359 ) ;
#810 = ORIENTED_EDGE ( 'NONE', *, *, #811, .T. ) ;
#811 = EDGE_CURVE ( 'NONE', #809, #526, #2258, .T. ) ;
#812 = ADVANCED_FACE ( 'NONE', ( #2254 ), #2252, .F. ) ;
#813 = EDGE_LOOP ( 'NONE', ( #756, #679, #713, #680 ) ) ;
#814 = EDGE_CURVE ( 'NONE', #834, #556, #2253, .T. ) ;
#815 = EDGE_LOOP ( 'NONE', ( #816, #694, #697, #739 ) ) ;
#816 = ORIENTED_EDGE ( 'NONE', *, *, #545, .T. ) ;
#817 = ORIENTED_EDGE ( 'NONE', *, *, #631, .F. ) ;
#818 = ORIENTED_EDGE ( 'NONE', *, *, #826, .F. ) ;
#819 = ORIENTED_EDGE ( 'NONE', *, *, #820, .F. ) ;
#820 = EDGE_CURVE ( 'NONE', #840, #698, #2340, .T. ) ;
#821 = ORIENTED_EDGE ( 'NONE', *, *, #871, .F. ) ;
#822 = ADVANCED_FACE ( 'NONE', ( #2336 ), #2335, .F. ) ;
#823 = EDGE_LOOP ( 'NONE', ( #824, #825, #807, #810 ) ) ;
#824 = ORIENTED_EDGE ( 'NONE', *, *, #592, .T. ) ;
#825 = ORIENTED_EDGE ( 'NONE', *, *, #798, .F. ) ;
#826 = EDGE_CURVE ( 'NONE', #698, #494, #2278, .T. ) ;
#827 = EDGE_CURVE ( 'NONE', #698, #657, #2274, .T. ) ;
#828 = EDGE_LOOP ( 'NONE', ( #748, #749, #750, #683 ) ) ;
#829 = ORIENTED_EDGE ( 'NONE', *, *, #517, .F. ) ;
#830 = ORIENTED_EDGE ( 'NONE', *, *, #820, .T. ) ;
#831 = ORIENTED_EDGE ( 'NONE', *, *, #622, .F. ) ;
#832 = ORIENTED_EDGE ( 'NONE', *, *, #65, .F. ) ;
#833 = EDGE_CURVE ( 'NONE', #834, #788, #2269, .T. ) ;
#834 = VERTEX_POINT ( 'NONE', #2265 ) ;
#835 = EDGE_LOOP ( 'NONE', ( #760, #784, #870, #762 ) ) ;
#836 = ADVANCED_FACE ( 'NONE', ( #2264 ), #2263, .F. ) ;
#837 = ORIENTED_EDGE ( 'NONE', *, *, #838, .T. ) ;
#838 = EDGE_CURVE ( 'NONE', #766, #655, #2241, .T. ) ;
#839 = EDGE_CURVE ( 'NONE', #495, #840, #2235, .T. ) ;
#840 = VERTEX_POINT ( 'NONE', #2236 ) ;
#841 = ORIENTED_EDGE ( 'NONE', *, *, #523, .F. ) ;
#842 = ORIENTED_EDGE ( 'NONE', *, *, #70, .T. ) ;
#843 = ORIENTED_EDGE ( 'NONE', *, *, #765, .F. ) ;
#844 = ORIENTED_EDGE ( 'NONE', *, *, #827, .T. ) ;
#845 = ORIENTED_EDGE ( 'NONE', *, *, #323, .F. ) ;
#846 = ORIENTED_EDGE ( 'NONE', *, *, #176, .T. ) ;
#847 = EDGE_CURVE ( 'NONE', #848, #237, #2403, .T. ) ;
#848 = VERTEX_POINT ( 'NONE', #2399 ) ;
#849 = ORIENTED_EDGE ( 'NONE', *, *, #850, .T. ) ;
#850 = EDGE_CURVE ( 'NONE', #848, #227, #2398, .T. ) ;
#851 = ADVANCED_FACE ( 'NONE', ( #2318 ), #2316, .F. ) ;
#852 = EDGE_LOOP ( 'NONE', ( #2891, #2835, #2832, #2880 ) ) ;
#853 = ADVANCED_FACE ( 'NONE', ( #2562 ), #2496, .F. ) ;
#854 = EDGE_CURVE ( 'NONE', #759, #809, #2570, .T. ) ;
#855 = ORIENTED_EDGE ( 'NONE', *, *, #379, .F. ) ;
#856 = ORIENTED_EDGE ( 'NONE', *, *, #857, .F. ) ;
#857 = EDGE_CURVE ( 'NONE', #703, #23, #2495, .T. ) ;
#858 = EDGE_LOOP ( 'NONE', ( #627, #489, #656 ) ) ;
#859 = ORIENTED_EDGE ( 'NONE', *, *, #180, .T. ) ;
#860 = ORIENTED_EDGE ( 'NONE', *, *, #469, .F. ) ;
#861 = ORIENTED_EDGE ( 'NONE', *, *, #151, .T. ) ;
#862 = ORIENTED_EDGE ( 'NONE', *, *, #253, .T. ) ;
#863 = ORIENTED_EDGE ( 'NONE', *, *, #838, .F. ) ;
#864 = ORIENTED_EDGE ( 'NONE', *, *, #880, .F. ) ;
#865 = ORIENTED_EDGE ( 'NONE', *, *, #614, .F. ) ;
#866 = ORIENTED_EDGE ( 'NONE', *, *, #589, .T. ) ;
#867 = ORIENTED_EDGE ( 'NONE', *, *, #874, .F. ) ;
#868 = ORIENTED_EDGE ( 'NONE', *, *, #814, .F. ) ;
#869 = ORIENTED_EDGE ( 'NONE', *, *, #814, .T. ) ;
#870 = ORIENTED_EDGE ( 'NONE', *, *, #689, .F. ) ;
#871 = EDGE_CURVE ( 'NONE', #872, #759, #2491, .T. ) ;
#872 = VERTEX_POINT ( 'NONE', #2558 ) ;
#873 = ORIENTED_EDGE ( 'NONE', *, *, #874, .T. ) ;
#874 = EDGE_CURVE ( 'NONE', #872, #528, #2566, .T. ) ;
#875 = ORIENTED_EDGE ( 'NONE', *, *, #554, .T. ) ;
#876 = ORIENTED_EDGE ( 'NONE', *, *, #795, .F. ) ;
#877 = ORIENTED_EDGE ( 'NONE', *, *, #230, .T. ) ;
#878 = ORIENTED_EDGE ( 'NONE', *, *, #192, .T. ) ;
#879 = ORIENTED_EDGE ( 'NONE', *, *, #880, .T. ) ;
#880 = EDGE_CURVE ( 'NONE', #124, #766, #2506, .T. ) ;
#881 = EDGE_LOOP ( 'NONE', ( #663, #818, #819, #687 ) ) ;
#882 = DIRECTION ( 'NONE',  ( 0.0000000000000000000, 0.0000000000000000000, -1.000000000000000000 ) ) ;
#883 = VECTOR ( 'NONE', #882, 1000.000000000000000 ) ;
#884 = CARTESIAN_POINT ( 'NONE',  ( 9.400000000000000400, 1.925929944387235900E-031, 4.000000000000000000 ) ) ;
#885 = LINE ( 'NONE', #884, #883 ) ;
#886 = LINE ( 'NONE', #945, #944 ) ;
#887 = CARTESIAN_POINT ( 'NONE',  ( 20.10624458405140700, -26.58076118445754000, 3.918869757271528500E-016 ) ) ;
#888 = DIRECTION ( 'NONE',  ( 0.7071067811865513500, 0.7071067811865436900, 0.0000000000000000000 ) ) ;
#889 = DIRECTION ( 'NONE',  ( 0.7071067811865438000, -0.7071067811865512400, 0.0000000000000000000 ) ) ;
#890 = CARTESIAN_POINT ( 'NONE',  ( 17.84350288425444100, -28.84350288425448400, 0.0000000000000000000 ) ) ;
#891 = CARTESIAN_POINT ( 'NONE',  ( 12.39999999999999900, 0.0000000000000000000, 2.200000000000000200 ) ) ;
#892 = CARTESIAN_POINT ( 'NONE',  ( 15.16009520449346900, 0.0000000000000000000, 2.799999900162192900 ) ) ;
#893 = CARTESIAN_POINT ( 'NONE',  ( 14.09705631014569400, 0.0000000000000000000, 2.799999900162220000 ) ) ;
#894 = DIRECTION ( 'NONE',  ( 0.7071067811865513500, 0.7071067811865438000, 0.0000000000000000000 ) ) ;
#895 = DIRECTION ( 'NONE',  ( 0.7071067811865438000, -0.7071067811865513500, 0.0000000000000000000 ) ) ;
#896 = ORIENTED_EDGE ( 'NONE', *, *, #164, .F. ) ;
#897 = EDGE_CURVE ( 'NONE', #2641, #2713, #2501, .T. ) ;
#898 = ORIENTED_EDGE ( 'NONE', *, *, #2638, .T. ) ;
#899 = ADVANCED_FACE ( 'NONE', ( #2497 ), #2502, .F. ) ;
#900 = FACE_OUTER_BOUND ( 'NONE', #310, .T. ) ;
#901 = FACE_BOUND ( 'NONE', #10, .T. ) ;
#902 = ORIENTED_EDGE ( 'NONE', *, *, #954, .T. ) ;
#903 = ORIENTED_EDGE ( 'NONE', *, *, #1024, .T. ) ;
#904 = EDGE_CURVE ( 'NONE', #953, #952, #2580, .T. ) ;
#905 = VERTEX_POINT ( 'NONE', #2576 ) ;
#906 = ORIENTED_EDGE ( 'NONE', *, *, #2643, .F. ) ;
#907 = EDGE_LOOP ( 'NONE', ( #902, #903 ) ) ;
#908 = ORIENTED_EDGE ( 'NONE', *, *, #164, .T. ) ;
#909 = EDGE_CURVE ( 'NONE', #2716, #905, #2575, .T. ) ;
#910 = ORIENTED_EDGE ( 'NONE', *, *, #2718, .T. ) ;
#911 = EDGE_CURVE ( 'NONE', #2708, #2654, #2490, .T. ) ;
#912 = ORIENTED_EDGE ( 'NONE', *, *, #1005, .F. ) ;
#913 = ORIENTED_EDGE ( 'NONE', *, *, #909, .F. ) ;
#914 = ORIENTED_EDGE ( 'NONE', *, *, #915, .T. ) ;
#915 = EDGE_CURVE ( 'NONE', #2644, #2646, #2485, .T. ) ;
#916 = ORIENTED_EDGE ( 'NONE', *, *, #911, .F. ) ;
#917 = EDGE_LOOP ( 'NONE', ( #918, #906, #955, #898 ) ) ;
#918 = ORIENTED_EDGE ( 'NONE', *, *, #915, .F. ) ;
#919 = CARTESIAN_POINT ( 'NONE',  ( 14.19999999999999800, 0.2000000000000011200, 2.200000000000000200 ) ) ;
#920 = DIRECTION ( 'NONE',  ( -0.7071067811865507900, -0.7071067811865442400, 0.0000000000000000000 ) ) ;
#921 = DIRECTION ( 'NONE',  ( -0.7071067811865439100, 0.7071067811865512400, 0.0000000000000000000 ) ) ;
#922 = AXIS2_PLACEMENT_3D ( 'NONE', #924, #921, #920 ) ;
#923 = CYLINDRICAL_SURFACE ( 'NONE', #922, 3.199999999999999700 ) ;
#924 = CARTESIAN_POINT ( 'NONE',  ( 17.84350288425444100, -28.84350288425448400, 0.0000000000000000000 ) ) ;
#925 = FACE_OUTER_BOUND ( 'NONE', #45, .T. ) ;
#926 = CARTESIAN_POINT ( 'NONE',  ( 14.23725830020304500, -29.76274169979697600, 0.0000000000000000000 ) ) ;
#927 = CARTESIAN_POINT ( 'NONE',  ( 15.58076118445747800, -31.10624458405142400, 0.0000000000000000000 ) ) ;
#928 = DIRECTION ( 'NONE',  ( 1.000000000000000000, 0.0000000000000000000, -5.394202170521032600E-014 ) ) ;
#929 = VECTOR ( 'NONE', #928, 1000.000000000000000 ) ;
#930 = CARTESIAN_POINT ( 'NONE',  ( 14.66163012981416200, 0.0000000000000000000, 2.799999900162220000 ) ) ;
#931 = ADVANCED_FACE ( 'NONE', ( #2481 ), #2480, .F. ) ;
#932 = ORIENTED_EDGE ( 'NONE', *, *, #2666, .T. ) ;
#933 = ORIENTED_EDGE ( 'NONE', *, *, #2715, .F. ) ;
#934 = ORIENTED_EDGE ( 'NONE', *, *, #897, .F. ) ;
#935 = ORIENTED_EDGE ( 'NONE', *, *, #2640, .F. ) ;
#936 = ORIENTED_EDGE ( 'NONE', *, *, #1008, .F. ) ;
#937 = CIRCLE ( 'NONE', #1022, 1.799999999999999600 ) ;
#938 = LINE ( 'NONE', #1018, #1017 ) ;
#939 = CARTESIAN_POINT ( 'NONE',  ( 18.76274169979696900, -25.23725830020309900, 3.918869757271528500E-016 ) ) ;
#940 = ADVANCED_FACE ( 'NONE', ( #2475 ), #2474, .T. ) ;
#941 = CARTESIAN_POINT ( 'NONE',  ( 9.400000000000000400, 1.925929944387235900E-031, -2.200000000000000600 ) ) ;
#942 = CARTESIAN_POINT ( 'NONE',  ( 19.15165042944956400, -27.53535533905937500, 2.265596578422602600E-016 ) ) ;
#943 = DIRECTION ( 'NONE',  ( -0.7071067811865439100, 0.7071067811865512400, 0.0000000000000000000 ) ) ;
#944 = VECTOR ( 'NONE', #943, 1000.000000000000000 ) ;
#945 = CARTESIAN_POINT ( 'NONE',  ( 15.58076118445747900, -31.10624458405142400, 0.0000000000000000000 ) ) ;
#946 = ADVANCED_FACE ( 'NONE', ( #2469 ), #2468, .T. ) ;
#947 = ORIENTED_EDGE ( 'NONE', *, *, #2636, .T. ) ;
#948 = ADVANCED_FACE ( 'NONE', ( #2463 ), #2462, .T. ) ;
#949 = ADVANCED_FACE ( 'NONE', ( #2457 ), #2632, .T. ) ;
#950 = EDGE_LOOP ( 'NONE', ( #951, #916 ) ) ;
#951 = ORIENTED_EDGE ( 'NONE', *, *, #2653, .F. ) ;
#952 = VERTEX_POINT ( 'NONE', #2627 ) ;
#953 = VERTEX_POINT ( 'NONE', #2626 ) ;
#954 = EDGE_CURVE ( 'NONE', #952, #431, #2625, .T. ) ;
#955 = ORIENTED_EDGE ( 'NONE', *, *, #897, .T. ) ;
#956 = PLANE ( 'NONE',  #997 ) ;
#957 = FACE_BOUND ( 'NONE', #291, .T. ) ;
#958 = VECTOR ( 'NONE', #1002, 1000.000000000000100 ) ;
#959 = CARTESIAN_POINT ( 'NONE',  ( 54.50698948877675300, -62.89069439838694800, 2.265596578422602600E-016 ) ) ;
#960 = LINE ( 'NONE', #959, #958 ) ;
#961 = ORIENTED_EDGE ( 'NONE', *, *, #904, .F. ) ;
#962 = EDGE_LOOP ( 'NONE', ( #933, #934, #935, #936, #912, #913 ) ) ;
#963 = LINE ( 'NONE', #930, #929 ) ;
#964 = DIRECTION ( 'NONE',  ( -0.7071067811865436900, 0.7071067811865513500, 0.0000000000000000000 ) ) ;
#965 = VECTOR ( 'NONE', #964, 1000.000000000000100 ) ;
#966 = CARTESIAN_POINT ( 'NONE',  ( 51.89069439838651500, -65.50698948877716500, 0.0000000000000000000 ) ) ;
#967 = LINE ( 'NONE', #966, #965 ) ;
#968 = CARTESIAN_POINT ( 'NONE',  ( 16.53535533905932600, -30.15165042944958900, 0.0000000000000000000 ) ) ;
#969 = CARTESIAN_POINT ( 'NONE',  ( 9.400000000000000400, 1.925929944387235900E-031, 2.200000000000000200 ) ) ;
#970 = DIRECTION ( 'NONE',  ( 0.0000000000000000000, 0.0000000000000000000, -1.000000000000000000 ) ) ;
#971 = DIRECTION ( 'NONE',  ( 0.0000000000000000000, -1.000000000000000000, 0.0000000000000000000 ) ) ;
#972 = CARTESIAN_POINT ( 'NONE',  ( 11.19999999999999900, 0.0000000000000000000, 2.200000000000000200 ) ) ;
#973 = AXIS2_PLACEMENT_3D ( 'NONE', #972, #971, #970 ) ;
#974 = CIRCLE ( 'NONE', #973, 1.800000000000000000 ) ;
#975 = CARTESIAN_POINT ( 'NONE',  ( 11.19999999999999900, 3.214591678783744700E-016, 4.000000000000000000 ) ) ;
#976 = DIRECTION ( 'NONE',  ( 1.000000000000000000, 1.785884265990968600E-016, 0.0000000000000000000 ) ) ;
#977 = VECTOR ( 'NONE', #976, 1000.000000000000000 ) ;
#978 = CARTESIAN_POINT ( 'NONE',  ( 9.400000000000000400, 1.925929944387235900E-031, 4.000000000000000000 ) ) ;
#979 = LINE ( 'NONE', #978, #977 ) ;
#980 = DIRECTION ( 'NONE',  ( -0.7071067811865439100, 0.7071067811865512400, 0.0000000000000000000 ) ) ;
#981 = VECTOR ( 'NONE', #980, 1000.000000000000000 ) ;
#982 = CARTESIAN_POINT ( 'NONE',  ( 20.10624458405140300, -26.58076118445754000, 3.918869757271528500E-016 ) ) ;
#983 = DIRECTION ( 'NONE',  ( 0.7071067811865513500, 0.7071067811865436900, 0.0000000000000000000 ) ) ;
#984 = DIRECTION ( 'NONE',  ( 0.7071067811865438000, -0.7071067811865512400, 0.0000000000000000000 ) ) ;
#985 = CARTESIAN_POINT ( 'NONE',  ( 16.50000000000000700, -27.50000000000003600, 0.0000000000000000000 ) ) ;
#986 = AXIS2_PLACEMENT_3D ( 'NONE', #985, #984, #983 ) ;
#987 = CIRCLE ( 'NONE', #986, 3.199999999999997100 ) ;
#988 = LINE ( 'NONE', #982, #981 ) ;
#989 = CARTESIAN_POINT ( 'NONE',  ( 12.39999999999999900, 5.357652797972903500E-016, 4.000000000000000000 ) ) ;
#990 = DIRECTION ( 'NONE',  ( 0.0000000000000000000, 0.0000000000000000000, -1.000000000000000000 ) ) ;
#991 = DIRECTION ( 'NONE',  ( 0.0000000000000000000, -1.000000000000000000, 0.0000000000000000000 ) ) ;
#992 = AXIS2_PLACEMENT_3D ( 'NONE', #891, #991, #990 ) ;
#993 = CIRCLE ( 'NONE', #992, 1.800000000000000000 ) ;
#994 = DIRECTION ( 'NONE',  ( 0.0000000000000000000, 0.0000000000000000000, -1.000000000000000000 ) ) ;
#995 = DIRECTION ( 'NONE',  ( 0.0000000000000000000, -1.000000000000000000, 0.0000000000000000000 ) ) ;
#996 = CARTESIAN_POINT ( 'NONE',  ( 1.898139848424684800E-015, 0.0000000000000000000, 5.599999999999999600 ) ) ;
#997 = AXIS2_PLACEMENT_3D ( 'NONE', #996, #995, #994 ) ;
#998 = CARTESIAN_POINT ( 'NONE',  ( 9.400000000000000400, 1.925929944387235900E-031, 0.1499999999999999900 ) ) ;
#999 = ORIENTED_EDGE ( 'NONE', *, *, #909, .T. ) ;
#1000 = AXIS2_PLACEMENT_3D ( 'NONE', #890, #889, #888 ) ;
#1001 = CIRCLE ( 'NONE', #1000, 3.199999999999997100 ) ;
#1002 = DIRECTION ( 'NONE',  ( -0.7071067811865436900, 0.7071067811865513500, 0.0000000000000000000 ) ) ;
#1003 = ORIENTED_EDGE ( 'NONE', *, *, #2819, .F. ) ;
#1004 = ORIENTED_EDGE ( 'NONE', *, *, #1005, .T. ) ;
#1005 = EDGE_CURVE ( 'NONE', #905, #953, #2620, .T. ) ;
#1006 = CLOSED_SHELL ( 'NONE', ( #2650, #2719, #949, #946, #931, #940, #948, #899 ) ) ;
#1007 = ORIENTED_EDGE ( 'NONE', *, *, #1008, .T. ) ;
#1008 = EDGE_CURVE ( 'NONE', #953, #2711, #2616, .T. ) ;
#1009 = ORIENTED_EDGE ( 'NONE', *, *, #904, .T. ) ;
#1010 = CARTESIAN_POINT ( 'NONE',  ( 17.84350288425444500, -28.84350288425448400, 0.0000000000000000000 ) ) ;
#1011 = AXIS2_PLACEMENT_3D ( 'NONE', #1010, #895, #894 ) ;
#1012 = CIRCLE ( 'NONE', #1011, 1.850000000000001200 ) ;
#1013 = CARTESIAN_POINT ( 'NONE',  ( 9.500000000000000000, 1.925929944387235900E-031, -0.1499999999999999900 ) ) ;
#1014 = DIRECTION ( 'NONE',  ( -1.000000000000000000, 0.0000000000000000000, 0.0000000000000000000 ) ) ;
#1015 = EDGE_LOOP ( 'NONE', ( #1016, #896, #1004, #1009 ) ) ;
#1016 = ORIENTED_EDGE ( 'NONE', *, *, #1024, .F. ) ;
#1017 = VECTOR ( 'NONE', #1014, 1000.000000000000000 ) ;
#1018 = CARTESIAN_POINT ( 'NONE',  ( 9.500000000000000000, 1.925929944387235900E-031, -0.1499999999999999900 ) ) ;
#1019 = DIRECTION ( 'NONE',  ( 0.0000000000000000000, 0.0000000000000000000, -1.000000000000000000 ) ) ;
#1020 = DIRECTION ( 'NONE',  ( 0.0000000000000000000, -1.000000000000000000, 0.0000000000000000000 ) ) ;
#1021 = CARTESIAN_POINT ( 'NONE',  ( 12.39999999999999900, 0.0000000000000000000, -2.200000000000000600 ) ) ;
#1022 = AXIS2_PLACEMENT_3D ( 'NONE', #1021, #1020, #1019 ) ;
#1023 = ORIENTED_EDGE ( 'NONE', *, *, #954, .F. ) ;
#1024 = EDGE_CURVE ( 'NONE', #431, #952, #2611, .T. ) ;
#1025 = EDGE_LOOP ( 'NONE', ( #947, #914 ) ) ;
#1026 = CARTESIAN_POINT ( 'NONE',  ( 11.19999999999999900, 2.000000000000001300, 0.1499999999999999900 ) ) ;
#1027 = CARTESIAN_POINT ( 'NONE',  ( 9.400000000000000400, 0.1999999999999996500, 2.200000000000000200 ) ) ;
#1028 = CARTESIAN_POINT ( 'NONE',  ( 12.39999999999999900, 2.000000000000000900, 2.200000000000000200 ) ) ;
#1029 = CARTESIAN_POINT ( 'NONE',  ( 11.19999999999999900, 2.000000000000001300, 2.200000000000000200 ) ) ;
#1030 = DIRECTION ( 'NONE',  ( 0.0000000000000000000, 1.000000000000000000, 0.0000000000000000000 ) ) ;
#1031 = VECTOR ( 'NONE', #1030, 1000.000000000000000 ) ;
#1032 = CARTESIAN_POINT ( 'NONE',  ( 7.199999999999630700, -0.4999999999999998900, 1.058300524433909400 ) ) ;
#1033 = DIRECTION ( 'NONE',  ( -1.000000000000000000, 0.0000000000000000000, 0.0000000000000000000 ) ) ;
#1034 = DIRECTION ( 'NONE',  ( 0.0000000000000000000, 0.0000000000000000000, -1.000000000000000000 ) ) ;
#1035 = CARTESIAN_POINT ( 'NONE',  ( 11.19999999999999900, 0.2000000000000012300, 4.000000000000000000 ) ) ;
#1036 = AXIS2_PLACEMENT_3D ( 'NONE', #1035, #1034, #1033 ) ;
#1037 = LINE ( 'NONE', #1032, #1031 ) ;
#1038 = CYLINDRICAL_SURFACE ( 'NONE', #1036, 1.799999999999999600 ) ;
#1039 = FACE_OUTER_BOUND ( 'NONE', #159, .T. ) ;
#1040 = DIRECTION ( 'NONE',  ( 0.0000000000000000000, 0.0000000000000000000, 1.000000000000000000 ) ) ;
#1041 = DIRECTION ( 'NONE',  ( -1.000000000000000000, 0.0000000000000000000, 0.0000000000000000000 ) ) ;
#1042 = CARTESIAN_POINT ( 'NONE',  ( 14.19999999999999800, 8.572244476756645700E-016, 4.000000000000000000 ) ) ;
#1043 = AXIS2_PLACEMENT_3D ( 'NONE', #1042, #1041, #1040 ) ;
#1044 = PLANE ( 'NONE',  #1043 ) ;
#1045 = FACE_OUTER_BOUND ( 'NONE', #254, .T. ) ;
#1046 = DIRECTION ( 'NONE',  ( 0.0000000000000000000, 0.0000000000000000000, -1.000000000000000000 ) ) ;
#1047 = VECTOR ( 'NONE', #1046, 1000.000000000000000 ) ;
#1048 = CARTESIAN_POINT ( 'NONE',  ( 12.39999999999999900, 2.000000000000000900, 4.000000000000000000 ) ) ;
#1049 = DIRECTION ( 'NONE',  ( -1.000000000000000000, 0.0000000000000000000, 0.0000000000000000000 ) ) ;
#1050 = DIRECTION ( 'NONE',  ( 0.0000000000000000000, 0.0000000000000000000, -1.000000000000000000 ) ) ;
#1051 = CARTESIAN_POINT ( 'NONE',  ( 12.39999999999999900, 0.2000000000000011200, 4.000000000000000000 ) ) ;
#1052 = AXIS2_PLACEMENT_3D ( 'NONE', #1051, #1050, #1049 ) ;
#1053 = CYLINDRICAL_SURFACE ( 'NONE', #1052, 1.799999999999999600 ) ;
#1054 = LINE ( 'NONE', #1048, #1047 ) ;
#1055 = FACE_OUTER_BOUND ( 'NONE', #317, .T. ) ;
#1056 = DIRECTION ( 'NONE',  ( 0.0000000000000000000, 0.0000000000000000000, -1.000000000000000000 ) ) ;
#1057 = VECTOR ( 'NONE', #1056, 1000.000000000000000 ) ;
#1058 = CARTESIAN_POINT ( 'NONE',  ( 9.400000000000000400, 0.1999999999999996500, 4.000000000000000000 ) ) ;
#1059 = LINE ( 'NONE', #1058, #1057 ) ;
#1060 = DIRECTION ( 'NONE',  ( 0.0000000000000000000, 0.0000000000000000000, 1.000000000000000000 ) ) ;
#1061 = VECTOR ( 'NONE', #1060, 1000.000000000000000 ) ;
#1062 = CARTESIAN_POINT ( 'NONE',  ( 14.19999999999999800, 0.2000000000000011200, 4.000000000000000000 ) ) ;
#1063 = LINE ( 'NONE', #1062, #1061 ) ;
#1064 = DIRECTION ( 'NONE',  ( 1.000000000000000000, 0.0000000000000000000, 0.0000000000000000000 ) ) ;
#1065 = DIRECTION ( 'NONE',  ( 0.0000000000000000000, 0.0000000000000000000, -1.000000000000000000 ) ) ;
#1066 = CARTESIAN_POINT ( 'NONE',  ( 11.19999999999999900, 0.2000000000000014000, 0.1499999999999999900 ) ) ;
#1067 = AXIS2_PLACEMENT_3D ( 'NONE', #1066, #1065, #1064 ) ;
#1068 = CIRCLE ( 'NONE', #1067, 1.799999999999999600 ) ;
#1069 = DIRECTION ( 'NONE',  ( 0.0000000000000000000, -1.000000000000000000, 0.0000000000000000000 ) ) ;
#1070 = VECTOR ( 'NONE', #1069, 1000.000000000000000 ) ;
#1071 = CARTESIAN_POINT ( 'NONE',  ( 16.00000000000000700, 0.1000000000000000100, 2.050000000000026900 ) ) ;
#1072 = LINE ( 'NONE', #1071, #1070 ) ;
#1073 = CARTESIAN_POINT ( 'NONE',  ( 16.00000000000000700, 0.1000000000000000100, -2.050000000000026900 ) ) ;
#1074 = CARTESIAN_POINT ( 'NONE',  ( 16.00000000000000700, 0.1000000000000000100, 2.050000000000026900 ) ) ;
#1075 = DIRECTION ( 'NONE',  ( 0.0000000000000000000, 0.0000000000000000000, 1.000000000000000000 ) ) ;
#1076 = DIRECTION ( 'NONE',  ( 0.0000000000000000000, 1.000000000000000000, 0.0000000000000000000 ) ) ;
#1077 = AXIS2_PLACEMENT_3D ( 'NONE', #1083, #1076, #1075 ) ;
#1078 = CIRCLE ( 'NONE', #1077, 2.050000000000026900 ) ;
#1079 = DIRECTION ( 'NONE',  ( 0.0000000000000000000, 0.0000000000000000000, 1.000000000000000000 ) ) ;
#1080 = DIRECTION ( 'NONE',  ( 0.0000000000000000000, 1.000000000000000000, 0.0000000000000000000 ) ) ;
#1081 = AXIS2_PLACEMENT_3D ( 'NONE', #1084, #1080, #1079 ) ;
#1082 = CYLINDRICAL_SURFACE ( 'NONE', #1081, 1.099999999999998500 ) ;
#1083 = CARTESIAN_POINT ( 'NONE',  ( 16.00000000000000700, 0.1000000000000000100, 0.0000000000000000000 ) ) ;
#1084 = CARTESIAN_POINT ( 'NONE',  ( 7.499999999999638500, -0.4999999999999998900, 8.076872504148013800E-012 ) ) ;
#1085 = FACE_OUTER_BOUND ( 'NONE', #200, .T. ) ;
#1086 = CARTESIAN_POINT ( 'NONE',  ( 7.800000000000232500, -0.4999999999999998900, 1.058300524433742900 ) ) ;
#1087 = CARTESIAN_POINT ( 'NONE',  ( 16.00000000000000700, 0.1000000000000000100, -1.100000000000001000 ) ) ;
#1088 = DIRECTION ( 'NONE',  ( 0.0000000000000000000, 0.0000000000000000000, 1.000000000000000000 ) ) ;
#1089 = DIRECTION ( 'NONE',  ( 0.0000000000000000000, 1.000000000000000000, 0.0000000000000000000 ) ) ;
#1090 = CARTESIAN_POINT ( 'NONE',  ( 16.00000000000000700, 0.1000000000000000100, 0.0000000000000000000 ) ) ;
#1091 = AXIS2_PLACEMENT_3D ( 'NONE', #1090, #1089, #1088 ) ;
#1092 = CIRCLE ( 'NONE', #1091, 1.100000000000001000 ) ;
#1093 = DIRECTION ( 'NONE',  ( 0.0000000000000000000, 0.0000000000000000000, 1.000000000000000000 ) ) ;
#1094 = DIRECTION ( 'NONE',  ( 0.0000000000000000000, -1.000000000000000000, 0.0000000000000000000 ) ) ;
#1095 = CARTESIAN_POINT ( 'NONE',  ( 15.71954266602953300, 0.0000000000000000000, 2.232452392285616800 ) ) ;
#1096 = AXIS2_PLACEMENT_3D ( 'NONE', #1095, #1094, #1093 ) ;
#1097 = CIRCLE ( 'NONE', #1096, 0.1999999999998834400 ) ;
#1098 = CARTESIAN_POINT ( 'NONE',  ( 15.71954266602953300, 0.0000000000000000000, 2.032452392285732900 ) ) ;
#1099 = DIRECTION ( 'NONE',  ( 0.0000000000000000000, -1.000000000000000000, 0.0000000000000000000 ) ) ;
#1100 = VECTOR ( 'NONE', #1099, 1000.000000000000000 ) ;
#1101 = CARTESIAN_POINT ( 'NONE',  ( 15.71954266602953300, 0.1000000000000000100, 2.032452392285732900 ) ) ;
#1102 = LINE ( 'NONE', #1101, #1100 ) ;
#1103 = DIRECTION ( 'NONE',  ( 0.0000000000000000000, 0.0000000000000000000, -1.000000000000000000 ) ) ;
#1104 = DIRECTION ( 'NONE',  ( 0.0000000000000000000, -1.000000000000000000, 0.0000000000000000000 ) ) ;
#1105 = AXIS2_PLACEMENT_3D ( 'NONE', #1107, #1104, #1103 ) ;
#1106 = CYLINDRICAL_SURFACE ( 'NONE', #1105, 0.1999999999998834400 ) ;
#1107 = CARTESIAN_POINT ( 'NONE',  ( 15.71954266602953300, 0.1000000000000000100, 2.232452392285616800 ) ) ;
#1108 = FACE_OUTER_BOUND ( 'NONE', #113, .T. ) ;
#1109 = CARTESIAN_POINT ( 'NONE',  ( 15.74447220682693200, 0.0000000000000000000, -2.034012179638118800 ) ) ;
#1110 = DIRECTION ( 'NONE',  ( 1.000000000000000000, 0.0000000000000000000, 0.0000000000000000000 ) ) ;
#1111 = DIRECTION ( 'NONE',  ( 0.0000000000000000000, 0.0000000000000000000, 1.000000000000000000 ) ) ;
#1112 = CARTESIAN_POINT ( 'NONE',  ( 3.000000000000000000, -2.800000000000000300, 5.599999999999999600 ) ) ;
#1113 = AXIS2_PLACEMENT_3D ( 'NONE', #1112, #1111, #1110 ) ;
#1114 = CIRCLE ( 'NONE', #1113, 1.499999999999999600 ) ;
#1115 = DIRECTION ( 'NONE',  ( 0.0000000000000000000, 0.0000000000000000000, 1.000000000000000000 ) ) ;
#1116 = VECTOR ( 'NONE', #1115, 1000.000000000000000 ) ;
#1117 = CARTESIAN_POINT ( 'NONE',  ( 1.500000000000000400, -2.800000000000000300, -5.599999999999999600 ) ) ;
#1118 = LINE ( 'NONE', #1117, #1116 ) ;
#1119 = CARTESIAN_POINT ( 'NONE',  ( 51.89069439838651500, -65.50698948877716500, 0.0000000000000000000 ) ) ;
#1120 = CARTESIAN_POINT ( 'NONE',  ( 54.50698948877675300, -62.89069439838694800, 2.265596578422602600E-016 ) ) ;
#1121 = DIRECTION ( 'NONE',  ( 0.7071067811865513500, 0.7071067811865438000, 0.0000000000000000000 ) ) ;
#1122 = DIRECTION ( 'NONE',  ( 0.7071067811865438000, -0.7071067811865513500, 0.0000000000000000000 ) ) ;
#1123 = CARTESIAN_POINT ( 'NONE',  ( 53.19884194358163400, -64.19884194358205300, 0.0000000000000000000 ) ) ;
#1124 = AXIS2_PLACEMENT_3D ( 'NONE', #1123, #1122, #1121 ) ;
#1125 = CIRCLE ( 'NONE', #1124, 1.850000000000001200 ) ;
#1126 = CIRCLE ( 'NONE', #1181, 1.499999999999999600 ) ;
#1127 = CARTESIAN_POINT ( 'NONE',  ( 4.500000000000000000, -2.800000000000000300, -5.599999999999999600 ) ) ;
#1128 = CARTESIAN_POINT ( 'NONE',  ( 7.499999999999638500, -0.4999999999999998900, 1.100000000008075400 ) ) ;
#1129 = DIRECTION ( 'NONE',  ( 0.0000000000000000000, 0.0000000000000000000, -1.000000000000000000 ) ) ;
#1130 = DIRECTION ( 'NONE',  ( 0.0000000000000000000, -1.000000000000000000, 0.0000000000000000000 ) ) ;
#1131 = CARTESIAN_POINT ( 'NONE',  ( 7.499999999999638500, -0.4999999999999998900, 8.076872504148013800E-012 ) ) ;
#1132 = AXIS2_PLACEMENT_3D ( 'NONE', #1131, #1130, #1129 ) ;
#1133 = CIRCLE ( 'NONE', #1132, 1.099999999999998500 ) ;
#1134 = CARTESIAN_POINT ( 'NONE',  ( 15.69999999999999900, 0.0000000000000000000, -1.058300524425834300 ) ) ;
#1135 = DIRECTION ( 'NONE',  ( 0.0000000000000000000, 0.0000000000000000000, 1.000000000000000000 ) ) ;
#1136 = DIRECTION ( 'NONE',  ( 0.0000000000000000000, 1.000000000000000000, 0.0000000000000000000 ) ) ;
#1137 = CARTESIAN_POINT ( 'NONE',  ( 16.00000000000000700, 0.0000000000000000000, 0.0000000000000000000 ) ) ;
#1138 = AXIS2_PLACEMENT_3D ( 'NONE', #1137, #1136, #1135 ) ;
#1139 = CIRCLE ( 'NONE', #1138, 1.100000000000001000 ) ;
#1140 = CARTESIAN_POINT ( 'NONE',  ( 15.69999999999999900, -0.4999999999999998900, 1.058300524425832600 ) ) ;
#1141 = DIRECTION ( 'NONE',  ( 0.0000000000000000000, -1.000000000000000000, 0.0000000000000000000 ) ) ;
#1142 = VECTOR ( 'NONE', #1141, 1000.000000000000000 ) ;
#1143 = CARTESIAN_POINT ( 'NONE',  ( 16.00000000000000700, 0.1000000000000000100, 1.100000000000001000 ) ) ;
#1144 = LINE ( 'NONE', #1143, #1142 ) ;
#1145 = DIRECTION ( 'NONE',  ( 0.0000000000000000000, 0.0000000000000000000, -1.000000000000000000 ) ) ;
#1146 = DIRECTION ( 'NONE',  ( 0.0000000000000000000, 1.000000000000000000, 0.0000000000000000000 ) ) ;
#1147 = AXIS2_PLACEMENT_3D ( 'NONE', #1153, #1146, #1145 ) ;
#1148 = CIRCLE ( 'NONE', #1147, 1.099999999999998500 ) ;
#1149 = DIRECTION ( 'NONE',  ( 0.0000000000000000000, 0.0000000000000000000, -1.000000000000000000 ) ) ;
#1150 = DIRECTION ( 'NONE',  ( 0.0000000000000000000, -1.000000000000000000, 0.0000000000000000000 ) ) ;
#1151 = CARTESIAN_POINT ( 'NONE',  ( 1.898139848424684800E-015, 0.0000000000000000000, 5.599999999999999600 ) ) ;
#1152 = AXIS2_PLACEMENT_3D ( 'NONE', #1151, #1150, #1149 ) ;
#1153 = CARTESIAN_POINT ( 'NONE',  ( 7.499999999999638500, 0.0000000000000000000, 8.076872504148013800E-012 ) ) ;
#1154 = DIRECTION ( 'NONE',  ( 0.0000000000000000000, 0.0000000000000000000, 1.000000000000000000 ) ) ;
#1155 = CARTESIAN_POINT ( 'NONE',  ( 1.500000000000003600, -28.19999999999999900, -5.599999999999999600 ) ) ;
#1156 = LINE ( 'NONE', #1155, #1261 ) ;
#1157 = CARTESIAN_POINT ( 'NONE',  ( 4.500000000000002700, -28.19999999999999900, -5.599999999999999600 ) ) ;
#1158 = CARTESIAN_POINT ( 'NONE',  ( 1.500000000000003600, -28.19999999999999900, 5.599999999999999600 ) ) ;
#1159 = DIRECTION ( 'NONE',  ( 1.000000000000000000, 0.0000000000000000000, 0.0000000000000000000 ) ) ;
#1160 = DIRECTION ( 'NONE',  ( 0.0000000000000000000, 0.0000000000000000000, 1.000000000000000000 ) ) ;
#1161 = CARTESIAN_POINT ( 'NONE',  ( 3.000000000000003100, -28.19999999999999900, -5.599999999999999600 ) ) ;
#1162 = AXIS2_PLACEMENT_3D ( 'NONE', #1161, #1160, #1159 ) ;
#1163 = CIRCLE ( 'NONE', #1162, 1.499999999999999100 ) ;
#1164 = CARTESIAN_POINT ( 'NONE',  ( 16.00000000000000700, 0.0000000000000000000, 2.050000000000026900 ) ) ;
#1165 = DIRECTION ( 'NONE',  ( 0.0000000000000000000, 0.0000000000000000000, 1.000000000000000000 ) ) ;
#1166 = DIRECTION ( 'NONE',  ( 0.0000000000000000000, 1.000000000000000000, 0.0000000000000000000 ) ) ;
#1167 = CARTESIAN_POINT ( 'NONE',  ( 16.00000000000000700, 0.0000000000000000000, 0.0000000000000000000 ) ) ;
#1168 = AXIS2_PLACEMENT_3D ( 'NONE', #1167, #1166, #1165 ) ;
#1169 = CIRCLE ( 'NONE', #1168, 2.050000000000026900 ) ;
#1170 = CARTESIAN_POINT ( 'NONE',  ( 16.00000000000000700, 0.0000000000000000000, -2.050000000000026900 ) ) ;
#1171 = DIRECTION ( 'NONE',  ( 0.0000000000000000000, 0.0000000000000000000, -1.000000000000000000 ) ) ;
#1172 = DIRECTION ( 'NONE',  ( 0.0000000000000000000, -1.000000000000000000, 0.0000000000000000000 ) ) ;
#1173 = AXIS2_PLACEMENT_3D ( 'NONE', #1175, #1172, #1171 ) ;
#1174 = CYLINDRICAL_SURFACE ( 'NONE', #1173, 2.050000000000026900 ) ;
#1175 = CARTESIAN_POINT ( 'NONE',  ( 16.00000000000000700, 0.1000000000000000100, 0.0000000000000000000 ) ) ;
#1176 = FACE_OUTER_BOUND ( 'NONE', #53, .T. ) ;
#1177 = CARTESIAN_POINT ( 'NONE',  ( 1.500000000000000400, -2.800000000000000300, 5.599999999999999600 ) ) ;
#1178 = DIRECTION ( 'NONE',  ( 1.000000000000000000, 0.0000000000000000000, 0.0000000000000000000 ) ) ;
#1179 = DIRECTION ( 'NONE',  ( 0.0000000000000000000, 0.0000000000000000000, 1.000000000000000000 ) ) ;
#1180 = CARTESIAN_POINT ( 'NONE',  ( 3.000000000000000000, -2.800000000000000300, -5.599999999999999600 ) ) ;
#1181 = AXIS2_PLACEMENT_3D ( 'NONE', #1180, #1179, #1178 ) ;
#1182 = PLANE ( 'NONE',  #1152 ) ;
#1183 = FACE_OUTER_BOUND ( 'NONE', #239, .T. ) ;
#1184 = CARTESIAN_POINT ( 'NONE',  ( 14.09705631014569400, 0.0000000000000000000, -2.799999900162220000 ) ) ;
#1185 = CARTESIAN_POINT ( 'NONE',  ( 9.500000000000000000, 1.925929944387235900E-031, 0.1499999999999999900 ) ) ;
#1186 = DIRECTION ( 'NONE',  ( 0.0000000000000000000, 0.0000000000000000000, -1.000000000000000000 ) ) ;
#1187 = VECTOR ( 'NONE', #1186, 1000.000000000000000 ) ;
#1188 = CARTESIAN_POINT ( 'NONE',  ( 20.00000000000000400, 0.0000000000000000000, 5.599999999999999600 ) ) ;
#1189 = LINE ( 'NONE', #1188, #1187 ) ;
#1190 = DIRECTION ( 'NONE',  ( -1.000000000000000000, 0.0000000000000000000, 0.0000000000000000000 ) ) ;
#1191 = VECTOR ( 'NONE', #1190, 1000.000000000000000 ) ;
#1192 = CARTESIAN_POINT ( 'NONE',  ( 1.898139848424684800E-015, 0.0000000000000000000, 5.599999999999999600 ) ) ;
#1193 = LINE ( 'NONE', #1192, #1191 ) ;
#1194 = CARTESIAN_POINT ( 'NONE',  ( 15.53160414187229500, 0.0000000000000000000, -2.164048363620922500 ) ) ;
#1195 = CARTESIAN_POINT ( 'NONE',  ( 15.34803374430332200, 0.0000000000000000000, -2.668403885821871500 ) ) ;
#1196 = DIRECTION ( 'NONE',  ( 0.0000000000000000000, 0.0000000000000000000, 1.000000000000000000 ) ) ;
#1197 = DIRECTION ( 'NONE',  ( 0.0000000000000000000, 1.000000000000000000, 0.0000000000000000000 ) ) ;
#1198 = CARTESIAN_POINT ( 'NONE',  ( 15.16009520449344600, 0.0000000000000000000, -2.599999900162202900 ) ) ;
#1199 = AXIS2_PLACEMENT_3D ( 'NONE', #1198, #1197, #1196 ) ;
#1200 = CIRCLE ( 'NONE', #1199, 0.1999999999999914100 ) ;
#1201 = DIRECTION ( 'NONE',  ( 0.0000000000000000000, 0.0000000000000000000, 1.000000000000000000 ) ) ;
#1202 = DIRECTION ( 'NONE',  ( 0.0000000000000000000, -1.000000000000000000, 0.0000000000000000000 ) ) ;
#1203 = CARTESIAN_POINT ( 'NONE',  ( 15.71954266602953300, 0.0000000000000000000, 2.232452392285616800 ) ) ;
#1204 = AXIS2_PLACEMENT_3D ( 'NONE', #1203, #1202, #1201 ) ;
#1205 = CIRCLE ( 'NONE', #1204, 0.1999999999998834400 ) ;
#1206 = DIRECTION ( 'NONE',  ( 0.0000000000000000000, -1.000000000000000000, 0.0000000000000000000 ) ) ;
#1207 = VECTOR ( 'NONE', #1206, 1000.000000000000000 ) ;
#1208 = CARTESIAN_POINT ( 'NONE',  ( 15.74447220682693200, 0.1000000000000000100, -2.034012179638118800 ) ) ;
#1209 = LINE ( 'NONE', #1208, #1207 ) ;
#1210 = DIRECTION ( 'NONE',  ( 0.0000000000000000000, 0.0000000000000000000, 1.000000000000000000 ) ) ;
#1211 = DIRECTION ( 'NONE',  ( 0.0000000000000000000, 1.000000000000000000, 0.0000000000000000000 ) ) ;
#1212 = AXIS2_PLACEMENT_3D ( 'NONE', #1219, #1211, #1210 ) ;
#1213 = CIRCLE ( 'NONE', #1212, 2.050000000000026900 ) ;
#1214 = DIRECTION ( 'NONE',  ( 1.000000000000000000, 0.0000000000000000000, 0.0000000000000000000 ) ) ;
#1215 = DIRECTION ( 'NONE',  ( 0.0000000000000000000, 0.0000000000000000000, 1.000000000000000000 ) ) ;
#1216 = CARTESIAN_POINT ( 'NONE',  ( 3.000000000000003100, -28.19999999999999900, -5.599999999999999600 ) ) ;
#1217 = AXIS2_PLACEMENT_3D ( 'NONE', #1216, #1215, #1214 ) ;
#1218 = CYLINDRICAL_SURFACE ( 'NONE', #1217, 1.499999999999999100 ) ;
#1219 = CARTESIAN_POINT ( 'NONE',  ( 16.00000000000000700, 0.0000000000000000000, 0.0000000000000000000 ) ) ;
#1220 = FACE_OUTER_BOUND ( 'NONE', #108, .T. ) ;
#1221 = DIRECTION ( 'NONE',  ( 0.0000000000000000000, -1.000000000000000000, 0.0000000000000000000 ) ) ;
#1222 = VECTOR ( 'NONE', #1221, 1000.000000000000000 ) ;
#1223 = CARTESIAN_POINT ( 'NONE',  ( 15.74447220682696100, 0.1000000000000000100, 2.034012179638121900 ) ) ;
#1224 = LINE ( 'NONE', #1223, #1222 ) ;
#1225 = DIRECTION ( 'NONE',  ( 0.0000000000000000000, -1.000000000000000000, 0.0000000000000000000 ) ) ;
#1226 = VECTOR ( 'NONE', #1225, 1000.000000000000000 ) ;
#1227 = CARTESIAN_POINT ( 'NONE',  ( 16.00000000000000700, 0.1000000000000000100, -2.050000000000026900 ) ) ;
#1228 = LINE ( 'NONE', #1227, #1226 ) ;
#1229 = CARTESIAN_POINT ( 'NONE',  ( 15.74447220682693200, 0.1000000000000000100, -2.034012179638118800 ) ) ;
#1230 = DIRECTION ( 'NONE',  ( 0.0000000000000000000, 0.0000000000000000000, 1.000000000000000000 ) ) ;
#1231 = DIRECTION ( 'NONE',  ( 0.0000000000000000000, 1.000000000000000000, 0.0000000000000000000 ) ) ;
#1232 = CARTESIAN_POINT ( 'NONE',  ( 16.00000000000000700, 0.1000000000000000100, 0.0000000000000000000 ) ) ;
#1233 = AXIS2_PLACEMENT_3D ( 'NONE', #1232, #1231, #1230 ) ;
#1234 = CIRCLE ( 'NONE', #1233, 2.050000000000026900 ) ;
#1235 = CARTESIAN_POINT ( 'NONE',  ( 15.74447220682696100, 0.1000000000000000100, 2.034012179638121900 ) ) ;
#1236 = CARTESIAN_POINT ( 'NONE',  ( 15.71954266602953300, 0.1000000000000000100, 2.032452392285732900 ) ) ;
#1237 = DIRECTION ( 'NONE',  ( 0.0000000000000000000, 0.0000000000000000000, 1.000000000000000000 ) ) ;
#1238 = DIRECTION ( 'NONE',  ( 0.0000000000000000000, -1.000000000000000000, 0.0000000000000000000 ) ) ;
#1239 = CARTESIAN_POINT ( 'NONE',  ( 15.71954266602953300, 0.1000000000000000100, 2.232452392285616800 ) ) ;
#1240 = AXIS2_PLACEMENT_3D ( 'NONE', #1239, #1238, #1237 ) ;
#1241 = CIRCLE ( 'NONE', #1240, 0.1999999999998834400 ) ;
#1242 = CARTESIAN_POINT ( 'NONE',  ( 15.74447220682696100, 0.0000000000000000000, 2.034012179638121900 ) ) ;
#1243 = CARTESIAN_POINT ( 'NONE',  ( 4.500000000000000000, -2.800000000000000300, 5.599999999999999600 ) ) ;
#1244 = CARTESIAN_POINT ( 'NONE',  ( 1.500000000000000400, -2.800000000000000300, -5.599999999999999600 ) ) ;
#1245 = DIRECTION ( 'NONE',  ( 1.000000000000000000, 0.0000000000000000000, 0.0000000000000000000 ) ) ;
#1246 = DIRECTION ( 'NONE',  ( 0.0000000000000000000, 0.0000000000000000000, 1.000000000000000000 ) ) ;
#1247 = CARTESIAN_POINT ( 'NONE',  ( 3.000000000000000000, -2.800000000000000300, -5.599999999999999600 ) ) ;
#1248 = AXIS2_PLACEMENT_3D ( 'NONE', #1247, #1246, #1245 ) ;
#1249 = CYLINDRICAL_SURFACE ( 'NONE', #1248, 1.499999999999999600 ) ;
#1250 = FACE_OUTER_BOUND ( 'NONE', #72, .T. ) ;
#1251 = DIRECTION ( 'NONE',  ( 0.0000000000000000000, 0.0000000000000000000, 1.000000000000000000 ) ) ;
#1252 = VECTOR ( 'NONE', #1251, 1000.000000000000000 ) ;
#1253 = CARTESIAN_POINT ( 'NONE',  ( 4.500000000000002700, -28.19999999999999900, -5.599999999999999600 ) ) ;
#1254 = LINE ( 'NONE', #1253, #1252 ) ;
#1255 = CARTESIAN_POINT ( 'NONE',  ( 4.500000000000002700, -28.19999999999999900, 5.599999999999999600 ) ) ;
#1256 = DIRECTION ( 'NONE',  ( 1.000000000000000000, 0.0000000000000000000, 0.0000000000000000000 ) ) ;
#1257 = DIRECTION ( 'NONE',  ( 0.0000000000000000000, 0.0000000000000000000, 1.000000000000000000 ) ) ;
#1258 = CARTESIAN_POINT ( 'NONE',  ( 3.000000000000003100, -28.19999999999999900, 5.599999999999999600 ) ) ;
#1259 = AXIS2_PLACEMENT_3D ( 'NONE', #1258, #1257, #1256 ) ;
#1260 = CIRCLE ( 'NONE', #1259, 1.499999999999999100 ) ;
#1261 = VECTOR ( 'NONE', #1154, 1000.000000000000000 ) ;
#1262 = DIRECTION ( 'NONE',  ( -0.7071067811865513500, -0.7071067811865438000, 0.0000000000000000000 ) ) ;
#1263 = DIRECTION ( 'NONE',  ( -0.7071067811865438000, 0.7071067811865514600, 0.0000000000000000000 ) ) ;
#1264 = CARTESIAN_POINT ( 'NONE',  ( 53.19884194358163400, -64.19884194358205300, 0.0000000000000000000 ) ) ;
#1265 = AXIS2_PLACEMENT_3D ( 'NONE', #1264, #1263, #1262 ) ;
#1266 = CARTESIAN_POINT ( 'NONE',  ( 1.500000000000003600, -28.19999999999999900, -5.599999999999999600 ) ) ;
#1267 = CYLINDRICAL_SURFACE ( 'NONE', #1265, 1.850000000000001200 ) ;
#1268 = FACE_OUTER_BOUND ( 'NONE', #78, .T. ) ;
#1269 = DIRECTION ( 'NONE',  ( 0.0000000000000000000, 0.0000000000000000000, 1.000000000000000000 ) ) ;
#1270 = VECTOR ( 'NONE', #1269, 1000.000000000000000 ) ;
#1271 = CARTESIAN_POINT ( 'NONE',  ( 4.500000000000000000, -2.800000000000000300, -5.599999999999999600 ) ) ;
#1272 = LINE ( 'NONE', #1271, #1270 ) ;
#1273 = LINE ( 'NONE', #1535, #1713 ) ;
#1274 = CIRCLE ( 'NONE', #1867, 1.799999999999999600 ) ;
#1275 = DIRECTION ( 'NONE',  ( 0.0000000000000000000, 0.0000000000000000000, 1.000000000000000000 ) ) ;
#1276 = DIRECTION ( 'NONE',  ( 0.0000000000000000000, 1.000000000000000000, 0.0000000000000000000 ) ) ;
#1277 = CARTESIAN_POINT ( 'NONE',  ( 15.16009520449346900, 0.0000000000000000000, 2.599999900162196300 ) ) ;
#1278 = AXIS2_PLACEMENT_3D ( 'NONE', #1277, #1276, #1275 ) ;
#1279 = CIRCLE ( 'NONE', #1278, 0.1999999999999970700 ) ;
#1280 = CARTESIAN_POINT ( 'NONE',  ( 9.400000000000000400, 1.925929944387235900E-031, -0.1499999999999999900 ) ) ;
#1281 = DIRECTION ( 'NONE',  ( 1.000000000000000000, 1.785884265990968600E-016, 0.0000000000000000000 ) ) ;
#1282 = VECTOR ( 'NONE', #1281, 1000.000000000000000 ) ;
#1283 = CARTESIAN_POINT ( 'NONE',  ( 9.400000000000000400, 1.925929944387235900E-031, -4.000000000000000000 ) ) ;
#1284 = LINE ( 'NONE', #1283, #1282 ) ;
#1285 = DIRECTION ( 'NONE',  ( 0.0000000000000000000, 0.0000000000000000000, 1.000000000000000000 ) ) ;
#1286 = DIRECTION ( 'NONE',  ( 0.0000000000000000000, -1.000000000000000000, 0.0000000000000000000 ) ) ;
#1287 = CARTESIAN_POINT ( 'NONE',  ( 15.71954266602952000, 0.0000000000000000000, -2.232452392285616800 ) ) ;
#1288 = AXIS2_PLACEMENT_3D ( 'NONE', #1287, #1286, #1285 ) ;
#1289 = CIRCLE ( 'NONE', #1288, 0.1999999999998903800 ) ;
#1290 = DIRECTION ( 'NONE',  ( 0.0000000000000000000, 0.0000000000000000000, -1.000000000000000000 ) ) ;
#1291 = DIRECTION ( 'NONE',  ( 0.0000000000000000000, -1.000000000000000000, 0.0000000000000000000 ) ) ;
#1292 = CARTESIAN_POINT ( 'NONE',  ( 11.19999999999999900, 0.0000000000000000000, -2.200000000000000600 ) ) ;
#1293 = AXIS2_PLACEMENT_3D ( 'NONE', #1292, #1291, #1290 ) ;
#1294 = CIRCLE ( 'NONE', #1293, 1.799999999999999600 ) ;
#1295 = DIRECTION ( 'NONE',  ( 0.0000000000000000000, 0.0000000000000000000, -1.000000000000000000 ) ) ;
#1296 = DIRECTION ( 'NONE',  ( 0.0000000000000000000, -1.000000000000000000, 0.0000000000000000000 ) ) ;
#1297 = CARTESIAN_POINT ( 'NONE',  ( 1.898139848424684800E-015, 0.0000000000000000000, 5.599999999999999600 ) ) ;
#1298 = AXIS2_PLACEMENT_3D ( 'NONE', #1297, #1296, #1295 ) ;
#1299 = PLANE ( 'NONE',  #1298 ) ;
#1300 = FACE_OUTER_BOUND ( 'NONE', #149, .T. ) ;
#1301 = DIRECTION ( 'NONE',  ( 0.0000000000000000000, 0.0000000000000000000, 1.000000000000000000 ) ) ;
#1302 = VECTOR ( 'NONE', #1301, 1000.000000000000000 ) ;
#1303 = CARTESIAN_POINT ( 'NONE',  ( 15.69999999999999900, 0.0000000000000000000, 5.599999999999999600 ) ) ;
#1304 = LINE ( 'NONE', #1303, #1302 ) ;
#1305 = CIRCLE ( 'NONE', #1360, 0.1999999999998834400 ) ;
#1306 = LINE ( 'NONE', #1356, #1355 ) ;
#1307 = DIRECTION ( 'NONE',  ( -0.4226177178421047800, 0.0000000000000000000, -0.9063080406605311700 ) ) ;
#1308 = VECTOR ( 'NONE', #1307, 1000.000000000000100 ) ;
#1309 = CARTESIAN_POINT ( 'NONE',  ( 15.71415409296752400, 0.1000000000000000100, 1.662495778873561000 ) ) ;
#1310 = LINE ( 'NONE', #1309, #1308 ) ;
#1311 = CARTESIAN_POINT ( 'NONE',  ( 15.59461977183820200, 0.1000000000000000100, 1.406153198331592700 ) ) ;
#1312 = DIRECTION ( 'NONE',  ( -0.9396923983359867200, 0.0000000000000000000, -0.3420207545011870200 ) ) ;
#1313 = VECTOR ( 'NONE', #1312, 1000.000000000000100 ) ;
#1314 = CARTESIAN_POINT ( 'NONE',  ( 15.59461977183820200, 0.1000000000000000100, 1.406153198331592700 ) ) ;
#1315 = LINE ( 'NONE', #1314, #1313 ) ;
#1316 = CARTESIAN_POINT ( 'NONE',  ( 15.40668167024850800, 0.1000000000000000100, 1.337749185040590900 ) ) ;
#1317 = DIRECTION ( 'NONE',  ( -0.9063078723892392700, 0.0000000000000000000, 0.4226180787014328100 ) ) ;
#1318 = VECTOR ( 'NONE', #1317, 1000.000000000000000 ) ;
#1319 = CARTESIAN_POINT ( 'NONE',  ( 15.40668167024850800, 0.1000000000000000100, 1.337749185040591400 ) ) ;
#1320 = LINE ( 'NONE', #1319, #1318 ) ;
#1321 = CARTESIAN_POINT ( 'NONE',  ( 14.19999999999999800, 0.1000000000000000100, -0.1499999999999999700 ) ) ;
#1322 = DIRECTION ( 'NONE',  ( 0.0000000000000000000, 0.0000000000000000000, 1.000000000000000000 ) ) ;
#1323 = VECTOR ( 'NONE', #1322, 1000.000000000000000 ) ;
#1324 = CARTESIAN_POINT ( 'NONE',  ( 14.19999999999999800, 0.1000000000000000100, -2.200000000000000600 ) ) ;
#1325 = LINE ( 'NONE', #1324, #1323 ) ;
#1326 = CARTESIAN_POINT ( 'NONE',  ( 15.34803374430335200, 0.0000000000000000000, 2.668403885821863900 ) ) ;
#1327 = DIRECTION ( 'NONE',  ( 0.3420201433257159000, 0.0000000000000000000, -0.9396926207858911100 ) ) ;
#1328 = VECTOR ( 'NONE', #1327, 1000.000000000000200 ) ;
#1329 = CARTESIAN_POINT ( 'NONE',  ( 15.34803374430335200, 0.0000000000000000000, 2.668403885821863900 ) ) ;
#1330 = LINE ( 'NONE', #1329, #1328 ) ;
#1331 = CARTESIAN_POINT ( 'NONE',  ( 15.53160414187246200, 0.0000000000000000000, 2.164048363620504100 ) ) ;
#1332 = CARTESIAN_POINT ( 'NONE',  ( 12.39999999999999900, 5.357652797972903500E-016, -4.000000000000000000 ) ) ;
#1333 = DIRECTION ( 'NONE',  ( 0.7071067811865512400, 0.7071067811865439100, 0.0000000000000000000 ) ) ;
#1334 = DIRECTION ( 'NONE',  ( 0.7071067811865439100, -0.7071067811865512400, 0.0000000000000000000 ) ) ;
#1335 = CARTESIAN_POINT ( 'NONE',  ( 17.84350288425444100, -28.84350288425448400, 0.0000000000000000000 ) ) ;
#1336 = AXIS2_PLACEMENT_3D ( 'NONE', #1335, #1334, #1333 ) ;
#1337 = PLANE ( 'NONE',  #1336 ) ;
#1338 = DIRECTION ( 'NONE',  ( 1.000000000000000000, 0.0000000000000000000, 0.0000000000000000000 ) ) ;
#1339 = DIRECTION ( 'NONE',  ( 0.0000000000000000000, 0.0000000000000000000, -1.000000000000000000 ) ) ;
#1340 = AXIS2_PLACEMENT_3D ( 'NONE', #1362, #1339, #1338 ) ;
#1341 = CIRCLE ( 'NONE', #1340, 1.799999999999999600 ) ;
#1342 = DIRECTION ( 'NONE',  ( 1.000000000000000000, -9.035018104045873200E-017, 0.0000000000000000000 ) ) ;
#1343 = VECTOR ( 'NONE', #1342, 1000.000000000000000 ) ;
#1344 = CARTESIAN_POINT ( 'NONE',  ( 9.399999999999998600, 2.000000000000001300, 2.200000000000000200 ) ) ;
#1345 = DIRECTION ( 'NONE',  ( 0.0000000000000000000, 0.0000000000000000000, -1.000000000000000000 ) ) ;
#1346 = VECTOR ( 'NONE', #1345, 1000.000000000000000 ) ;
#1347 = CARTESIAN_POINT ( 'NONE',  ( 7.800000000000232500, 0.0000000000000000000, 5.599999999999999600 ) ) ;
#1348 = LINE ( 'NONE', #1347, #1346 ) ;
#1349 = CARTESIAN_POINT ( 'NONE',  ( 7.800000000000232500, 0.0000000000000000000, -1.058300524417592500 ) ) ;
#1350 = DIRECTION ( 'NONE',  ( 0.0000000000000000000, 0.0000000000000000000, -1.000000000000000000 ) ) ;
#1351 = VECTOR ( 'NONE', #1350, 1000.000000000000000 ) ;
#1352 = CARTESIAN_POINT ( 'NONE',  ( 9.400000000000000400, 1.925929944387235900E-031, 4.000000000000000000 ) ) ;
#1353 = LINE ( 'NONE', #1352, #1351 ) ;
#1354 = DIRECTION ( 'NONE',  ( 0.9063078723892392700, 0.0000000000000000000, 0.4226180787014328100 ) ) ;
#1355 = VECTOR ( 'NONE', #1354, 1000.000000000000000 ) ;
#1356 = CARTESIAN_POINT ( 'NONE',  ( 15.15033885687589600, 0.1000000000000000100, -1.457283739000558900 ) ) ;
#1357 = DIRECTION ( 'NONE',  ( 0.0000000000000000000, 0.0000000000000000000, 1.000000000000000000 ) ) ;
#1358 = DIRECTION ( 'NONE',  ( 0.0000000000000000000, -1.000000000000000000, 0.0000000000000000000 ) ) ;
#1359 = CARTESIAN_POINT ( 'NONE',  ( 15.71954266602953300, 0.1000000000000000100, 2.232452392285616800 ) ) ;
#1360 = AXIS2_PLACEMENT_3D ( 'NONE', #1359, #1358, #1357 ) ;
#1361 = CIRCLE ( 'NONE', #1476, 3.199999999999997100 ) ;
#1362 = CARTESIAN_POINT ( 'NONE',  ( 12.39999999999999900, 0.2000000000000011200, 0.1499999999999999900 ) ) ;
#1363 = CARTESIAN_POINT ( 'NONE',  ( 12.39999999999999900, 2.000000000000000400, 0.1499999999999999900 ) ) ;
#1364 = DIRECTION ( 'NONE',  ( 1.000000000000000000, 0.0000000000000000000, 0.0000000000000000000 ) ) ;
#1365 = DIRECTION ( 'NONE',  ( 0.0000000000000000000, 0.0000000000000000000, 1.000000000000000000 ) ) ;
#1366 = CARTESIAN_POINT ( 'NONE',  ( 12.39999999999999900, 0.2000000000000011200, 2.200000000000000200 ) ) ;
#1367 = AXIS2_PLACEMENT_3D ( 'NONE', #1366, #1365, #1364 ) ;
#1368 = CIRCLE ( 'NONE', #1367, 1.799999999999999600 ) ;
#1369 = LINE ( 'NONE', #1501, #1500 ) ;
#1370 = CARTESIAN_POINT ( 'NONE',  ( 7.800000000000232500, 0.0000000000000000000, 1.058300524433742900 ) ) ;
#1371 = CARTESIAN_POINT ( 'NONE',  ( 16.00000000000000700, -0.4999999999999998900, -1.100000000000000800 ) ) ;
#1372 = DIRECTION ( 'NONE',  ( 0.0000000000000000000, -1.000000000000000000, 0.0000000000000000000 ) ) ;
#1373 = VECTOR ( 'NONE', #1372, 1000.000000000000000 ) ;
#1374 = CARTESIAN_POINT ( 'NONE',  ( 16.00000000000000700, 0.1000000000000000100, -1.100000000000001000 ) ) ;
#1375 = LINE ( 'NONE', #1374, #1373 ) ;
#1376 = DIRECTION ( 'NONE',  ( 0.0000000000000000000, 0.0000000000000000000, -1.000000000000000000 ) ) ;
#1377 = DIRECTION ( 'NONE',  ( 0.0000000000000000000, -1.000000000000000000, 0.0000000000000000000 ) ) ;
#1378 = CARTESIAN_POINT ( 'NONE',  ( 16.00000000000000700, -0.4999999999999998900, 0.0000000000000000000 ) ) ;
#1379 = AXIS2_PLACEMENT_3D ( 'NONE', #1378, #1377, #1376 ) ;
#1380 = CIRCLE ( 'NONE', #1379, 1.100000000000000800 ) ;
#1381 = CARTESIAN_POINT ( 'NONE',  ( 15.69999999999999900, 0.0000000000000000000, 1.058300524425832600 ) ) ;
#1382 = DIRECTION ( 'NONE',  ( 0.0000000000000000000, 1.000000000000000000, 0.0000000000000000000 ) ) ;
#1383 = VECTOR ( 'NONE', #1382, 1000.000000000000000 ) ;
#1384 = CARTESIAN_POINT ( 'NONE',  ( 15.69999999999999900, -0.4999999999999998900, 1.058300524425832600 ) ) ;
#1385 = LINE ( 'NONE', #1384, #1383 ) ;
#1386 = CARTESIAN_POINT ( 'NONE',  ( 15.69999999999999900, -0.4999999999999998900, -1.058300524425834300 ) ) ;
#1387 = DIRECTION ( 'NONE',  ( 0.0000000000000000000, 1.000000000000000000, 0.0000000000000000000 ) ) ;
#1388 = VECTOR ( 'NONE', #1387, 1000.000000000000000 ) ;
#1389 = CARTESIAN_POINT ( 'NONE',  ( 15.69999999999999900, -0.4999999999999998900, -1.058300524425834300 ) ) ;
#1390 = DIRECTION ( 'NONE',  ( 0.0000000000000000000, 1.000000000000000000, 0.0000000000000000000 ) ) ;
#1391 = CARTESIAN_POINT ( 'NONE',  ( 16.00000000000000700, 0.0000000000000000000, 0.0000000000000000000 ) ) ;
#1392 = AXIS2_PLACEMENT_3D ( 'NONE', #1391, #1390, #1445 ) ;
#1393 = CIRCLE ( 'NONE', #1392, 2.050000000000026900 ) ;
#1394 = FACE_OUTER_BOUND ( 'NONE', #390, .T. ) ;
#1395 = CARTESIAN_POINT ( 'NONE',  ( 16.30000000000059800, 0.0000000000000000000, -1.058300524425669100 ) ) ;
#1396 = CARTESIAN_POINT ( 'NONE',  ( 16.30000000000059800, 0.0000000000000000000, 1.058300524425669400 ) ) ;
#1397 = DIRECTION ( 'NONE',  ( -8.673617379884027600E-015, 0.0000000000000000000, -1.000000000000000000 ) ) ;
#1398 = DIRECTION ( 'NONE',  ( 0.0000000000000000000, 1.000000000000000000, 0.0000000000000000000 ) ) ;
#1399 = CARTESIAN_POINT ( 'NONE',  ( 7.499999999999638500, 0.0000000000000000000, 8.076872504148013800E-012 ) ) ;
#1400 = AXIS2_PLACEMENT_3D ( 'NONE', #1399, #1398, #1397 ) ;
#1401 = CIRCLE ( 'NONE', #1400, 1.100000000000001000 ) ;
#1402 = FACE_BOUND ( 'NONE', #162, .T. ) ;
#1403 = FACE_OUTER_BOUND ( 'NONE', #150, .T. ) ;
#1404 = DIRECTION ( 'NONE',  ( -8.673617379884029600E-016, 1.000000000000000000, 0.0000000000000000000 ) ) ;
#1405 = VECTOR ( 'NONE', #1404, 1000.000000000000000 ) ;
#1406 = CARTESIAN_POINT ( 'NONE',  ( 9.400000000000000400, 1.925929944387235900E-031, 2.200000000000000200 ) ) ;
#1407 = LINE ( 'NONE', #1406, #1405 ) ;
#1408 = DIRECTION ( 'NONE',  ( 1.000000000000000000, -9.035018104045873200E-017, 0.0000000000000000000 ) ) ;
#1409 = DIRECTION ( 'NONE',  ( -9.035018104045873200E-017, -1.000000000000000000, 0.0000000000000000000 ) ) ;
#1410 = CARTESIAN_POINT ( 'NONE',  ( 9.399999999999998600, 2.000000000000001300, 4.000000000000000000 ) ) ;
#1411 = AXIS2_PLACEMENT_3D ( 'NONE', #1410, #1409, #1408 ) ;
#1412 = PLANE ( 'NONE',  #1411 ) ;
#1413 = FACE_OUTER_BOUND ( 'NONE', #257, .T. ) ;
#1414 = DIRECTION ( 'NONE',  ( 0.0000000000000000000, -1.000000000000000000, 0.0000000000000000000 ) ) ;
#1415 = VECTOR ( 'NONE', #1414, 1000.000000000000000 ) ;
#1416 = CARTESIAN_POINT ( 'NONE',  ( 14.19999999999999800, 8.572244476756645700E-016, 2.200000000000000200 ) ) ;
#1417 = LINE ( 'NONE', #1416, #1415 ) ;
#1418 = DIRECTION ( 'NONE',  ( 1.000000000000000000, -3.614007241618354200E-016, 0.0000000000000000000 ) ) ;
#1419 = VECTOR ( 'NONE', #1418, 1000.000000000000000 ) ;
#1420 = LINE ( 'NONE', #1344, #1343 ) ;
#1421 = DIRECTION ( 'NONE',  ( 0.0000000000000000000, -1.000000000000000000, 0.0000000000000000000 ) ) ;
#1422 = VECTOR ( 'NONE', #1421, 1000.000000000000000 ) ;
#1423 = LINE ( 'NONE', #1477, #1422 ) ;
#1424 = CARTESIAN_POINT ( 'NONE',  ( 11.19999999999999900, 2.000000000000001300, 0.1499999999999999900 ) ) ;
#1425 = LINE ( 'NONE', #1424, #1419 ) ;
#1426 = DIRECTION ( 'NONE',  ( 0.0000000000000000000, 0.0000000000000000000, 1.000000000000000000 ) ) ;
#1427 = VECTOR ( 'NONE', #1426, 1000.000000000000000 ) ;
#1428 = CARTESIAN_POINT ( 'NONE',  ( 11.19999999999999900, 2.000000000000001300, 4.000000000000000000 ) ) ;
#1429 = LINE ( 'NONE', #1428, #1427 ) ;
#1430 = CARTESIAN_POINT ( 'NONE',  ( 14.19999999999999800, 0.2000000000000011200, 0.1499999999999999900 ) ) ;
#1431 = DIRECTION ( 'NONE',  ( 0.0000000000000000000, 0.0000000000000000000, -1.000000000000000000 ) ) ;
#1432 = VECTOR ( 'NONE', #1431, 1000.000000000000000 ) ;
#1433 = CARTESIAN_POINT ( 'NONE',  ( 20.00000000000000700, -24.00000000000006800, 55.19297147925204400 ) ) ;
#1434 = LINE ( 'NONE', #1433, #1432 ) ;
#1435 = DIRECTION ( 'NONE',  ( 0.0000000000000000000, 0.0000000000000000000, -1.000000000000000000 ) ) ;
#1436 = VECTOR ( 'NONE', #1435, 1000.000000000000000 ) ;
#1437 = CARTESIAN_POINT ( 'NONE',  ( 5.694419545274054300E-015, -31.00000000000000000, 5.599999999999999600 ) ) ;
#1438 = LINE ( 'NONE', #1437, #1436 ) ;
#1439 = DIRECTION ( 'NONE',  ( 0.7071067811865512400, 0.7071067811865439100, 0.0000000000000000000 ) ) ;
#1440 = DIRECTION ( 'NONE',  ( 0.7071067811865439100, -0.7071067811865512400, 0.0000000000000000000 ) ) ;
#1441 = CARTESIAN_POINT ( 'NONE',  ( 20.00000000000000700, -24.00000000000006800, 55.19297147925204400 ) ) ;
#1442 = AXIS2_PLACEMENT_3D ( 'NONE', #1441, #1440, #1439 ) ;
#1443 = PLANE ( 'NONE',  #1442 ) ;
#1444 = FACE_BOUND ( 'NONE', #242, .T. ) ;
#1445 = DIRECTION ( 'NONE',  ( 0.0000000000000000000, 0.0000000000000000000, 1.000000000000000000 ) ) ;
#1446 = DIRECTION ( 'NONE',  ( 0.0000000000000000000, 0.0000000000000000000, -1.000000000000000000 ) ) ;
#1447 = DIRECTION ( 'NONE',  ( 0.0000000000000000000, -1.000000000000000000, 0.0000000000000000000 ) ) ;
#1448 = CARTESIAN_POINT ( 'NONE',  ( 16.00000000000000700, -0.4999999999999998900, 0.0000000000000000000 ) ) ;
#1449 = AXIS2_PLACEMENT_3D ( 'NONE', #1448, #1447, #1446 ) ;
#1450 = CIRCLE ( 'NONE', #1449, 1.099999999999998100 ) ;
#1451 = LINE ( 'NONE', #1389, #1388 ) ;
#1452 = CARTESIAN_POINT ( 'NONE',  ( 15.53160401080939900, 0.1000000000000000100, 2.164048364620088500 ) ) ;
#1453 = DIRECTION ( 'NONE',  ( 0.3420199282983183400, 0.0000000000000000000, -0.9396926990494355300 ) ) ;
#1454 = VECTOR ( 'NONE', #1453, 1000.000000000000100 ) ;
#1455 = CARTESIAN_POINT ( 'NONE',  ( 15.34803374430335200, 0.1000000000000000100, 2.668403885821863900 ) ) ;
#1456 = LINE ( 'NONE', #1455, #1454 ) ;
#1457 = CARTESIAN_POINT ( 'NONE',  ( 15.71415409296752400, 0.1000000000000000100, 1.662495778873561000 ) ) ;
#1458 = CARTESIAN_POINT ( 'NONE',  ( 9.400000000000000400, 0.1999999999999996500, 0.1499999999999999700 ) ) ;
#1459 = CARTESIAN_POINT ( 'NONE',  ( 7.199999999999629800, 0.0000000000000000000, -1.058300524417757700 ) ) ;
#1460 = DIRECTION ( 'NONE',  ( 0.0000000000000000000, 0.0000000000000000000, 1.000000000000000000 ) ) ;
#1461 = VECTOR ( 'NONE', #1460, 1000.000000000000000 ) ;
#1462 = CARTESIAN_POINT ( 'NONE',  ( 7.199999999999630700, 0.0000000000000000000, 5.599999999999999600 ) ) ;
#1463 = LINE ( 'NONE', #1462, #1461 ) ;
#1464 = CARTESIAN_POINT ( 'NONE',  ( 7.199999999999630700, 0.0000000000000000000, 1.058300524433909400 ) ) ;
#1465 = DIRECTION ( 'NONE',  ( -1.000000000000000000, 0.0000000000000000000, 0.0000000000000000000 ) ) ;
#1466 = VECTOR ( 'NONE', #1465, 1000.000000000000000 ) ;
#1467 = CARTESIAN_POINT ( 'NONE',  ( 9.500000000000000000, 1.925929944387235900E-031, 0.1499999999999999900 ) ) ;
#1468 = LINE ( 'NONE', #1467, #1466 ) ;
#1469 = CARTESIAN_POINT ( 'NONE',  ( 11.19999999999999900, 3.214591678783744700E-016, -4.000000000000000000 ) ) ;
#1470 = CARTESIAN_POINT ( 'NONE',  ( 16.00000000000000700, -0.4999999999999998900, 1.099999999999998100 ) ) ;
#1471 = CARTESIAN_POINT ( 'NONE',  ( 16.00000000000000700, 0.1000000000000000100, 1.100000000000001000 ) ) ;
#1472 = DIRECTION ( 'NONE',  ( 0.0000000000000000000, 0.0000000000000000000, -1.000000000000000000 ) ) ;
#1473 = DIRECTION ( 'NONE',  ( 0.7071067811865513500, 0.7071067811865436900, 0.0000000000000000000 ) ) ;
#1474 = DIRECTION ( 'NONE',  ( 0.7071067811865438000, -0.7071067811865512400, 0.0000000000000000000 ) ) ;
#1475 = CARTESIAN_POINT ( 'NONE',  ( 17.84350288425444100, -28.84350288425448400, 0.0000000000000000000 ) ) ;
#1476 = AXIS2_PLACEMENT_3D ( 'NONE', #1475, #1474, #1473 ) ;
#1477 = CARTESIAN_POINT ( 'NONE',  ( 14.19999999999999800, 0.2000000000000011200, 0.1499999999999999900 ) ) ;
#1478 = DIRECTION ( 'NONE',  ( 1.000000000000000000, 0.0000000000000000000, 0.0000000000000000000 ) ) ;
#1479 = DIRECTION ( 'NONE',  ( 0.0000000000000000000, 0.0000000000000000000, 1.000000000000000000 ) ) ;
#1480 = CARTESIAN_POINT ( 'NONE',  ( 11.19999999999999900, 0.2000000000000014000, 2.200000000000000200 ) ) ;
#1481 = AXIS2_PLACEMENT_3D ( 'NONE', #1480, #1479, #1478 ) ;
#1482 = CIRCLE ( 'NONE', #1481, 1.799999999999999600 ) ;
#1483 = DIRECTION ( 'NONE',  ( 0.0000000000000000000, -1.000000000000000000, 0.0000000000000000000 ) ) ;
#1484 = AXIS2_PLACEMENT_3D ( 'NONE', #1491, #1483, #1472 ) ;
#1485 = CYLINDRICAL_SURFACE ( 'NONE', #1484, 2.050000000000026900 ) ;
#1486 = FACE_OUTER_BOUND ( 'NONE', #214, .T. ) ;
#1487 = DIRECTION ( 'NONE',  ( 0.0000000000000000000, 0.0000000000000000000, -1.000000000000000000 ) ) ;
#1488 = DIRECTION ( 'NONE',  ( 0.0000000000000000000, -1.000000000000000000, 0.0000000000000000000 ) ) ;
#1489 = CARTESIAN_POINT ( 'NONE',  ( 16.00000000000000700, 0.1000000000000000100, 0.0000000000000000000 ) ) ;
#1490 = AXIS2_PLACEMENT_3D ( 'NONE', #1489, #1488, #1487 ) ;
#1491 = CARTESIAN_POINT ( 'NONE',  ( 16.00000000000000700, 0.1000000000000000100, 0.0000000000000000000 ) ) ;
#1492 = CYLINDRICAL_SURFACE ( 'NONE', #1490, 1.100000000000001000 ) ;
#1493 = FACE_OUTER_BOUND ( 'NONE', #218, .T. ) ;
#1494 = DIRECTION ( 'NONE',  ( 0.0000000000000000000, 1.000000000000000000, 0.0000000000000000000 ) ) ;
#1495 = VECTOR ( 'NONE', #1494, 1000.000000000000000 ) ;
#1496 = CARTESIAN_POINT ( 'NONE',  ( 7.800000000000232500, -0.4999999999999998900, 1.058300524433742900 ) ) ;
#1497 = LINE ( 'NONE', #1496, #1495 ) ;
#1498 = CARTESIAN_POINT ( 'NONE',  ( 7.499999999999638500, 0.0000000000000000000, 1.100000000008075400 ) ) ;
#1499 = DIRECTION ( 'NONE',  ( 0.0000000000000000000, 1.000000000000000000, 0.0000000000000000000 ) ) ;
#1500 = VECTOR ( 'NONE', #1499, 1000.000000000000000 ) ;
#1501 = CARTESIAN_POINT ( 'NONE',  ( 7.499999999999638500, -0.4999999999999998900, 1.100000000008075400 ) ) ;
#1502 = DIRECTION ( 'NONE',  ( 0.0000000000000000000, 1.000000000000000000, 0.0000000000000000000 ) ) ;
#1503 = VECTOR ( 'NONE', #1502, 1000.000000000000000 ) ;
#1504 = CARTESIAN_POINT ( 'NONE',  ( 9.400000000000000400, 1.925929944387235900E-031, 0.1499999999999999900 ) ) ;
#1505 = LINE ( 'NONE', #1504, #1503 ) ;
#1506 = DIRECTION ( 'NONE',  ( 0.0000000000000000000, 0.0000000000000000000, -1.000000000000000000 ) ) ;
#1507 = VECTOR ( 'NONE', #1506, 1000.000000000000000 ) ;
#1508 = CARTESIAN_POINT ( 'NONE',  ( 16.30000000000059800, 0.0000000000000000000, 5.599999999999999600 ) ) ;
#1509 = LINE ( 'NONE', #1508, #1507 ) ;
#1510 = CIRCLE ( 'NONE', #1745, 1.799999999999999600 ) ;
#1511 = CARTESIAN_POINT ( 'NONE',  ( 14.19999999999999800, 0.1000000000000000100, 0.1499999999999999700 ) ) ;
#1512 = DIRECTION ( 'NONE',  ( 0.0000000000000000000, 0.0000000000000000000, 1.000000000000000000 ) ) ;
#1513 = VECTOR ( 'NONE', #1512, 1000.000000000000000 ) ;
#1514 = CARTESIAN_POINT ( 'NONE',  ( 14.19999999999999800, 0.1000000000000000100, -2.200000000000000600 ) ) ;
#1515 = LINE ( 'NONE', #1514, #1513 ) ;
#1516 = DIRECTION ( 'NONE',  ( 0.0000000000000000000, 0.0000000000000000000, 1.000000000000000000 ) ) ;
#1517 = DIRECTION ( 'NONE',  ( 0.0000000000000000000, -1.000000000000000000, 0.0000000000000000000 ) ) ;
#1518 = CARTESIAN_POINT ( 'NONE',  ( 15.71954266602952000, 0.1000000000000000100, -2.232452392285616800 ) ) ;
#1519 = AXIS2_PLACEMENT_3D ( 'NONE', #1518, #1517, #1516 ) ;
#1520 = CIRCLE ( 'NONE', #1519, 0.1999999999998903800 ) ;
#1521 = DIRECTION ( 'NONE',  ( 0.0000000000000000000, 0.0000000000000000000, 1.000000000000000000 ) ) ;
#1522 = DIRECTION ( 'NONE',  ( 0.0000000000000000000, 1.000000000000000000, 0.0000000000000000000 ) ) ;
#1523 = CARTESIAN_POINT ( 'NONE',  ( 16.00000000000000700, 0.1000000000000000100, 0.0000000000000000000 ) ) ;
#1524 = AXIS2_PLACEMENT_3D ( 'NONE', #1523, #1522, #1521 ) ;
#1525 = CIRCLE ( 'NONE', #1524, 2.050000000000026900 ) ;
#1526 = DIRECTION ( 'NONE',  ( 0.0000000000000000000, 0.0000000000000000000, -1.000000000000000000 ) ) ;
#1527 = DIRECTION ( 'NONE',  ( 0.0000000000000000000, 1.000000000000000000, 0.0000000000000000000 ) ) ;
#1528 = CARTESIAN_POINT ( 'NONE',  ( 7.499999999999638500, 0.0000000000000000000, 8.076872504148013800E-012 ) ) ;
#1529 = AXIS2_PLACEMENT_3D ( 'NONE', #1528, #1527, #1526 ) ;
#1530 = CIRCLE ( 'NONE', #1529, 1.099999999999998500 ) ;
#1531 = DIRECTION ( 'NONE',  ( -0.3420201433257337700, 0.0000000000000000000, -0.9396926207858846700 ) ) ;
#1532 = VECTOR ( 'NONE', #1531, 1000.000000000000200 ) ;
#1533 = CARTESIAN_POINT ( 'NONE',  ( 15.53160414187229500, 0.0000000000000000000, -2.164048363620922500 ) ) ;
#1534 = LINE ( 'NONE', #1533, #1532 ) ;
#1535 = CARTESIAN_POINT ( 'NONE',  ( 1.898139848424684800E-015, 0.0000000000000000000, -5.599999999999999600 ) ) ;
#1536 = CARTESIAN_POINT ( 'NONE',  ( 20.00000000000000400, 0.0000000000000000000, 5.599999999999999600 ) ) ;
#1537 = CARTESIAN_POINT ( 'NONE',  ( 1.898139848424684800E-015, 0.0000000000000000000, 5.599999999999999600 ) ) ;
#1538 = DIRECTION ( 'NONE',  ( 0.0000000000000000000, 0.0000000000000000000, -1.000000000000000000 ) ) ;
#1539 = VECTOR ( 'NONE', #1538, 1000.000000000000000 ) ;
#1540 = CARTESIAN_POINT ( 'NONE',  ( 1.898139848424684800E-015, 0.0000000000000000000, 5.599999999999999600 ) ) ;
#1541 = LINE ( 'NONE', #1540, #1539 ) ;
#1542 = DIRECTION ( 'NONE',  ( 0.0000000000000000000, 0.0000000000000000000, 1.000000000000000000 ) ) ;
#1543 = VECTOR ( 'NONE', #1542, 1000.000000000000000 ) ;
#1544 = CARTESIAN_POINT ( 'NONE',  ( 9.500000000000000000, 1.925929944387235900E-031, -0.1499999999999999900 ) ) ;
#1545 = LINE ( 'NONE', #1544, #1543 ) ;
#1546 = DIRECTION ( 'NONE',  ( -8.673617379884029600E-016, 1.000000000000000000, 0.0000000000000000000 ) ) ;
#1547 = DIRECTION ( 'NONE',  ( 1.000000000000000000, 8.673617379884029600E-016, 0.0000000000000000000 ) ) ;
#1548 = CARTESIAN_POINT ( 'NONE',  ( 9.400000000000000400, 1.925929944387235900E-031, 4.000000000000000000 ) ) ;
#1549 = AXIS2_PLACEMENT_3D ( 'NONE', #1548, #1547, #1546 ) ;
#1550 = PLANE ( 'NONE',  #1549 ) ;
#1551 = FACE_OUTER_BOUND ( 'NONE', #190, .T. ) ;
#1552 = CARTESIAN_POINT ( 'NONE',  ( 14.66163012981413300, 0.1000000000000000100, -2.799999900162220000 ) ) ;
#1553 = DIRECTION ( 'NONE',  ( 0.3420201503278182400, 0.0000000000000000000, 0.9396926182373344100 ) ) ;
#1554 = VECTOR ( 'NONE', #1553, 1000.000000000000000 ) ;
#1555 = CARTESIAN_POINT ( 'NONE',  ( 14.66163012981413300, 0.1000000000000000100, -2.799999900162220000 ) ) ;
#1556 = LINE ( 'NONE', #1555, #1554 ) ;
#1557 = CARTESIAN_POINT ( 'NONE',  ( 14.19999999999999800, 0.1000000000000000100, 2.200000000000000200 ) ) ;
#1558 = CARTESIAN_POINT ( 'NONE',  ( 15.15033885687589600, 0.1000000000000000100, 1.457283739000556600 ) ) ;
#1559 = DIRECTION ( 'NONE',  ( -0.3420201503278006400, 0.0000000000000000000, 0.9396926182373407400 ) ) ;
#1560 = VECTOR ( 'NONE', #1559, 1000.000000000000100 ) ;
#1561 = CARTESIAN_POINT ( 'NONE',  ( 15.15033885687589600, 0.1000000000000000100, 1.457283739000557100 ) ) ;
#1562 = LINE ( 'NONE', #1561, #1560 ) ;
#1563 = DIRECTION ( 'NONE',  ( 0.0000000000000000000, 0.0000000000000000000, -1.000000000000000000 ) ) ;
#1564 = DIRECTION ( 'NONE',  ( 0.0000000000000000000, -1.000000000000000000, 0.0000000000000000000 ) ) ;
#1565 = CARTESIAN_POINT ( 'NONE',  ( 1.898139848424684800E-015, 0.0000000000000000000, 5.599999999999999600 ) ) ;
#1566 = AXIS2_PLACEMENT_3D ( 'NONE', #1565, #1564, #1563 ) ;
#1567 = PLANE ( 'NONE',  #1566 ) ;
#1568 = FACE_OUTER_BOUND ( 'NONE', #372, .T. ) ;
#1569 = DIRECTION ( 'NONE',  ( 0.9396923983359786200, 0.0000000000000000000, -0.3420207545012093300 ) ) ;
#1570 = VECTOR ( 'NONE', #1569, 1000.000000000000000 ) ;
#1571 = CARTESIAN_POINT ( 'NONE',  ( 15.40668167024850800, 0.1000000000000000100, -1.337749185040593100 ) ) ;
#1572 = LINE ( 'NONE', #1571, #1570 ) ;
#1573 = DIRECTION ( 'NONE',  ( 0.0000000000000000000, 0.0000000000000000000, 1.000000000000000000 ) ) ;
#1574 = DIRECTION ( 'NONE',  ( 0.0000000000000000000, 1.000000000000000000, 0.0000000000000000000 ) ) ;
#1575 = CARTESIAN_POINT ( 'NONE',  ( 16.00000000000000700, 0.0000000000000000000, 0.0000000000000000000 ) ) ;
#1576 = AXIS2_PLACEMENT_3D ( 'NONE', #1575, #1574, #1573 ) ;
#1577 = CIRCLE ( 'NONE', #1576, 1.100000000000001000 ) ;
#1578 = CARTESIAN_POINT ( 'NONE',  ( 14.66163012981416200, 0.1000000000000000100, 2.799999900162220000 ) ) ;
#1579 = DIRECTION ( 'NONE',  ( 1.000000000000000000, 0.0000000000000000000, 0.0000000000000000000 ) ) ;
#1580 = VECTOR ( 'NONE', #1579, 1000.000000000000000 ) ;
#1581 = CARTESIAN_POINT ( 'NONE',  ( 14.09705631014569400, 0.1000000000000000100, 2.799999900162220000 ) ) ;
#1582 = LINE ( 'NONE', #1581, #1580 ) ;
#1583 = CARTESIAN_POINT ( 'NONE',  ( 14.09705631014569400, 0.1000000000000000100, 2.799999900162220000 ) ) ;
#1584 = DIRECTION ( 'NONE',  ( 0.0000000000000000000, 0.0000000000000000000, 1.000000000000000000 ) ) ;
#1585 = DIRECTION ( 'NONE',  ( 0.0000000000000000000, -1.000000000000000000, 0.0000000000000000000 ) ) ;
#1586 = CARTESIAN_POINT ( 'NONE',  ( 12.39999999999999900, 0.1000000000000000100, 2.200000000000000200 ) ) ;
#1587 = AXIS2_PLACEMENT_3D ( 'NONE', #1586, #1585, #1584 ) ;
#1588 = CIRCLE ( 'NONE', #1587, 1.800000000000000000 ) ;
#1589 = CARTESIAN_POINT ( 'NONE',  ( 15.40668167024850800, 0.1000000000000000100, -1.337749185040593600 ) ) ;
#1590 = DIRECTION ( 'NONE',  ( 0.0000000000000000000, 0.0000000000000000000, 1.000000000000000000 ) ) ;
#1591 = DIRECTION ( 'NONE',  ( 0.0000000000000000000, 1.000000000000000000, 0.0000000000000000000 ) ) ;
#1592 = CARTESIAN_POINT ( 'NONE',  ( 16.00000000000000700, 0.1000000000000000100, 0.0000000000000000000 ) ) ;
#1593 = AXIS2_PLACEMENT_3D ( 'NONE', #1592, #1591, #1590 ) ;
#1594 = CIRCLE ( 'NONE', #1593, 1.100000000000001000 ) ;
#1595 = DIRECTION ( 'NONE',  ( 0.0000000000000000000, 0.0000000000000000000, 1.000000000000000000 ) ) ;
#1596 = DIRECTION ( 'NONE',  ( 0.0000000000000000000, 1.000000000000000000, 0.0000000000000000000 ) ) ;
#1597 = CARTESIAN_POINT ( 'NONE',  ( 12.39999999999999900, 0.1000000000000000100, 2.200000000000000200 ) ) ;
#1598 = AXIS2_PLACEMENT_3D ( 'NONE', #1597, #1596, #1595 ) ;
#1599 = PLANE ( 'NONE',  #1598 ) ;
#1600 = FACE_OUTER_BOUND ( 'NONE', #343, .T. ) ;
#1601 = FACE_BOUND ( 'NONE', #275, .T. ) ;
#1602 = CARTESIAN_POINT ( 'NONE',  ( 15.59461977183818800, 0.1000000000000000100, -1.406153198331594900 ) ) ;
#1603 = DIRECTION ( 'NONE',  ( 0.4226177178421047800, 0.0000000000000000000, -0.9063080406605311700 ) ) ;
#1604 = VECTOR ( 'NONE', #1603, 1000.000000000000100 ) ;
#1605 = CARTESIAN_POINT ( 'NONE',  ( 15.59461977183818800, 0.1000000000000000100, -1.406153198331594500 ) ) ;
#1606 = LINE ( 'NONE', #1605, #1604 ) ;
#1607 = CARTESIAN_POINT ( 'NONE',  ( 15.71415409296751000, 0.1000000000000000100, -1.662495778873562800 ) ) ;
#1608 = DIRECTION ( 'NONE',  ( -0.3420199282983295600, 0.0000000000000000000, -0.9396926990494315300 ) ) ;
#1609 = VECTOR ( 'NONE', #1608, 1000.000000000000000 ) ;
#1610 = CARTESIAN_POINT ( 'NONE',  ( 15.71415409296751000, 0.1000000000000000100, -1.662495778873562800 ) ) ;
#1611 = LINE ( 'NONE', #1610, #1609 ) ;
#1612 = CARTESIAN_POINT ( 'NONE',  ( 15.53160414187229500, 0.1000000000000000100, -2.164048363620922500 ) ) ;
#1613 = DIRECTION ( 'NONE',  ( 0.0000000000000000000, 0.0000000000000000000, 1.000000000000000000 ) ) ;
#1614 = VECTOR ( 'NONE', #1613, 1000.000000000000000 ) ;
#1615 = CARTESIAN_POINT ( 'NONE',  ( 14.19999999999999800, 0.1000000000000000100, -2.200000000000000600 ) ) ;
#1616 = LINE ( 'NONE', #1615, #1614 ) ;
#1617 = DIRECTION ( 'NONE',  ( -1.000000000000000000, 1.013729031273901300E-016, 0.0000000000000000000 ) ) ;
#1618 = VECTOR ( 'NONE', #1617, 1000.000000000000000 ) ;
#1619 = CARTESIAN_POINT ( 'NONE',  ( 14.19999999999999800, 8.572244476756645700E-016, 0.1499999999999999900 ) ) ;
#1620 = LINE ( 'NONE', #1619, #1618 ) ;
#1621 = CARTESIAN_POINT ( 'NONE',  ( 14.09999999999999800, 8.673617379884035500E-016, 0.1499999999999999900 ) ) ;
#1622 = DIRECTION ( 'NONE',  ( 0.0000000000000000000, 0.0000000000000000000, 1.000000000000000000 ) ) ;
#1623 = VECTOR ( 'NONE', #1622, 1000.000000000000000 ) ;
#1624 = CARTESIAN_POINT ( 'NONE',  ( 14.09999999999999800, 8.673617379884035500E-016, -0.1499999999999999900 ) ) ;
#1625 = LINE ( 'NONE', #1624, #1623 ) ;
#1626 = CARTESIAN_POINT ( 'NONE',  ( 14.09999999999999800, 8.673617379884035500E-016, -0.1499999999999999900 ) ) ;
#1627 = DIRECTION ( 'NONE',  ( -1.000000000000000000, 1.013729031273901300E-016, 0.0000000000000000000 ) ) ;
#1628 = VECTOR ( 'NONE', #1627, 1000.000000000000000 ) ;
#1629 = CARTESIAN_POINT ( 'NONE',  ( 14.19999999999999800, 8.572244476756645700E-016, -0.1499999999999999900 ) ) ;
#1630 = VECTOR ( 'NONE', #2040, 1000.000000000000000 ) ;
#1631 = CARTESIAN_POINT ( 'NONE',  ( 7.041486534478668200E-016, -5.749999999999999100, -3.250000000000002700 ) ) ;
#1632 = CARTESIAN_POINT ( 'NONE',  ( 11.19999999999999900, 0.2000000000000011800, -4.000000000000000000 ) ) ;
#1633 = DIRECTION ( 'NONE',  ( -8.673617379884029600E-016, 1.000000000000000000, 0.0000000000000000000 ) ) ;
#1634 = VECTOR ( 'NONE', #1633, 1000.000000000000000 ) ;
#1635 = CARTESIAN_POINT ( 'NONE',  ( 11.19999999999999800, 2.000000000000003100, -4.000000000000000000 ) ) ;
#1636 = LINE ( 'NONE', #1635, #1634 ) ;
#1637 = DIRECTION ( 'NONE',  ( 0.0000000000000000000, 0.0000000000000000000, -1.000000000000000000 ) ) ;
#1638 = DIRECTION ( 'NONE',  ( 0.0000000000000000000, -1.000000000000000000, 0.0000000000000000000 ) ) ;
#1639 = CARTESIAN_POINT ( 'NONE',  ( 12.39999999999999900, 8.572244476756645700E-016, -2.200000000000000600 ) ) ;
#1640 = CARTESIAN_POINT ( 'NONE',  ( 12.39999999999999900, 0.2000000000000011200, -4.000000000000000000 ) ) ;
#1641 = DIRECTION ( 'NONE',  ( 1.000000000000000000, 8.673617379884029600E-016, 0.0000000000000000000 ) ) ;
#1642 = DIRECTION ( 'NONE',  ( 8.673617379884029600E-016, -1.000000000000000000, 0.0000000000000000000 ) ) ;
#1643 = CARTESIAN_POINT ( 'NONE',  ( 11.19999999999999900, 1.561251128379125000E-015, 2.200000000000000200 ) ) ;
#1644 = AXIS2_PLACEMENT_3D ( 'NONE', #1643, #1642, #1641 ) ;
#1645 = CARTESIAN_POINT ( 'NONE',  ( 11.19999999999999900, 0.2000000000000014000, -0.1499999999999999900 ) ) ;
#1646 = CYLINDRICAL_SURFACE ( 'NONE', #1644, 1.799999999999999600 ) ;
#1647 = FACE_OUTER_BOUND ( 'NONE', #459, .T. ) ;
#1648 = DIRECTION ( 'NONE',  ( 1.000000000000000000, 0.0000000000000000000, 0.0000000000000000000 ) ) ;
#1649 = DIRECTION ( 'NONE',  ( 0.0000000000000000000, 1.000000000000000000, 0.0000000000000000000 ) ) ;
#1650 = CARTESIAN_POINT ( 'NONE',  ( 12.39999999999999900, 0.2000000000000011200, -2.200000000000000600 ) ) ;
#1651 = AXIS2_PLACEMENT_3D ( 'NONE', #1650, #1649, #1648 ) ;
#1652 = SPHERICAL_SURFACE ( 'NONE', #1651, 1.800000000000000000 ) ;
#1653 = FACE_OUTER_BOUND ( 'NONE', #417, .T. ) ;
#1654 = DIRECTION ( 'NONE',  ( 0.0000000000000000000, 0.0000000000000000000, -1.000000000000000000 ) ) ;
#1655 = VECTOR ( 'NONE', #1654, 1000.000000000000000 ) ;
#1656 = CARTESIAN_POINT ( 'NONE',  ( 13.00000000000000200, -31.00000000000000000, 55.19297147925204400 ) ) ;
#1657 = LINE ( 'NONE', #1656, #1655 ) ;
#1658 = DIRECTION ( 'NONE',  ( 0.7071067811865512400, 0.7071067811865439100, 0.0000000000000000000 ) ) ;
#1659 = VECTOR ( 'NONE', #1658, 1000.000000000000000 ) ;
#1660 = CARTESIAN_POINT ( 'NONE',  ( 6.499999999999935200, -37.50000000000000000, -5.599999999999999600 ) ) ;
#1661 = LINE ( 'NONE', #1660, #1659 ) ;
#1662 = CYLINDRICAL_SURFACE ( 'NONE', #1663, 1.799999999999999600 ) ;
#1663 = AXIS2_PLACEMENT_3D ( 'NONE', #1639, #1638, #1637 ) ;
#1664 = FACE_OUTER_BOUND ( 'NONE', #422, .T. ) ;
#1665 = CARTESIAN_POINT ( 'NONE',  ( 7.199999999999630700, 0.1000000000000000100, 1.058300524433909400 ) ) ;
#1666 = DIRECTION ( 'NONE',  ( 1.000000000000000000, -9.035018104045873200E-017, 0.0000000000000000000 ) ) ;
#1667 = VECTOR ( 'NONE', #1666, 1000.000000000000000 ) ;
#1668 = CARTESIAN_POINT ( 'NONE',  ( 12.39999999999999900, 0.2000000000000011200, -4.000000000000000000 ) ) ;
#1669 = DIRECTION ( 'NONE',  ( -1.000000000000000000, -8.673617379884030500E-016, 0.0000000000000000000 ) ) ;
#1670 = DIRECTION ( 'NONE',  ( -8.673617379884029600E-016, 1.000000000000000000, 0.0000000000000000000 ) ) ;
#1671 = CARTESIAN_POINT ( 'NONE',  ( 11.19999999999999900, 1.561251128379125400E-015, -2.200000000000000600 ) ) ;
#1672 = AXIS2_PLACEMENT_3D ( 'NONE', #1671, #1670, #1669 ) ;
#1673 = LINE ( 'NONE', #1668, #1667 ) ;
#1674 = CARTESIAN_POINT ( 'NONE',  ( 20.00000000000000700, -24.00000000000006800, -5.599999999999987200 ) ) ;
#1675 = DIRECTION ( 'NONE',  ( 0.7071067811865512400, 0.7071067811865439100, 0.0000000000000000000 ) ) ;
#1676 = VECTOR ( 'NONE', #1675, 1000.000000000000000 ) ;
#1677 = CARTESIAN_POINT ( 'NONE',  ( 6.499999999999935200, -37.50000000000000000, 5.599999999999999600 ) ) ;
#1678 = LINE ( 'NONE', #1677, #1676 ) ;
#1679 = DIRECTION ( 'NONE',  ( 1.000000000000000000, 0.0000000000000000000, 0.0000000000000000000 ) ) ;
#1680 = VECTOR ( 'NONE', #1679, 1000.000000000000000 ) ;
#1681 = CARTESIAN_POINT ( 'NONE',  ( 5.694419545274054300E-015, -31.00000000000000000, 5.599999999999999600 ) ) ;
#1682 = LINE ( 'NONE', #1681, #1680 ) ;
#1683 = CARTESIAN_POINT ( 'NONE',  ( 20.00000000000001100, -24.00000000000006400, 5.599999999999999600 ) ) ;
#1684 = DIRECTION ( 'NONE',  ( 0.7071067811865513500, 0.7071067811865438000, 0.0000000000000000000 ) ) ;
#1685 = DIRECTION ( 'NONE',  ( 0.7071067811865438000, -0.7071067811865513500, 0.0000000000000000000 ) ) ;
#1686 = CARTESIAN_POINT ( 'NONE',  ( 17.84350288425444500, -28.84350288425448400, 0.0000000000000000000 ) ) ;
#1687 = AXIS2_PLACEMENT_3D ( 'NONE', #1686, #1685, #1684 ) ;
#1688 = CIRCLE ( 'NONE', #1687, 1.850000000000001200 ) ;
#1689 = DIRECTION ( 'NONE',  ( 1.000000000000000000, 0.0000000000000000000, 0.0000000000000000000 ) ) ;
#1690 = VECTOR ( 'NONE', #1689, 1000.000000000000000 ) ;
#1691 = CARTESIAN_POINT ( 'NONE',  ( 5.694419545274054300E-015, -31.00000000000000000, -5.599999999999999600 ) ) ;
#1692 = LINE ( 'NONE', #1691, #1690 ) ;
#1693 = LINE ( 'NONE', #1629, #1628 ) ;
#1694 = CARTESIAN_POINT ( 'NONE',  ( 14.19999999999999800, 8.572244476756645700E-016, 0.1499999999999999900 ) ) ;
#1695 = CARTESIAN_POINT ( 'NONE',  ( 14.19999999999999800, 0.0000000000000000000, -0.1499999999999999700 ) ) ;
#1696 = DIRECTION ( 'NONE',  ( 0.0000000000000000000, 0.0000000000000000000, 1.000000000000000000 ) ) ;
#1697 = VECTOR ( 'NONE', #1696, 1000.000000000000000 ) ;
#1698 = CARTESIAN_POINT ( 'NONE',  ( 14.19999999999999800, 0.0000000000000000000, -2.200000000000000600 ) ) ;
#1699 = FACE_OUTER_BOUND ( 'NONE', #429, .T. ) ;
#1700 = CYLINDRICAL_SURFACE ( 'NONE', #1672, 1.799999999999999600 ) ;
#1701 = DIRECTION ( 'NONE',  ( 0.0000000000000000000, -1.000000000000000000, 0.0000000000000000000 ) ) ;
#1702 = VECTOR ( 'NONE', #1701, 1000.000000000000000 ) ;
#1703 = CARTESIAN_POINT ( 'NONE',  ( 12.39999999999999900, 0.0000000000000000000, -4.000000000000000000 ) ) ;
#1704 = LINE ( 'NONE', #1703, #1702 ) ;
#1705 = DIRECTION ( 'NONE',  ( 0.0000000000000000000, -1.000000000000000000, 0.0000000000000000000 ) ) ;
#1706 = VECTOR ( 'NONE', #1705, 1000.000000000000000 ) ;
#1707 = CARTESIAN_POINT ( 'NONE',  ( 14.09705631014569400, 0.1000000000000000100, -2.799999900162220000 ) ) ;
#1708 = LINE ( 'NONE', #1707, #1706 ) ;
#1709 = DIRECTION ( 'NONE',  ( 1.000000000000000000, 0.0000000000000000000, 0.0000000000000000000 ) ) ;
#1710 = DIRECTION ( 'NONE',  ( 0.0000000000000000000, 0.0000000000000000000, -1.000000000000000000 ) ) ;
#1711 = AXIS2_PLACEMENT_3D ( 'NONE', #1645, #1710, #1709 ) ;
#1712 = CIRCLE ( 'NONE', #1711, 1.799999999999999600 ) ;
#1713 = VECTOR ( 'NONE', #1716, 1000.000000000000000 ) ;
#1714 = LINE ( 'NONE', #1698, #1697 ) ;
#1715 = CARTESIAN_POINT ( 'NONE',  ( 15.16009516815546700, 0.0000000000000000000, -2.799999900162191100 ) ) ;
#1716 = DIRECTION ( 'NONE',  ( -1.000000000000000000, 0.0000000000000000000, 0.0000000000000000000 ) ) ;
#1717 = CARTESIAN_POINT ( 'NONE',  ( 1.898139848424684800E-015, 0.0000000000000000000, -5.599999999999999600 ) ) ;
#1718 = CARTESIAN_POINT ( 'NONE',  ( 20.00000000000000400, 0.0000000000000000000, -5.599999999999999600 ) ) ;
#1719 = DIRECTION ( 'NONE',  ( -1.000000000000000000, 0.0000000000000000000, 0.0000000000000000000 ) ) ;
#1720 = VECTOR ( 'NONE', #1719, 1000.000000000000000 ) ;
#1721 = CARTESIAN_POINT ( 'NONE',  ( 14.66163012981413300, 0.0000000000000000000, -2.799999900162220000 ) ) ;
#1722 = LINE ( 'NONE', #1721, #1720 ) ;
#1723 = DIRECTION ( 'NONE',  ( 0.0000000000000000000, 0.0000000000000000000, 1.000000000000000000 ) ) ;
#1724 = DIRECTION ( 'NONE',  ( 0.0000000000000000000, 1.000000000000000000, 0.0000000000000000000 ) ) ;
#1725 = CARTESIAN_POINT ( 'NONE',  ( 5.694419545274054300E-015, -31.00000000000000000, 5.599999999999999600 ) ) ;
#1726 = AXIS2_PLACEMENT_3D ( 'NONE', #1725, #1724, #1723 ) ;
#1727 = PLANE ( 'NONE',  #1726 ) ;
#1728 = FACE_OUTER_BOUND ( 'NONE', #508, .T. ) ;
#1729 = CARTESIAN_POINT ( 'NONE',  ( 5.694419545274054300E-015, -31.00000000000000000, 5.599999999999999600 ) ) ;
#1730 = DIRECTION ( 'NONE',  ( 0.7071067811865513500, 0.7071067811865436900, 0.0000000000000000000 ) ) ;
#1731 = DIRECTION ( 'NONE',  ( 0.7071067811865438000, -0.7071067811865512400, 0.0000000000000000000 ) ) ;
#1732 = CARTESIAN_POINT ( 'NONE',  ( 16.50000000000000700, -27.50000000000003600, 0.0000000000000000000 ) ) ;
#1733 = AXIS2_PLACEMENT_3D ( 'NONE', #1732, #1731, #1730 ) ;
#1734 = CIRCLE ( 'NONE', #1733, 3.199999999999997100 ) ;
#1735 = CARTESIAN_POINT ( 'NONE',  ( 15.15033885687589600, 0.1000000000000000100, -1.457283739000558600 ) ) ;
#1736 = CARTESIAN_POINT ( 'NONE',  ( 14.09705631014569400, 0.1000000000000000100, -2.799999900162220000 ) ) ;
#1737 = DIRECTION ( 'NONE',  ( -1.000000000000000000, 0.0000000000000000000, -5.742215632386480000E-014 ) ) ;
#1738 = VECTOR ( 'NONE', #1737, 1000.000000000000000 ) ;
#1739 = CARTESIAN_POINT ( 'NONE',  ( 15.16009516815546700, 0.1000000000000000100, -2.799999900162191600 ) ) ;
#1740 = LINE ( 'NONE', #1739, #1738 ) ;
#1741 = CARTESIAN_POINT ( 'NONE',  ( 14.19999999999999800, 0.1000000000000000100, -2.200000000000000600 ) ) ;
#1742 = DIRECTION ( 'NONE',  ( 0.0000000000000000000, 0.0000000000000000000, 1.000000000000000000 ) ) ;
#1743 = DIRECTION ( 'NONE',  ( 0.0000000000000000000, -1.000000000000000000, 0.0000000000000000000 ) ) ;
#1744 = CARTESIAN_POINT ( 'NONE',  ( 12.39999999999999900, 0.1000000000000000100, -2.200000000000000600 ) ) ;
#1745 = AXIS2_PLACEMENT_3D ( 'NONE', #1744, #1743, #1742 ) ;
#1746 = LINE ( 'NONE', #1631, #1630 ) ;
#1747 = DIRECTION ( 'NONE',  ( 1.224606353822378000E-016, -1.000000000000000000, 0.0000000000000000000 ) ) ;
#1748 = CARTESIAN_POINT ( 'NONE',  ( 2.173676278034719200E-015, -17.75000000000000000, -3.249999999999993300 ) ) ;
#1749 = DIRECTION ( 'NONE',  ( 0.0000000000000000000, 0.0000000000000000000, 1.000000000000000000 ) ) ;
#1750 = VECTOR ( 'NONE', #1749, 1000.000000000000000 ) ;
#1751 = CARTESIAN_POINT ( 'NONE',  ( 2.173676278034719200E-015, -17.75000000000000000, 3.249999999999997800 ) ) ;
#1752 = LINE ( 'NONE', #1751, #1750 ) ;
#1753 = DIRECTION ( 'NONE',  ( -1.119176436114069100E-016, 1.000000000000000000, 0.0000000000000000000 ) ) ;
#1754 = VECTOR ( 'NONE', #1753, 1000.000000000000000 ) ;
#1755 = CARTESIAN_POINT ( 'NONE',  ( 20.00000000000000400, 0.0000000000000000000, 5.599999999999999600 ) ) ;
#1756 = LINE ( 'NONE', #1755, #1754 ) ;
#1757 = DIRECTION ( 'NONE',  ( 1.000000000000000000, 0.0000000000000000000, 0.0000000000000000000 ) ) ;
#1758 = DIRECTION ( 'NONE',  ( 0.0000000000000000000, 0.0000000000000000000, 1.000000000000000000 ) ) ;
#1759 = CARTESIAN_POINT ( 'NONE',  ( 3.000000000000000000, -2.800000000000000300, 5.599999999999999600 ) ) ;
#1760 = AXIS2_PLACEMENT_3D ( 'NONE', #1759, #1758, #1757 ) ;
#1761 = CIRCLE ( 'NONE', #1760, 1.499999999999999600 ) ;
#1762 = DIRECTION ( 'NONE',  ( 1.000000000000000000, 0.0000000000000000000, 0.0000000000000000000 ) ) ;
#1763 = DIRECTION ( 'NONE',  ( 0.0000000000000000000, 0.0000000000000000000, 1.000000000000000000 ) ) ;
#1764 = CARTESIAN_POINT ( 'NONE',  ( 5.694419545274054300E-015, -31.00000000000000000, 5.599999999999999600 ) ) ;
#1765 = AXIS2_PLACEMENT_3D ( 'NONE', #1764, #1763, #1762 ) ;
#1766 = PLANE ( 'NONE',  #1765 ) ;
#1767 = FACE_OUTER_BOUND ( 'NONE', #477, .T. ) ;
#1768 = FACE_BOUND ( 'NONE', #579, .T. ) ;
#1769 = FACE_BOUND ( 'NONE', #445, .T. ) ;
#1770 = DIRECTION ( 'NONE',  ( -1.000000000000000000, -1.119176436114069100E-016, 0.0000000000000000000 ) ) ;
#1771 = CARTESIAN_POINT ( 'NONE',  ( 20.00000000000000400, 0.0000000000000000000, 5.599999999999999600 ) ) ;
#1772 = AXIS2_PLACEMENT_3D ( 'NONE', #1771, #1770, #1871 ) ;
#1773 = PLANE ( 'NONE',  #1772 ) ;
#1774 = LINE ( 'NONE', #1870, #1869 ) ;
#1775 = DIRECTION ( 'NONE',  ( -0.7071067811865513500, -0.7071067811865438000, 0.0000000000000000000 ) ) ;
#1776 = DIRECTION ( 'NONE',  ( -0.7071067811865438000, 0.7071067811865514600, 0.0000000000000000000 ) ) ;
#1777 = CARTESIAN_POINT ( 'NONE',  ( 53.19884194358163400, -64.19884194358205300, 0.0000000000000000000 ) ) ;
#1778 = AXIS2_PLACEMENT_3D ( 'NONE', #1777, #1776, #1775 ) ;
#1779 = CARTESIAN_POINT ( 'NONE',  ( 5.694419545274054300E-015, -31.00000000000000000, -5.599999999999999600 ) ) ;
#1780 = DIRECTION ( 'NONE',  ( 8.673617379884029600E-016, -1.000000000000000000, 0.0000000000000000000 ) ) ;
#1781 = VECTOR ( 'NONE', #1780, 1000.000000000000000 ) ;
#1782 = CARTESIAN_POINT ( 'NONE',  ( 11.19999999999999900, 1.561251128379125000E-015, 4.000000000000000000 ) ) ;
#1783 = LINE ( 'NONE', #1782, #1781 ) ;
#1784 = CARTESIAN_POINT ( 'NONE',  ( 12.39999999999999900, 2.000000000000000900, -2.200000000000000600 ) ) ;
#1785 = DIRECTION ( 'NONE',  ( 0.0000000000000000000, 0.0000000000000000000, -1.000000000000000000 ) ) ;
#1786 = VECTOR ( 'NONE', #1785, 1000.000000000000000 ) ;
#1787 = CARTESIAN_POINT ( 'NONE',  ( 12.39999999999999900, 2.000000000000000900, 4.000000000000000000 ) ) ;
#1788 = DIRECTION ( 'NONE',  ( -8.673617379884029600E-016, 1.000000000000000000, 0.0000000000000000000 ) ) ;
#1789 = DIRECTION ( 'NONE',  ( 1.000000000000000000, 8.673617379884029600E-016, 0.0000000000000000000 ) ) ;
#1790 = CARTESIAN_POINT ( 'NONE',  ( 9.400000000000000400, 1.925929944387235900E-031, 4.000000000000000000 ) ) ;
#1791 = AXIS2_PLACEMENT_3D ( 'NONE', #1790, #1789, #1788 ) ;
#1792 = LINE ( 'NONE', #1787, #1786 ) ;
#1793 = PLANE ( 'NONE',  #1791 ) ;
#1794 = FACE_OUTER_BOUND ( 'NONE', #618, .T. ) ;
#1795 = DIRECTION ( 'NONE',  ( 8.673617379884029600E-016, -1.000000000000000000, 0.0000000000000000000 ) ) ;
#1796 = CARTESIAN_POINT ( 'NONE',  ( 11.19999999999999900, 0.2000000000000012300, -2.200000000000000600 ) ) ;
#1797 = DIRECTION ( 'NONE',  ( -1.000000000000000000, 0.0000000000000000000, 0.0000000000000000000 ) ) ;
#1798 = DIRECTION ( 'NONE',  ( 0.0000000000000000000, 0.0000000000000000000, -1.000000000000000000 ) ) ;
#1799 = CARTESIAN_POINT ( 'NONE',  ( 12.39999999999999900, 0.2000000000000011200, -0.1499999999999999900 ) ) ;
#1800 = AXIS2_PLACEMENT_3D ( 'NONE', #1799, #1798, #1797 ) ;
#1801 = PLANE ( 'NONE',  #1800 ) ;
#1802 = FACE_OUTER_BOUND ( 'NONE', #742, .T. ) ;
#1803 = DIRECTION ( 'NONE',  ( 1.000000000000000000, 0.0000000000000000000, 0.0000000000000000000 ) ) ;
#1804 = DIRECTION ( 'NONE',  ( 0.0000000000000000000, 0.0000000000000000000, 1.000000000000000000 ) ) ;
#1805 = AXIS2_PLACEMENT_3D ( 'NONE', #1948, #1804, #1803 ) ;
#1806 = CIRCLE ( 'NONE', #1805, 1.499999999999999600 ) ;
#1807 = CARTESIAN_POINT ( 'NONE',  ( 9.400000000000000400, 0.1999999999999996500, -2.200000000000000600 ) ) ;
#1808 = CARTESIAN_POINT ( 'NONE',  ( 11.19999999999999900, 2.000000000000001300, -2.200000000000000600 ) ) ;
#1809 = DIRECTION ( 'NONE',  ( 1.000000000000000000, -9.035018104045873200E-017, 0.0000000000000000000 ) ) ;
#1810 = DIRECTION ( 'NONE',  ( -9.035018104045873200E-017, -1.000000000000000000, 0.0000000000000000000 ) ) ;
#1811 = CARTESIAN_POINT ( 'NONE',  ( 9.399999999999998600, 2.000000000000001300, 4.000000000000000000 ) ) ;
#1812 = AXIS2_PLACEMENT_3D ( 'NONE', #1811, #1810, #1809 ) ;
#1813 = PLANE ( 'NONE',  #1812 ) ;
#1814 = FACE_OUTER_BOUND ( 'NONE', #564, .T. ) ;
#1815 = DIRECTION ( 'NONE',  ( -1.000000000000000000, 9.035018104045873200E-017, 0.0000000000000000000 ) ) ;
#1816 = VECTOR ( 'NONE', #1815, 1000.000000000000000 ) ;
#1817 = CARTESIAN_POINT ( 'NONE',  ( 11.19999999999999800, 2.000000000000001300, -2.200000000000000600 ) ) ;
#1818 = LINE ( 'NONE', #1817, #1816 ) ;
#1819 = CARTESIAN_POINT ( 'NONE',  ( 3.030900725710383700E-015, -24.74999999999999600, 3.250000000000004400 ) ) ;
#1820 = CARTESIAN_POINT ( 'NONE',  ( 4.929040574135068500E-015, -24.75000000000000000, -3.249999999999996000 ) ) ;
#1821 = DIRECTION ( 'NONE',  ( -5.925938290422265000E-032, 5.337610695313253400E-016, 1.000000000000000000 ) ) ;
#1822 = VECTOR ( 'NONE', #1821, 1000.000000000000000 ) ;
#1823 = CARTESIAN_POINT ( 'NONE',  ( 3.030900725710384100E-015, -24.75000000000000000, -3.249999999999995100 ) ) ;
#1824 = LINE ( 'NONE', #1823, #1822 ) ;
#1825 = SPHERICAL_SURFACE ( 'NONE', #1855, 1.800000000000000000 ) ;
#1826 = FACE_OUTER_BOUND ( 'NONE', #858, .T. ) ;
#1827 = DIRECTION ( 'NONE',  ( -1.000000000000000000, -8.733850833911010000E-016, 0.0000000000000000000 ) ) ;
#1828 = CARTESIAN_POINT ( 'NONE',  ( 13.00000000000000200, -31.00000000000000000, 5.599999999999999600 ) ) ;
#1829 = DIRECTION ( 'NONE',  ( 1.224606353822378000E-016, -1.000000000000000000, 1.577021341797097000E-015 ) ) ;
#1830 = VECTOR ( 'NONE', #1829, 1000.000000000000000 ) ;
#1831 = CARTESIAN_POINT ( 'NONE',  ( 2.357367231108075800E-015, -19.25000000000000000, -3.250000000000003600 ) ) ;
#1832 = LINE ( 'NONE', #1831, #1830 ) ;
#1833 = DIRECTION ( 'NONE',  ( -1.224606353822377300E-016, 1.000000000000000000, 0.0000000000000000000 ) ) ;
#1834 = VECTOR ( 'NONE', #1833, 1000.000000000000000 ) ;
#1835 = CARTESIAN_POINT ( 'NONE',  ( 7.041486534478665300E-016, -5.749999999999997300, 3.249999999999997800 ) ) ;
#1836 = LINE ( 'NONE', #1835, #1834 ) ;
#1837 = DIRECTION ( 'NONE',  ( -0.7071067811865507900, -0.7071067811865442400, 0.0000000000000000000 ) ) ;
#1838 = CARTESIAN_POINT ( 'NONE',  ( 12.39999999999999900, 0.2000000000000011200, -2.200000000000000600 ) ) ;
#1839 = AXIS2_PLACEMENT_3D ( 'NONE', #1838, #1908, #1907 ) ;
#1840 = CIRCLE ( 'NONE', #1839, 1.799999999999999600 ) ;
#1841 = FACE_OUTER_BOUND ( 'NONE', #457, .T. ) ;
#1842 = DIRECTION ( 'NONE',  ( -0.7071067811865439100, 0.7071067811865512400, 0.0000000000000000000 ) ) ;
#1843 = AXIS2_PLACEMENT_3D ( 'NONE', #1845, #1842, #1837 ) ;
#1844 = CYLINDRICAL_SURFACE ( 'NONE', #1843, 3.199999999999999700 ) ;
#1845 = CARTESIAN_POINT ( 'NONE',  ( 17.84350288425444100, -28.84350288425448400, 0.0000000000000000000 ) ) ;
#1846 = FACE_OUTER_BOUND ( 'NONE', #543, .T. ) ;
#1847 = CARTESIAN_POINT ( 'NONE',  ( 13.00000000000000200, -31.00000000000000000, -5.599999999999999600 ) ) ;
#1848 = DIRECTION ( 'NONE',  ( -1.224606353822378000E-016, 1.000000000000000000, 0.0000000000000000000 ) ) ;
#1849 = VECTOR ( 'NONE', #1848, 1000.000000000000000 ) ;
#1850 = CARTESIAN_POINT ( 'NONE',  ( 2.357367231108075800E-015, -19.25000000000000000, 3.250000000000004400 ) ) ;
#1851 = LINE ( 'NONE', #1850, #1849 ) ;
#1852 = DIRECTION ( 'NONE',  ( 1.000000000000000000, 0.0000000000000000000, 0.0000000000000000000 ) ) ;
#1853 = DIRECTION ( 'NONE',  ( 0.0000000000000000000, 1.000000000000000000, 0.0000000000000000000 ) ) ;
#1854 = CARTESIAN_POINT ( 'NONE',  ( 12.39999999999999900, 0.2000000000000011200, 2.200000000000000200 ) ) ;
#1855 = AXIS2_PLACEMENT_3D ( 'NONE', #1854, #1853, #1852 ) ;
#1856 = CARTESIAN_POINT ( 'NONE',  ( 2.357367231108075800E-015, -19.25000000000000000, 3.250000000000004400 ) ) ;
#1857 = DIRECTION ( 'NONE',  ( 0.0000000000000000000, 0.0000000000000000000, -1.000000000000000000 ) ) ;
#1858 = VECTOR ( 'NONE', #1857, 1000.000000000000000 ) ;
#1859 = CARTESIAN_POINT ( 'NONE',  ( 2.357367231108075800E-015, -19.25000000000000000, -3.250000000000003600 ) ) ;
#1860 = LINE ( 'NONE', #1859, #1858 ) ;
#1861 = CARTESIAN_POINT ( 'NONE',  ( 2.357367231108075800E-015, -19.25000000000000000, -3.250000000000003600 ) ) ;
#1862 = CARTESIAN_POINT ( 'NONE',  ( 2.173676278034719200E-015, -17.75000000000000000, 3.249999999999997800 ) ) ;
#1863 = CARTESIAN_POINT ( 'NONE',  ( 7.041486534478668200E-016, -5.749999999999999100, -3.250000000000002700 ) ) ;
#1864 = CARTESIAN_POINT ( 'NONE',  ( 2.602288501872551300E-015, -5.749999999999997300, 3.249999999999997300 ) ) ;
#1865 = DIRECTION ( 'NONE',  ( 1.000000000000000000, 0.0000000000000000000, 0.0000000000000000000 ) ) ;
#1866 = DIRECTION ( 'NONE',  ( 0.0000000000000000000, 0.0000000000000000000, 1.000000000000000000 ) ) ;
#1867 = AXIS2_PLACEMENT_3D ( 'NONE', #1796, #1795, #1827 ) ;
#1868 = DIRECTION ( 'NONE',  ( 4.444453717816698200E-032, -2.668805347656626200E-016, -1.000000000000000000 ) ) ;
#1869 = VECTOR ( 'NONE', #1868, 1000.000000000000000 ) ;
#1870 = CARTESIAN_POINT ( 'NONE',  ( 7.041486534478665300E-016, -5.749999999999997300, 3.249999999999997800 ) ) ;
#1871 = DIRECTION ( 'NONE',  ( 1.119176436114069100E-016, -1.000000000000000000, 0.0000000000000000000 ) ) ;
#1872 = DIRECTION ( 'NONE',  ( 0.0000000000000000000, 0.0000000000000000000, -1.000000000000000000 ) ) ;
#1873 = DIRECTION ( 'NONE',  ( 0.0000000000000000000, -1.000000000000000000, 0.0000000000000000000 ) ) ;
#1874 = CARTESIAN_POINT ( 'NONE',  ( 12.39999999999999900, 0.2000000000000011200, -2.200000000000000600 ) ) ;
#1875 = CARTESIAN_POINT ( 'NONE',  ( 3.000000000000003100, -28.19999999999999900, -5.599999999999999600 ) ) ;
#1876 = AXIS2_PLACEMENT_3D ( 'NONE', #1875, #1866, #1865 ) ;
#1877 = CIRCLE ( 'NONE', #1876, 1.499999999999999100 ) ;
#1878 = CARTESIAN_POINT ( 'NONE',  ( 14.19999999999999800, 0.2000000000000011200, -0.1499999999999999900 ) ) ;
#1879 = DIRECTION ( 'NONE',  ( -1.000000000000000000, 0.0000000000000000000, 0.0000000000000000000 ) ) ;
#1880 = DIRECTION ( 'NONE',  ( 0.0000000000000000000, 0.0000000000000000000, -1.000000000000000000 ) ) ;
#1881 = CARTESIAN_POINT ( 'NONE',  ( 9.400000000000000400, 1.925929944387235900E-031, 4.000000000000000000 ) ) ;
#1882 = AXIS2_PLACEMENT_3D ( 'NONE', #1881, #1880, #1879 ) ;
#1883 = PLANE ( 'NONE',  #1882 ) ;
#1884 = FACE_OUTER_BOUND ( 'NONE', #519, .T. ) ;
#1885 = DIRECTION ( 'NONE',  ( 0.0000000000000000000, 1.000000000000000000, 0.0000000000000000000 ) ) ;
#1886 = VECTOR ( 'NONE', #1885, 1000.000000000000000 ) ;
#1887 = CARTESIAN_POINT ( 'NONE',  ( 9.400000000000000400, 1.925929944387235900E-031, -0.1499999999999999900 ) ) ;
#1888 = LINE ( 'NONE', #1887, #1886 ) ;
#1889 = DIRECTION ( 'NONE',  ( 0.0000000000000000000, 0.0000000000000000000, 1.000000000000000000 ) ) ;
#1890 = VECTOR ( 'NONE', #1889, 1000.000000000000000 ) ;
#1891 = CARTESIAN_POINT ( 'NONE',  ( 14.19999999999999800, 0.2000000000000011200, 4.000000000000000000 ) ) ;
#1892 = LINE ( 'NONE', #1891, #1890 ) ;
#1893 = DIRECTION ( 'NONE',  ( 0.0000000000000000000, 0.0000000000000000000, 1.000000000000000000 ) ) ;
#1894 = DIRECTION ( 'NONE',  ( -1.000000000000000000, 0.0000000000000000000, 0.0000000000000000000 ) ) ;
#1895 = CARTESIAN_POINT ( 'NONE',  ( 14.19999999999999800, 8.572244476756645700E-016, 4.000000000000000000 ) ) ;
#1896 = AXIS2_PLACEMENT_3D ( 'NONE', #1895, #1894, #1893 ) ;
#1897 = PLANE ( 'NONE',  #1896 ) ;
#1898 = CARTESIAN_POINT ( 'NONE',  ( 14.19999999999999800, 0.2000000000000011800, -2.200000000000000600 ) ) ;
#1899 = FACE_OUTER_BOUND ( 'NONE', #644, .T. ) ;
#1900 = DIRECTION ( 'NONE',  ( -1.224606353822377300E-016, 1.000000000000000000, 0.0000000000000000000 ) ) ;
#1901 = DIRECTION ( 'NONE',  ( 1.000000000000000000, 1.224606353822377300E-016, 0.0000000000000000000 ) ) ;
#1902 = CARTESIAN_POINT ( 'NONE',  ( 1.898139848424684800E-015, 0.0000000000000000000, 5.599999999999999600 ) ) ;
#1903 = AXIS2_PLACEMENT_3D ( 'NONE', #1902, #1901, #1900 ) ;
#1904 = PLANE ( 'NONE',  #1903 ) ;
#1905 = CARTESIAN_POINT ( 'NONE',  ( 12.39999999999999900, 1.925929944387235900E-031, 2.200000000000000200 ) ) ;
#1906 = CARTESIAN_POINT ( 'NONE',  ( 11.19999999999999900, 0.2000000000000012300, -2.200000000000000600 ) ) ;
#1907 = DIRECTION ( 'NONE',  ( 1.000000000000000000, 0.0000000000000000000, 0.0000000000000000000 ) ) ;
#1908 = DIRECTION ( 'NONE',  ( 0.0000000000000000000, 0.0000000000000000000, 1.000000000000000000 ) ) ;
#1909 = CIRCLE ( 'NONE', #1968, 1.799999999999999600 ) ;
#1910 = DIRECTION ( 'NONE',  ( 0.0000000000000000000, 0.0000000000000000000, 1.000000000000000000 ) ) ;
#1911 = DIRECTION ( 'NONE',  ( 0.0000000000000000000, 1.000000000000000000, 0.0000000000000000000 ) ) ;
#1912 = AXIS2_PLACEMENT_3D ( 'NONE', #1905, #1911, #1910 ) ;
#1913 = CARTESIAN_POINT ( 'NONE',  ( 11.19999999999999900, 0.2000000000000012300, 2.200000000000000200 ) ) ;
#1914 = FACE_OUTER_BOUND ( 'NONE', #536, .T. ) ;
#1915 = FACE_BOUND ( 'NONE', #552, .T. ) ;
#1916 = FACE_BOUND ( 'NONE', #512, .T. ) ;
#1917 = DIRECTION ( 'NONE',  ( 1.000000000000000000, 0.0000000000000000000, 0.0000000000000000000 ) ) ;
#1918 = DIRECTION ( 'NONE',  ( 0.0000000000000000000, 0.0000000000000000000, 1.000000000000000000 ) ) ;
#1919 = CARTESIAN_POINT ( 'NONE',  ( 5.694419545274054300E-015, -31.00000000000000000, -5.599999999999999600 ) ) ;
#1920 = AXIS2_PLACEMENT_3D ( 'NONE', #1919, #1918, #1917 ) ;
#1921 = PLANE ( 'NONE',  #1920 ) ;
#1922 = FACE_OUTER_BOUND ( 'NONE', #482, .T. ) ;
#1923 = FACE_BOUND ( 'NONE', #653, .T. ) ;
#1924 = FACE_BOUND ( 'NONE', #551, .T. ) ;
#1925 = DIRECTION ( 'NONE',  ( 1.224606353822377300E-016, -1.000000000000000000, 0.0000000000000000000 ) ) ;
#1926 = VECTOR ( 'NONE', #1925, 1000.000000000000000 ) ;
#1927 = CARTESIAN_POINT ( 'NONE',  ( 1.898139848424684800E-015, 0.0000000000000000000, 5.599999999999999600 ) ) ;
#1928 = LINE ( 'NONE', #1927, #1926 ) ;
#1929 = DIRECTION ( 'NONE',  ( 1.224606353822377300E-016, -1.000000000000000000, 0.0000000000000000000 ) ) ;
#1930 = VECTOR ( 'NONE', #1929, 1000.000000000000000 ) ;
#1931 = CARTESIAN_POINT ( 'NONE',  ( 1.898139848424684800E-015, 0.0000000000000000000, -5.599999999999999600 ) ) ;
#1932 = LINE ( 'NONE', #1931, #1930 ) ;
#1933 = DIRECTION ( 'NONE',  ( 0.7071067811865513500, 0.7071067811865438000, 0.0000000000000000000 ) ) ;
#1934 = DIRECTION ( 'NONE',  ( 0.7071067811865438000, -0.7071067811865513500, 0.0000000000000000000 ) ) ;
#1935 = CARTESIAN_POINT ( 'NONE',  ( 53.19884194358163400, -64.19884194358205300, 0.0000000000000000000 ) ) ;
#1936 = AXIS2_PLACEMENT_3D ( 'NONE', #1935, #1934, #1933 ) ;
#1937 = CYLINDRICAL_SURFACE ( 'NONE', #1912, 1.800000000000000000 ) ;
#1938 = FACE_OUTER_BOUND ( 'NONE', #466, .T. ) ;
#1939 = DIRECTION ( 'NONE',  ( 1.000000000000000000, 0.0000000000000000000, 0.0000000000000000000 ) ) ;
#1940 = DIRECTION ( 'NONE',  ( 0.0000000000000000000, 1.000000000000000000, 0.0000000000000000000 ) ) ;
#1941 = AXIS2_PLACEMENT_3D ( 'NONE', #1906, #1940, #1939 ) ;
#1942 = SPHERICAL_SURFACE ( 'NONE', #1941, 1.800000000000000000 ) ;
#1943 = DIRECTION ( 'NONE',  ( 1.000000000000000000, 0.0000000000000000000, 0.0000000000000000000 ) ) ;
#1944 = DIRECTION ( 'NONE',  ( 0.0000000000000000000, 0.0000000000000000000, 1.000000000000000000 ) ) ;
#1945 = CARTESIAN_POINT ( 'NONE',  ( 3.000000000000003100, -28.19999999999999900, 5.599999999999999600 ) ) ;
#1946 = AXIS2_PLACEMENT_3D ( 'NONE', #1945, #1944, #1943 ) ;
#1947 = CIRCLE ( 'NONE', #1946, 1.499999999999999100 ) ;
#1948 = CARTESIAN_POINT ( 'NONE',  ( 3.000000000000000000, -2.800000000000000300, -5.599999999999999600 ) ) ;
#1949 = AXIS2_PLACEMENT_3D ( 'NONE', #1874, #1873, #1872 ) ;
#1950 = CIRCLE ( 'NONE', #1949, 1.799999999999999600 ) ;
#1951 = DIRECTION ( 'NONE',  ( 0.0000000000000000000, 0.0000000000000000000, -1.000000000000000000 ) ) ;
#1952 = DIRECTION ( 'NONE',  ( 1.000000000000000000, 0.0000000000000000000, 0.0000000000000000000 ) ) ;
#1953 = CARTESIAN_POINT ( 'NONE',  ( 9.500000000000000000, 1.925929944387235900E-031, -0.1499999999999999900 ) ) ;
#1954 = AXIS2_PLACEMENT_3D ( 'NONE', #1953, #1952, #1951 ) ;
#1955 = PLANE ( 'NONE',  #1954 ) ;
#1956 = CIRCLE ( 'NONE', #1936, 1.850000000000001200 ) ;
#1957 = FACE_OUTER_BOUND ( 'NONE', #499, .T. ) ;
#1958 = DIRECTION ( 'NONE',  ( 0.0000000000000000000, 0.0000000000000000000, 1.000000000000000000 ) ) ;
#1959 = VECTOR ( 'NONE', #1958, 1000.000000000000000 ) ;
#1960 = CARTESIAN_POINT ( 'NONE',  ( 9.500000000000000000, 0.2000000000000008400, -0.1499999999999999900 ) ) ;
#1961 = LINE ( 'NONE', #1960, #1959 ) ;
#1962 = CARTESIAN_POINT ( 'NONE',  ( 9.500000000000000000, 0.2000000000000008400, -0.1499999999999999900 ) ) ;
#1963 = FACE_OUTER_BOUND ( 'NONE', #559, .T. ) ;
#1964 = CYLINDRICAL_SURFACE ( 'NONE', #1778, 1.850000000000001200 ) ;
#1965 = FACE_OUTER_BOUND ( 'NONE', #471, .T. ) ;
#1966 = DIRECTION ( 'NONE',  ( 1.000000000000000000, 8.733850833911010000E-016, 0.0000000000000000000 ) ) ;
#1967 = DIRECTION ( 'NONE',  ( 8.673617379884029600E-016, -1.000000000000000000, 0.0000000000000000000 ) ) ;
#1968 = AXIS2_PLACEMENT_3D ( 'NONE', #1913, #1967, #1966 ) ;
#1969 = DIRECTION ( 'NONE',  ( 1.000000000000000000, 0.0000000000000000000, 0.0000000000000000000 ) ) ;
#1970 = DIRECTION ( 'NONE',  ( 0.0000000000000000000, 0.0000000000000000000, -1.000000000000000000 ) ) ;
#1971 = AXIS2_PLACEMENT_3D ( 'NONE', #1978, #1970, #1969 ) ;
#1972 = CIRCLE ( 'NONE', #1971, 1.700000000000000200 ) ;
#1973 = CARTESIAN_POINT ( 'NONE',  ( 12.39999999999999900, 1.900000000000000600, 0.1499999999999999900 ) ) ;
#1974 = DIRECTION ( 'NONE',  ( 0.0000000000000000000, -1.000000000000000000, 0.0000000000000000000 ) ) ;
#1975 = DIRECTION ( 'NONE',  ( -1.000000000000000000, 9.035018104045873200E-017, 0.0000000000000000000 ) ) ;
#1976 = CARTESIAN_POINT ( 'NONE',  ( 9.400000000000000400, 0.2000000000000014000, 2.200000000000000200 ) ) ;
#1977 = AXIS2_PLACEMENT_3D ( 'NONE', #1976, #1975, #1974 ) ;
#1978 = CARTESIAN_POINT ( 'NONE',  ( 12.39999999999999900, 0.2000000000000011200, 0.1499999999999999900 ) ) ;
#1979 = CYLINDRICAL_SURFACE ( 'NONE', #1977, 1.800000000000000000 ) ;
#1980 = FACE_OUTER_BOUND ( 'NONE', #626, .T. ) ;
#1981 = DIRECTION ( 'NONE',  ( -1.000000000000000000, -1.224606353822378000E-016, 6.105336812886260400E-033 ) ) ;
#1982 = CARTESIAN_POINT ( 'NONE',  ( 0.1000000000000030400, -24.75000000000000000, -3.249999999999995100 ) ) ;
#1983 = AXIS2_PLACEMENT_3D ( 'NONE', #1982, #1981, #1747 ) ;
#1984 = PLANE ( 'NONE',  #1983 ) ;
#1985 = FACE_OUTER_BOUND ( 'NONE', #691, .T. ) ;
#1986 = DIRECTION ( 'NONE',  ( 0.0000000000000000000, 0.0000000000000000000, 1.000000000000000000 ) ) ;
#1987 = DIRECTION ( 'NONE',  ( 0.0000000000000000000, 1.000000000000000000, 0.0000000000000000000 ) ) ;
#1988 = CARTESIAN_POINT ( 'NONE',  ( 15.16009520449344600, 0.3999999999999999700, -2.599999900162202900 ) ) ;
#1989 = AXIS2_PLACEMENT_3D ( 'NONE', #1988, #1987, #1986 ) ;
#1990 = CIRCLE ( 'NONE', #1989, 0.1999999999999914100 ) ;
#1991 = CARTESIAN_POINT ( 'NONE',  ( 15.16009516815546700, 0.3999999999999999700, -2.799999900162191100 ) ) ;
#1992 = DIRECTION ( 'NONE',  ( 0.0000000000000000000, -1.000000000000000000, 0.0000000000000000000 ) ) ;
#1993 = VECTOR ( 'NONE', #1992, 1000.000000000000000 ) ;
#1994 = CARTESIAN_POINT ( 'NONE',  ( 15.16009516815546700, 0.1000000000000000100, -2.799999900162191100 ) ) ;
#1995 = LINE ( 'NONE', #1994, #1993 ) ;
#1996 = CARTESIAN_POINT ( 'NONE',  ( 15.71415409296751000, 0.3999999999999999700, -1.662495778873562800 ) ) ;
#1997 = DIRECTION ( 'NONE',  ( -0.3420199282983295600, 0.0000000000000000000, -0.9396926990494315300 ) ) ;
#1998 = VECTOR ( 'NONE', #1997, 1000.000000000000000 ) ;
#1999 = CARTESIAN_POINT ( 'NONE',  ( 15.71415409296751000, 0.3999999999999999700, -1.662495778873562800 ) ) ;
#2000 = LINE ( 'NONE', #1999, #1998 ) ;
#2001 = CARTESIAN_POINT ( 'NONE',  ( 15.34803374430332200, 0.3999999999999999700, -2.668403885821871500 ) ) ;
#2002 = DIRECTION ( 'NONE',  ( 0.0000000000000000000, -1.000000000000000000, 0.0000000000000000000 ) ) ;
#2003 = VECTOR ( 'NONE', #2002, 1000.000000000000000 ) ;
#2004 = CARTESIAN_POINT ( 'NONE',  ( 15.34803374430332200, 0.1000000000000000100, -2.668403885821871500 ) ) ;
#2005 = LINE ( 'NONE', #2004, #2003 ) ;
#2006 = DIRECTION ( 'NONE',  ( 0.0000000000000000000, -1.000000000000000000, 0.0000000000000000000 ) ) ;
#2007 = VECTOR ( 'NONE', #2006, 1000.000000000000000 ) ;
#2008 = CARTESIAN_POINT ( 'NONE',  ( 14.66163012981416200, 0.3999999999999999700, 2.799999900162220000 ) ) ;
#2009 = DIRECTION ( 'NONE',  ( -1.000000000000000000, 0.0000000000000000000, 5.394202170521033200E-014 ) ) ;
#2010 = DIRECTION ( 'NONE',  ( -5.394202170521033200E-014, 0.0000000000000000000, -1.000000000000000000 ) ) ;
#2011 = CARTESIAN_POINT ( 'NONE',  ( 14.66163012981416200, 0.1000000000000000100, 2.799999900162220000 ) ) ;
#2012 = AXIS2_PLACEMENT_3D ( 'NONE', #2011, #2010, #2009 ) ;
#2013 = CIRCLE ( 'NONE', #2193, 1.799999999999999600 ) ;
#2014 = DIRECTION ( 'NONE',  ( 0.0000000000000000000, 1.000000000000000000, 0.0000000000000000000 ) ) ;
#2015 = DIRECTION ( 'NONE',  ( 1.000000000000000000, -9.035018104045873200E-017, 0.0000000000000000000 ) ) ;
#2016 = CARTESIAN_POINT ( 'NONE',  ( 9.399999999999998600, 0.2000000000000014000, -2.200000000000000600 ) ) ;
#2017 = CARTESIAN_POINT ( 'NONE',  ( 11.19999999999999900, 0.2000000000000014000, -2.200000000000000600 ) ) ;
#2018 = AXIS2_PLACEMENT_3D ( 'NONE', #2016, #2015, #2014 ) ;
#2019 = PLANE ( 'NONE',  #2012 ) ;
#2020 = LINE ( 'NONE', #2008, #2007 ) ;
#2021 = FACE_OUTER_BOUND ( 'NONE', #714, .T. ) ;
#2022 = CARTESIAN_POINT ( 'NONE',  ( 15.34803374430335200, 0.3999999999999999700, 2.668403885821863900 ) ) ;
#2023 = DIRECTION ( 'NONE',  ( 0.0000000000000000000, -1.000000000000000000, 0.0000000000000000000 ) ) ;
#2024 = VECTOR ( 'NONE', #2023, 1000.000000000000000 ) ;
#2025 = CARTESIAN_POINT ( 'NONE',  ( 15.34803374430335200, 0.1000000000000000100, 2.668403885821863900 ) ) ;
#2026 = LINE ( 'NONE', #2025, #2024 ) ;
#2027 = DIRECTION ( 'NONE',  ( 0.0000000000000000000, 0.0000000000000000000, -1.000000000000000000 ) ) ;
#2028 = DIRECTION ( 'NONE',  ( 0.0000000000000000000, -1.000000000000000000, 0.0000000000000000000 ) ) ;
#2029 = CARTESIAN_POINT ( 'NONE',  ( 15.16009520449346900, 0.1000000000000000100, 2.599999900162196300 ) ) ;
#2030 = AXIS2_PLACEMENT_3D ( 'NONE', #2029, #2028, #2027 ) ;
#2031 = CYLINDRICAL_SURFACE ( 'NONE', #2030, 0.1999999999999970700 ) ;
#2032 = FACE_OUTER_BOUND ( 'NONE', #707, .T. ) ;
#2033 = CARTESIAN_POINT ( 'NONE',  ( 15.16009520449346900, 0.3999999999999999700, 2.799999900162192900 ) ) ;
#2034 = DIRECTION ( 'NONE',  ( 0.0000000000000000000, -1.000000000000000000, 0.0000000000000000000 ) ) ;
#2035 = VECTOR ( 'NONE', #2034, 1000.000000000000000 ) ;
#2036 = CARTESIAN_POINT ( 'NONE',  ( 14.09999999999999800, 0.2000000000000011200, -0.1499999999999999900 ) ) ;
#2037 = LINE ( 'NONE', #2036, #2035 ) ;
#2038 = CARTESIAN_POINT ( 'NONE',  ( 12.39999999999999900, 1.900000000000000600, -0.1499999999999999900 ) ) ;
#2039 = CARTESIAN_POINT ( 'NONE',  ( 0.1000000000000030400, -24.75000000000000000, -3.249999999999995100 ) ) ;
#2040 = DIRECTION ( 'NONE',  ( 1.224606353822377000E-016, -1.000000000000000000, 7.589415207398531000E-016 ) ) ;
#2041 = DIRECTION ( 'NONE',  ( -1.000000000000000000, 0.0000000000000000000, 0.0000000000000000000 ) ) ;
#2042 = CARTESIAN_POINT ( 'NONE',  ( 11.19999999999999900, 0.2000000000000014000, -2.200000000000000600 ) ) ;
#2043 = AXIS2_PLACEMENT_3D ( 'NONE', #2042, #2041, #2128 ) ;
#2044 = CARTESIAN_POINT ( 'NONE',  ( 12.39999999999999900, 0.2000000000000011200, -2.200000000000000200 ) ) ;
#2045 = DIRECTION ( 'NONE',  ( -1.000000000000000000, -1.224606353822377300E-016, 0.0000000000000000000 ) ) ;
#2046 = VECTOR ( 'NONE', #2045, 1000.000000000000000 ) ;
#2047 = CARTESIAN_POINT ( 'NONE',  ( 0.1000000000000030400, -24.75000000000000000, -3.249999999999995100 ) ) ;
#2048 = LINE ( 'NONE', #2047, #2046 ) ;
#2049 = DIRECTION ( 'NONE',  ( -1.000000000000000000, -1.224606353822377300E-016, 0.0000000000000000000 ) ) ;
#2050 = VECTOR ( 'NONE', #2049, 1000.000000000000000 ) ;
#2051 = CARTESIAN_POINT ( 'NONE',  ( 0.1000000000000023600, -19.25000000000000000, 3.250000000000004400 ) ) ;
#2052 = LINE ( 'NONE', #2051, #2050 ) ;
#2053 = DIRECTION ( 'NONE',  ( 0.0000000000000000000, 0.0000000000000000000, -1.000000000000000000 ) ) ;
#2054 = VECTOR ( 'NONE', #2053, 1000.000000000000000 ) ;
#2055 = CARTESIAN_POINT ( 'NONE',  ( 0.1000000000000023600, -19.25000000000000000, -3.250000000000003600 ) ) ;
#2056 = LINE ( 'NONE', #2055, #2054 ) ;
#2057 = DIRECTION ( 'NONE',  ( 0.0000000000000000000, 0.0000000000000000000, 1.000000000000000000 ) ) ;
#2058 = VECTOR ( 'NONE', #2057, 1000.000000000000000 ) ;
#2059 = CARTESIAN_POINT ( 'NONE',  ( 11.19999999999999900, 1.900000000000001200, -0.1499999999999999900 ) ) ;
#2060 = LINE ( 'NONE', #2059, #2058 ) ;
#2061 = DIRECTION ( 'NONE',  ( 1.000000000000000000, 0.0000000000000000000, 0.0000000000000000000 ) ) ;
#2062 = DIRECTION ( 'NONE',  ( 0.0000000000000000000, 0.0000000000000000000, 1.000000000000000000 ) ) ;
#2063 = CARTESIAN_POINT ( 'NONE',  ( 3.000000000000003100, -28.19999999999999900, -5.599999999999999600 ) ) ;
#2064 = AXIS2_PLACEMENT_3D ( 'NONE', #2063, #2062, #2061 ) ;
#2065 = CYLINDRICAL_SURFACE ( 'NONE', #2064, 1.499999999999999100 ) ;
#2066 = FACE_OUTER_BOUND ( 'NONE', #685, .T. ) ;
#2067 = CARTESIAN_POINT ( 'NONE',  ( 14.66163012981416200, 0.3999999999999999700, 2.799999900162220000 ) ) ;
#2068 = DIRECTION ( 'NONE',  ( 1.000000000000000000, 0.0000000000000000000, -5.394202170521032600E-014 ) ) ;
#2069 = VECTOR ( 'NONE', #2068, 1000.000000000000000 ) ;
#2070 = CARTESIAN_POINT ( 'NONE',  ( 14.66163012981416200, 0.3999999999999999700, 2.799999900162220000 ) ) ;
#2071 = DIRECTION ( 'NONE',  ( -1.224606353822377300E-016, 1.000000000000000000, 0.0000000000000000000 ) ) ;
#2072 = DIRECTION ( 'NONE',  ( 1.000000000000000000, 1.224606353822377300E-016, 0.0000000000000000000 ) ) ;
#2073 = CARTESIAN_POINT ( 'NONE',  ( 0.1000000000000021700, -17.75000000000000000, 3.249999999999997800 ) ) ;
#2074 = AXIS2_PLACEMENT_3D ( 'NONE', #2073, #2072, #2071 ) ;
#2075 = LINE ( 'NONE', #2070, #2069 ) ;
#2076 = PLANE ( 'NONE',  #2074 ) ;
#2077 = FACE_OUTER_BOUND ( 'NONE', #757, .T. ) ;
#2078 = DIRECTION ( 'NONE',  ( 0.0000000000000000000, -1.000000000000000000, 0.0000000000000000000 ) ) ;
#2079 = VECTOR ( 'NONE', #2078, 1000.000000000000000 ) ;
#2080 = CARTESIAN_POINT ( 'NONE',  ( 14.19999999999999800, 0.2000000000000011200, -0.1499999999999999900 ) ) ;
#2081 = LINE ( 'NONE', #2080, #2079 ) ;
#2082 = DIRECTION ( 'NONE',  ( -1.000000000000000000, 0.0000000000000000000, 0.0000000000000000000 ) ) ;
#2083 = DIRECTION ( 'NONE',  ( 0.0000000000000000000, 0.0000000000000000000, -1.000000000000000000 ) ) ;
#2084 = CARTESIAN_POINT ( 'NONE',  ( 12.39999999999999900, 0.2000000000000011200, 0.1499999999999999900 ) ) ;
#2085 = AXIS2_PLACEMENT_3D ( 'NONE', #2084, #2083, #2082 ) ;
#2086 = PLANE ( 'NONE',  #2085 ) ;
#2087 = FACE_OUTER_BOUND ( 'NONE', #669, .T. ) ;
#2088 = DIRECTION ( 'NONE',  ( 0.0000000000000000000, 1.000000000000000000, -1.577021341797097200E-015 ) ) ;
#2089 = DIRECTION ( 'NONE',  ( 1.931230355278216200E-031, -1.577021341797097200E-015, -1.000000000000000000 ) ) ;
#2090 = CARTESIAN_POINT ( 'NONE',  ( 0.1000000000000023600, -19.25000000000000000, -3.250000000000003600 ) ) ;
#2091 = AXIS2_PLACEMENT_3D ( 'NONE', #2090, #2089, #2088 ) ;
#2092 = PLANE ( 'NONE',  #2091 ) ;
#2093 = FACE_OUTER_BOUND ( 'NONE', #815, .T. ) ;
#2094 = DIRECTION ( 'NONE',  ( 1.000000000000000000, 0.0000000000000000000, 0.0000000000000000000 ) ) ;
#2095 = DIRECTION ( 'NONE',  ( 0.0000000000000000000, 1.000000000000000000, 0.0000000000000000000 ) ) ;
#2096 = CARTESIAN_POINT ( 'NONE',  ( 11.19999999999999900, 0.2000000000000012300, 2.200000000000000200 ) ) ;
#2097 = AXIS2_PLACEMENT_3D ( 'NONE', #2096, #2095, #2094 ) ;
#2098 = SPHERICAL_SURFACE ( 'NONE', #2097, 1.800000000000000000 ) ;
#2099 = DIRECTION ( 'NONE',  ( 1.000000000000000000, 0.0000000000000000000, 0.0000000000000000000 ) ) ;
#2100 = DIRECTION ( 'NONE',  ( 0.0000000000000000000, 0.0000000000000000000, 1.000000000000000000 ) ) ;
#2101 = CARTESIAN_POINT ( 'NONE',  ( 12.39999999999999900, 0.2000000000000011200, -0.1499999999999999900 ) ) ;
#2102 = AXIS2_PLACEMENT_3D ( 'NONE', #2101, #2100, #2099 ) ;
#2103 = FACE_OUTER_BOUND ( 'NONE', #630, .T. ) ;
#2104 = CYLINDRICAL_SURFACE ( 'NONE', #2102, 1.700000000000000200 ) ;
#2105 = FACE_OUTER_BOUND ( 'NONE', #662, .T. ) ;
#2106 = DIRECTION ( 'NONE',  ( 0.0000000000000000000, 0.0000000000000000000, 1.000000000000000000 ) ) ;
#2107 = VECTOR ( 'NONE', #2106, 1000.000000000000000 ) ;
#2108 = CARTESIAN_POINT ( 'NONE',  ( 14.09999999999999800, 0.2000000000000011200, -0.1499999999999999900 ) ) ;
#2109 = LINE ( 'NONE', #2108, #2107 ) ;
#2110 = CARTESIAN_POINT ( 'NONE',  ( 14.09999999999999800, 0.2000000000000011200, -0.1499999999999999900 ) ) ;
#2111 = CARTESIAN_POINT ( 'NONE',  ( 11.19999999999999900, 1.900000000000001200, 0.1499999999999999900 ) ) ;
#2112 = DIRECTION ( 'NONE',  ( -1.119176436114069100E-016, 1.000000000000000000, 0.0000000000000000000 ) ) ;
#2113 = VECTOR ( 'NONE', #2112, 1000.000000000000000 ) ;
#2114 = CARTESIAN_POINT ( 'NONE',  ( 20.00000000000000400, 0.0000000000000000000, -5.599999999999999600 ) ) ;
#2115 = LINE ( 'NONE', #2114, #2113 ) ;
#2116 = CARTESIAN_POINT ( 'NONE',  ( 12.39999999999999900, 2.000000000000000400, -0.1499999999999999900 ) ) ;
#2117 = CARTESIAN_POINT ( 'NONE',  ( 11.19999999999999900, 2.000000000000001300, -0.1499999999999999900 ) ) ;
#2118 = DIRECTION ( 'NONE',  ( 0.0000000000000000000, 0.0000000000000000000, 1.000000000000000000 ) ) ;
#2119 = VECTOR ( 'NONE', #2118, 1000.000000000000000 ) ;
#2120 = CARTESIAN_POINT ( 'NONE',  ( 11.19999999999999900, 2.000000000000001300, 4.000000000000000000 ) ) ;
#2121 = LINE ( 'NONE', #2120, #2119 ) ;
#2122 = DIRECTION ( 'NONE',  ( -1.000000000000000000, 9.035018104045873200E-017, 0.0000000000000000000 ) ) ;
#2123 = VECTOR ( 'NONE', #2122, 1000.000000000000000 ) ;
#2124 = CARTESIAN_POINT ( 'NONE',  ( 9.400000000000000400, 0.2000000000000014000, 4.000000000000000000 ) ) ;
#2125 = DIRECTION ( 'NONE',  ( 0.7071067811865513500, 0.7071067811865438000, 0.0000000000000000000 ) ) ;
#2126 = CIRCLE ( 'NONE', #2043, 1.800000000000000000 ) ;
#2127 = DIRECTION ( 'NONE',  ( 0.0000000000000000000, 0.0000000000000000000, 1.000000000000000000 ) ) ;
#2128 = DIRECTION ( 'NONE',  ( 0.0000000000000000000, 0.0000000000000000000, 1.000000000000000000 ) ) ;
#2129 = AXIS2_PLACEMENT_3D ( 'NONE', #2131, #2206, #2127 ) ;
#2130 = CIRCLE ( 'NONE', #2129, 1.800000000000000000 ) ;
#2131 = CARTESIAN_POINT ( 'NONE',  ( 12.39999999999999900, 0.2000000000000011200, 2.200000000000000200 ) ) ;
#2132 = DIRECTION ( 'NONE',  ( 0.7071067811865438000, -0.7071067811865513500, 0.0000000000000000000 ) ) ;
#2133 = CARTESIAN_POINT ( 'NONE',  ( 53.19884194358163400, -64.19884194358205300, 0.0000000000000000000 ) ) ;
#2134 = AXIS2_PLACEMENT_3D ( 'NONE', #2133, #2132, #2125 ) ;
#2135 = LINE ( 'NONE', #2124, #2123 ) ;
#2136 = PLANE ( 'NONE',  #2134 ) ;
#2137 = FACE_OUTER_BOUND ( 'NONE', #623, .T. ) ;
#2138 = DIRECTION ( 'NONE',  ( 8.673617379884029600E-016, -1.000000000000000000, 0.0000000000000000000 ) ) ;
#2139 = VECTOR ( 'NONE', #2138, 1000.000000000000000 ) ;
#2140 = CARTESIAN_POINT ( 'NONE',  ( 9.400000000000000400, 1.925929944387235900E-031, -2.200000000000000600 ) ) ;
#2141 = LINE ( 'NONE', #2140, #2139 ) ;
#2142 = DIRECTION ( 'NONE',  ( 0.0000000000000000000, 0.0000000000000000000, -1.000000000000000000 ) ) ;
#2143 = VECTOR ( 'NONE', #2142, 1000.000000000000000 ) ;
#2144 = CARTESIAN_POINT ( 'NONE',  ( 9.400000000000000400, 0.1999999999999996500, 4.000000000000000000 ) ) ;
#2145 = LINE ( 'NONE', #2144, #2143 ) ;
#2146 = CARTESIAN_POINT ( 'NONE',  ( 11.19999999999999900, 0.2000000000000012300, 4.000000000000000000 ) ) ;
#2147 = CARTESIAN_POINT ( 'NONE',  ( 12.39999999999999900, 0.2000000000000011200, 4.000000000000000000 ) ) ;
#2148 = DIRECTION ( 'NONE',  ( 0.0000000000000000000, 1.000000000000000000, 0.0000000000000000000 ) ) ;
#2149 = VECTOR ( 'NONE', #2148, 1000.000000000000000 ) ;
#2150 = CARTESIAN_POINT ( 'NONE',  ( 12.39999999999999900, 1.925929944387235900E-031, 4.000000000000000000 ) ) ;
#2151 = LINE ( 'NONE', #2150, #2149 ) ;
#2152 = DIRECTION ( 'NONE',  ( 0.0000000000000000000, 0.0000000000000000000, 1.000000000000000000 ) ) ;
#2153 = DIRECTION ( 'NONE',  ( -1.000000000000000000, 0.0000000000000000000, 0.0000000000000000000 ) ) ;
#2154 = CARTESIAN_POINT ( 'NONE',  ( 14.09999999999999800, 0.2000000000000011200, -0.1499999999999999900 ) ) ;
#2155 = AXIS2_PLACEMENT_3D ( 'NONE', #2154, #2153, #2152 ) ;
#2156 = PLANE ( 'NONE',  #2155 ) ;
#2157 = FACE_OUTER_BOUND ( 'NONE', #447, .T. ) ;
#2158 = CARTESIAN_POINT ( 'NONE',  ( 14.09999999999999800, 0.2000000000000011200, 0.1499999999999999900 ) ) ;
#2159 = DIRECTION ( 'NONE',  ( 0.0000000000000000000, -1.000000000000000000, 0.0000000000000000000 ) ) ;
#2160 = VECTOR ( 'NONE', #2159, 1000.000000000000000 ) ;
#2161 = CARTESIAN_POINT ( 'NONE',  ( 14.09999999999999800, 0.2000000000000011200, 0.1499999999999999900 ) ) ;
#2162 = LINE ( 'NONE', #2161, #2160 ) ;
#2163 = DIRECTION ( 'NONE',  ( 0.0000000000000000000, 0.0000000000000000000, 1.000000000000000000 ) ) ;
#2164 = DIRECTION ( 'NONE',  ( -1.000000000000000000, 0.0000000000000000000, 0.0000000000000000000 ) ) ;
#2165 = CARTESIAN_POINT ( 'NONE',  ( 12.39999999999999900, 0.2000000000000011200, 2.200000000000000200 ) ) ;
#2166 = AXIS2_PLACEMENT_3D ( 'NONE', #2165, #2164, #2163 ) ;
#2167 = CIRCLE ( 'NONE', #2166, 1.800000000000000000 ) ;
#2168 = DIRECTION ( 'NONE',  ( 0.0000000000000000000, 0.0000000000000000000, -1.000000000000000000 ) ) ;
#2169 = DIRECTION ( 'NONE',  ( 1.000000000000000000, 0.0000000000000000000, 0.0000000000000000000 ) ) ;
#2170 = CARTESIAN_POINT ( 'NONE',  ( 11.19999999999999900, 0.2000000000000014000, 2.200000000000000200 ) ) ;
#2171 = AXIS2_PLACEMENT_3D ( 'NONE', #2170, #2169, #2168 ) ;
#2172 = CIRCLE ( 'NONE', #2171, 1.800000000000000000 ) ;
#2173 = DIRECTION ( 'NONE',  ( 0.0000000000000000000, -1.000000000000000000, 0.0000000000000000000 ) ) ;
#2174 = VECTOR ( 'NONE', #2173, 1000.000000000000000 ) ;
#2175 = CARTESIAN_POINT ( 'NONE',  ( 14.19999999999999800, 0.2000000000000011200, -0.1499999999999999900 ) ) ;
#2176 = LINE ( 'NONE', #2175, #2174 ) ;
#2177 = DIRECTION ( 'NONE',  ( 0.0000000000000000000, 1.000000000000000000, 0.0000000000000000000 ) ) ;
#2178 = VECTOR ( 'NONE', #2177, 1000.000000000000000 ) ;
#2179 = CARTESIAN_POINT ( 'NONE',  ( 14.19999999999999800, 2.000000000000000900, -2.200000000000000600 ) ) ;
#2180 = LINE ( 'NONE', #2179, #2178 ) ;
#2181 = CYLINDRICAL_SURFACE ( 'NONE', #2018, 1.800000000000000000 ) ;
#2182 = FACE_OUTER_BOUND ( 'NONE', #601, .T. ) ;
#2183 = DIRECTION ( 'NONE',  ( 0.0000000000000000000, 0.0000000000000000000, -1.000000000000000000 ) ) ;
#2184 = DIRECTION ( 'NONE',  ( 1.000000000000000000, 0.0000000000000000000, 0.0000000000000000000 ) ) ;
#2185 = AXIS2_PLACEMENT_3D ( 'NONE', #2044, #2184, #2183 ) ;
#2186 = CIRCLE ( 'NONE', #2185, 1.800000000000000000 ) ;
#2187 = CARTESIAN_POINT ( 'NONE',  ( 12.39999999999999900, 0.2000000000000011200, 4.000000000000000000 ) ) ;
#2188 = AXIS2_PLACEMENT_3D ( 'NONE', #2187, #2221, #2220 ) ;
#2189 = CYLINDRICAL_SURFACE ( 'NONE', #2188, 1.799999999999999600 ) ;
#2190 = FACE_OUTER_BOUND ( 'NONE', #607, .T. ) ;
#2191 = DIRECTION ( 'NONE',  ( 1.000000000000000000, 0.0000000000000000000, 0.0000000000000000000 ) ) ;
#2192 = DIRECTION ( 'NONE',  ( 0.0000000000000000000, 0.0000000000000000000, 1.000000000000000000 ) ) ;
#2193 = AXIS2_PLACEMENT_3D ( 'NONE', #2017, #2192, #2191 ) ;
#2194 = DIRECTION ( 'NONE',  ( 1.000000000000000000, -3.614007241618354200E-016, 0.0000000000000000000 ) ) ;
#2195 = VECTOR ( 'NONE', #2194, 1000.000000000000000 ) ;
#2196 = CARTESIAN_POINT ( 'NONE',  ( 11.19999999999999900, 2.000000000000001300, -0.1499999999999999900 ) ) ;
#2197 = LINE ( 'NONE', #2196, #2195 ) ;
#2198 = CARTESIAN_POINT ( 'NONE',  ( 9.400000000000000400, 0.2000000000000000100, -0.1499999999999999900 ) ) ;
#2199 = DIRECTION ( 'NONE',  ( -1.000000000000000000, 0.0000000000000000000, 0.0000000000000000000 ) ) ;
#2200 = DIRECTION ( 'NONE',  ( 0.0000000000000000000, 0.0000000000000000000, -1.000000000000000000 ) ) ;
#2201 = CARTESIAN_POINT ( 'NONE',  ( 9.400000000000000400, 1.925929944387235900E-031, -4.000000000000000000 ) ) ;
#2202 = AXIS2_PLACEMENT_3D ( 'NONE', #2201, #2200, #2199 ) ;
#2203 = PLANE ( 'NONE',  #2202 ) ;
#2204 = DIRECTION ( 'NONE',  ( 1.000000000000000000, 0.0000000000000000000, 0.0000000000000000000 ) ) ;
#2205 = DIRECTION ( 'NONE',  ( 0.0000000000000000000, 0.0000000000000000000, -1.000000000000000000 ) ) ;
#2206 = DIRECTION ( 'NONE',  ( 0.0000000000000000000, -1.000000000000000000, 0.0000000000000000000 ) ) ;
#2207 = CARTESIAN_POINT ( 'NONE',  ( 12.39999999999999900, 0.2000000000000011200, -0.1499999999999999900 ) ) ;
#2208 = AXIS2_PLACEMENT_3D ( 'NONE', #2207, #2205, #2204 ) ;
#2209 = CIRCLE ( 'NONE', #2208, 1.799999999999999600 ) ;
#2210 = FACE_OUTER_BOUND ( 'NONE', #616, .T. ) ;
#2211 = DIRECTION ( 'NONE',  ( 0.0000000000000000000, -1.000000000000000000, 0.0000000000000000000 ) ) ;
#2212 = VECTOR ( 'NONE', #2211, 1000.000000000000000 ) ;
#2213 = CARTESIAN_POINT ( 'NONE',  ( 14.09705631014569400, 0.1000000000000000100, 2.799999900162220000 ) ) ;
#2214 = DIRECTION ( 'NONE',  ( -1.000000000000000000, 0.0000000000000000000, 0.0000000000000000000 ) ) ;
#2215 = DIRECTION ( 'NONE',  ( 0.0000000000000000000, 0.0000000000000000000, -1.000000000000000000 ) ) ;
#2216 = AXIS2_PLACEMENT_3D ( 'NONE', #2222, #2215, #2214 ) ;
#2217 = LINE ( 'NONE', #2213, #2212 ) ;
#2218 = CYLINDRICAL_SURFACE ( 'NONE', #2216, 1.799999999999999600 ) ;
#2219 = FACE_OUTER_BOUND ( 'NONE', #610, .T. ) ;
#2220 = DIRECTION ( 'NONE',  ( -1.000000000000000000, 0.0000000000000000000, 0.0000000000000000000 ) ) ;
#2221 = DIRECTION ( 'NONE',  ( 0.0000000000000000000, 0.0000000000000000000, -1.000000000000000000 ) ) ;
#2222 = CARTESIAN_POINT ( 'NONE',  ( 11.19999999999999900, 0.2000000000000012300, 4.000000000000000000 ) ) ;
#2223 = CARTESIAN_POINT ( 'NONE',  ( 15.34803374430335200, 0.3999999999999999700, 2.668403885821863900 ) ) ;
#2224 = LINE ( 'NONE', #2223, #2392 ) ;
#2225 = DIRECTION ( 'NONE',  ( 0.0000000000000000000, -1.000000000000000000, 0.0000000000000000000 ) ) ;
#2226 = VECTOR ( 'NONE', #2225, 1000.000000000000000 ) ;
#2227 = PLANE ( 'NONE',  #2351 ) ;
#2228 = FACE_OUTER_BOUND ( 'NONE', #720, .T. ) ;
#2229 = DIRECTION ( 'NONE',  ( 0.0000000000000000000, -1.000000000000000000, 0.0000000000000000000 ) ) ;
#2230 = VECTOR ( 'NONE', #2229, 1000.000000000000000 ) ;
#2231 = DIRECTION ( 'NONE',  ( 1.000000000000000000, 0.0000000000000000000, 0.0000000000000000000 ) ) ;
#2232 = DIRECTION ( 'NONE',  ( 0.0000000000000000000, 0.0000000000000000000, -1.000000000000000000 ) ) ;
#2233 = CARTESIAN_POINT ( 'NONE',  ( 11.19999999999999900, 0.2000000000000014000, -0.1499999999999999900 ) ) ;
#2234 = AXIS2_PLACEMENT_3D ( 'NONE', #2233, #2232, #2231 ) ;
#2235 = CIRCLE ( 'NONE', #2234, 1.700000000000000200 ) ;
#2236 = CARTESIAN_POINT ( 'NONE',  ( 11.19999999999999900, 1.900000000000001200, -0.1499999999999999900 ) ) ;
#2237 = DIRECTION ( 'NONE',  ( 1.000000000000000000, 0.0000000000000000000, 0.0000000000000000000 ) ) ;
#2238 = DIRECTION ( 'NONE',  ( 0.0000000000000000000, 0.0000000000000000000, -1.000000000000000000 ) ) ;
#2239 = CARTESIAN_POINT ( 'NONE',  ( 11.19999999999999900, 0.2000000000000014000, 0.1499999999999999900 ) ) ;
#2240 = AXIS2_PLACEMENT_3D ( 'NONE', #2239, #2238, #2237 ) ;
#2241 = CIRCLE ( 'NONE', #2240, 1.700000000000000200 ) ;
#2242 = DIRECTION ( 'NONE',  ( 1.000000000000000000, 0.0000000000000000000, 0.0000000000000000000 ) ) ;
#2243 = DIRECTION ( 'NONE',  ( 0.0000000000000000000, 0.0000000000000000000, 1.000000000000000000 ) ) ;
#2244 = CARTESIAN_POINT ( 'NONE',  ( 0.1000000000000023600, -19.25000000000000000, 3.250000000000004400 ) ) ;
#2245 = AXIS2_PLACEMENT_3D ( 'NONE', #2244, #2243, #2242 ) ;
#2246 = CARTESIAN_POINT ( 'NONE',  ( 15.53160414187246200, 0.1000000000000000100, 2.164048363620504100 ) ) ;
#2247 = LINE ( 'NONE', #2246, #2226 ) ;
#2248 = DIRECTION ( 'NONE',  ( 0.0000000000000000000, 2.668805347656626700E-016, 1.000000000000000000 ) ) ;
#2249 = DIRECTION ( 'NONE',  ( -1.224606353822377300E-016, 1.000000000000000000, -2.668805347656626700E-016 ) ) ;
#2250 = CARTESIAN_POINT ( 'NONE',  ( 0.1000000000000007100, -5.749999999999997300, 3.249999999999997800 ) ) ;
#2251 = AXIS2_PLACEMENT_3D ( 'NONE', #2250, #2249, #2248 ) ;
#2252 = PLANE ( 'NONE',  #2251 ) ;
#2253 = LINE ( 'NONE', #2343, #2342 ) ;
#2254 = FACE_OUTER_BOUND ( 'NONE', #813, .T. ) ;
#2255 = DIRECTION ( 'NONE',  ( -1.000000000000000000, -1.224606353822377300E-016, 0.0000000000000000000 ) ) ;
#2256 = VECTOR ( 'NONE', #2255, 1000.000000000000000 ) ;
#2257 = CARTESIAN_POINT ( 'NONE',  ( 0.1000000000000007100, -5.749999999999999100, -3.250000000000002700 ) ) ;
#2258 = LINE ( 'NONE', #2257, #2256 ) ;
#2259 = DIRECTION ( 'NONE',  ( 0.0000000000000000000, -1.000000000000000000, 0.0000000000000000000 ) ) ;
#2260 = VECTOR ( 'NONE', #2259, 1000.000000000000000 ) ;
#2261 = CARTESIAN_POINT ( 'NONE',  ( 14.19999999999999800, 0.2000000000000011200, 0.1499999999999999900 ) ) ;
#2262 = FACE_OUTER_BOUND ( 'NONE', #828, .T. ) ;
#2263 = PLANE ( 'NONE',  #2245 ) ;
#2264 = FACE_OUTER_BOUND ( 'NONE', #785, .T. ) ;
#2265 = CARTESIAN_POINT ( 'NONE',  ( 0.1000000000000030400, -24.74999999999999600, 3.250000000000004400 ) ) ;
#2266 = DIRECTION ( 'NONE',  ( -1.224606353822378000E-016, 1.000000000000000000, 0.0000000000000000000 ) ) ;
#2267 = VECTOR ( 'NONE', #2266, 1000.000000000000000 ) ;
#2268 = CARTESIAN_POINT ( 'NONE',  ( 0.1000000000000023600, -19.25000000000000000, 3.250000000000004400 ) ) ;
#2269 = LINE ( 'NONE', #2268, #2267 ) ;
#2270 = DIRECTION ( 'NONE',  ( 1.000000000000000000, 0.0000000000000000000, 0.0000000000000000000 ) ) ;
#2271 = DIRECTION ( 'NONE',  ( 0.0000000000000000000, 0.0000000000000000000, -1.000000000000000000 ) ) ;
#2272 = CARTESIAN_POINT ( 'NONE',  ( 12.39999999999999900, 0.2000000000000011200, -0.1499999999999999900 ) ) ;
#2273 = AXIS2_PLACEMENT_3D ( 'NONE', #2272, #2271, #2270 ) ;
#2274 = CIRCLE ( 'NONE', #2273, 1.700000000000000200 ) ;
#2275 = DIRECTION ( 'NONE',  ( 0.0000000000000000000, 0.0000000000000000000, 1.000000000000000000 ) ) ;
#2276 = VECTOR ( 'NONE', #2275, 1000.000000000000000 ) ;
#2277 = CARTESIAN_POINT ( 'NONE',  ( 12.39999999999999900, 1.900000000000000600, -0.1499999999999999900 ) ) ;
#2278 = LINE ( 'NONE', #2277, #2276 ) ;
#2279 = DIRECTION ( 'NONE',  ( 0.0000000000000000000, 1.000000000000000000, -7.589415207398532000E-016 ) ) ;
#2280 = DIRECTION ( 'NONE',  ( 9.294046084776417300E-032, -7.589415207398532000E-016, -1.000000000000000000 ) ) ;
#2281 = CARTESIAN_POINT ( 'NONE',  ( 0.1000000000000007100, -5.749999999999999100, -3.250000000000002700 ) ) ;
#2282 = AXIS2_PLACEMENT_3D ( 'NONE', #2281, #2280, #2279 ) ;
#2283 = DIRECTION ( 'NONE',  ( 1.000000000000000000, 0.0000000000000000000, 0.0000000000000000000 ) ) ;
#2284 = DIRECTION ( 'NONE',  ( 0.0000000000000000000, 0.0000000000000000000, 1.000000000000000000 ) ) ;
#2285 = CARTESIAN_POINT ( 'NONE',  ( 3.000000000000000000, -2.800000000000000300, -5.599999999999999600 ) ) ;
#2286 = AXIS2_PLACEMENT_3D ( 'NONE', #2285, #2284, #2283 ) ;
#2287 = LINE ( 'NONE', #2261, #2260 ) ;
#2288 = FACE_OUTER_BOUND ( 'NONE', #881, .T. ) ;
#2289 = CARTESIAN_POINT ( 'NONE',  ( 11.19999999999999900, 0.2000000000000014000, -0.1499999999999999900 ) ) ;
#2290 = CYLINDRICAL_SURFACE ( 'NONE', #2365, 1.700000000000000200 ) ;
#2291 = FACE_OUTER_BOUND ( 'NONE', #753, .T. ) ;
#2292 = DIRECTION ( 'NONE',  ( 1.224606353822378000E-016, -1.000000000000000000, 1.577021341797097000E-015 ) ) ;
#2293 = VECTOR ( 'NONE', #2292, 1000.000000000000000 ) ;
#2294 = CARTESIAN_POINT ( 'NONE',  ( 0.1000000000000023600, -19.25000000000000000, -3.250000000000003600 ) ) ;
#2295 = LINE ( 'NONE', #2294, #2293 ) ;
#2296 = DIRECTION ( 'NONE',  ( -1.000000000000000000, -1.224606353822377300E-016, 0.0000000000000000000 ) ) ;
#2297 = VECTOR ( 'NONE', #2296, 1000.000000000000000 ) ;
#2298 = CARTESIAN_POINT ( 'NONE',  ( 0.1000000000000007100, -5.749999999999997300, 3.249999999999997800 ) ) ;
#2299 = LINE ( 'NONE', #2298, #2297 ) ;
#2300 = DIRECTION ( 'NONE',  ( -5.925938290422265000E-032, 5.337610695313253400E-016, 1.000000000000000000 ) ) ;
#2301 = VECTOR ( 'NONE', #2300, 1000.000000000000000 ) ;
#2302 = CARTESIAN_POINT ( 'NONE',  ( 0.1000000000000030400, -24.75000000000000000, -3.249999999999995100 ) ) ;
#2303 = LINE ( 'NONE', #2302, #2301 ) ;
#2304 = DIRECTION ( 'NONE',  ( -1.000000000000000000, -1.224606353822377300E-016, 0.0000000000000000000 ) ) ;
#2305 = VECTOR ( 'NONE', #2304, 1000.000000000000000 ) ;
#2306 = CARTESIAN_POINT ( 'NONE',  ( 0.1000000000000021700, -17.75000000000000000, -3.249999999999993300 ) ) ;
#2307 = LINE ( 'NONE', #2306, #2305 ) ;
#2308 = DIRECTION ( 'NONE',  ( 0.0000000000000000000, 0.0000000000000000000, -1.000000000000000000 ) ) ;
#2309 = VECTOR ( 'NONE', #2308, 1000.000000000000000 ) ;
#2310 = CARTESIAN_POINT ( 'NONE',  ( 15.69999999999999900, -0.4999999999999998900, 1.058300524425832600 ) ) ;
#2311 = LINE ( 'NONE', #2310, #2309 ) ;
#2312 = DIRECTION ( 'NONE',  ( 0.9396923983359867200, 0.0000000000000000000, 0.3420207545011871300 ) ) ;
#2313 = DIRECTION ( 'NONE',  ( -0.3420207545011871300, 0.0000000000000000000, 0.9396923983359867200 ) ) ;
#2314 = CARTESIAN_POINT ( 'NONE',  ( 15.59461977183820200, 0.3999999999999999700, 1.406153198331592700 ) ) ;
#2315 = AXIS2_PLACEMENT_3D ( 'NONE', #2314, #2313, #2312 ) ;
#2316 = PLANE ( 'NONE',  #2315 ) ;
#2317 = CARTESIAN_POINT ( 'NONE',  ( 15.71415409296752400, 0.3999999999999999700, 1.662495778873561000 ) ) ;
#2318 = FACE_OUTER_BOUND ( 'NONE', #852, .T. ) ;
#2319 = DIRECTION ( 'NONE',  ( 0.0000000000000000000, 0.0000000000000000000, -1.000000000000000000 ) ) ;
#2320 = DIRECTION ( 'NONE',  ( 0.0000000000000000000, -1.000000000000000000, 0.0000000000000000000 ) ) ;
#2321 = CARTESIAN_POINT ( 'NONE',  ( 16.00000000000000700, -0.4999999999999998900, 0.0000000000000000000 ) ) ;
#2322 = AXIS2_PLACEMENT_3D ( 'NONE', #2321, #2320, #2319 ) ;
#2323 = DIRECTION ( 'NONE',  ( -1.000000000000000000, -1.224606353822377300E-016, 0.0000000000000000000 ) ) ;
#2324 = VECTOR ( 'NONE', #2323, 1000.000000000000000 ) ;
#2325 = CARTESIAN_POINT ( 'NONE',  ( 0.1000000000000023600, -19.25000000000000000, -3.250000000000003600 ) ) ;
#2326 = LINE ( 'NONE', #2325, #2324 ) ;
#2327 = CARTESIAN_POINT ( 'NONE',  ( 0.1000000000000007100, -5.749999999999997300, 3.249999999999997800 ) ) ;
#2328 = DIRECTION ( 'NONE',  ( 1.000000000000000000, -3.614007241618354700E-016, 0.0000000000000000000 ) ) ;
#2329 = DIRECTION ( 'NONE',  ( 1.000000000000000000, 0.0000000000000000000, 0.0000000000000000000 ) ) ;
#2330 = DIRECTION ( 'NONE',  ( 0.0000000000000000000, 0.0000000000000000000, 1.000000000000000000 ) ) ;
#2331 = CARTESIAN_POINT ( 'NONE',  ( 0.1000000000000007100, -5.749999999999997300, 3.249999999999997800 ) ) ;
#2332 = AXIS2_PLACEMENT_3D ( 'NONE', #2331, #2330, #2329 ) ;
#2333 = PLANE ( 'NONE',  #2332 ) ;
#2334 = FACE_OUTER_BOUND ( 'NONE', #793, .T. ) ;
#2335 = PLANE ( 'NONE',  #2282 ) ;
#2336 = FACE_OUTER_BOUND ( 'NONE', #823, .T. ) ;
#2337 = DIRECTION ( 'NONE',  ( 1.000000000000000000, -3.614007241618354700E-016, 0.0000000000000000000 ) ) ;
#2338 = VECTOR ( 'NONE', #2337, 1000.000000000000000 ) ;
#2339 = CARTESIAN_POINT ( 'NONE',  ( 11.19999999999999900, 1.900000000000001200, -0.1499999999999999900 ) ) ;
#2340 = LINE ( 'NONE', #2339, #2338 ) ;
#2341 = DIRECTION ( 'NONE',  ( -1.000000000000000000, -1.224606353822377300E-016, 0.0000000000000000000 ) ) ;
#2342 = VECTOR ( 'NONE', #2341, 1000.000000000000000 ) ;
#2343 = CARTESIAN_POINT ( 'NONE',  ( 0.1000000000000030400, -24.74999999999999600, 3.250000000000004400 ) ) ;
#2344 = CARTESIAN_POINT ( 'NONE',  ( 0.1000000000000021700, -17.75000000000000000, -3.249999999999993300 ) ) ;
#2345 = DIRECTION ( 'NONE',  ( 0.0000000000000000000, 0.0000000000000000000, 1.000000000000000000 ) ) ;
#2346 = VECTOR ( 'NONE', #2345, 1000.000000000000000 ) ;
#2347 = CARTESIAN_POINT ( 'NONE',  ( 0.1000000000000021700, -17.75000000000000000, 3.249999999999997800 ) ) ;
#2348 = DIRECTION ( 'NONE',  ( 0.3420201433257337700, 0.0000000000000000000, 0.9396926207858846700 ) ) ;
#2349 = DIRECTION ( 'NONE',  ( -0.9396926207858847800, 0.0000000000000000000, 0.3420201433257338300 ) ) ;
#2350 = CARTESIAN_POINT ( 'NONE',  ( 15.53160414187229500, 0.1000000000000000100, -2.164048363620922500 ) ) ;
#2351 = AXIS2_PLACEMENT_3D ( 'NONE', #2350, #2349, #2348 ) ;
#2352 = DIRECTION ( 'NONE',  ( 1.000000000000000000, 1.224606353822377300E-016, 0.0000000000000000000 ) ) ;
#2353 = DIRECTION ( 'NONE',  ( 1.224606353822377300E-016, -1.000000000000000000, 0.0000000000000000000 ) ) ;
#2354 = CARTESIAN_POINT ( 'NONE',  ( 0.1000000000000021700, -17.75000000000000000, 3.249999999999997800 ) ) ;
#2355 = AXIS2_PLACEMENT_3D ( 'NONE', #2354, #2353, #2352 ) ;
#2356 = PLANE ( 'NONE',  #2355 ) ;
#2357 = LINE ( 'NONE', #2347, #2346 ) ;
#2358 = FACE_OUTER_BOUND ( 'NONE', #782, .T. ) ;
#2359 = CARTESIAN_POINT ( 'NONE',  ( 0.1000000000000007100, -5.749999999999999100, -3.250000000000002700 ) ) ;
#2360 = DIRECTION ( 'NONE',  ( 1.224606353822377000E-016, -1.000000000000000000, 7.589415207398531000E-016 ) ) ;
#2361 = VECTOR ( 'NONE', #2360, 1000.000000000000000 ) ;
#2362 = CARTESIAN_POINT ( 'NONE',  ( 0.1000000000000007100, -5.749999999999999100, -3.250000000000002700 ) ) ;
#2363 = DIRECTION ( 'NONE',  ( 1.000000000000000000, 0.0000000000000000000, 0.0000000000000000000 ) ) ;
#2364 = DIRECTION ( 'NONE',  ( 0.0000000000000000000, 0.0000000000000000000, 1.000000000000000000 ) ) ;
#2365 = AXIS2_PLACEMENT_3D ( 'NONE', #2289, #2364, #2363 ) ;
#2366 = LINE ( 'NONE', #2362, #2361 ) ;
#2367 = DIRECTION ( 'NONE',  ( 0.0000000000000000000, -5.337610695313254300E-016, -1.000000000000000000 ) ) ;
#2368 = DIRECTION ( 'NONE',  ( 1.224606353822377500E-016, -1.000000000000000000, 5.337610695313254300E-016 ) ) ;
#2369 = CARTESIAN_POINT ( 'NONE',  ( 0.1000000000000030400, -24.75000000000000000, -3.249999999999995100 ) ) ;
#2370 = AXIS2_PLACEMENT_3D ( 'NONE', #2369, #2368, #2367 ) ;
#2371 = PLANE ( 'NONE',  #2370 ) ;
#2372 = DIRECTION ( 'NONE',  ( -3.614007241618354700E-016, -1.000000000000000000, 0.0000000000000000000 ) ) ;
#2373 = CARTESIAN_POINT ( 'NONE',  ( 11.19999999999999900, 1.900000000000001200, -0.1499999999999999900 ) ) ;
#2374 = AXIS2_PLACEMENT_3D ( 'NONE', #2373, #2372, #2328 ) ;
#2375 = PLANE ( 'NONE',  #2374 ) ;
#2376 = CYLINDRICAL_SURFACE ( 'NONE', #2286, 1.499999999999999600 ) ;
#2377 = CARTESIAN_POINT ( 'NONE',  ( 9.500000000000000000, 0.2000000000000008400, 0.1499999999999999900 ) ) ;
#2378 = DIRECTION ( 'NONE',  ( 1.000000000000000000, -3.614007241618354700E-016, 0.0000000000000000000 ) ) ;
#2379 = VECTOR ( 'NONE', #2378, 1000.000000000000000 ) ;
#2380 = CARTESIAN_POINT ( 'NONE',  ( 11.19999999999999900, 1.900000000000001200, 0.1499999999999999900 ) ) ;
#2381 = LINE ( 'NONE', #2380, #2379 ) ;
#2382 = FACE_OUTER_BOUND ( 'NONE', #690, .T. ) ;
#2383 = CARTESIAN_POINT ( 'NONE',  ( 0.1000000000000023600, -19.25000000000000000, 3.250000000000004400 ) ) ;
#2384 = DIRECTION ( 'NONE',  ( -1.000000000000000000, -1.224606353822377300E-016, 0.0000000000000000000 ) ) ;
#2385 = DIRECTION ( 'NONE',  ( -1.224606353822377300E-016, 1.000000000000000000, 0.0000000000000000000 ) ) ;
#2386 = CARTESIAN_POINT ( 'NONE',  ( 0.1000000000000023600, -19.25000000000000000, -3.250000000000003600 ) ) ;
#2387 = AXIS2_PLACEMENT_3D ( 'NONE', #2386, #2385, #2384 ) ;
#2388 = PLANE ( 'NONE',  #2387 ) ;
#2389 = CARTESIAN_POINT ( 'NONE',  ( 15.53160414187229500, 0.1000000000000000100, -2.164048363620922500 ) ) ;
#2390 = LINE ( 'NONE', #2389, #2230 ) ;
#2391 = DIRECTION ( 'NONE',  ( 0.3420199282983183400, 0.0000000000000000000, -0.9396926990494355300 ) ) ;
#2392 = VECTOR ( 'NONE', #2391, 1000.000000000000100 ) ;
#2393 = FACE_OUTER_BOUND ( 'NONE', #835, .T. ) ;
#2394 = DIRECTION ( 'NONE',  ( 0.0000000000000000000, 1.000000000000000000, 0.0000000000000000000 ) ) ;
#2395 = VECTOR ( 'NONE', #2394, 1000.000000000000000 ) ;
#2396 = CARTESIAN_POINT ( 'NONE',  ( 9.500000000000000000, 1.925929944387235900E-031, -0.1499999999999999900 ) ) ;
#2397 = LINE ( 'NONE', #2396, #2395 ) ;
#2398 = CIRCLE ( 'NONE', #2322, 1.099999999999998100 ) ;
#2399 = CARTESIAN_POINT ( 'NONE',  ( 16.30000000000059800, -0.4999999999999998900, 1.058300524425666000 ) ) ;
#2400 = DIRECTION ( 'NONE',  ( 0.0000000000000000000, 1.000000000000000000, 0.0000000000000000000 ) ) ;
#2401 = VECTOR ( 'NONE', #2400, 1000.000000000000000 ) ;
#2402 = CARTESIAN_POINT ( 'NONE',  ( 16.30000000000059800, -0.4999999999999998900, 1.058300524425666000 ) ) ;
#2403 = LINE ( 'NONE', #2402, #2401 ) ;
#2404 = CARTESIAN_POINT ( 'NONE',  ( 0.1000000000000023600, -19.25000000000000000, -3.250000000000003600 ) ) ;
#2405 = CARTESIAN_POINT ( 'NONE',  ( 7.499999999999638500, -0.4999999999999998900, -1.099999999991924300 ) ) ;
#2406 = DIRECTION ( 'NONE',  ( 0.0000000000000000000, 1.000000000000000000, 0.0000000000000000000 ) ) ;
#2407 = VECTOR ( 'NONE', #2406, 1000.000000000000000 ) ;
#2408 = CARTESIAN_POINT ( 'NONE',  ( 7.499999999999638500, -1.899999999999999900, -1.099999999991923200 ) ) ;
#2409 = LINE ( 'NONE', #2408, #2407 ) ;
#2410 = CARTESIAN_POINT ( 'NONE',  ( 7.499999999999638500, -1.899999999999999900, -1.099999999991923200 ) ) ;
#2411 = DIRECTION ( 'NONE',  ( 0.0000000000000000000, 0.0000000000000000000, -1.000000000000000000 ) ) ;
#2412 = DIRECTION ( 'NONE',  ( 1.000000000000000000, 0.0000000000000000000, 0.0000000000000000000 ) ) ;
#2413 = CARTESIAN_POINT ( 'NONE',  ( 7.199999999999630700, -0.4999999999999998900, 1.058300524433909400 ) ) ;
#2414 = AXIS2_PLACEMENT_3D ( 'NONE', #2413, #2412, #2411 ) ;
#2415 = PLANE ( 'NONE',  #2414 ) ;
#2416 = FACE_OUTER_BOUND ( 'NONE', #2682, .T. ) ;
#2417 = DIRECTION ( 'NONE',  ( 0.0000000000000000000, 0.0000000000000000000, 1.000000000000000000 ) ) ;
#2418 = VECTOR ( 'NONE', #2417, 1000.000000000000000 ) ;
#2419 = CARTESIAN_POINT ( 'NONE',  ( 16.30000000000059800, -0.4999999999999998900, 1.058300524425666000 ) ) ;
#2420 = LINE ( 'NONE', #2419, #2418 ) ;
#2421 = DIRECTION ( 'NONE',  ( 0.0000000000000000000, 0.0000000000000000000, -1.000000000000000000 ) ) ;
#2422 = DIRECTION ( 'NONE',  ( 0.0000000000000000000, -1.000000000000000000, 0.0000000000000000000 ) ) ;
#2423 = CARTESIAN_POINT ( 'NONE',  ( 16.00000000000000700, -0.4999999999999998900, 0.0000000000000000000 ) ) ;
#2424 = AXIS2_PLACEMENT_3D ( 'NONE', #2423, #2422, #2421 ) ;
#2425 = PLANE ( 'NONE',  #2424 ) ;
#2426 = FACE_OUTER_BOUND ( 'NONE', #2696, .T. ) ;
#2427 = DIRECTION ( 'NONE',  ( 0.0000000000000000000, 0.0000000000000000000, -1.000000000000000000 ) ) ;
#2428 = VECTOR ( 'NONE', #2427, 1000.000000000000000 ) ;
#2429 = CARTESIAN_POINT ( 'NONE',  ( 15.69999999999999900, -0.4999999999999998900, 1.058300524425832600 ) ) ;
#2430 = DIRECTION ( 'NONE',  ( 0.0000000000000000000, 0.0000000000000000000, 1.000000000000000000 ) ) ;
#2431 = DIRECTION ( 'NONE',  ( 0.0000000000000000000, 1.000000000000000000, 0.0000000000000000000 ) ) ;
#2432 = CARTESIAN_POINT ( 'NONE',  ( 7.499999999999638500, -0.4999999999999998900, 8.076872504148013800E-012 ) ) ;
#2433 = CYLINDRICAL_SURFACE ( 'NONE', #2435, 1.099999999999998500 ) ;
#2434 = LINE ( 'NONE', #2429, #2428 ) ;
#2435 = AXIS2_PLACEMENT_3D ( 'NONE', #2432, #2431, #2430 ) ;
#2436 = FACE_OUTER_BOUND ( 'NONE', #2686, .T. ) ;
#2437 = DIRECTION ( 'NONE',  ( 0.0000000000000000000, 0.0000000000000000000, 1.000000000000000000 ) ) ;
#2438 = DIRECTION ( 'NONE',  ( -1.000000000000000000, 0.0000000000000000000, 0.0000000000000000000 ) ) ;
#2439 = CARTESIAN_POINT ( 'NONE',  ( 16.30000000000059800, -0.4999999999999998900, 1.058300524425666000 ) ) ;
#2440 = AXIS2_PLACEMENT_3D ( 'NONE', #2439, #2438, #2437 ) ;
#2441 = PLANE ( 'NONE',  #2440 ) ;
#2442 = FACE_OUTER_BOUND ( 'NONE', #2688, .T. ) ;
#2443 = DIRECTION ( 'NONE',  ( 0.0000000000000000000, 1.000000000000000000, 0.0000000000000000000 ) ) ;
#2444 = VECTOR ( 'NONE', #2443, 1000.000000000000000 ) ;
#2445 = CARTESIAN_POINT ( 'NONE',  ( 7.199999999999630700, -0.4999999999999998900, 1.058300524433909400 ) ) ;
#2446 = DIRECTION ( 'NONE',  ( 0.0000000000000000000, 0.0000000000000000000, -1.000000000000000000 ) ) ;
#2447 = DIRECTION ( 'NONE',  ( 0.0000000000000000000, -1.000000000000000000, 0.0000000000000000000 ) ) ;
#2448 = CARTESIAN_POINT ( 'NONE',  ( 7.499999999999638500, -0.4999999999999998900, 8.076872504148013800E-012 ) ) ;
#2449 = AXIS2_PLACEMENT_3D ( 'NONE', #2448, #2447, #2446 ) ;
#2450 = CIRCLE ( 'NONE', #2449, 1.099999999999998500 ) ;
#2451 = LINE ( 'NONE', #2445, #2444 ) ;
#2452 = DIRECTION ( 'NONE',  ( 0.0000000000000000000, 0.0000000000000000000, -1.000000000000000000 ) ) ;
#2453 = DIRECTION ( 'NONE',  ( 0.0000000000000000000, -1.000000000000000000, 0.0000000000000000000 ) ) ;
#2454 = CARTESIAN_POINT ( 'NONE',  ( 7.499999999999638500, -0.4999999999999998900, 8.076872504148013800E-012 ) ) ;
#2455 = AXIS2_PLACEMENT_3D ( 'NONE', #2454, #2453, #2452 ) ;
#2456 = PLANE ( 'NONE',  #2455 ) ;
#2457 = FACE_OUTER_BOUND ( 'NONE', #907, .T. ) ;
#2458 = DIRECTION ( 'NONE',  ( 0.0000000000000000000, 0.0000000000000000000, 1.000000000000000000 ) ) ;
#2459 = DIRECTION ( 'NONE',  ( -1.000000000000000000, 0.0000000000000000000, 0.0000000000000000000 ) ) ;
#2460 = CARTESIAN_POINT ( 'NONE',  ( 7.800000000000232500, -0.4999999999999998900, 1.058300524433742900 ) ) ;
#2461 = AXIS2_PLACEMENT_3D ( 'NONE', #2460, #2459, #2458 ) ;
#2462 = PLANE ( 'NONE',  #2461 ) ;
#2463 = FACE_OUTER_BOUND ( 'NONE', #917, .T. ) ;
#2464 = DIRECTION ( 'NONE',  ( 0.0000000000000000000, 0.0000000000000000000, 1.000000000000000000 ) ) ;
#2465 = DIRECTION ( 'NONE',  ( 0.0000000000000000000, 1.000000000000000000, 0.0000000000000000000 ) ) ;
#2466 = CARTESIAN_POINT ( 'NONE',  ( 7.499999999999638500, 0.1000000000000000100, 8.076872504148013800E-012 ) ) ;
#2467 = AXIS2_PLACEMENT_3D ( 'NONE', #2466, #2465, #2464 ) ;
#2468 = PLANE ( 'NONE',  #2467 ) ;
#2469 = FACE_OUTER_BOUND ( 'NONE', #1025, .T. ) ;
#2470 = DIRECTION ( 'NONE',  ( 0.0000000000000000000, 0.0000000000000000000, -1.000000000000000000 ) ) ;
#2471 = DIRECTION ( 'NONE',  ( 1.000000000000000000, 0.0000000000000000000, 0.0000000000000000000 ) ) ;
#2472 = CARTESIAN_POINT ( 'NONE',  ( 7.199999999999630700, -0.4999999999999998900, 1.058300524433909400 ) ) ;
#2473 = AXIS2_PLACEMENT_3D ( 'NONE', #2472, #2471, #2470 ) ;
#2474 = PLANE ( 'NONE',  #2473 ) ;
#2475 = FACE_OUTER_BOUND ( 'NONE', #1015, .T. ) ;
#2476 = DIRECTION ( 'NONE',  ( 0.0000000000000000000, 0.0000000000000000000, 1.000000000000000000 ) ) ;
#2477 = DIRECTION ( 'NONE',  ( 0.0000000000000000000, 1.000000000000000000, 0.0000000000000000000 ) ) ;
#2478 = CARTESIAN_POINT ( 'NONE',  ( 7.499999999999638500, -1.899999999999999900, 8.076872504148013800E-012 ) ) ;
#2479 = AXIS2_PLACEMENT_3D ( 'NONE', #2478, #2477, #2476 ) ;
#2480 = PLANE ( 'NONE',  #2479 ) ;
#2481 = FACE_OUTER_BOUND ( 'NONE', #950, .T. ) ;
#2482 = DIRECTION ( 'NONE',  ( 0.0000000000000000000, 0.0000000000000000000, 1.000000000000000000 ) ) ;
#2483 = VECTOR ( 'NONE', #2482, 1000.000000000000000 ) ;
#2484 = CARTESIAN_POINT ( 'NONE',  ( 7.800000000000232500, 0.1000000000000000100, 1.058300524433742900 ) ) ;
#2485 = LINE ( 'NONE', #2484, #2483 ) ;
#2486 = DIRECTION ( 'NONE',  ( 0.0000000000000000000, 0.0000000000000000000, 1.000000000000000000 ) ) ;
#2487 = DIRECTION ( 'NONE',  ( 0.0000000000000000000, 1.000000000000000000, 0.0000000000000000000 ) ) ;
#2488 = CARTESIAN_POINT ( 'NONE',  ( 7.499999999999638500, -1.899999999999999900, 8.076872504148013800E-012 ) ) ;
#2489 = AXIS2_PLACEMENT_3D ( 'NONE', #2488, #2487, #2486 ) ;
#2490 = CIRCLE ( 'NONE', #2489, 1.100000000000000100 ) ;
#2491 = LINE ( 'NONE', #2561, #2560 ) ;
#2492 = DIRECTION ( 'NONE',  ( 0.0000000000000000000, -1.000000000000000000, 0.0000000000000000000 ) ) ;
#2493 = VECTOR ( 'NONE', #2492, 1000.000000000000000 ) ;
#2494 = CARTESIAN_POINT ( 'NONE',  ( 15.16009520449346900, 0.1000000000000000100, 2.799999900162192900 ) ) ;
#2495 = LINE ( 'NONE', #2494, #2493 ) ;
#2496 = PLANE ( 'NONE',  #2510 ) ;
#2497 = FACE_OUTER_BOUND ( 'NONE', #962, .T. ) ;
#2498 = DIRECTION ( 'NONE',  ( 0.0000000000000000000, 0.0000000000000000000, 1.000000000000000000 ) ) ;
#2499 = VECTOR ( 'NONE', #2498, 1000.000000000000000 ) ;
#2500 = CARTESIAN_POINT ( 'NONE',  ( 7.800000000000232500, -0.4999999999999998900, 1.058300524433742900 ) ) ;
#2501 = LINE ( 'NONE', #2500, #2499 ) ;
#2502 = PLANE ( 'NONE',  #2584 ) ;
#2503 = DIRECTION ( 'NONE',  ( 0.0000000000000000000, 1.000000000000000000, 0.0000000000000000000 ) ) ;
#2504 = VECTOR ( 'NONE', #2503, 1000.000000000000000 ) ;
#2505 = CARTESIAN_POINT ( 'NONE',  ( 9.500000000000000000, 1.925929944387235900E-031, 0.1499999999999999900 ) ) ;
#2506 = LINE ( 'NONE', #2505, #2504 ) ;
#2507 = DIRECTION ( 'NONE',  ( 0.0000000000000000000, 0.0000000000000000000, -1.000000000000000000 ) ) ;
#2508 = DIRECTION ( 'NONE',  ( 1.000000000000000000, 0.0000000000000000000, 0.0000000000000000000 ) ) ;
#2509 = CARTESIAN_POINT ( 'NONE',  ( 14.19999999999999800, 0.1000000000000000100, -2.200000000000000600 ) ) ;
#2510 = AXIS2_PLACEMENT_3D ( 'NONE', #2509, #2508, #2507 ) ;
#2511 = DIRECTION ( 'NONE',  ( 0.0000000000000000000, 0.0000000000000000000, 1.000000000000000000 ) ) ;
#2512 = DIRECTION ( 'NONE',  ( 0.0000000000000000000, 1.000000000000000000, 0.0000000000000000000 ) ) ;
#2513 = CARTESIAN_POINT ( 'NONE',  ( 7.499999999999638500, -0.4999999999999998900, 8.076872504148013800E-012 ) ) ;
#2514 = AXIS2_PLACEMENT_3D ( 'NONE', #2513, #2512, #2511 ) ;
#2515 = FACE_OUTER_BOUND ( 'NONE', #2677, .T. ) ;
#2516 = CYLINDRICAL_SURFACE ( 'NONE', #2514, 1.100000000000001000 ) ;
#2517 = FACE_OUTER_BOUND ( 'NONE', #2671, .T. ) ;
#2518 = DIRECTION ( 'NONE',  ( 0.0000000000000000000, 0.0000000000000000000, 1.000000000000000000 ) ) ;
#2519 = VECTOR ( 'NONE', #2518, 1000.000000000000000 ) ;
#2520 = CARTESIAN_POINT ( 'NONE',  ( 16.30000000000059800, -0.4999999999999998900, 1.058300524425666000 ) ) ;
#2521 = LINE ( 'NONE', #2520, #2519 ) ;
#2522 = DIRECTION ( 'NONE',  ( 0.0000000000000000000, 0.0000000000000000000, 1.000000000000000000 ) ) ;
#2523 = DIRECTION ( 'NONE',  ( -1.000000000000000000, 0.0000000000000000000, 0.0000000000000000000 ) ) ;
#2524 = CARTESIAN_POINT ( 'NONE',  ( 16.30000000000059800, -0.4999999999999998900, 1.058300524425666000 ) ) ;
#2525 = AXIS2_PLACEMENT_3D ( 'NONE', #2524, #2523, #2522 ) ;
#2526 = PLANE ( 'NONE',  #2525 ) ;
#2527 = FACE_OUTER_BOUND ( 'NONE', #2667, .T. ) ;
#2528 = DIRECTION ( 'NONE',  ( 0.0000000000000000000, 0.0000000000000000000, -1.000000000000000000 ) ) ;
#2529 = DIRECTION ( 'NONE',  ( 0.0000000000000000000, -1.000000000000000000, 0.0000000000000000000 ) ) ;
#2530 = CARTESIAN_POINT ( 'NONE',  ( 16.00000000000000700, -0.4999999999999998900, 0.0000000000000000000 ) ) ;
#2531 = AXIS2_PLACEMENT_3D ( 'NONE', #2530, #2529, #2528 ) ;
#2532 = PLANE ( 'NONE',  #2531 ) ;
#2533 = FACE_OUTER_BOUND ( 'NONE', #2669, .T. ) ;
#2534 = DIRECTION ( 'NONE',  ( 0.0000000000000000000, 0.0000000000000000000, -1.000000000000000000 ) ) ;
#2535 = VECTOR ( 'NONE', #2534, 1000.000000000000000 ) ;
#2536 = CARTESIAN_POINT ( 'NONE',  ( 15.69999999999999900, 0.1000000000000000100, 1.058300524425832600 ) ) ;
#2537 = LINE ( 'NONE', #2536, #2535 ) ;
#2538 = CARTESIAN_POINT ( 'NONE',  ( 7.499999999999638500, -1.899999999999999900, 1.100000000008077000 ) ) ;
#2539 = DIRECTION ( 'NONE',  ( 0.0000000000000000000, 0.0000000000000000000, 1.000000000000000000 ) ) ;
#2540 = DIRECTION ( 'NONE',  ( 0.0000000000000000000, 1.000000000000000000, 0.0000000000000000000 ) ) ;
#2541 = AXIS2_PLACEMENT_3D ( 'NONE', #2543, #2540, #2539 ) ;
#2542 = CIRCLE ( 'NONE', #2541, 1.100000000000000100 ) ;
#2543 = CARTESIAN_POINT ( 'NONE',  ( 7.499999999999638500, -1.899999999999999900, 8.076872504148013800E-012 ) ) ;
#2544 = DIRECTION ( 'NONE',  ( 0.0000000000000000000, 0.0000000000000000000, 1.000000000000000000 ) ) ;
#2545 = DIRECTION ( 'NONE',  ( 0.0000000000000000000, 1.000000000000000000, 0.0000000000000000000 ) ) ;
#2546 = AXIS2_PLACEMENT_3D ( 'NONE', #2548, #2545, #2544 ) ;
#2547 = CYLINDRICAL_SURFACE ( 'NONE', #2546, 1.100000000000000100 ) ;
#2548 = CARTESIAN_POINT ( 'NONE',  ( 7.499999999999638500, -1.899999999999999900, 8.076872504148013800E-012 ) ) ;
#2549 = FACE_OUTER_BOUND ( 'NONE', #2651, .T. ) ;
#2550 = CARTESIAN_POINT ( 'NONE',  ( 7.800000000000232500, 0.1000000000000000100, 1.058300524433744900 ) ) ;
#2551 = CARTESIAN_POINT ( 'NONE',  ( 7.800000000000232500, 0.1000000000000000100, -1.058300524417592500 ) ) ;
#2552 = DIRECTION ( 'NONE',  ( 0.0000000000000000000, 1.000000000000000000, 0.0000000000000000000 ) ) ;
#2553 = VECTOR ( 'NONE', #2552, 1000.000000000000000 ) ;
#2554 = CARTESIAN_POINT ( 'NONE',  ( 7.800000000000232500, -0.4999999999999998900, -1.058300524417592500 ) ) ;
#2555 = LINE ( 'NONE', #2554, #2553 ) ;
#2556 = CARTESIAN_POINT ( 'NONE',  ( 7.800000000000232500, -0.4999999999999998900, -1.058300524417592500 ) ) ;
#2557 = DIRECTION ( 'NONE',  ( 0.0000000000000000000, 0.0000000000000000000, -1.000000000000000000 ) ) ;
#2558 = CARTESIAN_POINT ( 'NONE',  ( 0.1000000000000021700, -17.75000000000000000, 3.249999999999997800 ) ) ;
#2559 = DIRECTION ( 'NONE',  ( -1.224606353822377300E-016, 1.000000000000000000, 0.0000000000000000000 ) ) ;
#2560 = VECTOR ( 'NONE', #2559, 1000.000000000000000 ) ;
#2561 = CARTESIAN_POINT ( 'NONE',  ( 0.1000000000000007100, -5.749999999999997300, 3.249999999999997800 ) ) ;
#2562 = FACE_OUTER_BOUND ( 'NONE', #675, .T. ) ;
#2563 = DIRECTION ( 'NONE',  ( -1.000000000000000000, -1.224606353822377300E-016, 0.0000000000000000000 ) ) ;
#2564 = VECTOR ( 'NONE', #2563, 1000.000000000000000 ) ;
#2565 = CARTESIAN_POINT ( 'NONE',  ( 0.1000000000000021700, -17.75000000000000000, 3.249999999999997800 ) ) ;
#2566 = LINE ( 'NONE', #2565, #2564 ) ;
#2567 = DIRECTION ( 'NONE',  ( 4.444453717816698200E-032, -2.668805347656626200E-016, -1.000000000000000000 ) ) ;
#2568 = VECTOR ( 'NONE', #2567, 1000.000000000000000 ) ;
#2569 = CARTESIAN_POINT ( 'NONE',  ( 0.1000000000000007100, -5.749999999999997300, 3.249999999999997800 ) ) ;
#2570 = LINE ( 'NONE', #2569, #2568 ) ;
#2571 = DIRECTION ( 'NONE',  ( 0.0000000000000000000, 0.0000000000000000000, -1.000000000000000000 ) ) ;
#2572 = DIRECTION ( 'NONE',  ( 0.0000000000000000000, -1.000000000000000000, 0.0000000000000000000 ) ) ;
#2573 = CARTESIAN_POINT ( 'NONE',  ( 7.499999999999638500, -0.4999999999999998900, 8.076872504148013800E-012 ) ) ;
#2574 = AXIS2_PLACEMENT_3D ( 'NONE', #2573, #2572, #2571 ) ;
#2575 = CIRCLE ( 'NONE', #2574, 1.099999999999998500 ) ;
#2576 = CARTESIAN_POINT ( 'NONE',  ( 7.199999999999630700, -0.4999999999999998900, 1.058300524433909400 ) ) ;
#2577 = DIRECTION ( 'NONE',  ( 0.0000000000000000000, 1.000000000000000000, 0.0000000000000000000 ) ) ;
#2578 = VECTOR ( 'NONE', #2577, 1000.000000000000000 ) ;
#2579 = CARTESIAN_POINT ( 'NONE',  ( 7.199999999999629800, -0.4999999999999998900, -1.058300524417757700 ) ) ;
#2580 = LINE ( 'NONE', #2579, #2578 ) ;
#2581 = DIRECTION ( 'NONE',  ( 0.0000000000000000000, 0.0000000000000000000, -1.000000000000000000 ) ) ;
#2582 = DIRECTION ( 'NONE',  ( 0.0000000000000000000, -1.000000000000000000, 0.0000000000000000000 ) ) ;
#2583 = CARTESIAN_POINT ( 'NONE',  ( 7.499999999999638500, -0.4999999999999998900, 8.076872504148013800E-012 ) ) ;
#2584 = AXIS2_PLACEMENT_3D ( 'NONE', #2583, #2582, #2581 ) ;
#2585 = DIRECTION ( 'NONE',  ( 0.0000000000000000000, -1.000000000000000000, 0.0000000000000000000 ) ) ;
#2586 = CARTESIAN_POINT ( 'NONE',  ( 7.499999999999638500, -0.4999999999999998900, 8.076872504148013800E-012 ) ) ;
#2587 = AXIS2_PLACEMENT_3D ( 'NONE', #2586, #2585, #2557 ) ;
#2588 = CIRCLE ( 'NONE', #2587, 1.100000000000001000 ) ;
#2589 = DIRECTION ( 'NONE',  ( 0.0000000000000000000, 1.000000000000000000, 0.0000000000000000000 ) ) ;
#2590 = VECTOR ( 'NONE', #2589, 1000.000000000000000 ) ;
#2591 = CARTESIAN_POINT ( 'NONE',  ( 7.800000000000232500, -0.4999999999999998900, 1.058300524433742900 ) ) ;
#2592 = LINE ( 'NONE', #2591, #2590 ) ;
#2593 = DIRECTION ( 'NONE',  ( 0.0000000000000000000, 0.0000000000000000000, 1.000000000000000000 ) ) ;
#2594 = DIRECTION ( 'NONE',  ( 0.0000000000000000000, 1.000000000000000000, 0.0000000000000000000 ) ) ;
#2595 = CARTESIAN_POINT ( 'NONE',  ( 7.499999999999638500, 0.1000000000000000100, 8.076872504148013800E-012 ) ) ;
#2596 = AXIS2_PLACEMENT_3D ( 'NONE', #2595, #2594, #2593 ) ;
#2597 = CIRCLE ( 'NONE', #2596, 1.100000000000000100 ) ;
#2598 = DIRECTION ( 'NONE',  ( 0.0000000000000000000, 0.0000000000000000000, 1.000000000000000000 ) ) ;
#2599 = VECTOR ( 'NONE', #2598, 1000.000000000000000 ) ;
#2600 = LINE ( 'NONE', #2605, #2599 ) ;
#2601 = DIRECTION ( 'NONE',  ( 0.0000000000000000000, 0.0000000000000000000, 1.000000000000000000 ) ) ;
#2602 = DIRECTION ( 'NONE',  ( 0.0000000000000000000, 1.000000000000000000, 0.0000000000000000000 ) ) ;
#2603 = CARTESIAN_POINT ( 'NONE',  ( 16.00000000000000700, 0.1000000000000000100, 0.0000000000000000000 ) ) ;
#2604 = AXIS2_PLACEMENT_3D ( 'NONE', #2603, #2602, #2601 ) ;
#2605 = CARTESIAN_POINT ( 'NONE',  ( 16.30000000000059800, 0.1000000000000000100, 1.058300524425666000 ) ) ;
#2606 = PLANE ( 'NONE',  #2604 ) ;
#2607 = FACE_OUTER_BOUND ( 'NONE', #2658, .T. ) ;
#2608 = DIRECTION ( 'NONE',  ( 0.0000000000000000000, 0.0000000000000000000, -1.000000000000000000 ) ) ;
#2609 = VECTOR ( 'NONE', #2608, 1000.000000000000000 ) ;
#2610 = CARTESIAN_POINT ( 'NONE',  ( 7.199999999999630700, 0.1000000000000000100, 1.058300524433909400 ) ) ;
#2611 = LINE ( 'NONE', #2610, #2609 ) ;
#2612 = DIRECTION ( 'NONE',  ( 0.0000000000000000000, 0.0000000000000000000, -1.000000000000000000 ) ) ;
#2613 = DIRECTION ( 'NONE',  ( 0.0000000000000000000, -1.000000000000000000, 0.0000000000000000000 ) ) ;
#2614 = CARTESIAN_POINT ( 'NONE',  ( 7.499999999999638500, -0.4999999999999998900, 8.076872504148013800E-012 ) ) ;
#2615 = AXIS2_PLACEMENT_3D ( 'NONE', #2614, #2613, #2612 ) ;
#2616 = CIRCLE ( 'NONE', #2615, 1.100000000000001000 ) ;
#2617 = DIRECTION ( 'NONE',  ( 0.0000000000000000000, 0.0000000000000000000, -1.000000000000000000 ) ) ;
#2618 = VECTOR ( 'NONE', #2617, 1000.000000000000000 ) ;
#2619 = CARTESIAN_POINT ( 'NONE',  ( 7.199999999999630700, -0.4999999999999998900, 1.058300524433909400 ) ) ;
#2620 = LINE ( 'NONE', #2619, #2618 ) ;
#2621 = DIRECTION ( 'NONE',  ( 0.0000000000000000000, 0.0000000000000000000, 1.000000000000000000 ) ) ;
#2622 = DIRECTION ( 'NONE',  ( 0.0000000000000000000, 1.000000000000000000, 0.0000000000000000000 ) ) ;
#2623 = CARTESIAN_POINT ( 'NONE',  ( 7.499999999999638500, 0.1000000000000000100, 8.076872504148013800E-012 ) ) ;
#2624 = AXIS2_PLACEMENT_3D ( 'NONE', #2623, #2622, #2621 ) ;
#2625 = CIRCLE ( 'NONE', #2624, 1.100000000000000100 ) ;
#2626 = CARTESIAN_POINT ( 'NONE',  ( 7.199999999999629800, -0.4999999999999998900, -1.058300524417757700 ) ) ;
#2627 = CARTESIAN_POINT ( 'NONE',  ( 7.199999999999629800, 0.1000000000000000100, -1.058300524417757700 ) ) ;
#2628 = DIRECTION ( 'NONE',  ( 0.0000000000000000000, 0.0000000000000000000, 1.000000000000000000 ) ) ;
#2629 = DIRECTION ( 'NONE',  ( 0.0000000000000000000, 1.000000000000000000, 0.0000000000000000000 ) ) ;
#2630 = CARTESIAN_POINT ( 'NONE',  ( 7.499999999999638500, 0.1000000000000000100, 8.076872504148013800E-012 ) ) ;
#2631 = AXIS2_PLACEMENT_3D ( 'NONE', #2630, #2629, #2628 ) ;
#2632 = PLANE ( 'NONE',  #2631 ) ;
#2633 = EDGE_LOOP ( 'NONE', ( #2659, #2655, #2732, #2664 ) ) ;
#2634 = ADVANCED_FACE ( 'NONE', ( #2607 ), #2606, .T. ) ;
#2635 = EDGE_CURVE ( 'NONE', #2809, #2798, #2600, .T. ) ;
#2636 = EDGE_CURVE ( 'NONE', #2646, #2644, #2597, .T. ) ;
#2637 = ORIENTED_EDGE ( 'NONE', *, *, #2638, .F. ) ;
#2638 = EDGE_CURVE ( 'NONE', #2713, #2646, #2592, .T. ) ;
#2639 = ORIENTED_EDGE ( 'NONE', *, *, #2640, .T. ) ;
#2640 = EDGE_CURVE ( 'NONE', #2711, #2641, #2588, .T. ) ;
#2641 = VERTEX_POINT ( 'NONE', #2556 ) ;
#2642 = ORIENTED_EDGE ( 'NONE', *, *, #2643, .T. ) ;
#2643 = EDGE_CURVE ( 'NONE', #2641, #2644, #2555, .T. ) ;
#2644 = VERTEX_POINT ( 'NONE', #2551 ) ;
#2645 = ORIENTED_EDGE ( 'NONE', *, *, #2636, .F. ) ;
#2646 = VERTEX_POINT ( 'NONE', #2550 ) ;
#2647 = ORIENTED_EDGE ( 'NONE', *, *, #2805, .F. ) ;
#2648 = CLOSED_SHELL ( 'NONE', ( #2742, #2743, #2788, #2634, #2733, #2730, #2665, #2662 ) ) ;
#2649 = MANIFOLD_SOLID_BREP ( 'NONE', #1006 ) ;
#2650 = ADVANCED_FACE ( 'NONE', ( #2549 ), #2547, .T. ) ;
#2651 = EDGE_LOOP ( 'NONE', ( #2652, #2709, #2639, #2642, #2645, #2637, #2714, #2717 ) ) ;
#2652 = ORIENTED_EDGE ( 'NONE', *, *, #2653, .T. ) ;
#2653 = EDGE_CURVE ( 'NONE', #2654, #2708, #2542, .T. ) ;
#2654 = VERTEX_POINT ( 'NONE', #2538 ) ;
#2655 = ORIENTED_EDGE ( 'NONE', *, *, #2739, .F. ) ;
#2656 = EDGE_LOOP ( 'NONE', ( #2668, #2731 ) ) ;
#2657 = EDGE_CURVE ( 'NONE', #2740, #2802, #2537, .T. ) ;
#2658 = EDGE_LOOP ( 'NONE', ( #2725, #2728 ) ) ;
#2659 = ORIENTED_EDGE ( 'NONE', *, *, #2657, .F. ) ;
#2660 = ORIENTED_EDGE ( 'NONE', *, *, #2734, .T. ) ;
#2661 = ORIENTED_EDGE ( 'NONE', *, *, #2635, .F. ) ;
#2662 = ADVANCED_FACE ( 'NONE', ( #2533 ), #2532, .F. ) ;
#2663 = ORIENTED_EDGE ( 'NONE', *, *, #2825, .F. ) ;
#2664 = ORIENTED_EDGE ( 'NONE', *, *, #2822, .T. ) ;
#2665 = ADVANCED_FACE ( 'NONE', ( #2527 ), #2526, .T. ) ;
#2666 = EDGE_CURVE ( 'NONE', #2814, #2735, #2521, .T. ) ;
#2667 = EDGE_LOOP ( 'NONE', ( #2661, #1003, #932, #2660 ) ) ;
#2668 = ORIENTED_EDGE ( 'NONE', *, *, #2746, .F. ) ;
#2669 = EDGE_LOOP ( 'NONE', ( #2663, #2726, #2727, #2723, #2724, #2647 ) ) ;
#2670 = ADVANCED_FACE ( 'NONE', ( #2517 ), #2516, .F. ) ;
#2671 = EDGE_LOOP ( 'NONE', ( #2770, #2771, #2772, #2762 ) ) ;
#2672 = ORIENTED_EDGE ( 'NONE', *, *, #2769, .F. ) ;
#2673 = ORIENTED_EDGE ( 'NONE', *, *, #2760, .F. ) ;
#2674 = ORIENTED_EDGE ( 'NONE', *, *, #2827, .F. ) ;
#2675 = ORIENTED_EDGE ( 'NONE', *, *, #222, .T. ) ;
#2676 = ADVANCED_FACE ( 'NONE', ( #2515 ), #2456, .F. ) ;
#2677 = EDGE_LOOP ( 'NONE', ( #2678, #2672, #2673, #2674, #2799 ) ) ;
#2678 = ORIENTED_EDGE ( 'NONE', *, *, #136, .F. ) ;
#2679 = EDGE_CURVE ( 'NONE', #137, #2755, #2450, .T. ) ;
#2680 = ORIENTED_EDGE ( 'NONE', *, *, #2681, .T. ) ;
#2681 = EDGE_CURVE ( 'NONE', #2755, #231, #2451, .T. ) ;
#2682 = EDGE_LOOP ( 'NONE', ( #2748, #2689, #2690, #2829 ) ) ;
#2683 = ORIENTED_EDGE ( 'NONE', *, *, #299, .T. ) ;
#2684 = ORIENTED_EDGE ( 'NONE', *, *, #208, .F. ) ;
#2685 = ORIENTED_EDGE ( 'NONE', *, *, #2694, .F. ) ;
#2686 = EDGE_LOOP ( 'NONE', ( #2753, #2754, #2680, #2706 ) ) ;
#2687 = ADVANCED_FACE ( 'NONE', ( #2442 ), #2441, .T. ) ;
#2688 = EDGE_LOOP ( 'NONE', ( #2750, #2751, #2698, #2703 ) ) ;
#2689 = ORIENTED_EDGE ( 'NONE', *, *, #2681, .F. ) ;
#2690 = ORIENTED_EDGE ( 'NONE', *, *, #2827, .T. ) ;
#2691 = ORIENTED_EDGE ( 'NONE', *, *, #203, .F. ) ;
#2692 = ADVANCED_FACE ( 'NONE', ( #2436 ), #2433, .F. ) ;
#2693 = ORIENTED_EDGE ( 'NONE', *, *, #205, .T. ) ;
#2694 = EDGE_CURVE ( 'NONE', #132, #206, #2434, .T. ) ;
#2695 = ADVANCED_FACE ( 'NONE', ( #2426 ), #2425, .F. ) ;
#2696 = EDGE_LOOP ( 'NONE', ( #2697, #2701, #2699, #2700, #2685, #2691 ) ) ;
#2697 = ORIENTED_EDGE ( 'NONE', *, *, #850, .F. ) ;
#2698 = ORIENTED_EDGE ( 'NONE', *, *, #2702, .T. ) ;
#2699 = ORIENTED_EDGE ( 'NONE', *, *, #2914, .F. ) ;
#2700 = ORIENTED_EDGE ( 'NONE', *, *, #211, .F. ) ;
#2701 = ORIENTED_EDGE ( 'NONE', *, *, #2702, .F. ) ;
#2702 = EDGE_CURVE ( 'NONE', #2915, #848, #2420, .T. ) ;
#2703 = ORIENTED_EDGE ( 'NONE', *, *, #847, .T. ) ;
#2704 = ORIENTED_EDGE ( 'NONE', *, *, #2694, .T. ) ;
#2705 = ORIENTED_EDGE ( 'NONE', *, *, #2841, .T. ) ;
#2706 = ORIENTED_EDGE ( 'NONE', *, *, #371, .T. ) ;
#2707 = ADVANCED_FACE ( 'NONE', ( #2416 ), #2415, .T. ) ;
#2708 = VERTEX_POINT ( 'NONE', #2410 ) ;
#2709 = ORIENTED_EDGE ( 'NONE', *, *, #2710, .T. ) ;
#2710 = EDGE_CURVE ( 'NONE', #2708, #2711, #2409, .T. ) ;
#2711 = VERTEX_POINT ( 'NONE', #2405 ) ;
#2712 = EDGE_CURVE ( 'NONE', #2815, #2823, #2311, .T. ) ;
#2713 = VERTEX_POINT ( 'NONE', #3166 ) ;
#2714 = ORIENTED_EDGE ( 'NONE', *, *, #2715, .T. ) ;
#2715 = EDGE_CURVE ( 'NONE', #2713, #2716, #3165, .T. ) ;
#2716 = VERTEX_POINT ( 'NONE', #3160 ) ;
#2717 = ORIENTED_EDGE ( 'NONE', *, *, #2718, .F. ) ;
#2718 = EDGE_CURVE ( 'NONE', #2654, #2716, #3159, .T. ) ;
#2719 = ADVANCED_FACE ( 'NONE', ( #3155 ), #3153, .T. ) ;
#2720 = EDGE_LOOP ( 'NONE', ( #2721, #2722, #910, #999, #908, #1023, #961, #1007 ) ) ;
#2721 = ORIENTED_EDGE ( 'NONE', *, *, #2710, .F. ) ;
#2722 = ORIENTED_EDGE ( 'NONE', *, *, #911, .T. ) ;
#2723 = ORIENTED_EDGE ( 'NONE', *, *, #2747, .F. ) ;
#2724 = ORIENTED_EDGE ( 'NONE', *, *, #2712, .F. ) ;
#2725 = ORIENTED_EDGE ( 'NONE', *, *, #2806, .T. ) ;
#2726 = ORIENTED_EDGE ( 'NONE', *, *, #2666, .F. ) ;
#2727 = ORIENTED_EDGE ( 'NONE', *, *, #2817, .F. ) ;
#2728 = ORIENTED_EDGE ( 'NONE', *, *, #2635, .T. ) ;
#2729 = ORIENTED_EDGE ( 'NONE', *, *, #2657, .T. ) ;
#2730 = ADVANCED_FACE ( 'NONE', ( #3148 ), #3154, .T. ) ;
#2731 = ORIENTED_EDGE ( 'NONE', *, *, #2792, .F. ) ;
#2732 = ORIENTED_EDGE ( 'NONE', *, *, #2712, .T. ) ;
#2733 = ADVANCED_FACE ( 'NONE', ( #3143 ), #3142, .F. ) ;
#2734 = EDGE_CURVE ( 'NONE', #2735, #2798, #3137, .T. ) ;
#2735 = VERTEX_POINT ( 'NONE', #3104 ) ;
#2736 = ORIENTED_EDGE ( 'NONE', *, *, #2797, .T. ) ;
#2737 = ORIENTED_EDGE ( 'NONE', *, *, #2806, .F. ) ;
#2738 = CLOSED_SHELL ( 'NONE', ( #143, #223, #224, #52, #91, #107, #71, #77, #44, #2, #127, #301, #339, #353, #363, #157, #260, #155, #158, #263, #244, #393, #473, #578, #510, #511, #542, #470, #646, #569, #513, #563, #518, #615, #427, #434, #418, #465, #600, #416, #462, #606, #609, #446, #661, #488, #633, #660, #752, #806, #498, #486, #668, #737, #684, #667, #786, #836, #789, #734, #792, #794, #822, #812, #673, #853, #715, #706, #2901, #2906, #2895, #2921, #778, #2931, #2935, #2928, #851, #2783, #2886, #2882, #2837, #2869, #2850, #2776, #2843, #2787, #2752, #2687, #2695, #2692, #2707, #2670, #2764, #2676 ) ) ;
#2739 = EDGE_CURVE ( 'NONE', #2815, #2740, #3103, .T. ) ;
#2740 = VERTEX_POINT ( 'NONE', #3099 ) ;
#2741 = VERTEX_POINT ( 'NONE', #3098 ) ;
#2742 = ADVANCED_FACE ( 'NONE', ( #3097 ), #3094, .T. ) ;
#2743 = ADVANCED_FACE ( 'NONE', ( #3095 ), #3090, .T. ) ;
#2744 = ORIENTED_EDGE ( 'NONE', *, *, #2745, .F. ) ;
#2745 = EDGE_CURVE ( 'NONE', #2808, #2818, #3085, .T. ) ;
#2746 = EDGE_CURVE ( 'NONE', #2808, #2795, #3081, .T. ) ;
#2747 = EDGE_CURVE ( 'NONE', #2823, #2741, #3044, .T. ) ;
#2748 = ORIENTED_EDGE ( 'NONE', *, *, #233, .T. ) ;
#2749 = ORIENTED_EDGE ( 'NONE', *, *, #732, .T. ) ;
#2750 = ORIENTED_EDGE ( 'NONE', *, *, #189, .T. ) ;
#2751 = ORIENTED_EDGE ( 'NONE', *, *, #2917, .F. ) ;
#2752 = ADVANCED_FACE ( 'NONE', ( #3039 ), #3038, .T. ) ;
#2753 = ORIENTED_EDGE ( 'NONE', *, *, #219, .F. ) ;
#2754 = ORIENTED_EDGE ( 'NONE', *, *, #2679, .T. ) ;
#2755 = VERTEX_POINT ( 'NONE', #3033 ) ;
#2756 = ORIENTED_EDGE ( 'NONE', *, *, #726, .T. ) ;
#2757 = EDGE_LOOP ( 'NONE', ( #2683, #2684, #2704, #2693 ) ) ;
#2758 = ORIENTED_EDGE ( 'NONE', *, *, #2774, .T. ) ;
#2759 = ORIENTED_EDGE ( 'NONE', *, *, #2785, .T. ) ;
#2760 = EDGE_CURVE ( 'NONE', #2828, #2761, #3032, .T. ) ;
#2761 = VERTEX_POINT ( 'NONE', #3027 ) ;
#2762 = ORIENTED_EDGE ( 'NONE', *, *, #2763, .T. ) ;
#2763 = EDGE_CURVE ( 'NONE', #2761, #294, #3026, .T. ) ;
#2764 = ADVANCED_FACE ( 'NONE', ( #3022 ), #3021, .T. ) ;
#2765 = EDGE_LOOP ( 'NONE', ( #2766, #2767, #2768, #2675 ) ) ;
#2766 = ORIENTED_EDGE ( 'NONE', *, *, #296, .T. ) ;
#2767 = ORIENTED_EDGE ( 'NONE', *, *, #2763, .F. ) ;
#2768 = ORIENTED_EDGE ( 'NONE', *, *, #2769, .T. ) ;
#2769 = EDGE_CURVE ( 'NONE', #2761, #142, #3016, .T. ) ;
#2770 = ORIENTED_EDGE ( 'NONE', *, *, #236, .T. ) ;
#2771 = ORIENTED_EDGE ( 'NONE', *, *, #2830, .F. ) ;
#2772 = ORIENTED_EDGE ( 'NONE', *, *, #2760, .T. ) ;
#2773 = ORIENTED_EDGE ( 'NONE', *, *, #2848, .T. ) ;
#2774 = EDGE_CURVE ( 'NONE', #2874, #2855, #3012, .T. ) ;
#2775 = ORIENTED_EDGE ( 'NONE', *, *, #2873, .T. ) ;
#2776 = ADVANCED_FACE ( 'NONE', ( #3199 ), #3198, .F. ) ;
#2777 = EDGE_LOOP ( 'NONE', ( #2778, #2779, #2840, #2842 ) ) ;
#2778 = ORIENTED_EDGE ( 'NONE', *, *, #352, .T. ) ;
#2779 = ORIENTED_EDGE ( 'NONE', *, *, #2780, .F. ) ;
#2780 = EDGE_CURVE ( 'NONE', #2781, #338, #3193, .T. ) ;
#2781 = VERTEX_POINT ( 'NONE', #3189 ) ;
#2782 = EDGE_CURVE ( 'NONE', #2867, #283, #3188, .T. ) ;
#2783 = ADVANCED_FACE ( 'NONE', ( #3184 ), #3183, .F. ) ;
#2784 = ORIENTED_EDGE ( 'NONE', *, *, #2785, .F. ) ;
#2785 = EDGE_CURVE ( 'NONE', #2781, #727, #3178, .T. ) ;
#2786 = ORIENTED_EDGE ( 'NONE', *, *, #2780, .T. ) ;
#2787 = ADVANCED_FACE ( 'NONE', ( #3174 ), #3173, .T. ) ;
#2788 = ADVANCED_FACE ( 'NONE', ( #3168 ), #3167, .T. ) ;
#2789 = EDGE_LOOP ( 'NONE', ( #2790, #2729 ) ) ;
#2790 = ORIENTED_EDGE ( 'NONE', *, *, #2801, .T. ) ;
#2791 = ORIENTED_EDGE ( 'NONE', *, *, #2746, .T. ) ;
#2792 = EDGE_CURVE ( 'NONE', #2795, #2808, #3128, .T. ) ;
#2793 = ORIENTED_EDGE ( 'NONE', *, *, #2745, .T. ) ;
#2794 = EDGE_LOOP ( 'NONE', ( #2791, #2736, #2810, #2813, #2737, #2807, #2812, #2744 ) ) ;
#2795 = VERTEX_POINT ( 'NONE', #3124 ) ;
#2796 = ORIENTED_EDGE ( 'NONE', *, *, #2797, .F. ) ;
#2797 = EDGE_CURVE ( 'NONE', #2795, #2741, #3123, .T. ) ;
#2798 = VERTEX_POINT ( 'NONE', #3119 ) ;
#2799 = ORIENTED_EDGE ( 'NONE', *, *, #2679, .F. ) ;
#2800 = ORIENTED_EDGE ( 'NONE', *, *, #2801, .F. ) ;
#2801 = EDGE_CURVE ( 'NONE', #2802, #2740, #3118, .T. ) ;
#2802 = VERTEX_POINT ( 'NONE', #3113 ) ;
#2803 = ORIENTED_EDGE ( 'NONE', *, *, #2822, .F. ) ;
#2804 = ORIENTED_EDGE ( 'NONE', *, *, #2805, .T. ) ;
#2805 = EDGE_CURVE ( 'NONE', #2818, #2815, #3112, .T. ) ;
#2806 = EDGE_CURVE ( 'NONE', #2798, #2809, #3107, .T. ) ;
#2807 = ORIENTED_EDGE ( 'NONE', *, *, #2734, .F. ) ;
#2808 = VERTEX_POINT ( 'NONE', #3062 ) ;
#2809 = VERTEX_POINT ( 'NONE', #3061 ) ;
#2810 = ORIENTED_EDGE ( 'NONE', *, *, #2817, .T. ) ;
#2811 = EDGE_LOOP ( 'NONE', ( #2796, #2820, #2793, #2804, #2816, #2800, #2803, #2824 ) ) ;
#2812 = ORIENTED_EDGE ( 'NONE', *, *, #2825, .T. ) ;
#2813 = ORIENTED_EDGE ( 'NONE', *, *, #2819, .T. ) ;
#2814 = VERTEX_POINT ( 'NONE', #3060 ) ;
#2815 = VERTEX_POINT ( 'NONE', #3059 ) ;
#2816 = ORIENTED_EDGE ( 'NONE', *, *, #2739, .T. ) ;
#2817 = EDGE_CURVE ( 'NONE', #2741, #2814, #3058, .T. ) ;
#2818 = VERTEX_POINT ( 'NONE', #3053 ) ;
#2819 = EDGE_CURVE ( 'NONE', #2814, #2809, #3052, .T. ) ;
#2820 = ORIENTED_EDGE ( 'NONE', *, *, #2792, .T. ) ;
#2821 = MANIFOLD_SOLID_BREP ( 'NONE', #2648 ) ;
#2822 = EDGE_CURVE ( 'NONE', #2823, #2802, #3048, .T. ) ;
#2823 = VERTEX_POINT ( 'NONE', #3076 ) ;
#2824 = ORIENTED_EDGE ( 'NONE', *, *, #2747, .T. ) ;
#2825 = EDGE_CURVE ( 'NONE', #2735, #2818, #3075, .T. ) ;
#2826 = ORIENTED_EDGE ( 'NONE', *, *, #2926, .T. ) ;
#2827 = EDGE_CURVE ( 'NONE', #2755, #2828, #3070, .T. ) ;
#2828 = VERTEX_POINT ( 'NONE', #3065 ) ;
#2829 = ORIENTED_EDGE ( 'NONE', *, *, #2830, .T. ) ;
#2830 = EDGE_CURVE ( 'NONE', #2828, #234, #3066, .T. ) ;
#2831 = VERTEX_POINT ( 'NONE', #2975 ) ;
#2832 = ORIENTED_EDGE ( 'NONE', *, *, #2833, .F. ) ;
#2833 = EDGE_CURVE ( 'NONE', #2867, #2892, #2974, .T. ) ;
#2834 = EDGE_CURVE ( 'NONE', #2892, #280, #2970, .T. ) ;
#2835 = ORIENTED_EDGE ( 'NONE', *, *, #2834, .F. ) ;
#2836 = ORIENTED_EDGE ( 'NONE', *, *, #2923, .T. ) ;
#2837 = ADVANCED_FACE ( 'NONE', ( #2966 ), #2965, .T. ) ;
#2838 = EDGE_LOOP ( 'NONE', ( #2862, #2863, #2888, #2889, #2878, #2879, #2868 ) ) ;
#2839 = EDGE_CURVE ( 'NONE', #2892, #2831, #2960, .T. ) ;
#2840 = ORIENTED_EDGE ( 'NONE', *, *, #2841, .F. ) ;
#2841 = EDGE_CURVE ( 'NONE', #2855, #2781, #2956, .T. ) ;
#2842 = ORIENTED_EDGE ( 'NONE', *, *, #2854, .T. ) ;
#2843 = ADVANCED_FACE ( 'NONE', ( #2952 ), #2951, .F. ) ;
#2844 = EDGE_LOOP ( 'NONE', ( #2845, #2846, #2784, #2786 ) ) ;
#2845 = ORIENTED_EDGE ( 'NONE', *, *, #337, .T. ) ;
#2846 = ORIENTED_EDGE ( 'NONE', *, *, #2911, .F. ) ;
#2847 = ORIENTED_EDGE ( 'NONE', *, *, #2848, .F. ) ;
#2848 = EDGE_CURVE ( 'NONE', #2942, #2874, #3010, .T. ) ;
#2849 = ORIENTED_EDGE ( 'NONE', *, *, #2941, .T. ) ;
#2850 = ADVANCED_FACE ( 'NONE', ( #3006 ), #3005, .F. ) ;
#2851 = EDGE_LOOP ( 'NONE', ( #2852, #2853, #2856, #2775 ) ) ;
#2852 = ORIENTED_EDGE ( 'NONE', *, *, #290, .T. ) ;
#2853 = ORIENTED_EDGE ( 'NONE', *, *, #2854, .F. ) ;
#2854 = EDGE_CURVE ( 'NONE', #2855, #341, #3000, .T. ) ;
#2855 = VERTEX_POINT ( 'NONE', #2996 ) ;
#2856 = ORIENTED_EDGE ( 'NONE', *, *, #2774, .F. ) ;
#2857 = ORIENTED_EDGE ( 'NONE', *, *, #2834, .T. ) ;
#2858 = ORIENTED_EDGE ( 'NONE', *, *, #279, .T. ) ;
#2859 = ORIENTED_EDGE ( 'NONE', *, *, #2877, .F. ) ;
#2860 = EDGE_LOOP ( 'NONE', ( #2858, #2859, #2884, #2857 ) ) ;
#2861 = ORIENTED_EDGE ( 'NONE', *, *, #356, .T. ) ;
#2862 = ORIENTED_EDGE ( 'NONE', *, *, #2833, .T. ) ;
#2863 = ORIENTED_EDGE ( 'NONE', *, *, #2839, .T. ) ;
#2864 = ORIENTED_EDGE ( 'NONE', *, *, #717, .F. ) ;
#2865 = ORIENTED_EDGE ( 'NONE', *, *, #2866, .F. ) ;
#2866 = EDGE_CURVE ( 'NONE', #2831, #677, #2995, .T. ) ;
#2867 = VERTEX_POINT ( 'NONE', #2991 ) ;
#2868 = ORIENTED_EDGE ( 'NONE', *, *, #2876, .T. ) ;
#2869 = ADVANCED_FACE ( 'NONE', ( #2990 ), #2989, .F. ) ;
#2870 = EDGE_LOOP ( 'NONE', ( #2871, #2872, #2847, #2849 ) ) ;
#2871 = ORIENTED_EDGE ( 'NONE', *, *, #361, .T. ) ;
#2872 = ORIENTED_EDGE ( 'NONE', *, *, #2873, .F. ) ;
#2873 = EDGE_CURVE ( 'NONE', #2874, #387, #2984, .T. ) ;
#2874 = VERTEX_POINT ( 'NONE', #2980 ) ;
#2875 = ORIENTED_EDGE ( 'NONE', *, *, #2876, .F. ) ;
#2876 = EDGE_CURVE ( 'NONE', #2924, #2867, #2979, .T. ) ;
#2877 = EDGE_CURVE ( 'NONE', #2831, #357, #3380, .T. ) ;
#2878 = ORIENTED_EDGE ( 'NONE', *, *, #2908, .T. ) ;
#2879 = ORIENTED_EDGE ( 'NONE', *, *, #772, .T. ) ;
#2880 = ORIENTED_EDGE ( 'NONE', *, *, #2782, .T. ) ;
#2881 = ORIENTED_EDGE ( 'NONE', *, *, #2877, .T. ) ;
#2882 = ADVANCED_FACE ( 'NONE', ( #3376 ), #3375, .F. ) ;
#2883 = ORIENTED_EDGE ( 'NONE', *, *, #285, .T. ) ;
#2884 = ORIENTED_EDGE ( 'NONE', *, *, #2839, .F. ) ;
#2885 = EDGE_LOOP ( 'NONE', ( #2883, #2890, #2875, #2836 ) ) ;
#2886 = ADVANCED_FACE ( 'NONE', ( #3370 ), #3369, .F. ) ;
#2887 = EDGE_LOOP ( 'NONE', ( #2861, #2864, #2865, #2881 ) ) ;
#2888 = ORIENTED_EDGE ( 'NONE', *, *, #2866, .T. ) ;
#2889 = ORIENTED_EDGE ( 'NONE', *, *, #676, .T. ) ;
#2890 = ORIENTED_EDGE ( 'NONE', *, *, #2782, .F. ) ;
#2891 = ORIENTED_EDGE ( 'NONE', *, *, #282, .T. ) ;
#2892 = VERTEX_POINT ( 'NONE', #3364 ) ;
#2893 = ORIENTED_EDGE ( 'NONE', *, *, #93, .F. ) ;
#2894 = ORIENTED_EDGE ( 'NONE', *, *, #857, .T. ) ;
#2895 = ADVANCED_FACE ( 'NONE', ( #3363 ), #3360, .T. ) ;
#2896 = EDGE_LOOP ( 'NONE', ( #2897, #773, #774, #2920 ) ) ;
#2897 = ORIENTED_EDGE ( 'NONE', *, *, #148, .F. ) ;
#2898 = ORIENTED_EDGE ( 'NONE', *, *, #2908, .F. ) ;
#2899 = ORIENTED_EDGE ( 'NONE', *, *, #286, .F. ) ;
#2900 = ORIENTED_EDGE ( 'NONE', *, *, #768, .T. ) ;
#2901 = ADVANCED_FACE ( 'NONE', ( #3361 ), #3356, .F. ) ;
#2902 = ORIENTED_EDGE ( 'NONE', *, *, #131, .F. ) ;
#2903 = ORIENTED_EDGE ( 'NONE', *, *, #340, .T. ) ;
#2904 = ORIENTED_EDGE ( 'NONE', *, *, #213, .T. ) ;
#2905 = ORIENTED_EDGE ( 'NONE', *, *, #710, .T. ) ;
#2906 = ADVANCED_FACE ( 'NONE', ( #3351 ), #3350, .F. ) ;
#2907 = EDGE_LOOP ( 'NONE', ( #2893, #2899, #2900, #770 ) ) ;
#2908 = EDGE_CURVE ( 'NONE', #703, #711, #3313, .T. ) ;
#2909 = EDGE_LOOP ( 'NONE', ( #2943, #2946, #769, #733, #771, #2905 ) ) ;
#2910 = ORIENTED_EDGE ( 'NONE', *, *, #2911, .T. ) ;
#2911 = EDGE_CURVE ( 'NONE', #727, #335, #3309, .T. ) ;
#2912 = ORIENTED_EDGE ( 'NONE', *, *, #334, .T. ) ;
#2913 = ORIENTED_EDGE ( 'NONE', *, *, #2914, .T. ) ;
#2914 = EDGE_CURVE ( 'NONE', #216, #2915, #3305, .T. ) ;
#2915 = VERTEX_POINT ( 'NONE', #3300 ) ;
#2916 = ORIENTED_EDGE ( 'NONE', *, *, #2917, .T. ) ;
#2917 = EDGE_CURVE ( 'NONE', #2915, #238, #3299, .T. ) ;
#2918 = ORIENTED_EDGE ( 'NONE', *, *, #350, .F. ) ;
#2919 = ORIENTED_EDGE ( 'NONE', *, *, #847, .F. ) ;
#2920 = ORIENTED_EDGE ( 'NONE', *, *, #240, .T. ) ;
#2921 = ADVANCED_FACE ( 'NONE', ( #3295 ), #3294, .F. ) ;
#2922 = EDGE_LOOP ( 'NONE', ( #2944, #2945, #776, #777 ) ) ;
#2923 = EDGE_CURVE ( 'NONE', #2924, #194, #3289, .T. ) ;
#2924 = VERTEX_POINT ( 'NONE', #3347 ) ;
#2925 = ORIENTED_EDGE ( 'NONE', *, *, #2926, .F. ) ;
#2926 = EDGE_CURVE ( 'NONE', #730, #2942, #3346, .T. ) ;
#2927 = ORIENTED_EDGE ( 'NONE', *, *, #729, .T. ) ;
#2928 = ADVANCED_FACE ( 'NONE', ( #3342 ), #3341, .F. ) ;
#2929 = EDGE_LOOP ( 'NONE', ( #2902, #2903, #2904, #2913, #2916, #2918, #2919, #849 ) ) ;
#2930 = ORIENTED_EDGE ( 'NONE', *, *, #775, .T. ) ;
#2931 = ADVANCED_FACE ( 'NONE', ( #3335 ), #3334, .T. ) ;
#2932 = EDGE_LOOP ( 'NONE', ( #2933, #728, #731, #2934 ) ) ;
#2933 = ORIENTED_EDGE ( 'NONE', *, *, #116, .T. ) ;
#2934 = ORIENTED_EDGE ( 'NONE', *, *, #723, .T. ) ;
#2935 = ADVANCED_FACE ( 'NONE', ( #3329 ), #3333, .F. ) ;
#2936 = EDGE_LOOP ( 'NONE', ( #2937, #2938, #2939, #2940, #2925, #2927 ) ) ;
#2937 = ORIENTED_EDGE ( 'NONE', *, *, #315, .T. ) ;
#2938 = ORIENTED_EDGE ( 'NONE', *, *, #423, .F. ) ;
#2939 = ORIENTED_EDGE ( 'NONE', *, *, #385, .F. ) ;
#2940 = ORIENTED_EDGE ( 'NONE', *, *, #2941, .F. ) ;
#2941 = EDGE_CURVE ( 'NONE', #2942, #362, #3324, .T. ) ;
#2942 = VERTEX_POINT ( 'NONE', #3320 ) ;
#2943 = ORIENTED_EDGE ( 'NONE', *, *, #268, .T. ) ;
#2944 = ORIENTED_EDGE ( 'NONE', *, *, #304, .T. ) ;
#2945 = ORIENTED_EDGE ( 'NONE', *, *, #775, .F. ) ;
#2946 = ORIENTED_EDGE ( 'NONE', *, *, #768, .F. ) ;
#2947 = DIRECTION ( 'NONE',  ( -0.4226177178421048300, 0.0000000000000000000, 0.9063080406605312800 ) ) ;
#2948 = DIRECTION ( 'NONE',  ( -0.9063080406605312800, 0.0000000000000000000, -0.4226177178421048300 ) ) ;
#2949 = CARTESIAN_POINT ( 'NONE',  ( 15.59461977183818800, 0.3999999999999999700, -1.406153198331594500 ) ) ;
#2950 = AXIS2_PLACEMENT_3D ( 'NONE', #2949, #2948, #2947 ) ;
#2951 = PLANE ( 'NONE',  #2950 ) ;
#2952 = FACE_OUTER_BOUND ( 'NONE', #2844, .T. ) ;
#2953 = DIRECTION ( 'NONE',  ( 0.9396923983359786200, 0.0000000000000000000, -0.3420207545012093300 ) ) ;
#2954 = VECTOR ( 'NONE', #2953, 1000.000000000000000 ) ;
#2955 = CARTESIAN_POINT ( 'NONE',  ( 15.40668167024850800, 0.3999999999999999700, -1.337749185040593100 ) ) ;
#2956 = LINE ( 'NONE', #2955, #2954 ) ;
#2957 = DIRECTION ( 'NONE',  ( -0.9063078723892392700, 0.0000000000000000000, 0.4226180787014328100 ) ) ;
#2958 = VECTOR ( 'NONE', #2957, 1000.000000000000000 ) ;
#2959 = CARTESIAN_POINT ( 'NONE',  ( 15.40668167024850800, 0.3999999999999999700, 1.337749185040591400 ) ) ;
#2960 = LINE ( 'NONE', #2959, #2958 ) ;
#2961 = DIRECTION ( 'NONE',  ( 0.0000000000000000000, 0.0000000000000000000, 1.000000000000000000 ) ) ;
#2962 = DIRECTION ( 'NONE',  ( 0.0000000000000000000, 1.000000000000000000, 0.0000000000000000000 ) ) ;
#2963 = CARTESIAN_POINT ( 'NONE',  ( 15.16009520449346900, 0.3999999999999999700, 2.599999900162196300 ) ) ;
#2964 = AXIS2_PLACEMENT_3D ( 'NONE', #2963, #2962, #2961 ) ;
#2965 = PLANE ( 'NONE',  #2964 ) ;
#2966 = FACE_OUTER_BOUND ( 'NONE', #2838, .T. ) ;
#2967 = DIRECTION ( 'NONE',  ( 0.0000000000000000000, -1.000000000000000000, 0.0000000000000000000 ) ) ;
#2968 = VECTOR ( 'NONE', #2967, 1000.000000000000000 ) ;
#2969 = CARTESIAN_POINT ( 'NONE',  ( 15.40668167024850800, 0.3999999999999999700, 1.337749185040591400 ) ) ;
#2970 = LINE ( 'NONE', #2969, #2968 ) ;
#2971 = DIRECTION ( 'NONE',  ( -0.9396923983359867200, 0.0000000000000000000, -0.3420207545011870200 ) ) ;
#2972 = VECTOR ( 'NONE', #2971, 1000.000000000000100 ) ;
#2973 = CARTESIAN_POINT ( 'NONE',  ( 15.59461977183820200, 0.3999999999999999700, 1.406153198331592700 ) ) ;
#2974 = LINE ( 'NONE', #2973, #2972 ) ;
#2975 = CARTESIAN_POINT ( 'NONE',  ( 15.15033885687589600, 0.3999999999999999700, 1.457283739000557100 ) ) ;
#2976 = DIRECTION ( 'NONE',  ( 0.0000000000000000000, 1.000000000000000000, 0.0000000000000000000 ) ) ;
#2977 = VECTOR ( 'NONE', #2976, 1000.000000000000000 ) ;
#2978 = CARTESIAN_POINT ( 'NONE',  ( 7.199999999999629800, -0.4999999999999998900, -1.058300524417757700 ) ) ;
#2979 = LINE ( 'NONE', #2317, #3382 ) ;
#2980 = CARTESIAN_POINT ( 'NONE',  ( 15.15033885687589600, 0.3999999999999999700, -1.457283739000558900 ) ) ;
#2981 = DIRECTION ( 'NONE',  ( 0.0000000000000000000, -1.000000000000000000, 0.0000000000000000000 ) ) ;
#2982 = VECTOR ( 'NONE', #2981, 1000.000000000000000 ) ;
#2983 = CARTESIAN_POINT ( 'NONE',  ( 15.15033885687589600, 0.3999999999999999700, -1.457283739000558900 ) ) ;
#2984 = LINE ( 'NONE', #2983, #2982 ) ;
#2985 = DIRECTION ( 'NONE',  ( -0.3420201503278181800, 0.0000000000000000000, -0.9396926182373344100 ) ) ;
#2986 = DIRECTION ( 'NONE',  ( 0.9396926182373344100, 0.0000000000000000000, -0.3420201503278181800 ) ) ;
#2987 = CARTESIAN_POINT ( 'NONE',  ( 14.66163012981413300, 0.3999999999999999700, -2.799999900162220000 ) ) ;
#2988 = AXIS2_PLACEMENT_3D ( 'NONE', #2987, #2986, #2985 ) ;
#2989 = PLANE ( 'NONE',  #2988 ) ;
#2990 = FACE_OUTER_BOUND ( 'NONE', #2870, .T. ) ;
#2991 = CARTESIAN_POINT ( 'NONE',  ( 15.59461977183820200, 0.3999999999999999700, 1.406153198331592700 ) ) ;
#2992 = DIRECTION ( 'NONE',  ( -0.3420201503278006400, 0.0000000000000000000, 0.9396926182373407400 ) ) ;
#2993 = VECTOR ( 'NONE', #2992, 1000.000000000000100 ) ;
#2994 = CARTESIAN_POINT ( 'NONE',  ( 15.15033885687589600, 0.3999999999999999700, 1.457283739000557100 ) ) ;
#2995 = LINE ( 'NONE', #2994, #2993 ) ;
#2996 = CARTESIAN_POINT ( 'NONE',  ( 15.40668167024850800, 0.3999999999999999700, -1.337749185040593100 ) ) ;
#2997 = DIRECTION ( 'NONE',  ( 0.0000000000000000000, -1.000000000000000000, 0.0000000000000000000 ) ) ;
#2998 = VECTOR ( 'NONE', #2997, 1000.000000000000000 ) ;
#2999 = CARTESIAN_POINT ( 'NONE',  ( 15.40668167024850800, 0.3999999999999999700, -1.337749185040593100 ) ) ;
#3000 = LINE ( 'NONE', #2999, #2998 ) ;
#3001 = DIRECTION ( 'NONE',  ( -0.9063078723892391600, 0.0000000000000000000, -0.4226180787014327500 ) ) ;
#3002 = DIRECTION ( 'NONE',  ( 0.4226180787014328100, 0.0000000000000000000, -0.9063078723892392700 ) ) ;
#3003 = CARTESIAN_POINT ( 'NONE',  ( 15.15033885687589600, 0.3999999999999999700, -1.457283739000558900 ) ) ;
#3004 = AXIS2_PLACEMENT_3D ( 'NONE', #3003, #3002, #3001 ) ;
#3005 = PLANE ( 'NONE',  #3004 ) ;
#3006 = FACE_OUTER_BOUND ( 'NONE', #2851, .T. ) ;
#3007 = DIRECTION ( 'NONE',  ( 0.3420201503278182400, 0.0000000000000000000, 0.9396926182373344100 ) ) ;
#3008 = VECTOR ( 'NONE', #3007, 1000.000000000000000 ) ;
#3009 = CARTESIAN_POINT ( 'NONE',  ( 14.66163012981413300, 0.3999999999999999700, -2.799999900162220000 ) ) ;
#3010 = LINE ( 'NONE', #3009, #3008 ) ;
#3011 = CARTESIAN_POINT ( 'NONE',  ( 15.15033885687589600, 0.3999999999999999700, -1.457283739000558900 ) ) ;
#3012 = LINE ( 'NONE', #3011, #3201 ) ;
#3013 = DIRECTION ( 'NONE',  ( 0.0000000000000000000, 0.0000000000000000000, 1.000000000000000000 ) ) ;
#3014 = VECTOR ( 'NONE', #3013, 1000.000000000000000 ) ;
#3015 = CARTESIAN_POINT ( 'NONE',  ( 7.800000000000232500, -0.4999999999999998900, 1.058300524433742900 ) ) ;
#3016 = LINE ( 'NONE', #3015, #3014 ) ;
#3017 = DIRECTION ( 'NONE',  ( 0.0000000000000000000, 0.0000000000000000000, 1.000000000000000000 ) ) ;
#3018 = DIRECTION ( 'NONE',  ( -1.000000000000000000, 0.0000000000000000000, 0.0000000000000000000 ) ) ;
#3019 = CARTESIAN_POINT ( 'NONE',  ( 7.800000000000232500, -0.4999999999999998900, 1.058300524433742900 ) ) ;
#3020 = AXIS2_PLACEMENT_3D ( 'NONE', #3019, #3018, #3017 ) ;
#3021 = PLANE ( 'NONE',  #3020 ) ;
#3022 = FACE_OUTER_BOUND ( 'NONE', #2765, .T. ) ;
#3023 = DIRECTION ( 'NONE',  ( 0.0000000000000000000, 1.000000000000000000, 0.0000000000000000000 ) ) ;
#3024 = VECTOR ( 'NONE', #3023, 1000.000000000000000 ) ;
#3025 = CARTESIAN_POINT ( 'NONE',  ( 7.800000000000232500, -0.4999999999999998900, -1.058300524417592500 ) ) ;
#3026 = LINE ( 'NONE', #3025, #3024 ) ;
#3027 = CARTESIAN_POINT ( 'NONE',  ( 7.800000000000232500, -0.4999999999999998900, -1.058300524417592500 ) ) ;
#3028 = DIRECTION ( 'NONE',  ( 0.0000000000000000000, 0.0000000000000000000, -1.000000000000000000 ) ) ;
#3029 = DIRECTION ( 'NONE',  ( 0.0000000000000000000, -1.000000000000000000, 0.0000000000000000000 ) ) ;
#3030 = CARTESIAN_POINT ( 'NONE',  ( 7.499999999999638500, -0.4999999999999998900, 8.076872504148013800E-012 ) ) ;
#3031 = AXIS2_PLACEMENT_3D ( 'NONE', #3030, #3029, #3028 ) ;
#3032 = CIRCLE ( 'NONE', #3031, 1.100000000000001000 ) ;
#3033 = CARTESIAN_POINT ( 'NONE',  ( 7.199999999999630700, -0.4999999999999998900, 1.058300524433909400 ) ) ;
#3034 = DIRECTION ( 'NONE',  ( 0.0000000000000000000, 0.0000000000000000000, -1.000000000000000000 ) ) ;
#3035 = DIRECTION ( 'NONE',  ( 1.000000000000000000, 0.0000000000000000000, 0.0000000000000000000 ) ) ;
#3036 = CARTESIAN_POINT ( 'NONE',  ( 15.69999999999999900, -0.4999999999999998900, 1.058300524425832600 ) ) ;
#3037 = AXIS2_PLACEMENT_3D ( 'NONE', #3036, #3035, #3034 ) ;
#3038 = PLANE ( 'NONE',  #3037 ) ;
#3039 = FACE_OUTER_BOUND ( 'NONE', #2757, .T. ) ;
#3040 = DIRECTION ( 'NONE',  ( 0.0000000000000000000, 0.0000000000000000000, -1.000000000000000000 ) ) ;
#3041 = DIRECTION ( 'NONE',  ( 0.0000000000000000000, -1.000000000000000000, 0.0000000000000000000 ) ) ;
#3042 = CARTESIAN_POINT ( 'NONE',  ( 16.00000000000000700, -0.4999999999999998900, 0.0000000000000000000 ) ) ;
#3043 = AXIS2_PLACEMENT_3D ( 'NONE', #3042, #3041, #3040 ) ;
#3044 = CIRCLE ( 'NONE', #3043, 1.100000000000000800 ) ;
#3045 = DIRECTION ( 'NONE',  ( 0.0000000000000000000, 1.000000000000000000, 0.0000000000000000000 ) ) ;
#3046 = VECTOR ( 'NONE', #3045, 1000.000000000000000 ) ;
#3047 = CARTESIAN_POINT ( 'NONE',  ( 15.69999999999999900, -0.4999999999999998900, -1.058300524425834300 ) ) ;
#3048 = LINE ( 'NONE', #3047, #3046 ) ;
#3049 = DIRECTION ( 'NONE',  ( 0.0000000000000000000, 1.000000000000000000, 0.0000000000000000000 ) ) ;
#3050 = VECTOR ( 'NONE', #3049, 1000.000000000000000 ) ;
#3051 = CARTESIAN_POINT ( 'NONE',  ( 16.30000000000059800, -0.4999999999999998900, -1.058300524425669100 ) ) ;
#3052 = LINE ( 'NONE', #3051, #3050 ) ;
#3053 = CARTESIAN_POINT ( 'NONE',  ( 16.00000000000000700, -0.4999999999999998900, 1.099999999999998100 ) ) ;
#3054 = DIRECTION ( 'NONE',  ( 0.0000000000000000000, 0.0000000000000000000, -1.000000000000000000 ) ) ;
#3055 = DIRECTION ( 'NONE',  ( 0.0000000000000000000, -1.000000000000000000, 0.0000000000000000000 ) ) ;
#3056 = CARTESIAN_POINT ( 'NONE',  ( 16.00000000000000700, -0.4999999999999998900, 0.0000000000000000000 ) ) ;
#3057 = AXIS2_PLACEMENT_3D ( 'NONE', #3056, #3055, #3054 ) ;
#3058 = CIRCLE ( 'NONE', #3057, 1.100000000000000800 ) ;
#3059 = CARTESIAN_POINT ( 'NONE',  ( 15.69999999999999900, -0.4999999999999998900, 1.058300524425832600 ) ) ;
#3060 = CARTESIAN_POINT ( 'NONE',  ( 16.30000000000059800, -0.4999999999999998900, -1.058300524425669100 ) ) ;
#3061 = CARTESIAN_POINT ( 'NONE',  ( 16.30000000000059800, 0.1000000000000000100, -1.058300524425669100 ) ) ;
#3062 = CARTESIAN_POINT ( 'NONE',  ( 16.00000000000000700, -1.899999999999999900, 1.100000000000001000 ) ) ;
#3063 = DIRECTION ( 'NONE',  ( 0.0000000000000000000, 0.0000000000000000000, 1.000000000000000000 ) ) ;
#3064 = DIRECTION ( 'NONE',  ( 0.0000000000000000000, 1.000000000000000000, 0.0000000000000000000 ) ) ;
#3065 = CARTESIAN_POINT ( 'NONE',  ( 7.199999999999629800, -0.4999999999999998900, -1.058300524417757700 ) ) ;
#3066 = LINE ( 'NONE', #2978, #2977 ) ;
#3067 = DIRECTION ( 'NONE',  ( 0.0000000000000000000, 0.0000000000000000000, -1.000000000000000000 ) ) ;
#3068 = VECTOR ( 'NONE', #3067, 1000.000000000000000 ) ;
#3069 = CARTESIAN_POINT ( 'NONE',  ( 7.199999999999630700, -0.4999999999999998900, 1.058300524433909400 ) ) ;
#3070 = LINE ( 'NONE', #3069, #3068 ) ;
#3071 = DIRECTION ( 'NONE',  ( 0.0000000000000000000, 0.0000000000000000000, -1.000000000000000000 ) ) ;
#3072 = DIRECTION ( 'NONE',  ( 0.0000000000000000000, -1.000000000000000000, 0.0000000000000000000 ) ) ;
#3073 = CARTESIAN_POINT ( 'NONE',  ( 16.00000000000000700, -0.4999999999999998900, 0.0000000000000000000 ) ) ;
#3074 = AXIS2_PLACEMENT_3D ( 'NONE', #3073, #3072, #3071 ) ;
#3075 = CIRCLE ( 'NONE', #3074, 1.099999999999998100 ) ;
#3076 = CARTESIAN_POINT ( 'NONE',  ( 15.69999999999999900, -0.4999999999999998900, -1.058300524425834300 ) ) ;
#3077 = DIRECTION ( 'NONE',  ( 0.0000000000000000000, 0.0000000000000000000, 1.000000000000000000 ) ) ;
#3078 = DIRECTION ( 'NONE',  ( 0.0000000000000000000, 1.000000000000000000, 0.0000000000000000000 ) ) ;
#3079 = CARTESIAN_POINT ( 'NONE',  ( 16.00000000000000700, -1.899999999999999900, 0.0000000000000000000 ) ) ;
#3080 = AXIS2_PLACEMENT_3D ( 'NONE', #3079, #3078, #3077 ) ;
#3081 = CIRCLE ( 'NONE', #3080, 1.100000000000001000 ) ;
#3082 = DIRECTION ( 'NONE',  ( 0.0000000000000000000, 1.000000000000000000, 0.0000000000000000000 ) ) ;
#3083 = VECTOR ( 'NONE', #3082, 1000.000000000000000 ) ;
#3084 = CARTESIAN_POINT ( 'NONE',  ( 16.00000000000000700, -1.899999999999999900, 1.100000000000001000 ) ) ;
#3085 = LINE ( 'NONE', #3084, #3083 ) ;
#3086 = DIRECTION ( 'NONE',  ( 0.0000000000000000000, 0.0000000000000000000, 1.000000000000000000 ) ) ;
#3087 = DIRECTION ( 'NONE',  ( 0.0000000000000000000, 1.000000000000000000, 0.0000000000000000000 ) ) ;
#3088 = CARTESIAN_POINT ( 'NONE',  ( 16.00000000000000700, -1.899999999999999900, 0.0000000000000000000 ) ) ;
#3089 = AXIS2_PLACEMENT_3D ( 'NONE', #3088, #3087, #3086 ) ;
#3090 = CYLINDRICAL_SURFACE ( 'NONE', #3089, 1.100000000000001000 ) ;
#3091 = DIRECTION ( 'NONE',  ( 0.0000000000000000000, 0.0000000000000000000, 1.000000000000000000 ) ) ;
#3092 = DIRECTION ( 'NONE',  ( 0.0000000000000000000, 1.000000000000000000, 0.0000000000000000000 ) ) ;
#3093 = AXIS2_PLACEMENT_3D ( 'NONE', #3096, #3092, #3091 ) ;
#3094 = CYLINDRICAL_SURFACE ( 'NONE', #3093, 1.100000000000001000 ) ;
#3095 = FACE_OUTER_BOUND ( 'NONE', #2811, .T. ) ;
#3096 = CARTESIAN_POINT ( 'NONE',  ( 16.00000000000000700, -1.899999999999999900, 0.0000000000000000000 ) ) ;
#3097 = FACE_OUTER_BOUND ( 'NONE', #2794, .T. ) ;
#3098 = CARTESIAN_POINT ( 'NONE',  ( 16.00000000000000700, -0.4999999999999998900, -1.100000000000000800 ) ) ;
#3099 = CARTESIAN_POINT ( 'NONE',  ( 15.69999999999999900, 0.1000000000000000100, 1.058300524425832600 ) ) ;
#3100 = DIRECTION ( 'NONE',  ( 0.0000000000000000000, 1.000000000000000000, 0.0000000000000000000 ) ) ;
#3101 = VECTOR ( 'NONE', #3100, 1000.000000000000000 ) ;
#3102 = CARTESIAN_POINT ( 'NONE',  ( 15.69999999999999900, -0.4999999999999998900, 1.058300524425832600 ) ) ;
#3103 = LINE ( 'NONE', #3102, #3101 ) ;
#3104 = CARTESIAN_POINT ( 'NONE',  ( 16.30000000000059800, -0.4999999999999998900, 1.058300524425666000 ) ) ;
#3105 = CARTESIAN_POINT ( 'NONE',  ( 16.00000000000000700, 0.1000000000000000100, 0.0000000000000000000 ) ) ;
#3106 = AXIS2_PLACEMENT_3D ( 'NONE', #3105, #3064, #3063 ) ;
#3107 = CIRCLE ( 'NONE', #3106, 1.100000000000001000 ) ;
#3108 = DIRECTION ( 'NONE',  ( 0.0000000000000000000, 0.0000000000000000000, -1.000000000000000000 ) ) ;
#3109 = DIRECTION ( 'NONE',  ( 0.0000000000000000000, -1.000000000000000000, 0.0000000000000000000 ) ) ;
#3110 = CARTESIAN_POINT ( 'NONE',  ( 16.00000000000000700, -0.4999999999999998900, 0.0000000000000000000 ) ) ;
#3111 = AXIS2_PLACEMENT_3D ( 'NONE', #3110, #3109, #3108 ) ;
#3112 = CIRCLE ( 'NONE', #3111, 1.099999999999998100 ) ;
#3113 = CARTESIAN_POINT ( 'NONE',  ( 15.69999999999999900, 0.1000000000000000100, -1.058300524425834300 ) ) ;
#3114 = DIRECTION ( 'NONE',  ( 0.0000000000000000000, 0.0000000000000000000, 1.000000000000000000 ) ) ;
#3115 = DIRECTION ( 'NONE',  ( 0.0000000000000000000, 1.000000000000000000, 0.0000000000000000000 ) ) ;
#3116 = CARTESIAN_POINT ( 'NONE',  ( 16.00000000000000700, 0.1000000000000000100, 0.0000000000000000000 ) ) ;
#3117 = AXIS2_PLACEMENT_3D ( 'NONE', #3116, #3115, #3114 ) ;
#3118 = CIRCLE ( 'NONE', #3117, 1.100000000000001000 ) ;
#3119 = CARTESIAN_POINT ( 'NONE',  ( 16.30000000000059800, 0.1000000000000000100, 1.058300524425669400 ) ) ;
#3120 = DIRECTION ( 'NONE',  ( 0.0000000000000000000, 1.000000000000000000, 0.0000000000000000000 ) ) ;
#3121 = VECTOR ( 'NONE', #3120, 1000.000000000000000 ) ;
#3122 = CARTESIAN_POINT ( 'NONE',  ( 16.00000000000000700, -1.899999999999999900, -1.100000000000001000 ) ) ;
#3123 = LINE ( 'NONE', #3122, #3121 ) ;
#3124 = CARTESIAN_POINT ( 'NONE',  ( 16.00000000000000700, -1.899999999999999900, -1.100000000000001000 ) ) ;
#3125 = DIRECTION ( 'NONE',  ( 0.0000000000000000000, 0.0000000000000000000, 1.000000000000000000 ) ) ;
#3126 = DIRECTION ( 'NONE',  ( 0.0000000000000000000, 1.000000000000000000, 0.0000000000000000000 ) ) ;
#3127 = AXIS2_PLACEMENT_3D ( 'NONE', #3133, #3126, #3125 ) ;
#3128 = CIRCLE ( 'NONE', #3127, 1.100000000000001000 ) ;
#3129 = DIRECTION ( 'NONE',  ( 0.0000000000000000000, 0.0000000000000000000, 1.000000000000000000 ) ) ;
#3130 = DIRECTION ( 'NONE',  ( 0.0000000000000000000, 1.000000000000000000, 0.0000000000000000000 ) ) ;
#3131 = CARTESIAN_POINT ( 'NONE',  ( 16.00000000000000700, 0.1000000000000000100, 0.0000000000000000000 ) ) ;
#3132 = AXIS2_PLACEMENT_3D ( 'NONE', #3131, #3130, #3129 ) ;
#3133 = CARTESIAN_POINT ( 'NONE',  ( 16.00000000000000700, -1.899999999999999900, 0.0000000000000000000 ) ) ;
#3134 = DIRECTION ( 'NONE',  ( 0.0000000000000000000, 1.000000000000000000, 0.0000000000000000000 ) ) ;
#3135 = VECTOR ( 'NONE', #3134, 1000.000000000000000 ) ;
#3136 = CARTESIAN_POINT ( 'NONE',  ( 16.30000000000059800, -0.4999999999999998900, 1.058300524425666000 ) ) ;
#3137 = LINE ( 'NONE', #3136, #3135 ) ;
#3138 = DIRECTION ( 'NONE',  ( 0.0000000000000000000, 0.0000000000000000000, 1.000000000000000000 ) ) ;
#3139 = DIRECTION ( 'NONE',  ( 0.0000000000000000000, 1.000000000000000000, 0.0000000000000000000 ) ) ;
#3140 = CARTESIAN_POINT ( 'NONE',  ( 16.00000000000000700, -1.899999999999999900, 0.0000000000000000000 ) ) ;
#3141 = AXIS2_PLACEMENT_3D ( 'NONE', #3140, #3139, #3138 ) ;
#3142 = PLANE ( 'NONE',  #3141 ) ;
#3143 = FACE_OUTER_BOUND ( 'NONE', #2656, .T. ) ;
#3144 = DIRECTION ( 'NONE',  ( 0.0000000000000000000, 0.0000000000000000000, -1.000000000000000000 ) ) ;
#3145 = DIRECTION ( 'NONE',  ( 1.000000000000000000, 0.0000000000000000000, 0.0000000000000000000 ) ) ;
#3146 = CARTESIAN_POINT ( 'NONE',  ( 15.69999999999999900, -0.4999999999999998900, 1.058300524425832600 ) ) ;
#3147 = AXIS2_PLACEMENT_3D ( 'NONE', #3146, #3145, #3144 ) ;
#3148 = FACE_OUTER_BOUND ( 'NONE', #2633, .T. ) ;
#3149 = DIRECTION ( 'NONE',  ( 0.0000000000000000000, 0.0000000000000000000, 1.000000000000000000 ) ) ;
#3150 = DIRECTION ( 'NONE',  ( 0.0000000000000000000, 1.000000000000000000, 0.0000000000000000000 ) ) ;
#3151 = CARTESIAN_POINT ( 'NONE',  ( 7.499999999999638500, -1.899999999999999900, 8.076872504148013800E-012 ) ) ;
#3152 = AXIS2_PLACEMENT_3D ( 'NONE', #3151, #3150, #3149 ) ;
#3153 = CYLINDRICAL_SURFACE ( 'NONE', #3152, 1.100000000000000100 ) ;
#3154 = PLANE ( 'NONE',  #3147 ) ;
#3155 = FACE_OUTER_BOUND ( 'NONE', #2720, .T. ) ;
#3156 = DIRECTION ( 'NONE',  ( 0.0000000000000000000, 1.000000000000000000, 0.0000000000000000000 ) ) ;
#3157 = VECTOR ( 'NONE', #3156, 1000.000000000000000 ) ;
#3158 = CARTESIAN_POINT ( 'NONE',  ( 7.499999999999638500, -1.899999999999999900, 1.100000000008077000 ) ) ;
#3159 = LINE ( 'NONE', #3158, #3157 ) ;
#3160 = CARTESIAN_POINT ( 'NONE',  ( 7.499999999999638500, -0.4999999999999998900, 1.100000000008075400 ) ) ;
#3161 = DIRECTION ( 'NONE',  ( 0.0000000000000000000, 0.0000000000000000000, -1.000000000000000000 ) ) ;
#3162 = DIRECTION ( 'NONE',  ( 0.0000000000000000000, -1.000000000000000000, 0.0000000000000000000 ) ) ;
#3163 = CARTESIAN_POINT ( 'NONE',  ( 7.499999999999638500, -0.4999999999999998900, 8.076872504148013800E-012 ) ) ;
#3164 = AXIS2_PLACEMENT_3D ( 'NONE', #3163, #3162, #3161 ) ;
#3165 = CIRCLE ( 'NONE', #3164, 1.099999999999998500 ) ;
#3166 = CARTESIAN_POINT ( 'NONE',  ( 7.800000000000232500, -0.4999999999999998900, 1.058300524433742900 ) ) ;
#3167 = PLANE ( 'NONE',  #3132 ) ;
#3168 = FACE_OUTER_BOUND ( 'NONE', #2789, .T. ) ;
#3169 = DIRECTION ( 'NONE',  ( 0.0000000000000000000, 0.0000000000000000000, 1.000000000000000000 ) ) ;
#3170 = DIRECTION ( 'NONE',  ( 0.0000000000000000000, 1.000000000000000000, 0.0000000000000000000 ) ) ;
#3171 = CARTESIAN_POINT ( 'NONE',  ( 15.16009520449344600, 0.3999999999999999700, -2.599999900162202900 ) ) ;
#3172 = AXIS2_PLACEMENT_3D ( 'NONE', #3171, #3170, #3169 ) ;
#3173 = PLANE ( 'NONE',  #3172 ) ;
#3174 = FACE_OUTER_BOUND ( 'NONE', #58, .T. ) ;
#3175 = DIRECTION ( 'NONE',  ( 0.4226177178421047800, 0.0000000000000000000, -0.9063080406605311700 ) ) ;
#3176 = VECTOR ( 'NONE', #3175, 1000.000000000000100 ) ;
#3177 = CARTESIAN_POINT ( 'NONE',  ( 15.59461977183818800, 0.3999999999999999700, -1.406153198331594500 ) ) ;
#3178 = LINE ( 'NONE', #3177, #3176 ) ;
#3179 = DIRECTION ( 'NONE',  ( 0.9063078723892391600, 0.0000000000000000000, -0.4226180787014327500 ) ) ;
#3180 = DIRECTION ( 'NONE',  ( 0.4226180787014328100, 0.0000000000000000000, 0.9063078723892392700 ) ) ;
#3181 = CARTESIAN_POINT ( 'NONE',  ( 15.40668167024850800, 0.3999999999999999700, 1.337749185040591400 ) ) ;
#3182 = AXIS2_PLACEMENT_3D ( 'NONE', #3181, #3180, #3179 ) ;
#3183 = PLANE ( 'NONE',  #3182 ) ;
#3184 = FACE_OUTER_BOUND ( 'NONE', #2860, .T. ) ;
#3185 = DIRECTION ( 'NONE',  ( 0.0000000000000000000, -1.000000000000000000, 0.0000000000000000000 ) ) ;
#3186 = VECTOR ( 'NONE', #3185, 1000.000000000000000 ) ;
#3187 = CARTESIAN_POINT ( 'NONE',  ( 15.59461977183820200, 0.3999999999999999700, 1.406153198331592700 ) ) ;
#3188 = LINE ( 'NONE', #3187, #3186 ) ;
#3189 = CARTESIAN_POINT ( 'NONE',  ( 15.59461977183818800, 0.3999999999999999700, -1.406153198331594500 ) ) ;
#3190 = DIRECTION ( 'NONE',  ( 0.0000000000000000000, -1.000000000000000000, 0.0000000000000000000 ) ) ;
#3191 = VECTOR ( 'NONE', #3190, 1000.000000000000000 ) ;
#3192 = CARTESIAN_POINT ( 'NONE',  ( 15.59461977183818800, 0.3999999999999999700, -1.406153198331594500 ) ) ;
#3193 = LINE ( 'NONE', #3192, #3191 ) ;
#3194 = DIRECTION ( 'NONE',  ( -0.9396923983359786200, 0.0000000000000000000, 0.3420207545012093900 ) ) ;
#3195 = DIRECTION ( 'NONE',  ( -0.3420207545012093900, 0.0000000000000000000, -0.9396923983359786200 ) ) ;
#3196 = CARTESIAN_POINT ( 'NONE',  ( 15.40668167024850800, 0.3999999999999999700, -1.337749185040593100 ) ) ;
#3197 = AXIS2_PLACEMENT_3D ( 'NONE', #3196, #3195, #3194 ) ;
#3198 = PLANE ( 'NONE',  #3197 ) ;
#3199 = FACE_OUTER_BOUND ( 'NONE', #2777, .T. ) ;
#3200 = DIRECTION ( 'NONE',  ( 0.9063078723892392700, 0.0000000000000000000, 0.4226180787014328100 ) ) ;
#3201 = VECTOR ( 'NONE', #3200, 1000.000000000000000 ) ;
#3202 = PRODUCT_DEFINITION_SHAPE ( 'NONE', 'NONE',  #3275 ) ;
#3203 = PRODUCT_RELATED_PRODUCT_CATEGORY ( 'detail', '', ( #3284 ) ) ;
#3204 = CC_DESIGN_SECURITY_CLASSIFICATION ( #3225, ( #3244 ) ) ;
#3205 = CC_DESIGN_APPROVAL ( #3213, ( #3225 ) ) ;
#3206 = APPROVAL_DATE_TIME ( #3207, #3213 ) ;
#3207 = DATE_AND_TIME ( #3208, #3209 ) ;
#3208 = CALENDAR_DATE ( 2008, 22, 8 ) ;
#3209 = LOCAL_TIME ( 17, 32, 4.000000000000000000, #3210 ) ;
#3210 = COORDINATED_UNIVERSAL_TIME_OFFSET ( 9, 0, .AHEAD. ) ;
#3211 = APPROVAL_PERSON_ORGANIZATION ( #3215, #3213, #3212 ) ;
#3212 = APPROVAL_ROLE ( '' ) ;
#3213 = APPROVAL ( #3214, 'UNSPECIFIED' ) ;
#3214 = APPROVAL_STATUS ( 'not_yet_approved' ) ;
#3215 = PERSON_AND_ORGANIZATION ( #3283, #3282 ) ;
#3216 = CC_DESIGN_DATE_AND_TIME_ASSIGNMENT ( #3218, #3217, ( #3225 ) ) ;
#3217 = DATE_TIME_ROLE ( 'classification_date' ) ;
#3218 = DATE_AND_TIME ( #3219, #3220 ) ;
#3219 = CALENDAR_DATE ( 2008, 22, 8 ) ;
#3220 = LOCAL_TIME ( 17, 32, 4.000000000000000000, #3221 ) ;
#3221 = COORDINATED_UNIVERSAL_TIME_OFFSET ( 9, 0, .AHEAD. ) ;
#3222 = CC_DESIGN_PERSON_AND_ORGANIZATION_ASSIGNMENT ( #3224, #3223, ( #3225 ) ) ;
#3223 = PERSON_AND_ORGANIZATION_ROLE ( 'classification_officer' ) ;
#3224 = PERSON_AND_ORGANIZATION ( #3283, #3282 ) ;
#3225 = SECURITY_CLASSIFICATION ( '', '', #3226 ) ;
#3226 = SECURITY_CLASSIFICATION_LEVEL ( 'unclassified' ) ;
#3227 = CC_DESIGN_PERSON_AND_ORGANIZATION_ASSIGNMENT ( #3229, #3228, ( #3244 ) ) ;
#3228 = PERSON_AND_ORGANIZATION_ROLE ( 'design_supplier' ) ;
#3229 = PERSON_AND_ORGANIZATION ( #3283, #3282 ) ;
#3230 = CC_DESIGN_PERSON_AND_ORGANIZATION_ASSIGNMENT ( #3232, #3231, ( #3244 ) ) ;
#3231 = PERSON_AND_ORGANIZATION_ROLE ( 'creator' ) ;
#3232 = PERSON_AND_ORGANIZATION ( #3283, #3282 ) ;
#3233 = CC_DESIGN_APPROVAL ( #3241, ( #3244 ) ) ;
#3234 = APPROVAL_DATE_TIME ( #3235, #3241 ) ;
#3235 = DATE_AND_TIME ( #3236, #3237 ) ;
#3236 = CALENDAR_DATE ( 2008, 22, 8 ) ;
#3237 = LOCAL_TIME ( 17, 32, 4.000000000000000000, #3238 ) ;
#3238 = COORDINATED_UNIVERSAL_TIME_OFFSET ( 9, 0, .AHEAD. ) ;
#3239 = APPROVAL_PERSON_ORGANIZATION ( #3243, #3241, #3240 ) ;
#3240 = APPROVAL_ROLE ( '' ) ;
#3241 = APPROVAL ( #3242, 'UNSPECIFIED' ) ;
#3242 = APPROVAL_STATUS ( 'not_yet_approved' ) ;
#3243 = PERSON_AND_ORGANIZATION ( #3283, #3282 ) ;
#3244 = PRODUCT_DEFINITION_FORMATION_WITH_SPECIFIED_SOURCE ( 'ANY', '', #3284, .NOT_KNOWN. ) ;
#3245 = CC_DESIGN_DATE_AND_TIME_ASSIGNMENT ( #3247, #3246, ( #3275 ) ) ;
#3246 = DATE_TIME_ROLE ( 'creation_date' ) ;
#3247 = DATE_AND_TIME ( #3248, #3249 ) ;
#3248 = CALENDAR_DATE ( 2008, 22, 8 ) ;
#3249 = LOCAL_TIME ( 17, 32, 4.000000000000000000, #3250 ) ;
#3250 = COORDINATED_UNIVERSAL_TIME_OFFSET ( 9, 0, .AHEAD. ) ;
#3251 = CC_DESIGN_PERSON_AND_ORGANIZATION_ASSIGNMENT ( #3253, #3252, ( #3275 ) ) ;
#3252 = PERSON_AND_ORGANIZATION_ROLE ( 'creator' ) ;
#3253 = PERSON_AND_ORGANIZATION ( #3283, #3282 ) ;
#3254 = CC_DESIGN_APPROVAL ( #3272, ( #3275 ) ) ;
#3255 = APPROVAL_DATE_TIME ( #3268, #3272 ) ;
#3256 = CALENDAR_DATE ( 2008, 22, 8 ) ;
#3257 = LOCAL_TIME ( 17, 32, 4.000000000000000000, #3269 ) ;
#3258 = DIRECTION ( 'NONE',  ( 1.000000000000000000, 0.0000000000000000000, 0.0000000000000000000 ) ) ;
#3259 = CARTESIAN_POINT ( 'NONE',  ( 0.0000000000000000000, 0.0000000000000000000, 0.0000000000000000000 ) ) ;
#3260 = AXIS2_PLACEMENT_3D ( 'NONE', #3259, #3263, #3258 ) ;
#3261 = SHAPE_DEFINITION_REPRESENTATION ( #3202, #3262 ) ;
#3262 = ADVANCED_BREP_SHAPE_REPRESENTATION ( 'cx-441', ( #201, #2821, #2649, #3260 ), #3264 ) ;
#3263 = DIRECTION ( 'NONE',  ( 0.0000000000000000000, 0.0000000000000000000, 1.000000000000000000 ) ) ;
#3264 =( GEOMETRIC_REPRESENTATION_CONTEXT ( 3 ) GLOBAL_UNCERTAINTY_ASSIGNED_CONTEXT ( ( #3265 ) ) GLOBAL_UNIT_ASSIGNED_CONTEXT ( ( #3319, #3267, #3266 ) ) REPRESENTATION_CONTEXT ( 'NONE', 'WORKASPACE' ) );
#3265 = UNCERTAINTY_MEASURE_WITH_UNIT (LENGTH_MEASURE( 1.000000000000000100E-005 ), #3319, 'distance_accuracy_value', 'NONE');
#3266 =( NAMED_UNIT ( * ) SI_UNIT ( $, .STERADIAN. ) SOLID_ANGLE_UNIT ( ) );
#3267 =( NAMED_UNIT ( * ) PLANE_ANGLE_UNIT ( ) SI_UNIT ( $, .RADIAN. ) );
#3268 = DATE_AND_TIME ( #3256, #3257 ) ;
#3269 = COORDINATED_UNIVERSAL_TIME_OFFSET ( 9, 0, .AHEAD. ) ;
#3270 = APPROVAL_PERSON_ORGANIZATION ( #3274, #3272, #3271 ) ;
#3271 = APPROVAL_ROLE ( '' ) ;
#3272 = APPROVAL ( #3273, 'UNSPECIFIED' ) ;
#3273 = APPROVAL_STATUS ( 'not_yet_approved' ) ;
#3274 = PERSON_AND_ORGANIZATION ( #3283, #3282 ) ;
#3275 = PRODUCT_DEFINITION ( 'UNKNOWN', '', #3244, #3276 ) ;
#3276 = DESIGN_CONTEXT ( 'detailed design', #3278, 'design' ) ;
#3277 = APPLICATION_PROTOCOL_DEFINITION ( 'international standard', 'config_control_design', 1994, #3278 ) ;
#3278 = APPLICATION_CONTEXT ( 'configuration controlled 3d designs of mechanical parts and assemblies' ) ;
#3279 = CC_DESIGN_PERSON_AND_ORGANIZATION_ASSIGNMENT ( #3281, #3280, ( #3284 ) ) ;
#3280 = PERSON_AND_ORGANIZATION_ROLE ( 'design_owner' ) ;
#3281 = PERSON_AND_ORGANIZATION ( #3283, #3282 ) ;
#3282 = ORGANIZATION ( 'UNSPECIFIED', 'UNSPECIFIED', '' ) ;
#3283 = PERSON ( 'UNSPECIFIED', 'UNSPECIFIED', 'UNSPECIFIED', ('UNSPECIFIED'), ('UNSPECIFIED'), ('UNSPECIFIED') ) ;
#3284 = PRODUCT ( 'cx-441', 'cx-441', '', ( #3285 ) ) ;
#3285 = MECHANICAL_CONTEXT ( 'NONE', #3287, 'mechanical' ) ;
#3286 = APPLICATION_PROTOCOL_DEFINITION ( 'international standard', 'config_control_design', 1994, #3287 ) ;
#3287 = APPLICATION_CONTEXT ( 'configuration controlled 3d designs of mechanical parts and assemblies' ) ;
#3288 = CARTESIAN_POINT ( 'NONE',  ( 15.71415409296752400, 0.3999999999999999700, 1.662495778873561000 ) ) ;
#3289 = LINE ( 'NONE', #3288, #3349 ) ;
#3290 = DIRECTION ( 'NONE',  ( 0.0000000000000000000, 0.0000000000000000000, -1.000000000000000000 ) ) ;
#3291 = DIRECTION ( 'NONE',  ( 0.0000000000000000000, -1.000000000000000000, 0.0000000000000000000 ) ) ;
#3292 = CARTESIAN_POINT ( 'NONE',  ( 15.71954266602952000, 0.1000000000000000100, -2.232452392285616800 ) ) ;
#3293 = AXIS2_PLACEMENT_3D ( 'NONE', #3292, #3291, #3290 ) ;
#3294 = CYLINDRICAL_SURFACE ( 'NONE', #3293, 0.1999999999998903800 ) ;
#3295 = FACE_OUTER_BOUND ( 'NONE', #2922, .T. ) ;
#3296 = DIRECTION ( 'NONE',  ( 0.0000000000000000000, 1.000000000000000000, 0.0000000000000000000 ) ) ;
#3297 = VECTOR ( 'NONE', #3296, 1000.000000000000000 ) ;
#3298 = CARTESIAN_POINT ( 'NONE',  ( 16.30000000000059800, -0.4999999999999998900, -1.058300524425669100 ) ) ;
#3299 = LINE ( 'NONE', #3298, #3297 ) ;
#3300 = CARTESIAN_POINT ( 'NONE',  ( 16.30000000000059800, -0.4999999999999998900, -1.058300524425669100 ) ) ;
#3301 = DIRECTION ( 'NONE',  ( 0.0000000000000000000, 0.0000000000000000000, -1.000000000000000000 ) ) ;
#3302 = DIRECTION ( 'NONE',  ( 0.0000000000000000000, -1.000000000000000000, 0.0000000000000000000 ) ) ;
#3303 = CARTESIAN_POINT ( 'NONE',  ( 16.00000000000000700, -0.4999999999999998900, 0.0000000000000000000 ) ) ;
#3304 = AXIS2_PLACEMENT_3D ( 'NONE', #3303, #3302, #3301 ) ;
#3305 = CIRCLE ( 'NONE', #3304, 1.100000000000000800 ) ;
#3306 = DIRECTION ( 'NONE',  ( 0.0000000000000000000, -1.000000000000000000, 0.0000000000000000000 ) ) ;
#3307 = VECTOR ( 'NONE', #3306, 1000.000000000000000 ) ;
#3308 = CARTESIAN_POINT ( 'NONE',  ( 15.71415409296751000, 0.3999999999999999700, -1.662495778873562800 ) ) ;
#3309 = LINE ( 'NONE', #3308, #3307 ) ;
#3310 = DIRECTION ( 'NONE',  ( 0.0000000000000000000, 0.0000000000000000000, 1.000000000000000000 ) ) ;
#3311 = DIRECTION ( 'NONE',  ( 0.0000000000000000000, 1.000000000000000000, 0.0000000000000000000 ) ) ;
#3312 = AXIS2_PLACEMENT_3D ( 'NONE', #3318, #3311, #3310 ) ;
#3313 = CIRCLE ( 'NONE', #3312, 0.1999999999999970700 ) ;
#3314 = DIRECTION ( 'NONE',  ( 0.0000000000000000000, 0.0000000000000000000, -1.000000000000000000 ) ) ;
#3315 = DIRECTION ( 'NONE',  ( 0.0000000000000000000, -1.000000000000000000, 0.0000000000000000000 ) ) ;
#3316 = CARTESIAN_POINT ( 'NONE',  ( 15.71954266602953300, 0.1000000000000000100, 2.232452392285616800 ) ) ;
#3317 = AXIS2_PLACEMENT_3D ( 'NONE', #3316, #3315, #3314 ) ;
#3318 = CARTESIAN_POINT ( 'NONE',  ( 15.16009520449346900, 0.3999999999999999700, 2.599999900162196300 ) ) ;
#3319 =( LENGTH_UNIT ( ) NAMED_UNIT ( * ) SI_UNIT ( .MILLI., .METRE. ) );
#3320 = CARTESIAN_POINT ( 'NONE',  ( 14.66163012981413300, 0.3999999999999999700, -2.799999900162220000 ) ) ;
#3321 = DIRECTION ( 'NONE',  ( 0.0000000000000000000, -1.000000000000000000, 0.0000000000000000000 ) ) ;
#3322 = VECTOR ( 'NONE', #3321, 1000.000000000000000 ) ;
#3323 = CARTESIAN_POINT ( 'NONE',  ( 14.66163012981413300, 0.3999999999999999700, -2.799999900162220000 ) ) ;
#3324 = LINE ( 'NONE', #3323, #3322 ) ;
#3325 = DIRECTION ( 'NONE',  ( 1.000000000000000000, 0.0000000000000000000, 0.0000000000000000000 ) ) ;
#3326 = DIRECTION ( 'NONE',  ( 0.0000000000000000000, 0.0000000000000000000, 1.000000000000000000 ) ) ;
#3327 = CARTESIAN_POINT ( 'NONE',  ( 14.66163012981413300, 0.1000000000000000100, -2.799999900162220000 ) ) ;
#3328 = AXIS2_PLACEMENT_3D ( 'NONE', #3327, #3326, #3325 ) ;
#3329 = FACE_OUTER_BOUND ( 'NONE', #2936, .T. ) ;
#3330 = DIRECTION ( 'NONE',  ( 0.0000000000000000000, 0.0000000000000000000, -1.000000000000000000 ) ) ;
#3331 = DIRECTION ( 'NONE',  ( 0.0000000000000000000, -1.000000000000000000, 0.0000000000000000000 ) ) ;
#3332 = AXIS2_PLACEMENT_3D ( 'NONE', #3340, #3331, #3330 ) ;
#3333 = PLANE ( 'NONE',  #3328 ) ;
#3334 = CYLINDRICAL_SURFACE ( 'NONE', #3332, 0.1999999999999914100 ) ;
#3335 = FACE_OUTER_BOUND ( 'NONE', #2932, .T. ) ;
#3336 = DIRECTION ( 'NONE',  ( 0.0000000000000000000, 0.0000000000000000000, -1.000000000000000000 ) ) ;
#3337 = DIRECTION ( 'NONE',  ( 0.0000000000000000000, -1.000000000000000000, 0.0000000000000000000 ) ) ;
#3338 = CARTESIAN_POINT ( 'NONE',  ( 16.00000000000000700, 0.1000000000000000100, 0.0000000000000000000 ) ) ;
#3339 = AXIS2_PLACEMENT_3D ( 'NONE', #3338, #3337, #3336 ) ;
#3340 = CARTESIAN_POINT ( 'NONE',  ( 15.16009520449344600, 0.1000000000000000100, -2.599999900162202900 ) ) ;
#3341 = CYLINDRICAL_SURFACE ( 'NONE', #3339, 1.100000000000001000 ) ;
#3342 = FACE_OUTER_BOUND ( 'NONE', #2929, .T. ) ;
#3343 = DIRECTION ( 'NONE',  ( -1.000000000000000000, 0.0000000000000000000, -5.742215632386480000E-014 ) ) ;
#3344 = VECTOR ( 'NONE', #3343, 1000.000000000000000 ) ;
#3345 = CARTESIAN_POINT ( 'NONE',  ( 15.16009516815546700, 0.3999999999999999700, -2.799999900162191600 ) ) ;
#3346 = LINE ( 'NONE', #3345, #3344 ) ;
#3347 = CARTESIAN_POINT ( 'NONE',  ( 15.71415409296752400, 0.3999999999999999700, 1.662495778873561000 ) ) ;
#3348 = DIRECTION ( 'NONE',  ( 0.0000000000000000000, -1.000000000000000000, 0.0000000000000000000 ) ) ;
#3349 = VECTOR ( 'NONE', #3348, 1000.000000000000000 ) ;
#3350 = CYLINDRICAL_SURFACE ( 'NONE', #3317, 0.1999999999998834400 ) ;
#3351 = FACE_OUTER_BOUND ( 'NONE', #2907, .T. ) ;
#3352 = DIRECTION ( 'NONE',  ( -0.3420201433257159500, 0.0000000000000000000, 0.9396926207858912200 ) ) ;
#3353 = DIRECTION ( 'NONE',  ( -0.9396926207858912200, 0.0000000000000000000, -0.3420201433257159500 ) ) ;
#3354 = CARTESIAN_POINT ( 'NONE',  ( 15.34803374430335200, 0.1000000000000000100, 2.668403885821863900 ) ) ;
#3355 = AXIS2_PLACEMENT_3D ( 'NONE', #3354, #3353, #3352 ) ;
#3356 = PLANE ( 'NONE',  #3355 ) ;
#3357 = DIRECTION ( 'NONE',  ( 0.0000000000000000000, 0.0000000000000000000, -1.000000000000000000 ) ) ;
#3358 = DIRECTION ( 'NONE',  ( 0.0000000000000000000, -1.000000000000000000, 0.0000000000000000000 ) ) ;
#3359 = AXIS2_PLACEMENT_3D ( 'NONE', #3362, #3358, #3357 ) ;
#3360 = CYLINDRICAL_SURFACE ( 'NONE', #3359, 2.050000000000026900 ) ;
#3361 = FACE_OUTER_BOUND ( 'NONE', #2909, .T. ) ;
#3362 = CARTESIAN_POINT ( 'NONE',  ( 16.00000000000000700, 0.1000000000000000100, 0.0000000000000000000 ) ) ;
#3363 = FACE_OUTER_BOUND ( 'NONE', #2896, .T. ) ;
#3364 = CARTESIAN_POINT ( 'NONE',  ( 15.40668167024850800, 0.3999999999999999700, 1.337749185040591400 ) ) ;
#3365 = DIRECTION ( 'NONE',  ( 0.3420201503278006400, 0.0000000000000000000, -0.9396926182373407400 ) ) ;
#3366 = DIRECTION ( 'NONE',  ( 0.9396926182373408500, 0.0000000000000000000, 0.3420201503278007000 ) ) ;
#3367 = CARTESIAN_POINT ( 'NONE',  ( 15.15033885687589600, 0.3999999999999999700, 1.457283739000557100 ) ) ;
#3368 = AXIS2_PLACEMENT_3D ( 'NONE', #3367, #3366, #3365 ) ;
#3369 = PLANE ( 'NONE',  #3368 ) ;
#3370 = FACE_OUTER_BOUND ( 'NONE', #2887, .T. ) ;
#3371 = DIRECTION ( 'NONE',  ( 0.4226177178421048300, 0.0000000000000000000, 0.9063080406605312800 ) ) ;
#3372 = DIRECTION ( 'NONE',  ( -0.9063080406605312800, 0.0000000000000000000, 0.4226177178421048300 ) ) ;
#3373 = CARTESIAN_POINT ( 'NONE',  ( 15.71415409296752400, 0.3999999999999999700, 1.662495778873561000 ) ) ;
#3374 = AXIS2_PLACEMENT_3D ( 'NONE', #3373, #3372, #3371 ) ;
#3375 = PLANE ( 'NONE',  #3374 ) ;
#3376 = FACE_OUTER_BOUND ( 'NONE', #2885, .T. ) ;
#3377 = DIRECTION ( 'NONE',  ( 0.0000000000000000000, -1.000000000000000000, 0.0000000000000000000 ) ) ;
#3378 = VECTOR ( 'NONE', #3377, 1000.000000000000000 ) ;
#3379 = CARTESIAN_POINT ( 'NONE',  ( 15.15033885687589600, 0.3999999999999999700, 1.457283739000557100 ) ) ;
#3380 = LINE ( 'NONE', #3379, #3378 ) ;
#3381 = DIRECTION ( 'NONE',  ( -0.4226177178421047800, 0.0000000000000000000, -0.9063080406605311700 ) ) ;
#3382 = VECTOR ( 'NONE', #3381, 1000.000000000000100 ) ;
ENDSEC;
END-ISO-10303-21;
