ISO-10303-21;
HEADER;
FILE_DESCRIPTION (( 'STEP AP203' ),
    '1' );
FILE_NAME ('EX-33.STEP',
    '2006-03-06T06:20:31',
    ( ' ' ),
    ( ' ' ),
    'SwSTEP 2.0',
    'SolidWorks 2005235',
    '' );
FILE_SCHEMA (( 'CONFIG_CONTROL_DESIGN' ));
ENDSEC;

DATA;
#1 = ORIENTED_EDGE ( 'NONE', *, *, #1149, .F. ) ;
#2 = ORIENTED_EDGE ( 'NONE', *, *, #89, .T. ) ;
#3 = ORIENTED_EDGE ( 'NONE', *, *, #8, .T. ) ;
#4 = ORIENTED_EDGE ( 'NONE', *, *, #81, .T. ) ;
#5 = EDGE_LOOP ( 'NONE', ( #4, #1, #2, #3 ) ) ;
#6 = ORIENTED_EDGE ( 'NONE', *, *, #19, .T. ) ;
#7 = ADVANCED_FACE ( 'NONE', ( #845 ), #844, .T. ) ;
#8 = EDGE_CURVE ( 'NONE', #86, #151, #907, .T. ) ;
#9 = ORIENTED_EDGE ( 'NONE', *, *, #85, .T. ) ;
#10 = EDGE_LOOP ( 'NONE', ( #12, #11, #9, #6 ) ) ;
#11 = ORIENTED_EDGE ( 'NONE', *, *, #8, .F. ) ;
#12 = ORIENTED_EDGE ( 'NONE', *, *, #149, .T. ) ;
#13 = ORIENTED_EDGE ( 'NONE', *, *, #121, .T. ) ;
#14 = ORIENTED_EDGE ( 'NONE', *, *, #66, .F. ) ;
#15 = ADVANCED_FACE ( 'NONE', ( #903 ), #902, .T. ) ;
#16 = ORIENTED_EDGE ( 'NONE', *, *, #105, .F. ) ;
#17 = ORIENTED_EDGE ( 'NONE', *, *, #19, .F. ) ;
#18 = EDGE_LOOP ( 'NONE', ( #17, #16, #13, #14 ) ) ;
#19 = EDGE_CURVE ( 'NONE', #87, #150, #897, .T. ) ;
#20 = ORIENTED_EDGE ( 'NONE', *, *, #101, .F. ) ;
#21 = ADVANCED_FACE ( 'NONE', ( #893 ), #892, .F. ) ;
#22 = ORIENTED_EDGE ( 'NONE', *, *, #127, .T. ) ;
#23 = ORIENTED_EDGE ( 'NONE', *, *, #69, .F. ) ;
#24 = VERTEX_POINT ( 'NONE', #887 ) ;
#25 = ORIENTED_EDGE ( 'NONE', *, *, #604, .F. ) ;
#26 = EDGE_LOOP ( 'NONE', ( #57, #54, #1145, #1146 ) ) ;
#27 = ORIENTED_EDGE ( 'NONE', *, *, #655, .T. ) ;
#28 = EDGE_CURVE ( 'NONE', #671, #652, #886, .T. ) ;
#29 = ORIENTED_EDGE ( 'NONE', *, *, #30, .T. ) ;
#30 = EDGE_CURVE ( 'NONE', #666, #31, #881, .T. ) ;
#31 = VERTEX_POINT ( 'NONE', #939 ) ;
#32 = EDGE_CURVE ( 'NONE', #33, #36, #938, .T. ) ;
#33 = VERTEX_POINT ( 'NONE', #934 ) ;
#34 = ORIENTED_EDGE ( 'NONE', *, *, #35, .F. ) ;
#35 = EDGE_CURVE ( 'NONE', #37, #33, #933, .T. ) ;
#36 = VERTEX_POINT ( 'NONE', #929 ) ;
#37 = VERTEX_POINT ( 'NONE', #928 ) ;
#38 = ORIENTED_EDGE ( 'NONE', *, *, #39, .F. ) ;
#39 = EDGE_CURVE ( 'NONE', #40, #37, #927, .T. ) ;
#40 = VERTEX_POINT ( 'NONE', #923 ) ;
#41 = ORIENTED_EDGE ( 'NONE', *, *, #42, .F. ) ;
#42 = EDGE_CURVE ( 'NONE', #43, #40, #922, .T. ) ;
#43 = VERTEX_POINT ( 'NONE', #918 ) ;
#44 = ORIENTED_EDGE ( 'NONE', *, *, #46, .F. ) ;
#45 = EDGE_LOOP ( 'NONE', ( #48, #49, #27, #29, #185, #188, #109, #112 ) ) ;
#46 = EDGE_CURVE ( 'NONE', #852, #43, #917, .T. ) ;
#47 = ADVANCED_FACE ( 'NONE', ( #913 ), #911, .T. ) ;
#48 = ORIENTED_EDGE ( 'NONE', *, *, #663, .F. ) ;
#49 = ORIENTED_EDGE ( 'NONE', *, *, #28, .F. ) ;
#50 = ORIENTED_EDGE ( 'NONE', *, *, #32, .F. ) ;
#51 = EDGE_CURVE ( 'NONE', #36, #53, #971, .T. ) ;
#52 = EDGE_CURVE ( 'NONE', #53, #64, #967, .T. ) ;
#53 = VERTEX_POINT ( 'NONE', #963 ) ;
#54 = ORIENTED_EDGE ( 'NONE', *, *, #1149, .T. ) ;
#55 = ORIENTED_EDGE ( 'NONE', *, *, #575, .F. ) ;
#56 = ORIENTED_EDGE ( 'NONE', *, *, #51, .F. ) ;
#57 = ORIENTED_EDGE ( 'NONE', *, *, #92, .T. ) ;
#58 = ORIENTED_EDGE ( 'NONE', *, *, #52, .F. ) ;
#59 = ORIENTED_EDGE ( 'NONE', *, *, #63, .F. ) ;
#60 = VERTEX_POINT ( 'NONE', #962 ) ;
#61 = ORIENTED_EDGE ( 'NONE', *, *, #62, .F. ) ;
#62 = EDGE_CURVE ( 'NONE', #60, #405, #961, .T. ) ;
#63 = EDGE_CURVE ( 'NONE', #64, #60, #957, .T. ) ;
#64 = VERTEX_POINT ( 'NONE', #953 ) ;
#65 = ORIENTED_EDGE ( 'NONE', *, *, #66, .T. ) ;
#66 = EDGE_CURVE ( 'NONE', #150, #116, #952, .T. ) ;
#67 = ORIENTED_EDGE ( 'NONE', *, *, #118, .T. ) ;
#68 = ORIENTED_EDGE ( 'NONE', *, *, #69, .T. ) ;
#69 = EDGE_CURVE ( 'NONE', #119, #70, #948, .T. ) ;
#70 = VERTEX_POINT ( 'NONE', #944 ) ;
#71 = ORIENTED_EDGE ( 'NONE', *, *, #72, .F. ) ;
#72 = EDGE_CURVE ( 'NONE', #73, #70, #1008, .T. ) ;
#73 = VERTEX_POINT ( 'NONE', #1003 ) ;
#74 = ORIENTED_EDGE ( 'NONE', *, *, #75, .F. ) ;
#75 = EDGE_CURVE ( 'NONE', #76, #73, #1002, .T. ) ;
#76 = VERTEX_POINT ( 'NONE', #998 ) ;
#77 = ORIENTED_EDGE ( 'NONE', *, *, #78, .F. ) ;
#78 = EDGE_CURVE ( 'NONE', #79, #76, #997, .T. ) ;
#79 = VERTEX_POINT ( 'NONE', #992 ) ;
#80 = ORIENTED_EDGE ( 'NONE', *, *, #81, .F. ) ;
#81 = EDGE_CURVE ( 'NONE', #151, #79, #991, .T. ) ;
#82 = ADVANCED_FACE ( 'NONE', ( #987 ), #985, .T. ) ;
#83 = EDGE_LOOP ( 'NONE', ( #84, #88, #91, #94, #97, #100, #102, #103 ) ) ;
#84 = ORIENTED_EDGE ( 'NONE', *, *, #85, .F. ) ;
#85 = EDGE_CURVE ( 'NONE', #86, #87, #980, .T. ) ;
#86 = VERTEX_POINT ( 'NONE', #976 ) ;
#87 = VERTEX_POINT ( 'NONE', #975 ) ;
#88 = ORIENTED_EDGE ( 'NONE', *, *, #89, .F. ) ;
#89 = EDGE_CURVE ( 'NONE', #90, #86, #1041, .T. ) ;
#90 = VERTEX_POINT ( 'NONE', #1037 ) ;
#91 = ORIENTED_EDGE ( 'NONE', *, *, #92, .F. ) ;
#92 = EDGE_CURVE ( 'NONE', #93, #90, #1036, .T. ) ;
#93 = VERTEX_POINT ( 'NONE', #1031 ) ;
#94 = ORIENTED_EDGE ( 'NONE', *, *, #95, .F. ) ;
#95 = EDGE_CURVE ( 'NONE', #96, #93, #1030, .T. ) ;
#96 = VERTEX_POINT ( 'NONE', #1026 ) ;
#97 = ORIENTED_EDGE ( 'NONE', *, *, #98, .F. ) ;
#98 = EDGE_CURVE ( 'NONE', #99, #96, #1025, .T. ) ;
#99 = VERTEX_POINT ( 'NONE', #1020 ) ;
#100 = ORIENTED_EDGE ( 'NONE', *, *, #101, .T. ) ;
#101 = EDGE_CURVE ( 'NONE', #99, #125, #1019, .T. ) ;
#102 = ORIENTED_EDGE ( 'NONE', *, *, #124, .T. ) ;
#103 = ORIENTED_EDGE ( 'NONE', *, *, #105, .T. ) ;
#104 = EDGE_LOOP ( 'NONE', ( #107, #25 ) ) ;
#105 = EDGE_CURVE ( 'NONE', #122, #87, #1015, .T. ) ;
#106 = ADVANCED_FACE ( 'NONE', ( #1011, #1010 ), #1009, .T. ) ;
#107 = ORIENTED_EDGE ( 'NONE', *, *, #108, .F. ) ;
#108 = EDGE_CURVE ( 'NONE', #605, #602, #1070, .T. ) ;
#109 = ORIENTED_EDGE ( 'NONE', *, *, #110, .F. ) ;
#110 = EDGE_CURVE ( 'NONE', #111, #190, #1065, .T. ) ;
#111 = VERTEX_POINT ( 'NONE', #1061 ) ;
#112 = ORIENTED_EDGE ( 'NONE', *, *, #113, .T. ) ;
#113 = EDGE_CURVE ( 'NONE', #111, #664, #1059, .T. ) ;
#114 = ADVANCED_FACE ( 'NONE', ( #1060, #1054 ), #1053, .T. ) ;
#115 = EDGE_LOOP ( 'NONE', ( #117, #120, #123, #126 ) ) ;
#116 = VERTEX_POINT ( 'NONE', #1048 ) ;
#117 = ORIENTED_EDGE ( 'NONE', *, *, #118, .F. ) ;
#118 = EDGE_CURVE ( 'NONE', #116, #119, #1047, .T. ) ;
#119 = VERTEX_POINT ( 'NONE', #1042 ) ;
#120 = ORIENTED_EDGE ( 'NONE', *, *, #121, .F. ) ;
#121 = EDGE_CURVE ( 'NONE', #122, #116, #1107, .T. ) ;
#122 = VERTEX_POINT ( 'NONE', #1103 ) ;
#123 = ORIENTED_EDGE ( 'NONE', *, *, #124, .F. ) ;
#124 = EDGE_CURVE ( 'NONE', #125, #122, #1102, .T. ) ;
#125 = VERTEX_POINT ( 'NONE', #1097 ) ;
#126 = ORIENTED_EDGE ( 'NONE', *, *, #127, .F. ) ;
#127 = EDGE_CURVE ( 'NONE', #119, #125, #1096, .T. ) ;
#128 = EDGE_LOOP ( 'NONE', ( #129, #130, #133, #136, #139, #142, #144 ) ) ;
#129 = ORIENTED_EDGE ( 'NONE', *, *, #672, .T. ) ;
#130 = ORIENTED_EDGE ( 'NONE', *, *, #131, .T. ) ;
#131 = EDGE_CURVE ( 'NONE', #668, #132, #1092, .T. ) ;
#132 = VERTEX_POINT ( 'NONE', #1087 ) ;
#133 = ORIENTED_EDGE ( 'NONE', *, *, #134, .T. ) ;
#134 = EDGE_CURVE ( 'NONE', #132, #135, #1086, .T. ) ;
#135 = VERTEX_POINT ( 'NONE', #1081 ) ;
#136 = ORIENTED_EDGE ( 'NONE', *, *, #137, .T. ) ;
#137 = EDGE_CURVE ( 'NONE', #135, #138, #1079, .T. ) ;
#138 = VERTEX_POINT ( 'NONE', #1140 ) ;
#139 = ORIENTED_EDGE ( 'NONE', *, *, #140, .T. ) ;
#140 = EDGE_CURVE ( 'NONE', #138, #141, #1139, .T. ) ;
#141 = VERTEX_POINT ( 'NONE', #1134 ) ;
#142 = ORIENTED_EDGE ( 'NONE', *, *, #143, .T. ) ;
#143 = EDGE_CURVE ( 'NONE', #141, #708, #1133, .T. ) ;
#144 = ORIENTED_EDGE ( 'NONE', *, *, #145, .T. ) ;
#145 = EDGE_CURVE ( 'NONE', #708, #669, #1128, .T. ) ;
#146 = ADVANCED_FACE ( 'NONE', ( #1123 ), #1122, .T. ) ;
#147 = EDGE_LOOP ( 'NONE', ( #148, #65, #67, #68, #71, #74, #77, #80 ) ) ;
#148 = ORIENTED_EDGE ( 'NONE', *, *, #149, .F. ) ;
#149 = EDGE_CURVE ( 'NONE', #150, #151, #1116, .T. ) ;
#150 = VERTEX_POINT ( 'NONE', #1112 ) ;
#151 = VERTEX_POINT ( 'NONE', #1111 ) ;
#152 = ADVANCED_FACE ( 'NONE', ( #1110 ), #1197, .T. ) ;
#153 = EDGE_LOOP ( 'NONE', ( #154, #155, #157 ) ) ;
#154 = ORIENTED_EDGE ( 'NONE', *, *, #143, .F. ) ;
#155 = ORIENTED_EDGE ( 'NONE', *, *, #156, .F. ) ;
#156 = EDGE_CURVE ( 'NONE', #765, #141, #1191, .T. ) ;
#157 = ORIENTED_EDGE ( 'NONE', *, *, #764, .F. ) ;
#158 = ADVANCED_FACE ( 'NONE', ( #1192 ), #1189, .T. ) ;
#159 = EDGE_LOOP ( 'NONE', ( #160, #163, #164 ) ) ;
#160 = ORIENTED_EDGE ( 'NONE', *, *, #161, .F. ) ;
#161 = EDGE_CURVE ( 'NONE', #138, #162, #1173, .T. ) ;
#162 = VERTEX_POINT ( 'NONE', #1172 ) ;
#163 = ORIENTED_EDGE ( 'NONE', *, *, #137, .F. ) ;
#164 = ORIENTED_EDGE ( 'NONE', *, *, #165, .F. ) ;
#165 = EDGE_CURVE ( 'NONE', #162, #135, #1219, .T. ) ;
#166 = ADVANCED_FACE ( 'NONE', ( #1218 ), #1232, .T. ) ;
#167 = EDGE_LOOP ( 'NONE', ( #168, #171, #173 ) ) ;
#168 = ORIENTED_EDGE ( 'NONE', *, *, #169, .F. ) ;
#169 = EDGE_CURVE ( 'NONE', #135, #170, #1199, .T. ) ;
#170 = VERTEX_POINT ( 'NONE', #1198 ) ;
#171 = ORIENTED_EDGE ( 'NONE', *, *, #134, .F. ) ;
#172 = EDGE_LOOP ( 'NONE', ( #176, #178, #179, #181 ) ) ;
#173 = ORIENTED_EDGE ( 'NONE', *, *, #174, .F. ) ;
#174 = EDGE_CURVE ( 'NONE', #170, #132, #1254, .T. ) ;
#175 = ADVANCED_FACE ( 'NONE', ( #1267 ), #1253, .T. ) ;
#176 = ORIENTED_EDGE ( 'NONE', *, *, #177, .F. ) ;
#177 = EDGE_CURVE ( 'NONE', #208, #406, #1236, .T. ) ;
#178 = ORIENTED_EDGE ( 'NONE', *, *, #207, .T. ) ;
#179 = ORIENTED_EDGE ( 'NONE', *, *, #180, .F. ) ;
#180 = EDGE_CURVE ( 'NONE', #411, #209, #1299, .T. ) ;
#181 = ORIENTED_EDGE ( 'NONE', *, *, #410, .T. ) ;
#182 = ADVANCED_FACE ( 'NONE', ( #1295 ), #1294, .T. ) ;
#183 = EDGE_LOOP ( 'NONE', ( #184, #233, #232, #231, #260 ) ) ;
#184 = ORIENTED_EDGE ( 'NONE', *, *, #841, .T. ) ;
#185 = ORIENTED_EDGE ( 'NONE', *, *, #186, .F. ) ;
#186 = EDGE_CURVE ( 'NONE', #187, #31, #1289, .T. ) ;
#187 = VERTEX_POINT ( 'NONE', #1285 ) ;
#188 = ORIENTED_EDGE ( 'NONE', *, *, #189, .T. ) ;
#189 = EDGE_CURVE ( 'NONE', #187, #190, #1284, .T. ) ;
#190 = VERTEX_POINT ( 'NONE', #1279 ) ;
#191 = ADVANCED_FACE ( 'NONE', ( #1278 ), #1277, .T. ) ;
#192 = EDGE_LOOP ( 'NONE', ( #193, #194, #196, #197 ) ) ;
#193 = ORIENTED_EDGE ( 'NONE', *, *, #75, .T. ) ;
#194 = ORIENTED_EDGE ( 'NONE', *, *, #195, .T. ) ;
#195 = EDGE_CURVE ( 'NONE', #73, #96, #1272, .T. ) ;
#196 = ORIENTED_EDGE ( 'NONE', *, *, #95, .T. ) ;
#197 = ORIENTED_EDGE ( 'NONE', *, *, #1147, .F. ) ;
#198 = ADVANCED_FACE ( 'NONE', ( #1268 ), #1326, .T. ) ;
#199 = EDGE_LOOP ( 'NONE', ( #200, #201, #202, #203 ) ) ;
#200 = ORIENTED_EDGE ( 'NONE', *, *, #72, .T. ) ;
#201 = ORIENTED_EDGE ( 'NONE', *, *, #1166, .T. ) ;
#202 = ORIENTED_EDGE ( 'NONE', *, *, #98, .T. ) ;
#203 = ORIENTED_EDGE ( 'NONE', *, *, #195, .F. ) ;
#204 = ADVANCED_FACE ( 'NONE', ( #1320 ), #1319, .T. ) ;
#205 = EDGE_LOOP ( 'NONE', ( #206, #210, #212, #213 ) ) ;
#206 = ORIENTED_EDGE ( 'NONE', *, *, #207, .F. ) ;
#207 = EDGE_CURVE ( 'NONE', #208, #209, #1314, .T. ) ;
#208 = VERTEX_POINT ( 'NONE', #1313 ) ;
#209 = VERTEX_POINT ( 'NONE', #1312 ) ;
#210 = ORIENTED_EDGE ( 'NONE', *, *, #211, .F. ) ;
#211 = EDGE_CURVE ( 'NONE', #141, #208, #1305, .T. ) ;
#212 = ORIENTED_EDGE ( 'NONE', *, *, #140, .F. ) ;
#213 = ORIENTED_EDGE ( 'NONE', *, *, #214, .F. ) ;
#214 = EDGE_CURVE ( 'NONE', #209, #138, #1350, .T. ) ;
#215 = ADVANCED_FACE ( 'NONE', ( #1304 ), #1303, .T. ) ;
#216 = EDGE_LOOP ( 'NONE', ( #217, #218, #221, #223 ) ) ;
#217 = ORIENTED_EDGE ( 'NONE', *, *, #654, .F. ) ;
#218 = ORIENTED_EDGE ( 'NONE', *, *, #219, .F. ) ;
#219 = EDGE_CURVE ( 'NONE', #220, #647, #1335, .T. ) ;
#220 = VERTEX_POINT ( 'NONE', #1334 ) ;
#221 = ORIENTED_EDGE ( 'NONE', *, *, #222, .F. ) ;
#222 = EDGE_CURVE ( 'NONE', #132, #220, #1391, .T. ) ;
#223 = ORIENTED_EDGE ( 'NONE', *, *, #131, .F. ) ;
#224 = ADVANCED_FACE ( 'NONE', ( #1390 ), #1333, .T. ) ;
#225 = EDGE_LOOP ( 'NONE', ( #226, #227, #228 ) ) ;
#226 = ORIENTED_EDGE ( 'NONE', *, *, #145, .F. ) ;
#227 = ORIENTED_EDGE ( 'NONE', *, *, #645, .F. ) ;
#228 = ORIENTED_EDGE ( 'NONE', *, *, #229, .F. ) ;
#229 = EDGE_CURVE ( 'NONE', #669, #712, #1375, .T. ) ;
#230 = ORIENTED_EDGE ( 'NONE', *, *, #312, .F. ) ;
#231 = ORIENTED_EDGE ( 'NONE', *, *, #177, .T. ) ;
#232 = ORIENTED_EDGE ( 'NONE', *, *, #211, .T. ) ;
#233 = ORIENTED_EDGE ( 'NONE', *, *, #156, .T. ) ;
#234 = ORIENTED_EDGE ( 'NONE', *, *, #661, .T. ) ;
#235 = ORIENTED_EDGE ( 'NONE', *, *, #236, .T. ) ;
#236 = EDGE_CURVE ( 'NONE', #258, #259, #1374, .T. ) ;
#237 = ORIENTED_EDGE ( 'NONE', *, *, #238, .T. ) ;
#238 = EDGE_CURVE ( 'NONE', #259, #1161, #1370, .T. ) ;
#239 = ADVANCED_FACE ( 'NONE', ( #1423 ), #1421, .T. ) ;
#240 = EDGE_LOOP ( 'NONE', ( #267, #268, #1559, #280 ) ) ;
#241 = ORIENTED_EDGE ( 'NONE', *, *, #601, .F. ) ;
#242 = ORIENTED_EDGE ( 'NONE', *, *, #243, .F. ) ;
#243 = EDGE_CURVE ( 'NONE', #681, #610, #1416, .T. ) ;
#244 = ORIENTED_EDGE ( 'NONE', *, *, #677, .T. ) ;
#245 = ORIENTED_EDGE ( 'NONE', *, *, #108, .T. ) ;
#246 = ADVANCED_FACE ( 'NONE', ( #1412 ), #1411, .T. ) ;
#247 = ORIENTED_EDGE ( 'NONE', *, *, #308, .T. ) ;
#248 = ORIENTED_EDGE ( 'NONE', *, *, #229, .T. ) ;
#249 = ADVANCED_FACE ( 'NONE', ( #1406 ), #1405, .T. ) ;
#250 = EDGE_LOOP ( 'NONE', ( #251, #252 ) ) ;
#251 = ORIENTED_EDGE ( 'NONE', *, *, #243, .T. ) ;
#252 = ORIENTED_EDGE ( 'NONE', *, *, #612, .T. ) ;
#253 = ADVANCED_FACE ( 'NONE', ( #1400 ), #1398, .F. ) ;
#254 = EDGE_LOOP ( 'NONE', ( #255, #256, #235, #237 ) ) ;
#255 = ORIENTED_EDGE ( 'NONE', *, *, #1163, .F. ) ;
#256 = ORIENTED_EDGE ( 'NONE', *, *, #257, .F. ) ;
#257 = EDGE_CURVE ( 'NONE', #258, #262, #1455, .T. ) ;
#258 = VERTEX_POINT ( 'NONE', #1451 ) ;
#259 = VERTEX_POINT ( 'NONE', #1450 ) ;
#260 = ORIENTED_EDGE ( 'NONE', *, *, #407, .T. ) ;
#261 = ADVANCED_FACE ( 'NONE', ( #1449 ), #1448, .T. ) ;
#262 = VERTEX_POINT ( 'NONE', #1443 ) ;
#263 = ORIENTED_EDGE ( 'NONE', *, *, #46, .T. ) ;
#264 = EDGE_LOOP ( 'NONE', ( #247, #234, #248, #266, #265 ) ) ;
#265 = ORIENTED_EDGE ( 'NONE', *, *, #856, .T. ) ;
#266 = ORIENTED_EDGE ( 'NONE', *, *, #643, .F. ) ;
#267 = ORIENTED_EDGE ( 'NONE', *, *, #236, .F. ) ;
#268 = ORIENTED_EDGE ( 'NONE', *, *, #269, .F. ) ;
#269 = EDGE_CURVE ( 'NONE', #24, #258, #1442, .T. ) ;
#270 = ORIENTED_EDGE ( 'NONE', *, *, #110, .T. ) ;
#271 = ORIENTED_EDGE ( 'NONE', *, *, #272, .F. ) ;
#272 = EDGE_CURVE ( 'NONE', #348, #190, #1437, .T. ) ;
#273 = ADVANCED_FACE ( 'NONE', ( #1433 ), #1432, .T. ) ;
#274 = EDGE_LOOP ( 'NONE', ( #275, #276, #335, #337, #340, #342 ) ) ;
#275 = ORIENTED_EDGE ( 'NONE', *, *, #189, .F. ) ;
#276 = ORIENTED_EDGE ( 'NONE', *, *, #330, .T. ) ;
#277 = VERTEX_POINT ( 'NONE', #1427 ) ;
#278 = EDGE_LOOP ( 'NONE', ( #303, #290, #304, #285 ) ) ;
#279 = EDGE_CURVE ( 'NONE', #288, #259, #1490, .T. ) ;
#280 = ORIENTED_EDGE ( 'NONE', *, *, #279, .T. ) ;
#281 = ORIENTED_EDGE ( 'NONE', *, *, #35, .T. ) ;
#282 = EDGE_LOOP ( 'NONE', ( #281, #298, #296, #294, #293, #291 ) ) ;
#283 = EDGE_CURVE ( 'NONE', #24, #288, #1485, .T. ) ;
#284 = EDGE_CURVE ( 'NONE', #286, #288, #1481, .T. ) ;
#285 = ORIENTED_EDGE ( 'NONE', *, *, #284, .T. ) ;
#286 = VERTEX_POINT ( 'NONE', #1477 ) ;
#287 = EDGE_CURVE ( 'NONE', #305, #286, #1476, .T. ) ;
#288 = VERTEX_POINT ( 'NONE', #1472 ) ;
#289 = EDGE_CURVE ( 'NONE', #305, #24, #1471, .T. ) ;
#290 = ORIENTED_EDGE ( 'NONE', *, *, #289, .F. ) ;
#291 = ORIENTED_EDGE ( 'NONE', *, *, #1171, .T. ) ;
#292 = EDGE_LOOP ( 'NONE', ( #307, #319, #306, #302, #301, #300 ) ) ;
#293 = ORIENTED_EDGE ( 'NONE', *, *, #257, .T. ) ;
#294 = ORIENTED_EDGE ( 'NONE', *, *, #269, .T. ) ;
#295 = ADVANCED_FACE ( 'NONE', ( #1467 ), #1466, .F. ) ;
#296 = ORIENTED_EDGE ( 'NONE', *, *, #289, .T. ) ;
#297 = EDGE_CURVE ( 'NONE', #305, #33, #1461, .T. ) ;
#298 = ORIENTED_EDGE ( 'NONE', *, *, #297, .F. ) ;
#299 = EDGE_CURVE ( 'NONE', #286, #399, #1457, .T. ) ;
#300 = ORIENTED_EDGE ( 'NONE', *, *, #299, .T. ) ;
#301 = ORIENTED_EDGE ( 'NONE', *, *, #284, .F. ) ;
#302 = ORIENTED_EDGE ( 'NONE', *, *, #279, .F. ) ;
#303 = ORIENTED_EDGE ( 'NONE', *, *, #283, .F. ) ;
#304 = ORIENTED_EDGE ( 'NONE', *, *, #287, .T. ) ;
#305 = VERTEX_POINT ( 'NONE', #1521 ) ;
#306 = ORIENTED_EDGE ( 'NONE', *, *, #238, .F. ) ;
#307 = ORIENTED_EDGE ( 'NONE', *, *, #398, .F. ) ;
#308 = EDGE_CURVE ( 'NONE', #852, #667, #1520, .T. ) ;
#309 = ORIENTED_EDGE ( 'NONE', *, *, #308, .F. ) ;
#310 = ORIENTED_EDGE ( 'NONE', *, *, #649, .T. ) ;
#311 = ORIENTED_EDGE ( 'NONE', *, *, #219, .T. ) ;
#312 = EDGE_CURVE ( 'NONE', #220, #43, #1516, .T. ) ;
#313 = ORIENTED_EDGE ( 'NONE', *, *, #616, .F. ) ;
#314 = EDGE_LOOP ( 'NONE', ( #315, #316 ) ) ;
#315 = ORIENTED_EDGE ( 'NONE', *, *, #28, .T. ) ;
#316 = ORIENTED_EDGE ( 'NONE', *, *, #651, .T. ) ;
#317 = ADVANCED_FACE ( 'NONE', ( #1512 ), #1511, .F. ) ;
#318 = ADVANCED_FACE ( 'NONE', ( #1506 ), #1505, .T. ) ;
#319 = ORIENTED_EDGE ( 'NONE', *, *, #1164, .F. ) ;
#320 = ADVANCED_FACE ( 'NONE', ( #1500 ), #1499, .F. ) ;
#321 = EDGE_LOOP ( 'NONE', ( #322, #323, #326, #329 ) ) ;
#322 = ORIENTED_EDGE ( 'NONE', *, *, #186, .T. ) ;
#323 = ORIENTED_EDGE ( 'NONE', *, *, #324, .F. ) ;
#324 = EDGE_CURVE ( 'NONE', #325, #31, #1494, .T. ) ;
#325 = VERTEX_POINT ( 'NONE', #1556 ) ;
#326 = ORIENTED_EDGE ( 'NONE', *, *, #327, .F. ) ;
#327 = EDGE_CURVE ( 'NONE', #328, #325, #1555, .T. ) ;
#328 = VERTEX_POINT ( 'NONE', #1551 ) ;
#329 = ORIENTED_EDGE ( 'NONE', *, *, #330, .F. ) ;
#330 = EDGE_CURVE ( 'NONE', #187, #328, #1550, .T. ) ;
#331 = ADVANCED_FACE ( 'NONE', ( #1546 ), #1545, .F. ) ;
#332 = EDGE_LOOP ( 'NONE', ( #333, #350, #270, #271 ) ) ;
#333 = ORIENTED_EDGE ( 'NONE', *, *, #334, .T. ) ;
#334 = EDGE_CURVE ( 'NONE', #348, #349, #1540, .T. ) ;
#335 = ORIENTED_EDGE ( 'NONE', *, *, #336, .T. ) ;
#336 = EDGE_CURVE ( 'NONE', #328, #277, #1536, .T. ) ;
#337 = ORIENTED_EDGE ( 'NONE', *, *, #338, .T. ) ;
#338 = EDGE_CURVE ( 'NONE', #277, #339, #1532, .T. ) ;
#339 = VERTEX_POINT ( 'NONE', #1528 ) ;
#340 = ORIENTED_EDGE ( 'NONE', *, *, #341, .T. ) ;
#341 = EDGE_CURVE ( 'NONE', #339, #348, #1527, .T. ) ;
#342 = ORIENTED_EDGE ( 'NONE', *, *, #272, .T. ) ;
#343 = ADVANCED_FACE ( 'NONE', ( #1588 ), #1587, .F. ) ;
#344 = EDGE_LOOP ( 'NONE', ( #345, #346, #381, #380, #382 ) ) ;
#345 = ORIENTED_EDGE ( 'NONE', *, *, #52, .T. ) ;
#346 = ORIENTED_EDGE ( 'NONE', *, *, #347, .F. ) ;
#347 = EDGE_CURVE ( 'NONE', #277, #64, #1582, .T. ) ;
#348 = VERTEX_POINT ( 'NONE', #1578 ) ;
#349 = VERTEX_POINT ( 'NONE', #1577 ) ;
#350 = ORIENTED_EDGE ( 'NONE', *, *, #351, .F. ) ;
#351 = EDGE_CURVE ( 'NONE', #111, #349, #1576, .T. ) ;
#352 = ORIENTED_EDGE ( 'NONE', *, *, #297, .T. ) ;
#353 = ORIENTED_EDGE ( 'NONE', *, *, #354, .F. ) ;
#354 = EDGE_CURVE ( 'NONE', #399, #33, #1572, .T. ) ;
#355 = ORIENTED_EDGE ( 'NONE', *, *, #299, .F. ) ;
#356 = EDGE_LOOP ( 'NONE', ( #416, #417, #419, #420 ) ) ;
#357 = ORIENTED_EDGE ( 'NONE', *, *, #358, .F. ) ;
#358 = EDGE_CURVE ( 'NONE', #339, #60, #1568, .T. ) ;
#359 = ORIENTED_EDGE ( 'NONE', *, *, #338, .F. ) ;
#360 = ORIENTED_EDGE ( 'NONE', *, *, #347, .T. ) ;
#361 = ADVANCED_FACE ( 'NONE', ( #1564 ), #1563, .F. ) ;
#362 = EDGE_LOOP ( 'NONE', ( #363, #364, #366, #367, #368 ) ) ;
#363 = ORIENTED_EDGE ( 'NONE', *, *, #62, .T. ) ;
#364 = ORIENTED_EDGE ( 'NONE', *, *, #365, .F. ) ;
#365 = EDGE_CURVE ( 'NONE', #349, #405, #1557, .T. ) ;
#366 = ORIENTED_EDGE ( 'NONE', *, *, #334, .F. ) ;
#367 = ORIENTED_EDGE ( 'NONE', *, *, #341, .F. ) ;
#368 = ORIENTED_EDGE ( 'NONE', *, *, #358, .T. ) ;
#369 = ADVANCED_FACE ( 'NONE', ( #1621 ), #1620, .T. ) ;
#370 = EDGE_LOOP ( 'NONE', ( #371, #372, #373, #376, #379, #427, #428, #429 ) ) ;
#371 = ORIENTED_EDGE ( 'NONE', *, *, #113, .F. ) ;
#372 = ORIENTED_EDGE ( 'NONE', *, *, #351, .T. ) ;
#373 = ORIENTED_EDGE ( 'NONE', *, *, #374, .T. ) ;
#374 = EDGE_CURVE ( 'NONE', #349, #375, #1615, .T. ) ;
#375 = VERTEX_POINT ( 'NONE', #1611 ) ;
#376 = ORIENTED_EDGE ( 'NONE', *, *, #377, .T. ) ;
#377 = EDGE_CURVE ( 'NONE', #375, #378, #1610, .T. ) ;
#378 = VERTEX_POINT ( 'NONE', #1606 ) ;
#379 = ORIENTED_EDGE ( 'NONE', *, *, #426, .T. ) ;
#380 = ORIENTED_EDGE ( 'NONE', *, *, #327, .T. ) ;
#381 = ORIENTED_EDGE ( 'NONE', *, *, #336, .F. ) ;
#382 = ORIENTED_EDGE ( 'NONE', *, *, #383, .T. ) ;
#383 = EDGE_CURVE ( 'NONE', #325, #53, #1605, .T. ) ;
#384 = ADVANCED_FACE ( 'NONE', ( #1601 ), #1600, .F. ) ;
#385 = EDGE_LOOP ( 'NONE', ( #386, #357, #359, #360 ) ) ;
#386 = ORIENTED_EDGE ( 'NONE', *, *, #63, .T. ) ;
#387 = ADVANCED_FACE ( 'NONE', ( #1595, #1594 ), #1593, .T. ) ;
#388 = EDGE_LOOP ( 'NONE', ( #389, #313 ) ) ;
#389 = ORIENTED_EDGE ( 'NONE', *, *, #390, .F. ) ;
#390 = EDGE_CURVE ( 'NONE', #614, #621, #1655, .T. ) ;
#391 = ORIENTED_EDGE ( 'NONE', *, *, #465, .T. ) ;
#392 = ADVANCED_FACE ( 'NONE', ( #1650 ), #1649, .F. ) ;
#393 = EDGE_LOOP ( 'NONE', ( #449, #450, #452, #453 ) ) ;
#394 = ORIENTED_EDGE ( 'NONE', *, *, #395, .F. ) ;
#395 = EDGE_CURVE ( 'NONE', #396, #414, #1644, .T. ) ;
#396 = VERTEX_POINT ( 'NONE', #1640 ) ;
#397 = ORIENTED_EDGE ( 'NONE', *, *, #398, .T. ) ;
#398 = EDGE_CURVE ( 'NONE', #396, #399, #1639, .T. ) ;
#399 = VERTEX_POINT ( 'NONE', #1635 ) ;
#400 = ORIENTED_EDGE ( 'NONE', *, *, #401, .F. ) ;
#401 = EDGE_CURVE ( 'NONE', #402, #399, #1634, .T. ) ;
#402 = VERTEX_POINT ( 'NONE', #1630 ) ;
#403 = ORIENTED_EDGE ( 'NONE', *, *, #404, .F. ) ;
#404 = EDGE_CURVE ( 'NONE', #405, #402, #1629, .T. ) ;
#405 = VERTEX_POINT ( 'NONE', #1625 ) ;
#406 = VERTEX_POINT ( 'NONE', #1689 ) ;
#407 = EDGE_CURVE ( 'NONE', #406, #711, #1688, .T. ) ;
#408 = ORIENTED_EDGE ( 'NONE', *, *, #407, .F. ) ;
#409 = ORIENTED_EDGE ( 'NONE', *, *, #410, .F. ) ;
#410 = EDGE_CURVE ( 'NONE', #411, #406, #1684, .T. ) ;
#411 = VERTEX_POINT ( 'NONE', #1680 ) ;
#412 = ORIENTED_EDGE ( 'NONE', *, *, #413, .F. ) ;
#413 = EDGE_CURVE ( 'NONE', #414, #411, #1679, .T. ) ;
#414 = VERTEX_POINT ( 'NONE', #1675 ) ;
#415 = ADVANCED_FACE ( 'NONE', ( #1674 ), #1673, .F. ) ;
#416 = ORIENTED_EDGE ( 'NONE', *, *, #404, .T. ) ;
#417 = ORIENTED_EDGE ( 'NONE', *, *, #418, .F. ) ;
#418 = EDGE_CURVE ( 'NONE', #375, #402, #1668, .T. ) ;
#419 = ORIENTED_EDGE ( 'NONE', *, *, #374, .F. ) ;
#420 = ORIENTED_EDGE ( 'NONE', *, *, #365, .T. ) ;
#421 = ADVANCED_FACE ( 'NONE', ( #1664 ), #1663, .F. ) ;
#422 = EDGE_LOOP ( 'NONE', ( #423, #424, #425, #464, #466, #467 ) ) ;
#423 = ORIENTED_EDGE ( 'NONE', *, *, #401, .T. ) ;
#424 = ORIENTED_EDGE ( 'NONE', *, *, #354, .T. ) ;
#425 = ORIENTED_EDGE ( 'NONE', *, *, #32, .T. ) ;
#426 = EDGE_CURVE ( 'NONE', #378, #325, #1657, .T. ) ;
#427 = ORIENTED_EDGE ( 'NONE', *, *, #324, .T. ) ;
#428 = ORIENTED_EDGE ( 'NONE', *, *, #30, .F. ) ;
#429 = ORIENTED_EDGE ( 'NONE', *, *, #659, .F. ) ;
#430 = ADVANCED_FACE ( 'NONE', ( #1722 ), #1721, .F. ) ;
#431 = EDGE_LOOP ( 'NONE', ( #432, #352, #353, #355 ) ) ;
#432 = ORIENTED_EDGE ( 'NONE', *, *, #287, .F. ) ;
#433 = VERTEX_POINT ( 'NONE', #1716 ) ;
#434 = ORIENTED_EDGE ( 'NONE', *, *, #487, .T. ) ;
#435 = EDGE_LOOP ( 'NONE', ( #489, #490, #491, #494 ) ) ;
#436 = EDGE_CURVE ( 'NONE', #437, #462, #1715, .T. ) ;
#437 = VERTEX_POINT ( 'NONE', #1711 ) ;
#438 = ORIENTED_EDGE ( 'NONE', *, *, #439, .F. ) ;
#439 = EDGE_CURVE ( 'NONE', #459, #437, #1710, .T. ) ;
#440 = EDGE_LOOP ( 'NONE', ( #441, #442 ) ) ;
#441 = ORIENTED_EDGE ( 'NONE', *, *, #451, .T. ) ;
#442 = ORIENTED_EDGE ( 'NONE', *, *, #618, .T. ) ;
#443 = ADVANCED_FACE ( 'NONE', ( #1706 ), #1705, .F. ) ;
#444 = EDGE_LOOP ( 'NONE', ( #445, #446, #500, #503 ) ) ;
#445 = ORIENTED_EDGE ( 'NONE', *, *, #457, .T. ) ;
#446 = ORIENTED_EDGE ( 'NONE', *, *, #447, .F. ) ;
#447 = EDGE_CURVE ( 'NONE', #448, #459, #1700, .T. ) ;
#448 = VERTEX_POINT ( 'NONE', #1696 ) ;
#449 = ORIENTED_EDGE ( 'NONE', *, *, #613, .F. ) ;
#450 = ORIENTED_EDGE ( 'NONE', *, *, #451, .F. ) ;
#451 = EDGE_CURVE ( 'NONE', #619, #623, #1694, .T. ) ;
#452 = ORIENTED_EDGE ( 'NONE', *, *, #607, .T. ) ;
#453 = ORIENTED_EDGE ( 'NONE', *, *, #390, .T. ) ;
#454 = ADVANCED_FACE ( 'NONE', ( #1695, #1755 ), #1754, .T. ) ;
#455 = EDGE_LOOP ( 'NONE', ( #456, #460, #463, #438 ) ) ;
#456 = ORIENTED_EDGE ( 'NONE', *, *, #457, .F. ) ;
#457 = EDGE_CURVE ( 'NONE', #458, #459, #1749, .T. ) ;
#458 = VERTEX_POINT ( 'NONE', #1745 ) ;
#459 = VERTEX_POINT ( 'NONE', #1744 ) ;
#460 = ORIENTED_EDGE ( 'NONE', *, *, #461, .F. ) ;
#461 = EDGE_CURVE ( 'NONE', #462, #458, #1743, .T. ) ;
#462 = VERTEX_POINT ( 'NONE', #1739 ) ;
#463 = ORIENTED_EDGE ( 'NONE', *, *, #436, .F. ) ;
#464 = ORIENTED_EDGE ( 'NONE', *, *, #465, .F. ) ;
#465 = EDGE_CURVE ( 'NONE', #378, #36, #1738, .T. ) ;
#466 = ORIENTED_EDGE ( 'NONE', *, *, #377, .F. ) ;
#467 = ORIENTED_EDGE ( 'NONE', *, *, #418, .T. ) ;
#468 = ADVANCED_FACE ( 'NONE', ( #1734 ), #1733, .F. ) ;
#469 = EDGE_LOOP ( 'NONE', ( #470, #471, #472, #391 ) ) ;
#470 = ORIENTED_EDGE ( 'NONE', *, *, #51, .T. ) ;
#471 = ORIENTED_EDGE ( 'NONE', *, *, #383, .F. ) ;
#472 = ORIENTED_EDGE ( 'NONE', *, *, #426, .F. ) ;
#473 = ADVANCED_FACE ( 'NONE', ( #1728 ), #1727, .F. ) ;
#474 = EDGE_LOOP ( 'NONE', ( #527, #528, #529, #532 ) ) ;
#475 = ORIENTED_EDGE ( 'NONE', *, *, #476, .F. ) ;
#476 = EDGE_CURVE ( 'NONE', #448, #493, #1789, .T. ) ;
#477 = ORIENTED_EDGE ( 'NONE', *, *, #447, .T. ) ;
#478 = ADVANCED_FACE ( 'NONE', ( #1785 ), #1784, .T. ) ;
#479 = EDGE_LOOP ( 'NONE', ( #480, #481, #482, #483 ) ) ;
#480 = ORIENTED_EDGE ( 'NONE', *, *, #501, .T. ) ;
#481 = ORIENTED_EDGE ( 'NONE', *, *, #476, .T. ) ;
#482 = ORIENTED_EDGE ( 'NONE', *, *, #492, .T. ) ;
#483 = ORIENTED_EDGE ( 'NONE', *, *, #510, .T. ) ;
#484 = ADVANCED_FACE ( 'NONE', ( #1779 ), #1778, .F. ) ;
#485 = EDGE_LOOP ( 'NONE', ( #486, #541, #544, #546, #547, #550 ) ) ;
#486 = ORIENTED_EDGE ( 'NONE', *, *, #718, .T. ) ;
#487 = EDGE_CURVE ( 'NONE', #433, #462, #1773, .T. ) ;
#488 = ADVANCED_FACE ( 'NONE', ( #1769 ), #1768, .F. ) ;
#489 = ORIENTED_EDGE ( 'NONE', *, *, #436, .T. ) ;
#490 = ORIENTED_EDGE ( 'NONE', *, *, #487, .F. ) ;
#491 = ORIENTED_EDGE ( 'NONE', *, *, #492, .F. ) ;
#492 = EDGE_CURVE ( 'NONE', #493, #433, #1763, .T. ) ;
#493 = VERTEX_POINT ( 'NONE', #1759 ) ;
#494 = ORIENTED_EDGE ( 'NONE', *, *, #495, .T. ) ;
#495 = EDGE_CURVE ( 'NONE', #493, #437, #1758, .T. ) ;
#496 = ADVANCED_FACE ( 'NONE', ( #1819 ), #1818, .F. ) ;
#497 = EDGE_LOOP ( 'NONE', ( #498, #499, #475, #477 ) ) ;
#498 = ORIENTED_EDGE ( 'NONE', *, *, #439, .T. ) ;
#499 = ORIENTED_EDGE ( 'NONE', *, *, #495, .F. ) ;
#500 = ORIENTED_EDGE ( 'NONE', *, *, #501, .F. ) ;
#501 = EDGE_CURVE ( 'NONE', #502, #448, #1813, .T. ) ;
#502 = VERTEX_POINT ( 'NONE', #1809 ) ;
#503 = ORIENTED_EDGE ( 'NONE', *, *, #504, .T. ) ;
#504 = EDGE_CURVE ( 'NONE', #502, #458, #1808, .T. ) ;
#505 = ADVANCED_FACE ( 'NONE', ( #1804 ), #1803, .F. ) ;
#506 = EDGE_LOOP ( 'NONE', ( #507, #508, #509, #434 ) ) ;
#507 = ORIENTED_EDGE ( 'NONE', *, *, #461, .T. ) ;
#508 = ORIENTED_EDGE ( 'NONE', *, *, #504, .F. ) ;
#509 = ORIENTED_EDGE ( 'NONE', *, *, #510, .F. ) ;
#510 = EDGE_CURVE ( 'NONE', #433, #502, #1798, .T. ) ;
#511 = ORIENTED_EDGE ( 'NONE', *, *, #714, .T. ) ;
#512 = EDGE_LOOP ( 'NONE', ( #513, #514 ) ) ;
#513 = ORIENTED_EDGE ( 'NONE', *, *, #595, .F. ) ;
#514 = ORIENTED_EDGE ( 'NONE', *, *, #564, .F. ) ;
#515 = ORIENTED_EDGE ( 'NONE', *, *, #516, .F. ) ;
#516 = EDGE_CURVE ( 'NONE', #531, #571, #1794, .T. ) ;
#517 = ORIENTED_EDGE ( 'NONE', *, *, #530, .T. ) ;
#518 = ORIENTED_EDGE ( 'NONE', *, *, #849, .F. ) ;
#519 = ADVANCED_FACE ( 'NONE', ( #1790 ), #1855, .T. ) ;
#520 = EDGE_LOOP ( 'NONE', ( #521, #523 ) ) ;
#521 = ORIENTED_EDGE ( 'NONE', *, *, #522, .T. ) ;
#522 = EDGE_CURVE ( 'NONE', #638, #633, #1850, .T. ) ;
#523 = ORIENTED_EDGE ( 'NONE', *, *, #637, .T. ) ;
#524 = ADVANCED_FACE ( 'NONE', ( #1845 ), #1844, .T. ) ;
#525 = EDGE_LOOP ( 'NONE', ( #526, #592, #593, #594 ) ) ;
#526 = ORIENTED_EDGE ( 'NONE', *, *, #626, .F. ) ;
#527 = ORIENTED_EDGE ( 'NONE', *, *, #548, .T. ) ;
#528 = ORIENTED_EDGE ( 'NONE', *, *, #855, .F. ) ;
#529 = ORIENTED_EDGE ( 'NONE', *, *, #530, .F. ) ;
#530 = EDGE_CURVE ( 'NONE', #531, #850, #1839, .T. ) ;
#531 = VERTEX_POINT ( 'NONE', #1835 ) ;
#532 = ORIENTED_EDGE ( 'NONE', *, *, #533, .F. ) ;
#533 = EDGE_CURVE ( 'NONE', #549, #531, #1834, .T. ) ;
#534 = ADVANCED_FACE ( 'NONE', ( #1830 ), #1829, .F. ) ;
#535 = EDGE_LOOP ( 'NONE', ( #536, #539, #55, #515, #517, #518 ) ) ;
#536 = ORIENTED_EDGE ( 'NONE', *, *, #537, .F. ) ;
#537 = EDGE_CURVE ( 'NONE', #538, #858, #1824, .T. ) ;
#538 = VERTEX_POINT ( 'NONE', #1884 ) ;
#539 = ORIENTED_EDGE ( 'NONE', *, *, #540, .T. ) ;
#540 = EDGE_CURVE ( 'NONE', #538, #646, #1883, .T. ) ;
#541 = ORIENTED_EDGE ( 'NONE', *, *, #542, .F. ) ;
#542 = EDGE_CURVE ( 'NONE', #543, #722, #1879, .T. ) ;
#543 = VERTEX_POINT ( 'NONE', #1875 ) ;
#544 = ORIENTED_EDGE ( 'NONE', *, *, #545, .F. ) ;
#545 = EDGE_CURVE ( 'NONE', #836, #543, #1874, .T. ) ;
#546 = ORIENTED_EDGE ( 'NONE', *, *, #834, .F. ) ;
#547 = ORIENTED_EDGE ( 'NONE', *, *, #548, .F. ) ;
#548 = EDGE_CURVE ( 'NONE', #549, #837, #1870, .T. ) ;
#549 = VERTEX_POINT ( 'NONE', #1866 ) ;
#550 = ORIENTED_EDGE ( 'NONE', *, *, #551, .F. ) ;
#551 = EDGE_CURVE ( 'NONE', #713, #549, #1865, .T. ) ;
#552 = ORIENTED_EDGE ( 'NONE', *, *, #1154, .F. ) ;
#553 = ORIENTED_EDGE ( 'NONE', *, *, #413, .T. ) ;
#554 = ORIENTED_EDGE ( 'NONE', *, *, #161, .T. ) ;
#555 = ORIENTED_EDGE ( 'NONE', *, *, #214, .T. ) ;
#556 = ORIENTED_EDGE ( 'NONE', *, *, #222, .T. ) ;
#557 = ORIENTED_EDGE ( 'NONE', *, *, #312, .T. ) ;
#558 = EDGE_LOOP ( 'NONE', ( #559, #555, #554, #552, #553 ) ) ;
#559 = ORIENTED_EDGE ( 'NONE', *, *, #180, .T. ) ;
#560 = ORIENTED_EDGE ( 'NONE', *, *, #42, .T. ) ;
#561 = ADVANCED_FACE ( 'NONE', ( #1861 ), #1860, .T. ) ;
#562 = MANIFOLD_SOLID_BREP ( 'NONE', #579 ) ;
#563 = ORIENTED_EDGE ( 'NONE', *, *, #564, .T. ) ;
#564 = EDGE_CURVE ( 'NONE', #635, #627, #1918, .T. ) ;
#565 = ORIENTED_EDGE ( 'NONE', *, *, #694, .F. ) ;
#566 = EDGE_LOOP ( 'NONE', ( #632, #630, #631, #628 ) ) ;
#567 = ORIENTED_EDGE ( 'NONE', *, *, #788, .F. ) ;
#568 = ADVANCED_FACE ( 'NONE', ( #1913 ), #1912, .F. ) ;
#569 = ORIENTED_EDGE ( 'NONE', *, *, #835, .T. ) ;
#570 = EDGE_LOOP ( 'NONE', ( #574, #567, #565, #569 ) ) ;
#571 = VERTEX_POINT ( 'NONE', #1907 ) ;
#572 = ADVANCED_FACE ( 'NONE', ( #1906 ), #1905, .F. ) ;
#573 = ORIENTED_EDGE ( 'NONE', *, *, #764, .T. ) ;
#574 = ORIENTED_EDGE ( 'NONE', *, *, #687, .T. ) ;
#575 = EDGE_CURVE ( 'NONE', #571, #646, #1900, .T. ) ;
#576 = ORIENTED_EDGE ( 'NONE', *, *, #768, .T. ) ;
#577 = ORIENTED_EDGE ( 'NONE', *, *, #691, .F. ) ;
#578 = ORIENTED_EDGE ( 'NONE', *, *, #585, .T. ) ;
#579 = CLOSED_SHELL ( 'NONE', ( #1153, #261, #215, #246, #853, #166, #158, #561, #317, #253, #318, #114, #678, #1155, #175, #709, #182, #384, #415, #421, #468, #361, #343, #204, #430, #239, #295, #82, #224, #152, #21, #146, #1144, #534, #587, #473, #484, #273, #369, #331, #320, #7, #15, #191, #198, #106, #596, #656, #580, #47, #658, #608, #2124, #639, #524, #387, #249, #519, #622, #392, #454, #505, #443, #488, #496, #478 ) ) ;
#580 = ADVANCED_FACE ( 'NONE', ( #1896 ), #1895, .F. ) ;
#581 = EDGE_LOOP ( 'NONE', ( #582, #583, #584, #586 ) ) ;
#582 = ORIENTED_EDGE ( 'NONE', *, *, #719, .T. ) ;
#583 = ORIENTED_EDGE ( 'NONE', *, *, #540, .F. ) ;
#584 = ORIENTED_EDGE ( 'NONE', *, *, #585, .F. ) ;
#585 = EDGE_CURVE ( 'NONE', #543, #538, #1890, .T. ) ;
#586 = ORIENTED_EDGE ( 'NONE', *, *, #542, .T. ) ;
#587 = ADVANCED_FACE ( 'NONE', ( #1886 ), #1885, .F. ) ;
#588 = EDGE_LOOP ( 'NONE', ( #589, #590, #591, #578 ) ) ;
#589 = ORIENTED_EDGE ( 'NONE', *, *, #537, .T. ) ;
#590 = ORIENTED_EDGE ( 'NONE', *, *, #847, .T. ) ;
#591 = ORIENTED_EDGE ( 'NONE', *, *, #545, .T. ) ;
#592 = ORIENTED_EDGE ( 'NONE', *, *, #522, .F. ) ;
#593 = ORIENTED_EDGE ( 'NONE', *, *, #625, .T. ) ;
#594 = ORIENTED_EDGE ( 'NONE', *, *, #595, .T. ) ;
#595 = EDGE_CURVE ( 'NONE', #627, #635, #1949, .T. ) ;
#596 = ADVANCED_FACE ( 'NONE', ( #1944, #1943 ), #1942, .F. ) ;
#597 = EDGE_LOOP ( 'NONE', ( #598, #599, #1158, #511 ) ) ;
#598 = ORIENTED_EDGE ( 'NONE', *, *, #551, .T. ) ;
#599 = ORIENTED_EDGE ( 'NONE', *, *, #533, .T. ) ;
#600 = ORIENTED_EDGE ( 'NONE', *, *, #601, .T. ) ;
#601 = EDGE_CURVE ( 'NONE', #610, #602, #1937, .T. ) ;
#602 = VERTEX_POINT ( 'NONE', #1933 ) ;
#603 = ORIENTED_EDGE ( 'NONE', *, *, #604, .T. ) ;
#604 = EDGE_CURVE ( 'NONE', #602, #605, #1932, .T. ) ;
#605 = VERTEX_POINT ( 'NONE', #1927 ) ;
#606 = ORIENTED_EDGE ( 'NONE', *, *, #607, .F. ) ;
#607 = EDGE_CURVE ( 'NONE', #619, #614, #1926, .T. ) ;
#608 = ADVANCED_FACE ( 'NONE', ( #1922 ), #1919, .F. ) ;
#609 = EDGE_LOOP ( 'NONE', ( #611, #600, #603, #676 ) ) ;
#610 = VERTEX_POINT ( 'NONE', #1983 ) ;
#611 = ORIENTED_EDGE ( 'NONE', *, *, #612, .F. ) ;
#612 = EDGE_CURVE ( 'NONE', #610, #681, #1982, .T. ) ;
#613 = EDGE_CURVE ( 'NONE', #623, #621, #1977, .T. ) ;
#614 = VERTEX_POINT ( 'NONE', #1973 ) ;
#615 = ORIENTED_EDGE ( 'NONE', *, *, #616, .T. ) ;
#616 = EDGE_CURVE ( 'NONE', #621, #614, #1972, .T. ) ;
#617 = ORIENTED_EDGE ( 'NONE', *, *, #618, .F. ) ;
#618 = EDGE_CURVE ( 'NONE', #623, #619, #1967, .T. ) ;
#619 = VERTEX_POINT ( 'NONE', #1962 ) ;
#620 = ORIENTED_EDGE ( 'NONE', *, *, #613, .T. ) ;
#621 = VERTEX_POINT ( 'NONE', #1961 ) ;
#622 = ADVANCED_FACE ( 'NONE', ( #1960 ), #1957, .F. ) ;
#623 = VERTEX_POINT ( 'NONE', #1958 ) ;
#624 = ORIENTED_EDGE ( 'NONE', *, *, #625, .F. ) ;
#625 = EDGE_CURVE ( 'NONE', #638, #627, #2014, .T. ) ;
#626 = EDGE_CURVE ( 'NONE', #633, #635, #2010, .T. ) ;
#627 = VERTEX_POINT ( 'NONE', #2006 ) ;
#628 = ORIENTED_EDGE ( 'NONE', *, *, #785, .F. ) ;
#629 = EDGE_LOOP ( 'NONE', ( #636, #634, #563, #624 ) ) ;
#630 = ORIENTED_EDGE ( 'NONE', *, *, #698, .T. ) ;
#631 = ORIENTED_EDGE ( 'NONE', *, *, #726, .T. ) ;
#632 = ORIENTED_EDGE ( 'NONE', *, *, #801, .F. ) ;
#633 = VERTEX_POINT ( 'NONE', #2005 ) ;
#634 = ORIENTED_EDGE ( 'NONE', *, *, #626, .T. ) ;
#635 = VERTEX_POINT ( 'NONE', #2004 ) ;
#636 = ORIENTED_EDGE ( 'NONE', *, *, #637, .F. ) ;
#637 = EDGE_CURVE ( 'NONE', #633, #638, #2003, .T. ) ;
#638 = VERTEX_POINT ( 'NONE', #1998 ) ;
#639 = ADVANCED_FACE ( 'NONE', ( #1997 ), #1996, .T. ) ;
#640 = CLOSED_SHELL ( 'NONE', ( #799, #699, #783, #727, #794, #572, #778, #568, #743, #771 ) ) ;
#641 = EDGE_CURVE ( 'NONE', #711, #717, #1995, .T. ) ;
#642 = ORIENTED_EDGE ( 'NONE', *, *, #643, .T. ) ;
#643 = EDGE_CURVE ( 'NONE', #717, #712, #1987, .T. ) ;
#644 = ORIENTED_EDGE ( 'NONE', *, *, #645, .T. ) ;
#645 = EDGE_CURVE ( 'NONE', #712, #708, #2043, .T. ) ;
#646 = VERTEX_POINT ( 'NONE', #2045 ) ;
#647 = VERTEX_POINT ( 'NONE', #2044 ) ;
#648 = ORIENTED_EDGE ( 'NONE', *, *, #575, .T. ) ;
#649 = EDGE_CURVE ( 'NONE', #647, #667, #2042, .T. ) ;
#650 = ORIENTED_EDGE ( 'NONE', *, *, #651, .F. ) ;
#651 = EDGE_CURVE ( 'NONE', #652, #671, #2027, .T. ) ;
#652 = VERTEX_POINT ( 'NONE', #2017 ) ;
#653 = ORIENTED_EDGE ( 'NONE', *, *, #654, .T. ) ;
#654 = EDGE_CURVE ( 'NONE', #647, #668, #2016, .T. ) ;
#655 = EDGE_CURVE ( 'NONE', #671, #666, #2071, .T. ) ;
#656 = ADVANCED_FACE ( 'NONE', ( #2067 ), #2066, .F. ) ;
#657 = EDGE_LOOP ( 'NONE', ( #648, #715, #720, #716 ) ) ;
#658 = ADVANCED_FACE ( 'NONE', ( #2061 ), #2060, .T. ) ;
#659 = EDGE_CURVE ( 'NONE', #664, #666, #2059, .T. ) ;
#660 = ORIENTED_EDGE ( 'NONE', *, *, #655, .F. ) ;
#661 = EDGE_CURVE ( 'NONE', #667, #669, #2050, .T. ) ;
#662 = ORIENTED_EDGE ( 'NONE', *, *, #663, .T. ) ;
#663 = EDGE_CURVE ( 'NONE', #652, #664, #2049, .T. ) ;
#664 = VERTEX_POINT ( 'NONE', #2101 ) ;
#665 = ORIENTED_EDGE ( 'NONE', *, *, #659, .T. ) ;
#666 = VERTEX_POINT ( 'NONE', #2100 ) ;
#667 = VERTEX_POINT ( 'NONE', #2099 ) ;
#668 = VERTEX_POINT ( 'NONE', #2098 ) ;
#669 = VERTEX_POINT ( 'NONE', #2097 ) ;
#670 = ORIENTED_EDGE ( 'NONE', *, *, #672, .F. ) ;
#671 = VERTEX_POINT ( 'NONE', #2096 ) ;
#672 = EDGE_CURVE ( 'NONE', #669, #668, #2095, .T. ) ;
#673 = ORIENTED_EDGE ( 'NONE', *, *, #661, .F. ) ;
#674 = EDGE_LOOP ( 'NONE', ( #650, #662, #665, #660 ) ) ;
#675 = EDGE_LOOP ( 'NONE', ( #617, #620, #615, #606 ) ) ;
#676 = ORIENTED_EDGE ( 'NONE', *, *, #677, .F. ) ;
#677 = EDGE_CURVE ( 'NONE', #681, #605, #2090, .T. ) ;
#678 = ADVANCED_FACE ( 'NONE', ( #2086 ), #2084, .T. ) ;
#679 = EDGE_LOOP ( 'NONE', ( #680, #653, #670, #673 ) ) ;
#680 = ORIENTED_EDGE ( 'NONE', *, *, #649, .F. ) ;
#681 = VERTEX_POINT ( 'NONE', #2080 ) ;
#682 = EDGE_LOOP ( 'NONE', ( #683, #786 ) ) ;
#683 = ORIENTED_EDGE ( 'NONE', *, *, #723, .T. ) ;
#684 = EDGE_CURVE ( 'NONE', #702, #685, #2079, .T. ) ;
#685 = VERTEX_POINT ( 'NONE', #2075 ) ;
#686 = ORIENTED_EDGE ( 'NONE', *, *, #687, .F. ) ;
#687 = EDGE_CURVE ( 'NONE', #752, #702, #2145, .T. ) ;
#688 = EDGE_CURVE ( 'NONE', #736, #689, #2141, .T. ) ;
#689 = VERTEX_POINT ( 'NONE', #2137 ) ;
#690 = ORIENTED_EDGE ( 'NONE', *, *, #691, .T. ) ;
#691 = EDGE_CURVE ( 'NONE', #689, #692, #2136, .T. ) ;
#692 = VERTEX_POINT ( 'NONE', #2132 ) ;
#693 = ORIENTED_EDGE ( 'NONE', *, *, #694, .T. ) ;
#694 = EDGE_CURVE ( 'NONE', #692, #731, #2131, .T. ) ;
#695 = EDGE_LOOP ( 'NONE', ( #696, #697 ) ) ;
#696 = ORIENTED_EDGE ( 'NONE', *, *, #747, .F. ) ;
#697 = ORIENTED_EDGE ( 'NONE', *, *, #698, .F. ) ;
#698 = EDGE_CURVE ( 'NONE', #749, #748, #2127, .T. ) ;
#699 = ADVANCED_FACE ( 'NONE', ( #2121, #2120 ), #2119, .F. ) ;
#700 = EDGE_LOOP ( 'NONE', ( #701, #686, #753, #756, #759, #762 ) ) ;
#701 = ORIENTED_EDGE ( 'NONE', *, *, #684, .F. ) ;
#702 = VERTEX_POINT ( 'NONE', #2114 ) ;
#703 = ADVANCED_FACE ( 'NONE', ( #2113 ), #2112, .F. ) ;
#704 = EDGE_LOOP ( 'NONE', ( #706, #707, #740, #741 ) ) ;
#705 = ORIENTED_EDGE ( 'NONE', *, *, #823, .T. ) ;
#706 = ORIENTED_EDGE ( 'NONE', *, *, #806, .F. ) ;
#707 = ORIENTED_EDGE ( 'NONE', *, *, #819, .T. ) ;
#708 = VERTEX_POINT ( 'NONE', #2178 ) ;
#709 = ADVANCED_FACE ( 'NONE', ( #2173, #2172 ), #2171, .T. ) ;
#710 = ORIENTED_EDGE ( 'NONE', *, *, #641, .T. ) ;
#711 = VERTEX_POINT ( 'NONE', #2166 ) ;
#712 = VERTEX_POINT ( 'NONE', #2165 ) ;
#713 = VERTEX_POINT ( 'NONE', #2164 ) ;
#714 = EDGE_CURVE ( 'NONE', #571, #713, #2163, .T. ) ;
#715 = ORIENTED_EDGE ( 'NONE', *, *, #719, .F. ) ;
#716 = ORIENTED_EDGE ( 'NONE', *, *, #714, .F. ) ;
#717 = VERTEX_POINT ( 'NONE', #2159 ) ;
#718 = EDGE_CURVE ( 'NONE', #713, #722, #2158, .T. ) ;
#719 = EDGE_CURVE ( 'NONE', #722, #646, #2154, .T. ) ;
#720 = ORIENTED_EDGE ( 'NONE', *, *, #718, .F. ) ;
#721 = EDGE_LOOP ( 'NONE', ( #710, #642, #644, #573, #839 ) ) ;
#722 = VERTEX_POINT ( 'NONE', #2150 ) ;
#723 = EDGE_CURVE ( 'NONE', #724, #751, #2149, .T. ) ;
#724 = VERTEX_POINT ( 'NONE', #2212 ) ;
#725 = ORIENTED_EDGE ( 'NONE', *, *, #726, .F. ) ;
#726 = EDGE_CURVE ( 'NONE', #748, #724, #2211, .T. ) ;
#727 = ADVANCED_FACE ( 'NONE', ( #2207, #2206 ), #2205, .T. ) ;
#728 = EDGE_LOOP ( 'NONE', ( #729, #733, #737, #739, #690, #693 ) ) ;
#729 = ORIENTED_EDGE ( 'NONE', *, *, #730, .T. ) ;
#730 = EDGE_CURVE ( 'NONE', #731, #732, #2200, .T. ) ;
#731 = VERTEX_POINT ( 'NONE', #2196 ) ;
#732 = VERTEX_POINT ( 'NONE', #2195 ) ;
#733 = ORIENTED_EDGE ( 'NONE', *, *, #734, .T. ) ;
#734 = EDGE_CURVE ( 'NONE', #732, #735, #2194, .T. ) ;
#735 = VERTEX_POINT ( 'NONE', #2190 ) ;
#736 = VERTEX_POINT ( 'NONE', #2189 ) ;
#737 = ORIENTED_EDGE ( 'NONE', *, *, #738, .T. ) ;
#738 = EDGE_CURVE ( 'NONE', #735, #736, #2188, .T. ) ;
#739 = ORIENTED_EDGE ( 'NONE', *, *, #688, .T. ) ;
#740 = ORIENTED_EDGE ( 'NONE', *, *, #864, .T. ) ;
#741 = ORIENTED_EDGE ( 'NONE', *, *, #828, .F. ) ;
#742 = MANIFOLD_SOLID_BREP ( 'NONE', #640 ) ;
#743 = ADVANCED_FACE ( 'NONE', ( #2184 ), #2183, .F. ) ;
#744 = CLOSED_SHELL ( 'NONE', ( #703, #811, #877, #820, #865, #829 ) ) ;
#745 = EDGE_LOOP ( 'NONE', ( #746, #750, #802, #725 ) ) ;
#746 = ORIENTED_EDGE ( 'NONE', *, *, #747, .T. ) ;
#747 = EDGE_CURVE ( 'NONE', #748, #749, #2241, .T. ) ;
#748 = VERTEX_POINT ( 'NONE', #2236 ) ;
#749 = VERTEX_POINT ( 'NONE', #2235 ) ;
#750 = ORIENTED_EDGE ( 'NONE', *, *, #801, .T. ) ;
#751 = VERTEX_POINT ( 'NONE', #2234 ) ;
#752 = VERTEX_POINT ( 'NONE', #2233 ) ;
#753 = ORIENTED_EDGE ( 'NONE', *, *, #754, .F. ) ;
#754 = EDGE_CURVE ( 'NONE', #755, #752, #2232, .T. ) ;
#755 = VERTEX_POINT ( 'NONE', #2228 ) ;
#756 = ORIENTED_EDGE ( 'NONE', *, *, #757, .F. ) ;
#757 = EDGE_CURVE ( 'NONE', #758, #755, #2227, .T. ) ;
#758 = VERTEX_POINT ( 'NONE', #2223 ) ;
#759 = ORIENTED_EDGE ( 'NONE', *, *, #760, .F. ) ;
#760 = EDGE_CURVE ( 'NONE', #761, #758, #2222, .T. ) ;
#761 = VERTEX_POINT ( 'NONE', #2218 ) ;
#762 = ORIENTED_EDGE ( 'NONE', *, *, #763, .F. ) ;
#763 = EDGE_CURVE ( 'NONE', #685, #761, #2217, .T. ) ;
#764 = EDGE_CURVE ( 'NONE', #708, #765, #2275, .T. ) ;
#765 = VERTEX_POINT ( 'NONE', #2276 ) ;
#766 = ORIENTED_EDGE ( 'NONE', *, *, #757, .T. ) ;
#767 = ORIENTED_EDGE ( 'NONE', *, *, #768, .F. ) ;
#768 = EDGE_CURVE ( 'NONE', #689, #755, #2274, .T. ) ;
#769 = ORIENTED_EDGE ( 'NONE', *, *, #688, .F. ) ;
#770 = ORIENTED_EDGE ( 'NONE', *, *, #775, .T. ) ;
#771 = ADVANCED_FACE ( 'NONE', ( #2258 ), #2257, .F. ) ;
#772 = EDGE_LOOP ( 'NONE', ( #773, #774, #577, #576 ) ) ;
#773 = ORIENTED_EDGE ( 'NONE', *, *, #754, .T. ) ;
#774 = ORIENTED_EDGE ( 'NONE', *, *, #835, .F. ) ;
#775 = EDGE_CURVE ( 'NONE', #736, #758, #2252, .T. ) ;
#776 = ORIENTED_EDGE ( 'NONE', *, *, #738, .F. ) ;
#777 = ORIENTED_EDGE ( 'NONE', *, *, #782, .T. ) ;
#778 = ADVANCED_FACE ( 'NONE', ( #2248 ), #2247, .F. ) ;
#779 = EDGE_LOOP ( 'NONE', ( #766, #767, #769, #770 ) ) ;
#780 = ORIENTED_EDGE ( 'NONE', *, *, #763, .T. ) ;
#781 = ORIENTED_EDGE ( 'NONE', *, *, #782, .F. ) ;
#782 = EDGE_CURVE ( 'NONE', #735, #761, #2242, .T. ) ;
#783 = ADVANCED_FACE ( 'NONE', ( #2307 ), #2306, .F. ) ;
#784 = ORIENTED_EDGE ( 'NONE', *, *, #730, .F. ) ;
#785 = EDGE_CURVE ( 'NONE', #751, #724, #2301, .T. ) ;
#786 = ORIENTED_EDGE ( 'NONE', *, *, #785, .T. ) ;
#787 = ORIENTED_EDGE ( 'NONE', *, *, #788, .T. ) ;
#788 = EDGE_CURVE ( 'NONE', #731, #702, #2296, .T. ) ;
#789 = EDGE_LOOP ( 'NONE', ( #780, #781, #792, #793 ) ) ;
#790 = ORIENTED_EDGE ( 'NONE', *, *, #798, .F. ) ;
#791 = ORIENTED_EDGE ( 'NONE', *, *, #684, .T. ) ;
#792 = ORIENTED_EDGE ( 'NONE', *, *, #734, .F. ) ;
#793 = ORIENTED_EDGE ( 'NONE', *, *, #798, .T. ) ;
#794 = ADVANCED_FACE ( 'NONE', ( #2292 ), #2291, .F. ) ;
#795 = EDGE_LOOP ( 'NONE', ( #796, #797, #776, #777 ) ) ;
#796 = ORIENTED_EDGE ( 'NONE', *, *, #760, .T. ) ;
#797 = ORIENTED_EDGE ( 'NONE', *, *, #775, .F. ) ;
#798 = EDGE_CURVE ( 'NONE', #732, #685, #2286, .T. ) ;
#799 = ADVANCED_FACE ( 'NONE', ( #2282 ), #2281, .F. ) ;
#800 = EDGE_LOOP ( 'NONE', ( #791, #790, #784, #787 ) ) ;
#801 = EDGE_CURVE ( 'NONE', #749, #751, #2343, .T. ) ;
#802 = ORIENTED_EDGE ( 'NONE', *, *, #723, .F. ) ;
#803 = VERTEX_POINT ( 'NONE', #2339 ) ;
#804 = VERTEX_POINT ( 'NONE', #2338 ) ;
#805 = ORIENTED_EDGE ( 'NONE', *, *, #806, .T. ) ;
#806 = EDGE_CURVE ( 'NONE', #804, #807, #2337, .T. ) ;
#807 = VERTEX_POINT ( 'NONE', #2333 ) ;
#808 = EDGE_CURVE ( 'NONE', #873, #875, #2332, .T. ) ;
#809 = ORIENTED_EDGE ( 'NONE', *, *, #810, .F. ) ;
#810 = EDGE_CURVE ( 'NONE', #870, #875, #2327, .T. ) ;
#811 = ADVANCED_FACE ( 'NONE', ( #2323, #2322 ), #2321, .T. ) ;
#812 = EDGE_LOOP ( 'NONE', ( #813, #815 ) ) ;
#813 = ORIENTED_EDGE ( 'NONE', *, *, #814, .T. ) ;
#814 = EDGE_CURVE ( 'NONE', #870, #869, #2315, .T. ) ;
#815 = ORIENTED_EDGE ( 'NONE', *, *, #868, .T. ) ;
#816 = EDGE_LOOP ( 'NONE', ( #817, #818 ) ) ;
#817 = ORIENTED_EDGE ( 'NONE', *, *, #880, .F. ) ;
#818 = ORIENTED_EDGE ( 'NONE', *, *, #819, .F. ) ;
#819 = EDGE_CURVE ( 'NONE', #804, #803, #2374, .T. ) ;
#820 = ADVANCED_FACE ( 'NONE', ( #2370, #2369 ), #2368, .F. ) ;
#821 = EDGE_LOOP ( 'NONE', ( #822, #824 ) ) ;
#822 = ORIENTED_EDGE ( 'NONE', *, *, #823, .F. ) ;
#823 = EDGE_CURVE ( 'NONE', #875, #873, #2363, .T. ) ;
#824 = ORIENTED_EDGE ( 'NONE', *, *, #808, .F. ) ;
#825 = EDGE_LOOP ( 'NONE', ( #826, #827 ) ) ;
#826 = ORIENTED_EDGE ( 'NONE', *, *, #861, .T. ) ;
#827 = ORIENTED_EDGE ( 'NONE', *, *, #828, .T. ) ;
#828 = EDGE_CURVE ( 'NONE', #807, #862, #2358, .T. ) ;
#829 = ADVANCED_FACE ( 'NONE', ( #2353 ), #2352, .T. ) ;
#830 = EDGE_LOOP ( 'NONE', ( #831, #832, #833, #705 ) ) ;
#831 = ORIENTED_EDGE ( 'NONE', *, *, #872, .F. ) ;
#832 = ORIENTED_EDGE ( 'NONE', *, *, #814, .F. ) ;
#833 = ORIENTED_EDGE ( 'NONE', *, *, #810, .T. ) ;
#834 = EDGE_CURVE ( 'NONE', #837, #836, #2351, .T. ) ;
#835 = EDGE_CURVE ( 'NONE', #692, #752, #2408, .T. ) ;
#836 = VERTEX_POINT ( 'NONE', #2404 ) ;
#837 = VERTEX_POINT ( 'NONE', #2403 ) ;
#838 = ORIENTED_EDGE ( 'NONE', *, *, #834, .T. ) ;
#839 = ORIENTED_EDGE ( 'NONE', *, *, #841, .F. ) ;
#840 = EDGE_LOOP ( 'NONE', ( #838, #857, #848, #859 ) ) ;
#841 = EDGE_CURVE ( 'NONE', #711, #765, #2402, .T. ) ;
#842 = AXIS2_PLACEMENT_3D ( 'NONE', #910, #909, #908 ) ;
#843 = VECTOR ( 'NONE', #1109, 1000.000000000000100 ) ;
#844 = PLANE ( 'NONE',  #842 ) ;
#845 = FACE_OUTER_BOUND ( 'NONE', #5, .T. ) ;
#846 = ORIENTED_EDGE ( 'NONE', *, *, #641, .F. ) ;
#847 = EDGE_CURVE ( 'NONE', #858, #836, #2398, .T. ) ;
#848 = ORIENTED_EDGE ( 'NONE', *, *, #849, .T. ) ;
#849 = EDGE_CURVE ( 'NONE', #858, #850, #2394, .T. ) ;
#850 = VERTEX_POINT ( 'NONE', #2390 ) ;
#851 = ORIENTED_EDGE ( 'NONE', *, *, #856, .F. ) ;
#852 = VERTEX_POINT ( 'NONE', #2389 ) ;
#853 = ADVANCED_FACE ( 'NONE', ( #2388 ), #2387, .F. ) ;
#854 = EDGE_LOOP ( 'NONE', ( #851, #846, #408, #409, #412, #394, #397, #400, #403, #61, #59, #58, #56, #50, #34, #38, #41, #44 ) ) ;
#855 = EDGE_CURVE ( 'NONE', #850, #837, #2382, .T. ) ;
#856 = EDGE_CURVE ( 'NONE', #717, #852, #2378, .T. ) ;
#857 = ORIENTED_EDGE ( 'NONE', *, *, #847, .F. ) ;
#858 = VERTEX_POINT ( 'NONE', #2440 ) ;
#859 = ORIENTED_EDGE ( 'NONE', *, *, #855, .T. ) ;
#860 = ORIENTED_EDGE ( 'NONE', *, *, #861, .F. ) ;
#861 = EDGE_CURVE ( 'NONE', #862, #807, #2439, .T. ) ;
#862 = VERTEX_POINT ( 'NONE', #2434 ) ;
#863 = ORIENTED_EDGE ( 'NONE', *, *, #864, .F. ) ;
#864 = EDGE_CURVE ( 'NONE', #803, #862, #2433, .T. ) ;
#865 = ADVANCED_FACE ( 'NONE', ( #2429 ), #2427, .T. ) ;
#866 = EDGE_LOOP ( 'NONE', ( #867, #871, #874, #809 ) ) ;
#867 = ORIENTED_EDGE ( 'NONE', *, *, #868, .F. ) ;
#868 = EDGE_CURVE ( 'NONE', #869, #870, #2422, .T. ) ;
#869 = VERTEX_POINT ( 'NONE', #2418 ) ;
#870 = VERTEX_POINT ( 'NONE', #2417 ) ;
#871 = ORIENTED_EDGE ( 'NONE', *, *, #872, .T. ) ;
#872 = EDGE_CURVE ( 'NONE', #869, #873, #2416, .T. ) ;
#873 = VERTEX_POINT ( 'NONE', #2412 ) ;
#874 = ORIENTED_EDGE ( 'NONE', *, *, #808, .T. ) ;
#875 = VERTEX_POINT ( 'NONE', #2411 ) ;
#876 = MANIFOLD_SOLID_BREP ( 'NONE', #744 ) ;
#877 = ADVANCED_FACE ( 'NONE', ( #2410 ), #2473, .F. ) ;
#878 = EDGE_LOOP ( 'NONE', ( #879, #805, #860, #863 ) ) ;
#879 = ORIENTED_EDGE ( 'NONE', *, *, #880, .T. ) ;
#880 = EDGE_CURVE ( 'NONE', #803, #804, #2469, .T. ) ;
#881 = CIRCLE ( 'NONE', #943, 3.600000000000000100 ) ;
#882 = DIRECTION ( 'NONE',  ( -1.000000000000000000, 0.0000000000000000000, 0.0000000000000000000 ) ) ;
#883 = DIRECTION ( 'NONE',  ( 0.0000000000000000000, 0.0000000000000000000, -1.000000000000000000 ) ) ;
#884 = CARTESIAN_POINT ( 'NONE',  ( 0.0000000000000000000, 0.7500000000000006700, -11.00000000000000000 ) ) ;
#885 = AXIS2_PLACEMENT_3D ( 'NONE', #884, #883, #882 ) ;
#886 = CIRCLE ( 'NONE', #885, 3.600000000000000100 ) ;
#887 = CARTESIAN_POINT ( 'NONE',  ( 1.999999999999999600, 5.500000000000000000, -6.800000000000000700 ) ) ;
#888 = DIRECTION ( 'NONE',  ( -1.346287081605855600E-016, 1.000000000000000000, 0.0000000000000000000 ) ) ;
#889 = DIRECTION ( 'NONE',  ( 1.000000000000000000, 1.346287081605855600E-016, 0.0000000000000000000 ) ) ;
#890 = CARTESIAN_POINT ( 'NONE',  ( -1.849999999999999200, 3.245146728940907300, 7.000000000000000000 ) ) ;
#891 = AXIS2_PLACEMENT_3D ( 'NONE', #890, #889, #888 ) ;
#892 = PLANE ( 'NONE',  #891 ) ;
#893 = FACE_OUTER_BOUND ( 'NONE', #18, .T. ) ;
#894 = DIRECTION ( 'NONE',  ( 1.346287081605855600E-016, -1.000000000000000000, 0.0000000000000000000 ) ) ;
#895 = VECTOR ( 'NONE', #894, 1000.000000000000000 ) ;
#896 = CARTESIAN_POINT ( 'NONE',  ( -1.849999999999999200, 3.245146728940907300, 0.2999999999999999300 ) ) ;
#897 = LINE ( 'NONE', #896, #895 ) ;
#898 = DIRECTION ( 'NONE',  ( 1.000000000000000000, 0.0000000000000000000, 0.0000000000000000000 ) ) ;
#899 = DIRECTION ( 'NONE',  ( 0.0000000000000000000, 0.0000000000000000000, 1.000000000000000000 ) ) ;
#900 = CARTESIAN_POINT ( 'NONE',  ( 0.0000000000000000000, 0.3899921673376659000, 0.2999999999999999300 ) ) ;
#901 = AXIS2_PLACEMENT_3D ( 'NONE', #900, #899, #898 ) ;
#902 = PLANE ( 'NONE',  #901 ) ;
#903 = FACE_OUTER_BOUND ( 'NONE', #10, .T. ) ;
#904 = DIRECTION ( 'NONE',  ( 1.164990882148870900E-016, -1.000000000000000000, 0.0000000000000000000 ) ) ;
#905 = VECTOR ( 'NONE', #904, 1000.000000000000000 ) ;
#906 = CARTESIAN_POINT ( 'NONE',  ( -1.549999999999999200, 4.130433661899070700, 0.2999999999999999300 ) ) ;
#907 = LINE ( 'NONE', #906, #905 ) ;
#908 = DIRECTION ( 'NONE',  ( 1.164990882148870900E-016, -1.000000000000000000, 0.0000000000000000000 ) ) ;
#909 = DIRECTION ( 'NONE',  ( -1.000000000000000000, -1.164990882148870900E-016, 0.0000000000000000000 ) ) ;
#910 = CARTESIAN_POINT ( 'NONE',  ( -1.549999999999999200, 4.130433661899070700, 0.2999999999999999300 ) ) ;
#911 = CYLINDRICAL_SURFACE ( 'NONE', #912, 3.600000000000000100 ) ;
#912 = AXIS2_PLACEMENT_3D ( 'NONE', #974, #973, #972 ) ;
#913 = FACE_OUTER_BOUND ( 'NONE', #45, .T. ) ;
#914 = DIRECTION ( 'NONE',  ( 0.0000000000000000000, 1.000000000000000000, 0.0000000000000000000 ) ) ;
#915 = VECTOR ( 'NONE', #914, 1000.000000000000000 ) ;
#916 = CARTESIAN_POINT ( 'NONE',  ( 7.799999999999999800, 13.99999999999994000, -7.000000000000000000 ) ) ;
#917 = LINE ( 'NONE', #916, #915 ) ;
#918 = CARTESIAN_POINT ( 'NONE',  ( 7.799999999999999800, 0.4900037009627732400, -7.000000000000000000 ) ) ;
#919 = DIRECTION ( 'NONE',  ( -0.5000000000000020000, 0.8660254037844374900, 0.0000000000000000000 ) ) ;
#920 = VECTOR ( 'NONE', #919, 999.9999999999998900 ) ;
#921 = CARTESIAN_POINT ( 'NONE',  ( 4.041451884327369900, 6.999999999999999100, -7.000000000000000000 ) ) ;
#922 = LINE ( 'NONE', #921, #920 ) ;
#923 = CARTESIAN_POINT ( 'NONE',  ( 4.041451884327369900, 6.999999999999999100, -7.000000000000000000 ) ) ;
#924 = DIRECTION ( 'NONE',  ( -1.000000000000000000, 0.0000000000000000000, 0.0000000000000000000 ) ) ;
#925 = VECTOR ( 'NONE', #924, 1000.000000000000000 ) ;
#926 = CARTESIAN_POINT ( 'NONE',  ( -4.041451884327355700, 6.999999999999999100, -7.000000000000000000 ) ) ;
#927 = LINE ( 'NONE', #926, #925 ) ;
#928 = CARTESIAN_POINT ( 'NONE',  ( 1.999999999999999600, 6.999999999999999100, -7.000000000000000000 ) ) ;
#929 = CARTESIAN_POINT ( 'NONE',  ( 3.464101615137738800, 5.999999999999999100, -7.000000000000000000 ) ) ;
#930 = DIRECTION ( 'NONE',  ( 0.0000000000000000000, -1.000000000000000000, 0.0000000000000000000 ) ) ;
#931 = VECTOR ( 'NONE', #930, 1000.000000000000000 ) ;
#932 = CARTESIAN_POINT ( 'NONE',  ( 1.999999999999999600, 6.999999999999999100, -7.000000000000000000 ) ) ;
#933 = LINE ( 'NONE', #932, #931 ) ;
#934 = CARTESIAN_POINT ( 'NONE',  ( 1.999999999999999600, 5.999999999999999100, -7.000000000000000000 ) ) ;
#935 = DIRECTION ( 'NONE',  ( 1.000000000000000000, 0.0000000000000000000, 0.0000000000000000000 ) ) ;
#936 = VECTOR ( 'NONE', #935, 1000.000000000000000 ) ;
#937 = CARTESIAN_POINT ( 'NONE',  ( 3.464101615137740200, 5.999999999999999100, -7.000000000000000000 ) ) ;
#938 = LINE ( 'NONE', #937, #936 ) ;
#939 = CARTESIAN_POINT ( 'NONE',  ( 3.521008378291650600, -1.172196387066682100E-015, -7.200000000000000200 ) ) ;
#940 = DIRECTION ( 'NONE',  ( -1.000000000000000000, 0.0000000000000000000, 0.0000000000000000000 ) ) ;
#941 = DIRECTION ( 'NONE',  ( 0.0000000000000000000, 0.0000000000000000000, -1.000000000000000000 ) ) ;
#942 = CARTESIAN_POINT ( 'NONE',  ( 0.0000000000000000000, 0.7500000000000006700, -7.200000000000000200 ) ) ;
#943 = AXIS2_PLACEMENT_3D ( 'NONE', #942, #941, #940 ) ;
#944 = CARTESIAN_POINT ( 'NONE',  ( 1.850000000000001400, -0.7599342076785295900, 0.2999999999999999300 ) ) ;
#945 = DIRECTION ( 'NONE',  ( 0.0000000000000000000, 0.0000000000000000000, 1.000000000000000000 ) ) ;
#946 = VECTOR ( 'NONE', #945, 1000.000000000000000 ) ;
#947 = CARTESIAN_POINT ( 'NONE',  ( 1.850000000000001400, -0.7599342076785295900, 7.000000000000000000 ) ) ;
#948 = LINE ( 'NONE', #947, #946 ) ;
#949 = DIRECTION ( 'NONE',  ( 0.0000000000000000000, 0.0000000000000000000, -1.000000000000000000 ) ) ;
#950 = VECTOR ( 'NONE', #949, 1000.000000000000000 ) ;
#951 = CARTESIAN_POINT ( 'NONE',  ( -1.849999999999998800, -0.7599342076785361400, 7.000000000000000000 ) ) ;
#952 = LINE ( 'NONE', #951, #950 ) ;
#953 = CARTESIAN_POINT ( 'NONE',  ( 3.464101615137742800, -5.999999999999999100, -7.000000000000000000 ) ) ;
#954 = DIRECTION ( 'NONE',  ( -1.000000000000000000, 0.0000000000000000000, 0.0000000000000000000 ) ) ;
#955 = VECTOR ( 'NONE', #954, 1000.000000000000000 ) ;
#956 = CARTESIAN_POINT ( 'NONE',  ( 3.464101615137742800, -5.999999999999999100, -7.000000000000000000 ) ) ;
#957 = LINE ( 'NONE', #956, #955 ) ;
#958 = DIRECTION ( 'NONE',  ( -0.4999999999999998900, 0.8660254037844387100, 0.0000000000000000000 ) ) ;
#959 = VECTOR ( 'NONE', #958, 1000.000000000000100 ) ;
#960 = CARTESIAN_POINT ( 'NONE',  ( -3.464101615137737500, -5.999999999999999100, -7.000000000000000000 ) ) ;
#961 = LINE ( 'NONE', #960, #959 ) ;
#962 = CARTESIAN_POINT ( 'NONE',  ( -3.464101615137737500, -5.999999999999999100, -7.000000000000000000 ) ) ;
#963 = CARTESIAN_POINT ( 'NONE',  ( 6.928203230275495500, -1.626303258728256700E-015, -7.000000000000000000 ) ) ;
#964 = DIRECTION ( 'NONE',  ( -0.4999999999999999400, -0.8660254037844386000, 0.0000000000000000000 ) ) ;
#965 = VECTOR ( 'NONE', #964, 1000.000000000000100 ) ;
#966 = CARTESIAN_POINT ( 'NONE',  ( 6.928203230275495500, -1.626303258728256700E-015, -7.000000000000000000 ) ) ;
#967 = LINE ( 'NONE', #966, #965 ) ;
#968 = DIRECTION ( 'NONE',  ( 0.5000000000000001100, -0.8660254037844386000, 0.0000000000000000000 ) ) ;
#969 = VECTOR ( 'NONE', #968, 1000.000000000000100 ) ;
#970 = CARTESIAN_POINT ( 'NONE',  ( 6.928203230275495500, -1.626303258728256700E-015, -7.000000000000000000 ) ) ;
#971 = LINE ( 'NONE', #970, #969 ) ;
#972 = DIRECTION ( 'NONE',  ( 1.000000000000000000, 0.0000000000000000000, 0.0000000000000000000 ) ) ;
#973 = DIRECTION ( 'NONE',  ( 0.0000000000000000000, 0.0000000000000000000, 1.000000000000000000 ) ) ;
#974 = CARTESIAN_POINT ( 'NONE',  ( 0.0000000000000000000, 0.7500000000000006700, -11.00000000000000000 ) ) ;
#975 = CARTESIAN_POINT ( 'NONE',  ( -1.849999999999998800, 0.7599342076785357000, 0.2999999999999999300 ) ) ;
#976 = CARTESIAN_POINT ( 'NONE',  ( -1.549999999999998700, 1.263922465976455200, 0.2999999999999999300 ) ) ;
#977 = DIRECTION ( 'NONE',  ( 1.000000000000000000, 0.0000000000000000000, 0.0000000000000000000 ) ) ;
#978 = DIRECTION ( 'NONE',  ( 0.0000000000000000000, 0.0000000000000000000, 1.000000000000000000 ) ) ;
#979 = AXIS2_PLACEMENT_3D ( 'NONE', #986, #978, #977 ) ;
#980 = CIRCLE ( 'NONE', #979, 2.000000000000000000 ) ;
#981 = DIRECTION ( 'NONE',  ( -1.000000000000000000, 0.0000000000000000000, 0.0000000000000000000 ) ) ;
#982 = DIRECTION ( 'NONE',  ( 0.0000000000000000000, 0.0000000000000000000, -1.000000000000000000 ) ) ;
#983 = CARTESIAN_POINT ( 'NONE',  ( 0.0000000000000000000, 0.0000000000000000000, 7.000000000000000000 ) ) ;
#984 = AXIS2_PLACEMENT_3D ( 'NONE', #983, #982, #981 ) ;
#985 = CYLINDRICAL_SURFACE ( 'NONE', #984, 2.000000000000000000 ) ;
#986 = CARTESIAN_POINT ( 'NONE',  ( 0.0000000000000000000, 0.0000000000000000000, 0.2999999999999999300 ) ) ;
#987 = FACE_OUTER_BOUND ( 'NONE', #83, .T. ) ;
#988 = DIRECTION ( 'NONE',  ( 0.0000000000000000000, 0.0000000000000000000, 1.000000000000000000 ) ) ;
#989 = VECTOR ( 'NONE', #988, 1000.000000000000000 ) ;
#990 = CARTESIAN_POINT ( 'NONE',  ( -1.549999999999998500, -1.263922465976455600, 7.000000000000000000 ) ) ;
#991 = LINE ( 'NONE', #990, #989 ) ;
#992 = CARTESIAN_POINT ( 'NONE',  ( -1.549999999999998500, -1.263922465976455200, 7.000000000000000000 ) ) ;
#993 = DIRECTION ( 'NONE',  ( 1.000000000000000000, 0.0000000000000000000, 0.0000000000000000000 ) ) ;
#994 = DIRECTION ( 'NONE',  ( 0.0000000000000000000, 0.0000000000000000000, 1.000000000000000000 ) ) ;
#995 = CARTESIAN_POINT ( 'NONE',  ( 0.0000000000000000000, 0.0000000000000000000, 7.000000000000000000 ) ) ;
#996 = AXIS2_PLACEMENT_3D ( 'NONE', #995, #994, #993 ) ;
#997 = CIRCLE ( 'NONE', #996, 2.000000000000000000 ) ;
#998 = CARTESIAN_POINT ( 'NONE',  ( 1.550000000000001400, -1.263922465976451600, 7.000000000000000000 ) ) ;
#999 = DIRECTION ( 'NONE',  ( 0.0000000000000000000, 0.0000000000000000000, -1.000000000000000000 ) ) ;
#1000 = VECTOR ( 'NONE', #999, 1000.000000000000000 ) ;
#1001 = CARTESIAN_POINT ( 'NONE',  ( 1.550000000000001400, -1.263922465976452100, 7.000000000000000000 ) ) ;
#1002 = LINE ( 'NONE', #1001, #1000 ) ;
#1003 = CARTESIAN_POINT ( 'NONE',  ( 1.550000000000001400, -1.263922465976451600, 0.2999999999999999300 ) ) ;
#1004 = DIRECTION ( 'NONE',  ( 1.000000000000000000, 0.0000000000000000000, 0.0000000000000000000 ) ) ;
#1005 = DIRECTION ( 'NONE',  ( 0.0000000000000000000, 0.0000000000000000000, 1.000000000000000000 ) ) ;
#1006 = CARTESIAN_POINT ( 'NONE',  ( 0.0000000000000000000, 0.0000000000000000000, 0.2999999999999999300 ) ) ;
#1007 = AXIS2_PLACEMENT_3D ( 'NONE', #1006, #1005, #1004 ) ;
#1008 = CIRCLE ( 'NONE', #1007, 2.000000000000000000 ) ;
#1009 = PLANE ( 'NONE',  #1074 ) ;
#1010 = FACE_OUTER_BOUND ( 'NONE', #26, .T. ) ;
#1011 = FACE_BOUND ( 'NONE', #104, .T. ) ;
#1012 = DIRECTION ( 'NONE',  ( 0.0000000000000000000, 0.0000000000000000000, 1.000000000000000000 ) ) ;
#1013 = VECTOR ( 'NONE', #1012, 1000.000000000000000 ) ;
#1014 = CARTESIAN_POINT ( 'NONE',  ( -1.849999999999998800, 0.7599342076785357000, 7.000000000000000000 ) ) ;
#1015 = LINE ( 'NONE', #1014, #1013 ) ;
#1016 = DIRECTION ( 'NONE',  ( 0.0000000000000000000, 0.0000000000000000000, -1.000000000000000000 ) ) ;
#1017 = VECTOR ( 'NONE', #1016, 1000.000000000000000 ) ;
#1018 = CARTESIAN_POINT ( 'NONE',  ( 1.850000000000001400, 0.7599342076785300400, 7.000000000000000000 ) ) ;
#1019 = LINE ( 'NONE', #1018, #1017 ) ;
#1020 = CARTESIAN_POINT ( 'NONE',  ( 1.850000000000001400, 0.7599342076785300400, 0.2999999999999999300 ) ) ;
#1021 = DIRECTION ( 'NONE',  ( 1.000000000000000000, 0.0000000000000000000, 0.0000000000000000000 ) ) ;
#1022 = DIRECTION ( 'NONE',  ( 0.0000000000000000000, 0.0000000000000000000, 1.000000000000000000 ) ) ;
#1023 = CARTESIAN_POINT ( 'NONE',  ( 0.0000000000000000000, 0.0000000000000000000, 0.2999999999999999300 ) ) ;
#1024 = AXIS2_PLACEMENT_3D ( 'NONE', #1023, #1022, #1021 ) ;
#1025 = CIRCLE ( 'NONE', #1024, 2.000000000000000000 ) ;
#1026 = CARTESIAN_POINT ( 'NONE',  ( 1.550000000000001200, 1.263922465976452500, 0.2999999999999999300 ) ) ;
#1027 = DIRECTION ( 'NONE',  ( 0.0000000000000000000, 0.0000000000000000000, 1.000000000000000000 ) ) ;
#1028 = VECTOR ( 'NONE', #1027, 1000.000000000000000 ) ;
#1029 = CARTESIAN_POINT ( 'NONE',  ( 1.550000000000000900, 1.263922465976452500, 7.000000000000000000 ) ) ;
#1030 = LINE ( 'NONE', #1029, #1028 ) ;
#1031 = CARTESIAN_POINT ( 'NONE',  ( 1.550000000000001200, 1.263922465976452500, 7.000000000000000000 ) ) ;
#1032 = DIRECTION ( 'NONE',  ( 1.000000000000000000, 0.0000000000000000000, 0.0000000000000000000 ) ) ;
#1033 = DIRECTION ( 'NONE',  ( 0.0000000000000000000, 0.0000000000000000000, 1.000000000000000000 ) ) ;
#1034 = CARTESIAN_POINT ( 'NONE',  ( 0.0000000000000000000, 0.0000000000000000000, 7.000000000000000000 ) ) ;
#1035 = AXIS2_PLACEMENT_3D ( 'NONE', #1034, #1033, #1032 ) ;
#1036 = CIRCLE ( 'NONE', #1035, 2.000000000000000000 ) ;
#1037 = CARTESIAN_POINT ( 'NONE',  ( -1.549999999999998700, 1.263922465976455200, 7.000000000000000000 ) ) ;
#1038 = DIRECTION ( 'NONE',  ( 0.0000000000000000000, 0.0000000000000000000, -1.000000000000000000 ) ) ;
#1039 = VECTOR ( 'NONE', #1038, 1000.000000000000000 ) ;
#1040 = CARTESIAN_POINT ( 'NONE',  ( -1.549999999999998900, 1.263922465976455200, 7.000000000000000000 ) ) ;
#1041 = LINE ( 'NONE', #1040, #1039 ) ;
#1042 = CARTESIAN_POINT ( 'NONE',  ( 1.850000000000001400, -0.7599342076785300400, 0.0000000000000000000 ) ) ;
#1043 = DIRECTION ( 'NONE',  ( 1.000000000000000000, 0.0000000000000000000, 0.0000000000000000000 ) ) ;
#1044 = DIRECTION ( 'NONE',  ( 0.0000000000000000000, 0.0000000000000000000, 1.000000000000000000 ) ) ;
#1045 = CARTESIAN_POINT ( 'NONE',  ( 0.0000000000000000000, 0.0000000000000000000, 0.0000000000000000000 ) ) ;
#1046 = AXIS2_PLACEMENT_3D ( 'NONE', #1045, #1044, #1043 ) ;
#1047 = CIRCLE ( 'NONE', #1046, 2.000000000000000000 ) ;
#1048 = CARTESIAN_POINT ( 'NONE',  ( -1.849999999999998800, -0.7599342076785357000, 0.0000000000000000000 ) ) ;
#1049 = DIRECTION ( 'NONE',  ( 1.000000000000000000, 0.0000000000000000000, 0.0000000000000000000 ) ) ;
#1050 = DIRECTION ( 'NONE',  ( 0.0000000000000000000, 0.0000000000000000000, 1.000000000000000000 ) ) ;
#1051 = CARTESIAN_POINT ( 'NONE',  ( 8.673617379884035500E-016, 13.99999999999994000, 0.0000000000000000000 ) ) ;
#1052 = AXIS2_PLACEMENT_3D ( 'NONE', #1051, #1050, #1049 ) ;
#1053 = PLANE ( 'NONE',  #1052 ) ;
#1054 = FACE_OUTER_BOUND ( 'NONE', #128, .T. ) ;
#1055 = DIRECTION ( 'NONE',  ( -1.000000000000000000, 0.0000000000000000000, 0.0000000000000000000 ) ) ;
#1056 = DIRECTION ( 'NONE',  ( 0.0000000000000000000, 0.0000000000000000000, -1.000000000000000000 ) ) ;
#1057 = CARTESIAN_POINT ( 'NONE',  ( 0.0000000000000000000, 0.7500000000000006700, -7.200000000000000200 ) ) ;
#1058 = AXIS2_PLACEMENT_3D ( 'NONE', #1057, #1056, #1055 ) ;
#1059 = CIRCLE ( 'NONE', #1058, 3.600000000000000100 ) ;
#1060 = FACE_BOUND ( 'NONE', #115, .T. ) ;
#1061 = CARTESIAN_POINT ( 'NONE',  ( -3.521008378291650600, -3.456866544130241900E-016, -7.200000000000000200 ) ) ;
#1062 = DIRECTION ( 'NONE',  ( 0.0000000000000000000, 0.0000000000000000000, -1.000000000000000000 ) ) ;
#1063 = VECTOR ( 'NONE', #1062, 1000.000000000000000 ) ;
#1064 = CARTESIAN_POINT ( 'NONE',  ( -3.521008378291650600, -3.456866544130241900E-016, -11.00000000000000000 ) ) ;
#1065 = LINE ( 'NONE', #1064, #1063 ) ;
#1066 = DIRECTION ( 'NONE',  ( 1.000000000000000000, 0.0000000000000000000, 0.0000000000000000000 ) ) ;
#1067 = DIRECTION ( 'NONE',  ( 0.0000000000000000000, 0.0000000000000000000, 1.000000000000000000 ) ) ;
#1068 = CARTESIAN_POINT ( 'NONE',  ( 0.0000000000000000000, 0.0000000000000000000, 7.000000000000000000 ) ) ;
#1069 = AXIS2_PLACEMENT_3D ( 'NONE', #1068, #1067, #1066 ) ;
#1070 = CIRCLE ( 'NONE', #1069, 1.050000000000000000 ) ;
#1071 = DIRECTION ( 'NONE',  ( 1.000000000000000000, 0.0000000000000000000, 0.0000000000000000000 ) ) ;
#1072 = DIRECTION ( 'NONE',  ( 0.0000000000000000000, 0.0000000000000000000, 1.000000000000000000 ) ) ;
#1073 = CARTESIAN_POINT ( 'NONE',  ( 0.0000000000000000000, 0.0000000000000000000, 7.000000000000000000 ) ) ;
#1074 = AXIS2_PLACEMENT_3D ( 'NONE', #1073, #1072, #1071 ) ;
#1075 = DIRECTION ( 'NONE',  ( 1.000000000000000000, 0.0000000000000000000, 0.0000000000000000000 ) ) ;
#1076 = DIRECTION ( 'NONE',  ( 0.0000000000000000000, 0.0000000000000000000, 1.000000000000000000 ) ) ;
#1077 = CARTESIAN_POINT ( 'NONE',  ( 0.0000000000000000000, 0.0000000000000000000, 0.0000000000000000000 ) ) ;
#1078 = AXIS2_PLACEMENT_3D ( 'NONE', #1077, #1076, #1075 ) ;
#1079 = CIRCLE ( 'NONE', #1078, 6.999999999999999100 ) ;
#1080 = ORIENTED_EDGE ( 'NONE', *, *, #174, .T. ) ;
#1081 = CARTESIAN_POINT ( 'NONE',  ( 0.0000000000000000000, 6.999999999999999100, 0.0000000000000000000 ) ) ;
#1082 = DIRECTION ( 'NONE',  ( 1.000000000000000000, 0.0000000000000000000, 0.0000000000000000000 ) ) ;
#1083 = DIRECTION ( 'NONE',  ( 0.0000000000000000000, 0.0000000000000000000, 1.000000000000000000 ) ) ;
#1084 = CARTESIAN_POINT ( 'NONE',  ( 0.0000000000000000000, 0.0000000000000000000, 0.0000000000000000000 ) ) ;
#1085 = AXIS2_PLACEMENT_3D ( 'NONE', #1084, #1083, #1082 ) ;
#1086 = CIRCLE ( 'NONE', #1085, 6.999999999999999100 ) ;
#1087 = CARTESIAN_POINT ( 'NONE',  ( 6.062177826491064200, 3.500000000000011500, 0.0000000000000000000 ) ) ;
#1088 = DIRECTION ( 'NONE',  ( 1.000000000000000000, 0.0000000000000000000, 0.0000000000000000000 ) ) ;
#1089 = DIRECTION ( 'NONE',  ( 0.0000000000000000000, 0.0000000000000000000, 1.000000000000000000 ) ) ;
#1090 = CARTESIAN_POINT ( 'NONE',  ( 0.0000000000000000000, 0.0000000000000000000, 0.0000000000000000000 ) ) ;
#1091 = AXIS2_PLACEMENT_3D ( 'NONE', #1090, #1089, #1088 ) ;
#1092 = CIRCLE ( 'NONE', #1091, 6.999999999999999100 ) ;
#1093 = DIRECTION ( 'NONE',  ( -1.346287081605855300E-016, 1.000000000000000000, 0.0000000000000000000 ) ) ;
#1094 = VECTOR ( 'NONE', #1093, 1000.000000000000000 ) ;
#1095 = CARTESIAN_POINT ( 'NONE',  ( 1.850000000000001000, 3.245146728940907700, 0.0000000000000000000 ) ) ;
#1096 = LINE ( 'NONE', #1095, #1094 ) ;
#1097 = CARTESIAN_POINT ( 'NONE',  ( 1.850000000000001400, 0.7599342076785300400, 0.0000000000000000000 ) ) ;
#1098 = DIRECTION ( 'NONE',  ( 1.000000000000000000, 0.0000000000000000000, 0.0000000000000000000 ) ) ;
#1099 = DIRECTION ( 'NONE',  ( 0.0000000000000000000, 0.0000000000000000000, 1.000000000000000000 ) ) ;
#1100 = CARTESIAN_POINT ( 'NONE',  ( 0.0000000000000000000, 0.0000000000000000000, 0.0000000000000000000 ) ) ;
#1101 = AXIS2_PLACEMENT_3D ( 'NONE', #1100, #1099, #1098 ) ;
#1102 = CIRCLE ( 'NONE', #1101, 2.000000000000000000 ) ;
#1103 = CARTESIAN_POINT ( 'NONE',  ( -1.849999999999998800, 0.7599342076785357000, 0.0000000000000000000 ) ) ;
#1104 = DIRECTION ( 'NONE',  ( 1.346287081605855300E-016, -1.000000000000000000, 0.0000000000000000000 ) ) ;
#1105 = VECTOR ( 'NONE', #1104, 1000.000000000000000 ) ;
#1106 = CARTESIAN_POINT ( 'NONE',  ( -1.849999999999999200, 3.245146728940907300, 0.0000000000000000000 ) ) ;
#1107 = LINE ( 'NONE', #1106, #1105 ) ;
#1108 = DIRECTION ( 'NONE',  ( 1.000000000000000000, 0.0000000000000000000, 0.0000000000000000000 ) ) ;
#1109 = DIRECTION ( 'NONE',  ( 0.5000000000000001100, -0.8660254037844386000, 0.0000000000000000000 ) ) ;
#1110 = FACE_OUTER_BOUND ( 'NONE', #153, .T. ) ;
#1111 = CARTESIAN_POINT ( 'NONE',  ( -1.549999999999998500, -1.263922465976455200, 0.2999999999999999300 ) ) ;
#1112 = CARTESIAN_POINT ( 'NONE',  ( -1.849999999999998800, -0.7599342076785357000, 0.2999999999999999300 ) ) ;
#1113 = DIRECTION ( 'NONE',  ( 1.000000000000000000, 0.0000000000000000000, 0.0000000000000000000 ) ) ;
#1114 = DIRECTION ( 'NONE',  ( 0.0000000000000000000, 0.0000000000000000000, 1.000000000000000000 ) ) ;
#1115 = AXIS2_PLACEMENT_3D ( 'NONE', #1121, #1114, #1113 ) ;
#1116 = CIRCLE ( 'NONE', #1115, 2.000000000000000000 ) ;
#1117 = DIRECTION ( 'NONE',  ( -1.000000000000000000, 0.0000000000000000000, 0.0000000000000000000 ) ) ;
#1118 = DIRECTION ( 'NONE',  ( 0.0000000000000000000, 0.0000000000000000000, -1.000000000000000000 ) ) ;
#1119 = CARTESIAN_POINT ( 'NONE',  ( 0.0000000000000000000, 0.0000000000000000000, 7.000000000000000000 ) ) ;
#1120 = AXIS2_PLACEMENT_3D ( 'NONE', #1119, #1118, #1117 ) ;
#1121 = CARTESIAN_POINT ( 'NONE',  ( 0.0000000000000000000, 0.0000000000000000000, 0.2999999999999999300 ) ) ;
#1122 = CYLINDRICAL_SURFACE ( 'NONE', #1120, 2.000000000000000000 ) ;
#1123 = FACE_OUTER_BOUND ( 'NONE', #147, .T. ) ;
#1124 = DIRECTION ( 'NONE',  ( 1.000000000000000000, 0.0000000000000000000, 0.0000000000000000000 ) ) ;
#1125 = DIRECTION ( 'NONE',  ( 0.0000000000000000000, 0.0000000000000000000, 1.000000000000000000 ) ) ;
#1126 = CARTESIAN_POINT ( 'NONE',  ( 0.0000000000000000000, 0.0000000000000000000, 0.0000000000000000000 ) ) ;
#1127 = AXIS2_PLACEMENT_3D ( 'NONE', #1126, #1125, #1124 ) ;
#1128 = CIRCLE ( 'NONE', #1127, 6.999999999999999100 ) ;
#1129 = DIRECTION ( 'NONE',  ( 1.000000000000000000, 0.0000000000000000000, 0.0000000000000000000 ) ) ;
#1130 = DIRECTION ( 'NONE',  ( 0.0000000000000000000, 0.0000000000000000000, 1.000000000000000000 ) ) ;
#1131 = CARTESIAN_POINT ( 'NONE',  ( 0.0000000000000000000, 0.0000000000000000000, 0.0000000000000000000 ) ) ;
#1132 = AXIS2_PLACEMENT_3D ( 'NONE', #1131, #1130, #1129 ) ;
#1133 = CIRCLE ( 'NONE', #1132, 6.999999999999999100 ) ;
#1134 = CARTESIAN_POINT ( 'NONE',  ( -6.062177826491073100, -3.499999999999984000, 0.0000000000000000000 ) ) ;
#1135 = DIRECTION ( 'NONE',  ( 1.000000000000000000, 0.0000000000000000000, 0.0000000000000000000 ) ) ;
#1136 = DIRECTION ( 'NONE',  ( 0.0000000000000000000, 0.0000000000000000000, 1.000000000000000000 ) ) ;
#1137 = CARTESIAN_POINT ( 'NONE',  ( 0.0000000000000000000, 0.0000000000000000000, 0.0000000000000000000 ) ) ;
#1138 = AXIS2_PLACEMENT_3D ( 'NONE', #1137, #1136, #1135 ) ;
#1139 = CIRCLE ( 'NONE', #1138, 6.999999999999999100 ) ;
#1140 = CARTESIAN_POINT ( 'NONE',  ( -6.062177826491065100, 3.500000000000009300, 0.0000000000000000000 ) ) ;
#1141 = EDGE_LOOP ( 'NONE', ( #1142, #23, #22, #20 ) ) ;
#1142 = ORIENTED_EDGE ( 'NONE', *, *, #1166, .F. ) ;
#1143 = ORIENTED_EDGE ( 'NONE', *, *, #1157, .T. ) ;
#1144 = ADVANCED_FACE ( 'NONE', ( #2464 ), #2463, .F. ) ;
#1145 = ORIENTED_EDGE ( 'NONE', *, *, #78, .T. ) ;
#1146 = ORIENTED_EDGE ( 'NONE', *, *, #1147, .T. ) ;
#1147 = EDGE_CURVE ( 'NONE', #76, #93, #2458, .T. ) ;
#1148 = EDGE_LOOP ( 'NONE', ( #241, #242, #244, #245 ) ) ;
#1149 = EDGE_CURVE ( 'NONE', #90, #79, #2454, .T. ) ;
#1150 = ORIENTED_EDGE ( 'NONE', *, *, #169, .T. ) ;
#1151 = ORIENTED_EDGE ( 'NONE', *, *, #1157, .F. ) ;
#1152 = ORIENTED_EDGE ( 'NONE', *, *, #39, .T. ) ;
#1153 = ADVANCED_FACE ( 'NONE', ( #2450 ), #2449, .T. ) ;
#1154 = EDGE_CURVE ( 'NONE', #414, #162, #2444, .T. ) ;
#1155 = ADVANCED_FACE ( 'NONE', ( #2504 ), #2503, .T. ) ;
#1156 = ORIENTED_EDGE ( 'NONE', *, *, #1154, .T. ) ;
#1157 = EDGE_CURVE ( 'NONE', #40, #170, #2498, .T. ) ;
#1158 = ORIENTED_EDGE ( 'NONE', *, *, #516, .T. ) ;
#1159 = ORIENTED_EDGE ( 'NONE', *, *, #165, .T. ) ;
#1160 = EDGE_LOOP ( 'NONE', ( #1143, #1080, #556, #557, #560 ) ) ;
#1161 = VERTEX_POINT ( 'NONE', #2494 ) ;
#1162 = ORIENTED_EDGE ( 'NONE', *, *, #1164, .T. ) ;
#1163 = EDGE_CURVE ( 'NONE', #262, #1161, #2493, .T. ) ;
#1164 = EDGE_CURVE ( 'NONE', #1161, #396, #2489, .T. ) ;
#1165 = ORIENTED_EDGE ( 'NONE', *, *, #395, .T. ) ;
#1166 = EDGE_CURVE ( 'NONE', #70, #99, #2485, .T. ) ;
#1167 = ORIENTED_EDGE ( 'NONE', *, *, #1163, .T. ) ;
#1168 = EDGE_LOOP ( 'NONE', ( #230, #311, #310, #309, #263 ) ) ;
#1169 = ORIENTED_EDGE ( 'NONE', *, *, #1171, .F. ) ;
#1170 = APPROVAL_PERSON_ORGANIZATION ( #2712, #2726, #2715 ) ;
#1171 = EDGE_CURVE ( 'NONE', #262, #37, #2481, .T. ) ;
#1172 = CARTESIAN_POINT ( 'NONE',  ( -4.041451884327345900, 7.000000000000016000, -0.5683483519688777900 ) ) ;
#1173 = B_SPLINE_CURVE_WITH_KNOTS ( 'NONE', 3,
 ( #1231, #1230, #1229, #1228, #1227, #1226, #1225, #1224, #1223, #1222, #1221, #1220 ),
 .UNSPECIFIED., .F., .F.,
 ( 4, 2, 2, 2, 2, 4 ),
 ( 0.003486501241084644800, 0.004515118713998450900, 0.005543736186912257000, 0.006572353659826064000, 0.007086662396282967000, 0.007600971132739870100 ),
 .UNSPECIFIED. ) ;
#1174 = DIRECTION ( 'NONE',  ( 1.000000000000000000, 0.0000000000000000000, 0.0000000000000000000 ) ) ;
#1175 = DIRECTION ( 'NONE',  ( 0.0000000000000000000, 0.0000000000000000000, 1.000000000000000000 ) ) ;
#1176 = CARTESIAN_POINT ( 'NONE',  ( 0.0000000000000000000, 0.0000000000000000000, -1.315830701515183300 ) ) ;
#1177 = CARTESIAN_POINT ( 'NONE',  ( -6.062177826491073100, -3.499999999999984000, 0.0000000000000000000 ) ) ;
#1178 = CARTESIAN_POINT ( 'NONE',  ( -5.890003723043880000, -3.798214294918149200, 7.264631011685712200E-016 ) ) ;
#1179 = CARTESIAN_POINT ( 'NONE',  ( -5.717848444968778300, -4.096395983335368900, 0.0007167573425541582700 ) ) ;
#1180 = CARTESIAN_POINT ( 'NONE',  ( -5.373347704868864500, -4.693088768433506500, -0.005090792940034833200 ) ) ;
#1181 = CARTESIAN_POINT ( 'NONE',  ( -5.200527635417914000, -4.992421909290136700, -0.01168992692825140100 ) ) ;
#1182 = CARTESIAN_POINT ( 'NONE',  ( -4.857155580068061700, -5.587159755055433900, -0.05701684579985607400 ) ) ;
#1183 = CARTESIAN_POINT ( 'NONE',  ( -4.686569626717984600, -5.882623293315341500, -0.09498514578794972600 ) ) ;
#1184 = CARTESIAN_POINT ( 'NONE',  ( -4.434896950544168000, -6.318533155325222400, -0.2104573185401881200 ) ) ;
#1185 = CARTESIAN_POINT ( 'NONE',  ( -4.350944698630562400, -6.463942721049412500, -0.2594492369176471000 ) ) ;
#1186 = CARTESIAN_POINT ( 'NONE',  ( -4.189642514905870900, -6.743326298632393200, -0.3874547238454222300 ) ) ;
#1187 = CARTESIAN_POINT ( 'NONE',  ( -4.112465058321209500, -6.877001574635959200, -0.4654690882797833400 ) ) ;
#1188 = CARTESIAN_POINT ( 'NONE',  ( -4.041451884327901900, -6.999999999999101200, -0.5683483519681354900 ) ) ;
#1189 = TOROIDAL_SURFACE ( 'NONE', #1190, 6.999999999999999100, 1.315830701515183800 ) ;
#1190 = AXIS2_PLACEMENT_3D ( 'NONE', #1176, #1175, #1174 ) ;
#1191 = B_SPLINE_CURVE_WITH_KNOTS ( 'NONE', 3,
 ( #1188, #1187, #1186, #1185, #1184, #1183, #1182, #1181, #1180, #1179, #1178, #1177 ),
 .UNSPECIFIED., .F., .F.,
 ( 4, 2, 2, 2, 2, 4 ),
 ( 2.812285968956473700E-007, 0.0005191157499307633300, 0.001037950271264631100, 0.002075619313932367400, 0.003113288356600103300, 0.004150957399267839500 ),
 .UNSPECIFIED. ) ;
#1192 = FACE_OUTER_BOUND ( 'NONE', #159, .T. ) ;
#1193 = DIRECTION ( 'NONE',  ( 1.000000000000000000, 0.0000000000000000000, 0.0000000000000000000 ) ) ;
#1194 = DIRECTION ( 'NONE',  ( 0.0000000000000000000, 0.0000000000000000000, 1.000000000000000000 ) ) ;
#1195 = CARTESIAN_POINT ( 'NONE',  ( 0.0000000000000000000, 0.0000000000000000000, -1.315830701515183300 ) ) ;
#1196 = AXIS2_PLACEMENT_3D ( 'NONE', #1195, #1194, #1193 ) ;
#1197 = TOROIDAL_SURFACE ( 'NONE', #1196, 6.999999999999999100, 1.315830701515183800 ) ;
#1198 = CARTESIAN_POINT ( 'NONE',  ( 4.041451884315488700, 6.999999999999999100, -0.5683483519602687800 ) ) ;
#1199 = B_SPLINE_CURVE_WITH_KNOTS ( 'NONE', 3,
 ( #1266, #1265, #1264, #1263, #1262, #1261, #1260, #1259, #1258, #1257, #1256, #1255 ),
 .UNSPECIFIED., .F., .F.,
 ( 4, 2, 2, 2, 2, 4 ),
 ( 2.523363036534471100E-018, 0.001033840694520822600, 0.002067681389041642700, 0.003101522083562462700, 0.003618442430822872500, 0.004135362778083282800 ),
 .UNSPECIFIED. ) ;
#1200 = DIRECTION ( 'NONE',  ( 1.000000000000000000, 0.0000000000000000000, 0.0000000000000000000 ) ) ;
#1201 = DIRECTION ( 'NONE',  ( 0.0000000000000000000, 0.0000000000000000000, 1.000000000000000000 ) ) ;
#1202 = CARTESIAN_POINT ( 'NONE',  ( 0.0000000000000000000, 6.999999999999999100, 0.0000000000000000000 ) ) ;
#1203 = CARTESIAN_POINT ( 'NONE',  ( -0.1706140628664099800, 7.000000000000000000, 1.290323884799857400E-013 ) ) ;
#1204 = CARTESIAN_POINT ( 'NONE',  ( -0.3442673614774259800, 6.999999999999999100, 4.558478953130137600E-005 ) ) ;
#1205 = CARTESIAN_POINT ( 'NONE',  ( -0.6885158679054765900, 6.999999999999999100, -0.0003205666261476931000 ) ) ;
#1206 = CARTESIAN_POINT ( 'NONE',  ( -0.8606295395423562100, 6.999999999999998200, -0.0007347113874301389500 ) ) ;
#1207 = CARTESIAN_POINT ( 'NONE',  ( -1.376828466263527300, 6.999999999999997300, -0.005079914095515511800 ) ) ;
#1208 = CARTESIAN_POINT ( 'NONE',  ( -1.720794639665245400, 6.999999999999999100, -0.01161134921633042100 ) ) ;
#1209 = CARTESIAN_POINT ( 'NONE',  ( -2.407258254324726700, 6.999999999999999100, -0.05674680576500502200 ) ) ;
#1210 = CARTESIAN_POINT ( 'NONE',  ( -2.752524904589506200, 6.999999999999999100, -0.09506212859139709400 ) ) ;
#1211 = CARTESIAN_POINT ( 'NONE',  ( -3.257883993746015300, 6.999999999999998200, -0.2113323942810767800 ) ) ;
#1212 = CARTESIAN_POINT ( 'NONE',  ( -3.423259544851486000, 7.000000000000000000, -0.2597631727301358800 ) ) ;
#1213 = CARTESIAN_POINT ( 'NONE',  ( -3.744300076209807800, 7.000000000000000000, -0.3871498119120656000 ) ) ;
#1214 = CARTESIAN_POINT ( 'NONE',  ( -3.901417289886781600, 6.999999999999998200, -0.4669118497198318500 ) ) ;
#1215 = CARTESIAN_POINT ( 'NONE',  ( -4.041451884327345900, 7.000000000000016000, -0.5683483519688777900 ) ) ;
#1216 = CARTESIAN_POINT ( 'NONE',  ( 0.0000000000000000000, 0.0000000000000000000, -1.315830701515183300 ) ) ;
#1217 = AXIS2_PLACEMENT_3D ( 'NONE', #1216, #1201, #1200 ) ;
#1218 = FACE_OUTER_BOUND ( 'NONE', #167, .T. ) ;
#1219 = B_SPLINE_CURVE_WITH_KNOTS ( 'NONE', 3,
 ( #1215, #1214, #1213, #1212, #1211, #1210, #1209, #1208, #1207, #1206, #1205, #1204, #1203, #1202 ),
 .UNSPECIFIED., .F., .F.,
 ( 4, 2, 2, 2, 2, 2, 4 ),
 ( 0.01590046013700013200, 0.01641200309701038700, 0.01692354605702064300, 0.01794663197704115400, 0.01896971789706166900, 0.01948126085707192400, 0.01999280381708218000 ),
 .UNSPECIFIED. ) ;
#1220 = CARTESIAN_POINT ( 'NONE',  ( -4.041451884327345900, 7.000000000000016000, -0.5683483519688777900 ) ) ;
#1221 = CARTESIAN_POINT ( 'NONE',  ( -4.111957372116720900, 6.877880912936395100, -0.4662045910020420900 ) ) ;
#1222 = CARTESIAN_POINT ( 'NONE',  ( -4.190138401999049300, 6.742467396992140000, -0.3870830024291004300 ) ) ;
#1223 = CARTESIAN_POINT ( 'NONE',  ( -4.350150116946769800, 6.465318976896458700, -0.2600580357464196700 ) ) ;
#1224 = CARTESIAN_POINT ( 'NONE',  ( -4.432553841787587600, 6.322591538739242600, -0.2117298057425172900 ) ) ;
#1225 = CARTESIAN_POINT ( 'NONE',  ( -4.684326097701586800, 5.886509199559958100, -0.09562770377400532700 ) ) ;
#1226 = CARTESIAN_POINT ( 'NONE',  ( -4.856654900457639800, 5.588026957578961200, -0.05711232136757904400 ) ) ;
#1227 = CARTESIAN_POINT ( 'NONE',  ( -5.200132624383264200, 4.993106088471664700, -0.01171276375277263200 ) ) ;
#1228 = CARTESIAN_POINT ( 'NONE',  ( -5.372582801638187400, 4.694413619691880000, -0.005113974964073988500 ) ) ;
#1229 = CARTESIAN_POINT ( 'NONE',  ( -5.717387540783038300, 4.097194292802471200, 0.0007192383654561209600 ) ) ;
#1230 = CARTESIAN_POINT ( 'NONE',  ( -5.889781890386916400, 3.798598520350758600, 6.901465635550427000E-016 ) ) ;
#1231 = CARTESIAN_POINT ( 'NONE',  ( -6.062177826491065100, 3.500000000000009300, 0.0000000000000000000 ) ) ;
#1232 = TOROIDAL_SURFACE ( 'NONE', #1217, 6.999999999999999100, 1.315830701515183800 ) ;
#1233 = DIRECTION ( 'NONE',  ( 0.0000000000000000000, 0.0000000000000000000, -1.000000000000000000 ) ) ;
#1234 = VECTOR ( 'NONE', #1233, 1000.000000000000000 ) ;
#1235 = CARTESIAN_POINT ( 'NONE',  ( -7.799999999999999800, -0.4900037009627307100, -7.000000000000000000 ) ) ;
#1236 = LINE ( 'NONE', #1235, #1234 ) ;
#1237 = DIRECTION ( 'NONE',  ( 0.0000000000000000000, 0.0000000000000000000, 1.000000000000000000 ) ) ;
#1238 = DIRECTION ( 'NONE',  ( -1.000000000000000000, 0.0000000000000000000, 0.0000000000000000000 ) ) ;
#1239 = CARTESIAN_POINT ( 'NONE',  ( 6.062177826491064200, 3.500000000000011500, 0.0000000000000000000 ) ) ;
#1240 = CARTESIAN_POINT ( 'NONE',  ( 5.890003723043812500, 3.798214294918263800, 7.134664393841377600E-016 ) ) ;
#1241 = CARTESIAN_POINT ( 'NONE',  ( 5.717848444968661100, 4.096395983335572300, 0.0007167573425548858700 ) ) ;
#1242 = CARTESIAN_POINT ( 'NONE',  ( 5.373347704868645100, 4.693088768433880500, -0.005090792940041459000 ) ) ;
#1243 = CARTESIAN_POINT ( 'NONE',  ( 5.200527635417642200, 4.992421909290598600, -0.01168992692826595200 ) ) ;
#1244 = CARTESIAN_POINT ( 'NONE',  ( 4.857155580067692200, 5.587159755056063700, -0.05701684579992343700 ) ) ;
#1245 = CARTESIAN_POINT ( 'NONE',  ( 4.686569626717565400, 5.882623293316054700, -0.09498514578805945800 ) ) ;
#1246 = CARTESIAN_POINT ( 'NONE',  ( 4.434896950543683900, 6.318533155326047500, -0.2104573185404410600 ) ) ;
#1247 = CARTESIAN_POINT ( 'NONE',  ( 4.350944698630051700, 6.463942721050276700, -0.2594492369179644500 ) ) ;
#1248 = CARTESIAN_POINT ( 'NONE',  ( 4.189642514905338900, 6.743326298633287600, -0.3874547238458995200 ) ) ;
#1249 = CARTESIAN_POINT ( 'NONE',  ( 4.112465058320676500, 6.877001574636859800, -0.4654690882803581000 ) ) ;
#1250 = CARTESIAN_POINT ( 'NONE',  ( 4.041451884315488700, 6.999999999999999100, -0.5683483519602687800 ) ) ;
#1251 = CARTESIAN_POINT ( 'NONE',  ( -7.799999999999999800, 8.884698620188814300, -7.000000000000000000 ) ) ;
#1252 = AXIS2_PLACEMENT_3D ( 'NONE', #1251, #1238, #1237 ) ;
#1253 = PLANE ( 'NONE',  #1252 ) ;
#1254 = B_SPLINE_CURVE_WITH_KNOTS ( 'NONE', 3,
 ( #1250, #1249, #1248, #1247, #1246, #1245, #1244, #1243, #1242, #1241, #1240, #1239 ),
 .UNSPECIFIED., .F., .F.,
 ( 4, 2, 2, 2, 2, 4 ),
 ( 2.812285956536634500E-007, 0.0005191157499296723000, 0.001037950271263690900, 0.002075619313931732100, 0.003113288356599772800, 0.004150957399267813500 ),
 .UNSPECIFIED. ) ;
#1255 = CARTESIAN_POINT ( 'NONE',  ( 4.041451884315488700, 6.999999999999999100, -0.5683483519602687800 ) ) ;
#1256 = CARTESIAN_POINT ( 'NONE',  ( 3.900090995327078100, 7.000000000000000000, -0.4659511251120984100 ) ) ;
#1257 = CARTESIAN_POINT ( 'NONE',  ( 3.742278884160885600, 6.999999999999999100, -0.3862771065101626700 ) ) ;
#1258 = CARTESIAN_POINT ( 'NONE',  ( 3.423327166190977000, 6.999999999999999100, -0.2598611494622535800 ) ) ;
#1259 = CARTESIAN_POINT ( 'NONE',  ( 3.259230600515833600, 6.999999999999998200, -0.2117599950801108400 ) ) ;
#1260 = CARTESIAN_POINT ( 'NONE',  ( 2.758171037981637300, 6.999999999999997300, -0.09612851327141262700 ) ) ;
#1261 = CARTESIAN_POINT ( 'NONE',  ( 2.411750527655161000, 6.999999999999999100, -0.05716366079889344300 ) ) ;
#1262 = CARTESIAN_POINT ( 'NONE',  ( 1.723676156840922500, 6.999999999999999100, -0.01168062017250986000 ) ) ;
#1263 = CARTESIAN_POINT ( 'NONE',  ( 1.379085681419434100, 6.999999999999999100, -0.005112966094474176800 ) ) ;
#1264 = CARTESIAN_POINT ( 'NONE',  ( 0.6896548736914035500, 7.000000000000000000, 0.0007184838103186913900 ) ) ;
#1265 = CARTESIAN_POINT ( 'NONE',  ( 0.3448151475788123200, 6.999999999999998200, 1.290322743290611600E-013 ) ) ;
#1266 = CARTESIAN_POINT ( 'NONE',  ( 0.0000000000000000000, 6.999999999999999100, 0.0000000000000000000 ) ) ;
#1267 = FACE_OUTER_BOUND ( 'NONE', #172, .T. ) ;
#1268 = FACE_OUTER_BOUND ( 'NONE', #199, .T. ) ;
#1269 = DIRECTION ( 'NONE',  ( -1.164990882148870900E-016, 1.000000000000000000, 0.0000000000000000000 ) ) ;
#1270 = VECTOR ( 'NONE', #1269, 1000.000000000000000 ) ;
#1271 = CARTESIAN_POINT ( 'NONE',  ( 1.550000000000000700, 4.130433661899070700, 0.2999999999999999300 ) ) ;
#1272 = LINE ( 'NONE', #1271, #1270 ) ;
#1273 = DIRECTION ( 'NONE',  ( -1.164990882148870900E-016, 1.000000000000000000, 0.0000000000000000000 ) ) ;
#1274 = DIRECTION ( 'NONE',  ( 1.000000000000000000, 1.164990882148870900E-016, 0.0000000000000000000 ) ) ;
#1275 = CARTESIAN_POINT ( 'NONE',  ( 1.550000000000000700, 4.130433661899070700, 0.2999999999999999300 ) ) ;
#1276 = AXIS2_PLACEMENT_3D ( 'NONE', #1275, #1274, #1273 ) ;
#1277 = PLANE ( 'NONE',  #1276 ) ;
#1278 = FACE_OUTER_BOUND ( 'NONE', #192, .T. ) ;
#1279 = CARTESIAN_POINT ( 'NONE',  ( -3.521008378291650100, -1.288462199159233800E-016, -8.200000000000001100 ) ) ;
#1280 = DIRECTION ( 'NONE',  ( -1.000000000000000000, 0.0000000000000000000, 0.0000000000000000000 ) ) ;
#1281 = DIRECTION ( 'NONE',  ( 0.0000000000000000000, 0.0000000000000000000, -1.000000000000000000 ) ) ;
#1282 = CARTESIAN_POINT ( 'NONE',  ( 0.0000000000000000000, 0.7500000000000006700, -8.200000000000001100 ) ) ;
#1283 = AXIS2_PLACEMENT_3D ( 'NONE', #1282, #1281, #1280 ) ;
#1284 = CIRCLE ( 'NONE', #1283, 3.600000000000000100 ) ;
#1285 = CARTESIAN_POINT ( 'NONE',  ( 3.521008378291650100, -9.553559525695812300E-016, -8.200000000000001100 ) ) ;
#1286 = DIRECTION ( 'NONE',  ( 0.0000000000000000000, 0.0000000000000000000, 1.000000000000000000 ) ) ;
#1287 = VECTOR ( 'NONE', #1286, 1000.000000000000000 ) ;
#1288 = CARTESIAN_POINT ( 'NONE',  ( 3.521008378291650600, -1.172196387066682100E-015, -11.00000000000000000 ) ) ;
#1289 = LINE ( 'NONE', #1288, #1287 ) ;
#1290 = DIRECTION ( 'NONE',  ( 0.4999999999999981700, -0.8660254037844397100, 0.0000000000000000000 ) ) ;
#1291 = DIRECTION ( 'NONE',  ( -0.8660254037844397100, -0.4999999999999981700, 0.0000000000000000000 ) ) ;
#1292 = CARTESIAN_POINT ( 'NONE',  ( -4.041451884327383200, -6.999999999999999100, -7.000000000000000000 ) ) ;
#1293 = AXIS2_PLACEMENT_3D ( 'NONE', #1292, #1291, #1290 ) ;
#1294 = PLANE ( 'NONE',  #1293 ) ;
#1295 = FACE_OUTER_BOUND ( 'NONE', #183, .T. ) ;
#1296 = DIRECTION ( 'NONE',  ( 0.0000000000000000000, 0.0000000000000000000, 1.000000000000000000 ) ) ;
#1297 = VECTOR ( 'NONE', #1296, 1000.000000000000000 ) ;
#1298 = CARTESIAN_POINT ( 'NONE',  ( -7.799999999999999800, 0.4900037009627367700, -7.000000000000000000 ) ) ;
#1299 = LINE ( 'NONE', #1298, #1297 ) ;
#1300 = CARTESIAN_POINT ( 'NONE',  ( -6.353063651200870700, -2.996170972401033700, 0.0003665168403285410700 ) ) ;
#1301 = CARTESIAN_POINT ( 'NONE',  ( -6.207615925629914600, -3.248093822935265200, 6.857989022554639900E-016 ) ) ;
#1302 = CARTESIAN_POINT ( 'NONE',  ( -6.062177826491073100, -3.499999999999984000, 0.0000000000000000000 ) ) ;
#1303 = TOROIDAL_SURFACE ( 'NONE', #1349, 6.999999999999999100, 1.315830701515183800 ) ;
#1304 = FACE_OUTER_BOUND ( 'NONE', #216, .T. ) ;
#1305 = B_SPLINE_CURVE_WITH_KNOTS ( 'NONE', 3,
 ( #1302, #1301, #1300, #1357, #1356, #1355, #1354, #1353, #1352, #1351 ),
 .UNSPECIFIED., .F., .F.,
 ( 4, 2, 2, 2, 4 ),
 ( 0.004150957399267839500, 0.005027492314096676300, 0.005904027228925512300, 0.006780562143754347400, 0.007657097058583183300 ),
 .UNSPECIFIED. ) ;
#1306 = CARTESIAN_POINT ( 'NONE',  ( -7.799999999999999800, 0.4900037009627367700, -0.2830808546663670100 ) ) ;
#1307 = CARTESIAN_POINT ( 'NONE',  ( -7.799999999999999800, 0.3263577300497595400, -0.2749802463347606500 ) ) ;
#1308 = CARTESIAN_POINT ( 'NONE',  ( -7.799999999999998900, 0.1611593261578003200, -0.2710956892129662800 ) ) ;
#1309 = CARTESIAN_POINT ( 'NONE',  ( -7.800000000000000700, -0.1648175196100542000, -0.2711542254676602700 ) ) ;
#1310 = CARTESIAN_POINT ( 'NONE',  ( -7.799999999999998900, -0.3275490701725618000, -0.2750392186374202600 ) ) ;
#1311 = CARTESIAN_POINT ( 'NONE',  ( -7.799999999999999800, -0.4900037009627616900, -0.2830808546674135600 ) ) ;
#1312 = CARTESIAN_POINT ( 'NONE',  ( -7.799999999999999800, 0.4900037009627367700, -0.2830808546663670100 ) ) ;
#1313 = CARTESIAN_POINT ( 'NONE',  ( -7.799999999999999800, -0.4900037009627616900, -0.2830808546674135600 ) ) ;
#1314 = B_SPLINE_CURVE_WITH_KNOTS ( 'NONE', 3,
 ( #1311, #1310, #1309, #1308, #1307, #1306 ),
 .UNSPECIFIED., .F., .F.,
 ( 4, 2, 4 ),
 ( 0.01266716249696528900, 0.01315855959830400000, 0.01364995669964271000 ),
 .UNSPECIFIED. ) ;
#1315 = DIRECTION ( 'NONE',  ( 1.000000000000000000, 0.0000000000000000000, 0.0000000000000000000 ) ) ;
#1316 = DIRECTION ( 'NONE',  ( 0.0000000000000000000, 0.0000000000000000000, 1.000000000000000000 ) ) ;
#1317 = CARTESIAN_POINT ( 'NONE',  ( 0.0000000000000000000, 0.0000000000000000000, -1.315830701515183300 ) ) ;
#1318 = AXIS2_PLACEMENT_3D ( 'NONE', #1317, #1316, #1315 ) ;
#1319 = TOROIDAL_SURFACE ( 'NONE', #1318, 6.999999999999999100, 1.315830701515183800 ) ;
#1320 = FACE_OUTER_BOUND ( 'NONE', #205, .T. ) ;
#1321 = EDGE_LOOP ( 'NONE', ( #1169, #1167, #1162, #1165, #1156, #1159, #1150, #1151, #1152 ) ) ;
#1322 = DIRECTION ( 'NONE',  ( 1.000000000000000000, 0.0000000000000000000, 0.0000000000000000000 ) ) ;
#1323 = DIRECTION ( 'NONE',  ( 0.0000000000000000000, 0.0000000000000000000, 1.000000000000000000 ) ) ;
#1324 = CARTESIAN_POINT ( 'NONE',  ( 0.0000000000000000000, 0.3899921673376659000, 0.2999999999999999300 ) ) ;
#1325 = AXIS2_PLACEMENT_3D ( 'NONE', #1324, #1323, #1322 ) ;
#1326 = PLANE ( 'NONE',  #1325 ) ;
#1327 = CARTESIAN_POINT ( 'NONE',  ( 7.799999999999999800, 0.0000000000000000000, -0.2711247931132349000 ) ) ;
#1328 = CARTESIAN_POINT ( 'NONE',  ( 7.799999999999999800, 0.08242837853140572200, -0.2711247931132350100 ) ) ;
#1329 = CARTESIAN_POINT ( 'NONE',  ( 7.799999999999998900, 0.1635346636714504800, -0.2721066400451294100 ) ) ;
#1330 = CARTESIAN_POINT ( 'NONE',  ( 7.800000000000000700, 0.3268709079578296900, -0.2760668171750024200 ) ) ;
#1331 = CARTESIAN_POINT ( 'NONE',  ( 7.799999999999998900, 0.4084725363221776200, -0.2790449958682399400 ) ) ;
#1332 = CARTESIAN_POINT ( 'NONE',  ( 7.799999999999999800, 0.4900037009628046600, -0.2830808546674165000 ) ) ;
#1333 = TOROIDAL_SURFACE ( 'NONE', #1379, 6.999999999999999100, 1.315830701515183800 ) ;
#1334 = CARTESIAN_POINT ( 'NONE',  ( 7.799999999999999800, 0.4900037009628046600, -0.2830808546674165000 ) ) ;
#1335 = B_SPLINE_CURVE_WITH_KNOTS ( 'NONE', 3,
 ( #1332, #1331, #1330, #1329, #1328, #1327 ),
 .UNSPECIFIED., .F., .F.,
 ( 4, 2, 4 ),
 ( 0.01266716249696525500, 0.01291378013893887200, 0.01316039778091249000 ),
 .UNSPECIFIED. ) ;
#1336 = DIRECTION ( 'NONE',  ( 1.000000000000000000, 0.0000000000000000000, 0.0000000000000000000 ) ) ;
#1337 = DIRECTION ( 'NONE',  ( 0.0000000000000000000, 0.0000000000000000000, 1.000000000000000000 ) ) ;
#1338 = CARTESIAN_POINT ( 'NONE',  ( 0.0000000000000000000, 0.0000000000000000000, -1.315830701515183300 ) ) ;
#1339 = CARTESIAN_POINT ( 'NONE',  ( -6.062177826491065100, 3.500000000000009300, 0.0000000000000000000 ) ) ;
#1340 = CARTESIAN_POINT ( 'NONE',  ( -6.208251845142801700, 3.246992378029410500, 5.667312161621311700E-016 ) ) ;
#1341 = CARTESIAN_POINT ( 'NONE',  ( -6.354326687167753300, 2.993983329934593500, 0.0003732754506440393400 ) ) ;
#1342 = CARTESIAN_POINT ( 'NONE',  ( -6.646468068144169900, 2.487979615090108300, -0.002644364033372172000 ) ) ;
#1343 = CARTESIAN_POINT ( 'NONE',  ( -6.792534562271443500, 2.234985025978208900, -0.006055599971084142000 ) ) ;
#1344 = CARTESIAN_POINT ( 'NONE',  ( -7.084630482440550400, 1.729060051561735600, -0.02968285274911648000 ) ) ;
#1345 = CARTESIAN_POINT ( 'NONE',  ( -7.230130630902937800, 1.477046401916065400, -0.04978122233334865400 ) ) ;
#1346 = CARTESIAN_POINT ( 'NONE',  ( -7.518055819892884600, 0.9783453458066121400, -0.1281304772888785800 ) ) ;
#1347 = CARTESIAN_POINT ( 'NONE',  ( -7.660620803941903000, 0.7314155500534562600, -0.1852048489225707200 ) ) ;
#1348 = CARTESIAN_POINT ( 'NONE',  ( -7.799999999999999800, 0.4900037009627367700, -0.2830808546663670100 ) ) ;
#1349 = AXIS2_PLACEMENT_3D ( 'NONE', #1338, #1337, #1336 ) ;
#1350 = B_SPLINE_CURVE_WITH_KNOTS ( 'NONE', 3,
 ( #1348, #1347, #1346, #1345, #1344, #1343, #1342, #1341, #1340, #1339 ),
 .UNSPECIFIED., .F., .F.,
 ( 4, 2, 2, 2, 4 ),
 ( 2.406871661153186800E-007, 0.0008718058256457477500, 0.001743370964125380200, 0.002614936102605012200, 0.003486501241084644800 ),
 .UNSPECIFIED. ) ;
#1351 = CARTESIAN_POINT ( 'NONE',  ( -7.799999999999999800, -0.4900037009627616900, -0.2830808546674135600 ) ) ;
#1352 = CARTESIAN_POINT ( 'NONE',  ( -7.657195749630074200, -0.7373479181402292600, -0.1827996791045344600 ) ) ;
#1353 = CARTESIAN_POINT ( 'NONE',  ( -7.513240510413693200, -0.9866857064787351000, -0.1263412605447254700 ) ) ;
#1354 = CARTESIAN_POINT ( 'NONE',  ( -7.224403023003879400, -1.486966909803071600, -0.04871936938881894800 ) ) ;
#1355 = CARTESIAN_POINT ( 'NONE',  ( -7.079480187800378100, -1.737980623552467300, -0.02910120688424987200 ) ) ;
#1356 = CARTESIAN_POINT ( 'NONE',  ( -6.789211869670090500, -2.240740098381696300, -0.005956774105302196400 ) ) ;
#1357 = CARTESIAN_POINT ( 'NONE',  ( -6.643861990090560900, -2.492493474687458700, -0.002597902016638621500 ) ) ;
#1358 = CARTESIAN_POINT ( 'NONE',  ( 4.041451884327360100, -6.999999999999999100, -0.5683483519688683500 ) ) ;
#1359 = CARTESIAN_POINT ( 'NONE',  ( 4.111957372116733300, -6.877880912936399600, -0.4662045910020495300 ) ) ;
#1360 = CARTESIAN_POINT ( 'NONE',  ( 4.190138401999064400, -6.742467396992142700, -0.3870830024291080400 ) ) ;
#1361 = CARTESIAN_POINT ( 'NONE',  ( 4.350150116946783100, -6.465318976896459600, -0.2600580357464259400 ) ) ;
#1362 = CARTESIAN_POINT ( 'NONE',  ( 4.432553841787598300, -6.322591538739242600, -0.2117298057425234200 ) ) ;
#1363 = CARTESIAN_POINT ( 'NONE',  ( 4.684326097701598400, -5.886509199559964300, -0.09562770377400978100 ) ) ;
#1364 = CARTESIAN_POINT ( 'NONE',  ( 4.856654900457652200, -5.588026957578963800, -0.05711232136758241700 ) ) ;
#1365 = CARTESIAN_POINT ( 'NONE',  ( 5.200132624383273900, -4.993106088471670000, -0.01171276375277384600 ) ) ;
#1366 = CARTESIAN_POINT ( 'NONE',  ( 5.372582801638197100, -4.694413619691883500, -0.005113974964074903500 ) ) ;
#1367 = CARTESIAN_POINT ( 'NONE',  ( 5.717387540783048100, -4.097194292802476500, 0.0007192383654556863000 ) ) ;
#1368 = CARTESIAN_POINT ( 'NONE',  ( 5.889781890386927900, -3.798598520350765700, 6.793204236979481800E-016 ) ) ;
#1369 = CARTESIAN_POINT ( 'NONE',  ( 6.062177826491065100, -3.500000000000009300, 0.0000000000000000000 ) ) ;
#1370 = LINE ( 'NONE', #1426, #1425 ) ;
#1371 = DIRECTION ( 'NONE',  ( -1.000000000000000000, 0.0000000000000000000, 0.0000000000000000000 ) ) ;
#1372 = VECTOR ( 'NONE', #1371, 1000.000000000000000 ) ;
#1373 = CARTESIAN_POINT ( 'NONE',  ( 1.999999999999999600, 5.999999999999999100, -6.000000000000000000 ) ) ;
#1374 = LINE ( 'NONE', #1373, #1372 ) ;
#1375 = B_SPLINE_CURVE_WITH_KNOTS ( 'NONE', 3,
 ( #1369, #1368, #1367, #1366, #1365, #1364, #1363, #1362, #1361, #1360, #1359, #1358 ),
 .UNSPECIFIED., .F., .F.,
 ( 4, 2, 2, 2, 2, 4 ),
 ( 0.003486501241084623100, 0.004515118713998427500, 0.005543736186912232700, 0.006572353659826037100, 0.007086662396282939300, 0.007600971132739843200 ),
 .UNSPECIFIED. ) ;
#1376 = DIRECTION ( 'NONE',  ( 1.000000000000000000, 0.0000000000000000000, 0.0000000000000000000 ) ) ;
#1377 = DIRECTION ( 'NONE',  ( 0.0000000000000000000, 0.0000000000000000000, 1.000000000000000000 ) ) ;
#1378 = CARTESIAN_POINT ( 'NONE',  ( 0.0000000000000000000, 0.0000000000000000000, -1.315830701515183300 ) ) ;
#1379 = AXIS2_PLACEMENT_3D ( 'NONE', #1378, #1377, #1376 ) ;
#1380 = CARTESIAN_POINT ( 'NONE',  ( 7.799999999999999800, 0.4900037009628046600, -0.2830808546674165000 ) ) ;
#1381 = CARTESIAN_POINT ( 'NONE',  ( 7.657195749630084900, 0.7373479181402521300, -0.1827996791045413100 ) ) ;
#1382 = CARTESIAN_POINT ( 'NONE',  ( 7.513240510413702100, 0.9866857064787586400, -0.1263412605447308800 ) ) ;
#1383 = CARTESIAN_POINT ( 'NONE',  ( 7.224403023003884700, 1.486966909803096400, -0.04871936938882170200 ) ) ;
#1384 = CARTESIAN_POINT ( 'NONE',  ( 7.079480187800380800, 1.737980623552491900, -0.02910120688425158600 ) ) ;
#1385 = CARTESIAN_POINT ( 'NONE',  ( 6.789211869670089600, 2.240740098381722500, -0.005956774105302785300 ) ) ;
#1386 = CARTESIAN_POINT ( 'NONE',  ( 6.643861990090559100, 2.492493474687485400, -0.002597902016639470200 ) ) ;
#1387 = CARTESIAN_POINT ( 'NONE',  ( 6.353063651200865400, 2.996170972401064300, 0.0003665168403285679600 ) ) ;
#1388 = CARTESIAN_POINT ( 'NONE',  ( 6.207615925629905700, 3.248093822935294900, 6.850842182062181700E-016 ) ) ;
#1389 = CARTESIAN_POINT ( 'NONE',  ( 6.062177826491064200, 3.500000000000011500, 0.0000000000000000000 ) ) ;
#1390 = FACE_OUTER_BOUND ( 'NONE', #225, .T. ) ;
#1391 = B_SPLINE_CURVE_WITH_KNOTS ( 'NONE', 3,
 ( #1389, #1388, #1387, #1386, #1385, #1384, #1383, #1382, #1381, #1380 ),
 .UNSPECIFIED., .F., .F.,
 ( 4, 2, 2, 2, 4 ),
 ( 0.004150957399267813500, 0.005027492314096654700, 0.005904027228925495800, 0.006780562143754337000, 0.007657097058583178100 ),
 .UNSPECIFIED. ) ;
#1392 = DIRECTION ( 'NONE',  ( 0.0000000000000000000, 0.0000000000000000000, 1.000000000000000000 ) ) ;
#1393 = CARTESIAN_POINT ( 'NONE',  ( 0.0000000000000000000, 0.0000000000000000000, 6.899999999999999500 ) ) ;
#1394 = DIRECTION ( 'NONE',  ( 1.000000000000000000, 0.0000000000000000000, 0.0000000000000000000 ) ) ;
#1395 = DIRECTION ( 'NONE',  ( 0.0000000000000000000, 0.0000000000000000000, 1.000000000000000000 ) ) ;
#1396 = CARTESIAN_POINT ( 'NONE',  ( 1.999999999999999600, 6.999999999999999100, -6.000000000000000000 ) ) ;
#1397 = AXIS2_PLACEMENT_3D ( 'NONE', #1396, #1395, #1394 ) ;
#1398 = PLANE ( 'NONE',  #1397 ) ;
#1399 = AXIS2_PLACEMENT_3D ( 'NONE', #1393, #1392, #1108 ) ;
#1400 = FACE_OUTER_BOUND ( 'NONE', #254, .T. ) ;
#1401 = DIRECTION ( 'NONE',  ( 1.000000000000000000, 0.0000000000000000000, 0.0000000000000000000 ) ) ;
#1402 = DIRECTION ( 'NONE',  ( 0.0000000000000000000, 0.0000000000000000000, 1.000000000000000000 ) ) ;
#1403 = CARTESIAN_POINT ( 'NONE',  ( 0.0000000000000000000, 0.0000000000000000000, 6.899999999999999500 ) ) ;
#1404 = AXIS2_PLACEMENT_3D ( 'NONE', #1403, #1402, #1401 ) ;
#1405 = PLANE ( 'NONE',  #1404 ) ;
#1406 = FACE_OUTER_BOUND ( 'NONE', #250, .T. ) ;
#1407 = DIRECTION ( 'NONE',  ( 0.0000000000000000000, 0.0000000000000000000, -1.000000000000000000 ) ) ;
#1408 = DIRECTION ( 'NONE',  ( 1.000000000000000000, 0.0000000000000000000, 0.0000000000000000000 ) ) ;
#1409 = CARTESIAN_POINT ( 'NONE',  ( 7.799999999999999800, 8.884698620188814300, -7.000000000000000000 ) ) ;
#1410 = AXIS2_PLACEMENT_3D ( 'NONE', #1409, #1408, #1407 ) ;
#1411 = PLANE ( 'NONE',  #1410 ) ;
#1412 = FACE_OUTER_BOUND ( 'NONE', #1168, .T. ) ;
#1413 = DIRECTION ( 'NONE',  ( 1.000000000000000000, 0.0000000000000000000, 0.0000000000000000000 ) ) ;
#1414 = DIRECTION ( 'NONE',  ( 0.0000000000000000000, 0.0000000000000000000, 1.000000000000000000 ) ) ;
#1415 = AXIS2_PLACEMENT_3D ( 'NONE', #1422, #1414, #1413 ) ;
#1416 = CIRCLE ( 'NONE', #1415, 1.050000000000000000 ) ;
#1417 = DIRECTION ( 'NONE',  ( 0.0000000000000000000, 0.0000000000000000000, 1.000000000000000000 ) ) ;
#1418 = DIRECTION ( 'NONE',  ( -1.000000000000000000, 0.0000000000000000000, 0.0000000000000000000 ) ) ;
#1419 = CARTESIAN_POINT ( 'NONE',  ( 1.999999999999999600, 5.109999999999998500, -6.000000000000000000 ) ) ;
#1420 = AXIS2_PLACEMENT_3D ( 'NONE', #1419, #1418, #1417 ) ;
#1421 = CYLINDRICAL_SURFACE ( 'NONE', #1420, 0.8900000000000010100 ) ;
#1422 = CARTESIAN_POINT ( 'NONE',  ( 0.0000000000000000000, 0.0000000000000000000, 6.899999999999999500 ) ) ;
#1423 = FACE_OUTER_BOUND ( 'NONE', #240, .T. ) ;
#1424 = DIRECTION ( 'NONE',  ( 0.0000000000000000000, 1.000000000000000000, 0.0000000000000000000 ) ) ;
#1425 = VECTOR ( 'NONE', #1424, 1000.000000000000000 ) ;
#1426 = CARTESIAN_POINT ( 'NONE',  ( -2.000000000000000400, 6.999999999999999100, -6.000000000000000000 ) ) ;
#1427 = CARTESIAN_POINT ( 'NONE',  ( 3.464101615137742800, -5.999999999999999100, -8.200000000000001100 ) ) ;
#1428 = DIRECTION ( 'NONE',  ( -1.000000000000000000, 0.0000000000000000000, 0.0000000000000000000 ) ) ;
#1429 = DIRECTION ( 'NONE',  ( 0.0000000000000000000, 0.0000000000000000000, -1.000000000000000000 ) ) ;
#1430 = CARTESIAN_POINT ( 'NONE',  ( 6.928203230275495500, -2.377460558096836500E-015, -8.200000000000001100 ) ) ;
#1431 = AXIS2_PLACEMENT_3D ( 'NONE', #1430, #1429, #1428 ) ;
#1432 = PLANE ( 'NONE',  #1431 ) ;
#1433 = FACE_OUTER_BOUND ( 'NONE', #274, .T. ) ;
#1434 = DIRECTION ( 'NONE',  ( 1.000000000000000000, -1.173683280263408700E-016, 0.0000000000000000000 ) ) ;
#1435 = VECTOR ( 'NONE', #1434, 1000.000000000000000 ) ;
#1436 = CARTESIAN_POINT ( 'NONE',  ( -6.928203230275490100, 0.0000000000000000000, -8.200000000000001100 ) ) ;
#1437 = LINE ( 'NONE', #1436, #1435 ) ;
#1438 = DIRECTION ( 'NONE',  ( 0.0000000000000000000, 0.0000000000000000000, -1.000000000000000000 ) ) ;
#1439 = DIRECTION ( 'NONE',  ( 1.000000000000000000, 0.0000000000000000000, 0.0000000000000000000 ) ) ;
#1440 = CARTESIAN_POINT ( 'NONE',  ( 1.999999999999999600, 5.109999999999998500, -6.000000000000000000 ) ) ;
#1441 = AXIS2_PLACEMENT_3D ( 'NONE', #1440, #1439, #1438 ) ;
#1442 = CIRCLE ( 'NONE', #1441, 0.8900000000000010100 ) ;
#1443 = CARTESIAN_POINT ( 'NONE',  ( 1.999999999999999600, 6.999999999999999100, -6.000000000000000000 ) ) ;
#1444 = DIRECTION ( 'NONE',  ( 0.0000000000000000000, 0.0000000000000000000, 1.000000000000000000 ) ) ;
#1445 = DIRECTION ( 'NONE',  ( 0.0000000000000000000, 1.000000000000000000, 0.0000000000000000000 ) ) ;
#1446 = CARTESIAN_POINT ( 'NONE',  ( -4.041451884327355700, 6.999999999999999100, -7.000000000000000000 ) ) ;
#1447 = AXIS2_PLACEMENT_3D ( 'NONE', #1446, #1445, #1444 ) ;
#1448 = PLANE ( 'NONE',  #1447 ) ;
#1449 = FACE_OUTER_BOUND ( 'NONE', #1321, .T. ) ;
#1450 = CARTESIAN_POINT ( 'NONE',  ( -2.000000000000000400, 5.999999999999999100, -6.000000000000000000 ) ) ;
#1451 = CARTESIAN_POINT ( 'NONE',  ( 1.999999999999999600, 5.999999999999999100, -6.000000000000000000 ) ) ;
#1452 = DIRECTION ( 'NONE',  ( 0.0000000000000000000, 1.000000000000000000, 0.0000000000000000000 ) ) ;
#1453 = VECTOR ( 'NONE', #1452, 1000.000000000000000 ) ;
#1454 = CARTESIAN_POINT ( 'NONE',  ( 1.999999999999999600, 6.999999999999999100, -6.000000000000000000 ) ) ;
#1455 = LINE ( 'NONE', #1454, #1453 ) ;
#1456 = CARTESIAN_POINT ( 'NONE',  ( -2.000000000000000400, 5.109999999999998500, -7.000000000000000000 ) ) ;
#1457 = LINE ( 'NONE', #1456, #1523 ) ;
#1458 = DIRECTION ( 'NONE',  ( 0.0000000000000000000, 1.000000000000000000, 0.0000000000000000000 ) ) ;
#1459 = VECTOR ( 'NONE', #1458, 1000.000000000000000 ) ;
#1460 = CARTESIAN_POINT ( 'NONE',  ( 1.999999999999999600, 5.109999999999998500, -7.000000000000000000 ) ) ;
#1461 = LINE ( 'NONE', #1460, #1459 ) ;
#1462 = DIRECTION ( 'NONE',  ( 0.0000000000000000000, 0.0000000000000000000, -1.000000000000000000 ) ) ;
#1463 = DIRECTION ( 'NONE',  ( 0.0000000000000000000, -1.000000000000000000, 0.0000000000000000000 ) ) ;
#1464 = CARTESIAN_POINT ( 'NONE',  ( 1.999999999999999600, 5.500000000000000000, -7.000000000000000000 ) ) ;
#1465 = AXIS2_PLACEMENT_3D ( 'NONE', #1464, #1463, #1462 ) ;
#1466 = PLANE ( 'NONE',  #1465 ) ;
#1467 = FACE_OUTER_BOUND ( 'NONE', #278, .T. ) ;
#1468 = DIRECTION ( 'NONE',  ( 0.0000000000000000000, 0.0000000000000000000, 1.000000000000000000 ) ) ;
#1469 = VECTOR ( 'NONE', #1468, 1000.000000000000000 ) ;
#1470 = CARTESIAN_POINT ( 'NONE',  ( 1.999999999999999600, 5.500000000000000000, -7.000000000000000000 ) ) ;
#1471 = LINE ( 'NONE', #1470, #1469 ) ;
#1472 = CARTESIAN_POINT ( 'NONE',  ( -2.000000000000000400, 5.500000000000000000, -6.800000000000000700 ) ) ;
#1473 = DIRECTION ( 'NONE',  ( -1.000000000000000000, 0.0000000000000000000, 0.0000000000000000000 ) ) ;
#1474 = VECTOR ( 'NONE', #1473, 1000.000000000000000 ) ;
#1475 = CARTESIAN_POINT ( 'NONE',  ( 1.999999999999999600, 5.500000000000000000, -7.000000000000000000 ) ) ;
#1476 = LINE ( 'NONE', #1475, #1474 ) ;
#1477 = CARTESIAN_POINT ( 'NONE',  ( -2.000000000000000400, 5.500000000000000000, -7.000000000000000000 ) ) ;
#1478 = DIRECTION ( 'NONE',  ( 0.0000000000000000000, 0.0000000000000000000, 1.000000000000000000 ) ) ;
#1479 = VECTOR ( 'NONE', #1478, 1000.000000000000000 ) ;
#1480 = CARTESIAN_POINT ( 'NONE',  ( -2.000000000000000400, 5.500000000000000000, -7.000000000000000000 ) ) ;
#1481 = LINE ( 'NONE', #1480, #1479 ) ;
#1482 = DIRECTION ( 'NONE',  ( -1.000000000000000000, 0.0000000000000000000, 0.0000000000000000000 ) ) ;
#1483 = VECTOR ( 'NONE', #1482, 1000.000000000000000 ) ;
#1484 = CARTESIAN_POINT ( 'NONE',  ( 1.999999999999999600, 5.500000000000000000, -6.800000000000000700 ) ) ;
#1485 = LINE ( 'NONE', #1484, #1483 ) ;
#1486 = DIRECTION ( 'NONE',  ( 0.0000000000000000000, 0.0000000000000000000, -1.000000000000000000 ) ) ;
#1487 = DIRECTION ( 'NONE',  ( 1.000000000000000000, 0.0000000000000000000, 0.0000000000000000000 ) ) ;
#1488 = CARTESIAN_POINT ( 'NONE',  ( -2.000000000000000400, 5.109999999999998500, -6.000000000000000000 ) ) ;
#1489 = AXIS2_PLACEMENT_3D ( 'NONE', #1488, #1487, #1486 ) ;
#1490 = CIRCLE ( 'NONE', #1489, 0.8900000000000010100 ) ;
#1491 = DIRECTION ( 'NONE',  ( -1.000000000000000000, 1.173683280263408700E-016, 0.0000000000000000000 ) ) ;
#1492 = VECTOR ( 'NONE', #1491, 1000.000000000000000 ) ;
#1493 = CARTESIAN_POINT ( 'NONE',  ( -6.928203230275490100, 0.0000000000000000000, -7.200000000000000200 ) ) ;
#1494 = LINE ( 'NONE', #1493, #1492 ) ;
#1495 = DIRECTION ( 'NONE',  ( 1.000000000000000000, -1.173683280263408700E-016, 0.0000000000000000000 ) ) ;
#1496 = DIRECTION ( 'NONE',  ( -1.173683280263408700E-016, -1.000000000000000000, 0.0000000000000000000 ) ) ;
#1497 = CARTESIAN_POINT ( 'NONE',  ( -6.928203230275490100, 0.0000000000000000000, -8.200000000000001100 ) ) ;
#1498 = AXIS2_PLACEMENT_3D ( 'NONE', #1497, #1496, #1495 ) ;
#1499 = PLANE ( 'NONE',  #1498 ) ;
#1500 = FACE_OUTER_BOUND ( 'NONE', #321, .T. ) ;
#1501 = DIRECTION ( 'NONE',  ( 0.0000000000000000000, 0.0000000000000000000, -1.000000000000000000 ) ) ;
#1502 = DIRECTION ( 'NONE',  ( 1.000000000000000000, 0.0000000000000000000, 0.0000000000000000000 ) ) ;
#1503 = CARTESIAN_POINT ( 'NONE',  ( -2.000000000000000400, 5.109999999999998500, -6.000000000000000000 ) ) ;
#1504 = AXIS2_PLACEMENT_3D ( 'NONE', #1503, #1502, #1501 ) ;
#1505 = PLANE ( 'NONE',  #1504 ) ;
#1506 = FACE_OUTER_BOUND ( 'NONE', #292, .T. ) ;
#1507 = DIRECTION ( 'NONE',  ( 0.0000000000000000000, 0.0000000000000000000, -1.000000000000000000 ) ) ;
#1508 = DIRECTION ( 'NONE',  ( 1.000000000000000000, 0.0000000000000000000, 0.0000000000000000000 ) ) ;
#1509 = CARTESIAN_POINT ( 'NONE',  ( 1.999999999999999600, 5.109999999999998500, -6.000000000000000000 ) ) ;
#1510 = AXIS2_PLACEMENT_3D ( 'NONE', #1509, #1508, #1507 ) ;
#1511 = PLANE ( 'NONE',  #1510 ) ;
#1512 = FACE_OUTER_BOUND ( 'NONE', #282, .T. ) ;
#1513 = DIRECTION ( 'NONE',  ( 0.0000000000000000000, 0.0000000000000000000, -1.000000000000000000 ) ) ;
#1514 = VECTOR ( 'NONE', #1513, 1000.000000000000000 ) ;
#1515 = CARTESIAN_POINT ( 'NONE',  ( 7.799999999999999800, 0.4900037009627732400, -7.000000000000000000 ) ) ;
#1516 = LINE ( 'NONE', #1515, #1514 ) ;
#1517 = DIRECTION ( 'NONE',  ( 0.0000000000000000000, 0.0000000000000000000, 1.000000000000000000 ) ) ;
#1518 = VECTOR ( 'NONE', #1517, 1000.000000000000000 ) ;
#1519 = CARTESIAN_POINT ( 'NONE',  ( 7.799999999999999800, -0.4900037009627610800, -7.000000000000000000 ) ) ;
#1520 = LINE ( 'NONE', #1519, #1518 ) ;
#1521 = CARTESIAN_POINT ( 'NONE',  ( 1.999999999999999600, 5.500000000000000000, -7.000000000000000000 ) ) ;
#1522 = DIRECTION ( 'NONE',  ( 0.0000000000000000000, 1.000000000000000000, 0.0000000000000000000 ) ) ;
#1523 = VECTOR ( 'NONE', #1522, 1000.000000000000000 ) ;
#1524 = DIRECTION ( 'NONE',  ( -0.4999999999999998900, 0.8660254037844387100, 0.0000000000000000000 ) ) ;
#1525 = VECTOR ( 'NONE', #1524, 1000.000000000000100 ) ;
#1526 = CARTESIAN_POINT ( 'NONE',  ( -3.464101615137737500, -5.999999999999999100, -8.200000000000001100 ) ) ;
#1527 = LINE ( 'NONE', #1526, #1525 ) ;
#1528 = CARTESIAN_POINT ( 'NONE',  ( -3.464101615137737500, -5.999999999999999100, -8.200000000000001100 ) ) ;
#1529 = DIRECTION ( 'NONE',  ( -1.000000000000000000, 0.0000000000000000000, 0.0000000000000000000 ) ) ;
#1530 = VECTOR ( 'NONE', #1529, 1000.000000000000000 ) ;
#1531 = CARTESIAN_POINT ( 'NONE',  ( 3.464101615137742800, -5.999999999999999100, -8.200000000000001100 ) ) ;
#1532 = LINE ( 'NONE', #1531, #1530 ) ;
#1533 = DIRECTION ( 'NONE',  ( -0.4999999999999999400, -0.8660254037844386000, 0.0000000000000000000 ) ) ;
#1534 = VECTOR ( 'NONE', #1533, 1000.000000000000100 ) ;
#1535 = CARTESIAN_POINT ( 'NONE',  ( 6.928203230275495500, -1.626303258728256700E-015, -8.200000000000001100 ) ) ;
#1536 = LINE ( 'NONE', #1535, #1534 ) ;
#1537 = DIRECTION ( 'NONE',  ( 0.0000000000000000000, 0.0000000000000000000, 1.000000000000000000 ) ) ;
#1538 = VECTOR ( 'NONE', #1537, 1000.000000000000000 ) ;
#1539 = CARTESIAN_POINT ( 'NONE',  ( -6.928203230275490100, 0.0000000000000000000, -8.200000000000001100 ) ) ;
#1540 = LINE ( 'NONE', #1539, #1538 ) ;
#1541 = DIRECTION ( 'NONE',  ( 1.000000000000000000, -1.173683280263408700E-016, 0.0000000000000000000 ) ) ;
#1542 = DIRECTION ( 'NONE',  ( -1.173683280263408700E-016, -1.000000000000000000, 0.0000000000000000000 ) ) ;
#1543 = CARTESIAN_POINT ( 'NONE',  ( -6.928203230275490100, 0.0000000000000000000, -8.200000000000001100 ) ) ;
#1544 = AXIS2_PLACEMENT_3D ( 'NONE', #1543, #1542, #1541 ) ;
#1545 = PLANE ( 'NONE',  #1544 ) ;
#1546 = FACE_OUTER_BOUND ( 'NONE', #332, .T. ) ;
#1547 = DIRECTION ( 'NONE',  ( 1.000000000000000000, -1.173683280263408700E-016, 0.0000000000000000000 ) ) ;
#1548 = VECTOR ( 'NONE', #1547, 1000.000000000000000 ) ;
#1549 = CARTESIAN_POINT ( 'NONE',  ( -6.928203230275490100, 0.0000000000000000000, -8.200000000000001100 ) ) ;
#1550 = LINE ( 'NONE', #1549, #1548 ) ;
#1551 = CARTESIAN_POINT ( 'NONE',  ( 6.928203230275495500, -1.626303258728256700E-015, -8.200000000000001100 ) ) ;
#1552 = DIRECTION ( 'NONE',  ( 0.0000000000000000000, 0.0000000000000000000, 1.000000000000000000 ) ) ;
#1553 = VECTOR ( 'NONE', #1552, 1000.000000000000000 ) ;
#1554 = CARTESIAN_POINT ( 'NONE',  ( 6.928203230275495500, -1.626303258728256700E-015, -8.200000000000001100 ) ) ;
#1555 = LINE ( 'NONE', #1554, #1553 ) ;
#1556 = CARTESIAN_POINT ( 'NONE',  ( 6.928203230275495500, -1.626303258728256700E-015, -7.200000000000000200 ) ) ;
#1557 = LINE ( 'NONE', #1624, #1623 ) ;
#1559 = ORIENTED_EDGE ( 'NONE', *, *, #283, .T. ) ;
#1558 = DIRECTION ( 'NONE',  ( -0.4999999999999998300, 0.8660254037844387100, 0.0000000000000000000 ) ) ;
#1560 = DIRECTION ( 'NONE',  ( 0.8660254037844387100, 0.4999999999999998300, 0.0000000000000000000 ) ) ;
#1561 = CARTESIAN_POINT ( 'NONE',  ( -3.464101615137737500, -5.999999999999999100, -8.200000000000001100 ) ) ;
#1562 = AXIS2_PLACEMENT_3D ( 'NONE', #1561, #1560, #1558 ) ;
#1563 = PLANE ( 'NONE',  #1562 ) ;
#1564 = FACE_OUTER_BOUND ( 'NONE', #362, .T. ) ;
#1565 = DIRECTION ( 'NONE',  ( 0.0000000000000000000, 0.0000000000000000000, 1.000000000000000000 ) ) ;
#1566 = VECTOR ( 'NONE', #1565, 1000.000000000000000 ) ;
#1567 = CARTESIAN_POINT ( 'NONE',  ( -3.464101615137737500, -5.999999999999999100, -8.200000000000001100 ) ) ;
#1568 = LINE ( 'NONE', #1567, #1566 ) ;
#1569 = DIRECTION ( 'NONE',  ( 1.000000000000000000, 0.0000000000000000000, 0.0000000000000000000 ) ) ;
#1570 = VECTOR ( 'NONE', #1569, 1000.000000000000000 ) ;
#1571 = CARTESIAN_POINT ( 'NONE',  ( 3.464101615137740200, 5.999999999999999100, -7.000000000000000000 ) ) ;
#1572 = LINE ( 'NONE', #1571, #1570 ) ;
#1573 = DIRECTION ( 'NONE',  ( -1.000000000000000000, 1.173683280263408700E-016, 0.0000000000000000000 ) ) ;
#1574 = VECTOR ( 'NONE', #1573, 1000.000000000000000 ) ;
#1575 = CARTESIAN_POINT ( 'NONE',  ( -6.928203230275490100, 0.0000000000000000000, -7.200000000000000200 ) ) ;
#1576 = LINE ( 'NONE', #1575, #1574 ) ;
#1577 = CARTESIAN_POINT ( 'NONE',  ( -6.928203230275490100, 0.0000000000000000000, -7.200000000000000200 ) ) ;
#1578 = CARTESIAN_POINT ( 'NONE',  ( -6.928203230275490100, 0.0000000000000000000, -8.200000000000001100 ) ) ;
#1579 = DIRECTION ( 'NONE',  ( 0.0000000000000000000, 0.0000000000000000000, 1.000000000000000000 ) ) ;
#1580 = VECTOR ( 'NONE', #1579, 1000.000000000000000 ) ;
#1581 = CARTESIAN_POINT ( 'NONE',  ( 3.464101615137742800, -5.999999999999999100, -8.200000000000001100 ) ) ;
#1582 = LINE ( 'NONE', #1581, #1580 ) ;
#1583 = DIRECTION ( 'NONE',  ( -0.5000000000000000000, -0.8660254037844386000, 0.0000000000000000000 ) ) ;
#1584 = DIRECTION ( 'NONE',  ( -0.8660254037844387100, 0.5000000000000001100, 0.0000000000000000000 ) ) ;
#1585 = CARTESIAN_POINT ( 'NONE',  ( 6.928203230275495500, -1.626303258728256700E-015, -8.200000000000001100 ) ) ;
#1586 = AXIS2_PLACEMENT_3D ( 'NONE', #1585, #1584, #1583 ) ;
#1587 = PLANE ( 'NONE',  #1586 ) ;
#1588 = FACE_OUTER_BOUND ( 'NONE', #344, .T. ) ;
#1589 = DIRECTION ( 'NONE',  ( -1.000000000000000000, 0.0000000000000000000, 0.0000000000000000000 ) ) ;
#1590 = DIRECTION ( 'NONE',  ( 0.0000000000000000000, 0.0000000000000000000, -1.000000000000000000 ) ) ;
#1591 = CARTESIAN_POINT ( 'NONE',  ( 0.0000000000000000000, 0.7500000000000006700, -11.00000000000000000 ) ) ;
#1592 = AXIS2_PLACEMENT_3D ( 'NONE', #1591, #1590, #1589 ) ;
#1593 = PLANE ( 'NONE',  #1592 ) ;
#1594 = FACE_OUTER_BOUND ( 'NONE', #314, .T. ) ;
#1595 = FACE_BOUND ( 'NONE', #388, .T. ) ;
#1596 = DIRECTION ( 'NONE',  ( 0.0000000000000000000, 0.0000000000000000000, 1.000000000000000000 ) ) ;
#1597 = DIRECTION ( 'NONE',  ( 0.0000000000000000000, 1.000000000000000000, 0.0000000000000000000 ) ) ;
#1598 = CARTESIAN_POINT ( 'NONE',  ( 3.464101615137742800, -5.999999999999999100, -8.200000000000001100 ) ) ;
#1599 = AXIS2_PLACEMENT_3D ( 'NONE', #1598, #1597, #1596 ) ;
#1600 = PLANE ( 'NONE',  #1599 ) ;
#1601 = FACE_OUTER_BOUND ( 'NONE', #385, .T. ) ;
#1602 = DIRECTION ( 'NONE',  ( 0.0000000000000000000, 0.0000000000000000000, 1.000000000000000000 ) ) ;
#1603 = VECTOR ( 'NONE', #1602, 1000.000000000000000 ) ;
#1604 = CARTESIAN_POINT ( 'NONE',  ( 6.928203230275495500, -1.626303258728256700E-015, -7.200000000000000200 ) ) ;
#1605 = LINE ( 'NONE', #1604, #1603 ) ;
#1606 = CARTESIAN_POINT ( 'NONE',  ( 3.464101615137740200, 5.999999999999999100, -7.200000000000000200 ) ) ;
#1607 = DIRECTION ( 'NONE',  ( 1.000000000000000000, 0.0000000000000000000, 0.0000000000000000000 ) ) ;
#1608 = VECTOR ( 'NONE', #1607, 1000.000000000000000 ) ;
#1609 = CARTESIAN_POINT ( 'NONE',  ( 3.464101615137740200, 5.999999999999999100, -7.200000000000000200 ) ) ;
#1610 = LINE ( 'NONE', #1609, #1608 ) ;
#1611 = CARTESIAN_POINT ( 'NONE',  ( -3.464101615137735700, 5.999999999999999100, -7.200000000000000200 ) ) ;
#1612 = DIRECTION ( 'NONE',  ( 0.5000000000000001100, 0.8660254037844386000, 0.0000000000000000000 ) ) ;
#1613 = VECTOR ( 'NONE', #1612, 1000.000000000000000 ) ;
#1614 = CARTESIAN_POINT ( 'NONE',  ( -3.464101615137735700, 5.999999999999999100, -7.200000000000000200 ) ) ;
#1615 = LINE ( 'NONE', #1614, #1613 ) ;
#1616 = DIRECTION ( 'NONE',  ( -1.000000000000000000, 0.0000000000000000000, 0.0000000000000000000 ) ) ;
#1617 = DIRECTION ( 'NONE',  ( 0.0000000000000000000, 0.0000000000000000000, -1.000000000000000000 ) ) ;
#1618 = CARTESIAN_POINT ( 'NONE',  ( -6.928203230275490100, 0.0000000000000000000, -7.200000000000000200 ) ) ;
#1619 = AXIS2_PLACEMENT_3D ( 'NONE', #1618, #1617, #1616 ) ;
#1620 = PLANE ( 'NONE',  #1619 ) ;
#1621 = FACE_OUTER_BOUND ( 'NONE', #370, .T. ) ;
#1622 = DIRECTION ( 'NONE',  ( 0.0000000000000000000, 0.0000000000000000000, 1.000000000000000000 ) ) ;
#1623 = VECTOR ( 'NONE', #1622, 1000.000000000000000 ) ;
#1624 = CARTESIAN_POINT ( 'NONE',  ( -6.928203230275490100, 0.0000000000000000000, -7.200000000000000200 ) ) ;
#1625 = CARTESIAN_POINT ( 'NONE',  ( -6.928203230275490100, 0.0000000000000000000, -7.000000000000000000 ) ) ;
#1626 = DIRECTION ( 'NONE',  ( 0.5000000000000001100, 0.8660254037844386000, 0.0000000000000000000 ) ) ;
#1627 = VECTOR ( 'NONE', #1626, 1000.000000000000000 ) ;
#1628 = CARTESIAN_POINT ( 'NONE',  ( -3.464101615137735700, 5.999999999999999100, -7.000000000000000000 ) ) ;
#1629 = LINE ( 'NONE', #1628, #1627 ) ;
#1630 = CARTESIAN_POINT ( 'NONE',  ( -3.464101615137735700, 5.999999999999998200, -7.000000000000000000 ) ) ;
#1631 = DIRECTION ( 'NONE',  ( 1.000000000000000000, 0.0000000000000000000, 0.0000000000000000000 ) ) ;
#1632 = VECTOR ( 'NONE', #1631, 1000.000000000000000 ) ;
#1633 = CARTESIAN_POINT ( 'NONE',  ( 3.464101615137740200, 5.999999999999999100, -7.000000000000000000 ) ) ;
#1634 = LINE ( 'NONE', #1633, #1632 ) ;
#1635 = CARTESIAN_POINT ( 'NONE',  ( -2.000000000000000400, 5.999999999999999100, -7.000000000000000000 ) ) ;
#1636 = DIRECTION ( 'NONE',  ( 0.0000000000000000000, -1.000000000000000000, 0.0000000000000000000 ) ) ;
#1637 = VECTOR ( 'NONE', #1636, 1000.000000000000000 ) ;
#1638 = CARTESIAN_POINT ( 'NONE',  ( -2.000000000000000400, 6.999999999999999100, -7.000000000000000000 ) ) ;
#1639 = LINE ( 'NONE', #1638, #1637 ) ;
#1640 = CARTESIAN_POINT ( 'NONE',  ( -2.000000000000000400, 6.999999999999999100, -7.000000000000000000 ) ) ;
#1641 = DIRECTION ( 'NONE',  ( -1.000000000000000000, 0.0000000000000000000, 0.0000000000000000000 ) ) ;
#1642 = VECTOR ( 'NONE', #1641, 1000.000000000000000 ) ;
#1643 = CARTESIAN_POINT ( 'NONE',  ( -4.041451884327355700, 6.999999999999999100, -7.000000000000000000 ) ) ;
#1644 = LINE ( 'NONE', #1643, #1642 ) ;
#1645 = DIRECTION ( 'NONE',  ( -1.000000000000000000, 0.0000000000000000000, 0.0000000000000000000 ) ) ;
#1646 = DIRECTION ( 'NONE',  ( 0.0000000000000000000, 0.0000000000000000000, -1.000000000000000000 ) ) ;
#1647 = CARTESIAN_POINT ( 'NONE',  ( 0.0000000000000000000, 0.7500000000000006700, -10.90000000000000000 ) ) ;
#1648 = AXIS2_PLACEMENT_3D ( 'NONE', #1647, #1646, #1645 ) ;
#1649 = CYLINDRICAL_SURFACE ( 'NONE', #1648, 2.750000000000000000 ) ;
#1650 = FACE_OUTER_BOUND ( 'NONE', #393, .T. ) ;
#1651 = DIRECTION ( 'NONE',  ( -1.000000000000000000, 0.0000000000000000000, 0.0000000000000000000 ) ) ;
#1652 = DIRECTION ( 'NONE',  ( 0.0000000000000000000, 0.0000000000000000000, -1.000000000000000000 ) ) ;
#1653 = CARTESIAN_POINT ( 'NONE',  ( 0.0000000000000000000, 0.7500000000000006700, -11.00000000000000000 ) ) ;
#1654 = AXIS2_PLACEMENT_3D ( 'NONE', #1653, #1652, #1651 ) ;
#1655 = CIRCLE ( 'NONE', #1654, 2.750000000000000000 ) ;
#1656 = CARTESIAN_POINT ( 'NONE',  ( 6.928203230275495500, -1.626303258728256700E-015, -7.200000000000000200 ) ) ;
#1657 = LINE ( 'NONE', #1656, #843 ) ;
#1658 = DIRECTION ( 'NONE',  ( -6.792497415110492900E-048, 1.000000000000000000, 3.469446951953577100E-015 ) ) ;
#1659 = DIRECTION ( 'NONE',  ( 0.0000000000000000000, 0.0000000000000000000, -1.000000000000000000 ) ) ;
#1660 = DIRECTION ( 'NONE',  ( 0.0000000000000000000, -1.000000000000000000, 0.0000000000000000000 ) ) ;
#1661 = CARTESIAN_POINT ( 'NONE',  ( 3.464101615137740200, 5.999999999999999100, -7.200000000000000200 ) ) ;
#1662 = AXIS2_PLACEMENT_3D ( 'NONE', #1661, #1660, #1659 ) ;
#1663 = PLANE ( 'NONE',  #1662 ) ;
#1664 = FACE_OUTER_BOUND ( 'NONE', #422, .T. ) ;
#1665 = DIRECTION ( 'NONE',  ( 0.0000000000000000000, 0.0000000000000000000, 1.000000000000000000 ) ) ;
#1666 = VECTOR ( 'NONE', #1665, 1000.000000000000000 ) ;
#1667 = CARTESIAN_POINT ( 'NONE',  ( -3.464101615137735700, 5.999999999999999100, -7.200000000000000200 ) ) ;
#1668 = LINE ( 'NONE', #1667, #1666 ) ;
#1669 = DIRECTION ( 'NONE',  ( 0.5000000000000001100, 0.8660254037844386000, 0.0000000000000000000 ) ) ;
#1670 = DIRECTION ( 'NONE',  ( 0.8660254037844386000, -0.5000000000000001100, 0.0000000000000000000 ) ) ;
#1671 = CARTESIAN_POINT ( 'NONE',  ( -3.464101615137735700, 5.999999999999999100, -7.200000000000000200 ) ) ;
#1672 = AXIS2_PLACEMENT_3D ( 'NONE', #1671, #1670, #1669 ) ;
#1673 = PLANE ( 'NONE',  #1672 ) ;
#1674 = FACE_OUTER_BOUND ( 'NONE', #356, .T. ) ;
#1675 = CARTESIAN_POINT ( 'NONE',  ( -4.041451884327355700, 6.999999999999999100, -7.000000000000000000 ) ) ;
#1676 = DIRECTION ( 'NONE',  ( -0.5000000000000012200, -0.8660254037844380400, 0.0000000000000000000 ) ) ;
#1677 = VECTOR ( 'NONE', #1676, 999.9999999999998900 ) ;
#1678 = CARTESIAN_POINT ( 'NONE',  ( -4.041451884327355700, 6.999999999999999100, -7.000000000000000000 ) ) ;
#1679 = LINE ( 'NONE', #1678, #1677 ) ;
#1680 = CARTESIAN_POINT ( 'NONE',  ( -7.799999999999999800, 0.4900037009627350400, -7.000000000000000000 ) ) ;
#1681 = DIRECTION ( 'NONE',  ( 0.0000000000000000000, -1.000000000000000000, 0.0000000000000000000 ) ) ;
#1682 = VECTOR ( 'NONE', #1681, 1000.000000000000000 ) ;
#1683 = CARTESIAN_POINT ( 'NONE',  ( -7.799999999999999800, 13.99999999999994000, -7.000000000000000000 ) ) ;
#1684 = LINE ( 'NONE', #1683, #1682 ) ;
#1685 = DIRECTION ( 'NONE',  ( 0.4999999999999981700, -0.8660254037844397100, 0.0000000000000000000 ) ) ;
#1686 = VECTOR ( 'NONE', #1685, 1000.000000000000000 ) ;
#1687 = CARTESIAN_POINT ( 'NONE',  ( -4.041451884327383200, -6.999999999999999100, -7.000000000000000000 ) ) ;
#1688 = LINE ( 'NONE', #1687, #1686 ) ;
#1689 = CARTESIAN_POINT ( 'NONE',  ( -7.799999999999999800, -0.4900037009627281100, -7.000000000000000000 ) ) ;
#1690 = DIRECTION ( 'NONE',  ( -1.000000000000000000, 0.0000000000000000000, 0.0000000000000000000 ) ) ;
#1691 = DIRECTION ( 'NONE',  ( 0.0000000000000000000, 0.0000000000000000000, -1.000000000000000000 ) ) ;
#1692 = CARTESIAN_POINT ( 'NONE',  ( 0.0000000000000000000, 0.7500000000000006700, -10.90000000000000000 ) ) ;
#1693 = AXIS2_PLACEMENT_3D ( 'NONE', #1692, #1691, #1690 ) ;
#1694 = CIRCLE ( 'NONE', #1693, 2.750000000000000000 ) ;
#1695 = FACE_BOUND ( 'NONE', #455, .T. ) ;
#1696 = CARTESIAN_POINT ( 'NONE',  ( 1.272792206135780800, 1.598528137423864900, -10.80000000000000100 ) ) ;
#1697 = DIRECTION ( 'NONE',  ( 0.0000000000000000000, 0.0000000000000000000, -1.000000000000000000 ) ) ;
#1698 = VECTOR ( 'NONE', #1697, 1000.000000000000000 ) ;
#1699 = CARTESIAN_POINT ( 'NONE',  ( 1.272792206135780800, 1.598528137423864900, -10.80000000000000100 ) ) ;
#1700 = LINE ( 'NONE', #1699, #1698 ) ;
#1701 = DIRECTION ( 'NONE',  ( -0.7071067811865513500, 0.7071067811865436900, 0.0000000000000000000 ) ) ;
#1702 = DIRECTION ( 'NONE',  ( 0.7071067811865436900, 0.7071067811865513500, 0.0000000000000000000 ) ) ;
#1703 = CARTESIAN_POINT ( 'NONE',  ( 0.8485281374238504700, 2.022792206135790600, -10.80000000000000100 ) ) ;
#1704 = AXIS2_PLACEMENT_3D ( 'NONE', #1703, #1702, #1701 ) ;
#1705 = PLANE ( 'NONE',  #1704 ) ;
#1706 = FACE_OUTER_BOUND ( 'NONE', #444, .T. ) ;
#1707 = DIRECTION ( 'NONE',  ( -0.7071067811865435800, -0.7071067811865514600, 0.0000000000000000000 ) ) ;
#1708 = VECTOR ( 'NONE', #1707, 1000.000000000000000 ) ;
#1709 = CARTESIAN_POINT ( 'NONE',  ( 1.272792206135780800, 1.598528137423864900, -10.90000000000000000 ) ) ;
#1710 = LINE ( 'NONE', #1709, #1708 ) ;
#1711 = CARTESIAN_POINT ( 'NONE',  ( -0.8485281374238500300, -0.5227922061357895800, -10.90000000000000000 ) ) ;
#1712 = DIRECTION ( 'NONE',  ( -0.7071067811865513500, 0.7071067811865438000, 0.0000000000000000000 ) ) ;
#1713 = VECTOR ( 'NONE', #1712, 1000.000000000000000 ) ;
#1714 = CARTESIAN_POINT ( 'NONE',  ( -0.8485281374238500300, -0.5227922061357895800, -10.90000000000000000 ) ) ;
#1715 = LINE ( 'NONE', #1714, #1713 ) ;
#1716 = CARTESIAN_POINT ( 'NONE',  ( -1.272792206135780800, -0.09852813742386334900, -10.80000000000000100 ) ) ;
#1717 = DIRECTION ( 'NONE',  ( -1.000000000000000000, 0.0000000000000000000, 0.0000000000000000000 ) ) ;
#1718 = DIRECTION ( 'NONE',  ( 0.0000000000000000000, 0.0000000000000000000, -1.000000000000000000 ) ) ;
#1719 = CARTESIAN_POINT ( 'NONE',  ( -6.928203230275490100, 0.0000000000000000000, -7.000000000000000000 ) ) ;
#1720 = AXIS2_PLACEMENT_3D ( 'NONE', #1719, #1718, #1717 ) ;
#1721 = PLANE ( 'NONE',  #1720 ) ;
#1722 = FACE_OUTER_BOUND ( 'NONE', #431, .T. ) ;
#1723 = DIRECTION ( 'NONE',  ( -1.000000000000000000, 0.0000000000000000000, -1.141265444721583800E-016 ) ) ;
#1724 = DIRECTION ( 'NONE',  ( 1.141265444721583800E-016, 0.0000000000000000000, -1.000000000000000000 ) ) ;
#1725 = CARTESIAN_POINT ( 'NONE',  ( 1.899999999999999500, -9.999999999999998200, -3.199999999999999300 ) ) ;
#1726 = AXIS2_PLACEMENT_3D ( 'NONE', #1725, #1724, #1723 ) ;
#1727 = PLANE ( 'NONE',  #1726 ) ;
#1728 = FACE_OUTER_BOUND ( 'NONE', #474, .T. ) ;
#1729 = DIRECTION ( 'NONE',  ( 0.5000000000000001100, -0.8660254037844386000, 0.0000000000000000000 ) ) ;
#1730 = DIRECTION ( 'NONE',  ( -0.8660254037844386000, -0.5000000000000001100, 0.0000000000000000000 ) ) ;
#1731 = CARTESIAN_POINT ( 'NONE',  ( 6.928203230275495500, -1.626303258728256700E-015, -7.200000000000000200 ) ) ;
#1732 = AXIS2_PLACEMENT_3D ( 'NONE', #1731, #1730, #1729 ) ;
#1733 = PLANE ( 'NONE',  #1732 ) ;
#1734 = FACE_OUTER_BOUND ( 'NONE', #469, .T. ) ;
#1735 = DIRECTION ( 'NONE',  ( 0.0000000000000000000, 0.0000000000000000000, 1.000000000000000000 ) ) ;
#1736 = VECTOR ( 'NONE', #1735, 1000.000000000000000 ) ;
#1737 = CARTESIAN_POINT ( 'NONE',  ( 3.464101615137740200, 5.999999999999999100, -7.200000000000000200 ) ) ;
#1738 = LINE ( 'NONE', #1737, #1736 ) ;
#1739 = CARTESIAN_POINT ( 'NONE',  ( -1.272792206135780800, -0.09852813742386334900, -10.90000000000000000 ) ) ;
#1740 = DIRECTION ( 'NONE',  ( 0.7071067811865438000, 0.7071067811865513500, 0.0000000000000000000 ) ) ;
#1741 = VECTOR ( 'NONE', #1740, 1000.000000000000000 ) ;
#1742 = CARTESIAN_POINT ( 'NONE',  ( -1.272792206135780800, -0.09852813742386334900, -10.90000000000000000 ) ) ;
#1743 = LINE ( 'NONE', #1742, #1741 ) ;
#1744 = CARTESIAN_POINT ( 'NONE',  ( 1.272792206135780800, 1.598528137423864900, -10.90000000000000000 ) ) ;
#1745 = CARTESIAN_POINT ( 'NONE',  ( 0.8485281374238504700, 2.022792206135790600, -10.90000000000000000 ) ) ;
#1746 = DIRECTION ( 'NONE',  ( 0.7071067811865513500, -0.7071067811865435800, 0.0000000000000000000 ) ) ;
#1747 = VECTOR ( 'NONE', #1746, 1000.000000000000100 ) ;
#1748 = CARTESIAN_POINT ( 'NONE',  ( 0.8485281374238504700, 2.022792206135790600, -10.90000000000000000 ) ) ;
#1749 = LINE ( 'NONE', #1748, #1747 ) ;
#1750 = DIRECTION ( 'NONE',  ( -1.000000000000000000, 0.0000000000000000000, 0.0000000000000000000 ) ) ;
#1751 = DIRECTION ( 'NONE',  ( 0.0000000000000000000, 0.0000000000000000000, -1.000000000000000000 ) ) ;
#1752 = CARTESIAN_POINT ( 'NONE',  ( 0.0000000000000000000, 0.7500000000000006700, -10.90000000000000000 ) ) ;
#1753 = AXIS2_PLACEMENT_3D ( 'NONE', #1752, #1751, #1750 ) ;
#1754 = PLANE ( 'NONE',  #1753 ) ;
#1755 = FACE_OUTER_BOUND ( 'NONE', #440, .T. ) ;
#1756 = DIRECTION ( 'NONE',  ( 0.0000000000000000000, 0.0000000000000000000, -1.000000000000000000 ) ) ;
#1757 = CARTESIAN_POINT ( 'NONE',  ( -0.8485281374238500300, -0.5227922061357895800, -10.80000000000000100 ) ) ;
#1758 = LINE ( 'NONE', #1757, #1820 ) ;
#1759 = CARTESIAN_POINT ( 'NONE',  ( -0.8485281374238500300, -0.5227922061357895800, -10.80000000000000100 ) ) ;
#1760 = DIRECTION ( 'NONE',  ( -0.7071067811865513500, 0.7071067811865438000, 0.0000000000000000000 ) ) ;
#1761 = VECTOR ( 'NONE', #1760, 1000.000000000000000 ) ;
#1762 = CARTESIAN_POINT ( 'NONE',  ( -0.8485281374238500300, -0.5227922061357895800, -10.80000000000000100 ) ) ;
#1763 = LINE ( 'NONE', #1762, #1761 ) ;
#1764 = DIRECTION ( 'NONE',  ( 0.7071067811865513500, -0.7071067811865438000, 0.0000000000000000000 ) ) ;
#1765 = DIRECTION ( 'NONE',  ( -0.7071067811865438000, -0.7071067811865513500, 0.0000000000000000000 ) ) ;
#1766 = CARTESIAN_POINT ( 'NONE',  ( -0.8485281374238500300, -0.5227922061357895800, -10.80000000000000100 ) ) ;
#1767 = AXIS2_PLACEMENT_3D ( 'NONE', #1766, #1765, #1764 ) ;
#1768 = PLANE ( 'NONE',  #1767 ) ;
#1769 = FACE_OUTER_BOUND ( 'NONE', #435, .T. ) ;
#1770 = DIRECTION ( 'NONE',  ( 0.0000000000000000000, 0.0000000000000000000, -1.000000000000000000 ) ) ;
#1771 = VECTOR ( 'NONE', #1770, 1000.000000000000000 ) ;
#1772 = CARTESIAN_POINT ( 'NONE',  ( -1.272792206135780800, -0.09852813742386334900, -10.80000000000000100 ) ) ;
#1773 = LINE ( 'NONE', #1772, #1771 ) ;
#1774 = DIRECTION ( 'NONE',  ( -1.141265444721583500E-016, 0.0000000000000000000, 1.000000000000000000 ) ) ;
#1775 = DIRECTION ( 'NONE',  ( -1.000000000000000000, 0.0000000000000000000, -1.141265444721583500E-016 ) ) ;
#1776 = CARTESIAN_POINT ( 'NONE',  ( 1.899999999999999500, -9.999999999999998200, -3.199999999999999300 ) ) ;
#1777 = AXIS2_PLACEMENT_3D ( 'NONE', #1776, #1775, #1774 ) ;
#1778 = PLANE ( 'NONE',  #1777 ) ;
#1779 = FACE_OUTER_BOUND ( 'NONE', #485, .T. ) ;
#1780 = DIRECTION ( 'NONE',  ( -1.000000000000000000, 0.0000000000000000000, 0.0000000000000000000 ) ) ;
#1781 = DIRECTION ( 'NONE',  ( 0.0000000000000000000, 0.0000000000000000000, -1.000000000000000000 ) ) ;
#1782 = CARTESIAN_POINT ( 'NONE',  ( 1.272792206135780800, 1.598528137423864900, -10.80000000000000100 ) ) ;
#1783 = AXIS2_PLACEMENT_3D ( 'NONE', #1782, #1781, #1780 ) ;
#1784 = PLANE ( 'NONE',  #1783 ) ;
#1785 = FACE_OUTER_BOUND ( 'NONE', #479, .T. ) ;
#1786 = DIRECTION ( 'NONE',  ( -0.7071067811865435800, -0.7071067811865514600, 0.0000000000000000000 ) ) ;
#1787 = VECTOR ( 'NONE', #1786, 1000.000000000000000 ) ;
#1788 = CARTESIAN_POINT ( 'NONE',  ( 1.272792206135780800, 1.598528137423864900, -10.80000000000000100 ) ) ;
#1789 = LINE ( 'NONE', #1788, #1787 ) ;
#1790 = FACE_OUTER_BOUND ( 'NONE', #520, .T. ) ;
#1791 = DIRECTION ( 'NONE',  ( 2.282530889443167000E-016, 0.0000000000000000000, -1.000000000000000000 ) ) ;
#1792 = VECTOR ( 'NONE', #1791, 1000.000000000000000 ) ;
#1793 = CARTESIAN_POINT ( 'NONE',  ( -1.900000000000000100, -9.999999999999998200, -3.199999999999999700 ) ) ;
#1794 = LINE ( 'NONE', #1793, #1792 ) ;
#1795 = DIRECTION ( 'NONE',  ( 0.7071067811865438000, 0.7071067811865513500, 0.0000000000000000000 ) ) ;
#1796 = VECTOR ( 'NONE', #1795, 1000.000000000000000 ) ;
#1797 = CARTESIAN_POINT ( 'NONE',  ( -1.272792206135780800, -0.09852813742386334900, -10.80000000000000100 ) ) ;
#1798 = LINE ( 'NONE', #1797, #1796 ) ;
#1799 = DIRECTION ( 'NONE',  ( -0.7071067811865439100, -0.7071067811865512400, 0.0000000000000000000 ) ) ;
#1800 = DIRECTION ( 'NONE',  ( -0.7071067811865512400, 0.7071067811865439100, 0.0000000000000000000 ) ) ;
#1801 = CARTESIAN_POINT ( 'NONE',  ( -1.272792206135780800, -0.09852813742386334900, -10.80000000000000100 ) ) ;
#1802 = AXIS2_PLACEMENT_3D ( 'NONE', #1801, #1800, #1799 ) ;
#1803 = PLANE ( 'NONE',  #1802 ) ;
#1804 = FACE_OUTER_BOUND ( 'NONE', #506, .T. ) ;
#1805 = DIRECTION ( 'NONE',  ( 0.0000000000000000000, 0.0000000000000000000, -1.000000000000000000 ) ) ;
#1806 = VECTOR ( 'NONE', #1805, 1000.000000000000000 ) ;
#1807 = CARTESIAN_POINT ( 'NONE',  ( 0.8485281374238504700, 2.022792206135790600, -10.80000000000000100 ) ) ;
#1808 = LINE ( 'NONE', #1807, #1806 ) ;
#1809 = CARTESIAN_POINT ( 'NONE',  ( 0.8485281374238504700, 2.022792206135790600, -10.80000000000000100 ) ) ;
#1810 = DIRECTION ( 'NONE',  ( 0.7071067811865513500, -0.7071067811865435800, 0.0000000000000000000 ) ) ;
#1811 = VECTOR ( 'NONE', #1810, 1000.000000000000100 ) ;
#1812 = CARTESIAN_POINT ( 'NONE',  ( 0.8485281374238504700, 2.022792206135790600, -10.80000000000000100 ) ) ;
#1813 = LINE ( 'NONE', #1812, #1811 ) ;
#1814 = DIRECTION ( 'NONE',  ( 0.7071067811865435800, 0.7071067811865514600, 0.0000000000000000000 ) ) ;
#1815 = DIRECTION ( 'NONE',  ( 0.7071067811865514600, -0.7071067811865435800, 0.0000000000000000000 ) ) ;
#1816 = CARTESIAN_POINT ( 'NONE',  ( 1.272792206135780800, 1.598528137423864900, -10.80000000000000100 ) ) ;
#1817 = AXIS2_PLACEMENT_3D ( 'NONE', #1816, #1815, #1814 ) ;
#1818 = PLANE ( 'NONE',  #1817 ) ;
#1819 = FACE_OUTER_BOUND ( 'NONE', #497, .T. ) ;
#1820 = VECTOR ( 'NONE', #1756, 1000.000000000000000 ) ;
#1821 = DIRECTION ( 'NONE',  ( 0.0000000000000000000, 1.000000000000000000, 0.0000000000000000000 ) ) ;
#1822 = VECTOR ( 'NONE', #1821, 1000.000000000000000 ) ;
#1823 = CARTESIAN_POINT ( 'NONE',  ( -1.899999999999999000, -6.999999999999999100, -6.899999999999999500 ) ) ;
#1824 = LINE ( 'NONE', #1823, #1822 ) ;
#1825 = DIRECTION ( 'NONE',  ( 2.282530889443167000E-016, 0.0000000000000000000, -1.000000000000000000 ) ) ;
#1826 = DIRECTION ( 'NONE',  ( 1.000000000000000000, 0.0000000000000000000, 2.282530889443167000E-016 ) ) ;
#1827 = CARTESIAN_POINT ( 'NONE',  ( -1.900000000000000100, -9.999999999999998200, -3.199999999999999700 ) ) ;
#1828 = AXIS2_PLACEMENT_3D ( 'NONE', #1827, #1826, #1825 ) ;
#1829 = PLANE ( 'NONE',  #1828 ) ;
#1830 = FACE_OUTER_BOUND ( 'NONE', #535, .T. ) ;
#1831 = DIRECTION ( 'NONE',  ( -1.000000000000000000, 0.0000000000000000000, -1.141265444721583800E-016 ) ) ;
#1832 = VECTOR ( 'NONE', #1831, 1000.000000000000000 ) ;
#1833 = CARTESIAN_POINT ( 'NONE',  ( 1.899999999999999500, -9.999999999999998200, -3.199999999999999300 ) ) ;
#1834 = LINE ( 'NONE', #1833, #1832 ) ;
#1835 = CARTESIAN_POINT ( 'NONE',  ( -1.900000000000000100, -9.999999999999998200, -3.199999999999999700 ) ) ;
#1836 = DIRECTION ( 'NONE',  ( 0.0000000000000000000, 1.000000000000000000, 0.0000000000000000000 ) ) ;
#1837 = VECTOR ( 'NONE', #1836, 1000.000000000000000 ) ;
#1838 = CARTESIAN_POINT ( 'NONE',  ( -1.900000000000000100, -9.999999999999998200, -3.199999999999999700 ) ) ;
#1839 = LINE ( 'NONE', #1838, #1837 ) ;
#1840 = DIRECTION ( 'NONE',  ( 0.0000000000000000000, 0.0000000000000000000, 1.000000000000000000 ) ) ;
#1841 = DIRECTION ( 'NONE',  ( 0.0000000000000000000, 1.000000000000000000, 0.0000000000000000000 ) ) ;
#1842 = CARTESIAN_POINT ( 'NONE',  ( 0.0000000000000000000, -35.00000000000000000, -5.099999999999999600 ) ) ;
#1843 = AXIS2_PLACEMENT_3D ( 'NONE', #1842, #1841, #1840 ) ;
#1844 = CYLINDRICAL_SURFACE ( 'NONE', #1843, 1.250000000000000200 ) ;
#1845 = FACE_OUTER_BOUND ( 'NONE', #525, .T. ) ;
#1846 = DIRECTION ( 'NONE',  ( 0.0000000000000000000, 0.0000000000000000000, -1.000000000000000000 ) ) ;
#1847 = DIRECTION ( 'NONE',  ( 0.0000000000000000000, -1.000000000000000000, 0.0000000000000000000 ) ) ;
#1848 = CARTESIAN_POINT ( 'NONE',  ( 0.0000000000000000000, -35.00000000000000000, -5.099999999999999600 ) ) ;
#1849 = AXIS2_PLACEMENT_3D ( 'NONE', #1848, #1847, #1846 ) ;
#1850 = CIRCLE ( 'NONE', #1849, 1.250000000000000200 ) ;
#1851 = DIRECTION ( 'NONE',  ( 0.0000000000000000000, 0.0000000000000000000, -1.000000000000000000 ) ) ;
#1852 = DIRECTION ( 'NONE',  ( 0.0000000000000000000, -1.000000000000000000, 0.0000000000000000000 ) ) ;
#1853 = CARTESIAN_POINT ( 'NONE',  ( 0.0000000000000000000, -35.00000000000000000, -5.099999999999999600 ) ) ;
#1854 = AXIS2_PLACEMENT_3D ( 'NONE', #1853, #1852, #1851 ) ;
#1855 = PLANE ( 'NONE',  #1854 ) ;
#1856 = DIRECTION ( 'NONE',  ( -0.5000000000000013300, -0.8660254037844380400, 0.0000000000000000000 ) ) ;
#1857 = DIRECTION ( 'NONE',  ( -0.8660254037844379300, 0.5000000000000013300, 0.0000000000000000000 ) ) ;
#1858 = CARTESIAN_POINT ( 'NONE',  ( -4.041451884327355700, 6.999999999999999100, -7.000000000000000000 ) ) ;
#1859 = AXIS2_PLACEMENT_3D ( 'NONE', #1858, #1857, #1856 ) ;
#1860 = PLANE ( 'NONE',  #1859 ) ;
#1861 = FACE_OUTER_BOUND ( 'NONE', #558, .T. ) ;
#1862 = DIRECTION ( 'NONE',  ( -1.141265444721583800E-016, 0.0000000000000000000, 1.000000000000000000 ) ) ;
#1863 = VECTOR ( 'NONE', #1862, 1000.000000000000000 ) ;
#1864 = CARTESIAN_POINT ( 'NONE',  ( 1.899999999999999500, -9.999999999999998200, -3.199999999999999300 ) ) ;
#1865 = LINE ( 'NONE', #1864, #1863 ) ;
#1866 = CARTESIAN_POINT ( 'NONE',  ( 1.899999999999999500, -9.999999999999998200, -3.199999999999999300 ) ) ;
#1867 = DIRECTION ( 'NONE',  ( 0.0000000000000000000, 1.000000000000000000, 0.0000000000000000000 ) ) ;
#1868 = VECTOR ( 'NONE', #1867, 1000.000000000000000 ) ;
#1869 = CARTESIAN_POINT ( 'NONE',  ( 1.899999999999999500, -9.999999999999998200, -3.199999999999999300 ) ) ;
#1870 = LINE ( 'NONE', #1869, #1868 ) ;
#1871 = DIRECTION ( 'NONE',  ( 0.0000000000000000000, -1.000000000000000000, 0.0000000000000000000 ) ) ;
#1872 = VECTOR ( 'NONE', #1871, 1000.000000000000000 ) ;
#1873 = CARTESIAN_POINT ( 'NONE',  ( 1.899999999999999700, -6.999999999999999100, -6.899999999999999500 ) ) ;
#1874 = LINE ( 'NONE', #1873, #1872 ) ;
#1875 = CARTESIAN_POINT ( 'NONE',  ( 1.899999999999999700, -7.100000000000000500, -6.899999999999999500 ) ) ;
#1876 = DIRECTION ( 'NONE',  ( 0.0000000000000000000, 0.0000000000000000000, -1.000000000000000000 ) ) ;
#1877 = VECTOR ( 'NONE', #1876, 1000.000000000000000 ) ;
#1878 = CARTESIAN_POINT ( 'NONE',  ( 1.899999999999999700, -7.100000000000000500, -6.899999999999999500 ) ) ;
#1879 = LINE ( 'NONE', #1878, #1877 ) ;
#1880 = DIRECTION ( 'NONE',  ( 0.0000000000000000000, 0.0000000000000000000, -1.000000000000000000 ) ) ;
#1881 = VECTOR ( 'NONE', #1880, 1000.000000000000000 ) ;
#1882 = CARTESIAN_POINT ( 'NONE',  ( -1.899999999999999000, -7.099999999999999600, -6.899999999999999500 ) ) ;
#1883 = LINE ( 'NONE', #1882, #1881 ) ;
#1884 = CARTESIAN_POINT ( 'NONE',  ( -1.899999999999999200, -7.100000000000000500, -6.899999999999999500 ) ) ;
#1885 = PLANE ( 'NONE',  #1953 ) ;
#1886 = FACE_OUTER_BOUND ( 'NONE', #588, .T. ) ;
#1887 = DIRECTION ( 'NONE',  ( -1.000000000000000000, 2.282530889443168000E-016, 0.0000000000000000000 ) ) ;
#1888 = VECTOR ( 'NONE', #1887, 1000.000000000000000 ) ;
#1889 = CARTESIAN_POINT ( 'NONE',  ( -1.899999999999999000, -7.099999999999999600, -6.899999999999999500 ) ) ;
#1890 = LINE ( 'NONE', #1889, #1888 ) ;
#1891 = DIRECTION ( 'NONE',  ( 1.000000000000000000, -2.282530889443168000E-016, 0.0000000000000000000 ) ) ;
#1892 = DIRECTION ( 'NONE',  ( -2.282530889443168000E-016, -1.000000000000000000, 0.0000000000000000000 ) ) ;
#1893 = CARTESIAN_POINT ( 'NONE',  ( -1.899999999999999000, -7.099999999999999600, -6.899999999999999500 ) ) ;
#1894 = AXIS2_PLACEMENT_3D ( 'NONE', #1893, #1892, #1891 ) ;
#1895 = PLANE ( 'NONE',  #1894 ) ;
#1896 = FACE_OUTER_BOUND ( 'NONE', #581, .T. ) ;
#1897 = DIRECTION ( 'NONE',  ( 0.0000000000000000000, 1.000000000000000000, 0.0000000000000000000 ) ) ;
#1898 = VECTOR ( 'NONE', #1897, 1000.000000000000000 ) ;
#1899 = CARTESIAN_POINT ( 'NONE',  ( -1.899999999999999200, -9.999999999999998200, -7.000000000000000000 ) ) ;
#1900 = LINE ( 'NONE', #1899, #1898 ) ;
#1901 = DIRECTION ( 'NONE',  ( 6.792497415110494200E-048, -1.000000000000000000, -3.491483361109383200E-015 ) ) ;
#1902 = DIRECTION ( 'NONE',  ( -1.000000000000000000, 1.864656093671493300E-044, -5.342529665730135500E-030 ) ) ;
#1903 = CARTESIAN_POINT ( 'NONE',  ( 3.500000000000003100, -2.020725942163720900, 3.400000000000009700 ) ) ;
#1904 = AXIS2_PLACEMENT_3D ( 'NONE', #1903, #1902, #1901 ) ;
#1905 = PLANE ( 'NONE',  #1904 ) ;
#1906 = FACE_OUTER_BOUND ( 'NONE', #570, .T. ) ;
#1907 = CARTESIAN_POINT ( 'NONE',  ( -1.899999999999999200, -9.999999999999998200, -7.000000000000000000 ) ) ;
#1908 = DIRECTION ( 'NONE',  ( -6.792497415110492900E-048, 1.000000000000000000, 3.469446951953577100E-015 ) ) ;
#1909 = DIRECTION ( 'NONE',  ( -5.404929795928338700E-030, 3.491483361109380900E-015, -1.000000000000000000 ) ) ;
#1910 = CARTESIAN_POINT ( 'NONE',  ( 0.0000000000000000000, -1.184900701861598300E-014, 3.399999999999961300 ) ) ;
#1911 = AXIS2_PLACEMENT_3D ( 'NONE', #1910, #1909, #1908 ) ;
#1912 = CYLINDRICAL_SURFACE ( 'NONE', #1911, 2.000000000000021300 ) ;
#1913 = FACE_OUTER_BOUND ( 'NONE', #566, .T. ) ;
#1914 = DIRECTION ( 'NONE',  ( 0.0000000000000000000, 0.0000000000000000000, 1.000000000000000000 ) ) ;
#1915 = DIRECTION ( 'NONE',  ( 0.0000000000000000000, -1.000000000000000000, 0.0000000000000000000 ) ) ;
#1916 = CARTESIAN_POINT ( 'NONE',  ( 0.0000000000000000000, -10.00000000000000200, -5.099999999999999600 ) ) ;
#1917 = AXIS2_PLACEMENT_3D ( 'NONE', #1916, #1915, #1914 ) ;
#1918 = CIRCLE ( 'NONE', #1917, 1.250000000000000200 ) ;
#1919 = CYLINDRICAL_SURFACE ( 'NONE', #1399, 1.050000000000000000 ) ;
#1920 = PERSON_AND_ORGANIZATION_ROLE ( 'classification_officer' ) ;
#1921 = DATE_TIME_ROLE ( 'classification_date' ) ;
#1922 = FACE_OUTER_BOUND ( 'NONE', #609, .T. ) ;
#1923 = DIRECTION ( 'NONE',  ( 0.0000000000000000000, 0.0000000000000000000, -1.000000000000000000 ) ) ;
#1924 = VECTOR ( 'NONE', #1923, 1000.000000000000000 ) ;
#1925 = CARTESIAN_POINT ( 'NONE',  ( -2.750000000000000000, 0.7500000000000006700, -10.90000000000000000 ) ) ;
#1926 = LINE ( 'NONE', #1925, #1924 ) ;
#1927 = CARTESIAN_POINT ( 'NONE',  ( 1.050000000000000000, 0.0000000000000000000, 7.000000000000000000 ) ) ;
#1928 = DIRECTION ( 'NONE',  ( 1.000000000000000000, 0.0000000000000000000, 0.0000000000000000000 ) ) ;
#1929 = DIRECTION ( 'NONE',  ( 0.0000000000000000000, 0.0000000000000000000, 1.000000000000000000 ) ) ;
#1930 = CARTESIAN_POINT ( 'NONE',  ( 0.0000000000000000000, 0.0000000000000000000, 7.000000000000000000 ) ) ;
#1931 = AXIS2_PLACEMENT_3D ( 'NONE', #1930, #1929, #1928 ) ;
#1932 = CIRCLE ( 'NONE', #1931, 1.050000000000000000 ) ;
#1933 = CARTESIAN_POINT ( 'NONE',  ( -1.050000000000000000, 1.285879139104721000E-016, 7.000000000000000000 ) ) ;
#1934 = DIRECTION ( 'NONE',  ( 0.0000000000000000000, 0.0000000000000000000, 1.000000000000000000 ) ) ;
#1935 = VECTOR ( 'NONE', #1934, 1000.000000000000000 ) ;
#1936 = CARTESIAN_POINT ( 'NONE',  ( -1.050000000000000000, 1.285879139104721000E-016, 6.899999999999999500 ) ) ;
#1937 = LINE ( 'NONE', #1936, #1935 ) ;
#1938 = DIRECTION ( 'NONE',  ( 0.0000000000000000000, 0.0000000000000000000, 1.000000000000000000 ) ) ;
#1939 = DIRECTION ( 'NONE',  ( 0.0000000000000000000, 1.000000000000000000, 0.0000000000000000000 ) ) ;
#1940 = CARTESIAN_POINT ( 'NONE',  ( 0.0000000000000000000, -10.00000000000000000, -5.099999999999999600 ) ) ;
#1941 = AXIS2_PLACEMENT_3D ( 'NONE', #1940, #1939, #1938 ) ;
#1942 = PLANE ( 'NONE',  #1941 ) ;
#1943 = FACE_BOUND ( 'NONE', #512, .T. ) ;
#1944 = FACE_OUTER_BOUND ( 'NONE', #597, .T. ) ;
#1945 = DIRECTION ( 'NONE',  ( 0.0000000000000000000, 0.0000000000000000000, 1.000000000000000000 ) ) ;
#1946 = DIRECTION ( 'NONE',  ( 0.0000000000000000000, -1.000000000000000000, 0.0000000000000000000 ) ) ;
#1947 = CARTESIAN_POINT ( 'NONE',  ( 0.0000000000000000000, -10.00000000000000200, -5.099999999999999600 ) ) ;
#1948 = AXIS2_PLACEMENT_3D ( 'NONE', #1947, #1946, #1945 ) ;
#1949 = CIRCLE ( 'NONE', #1948, 1.250000000000000200 ) ;
#1950 = DIRECTION ( 'NONE',  ( 1.000000000000000000, 0.0000000000000000000, 0.0000000000000000000 ) ) ;
#1951 = DIRECTION ( 'NONE',  ( 0.0000000000000000000, 0.0000000000000000000, 1.000000000000000000 ) ) ;
#1952 = CARTESIAN_POINT ( 'NONE',  ( -1.899999999999999000, -6.999999999999999100, -6.899999999999999500 ) ) ;
#1953 = AXIS2_PLACEMENT_3D ( 'NONE', #1952, #1951, #1950 ) ;
#1954 = DIRECTION ( 'NONE',  ( -1.000000000000000000, 0.0000000000000000000, 0.0000000000000000000 ) ) ;
#1955 = DIRECTION ( 'NONE',  ( 0.0000000000000000000, 0.0000000000000000000, -1.000000000000000000 ) ) ;
#1956 = AXIS2_PLACEMENT_3D ( 'NONE', #1959, #1955, #1954 ) ;
#1957 = CYLINDRICAL_SURFACE ( 'NONE', #1956, 2.750000000000000000 ) ;
#1958 = CARTESIAN_POINT ( 'NONE',  ( 2.750000000000000000, 0.7500000000000010000, -10.90000000000000000 ) ) ;
#1959 = CARTESIAN_POINT ( 'NONE',  ( 0.0000000000000000000, 0.7500000000000006700, -10.90000000000000000 ) ) ;
#1960 = FACE_OUTER_BOUND ( 'NONE', #675, .T. ) ;
#1961 = CARTESIAN_POINT ( 'NONE',  ( 2.750000000000000000, 0.7500000000000010000, -11.00000000000000000 ) ) ;
#1962 = CARTESIAN_POINT ( 'NONE',  ( -2.750000000000000000, 0.7500000000000006700, -10.90000000000000000 ) ) ;
#1963 = DIRECTION ( 'NONE',  ( -1.000000000000000000, 0.0000000000000000000, 0.0000000000000000000 ) ) ;
#1964 = DIRECTION ( 'NONE',  ( 0.0000000000000000000, 0.0000000000000000000, -1.000000000000000000 ) ) ;
#1965 = CARTESIAN_POINT ( 'NONE',  ( 0.0000000000000000000, 0.7500000000000006700, -10.90000000000000000 ) ) ;
#1966 = AXIS2_PLACEMENT_3D ( 'NONE', #1965, #1964, #1963 ) ;
#1967 = CIRCLE ( 'NONE', #1966, 2.750000000000000000 ) ;
#1968 = DIRECTION ( 'NONE',  ( -1.000000000000000000, 0.0000000000000000000, 0.0000000000000000000 ) ) ;
#1969 = DIRECTION ( 'NONE',  ( 0.0000000000000000000, 0.0000000000000000000, -1.000000000000000000 ) ) ;
#1970 = CARTESIAN_POINT ( 'NONE',  ( 0.0000000000000000000, 0.7500000000000006700, -11.00000000000000000 ) ) ;
#1971 = AXIS2_PLACEMENT_3D ( 'NONE', #1970, #1969, #1968 ) ;
#1972 = CIRCLE ( 'NONE', #1971, 2.750000000000000000 ) ;
#1973 = CARTESIAN_POINT ( 'NONE',  ( -2.750000000000000000, 0.7500000000000006700, -11.00000000000000000 ) ) ;
#1974 = DIRECTION ( 'NONE',  ( 0.0000000000000000000, 0.0000000000000000000, -1.000000000000000000 ) ) ;
#1975 = VECTOR ( 'NONE', #1974, 1000.000000000000000 ) ;
#1976 = CARTESIAN_POINT ( 'NONE',  ( 2.750000000000000000, 0.7500000000000010000, -10.90000000000000000 ) ) ;
#1977 = LINE ( 'NONE', #1976, #1975 ) ;
#1978 = DIRECTION ( 'NONE',  ( 1.000000000000000000, 0.0000000000000000000, 0.0000000000000000000 ) ) ;
#1979 = DIRECTION ( 'NONE',  ( 0.0000000000000000000, 0.0000000000000000000, 1.000000000000000000 ) ) ;
#1980 = CARTESIAN_POINT ( 'NONE',  ( 0.0000000000000000000, 0.0000000000000000000, 6.899999999999999500 ) ) ;
#1981 = AXIS2_PLACEMENT_3D ( 'NONE', #1980, #1979, #1978 ) ;
#1982 = CIRCLE ( 'NONE', #1981, 1.050000000000000000 ) ;
#1983 = CARTESIAN_POINT ( 'NONE',  ( -1.050000000000000000, 1.285879139104721000E-016, 6.899999999999999500 ) ) ;
#1984 = DIRECTION ( 'NONE',  ( 0.0000000000000000000, 0.0000000000000000000, 1.000000000000000000 ) ) ;
#1985 = VECTOR ( 'NONE', #1984, 1000.000000000000000 ) ;
#1986 = CARTESIAN_POINT ( 'NONE',  ( 4.041451884327369900, -6.999999999999999100, -7.000000000000000000 ) ) ;
#1987 = LINE ( 'NONE', #1986, #1985 ) ;
#1988 = DIRECTION ( 'NONE',  ( 1.000000000000000000, 0.0000000000000000000, 0.0000000000000000000 ) ) ;
#1989 = VECTOR ( 'NONE', #1988, 1000.000000000000000 ) ;
#1990 = CARTESIAN_POINT ( 'NONE',  ( -4.041451884327383200, -6.999999999999999100, -7.000000000000000000 ) ) ;
#1991 = DIRECTION ( 'NONE',  ( 0.0000000000000000000, 0.0000000000000000000, 1.000000000000000000 ) ) ;
#1992 = DIRECTION ( 'NONE',  ( 0.0000000000000000000, 1.000000000000000000, 0.0000000000000000000 ) ) ;
#1993 = CARTESIAN_POINT ( 'NONE',  ( 0.0000000000000000000, -35.00000000000000000, -5.099999999999999600 ) ) ;
#1994 = AXIS2_PLACEMENT_3D ( 'NONE', #1993, #1992, #1991 ) ;
#1995 = LINE ( 'NONE', #1990, #1989 ) ;
#1996 = CYLINDRICAL_SURFACE ( 'NONE', #1994, 1.250000000000000200 ) ;
#1997 = FACE_OUTER_BOUND ( 'NONE', #629, .T. ) ;
#1998 = CARTESIAN_POINT ( 'NONE',  ( 0.0000000000000000000, -35.00000000000000000, -3.849999999999999200 ) ) ;
#1999 = DIRECTION ( 'NONE',  ( 0.0000000000000000000, 0.0000000000000000000, -1.000000000000000000 ) ) ;
#2000 = DIRECTION ( 'NONE',  ( 0.0000000000000000000, -1.000000000000000000, 0.0000000000000000000 ) ) ;
#2001 = CARTESIAN_POINT ( 'NONE',  ( 0.0000000000000000000, -35.00000000000000000, -5.099999999999999600 ) ) ;
#2002 = AXIS2_PLACEMENT_3D ( 'NONE', #2001, #2000, #1999 ) ;
#2003 = CIRCLE ( 'NONE', #2002, 1.250000000000000200 ) ;
#2004 = CARTESIAN_POINT ( 'NONE',  ( 1.530808498934191800E-016, -10.00000000000000200, -6.349999999999999600 ) ) ;
#2005 = CARTESIAN_POINT ( 'NONE',  ( 1.530808498934191800E-016, -35.00000000000000000, -6.349999999999999600 ) ) ;
#2006 = CARTESIAN_POINT ( 'NONE',  ( 0.0000000000000000000, -10.00000000000000200, -3.849999999999999200 ) ) ;
#2007 = DIRECTION ( 'NONE',  ( 0.0000000000000000000, 1.000000000000000000, 0.0000000000000000000 ) ) ;
#2008 = VECTOR ( 'NONE', #2007, 1000.000000000000000 ) ;
#2009 = CARTESIAN_POINT ( 'NONE',  ( 1.530808498934191800E-016, -35.00000000000000000, -6.349999999999999600 ) ) ;
#2010 = LINE ( 'NONE', #2009, #2008 ) ;
#2011 = DIRECTION ( 'NONE',  ( 0.0000000000000000000, 1.000000000000000000, 0.0000000000000000000 ) ) ;
#2012 = VECTOR ( 'NONE', #2011, 1000.000000000000000 ) ;
#2013 = CARTESIAN_POINT ( 'NONE',  ( 0.0000000000000000000, -35.00000000000000000, -3.849999999999999200 ) ) ;
#2014 = LINE ( 'NONE', #2013, #2012 ) ;
#2015 = AXIS2_PLACEMENT_3D ( 'NONE', #2074, #2073, #2072 ) ;
#2016 = CIRCLE ( 'NONE', #2015, 1.315830701515184000 ) ;
#2017 = CARTESIAN_POINT ( 'NONE',  ( -3.600000000000000100, 0.7500000000000011100, -11.00000000000000000 ) ) ;
#2018 = DIRECTION ( 'NONE',  ( -1.000000000000000000, 0.0000000000000000000, 0.0000000000000000000 ) ) ;
#2019 = DIRECTION ( 'NONE',  ( 0.0000000000000000000, 0.0000000000000000000, -1.000000000000000000 ) ) ;
#2020 = CARTESIAN_POINT ( 'NONE',  ( 0.0000000000000000000, 0.7500000000000006700, -11.00000000000000000 ) ) ;
#2021 = AXIS2_PLACEMENT_3D ( 'NONE', #2020, #2019, #2018 ) ;
#2022 = CARTESIAN_POINT ( 'NONE',  ( 7.799999999991753100, -0.4900037009770457600, -0.2830808546616229200 ) ) ;
#2023 = CARTESIAN_POINT ( 'NONE',  ( 7.799999999999999800, -0.4084867930026584400, -0.2790457015853709000 ) ) ;
#2024 = CARTESIAN_POINT ( 'NONE',  ( 7.800000000000000700, -0.2452973529569757700, -0.2730891603779259100 ) ) ;
#2025 = CARTESIAN_POINT ( 'NONE',  ( 7.799999999999999800, -0.08181399259340170500, -0.2711247931132349000 ) ) ;
#2026 = CARTESIAN_POINT ( 'NONE',  ( 7.799999999999999800, 0.0000000000000000000, -0.2711247931132349000 ) ) ;
#2027 = CIRCLE ( 'NONE', #2021, 3.600000000000000100 ) ;
#2028 = CARTESIAN_POINT ( 'NONE',  ( 0.0000000000000000000, -6.999999999999999100, 0.0000000000000000000 ) ) ;
#2029 = CARTESIAN_POINT ( 'NONE',  ( 0.1706140628664102300, -7.000000000000000000, 1.290323868256245400E-013 ) ) ;
#2030 = CARTESIAN_POINT ( 'NONE',  ( 0.3442673614774257000, -6.999999999999999100, 4.558478953130170200E-005 ) ) ;
#2031 = CARTESIAN_POINT ( 'NONE',  ( 0.6885158679054771400, -6.999999999999999100, -0.0003205666261476933700 ) ) ;
#2032 = CARTESIAN_POINT ( 'NONE',  ( 0.8606295395423523300, -6.999999999999998200, -0.0007347113874301642100 ) ) ;
#2033 = CARTESIAN_POINT ( 'NONE',  ( 1.376828466263524400, -6.999999999999997300, -0.005079914095515461500 ) ) ;
#2034 = CARTESIAN_POINT ( 'NONE',  ( 1.720794639665244700, -6.999999999999998200, -0.01161134921633038100 ) ) ;
#2035 = CARTESIAN_POINT ( 'NONE',  ( 2.407258254324727600, -6.999999999999999100, -0.05674680576500506400 ) ) ;
#2036 = CARTESIAN_POINT ( 'NONE',  ( 2.752524904589510200, -6.999999999999999100, -0.09506212859139734400 ) ) ;
#2037 = CARTESIAN_POINT ( 'NONE',  ( 3.257883993746018900, -6.999999999999998200, -0.2113323942810775800 ) ) ;
#2038 = CARTESIAN_POINT ( 'NONE',  ( 3.423259544851491800, -6.999999999999999100, -0.2597631727301386600 ) ) ;
#2039 = CARTESIAN_POINT ( 'NONE',  ( 3.744300076209813100, -6.999999999999998200, -0.3871498119120695400 ) ) ;
#2040 = CARTESIAN_POINT ( 'NONE',  ( 3.901417289886786500, -6.999999999999998200, -0.4669118497198351300 ) ) ;
#2041 = CARTESIAN_POINT ( 'NONE',  ( 4.041451884327360100, -6.999999999999999100, -0.5683483519688683500 ) ) ;
#2042 = B_SPLINE_CURVE_WITH_KNOTS ( 'NONE', 3,
 ( #2026, #2025, #2024, #2023, #2022 ),
 .UNSPECIFIED., .F., .F.,
 ( 4, 1, 4 ),
 ( 5.503622744035742200E-018, 0.0002447794593720832700, 0.0004895589187441609000 ),
 .UNSPECIFIED. ) ;
#2043 = B_SPLINE_CURVE_WITH_KNOTS ( 'NONE', 3,
 ( #2041, #2040, #2039, #2038, #2037, #2036, #2035, #2034, #2033, #2032, #2031, #2030, #2029, #2028 ),
 .UNSPECIFIED., .F., .F.,
 ( 4, 2, 2, 2, 2, 2, 4 ),
 ( 0.01590046013700012500, 0.01641200309701038000, 0.01692354605702063900, 0.01794663197704115400, 0.01896971789706166500, 0.01948126085707192400, 0.01999280381708218000 ),
 .UNSPECIFIED. ) ;
#2044 = CARTESIAN_POINT ( 'NONE',  ( 7.799999999999999800, 0.0000000000000000000, -0.2711247931132349000 ) ) ;
#2045 = CARTESIAN_POINT ( 'NONE',  ( -1.899999999999999000, -7.099999999999999600, -7.000000000000000000 ) ) ;
#2046 = CARTESIAN_POINT ( 'NONE',  ( 7.518055819892883700, -0.9783453458066367900, -0.1281304772888808800 ) ) ;
#2047 = CARTESIAN_POINT ( 'NONE',  ( 7.660620803941902100, -0.7314155500534818000, -0.1852048489225723300 ) ) ;
#2048 = CARTESIAN_POINT ( 'NONE',  ( 7.799999999991753100, -0.4900037009770457600, -0.2830808546616229200 ) ) ;
#2049 = LINE ( 'NONE', #2111, #2110 ) ;
#2050 = B_SPLINE_CURVE_WITH_KNOTS ( 'NONE', 3,
 ( #2048, #2047, #2046, #2108, #2107, #2106, #2105, #2104, #2103, #2102 ),
 .UNSPECIFIED., .F., .F.,
 ( 4, 2, 2, 2, 4 ),
 ( 2.406871661166522200E-007, 0.0008718058256457432000, 0.001743370964125369800, 0.002614936102604996500, 0.003486501241084623100 ),
 .UNSPECIFIED. ) ;
#2051 = DIRECTION ( 'NONE',  ( -1.000000000000000000, 0.0000000000000000000, 0.0000000000000000000 ) ) ;
#2052 = DIRECTION ( 'NONE',  ( 0.0000000000000000000, 0.0000000000000000000, -1.000000000000000000 ) ) ;
#2053 = CARTESIAN_POINT ( 'NONE',  ( 0.0000000000000000000, 0.7500000000000006700, -7.200000000000000200 ) ) ;
#2054 = AXIS2_PLACEMENT_3D ( 'NONE', #2053, #2052, #2051 ) ;
#2055 = DIRECTION ( 'NONE',  ( 1.000000000000000000, 0.0000000000000000000, 0.0000000000000000000 ) ) ;
#2056 = DIRECTION ( 'NONE',  ( 0.0000000000000000000, 0.0000000000000000000, 1.000000000000000000 ) ) ;
#2057 = CARTESIAN_POINT ( 'NONE',  ( 0.0000000000000000000, 0.7500000000000006700, -11.00000000000000000 ) ) ;
#2058 = AXIS2_PLACEMENT_3D ( 'NONE', #2057, #2056, #2055 ) ;
#2059 = CIRCLE ( 'NONE', #2054, 3.600000000000000100 ) ;
#2060 = CYLINDRICAL_SURFACE ( 'NONE', #2058, 3.600000000000000100 ) ;
#2061 = FACE_OUTER_BOUND ( 'NONE', #674, .T. ) ;
#2062 = DIRECTION ( 'NONE',  ( 1.000000000000000000, 0.0000000000000000000, 0.0000000000000000000 ) ) ;
#2063 = DIRECTION ( 'NONE',  ( 0.0000000000000000000, 0.0000000000000000000, 1.000000000000000000 ) ) ;
#2064 = CARTESIAN_POINT ( 'NONE',  ( 8.673617379884035500E-016, 13.99999999999994000, -7.000000000000000000 ) ) ;
#2065 = AXIS2_PLACEMENT_3D ( 'NONE', #2064, #2063, #2062 ) ;
#2066 = PLANE ( 'NONE',  #2065 ) ;
#2067 = FACE_OUTER_BOUND ( 'NONE', #657, .T. ) ;
#2068 = DIRECTION ( 'NONE',  ( 0.0000000000000000000, 0.0000000000000000000, 1.000000000000000000 ) ) ;
#2069 = VECTOR ( 'NONE', #2068, 1000.000000000000000 ) ;
#2070 = CARTESIAN_POINT ( 'NONE',  ( 3.600000000000000100, 0.7500000000000006700, -11.00000000000000000 ) ) ;
#2071 = LINE ( 'NONE', #2070, #2069 ) ;
#2072 = DIRECTION ( 'NONE',  ( 0.0000000000000000000, 0.0000000000000000000, -1.000000000000000000 ) ) ;
#2073 = DIRECTION ( 'NONE',  ( 0.0000000000000000000, -1.000000000000000000, 0.0000000000000000000 ) ) ;
#2074 = CARTESIAN_POINT ( 'NONE',  ( 6.999999999999999100, 0.0000000000000000000, -1.315830701515183300 ) ) ;
#2075 = CARTESIAN_POINT ( 'NONE',  ( -1.387778780781445700E-014, 4.041451884327470300, 1.000000000000017800 ) ) ;
#2076 = DIRECTION ( 'NONE',  ( -0.8660254037844386000, 0.4999999999999999400, 1.745741680554686300E-015 ) ) ;
#2077 = VECTOR ( 'NONE', #2076, 1000.000000000000100 ) ;
#2078 = CARTESIAN_POINT ( 'NONE',  ( 3.500000000000003100, 2.020725942163761300, 1.000000000000039100 ) ) ;
#2079 = LINE ( 'NONE', #2078, #2077 ) ;
#2080 = CARTESIAN_POINT ( 'NONE',  ( 1.050000000000000000, 0.0000000000000000000, 6.899999999999999500 ) ) ;
#2081 = DIRECTION ( 'NONE',  ( 1.000000000000000000, 0.0000000000000000000, 0.0000000000000000000 ) ) ;
#2082 = DIRECTION ( 'NONE',  ( 0.0000000000000000000, 0.0000000000000000000, 1.000000000000000000 ) ) ;
#2083 = AXIS2_PLACEMENT_3D ( 'NONE', #2085, #2082, #2081 ) ;
#2084 = TOROIDAL_SURFACE ( 'NONE', #2083, 6.999999999999999100, 1.315830701515183800 ) ;
#2085 = CARTESIAN_POINT ( 'NONE',  ( 0.0000000000000000000, 0.0000000000000000000, -1.315830701515183300 ) ) ;
#2086 = FACE_OUTER_BOUND ( 'NONE', #679, .T. ) ;
#2087 = DIRECTION ( 'NONE',  ( 0.0000000000000000000, 0.0000000000000000000, 1.000000000000000000 ) ) ;
#2088 = VECTOR ( 'NONE', #2087, 1000.000000000000000 ) ;
#2089 = CARTESIAN_POINT ( 'NONE',  ( 1.050000000000000000, 0.0000000000000000000, 6.899999999999999500 ) ) ;
#2090 = LINE ( 'NONE', #2089, #2088 ) ;
#2091 = DIRECTION ( 'NONE',  ( 1.000000000000000000, 0.0000000000000000000, 0.0000000000000000000 ) ) ;
#2092 = DIRECTION ( 'NONE',  ( 0.0000000000000000000, 0.0000000000000000000, 1.000000000000000000 ) ) ;
#2093 = CARTESIAN_POINT ( 'NONE',  ( 0.0000000000000000000, 0.0000000000000000000, 0.0000000000000000000 ) ) ;
#2094 = AXIS2_PLACEMENT_3D ( 'NONE', #2093, #2092, #2091 ) ;
#2095 = CIRCLE ( 'NONE', #2094, 6.999999999999999100 ) ;
#2096 = CARTESIAN_POINT ( 'NONE',  ( 3.600000000000000100, 0.7500000000000006700, -11.00000000000000000 ) ) ;
#2097 = CARTESIAN_POINT ( 'NONE',  ( 6.062177826491065100, -3.500000000000009300, 0.0000000000000000000 ) ) ;
#2098 = CARTESIAN_POINT ( 'NONE',  ( 6.999999999999999100, 0.0000000000000000000, 3.252606517456513300E-016 ) ) ;
#2099 = CARTESIAN_POINT ( 'NONE',  ( 7.799999999991753100, -0.4900037009770457600, -0.2830808546616229200 ) ) ;
#2100 = CARTESIAN_POINT ( 'NONE',  ( 3.600000000000000100, 0.7500000000000006700, -7.200000000000000200 ) ) ;
#2101 = CARTESIAN_POINT ( 'NONE',  ( -3.600000000000000100, 0.7500000000000011100, -7.200000000000000200 ) ) ;
#2102 = CARTESIAN_POINT ( 'NONE',  ( 6.062177826491065100, -3.500000000000009300, 0.0000000000000000000 ) ) ;
#2103 = CARTESIAN_POINT ( 'NONE',  ( 6.208251845142809700, -3.246992378029418100, 7.637325508477601400E-016 ) ) ;
#2104 = CARTESIAN_POINT ( 'NONE',  ( 6.354326687167763100, -2.993983329934604600, 0.0003732754506440055200 ) ) ;
#2105 = CARTESIAN_POINT ( 'NONE',  ( 6.646468068144176100, -2.487979615090122100, -0.002644364033372828500 ) ) ;
#2106 = CARTESIAN_POINT ( 'NONE',  ( 6.792534562271449700, -2.234985025978224500, -0.006055599971085417900 ) ) ;
#2107 = CARTESIAN_POINT ( 'NONE',  ( 7.084630482440552200, -1.729060051561754700, -0.02968285274911839800 ) ) ;
#2108 = CARTESIAN_POINT ( 'NONE',  ( 7.230130630902941400, -1.477046401916086300, -0.04978122233335109700 ) ) ;
#2109 = DIRECTION ( 'NONE',  ( 0.0000000000000000000, 0.0000000000000000000, 1.000000000000000000 ) ) ;
#2110 = VECTOR ( 'NONE', #2109, 1000.000000000000000 ) ;
#2111 = CARTESIAN_POINT ( 'NONE',  ( -3.600000000000000100, 0.7500000000000011100, -11.00000000000000000 ) ) ;
#2112 = CYLINDRICAL_SURFACE ( 'NONE', #2177, 2.000000000000000000 ) ;
#2113 = FACE_OUTER_BOUND ( 'NONE', #704, .T. ) ;
#2114 = CARTESIAN_POINT ( 'NONE',  ( 3.500000000000003100, 2.020725942163761300, 1.000000000000039100 ) ) ;
#2115 = DIRECTION ( 'NONE',  ( 6.792497415110494200E-048, -1.000000000000000000, -3.491483361109383200E-015 ) ) ;
#2116 = DIRECTION ( 'NONE',  ( 5.404929795928338000E-030, -3.491483361109383200E-015, 1.000000000000000000 ) ) ;
#2117 = CARTESIAN_POINT ( 'NONE',  ( -1.387778780781445700E-014, 4.041451884327470300, 1.000000000000017800 ) ) ;
#2118 = AXIS2_PLACEMENT_3D ( 'NONE', #2117, #2116, #2115 ) ;
#2119 = PLANE ( 'NONE',  #2118 ) ;
#2120 = FACE_BOUND ( 'NONE', #682, .T. ) ;
#2121 = FACE_OUTER_BOUND ( 'NONE', #700, .T. ) ;
#2122 = DIRECTION ( 'NONE',  ( 6.792497415110492900E-048, -1.000000000000000000, -3.469446951953577100E-015 ) ) ;
#2123 = DIRECTION ( 'NONE',  ( 5.404929795928338700E-030, -3.491483361109380900E-015, 1.000000000000000000 ) ) ;
#2124 = ADVANCED_FACE ( 'NONE', ( #2477 ), #2476, .F. ) ;
#2125 = CARTESIAN_POINT ( 'NONE',  ( 0.0000000000000000000, -1.184900701861598300E-014, 3.399999999999961300 ) ) ;
#2126 = AXIS2_PLACEMENT_3D ( 'NONE', #2125, #2123, #2122 ) ;
#2127 = CIRCLE ( 'NONE', #2126, 2.000000000000021300 ) ;
#2128 = DIRECTION ( 'NONE',  ( -6.792497415110492900E-048, 1.000000000000000000, 3.491483361109383200E-015 ) ) ;
#2129 = VECTOR ( 'NONE', #2128, 1000.000000000000000 ) ;
#2130 = CARTESIAN_POINT ( 'NONE',  ( 3.500000000000003100, -2.020725942163720900, 3.400000000000009700 ) ) ;
#2131 = LINE ( 'NONE', #2130, #2129 ) ;
#2132 = CARTESIAN_POINT ( 'NONE',  ( 3.500000000000003100, -2.020725942163720900, 3.400000000000009700 ) ) ;
#2133 = DIRECTION ( 'NONE',  ( 0.8660254037844383700, 0.5000000000000003300, 1.745741680554697100E-015 ) ) ;
#2134 = VECTOR ( 'NONE', #2133, 1000.000000000000100 ) ;
#2135 = CARTESIAN_POINT ( 'NONE',  ( 4.163336342344337000E-014, -4.041451884327513800, 3.399999999999975000 ) ) ;
#2136 = LINE ( 'NONE', #2135, #2134 ) ;
#2137 = CARTESIAN_POINT ( 'NONE',  ( 4.163336342344337000E-014, -4.041451884327513800, 3.399999999999975000 ) ) ;
#2138 = DIRECTION ( 'NONE',  ( 0.8660254037844386000, -0.4999999999999999400, -1.745741680554686300E-015 ) ) ;
#2139 = VECTOR ( 'NONE', #2138, 1000.000000000000100 ) ;
#2140 = CARTESIAN_POINT ( 'NONE',  ( -3.500000000000003100, -2.020725942163804000, 3.400000000000009700 ) ) ;
#2141 = LINE ( 'NONE', #2140, #2139 ) ;
#2142 = DIRECTION ( 'NONE',  ( -6.792497415110492900E-048, 1.000000000000000000, 3.491483361109383200E-015 ) ) ;
#2143 = VECTOR ( 'NONE', #2142, 1000.000000000000000 ) ;
#2144 = CARTESIAN_POINT ( 'NONE',  ( 3.500000000000003100, -2.020725942163712500, 0.9999999999999688000 ) ) ;
#2145 = LINE ( 'NONE', #2144, #2143 ) ;
#2146 = DIRECTION ( 'NONE',  ( 5.404929795928338700E-030, -3.491483361109380900E-015, 1.000000000000000000 ) ) ;
#2147 = CARTESIAN_POINT ( 'NONE',  ( 0.0000000000000000000, -3.469446951953614200E-015, 1.000000000000003600 ) ) ;
#2148 = AXIS2_PLACEMENT_3D ( 'NONE', #2147, #2146, #2213 ) ;
#2149 = CIRCLE ( 'NONE', #2148, 2.000000000000021300 ) ;
#2150 = CARTESIAN_POINT ( 'NONE',  ( 1.899999999999999700, -7.100000000000000500, -7.000000000000000000 ) ) ;
#2151 = DIRECTION ( 'NONE',  ( -1.000000000000000000, 2.282530889443168000E-016, 0.0000000000000000000 ) ) ;
#2152 = VECTOR ( 'NONE', #2151, 1000.000000000000000 ) ;
#2153 = CARTESIAN_POINT ( 'NONE',  ( -1.899999999999999000, -7.099999999999999600, -7.000000000000000000 ) ) ;
#2154 = LINE ( 'NONE', #2153, #2152 ) ;
#2155 = DIRECTION ( 'NONE',  ( 0.0000000000000000000, 1.000000000000000000, 0.0000000000000000000 ) ) ;
#2156 = VECTOR ( 'NONE', #2155, 1000.000000000000000 ) ;
#2157 = CARTESIAN_POINT ( 'NONE',  ( 1.899999999999999900, -9.999999999999998200, -6.999999999999999100 ) ) ;
#2158 = LINE ( 'NONE', #2157, #2156 ) ;
#2159 = CARTESIAN_POINT ( 'NONE',  ( 4.041451884327369900, -6.999999999999999100, -7.000000000000000000 ) ) ;
#2160 = DIRECTION ( 'NONE',  ( 1.000000000000000000, 0.0000000000000000000, 2.282530889443167500E-016 ) ) ;
#2161 = VECTOR ( 'NONE', #2160, 1000.000000000000000 ) ;
#2162 = CARTESIAN_POINT ( 'NONE',  ( 1.899999999999999900, -9.999999999999998200, -6.999999999999999100 ) ) ;
#2163 = LINE ( 'NONE', #2162, #2161 ) ;
#2164 = CARTESIAN_POINT ( 'NONE',  ( 1.899999999999999900, -9.999999999999998200, -6.999999999999999100 ) ) ;
#2165 = CARTESIAN_POINT ( 'NONE',  ( 4.041451884327360100, -6.999999999999999100, -0.5683483519688683500 ) ) ;
#2166 = CARTESIAN_POINT ( 'NONE',  ( -4.041451884327383200, -6.999999999999999100, -7.000000000000000000 ) ) ;
#2167 = DIRECTION ( 'NONE',  ( 0.0000000000000000000, 0.0000000000000000000, -1.000000000000000000 ) ) ;
#2168 = DIRECTION ( 'NONE',  ( 0.0000000000000000000, -1.000000000000000000, 0.0000000000000000000 ) ) ;
#2169 = CARTESIAN_POINT ( 'NONE',  ( -4.041451884327383200, -6.999999999999999100, -7.000000000000000000 ) ) ;
#2170 = AXIS2_PLACEMENT_3D ( 'NONE', #2169, #2168, #2167 ) ;
#2171 = PLANE ( 'NONE',  #2170 ) ;
#2172 = FACE_BOUND ( 'NONE', #840, .T. ) ;
#2173 = FACE_OUTER_BOUND ( 'NONE', #721, .T. ) ;
#2174 = DIRECTION ( 'NONE',  ( 0.0000000000000000000, 1.000000000000000000, 3.469446951953614200E-015 ) ) ;
#2175 = DIRECTION ( 'NONE',  ( 0.0000000000000000000, 3.491483361109382100E-015, -1.000000000000000000 ) ) ;
#2176 = CARTESIAN_POINT ( 'NONE',  ( 0.0000000000000000000, -3.491483361109382500E-015, 1.000000000000000000 ) ) ;
#2177 = AXIS2_PLACEMENT_3D ( 'NONE', #2176, #2175, #2174 ) ;
#2178 = CARTESIAN_POINT ( 'NONE',  ( 0.0000000000000000000, -6.999999999999999100, 0.0000000000000000000 ) ) ;
#2179 = DIRECTION ( 'NONE',  ( -5.404929795928338700E-030, 3.491483361109380900E-015, -1.000000000000000000 ) ) ;
#2180 = CARTESIAN_POINT ( 'NONE',  ( 0.0000000000000000000, -1.184900701861598300E-014, 3.399999999999961300 ) ) ;
#2181 = AXIS2_PLACEMENT_3D ( 'NONE', #2180, #2179, #1658 ) ;
#2182 = CC_DESIGN_DATE_AND_TIME_ASSIGNMENT ( #2721, #1921, ( #2729 ) ) ;
#2183 = CYLINDRICAL_SURFACE ( 'NONE', #2181, 2.000000000000021300 ) ;
#2184 = FACE_OUTER_BOUND ( 'NONE', #745, .T. ) ;
#2185 = DIRECTION ( 'NONE',  ( 6.792497415110492900E-048, -1.000000000000000000, -3.491483361109383200E-015 ) ) ;
#2186 = VECTOR ( 'NONE', #2185, 1000.000000000000000 ) ;
#2187 = CARTESIAN_POINT ( 'NONE',  ( -3.499999999999947600, 2.020725942163586400, 3.400000000000023400 ) ) ;
#2188 = LINE ( 'NONE', #2187, #2186 ) ;
#2189 = CARTESIAN_POINT ( 'NONE',  ( -3.500000000000003100, -2.020725942163804000, 3.400000000000009700 ) ) ;
#2190 = CARTESIAN_POINT ( 'NONE',  ( -3.499999999999947600, 2.020725942163586400, 3.400000000000023400 ) ) ;
#2191 = DIRECTION ( 'NONE',  ( -0.8660254037844382600, -0.5000000000000006700, -1.745741680554698500E-015 ) ) ;
#2192 = VECTOR ( 'NONE', #2191, 1000.000000000000000 ) ;
#2193 = CARTESIAN_POINT ( 'NONE',  ( -1.387778780781445700E-014, 4.041451884327461400, 3.399999999999975000 ) ) ;
#2194 = LINE ( 'NONE', #2193, #2192 ) ;
#2195 = CARTESIAN_POINT ( 'NONE',  ( -1.387778780781445700E-014, 4.041451884327461400, 3.399999999999975000 ) ) ;
#2196 = CARTESIAN_POINT ( 'NONE',  ( 3.500000000000003100, 2.020725942163752900, 3.399999999999995900 ) ) ;
#2197 = DIRECTION ( 'NONE',  ( -0.8660254037844386000, 0.4999999999999999400, 1.745741680554686300E-015 ) ) ;
#2198 = VECTOR ( 'NONE', #2197, 1000.000000000000100 ) ;
#2199 = CARTESIAN_POINT ( 'NONE',  ( 3.500000000000003100, 2.020725942163752900, 3.399999999999995900 ) ) ;
#2200 = LINE ( 'NONE', #2199, #2198 ) ;
#2201 = DIRECTION ( 'NONE',  ( 6.792497415110494200E-048, -1.000000000000000000, -3.491483361109383200E-015 ) ) ;
#2202 = DIRECTION ( 'NONE',  ( 5.404929795928338000E-030, -3.491483361109383200E-015, 1.000000000000000000 ) ) ;
#2203 = CARTESIAN_POINT ( 'NONE',  ( -1.387778780781445700E-014, 4.041451884327461400, 3.399999999999975000 ) ) ;
#2204 = AXIS2_PLACEMENT_3D ( 'NONE', #2203, #2202, #2201 ) ;
#2205 = PLANE ( 'NONE',  #2204 ) ;
#2206 = FACE_BOUND ( 'NONE', #695, .T. ) ;
#2207 = FACE_OUTER_BOUND ( 'NONE', #728, .T. ) ;
#2208 = DIRECTION ( 'NONE',  ( -5.404929795928338700E-030, 3.491483361109380900E-015, -1.000000000000000000 ) ) ;
#2209 = VECTOR ( 'NONE', #2208, 1000.000000000000000 ) ;
#2210 = CARTESIAN_POINT ( 'NONE',  ( -1.358499483022113200E-047, 2.000000000000009800, 3.399999999999967900 ) ) ;
#2211 = LINE ( 'NONE', #2210, #2209 ) ;
#2212 = CARTESIAN_POINT ( 'NONE',  ( -6.485915755113796800E-030, 1.999999999999996700, 1.000000000000010400 ) ) ;
#2213 = DIRECTION ( 'NONE',  ( 6.792497415110492900E-048, -1.000000000000000000, -3.469446951953577100E-015 ) ) ;
#2214 = DIRECTION ( 'NONE',  ( -0.8660254037844382600, -0.5000000000000006700, -1.745741680554698500E-015 ) ) ;
#2215 = VECTOR ( 'NONE', #2214, 1000.000000000000000 ) ;
#2216 = CARTESIAN_POINT ( 'NONE',  ( -1.387778780781445700E-014, 4.041451884327470300, 1.000000000000017800 ) ) ;
#2217 = LINE ( 'NONE', #2216, #2215 ) ;
#2218 = CARTESIAN_POINT ( 'NONE',  ( -3.500000000000016900, 2.020725942163705800, 1.000000000000039100 ) ) ;
#2219 = DIRECTION ( 'NONE',  ( 6.792497415110492900E-048, -1.000000000000000000, -3.491483361109383200E-015 ) ) ;
#2220 = VECTOR ( 'NONE', #2219, 1000.000000000000000 ) ;
#2221 = CARTESIAN_POINT ( 'NONE',  ( -3.500000000000016900, 2.020725942163705800, 1.000000000000039100 ) ) ;
#2222 = LINE ( 'NONE', #2221, #2220 ) ;
#2223 = CARTESIAN_POINT ( 'NONE',  ( -3.499999999999975100, -2.020725942163796000, 0.9999999999999688000 ) ) ;
#2224 = DIRECTION ( 'NONE',  ( 0.8660254037844386000, -0.4999999999999999400, -1.745741680554686300E-015 ) ) ;
#2225 = VECTOR ( 'NONE', #2224, 1000.000000000000100 ) ;
#2226 = CARTESIAN_POINT ( 'NONE',  ( -3.499999999999975100, -2.020725942163796000, 0.9999999999999688000 ) ) ;
#2227 = LINE ( 'NONE', #2226, #2225 ) ;
#2228 = CARTESIAN_POINT ( 'NONE',  ( 4.163336342344337000E-014, -4.041451884327504900, 0.9999999999999900100 ) ) ;
#2229 = DIRECTION ( 'NONE',  ( 0.8660254037844383700, 0.5000000000000003300, 1.745741680554697100E-015 ) ) ;
#2230 = VECTOR ( 'NONE', #2229, 1000.000000000000100 ) ;
#2231 = CARTESIAN_POINT ( 'NONE',  ( 4.163336342344337000E-014, -4.041451884327504900, 0.9999999999999900100 ) ) ;
#2232 = LINE ( 'NONE', #2231, #2230 ) ;
#2233 = CARTESIAN_POINT ( 'NONE',  ( 3.500000000000003100, -2.020725942163712500, 0.9999999999999688000 ) ) ;
#2234 = CARTESIAN_POINT ( 'NONE',  ( 2.449293598294642300E-016, -2.000000000000003600, 0.9999999999999965600 ) ) ;
#2235 = CARTESIAN_POINT ( 'NONE',  ( 2.449293598294647700E-016, -2.000000000000011500, 3.399999999999954200 ) ) ;
#2236 = CARTESIAN_POINT ( 'NONE',  ( -6.485915755113746400E-030, 1.999999999999988200, 3.399999999999967900 ) ) ;
#2237 = DIRECTION ( 'NONE',  ( 6.792497415110492900E-048, -1.000000000000000000, -3.469446951953577100E-015 ) ) ;
#2238 = DIRECTION ( 'NONE',  ( 5.404929795928338700E-030, -3.491483361109380900E-015, 1.000000000000000000 ) ) ;
#2239 = CARTESIAN_POINT ( 'NONE',  ( 0.0000000000000000000, -1.184900701861598300E-014, 3.399999999999961300 ) ) ;
#2240 = AXIS2_PLACEMENT_3D ( 'NONE', #2239, #2238, #2237 ) ;
#2241 = CIRCLE ( 'NONE', #2240, 2.000000000000021300 ) ;
#2242 = LINE ( 'NONE', #2310, #2309 ) ;
#2243 = DIRECTION ( 'NONE',  ( -0.8660254037844387100, 0.4999999999999999400, 1.745741680554686300E-015 ) ) ;
#2244 = DIRECTION ( 'NONE',  ( 0.4999999999999999400, 0.8660254037844387100, 3.023713287611405500E-015 ) ) ;
#2245 = CARTESIAN_POINT ( 'NONE',  ( -3.500000000000003100, -2.020725942163804000, 3.400000000000009700 ) ) ;
#2246 = AXIS2_PLACEMENT_3D ( 'NONE', #2245, #2244, #2243 ) ;
#2247 = PLANE ( 'NONE',  #2246 ) ;
#2248 = FACE_OUTER_BOUND ( 'NONE', #779, .T. ) ;
#2249 = DIRECTION ( 'NONE',  ( -5.404929795928338700E-030, 3.491483361109380900E-015, -1.000000000000000000 ) ) ;
#2250 = VECTOR ( 'NONE', #2249, 1000.000000000000000 ) ;
#2251 = CARTESIAN_POINT ( 'NONE',  ( -3.500000000000003100, -2.020725942163804000, 3.400000000000009700 ) ) ;
#2252 = LINE ( 'NONE', #2251, #2250 ) ;
#2253 = DIRECTION ( 'NONE',  ( -0.8660254037844387100, -0.4999999999999999400, -1.745741680554696000E-015 ) ) ;
#2254 = DIRECTION ( 'NONE',  ( -0.4999999999999999400, 0.8660254037844387100, 3.023713287611399600E-015 ) ) ;
#2255 = CARTESIAN_POINT ( 'NONE',  ( 4.163336342344337000E-014, -4.041451884327513800, 3.399999999999975000 ) ) ;
#2256 = AXIS2_PLACEMENT_3D ( 'NONE', #2255, #2254, #2253 ) ;
#2257 = PLANE ( 'NONE',  #2256 ) ;
#2258 = FACE_OUTER_BOUND ( 'NONE', #772, .T. ) ;
#2259 = CARTESIAN_POINT ( 'NONE',  ( -4.041451884327901900, -6.999999999999101200, -0.5683483519681354900 ) ) ;
#2260 = CARTESIAN_POINT ( 'NONE',  ( -3.900090995339418500, -7.000000000000000000, -0.4659511251190737700 ) ) ;
#2261 = CARTESIAN_POINT ( 'NONE',  ( -3.742278884172908400, -6.999999999999999100, -0.3862771065157767900 ) ) ;
#2262 = CARTESIAN_POINT ( 'NONE',  ( -3.423327166202349700, -6.999999999999999100, -0.2598611494659120400 ) ) ;
#2263 = CARTESIAN_POINT ( 'NONE',  ( -3.259230600526791500, -6.999999999999998200, -0.2117599950830814900 ) ) ;
#2264 = CARTESIAN_POINT ( 'NONE',  ( -2.758171037991223400, -6.999999999999997300, -0.09612851327274089800 ) ) ;
#2265 = CARTESIAN_POINT ( 'NONE',  ( -2.411750527663564000, -6.999999999999999100, -0.05716366079968562800 ) ) ;
#2266 = CARTESIAN_POINT ( 'NONE',  ( -1.723676156846939200, -6.999999999999999100, -0.01168062017267092900 ) ) ;
#2267 = CARTESIAN_POINT ( 'NONE',  ( -1.379085681424249100, -6.999999999999999100, -0.005112966094545218900 ) ) ;
#2268 = CARTESIAN_POINT ( 'NONE',  ( -0.6896548736938127300, -7.000000000000000000, 0.0007184838103285656500 ) ) ;
#2269 = CARTESIAN_POINT ( 'NONE',  ( -0.3448151475800165800, -6.999999999999998200, 1.290323934430693700E-013 ) ) ;
#2270 = CARTESIAN_POINT ( 'NONE',  ( 0.0000000000000000000, -6.999999999999999100, 0.0000000000000000000 ) ) ;
#2271 = DIRECTION ( 'NONE',  ( -5.404929795928338700E-030, 3.491483361109380900E-015, -1.000000000000000000 ) ) ;
#2272 = VECTOR ( 'NONE', #2271, 1000.000000000000000 ) ;
#2273 = CARTESIAN_POINT ( 'NONE',  ( 4.163336342344337000E-014, -4.041451884327513800, 3.399999999999975000 ) ) ;
#2274 = LINE ( 'NONE', #2273, #2272 ) ;
#2275 = B_SPLINE_CURVE_WITH_KNOTS ( 'NONE', 3,
 ( #2270, #2269, #2268, #2267, #2266, #2265, #2264, #2263, #2262, #2261, #2260, #2259 ),
 .UNSPECIFIED., .F., .F.,
 ( 4, 2, 2, 2, 2, 4 ),
 ( 2.523363036534471100E-018, 0.001033840694524433700, 0.002067681389048864800, 0.003101522083573295600, 0.003618442430835511300, 0.004135362778097726900 ),
 .UNSPECIFIED. ) ;
#2276 = CARTESIAN_POINT ( 'NONE',  ( -4.041451884327901900, -6.999999999999101200, -0.5683483519681354900 ) ) ;
#2277 = DIRECTION ( 'NONE',  ( 0.8660254037844382600, 0.5000000000000006700, 1.745741680554698500E-015 ) ) ;
#2278 = DIRECTION ( 'NONE',  ( 0.5000000000000006700, -0.8660254037844382600, -3.023713287611398800E-015 ) ) ;
#2279 = CARTESIAN_POINT ( 'NONE',  ( -1.387778780781445700E-014, 4.041451884327461400, 3.399999999999975000 ) ) ;
#2280 = AXIS2_PLACEMENT_3D ( 'NONE', #2279, #2278, #2277 ) ;
#2281 = PLANE ( 'NONE',  #2280 ) ;
#2282 = FACE_OUTER_BOUND ( 'NONE', #789, .T. ) ;
#2283 = DIRECTION ( 'NONE',  ( -5.404929795928338700E-030, 3.491483361109380900E-015, -1.000000000000000000 ) ) ;
#2284 = VECTOR ( 'NONE', #2283, 1000.000000000000000 ) ;
#2285 = CARTESIAN_POINT ( 'NONE',  ( -1.387778780781445700E-014, 4.041451884327461400, 3.399999999999975000 ) ) ;
#2286 = LINE ( 'NONE', #2285, #2284 ) ;
#2287 = DIRECTION ( 'NONE',  ( -6.792497415110494200E-048, 1.000000000000000000, 3.491483361109383200E-015 ) ) ;
#2288 = DIRECTION ( 'NONE',  ( 1.000000000000000000, -1.864656093671493300E-044, 5.342529665730135500E-030 ) ) ;
#2289 = CARTESIAN_POINT ( 'NONE',  ( -3.499999999999947600, 2.020725942163586400, 3.400000000000023400 ) ) ;
#2290 = AXIS2_PLACEMENT_3D ( 'NONE', #2289, #2288, #2287 ) ;
#2291 = PLANE ( 'NONE',  #2290 ) ;
#2292 = FACE_OUTER_BOUND ( 'NONE', #795, .T. ) ;
#2293 = DIRECTION ( 'NONE',  ( -5.404929795928338700E-030, 3.491483361109380900E-015, -1.000000000000000000 ) ) ;
#2294 = VECTOR ( 'NONE', #2293, 1000.000000000000000 ) ;
#2295 = CARTESIAN_POINT ( 'NONE',  ( 3.500000000000003100, 2.020725942163752900, 3.399999999999995900 ) ) ;
#2296 = LINE ( 'NONE', #2295, #2294 ) ;
#2297 = DIRECTION ( 'NONE',  ( 6.792497415110492900E-048, -1.000000000000000000, -3.469446951953577100E-015 ) ) ;
#2298 = DIRECTION ( 'NONE',  ( 5.404929795928338700E-030, -3.491483361109380900E-015, 1.000000000000000000 ) ) ;
#2299 = CARTESIAN_POINT ( 'NONE',  ( 0.0000000000000000000, -3.469446951953614200E-015, 1.000000000000003600 ) ) ;
#2300 = AXIS2_PLACEMENT_3D ( 'NONE', #2299, #2298, #2297 ) ;
#2301 = CIRCLE ( 'NONE', #2300, 2.000000000000021300 ) ;
#2302 = DIRECTION ( 'NONE',  ( 0.8660254037844387100, -0.4999999999999999400, -1.745741680554686300E-015 ) ) ;
#2303 = DIRECTION ( 'NONE',  ( -0.4999999999999999400, -0.8660254037844387100, -3.023713287611405500E-015 ) ) ;
#2304 = CARTESIAN_POINT ( 'NONE',  ( 3.500000000000003100, 2.020725942163752900, 3.399999999999995900 ) ) ;
#2305 = AXIS2_PLACEMENT_3D ( 'NONE', #2304, #2303, #2302 ) ;
#2306 = PLANE ( 'NONE',  #2305 ) ;
#2307 = FACE_OUTER_BOUND ( 'NONE', #800, .T. ) ;
#2308 = DIRECTION ( 'NONE',  ( -5.404929795928338700E-030, 3.491483361109380900E-015, -1.000000000000000000 ) ) ;
#2309 = VECTOR ( 'NONE', #2308, 1000.000000000000000 ) ;
#2310 = CARTESIAN_POINT ( 'NONE',  ( -3.499999999999947600, 2.020725942163586400, 3.400000000000023400 ) ) ;
#2311 = DIRECTION ( 'NONE',  ( 0.0000000000000000000, -1.000000000000000000, -3.469446951953614200E-015 ) ) ;
#2312 = DIRECTION ( 'NONE',  ( 0.0000000000000000000, -3.491483361109382100E-015, 1.000000000000000000 ) ) ;
#2313 = CARTESIAN_POINT ( 'NONE',  ( 0.0000000000000000000, -3.491483361109382500E-015, 1.000000000000000000 ) ) ;
#2314 = AXIS2_PLACEMENT_3D ( 'NONE', #2313, #2312, #2311 ) ;
#2315 = CIRCLE ( 'NONE', #2314, 4.250000000000000000 ) ;
#2316 = CARTESIAN_POINT ( 'NONE',  ( 0.0000000000000000000, -3.491483361109382500E-015, 1.000000000000000000 ) ) ;
#2317 = DIRECTION ( 'NONE',  ( 0.0000000000000000000, -1.000000000000000000, -3.491483361109382100E-015 ) ) ;
#2318 = DIRECTION ( 'NONE',  ( 0.0000000000000000000, -3.491483361109382100E-015, 1.000000000000000000 ) ) ;
#2319 = CARTESIAN_POINT ( 'NONE',  ( 0.0000000000000000000, -3.491483361109382500E-015, 1.000000000000000000 ) ) ;
#2320 = AXIS2_PLACEMENT_3D ( 'NONE', #2319, #2318, #2317 ) ;
#2321 = PLANE ( 'NONE',  #2320 ) ;
#2322 = FACE_BOUND ( 'NONE', #816, .T. ) ;
#2323 = FACE_OUTER_BOUND ( 'NONE', #812, .T. ) ;
#2324 = DIRECTION ( 'NONE',  ( 0.0000000000000000000, 3.491483361109382100E-015, -1.000000000000000000 ) ) ;
#2325 = VECTOR ( 'NONE', #2324, 1000.000000000000000 ) ;
#2326 = CARTESIAN_POINT ( 'NONE',  ( 0.0000000000000000000, 4.249999999999996400, 1.000000000000014700 ) ) ;
#2327 = LINE ( 'NONE', #2326, #2325 ) ;
#2328 = DIRECTION ( 'NONE',  ( 0.0000000000000000000, -1.000000000000000000, -3.491483361109382900E-015 ) ) ;
#2329 = DIRECTION ( 'NONE',  ( 0.0000000000000000000, -3.491483361109382100E-015, 1.000000000000000000 ) ) ;
#2330 = CARTESIAN_POINT ( 'NONE',  ( 0.0000000000000000000, 0.0000000000000000000, 0.0000000000000000000 ) ) ;
#2331 = AXIS2_PLACEMENT_3D ( 'NONE', #2330, #2329, #2328 ) ;
#2332 = CIRCLE ( 'NONE', #2331, 4.250000000000000000 ) ;
#2333 = CARTESIAN_POINT ( 'NONE',  ( 2.449293598294706400E-016, -2.000000000000000000, -6.982966722218764900E-015 ) ) ;
#2334 = DIRECTION ( 'NONE',  ( 0.0000000000000000000, 3.491483361109382100E-015, -1.000000000000000000 ) ) ;
#2335 = VECTOR ( 'NONE', #2334, 1000.000000000000000 ) ;
#2336 = CARTESIAN_POINT ( 'NONE',  ( 2.449293598294706400E-016, -2.000000000000003600, 0.9999999999999931200 ) ) ;
#2337 = LINE ( 'NONE', #2336, #2335 ) ;
#2338 = CARTESIAN_POINT ( 'NONE',  ( 2.449293598294708900E-016, -2.000000000000003600, 0.9999999999999931200 ) ) ;
#2339 = CARTESIAN_POINT ( 'NONE',  ( 0.0000000000000000000, 1.999999999999996700, 1.000000000000006900 ) ) ;
#2340 = DIRECTION ( 'NONE',  ( -5.404929795928338700E-030, 3.491483361109380900E-015, -1.000000000000000000 ) ) ;
#2341 = VECTOR ( 'NONE', #2340, 1000.000000000000000 ) ;
#2342 = CARTESIAN_POINT ( 'NONE',  ( 2.449293598294732500E-016, -2.000000000000032900, 3.399999999999954200 ) ) ;
#2343 = LINE ( 'NONE', #2342, #2341 ) ;
#2344 = DIRECTION ( 'NONE',  ( 1.141265444721583500E-016, 0.0000000000000000000, -1.000000000000000000 ) ) ;
#2345 = VECTOR ( 'NONE', #2344, 1000.000000000000000 ) ;
#2346 = CARTESIAN_POINT ( 'NONE',  ( 1.900000000000000600, -6.999999999999999100, -6.999999999999999100 ) ) ;
#2347 = DIRECTION ( 'NONE',  ( 0.0000000000000000000, 1.000000000000000000, 3.469446951953614200E-015 ) ) ;
#2348 = DIRECTION ( 'NONE',  ( 0.0000000000000000000, 3.491483361109382100E-015, -1.000000000000000000 ) ) ;
#2349 = CARTESIAN_POINT ( 'NONE',  ( 0.0000000000000000000, -3.491483361109382500E-015, 1.000000000000000000 ) ) ;
#2350 = AXIS2_PLACEMENT_3D ( 'NONE', #2349, #2348, #2347 ) ;
#2351 = LINE ( 'NONE', #2346, #2345 ) ;
#2352 = CYLINDRICAL_SURFACE ( 'NONE', #2350, 4.250000000000000000 ) ;
#2353 = FACE_OUTER_BOUND ( 'NONE', #830, .T. ) ;
#2354 = DIRECTION ( 'NONE',  ( 0.0000000000000000000, -1.000000000000000000, -3.491483361109382500E-015 ) ) ;
#2355 = DIRECTION ( 'NONE',  ( 0.0000000000000000000, -3.491483361109382100E-015, 1.000000000000000000 ) ) ;
#2356 = CARTESIAN_POINT ( 'NONE',  ( 0.0000000000000000000, 0.0000000000000000000, 0.0000000000000000000 ) ) ;
#2357 = AXIS2_PLACEMENT_3D ( 'NONE', #2356, #2355, #2354 ) ;
#2358 = CIRCLE ( 'NONE', #2357, 2.000000000000000000 ) ;
#2359 = DIRECTION ( 'NONE',  ( 0.0000000000000000000, -1.000000000000000000, -3.491483361109382900E-015 ) ) ;
#2360 = DIRECTION ( 'NONE',  ( 0.0000000000000000000, -3.491483361109382100E-015, 1.000000000000000000 ) ) ;
#2361 = CARTESIAN_POINT ( 'NONE',  ( 0.0000000000000000000, 0.0000000000000000000, 0.0000000000000000000 ) ) ;
#2362 = AXIS2_PLACEMENT_3D ( 'NONE', #2361, #2360, #2359 ) ;
#2363 = CIRCLE ( 'NONE', #2362, 4.250000000000000000 ) ;
#2364 = DIRECTION ( 'NONE',  ( 0.0000000000000000000, -1.000000000000000000, -3.491483361109382100E-015 ) ) ;
#2365 = DIRECTION ( 'NONE',  ( 0.0000000000000000000, -3.491483361109382100E-015, 1.000000000000000000 ) ) ;
#2366 = CARTESIAN_POINT ( 'NONE',  ( 0.0000000000000000000, 0.0000000000000000000, 0.0000000000000000000 ) ) ;
#2367 = AXIS2_PLACEMENT_3D ( 'NONE', #2366, #2365, #2364 ) ;
#2368 = PLANE ( 'NONE',  #2367 ) ;
#2369 = FACE_BOUND ( 'NONE', #825, .T. ) ;
#2370 = FACE_OUTER_BOUND ( 'NONE', #821, .T. ) ;
#2371 = DIRECTION ( 'NONE',  ( 0.0000000000000000000, -1.000000000000000000, -3.469446951953614200E-015 ) ) ;
#2372 = DIRECTION ( 'NONE',  ( 0.0000000000000000000, -3.491483361109382100E-015, 1.000000000000000000 ) ) ;
#2373 = AXIS2_PLACEMENT_3D ( 'NONE', #2316, #2372, #2371 ) ;
#2374 = CIRCLE ( 'NONE', #2373, 2.000000000000000000 ) ;
#2375 = DIRECTION ( 'NONE',  ( 0.5000000000000013300, 0.8660254037844380400, 0.0000000000000000000 ) ) ;
#2376 = VECTOR ( 'NONE', #2375, 999.9999999999997700 ) ;
#2377 = CARTESIAN_POINT ( 'NONE',  ( 4.041451884327369900, -6.999999999999999100, -7.000000000000000000 ) ) ;
#2378 = LINE ( 'NONE', #2377, #2376 ) ;
#2379 = DIRECTION ( 'NONE',  ( 1.000000000000000000, 0.0000000000000000000, 1.141265444721583800E-016 ) ) ;
#2380 = VECTOR ( 'NONE', #2379, 1000.000000000000000 ) ;
#2381 = CARTESIAN_POINT ( 'NONE',  ( -4.041451884327384100, -6.999999999999999100, -3.200000000000000200 ) ) ;
#2382 = LINE ( 'NONE', #2381, #2380 ) ;
#2383 = DIRECTION ( 'NONE',  ( 1.000000000000000000, 0.0000000000000000000, 0.0000000000000000000 ) ) ;
#2384 = DIRECTION ( 'NONE',  ( 0.0000000000000000000, 0.0000000000000000000, 1.000000000000000000 ) ) ;
#2385 = CARTESIAN_POINT ( 'NONE',  ( 8.673617379884035500E-016, 13.99999999999994000, -7.000000000000000000 ) ) ;
#2386 = AXIS2_PLACEMENT_3D ( 'NONE', #2385, #2384, #2383 ) ;
#2387 = PLANE ( 'NONE',  #2386 ) ;
#2388 = FACE_OUTER_BOUND ( 'NONE', #854, .T. ) ;
#2389 = CARTESIAN_POINT ( 'NONE',  ( 7.799999999999998900, -0.4900037009627628000, -7.000000000000000000 ) ) ;
#2390 = CARTESIAN_POINT ( 'NONE',  ( -1.900000000000000100, -6.999999999999999100, -3.200000000000000200 ) ) ;
#2391 = DIRECTION ( 'NONE',  ( -2.282530889443167000E-016, 0.0000000000000000000, 1.000000000000000000 ) ) ;
#2392 = VECTOR ( 'NONE', #2391, 1000.000000000000000 ) ;
#2393 = CARTESIAN_POINT ( 'NONE',  ( -1.899999999999999200, -6.999999999999999100, -6.999999999999999100 ) ) ;
#2394 = LINE ( 'NONE', #2393, #2392 ) ;
#2395 = DIRECTION ( 'NONE',  ( 1.000000000000000000, 0.0000000000000000000, 0.0000000000000000000 ) ) ;
#2396 = VECTOR ( 'NONE', #2395, 1000.000000000000000 ) ;
#2397 = CARTESIAN_POINT ( 'NONE',  ( -1.899999999999999000, -6.999999999999999100, -6.899999999999999500 ) ) ;
#2398 = LINE ( 'NONE', #2397, #2396 ) ;
#2399 = DIRECTION ( 'NONE',  ( 0.0000000000000000000, 0.0000000000000000000, 1.000000000000000000 ) ) ;
#2400 = VECTOR ( 'NONE', #2399, 1000.000000000000000 ) ;
#2401 = CARTESIAN_POINT ( 'NONE',  ( -4.041451884327383200, -6.999999999999999100, -7.000000000000000000 ) ) ;
#2402 = LINE ( 'NONE', #2401, #2400 ) ;
#2403 = CARTESIAN_POINT ( 'NONE',  ( 1.899999999999999700, -6.999999999999999100, -3.199999999999999300 ) ) ;
#2404 = CARTESIAN_POINT ( 'NONE',  ( 1.899999999999999700, -6.999999999999999100, -6.899999999999999500 ) ) ;
#2405 = DIRECTION ( 'NONE',  ( -5.404929795928338700E-030, 3.491483361109380900E-015, -1.000000000000000000 ) ) ;
#2406 = VECTOR ( 'NONE', #2405, 1000.000000000000000 ) ;
#2407 = CARTESIAN_POINT ( 'NONE',  ( 3.500000000000003100, -2.020725942163720900, 3.400000000000009700 ) ) ;
#2408 = LINE ( 'NONE', #2407, #2406 ) ;
#2409 = CARTESIAN_POINT ( 'NONE',  ( 0.0000000000000000000, -3.491483361109382500E-015, 1.000000000000000000 ) ) ;
#2410 = FACE_OUTER_BOUND ( 'NONE', #878, .T. ) ;
#2411 = CARTESIAN_POINT ( 'NONE',  ( 0.0000000000000000000, 4.250000000000000000, 1.483880428471487700E-014 ) ) ;
#2412 = CARTESIAN_POINT ( 'NONE',  ( 5.204748896376250700E-016, -4.250000000000000000, -1.483880428471487700E-014 ) ) ;
#2413 = DIRECTION ( 'NONE',  ( 0.0000000000000000000, 3.491483361109382100E-015, -1.000000000000000000 ) ) ;
#2414 = VECTOR ( 'NONE', #2413, 1000.000000000000000 ) ;
#2415 = CARTESIAN_POINT ( 'NONE',  ( 5.204748896376250700E-016, -4.250000000000003600, 0.9999999999999852300 ) ) ;
#2416 = LINE ( 'NONE', #2415, #2414 ) ;
#2417 = CARTESIAN_POINT ( 'NONE',  ( 0.0000000000000000000, 4.249999999999996400, 1.000000000000014700 ) ) ;
#2418 = CARTESIAN_POINT ( 'NONE',  ( 5.204748896376252700E-016, -4.250000000000003600, 0.9999999999999852300 ) ) ;
#2419 = DIRECTION ( 'NONE',  ( 0.0000000000000000000, -1.000000000000000000, -3.469446951953614200E-015 ) ) ;
#2420 = DIRECTION ( 'NONE',  ( 0.0000000000000000000, -3.491483361109382100E-015, 1.000000000000000000 ) ) ;
#2421 = AXIS2_PLACEMENT_3D ( 'NONE', #2428, #2420, #2419 ) ;
#2422 = CIRCLE ( 'NONE', #2421, 4.250000000000000000 ) ;
#2423 = DIRECTION ( 'NONE',  ( 0.0000000000000000000, 1.000000000000000000, 3.469446951953614200E-015 ) ) ;
#2424 = DIRECTION ( 'NONE',  ( 0.0000000000000000000, 3.491483361109382100E-015, -1.000000000000000000 ) ) ;
#2425 = CARTESIAN_POINT ( 'NONE',  ( 0.0000000000000000000, -3.491483361109382500E-015, 1.000000000000000000 ) ) ;
#2426 = AXIS2_PLACEMENT_3D ( 'NONE', #2425, #2424, #2423 ) ;
#2427 = CYLINDRICAL_SURFACE ( 'NONE', #2426, 4.250000000000000000 ) ;
#2428 = CARTESIAN_POINT ( 'NONE',  ( 0.0000000000000000000, -3.491483361109382500E-015, 1.000000000000000000 ) ) ;
#2429 = FACE_OUTER_BOUND ( 'NONE', #866, .T. ) ;
#2430 = DIRECTION ( 'NONE',  ( 0.0000000000000000000, 3.491483361109382100E-015, -1.000000000000000000 ) ) ;
#2431 = VECTOR ( 'NONE', #2430, 1000.000000000000000 ) ;
#2432 = CARTESIAN_POINT ( 'NONE',  ( 0.0000000000000000000, 1.999999999999996700, 1.000000000000006900 ) ) ;
#2433 = LINE ( 'NONE', #2432, #2431 ) ;
#2434 = CARTESIAN_POINT ( 'NONE',  ( 0.0000000000000000000, 2.000000000000000000, 6.982966722218764900E-015 ) ) ;
#2435 = DIRECTION ( 'NONE',  ( 0.0000000000000000000, -1.000000000000000000, -3.491483361109382500E-015 ) ) ;
#2436 = DIRECTION ( 'NONE',  ( 0.0000000000000000000, -3.491483361109382100E-015, 1.000000000000000000 ) ) ;
#2437 = CARTESIAN_POINT ( 'NONE',  ( 0.0000000000000000000, 0.0000000000000000000, 0.0000000000000000000 ) ) ;
#2438 = AXIS2_PLACEMENT_3D ( 'NONE', #2437, #2436, #2435 ) ;
#2439 = CIRCLE ( 'NONE', #2438, 2.000000000000000000 ) ;
#2440 = CARTESIAN_POINT ( 'NONE',  ( -1.899999999999999000, -6.999999999999999100, -6.899999999999999500 ) ) ;
#2441 = DIRECTION ( 'NONE',  ( 0.0000000000000000000, 0.0000000000000000000, 1.000000000000000000 ) ) ;
#2442 = VECTOR ( 'NONE', #2441, 1000.000000000000000 ) ;
#2443 = CARTESIAN_POINT ( 'NONE',  ( -4.041451884327355700, 6.999999999999999100, -7.000000000000000000 ) ) ;
#2444 = LINE ( 'NONE', #2443, #2442 ) ;
#2445 = DIRECTION ( 'NONE',  ( -0.5000000000000020000, 0.8660254037844376000, 0.0000000000000000000 ) ) ;
#2446 = DIRECTION ( 'NONE',  ( 0.8660254037844376000, 0.5000000000000020000, 0.0000000000000000000 ) ) ;
#2447 = CARTESIAN_POINT ( 'NONE',  ( 4.041451884327369900, 6.999999999999999100, -7.000000000000000000 ) ) ;
#2448 = AXIS2_PLACEMENT_3D ( 'NONE', #2447, #2446, #2445 ) ;
#2449 = PLANE ( 'NONE',  #2448 ) ;
#2450 = FACE_OUTER_BOUND ( 'NONE', #1160, .T. ) ;
#2451 = DIRECTION ( 'NONE',  ( 1.164990882148870900E-016, -1.000000000000000000, 0.0000000000000000000 ) ) ;
#2452 = VECTOR ( 'NONE', #2451, 1000.000000000000000 ) ;
#2453 = CARTESIAN_POINT ( 'NONE',  ( -1.549999999999999200, 4.130433661899070700, 7.000000000000000000 ) ) ;
#2454 = LINE ( 'NONE', #2453, #2452 ) ;
#2455 = DIRECTION ( 'NONE',  ( -1.164990882148870900E-016, 1.000000000000000000, 0.0000000000000000000 ) ) ;
#2456 = VECTOR ( 'NONE', #2455, 1000.000000000000000 ) ;
#2457 = CARTESIAN_POINT ( 'NONE',  ( 1.550000000000000700, 4.130433661899070700, 7.000000000000000000 ) ) ;
#2458 = LINE ( 'NONE', #2457, #2456 ) ;
#2459 = DIRECTION ( 'NONE',  ( 1.346287081605855600E-016, -1.000000000000000000, 0.0000000000000000000 ) ) ;
#2460 = DIRECTION ( 'NONE',  ( -1.000000000000000000, -1.346287081605855600E-016, 0.0000000000000000000 ) ) ;
#2461 = CARTESIAN_POINT ( 'NONE',  ( 1.850000000000001000, 3.245146728940907700, 7.000000000000000000 ) ) ;
#2462 = AXIS2_PLACEMENT_3D ( 'NONE', #2461, #2460, #2459 ) ;
#2463 = PLANE ( 'NONE',  #2462 ) ;
#2464 = FACE_OUTER_BOUND ( 'NONE', #1141, .T. ) ;
#2465 = DIRECTION ( 'NONE',  ( 0.0000000000000000000, -1.000000000000000000, -3.469446951953614200E-015 ) ) ;
#2466 = DIRECTION ( 'NONE',  ( 0.0000000000000000000, -3.491483361109382100E-015, 1.000000000000000000 ) ) ;
#2467 = CARTESIAN_POINT ( 'NONE',  ( 0.0000000000000000000, -3.491483361109382500E-015, 1.000000000000000000 ) ) ;
#2468 = AXIS2_PLACEMENT_3D ( 'NONE', #2467, #2466, #2465 ) ;
#2469 = CIRCLE ( 'NONE', #2468, 2.000000000000000000 ) ;
#2470 = DIRECTION ( 'NONE',  ( 0.0000000000000000000, 1.000000000000000000, 3.469446951953614200E-015 ) ) ;
#2471 = DIRECTION ( 'NONE',  ( 0.0000000000000000000, 3.491483361109382100E-015, -1.000000000000000000 ) ) ;
#2472 = AXIS2_PLACEMENT_3D ( 'NONE', #2409, #2471, #2470 ) ;
#2473 = CYLINDRICAL_SURFACE ( 'NONE', #2472, 2.000000000000000000 ) ;
#2474 = CARTESIAN_POINT ( 'NONE',  ( 0.0000000000000000000, 0.0000000000000000000, 6.899999999999999500 ) ) ;
#2475 = AXIS2_PLACEMENT_3D ( 'NONE', #2474, #2523, #2522 ) ;
#2476 = CYLINDRICAL_SURFACE ( 'NONE', #2475, 1.050000000000000000 ) ;
#2477 = FACE_OUTER_BOUND ( 'NONE', #1148, .T. ) ;
#2478 = DIRECTION ( 'NONE',  ( 0.0000000000000000000, 0.0000000000000000000, -1.000000000000000000 ) ) ;
#2479 = VECTOR ( 'NONE', #2478, 1000.000000000000000 ) ;
#2480 = CARTESIAN_POINT ( 'NONE',  ( 1.999999999999999600, 6.999999999999999100, -7.000000000000000000 ) ) ;
#2481 = LINE ( 'NONE', #2480, #2479 ) ;
#2482 = DIRECTION ( 'NONE',  ( -1.346287081605855600E-016, 1.000000000000000000, 0.0000000000000000000 ) ) ;
#2483 = VECTOR ( 'NONE', #2482, 1000.000000000000000 ) ;
#2484 = CARTESIAN_POINT ( 'NONE',  ( 1.850000000000001000, 3.245146728940907700, 0.2999999999999999300 ) ) ;
#2485 = LINE ( 'NONE', #2484, #2483 ) ;
#2486 = DIRECTION ( 'NONE',  ( 0.0000000000000000000, 0.0000000000000000000, -1.000000000000000000 ) ) ;
#2487 = VECTOR ( 'NONE', #2486, 1000.000000000000000 ) ;
#2488 = CARTESIAN_POINT ( 'NONE',  ( -2.000000000000000400, 6.999999999999999100, -7.000000000000000000 ) ) ;
#2489 = LINE ( 'NONE', #2488, #2487 ) ;
#2490 = DIRECTION ( 'NONE',  ( -1.000000000000000000, 0.0000000000000000000, 0.0000000000000000000 ) ) ;
#2491 = VECTOR ( 'NONE', #2490, 1000.000000000000000 ) ;
#2492 = CARTESIAN_POINT ( 'NONE',  ( 1.999999999999999600, 6.999999999999999100, -6.000000000000000000 ) ) ;
#2493 = LINE ( 'NONE', #2492, #2491 ) ;
#2494 = CARTESIAN_POINT ( 'NONE',  ( -2.000000000000000400, 6.999999999999999100, -6.000000000000000000 ) ) ;
#2495 = DIRECTION ( 'NONE',  ( 0.0000000000000000000, 0.0000000000000000000, 1.000000000000000000 ) ) ;
#2496 = VECTOR ( 'NONE', #2495, 1000.000000000000000 ) ;
#2497 = CARTESIAN_POINT ( 'NONE',  ( 4.041451884327369900, 6.999999999999999100, -7.000000000000000000 ) ) ;
#2498 = LINE ( 'NONE', #2497, #2496 ) ;
#2499 = DIRECTION ( 'NONE',  ( 0.5000000000000013300, 0.8660254037844379300, 0.0000000000000000000 ) ) ;
#2500 = DIRECTION ( 'NONE',  ( 0.8660254037844379300, -0.5000000000000013300, 0.0000000000000000000 ) ) ;
#2501 = CARTESIAN_POINT ( 'NONE',  ( 4.041451884327369900, -6.999999999999999100, -7.000000000000000000 ) ) ;
#2502 = AXIS2_PLACEMENT_3D ( 'NONE', #2501, #2500, #2499 ) ;
#2503 = PLANE ( 'NONE',  #2502 ) ;
#2504 = FACE_OUTER_BOUND ( 'NONE', #264, .T. ) ;
#2505 = SHAPE_DEFINITION_REPRESENTATION ( #2628, #2548 ) ;
#2506 = DIRECTION ( 'NONE',  ( 1.000000000000000000, 0.0000000000000000000, 0.0000000000000000000 ) ) ;
#2507 = AXIS2_PLACEMENT_3D ( 'NONE', #2521, #2508, #2506 ) ;
#2508 = DIRECTION ( 'NONE',  ( 0.0000000000000000000, 0.0000000000000000000, 1.000000000000000000 ) ) ;
#2509 = SHAPE_REPRESENTATION_RELATIONSHIP ( 'NONE' , 'NONE' ,  #2510, #2515 ) ;
#2510 = SHAPE_REPRESENTATION ( 'EX-33_ÃÞÌ«ÙÄ', ( #2514 ), #2516 ) ;
#2511 = DIRECTION ( 'NONE',  ( 1.000000000000000000, 0.0000000000000000000, 0.0000000000000000000 ) ) ;
#2512 = DIRECTION ( 'NONE',  ( 0.0000000000000000000, 0.0000000000000000000, 1.000000000000000000 ) ) ;
#2513 = CARTESIAN_POINT ( 'NONE',  ( 0.0000000000000000000, 0.0000000000000000000, 0.0000000000000000000 ) ) ;
#2514 = AXIS2_PLACEMENT_3D ( 'NONE', #2513, #2512, #2511 ) ;
#2515 = ADVANCED_BREP_SHAPE_REPRESENTATION ( '', ( #876, #742, #562, #2514 ), #2516 ) ;
#2516 =( GEOMETRIC_REPRESENTATION_CONTEXT ( 3 ) GLOBAL_UNCERTAINTY_ASSIGNED_CONTEXT ( ( #2517 ) ) GLOBAL_UNIT_ASSIGNED_CONTEXT ( ( #2520, #2519, #2518 ) ) REPRESENTATION_CONTEXT ( 'NONE', 'WORKASPACE' ) );
#2517 = UNCERTAINTY_MEASURE_WITH_UNIT (LENGTH_MEASURE( 1.000000000000000100E-005 ), #2520, 'distance_accuracy_value', 'NONE');
#2518 =( NAMED_UNIT ( * ) SI_UNIT ( $, .STERADIAN. ) SOLID_ANGLE_UNIT ( ) );
#2519 =( NAMED_UNIT ( * ) PLANE_ANGLE_UNIT ( ) SI_UNIT ( $, .RADIAN. ) );
#2520 =( LENGTH_UNIT ( ) NAMED_UNIT ( * ) SI_UNIT ( .MILLI., .METRE. ) );
#2521 = CARTESIAN_POINT ( 'NONE',  ( 0.0000000000000000000, 0.0000000000000000000, 0.0000000000000000000 ) ) ;
#2522 = DIRECTION ( 'NONE',  ( 1.000000000000000000, 0.0000000000000000000, 0.0000000000000000000 ) ) ;
#2523 = DIRECTION ( 'NONE',  ( 0.0000000000000000000, 0.0000000000000000000, 1.000000000000000000 ) ) ;
#2524 = CC_DESIGN_SECURITY_CLASSIFICATION ( #2525, ( #2527 ) ) ;
#2525 = SECURITY_CLASSIFICATION ( '', '', #2526 ) ;
#2526 = SECURITY_CLASSIFICATION_LEVEL ( 'unclassified' ) ;
#2527 = NEXT_ASSEMBLY_USAGE_OCCURRENCE ( 'NAUO1', ' ', ' ', #2616, #2553, $ ) ;
#2528 = CC_DESIGN_APPROVAL ( #2529, ( #2525 ) ) ;
#2529 = APPROVAL ( #2530, 'UNKNOWN' ) ;
#2530 = APPROVAL_STATUS ( 'not_yet_approved' ) ;
#2531 =( GEOMETRIC_REPRESENTATION_CONTEXT ( 3 ) GLOBAL_UNCERTAINTY_ASSIGNED_CONTEXT ( ( #2532 ) ) GLOBAL_UNIT_ASSIGNED_CONTEXT ( ( #2535, #2534, #2533 ) ) REPRESENTATION_CONTEXT ( 'NONE', 'WORKASPACE' ) );
#2532 = UNCERTAINTY_MEASURE_WITH_UNIT (LENGTH_MEASURE( 1.000000000000000100E-005 ), #2535, 'distance_accuracy_value', 'NONE');
#2533 =( NAMED_UNIT ( * ) SI_UNIT ( $, .STERADIAN. ) SOLID_ANGLE_UNIT ( ) );
#2534 =( NAMED_UNIT ( * ) PLANE_ANGLE_UNIT ( ) SI_UNIT ( $, .RADIAN. ) );
#2535 =( LENGTH_UNIT ( ) NAMED_UNIT ( * ) SI_UNIT ( .MILLI., .METRE. ) );
#2536 = DIRECTION ( 'NONE',  ( -1.000000000000000000, 5.551115123125782700E-017, 0.0000000000000000000 ) ) ;
#2537 = DIRECTION ( 'NONE',  ( 0.0000000000000000000, 0.0000000000000000000, -1.000000000000000000 ) ) ;
#2538 = CARTESIAN_POINT ( 'NONE',  ( 0.0000000000000000000, -9.629649721936179300E-032, 25.00000000000000000 ) ) ;
#2539 = AXIS2_PLACEMENT_3D ( 'NONE', #2538, #2537, #2536 ) ;
#2540 = DIRECTION ( 'NONE',  ( 1.000000000000000000, 0.0000000000000000000, 0.0000000000000000000 ) ) ;
#2541 = DIRECTION ( 'NONE',  ( 0.0000000000000000000, 0.0000000000000000000, 1.000000000000000000 ) ) ;
#2542 = CARTESIAN_POINT ( 'NONE',  ( 0.0000000000000000000, 0.0000000000000000000, -25.00000000000000000 ) ) ;
#2543 = AXIS2_PLACEMENT_3D ( 'NONE', #2542, #2541, #2540 ) ;
#2544 = DIRECTION ( 'NONE',  ( 1.000000000000000000, 0.0000000000000000000, 0.0000000000000000000 ) ) ;
#2545 = DIRECTION ( 'NONE',  ( 0.0000000000000000000, 0.0000000000000000000, 1.000000000000000000 ) ) ;
#2546 = CARTESIAN_POINT ( 'NONE',  ( 0.0000000000000000000, 0.0000000000000000000, 0.0000000000000000000 ) ) ;
#2547 = AXIS2_PLACEMENT_3D ( 'NONE', #2546, #2545, #2544 ) ;
#2548 = SHAPE_REPRESENTATION ( 'EX-33', ( #2507, #2543, #2539 ), #2531 ) ;
#2549 = APPROVAL_ROLE ( '' ) ;
#2550 = APPROVAL ( #2551, 'UNSPECIFIED' ) ;
#2551 = APPROVAL_STATUS ( 'not_yet_approved' ) ;
#2552 = PERSON_AND_ORGANIZATION ( #2625, #2624 ) ;
#2553 = PRODUCT_DEFINITION ( 'UNKNOWN', '', #2706, #2554 ) ;
#2554 = DESIGN_CONTEXT ( 'detailed design', #2556, 'design' ) ;
#2555 = APPLICATION_PROTOCOL_DEFINITION ( 'international standard', 'config_control_design', 1994, #2556 ) ;
#2556 = APPLICATION_CONTEXT ( 'configuration controlled 3d designs of mechanical parts and assemblies' ) ;
#2557 = ITEM_DEFINED_TRANSFORMATION ( 'NONE', 'NONE', #2543,  #2514 ) ;
#2558 = CC_DESIGN_PERSON_AND_ORGANIZATION_ASSIGNMENT ( #2560, #2559, ( #2561 ) ) ;
#2559 = PERSON_AND_ORGANIZATION_ROLE ( 'design_owner' ) ;
#2560 = PERSON_AND_ORGANIZATION ( #2625, #2624 ) ;
#2561 = PRODUCT ( 'EX-33_ÃÞÌ«ÙÄ', 'EX-33_ÃÞÌ«ÙÄ', '', ( #2562 ) ) ;
#2562 = MECHANICAL_CONTEXT ( 'NONE', #2564, 'mechanical' ) ;
#2563 = APPLICATION_PROTOCOL_DEFINITION ( 'international standard', 'config_control_design', 1994, #2564 ) ;
#2564 = APPLICATION_CONTEXT ( 'configuration controlled 3d designs of mechanical parts and assemblies' ) ;
#2565 = PERSON_AND_ORGANIZATION ( #2566, #2741 ) ;
#2566 = PERSON ( 'NAUO-PER1', 'UNSPECIFIED', 'UNSPECIFIED', ('UNSPECIFIED'), ('UNSPECIFIED'), ('UNSPECIFIED') ) ;
#2567 = APPROVAL_ROLE ( '' ) ;
#2568 = APPROVAL_DATE_TIME ( #2569, #2529 ) ;
#2569 = DATE_AND_TIME ( #2570, #2571 ) ;
#2570 = CALENDAR_DATE ( 2006, 6, 3 ) ;
#2571 = LOCAL_TIME ( 15, 20, 31.00000000000000000, #2572 ) ;
#2572 = COORDINATED_UNIVERSAL_TIME_OFFSET ( 9, 0, .AHEAD. ) ;
#2573 = DATE_AND_TIME ( #2574, #2575 ) ;
#2574 = CALENDAR_DATE ( 2006, 6, 3 ) ;
#2575 = LOCAL_TIME ( 15, 20, 31.00000000000000000, #2576 ) ;
#2576 = COORDINATED_UNIVERSAL_TIME_OFFSET ( 9, 0, .AHEAD. ) ;
#2577 = PRODUCT ( 'EX-33', 'EX-33', '', ( #2578 ) ) ;
#2578 = MECHANICAL_CONTEXT ( 'NONE', #2580, 'mechanical' ) ;
#2579 = APPLICATION_PROTOCOL_DEFINITION ( 'international standard', 'config_control_design', 1994, #2580 ) ;
#2580 = APPLICATION_CONTEXT ( 'configuration controlled 3d designs of mechanical parts and assemblies' ) ;
#2581 = COORDINATED_UNIVERSAL_TIME_OFFSET ( 9, 0, .AHEAD. ) ;
#2582 = CC_DESIGN_PERSON_AND_ORGANIZATION_ASSIGNMENT ( #2584, #2583, ( #2553 ) ) ;
#2583 = PERSON_AND_ORGANIZATION_ROLE ( 'creator' ) ;
#2584 = PERSON_AND_ORGANIZATION ( #2625, #2624 ) ;
#2585 = CC_DESIGN_APPROVAL ( #2550, ( #2553 ) ) ;
#2586 = APPROVAL_DATE_TIME ( #2587, #2550 ) ;
#2587 = DATE_AND_TIME ( #2588, #2589 ) ;
#2588 = CALENDAR_DATE ( 2006, 6, 3 ) ;
#2589 = LOCAL_TIME ( 15, 20, 31.00000000000000000, #2590 ) ;
#2590 = COORDINATED_UNIVERSAL_TIME_OFFSET ( 9, 0, .AHEAD. ) ;
#2591 = APPROVAL_PERSON_ORGANIZATION ( #2552, #2550, #2549 ) ;
#2592 = APPROVAL ( #2593, 'UNSPECIFIED' ) ;
#2593 = APPROVAL_STATUS ( 'not_yet_approved' ) ;
#2594 = PERSON_AND_ORGANIZATION ( #2625, #2624 ) ;
#2595 = PRODUCT_DEFINITION_FORMATION_WITH_SPECIFIED_SOURCE ( 'ANY', '', #2577, .NOT_KNOWN. ) ;
#2596 = CC_DESIGN_DATE_AND_TIME_ASSIGNMENT ( #2598, #2597, ( #2616 ) ) ;
#2597 = DATE_TIME_ROLE ( 'creation_date' ) ;
#2598 = DATE_AND_TIME ( #2599, #2600 ) ;
#2599 = CALENDAR_DATE ( 2006, 6, 3 ) ;
#2600 = LOCAL_TIME ( 15, 20, 31.00000000000000000, #2601 ) ;
#2601 = COORDINATED_UNIVERSAL_TIME_OFFSET ( 9, 0, .AHEAD. ) ;
#2602 = CC_DESIGN_PERSON_AND_ORGANIZATION_ASSIGNMENT ( #2604, #2603, ( #2616 ) ) ;
#2603 = PERSON_AND_ORGANIZATION_ROLE ( 'creator' ) ;
#2604 = PERSON_AND_ORGANIZATION ( #2625, #2624 ) ;
#2605 = CC_DESIGN_APPROVAL ( #2613, ( #2616 ) ) ;
#2606 = APPROVAL_DATE_TIME ( #2607, #2613 ) ;
#2607 = DATE_AND_TIME ( #2608, #2609 ) ;
#2608 = CALENDAR_DATE ( 2006, 6, 3 ) ;
#2609 = LOCAL_TIME ( 15, 20, 31.00000000000000000, #2610 ) ;
#2610 = COORDINATED_UNIVERSAL_TIME_OFFSET ( 9, 0, .AHEAD. ) ;
#2611 = APPROVAL_PERSON_ORGANIZATION ( #2615, #2613, #2612 ) ;
#2612 = APPROVAL_ROLE ( '' ) ;
#2613 = APPROVAL ( #2614, 'UNSPECIFIED' ) ;
#2614 = APPROVAL_STATUS ( 'not_yet_approved' ) ;
#2615 = PERSON_AND_ORGANIZATION ( #2625, #2624 ) ;
#2616 = PRODUCT_DEFINITION ( 'UNKNOWN', '', #2595, #2617 ) ;
#2617 = DESIGN_CONTEXT ( 'detailed design', #2619, 'design' ) ;
#2618 = APPLICATION_PROTOCOL_DEFINITION ( 'international standard', 'config_control_design', 1994, #2619 ) ;
#2619 = APPLICATION_CONTEXT ( 'configuration controlled 3d designs of mechanical parts and assemblies' ) ;
#2620 = SHAPE_DEFINITION_REPRESENTATION ( #2742, #2510 ) ;
#2621 = CC_DESIGN_PERSON_AND_ORGANIZATION_ASSIGNMENT ( #2623, #2622, ( #2577 ) ) ;
#2622 = PERSON_AND_ORGANIZATION_ROLE ( 'design_owner' ) ;
#2623 = PERSON_AND_ORGANIZATION ( #2625, #2624 ) ;
#2624 = ORGANIZATION ( 'UNSPECIFIED', 'UNSPECIFIED', '' ) ;
#2625 = PERSON ( 'UNSPECIFIED', 'UNSPECIFIED', 'UNSPECIFIED', ('UNSPECIFIED'), ('UNSPECIFIED'), ('UNSPECIFIED') ) ;
#2626 = PRODUCT_DEFINITION_SHAPE ( 'NONE', 'NONE',  #2527 ) ;
#2627 =( REPRESENTATION_RELATIONSHIP ('NONE','NONE', #2548, #2510 ) REPRESENTATION_RELATIONSHIP_WITH_TRANSFORMATION ( #2557 )SHAPE_REPRESENTATION_RELATIONSHIP( ) );
#2628 = PRODUCT_DEFINITION_SHAPE ( 'NONE', 'NONE',  #2616 ) ;
#2629 = PRODUCT_RELATED_PRODUCT_CATEGORY ( 'detail', '', ( #2577 ) ) ;
#2630 = CC_DESIGN_SECURITY_CLASSIFICATION ( #2651, ( #2595 ) ) ;
#2631 = CC_DESIGN_APPROVAL ( #2639, ( #2651 ) ) ;
#2632 = APPROVAL_DATE_TIME ( #2633, #2639 ) ;
#2633 = DATE_AND_TIME ( #2634, #2635 ) ;
#2634 = CALENDAR_DATE ( 2006, 6, 3 ) ;
#2635 = LOCAL_TIME ( 15, 20, 31.00000000000000000, #2636 ) ;
#2636 = COORDINATED_UNIVERSAL_TIME_OFFSET ( 9, 0, .AHEAD. ) ;
#2637 = APPROVAL_PERSON_ORGANIZATION ( #2641, #2639, #2638 ) ;
#2638 = APPROVAL_ROLE ( '' ) ;
#2639 = APPROVAL ( #2640, 'UNSPECIFIED' ) ;
#2640 = APPROVAL_STATUS ( 'not_yet_approved' ) ;
#2641 = PERSON_AND_ORGANIZATION ( #2625, #2624 ) ;
#2642 = CC_DESIGN_DATE_AND_TIME_ASSIGNMENT ( #2644, #2643, ( #2651 ) ) ;
#2643 = DATE_TIME_ROLE ( 'classification_date' ) ;
#2644 = DATE_AND_TIME ( #2645, #2646 ) ;
#2645 = CALENDAR_DATE ( 2006, 6, 3 ) ;
#2646 = LOCAL_TIME ( 15, 20, 31.00000000000000000, #2647 ) ;
#2647 = COORDINATED_UNIVERSAL_TIME_OFFSET ( 9, 0, .AHEAD. ) ;
#2648 = CC_DESIGN_PERSON_AND_ORGANIZATION_ASSIGNMENT ( #2650, #2649, ( #2651 ) ) ;
#2649 = PERSON_AND_ORGANIZATION_ROLE ( 'classification_officer' ) ;
#2650 = PERSON_AND_ORGANIZATION ( #2625, #2624 ) ;
#2651 = SECURITY_CLASSIFICATION ( '', '', #2652 ) ;
#2652 = SECURITY_CLASSIFICATION_LEVEL ( 'unclassified' ) ;
#2653 = CC_DESIGN_PERSON_AND_ORGANIZATION_ASSIGNMENT ( #2655, #2654, ( #2595 ) ) ;
#2654 = PERSON_AND_ORGANIZATION_ROLE ( 'design_supplier' ) ;
#2655 = PERSON_AND_ORGANIZATION ( #2625, #2624 ) ;
#2656 = CC_DESIGN_PERSON_AND_ORGANIZATION_ASSIGNMENT ( #2658, #2657, ( #2595 ) ) ;
#2657 = PERSON_AND_ORGANIZATION_ROLE ( 'creator' ) ;
#2658 = PERSON_AND_ORGANIZATION ( #2625, #2624 ) ;
#2659 = CC_DESIGN_APPROVAL ( #2592, ( #2595 ) ) ;
#2660 = APPROVAL_DATE_TIME ( #2661, #2592 ) ;
#2661 = DATE_AND_TIME ( #2662, #2663 ) ;
#2662 = CALENDAR_DATE ( 2006, 6, 3 ) ;
#2663 = LOCAL_TIME ( 15, 20, 31.00000000000000000, #2664 ) ;
#2664 = COORDINATED_UNIVERSAL_TIME_OFFSET ( 9, 0, .AHEAD. ) ;
#2665 = APPROVAL_PERSON_ORGANIZATION ( #2594, #2592, #2666 ) ;
#2666 = APPROVAL_ROLE ( '' ) ;
#2667 = CC_DESIGN_APPROVAL ( #2675, ( #2687 ) ) ;
#2668 = APPROVAL_DATE_TIME ( #2669, #2675 ) ;
#2669 = DATE_AND_TIME ( #2670, #2671 ) ;
#2670 = CALENDAR_DATE ( 2006, 6, 3 ) ;
#2671 = LOCAL_TIME ( 15, 20, 31.00000000000000000, #2672 ) ;
#2672 = COORDINATED_UNIVERSAL_TIME_OFFSET ( 9, 0, .AHEAD. ) ;
#2673 = APPROVAL_PERSON_ORGANIZATION ( #2677, #2675, #2674 ) ;
#2674 = APPROVAL_ROLE ( '' ) ;
#2675 = APPROVAL ( #2676, 'UNSPECIFIED' ) ;
#2676 = APPROVAL_STATUS ( 'not_yet_approved' ) ;
#2677 = PERSON_AND_ORGANIZATION ( #2625, #2624 ) ;
#2678 = CC_DESIGN_DATE_AND_TIME_ASSIGNMENT ( #2680, #2679, ( #2687 ) ) ;
#2679 = DATE_TIME_ROLE ( 'classification_date' ) ;
#2680 = DATE_AND_TIME ( #2681, #2682 ) ;
#2681 = CALENDAR_DATE ( 2006, 6, 3 ) ;
#2682 = LOCAL_TIME ( 15, 20, 31.00000000000000000, #2683 ) ;
#2683 = COORDINATED_UNIVERSAL_TIME_OFFSET ( 9, 0, .AHEAD. ) ;
#2684 = CC_DESIGN_PERSON_AND_ORGANIZATION_ASSIGNMENT ( #2686, #2685, ( #2687 ) ) ;
#2685 = PERSON_AND_ORGANIZATION_ROLE ( 'classification_officer' ) ;
#2686 = PERSON_AND_ORGANIZATION ( #2625, #2624 ) ;
#2687 = SECURITY_CLASSIFICATION ( '', '', #2688 ) ;
#2688 = SECURITY_CLASSIFICATION_LEVEL ( 'unclassified' ) ;
#2689 = CC_DESIGN_PERSON_AND_ORGANIZATION_ASSIGNMENT ( #2691, #2690, ( #2706 ) ) ;
#2690 = PERSON_AND_ORGANIZATION_ROLE ( 'design_supplier' ) ;
#2691 = PERSON_AND_ORGANIZATION ( #2625, #2624 ) ;
#2692 = CC_DESIGN_PERSON_AND_ORGANIZATION_ASSIGNMENT ( #2694, #2693, ( #2706 ) ) ;
#2693 = PERSON_AND_ORGANIZATION_ROLE ( 'creator' ) ;
#2694 = PERSON_AND_ORGANIZATION ( #2625, #2624 ) ;
#2695 = CC_DESIGN_APPROVAL ( #2703, ( #2706 ) ) ;
#2696 = APPROVAL_DATE_TIME ( #2697, #2703 ) ;
#2697 = DATE_AND_TIME ( #2698, #2699 ) ;
#2698 = CALENDAR_DATE ( 2006, 6, 3 ) ;
#2699 = LOCAL_TIME ( 15, 20, 31.00000000000000000, #2700 ) ;
#2700 = COORDINATED_UNIVERSAL_TIME_OFFSET ( 9, 0, .AHEAD. ) ;
#2701 = APPROVAL_PERSON_ORGANIZATION ( #2705, #2703, #2702 ) ;
#2702 = APPROVAL_ROLE ( '' ) ;
#2703 = APPROVAL ( #2704, 'UNSPECIFIED' ) ;
#2704 = APPROVAL_STATUS ( 'not_yet_approved' ) ;
#2705 = PERSON_AND_ORGANIZATION ( #2625, #2624 ) ;
#2706 = PRODUCT_DEFINITION_FORMATION_WITH_SPECIFIED_SOURCE ( 'ANY', '', #2561, .NOT_KNOWN. ) ;
#2707 = CC_DESIGN_DATE_AND_TIME_ASSIGNMENT ( #2709, #2708, ( #2553 ) ) ;
#2708 = DATE_TIME_ROLE ( 'creation_date' ) ;
#2709 = DATE_AND_TIME ( #2710, #2711 ) ;
#2710 = CALENDAR_DATE ( 2006, 6, 3 ) ;
#2711 = LOCAL_TIME ( 15, 20, 31.00000000000000000, #2581 ) ;
#2712 = PERSON_AND_ORGANIZATION ( #2714, #2713 ) ;
#2713 = ORGANIZATION ( 'NAUO-ORG2', 'UNSPECIFIED', 'UNSPECIFIED' ) ;
#2714 = PERSON ( 'NAUO-PER2', 'UNSPECIFIED', 'UNSPECIFIED', ('UNSPECIFIED'), ('UNSPECIFIED'), ('UNSPECIFIED') ) ;
#2715 = APPROVAL_ROLE ( '' ) ;
#2716 = APPROVAL_DATE_TIME ( #2717, #2726 ) ;
#2717 = DATE_AND_TIME ( #2718, #2719 ) ;
#2718 = CALENDAR_DATE ( 2006, 6, 3 ) ;
#2719 = LOCAL_TIME ( 15, 20, 31.00000000000000000, #2720 ) ;
#2720 = COORDINATED_UNIVERSAL_TIME_OFFSET ( 9, 0, .AHEAD. ) ;
#2721 = DATE_AND_TIME ( #2722, #2723 ) ;
#2722 = CALENDAR_DATE ( 2006, 6, 3 ) ;
#2723 = LOCAL_TIME ( 15, 20, 31.00000000000000000, #2724 ) ;
#2724 = COORDINATED_UNIVERSAL_TIME_OFFSET ( 9, 0, .AHEAD. ) ;
#2725 = CC_DESIGN_APPROVAL ( #2726, ( #2729 ) ) ;
#2726 = APPROVAL ( #2727, 'UNKNOWN' ) ;
#2727 = APPROVAL_STATUS ( 'not_yet_approved' ) ;
#2728 = CC_DESIGN_SECURITY_CLASSIFICATION ( #2729, ( #2731 ) ) ;
#2729 = SECURITY_CLASSIFICATION ( '', '', #2730 ) ;
#2730 = SECURITY_CLASSIFICATION_LEVEL ( 'unclassified' ) ;
#2731 = NEXT_ASSEMBLY_USAGE_OCCURRENCE ( 'NAUO2', ' ', ' ', #2616, #2553, $ ) ;
#2732 = PRODUCT_DEFINITION_SHAPE ( 'NONE', 'NONE',  #2731 ) ;
#2733 =( REPRESENTATION_RELATIONSHIP ('NONE','NONE', #2548, #2510 ) REPRESENTATION_RELATIONSHIP_WITH_TRANSFORMATION ( #2734 )SHAPE_REPRESENTATION_RELATIONSHIP( ) );
#2734 = ITEM_DEFINED_TRANSFORMATION ( 'NONE', 'NONE', #2539,  #2514 ) ;
#2735 = CONTEXT_DEPENDENT_SHAPE_REPRESENTATION ( #2627, #2626 ) ;
#2736 = CC_DESIGN_PERSON_AND_ORGANIZATION_ASSIGNMENT ( #2565, #2738, ( #2525 ) ) ;
#2737 = CC_DESIGN_DATE_AND_TIME_ASSIGNMENT ( #2573, #2739, ( #2525 ) ) ;
#2738 = PERSON_AND_ORGANIZATION_ROLE ( 'classification_officer' ) ;
#2739 = DATE_TIME_ROLE ( 'classification_date' ) ;
#2740 = APPROVAL_PERSON_ORGANIZATION ( #2565, #2529, #2567 ) ;
#2741 = ORGANIZATION ( 'NAUO-ORG1', 'UNSPECIFIED', 'UNSPECIFIED' ) ;
#2742 = PRODUCT_DEFINITION_SHAPE ( 'NONE', 'NONE',  #2553 ) ;
#2743 = PRODUCT_RELATED_PRODUCT_CATEGORY ( 'detail', '', ( #2561 ) ) ;
#2744 = CC_DESIGN_SECURITY_CLASSIFICATION ( #2687, ( #2706 ) ) ;
#2745 = CONTEXT_DEPENDENT_SHAPE_REPRESENTATION ( #2733, #2732 ) ;
#2746 = CC_DESIGN_PERSON_AND_ORGANIZATION_ASSIGNMENT ( #2712, #1920, ( #2729 ) ) ;
ENDSEC;
END-ISO-10303-21;
