ISO-10303-21;
HEADER;
FILE_DESCRIPTION (( 'STEP AP203' ),
    '1' );
FILE_NAME ('pm-l45.STEP',
    '2015-12-04T07:42:31',
    ( '' ),
    ( '' ),
    'SwSTEP 2.0',
    'SolidWorks 2014',
    '' );
FILE_SCHEMA (( 'CONFIG_CONTROL_DESIGN' ));
ENDSEC;

DATA;
#1 = EDGE_CURVE ( 'NONE', #2649, #1948, #1191, .T. ) ;
#2 = DIRECTION ( 'NONE',  ( -1.000000000000000000, 0.0000000000000000000, 0.0000000000000000000 ) ) ;
#3 = CARTESIAN_POINT ( 'NONE',  ( 1.600000000000001900, -5.400000000000000400, 14.14999999999999700 ) ) ;
#4 = EDGE_CURVE ( 'NONE', #1357, #1883, #20, .T. ) ;
#5 = VECTOR ( 'NONE', #1342, 999.9999999999998900 ) ;
#6 = DIRECTION ( 'NONE',  ( -1.000000000000000000, -0.0000000000000000000, -0.0000000000000000000 ) ) ;
#7 = EDGE_LOOP ( 'NONE', ( #2344, #774, #2186, #1827 ) ) ;
#8 = APPROVAL_DATE_TIME ( #311, #2271 ) ;
#9 = VECTOR ( 'NONE', #2755, 1000.000000000000000 ) ;
#10 = VECTOR ( 'NONE', #2026, 1000.000000000000000 ) ;
#11 = EDGE_CURVE ( 'NONE', #1829, #1678, #1993, .T. ) ;
#12 = LINE ( 'NONE', #2571, #1438 ) ;
#13 = VERTEX_POINT ( 'NONE', #1120 ) ;
#14 = EDGE_CURVE ( 'NONE', #17, #2059, #822, .T. ) ;
#15 = VECTOR ( 'NONE', #1504, 1000.000000000000100 ) ;
#16 = DIRECTION ( 'NONE',  ( -1.000000000000000000, 0.0000000000000000000, 1.314184451497581300E-016 ) ) ;
#17 = VERTEX_POINT ( 'NONE', #2805 ) ;
#18 = ORIENTED_EDGE ( 'NONE', *, *, #689, .F. ) ;
#19 = VECTOR ( 'NONE', #1405, 1000.000000000000000 ) ;
#20 = LINE ( 'NONE', #2576, #2518 ) ;
#21 = ADVANCED_FACE ( 'NONE', ( #2227, #36, #2150 ), #319, .F. ) ;
#22 = CARTESIAN_POINT ( 'NONE',  ( -2.500000000000000000, -7.400000000000000400, 0.0000000000000000000 ) ) ;
#23 = EDGE_CURVE ( 'NONE', #1989, #313, #1643, .T. ) ;
#24 = DIRECTION ( 'NONE',  ( 0.0000000000000000000, 0.0000000000000000000, -1.000000000000000000 ) ) ;
#25 = CARTESIAN_POINT ( 'NONE',  ( 0.5999999999999998700, 1.950000000000000200, -2.200000000000001100 ) ) ;
#26 = DIRECTION ( 'NONE',  ( -1.000000000000000000, 8.982882203298674600E-032, -3.469446951953614200E-016 ) ) ;
#27 = VECTOR ( 'NONE', #1447, 1000.000000000000000 ) ;
#28 = VERTEX_POINT ( 'NONE', #474 ) ;
#29 = EDGE_CURVE ( 'NONE', #1764, #2388, #171, .T. ) ;
#30 = LINE ( 'NONE', #2586, #1961 ) ;
#31 = DIRECTION ( 'NONE',  ( 0.0000000000000000000, 0.0000000000000000000, 1.000000000000000000 ) ) ;
#32 = VECTOR ( 'NONE', #85, 1000.000000000000000 ) ;
#33 = CARTESIAN_POINT ( 'NONE',  ( -0.6000000000000002000, 1.950000000000000200, -2.200000000000001100 ) ) ;
#34 = ORIENTED_EDGE ( 'NONE', *, *, #788, .F. ) ;
#35 = AXIS2_PLACEMENT_3D ( 'NONE', #1041, #759, #471 ) ;
#36 = FACE_BOUND ( 'NONE', #671, .T. ) ;
#37 = EDGE_CURVE ( 'NONE', #2201, #1151, #272, .T. ) ;
#38 = VERTEX_POINT ( 'NONE', #1273 ) ;
#39 = CARTESIAN_POINT ( 'NONE',  ( 2.228857174448182500E-015, -12.60005000000000100, 12.09999999999999800 ) ) ;
#40 = CARTESIAN_POINT ( 'NONE',  ( -2.199999999999997100, -6.400000000000001200, 6.000000000000000000 ) ) ;
#41 = CARTESIAN_POINT ( 'NONE',  ( 0.4000000000000001300, -0.5999999999999983100, 6.100000000000000500 ) ) ;
#42 = CARTESIAN_POINT ( 'NONE',  ( -1.599999999999998300, -12.60005000000000100, 14.14999999999999700 ) ) ;
#43 = VECTOR ( 'NONE', #1848, 1000.000000000000000 ) ;
#44 = LINE ( 'NONE', #2602, #2780 ) ;
#45 = ORIENTED_EDGE ( 'NONE', *, *, #2144, .T. ) ;
#46 = VECTOR ( 'NONE', #1082, 1000.000000000000000 ) ;
#47 = ADVANCED_FACE ( 'NONE', ( #1717 ), #1573, .T. ) ;
#48 = DIRECTION ( 'NONE',  ( 1.314184451497581500E-016, -1.294569758191647200E-016, 1.000000000000000000 ) ) ;
#49 = EDGE_CURVE ( 'NONE', #2441, #2593, #107, .T. ) ;
#50 = DIRECTION ( 'NONE',  ( -0.0000000000000000000, -1.000000000000000000, -0.0000000000000000000 ) ) ;
#51 = EDGE_LOOP ( 'NONE', ( #1400, #1481 ) ) ;
#52 = CARTESIAN_POINT ( 'NONE',  ( 3.000000000000000000, -1.099999999999999900, 6.000000000000000000 ) ) ;
#53 = ORIENTED_EDGE ( 'NONE', *, *, #1609, .T. ) ;
#54 = CYLINDRICAL_SURFACE ( 'NONE', #2763, 1.600000000000002500 ) ;
#55 = CARTESIAN_POINT ( 'NONE',  ( -3.500000000000000000, -8.099999999999999600, -3.700000000000001100 ) ) ;
#56 = EDGE_LOOP ( 'NONE', ( #1077, #1550, #2611, #2696, #1722, #1713, #2497, #84, #1264 ) ) ;
#57 = EDGE_CURVE ( 'NONE', #2489, #1510, #1796, .T. ) ;
#58 = ADVANCED_FACE ( 'NONE', ( #533 ), #2082, .F. ) ;
#59 = CIRCLE ( 'NONE', #1297, 1.599999999999999900 ) ;
#60 = CARTESIAN_POINT ( 'NONE',  ( 0.9987492177719068400, -12.60000000000000100, 10.84999999999999800 ) ) ;
#61 = DIRECTION ( 'NONE',  ( -0.0000000000000000000, -1.000000000000000000, -0.0000000000000000000 ) ) ;
#62 = DIRECTION ( 'NONE',  ( 0.0000000000000000000, 0.0000000000000000000, 1.000000000000000000 ) ) ;
#63 = ADVANCED_FACE ( 'NONE', ( #2162 ), #1940, .F. ) ;
#64 = CIRCLE ( 'NONE', #1439, 1.599999999999999900 ) ;
#65 = ORIENTED_EDGE ( 'NONE', *, *, #2584, .F. ) ;
#66 = CARTESIAN_POINT ( 'NONE',  ( 0.3999999999999989700, 2.000000000000000000, 7.399999999999997700 ) ) ;
#67 = ORIENTED_EDGE ( 'NONE', *, *, #2095, .T. ) ;
#68 = LINE ( 'NONE', #2622, #1241 ) ;
#69 = ORIENTED_EDGE ( 'NONE', *, *, #2465, .T. ) ;
#70 = FACE_OUTER_BOUND ( 'NONE', #2469, .T. ) ;
#71 = EDGE_CURVE ( 'NONE', #1151, #2201, #1594, .T. ) ;
#72 = PLANE ( 'NONE',  #2514 ) ;
#73 = ORIENTED_EDGE ( 'NONE', *, *, #834, .T. ) ;
#74 = ADVANCED_FACE ( 'NONE', ( #2013 ), #1136, .F. ) ;
#75 = VECTOR ( 'NONE', #562, 1000.000000000000000 ) ;
#76 = CIRCLE ( 'NONE', #2069, 1.599999999999999900 ) ;
#77 = DIRECTION ( 'NONE',  ( -0.0000000000000000000, 0.0000000000000000000, 1.000000000000000000 ) ) ;
#78 = VERTEX_POINT ( 'NONE', #3 ) ;
#79 = ORIENTED_EDGE ( 'NONE', *, *, #4, .F. ) ;
#80 = CARTESIAN_POINT ( 'NONE',  ( -1.600000000000004100, -9.000000000000000000, -6.500000000000001800 ) ) ;
#81 = PLANE ( 'NONE',  #928 ) ;
#82 = EDGE_CURVE ( 'NONE', #1190, #1807, #2565, .T. ) ;
#83 = LINE ( 'NONE', #1473, #2547 ) ;
#84 = ORIENTED_EDGE ( 'NONE', *, *, #1559, .F. ) ;
#85 = DIRECTION ( 'NONE',  ( 1.000000000000000000, -0.0000000000000000000, -0.0000000000000000000 ) ) ;
#86 = EDGE_LOOP ( 'NONE', ( #2231, #721, #1146, #927 ) ) ;
#87 = VECTOR ( 'NONE', #468, 1000.000000000000000 ) ;
#88 = CARTESIAN_POINT ( 'NONE',  ( -0.4000000000000000800, 0.6000000000000015300, 6.100000000000000500 ) ) ;
#89 = VERTEX_POINT ( 'NONE', #1410 ) ;
#90 = CARTESIAN_POINT ( 'NONE',  ( 3.000000000000000000, -12.60000000000000100, 14.14999999999999500 ) ) ;
#91 = VERTEX_POINT ( 'NONE', #1105 ) ;
#92 = VECTOR ( 'NONE', #1872, 1000.000000000000000 ) ;
#93 = AXIS2_PLACEMENT_3D ( 'NONE', #1079, #206, #2774 ) ;
#94 = ORIENTED_EDGE ( 'NONE', *, *, #1317, .T. ) ;
#95 = ORIENTED_EDGE ( 'NONE', *, *, #704, .F. ) ;
#96 = CARTESIAN_POINT ( 'NONE',  ( 1.600000000000001900, -5.400000000000000400, 14.14999999999999700 ) ) ;
#97 = VECTOR ( 'NONE', #336, 1000.000000000000000 ) ;
#98 = CARTESIAN_POINT ( 'NONE',  ( -3.000000000000000000, -7.400000000000000400, 0.0000000000000000000 ) ) ;
#99 = LINE ( 'NONE', #2655, #2087 ) ;
#100 = CARTESIAN_POINT ( 'NONE',  ( 3.000000000000000900, -7.399999999999999500, 0.0000000000000000000 ) ) ;
#101 = ORIENTED_EDGE ( 'NONE', *, *, #834, .F. ) ;
#102 = CARTESIAN_POINT ( 'NONE',  ( 3.000000000000000000, -1.099999999999999900, 0.0000000000000000000 ) ) ;
#103 = LINE ( 'NONE', #2362, #594 ) ;
#104 = DIRECTION ( 'NONE',  ( -1.000000000000000000, 0.0000000000000000000, 0.0000000000000000000 ) ) ;
#105 = ORIENTED_EDGE ( 'NONE', *, *, #1879, .T. ) ;
#106 = ORIENTED_EDGE ( 'NONE', *, *, #1760, .F. ) ;
#107 = LINE ( 'NONE', #2666, #969 ) ;
#108 = LINE ( 'NONE', #2374, #2751 ) ;
#109 = FACE_OUTER_BOUND ( 'NONE', #1325, .T. ) ;
#110 = CARTESIAN_POINT ( 'NONE',  ( -2.500000000000000000, -6.700000000000001100, 0.0000000000000000000 ) ) ;
#111 = CARTESIAN_POINT ( 'NONE',  ( -46.50000000000000000, -9.000000000000000000, -6.500000000000001800 ) ) ;
#112 = VECTOR ( 'NONE', #765, 1000.000000000000000 ) ;
#113 = CARTESIAN_POINT ( 'NONE',  ( -1.600000000000001000, -12.60005000000000100, -8.149999999999998600 ) ) ;
#114 = EDGE_LOOP ( 'NONE', ( #499, #416, #967, #2498 ) ) ;
#115 = LINE ( 'NONE', #2676, #298 ) ;
#116 = DIRECTION ( 'NONE',  ( 1.314184451497581500E-016, 0.0000000000000000000, 1.000000000000000000 ) ) ;
#117 = CYLINDRICAL_SURFACE ( 'NONE', #1869, 1.249999999999999300 ) ;
#118 = DIRECTION ( 'NONE',  ( 0.0000000000000000000, 0.0000000000000000000, 1.000000000000000000 ) ) ;
#119 = EDGE_LOOP ( 'NONE', ( #2335, #426, #2557, #821, #959, #279, #2312, #2553, #122 ) ) ;
#120 = AXIS2_PLACEMENT_3D ( 'NONE', #2068, #1782, #1489 ) ;
#121 = DIRECTION ( 'NONE',  ( -0.0000000000000000000, -2.797941090285172600E-016, -1.000000000000000000 ) ) ;
#122 = ORIENTED_EDGE ( 'NONE', *, *, #158, .T. ) ;
#123 = EDGE_CURVE ( 'NONE', #2665, #2441, #1149, .T. ) ;
#124 = VECTOR ( 'NONE', #2012, 1000.000000000000000 ) ;
#125 = DIRECTION ( 'NONE',  ( -1.000000000000000000, -0.0000000000000000000, -0.0000000000000000000 ) ) ;
#126 = DIRECTION ( 'NONE',  ( -0.0000000000000000000, -1.000000000000000000, -0.0000000000000000000 ) ) ;
#127 = CARTESIAN_POINT ( 'NONE',  ( 0.4000000000000000800, 2.000000000000000000, -2.200000000000001100 ) ) ;
#128 = VERTEX_POINT ( 'NONE', #2795 ) ;
#129 = ADVANCED_FACE ( 'NONE', ( #2161 ), #231, .F. ) ;
#130 = CARTESIAN_POINT ( 'NONE',  ( 3.500000000000000000, -5.400000000000003900, 16.00000000000000000 ) ) ;
#131 = ORIENTED_EDGE ( 'NONE', *, *, #2766, .T. ) ;
#132 = DIRECTION ( 'NONE',  ( 1.000000000000000000, -0.0000000000000000000, -1.314184451497581300E-016 ) ) ;
#133 = ORIENTED_EDGE ( 'NONE', *, *, #1317, .F. ) ;
#134 = CARTESIAN_POINT ( 'NONE',  ( -3.000000000000000000, 2.000000000000000000, 6.000000000000000000 ) ) ;
#135 = EDGE_LOOP ( 'NONE', ( #1161, #1256, #1899, #2114 ) ) ;
#136 = FACE_OUTER_BOUND ( 'NONE', #2707, .T. ) ;
#137 = CARTESIAN_POINT ( 'NONE',  ( -3.500000000000000000, -5.400000000000002100, 9.700000000000001100 ) ) ;
#138 = ORIENTED_EDGE ( 'NONE', *, *, #854, .F. ) ;
#139 = ORIENTED_EDGE ( 'NONE', *, *, #2578, .F. ) ;
#140 = VERTEX_POINT ( 'NONE', #1631 ) ;
#141 = DIRECTION ( 'NONE',  ( -1.000000000000000000, -0.0000000000000000000, -0.0000000000000000000 ) ) ;
#142 = DIRECTION ( 'NONE',  ( 1.314184451497581500E-016, -0.0000000000000000000, 1.000000000000000000 ) ) ;
#143 = AXIS2_PLACEMENT_3D ( 'NONE', #497, #2767, #2468 ) ;
#144 = CARTESIAN_POINT ( 'NONE',  ( -0.4000000000000010200, 1.950000000000000200, 6.999999999999997300 ) ) ;
#145 = EDGE_LOOP ( 'NONE', ( #517, #357, #1221, #2381 ) ) ;
#146 = DIRECTION ( 'NONE',  ( 0.0000000000000000000, 0.0000000000000000000, 1.000000000000000000 ) ) ;
#147 = VERTEX_POINT ( 'NONE', #1334 ) ;
#148 = CARTESIAN_POINT ( 'NONE',  ( 0.0000000000000000000, -12.60005000000000100, -4.500000000000000000 ) ) ;
#149 = ORIENTED_EDGE ( 'NONE', *, *, #1552, .F. ) ;
#150 = CARTESIAN_POINT ( 'NONE',  ( -3.500000000000000000, -12.60000000000000000, -3.700000000000001500 ) ) ;
#151 = ORIENTED_EDGE ( 'NONE', *, *, #2817, .T. ) ;
#152 = AXIS2_PLACEMENT_3D ( 'NONE', #240, #2737, #2436 ) ;
#153 = VERTEX_POINT ( 'NONE', #1030 ) ;
#154 = PLANE ( 'NONE',  #2130 ) ;
#155 = AXIS2_PLACEMENT_3D ( 'NONE', #2316, #2022, #1740 ) ;
#156 = DIRECTION ( 'NONE',  ( 0.0000000000000000000, -1.000000000000000000, -3.469446951953614200E-016 ) ) ;
#157 = DIRECTION ( 'NONE',  ( -1.314184451497581500E-016, 1.294569758191647200E-016, -1.000000000000000000 ) ) ;
#158 = EDGE_CURVE ( 'NONE', #1043, #1308, #752, .T. ) ;
#159 = AXIS2_PLACEMENT_3D ( 'NONE', #2830, #2529, #2240 ) ;
#160 = CARTESIAN_POINT ( 'NONE',  ( 0.5999999999999998700, 2.000000000000000000, -2.200000000000001100 ) ) ;
#161 = VERTEX_POINT ( 'NONE', #2428 ) ;
#162 = PERSON_AND_ORGANIZATION ( #2595, #1024 ) ;
#163 = VECTOR ( 'NONE', #227, 1000.000000000000000 ) ;
#164 = CARTESIAN_POINT ( 'NONE',  ( -0.3999999999999999700, -0.5999999999999983100, 6.000000000000000000 ) ) ;
#165 = CARTESIAN_POINT ( 'NONE',  ( 0.9987492177719087300, -5.400000000000000400, -4.849999999999999600 ) ) ;
#166 = EDGE_CURVE ( 'NONE', #2477, #1357, #2132, .T. ) ;
#167 = PLANE ( 'NONE',  #483 ) ;
#168 = ORIENTED_EDGE ( 'NONE', *, *, #817, .T. ) ;
#169 = VERTEX_POINT ( 'NONE', #1260 ) ;
#170 = VECTOR ( 'NONE', #273, 1000.000000000000100 ) ;
#171 = LINE ( 'NONE', #2742, #2754 ) ;
#172 = CARTESIAN_POINT ( 'NONE',  ( 0.4000000000000001300, -0.5999999999999983100, 6.100000000000000500 ) ) ;
#173 = EDGE_CURVE ( 'NONE', #2332, #1586, #2731, .T. ) ;
#174 = EDGE_CURVE ( 'NONE', #2525, #1433, #99, .T. ) ;
#175 = LINE ( 'NONE', #2745, #2345 ) ;
#176 = CARTESIAN_POINT ( 'NONE',  ( 3.000000000000000900, -7.399999999999999500, 0.0000000000000000000 ) ) ;
#177 = VECTOR ( 'NONE', #1969, 1000.000000000000000 ) ;
#178 = VECTOR ( 'NONE', #2054, 1000.000000000000000 ) ;
#179 = DIRECTION ( 'NONE',  ( 1.000000000000000000, 0.0000000000000000000, 0.0000000000000000000 ) ) ;
#180 = ORIENTED_EDGE ( 'NONE', *, *, #392, .T. ) ;
#181 = ADVANCED_FACE ( 'NONE', ( #2758, #1219 ), #384, .F. ) ;
#182 = EDGE_CURVE ( 'NONE', #445, #2839, #1195, .T. ) ;
#183 = DIRECTION ( 'NONE',  ( 0.0000000000000000000, -8.911250732757570100E-017, 1.000000000000000000 ) ) ;
#184 = VECTOR ( 'NONE', #157, 1000.000000000000000 ) ;
#185 = CARTESIAN_POINT ( 'NONE',  ( 3.500000000000000000, -12.60000000000000000, -3.700000000000001500 ) ) ;
#186 = AXIS2_PLACEMENT_3D ( 'NONE', #111, #2671, #2378 ) ;
#187 = ADVANCED_FACE ( 'NONE', ( #1685 ), #323, .F. ) ;
#188 = CARTESIAN_POINT ( 'NONE',  ( -1.600000000000000500, -12.60005000000000100, -4.849999999999999600 ) ) ;
#189 = ORIENTED_EDGE ( 'NONE', *, *, #49, .F. ) ;
#190 = ADVANCED_FACE ( 'NONE', ( #1449 ), #1996, .F. ) ;
#191 = EDGE_CURVE ( 'NONE', #1533, #1008, #826, .T. ) ;
#192 = EDGE_LOOP ( 'NONE', ( #2399, #420, #2852, #2453 ) ) ;
#193 = DESIGN_CONTEXT ( 'detailed design', #1927, 'design' ) ;
#194 = AXIS2_PLACEMENT_3D ( 'NONE', #2410, #2116, #1831 ) ;
#195 = DIRECTION ( 'NONE',  ( -0.0000000000000000000, -0.0000000000000000000, 1.000000000000000000 ) ) ;
#196 = PLANE ( 'NONE',  #920 ) ;
#197 = EDGE_CURVE ( 'NONE', #1516, #381, #2513, .T. ) ;
#198 = LINE ( 'NONE', #2691, #1174 ) ;
#199 = VERTEX_POINT ( 'NONE', #1646 ) ;
#200 = CARTESIAN_POINT ( 'NONE',  ( -56.50000000000000000, -10.60000000000000300, 4.449999999999986000 ) ) ;
#201 = ORIENTED_EDGE ( 'NONE', *, *, #925, .F. ) ;
#202 = DIRECTION ( 'NONE',  ( 0.4472135954999579800, -0.0000000000000000000, 0.8944271909999158600 ) ) ;
#203 = EDGE_LOOP ( 'NONE', ( #243, #2772, #1868, #94 ) ) ;
#204 = LINE ( 'NONE', #2771, #1856 ) ;
#205 = VERTEX_POINT ( 'NONE', #1354 ) ;
#206 = DIRECTION ( 'NONE',  ( 0.0000000000000000000, 1.000000000000000000, -0.0000000000000000000 ) ) ;
#207 = ORIENTED_EDGE ( 'NONE', *, *, #669, .T. ) ;
#208 = CLOSED_SHELL ( 'NONE', ( #1140, #1497, #2243, #780, #2359, #238, #1154, #1701, #1814, #1946, #2664, #1998, #74, #1162, #2601, #1729, #2824, #598, #21, #1326, #2416, #2857, #652, #1754, #129, #187, #2376, #2169, #190, #424, #1828, #1097, #413, #2801, #613, #476, #2687, #264, #482, #2229, #2659, #682, #891, #1107, #1328, #2493, #2485, #286, #1823, #280, #710, #1065, #1937, #400, #1268, #1040, #899, #1775, #2422, #1106, #448, #2411, #1310, #270, #47, #1666, #624, #1061, #620, #408, #1513, #2163, #2635, #1733, #1391, #2191, #1991, #1113, #2017, #2154, #181, #63, #58, #232, #2641, #254, #2808, #1728, #2685 ) ) ;
#209 = PLANE ( 'NONE',  #1253 ) ;
#210 = DIRECTION ( 'NONE',  ( 0.0000000000000000000, 0.0000000000000000000, -1.000000000000000000 ) ) ;
#211 = VECTOR ( 'NONE', #527, 1000.000000000000000 ) ;
#212 = PLANE ( 'NONE',  #1597 ) ;
#213 = AXIS2_PLACEMENT_3D ( 'NONE', #2502, #2206, #1908 ) ;
#214 = CARTESIAN_POINT ( 'NONE',  ( 0.9987492177719096100, -12.60000000000000000, -8.149999999999998600 ) ) ;
#215 = AXIS2_PLACEMENT_3D ( 'NONE', #1947, #1661, #1373 ) ;
#216 = EDGE_LOOP ( 'NONE', ( #1920, #2523, #442, #302 ) ) ;
#217 = EDGE_CURVE ( 'NONE', #1184, #1917, #2811, .T. ) ;
#218 = DIRECTION ( 'NONE',  ( -1.000000000000000000, -0.0000000000000000000, -0.0000000000000000000 ) ) ;
#219 = ORIENTED_EDGE ( 'NONE', *, *, #1049, .T. ) ;
#220 = VECTOR ( 'NONE', #2268, 1000.000000000000000 ) ;
#221 = CARTESIAN_POINT ( 'NONE',  ( -3.000000000000000000, -7.400000000000000400, 0.0000000000000000000 ) ) ;
#222 = ORIENTED_EDGE ( 'NONE', *, *, #882, .F. ) ;
#223 = EDGE_CURVE ( 'NONE', #556, #975, #478, .T. ) ;
#224 = DIRECTION ( 'NONE',  ( -1.355252715606878300E-016, 0.0000000000000000000, -1.000000000000000000 ) ) ;
#225 = ORIENTED_EDGE ( 'NONE', *, *, #1552, .T. ) ;
#226 = VERTEX_POINT ( 'NONE', #2152 ) ;
#227 = DIRECTION ( 'NONE',  ( -0.0000000000000000000, -1.000000000000000000, -6.023345402697246700E-017 ) ) ;
#228 = DIRECTION ( 'NONE',  ( 0.0000000000000000000, 0.0000000000000000000, -1.000000000000000000 ) ) ;
#229 = EDGE_CURVE ( 'NONE', #2750, #2784, #2466, .T. ) ;
#230 = PLANE ( 'NONE',  #2400 ) ;
#231 = PLANE ( 'NONE',  #213 ) ;
#232 = ADVANCED_FACE ( 'NONE', ( #488 ), #1276, .F. ) ;
#233 = DIRECTION ( 'NONE',  ( -0.0000000000000000000, 1.000000000000000000, -0.0000000000000000000 ) ) ;
#234 = VECTOR ( 'NONE', #705, 1000.000000000000000 ) ;
#235 = AXIS2_PLACEMENT_3D ( 'NONE', #278, #2843, #2542 ) ;
#236 = ORIENTED_EDGE ( 'NONE', *, *, #2145, .T. ) ;
#237 = APPROVAL_DATE_TIME ( #532, #833 ) ;
#238 = ADVANCED_FACE ( 'NONE', ( #625 ), #775, .F. ) ;
#239 = VECTOR ( 'NONE', #2599, 1000.000000000000000 ) ;
#240 = CARTESIAN_POINT ( 'NONE',  ( -3.500000000000003100, -9.000000000000000000, -6.500000000000001800 ) ) ;
#241 = EDGE_CURVE ( 'NONE', #481, #2156, #2086, .T. ) ;
#242 = LINE ( 'NONE', #2802, #332 ) ;
#243 = ORIENTED_EDGE ( 'NONE', *, *, #1484, .T. ) ;
#244 = FACE_OUTER_BOUND ( 'NONE', #1042, .T. ) ;
#245 = EDGE_LOOP ( 'NONE', ( #1244, #806, #651, #576 ) ) ;
#246 = DIRECTION ( 'NONE',  ( -1.000000000000000000, -0.0000000000000000000, -0.0000000000000000000 ) ) ;
#247 = DIRECTION ( 'NONE',  ( 0.4472135954999572600, -0.0000000000000000000, 0.8944271909999161900 ) ) ;
#248 = EDGE_CURVE ( 'NONE', #1019, #91, #917, .T. ) ;
#249 = PLANE ( 'NONE',  #1545 ) ;
#250 = DIRECTION ( 'NONE',  ( 0.4472135954999582600, -0.0000000000000000000, -0.8944271909999156300 ) ) ;
#251 = AXIS2_PLACEMENT_3D ( 'NONE', #1302, #1005, #722 ) ;
#252 = CARTESIAN_POINT ( 'NONE',  ( 3.000000000000000900, -7.399999999999999500, 6.000000000000000000 ) ) ;
#253 = ORIENTED_EDGE ( 'NONE', *, *, #2384, .T. ) ;
#254 = ADVANCED_FACE ( 'NONE', ( #1066 ), #1208, .F. ) ;
#255 = VECTOR ( 'NONE', #1091, 1000.000000000000000 ) ;
#256 = CARTESIAN_POINT ( 'NONE',  ( -6.500000000000000900, -12.60000000000000100, 5.499999999999999100 ) ) ;
#257 = LINE ( 'NONE', #2820, #1636 ) ;
#258 = AXIS2_PLACEMENT_3D ( 'NONE', #1916, #1638, #1346 ) ;
#259 = VECTOR ( 'NONE', #250, 1000.000000000000100 ) ;
#260 = DIRECTION ( 'NONE',  ( 1.000000000000000000, 1.355252715606880500E-016, 0.0000000000000000000 ) ) ;
#261 = ORIENTED_EDGE ( 'NONE', *, *, #2450, .T. ) ;
#262 = ORIENTED_EDGE ( 'NONE', *, *, #1808, .F. ) ;
#263 = DIRECTION ( 'NONE',  ( 1.000000000000000000, -0.0000000000000000000, -0.0000000000000000000 ) ) ;
#264 = ADVANCED_FACE ( 'NONE', ( #1291 ), #2015, .F. ) ;
#265 = CARTESIAN_POINT ( 'NONE',  ( 2.500000000000000900, -7.399999999999999500, 6.000000000000000000 ) ) ;
#266 = DIRECTION ( 'NONE',  ( -1.000000000000000000, -0.0000000000000000000, -0.0000000000000000000 ) ) ;
#267 = LINE ( 'NONE', #2834, #294 ) ;
#268 = EDGE_LOOP ( 'NONE', ( #841, #395, #373, #2688 ) ) ;
#269 = EDGE_CURVE ( 'NONE', #1357, #2517, #849, .T. ) ;
#270 = ADVANCED_FACE ( 'NONE', ( #1517 ), #2831, .T. ) ;
#271 = DIRECTION ( 'NONE',  ( -1.000000000000000000, 8.982882203298674600E-032, -3.469446951953614200E-016 ) ) ;
#272 = CIRCLE ( 'NONE', #379, 1.600000000000002500 ) ;
#273 = DIRECTION ( 'NONE',  ( 0.4472135954999577600, -0.0000000000000000000, -0.8944271909999158600 ) ) ;
#274 = VERTEX_POINT ( 'NONE', #1659 ) ;
#275 = FACE_OUTER_BOUND ( 'NONE', #2064, .T. ) ;
#276 = LINE ( 'NONE', #2840, #1343 ) ;
#277 = ORIENTED_EDGE ( 'NONE', *, *, #948, .T. ) ;
#278 = CARTESIAN_POINT ( 'NONE',  ( -3.000000000000000000, 2.000000000000000000, -3.700000000000000200 ) ) ;
#279 = ORIENTED_EDGE ( 'NONE', *, *, #1496, .T. ) ;
#280 = ADVANCED_FACE ( 'NONE', ( #1370 ), #1369, .F. ) ;
#281 = CIRCLE ( 'NONE', #2350, 1.599999999999999000 ) ;
#282 = DIRECTION ( 'NONE',  ( -1.000000000000000000, 0.0000000000000000000, 0.0000000000000000000 ) ) ;
#283 = DIRECTION ( 'NONE',  ( -1.000000000000000000, -0.0000000000000000000, -0.0000000000000000000 ) ) ;
#284 = LOCAL_TIME ( 16, 42, 31.00000000000000000, #1984 ) ;
#285 = DIRECTION ( 'NONE',  ( -0.0000000000000000000, 1.000000000000000000, 8.911250732757571300E-017 ) ) ;
#286 = ADVANCED_FACE ( 'NONE', ( #1949 ), #196, .F. ) ;
#287 = CIRCLE ( 'NONE', #1196, 1.600000000000002500 ) ;
#288 = ORIENTED_EDGE ( 'NONE', *, *, #174, .F. ) ;
#289 = AXIS2_PLACEMENT_3D ( 'NONE', #1259, #970, #680 ) ;
#290 = CARTESIAN_POINT ( 'NONE',  ( 0.0000000000000000000, -12.60005000000000100, -6.099999999999999600 ) ) ;
#291 = ORIENTED_EDGE ( 'NONE', *, *, #2218, .F. ) ;
#292 = CARTESIAN_POINT ( 'NONE',  ( -0.6000000000000002000, 2.000000000000000000, -2.200000000000001100 ) ) ;
#293 = ORIENTED_EDGE ( 'NONE', *, *, #1225, .F. ) ;
#294 = VECTOR ( 'NONE', #2531, 1000.000000000000000 ) ;
#295 = DIRECTION ( 'NONE',  ( 0.0000000000000000000, 0.0000000000000000000, 1.000000000000000000 ) ) ;
#296 = ORIENTED_EDGE ( 'NONE', *, *, #1974, .T. ) ;
#297 = EDGE_CURVE ( 'NONE', #2524, #2765, #1877, .T. ) ;
#298 = VECTOR ( 'NONE', #2383, 1000.000000000000000 ) ;
#299 = CC_DESIGN_PERSON_AND_ORGANIZATION_ASSIGNMENT ( #2569, #2285, ( #949 ) ) ;
#300 = PLANE ( 'NONE',  #683 ) ;
#301 = EDGE_LOOP ( 'NONE', ( #911, #2366, #937, #2188 ) ) ;
#302 = ORIENTED_EDGE ( 'NONE', *, *, #2204, .F. ) ;
#303 = DIRECTION ( 'NONE',  ( -1.000000000000000000, -0.0000000000000000000, -0.0000000000000000000 ) ) ;
#304 = DIRECTION ( 'NONE',  ( 0.0000000000000000000, 1.000000000000000000, 0.0000000000000000000 ) ) ;
#305 = EDGE_CURVE ( 'NONE', #837, #556, #714, .T. ) ;
#306 = CARTESIAN_POINT ( 'NONE',  ( 3.000000000000000000, -12.60000000000000100, 10.84999999999999800 ) ) ;
#307 = DIRECTION ( 'NONE',  ( -1.000000000000000000, 0.0000000000000000000, -0.0000000000000000000 ) ) ;
#308 = CARTESIAN_POINT ( 'NONE',  ( -0.6000000000000002000, 2.000000000000000000, -2.200000000000001100 ) ) ;
#309 = AXIS2_PLACEMENT_3D ( 'NONE', #978, #688, #391 ) ;
#310 = ORIENTED_EDGE ( 'NONE', *, *, #2534, .T. ) ;
#311 = DATE_AND_TIME ( #1250, #2716 ) ;
#312 = DIRECTION ( 'NONE',  ( 1.000000000000000000, 0.0000000000000000000, 0.0000000000000000000 ) ) ;
#313 = VERTEX_POINT ( 'NONE', #2690 ) ;
#314 = AXIS2_PLACEMENT_3D ( 'NONE', #1585, #415, #118 ) ;
#315 = AXIS2_PLACEMENT_3D ( 'NONE', #361, #77, #2629 ) ;
#316 = CARTESIAN_POINT ( 'NONE',  ( -1.600000000000001000, -12.60005000000000100, -8.149999999999998600 ) ) ;
#317 = ORIENTED_EDGE ( 'NONE', *, *, #846, .T. ) ;
#318 = VERTEX_POINT ( 'NONE', #2393 ) ;
#319 = PLANE ( 'NONE',  #2675 ) ;
#320 = PLANE ( 'NONE',  #1125 ) ;
#321 = VECTOR ( 'NONE', #2203, 999.9999999999998900 ) ;
#322 = CARTESIAN_POINT ( 'NONE',  ( -0.4000000000000000200, 1.950000000000000200, -2.600000000000001000 ) ) ;
#323 = PLANE ( 'NONE',  #433 ) ;
#324 = CARTESIAN_POINT ( 'NONE',  ( -6.500000000000000900, -8.100000000000003200, 5.500000000000000000 ) ) ;
#325 = VERTEX_POINT ( 'NONE', #2099 ) ;
#326 = DIRECTION ( 'NONE',  ( -1.000000000000000000, -0.0000000000000000000, -0.0000000000000000000 ) ) ;
#327 = DIRECTION ( 'NONE',  ( -0.0000000000000000000, 1.000000000000000000, -0.0000000000000000000 ) ) ;
#328 = LINE ( 'NONE', #33, #1366 ) ;
#329 = ORIENTED_EDGE ( 'NONE', *, *, #628, .T. ) ;
#330 = VECTOR ( 'NONE', #1183, 1000.000000000000000 ) ;
#331 = ORIENTED_EDGE ( 'NONE', *, *, #4, .T. ) ;
#332 = VECTOR ( 'NONE', #2507, 1000.000000000000000 ) ;
#333 = VECTOR ( 'NONE', #1979, 1000.000000000000000 ) ;
#334 = DIRECTION ( 'NONE',  ( -1.000000000000000000, 0.0000000000000000000, -0.0000000000000000000 ) ) ;
#335 = DIRECTION ( 'NONE',  ( 0.0000000000000000000, 0.0000000000000000000, 1.000000000000000000 ) ) ;
#336 = DIRECTION ( 'NONE',  ( -0.0000000000000000000, -0.0000000000000000000, 1.000000000000000000 ) ) ;
#337 = DIRECTION ( 'NONE',  ( -0.0000000000000000000, -2.797941090285172600E-016, -1.000000000000000000 ) ) ;
#338 = DIRECTION ( 'NONE',  ( -1.355252715606880000E-016, 0.0000000000000000000, -1.000000000000000000 ) ) ;
#339 = ORIENTED_EDGE ( 'NONE', *, *, #1286, .F. ) ;
#340 = CARTESIAN_POINT ( 'NONE',  ( -1.600000000000000800, -12.60000000000000000, -3.700000000000001100 ) ) ;
#341 = CARTESIAN_POINT ( 'NONE',  ( 2.500000000000000900, -7.399999999999999500, 6.000000000000000000 ) ) ;
#342 = ORIENTED_EDGE ( 'NONE', *, *, #1148, .T. ) ;
#343 = FACE_OUTER_BOUND ( 'NONE', #894, .T. ) ;
#344 = LINE ( 'NONE', #52, #816 ) ;
#345 = ORIENTED_EDGE ( 'NONE', *, *, #1776, .T. ) ;
#346 = DIRECTION ( 'NONE',  ( 1.000000000000000000, 0.0000000000000000000, 0.0000000000000000000 ) ) ;
#347 = VERTEX_POINT ( 'NONE', #997 ) ;
#348 = VECTOR ( 'NONE', #845, 1000.000000000000000 ) ;
#349 = EDGE_CURVE ( 'NONE', #2407, #161, #1813, .T. ) ;
#350 = DIRECTION ( 'NONE',  ( 1.355252715606878300E-016, 0.0000000000000000000, 1.000000000000000000 ) ) ;
#351 = CARTESIAN_POINT ( 'NONE',  ( -3.000000000000000000, -12.60000000000000100, 9.699999999999999300 ) ) ;
#352 = DIRECTION ( 'NONE',  ( -1.000000000000000000, 0.0000000000000000000, 0.0000000000000000000 ) ) ;
#353 = EDGE_LOOP ( 'NONE', ( #739, #2009 ) ) ;
#354 = LINE ( 'NONE', #66, #1564 ) ;
#355 = ORIENTED_EDGE ( 'NONE', *, *, #998, .T. ) ;
#356 = PLANE ( 'NONE',  #1016 ) ;
#357 = ORIENTED_EDGE ( 'NONE', *, *, #2821, .T. ) ;
#358 = DIRECTION ( 'NONE',  ( -0.0000000000000000000, 0.0000000000000000000, 1.000000000000000000 ) ) ;
#359 = EDGE_LOOP ( 'NONE', ( #1303, #2544, #2126, #1952 ) ) ;
#360 = VECTOR ( 'NONE', #1951, 1000.000000000000000 ) ;
#361 = CARTESIAN_POINT ( 'NONE',  ( 0.9987492177719087300, -12.60005000000000100, -4.849999999999999600 ) ) ;
#362 = ORIENTED_EDGE ( 'NONE', *, *, #57, .T. ) ;
#363 = FACE_OUTER_BOUND ( 'NONE', #135, .T. ) ;
#364 = ORIENTED_EDGE ( 'NONE', *, *, #2386, .T. ) ;
#365 = VECTOR ( 'NONE', #1511, 1000.000000000000000 ) ;
#366 = EDGE_LOOP ( 'NONE', ( #1885, #2402, #2539, #1772 ) ) ;
#367 = DIRECTION ( 'NONE',  ( 0.0000000000000000000, 0.0000000000000000000, -1.000000000000000000 ) ) ;
#368 = DIRECTION ( 'NONE',  ( 0.0000000000000000000, 0.0000000000000000000, -1.000000000000000000 ) ) ;
#369 = AXIS2_PLACEMENT_3D ( 'NONE', #1088, #799, #518 ) ;
#370 = DIRECTION ( 'NONE',  ( 1.000000000000000000, 0.0000000000000000000, 0.0000000000000000000 ) ) ;
#371 = EDGE_LOOP ( 'NONE', ( #1199, #2041, #2467, #189 ) ) ;
#372 = CARTESIAN_POINT ( 'NONE',  ( -46.50000000000000000, -9.000000000000001800, 10.89999999999999500 ) ) ;
#373 = ORIENTED_EDGE ( 'NONE', *, *, #449, .F. ) ;
#374 = PLANE ( 'NONE',  #1056 ) ;
#375 = ORIENTED_EDGE ( 'NONE', *, *, #2253, .F. ) ;
#376 = AXIS2_PLACEMENT_3D ( 'NONE', #1855, #1566, #1267 ) ;
#377 = CARTESIAN_POINT ( 'NONE',  ( -6.499999999999999100, -12.60000000000000000, 0.4999999999999988300 ) ) ;
#378 = ORIENTED_EDGE ( 'NONE', *, *, #2474, .F. ) ;
#379 = AXIS2_PLACEMENT_3D ( 'NONE', #762, #2148, #1862 ) ;
#380 = EDGE_LOOP ( 'NONE', ( #646, #2711, #2347, #731 ) ) ;
#381 = VERTEX_POINT ( 'NONE', #935 ) ;
#382 = LINE ( 'NONE', #96, #979 ) ;
#383 = LINE ( 'NONE', #98, #1021 ) ;
#384 = PLANE ( 'NONE',  #120 ) ;
#385 = VECTOR ( 'NONE', #1440, 1000.000000000000000 ) ;
#386 = EDGE_CURVE ( 'NONE', #1766, #1917, #640, .T. ) ;
#387 = FACE_BOUND ( 'NONE', #56, .T. ) ;
#388 = CARTESIAN_POINT ( 'NONE',  ( -1.600000000000004300, -9.000000000000000000, -8.100000000000001400 ) ) ;
#389 = ORIENTED_EDGE ( 'NONE', *, *, #1335, .F. ) ;
#390 = LINE ( 'NONE', #102, #1458 ) ;
#391 = DIRECTION ( 'NONE',  ( -1.355252715606878300E-016, 0.0000000000000000000, -1.000000000000000000 ) ) ;
#392 = EDGE_CURVE ( 'NONE', #1533, #1435, #2322, .T. ) ;
#393 = EDGE_CURVE ( 'NONE', #325, #600, #1457, .T. ) ;
#394 = CARTESIAN_POINT ( 'NONE',  ( 3.500000000000000000, -9.000000000000001800, 10.89999999999999500 ) ) ;
#395 = ORIENTED_EDGE ( 'NONE', *, *, #1723, .T. ) ;
#396 = ORIENTED_EDGE ( 'NONE', *, *, #2440, .F. ) ;
#397 = DIRECTION ( 'NONE',  ( 0.0000000000000000000, 1.000000000000000000, 2.589139516383293800E-016 ) ) ;
#398 = DIRECTION ( 'NONE',  ( 9.035018104045870700E-017, -1.000000000000000000, 0.0000000000000000000 ) ) ;
#399 = EDGE_CURVE ( 'NONE', #1448, #1190, #2616, .T. ) ;
#400 = ADVANCED_FACE ( 'NONE', ( #2237 ), #2847, .F. ) ;
#401 = VECTOR ( 'NONE', #2787, 1000.000000000000000 ) ;
#402 = DIRECTION ( 'NONE',  ( -0.0000000000000000000, -0.0000000000000000000, 1.000000000000000000 ) ) ;
#403 = DIRECTION ( 'NONE',  ( 1.000000000000000000, 0.0000000000000000000, 0.0000000000000000000 ) ) ;
#404 = FACE_OUTER_BOUND ( 'NONE', #380, .T. ) ;
#405 = EDGE_CURVE ( 'NONE', #1618, #1684, #1674, .T. ) ;
#406 = PLANE ( 'NONE',  #1245 ) ;
#407 = EDGE_LOOP ( 'NONE', ( #1292, #1381 ) ) ;
#408 = ADVANCED_FACE ( 'NONE', ( #2679 ), #117, .T. ) ;
#409 = EDGE_CURVE ( 'NONE', #2698, #1615, #2779, .T. ) ;
#410 = VECTOR ( 'NONE', #2746, 1000.000000000000000 ) ;
#411 = LINE ( 'NONE', #340, #658 ) ;
#412 = DIRECTION ( 'NONE',  ( -1.000000000000000000, 0.0000000000000000000, 1.314184451497581500E-016 ) ) ;
#413 = ADVANCED_FACE ( 'NONE', ( #2832 ), #1893, .F. ) ;
#414 = PRODUCT ( 'pm-l45', 'pm-l45', '', ( #2342 ) ) ;
#415 = DIRECTION ( 'NONE',  ( -1.000000000000000000, 0.0000000000000000000, 0.0000000000000000000 ) ) ;
#416 = ORIENTED_EDGE ( 'NONE', *, *, #23, .T. ) ;
#417 = EDGE_CURVE ( 'NONE', #1534, #2175, #733, .T. ) ;
#418 = VECTOR ( 'NONE', #2190, 1000.000000000000000 ) ;
#419 = CARTESIAN_POINT ( 'NONE',  ( -0.3999999999999999700, -0.5999999999999983100, 6.100000000000000500 ) ) ;
#420 = ORIENTED_EDGE ( 'NONE', *, *, #2658, .F. ) ;
#421 = CARTESIAN_POINT ( 'NONE',  ( -0.4000000000000000800, 0.5999999999999999800, 0.0000000000000000000 ) ) ;
#422 = CARTESIAN_POINT ( 'NONE',  ( 2.500000000000000900, -7.399999999999999500, 0.0000000000000000000 ) ) ;
#423 = FACE_BOUND ( 'NONE', #539, .T. ) ;
#424 = ADVANCED_FACE ( 'NONE', ( #343 ), #2714, .F. ) ;
#425 = DIRECTION ( 'NONE',  ( -0.0000000000000000000, 1.000000000000000000, -0.0000000000000000000 ) ) ;
#426 = ORIENTED_EDGE ( 'NONE', *, *, #668, .T. ) ;
#427 = DIRECTION ( 'NONE',  ( -1.000000000000000000, 0.0000000000000000000, 5.782411586589355700E-016 ) ) ;
#428 = ORIENTED_EDGE ( 'NONE', *, *, #1983, .F. ) ;
#429 = CARTESIAN_POINT ( 'NONE',  ( -1.600000000000004100, -9.000000000000000000, -6.500000000000001800 ) ) ;
#430 = VERTEX_POINT ( 'NONE', #1537 ) ;
#431 = DIRECTION ( 'NONE',  ( 1.355252715606880500E-016, -1.000000000000000000, 0.0000000000000000000 ) ) ;
#432 = VERTEX_POINT ( 'NONE', #1240 ) ;
#433 = AXIS2_PLACEMENT_3D ( 'NONE', #25, #2580, #2296 ) ;
#434 = LINE ( 'NONE', #137, #2168 ) ;
#435 = ORIENTED_EDGE ( 'NONE', *, *, #1064, .T. ) ;
#436 = ORIENTED_EDGE ( 'NONE', *, *, #1277, .F. ) ;
#437 = EDGE_LOOP ( 'NONE', ( #1553, #2632 ) ) ;
#438 = CARTESIAN_POINT ( 'NONE',  ( -1.599999999999998800, -5.400000000000000400, 10.84999999999999800 ) ) ;
#439 = CARTESIAN_POINT ( 'NONE',  ( -1.599999999999998300, -5.400000000000000400, 14.14999999999999700 ) ) ;
#440 = FACE_OUTER_BOUND ( 'NONE', #2210, .T. ) ;
#441 = CARTESIAN_POINT ( 'NONE',  ( -0.6000000000000002000, 1.950000000000000200, -2.200000000000001100 ) ) ;
#442 = ORIENTED_EDGE ( 'NONE', *, *, #932, .F. ) ;
#443 = EDGE_CURVE ( 'NONE', #1390, #514, #2025, .T. ) ;
#444 = DIRECTION ( 'NONE',  ( -1.000000000000000000, 0.0000000000000000000, 0.0000000000000000000 ) ) ;
#445 = VERTEX_POINT ( 'NONE', #2634 ) ;
#446 = CARTESIAN_POINT ( 'NONE',  ( -0.3999999999999997400, -0.5999999999999999800, 6.264847458937464800E-017 ) ) ;
#447 = ORIENTED_EDGE ( 'NONE', *, *, #704, .T. ) ;
#448 = ADVANCED_FACE ( 'NONE', ( #781 ), #81, .F. ) ;
#449 = EDGE_CURVE ( 'NONE', #140, #445, #1471, .T. ) ;
#450 = CARTESIAN_POINT ( 'NONE',  ( -0.4000000000000000200, 1.950000000000000200, -2.600000000000001000 ) ) ;
#451 = ORIENTED_EDGE ( 'NONE', *, *, #679, .T. ) ;
#452 = FACE_OUTER_BOUND ( 'NONE', #700, .T. ) ;
#453 = ORIENTED_EDGE ( 'NONE', *, *, #851, .T. ) ;
#454 = DIRECTION ( 'NONE',  ( -0.0000000000000000000, -0.0000000000000000000, 1.000000000000000000 ) ) ;
#455 = EDGE_CURVE ( 'NONE', #2765, #767, #933, .T. ) ;
#456 = CARTESIAN_POINT ( 'NONE',  ( -6.500000000000002700, -8.100000000000003200, 9.700000000000001100 ) ) ;
#457 = CARTESIAN_POINT ( 'NONE',  ( 1.599999999999999400, -12.60000000000000000, -3.700000000000001500 ) ) ;
#458 = EDGE_CURVE ( 'NONE', #1963, #2201, #2279, .T. ) ;
#459 = VECTOR ( 'NONE', #2093, 1000.000000000000000 ) ;
#460 = VECTOR ( 'NONE', #1382, 1000.000000000000000 ) ;
#461 = LINE ( 'NONE', #160, #1210 ) ;
#462 = FACE_OUTER_BOUND ( 'NONE', #2418, .T. ) ;
#463 = EDGE_LOOP ( 'NONE', ( #495, #1316, #1756, #2320 ) ) ;
#464 = DATE_TIME_ROLE ( 'classification_date' ) ;
#465 = FACE_OUTER_BOUND ( 'NONE', #1402, .T. ) ;
#466 = DIRECTION ( 'NONE',  ( 0.0000000000000000000, -1.000000000000000000, -2.589139516383293800E-016 ) ) ;
#467 = EDGE_CURVE ( 'NONE', #1654, #2665, #59, .T. ) ;
#468 = DIRECTION ( 'NONE',  ( -0.0000000000000000000, 1.000000000000000000, -0.0000000000000000000 ) ) ;
#469 = EDGE_CURVE ( 'NONE', #514, #1390, #712, .T. ) ;
#470 = VECTOR ( 'NONE', #454, 1000.000000000000000 ) ;
#471 = DIRECTION ( 'NONE',  ( 0.0000000000000000000, 0.0000000000000000000, -1.000000000000000000 ) ) ;
#472 = ORIENTED_EDGE ( 'NONE', *, *, #2100, .T. ) ;
#473 = ORIENTED_EDGE ( 'NONE', *, *, #1808, .T. ) ;
#474 = CARTESIAN_POINT ( 'NONE',  ( 0.9987492177719068400, -5.400000000000000400, 10.84999999999999800 ) ) ;
#475 = PLANE ( 'NONE',  #1427 ) ;
#476 = ADVANCED_FACE ( 'NONE', ( #1523 ), #212, .F. ) ;
#477 = DIRECTION ( 'NONE',  ( 1.000000000000000000, 0.0000000000000000000, 0.0000000000000000000 ) ) ;
#478 = LINE ( 'NONE', #176, #410 ) ;
#479 = CARTESIAN_POINT ( 'NONE',  ( 0.9987492177719087300, -5.400000000000000400, -4.849999999999999600 ) ) ;
#480 = FACE_OUTER_BOUND ( 'NONE', #1362, .T. ) ;
#481 = VERTEX_POINT ( 'NONE', #1894 ) ;
#482 = ADVANCED_FACE ( 'NONE', ( #1667 ), #1614, .F. ) ;
#483 = AXIS2_PLACEMENT_3D ( 'NONE', #2438, #2140, #1858 ) ;
#484 = CARTESIAN_POINT ( 'NONE',  ( 3.000000000000000000, 2.000000000000000000, -3.700000000000000200 ) ) ;
#485 = PLANE ( 'NONE',  #1558 ) ;
#486 = LINE ( 'NONE', #188, #9 ) ;
#487 = VERTEX_POINT ( 'NONE', #441 ) ;
#488 = FACE_OUTER_BOUND ( 'NONE', #145, .T. ) ;
#489 = VERTEX_POINT ( 'NONE', #144 ) ;
#490 = EDGE_CURVE ( 'NONE', #2839, #1419, #2717, .T. ) ;
#491 = CARTESIAN_POINT ( 'NONE',  ( 2.500000000000000900, -6.700000000000000200, 0.0000000000000000000 ) ) ;
#492 = DIRECTION ( 'NONE',  ( 0.7071067811865511300, -0.7071067811865440200, 0.0000000000000000000 ) ) ;
#493 = AXIS2_PLACEMENT_3D ( 'NONE', #1613, #1312, #1013 ) ;
#494 = DIRECTION ( 'NONE',  ( 0.3363363969981562100, 3.889670957987712300E-016, -0.9417419115948374400 ) ) ;
#495 = ORIENTED_EDGE ( 'NONE', *, *, #1953, .T. ) ;
#496 = EDGE_CURVE ( 'NONE', #2637, #205, #1538, .T. ) ;
#497 = CARTESIAN_POINT ( 'NONE',  ( 0.0000000000000000000, -12.60005000000000100, -6.899999999999999500 ) ) ;
#498 = CIRCLE ( 'NONE', #684, 1.599999999999999900 ) ;
#499 = ORIENTED_EDGE ( 'NONE', *, *, #2652, .T. ) ;
#500 = CARTESIAN_POINT ( 'NONE',  ( 0.0000000000000000000, 2.000000000000000000, -1.000000000000000900 ) ) ;
#501 = ORIENTED_EDGE ( 'NONE', *, *, #1791, .T. ) ;
#502 = DIRECTION ( 'NONE',  ( 0.4472135954999579800, 0.0000000000000000000, 0.8944271909999157400 ) ) ;
#503 = ORIENTED_EDGE ( 'NONE', *, *, #2164, .T. ) ;
#504 = CARTESIAN_POINT ( 'NONE',  ( 0.4000000000000001300, -0.5999999999999983100, 6.000000000000000000 ) ) ;
#505 = ORIENTED_EDGE ( 'NONE', *, *, #828, .F. ) ;
#506 = EDGE_CURVE ( 'NONE', #1019, #1829, #1832, .T. ) ;
#507 = CIRCLE ( 'NONE', #1057, 1.599999999999999900 ) ;
#508 = DIRECTION ( 'NONE',  ( -0.0000000000000000000, 1.000000000000000000, -0.0000000000000000000 ) ) ;
#509 = DIRECTION ( 'NONE',  ( 1.000000000000000000, -4.491441101649337300E-032, 1.734723475976807100E-016 ) ) ;
#510 = AXIS2_PLACEMENT_3D ( 'NONE', #456, #156, #2730 ) ;
#511 = CARTESIAN_POINT ( 'NONE',  ( -3.000000000000000000, 2.000000000000000000, -3.700000000000000200 ) ) ;
#512 = EDGE_CURVE ( 'NONE', #2441, #140, #2636, .T. ) ;
#513 = CIRCLE ( 'NONE', #734, 1.599999999999999000 ) ;
#514 = VERTEX_POINT ( 'NONE', #1763 ) ;
#515 = VECTOR ( 'NONE', #202, 1000.000000000000000 ) ;
#516 = CARTESIAN_POINT ( 'NONE',  ( 3.000000000000000000, 2.000000000000000000, -3.700000000000000200 ) ) ;
#517 = ORIENTED_EDGE ( 'NONE', *, *, #1336, .T. ) ;
#518 = DIRECTION ( 'NONE',  ( -0.0000000000000000000, 0.0000000000000000000, 1.000000000000000000 ) ) ;
#519 = LINE ( 'NONE', #221, #401 ) ;
#520 = ORIENTED_EDGE ( 'NONE', *, *, #1769, .T. ) ;
#521 = EDGE_CURVE ( 'NONE', #1374, #432, #83, .T. ) ;
#522 = DIRECTION ( 'NONE',  ( -1.000000000000000000, -0.0000000000000000000, 1.314184451497581500E-016 ) ) ;
#523 = ORIENTED_EDGE ( 'NONE', *, *, #1450, .F. ) ;
#524 = ORIENTED_EDGE ( 'NONE', *, *, #636, .T. ) ;
#525 = CARTESIAN_POINT ( 'NONE',  ( -3.500000000000000000, -12.60000000000000000, -3.700000000000001500 ) ) ;
#526 = DIRECTION ( 'NONE',  ( 1.000000000000000000, -4.491441101649337300E-032, 1.734723475976807100E-016 ) ) ;
#527 = DIRECTION ( 'NONE',  ( -1.000000000000000000, -0.0000000000000000000, -0.0000000000000000000 ) ) ;
#528 = DIRECTION ( 'NONE',  ( 0.0000000000000000000, 0.0000000000000000000, 1.000000000000000000 ) ) ;
#529 = CYLINDRICAL_SURFACE ( 'NONE', #672, 1.599999999999999900 ) ;
#530 = CARTESIAN_POINT ( 'NONE',  ( 0.3999999999999989700, 1.950000000000000200, 7.399999999999997700 ) ) ;
#531 = ORIENTED_EDGE ( 'NONE', *, *, #1577, .T. ) ;
#532 = DATE_AND_TIME ( #1770, #1384 ) ;
#533 = FACE_OUTER_BOUND ( 'NONE', #1314, .T. ) ;
#534 = FACE_OUTER_BOUND ( 'NONE', #268, .T. ) ;
#535 = DIRECTION ( 'NONE',  ( 1.355252715606880000E-016, -0.0000000000000000000, -1.000000000000000000 ) ) ;
#536 = VECTOR ( 'NONE', #1826, 1000.000000000000000 ) ;
#537 = VECTOR ( 'NONE', #848, 1000.000000000000000 ) ;
#538 = DIRECTION ( 'NONE',  ( 0.0000000000000000000, 0.0000000000000000000, -1.000000000000000000 ) ) ;
#539 = EDGE_LOOP ( 'NONE', ( #149, #2008, #1721, #813, #2184, #1817, #691 ) ) ;
#540 = ORIENTED_EDGE ( 'NONE', *, *, #2540, .F. ) ;
#541 = FACE_OUTER_BOUND ( 'NONE', #2728, .T. ) ;
#542 = CARTESIAN_POINT ( 'NONE',  ( -0.4000000000000000200, 1.950000000000000200, -2.600000000000001000 ) ) ;
#543 = CARTESIAN_POINT ( 'NONE',  ( 0.0000000000000000000, 1.950000000000000200, 8.599999999999997900 ) ) ;
#544 = DIRECTION ( 'NONE',  ( 0.0000000000000000000, 0.0000000000000000000, 1.000000000000000000 ) ) ;
#545 = CARTESIAN_POINT ( 'NONE',  ( 0.6000000000000008700, 1.950000000000000200, 7.399999999999997700 ) ) ;
#546 = LINE ( 'NONE', #252, #2389 ) ;
#547 = ORIENTED_EDGE ( 'NONE', *, *, #2245, .T. ) ;
#548 = DIRECTION ( 'NONE',  ( -0.0000000000000000000, 1.000000000000000000, -0.0000000000000000000 ) ) ;
#549 = PLANE ( 'NONE',  #1111 ) ;
#550 = VECTOR ( 'NONE', #1898, 1000.000000000000000 ) ;
#551 = VECTOR ( 'NONE', #6, 1000.000000000000000 ) ;
#552 = CARTESIAN_POINT ( 'NONE',  ( 0.3999999999999999700, 0.5999999999999999800, -0.1000000000000000100 ) ) ;
#553 = ORIENTED_EDGE ( 'NONE', *, *, #2261, .T. ) ;
#554 = FACE_OUTER_BOUND ( 'NONE', #1444, .T. ) ;
#555 = EDGE_LOOP ( 'NONE', ( #1820, #1741, #262, #830, #1624, #1475, #389, #585, #1027 ) ) ;
#556 = VERTEX_POINT ( 'NONE', #881 ) ;
#557 = DIRECTION ( 'NONE',  ( 0.0000000000000000000, 0.0000000000000000000, -1.000000000000000000 ) ) ;
#558 = CARTESIAN_POINT ( 'NONE',  ( 3.500000000000000000, -9.000000000000001800, 14.10000000000000000 ) ) ;
#559 = AXIS2_PLACEMENT_3D ( 'NONE', #2449, #1866, #1576 ) ;
#560 = CARTESIAN_POINT ( 'NONE',  ( 0.0000000000000000000, -5.400000000000000400, -4.499999999999999100 ) ) ;
#561 = CARTESIAN_POINT ( 'NONE',  ( 3.500000000000000000, -5.400000000000000400, -3.700000000000001100 ) ) ;
#562 = DIRECTION ( 'NONE',  ( -0.0000000000000000000, 1.294569758191647200E-016, -1.000000000000000000 ) ) ;
#563 = EDGE_LOOP ( 'NONE', ( #45, #133, #708, #180 ) ) ;
#564 = DIRECTION ( 'NONE',  ( -1.000000000000000000, -0.0000000000000000000, -0.0000000000000000000 ) ) ;
#565 = CARTESIAN_POINT ( 'NONE',  ( 0.5999999999999998700, 1.950000000000000200, -2.200000000000001100 ) ) ;
#566 = EDGE_LOOP ( 'NONE', ( #572, #945, #2603, #1270, #106 ) ) ;
#567 = EDGE_CURVE ( 'NONE', #1308, #873, #590, .T. ) ;
#568 = PLANE ( 'NONE',  #1640 ) ;
#569 = ORIENTED_EDGE ( 'NONE', *, *, #1360, .F. ) ;
#570 = FACE_OUTER_BOUND ( 'NONE', #2479, .T. ) ;
#571 = PLANE ( 'NONE',  #235 ) ;
#572 = ORIENTED_EDGE ( 'NONE', *, *, #955, .F. ) ;
#573 = CARTESIAN_POINT ( 'NONE',  ( -3.000000000000000000, -8.100000000000003200, 9.700000000000001100 ) ) ;
#574 = CARTESIAN_POINT ( 'NONE',  ( 0.4000000000000000800, 1.950000000000000200, -2.200000000000001100 ) ) ;
#575 = CARTESIAN_POINT ( 'NONE',  ( 3.000000000000000000, 2.000000000000000000, -3.700000000000000200 ) ) ;
#576 = ORIENTED_EDGE ( 'NONE', *, *, #248, .T. ) ;
#577 = DIRECTION ( 'NONE',  ( 0.0000000000000000000, 0.0000000000000000000, 1.000000000000000000 ) ) ;
#578 = ORIENTED_EDGE ( 'NONE', *, *, #1602, .T. ) ;
#579 = DIRECTION ( 'NONE',  ( 1.000000000000000000, 0.0000000000000000000, 0.0000000000000000000 ) ) ;
#580 = ORIENTED_EDGE ( 'NONE', *, *, #745, .T. ) ;
#581 = VECTOR ( 'NONE', #1029, 1000.000000000000000 ) ;
#582 = DIRECTION ( 'NONE',  ( 0.0000000000000000000, 1.000000000000000000, 0.0000000000000000000 ) ) ;
#583 = ORIENTED_EDGE ( 'NONE', *, *, #877, .F. ) ;
#584 = DIRECTION ( 'NONE',  ( -0.0000000000000000000, 2.753529326947313900E-016, -1.000000000000000000 ) ) ;
#585 = ORIENTED_EDGE ( 'NONE', *, *, #2817, .F. ) ;
#586 = VECTOR ( 'NONE', #630, 1000.000000000000000 ) ;
#587 = ORIENTED_EDGE ( 'NONE', *, *, #1577, .F. ) ;
#588 = CARTESIAN_POINT ( 'NONE',  ( 3.000000000000000000, -6.400000000000001200, 5.999999999999999100 ) ) ;
#589 = CARTESIAN_POINT ( 'NONE',  ( 0.0000000000000000000, -5.400000000000000400, -6.099999999999999600 ) ) ;
#590 = LINE ( 'NONE', #306, #2700 ) ;
#591 = LINE ( 'NONE', #308, #551 ) ;
#592 = ORIENTED_EDGE ( 'NONE', *, *, #173, .T. ) ;
#593 = APPROVAL_ROLE ( '' ) ;
#594 = VECTOR ( 'NONE', #2075, 1000.000000000000000 ) ;
#595 = CARTESIAN_POINT ( 'NONE',  ( -3.000000000000000000, -7.400000000000000400, 6.000000000000000000 ) ) ;
#596 = ORIENTED_EDGE ( 'NONE', *, *, #1385, .T. ) ;
#597 = AXIS2_PLACEMENT_3D ( 'NONE', #1707, #1425, #1123 ) ;
#598 = ADVANCED_FACE ( 'NONE', ( #2180, #2619 ), #2564, .F. ) ;
#599 = DIRECTION ( 'NONE',  ( -0.3363363969981562100, 0.0000000000000000000, -0.9417419115948374400 ) ) ;
#600 = VERTEX_POINT ( 'NONE', #1409 ) ;
#601 = FACE_OUTER_BOUND ( 'NONE', #1669, .T. ) ;
#602 = ORIENTED_EDGE ( 'NONE', *, *, #908, .F. ) ;
#603 = VECTOR ( 'NONE', #650, 1000.000000000000000 ) ;
#604 = DIRECTION ( 'NONE',  ( -1.000000000000000000, 0.0000000000000000000, 0.0000000000000000000 ) ) ;
#605 = DIRECTION ( 'NONE',  ( 0.7071067811865511300, 0.7071067811865440200, 0.0000000000000000000 ) ) ;
#606 = DIRECTION ( 'NONE',  ( -0.0000000000000000000, -0.0000000000000000000, 1.000000000000000000 ) ) ;
#607 = DIRECTION ( 'NONE',  ( -6.570922257487906300E-017, -0.0000000000000000000, -1.000000000000000000 ) ) ;
#608 = EDGE_CURVE ( 'NONE', #161, #1833, #1104, .T. ) ;
#609 = PLANE ( 'NONE',  #1874 ) ;
#610 = VERTEX_POINT ( 'NONE', #2794 ) ;
#611 = CARTESIAN_POINT ( 'NONE',  ( 0.4000000000000000800, 2.000000000000000000, -2.200000000000001100 ) ) ;
#612 = CARTESIAN_POINT ( 'NONE',  ( 2.424800662311759000E-015, -12.60005000000000100, 12.89999999999999900 ) ) ;
#613 = ADVANCED_FACE ( 'NONE', ( #70 ), #230, .F. ) ;
#614 = EDGE_CURVE ( 'NONE', #1190, #17, #1630, .T. ) ;
#615 = DIRECTION ( 'NONE',  ( 1.000000000000000000, 0.0000000000000000000, 0.0000000000000000000 ) ) ;
#616 = ORIENTED_EDGE ( 'NONE', *, *, #2828, .T. ) ;
#617 = ORIENTED_EDGE ( 'NONE', *, *, #1974, .F. ) ;
#618 = DIRECTION ( 'NONE',  ( 0.0000000000000000000, 0.0000000000000000000, -1.000000000000000000 ) ) ;
#619 = DIRECTION ( 'NONE',  ( -0.0000000000000000000, 1.000000000000000000, -0.0000000000000000000 ) ) ;
#620 = ADVANCED_FACE ( 'NONE', ( #136 ), #751, .F. ) ;
#621 = EDGE_CURVE ( 'NONE', #514, #2750, #2427, .T. ) ;
#622 = CARTESIAN_POINT ( 'NONE',  ( -2.199999999999997100, -6.400000000000001200, 0.0000000000000000000 ) ) ;
#623 = CARTESIAN_POINT ( 'NONE',  ( -0.4000000000000000800, 0.6000000000000015300, 6.100000000000000500 ) ) ;
#624 = ADVANCED_FACE ( 'NONE', ( #649 ), #1556, .T. ) ;
#625 = FACE_OUTER_BOUND ( 'NONE', #2739, .T. ) ;
#626 = DIRECTION ( 'NONE',  ( 1.000000000000000000, 0.0000000000000000000, -1.355252715606880000E-016 ) ) ;
#627 = ORIENTED_EDGE ( 'NONE', *, *, #2204, .T. ) ;
#628 = EDGE_CURVE ( 'NONE', #1599, #2757, #383, .T. ) ;
#629 = EDGE_CURVE ( 'NONE', #2045, #1973, #2067, .T. ) ;
#630 = DIRECTION ( 'NONE',  ( -0.0000000000000000000, -1.000000000000000000, -0.0000000000000000000 ) ) ;
#631 = LINE ( 'NONE', #341, #2809 ) ;
#632 = EDGE_LOOP ( 'NONE', ( #638, #1605, #1801, #2491 ) ) ;
#633 = AXIS2_PLACEMENT_3D ( 'NONE', #589, #304, #2863 ) ;
#634 = CARTESIAN_POINT ( 'NONE',  ( -3.500000000000000000, -8.100000000000003200, 9.700000000000001100 ) ) ;
#635 = ORIENTED_EDGE ( 'NONE', *, *, #71, .T. ) ;
#636 = EDGE_CURVE ( 'NONE', #2525, #2489, #1194, .T. ) ;
#637 = CARTESIAN_POINT ( 'NONE',  ( -6.499999999999999100, -8.099999999999999600, 0.5000000000000000000 ) ) ;
#638 = ORIENTED_EDGE ( 'NONE', *, *, #2318, .T. ) ;
#639 = DIRECTION ( 'NONE',  ( 1.000000000000000000, -0.0000000000000000000, -1.314184451497581500E-016 ) ) ;
#640 = LINE ( 'NONE', #351, #1936 ) ;
#641 = CARTESIAN_POINT ( 'NONE',  ( 2.500000000000000900, -7.399999999999999500, 0.0000000000000000000 ) ) ;
#642 = EDGE_LOOP ( 'NONE', ( #2657, #453, #2560, #923 ) ) ;
#643 = CARTESIAN_POINT ( 'NONE',  ( -0.4000000000000000800, 0.5999999999999999800, 0.0000000000000000000 ) ) ;
#644 = ORIENTED_EDGE ( 'NONE', *, *, #1345, .T. ) ;
#645 = DIRECTION ( 'NONE',  ( -1.000000000000000000, -0.0000000000000000000, -0.0000000000000000000 ) ) ;
#646 = ORIENTED_EDGE ( 'NONE', *, *, #197, .T. ) ;
#647 = DIRECTION ( 'NONE',  ( -1.000000000000000000, 0.0000000000000000000, -0.0000000000000000000 ) ) ;
#648 = ORIENTED_EDGE ( 'NONE', *, *, #2583, .F. ) ;
#649 = FACE_OUTER_BOUND ( 'NONE', #2760, .T. ) ;
#650 = DIRECTION ( 'NONE',  ( 0.4472135954999579800, -0.0000000000000000000, 0.8944271909999158600 ) ) ;
#651 = ORIENTED_EDGE ( 'NONE', *, *, #506, .F. ) ;
#652 = ADVANCED_FACE ( 'NONE', ( #803 ), #2354, .F. ) ;
#653 = FACE_OUTER_BOUND ( 'NONE', #1180, .T. ) ;
#654 = VECTOR ( 'NONE', #494, 1000.000000000000100 ) ;
#655 = ORIENTED_EDGE ( 'NONE', *, *, #636, .F. ) ;
#656 = CARTESIAN_POINT ( 'NONE',  ( 3.500000000000000000, -12.60000000000000000, -3.700000000000001500 ) ) ;
#657 = DIRECTION ( 'NONE',  ( 1.000000000000000000, -4.491441101649337300E-032, 1.734723475976807100E-016 ) ) ;
#658 = VECTOR ( 'NONE', #48, 1000.000000000000000 ) ;
#659 = CARTESIAN_POINT ( 'NONE',  ( -0.4000000000000000800, 0.6000000000000015300, 6.100000000000000500 ) ) ;
#660 = ORIENTED_EDGE ( 'NONE', *, *, #2584, .T. ) ;
#661 = EDGE_CURVE ( 'NONE', #1043, #78, #2295, .T. ) ;
#662 = AXIS2_PLACEMENT_3D ( 'NONE', #1543, #1248, #960 ) ;
#663 = CARTESIAN_POINT ( 'NONE',  ( -1.599999999999998800, -5.400000000000000400, 10.84999999999999800 ) ) ;
#664 = EDGE_LOOP ( 'NONE', ( #296, #580, #692, #1531 ) ) ;
#665 = SHAPE_DEFINITION_REPRESENTATION ( #2777, #1053 ) ;
#666 = CARTESIAN_POINT ( 'NONE',  ( -2.500000000000000000, -7.400000000000000400, 6.000000000000000000 ) ) ;
#667 = VERTEX_POINT ( 'NONE', #1122 ) ;
#668 = EDGE_CURVE ( 'NONE', #873, #2649, #2693, .T. ) ;
#669 = EDGE_CURVE ( 'NONE', #947, #325, #2810, .T. ) ;
#670 = CARTESIAN_POINT ( 'NONE',  ( 3.500000000000000000, -9.000000000000000000, -8.100000000000001400 ) ) ;
#671 = EDGE_LOOP ( 'NONE', ( #2682, #1527, #964, #2621, #1941, #2351, #1301, #451, #1237 ) ) ;
#672 = AXIS2_PLACEMENT_3D ( 'NONE', #1790, #1495, #1201 ) ;
#673 = ORIENTED_EDGE ( 'NONE', *, *, #2644, .F. ) ;
#674 = EDGE_LOOP ( 'NONE', ( #2391, #2182, #1393, #2646, #2705, #644, #860, #253, #747, #2177 ) ) ;
#675 = PLANE ( 'NONE',  #1044 ) ;
#676 = VECTOR ( 'NONE', #607, 1000.000000000000000 ) ;
#677 = VECTOR ( 'NONE', #926, 1000.000000000000000 ) ;
#678 = VECTOR ( 'NONE', #1009, 1000.000000000000000 ) ;
#679 = EDGE_CURVE ( 'NONE', #2071, #1887, #1925, .T. ) ;
#680 = DIRECTION ( 'NONE',  ( 1.000000000000000000, 0.0000000000000000000, -5.782411586589355700E-016 ) ) ;
#681 = DIRECTION ( 'NONE',  ( -0.3363363969981562100, 0.0000000000000000000, -0.9417419115948374400 ) ) ;
#682 = ADVANCED_FACE ( 'NONE', ( #1692 ), #249, .T. ) ;
#683 = AXIS2_PLACEMENT_3D ( 'NONE', #2859, #2559, #2274 ) ;
#684 = AXIS2_PLACEMENT_3D ( 'NONE', #1876, #2392, #2098 ) ;
#685 = LINE ( 'NONE', #100, #1584 ) ;
#686 = EDGE_LOOP ( 'NONE', ( #1033, #2324, #1753, #2110 ) ) ;
#687 = CARTESIAN_POINT ( 'NONE',  ( 0.3999999999999999700, 0.5999999999999999800, -0.1000000000000000100 ) ) ;
#688 = DIRECTION ( 'NONE',  ( -1.000000000000000000, -0.0000000000000000000, 1.314184451497581500E-016 ) ) ;
#689 = EDGE_CURVE ( 'NONE', #89, #947, #175, .T. ) ;
#690 = CARTESIAN_POINT ( 'NONE',  ( -3.500000000000003100, -9.000000000000000000, -6.500000000000001800 ) ) ;
#691 = ORIENTED_EDGE ( 'NONE', *, *, #2766, .F. ) ;
#692 = ORIENTED_EDGE ( 'NONE', *, *, #269, .T. ) ;
#693 = DIRECTION ( 'NONE',  ( 0.0000000000000000000, 2.589139516383293800E-016, -1.000000000000000000 ) ) ;
#694 = CARTESIAN_POINT ( 'NONE',  ( -0.4000000000000000800, 0.5999999999999999800, 0.0000000000000000000 ) ) ;
#695 = EDGE_CURVE ( 'NONE', #2107, #1109, #2254, .T. ) ;
#696 = CARTESIAN_POINT ( 'NONE',  ( -0.4000000000000000200, 1.950000000000000200, -2.200000000000001100 ) ) ;
#697 = DIRECTION ( 'NONE',  ( -0.0000000000000000000, 0.0000000000000000000, 1.000000000000000000 ) ) ;
#698 = AXIS2_PLACEMENT_3D ( 'NONE', #1546, #1251, #961 ) ;
#699 = DIRECTION ( 'NONE',  ( 0.0000000000000000000, -0.0000000000000000000, -1.000000000000000000 ) ) ;
#700 = EDGE_LOOP ( 'NONE', ( #2010, #53, #1665, #2790 ) ) ;
#701 = DIRECTION ( 'NONE',  ( 0.0000000000000000000, 0.0000000000000000000, -1.000000000000000000 ) ) ;
#702 = CARTESIAN_POINT ( 'NONE',  ( -1.599999999999998300, -12.60005000000000100, 14.14999999999999700 ) ) ;
#703 = AXIS2_PLACEMENT_3D ( 'NONE', #986, #697, #403 ) ;
#704 = EDGE_CURVE ( 'NONE', #2059, #1070, #985, .T. ) ;
#705 = DIRECTION ( 'NONE',  ( -0.0000000000000000000, -0.0000000000000000000, 1.000000000000000000 ) ) ;
#706 = ORIENTED_EDGE ( 'NONE', *, *, #736, .F. ) ;
#707 = LINE ( 'NONE', #419, #2282 ) ;
#708 = ORIENTED_EDGE ( 'NONE', *, *, #191, .F. ) ;
#709 = VECTOR ( 'NONE', #142, 1000.000000000000000 ) ;
#710 = ADVANCED_FACE ( 'NONE', ( #2286 ), #1275, .F. ) ;
#711 = EDGE_CURVE ( 'NONE', #2405, #2065, #2085, .T. ) ;
#712 = CIRCLE ( 'NONE', #999, 1.249999999999999300 ) ;
#713 = LINE ( 'NONE', #421, #1493 ) ;
#714 = LINE ( 'NONE', #422, #1330 ) ;
#715 = CARTESIAN_POINT ( 'NONE',  ( -0.9987492177719091700, -12.60005000000000100, -4.850000000000000500 ) ) ;
#716 = AXIS2_PLACEMENT_3D ( 'NONE', #2239, #1942, #1656 ) ;
#717 = ORIENTED_EDGE ( 'NONE', *, *, #924, .T. ) ;
#718 = EDGE_CURVE ( 'NONE', #205, #1143, #916, .T. ) ;
#719 = CARTESIAN_POINT ( 'NONE',  ( -5.000000000000000000, -8.100000000000003200, 5.499999999999999100 ) ) ;
#720 = CIRCLE ( 'NONE', #1789, 1.600000000000002500 ) ;
#721 = ORIENTED_EDGE ( 'NONE', *, *, #1918, .F. ) ;
#722 = DIRECTION ( 'NONE',  ( 0.4472135954999572600, 0.0000000000000000000, 0.8944271909999161900 ) ) ;
#723 = ORIENTED_EDGE ( 'NONE', *, *, #2370, .T. ) ;
#724 = CARTESIAN_POINT ( 'NONE',  ( 0.3999999999999999700, 0.6000000000000015300, 6.000000000000000000 ) ) ;
#725 = ORIENTED_EDGE ( 'NONE', *, *, #37, .F. ) ;
#726 = CC_DESIGN_DATE_AND_TIME_ASSIGNMENT ( #756, #464, ( #1906 ) ) ;
#727 = PLANE ( 'NONE',  #315 ) ;
#728 = ORIENTED_EDGE ( 'NONE', *, *, #2425, .F. ) ;
#729 = EDGE_CURVE ( 'NONE', #2759, #1967, #1207, .T. ) ;
#730 = CIRCLE ( 'NONE', #35, 1.599999999999999000 ) ;
#731 = ORIENTED_EDGE ( 'NONE', *, *, #2540, .T. ) ;
#732 = LINE ( 'NONE', #438, #1844 ) ;
#733 = LINE ( 'NONE', #439, #709 ) ;
#734 = AXIS2_PLACEMENT_3D ( 'NONE', #429, #132, #2697 ) ;
#735 = DIRECTION ( 'NONE',  ( 0.0000000000000000000, -0.0000000000000000000, 1.000000000000000000 ) ) ;
#736 = EDGE_CURVE ( 'NONE', #1972, #1184, #2014, .T. ) ;
#737 = VECTOR ( 'NONE', #2174, 1000.000000000000000 ) ;
#738 = LOCAL_TIME ( 16, 42, 31.00000000000000000, #1408 ) ;
#739 = ORIENTED_EDGE ( 'NONE', *, *, #840, .F. ) ;
#740 = CARTESIAN_POINT ( 'NONE',  ( -3.500000000000003100, -9.000000000000001800, 12.49999999999999600 ) ) ;
#741 = ORIENTED_EDGE ( 'NONE', *, *, #386, .F. ) ;
#742 =( NAMED_UNIT ( * ) SI_UNIT ( $, .STERADIAN. ) SOLID_ANGLE_UNIT ( ) );
#743 = DIRECTION ( 'NONE',  ( -0.0000000000000000000, -0.0000000000000000000, 1.000000000000000000 ) ) ;
#744 = ORIENTED_EDGE ( 'NONE', *, *, #669, .F. ) ;
#745 = EDGE_CURVE ( 'NONE', #1859, #1357, #2309, .T. ) ;
#746 = CARTESIAN_POINT ( 'NONE',  ( -1.599999999999997200, -9.000000000000001800, 12.49999999999999600 ) ) ;
#747 = ORIENTED_EDGE ( 'NONE', *, *, #1834, .T. ) ;
#748 = ORIENTED_EDGE ( 'NONE', *, *, #1114, .F. ) ;
#749 = CARTESIAN_POINT ( 'NONE',  ( 0.3999999999999999700, 0.5999999999999999800, -0.1000000000000000100 ) ) ;
#750 = FACE_OUTER_BOUND ( 'NONE', #1469, .T. ) ;
#751 = PLANE ( 'NONE',  #510 ) ;
#752 = LINE ( 'NONE', #457, #184 ) ;
#753 = LINE ( 'NONE', #2133, #1364 ) ;
#754 = FACE_BOUND ( 'NONE', #1203, .T. ) ;
#755 = VERTEX_POINT ( 'NONE', #265 ) ;
#756 = DATE_AND_TIME ( #2060, #284 ) ;
#757 = CARTESIAN_POINT ( 'NONE',  ( -5.000000000000000000, -8.100000000000003200, 5.499999999999999100 ) ) ;
#758 = CARTESIAN_POINT ( 'NONE',  ( 2.424800662311759000E-015, -12.60005000000000100, 14.49999999999999600 ) ) ;
#759 = DIRECTION ( 'NONE',  ( 0.0000000000000000000, 1.000000000000000000, -0.0000000000000000000 ) ) ;
#760 = ORIENTED_EDGE ( 'NONE', *, *, #2360, .F. ) ;
#761 = ORIENTED_EDGE ( 'NONE', *, *, #689, .T. ) ;
#762 = CARTESIAN_POINT ( 'NONE',  ( 3.500000000000000000, -9.000000000000001800, 12.49999999999999600 ) ) ;
#763 = DIRECTION ( 'NONE',  ( 0.0000000000000000000, 2.753529326947312900E-016, -1.000000000000000000 ) ) ;
#764 = DIRECTION ( 'NONE',  ( -0.0000000000000000000, 0.0000000000000000000, 1.000000000000000000 ) ) ;
#765 = DIRECTION ( 'NONE',  ( -1.000000000000000000, -0.0000000000000000000, -0.0000000000000000000 ) ) ;
#766 = DIRECTION ( 'NONE',  ( -0.0000000000000000000, 1.000000000000000000, -0.0000000000000000000 ) ) ;
#767 = VERTEX_POINT ( 'NONE', #560 ) ;
#768 = VECTOR ( 'NONE', #743, 1000.000000000000000 ) ;
#769 = VECTOR ( 'NONE', #1108, 1000.000000000000000 ) ;
#770 = PLANE ( 'NONE',  #1304 ) ;
#771 = DIRECTION ( 'NONE',  ( 0.0000000000000000000, -0.0000000000000000000, -1.000000000000000000 ) ) ;
#772 = AXIS2_PLACEMENT_3D ( 'NONE', #690, #104, #2662 ) ;
#773 = LINE ( 'NONE', #2165, #92 ) ;
#774 = ORIENTED_EDGE ( 'NONE', *, *, #2031, .T. ) ;
#775 = CYLINDRICAL_SURFACE ( 'NONE', #186, 1.599999999999999900 ) ;
#776 = ORIENTED_EDGE ( 'NONE', *, *, #1918, .T. ) ;
#777 = DIRECTION ( 'NONE',  ( -1.000000000000000000, 0.0000000000000000000, 0.0000000000000000000 ) ) ;
#778 = CARTESIAN_POINT ( 'NONE',  ( 0.6000000000000008700, 2.000000000000000000, 7.399999999999997700 ) ) ;
#779 = DIRECTION ( 'NONE',  ( -0.7071067811865440200, -0.7071067811865511300, 0.0000000000000000000 ) ) ;
#780 = ADVANCED_FACE ( 'NONE', ( #465 ), #2647, .F. ) ;
#781 = FACE_OUTER_BOUND ( 'NONE', #463, .T. ) ;
#782 = CARTESIAN_POINT ( 'NONE',  ( -5.000000000000000000, -8.099999999999999600, 0.5000000000000000000 ) ) ;
#783 = EDGE_LOOP ( 'NONE', ( #1571, #717, #761, #207 ) ) ;
#784 = DIRECTION ( 'NONE',  ( -0.0000000000000000000, -0.0000000000000000000, 1.000000000000000000 ) ) ;
#785 = ORIENTED_EDGE ( 'NONE', *, *, #2213, .T. ) ;
#786 = LINE ( 'NONE', #500, #515 ) ;
#787 = EDGE_LOOP ( 'NONE', ( #1621, #867, #1349, #2734 ) ) ;
#788 = EDGE_CURVE ( 'NONE', #1883, #1811, #1944, .T. ) ;
#789 = DIRECTION ( 'NONE',  ( -0.8944271909999158600, 0.0000000000000000000, 0.4472135954999580400 ) ) ;
#790 = VERTEX_POINT ( 'NONE', #778 ) ;
#791 = CARTESIAN_POINT ( 'NONE',  ( 1.600000000000004100, -9.000000000000001800, 10.89999999999999500 ) ) ;
#792 = ORIENTED_EDGE ( 'NONE', *, *, #2450, .F. ) ;
#793 = CARTESIAN_POINT ( 'NONE',  ( -0.4000000000000010200, 1.950000000000000200, 7.399999999999997700 ) ) ;
#794 = CARTESIAN_POINT ( 'NONE',  ( -56.50000000000000000, -10.60000000000000300, 3.199999999999986900 ) ) ;
#795 = CARTESIAN_POINT ( 'NONE',  ( 3.500000000000000000, -12.60000000000000100, 9.699999999999999300 ) ) ;
#796 = ORIENTED_EDGE ( 'NONE', *, *, #1660, .F. ) ;
#797 = LINE ( 'NONE', #516, #2364 ) ;
#798 = ORIENTED_EDGE ( 'NONE', *, *, #1484, .F. ) ;
#799 = DIRECTION ( 'NONE',  ( -1.000000000000000000, 0.0000000000000000000, -0.0000000000000000000 ) ) ;
#800 = CARTESIAN_POINT ( 'NONE',  ( 0.9987492177719087300, -12.60000000000000000, -4.849999999999999600 ) ) ;
#801 = ORIENTED_EDGE ( 'NONE', *, *, #2658, .T. ) ;
#802 = VECTOR ( 'NONE', #1446, 1000.000000000000000 ) ;
#803 = FACE_OUTER_BOUND ( 'NONE', #1525, .T. ) ;
#804 = CARTESIAN_POINT ( 'NONE',  ( 1.600000000000004100, -9.000000000000001800, 12.49999999999999600 ) ) ;
#805 = ORIENTED_EDGE ( 'NONE', *, *, #729, .F. ) ;
#806 = ORIENTED_EDGE ( 'NONE', *, *, #11, .F. ) ;
#807 = LINE ( 'NONE', #525, #163 ) ;
#808 = CARTESIAN_POINT ( 'NONE',  ( -56.50000000000000000, -10.60000000000000300, 3.199999999999986900 ) ) ;
#809 = CARTESIAN_POINT ( 'NONE',  ( -0.4000000000000010200, 2.000000000000000000, 6.999999999999997300 ) ) ;
#810 = DIRECTION ( 'NONE',  ( -0.0000000000000000000, 1.000000000000000000, 1.294569758191647200E-016 ) ) ;
#811 = LINE ( 'NONE', #530, #839 ) ;
#812 = FACE_OUTER_BOUND ( 'NONE', #2413, .T. ) ;
#813 = ORIENTED_EDGE ( 'NONE', *, *, #1711, .F. ) ;
#814 = APPROVAL_ROLE ( '' ) ;
#815 = CARTESIAN_POINT ( 'NONE',  ( 0.3999999999999990200, 1.950000000000000200, 6.999999999999997300 ) ) ;
#816 = VECTOR ( 'NONE', #2609, 1000.000000000000000 ) ;
#817 = EDGE_CURVE ( 'NONE', #837, #1580, #1067, .T. ) ;
#818 = DIRECTION ( 'NONE',  ( 1.000000000000000000, -0.0000000000000000000, -0.0000000000000000000 ) ) ;
#819 = ORIENTED_EDGE ( 'NONE', *, *, #1261, .F. ) ;
#820 = AXIS2_PLACEMENT_3D ( 'NONE', #2046, #1757, #1467 ) ;
#821 = ORIENTED_EDGE ( 'NONE', *, *, #1355, .T. ) ;
#822 = LINE ( 'NONE', #542, #2447 ) ;
#823 = LINE ( 'NONE', #543, #1714 ) ;
#824 = FACE_OUTER_BOUND ( 'NONE', #1749, .T. ) ;
#825 = DIRECTION ( 'NONE',  ( -0.0000000000000000000, 1.000000000000000000, 1.294569758191647200E-016 ) ) ;
#826 = LINE ( 'NONE', #545, #259 ) ;
#827 = EDGE_CURVE ( 'NONE', #1897, #1873, #2761, .T. ) ;
#828 = EDGE_CURVE ( 'NONE', #147, #1306, #1591, .T. ) ;
#829 = DIRECTION ( 'NONE',  ( 0.0000000000000000000, 0.0000000000000000000, -1.000000000000000000 ) ) ;
#830 = ORIENTED_EDGE ( 'NONE', *, *, #1055, .F. ) ;
#831 = CARTESIAN_POINT ( 'NONE',  ( -0.4000000000000010200, 1.950000000000000200, 6.999999999999997300 ) ) ;
#832 = DIRECTION ( 'NONE',  ( -0.0000000000000000000, 1.000000000000000000, -0.0000000000000000000 ) ) ;
#833 = APPROVAL ( #1110, 'UNSPECIFIED' ) ;
#834 = EDGE_CURVE ( 'NONE', #381, #1460, #713, .T. ) ;
#835 = UNCERTAINTY_MEASURE_WITH_UNIT (LENGTH_MEASURE( 1.000000000000000100E-005 ), #2492, 'distance_accuracy_value', 'NONE');
#836 = DIRECTION ( 'NONE',  ( -0.0000000000000000000, -0.0000000000000000000, 1.000000000000000000 ) ) ;
#837 = VERTEX_POINT ( 'NONE', #2689 ) ;
#838 = VECTOR ( 'NONE', #2722, 1000.000000000000000 ) ;
#839 = VECTOR ( 'NONE', #233, 1000.000000000000000 ) ;
#840 = EDGE_CURVE ( 'NONE', #1695, #226, #498, .T. ) ;
#841 = ORIENTED_EDGE ( 'NONE', *, *, #49, .T. ) ;
#842 = ORIENTED_EDGE ( 'NONE', *, *, #1372, .T. ) ;
#843 = VECTOR ( 'NONE', #980, 1000.000000000000000 ) ;
#844 = CARTESIAN_POINT ( 'NONE',  ( 3.000000000000000000, -12.60000000000000100, 9.699999999999999300 ) ) ;
#845 = DIRECTION ( 'NONE',  ( -0.0000000000000000000, -0.0000000000000000000, 1.000000000000000000 ) ) ;
#846 = EDGE_CURVE ( 'NONE', #1255, #91, #1812, .T. ) ;
#847 = EDGE_CURVE ( 'NONE', #430, #2372, #720, .T. ) ;
#848 = DIRECTION ( 'NONE',  ( -0.0000000000000000000, 1.000000000000000000, 8.911250732757571300E-017 ) ) ;
#849 = LINE ( 'NONE', #561, #1739 ) ;
#850 = AXIS2_PLACEMENT_3D ( 'NONE', #42, #2600, #2310 ) ;
#851 = EDGE_CURVE ( 'NONE', #313, #2524, #2615, .T. ) ;
#852 = CARTESIAN_POINT ( 'NONE',  ( 3.000000000000000000, -12.60000000000000000, -3.700000000000001500 ) ) ;
#853 = ORIENTED_EDGE ( 'NONE', *, *, #788, .T. ) ;
#854 = EDGE_CURVE ( 'NONE', #2649, #1875, #1745, .T. ) ;
#855 = CARTESIAN_POINT ( 'NONE',  ( 3.500000000000000000, -12.60000000000000100, 9.699999999999999300 ) ) ;
#856 = CARTESIAN_POINT ( 'NONE',  ( -3.500000000000000000, -12.60000000000000100, 9.699999999999999300 ) ) ;
#857 = ORIENTED_EDGE ( 'NONE', *, *, #840, .T. ) ;
#858 = AXIS2_PLACEMENT_3D ( 'NONE', #952, #657, #368 ) ;
#859 = DIRECTION ( 'NONE',  ( 1.000000000000000000, 0.0000000000000000000, 0.0000000000000000000 ) ) ;
#860 = ORIENTED_EDGE ( 'NONE', *, *, #1767, .T. ) ;
#861 = CARTESIAN_POINT ( 'NONE',  ( -1.600000000000000500, -12.60000000000000000, -4.849999999999999600 ) ) ;
#862 = ORIENTED_EDGE ( 'NONE', *, *, #877, .T. ) ;
#863 = VECTOR ( 'NONE', #777, 1000.000000000000000 ) ;
#864 = LINE ( 'NONE', #573, #2228 ) ;
#865 = DIRECTION ( 'NONE',  ( -0.0000000000000000000, -1.000000000000000000, -6.023345402697246700E-017 ) ) ;
#866 = LINE ( 'NONE', #575, #1902 ) ;
#867 = ORIENTED_EDGE ( 'NONE', *, *, #417, .T. ) ;
#868 = DIRECTION ( 'NONE',  ( -0.0000000000000000000, 1.000000000000000000, 1.294569758191647200E-016 ) ) ;
#869 = ORIENTED_EDGE ( 'NONE', *, *, #847, .T. ) ;
#870 = DIRECTION ( 'NONE',  ( -0.0000000000000000000, 0.0000000000000000000, 1.000000000000000000 ) ) ;
#871 = ORIENTED_EDGE ( 'NONE', *, *, #1660, .T. ) ;
#872 = CARTESIAN_POINT ( 'NONE',  ( 0.0000000000000000000, -5.400000000000000400, -6.899999999999999500 ) ) ;
#873 = VERTEX_POINT ( 'NONE', #60 ) ;
#874 = FACE_BOUND ( 'NONE', #2631, .T. ) ;
#875 = CARTESIAN_POINT ( 'NONE',  ( -3.500000000000000000, -12.60000000000000100, 9.699999999999999300 ) ) ;
#876 = ORIENTED_EDGE ( 'NONE', *, *, #2261, .F. ) ;
#877 = EDGE_CURVE ( 'NONE', #1970, #2332, #864, .T. ) ;
#878 = ORIENTED_EDGE ( 'NONE', *, *, #932, .T. ) ;
#879 = LINE ( 'NONE', #588, #2653 ) ;
#880 = DIRECTION ( 'NONE',  ( -0.0000000000000000000, 1.000000000000000000, -0.0000000000000000000 ) ) ;
#881 = CARTESIAN_POINT ( 'NONE',  ( 2.500000000000000900, -7.399999999999999500, 0.0000000000000000000 ) ) ;
#882 = EDGE_CURVE ( 'NONE', #91, #1678, #2545, .T. ) ;
#883 = EDGE_CURVE ( 'NONE', #1873, #1418, #1673, .T. ) ;
#884 = CARTESIAN_POINT ( 'NONE',  ( 0.0000000000000000000, -5.400000000000000400, -6.099999999999999600 ) ) ;
#885 = ORIENTED_EDGE ( 'NONE', *, *, #2460, .T. ) ;
#886 = APPROVAL_STATUS ( 'not_yet_approved' ) ;
#887 = LINE ( 'NONE', #595, #1282 ) ;
#888 = ORIENTED_EDGE ( 'NONE', *, *, #2460, .F. ) ;
#889 = AXIS2_PLACEMENT_3D ( 'NONE', #612, #327, #31 ) ;
#890 = EDGE_CURVE ( 'NONE', #199, #153, #2846, .T. ) ;
#891 = ADVANCED_FACE ( 'NONE', ( #1266 ), #209, .F. ) ;
#892 = CARTESIAN_POINT ( 'NONE',  ( -3.500000000000000000, -12.60000000000000100, 9.699999999999999300 ) ) ;
#893 = EDGE_LOOP ( 'NONE', ( #2167, #1955 ) ) ;
#894 = EDGE_LOOP ( 'NONE', ( #2273, #2395, #2775, #981 ) ) ;
#895 = CYLINDRICAL_SURFACE ( 'NONE', #155, 1.249999999999999300 ) ;
#896 = CARTESIAN_POINT ( 'NONE',  ( 3.000000000000000000, -12.60000000000000100, 10.84999999999999800 ) ) ;
#897 = CARTESIAN_POINT ( 'NONE',  ( -2.500000000000000000, -6.700000000000001100, 0.0000000000000000000 ) ) ;
#898 = FACE_OUTER_BOUND ( 'NONE', #2694, .T. ) ;
#899 = ADVANCED_FACE ( 'NONE', ( #1411, #1182 ), #1892, .F. ) ;
#900 = CARTESIAN_POINT ( 'NONE',  ( -2.500000000000000000, -7.400000000000000400, 0.0000000000000000000 ) ) ;
#901 = CARTESIAN_POINT ( 'NONE',  ( 1.599999999999999400, -5.400000000000000400, -8.149999999999998600 ) ) ;
#902 = EDGE_CURVE ( 'NONE', #1875, #1534, #732, .T. ) ;
#903 = VECTOR ( 'NONE', #968, 1000.000000000000000 ) ;
#904 = DIRECTION ( 'NONE',  ( -1.000000000000000000, -0.0000000000000000000, -0.0000000000000000000 ) ) ;
#905 = ORIENTED_EDGE ( 'NONE', *, *, #158, .F. ) ;
#906 = LINE ( 'NONE', #611, #1748 ) ;
#907 = CARTESIAN_POINT ( 'NONE',  ( 2.199999999999998000, -6.400000000000000400, 0.0000000000000000000 ) ) ;
#908 = EDGE_CURVE ( 'NONE', #1917, #1970, #2409, .T. ) ;
#909 = CARTESIAN_POINT ( 'NONE',  ( -0.3999999999999999700, -0.5999999999999999800, 0.0000000000000000000 ) ) ;
#910 = ORIENTED_EDGE ( 'NONE', *, *, #506, .T. ) ;
#911 = ORIENTED_EDGE ( 'NONE', *, *, #1114, .T. ) ;
#912 = CARTESIAN_POINT ( 'NONE',  ( 0.9987492177719068400, -12.60005000000000100, 10.84999999999999800 ) ) ;
#913 = DIRECTION ( 'NONE',  ( -1.000000000000000000, -0.0000000000000000000, -0.0000000000000000000 ) ) ;
#914 = EDGE_CURVE ( 'NONE', #2249, #2113, #2713, .T. ) ;
#915 = FACE_OUTER_BOUND ( 'NONE', #245, .T. ) ;
#916 = LINE ( 'NONE', #622, #97 ) ;
#917 = LINE ( 'NONE', #623, #1216 ) ;
#918 = CARTESIAN_POINT ( 'NONE',  ( 0.4000000000000000200, 1.950000000000000200, -2.600000000000001000 ) ) ;
#919 = ORIENTED_EDGE ( 'NONE', *, *, #1049, .F. ) ;
#920 = AXIS2_PLACEMENT_3D ( 'NONE', #2762, #2463, #2171 ) ;
#921 = CARTESIAN_POINT ( 'NONE',  ( 3.000000000000000000, -12.60000000000000100, 9.699999999999999300 ) ) ;
#922 = DIRECTION ( 'NONE',  ( 0.0000000000000000000, -0.0000000000000000000, -1.000000000000000000 ) ) ;
#923 = ORIENTED_EDGE ( 'NONE', *, *, #1124, .F. ) ;
#924 = EDGE_CURVE ( 'NONE', #600, #89, #951, .T. ) ;
#925 = EDGE_CURVE ( 'NONE', #199, #2480, #2633, .T. ) ;
#926 = DIRECTION ( 'NONE',  ( 9.035018104045870700E-017, -1.000000000000000000, 0.0000000000000000000 ) ) ;
#927 = ORIENTED_EDGE ( 'NONE', *, *, #729, .T. ) ;
#928 = AXIS2_PLACEMENT_3D ( 'NONE', #2337, #2051, #1762 ) ;
#929 = LINE ( 'NONE', #637, #2796 ) ;
#930 = ORIENTED_EDGE ( 'NONE', *, *, #1710, .F. ) ;
#931 = EDGE_CURVE ( 'NONE', #1615, #2156, #281, .T. ) ;
#932 = EDGE_CURVE ( 'NONE', #1839, #1143, #879, .T. ) ;
#933 = CIRCLE ( 'NONE', #633, 1.599999999999999900 ) ;
#934 = CARTESIAN_POINT ( 'NONE',  ( -1.599999999999997200, -9.000000000000001800, 12.49999999999999600 ) ) ;
#935 = CARTESIAN_POINT ( 'NONE',  ( 0.3999999999999999700, 0.5999999999999999800, 0.0000000000000000000 ) ) ;
#936 = PLANE ( 'NONE',  #1472 ) ;
#937 = ORIENTED_EDGE ( 'NONE', *, *, #2318, .F. ) ;
#938 = EDGE_CURVE ( 'NONE', #226, #1109, #2862, .T. ) ;
#939 = CARTESIAN_POINT ( 'NONE',  ( -0.4000000000000000200, 2.000000000000000000, -2.600000000000001000 ) ) ;
#940 = CIRCLE ( 'NONE', #93, 1.599999999999999000 ) ;
#941 = EDGE_LOOP ( 'NONE', ( #1743, #1116, #1165, #1590 ) ) ;
#942 = CARTESIAN_POINT ( 'NONE',  ( -0.4000000000000000800, 0.5999999999999999800, -0.1000000000000000100 ) ) ;
#943 = ORIENTED_EDGE ( 'NONE', *, *, #1506, .F. ) ;
#944 = CARTESIAN_POINT ( 'NONE',  ( 3.000000000000000000, 2.000000000000000000, -3.700000000000000200 ) ) ;
#945 = ORIENTED_EDGE ( 'NONE', *, *, #2677, .F. ) ;
#946 = CARTESIAN_POINT ( 'NONE',  ( 0.0000000000000000000, 1.950000000000000200, -1.000000000000000900 ) ) ;
#947 = VERTEX_POINT ( 'NONE', #1975 ) ;
#948 = EDGE_CURVE ( 'NONE', #667, #2175, #1176, .T. ) ;
#949 = PRODUCT_DEFINITION ( 'UNKNOWN', '', #1548, #193 ) ;
#950 = ORIENTED_EDGE ( 'NONE', *, *, #1776, .F. ) ;
#951 = LINE ( 'NONE', #656, #2208 ) ;
#952 = CARTESIAN_POINT ( 'NONE',  ( -56.50000000000000000, -10.60000000000000300, 3.199999999999986900 ) ) ;
#953 = VECTOR ( 'NONE', #1298, 1000.000000000000000 ) ;
#954 = DIRECTION ( 'NONE',  ( -1.000000000000000000, -0.0000000000000000000, -0.0000000000000000000 ) ) ;
#955 = EDGE_CURVE ( 'NONE', #2517, #1932, #807, .T. ) ;
#956 = VECTOR ( 'NONE', #564, 1000.000000000000000 ) ;
#957 = ORIENTED_EDGE ( 'NONE', *, *, #2686, .T. ) ;
#958 = CARTESIAN_POINT ( 'NONE',  ( 0.0000000000000000000, 1.950000000000000200, 8.599999999999997900 ) ) ;
#959 = ORIENTED_EDGE ( 'NONE', *, *, #2136, .T. ) ;
#960 = DIRECTION ( 'NONE',  ( 1.000000000000000000, 0.0000000000000000000, 0.0000000000000000000 ) ) ;
#961 = DIRECTION ( 'NONE',  ( -1.000000000000000000, 0.0000000000000000000, -0.0000000000000000000 ) ) ;
#962 = EDGE_LOOP ( 'NONE', ( #339, #2858, #1825, #1006 ) ) ;
#963 = DIRECTION ( 'NONE',  ( 3.236424395479117900E-017, -2.589139516383294300E-016, 1.000000000000000000 ) ) ;
#964 = ORIENTED_EDGE ( 'NONE', *, *, #1784, .T. ) ;
#965 = ORIENTED_EDGE ( 'NONE', *, *, #2218, .T. ) ;
#966 = CYLINDRICAL_SURFACE ( 'NONE', #889, 1.599999999999999000 ) ;
#967 = ORIENTED_EDGE ( 'NONE', *, *, #1280, .F. ) ;
#968 = DIRECTION ( 'NONE',  ( -0.0000000000000000000, 1.000000000000000000, -0.0000000000000000000 ) ) ;
#969 = VECTOR ( 'NONE', #2373, 1000.000000000000000 ) ;
#970 = DIRECTION ( 'NONE',  ( 5.782411586589355700E-016, -2.589139516383293800E-016, 1.000000000000000000 ) ) ;
#971 = CARTESIAN_POINT ( 'NONE',  ( -3.500000000000000000, -8.100000000000003200, 9.700000000000001100 ) ) ;
#972 = FACE_OUTER_BOUND ( 'NONE', #1132, .T. ) ;
#973 = VECTOR ( 'NONE', #1598, 1000.000000000000000 ) ;
#974 = DIRECTION ( 'NONE',  ( 0.0000000000000000000, 0.0000000000000000000, -1.000000000000000000 ) ) ;
#975 = VERTEX_POINT ( 'NONE', #1100 ) ;
#976 = VECTOR ( 'NONE', #1368, 1000.000000000000000 ) ;
#977 = DIRECTION ( 'NONE',  ( 1.000000000000000000, 0.0000000000000000000, -0.0000000000000000000 ) ) ;
#978 = CARTESIAN_POINT ( 'NONE',  ( 1.600000000000004100, -9.000000000000001800, 12.49999999999999600 ) ) ;
#979 = VECTOR ( 'NONE', #2651, 1000.000000000000000 ) ;
#980 = DIRECTION ( 'NONE',  ( 1.000000000000000000, 0.0000000000000000000, 0.0000000000000000000 ) ) ;
#981 = ORIENTED_EDGE ( 'NONE', *, *, #349, .T. ) ;
#982 = ORIENTED_EDGE ( 'NONE', *, *, #2534, .F. ) ;
#983 = CARTESIAN_POINT ( 'NONE',  ( -6.499999999999999100, -8.099999999999999600, 0.5000000000000000000 ) ) ;
#984 = LINE ( 'NONE', #694, #2672 ) ;
#985 = LINE ( 'NONE', #696, #2570 ) ;
#986 = CARTESIAN_POINT ( 'NONE',  ( 0.9987492177719070600, -12.60005000000000100, 14.14999999999999700 ) ) ;
#987 = DIRECTION ( 'NONE',  ( 0.0000000000000000000, -1.000000000000000000, 0.0000000000000000000 ) ) ;
#988 = VECTOR ( 'NONE', #2503, 1000.000000000000000 ) ;
#989 = EDGE_LOOP ( 'NONE', ( #317, #2039, #2776, #776 ) ) ;
#990 = DIRECTION ( 'NONE',  ( 0.0000000000000000000, 1.000000000000000000, -0.0000000000000000000 ) ) ;
#991 = PLANE ( 'NONE',  #2294 ) ;
#992 = CARTESIAN_POINT ( 'NONE',  ( -0.4000000000000010200, 1.950000000000000200, 7.399999999999997700 ) ) ;
#993 = ORIENTED_EDGE ( 'NONE', *, *, #2213, .F. ) ;
#994 = CARTESIAN_POINT ( 'NONE',  ( -3.000000000000000400, -5.400000000000002100, 9.700000000000001100 ) ) ;
#995 = ORIENTED_EDGE ( 'NONE', *, *, #908, .T. ) ;
#996 = DIRECTION ( 'NONE',  ( 0.0000000000000000000, -1.000000000000000000, -2.589139516383293800E-016 ) ) ;
#997 = CARTESIAN_POINT ( 'NONE',  ( 0.5999999999999998700, 2.000000000000000000, -2.200000000000001100 ) ) ;
#998 = EDGE_CURVE ( 'NONE', #1839, #1580, #2793, .T. ) ;
#999 = AXIS2_PLACEMENT_3D ( 'NONE', #808, #526, #228 ) ;
#1000 = LINE ( 'NONE', #715, #1093 ) ;
#1001 = ORIENTED_EDGE ( 'NONE', *, *, #914, .T. ) ;
#1002 = VECTOR ( 'NONE', #466, 1000.000000000000000 ) ;
#1003 = LINE ( 'NONE', #719, #1117 ) ;
#1004 = VERTEX_POINT ( 'NONE', #1627 ) ;
#1005 = DIRECTION ( 'NONE',  ( -0.8944271909999161900, 0.0000000000000000000, 0.4472135954999572600 ) ) ;
#1006 = ORIENTED_EDGE ( 'NONE', *, *, #229, .T. ) ;
#1007 = LINE ( 'NONE', #724, #2142 ) ;
#1008 = VERTEX_POINT ( 'NONE', #1332 ) ;
#1009 = DIRECTION ( 'NONE',  ( 1.000000000000000000, -0.0000000000000000000, -0.0000000000000000000 ) ) ;
#1010 = ORIENTED_EDGE ( 'NONE', *, *, #1289, .T. ) ;
#1011 = ORIENTED_EDGE ( 'NONE', *, *, #846, .F. ) ;
#1012 = DIRECTION ( 'NONE',  ( 0.0000000000000000000, 0.0000000000000000000, 1.000000000000000000 ) ) ;
#1013 = DIRECTION ( 'NONE',  ( 0.4472135954999582600, 0.0000000000000000000, -0.8944271909999156300 ) ) ;
#1014 = DIRECTION ( 'NONE',  ( -0.0000000000000000000, 1.000000000000000000, 0.0000000000000000000 ) ) ;
#1015 = ORIENTED_EDGE ( 'NONE', *, *, #174, .T. ) ;
#1016 = AXIS2_PLACEMENT_3D ( 'NONE', #1166, #870, #579 ) ;
#1017 = DIRECTION ( 'NONE',  ( 1.734723475976807100E-016, 0.0000000000000000000, -1.000000000000000000 ) ) ;
#1018 = FACE_OUTER_BOUND ( 'NONE', #1331, .T. ) ;
#1019 = VERTEX_POINT ( 'NONE', #1904 ) ;
#1020 = AXIS2_PLACEMENT_3D ( 'NONE', #2604, #271, #2837 ) ;
#1021 = VECTOR ( 'NONE', #2654, 1000.000000000000000 ) ;
#1022 = CARTESIAN_POINT ( 'NONE',  ( -0.3999999999999999700, -0.5999999999999999800, -0.1000000000000000100 ) ) ;
#1023 = ORIENTED_EDGE ( 'NONE', *, *, #1385, .F. ) ;
#1024 = ORGANIZATION ( 'UNSPECIFIED', 'UNSPECIFIED', '' ) ;
#1025 = DIRECTION ( 'NONE',  ( -1.355252715606880500E-016, 1.000000000000000000, -0.0000000000000000000 ) ) ;
#1026 = ORIENTED_EDGE ( 'NONE', *, *, #1784, .F. ) ;
#1027 = ORIENTED_EDGE ( 'NONE', *, *, #417, .F. ) ;
#1028 = LINE ( 'NONE', #749, #470 ) ;
#1029 = DIRECTION ( 'NONE',  ( -1.355252715606880000E-016, -0.0000000000000000000, -1.000000000000000000 ) ) ;
#1030 = CARTESIAN_POINT ( 'NONE',  ( -0.4000000000000010200, 2.000000000000000000, 7.399999999999997700 ) ) ;
#1031 = EDGE_CURVE ( 'NONE', #1272, #381, #1028, .T. ) ;
#1032 = DIRECTION ( 'NONE',  ( 0.0000000000000000000, 0.0000000000000000000, 1.000000000000000000 ) ) ;
#1033 = ORIENTED_EDGE ( 'NONE', *, *, #1711, .T. ) ;
#1034 = PERSON_AND_ORGANIZATION_ROLE ( 'classification_officer' ) ;
#1035 = VECTOR ( 'NONE', #1205, 1000.000000000000000 ) ;
#1036 = FACE_OUTER_BOUND ( 'NONE', #674, .T. ) ;
#1037 = CARTESIAN_POINT ( 'NONE',  ( 0.4000000000000000800, 1.950000000000000200, -2.200000000000001100 ) ) ;
#1038 = LINE ( 'NONE', #758, #87 ) ;
#1039 = VECTOR ( 'NONE', #195, 1000.000000000000000 ) ;
#1040 = ADVANCED_FACE ( 'NONE', ( #387, #541 ), #154, .F. ) ;
#1041 = CARTESIAN_POINT ( 'NONE',  ( 2.424800662311759000E-015, -5.400000000000000400, 12.89999999999999900 ) ) ;
#1042 = EDGE_LOOP ( 'NONE', ( #1485, #616, #592, #1080 ) ) ;
#1043 = VERTEX_POINT ( 'NONE', #1846 ) ;
#1044 = AXIS2_PLACEMENT_3D ( 'NONE', #2352, #2066, #1779 ) ;
#1045 = DIRECTION ( 'NONE',  ( -1.000000000000000000, -0.0000000000000000000, -0.0000000000000000000 ) ) ;
#1046 = DIRECTION ( 'NONE',  ( 0.0000000000000000000, -1.000000000000000000, -2.753529326947312900E-016 ) ) ;
#1047 = CARTESIAN_POINT ( 'NONE',  ( -0.3999999999999999700, -0.5999999999999999800, -0.1000000000000000100 ) ) ;
#1048 = CARTESIAN_POINT ( 'NONE',  ( 3.500000000000000000, -5.400000000000002100, 9.700000000000001100 ) ) ;
#1049 = EDGE_CURVE ( 'NONE', #2757, #2388, #1555, .T. ) ;
#1050 = CARTESIAN_POINT ( 'NONE',  ( -0.4000000000000000200, 1.950000000000000200, -2.600000000000001000 ) ) ;
#1051 = ORIENTED_EDGE ( 'NONE', *, *, #1738, .F. ) ;
#1052 = DIRECTION ( 'NONE',  ( -0.0000000000000000000, 1.000000000000000000, -0.0000000000000000000 ) ) ;
#1053 = ADVANCED_BREP_SHAPE_REPRESENTATION ( 'pm-l45', ( #2408, #662 ), #1847 ) ;
#1054 = DIRECTION ( 'NONE',  ( 0.0000000000000000000, -1.000000000000000000, 0.0000000000000000000 ) ) ;
#1055 = EDGE_CURVE ( 'NONE', #78, #2702, #382, .T. ) ;
#1056 = AXIS2_PLACEMENT_3D ( 'NONE', #88, #2642, #2343 ) ;
#1057 = AXIS2_PLACEMENT_3D ( 'NONE', #2209, #1337, #1032 ) ;
#1058 = DIRECTION ( 'NONE',  ( -0.0000000000000000000, 1.000000000000000000, -0.0000000000000000000 ) ) ;
#1059 = ORIENTED_EDGE ( 'NONE', *, *, #924, .F. ) ;
#1060 = VECTOR ( 'NONE', #1498, 1000.000000000000000 ) ;
#1061 = ADVANCED_FACE ( 'NONE', ( #244 ), #675, .T. ) ;
#1062 = VERTEX_POINT ( 'NONE', #1487 ) ;
#1063 = CARTESIAN_POINT ( 'NONE',  ( 3.000000000000000000, -12.60000000000000000, -8.149999999999998600 ) ) ;
#1064 = EDGE_CURVE ( 'NONE', #1433, #205, #1192, .T. ) ;
#1065 = ADVANCED_FACE ( 'NONE', ( #824 ), #320, .F. ) ;
#1066 = FACE_OUTER_BOUND ( 'NONE', #2053, .T. ) ;
#1067 = LINE ( 'NONE', #491, #1039 ) ;
#1068 = CARTESIAN_POINT ( 'NONE',  ( 2.500000000000000900, -6.700000000000000200, 0.0000000000000000000 ) ) ;
#1069 = LINE ( 'NONE', #782, #654 ) ;
#1070 = VERTEX_POINT ( 'NONE', #1994 ) ;
#1071 = EDGE_CURVE ( 'NONE', #1492, #1306, #1704, .T. ) ;
#1072 = CARTESIAN_POINT ( 'NONE',  ( -2.500000000000000000, -6.700000000000001100, 0.0000000000000000000 ) ) ;
#1073 = ORIENTED_EDGE ( 'NONE', *, *, #1760, .T. ) ;
#1074 = CARTESIAN_POINT ( 'NONE',  ( -0.9987492177719091700, -5.400000000000000400, -4.850000000000000500 ) ) ;
#1075 = EDGE_LOOP ( 'NONE', ( #1099, #1236 ) ) ;
#1076 = CARTESIAN_POINT ( 'NONE',  ( 0.0000000000000000000, 1.950000000000000200, -1.000000000000000900 ) ) ;
#1077 = ORIENTED_EDGE ( 'NONE', *, *, #297, .F. ) ;
#1078 = AXIS2_PLACEMENT_3D ( 'NONE', #1565, #1265, #977 ) ;
#1079 = CARTESIAN_POINT ( 'NONE',  ( 2.228857174448182500E-015, -5.400000000000000400, 12.09999999999999800 ) ) ;
#1080 = ORIENTED_EDGE ( 'NONE', *, *, #1225, .T. ) ;
#1081 = DIRECTION ( 'NONE',  ( 0.0000000000000000000, -2.753529326947312900E-016, 1.000000000000000000 ) ) ;
#1082 = DIRECTION ( 'NONE',  ( -0.0000000000000000000, 1.000000000000000000, -0.0000000000000000000 ) ) ;
#1083 = DIRECTION ( 'NONE',  ( 1.000000000000000000, 0.0000000000000000000, 0.0000000000000000000 ) ) ;
#1084 = ORIENTED_EDGE ( 'NONE', *, *, #1588, .F. ) ;
#1085 = CARTESIAN_POINT ( 'NONE',  ( 2.424800662311759000E-015, -12.60000000000000100, 12.89999999999999900 ) ) ;
#1086 = ORIENTED_EDGE ( 'NONE', *, *, #2816, .F. ) ;
#1087 = EDGE_CURVE ( 'NONE', #2480, #1533, #823, .T. ) ;
#1088 = CARTESIAN_POINT ( 'NONE',  ( -0.4000000000000000200, 1.950000000000000200, -2.200000000000001100 ) ) ;
#1089 = VECTOR ( 'NONE', #1926, 1000.000000000000000 ) ;
#1090 = VECTOR ( 'NONE', #645, 1000.000000000000000 ) ;
#1091 = DIRECTION ( 'NONE',  ( 1.355252715606880000E-016, -0.0000000000000000000, -1.000000000000000000 ) ) ;
#1092 = ORIENTED_EDGE ( 'NONE', *, *, #2578, .T. ) ;
#1093 = VECTOR ( 'NONE', #425, 1000.000000000000000 ) ;
#1094 = DIRECTION ( 'NONE',  ( 3.469446951953614200E-016, 3.469446951953614200E-016, -1.000000000000000000 ) ) ;
#1095 = EDGE_LOOP ( 'NONE', ( #1911, #728, #1175, #801, #1671, #965 ) ) ;
#1096 = FACE_OUTER_BOUND ( 'NONE', #2018, .T. ) ;
#1097 = ADVANCED_FACE ( 'NONE', ( #1271 ), #2806, .F. ) ;
#1098 = AXIS2_PLACEMENT_3D ( 'NONE', #322, #24, #2579 ) ;
#1099 = ORIENTED_EDGE ( 'NONE', *, *, #847, .F. ) ;
#1100 = CARTESIAN_POINT ( 'NONE',  ( 3.000000000000000900, -7.399999999999999500, 0.0000000000000000000 ) ) ;
#1101 = DIRECTION ( 'NONE',  ( 0.0000000000000000000, 0.0000000000000000000, 1.000000000000000000 ) ) ;
#1102 = APPROVAL_PERSON_ORGANIZATION ( #1185, #2271, #593 ) ;
#1103 = VECTOR ( 'NONE', #508, 1000.000000000000000 ) ;
#1104 = LINE ( 'NONE', #809, #211 ) ;
#1105 = CARTESIAN_POINT ( 'NONE',  ( -0.3999999999999997400, 0.6000000000000015300, 6.000000000000000000 ) ) ;
#1106 = ADVANCED_FACE ( 'NONE', ( #1572, #1930 ), #1644, .F. ) ;
#1107 = ADVANCED_FACE ( 'NONE', ( #1864 ), #475, .F. ) ;
#1108 = DIRECTION ( 'NONE',  ( -6.570922257487906300E-017, 1.294569758191647200E-016, -1.000000000000000000 ) ) ;
#1109 = VERTEX_POINT ( 'NONE', #2149 ) ;
#1110 = APPROVAL_STATUS ( 'not_yet_approved' ) ;
#1111 = AXIS2_PLACEMENT_3D ( 'NONE', #1359, #1054, #771 ) ;
#1112 = LINE ( 'NONE', #815, #1583 ) ;
#1113 = ADVANCED_FACE ( 'NONE', ( #2005 ), #2305, .F. ) ;
#1114 = EDGE_CURVE ( 'NONE', #1460, #2471, #984, .T. ) ;
#1115 = CARTESIAN_POINT ( 'NONE',  ( -46.50000000000000000, -9.000000000000001800, 12.49999999999999600 ) ) ;
#1116 = ORIENTED_EDGE ( 'NONE', *, *, #82, .F. ) ;
#1117 = VECTOR ( 'NONE', #427, 1000.000000000000000 ) ;
#1118 = VERTEX_POINT ( 'NONE', #2667 ) ;
#1119 = VECTOR ( 'NONE', #584, 1000.000000000000000 ) ;
#1120 = CARTESIAN_POINT ( 'NONE',  ( -3.500000000000000000, -5.400000000000003900, 16.00000000000000000 ) ) ;
#1121 = DIRECTION ( 'NONE',  ( -1.000000000000000000, 0.0000000000000000000, 5.782411586589355700E-016 ) ) ;
#1122 = CARTESIAN_POINT ( 'NONE',  ( -1.599999999999998300, -12.60000000000000100, 14.14999999999999700 ) ) ;
#1123 = DIRECTION ( 'NONE',  ( 0.0000000000000000000, -0.0000000000000000000, -1.000000000000000000 ) ) ;
#1124 = EDGE_CURVE ( 'NONE', #2786, #1939, #108, .T. ) ;
#1125 = AXIS2_PLACEMENT_3D ( 'NONE', #22, #2577, #2293 ) ;
#1126 = DIRECTION ( 'NONE',  ( 1.000000000000000000, -0.0000000000000000000, -0.0000000000000000000 ) ) ;
#1127 = EDGE_LOOP ( 'NONE', ( #219, #1347, #2246, #930, #2090, #1189, #878, #65, #2079, #982 ) ) ;
#1128 = LINE ( 'NONE', #831, #2187 ) ;
#1129 = CARTESIAN_POINT ( 'NONE',  ( -0.4000000000000000200, 1.950000000000000200, -2.200000000000001100 ) ) ;
#1130 = EDGE_CURVE ( 'NONE', #2613, #1477, #1503, .T. ) ;
#1131 = CARTESIAN_POINT ( 'NONE',  ( 3.000000000000000000, 2.000000000000000000, 9.699999999999999300 ) ) ;
#1132 = EDGE_LOOP ( 'NONE', ( #131, #2001, #1257, #785 ) ) ;
#1133 = EDGE_LOOP ( 'NONE', ( #1383, #1169, #1881, #1238 ) ) ;
#1134 = ORIENTED_EDGE ( 'NONE', *, *, #2158, .T. ) ;
#1135 = FACE_BOUND ( 'NONE', #437, .T. ) ;
#1136 = PLANE ( 'NONE',  #1579 ) ;
#1137 = CARTESIAN_POINT ( 'NONE',  ( -0.4000000000000000200, 2.000000000000000000, -2.200000000000001100 ) ) ;
#1138 = CARTESIAN_POINT ( 'NONE',  ( -3.000000000000000000, 2.000000000000000000, -3.700000000000000200 ) ) ;
#1139 = DIRECTION ( 'NONE',  ( 9.035018104045870700E-017, -1.000000000000000000, 0.0000000000000000000 ) ) ;
#1140 = ADVANCED_FACE ( 'NONE', ( #2375 ), #2153, .F. ) ;
#1141 = VECTOR ( 'NONE', #1505, 1000.000000000000000 ) ;
#1142 = LINE ( 'NONE', #852, #75 ) ;
#1143 = VERTEX_POINT ( 'NONE', #40 ) ;
#1144 = LINE ( 'NONE', #855, #956 ) ;
#1145 = LINE ( 'NONE', #565, #170 ) ;
#1146 = ORIENTED_EDGE ( 'NONE', *, *, #2627, .F. ) ;
#1147 = EDGE_CURVE ( 'NONE', #2407, #489, #2596, .T. ) ;
#1148 = EDGE_CURVE ( 'NONE', #1477, #1004, #1437, .T. ) ;
#1149 = CIRCLE ( 'NONE', #2833, 1.599999999999999900 ) ;
#1150 = CARTESIAN_POINT ( 'NONE',  ( -0.3999999999999999700, -0.5999999999999999800, -0.1000000000000000100 ) ) ;
#1151 = VERTEX_POINT ( 'NONE', #558 ) ;
#1152 = DIRECTION ( 'NONE',  ( 0.0000000000000000000, -0.0000000000000000000, -1.000000000000000000 ) ) ;
#1153 = ORIENTED_EDGE ( 'NONE', *, *, #173, .F. ) ;
#1154 = ADVANCED_FACE ( 'NONE', ( #2836 ), #54, .F. ) ;
#1155 = VECTOR ( 'NONE', #2137, 1000.000000000000000 ) ;
#1156 = CIRCLE ( 'NONE', #2783, 1.599999999999999000 ) ;
#1157 = DIRECTION ( 'NONE',  ( -0.0000000000000000000, 1.000000000000000000, -0.0000000000000000000 ) ) ;
#1158 = CARTESIAN_POINT ( 'NONE',  ( 3.500000000000000000, -12.60000000000000000, -3.700000000000001500 ) ) ;
#1159 = CARTESIAN_POINT ( 'NONE',  ( -0.4000000000000010200, 2.000000000000000000, 6.999999999999997300 ) ) ;
#1160 = APPROVAL ( #2735, 'UNSPECIFIED' ) ;
#1161 = ORIENTED_EDGE ( 'NONE', *, *, #241, .F. ) ;
#1162 = ADVANCED_FACE ( 'NONE', ( #423, #570 ), #2526, .F. ) ;
#1163 = CARTESIAN_POINT ( 'NONE',  ( -5.000000000000000000, -12.60000000000000100, 5.499999999999998200 ) ) ;
#1164 = CIRCLE ( 'NONE', #314, 1.600000000000002500 ) ;
#1165 = ORIENTED_EDGE ( 'NONE', *, *, #399, .F. ) ;
#1166 = CARTESIAN_POINT ( 'NONE',  ( 3.000000000000000000, 2.000000000000000000, 6.000000000000000000 ) ) ;
#1167 = ORIENTED_EDGE ( 'NONE', *, *, #1401, .F. ) ;
#1168 = DIRECTION ( 'NONE',  ( -1.000000000000000000, -0.0000000000000000000, -0.0000000000000000000 ) ) ;
#1169 = ORIENTED_EDGE ( 'NONE', *, *, #1616, .F. ) ;
#1170 = LINE ( 'NONE', #875, #1119 ) ;
#1171 = ORIENTED_EDGE ( 'NONE', *, *, #166, .F. ) ;
#1172 = EDGE_CURVE ( 'NONE', #2315, #2786, #1367, .T. ) ;
#1173 = CC_DESIGN_DATE_AND_TIME_ASSIGNMENT ( #1985, #1696, ( #949 ) ) ;
#1174 = VECTOR ( 'NONE', #2394, 1000.000000000000000 ) ;
#1175 = ORIENTED_EDGE ( 'NONE', *, *, #883, .F. ) ;
#1176 = LINE ( 'NONE', #1688, #19 ) ;
#1177 = CARTESIAN_POINT ( 'NONE',  ( 1.599999999999999600, -12.60005000000000100, -4.849999999999999600 ) ) ;
#1178 = VECTOR ( 'NONE', #1663, 1000.000000000000000 ) ;
#1179 = DIRECTION ( 'NONE',  ( 0.0000000000000000000, 1.000000000000000000, 0.0000000000000000000 ) ) ;
#1180 = EDGE_LOOP ( 'NONE', ( #1737, #2709, #1218, #2421 ) ) ;
#1181 = COORDINATED_UNIVERSAL_TIME_OFFSET ( 9, 0, .AHEAD. ) ;
#1182 = FACE_OUTER_BOUND ( 'NONE', #783, .T. ) ;
#1183 = DIRECTION ( 'NONE',  ( -1.000000000000000000, -0.0000000000000000000, -0.0000000000000000000 ) ) ;
#1184 = VERTEX_POINT ( 'NONE', #1635 ) ;
#1185 = PERSON_AND_ORGANIZATION ( #2595, #1024 ) ;
#1186 = CARTESIAN_POINT ( 'NONE',  ( -2.500000000000000000, -7.400000000000000400, 0.0000000000000000000 ) ) ;
#1187 = VERTEX_POINT ( 'NONE', #1341 ) ;
#1188 = LINE ( 'NONE', #892, #2446 ) ;
#1189 = ORIENTED_EDGE ( 'NONE', *, *, #998, .F. ) ;
#1190 = VERTEX_POINT ( 'NONE', #1037 ) ;
#1191 = LINE ( 'NONE', #896, #2368 ) ;
#1192 = LINE ( 'NONE', #897, #1352 ) ;
#1193 = AXIS2_PLACEMENT_3D ( 'NONE', #1461, #868, #577 ) ;
#1194 = LINE ( 'NONE', #900, #1323 ) ;
#1195 = LINE ( 'NONE', #901, #676 ) ;
#1196 = AXIS2_PLACEMENT_3D ( 'NONE', #746, #2419, #2125 ) ;
#1197 = VECTOR ( 'NONE', #2170, 1000.000000000000000 ) ;
#1198 = CARTESIAN_POINT ( 'NONE',  ( 3.500000000000000000, -5.400000000000000400, -3.700000000000001100 ) ) ;
#1199 = ORIENTED_EDGE ( 'NONE', *, *, #123, .F. ) ;
#1200 = CARTESIAN_POINT ( 'NONE',  ( 1.600000000000004300, -9.000000000000001800, 14.10000000000000000 ) ) ;
#1201 = DIRECTION ( 'NONE',  ( 0.0000000000000000000, 0.0000000000000000000, -1.000000000000000000 ) ) ;
#1202 = LINE ( 'NONE', #909, #1212 ) ;
#1203 = EDGE_LOOP ( 'NONE', ( #725, #1213 ) ) ;
#1204 = ORIENTED_EDGE ( 'NONE', *, *, #1371, .F. ) ;
#1205 = DIRECTION ( 'NONE',  ( 0.0000000000000000000, 1.000000000000000000, 0.0000000000000000000 ) ) ;
#1206 = CARTESIAN_POINT ( 'NONE',  ( -0.4000000000000000200, 2.000000000000000000, -2.600000000000001000 ) ) ;
#1207 = LINE ( 'NONE', #41, #239 ) ;
#1208 = PLANE ( 'NONE',  #850 ) ;
#1209 = FACE_BOUND ( 'NONE', #2575, .T. ) ;
#1210 = VECTOR ( 'NONE', #2733, 1000.000000000000100 ) ;
#1211 = PLANE ( 'NONE',  #2326 ) ;
#1212 = VECTOR ( 'NONE', #615, 1000.000000000000000 ) ;
#1213 = ORIENTED_EDGE ( 'NONE', *, *, #71, .F. ) ;
#1214 = LINE ( 'NONE', #921, #586 ) ;
#1215 = DIRECTION ( 'NONE',  ( 0.0000000000000000000, -1.000000000000000000, 0.0000000000000000000 ) ) ;
#1216 = VECTOR ( 'NONE', #337, 1000.000000000000000 ) ;
#1217 = CARTESIAN_POINT ( 'NONE',  ( -0.4000000000000000800, 0.5999999999999999800, -0.1000000000000000100 ) ) ;
#1218 = ORIENTED_EDGE ( 'NONE', *, *, #2379, .F. ) ;
#1219 = FACE_OUTER_BOUND ( 'NONE', #2035, .T. ) ;
#1220 = DIRECTION ( 'NONE',  ( -0.0000000000000000000, -0.0000000000000000000, 1.000000000000000000 ) ) ;
#1221 = ORIENTED_EDGE ( 'NONE', *, *, #661, .F. ) ;
#1222 = VECTOR ( 'NONE', #880, 1000.000000000000000 ) ;
#1223 = DIRECTION ( 'NONE',  ( -9.035018104045870700E-017, 1.000000000000000000, 0.0000000000000000000 ) ) ;
#1224 = DIRECTION ( 'NONE',  ( -0.0000000000000000000, 1.000000000000000000, -0.0000000000000000000 ) ) ;
#1225 = EDGE_CURVE ( 'NONE', #1586, #1492, #1914, .T. ) ;
#1226 = DIRECTION ( 'NONE',  ( 0.0000000000000000000, 0.0000000000000000000, -1.000000000000000000 ) ) ;
#1227 = FACE_OUTER_BOUND ( 'NONE', #2094, .T. ) ;
#1228 = ORIENTED_EDGE ( 'NONE', *, *, #2024, .T. ) ;
#1229 = DIRECTION ( 'NONE',  ( 0.7071067811865511300, -0.7071067811865440200, -0.0000000000000000000 ) ) ;
#1230 = ORIENTED_EDGE ( 'NONE', *, *, #467, .F. ) ;
#1231 = LINE ( 'NONE', #942, #1090 ) ;
#1232 = ORIENTED_EDGE ( 'NONE', *, *, #2583, .T. ) ;
#1233 = PLANE ( 'NONE',  #2363 ) ;
#1234 = ORIENTED_EDGE ( 'NONE', *, *, #828, .T. ) ;
#1235 = LINE ( 'NONE', #946, #603 ) ;
#1236 = ORIENTED_EDGE ( 'NONE', *, *, #2095, .F. ) ;
#1237 = ORIENTED_EDGE ( 'NONE', *, *, #1588, .T. ) ;
#1238 = ORIENTED_EDGE ( 'NONE', *, *, #1935, .T. ) ;
#1239 = DIRECTION ( 'NONE',  ( 0.0000000000000000000, -1.000000000000000000, -2.589139516383293800E-016 ) ) ;
#1240 = CARTESIAN_POINT ( 'NONE',  ( -3.500000000000000000, -5.400000000000000400, -10.00000000000000200 ) ) ;
#1241 = VECTOR ( 'NONE', #2328, 1000.000000000000000 ) ;
#1242 = CARTESIAN_POINT ( 'NONE',  ( 3.000000000000000000, -6.400000000000001200, -6.640738306473714700E-016 ) ) ;
#1243 = AXIS2_PLACEMENT_3D ( 'NONE', #2101, #1524, #1226 ) ;
#1244 = ORIENTED_EDGE ( 'NONE', *, *, #882, .T. ) ;
#1245 = AXIS2_PLACEMENT_3D ( 'NONE', #113, #2673, #2380 ) ;
#1246 = CARTESIAN_POINT ( 'NONE',  ( 0.9987492177719076200, -5.400000000000000400, 14.14999999999999900 ) ) ;
#1247 = ORIENTED_EDGE ( 'NONE', *, *, #2597, .F. ) ;
#1248 = DIRECTION ( 'NONE',  ( 0.0000000000000000000, 0.0000000000000000000, 1.000000000000000000 ) ) ;
#1249 = VECTOR ( 'NONE', #1488, 1000.000000000000000 ) ;
#1250 = CALENDAR_DATE ( 2015, 4, 12 ) ;
#1251 = DIRECTION ( 'NONE',  ( 0.0000000000000000000, 0.0000000000000000000, -1.000000000000000000 ) ) ;
#1252 = ORIENTED_EDGE ( 'NONE', *, *, #1560, .F. ) ;
#1253 = AXIS2_PLACEMENT_3D ( 'NONE', #2778, #2483, #2189 ) ;
#1254 = CARTESIAN_POINT ( 'NONE',  ( -3.000000000000000000, -8.100000000000003200, 9.700000000000001100 ) ) ;
#1255 = VERTEX_POINT ( 'NONE', #164 ) ;
#1256 = ORIENTED_EDGE ( 'NONE', *, *, #2202, .T. ) ;
#1257 = ORIENTED_EDGE ( 'NONE', *, *, #1990, .F. ) ;
#1258 = CARTESIAN_POINT ( 'NONE',  ( -3.000000000000000000, 2.000000000000000000, 6.000000000000000000 ) ) ;
#1259 = CARTESIAN_POINT ( 'NONE',  ( -5.000000000000000000, -8.100000000000003200, 5.499999999999999100 ) ) ;
#1260 = CARTESIAN_POINT ( 'NONE',  ( 2.424800662311759000E-015, -12.60000000000000100, 14.49999999999999600 ) ) ;
#1261 = EDGE_CURVE ( 'NONE', #947, #432, #2736, .T. ) ;
#1262 = DIRECTION ( 'NONE',  ( -1.000000000000000000, -0.0000000000000000000, 6.570922257487906300E-017 ) ) ;
#1263 = VECTOR ( 'NONE', #859, 1000.000000000000000 ) ;
#1264 = ORIENTED_EDGE ( 'NONE', *, *, #455, .F. ) ;
#1265 = DIRECTION ( 'NONE',  ( 0.0000000000000000000, 0.0000000000000000000, 1.000000000000000000 ) ) ;
#1266 = FACE_OUTER_BOUND ( 'NONE', #989, .T. ) ;
#1267 = DIRECTION ( 'NONE',  ( 0.0000000000000000000, 1.000000000000000000, 1.252969491787493200E-016 ) ) ;
#1268 = ADVANCED_FACE ( 'NONE', ( #275 ), #1854, .F. ) ;
#1269 = CARTESIAN_POINT ( 'NONE',  ( 3.000000000000000000, -12.60000000000000100, 14.14999999999999500 ) ) ;
#1270 = ORIENTED_EDGE ( 'NONE', *, *, #2703, .F. ) ;
#1271 = FACE_OUTER_BOUND ( 'NONE', #203, .T. ) ;
#1272 = VERTEX_POINT ( 'NONE', #687 ) ;
#1273 = CARTESIAN_POINT ( 'NONE',  ( -3.500000000000003100, -9.000000000000001800, 10.89999999999999500 ) ) ;
#1274 = DIRECTION ( 'NONE',  ( 0.0000000000000000000, 0.0000000000000000000, 1.000000000000000000 ) ) ;
#1275 = PLANE ( 'NONE',  #2424 ) ;
#1276 = PLANE ( 'NONE',  #703 ) ;
#1277 = EDGE_CURVE ( 'NONE', #1973, #975, #390, .T. ) ;
#1278 = AXIS2_PLACEMENT_3D ( 'NONE', #912, #618, #334 ) ;
#1279 = CARTESIAN_POINT ( 'NONE',  ( 3.000000000000000000, -6.400000000000001200, 5.999999999999999100 ) ) ;
#1280 = EDGE_CURVE ( 'NONE', #2786, #313, #2074, .T. ) ;
#1281 = VERTEX_POINT ( 'NONE', #1200 ) ;
#1282 = VECTOR ( 'NONE', #312, 1000.000000000000000 ) ;
#1283 = CARTESIAN_POINT ( 'NONE',  ( 2.424800662311759000E-015, -5.400000000000000400, 12.89999999999999900 ) ) ;
#1284 = DIRECTION ( 'NONE',  ( -0.0000000000000000000, -0.0000000000000000000, 1.000000000000000000 ) ) ;
#1285 = EDGE_CURVE ( 'NONE', #347, #1807, #906, .T. ) ;
#1286 = EDGE_CURVE ( 'NONE', #1390, #2784, #30, .T. ) ;
#1287 = LINE ( 'NONE', #992, #234 ) ;
#1288 = ORIENTED_EDGE ( 'NONE', *, *, #1879, .F. ) ;
#1289 = EDGE_CURVE ( 'NONE', #1008, #610, #2003, .T. ) ;
#1290 = PLANE ( 'NONE',  #1837 ) ;
#1291 = FACE_OUTER_BOUND ( 'NONE', #301, .T. ) ;
#1292 = ORIENTED_EDGE ( 'NONE', *, *, #469, .F. ) ;
#1293 = EDGE_CURVE ( 'NONE', #489, #1833, #1128, .T. ) ;
#1294 = VECTOR ( 'NONE', #1224, 1000.000000000000000 ) ;
#1295 = CARTESIAN_POINT ( 'NONE',  ( -6.500000000000000900, -8.100000000000003200, 5.500000000000000000 ) ) ;
#1296 = DIRECTION ( 'NONE',  ( 1.000000000000000000, 0.0000000000000000000, 0.0000000000000000000 ) ) ;
#1297 = AXIS2_PLACEMENT_3D ( 'NONE', #2563, #1406, #1101 ) ;
#1298 = DIRECTION ( 'NONE',  ( 1.000000000000000000, 0.0000000000000000000, 0.0000000000000000000 ) ) ;
#1299 = ORIENTED_EDGE ( 'NONE', *, *, #2384, .F. ) ;
#1300 = CARTESIAN_POINT ( 'NONE',  ( 0.0000000000000000000, 2.000000000000000000, 8.599999999999997900 ) ) ;
#1301 = ORIENTED_EDGE ( 'NONE', *, *, #1560, .T. ) ;
#1302 = CARTESIAN_POINT ( 'NONE',  ( 0.0000000000000000000, 1.950000000000000200, 8.599999999999997900 ) ) ;
#1303 = ORIENTED_EDGE ( 'NONE', *, *, #1593, .T. ) ;
#1304 = AXIS2_PLACEMENT_3D ( 'NONE', #484, #183, #2752 ) ;
#1305 = DIRECTION ( 'NONE',  ( -0.0000000000000000000, 1.000000000000000000, 8.911250732757571300E-017 ) ) ;
#1306 = VERTEX_POINT ( 'NONE', #256 ) ;
#1307 = CARTESIAN_POINT ( 'NONE',  ( -3.000000000000000400, -8.099999999999999600, -3.700000000000000200 ) ) ;
#1308 = VERTEX_POINT ( 'NONE', #2819 ) ;
#1309 = ORIENTED_EDGE ( 'NONE', *, *, #668, .F. ) ;
#1310 = ADVANCED_FACE ( 'NONE', ( #2264, #1227 ), #2361, .T. ) ;
#1311 = DIRECTION ( 'NONE',  ( -1.000000000000000000, 0.0000000000000000000, 0.0000000000000000000 ) ) ;
#1312 = DIRECTION ( 'NONE',  ( 0.8944271909999157400, 0.0000000000000000000, 0.4472135954999583200 ) ) ;
#1313 = CARTESIAN_POINT ( 'NONE',  ( -0.4000000000000000800, 0.5999999999999999800, -0.1000000000000000100 ) ) ;
#1314 = EDGE_LOOP ( 'NONE', ( #2543, #473, #2640, #2533 ) ) ;
#1315 = DIRECTION ( 'NONE',  ( 1.000000000000000000, -4.491441101649337300E-032, 1.734723475976807100E-016 ) ) ;
#1316 = ORIENTED_EDGE ( 'NONE', *, *, #1551, .F. ) ;
#1317 = EDGE_CURVE ( 'NONE', #1008, #790, #1650, .T. ) ;
#1318 = FACE_OUTER_BOUND ( 'NONE', #1127, .T. ) ;
#1319 = FACE_OUTER_BOUND ( 'NONE', #1957, .T. ) ;
#1320 = LINE ( 'NONE', #1022, #768 ) ;
#1321 = ORIENTED_EDGE ( 'NONE', *, *, #2627, .T. ) ;
#1322 = VECTOR ( 'NONE', #784, 1000.000000000000000 ) ;
#1323 = VECTOR ( 'NONE', #606, 1000.000000000000000 ) ;
#1324 = CARTESIAN_POINT ( 'NONE',  ( 0.3999999999999999700, 0.5999999999999999800, -0.1000000000000000100 ) ) ;
#1325 = EDGE_LOOP ( 'NONE', ( #225, #993, #2134, #1758 ) ) ;
#1326 = ADVANCED_FACE ( 'NONE', ( #2111 ), #770, .F. ) ;
#1327 = CC_DESIGN_APPROVAL ( #2271, ( #949 ) ) ;
#1328 = ADVANCED_FACE ( 'NONE', ( #2710 ), #2454, .F. ) ;
#1329 = ORIENTED_EDGE ( 'NONE', *, *, #2650, .F. ) ;
#1330 = VECTOR ( 'NONE', #126, 1000.000000000000000 ) ;
#1331 = EDGE_LOOP ( 'NONE', ( #2555, #1734, #139, #1965 ) ) ;
#1332 = CARTESIAN_POINT ( 'NONE',  ( 0.6000000000000008700, 1.950000000000000200, 7.399999999999997700 ) ) ;
#1333 = CARTESIAN_POINT ( 'NONE',  ( 0.4000000000000000200, 1.950000000000000200, -2.600000000000001000 ) ) ;
#1334 = CARTESIAN_POINT ( 'NONE',  ( -6.500000000000000900, -8.100000000000003200, 5.500000000000000000 ) ) ;
#1335 = EDGE_CURVE ( 'NONE', #2541, #2509, #1156, .T. ) ;
#1336 = EDGE_CURVE ( 'NONE', #318, #1529, #115, .T. ) ;
#1337 = DIRECTION ( 'NONE',  ( -0.0000000000000000000, 1.000000000000000000, 1.294569758191647200E-016 ) ) ;
#1338 = VECTOR ( 'NONE', #2004, 1000.000000000000000 ) ;
#1339 = ORIENTED_EDGE ( 'NONE', *, *, #182, .T. ) ;
#1340 = PERSON_AND_ORGANIZATION ( #2595, #1024 ) ;
#1341 = CARTESIAN_POINT ( 'NONE',  ( -0.3999999999999999700, -0.5999999999999999800, -0.1000000000000000100 ) ) ;
#1342 = DIRECTION ( 'NONE',  ( 0.7071067811865511300, 0.7071067811865440200, 0.0000000000000000000 ) ) ;
#1343 = VECTOR ( 'NONE', #2538, 1000.000000000000000 ) ;
#1344 = EDGE_CURVE ( 'NONE', #2458, #1019, #2091, .T. ) ;
#1345 = EDGE_CURVE ( 'NONE', #1184, #2021, #1214, .T. ) ;
#1346 = DIRECTION ( 'NONE',  ( -1.000000000000000000, 0.0000000000000000000, -0.0000000000000000000 ) ) ;
#1347 = ORIENTED_EDGE ( 'NONE', *, *, #29, .F. ) ;
#1348 = VECTOR ( 'NONE', #1094, 1000.000000000000000 ) ;
#1349 = ORIENTED_EDGE ( 'NONE', *, *, #948, .F. ) ;
#1350 = CARTESIAN_POINT ( 'NONE',  ( -1.600000000000001000, -5.400000000000000400, -8.149999999999998600 ) ) ;
#1351 = CARTESIAN_POINT ( 'NONE',  ( 3.500000000000000000, -5.400000000000002100, 9.700000000000001100 ) ) ;
#1352 = VECTOR ( 'NONE', #605, 999.9999999999998900 ) ;
#1353 = DIRECTION ( 'NONE',  ( -1.000000000000000000, 0.0000000000000000000, 0.0000000000000000000 ) ) ;
#1354 = CARTESIAN_POINT ( 'NONE',  ( -2.199999999999997100, -6.400000000000001200, 0.0000000000000000000 ) ) ;
#1355 = EDGE_CURVE ( 'NONE', #1948, #667, #411, .T. ) ;
#1356 = LINE ( 'NONE', #1050, #2608 ) ;
#1357 = VERTEX_POINT ( 'NONE', #2313 ) ;
#1358 = CARTESIAN_POINT ( 'NONE',  ( 0.6000000000000008700, 1.950000000000000200, 7.399999999999997700 ) ) ;
#1359 = CARTESIAN_POINT ( 'NONE',  ( -0.3999999999999999700, -0.5999999999999999800, -0.1000000000000000100 ) ) ;
#1360 = EDGE_CURVE ( 'NONE', #1972, #1766, #2019, .T. ) ;
#1361 = CARTESIAN_POINT ( 'NONE',  ( 0.4000000000000000200, 1.950000000000000200, -2.600000000000001000 ) ) ;
#1362 = EDGE_LOOP ( 'NONE', ( #1434, #910, #885, #1321 ) ) ;
#1363 = FACE_OUTER_BOUND ( 'NONE', #1822, .T. ) ;
#1364 = VECTOR ( 'NONE', #1850, 1000.000000000000000 ) ;
#1365 = ORIENTED_EDGE ( 'NONE', *, *, #1335, .T. ) ;
#1366 = VECTOR ( 'NONE', #2590, 1000.000000000000000 ) ;
#1367 = LINE ( 'NONE', #1063, #863 ) ;
#1368 = DIRECTION ( 'NONE',  ( -0.0000000000000000000, -0.0000000000000000000, 1.000000000000000000 ) ) ;
#1369 = PLANE ( 'NONE',  #1878 ) ;
#1370 = FACE_OUTER_BOUND ( 'NONE', #1751, .T. ) ;
#1371 = EDGE_CURVE ( 'NONE', #1897, #2021, #1144, .T. ) ;
#1372 = EDGE_CURVE ( 'NONE', #2784, #2750, #2032, .T. ) ;
#1373 = DIRECTION ( 'NONE',  ( 0.0000000000000000000, 0.0000000000000000000, 1.000000000000000000 ) ) ;
#1374 = VERTEX_POINT ( 'NONE', #2247 ) ;
#1375 = LINE ( 'NONE', #1072, #1322 ) ;
#1376 = CARTESIAN_POINT ( 'NONE',  ( 0.4000000000000001300, -0.5999999999999983100, 6.100000000000000500 ) ) ;
#1377 = ORIENTED_EDGE ( 'NONE', *, *, #1087, .F. ) ;
#1378 = EDGE_CURVE ( 'NONE', #1811, #1599, #2535, .T. ) ;
#1379 = CIRCLE ( 'NONE', #2073, 1.599999999999999000 ) ;
#1380 = CARTESIAN_POINT ( 'NONE',  ( -1.599999999999997000, -9.000000000000001800, 14.10000000000000000 ) ) ;
#1381 = ORIENTED_EDGE ( 'NONE', *, *, #443, .F. ) ;
#1382 = DIRECTION ( 'NONE',  ( -0.0000000000000000000, -1.000000000000000000, -4.818676322157797400E-016 ) ) ;
#1383 = ORIENTED_EDGE ( 'NONE', *, *, #1710, .T. ) ;
#1384 = LOCAL_TIME ( 16, 42, 31.00000000000000000, #1693 ) ;
#1385 = EDGE_CURVE ( 'NONE', #1433, #1510, #1375, .T. ) ;
#1386 = CIRCLE ( 'NONE', #1423, 1.600000000000002500 ) ;
#1387 = CARTESIAN_POINT ( 'NONE',  ( 3.500000000000000000, -5.400000000000002100, 9.700000000000001100 ) ) ;
#1388 = CARTESIAN_POINT ( 'NONE',  ( 0.0000000000000000000, 1.950000000000000200, -1.000000000000000900 ) ) ;
#1389 = CARTESIAN_POINT ( 'NONE',  ( -6.499999999999999100, -12.60000000000000000, 0.4999999999999988300 ) ) ;
#1390 = VERTEX_POINT ( 'NONE', #200 ) ;
#1391 = ADVANCED_FACE ( 'NONE', ( #1096 ), #1474, .F. ) ;
#1392 = DIRECTION ( 'NONE',  ( -1.000000000000000000, -0.0000000000000000000, -0.0000000000000000000 ) ) ;
#1393 = ORIENTED_EDGE ( 'NONE', *, *, #2353, .T. ) ;
#1394 = CARTESIAN_POINT ( 'NONE',  ( 3.000000000000000900, -7.399999999999999500, 6.000000000000000000 ) ) ;
#1395 = CARTESIAN_POINT ( 'NONE',  ( 0.3999999999999990200, 2.000000000000000000, 6.999999999999997300 ) ) ;
#1396 = EDGE_LOOP ( 'NONE', ( #2265, #569, #1642, #1982 ) ) ;
#1397 = EDGE_CURVE ( 'NONE', #1500, #2405, #2176, .T. ) ;
#1398 = VECTOR ( 'NONE', #1463, 1000.000000000000000 ) ;
#1399 = CARTESIAN_POINT ( 'NONE',  ( -6.500000000000000900, -12.60000000000000100, 5.499999999999999100 ) ) ;
#1400 = ORIENTED_EDGE ( 'NONE', *, *, #2605, .F. ) ;
#1401 = EDGE_CURVE ( 'NONE', #1586, #147, #1003, .T. ) ;
#1402 = EDGE_LOOP ( 'NONE', ( #2120, #2842, #67, #2397 ) ) ;
#1403 = AXIS2_PLACEMENT_3D ( 'NONE', #1279, #987, #699 ) ;
#1404 = EDGE_LOOP ( 'NONE', ( #1247, #2854 ) ) ;
#1405 = DIRECTION ( 'NONE',  ( -0.0000000000000000000, 1.000000000000000000, -0.0000000000000000000 ) ) ;
#1406 = DIRECTION ( 'NONE',  ( -0.0000000000000000000, 1.000000000000000000, 1.294569758191647200E-016 ) ) ;
#1407 = AXIS2_PLACEMENT_3D ( 'NONE', #1424, #825, #544 ) ;
#1408 = COORDINATED_UNIVERSAL_TIME_OFFSET ( 9, 0, .AHEAD. ) ;
#1409 = CARTESIAN_POINT ( 'NONE',  ( 3.500000000000000000, -12.60000000000000000, -3.700000000000001500 ) ) ;
#1410 = CARTESIAN_POINT ( 'NONE',  ( 3.500000000000000000, -12.60000000000000000, -10.00000000000000200 ) ) ;
#1411 = FACE_BOUND ( 'NONE', #2179, .T. ) ;
#1412 = CARTESIAN_POINT ( 'NONE',  ( 1.599999999999999600, -12.60000000000000000, -3.700000000000001500 ) ) ;
#1413 = ORIENTED_EDGE ( 'NONE', *, *, #614, .T. ) ;
#1414 = PERSON_AND_ORGANIZATION ( #2595, #1024 ) ;
#1415 = CARTESIAN_POINT ( 'NONE',  ( -0.4000000000000000800, 0.5999999999999999800, -0.1000000000000000100 ) ) ;
#1416 = VECTOR ( 'NONE', #832, 1000.000000000000000 ) ;
#1417 = DIRECTION ( 'NONE',  ( -1.000000000000000000, -0.0000000000000000000, -0.0000000000000000000 ) ) ;
#1418 = VERTEX_POINT ( 'NONE', #130 ) ;
#1419 = VERTEX_POINT ( 'NONE', #2695 ) ;
#1420 = VECTOR ( 'NONE', #1229, 999.9999999999998900 ) ;
#1421 = DIRECTION ( 'NONE',  ( -0.0000000000000000000, -2.797941090285172600E-016, -1.000000000000000000 ) ) ;
#1422 = CARTESIAN_POINT ( 'NONE',  ( -5.000000000000000000, -12.60000000000000100, 5.499999999999998200 ) ) ;
#1423 = AXIS2_PLACEMENT_3D ( 'NONE', #804, #522, #224 ) ;
#1424 = CARTESIAN_POINT ( 'NONE',  ( 2.228857174448182500E-015, -12.60000000000000100, 12.09999999999999800 ) ) ;
#1425 = DIRECTION ( 'NONE',  ( 0.0000000000000000000, -1.000000000000000000, 0.0000000000000000000 ) ) ;
#1426 = VECTOR ( 'NONE', #996, 1000.000000000000000 ) ;
#1427 = AXIS2_PLACEMENT_3D ( 'NONE', #172, #2743, #2445 ) ;
#1428 = CARTESIAN_POINT ( 'NONE',  ( -46.50000000000000000, -9.000000000000001800, 12.49999999999999600 ) ) ;
#1429 = ORIENTED_EDGE ( 'NONE', *, *, #621, .F. ) ;
#1430 = DIRECTION ( 'NONE',  ( -1.000000000000000000, -0.0000000000000000000, -0.0000000000000000000 ) ) ;
#1431 = CARTESIAN_POINT ( 'NONE',  ( -0.9987492177719068400, -12.60000000000000100, 10.84999999999999800 ) ) ;
#1432 = LINE ( 'NONE', #1131, #1657 ) ;
#1433 = VERTEX_POINT ( 'NONE', #2396 ) ;
#1434 = ORIENTED_EDGE ( 'NONE', *, *, #1344, .T. ) ;
#1435 = VERTEX_POINT ( 'NONE', #1300 ) ;
#1436 = DIRECTION ( 'NONE',  ( 0.0000000000000000000, 0.0000000000000000000, -1.000000000000000000 ) ) ;
#1437 = LINE ( 'NONE', #1137, #348 ) ;
#1438 = VECTOR ( 'NONE', #2288, 1000.000000000000000 ) ;
#1439 = AXIS2_PLACEMENT_3D ( 'NONE', #1561, #1262, #974 ) ;
#1440 = DIRECTION ( 'NONE',  ( -0.0000000000000000000, -1.000000000000000000, -0.0000000000000000000 ) ) ;
#1441 = DIRECTION ( 'NONE',  ( -1.000000000000000000, -9.035018104045870700E-017, 0.0000000000000000000 ) ) ;
#1442 = VECTOR ( 'NONE', #1719, 1000.000000000000000 ) ;
#1443 = CARTESIAN_POINT ( 'NONE',  ( -3.000000000000000000, 2.000000000000000000, 9.699999999999999300 ) ) ;
#1444 = EDGE_LOOP ( 'NONE', ( #531, #1682, #1720, #1890 ) ) ;
#1445 = AXIS2_PLACEMENT_3D ( 'NONE', #1727, #1441, #1139 ) ;
#1446 = DIRECTION ( 'NONE',  ( -1.000000000000000000, -0.0000000000000000000, -0.0000000000000000000 ) ) ;
#1447 = DIRECTION ( 'NONE',  ( 0.0000000000000000000, 0.0000000000000000000, -1.000000000000000000 ) ) ;
#1448 = VERTEX_POINT ( 'NONE', #2104 ) ;
#1449 = FACE_OUTER_BOUND ( 'NONE', #2684, .T. ) ;
#1450 = EDGE_CURVE ( 'NONE', #2637, #837, #1818, .T. ) ;
#1451 = LINE ( 'NONE', #1150, #1263 ) ;
#1452 = ORIENTED_EDGE ( 'NONE', *, *, #455, .T. ) ;
#1453 = VECTOR ( 'NONE', #1689, 1000.000000000000000 ) ;
#1454 = DIRECTION ( 'NONE',  ( 0.0000000000000000000, -1.000000000000000000, 0.0000000000000000000 ) ) ;
#1455 = ORIENTED_EDGE ( 'NONE', *, *, #305, .F. ) ;
#1456 = CARTESIAN_POINT ( 'NONE',  ( -0.9987492177719068400, -12.60005000000000100, 10.84999999999999800 ) ) ;
#1457 = LINE ( 'NONE', #1158, #2456 ) ;
#1458 = VECTOR ( 'NONE', #2660, 1000.000000000000000 ) ;
#1459 = CARTESIAN_POINT ( 'NONE',  ( 0.3999999999999999700, 0.6000000000000015300, 6.100000000000000500 ) ) ;
#1460 = VERTEX_POINT ( 'NONE', #643 ) ;
#1461 = CARTESIAN_POINT ( 'NONE',  ( 2.424800662311759000E-015, -12.60000000000000100, 12.89999999999999900 ) ) ;
#1462 = ORIENTED_EDGE ( 'NONE', *, *, #883, .T. ) ;
#1463 = DIRECTION ( 'NONE',  ( 1.000000000000000000, 0.0000000000000000000, 0.0000000000000000000 ) ) ;
#1464 = ORIENTED_EDGE ( 'NONE', *, *, #1935, .F. ) ;
#1465 = CARTESIAN_POINT ( 'NONE',  ( 3.500000000000000000, -5.400000000000003900, 16.00000000000000000 ) ) ;
#1466 = ORIENTED_EDGE ( 'NONE', *, *, #745, .F. ) ;
#1467 = DIRECTION ( 'NONE',  ( 0.0000000000000000000, -1.000000000000000000, -2.409338161078898700E-016 ) ) ;
#1468 = ORIENTED_EDGE ( 'NONE', *, *, #2371, .T. ) ;
#1469 = EDGE_LOOP ( 'NONE', ( #1662, #540, #760, #69 ) ) ;
#1470 = DIRECTION ( 'NONE',  ( 1.355252715606881500E-016, 0.0000000000000000000, 1.000000000000000000 ) ) ;
#1471 = LINE ( 'NONE', #1177, #1222 ) ;
#1472 = AXIS2_PLACEMENT_3D ( 'NONE', #641, #352, #62 ) ;
#1473 = CARTESIAN_POINT ( 'NONE',  ( -3.500000000000000000, -12.60000000000000000, -10.00000000000000200 ) ) ;
#1474 = CYLINDRICAL_SURFACE ( 'NONE', #143, 1.599999999999999900 ) ;
#1475 = ORIENTED_EDGE ( 'NONE', *, *, #2172, .F. ) ;
#1476 = CARTESIAN_POINT ( 'NONE',  ( 3.500000000000000000, -12.60000000000000300, 15.99999999999999600 ) ) ;
#1477 = VERTEX_POINT ( 'NONE', #939 ) ;
#1478 = CALENDAR_DATE ( 2015, 4, 12 ) ;
#1479 = APPLICATION_PROTOCOL_DEFINITION ( 'international standard', 'config_control_design', 1994, #1927 ) ;
#1480 = CARTESIAN_POINT ( 'NONE',  ( -1.600000000000000300, -5.400000000000000400, -4.849999999999999600 ) ) ;
#1481 = ORIENTED_EDGE ( 'NONE', *, *, #2031, .F. ) ;
#1482 = DIRECTION ( 'NONE',  ( 0.4472135954999582600, -0.0000000000000000000, -0.8944271909999156300 ) ) ;
#1483 = ORIENTED_EDGE ( 'NONE', *, *, #1496, .F. ) ;
#1484 = EDGE_CURVE ( 'NONE', #790, #2788, #354, .T. ) ;
#1485 = ORIENTED_EDGE ( 'NONE', *, *, #2145, .F. ) ;
#1486 = ORIENTED_EDGE ( 'NONE', *, *, #2136, .F. ) ;
#1487 = CARTESIAN_POINT ( 'NONE',  ( -3.500000000000000000, -12.60000000000000300, 15.99999999999999600 ) ) ;
#1488 = DIRECTION ( 'NONE',  ( -0.0000000000000000000, -0.0000000000000000000, 1.000000000000000000 ) ) ;
#1489 = DIRECTION ( 'NONE',  ( -6.570922257487906300E-017, 0.0000000000000000000, -1.000000000000000000 ) ) ;
#1490 = EDGE_CURVE ( 'NONE', #1308, #2702, #2325, .T. ) ;
#1491 = LINE ( 'NONE', #1198, #1730 ) ;
#1492 = VERTEX_POINT ( 'NONE', #1163 ) ;
#1493 = VECTOR ( 'NONE', #125, 1000.000000000000000 ) ;
#1494 = DIRECTION ( 'NONE',  ( -0.0000000000000000000, 1.000000000000000000, -0.0000000000000000000 ) ) ;
#1495 = DIRECTION ( 'NONE',  ( 1.000000000000000000, -0.0000000000000000000, -0.0000000000000000000 ) ) ;
#1496 = EDGE_CURVE ( 'NONE', #1774, #169, #1603, .T. ) ;
#1497 = ADVANCED_FACE ( 'NONE', ( #1641 ), #1786, .F. ) ;
#1498 = DIRECTION ( 'NONE',  ( -0.0000000000000000000, -0.0000000000000000000, 1.000000000000000000 ) ) ;
#1499 = ORIENTED_EDGE ( 'NONE', *, *, #1968, .T. ) ;
#1500 = VERTEX_POINT ( 'NONE', #2266 ) ;
#1501 = EDGE_CURVE ( 'NONE', #1070, #487, #1964, .T. ) ;
#1502 = CARTESIAN_POINT ( 'NONE',  ( -2.500000000000000000, -7.400000000000000400, 6.000000000000000000 ) ) ;
#1503 = LINE ( 'NONE', #1206, #2519 ) ;
#1504 = DIRECTION ( 'NONE',  ( 0.3363363969981562100, 3.889670957987712300E-016, -0.9417419115948374400 ) ) ;
#1505 = DIRECTION ( 'NONE',  ( 1.000000000000000000, -0.0000000000000000000, -0.0000000000000000000 ) ) ;
#1506 = EDGE_CURVE ( 'NONE', #2045, #1883, #797, .T. ) ;
#1507 = DIRECTION ( 'NONE',  ( 1.000000000000000000, -0.0000000000000000000, -0.0000000000000000000 ) ) ;
#1508 = FACE_OUTER_BOUND ( 'NONE', #2718, .T. ) ;
#1509 = EDGE_CURVE ( 'NONE', #169, #318, #1379, .T. ) ;
#1510 = VERTEX_POINT ( 'NONE', #1896 ) ;
#1511 = DIRECTION ( 'NONE',  ( -9.035018104045870700E-017, 1.000000000000000000, 0.0000000000000000000 ) ) ;
#1512 = CARTESIAN_POINT ( 'NONE',  ( 0.3999999999999990200, 1.950000000000000200, 6.999999999999997300 ) ) ;
#1513 = ADVANCED_FACE ( 'NONE', ( #1997 ), #2194, .F. ) ;
#1514 = EDGE_CURVE ( 'NONE', #38, #2798, #1815, .T. ) ;
#1515 = LINE ( 'NONE', #1217, #677 ) ;
#1516 = VERTEX_POINT ( 'NONE', #2414 ) ;
#1517 = FACE_OUTER_BOUND ( 'NONE', #2195, .T. ) ;
#1518 = CARTESIAN_POINT ( 'NONE',  ( -3.000000000000000000, 2.000000000000000000, 9.699999999999999300 ) ) ;
#1519 = ORIENTED_EDGE ( 'NONE', *, *, #2144, .F. ) ;
#1520 = EDGE_CURVE ( 'NONE', #147, #2249, #2719, .T. ) ;
#1521 = CARTESIAN_POINT ( 'NONE',  ( -0.3999999999999999700, -0.5999999999999983100, 6.000000000000000000 ) ) ;
#1522 = CARTESIAN_POINT ( 'NONE',  ( 0.3999999999999990200, 1.950000000000000200, 6.999999999999997300 ) ) ;
#1523 = FACE_OUTER_BOUND ( 'NONE', #2473, .T. ) ;
#1524 = DIRECTION ( 'NONE',  ( 1.000000000000000000, -0.0000000000000000000, -0.0000000000000000000 ) ) ;
#1525 = EDGE_LOOP ( 'NONE', ( #2275, #1992, #2236, #2861 ) ) ;
#1526 = CARTESIAN_POINT ( 'NONE',  ( 2.500000000000000900, -6.700000000000000200, 0.0000000000000000000 ) ) ;
#1527 = ORIENTED_EDGE ( 'NONE', *, *, #1124, .T. ) ;
#1528 = DIRECTION ( 'NONE',  ( -1.000000000000000000, 0.0000000000000000000, -0.0000000000000000000 ) ) ;
#1529 = VERTEX_POINT ( 'NONE', #1246 ) ;
#1530 = DIRECTION ( 'NONE',  ( 0.0000000000000000000, 0.0000000000000000000, 1.000000000000000000 ) ) ;
#1531 = ORIENTED_EDGE ( 'NONE', *, *, #955, .T. ) ;
#1532 = CARTESIAN_POINT ( 'NONE',  ( -0.9987492177719098400, -5.400000000000000400, -8.149999999999998600 ) ) ;
#1533 = VERTEX_POINT ( 'NONE', #958 ) ;
#1534 = VERTEX_POINT ( 'NONE', #663 ) ;
#1535 = EDGE_CURVE ( 'NONE', #38, #430, #1540, .T. ) ;
#1536 = CARTESIAN_POINT ( 'NONE',  ( -6.499999999999999100, -8.099999999999999600, 0.5000000000000000000 ) ) ;
#1537 = CARTESIAN_POINT ( 'NONE',  ( -1.599999999999997400, -9.000000000000001800, 10.89999999999999500 ) ) ;
#1538 = LINE ( 'NONE', #1242, #2103 ) ;
#1539 = ORIENTED_EDGE ( 'NONE', *, *, #661, .T. ) ;
#1540 = LINE ( 'NONE', #372, #32 ) ;
#1541 = ORIENTED_EDGE ( 'NONE', *, *, #1071, .F. ) ;
#1542 = EDGE_CURVE ( 'NONE', #1418, #1653, #2638, .T. ) ;
#1543 = CARTESIAN_POINT ( 'NONE',  ( 0.0000000000000000000, 0.0000000000000000000, 0.0000000000000000000 ) ) ;
#1544 = VECTOR ( 'NONE', #179, 1000.000000000000000 ) ;
#1545 = AXIS2_PLACEMENT_3D ( 'NONE', #1047, #764, #477 ) ;
#1546 = CARTESIAN_POINT ( 'NONE',  ( -0.4000000000000000800, 0.6000000000000015300, 6.100000000000000500 ) ) ;
#1547 = ORIENTED_EDGE ( 'NONE', *, *, #1087, .T. ) ;
#1548 = PRODUCT_DEFINITION_FORMATION_WITH_SPECIFIED_SOURCE ( 'ANY', '', #414, .NOT_KNOWN. ) ;
#1549 = LINE ( 'NONE', #1254, #1924 ) ;
#1550 = ORIENTED_EDGE ( 'NONE', *, *, #851, .F. ) ;
#1551 = EDGE_CURVE ( 'NONE', #1653, #1062, #1765, .T. ) ;
#1552 = EDGE_CURVE ( 'NONE', #1004, #2825, #591, .T. ) ;
#1553 = ORIENTED_EDGE ( 'NONE', *, *, #229, .F. ) ;
#1554 = ORIENTED_EDGE ( 'NONE', *, *, #1397, .F. ) ;
#1555 = LINE ( 'NONE', #1258, #903 ) ;
#1556 = PLANE ( 'NONE',  #289 ) ;
#1557 = DIRECTION ( 'NONE',  ( -1.000000000000000000, -0.0000000000000000000, -0.0000000000000000000 ) ) ;
#1558 = AXIS2_PLACEMENT_3D ( 'NONE', #185, #2753, #2455 ) ;
#1559 = EDGE_CURVE ( 'NONE', #767, #2593, #2475, .T. ) ;
#1560 = EDGE_CURVE ( 'NONE', #140, #2071, #1694, .T. ) ;
#1561 = CARTESIAN_POINT ( 'NONE',  ( 1.599999999999997200, -9.000000000000000000, -6.500000000000001800 ) ) ;
#1562 = ORIENTED_EDGE ( 'NONE', *, *, #2652, .F. ) ;
#1563 = VECTOR ( 'NONE', #1668, 1000.000000000000000 ) ;
#1564 = VECTOR ( 'NONE', #2620, 1000.000000000000000 ) ;
#1565 = CARTESIAN_POINT ( 'NONE',  ( 3.500000000000000000, -12.60000000000000000, -10.00000000000000200 ) ) ;
#1566 = DIRECTION ( 'NONE',  ( 0.0000000000000000000, 1.252969491787493200E-016, -1.000000000000000000 ) ) ;
#1567 = VECTOR ( 'NONE', #2199, 1000.000000000000000 ) ;
#1568 = EDGE_CURVE ( 'NONE', #610, #2788, #811, .T. ) ;
#1569 = LINE ( 'NONE', #1269, #843 ) ;
#1570 = ORIENTED_EDGE ( 'NONE', *, *, #1401, .T. ) ;
#1571 = ORIENTED_EDGE ( 'NONE', *, *, #393, .T. ) ;
#1572 = FACE_BOUND ( 'NONE', #555, .T. ) ;
#1573 = PLANE ( 'NONE',  #2598 ) ;
#1574 = DIRECTION ( 'NONE',  ( -0.0000000000000000000, 1.000000000000000000, -0.0000000000000000000 ) ) ;
#1575 = DIRECTION ( 'NONE',  ( 0.0000000000000000000, 0.0000000000000000000, -1.000000000000000000 ) ) ;
#1576 = DIRECTION ( 'NONE',  ( 0.0000000000000000000, 0.0000000000000000000, 1.000000000000000000 ) ) ;
#1577 = EDGE_CURVE ( 'NONE', #2071, #2839, #1981, .T. ) ;
#1578 = PLANE ( 'NONE',  #1403 ) ;
#1579 = AXIS2_PLACEMENT_3D ( 'NONE', #844, #557, #307 ) ;
#1580 = VERTEX_POINT ( 'NONE', #1910 ) ;
#1581 = DIRECTION ( 'NONE',  ( -1.355252715606880500E-016, 1.000000000000000000, 0.0000000000000000000 ) ) ;
#1582 = CARTESIAN_POINT ( 'NONE',  ( -3.500000000000000000, -5.400000000000000400, -3.700000000000001100 ) ) ;
#1583 = VECTOR ( 'NONE', #535, 1000.000000000000000 ) ;
#1584 = VECTOR ( 'NONE', #2656, 1000.000000000000000 ) ;
#1585 = CARTESIAN_POINT ( 'NONE',  ( -3.500000000000003100, -9.000000000000001800, 12.49999999999999600 ) ) ;
#1586 = VERTEX_POINT ( 'NONE', #1632 ) ;
#1587 = AXIS2_PLACEMENT_3D ( 'NONE', #552, #260, #2822 ) ;
#1588 = EDGE_CURVE ( 'NONE', #1887, #2315, #507, .T. ) ;
#1589 = DIRECTION ( 'NONE',  ( -0.0000000000000000000, 1.000000000000000000, -0.0000000000000000000 ) ) ;
#1590 = ORIENTED_EDGE ( 'NONE', *, *, #1783, .T. ) ;
#1591 = LINE ( 'NONE', #1295, #1426 ) ;
#1592 = CARTESIAN_POINT ( 'NONE',  ( -1.600000000000000500, -5.400000000000000400, -4.849999999999999600 ) ) ;
#1593 = EDGE_CURVE ( 'NONE', #1684, #347, #461, .T. ) ;
#1594 = CIRCLE ( 'NONE', #2589, 1.600000000000002500 ) ;
#1595 = CARTESIAN_POINT ( 'NONE',  ( 3.000000000000000000, -12.60000000000000000, -4.849999999999999600 ) ) ;
#1596 = ORIENTED_EDGE ( 'NONE', *, *, #2100, .F. ) ;
#1597 = AXIS2_PLACEMENT_3D ( 'NONE', #2781, #2487, #2192 ) ;
#1598 = DIRECTION ( 'NONE',  ( 0.0000000000000000000, -1.000000000000000000, -2.589139516383293800E-016 ) ) ;
#1599 = VERTEX_POINT ( 'NONE', #2430 ) ;
#1600 = PLANE ( 'NONE',  #251 ) ;
#1601 = ORIENTED_EDGE ( 'NONE', *, *, #2370, .F. ) ;
#1602 = EDGE_CURVE ( 'NONE', #89, #1374, #753, .T. ) ;
#1603 = CIRCLE ( 'NONE', #1193, 1.599999999999999000 ) ;
#1604 = CARTESIAN_POINT ( 'NONE',  ( 3.000000000000000000, 2.000000000000000000, -3.700000000000000200 ) ) ;
#1605 = ORIENTED_EDGE ( 'NONE', *, *, #2360, .T. ) ;
#1606 = CARTESIAN_POINT ( 'NONE',  ( 3.000000000000000000, 2.000000000000000000, 0.0000000000000000000 ) ) ;
#1607 = ORIENTED_EDGE ( 'NONE', *, *, #1071, .T. ) ;
#1608 = LOCAL_TIME ( 16, 42, 31.00000000000000000, #2207 ) ;
#1609 = EDGE_CURVE ( 'NONE', #226, #1695, #64, .T. ) ;
#1610 = CIRCLE ( 'NONE', #772, 1.599999999999999000 ) ;
#1611 = ORIENTED_EDGE ( 'NONE', *, *, #305, .T. ) ;
#1612 = CARTESIAN_POINT ( 'NONE',  ( 3.500000000000000000, -5.400000000000000400, -3.700000000000001100 ) ) ;
#1613 = CARTESIAN_POINT ( 'NONE',  ( 0.6000000000000008700, 1.950000000000000200, 7.399999999999997700 ) ) ;
#1614 = PLANE ( 'NONE',  #1744 ) ;
#1615 = VERTEX_POINT ( 'NONE', #388 ) ;
#1616 = EDGE_CURVE ( 'NONE', #975, #2841, #685, .T. ) ;
#1617 = CARTESIAN_POINT ( 'NONE',  ( -56.50000000000000000, -10.60000000000000300, 3.199999999999986900 ) ) ;
#1618 = VERTEX_POINT ( 'NONE', #2070 ) ;
#1619 =( NAMED_UNIT ( * ) PLANE_ANGLE_UNIT ( ) SI_UNIT ( $, .RADIAN. ) );
#1620 = LINE ( 'NONE', #148, #838 ) ;
#1621 = ORIENTED_EDGE ( 'NONE', *, *, #2379, .T. ) ;
#1622 = AXIS2_PLACEMENT_3D ( 'NONE', #2323, #2033, #1747 ) ;
#1623 = CARTESIAN_POINT ( 'NONE',  ( 3.000000000000000000, 2.000000000000000000, -3.700000000000000200 ) ) ;
#1624 = ORIENTED_EDGE ( 'NONE', *, *, #2821, .F. ) ;
#1625 = VECTOR ( 'NONE', #1706, 1000.000000000000000 ) ;
#1626 = ORIENTED_EDGE ( 'NONE', *, *, #890, .F. ) ;
#1627 = CARTESIAN_POINT ( 'NONE',  ( -0.4000000000000001900, 2.000000000000000000, -2.200000000000001100 ) ) ;
#1628 = APPROVAL_PERSON_ORGANIZATION ( #1414, #833, #814 ) ;
#1629 = AXIS2_PLACEMENT_3D ( 'NONE', #1612, #1311, #1012 ) ;
#1630 = LINE ( 'NONE', #1333, #581 ) ;
#1631 = CARTESIAN_POINT ( 'NONE',  ( 1.599999999999999600, -12.60000000000000000, -4.849999999999999600 ) ) ;
#1632 = CARTESIAN_POINT ( 'NONE',  ( -5.000000000000000000, -8.100000000000003200, 5.499999999999999100 ) ) ;
#1633 = ORIENTED_EDGE ( 'NONE', *, *, #1378, .T. ) ;
#1634 = SECURITY_CLASSIFICATION_LEVEL ( 'unclassified' ) ;
#1635 = CARTESIAN_POINT ( 'NONE',  ( 3.000000000000000000, -5.400000000000003900, 9.699999999999999300 ) ) ;
#1636 = VECTOR ( 'NONE', #2521, 1000.000000000000000 ) ;
#1637 = CARTESIAN_POINT ( 'NONE',  ( -2.500000000000000000, -6.700000000000001100, 6.000000000000000000 ) ) ;
#1638 = DIRECTION ( 'NONE',  ( 0.0000000000000000000, 0.0000000000000000000, -1.000000000000000000 ) ) ;
#1639 = ORIENTED_EDGE ( 'NONE', *, *, #608, .F. ) ;
#1640 = AXIS2_PLACEMENT_3D ( 'NONE', #1076, #789, #502 ) ;
#1641 = FACE_OUTER_BOUND ( 'NONE', #371, .T. ) ;
#1642 = ORIENTED_EDGE ( 'NONE', *, *, #2219, .F. ) ;
#1643 = LINE ( 'NONE', #1350, #2084 ) ;
#1644 = PLANE ( 'NONE',  #2081 ) ;
#1645 = CARTESIAN_POINT ( 'NONE',  ( 3.000000000000000000, -12.60000000000000000, -8.149999999999998600 ) ) ;
#1646 = CARTESIAN_POINT ( 'NONE',  ( -0.4000000000000010200, 1.950000000000000200, 7.399999999999997700 ) ) ;
#1647 = VECTOR ( 'NONE', #1121, 1000.000000000000000 ) ;
#1648 = DIRECTION ( 'NONE',  ( -1.355252715606880000E-016, -0.0000000000000000000, -1.000000000000000000 ) ) ;
#1649 = ORIENTED_EDGE ( 'NONE', *, *, #409, .F. ) ;
#1650 = LINE ( 'NONE', #1358, #2626 ) ;
#1651 = DIRECTION ( 'NONE',  ( -1.000000000000000000, -0.0000000000000000000, -0.0000000000000000000 ) ) ;
#1652 = LINE ( 'NONE', #1361, #2726 ) ;
#1653 = VERTEX_POINT ( 'NONE', #2356 ) ;
#1654 = VERTEX_POINT ( 'NONE', #1785 ) ;
#1655 = CYLINDRICAL_SURFACE ( 'NONE', #1943, 1.600000000000002500 ) ;
#1656 = DIRECTION ( 'NONE',  ( 0.0000000000000000000, -0.0000000000000000000, -1.000000000000000000 ) ) ;
#1657 = VECTOR ( 'NONE', #836, 1000.000000000000000 ) ;
#1658 = CARTESIAN_POINT ( 'NONE',  ( -3.000000000000000000, 2.000000000000000000, 0.0000000000000000000 ) ) ;
#1659 = CARTESIAN_POINT ( 'NONE',  ( 0.4000000000000001300, -0.5999999999999999800, -0.1000000000000000100 ) ) ;
#1660 = EDGE_CURVE ( 'NONE', #325, #2477, #1491, .T. ) ;
#1661 = DIRECTION ( 'NONE',  ( -1.000000000000000000, 0.0000000000000000000, 0.0000000000000000000 ) ) ;
#1662 = ORIENTED_EDGE ( 'NONE', *, *, #2211, .T. ) ;
#1663 = DIRECTION ( 'NONE',  ( 0.0000000000000000000, -1.000000000000000000, -1.252969491787493200E-016 ) ) ;
#1664 = CARTESIAN_POINT ( 'NONE',  ( -3.000000000000000000, -7.400000000000000400, 6.000000000000000000 ) ) ;
#1665 = ORIENTED_EDGE ( 'NONE', *, *, #2253, .T. ) ;
#1666 = ADVANCED_FACE ( 'NONE', ( #1135, #1508 ), #609, .T. ) ;
#1667 = FACE_OUTER_BOUND ( 'NONE', #2238, .T. ) ;
#1668 = DIRECTION ( 'NONE',  ( -0.0000000000000000000, 1.000000000000000000, -0.0000000000000000000 ) ) ;
#1669 = EDGE_LOOP ( 'NONE', ( #2628, #2023, #842, #1429 ) ) ;
#1670 = CARTESIAN_POINT ( 'NONE',  ( -3.500000000000000000, -12.60000000000000300, 15.99999999999999600 ) ) ;
#1671 = ORIENTED_EDGE ( 'NONE', *, *, #217, .T. ) ;
#1672 = VECTOR ( 'NONE', #1494, 1000.000000000000000 ) ;
#1673 = LINE ( 'NONE', #1387, #2173 ) ;
#1674 = LINE ( 'NONE', #1388, #46 ) ;
#1675 = LINE ( 'NONE', #1389, #1977 ) ;
#1676 = ORIENTED_EDGE ( 'NONE', *, *, #1501, .T. ) ;
#1677 = CARTESIAN_POINT ( 'NONE',  ( -0.6000000000000002000, 1.950000000000000200, -2.200000000000001100 ) ) ;
#1678 = VERTEX_POINT ( 'NONE', #2297 ) ;
#1679 = CARTESIAN_POINT ( 'NONE',  ( 1.599999999999999400, -5.400000000000000400, -8.149999999999998600 ) ) ;
#1680 = ORIENTED_EDGE ( 'NONE', *, *, #629, .F. ) ;
#1681 = LINE ( 'NONE', #1395, #255 ) ;
#1682 = ORIENTED_EDGE ( 'NONE', *, *, #490, .T. ) ;
#1683 = LINE ( 'NONE', #1399, #1348 ) ;
#1684 = VERTEX_POINT ( 'NONE', #1999 ) ;
#1685 = FACE_OUTER_BOUND ( 'NONE', #359, .T. ) ;
#1686 = FACE_OUTER_BOUND ( 'NONE', #1778, .T. ) ;
#1687 = ORIENTED_EDGE ( 'NONE', *, *, #2644, .T. ) ;
#1688 = CARTESIAN_POINT ( 'NONE',  ( -1.599999999999998300, -12.60005000000000100, 14.14999999999999700 ) ) ;
#1689 = DIRECTION ( 'NONE',  ( 1.000000000000000000, -0.0000000000000000000, -0.0000000000000000000 ) ) ;
#1690 = DIRECTION ( 'NONE',  ( 0.0000000000000000000, -0.0000000000000000000, -1.000000000000000000 ) ) ;
#1691 = CARTESIAN_POINT ( 'NONE',  ( 0.0000000000000000000, -12.60000000000000000, -6.099999999999999600 ) ) ;
#1692 = FACE_OUTER_BOUND ( 'NONE', #632, .T. ) ;
#1693 = COORDINATED_UNIVERSAL_TIME_OFFSET ( 9, 0, .AHEAD. ) ;
#1694 = LINE ( 'NONE', #1412, #769 ) ;
#1695 = VERTEX_POINT ( 'NONE', #1712 ) ;
#1696 = DATE_TIME_ROLE ( 'creation_date' ) ;
#1697 = CARTESIAN_POINT ( 'NONE',  ( -0.9987492177719070600, -5.400000000000000400, 14.14999999999999700 ) ) ;
#1698 = CARTESIAN_POINT ( 'NONE',  ( -0.5999999999999992000, 2.000000000000000000, 7.399999999999997700 ) ) ;
#1699 = ORIENTED_EDGE ( 'NONE', *, *, #628, .F. ) ;
#1700 = VECTOR ( 'NONE', #1651, 1000.000000000000000 ) ;
#1701 = ADVANCED_FACE ( 'NONE', ( #1802 ), #1655, .F. ) ;
#1702 = ORIENTED_EDGE ( 'NONE', *, *, #1990, .T. ) ;
#1703 = CARTESIAN_POINT ( 'NONE',  ( 0.3999999999999999700, 0.6000000000000015300, 6.100000000000000500 ) ) ;
#1704 = LINE ( 'NONE', #1422, #1647 ) ;
#1705 = VECTOR ( 'NONE', #1750, 1000.000000000000000 ) ;
#1706 = DIRECTION ( 'NONE',  ( -0.0000000000000000000, 1.000000000000000000, -0.0000000000000000000 ) ) ;
#1707 = CARTESIAN_POINT ( 'NONE',  ( -0.4000000000000000200, 1.950000000000000200, -2.600000000000001000 ) ) ;
#1708 = VECTOR ( 'NONE', #1025, 1000.000000000000000 ) ;
#1709 = VECTOR ( 'NONE', #1223, 1000.000000000000000 ) ;
#1710 = EDGE_CURVE ( 'NONE', #755, #2841, #546, .T. ) ;
#1711 = EDGE_CURVE ( 'NONE', #1807, #2613, #2230, .T. ) ;
#1712 = CARTESIAN_POINT ( 'NONE',  ( 1.599999999999997200, -9.000000000000000000, -8.100000000000001400 ) ) ;
#1713 = ORIENTED_EDGE ( 'NONE', *, *, #182, .F. ) ;
#1714 = VECTOR ( 'NONE', #247, 1000.000000000000000 ) ;
#1715 = CARTESIAN_POINT ( 'NONE',  ( 0.3999999999999989700, 1.950000000000000200, 7.399999999999997700 ) ) ;
#1716 = LINE ( 'NONE', #1129, #1416 ) ;
#1717 = FACE_OUTER_BOUND ( 'NONE', #2815, .T. ) ;
#1718 = EDGE_CURVE ( 'NONE', #2059, #1477, #1356, .T. ) ;
#1719 = DIRECTION ( 'NONE',  ( -1.000000000000000000, -0.0000000000000000000, -0.0000000000000000000 ) ) ;
#1720 = ORIENTED_EDGE ( 'NONE', *, *, #2371, .F. ) ;
#1721 = ORIENTED_EDGE ( 'NONE', *, *, #1130, .F. ) ;
#1722 = ORIENTED_EDGE ( 'NONE', *, *, #490, .F. ) ;
#1723 = EDGE_CURVE ( 'NONE', #2593, #445, #2515, .T. ) ;
#1724 = DIRECTION ( 'NONE',  ( 1.000000000000000000, 0.0000000000000000000, 0.0000000000000000000 ) ) ;
#1725 = CARTESIAN_POINT ( 'NONE',  ( -46.50000000000000000, -9.000000000000001800, 12.49999999999999600 ) ) ;
#1726 = CARTESIAN_POINT ( 'NONE',  ( 3.000000000000000000, -12.60000000000000100, 9.699999999999999300 ) ) ;
#1727 = CARTESIAN_POINT ( 'NONE',  ( -0.4000000000000000800, 0.5999999999999999800, -0.1000000000000000100 ) ) ;
#1728 = ADVANCED_FACE ( 'NONE', ( #2461, #1888 ), #2749, .F. ) ;
#1729 = ADVANCED_FACE ( 'NONE', ( #2108 ), #1578, .F. ) ;
#1730 = VECTOR ( 'NONE', #904, 1000.000000000000000 ) ;
#1731 = CARTESIAN_POINT ( 'NONE',  ( 3.000000000000000000, 2.000000000000000000, 6.000000000000000000 ) ) ;
#1732 = AXIS2_PLACEMENT_3D ( 'NONE', #2522, #2235, #1938 ) ;
#1733 = ADVANCED_FACE ( 'NONE', ( #2034 ), #406, .F. ) ;
#1734 = ORIENTED_EDGE ( 'NONE', *, *, #349, .F. ) ;
#1735 = CARTESIAN_POINT ( 'NONE',  ( 3.000000000000000000, 2.000000000000000000, 9.699999999999999300 ) ) ;
#1736 = CARTESIAN_POINT ( 'NONE',  ( -3.500000000000000000, -12.60000000000000000, -3.700000000000001500 ) ) ;
#1737 = ORIENTED_EDGE ( 'NONE', *, *, #854, .T. ) ;
#1738 = EDGE_CURVE ( 'NONE', #2798, #2372, #2088, .T. ) ;
#1739 = VECTOR ( 'NONE', #266, 1000.000000000000000 ) ;
#1740 = DIRECTION ( 'NONE',  ( 0.0000000000000000000, 0.0000000000000000000, -1.000000000000000000 ) ) ;
#1741 = ORIENTED_EDGE ( 'NONE', *, *, #1968, .F. ) ;
#1742 = CARTESIAN_POINT ( 'NONE',  ( -3.000000000000000000, -7.400000000000000400, 0.0000000000000000000 ) ) ;
#1743 = ORIENTED_EDGE ( 'NONE', *, *, #1285, .T. ) ;
#1744 = AXIS2_PLACEMENT_3D ( 'NONE', #1313, #1014, #735 ) ;
#1745 = LINE ( 'NONE', #1456, #2077 ) ;
#1746 = DIRECTION ( 'NONE',  ( -0.0000000000000000000, 1.000000000000000000, -0.0000000000000000000 ) ) ;
#1747 = DIRECTION ( 'NONE',  ( 1.355252715606880000E-016, 0.0000000000000000000, -1.000000000000000000 ) ) ;
#1748 = VECTOR ( 'NONE', #326, 1000.000000000000000 ) ;
#1749 = EDGE_LOOP ( 'NONE', ( #362, #1023, #288, #524 ) ) ;
#1750 = DIRECTION ( 'NONE',  ( -0.0000000000000000000, 1.000000000000000000, -0.0000000000000000000 ) ) ;
#1751 = EDGE_LOOP ( 'NONE', ( #355, #2127, #523, #627 ) ) ;
#1752 = CARTESIAN_POINT ( 'NONE',  ( 0.9987492177719070600, -5.400000000000000400, 14.14999999999999700 ) ) ;
#1753 = ORIENTED_EDGE ( 'NONE', *, *, #614, .F. ) ;
#1754 = ADVANCED_FACE ( 'NONE', ( #2185 ), #1211, .F. ) ;
#1755 = LINE ( 'NONE', #1465, #2813 ) ;
#1756 = ORIENTED_EDGE ( 'NONE', *, *, #1542, .F. ) ;
#1757 = DIRECTION ( 'NONE',  ( 0.0000000000000000000, -2.409338161078898700E-016, 1.000000000000000000 ) ) ;
#1758 = ORIENTED_EDGE ( 'NONE', *, *, #2650, .T. ) ;
#1759 = ORIENTED_EDGE ( 'NONE', *, *, #191, .T. ) ;
#1760 = EDGE_CURVE ( 'NONE', #1932, #2065, #44, .T. ) ;
#1761 = DIRECTION ( 'NONE',  ( 1.000000000000000000, -0.0000000000000000000, -1.314184451497581300E-016 ) ) ;
#1762 = DIRECTION ( 'NONE',  ( 0.0000000000000000000, 1.000000000000000000, 4.818676322157797400E-016 ) ) ;
#1763 = CARTESIAN_POINT ( 'NONE',  ( -56.50000000000000000, -10.60000000000000300, 1.949999999999987300 ) ) ;
#1764 = VERTEX_POINT ( 'NONE', #1731 ) ;
#1765 = LINE ( 'NONE', #1476, #330 ) ;
#1766 = VERTEX_POINT ( 'NONE', #1443 ) ;
#1767 = EDGE_CURVE ( 'NONE', #2021, #1118, #1142, .T. ) ;
#1768 = PERSON_AND_ORGANIZATION_ROLE ( 'design_owner' ) ;
#1769 = EDGE_CURVE ( 'NONE', #873, #28, #267, .T. ) ;
#1770 = CALENDAR_DATE ( 2015, 4, 12 ) ;
#1771 = CARTESIAN_POINT ( 'NONE',  ( -3.500000000000000000, -5.400000000000000400, -3.700000000000001100 ) ) ;
#1772 = ORIENTED_EDGE ( 'NONE', *, *, #1336, .F. ) ;
#1773 = CARTESIAN_POINT ( 'NONE',  ( 0.6000000000000008700, 2.000000000000000000, 7.399999999999997700 ) ) ;
#1774 = VERTEX_POINT ( 'NONE', #2242 ) ;
#1775 = ADVANCED_FACE ( 'NONE', ( #2708, #2549 ), #2016, .T. ) ;
#1776 = EDGE_CURVE ( 'NONE', #1500, #1932, #1069, .T. ) ;
#1777 = ORIENTED_EDGE ( 'NONE', *, *, #2432, .T. ) ;
#1778 = EDGE_LOOP ( 'NONE', ( #310, #655, #792, #329 ) ) ;
#1779 = DIRECTION ( 'NONE',  ( 0.3363363969981562600, 0.0000000000000000000, 0.9417419115948374400 ) ) ;
#1780 = FACE_BOUND ( 'NONE', #1075, .T. ) ;
#1781 = CARTESIAN_POINT ( 'NONE',  ( 3.000000000000000000, 2.000000000000000000, 0.0000000000000000000 ) ) ;
#1782 = DIRECTION ( 'NONE',  ( 1.000000000000000000, 0.0000000000000000000, -6.570922257487906300E-017 ) ) ;
#1783 = EDGE_CURVE ( 'NONE', #1448, #347, #2764, .T. ) ;
#1784 = EDGE_CURVE ( 'NONE', #1939, #1654, #1880, .T. ) ;
#1785 = CARTESIAN_POINT ( 'NONE',  ( -0.9987492177719091700, -12.60000000000000000, -4.849999999999999600 ) ) ;
#1786 = CYLINDRICAL_SURFACE ( 'NONE', #1857, 1.599999999999999900 ) ;
#1787 = EDGE_LOOP ( 'NONE', ( #660, #2306, #2166, #596 ) ) ;
#1788 = CARTESIAN_POINT ( 'NONE',  ( -1.600000000000001000, -12.60005000000000100, -8.149999999999998600 ) ) ;
#1789 = AXIS2_PLACEMENT_3D ( 'NONE', #934, #639, #350 ) ;
#1790 = CARTESIAN_POINT ( 'NONE',  ( -46.50000000000000000, -9.000000000000000000, -6.500000000000001800 ) ) ;
#1791 = EDGE_CURVE ( 'NONE', #1654, #2765, #1000, .T. ) ;
#1792 = CARTESIAN_POINT ( 'NONE',  ( 2.199999999999998000, -6.400000000000000400, 0.0000000000000000000 ) ) ;
#1793 = ORIENTED_EDGE ( 'NONE', *, *, #1450, .T. ) ;
#1794 = AXIS2_PLACEMENT_3D ( 'NONE', #2511, #2222, #1923 ) ;
#1795 = ORIENTED_EDGE ( 'NONE', *, *, #2006, .T. ) ;
#1796 = LINE ( 'NONE', #1502, #1035 ) ;
#1797 = CARTESIAN_POINT ( 'NONE',  ( 2.424800662311759000E-015, -12.60005000000000100, 12.89999999999999900 ) ) ;
#1798 = CARTESIAN_POINT ( 'NONE',  ( -5.000000000000000000, -12.60000000000000000, 0.4999999999999988300 ) ) ;
#1799 = CARTESIAN_POINT ( 'NONE',  ( -46.50000000000000000, -9.000000000000000000, -4.900000000000002100 ) ) ;
#1800 = CARTESIAN_POINT ( 'NONE',  ( -46.50000000000000000, -9.000000000000001800, 14.10000000000000000 ) ) ;
#1801 = ORIENTED_EDGE ( 'NONE', *, *, #2048, .T. ) ;
#1802 = FACE_OUTER_BOUND ( 'NONE', #7, .T. ) ;
#1803 = CARTESIAN_POINT ( 'NONE',  ( -0.3999999999999999700, -0.5999999999999983100, 6.100000000000000500 ) ) ;
#1804 = PLANE ( 'NONE',  #2437 ) ;
#1805 = CYLINDRICAL_SURFACE ( 'NONE', #1732, 1.599999999999999900 ) ;
#1806 = CARTESIAN_POINT ( 'NONE',  ( -0.9987492177719098400, -12.60000000000000000, -8.149999999999998600 ) ) ;
#1807 = VERTEX_POINT ( 'NONE', #127 ) ;
#1808 = EDGE_CURVE ( 'NONE', #2702, #28, #198, .T. ) ;
#1809 = LINE ( 'NONE', #1518, #2567 ) ;
#1810 = AXIS2_PLACEMENT_3D ( 'NONE', #2530, #2241, #1945 ) ;
#1811 = VERTEX_POINT ( 'NONE', #1816 ) ;
#1812 = LINE ( 'NONE', #1521, #1709 ) ;
#1813 = LINE ( 'NONE', #1522, #1294 ) ;
#1814 = ADVANCED_FACE ( 'NONE', ( #363 ), #2403, .F. ) ;
#1815 = CIRCLE ( 'NONE', #2299, 1.600000000000002500 ) ;
#1816 = CARTESIAN_POINT ( 'NONE',  ( -3.000000000000000000, 2.000000000000000000, 0.0000000000000000000 ) ) ;
#1817 = ORIENTED_EDGE ( 'NONE', *, *, #1593, .F. ) ;
#1818 = LINE ( 'NONE', #1526, #1420 ) ;
#1819 = CC_DESIGN_PERSON_AND_ORGANIZATION_ASSIGNMENT ( #2799, #2505, ( #1548 ) ) ;
#1820 = ORIENTED_EDGE ( 'NONE', *, *, #902, .F. ) ;
#1821 = DIRECTION ( 'NONE',  ( 0.0000000000000000000, 0.0000000000000000000, -1.000000000000000000 ) ) ;
#1822 = EDGE_LOOP ( 'NONE', ( #342, #1329, #95, #2358 ) ) ;
#1823 = ADVANCED_FACE ( 'NONE', ( #1319 ), #936, .F. ) ;
#1824 = DIRECTION ( 'NONE',  ( -1.000000000000000000, 0.0000000000000000000, 0.0000000000000000000 ) ) ;
#1825 = ORIENTED_EDGE ( 'NONE', *, *, #621, .T. ) ;
#1826 = DIRECTION ( 'NONE',  ( -0.0000000000000000000, 2.753529326947313900E-016, -1.000000000000000000 ) ) ;
#1827 = ORIENTED_EDGE ( 'NONE', *, *, #37, .T. ) ;
#1828 = ADVANCED_FACE ( 'NONE', ( #1018 ), #2617, .F. ) ;
#1829 = VERTEX_POINT ( 'NONE', #1459 ) ;
#1830 = DIRECTION ( 'NONE',  ( -0.0000000000000000000, -1.000000000000000000, -0.0000000000000000000 ) ) ;
#1831 = DIRECTION ( 'NONE',  ( -1.000000000000000000, 0.0000000000000000000, -0.0000000000000000000 ) ) ;
#1832 = LINE ( 'NONE', #659, #2257 ) ;
#1833 = VERTEX_POINT ( 'NONE', #1159 ) ;
#1834 = EDGE_CURVE ( 'NONE', #2477, #2045, #866, .T. ) ;
#1835 = DIRECTION ( 'NONE',  ( 3.469446951953614200E-016, 3.469446951953614200E-016, -1.000000000000000000 ) ) ;
#1836 = ORIENTED_EDGE ( 'NONE', *, *, #521, .T. ) ;
#1837 = AXIS2_PLACEMENT_3D ( 'NONE', #1742, #1454, #1152 ) ;
#1838 = CARTESIAN_POINT ( 'NONE',  ( -0.5999999999999992000, 1.950000000000000200, 7.399999999999997700 ) ) ;
#1839 = VERTEX_POINT ( 'NONE', #2548 ) ;
#1840 = LINE ( 'NONE', #90, #2076 ) ;
#1841 = ORIENTED_EDGE ( 'NONE', *, *, #1535, .T. ) ;
#1842 = CC_DESIGN_APPROVAL ( #833, ( #1548 ) ) ;
#1843 = EDGE_LOOP ( 'NONE', ( #2482, #2508, #331, #943 ) ) ;
#1844 = VECTOR ( 'NONE', #141, 1000.000000000000000 ) ;
#1845 = ORIENTED_EDGE ( 'NONE', *, *, #458, .F. ) ;
#1846 = CARTESIAN_POINT ( 'NONE',  ( 1.600000000000001900, -12.60000000000000100, 14.14999999999999700 ) ) ;
#1847 =( GEOMETRIC_REPRESENTATION_CONTEXT ( 3 ) GLOBAL_UNCERTAINTY_ASSIGNED_CONTEXT ( ( #835 ) ) GLOBAL_UNIT_ASSIGNED_CONTEXT ( ( #2492, #1619, #742 ) ) REPRESENTATION_CONTEXT ( 'NONE', 'WORKASPACE' ) );
#1848 = DIRECTION ( 'NONE',  ( 1.000000000000000000, -4.491441101649337300E-032, 1.734723475976807100E-016 ) ) ;
#1849 = CARTESIAN_POINT ( 'NONE',  ( 3.500000000000000000, -5.400000000000000400, -3.700000000000001100 ) ) ;
#1850 = DIRECTION ( 'NONE',  ( -1.000000000000000000, -0.0000000000000000000, -0.0000000000000000000 ) ) ;
#1851 = FACE_OUTER_BOUND ( 'NONE', #664, .T. ) ;
#1852 = ORIENTED_EDGE ( 'NONE', *, *, #386, .T. ) ;
#1853 = APPROVAL_DATE_TIME ( #2135, #1160 ) ;
#1854 = PLANE ( 'NONE',  #1078 ) ;
#1855 = CARTESIAN_POINT ( 'NONE',  ( 3.000000000000000000, -1.099999999999999900, 0.0000000000000000000 ) ) ;
#1856 = VECTOR ( 'NONE', #2472, 1000.000000000000000 ) ;
#1857 = AXIS2_PLACEMENT_3D ( 'NONE', #290, #2851, #2552 ) ;
#1858 = DIRECTION ( 'NONE',  ( -1.000000000000000000, 0.0000000000000000000, -0.0000000000000000000 ) ) ;
#1859 = VERTEX_POINT ( 'NONE', #2849 ) ;
#1860 = FACE_BOUND ( 'NONE', #2102, .T. ) ;
#1861 = ORIENTED_EDGE ( 'NONE', *, *, #1147, .T. ) ;
#1862 = DIRECTION ( 'NONE',  ( 0.0000000000000000000, 0.0000000000000000000, -1.000000000000000000 ) ) ;
#1863 = CARTESIAN_POINT ( 'NONE',  ( 0.0000000000000000000, -12.60005000000000100, -6.099999999999999600 ) ) ;
#1864 = FACE_OUTER_BOUND ( 'NONE', #86, .T. ) ;
#1865 = DIRECTION ( 'NONE',  ( 1.000000000000000000, 0.0000000000000000000, 0.0000000000000000000 ) ) ;
#1866 = DIRECTION ( 'NONE',  ( -1.000000000000000000, 8.982882203298674600E-032, -3.469446951953614200E-016 ) ) ;
#1867 = DIRECTION ( 'NONE',  ( -1.314184451497581500E-016, 0.0000000000000000000, -1.000000000000000000 ) ) ;
#1868 = ORIENTED_EDGE ( 'NONE', *, *, #1289, .F. ) ;
#1869 = AXIS2_PLACEMENT_3D ( 'NONE', #794, #509, #210 ) ;
#1870 = DIRECTION ( 'NONE',  ( 1.000000000000000000, 1.355252715606880500E-016, -3.791917260717056500E-032 ) ) ;
#1871 = LINE ( 'NONE', #1582, #2138 ) ;
#1872 = DIRECTION ( 'NONE',  ( 1.000000000000000000, -0.0000000000000000000, -0.0000000000000000000 ) ) ;
#1873 = VERTEX_POINT ( 'NONE', #2263 ) ;
#1874 = AXIS2_PLACEMENT_3D ( 'NONE', #324, #26, #2581 ) ;
#1875 = VERTEX_POINT ( 'NONE', #1962 ) ;
#1876 = CARTESIAN_POINT ( 'NONE',  ( 1.599999999999997200, -9.000000000000000000, -6.500000000000001800 ) ) ;
#1877 = LINE ( 'NONE', #1592, #2250 ) ;
#1878 = AXIS2_PLACEMENT_3D ( 'NONE', #1068, #779, #492 ) ;
#1879 = EDGE_CURVE ( 'NONE', #2113, #2405, #1675, .T. ) ;
#1880 = LINE ( 'NONE', #1595, #953 ) ;
#1881 = ORIENTED_EDGE ( 'NONE', *, *, #223, .F. ) ;
#1882 = CARTESIAN_POINT ( 'NONE',  ( -5.000000000000000000, -8.099999999999999600, 0.5000000000000000000 ) ) ;
#1883 = VERTEX_POINT ( 'NONE', #511 ) ;
#1884 = CARTESIAN_POINT ( 'NONE',  ( -3.500000000000003100, -9.000000000000001800, 14.10000000000000000 ) ) ;
#1885 = ORIENTED_EDGE ( 'NONE', *, *, #1509, .F. ) ;
#1886 = LINE ( 'NONE', #1604, #1921 ) ;
#1887 = VERTEX_POINT ( 'NONE', #214 ) ;
#1888 = FACE_OUTER_BOUND ( 'NONE', #2607, .T. ) ;
#1889 = CARTESIAN_POINT ( 'NONE',  ( 3.000000000000000000, 2.000000000000000000, 9.699999999999999300 ) ) ;
#1890 = ORIENTED_EDGE ( 'NONE', *, *, #679, .F. ) ;
#1891 = ORIENTED_EDGE ( 'NONE', *, *, #2721, .F. ) ;
#1892 = PLANE ( 'NONE',  #1629 ) ;
#1893 = PLANE ( 'NONE',  #493 ) ;
#1894 = CARTESIAN_POINT ( 'NONE',  ( -3.500000000000003100, -9.000000000000000000, -4.900000000000001200 ) ) ;
#1895 = EDGE_LOOP ( 'NONE', ( #520, #1499, #138, #1309 ) ) ;
#1896 = CARTESIAN_POINT ( 'NONE',  ( -2.500000000000000000, -6.700000000000001100, 6.000000000000000000 ) ) ;
#1897 = VERTEX_POINT ( 'NONE', #795 ) ;
#1898 = DIRECTION ( 'NONE',  ( 1.355252715606880500E-016, -1.000000000000000000, 0.0000000000000000000 ) ) ;
#1899 = ORIENTED_EDGE ( 'NONE', *, *, #409, .T. ) ;
#1900 = LINE ( 'NONE', #1324, #1708 ) ;
#1901 = ORIENTED_EDGE ( 'NONE', *, *, #2597, .T. ) ;
#1902 = VECTOR ( 'NONE', #285, 1000.000000000000000 ) ;
#1903 = ORIENTED_EDGE ( 'NONE', *, *, #1986, .F. ) ;
#1904 = CARTESIAN_POINT ( 'NONE',  ( -0.4000000000000000800, 0.6000000000000015300, 6.100000000000000500 ) ) ;
#1905 = VECTOR ( 'NONE', #2224, 1000.000000000000000 ) ;
#1906 = SECURITY_CLASSIFICATION ( '', '', #1634 ) ;
#1907 = DIRECTION ( 'NONE',  ( -1.000000000000000000, 0.0000000000000000000, -0.0000000000000000000 ) ) ;
#1908 = DIRECTION ( 'NONE',  ( -1.000000000000000000, 0.0000000000000000000, -0.0000000000000000000 ) ) ;
#1909 = VECTOR ( 'NONE', #1830, 1000.000000000000000 ) ;
#1910 = CARTESIAN_POINT ( 'NONE',  ( 2.500000000000000900, -6.700000000000000200, 6.000000000000000000 ) ) ;
#1911 = ORIENTED_EDGE ( 'NONE', *, *, #1983, .T. ) ;
#1912 = PERSON_AND_ORGANIZATION_ROLE ( 'design_supplier' ) ;
#1913 = EDGE_CURVE ( 'NONE', #1774, #2541, #2782, .T. ) ;
#1914 = LINE ( 'NONE', #757, #1002 ) ;
#1915 = LINE ( 'NONE', #1637, #5 ) ;
#1916 = CARTESIAN_POINT ( 'NONE',  ( -0.6000000000000002000, 1.950000000000000200, -2.200000000000001100 ) ) ;
#1917 = VERTEX_POINT ( 'NONE', #994 ) ;
#1918 = EDGE_CURVE ( 'NONE', #2458, #1255, #707, .T. ) ;
#1919 = EDGE_CURVE ( 'NONE', #1967, #1255, #2683, .T. ) ;
#1920 = ORIENTED_EDGE ( 'NONE', *, *, #496, .T. ) ;
#1921 = VECTOR ( 'NONE', #1305, 1000.000000000000000 ) ;
#1922 = DIRECTION ( 'NONE',  ( 0.0000000000000000000, -1.294569758191647200E-016, 1.000000000000000000 ) ) ;
#1923 = DIRECTION ( 'NONE',  ( -1.000000000000000000, 0.0000000000000000000, -0.0000000000000000000 ) ) ;
#1924 = VECTOR ( 'NONE', #963, 1000.000000000000000 ) ;
#1925 = LINE ( 'NONE', #1645, #1980 ) ;
#1926 = DIRECTION ( 'NONE',  ( -1.355252715606880500E-016, 1.000000000000000000, -0.0000000000000000000 ) ) ;
#1927 = APPLICATION_CONTEXT ( 'configuration controlled 3d designs of mechanical parts and assemblies' ) ;
#1928 = EDGE_CURVE ( 'NONE', #2388, #1766, #1809, .T. ) ;
#1929 = EDGE_CURVE ( 'NONE', #2249, #1500, #929, .T. ) ;
#1930 = FACE_OUTER_BOUND ( 'NONE', #1095, .T. ) ;
#1931 = CARTESIAN_POINT ( 'NONE',  ( 0.4000000000000000200, 2.000000000000000000, -2.600000000000001000 ) ) ;
#1932 = VERTEX_POINT ( 'NONE', #55 ) ;
#1933 = DIRECTION ( 'NONE',  ( 0.0000000000000000000, 0.0000000000000000000, 1.000000000000000000 ) ) ;
#1934 = CARTESIAN_POINT ( 'NONE',  ( 3.500000000000000000, -5.400000000000002100, 9.700000000000001100 ) ) ;
#1935 = EDGE_CURVE ( 'NONE', #556, #755, #2612, .T. ) ;
#1936 = VECTOR ( 'NONE', #61, 1000.000000000000000 ) ;
#1937 = ADVANCED_FACE ( 'NONE', ( #1686 ), #1290, .F. ) ;
#1938 = DIRECTION ( 'NONE',  ( 0.0000000000000000000, 0.0000000000000000000, -1.000000000000000000 ) ) ;
#1939 = VERTEX_POINT ( 'NONE', #861 ) ;
#1940 = CYLINDRICAL_SURFACE ( 'NONE', #2089, 1.599999999999999000 ) ;
#1941 = ORIENTED_EDGE ( 'NONE', *, *, #123, .T. ) ;
#1942 = DIRECTION ( 'NONE',  ( 0.0000000000000000000, -1.000000000000000000, 0.0000000000000000000 ) ) ;
#1943 = AXIS2_PLACEMENT_3D ( 'NONE', #1428, #1126, #829 ) ;
#1944 = LINE ( 'NONE', #1658, #976 ) ;
#1945 = DIRECTION ( 'NONE',  ( -0.3363363969981562600, 0.0000000000000000000, 0.9417419115948374400 ) ) ;
#1946 = ADVANCED_FACE ( 'NONE', ( #2727 ), #571, .T. ) ;
#1947 = CARTESIAN_POINT ( 'NONE',  ( -3.500000000000000000, -5.400000000000000400, -3.700000000000001100 ) ) ;
#1948 = VERTEX_POINT ( 'NONE', #2255 ) ;
#1949 = FACE_OUTER_BOUND ( 'NONE', #1133, .T. ) ;
#1950 = CARTESIAN_POINT ( 'NONE',  ( -3.000000000000000000, -1.099999999999999900, 0.0000000000000000000 ) ) ;
#1951 = DIRECTION ( 'NONE',  ( -0.0000000000000000000, -0.0000000000000000000, 1.000000000000000000 ) ) ;
#1952 = ORIENTED_EDGE ( 'NONE', *, *, #405, .T. ) ;
#1953 = EDGE_CURVE ( 'NONE', #13, #1062, #1956, .T. ) ;
#1954 = CARTESIAN_POINT ( 'NONE',  ( 0.9987492177719096100, -12.60005000000000100, -8.149999999999998600 ) ) ;
#1955 = ORIENTED_EDGE ( 'NONE', *, *, #2270, .F. ) ;
#1956 = LINE ( 'NONE', #1670, #460 ) ;
#1957 = EDGE_LOOP ( 'NONE', ( #2720, #1464, #1455, #168 ) ) ;
#1958 = AXIS2_PLACEMENT_3D ( 'NONE', #2452, #2155, #1867 ) ;
#1959 = DIRECTION ( 'NONE',  ( 1.000000000000000000, 0.0000000000000000000, 0.0000000000000000000 ) ) ;
#1960 = DIRECTION ( 'NONE',  ( 0.0000000000000000000, 1.000000000000000000, 6.023345402697246700E-017 ) ) ;
#1961 = VECTOR ( 'NONE', #2301, 1000.000000000000000 ) ;
#1962 = CARTESIAN_POINT ( 'NONE',  ( -0.9987492177719061700, -5.400000000000002100, 10.84999999999999800 ) ) ;
#1963 = VERTEX_POINT ( 'NONE', #791 ) ;
#1964 = LINE ( 'NONE', #1677, #2143 ) ;
#1965 = ORIENTED_EDGE ( 'NONE', *, *, #1568, .T. ) ;
#1966 = PLANE ( 'NONE',  #369 ) ;
#1967 = VERTEX_POINT ( 'NONE', #504 ) ;
#1968 = EDGE_CURVE ( 'NONE', #28, #1875, #940, .T. ) ;
#1969 = DIRECTION ( 'NONE',  ( 1.000000000000000000, -0.0000000000000000000, -0.0000000000000000000 ) ) ;
#1970 = VERTEX_POINT ( 'NONE', #2183 ) ;
#1971 = CARTESIAN_POINT ( 'NONE',  ( 3.000000000000000000, -12.60000000000000100, 9.699999999999999300 ) ) ;
#1972 = VERTEX_POINT ( 'NONE', #1889 ) ;
#1973 = VERTEX_POINT ( 'NONE', #1606 ) ;
#1974 = EDGE_CURVE ( 'NONE', #1932, #1859, #2478, .T. ) ;
#1975 = CARTESIAN_POINT ( 'NONE',  ( 3.500000000000000000, -5.400000000000000400, -10.00000000000000200 ) ) ;
#1976 = CARTESIAN_POINT ( 'NONE',  ( -46.50000000000000000, -9.000000000000001800, 10.89999999999999500 ) ) ;
#1977 = VECTOR ( 'NONE', #1083, 1000.000000000000000 ) ;
#1978 = DIRECTION ( 'NONE',  ( 0.0000000000000000000, -1.000000000000000000, 0.0000000000000000000 ) ) ;
#1979 = DIRECTION ( 'NONE',  ( -0.0000000000000000000, 1.000000000000000000, -0.0000000000000000000 ) ) ;
#1980 = VECTOR ( 'NONE', #1353, 1000.000000000000000 ) ;
#1981 = LINE ( 'NONE', #2797, #988 ) ;
#1982 = ORIENTED_EDGE ( 'NONE', *, *, #29, .T. ) ;
#1983 = EDGE_CURVE ( 'NONE', #2561, #13, #434, .T. ) ;
#1984 = COORDINATED_UNIVERSAL_TIME_OFFSET ( 9, 0, .AHEAD. ) ;
#1985 = DATE_AND_TIME ( #1478, #738 ) ;
#1986 = EDGE_CURVE ( 'NONE', #1653, #1897, #2404, .T. ) ;
#1987 = CARTESIAN_POINT ( 'NONE',  ( -3.500000000000000000, -5.400000000000002100, 9.700000000000001100 ) ) ;
#1988 = LINE ( 'NONE', #1698, #2818 ) ;
#1989 = VERTEX_POINT ( 'NONE', #1532 ) ;
#1990 = EDGE_CURVE ( 'NONE', #487, #1618, #1235, .T. ) ;
#1991 = ADVANCED_FACE ( 'NONE', ( #534 ), #727, .F. ) ;
#1992 = ORIENTED_EDGE ( 'NONE', *, *, #1718, .F. ) ;
#1993 = LINE ( 'NONE', #1703, #2668 ) ;
#1994 = CARTESIAN_POINT ( 'NONE',  ( -0.4000000000000000200, 1.950000000000000200, -2.200000000000001100 ) ) ;
#1995 = CARTESIAN_POINT ( 'NONE',  ( 1.600000000000001900, -12.60005000000000100, 14.14999999999999700 ) ) ;
#1996 = PLANE ( 'NONE',  #597 ) ;
#1997 = FACE_OUTER_BOUND ( 'NONE', #407, .T. ) ;
#1998 = ADVANCED_FACE ( 'NONE', ( #462 ), #2333, .F. ) ;
#1999 = CARTESIAN_POINT ( 'NONE',  ( 0.0000000000000000000, 2.000000000000000000, -1.000000000000000900 ) ) ;
#2000 = CYLINDRICAL_SURFACE ( 'NONE', #2747, 1.600000000000002500 ) ;
#2001 = ORIENTED_EDGE ( 'NONE', *, *, #405, .F. ) ;
#2002 = VECTOR ( 'NONE', #2028, 1000.000000000000000 ) ;
#2003 = LINE ( 'NONE', #1715, #2036 ) ;
#2004 = DIRECTION ( 'NONE',  ( -1.000000000000000000, -0.0000000000000000000, -0.0000000000000000000 ) ) ;
#2005 = FACE_OUTER_BOUND ( 'NONE', #2835, .T. ) ;
#2006 = EDGE_CURVE ( 'NONE', #1062, #2712, #1170, .T. ) ;
#2007 = CARTESIAN_POINT ( 'NONE',  ( 3.500000000000000000, -5.400000000000002100, 9.700000000000001100 ) ) ;
#2008 = ORIENTED_EDGE ( 'NONE', *, *, #1148, .F. ) ;
#2009 = ORIENTED_EDGE ( 'NONE', *, *, #1609, .F. ) ;
#2010 = ORIENTED_EDGE ( 'NONE', *, *, #938, .F. ) ;
#2011 = CARTESIAN_POINT ( 'NONE',  ( 3.500000000000000000, -9.000000000000001800, 12.49999999999999600 ) ) ;
#2012 = DIRECTION ( 'NONE',  ( -1.000000000000000000, -0.0000000000000000000, -0.0000000000000000000 ) ) ;
#2013 = FACE_OUTER_BOUND ( 'NONE', #2610, .T. ) ;
#2014 = LINE ( 'NONE', #1726, #385 ) ;
#2015 = PLANE ( 'NONE',  #1445 ) ;
#2016 = PLANE ( 'NONE',  #215 ) ;
#2017 = ADVANCED_FACE ( 'NONE', ( #898 ), #300, .F. ) ;
#2018 = EDGE_LOOP ( 'NONE', ( #1468, #1777, #1562, #1084 ) ) ;
#2019 = LINE ( 'NONE', #1735, #802 ) ;
#2020 = CARTESIAN_POINT ( 'NONE',  ( 1.600000000000001400, -5.400000000000000400, 10.84999999999999800 ) ) ;
#2021 = VERTEX_POINT ( 'NONE', #1971 ) ;
#2022 = DIRECTION ( 'NONE',  ( 1.000000000000000000, -4.491441101649337300E-032, 1.734723475976807100E-016 ) ) ;
#2023 = ORIENTED_EDGE ( 'NONE', *, *, #1286, .T. ) ;
#2024 = EDGE_CURVE ( 'NONE', #1306, #2113, #1683, .T. ) ;
#2025 = CIRCLE ( 'NONE', #858, 1.249999999999999300 ) ;
#2026 = DIRECTION ( 'NONE',  ( -0.0000000000000000000, -0.0000000000000000000, 1.000000000000000000 ) ) ;
#2027 = ORIENTED_EDGE ( 'NONE', *, *, #1928, .F. ) ;
#2028 = DIRECTION ( 'NONE',  ( 1.314184451497581300E-016, 0.0000000000000000000, 1.000000000000000000 ) ) ;
#2029 = CARTESIAN_POINT ( 'NONE',  ( 0.0000000000000000000, 1.950000000000000200, 8.599999999999997900 ) ) ;
#2030 = VECTOR ( 'NONE', #2117, 1000.000000000000000 ) ;
#2031 = EDGE_CURVE ( 'NONE', #1281, #1963, #1386, .T. ) ;
#2032 = CIRCLE ( 'NONE', #1020, 1.249999999999999300 ) ;
#2033 = DIRECTION ( 'NONE',  ( 1.000000000000000000, 0.0000000000000000000, 1.355252715606880000E-016 ) ) ;
#2034 = FACE_OUTER_BOUND ( 'NONE', #114, .T. ) ;
#2035 = EDGE_LOOP ( 'NONE', ( #2823, #1339, #587, #1252 ) ) ;
#2036 = VECTOR ( 'NONE', #1430, 1000.000000000000000 ) ;
#2037 = CARTESIAN_POINT ( 'NONE',  ( 1.600000000000001400, -12.60005000000000100, 10.84999999999999800 ) ) ;
#2038 = PRODUCT_RELATED_PRODUCT_CATEGORY ( 'detail', '', ( #414 ) ) ;
#2039 = ORIENTED_EDGE ( 'NONE', *, *, #248, .F. ) ;
#2040 = LINE ( 'NONE', #1752, #1398 ) ;
#2041 = ORIENTED_EDGE ( 'NONE', *, *, #2474, .T. ) ;
#2042 = EDGE_CURVE ( 'NONE', #2480, #128, #2789, .T. ) ;
#2043 = CC_DESIGN_PERSON_AND_ORGANIZATION_ASSIGNMENT ( #2056, #1768, ( #414 ) ) ;
#2044 = DIRECTION ( 'NONE',  ( 0.0000000000000000000, -1.000000000000000000, -2.409338161078898700E-016 ) ) ;
#2045 = VERTEX_POINT ( 'NONE', #1623 ) ;
#2046 = CARTESIAN_POINT ( 'NONE',  ( 3.500000000000000000, -12.60000000000000100, 9.699999999999999300 ) ) ;
#2047 = ORIENTED_EDGE ( 'NONE', *, *, #269, .F. ) ;
#2048 = EDGE_CURVE ( 'NONE', #274, #1272, #1900, .T. ) ;
#2049 = ORIENTED_EDGE ( 'NONE', *, *, #14, .T. ) ;
#2050 = DIRECTION ( 'NONE',  ( -1.000000000000000000, -0.0000000000000000000, -0.0000000000000000000 ) ) ;
#2051 = DIRECTION ( 'NONE',  ( 0.0000000000000000000, 4.818676322157797400E-016, -1.000000000000000000 ) ) ;
#2052 = DIRECTION ( 'NONE',  ( 1.000000000000000000, 0.0000000000000000000, 0.0000000000000000000 ) ) ;
#2053 = EDGE_LOOP ( 'NONE', ( #277, #151, #2770, #1486 ) ) ;
#2054 = DIRECTION ( 'NONE',  ( -0.0000000000000000000, -1.000000000000000000, -4.818676322157797400E-016 ) ) ;
#2055 = EDGE_LOOP ( 'NONE', ( #1051, #2558, #1841, #869 ) ) ;
#2056 = PERSON_AND_ORGANIZATION ( #2595, #1024 ) ;
#2057 = AXIS2_PLACEMENT_3D ( 'NONE', #2151, #1865, #1575 ) ;
#2058 = CARTESIAN_POINT ( 'NONE',  ( 2.424800662311759000E-015, -5.400000000000000400, 14.49999999999999600 ) ) ;
#2059 = VERTEX_POINT ( 'NONE', #450 ) ;
#2060 = CALENDAR_DATE ( 2015, 4, 12 ) ;
#2061 = LINE ( 'NONE', #1773, #2226 ) ;
#2062 = ORIENTED_EDGE ( 'NONE', *, *, #2158, .F. ) ;
#2063 = VECTOR ( 'NONE', #1239, 1000.000000000000000 ) ;
#2064 = EDGE_LOOP ( 'NONE', ( #1836, #819, #18, #578 ) ) ;
#2065 = VERTEX_POINT ( 'NONE', #150 ) ;
#2066 = DIRECTION ( 'NONE',  ( -0.9417419115948374400, -8.708218562659058100E-017, 0.3363363969981562600 ) ) ;
#2067 = LINE ( 'NONE', #1781, #1249 ) ;
#2068 = CARTESIAN_POINT ( 'NONE',  ( 1.599999999999999400, -12.60005000000000100, -8.149999999999998600 ) ) ;
#2069 = AXIS2_PLACEMENT_3D ( 'NONE', #2678, #2385, #2092 ) ;
#2070 = CARTESIAN_POINT ( 'NONE',  ( 0.0000000000000000000, 1.950000000000000200, -1.000000000000000900 ) ) ;
#2071 = VERTEX_POINT ( 'NONE', #2724 ) ;
#2072 = FACE_OUTER_BOUND ( 'NONE', #2495, .T. ) ;
#2073 = AXIS2_PLACEMENT_3D ( 'NONE', #1085, #2785, #2490 ) ;
#2074 = LINE ( 'NONE', #1788, #1672 ) ;
#2075 = DIRECTION ( 'NONE',  ( -1.000000000000000000, 0.0000000000000000000, 0.0000000000000000000 ) ) ;
#2076 = VECTOR ( 'NONE', #2645, 1000.000000000000000 ) ;
#2077 = VECTOR ( 'NONE', #1157, 1000.000000000000000 ) ;
#2078 = LINE ( 'NONE', #1792, #1060 ) ;
#2079 = ORIENTED_EDGE ( 'NONE', *, *, #57, .F. ) ;
#2080 = EDGE_LOOP ( 'NONE', ( #364, #805, #888, #2291 ) ) ;
#2081 = AXIS2_PLACEMENT_3D ( 'NONE', #1351, #1046, #763 ) ;
#2082 = PLANE ( 'NONE',  #1278 ) ;
#2083 = DIRECTION ( 'NONE',  ( 1.314184451497581300E-016, -1.294569758191647200E-016, 1.000000000000000000 ) ) ;
#2084 = VECTOR ( 'NONE', #1045, 1000.000000000000000 ) ;
#2085 = LINE ( 'NONE', #1798, #15 ) ;
#2086 = LINE ( 'NONE', #1799, #1141 ) ;
#2087 = VECTOR ( 'NONE', #2355, 1000.000000000000000 ) ;
#2088 = LINE ( 'NONE', #1800, #2481 ) ;
#2089 = AXIS2_PLACEMENT_3D ( 'NONE', #39, #2594, #2307 ) ;
#2090 = ORIENTED_EDGE ( 'NONE', *, *, #2692, .F. ) ;
#2091 = LINE ( 'NONE', #1803, #365 ) ;
#2092 = DIRECTION ( 'NONE',  ( 0.0000000000000000000, 0.0000000000000000000, -1.000000000000000000 ) ) ;
#2093 = DIRECTION ( 'NONE',  ( -0.0000000000000000000, -0.0000000000000000000, 1.000000000000000000 ) ) ;
#2094 = EDGE_LOOP ( 'NONE', ( #2420, #2528, #428, #1601, #2537 ) ) ;
#2095 = EDGE_CURVE ( 'NONE', #2372, #430, #287, .T. ) ;
#2096 = DIRECTION ( 'NONE',  ( -1.000000000000000000, 0.0000000000000000000, 0.0000000000000000000 ) ) ;
#2097 = ORIENTED_EDGE ( 'NONE', *, *, #1031, .T. ) ;
#2098 = DIRECTION ( 'NONE',  ( 0.0000000000000000000, 0.0000000000000000000, -1.000000000000000000 ) ) ;
#2099 = CARTESIAN_POINT ( 'NONE',  ( 3.500000000000000000, -5.400000000000000400, -3.700000000000001100 ) ) ;
#2100 = EDGE_CURVE ( 'NONE', #1859, #1970, #1549, .T. ) ;
#2101 = CARTESIAN_POINT ( 'NONE',  ( -46.50000000000000000, -9.000000000000000000, -6.500000000000001800 ) ) ;
#2102 = EDGE_LOOP ( 'NONE', ( #2804, #2681 ) ) ;
#2103 = VECTOR ( 'NONE', #954, 1000.000000000000000 ) ;
#2104 = CARTESIAN_POINT ( 'NONE',  ( 0.5999999999999998700, 1.950000000000000200, -2.200000000000001100 ) ) ;
#2105 = ORIENTED_EDGE ( 'NONE', *, *, #392, .F. ) ;
#2106 = CARTESIAN_POINT ( 'NONE',  ( -1.599999999999998800, -12.60005000000000100, 10.84999999999999800 ) ) ;
#2107 = VERTEX_POINT ( 'NONE', #670 ) ;
#2108 = FACE_OUTER_BOUND ( 'NONE', #216, .T. ) ;
#2109 = CARTESIAN_POINT ( 'NONE',  ( 3.500000000000000000, -12.60000000000000300, 15.99999999999999600 ) ) ;
#2110 = ORIENTED_EDGE ( 'NONE', *, *, #82, .T. ) ;
#2111 = FACE_OUTER_BOUND ( 'NONE', #1843, .T. ) ;
#2112 = CARTESIAN_POINT ( 'NONE',  ( 3.500000000000000000, -12.60000000000000100, 9.699999999999999300 ) ) ;
#2113 = VERTEX_POINT ( 'NONE', #377 ) ;
#2114 = ORIENTED_EDGE ( 'NONE', *, *, #931, .T. ) ;
#2115 = CARTESIAN_POINT ( 'NONE',  ( -3.000000000000000000, -12.60000000000000100, 9.699999999999999300 ) ) ;
#2116 = DIRECTION ( 'NONE',  ( 0.0000000000000000000, 0.0000000000000000000, -1.000000000000000000 ) ) ;
#2117 = DIRECTION ( 'NONE',  ( -1.000000000000000000, -0.0000000000000000000, -0.0000000000000000000 ) ) ;
#2118 = ORIENTED_EDGE ( 'NONE', *, *, #1602, .F. ) ;
#2119 = CARTESIAN_POINT ( 'NONE',  ( -6.500000000000000900, -8.100000000000003200, 5.500000000000000000 ) ) ;
#2120 = ORIENTED_EDGE ( 'NONE', *, *, #1514, .T. ) ;
#2121 = APPLICATION_PROTOCOL_DEFINITION ( 'international standard', 'config_control_design', 1994, #2585 ) ;
#2122 = CARTESIAN_POINT ( 'NONE',  ( 3.000000000000000000, -5.400000000000000400, -3.700000000000001100 ) ) ;
#2123 = ORIENTED_EDGE ( 'NONE', *, *, #1551, .T. ) ;
#2124 = VECTOR ( 'NONE', #1589, 1000.000000000000000 ) ;
#2125 = DIRECTION ( 'NONE',  ( 1.355252715606878300E-016, 0.0000000000000000000, 1.000000000000000000 ) ) ;
#2126 = ORIENTED_EDGE ( 'NONE', *, *, #2715, .F. ) ;
#2127 = ORIENTED_EDGE ( 'NONE', *, *, #817, .F. ) ;
#2128 = DIRECTION ( 'NONE',  ( 0.0000000000000000000, -0.0000000000000000000, -1.000000000000000000 ) ) ;
#2129 = APPROVAL_PERSON_ORGANIZATION ( #162, #1160, #2433 ) ;
#2130 = AXIS2_PLACEMENT_3D ( 'NONE', #2729, #2423, #2128 ) ;
#2131 = CARTESIAN_POINT ( 'NONE',  ( -56.50000000000000000, -10.60000000000000300, 1.949999999999987300 ) ) ;
#2132 = LINE ( 'NONE', #1849, #2669 ) ;
#2133 = CARTESIAN_POINT ( 'NONE',  ( 3.500000000000000000, -12.60000000000000000, -10.00000000000000200 ) ) ;
#2134 = ORIENTED_EDGE ( 'NONE', *, *, #1501, .F. ) ;
#2135 = DATE_AND_TIME ( #2287, #1608 ) ;
#2136 = EDGE_CURVE ( 'NONE', #667, #1774, #1840, .T. ) ;
#2137 = DIRECTION ( 'NONE',  ( -1.000000000000000000, -0.0000000000000000000, -0.0000000000000000000 ) ) ;
#2138 = VECTOR ( 'NONE', #1284, 1000.000000000000000 ) ;
#2139 = PLANE ( 'NONE',  #376 ) ;
#2140 = DIRECTION ( 'NONE',  ( 0.0000000000000000000, 0.0000000000000000000, -1.000000000000000000 ) ) ;
#2141 = ORIENTED_EDGE ( 'NONE', *, *, #393, .F. ) ;
#2142 = VECTOR ( 'NONE', #431, 1000.000000000000000 ) ;
#2143 = VECTOR ( 'NONE', #1392, 1000.000000000000000 ) ;
#2144 = EDGE_CURVE ( 'NONE', #1435, #790, #2061, .T. ) ;
#2145 = EDGE_CURVE ( 'NONE', #2712, #1492, #1188, .T. ) ;
#2146 = ORIENTED_EDGE ( 'NONE', *, *, #2703, .T. ) ;
#2147 = AXIS2_PLACEMENT_3D ( 'NONE', #316, #16, #2573 ) ;
#2148 = DIRECTION ( 'NONE',  ( 1.000000000000000000, 0.0000000000000000000, 0.0000000000000000000 ) ) ;
#2149 = CARTESIAN_POINT ( 'NONE',  ( 3.500000000000000000, -9.000000000000000000, -4.900000000000001200 ) ) ;
#2150 = FACE_OUTER_BOUND ( 'NONE', #2844, .T. ) ;
#2151 = CARTESIAN_POINT ( 'NONE',  ( 3.500000000000000000, -9.000000000000000000, -6.500000000000001800 ) ) ;
#2152 = CARTESIAN_POINT ( 'NONE',  ( 1.599999999999997200, -9.000000000000000000, -4.900000000000001200 ) ) ;
#2153 = CYLINDRICAL_SURFACE ( 'NONE', #2451, 1.599999999999999000 ) ;
#2154 = ADVANCED_FACE ( 'NONE', ( #1860, #2367 ), #2346, .F. ) ;
#2155 = DIRECTION ( 'NONE',  ( 1.000000000000000000, 0.0000000000000000000, -1.314184451497581500E-016 ) ) ;
#2156 = VERTEX_POINT ( 'NONE', #2289 ) ;
#2157 = CARTESIAN_POINT ( 'NONE',  ( 0.3999999999999999700, 0.6000000000000015300, 6.100000000000000500 ) ) ;
#2158 = EDGE_CURVE ( 'NONE', #153, #128, #1988, .T. ) ;
#2159 = CARTESIAN_POINT ( 'NONE',  ( 0.0000000000000000000, -12.60000000000000000, -4.499999999999999100 ) ) ;
#2160 = VECTOR ( 'NONE', #1746, 1000.000000000000000 ) ;
#2161 = FACE_OUTER_BOUND ( 'NONE', #941, .T. ) ;
#2162 = FACE_OUTER_BOUND ( 'NONE', #1895, .T. ) ;
#2163 = ADVANCED_FACE ( 'NONE', ( #2588 ), #2000, .F. ) ;
#2164 = EDGE_CURVE ( 'NONE', #128, #1435, #242, .T. ) ;
#2165 = CARTESIAN_POINT ( 'NONE',  ( -46.50000000000000000, -9.000000000000000000, -8.100000000000001400 ) ) ;
#2166 = ORIENTED_EDGE ( 'NONE', *, *, #1064, .F. ) ;
#2167 = ORIENTED_EDGE ( 'NONE', *, *, #1514, .F. ) ;
#2168 = VECTOR ( 'NONE', #2706, 1000.000000000000000 ) ;
#2169 = ADVANCED_FACE ( 'NONE', ( #109 ), #2215, .F. ) ;
#2170 = DIRECTION ( 'NONE',  ( 0.0000000000000000000, 1.000000000000000000, 2.409338161078898700E-016 ) ) ;
#2171 = DIRECTION ( 'NONE',  ( 0.0000000000000000000, 0.0000000000000000000, -1.000000000000000000 ) ) ;
#2172 = EDGE_CURVE ( 'NONE', #2509, #1529, #730, .T. ) ;
#2173 = VECTOR ( 'NONE', #1081, 1000.000000000000000 ) ;
#2174 = DIRECTION ( 'NONE',  ( -0.0000000000000000000, 1.000000000000000000, -0.0000000000000000000 ) ) ;
#2175 = VERTEX_POINT ( 'NONE', #2738 ) ;
#2176 = LINE ( 'NONE', #1882, #973 ) ;
#2177 = ORIENTED_EDGE ( 'NONE', *, *, #629, .T. ) ;
#2178 = CARTESIAN_POINT ( 'NONE',  ( 0.3999999999999989700, 2.000000000000000000, 7.399999999999997700 ) ) ;
#2179 = EDGE_LOOP ( 'NONE', ( #2284, #2856 ) ) ;
#2180 = FACE_BOUND ( 'NONE', #2267, .T. ) ;
#2181 = CARTESIAN_POINT ( 'NONE',  ( -5.000000000000000000, -12.60000000000000000, 0.4999999999999988300 ) ) ;
#2182 = ORIENTED_EDGE ( 'NONE', *, *, #1616, .T. ) ;
#2183 = CARTESIAN_POINT ( 'NONE',  ( -3.000000000000000000, -8.100000000000003200, 9.700000000000001100 ) ) ;
#2184 = ORIENTED_EDGE ( 'NONE', *, *, #1285, .F. ) ;
#2185 = FACE_OUTER_BOUND ( 'NONE', #686, .T. ) ;
#2186 = ORIENTED_EDGE ( 'NONE', *, *, #458, .T. ) ;
#2187 = VECTOR ( 'NONE', #548, 1000.000000000000000 ) ;
#2188 = ORIENTED_EDGE ( 'NONE', *, *, #2276, .T. ) ;
#2189 = DIRECTION ( 'NONE',  ( 9.035018104045870700E-017, -1.000000000000000000, 0.0000000000000000000 ) ) ;
#2190 = DIRECTION ( 'NONE',  ( 1.000000000000000000, -0.0000000000000000000, -0.0000000000000000000 ) ) ;
#2191 = ADVANCED_FACE ( 'NONE', ( #554 ), #167, .F. ) ;
#2192 = DIRECTION ( 'NONE',  ( -0.0000000000000000000, 0.0000000000000000000, 1.000000000000000000 ) ) ;
#2193 = ORIENTED_EDGE ( 'NONE', *, *, #1293, .T. ) ;
#2194 = PLANE ( 'NONE',  #2443 ) ;
#2195 = EDGE_LOOP ( 'NONE', ( #2300, #1554, #345, #1073 ) ) ;
#2196 = EDGE_CURVE ( 'NONE', #318, #1043, #1569, .T. ) ;
#2197 = CARTESIAN_POINT ( 'NONE',  ( 0.3999999999999999700, 0.6000000000000015300, 6.100000000000000500 ) ) ;
#2198 = ORIENTED_EDGE ( 'NONE', *, *, #1767, .F. ) ;
#2199 = DIRECTION ( 'NONE',  ( -0.0000000000000000000, 1.000000000000000000, -0.0000000000000000000 ) ) ;
#2200 = ORIENTED_EDGE ( 'NONE', *, *, #2042, .F. ) ;
#2201 = VERTEX_POINT ( 'NONE', #394 ) ;
#2202 = EDGE_CURVE ( 'NONE', #481, #2698, #1610, .T. ) ;
#2203 = DIRECTION ( 'NONE',  ( 0.7071067811865511300, -0.7071067811865440200, -0.0000000000000000000 ) ) ;
#2204 = EDGE_CURVE ( 'NONE', #2637, #1839, #2078, .T. ) ;
#2205 = DIRECTION ( 'NONE',  ( 0.0000000000000000000, 0.0000000000000000000, -1.000000000000000000 ) ) ;
#2206 = DIRECTION ( 'NONE',  ( 0.0000000000000000000, 0.0000000000000000000, -1.000000000000000000 ) ) ;
#2207 = COORDINATED_UNIVERSAL_TIME_OFFSET ( 9, 0, .AHEAD. ) ;
#2208 = VECTOR ( 'NONE', #367, 1000.000000000000000 ) ;
#2209 = CARTESIAN_POINT ( 'NONE',  ( 0.0000000000000000000, -12.60000000000000000, -6.899999999999999500 ) ) ;
#2210 = EDGE_LOOP ( 'NONE', ( #503, #2105, #1377, #2317 ) ) ;
#2211 = EDGE_CURVE ( 'NONE', #2471, #1516, #1202, .T. ) ;
#2212 = PERSON_AND_ORGANIZATION ( #2595, #1024 ) ;
#2213 = EDGE_CURVE ( 'NONE', #487, #2825, #328, .T. ) ;
#2214 = DIRECTION ( 'NONE',  ( -1.000000000000000000, -0.0000000000000000000, -0.0000000000000000000 ) ) ;
#2215 = PLANE ( 'NONE',  #258 ) ;
#2216 = ORIENTED_EDGE ( 'NONE', *, *, #2276, .F. ) ;
#2217 = FACE_OUTER_BOUND ( 'NONE', #787, .T. ) ;
#2218 = EDGE_CURVE ( 'NONE', #1917, #2561, #2303, .T. ) ;
#2219 = EDGE_CURVE ( 'NONE', #1764, #1972, #1432, .T. ) ;
#2220 = ORIENTED_EDGE ( 'NONE', *, *, #1055, .T. ) ;
#2221 = DIRECTION ( 'NONE',  ( -0.0000000000000000000, 1.000000000000000000, 1.294569758191647200E-016 ) ) ;
#2222 = DIRECTION ( 'NONE',  ( 0.0000000000000000000, 0.0000000000000000000, -1.000000000000000000 ) ) ;
#2223 = FACE_OUTER_BOUND ( 'NONE', #192, .T. ) ;
#2224 = DIRECTION ( 'NONE',  ( -0.0000000000000000000, -0.0000000000000000000, 1.000000000000000000 ) ) ;
#2225 = CARTESIAN_POINT ( 'NONE',  ( 0.3999999999999999700, 0.5999999999999999800, 0.0000000000000000000 ) ) ;
#2226 = VECTOR ( 'NONE', #1482, 1000.000000000000100 ) ;
#2227 = FACE_BOUND ( 'NONE', #119, .T. ) ;
#2228 = VECTOR ( 'NONE', #282, 1000.000000000000000 ) ;
#2229 = ADVANCED_FACE ( 'NONE', ( #404 ), #2365, .F. ) ;
#2230 = LINE ( 'NONE', #1931, #2532 ) ;
#2231 = ORIENTED_EDGE ( 'NONE', *, *, #1919, .T. ) ;
#2232 = AXIS2_PLACEMENT_3D ( 'NONE', #1863, #1574, #1274 ) ;
#2233 = DIRECTION ( 'NONE',  ( -1.000000000000000000, 0.0000000000000000000, 0.0000000000000000000 ) ) ;
#2234 = LINE ( 'NONE', #1934, #1700 ) ;
#2235 = DIRECTION ( 'NONE',  ( 1.000000000000000000, -0.0000000000000000000, -0.0000000000000000000 ) ) ;
#2236 = ORIENTED_EDGE ( 'NONE', *, *, #14, .F. ) ;
#2237 = FACE_OUTER_BOUND ( 'NONE', #2623, .T. ) ;
#2238 = EDGE_LOOP ( 'NONE', ( #73, #2216, #1086, #2097 ) ) ;
#2239 = CARTESIAN_POINT ( 'NONE',  ( 3.000000000000000000, 2.000000000000000000, 0.0000000000000000000 ) ) ;
#2240 = DIRECTION ( 'NONE',  ( 0.0000000000000000000, 0.0000000000000000000, -1.000000000000000000 ) ) ;
#2241 = DIRECTION ( 'NONE',  ( -0.9417419115948374400, 8.708218562659058100E-017, -0.3363363969981562600 ) ) ;
#2242 = CARTESIAN_POINT ( 'NONE',  ( -0.9987492177719070600, -12.60000000000000100, 14.14999999999999700 ) ) ;
#2243 = ADVANCED_FACE ( 'NONE', ( #2516 ), #1805, .F. ) ;
#2244 = EDGE_CURVE ( 'NONE', #17, #2613, #1652, .T. ) ;
#2245 = EDGE_CURVE ( 'NONE', #1939, #2524, #486, .T. ) ;
#2246 = ORIENTED_EDGE ( 'NONE', *, *, #2353, .F. ) ;
#2247 = CARTESIAN_POINT ( 'NONE',  ( -3.500000000000000000, -12.60000000000000000, -10.00000000000000200 ) ) ;
#2248 = CARTESIAN_POINT ( 'NONE',  ( -0.4000000000000010200, 2.000000000000000000, 7.399999999999997700 ) ) ;
#2249 = VERTEX_POINT ( 'NONE', #2457 ) ;
#2250 = VECTOR ( 'NONE', #1296, 1000.000000000000000 ) ;
#2251 = LINE ( 'NONE', #1954, #1563 ) ;
#2252 = ORIENTED_EDGE ( 'NONE', *, *, #241, .T. ) ;
#2253 = EDGE_CURVE ( 'NONE', #1695, #2107, #773, .T. ) ;
#2254 = CIRCLE ( 'NONE', #2057, 1.599999999999999900 ) ;
#2255 = CARTESIAN_POINT ( 'NONE',  ( -1.599999999999999000, -12.60000000000000100, 10.84999999999999800 ) ) ;
#2256 = ORIENTED_EDGE ( 'NONE', *, *, #2386, .F. ) ;
#2257 = VECTOR ( 'NONE', #370, 1000.000000000000000 ) ;
#2258 = CC_DESIGN_PERSON_AND_ORGANIZATION_ASSIGNMENT ( #2212, #1912, ( #1548 ) ) ;
#2259 = CARTESIAN_POINT ( 'NONE',  ( -0.4000000000000000800, 0.6000000000000015300, 6.000000000000000000 ) ) ;
#2260 = DIRECTION ( 'NONE',  ( 0.0000000000000000000, 6.023345402697246700E-017, -1.000000000000000000 ) ) ;
#2261 = EDGE_CURVE ( 'NONE', #489, #199, #1287, .T. ) ;
#2262 = CIRCLE ( 'NONE', #2442, 1.599999999999999900 ) ;
#2263 = CARTESIAN_POINT ( 'NONE',  ( 3.500000000000000000, -5.400000000000002100, 9.700000000000001100 ) ) ;
#2264 = FACE_BOUND ( 'NONE', #893, .T. ) ;
#2265 = ORIENTED_EDGE ( 'NONE', *, *, #1928, .T. ) ;
#2266 = CARTESIAN_POINT ( 'NONE',  ( -5.000000000000000000, -8.099999999999999600, 0.5000000000000000000 ) ) ;
#2267 = EDGE_LOOP ( 'NONE', ( #1891, #1639, #396, #798, #1519, #2674, #2062 ) ) ;
#2268 = DIRECTION ( 'NONE',  ( 0.0000000000000000000, 1.000000000000000000, 2.409338161078898700E-016 ) ) ;
#2269 = EDGE_LOOP ( 'NONE', ( #1633, #261, #1015, #435, #2618, #1793, #1611, #2625, #436, #1232 ) ) ;
#2270 = EDGE_CURVE ( 'NONE', #2798, #38, #1164, .T. ) ;
#2271 = APPROVAL ( #886, 'UNSPECIFIED' ) ;
#2272 = CARTESIAN_POINT ( 'NONE',  ( -46.50000000000000000, -9.000000000000001800, 14.10000000000000000 ) ) ;
#2273 = ORIENTED_EDGE ( 'NONE', *, *, #608, .T. ) ;
#2274 = DIRECTION ( 'NONE',  ( 1.000000000000000000, 0.0000000000000000000, 0.0000000000000000000 ) ) ;
#2275 = ORIENTED_EDGE ( 'NONE', *, *, #1130, .T. ) ;
#2276 = EDGE_CURVE ( 'NONE', #2574, #1460, #2680, .T. ) ;
#2277 = ORIENTED_EDGE ( 'NONE', *, *, #938, .T. ) ;
#2278 = DIRECTION ( 'NONE',  ( 1.000000000000000000, -0.0000000000000000000, -0.0000000000000000000 ) ) ;
#2279 = LINE ( 'NONE', #1976, #1453 ) ;
#2280 = CARTESIAN_POINT ( 'NONE',  ( 3.000000000000000000, 2.000000000000000000, 9.699999999999999300 ) ) ;
#2281 = CARTESIAN_POINT ( 'NONE',  ( 0.4000000000000000800, 1.950000000000000200, -2.200000000000001100 ) ) ;
#2282 = VECTOR ( 'NONE', #121, 1000.000000000000000 ) ;
#2283 = DIRECTION ( 'NONE',  ( 0.0000000000000000000, 0.0000000000000000000, 1.000000000000000000 ) ) ;
#2284 = ORIENTED_EDGE ( 'NONE', *, *, #695, .F. ) ;
#2285 = PERSON_AND_ORGANIZATION_ROLE ( 'creator' ) ;
#2286 = FACE_OUTER_BOUND ( 'NONE', #1787, .T. ) ;
#2287 = CALENDAR_DATE ( 2015, 4, 12 ) ;
#2288 = DIRECTION ( 'NONE',  ( -0.0000000000000000000, -0.0000000000000000000, 1.000000000000000000 ) ) ;
#2289 = CARTESIAN_POINT ( 'NONE',  ( -1.600000000000004100, -9.000000000000000000, -4.900000000000001200 ) ) ;
#2290 = ORIENTED_EDGE ( 'NONE', *, *, #827, .T. ) ;
#2291 = ORIENTED_EDGE ( 'NONE', *, *, #11, .T. ) ;
#2292 = DIRECTION ( 'NONE',  ( -0.0000000000000000000, 1.000000000000000000, 8.911250732757571300E-017 ) ) ;
#2293 = DIRECTION ( 'NONE',  ( 0.0000000000000000000, 0.0000000000000000000, -1.000000000000000000 ) ) ;
#2294 = AXIS2_PLACEMENT_3D ( 'NONE', #702, #412, #116 ) ;
#2295 = LINE ( 'NONE', #1995, #1625 ) ;
#2296 = DIRECTION ( 'NONE',  ( 0.4472135954999577600, 0.0000000000000000000, -0.8944271909999159700 ) ) ;
#2297 = CARTESIAN_POINT ( 'NONE',  ( 0.3999999999999999700, 0.6000000000000015300, 6.000000000000000000 ) ) ;
#2298 = AXIS2_PLACEMENT_3D ( 'NONE', #2109, #1824, #1530 ) ;
#2299 = AXIS2_PLACEMENT_3D ( 'NONE', #740, #444, #146 ) ;
#2300 = ORIENTED_EDGE ( 'NONE', *, *, #711, .F. ) ;
#2301 = DIRECTION ( 'NONE',  ( 1.000000000000000000, -4.491441101649337300E-032, 1.734723475976807100E-016 ) ) ;
#2302 = CARTESIAN_POINT ( 'NONE',  ( 3.500000000000000000, -12.60000000000000000, -3.700000000000001500 ) ) ;
#2303 = LINE ( 'NONE', #2007, #1442 ) ;
#2304 = ORIENTED_EDGE ( 'NONE', *, *, #399, .T. ) ;
#2305 = CYLINDRICAL_SURFACE ( 'NONE', #2232, 1.599999999999999900 ) ;
#2306 = ORIENTED_EDGE ( 'NONE', *, *, #718, .F. ) ;
#2307 = DIRECTION ( 'NONE',  ( 0.0000000000000000000, 0.0000000000000000000, 1.000000000000000000 ) ) ;
#2308 = CARTESIAN_POINT ( 'NONE',  ( -0.4000000000000010200, 1.950000000000000200, 6.999999999999997300 ) ) ;
#2309 = LINE ( 'NONE', #1138, #537 ) ;
#2310 = DIRECTION ( 'NONE',  ( 1.000000000000000000, 0.0000000000000000000, 0.0000000000000000000 ) ) ;
#2311 = DIRECTION ( 'NONE',  ( 0.0000000000000000000, -1.000000000000000000, -2.589139516383293800E-016 ) ) ;
#2312 = ORIENTED_EDGE ( 'NONE', *, *, #1509, .T. ) ;
#2313 = CARTESIAN_POINT ( 'NONE',  ( -3.000000000000000000, -5.400000000000000400, -3.700000000000001100 ) ) ;
#2314 = CARTESIAN_POINT ( 'NONE',  ( -3.500000000000003100, -9.000000000000000000, -8.100000000000001400 ) ) ;
#2315 = VERTEX_POINT ( 'NONE', #1806 ) ;
#2316 = CARTESIAN_POINT ( 'NONE',  ( -56.50000000000000000, -10.60000000000000300, 3.199999999999986900 ) ) ;
#2317 = ORIENTED_EDGE ( 'NONE', *, *, #2042, .T. ) ;
#2318 = EDGE_CURVE ( 'NONE', #2574, #1187, #1515, .T. ) ;
#2319 = CARTESIAN_POINT ( 'NONE',  ( 2.500000000000000900, -7.399999999999999500, 0.0000000000000000000 ) ) ;
#2320 = ORIENTED_EDGE ( 'NONE', *, *, #2425, .T. ) ;
#2321 = CARTESIAN_POINT ( 'NONE',  ( -1.600000000000001000, -5.400000000000000400, -8.149999999999998600 ) ) ;
#2322 = LINE ( 'NONE', #2029, #2160 ) ;
#2323 = CARTESIAN_POINT ( 'NONE',  ( 0.3999999999999990200, 1.950000000000000200, 6.999999999999997300 ) ) ;
#2324 = ORIENTED_EDGE ( 'NONE', *, *, #2244, .F. ) ;
#2325 = LINE ( 'NONE', #2037, #1705 ) ;
#2326 = AXIS2_PLACEMENT_3D ( 'NONE', #918, #626, #338 ) ;
#2327 = ORIENTED_EDGE ( 'NONE', *, *, #1913, .T. ) ;
#2328 = DIRECTION ( 'NONE',  ( 1.000000000000000000, 0.0000000000000000000, 0.0000000000000000000 ) ) ;
#2329 = ORIENTED_EDGE ( 'NONE', *, *, #1542, .T. ) ;
#2330 = AXIS2_PLACEMENT_3D ( 'NONE', #2520, #2233, #1933 ) ;
#2331 = DIRECTION ( 'NONE',  ( 0.0000000000000000000, -2.409338161078898700E-016, 1.000000000000000000 ) ) ;
#2332 = VERTEX_POINT ( 'NONE', #634 ) ;
#2333 = PLANE ( 'NONE',  #820 ) ;
#2334 = ORIENTED_EDGE ( 'NONE', *, *, #1397, .T. ) ;
#2335 = ORIENTED_EDGE ( 'NONE', *, *, #567, .T. ) ;
#2336 = CARTESIAN_POINT ( 'NONE',  ( -0.5999999999999992000, 1.950000000000000200, 7.399999999999997700 ) ) ;
#2337 = CARTESIAN_POINT ( 'NONE',  ( 3.500000000000000000, -12.60000000000000300, 15.99999999999999600 ) ) ;
#2338 = CARTESIAN_POINT ( 'NONE',  ( 3.000000000000000000, -12.60000000000000000, -4.849999999999999600 ) ) ;
#2339 = ORIENTED_EDGE ( 'NONE', *, *, #2721, .T. ) ;
#2340 = CARTESIAN_POINT ( 'NONE',  ( 3.500000000000000000, -12.60000000000000300, 15.99999999999999600 ) ) ;
#2341 = ORIENTED_EDGE ( 'NONE', *, *, #1919, .F. ) ;
#2342 = MECHANICAL_CONTEXT ( 'NONE', #2585, 'mechanical' ) ;
#2343 = DIRECTION ( 'NONE',  ( 0.0000000000000000000, 2.797941090285172600E-016, 1.000000000000000000 ) ) ;
#2344 = ORIENTED_EDGE ( 'NONE', *, *, #2434, .F. ) ;
#2345 = VECTOR ( 'NONE', #2448, 1000.000000000000000 ) ;
#2346 = PLANE ( 'NONE',  #2147 ) ;
#2347 = ORIENTED_EDGE ( 'NONE', *, *, #2048, .F. ) ;
#2348 = CC_DESIGN_APPROVAL ( #1160, ( #1906 ) ) ;
#2349 = ORIENTED_EDGE ( 'NONE', *, *, #1929, .T. ) ;
#2350 = AXIS2_PLACEMENT_3D ( 'NONE', #80, #1761, #1470 ) ;
#2351 = ORIENTED_EDGE ( 'NONE', *, *, #512, .T. ) ;
#2352 = CARTESIAN_POINT ( 'NONE',  ( -3.500000000000000000, -8.100000000000003200, 9.700000000000001100 ) ) ;
#2353 = EDGE_CURVE ( 'NONE', #2841, #1764, #344, .T. ) ;
#2354 = PLANE ( 'NONE',  #1098 ) ;
#2355 = DIRECTION ( 'NONE',  ( 0.0000000000000000000, 1.000000000000000000, 0.0000000000000000000 ) ) ;
#2356 = CARTESIAN_POINT ( 'NONE',  ( 3.500000000000000000, -12.60000000000000300, 15.99999999999999600 ) ) ;
#2357 = FACE_OUTER_BOUND ( 'NONE', #2663, .T. ) ;
#2358 = ORIENTED_EDGE ( 'NONE', *, *, #1718, .T. ) ;
#2359 = ADVANCED_FACE ( 'NONE', ( #601 ), #895, .T. ) ;
#2360 = EDGE_CURVE ( 'NONE', #1187, #274, #1451, .T. ) ;
#2361 = PLANE ( 'NONE',  #2330 ) ;
#2362 = CARTESIAN_POINT ( 'NONE',  ( 0.4000000000000001300, -0.5999999999999983100, 6.100000000000000500 ) ) ;
#2363 = AXIS2_PLACEMENT_3D ( 'NONE', #944, #647, #358 ) ;
#2364 = VECTOR ( 'NONE', #218, 1000.000000000000000 ) ;
#2365 = PLANE ( 'NONE',  #1587 ) ;
#2366 = ORIENTED_EDGE ( 'NONE', *, *, #2465, .F. ) ;
#2367 = FACE_OUTER_BOUND ( 'NONE', #642, .T. ) ;
#2368 = VECTOR ( 'NONE', #604, 1000.000000000000000 ) ;
#2369 = VECTOR ( 'NONE', #1959, 1000.000000000000000 ) ;
#2370 = EDGE_CURVE ( 'NONE', #2332, #2561, #276, .T. ) ;
#2371 = EDGE_CURVE ( 'NONE', #1887, #1419, #2251, .T. ) ;
#2372 = VERTEX_POINT ( 'NONE', #1380 ) ;
#2373 = DIRECTION ( 'NONE',  ( -0.0000000000000000000, 1.000000000000000000, -0.0000000000000000000 ) ) ;
#2374 = CARTESIAN_POINT ( 'NONE',  ( -1.599999999999999900, -12.60000000000000000, -3.700000000000001100 ) ) ;
#2375 = FACE_OUTER_BOUND ( 'NONE', #366, .T. ) ;
#2376 = ADVANCED_FACE ( 'NONE', ( #972 ), #568, .F. ) ;
#2377 = DIRECTION ( 'NONE',  ( 0.7071067811865511300, 0.7071067811865440200, 0.0000000000000000000 ) ) ;
#2378 = DIRECTION ( 'NONE',  ( 0.0000000000000000000, 0.0000000000000000000, -1.000000000000000000 ) ) ;
#2379 = EDGE_CURVE ( 'NONE', #1948, #1534, #204, .T. ) ;
#2380 = DIRECTION ( 'NONE',  ( -1.000000000000000000, 0.0000000000000000000, -0.0000000000000000000 ) ) ;
#2381 = ORIENTED_EDGE ( 'NONE', *, *, #2196, .F. ) ;
#2382 = AXIS2_PLACEMENT_3D ( 'NONE', #2546, #2260, #1960 ) ;
#2383 = DIRECTION ( 'NONE',  ( -0.0000000000000000000, 1.000000000000000000, -0.0000000000000000000 ) ) ;
#2384 = EDGE_CURVE ( 'NONE', #1118, #2477, #1886, .T. ) ;
#2385 = DIRECTION ( 'NONE',  ( 1.000000000000000000, 0.0000000000000000000, 0.0000000000000000000 ) ) ;
#2386 = EDGE_CURVE ( 'NONE', #1678, #1967, #1007, .T. ) ;
#2387 = CARTESIAN_POINT ( 'NONE',  ( -0.4000000000000000800, 0.5999999999999999800, -0.1000000000000000100 ) ) ;
#2388 = VERTEX_POINT ( 'NONE', #134 ) ;
#2389 = VECTOR ( 'NONE', #2812, 1000.000000000000000 ) ;
#2390 = CARTESIAN_POINT ( 'NONE',  ( 0.4000000000000001300, -0.5999999999999983100, 6.000000000000000000 ) ) ;
#2391 = ORIENTED_EDGE ( 'NONE', *, *, #1277, .T. ) ;
#2392 = DIRECTION ( 'NONE',  ( -1.000000000000000000, -0.0000000000000000000, 6.570922257487906300E-017 ) ) ;
#2393 = CARTESIAN_POINT ( 'NONE',  ( 0.9987492177719076200, -12.60000000000000100, 14.14999999999999900 ) ) ;
#2394 = DIRECTION ( 'NONE',  ( -1.000000000000000000, -0.0000000000000000000, -0.0000000000000000000 ) ) ;
#2395 = ORIENTED_EDGE ( 'NONE', *, *, #1293, .F. ) ;
#2396 = CARTESIAN_POINT ( 'NONE',  ( -2.500000000000000000, -6.700000000000001100, 0.0000000000000000000 ) ) ;
#2397 = ORIENTED_EDGE ( 'NONE', *, *, #1535, .F. ) ;
#2398 = PLANE ( 'NONE',  #2740 ) ;
#2399 = ORIENTED_EDGE ( 'NONE', *, *, #1345, .F. ) ;
#2400 = AXIS2_PLACEMENT_3D ( 'NONE', #2501, #2205, #1907 ) ;
#2401 = PLANE ( 'NONE',  #2298 ) ;
#2402 = ORIENTED_EDGE ( 'NONE', *, *, #2592, .T. ) ;
#2403 = CYLINDRICAL_SURFACE ( 'NONE', #1243, 1.599999999999999900 ) ;
#2404 = LINE ( 'NONE', #2112, #536 ) ;
#2405 = VERTEX_POINT ( 'NONE', #2181 ) ;
#2406 = ORIENTED_EDGE ( 'NONE', *, *, #1360, .T. ) ;
#2407 = VERTEX_POINT ( 'NONE', #2701 ) ;
#2408 = MANIFOLD_SOLID_BREP ( '∂Øƒ - âüÇµèoÇµ6', #208 ) ;
#2409 = LINE ( 'NONE', #2115, #1909 ) ;
#2410 = CARTESIAN_POINT ( 'NONE',  ( -0.4000000000000010200, 1.950000000000000200, 6.999999999999997300 ) ) ;
#2411 = ADVANCED_FACE ( 'NONE', ( #754, #2072 ), #2401, .F. ) ;
#2412 = CARTESIAN_POINT ( 'NONE',  ( 0.9987492177719098400, -5.400000000000000400, -8.149999999999998600 ) ) ;
#2413 = EDGE_LOOP ( 'NONE', ( #2773, #1483, #2327, #1365 ) ) ;
#2414 = CARTESIAN_POINT ( 'NONE',  ( 0.4000000000000001300, -0.5999999999999999800, 0.0000000000000000000 ) ) ;
#2415 = ORIENTED_EDGE ( 'NONE', *, *, #1520, .F. ) ;
#2416 = ADVANCED_FACE ( 'NONE', ( #1036 ), #1233, .F. ) ;
#2417 = PLANE ( 'NONE',  #698 ) ;
#2418 = EDGE_LOOP ( 'NONE', ( #862, #723, #291, #995 ) ) ;
#2419 = DIRECTION ( 'NONE',  ( 1.000000000000000000, -0.0000000000000000000, -1.314184451497581500E-016 ) ) ;
#2420 = ORIENTED_EDGE ( 'NONE', *, *, #2006, .F. ) ;
#2421 = ORIENTED_EDGE ( 'NONE', *, *, #1, .F. ) ;
#2422 = ADVANCED_FACE ( 'NONE', ( #2223 ), #72, .F. ) ;
#2423 = DIRECTION ( 'NONE',  ( 0.0000000000000000000, -1.000000000000000000, 0.0000000000000000000 ) ) ;
#2424 = AXIS2_PLACEMENT_3D ( 'NONE', #110, #2670, #2377 ) ;
#2425 = EDGE_CURVE ( 'NONE', #1418, #13, #1755, .T. ) ;
#2426 = CC_DESIGN_SECURITY_CLASSIFICATION ( #1906, ( #1548 ) ) ;
#2427 = LINE ( 'NONE', #2131, #43 ) ;
#2428 = CARTESIAN_POINT ( 'NONE',  ( 0.3999999999999990200, 2.000000000000000000, 6.999999999999997300 ) ) ;
#2429 = VECTOR ( 'NONE', #2050, 1000.000000000000000 ) ;
#2430 = CARTESIAN_POINT ( 'NONE',  ( -3.000000000000000000, -7.400000000000000400, 0.0000000000000000000 ) ) ;
#2431 = ORIENTED_EDGE ( 'NONE', *, *, #914, .F. ) ;
#2432 = EDGE_CURVE ( 'NONE', #1419, #1989, #2262, .T. ) ;
#2433 = APPROVAL_ROLE ( '' ) ;
#2434 = EDGE_CURVE ( 'NONE', #1281, #1151, #2556, .T. ) ;
#2435 = CARTESIAN_POINT ( 'NONE',  ( 3.500000000000000000, -5.400000000000000400, -10.00000000000000200 ) ) ;
#2436 = DIRECTION ( 'NONE',  ( 0.0000000000000000000, 0.0000000000000000000, 1.000000000000000000 ) ) ;
#2437 = AXIS2_PLACEMENT_3D ( 'NONE', #1512, #1215, #922 ) ;
#2438 = CARTESIAN_POINT ( 'NONE',  ( 0.9987492177719098400, -12.60005000000000100, -8.149999999999998600 ) ) ;
#2439 = ORIENTED_EDGE ( 'NONE', *, *, #1929, .F. ) ;
#2440 = EDGE_CURVE ( 'NONE', #2788, #161, #1681, .T. ) ;
#2441 = VERTEX_POINT ( 'NONE', #800 ) ;
#2442 = AXIS2_PLACEMENT_3D ( 'NONE', #872, #582, #295 ) ;
#2443 = AXIS2_PLACEMENT_3D ( 'NONE', #1617, #1315, #1017 ) ;
#2444 = DIRECTION ( 'NONE',  ( -1.000000000000000000, -0.0000000000000000000, -0.0000000000000000000 ) ) ;
#2445 = DIRECTION ( 'NONE',  ( 0.0000000000000000000, -2.797941090285172600E-016, -1.000000000000000000 ) ) ;
#2446 = VECTOR ( 'NONE', #599, 1000.000000000000100 ) ;
#2447 = VECTOR ( 'NONE', #246, 1000.000000000000000 ) ;
#2448 = DIRECTION ( 'NONE',  ( 0.0000000000000000000, 1.000000000000000000, 0.0000000000000000000 ) ) ;
#2449 = CARTESIAN_POINT ( 'NONE',  ( -6.499999999999999100, -10.60000000000000300, 3.199999999999995300 ) ) ;
#2450 = EDGE_CURVE ( 'NONE', #1599, #2525, #519, .T. ) ;
#2451 = AXIS2_PLACEMENT_3D ( 'NONE', #1797, #619, #335 ) ;
#2452 = CARTESIAN_POINT ( 'NONE',  ( 1.600000000000001900, -12.60005000000000100, 14.14999999999999700 ) ) ;
#2453 = ORIENTED_EDGE ( 'NONE', *, *, #1371, .T. ) ;
#2454 = PLANE ( 'NONE',  #2551 ) ;
#2455 = DIRECTION ( 'NONE',  ( 0.0000000000000000000, 1.000000000000000000, 6.023345402697246700E-017 ) ) ;
#2456 = VECTOR ( 'NONE', #865, 1000.000000000000000 ) ;
#2457 = CARTESIAN_POINT ( 'NONE',  ( -6.499999999999999100, -8.099999999999999600, 0.5000000000000000000 ) ) ;
#2458 = VERTEX_POINT ( 'NONE', #2494 ) ;
#2459 = ORIENTED_EDGE ( 'NONE', *, *, #2807, .T. ) ;
#2460 = EDGE_CURVE ( 'NONE', #1829, #2759, #2855, .T. ) ;
#2461 = FACE_BOUND ( 'NONE', #51, .T. ) ;
#2462 = CARTESIAN_POINT ( 'NONE',  ( 3.500000000000000000, -12.60000000000000100, 9.699999999999999300 ) ) ;
#2463 = DIRECTION ( 'NONE',  ( 0.0000000000000000000, -1.000000000000000000, -0.0000000000000000000 ) ) ;
#2464 = CARTESIAN_POINT ( 'NONE',  ( 0.5999999999999998700, 1.950000000000000200, -2.200000000000001100 ) ) ;
#2465 = EDGE_CURVE ( 'NONE', #1187, #2471, #1320, .T. ) ;
#2466 = CIRCLE ( 'NONE', #559, 1.249999999999999300 ) ;
#2467 = ORIENTED_EDGE ( 'NONE', *, *, #1559, .T. ) ;
#2468 = DIRECTION ( 'NONE',  ( 0.0000000000000000000, 0.0000000000000000000, 1.000000000000000000 ) ) ;
#2469 = EDGE_LOOP ( 'NONE', ( #1134, #2200, #201, #2648 ) ) ;
#2470 = CARTESIAN_POINT ( 'NONE',  ( -1.600000000000001000, -12.60000000000000000, -8.149999999999998600 ) ) ;
#2471 = VERTEX_POINT ( 'NONE', #446 ) ;
#2472 = DIRECTION ( 'NONE',  ( -0.0000000000000000000, 1.000000000000000000, -0.0000000000000000000 ) ) ;
#2473 = EDGE_LOOP ( 'NONE', ( #2339, #1626, #876, #2193 ) ) ;
#2474 = EDGE_CURVE ( 'NONE', #2665, #767, #1620, .T. ) ;
#2475 = CIRCLE ( 'NONE', #2814, 1.599999999999999900 ) ;
#2476 = VECTOR ( 'NONE', #2052, 1000.000000000000000 ) ;
#2477 = VERTEX_POINT ( 'NONE', #2122 ) ;
#2478 = LINE ( 'NONE', #1307, #678 ) ;
#2479 = EDGE_LOOP ( 'NONE', ( #853, #648, #1680, #2803 ) ) ;
#2480 = VERTEX_POINT ( 'NONE', #1838 ) ;
#2481 = VECTOR ( 'NONE', #1507, 1000.000000000000000 ) ;
#2482 = ORIENTED_EDGE ( 'NONE', *, *, #1834, .F. ) ;
#2483 = DIRECTION ( 'NONE',  ( -1.000000000000000000, -9.035018104045870700E-017, 2.527944840478037500E-032 ) ) ;
#2484 = CARTESIAN_POINT ( 'NONE',  ( -46.50000000000000000, -9.000000000000000000, -8.100000000000001400 ) ) ;
#2485 = ADVANCED_FACE ( 'NONE', ( #480 ), #2417, .T. ) ;
#2486 = CIRCLE ( 'NONE', #152, 1.599999999999999000 ) ;
#2487 = DIRECTION ( 'NONE',  ( -1.000000000000000000, 0.0000000000000000000, -0.0000000000000000000 ) ) ;
#2488 = CARTESIAN_POINT ( 'NONE',  ( -0.9987492177719070600, -12.60005000000000100, 14.14999999999999700 ) ) ;
#2489 = VERTEX_POINT ( 'NONE', #666 ) ;
#2490 = DIRECTION ( 'NONE',  ( 0.0000000000000000000, 0.0000000000000000000, 1.000000000000000000 ) ) ;
#2491 = ORIENTED_EDGE ( 'NONE', *, *, #2816, .T. ) ;
#2492 =( LENGTH_UNIT ( ) NAMED_UNIT ( * ) SI_UNIT ( .MILLI., .METRE. ) );
#2493 = ADVANCED_FACE ( 'NONE', ( #915 ), #374, .F. ) ;
#2494 = CARTESIAN_POINT ( 'NONE',  ( -0.3999999999999999700, -0.5999999999999983100, 6.100000000000000500 ) ) ;
#2495 = EDGE_LOOP ( 'NONE', ( #2829, #2290, #1462, #2329 ) ) ;
#2496 = CARTESIAN_POINT ( 'NONE',  ( -0.5999999999999992000, 1.950000000000000200, 7.399999999999997700 ) ) ;
#2497 = ORIENTED_EDGE ( 'NONE', *, *, #1723, .F. ) ;
#2498 = ORIENTED_EDGE ( 'NONE', *, *, #1172, .F. ) ;
#2499 = CARTESIAN_POINT ( 'NONE',  ( 2.500000000000000900, -6.700000000000000200, 6.000000000000000000 ) ) ;
#2500 = VECTOR ( 'NONE', #2096, 1000.000000000000000 ) ;
#2501 = CARTESIAN_POINT ( 'NONE',  ( -0.5999999999999992000, 1.950000000000000200, 7.399999999999997700 ) ) ;
#2502 = CARTESIAN_POINT ( 'NONE',  ( 0.4000000000000000800, 1.950000000000000200, -2.200000000000001100 ) ) ;
#2503 = DIRECTION ( 'NONE',  ( -0.0000000000000000000, 1.000000000000000000, -0.0000000000000000000 ) ) ;
#2504 = ORIENTED_EDGE ( 'NONE', *, *, #925, .T. ) ;
#2505 = PERSON_AND_ORGANIZATION_ROLE ( 'creator' ) ;
#2506 = CARTESIAN_POINT ( 'NONE',  ( 3.000000000000000000, 2.000000000000000000, 0.0000000000000000000 ) ) ;
#2507 = DIRECTION ( 'NONE',  ( 0.4472135954999572600, -0.0000000000000000000, 0.8944271909999161900 ) ) ;
#2508 = ORIENTED_EDGE ( 'NONE', *, *, #166, .T. ) ;
#2509 = VERTEX_POINT ( 'NONE', #2058 ) ;
#2510 = CARTESIAN_POINT ( 'NONE',  ( 3.000000000000000000, -12.60000000000000000, -3.700000000000001500 ) ) ;
#2511 = CARTESIAN_POINT ( 'NONE',  ( 0.3999999999999989700, 1.950000000000000200, 7.399999999999997700 ) ) ;
#2512 = CARTESIAN_POINT ( 'NONE',  ( 3.500000000000000000, -5.400000000000000400, -3.700000000000001100 ) ) ;
#2513 = LINE ( 'NONE', #2225, #1089 ) ;
#2514 = AXIS2_PLACEMENT_3D ( 'NONE', #2624, #2331, #2044 ) ;
#2515 = LINE ( 'NONE', #479, #1544 ) ;
#2516 = FACE_OUTER_BOUND ( 'NONE', #2845, .T. ) ;
#2517 = VERTEX_POINT ( 'NONE', #1771 ) ;
#2518 = VECTOR ( 'NONE', #2292, 1000.000000000000000 ) ;
#2519 = VECTOR ( 'NONE', #913, 1000.000000000000000 ) ;
#2520 = CARTESIAN_POINT ( 'NONE',  ( -3.500000000000000000, -12.60000000000000300, 15.99999999999999600 ) ) ;
#2521 = DIRECTION ( 'NONE',  ( -0.0000000000000000000, 1.000000000000000000, -0.0000000000000000000 ) ) ;
#2522 = CARTESIAN_POINT ( 'NONE',  ( -46.50000000000000000, -9.000000000000000000, -6.500000000000001800 ) ) ;
#2523 = ORIENTED_EDGE ( 'NONE', *, *, #718, .T. ) ;
#2524 = VERTEX_POINT ( 'NONE', #1480 ) ;
#2525 = VERTEX_POINT ( 'NONE', #1186 ) ;
#2526 = PLANE ( 'NONE',  #716 ) ;
#2527 = VECTOR ( 'NONE', #283, 1000.000000000000000 ) ;
#2528 = ORIENTED_EDGE ( 'NONE', *, *, #1953, .F. ) ;
#2529 = DIRECTION ( 'NONE',  ( 1.000000000000000000, -0.0000000000000000000, -0.0000000000000000000 ) ) ;
#2530 = CARTESIAN_POINT ( 'NONE',  ( -5.000000000000000000, -8.099999999999999600, 0.5000000000000000000 ) ) ;
#2531 = DIRECTION ( 'NONE',  ( -0.0000000000000000000, 1.000000000000000000, -0.0000000000000000000 ) ) ;
#2532 = VECTOR ( 'NONE', #1648, 1000.000000000000000 ) ;
#2533 = ORIENTED_EDGE ( 'NONE', *, *, #567, .F. ) ;
#2534 = EDGE_CURVE ( 'NONE', #2757, #2489, #887, .T. ) ;
#2535 = LINE ( 'NONE', #1950, #1178 ) ;
#2536 = LINE ( 'NONE', #2248, #360 ) ;
#2537 = ORIENTED_EDGE ( 'NONE', *, *, #2828, .F. ) ;
#2538 = DIRECTION ( 'NONE',  ( 0.0000000000000000000, 1.000000000000000000, 2.409338161078898700E-016 ) ) ;
#2539 = ORIENTED_EDGE ( 'NONE', *, *, #2172, .T. ) ;
#2540 = EDGE_CURVE ( 'NONE', #274, #1516, #12, .T. ) ;
#2541 = VERTEX_POINT ( 'NONE', #1697 ) ;
#2542 = DIRECTION ( 'NONE',  ( -0.0000000000000000000, 0.0000000000000000000, 1.000000000000000000 ) ) ;
#2543 = ORIENTED_EDGE ( 'NONE', *, *, #1490, .T. ) ;
#2544 = ORIENTED_EDGE ( 'NONE', *, *, #1783, .F. ) ;
#2545 = LINE ( 'NONE', #2259, #2369 ) ;
#2546 = CARTESIAN_POINT ( 'NONE',  ( 3.500000000000000000, -12.60000000000000000, -3.700000000000001500 ) ) ;
#2547 = VECTOR ( 'NONE', #1179, 1000.000000000000000 ) ;
#2548 = CARTESIAN_POINT ( 'NONE',  ( 2.199999999999998000, -6.400000000000000400, 6.000000000000000000 ) ) ;
#2549 = FACE_OUTER_BOUND ( 'NONE', #566, .T. ) ;
#2550 = ORIENTED_EDGE ( 'NONE', *, *, #2024, .F. ) ;
#2551 = AXIS2_PLACEMENT_3D ( 'NONE', #2157, #1870, #1581 ) ;
#2552 = DIRECTION ( 'NONE',  ( 0.0000000000000000000, 0.0000000000000000000, 1.000000000000000000 ) ) ;
#2553 = ORIENTED_EDGE ( 'NONE', *, *, #2196, .T. ) ;
#2554 = CARTESIAN_POINT ( 'NONE',  ( -3.500000000000000000, -12.60000000000000100, 9.699999999999999300 ) ) ;
#2555 = ORIENTED_EDGE ( 'NONE', *, *, #2440, .T. ) ;
#2556 = LINE ( 'NONE', #2272, #177 ) ;
#2557 = ORIENTED_EDGE ( 'NONE', *, *, #1, .T. ) ;
#2558 = ORIENTED_EDGE ( 'NONE', *, *, #2270, .T. ) ;
#2559 = DIRECTION ( 'NONE',  ( -0.0000000000000000000, 0.0000000000000000000, 1.000000000000000000 ) ) ;
#2560 = ORIENTED_EDGE ( 'NONE', *, *, #2245, .F. ) ;
#2561 = VERTEX_POINT ( 'NONE', #1987 ) ;
#2562 = CARTESIAN_POINT ( 'NONE',  ( -46.50000000000000000, -9.000000000000000000, -4.900000000000002100 ) ) ;
#2563 = CARTESIAN_POINT ( 'NONE',  ( 0.0000000000000000000, -12.60000000000000000, -6.099999999999999600 ) ) ;
#2564 = PLANE ( 'NONE',  #2848 ) ;
#2565 = LINE ( 'NONE', #2281, #333 ) ;
#2566 = DIRECTION ( 'NONE',  ( 0.0000000000000000000, 1.000000000000000000, 0.0000000000000000000 ) ) ;
#2567 = VECTOR ( 'NONE', #1220, 1000.000000000000000 ) ;
#2568 = ORIENTED_EDGE ( 'NONE', *, *, #1520, .T. ) ;
#2569 = PERSON_AND_ORGANIZATION ( #2595, #1024 ) ;
#2570 = VECTOR ( 'NONE', #402, 1000.000000000000000 ) ;
#2571 = CARTESIAN_POINT ( 'NONE',  ( 0.4000000000000001300, -0.5999999999999999800, -0.1000000000000000100 ) ) ;
#2572 = EDGE_LOOP ( 'NONE', ( #1466, #472, #602, #741, #2027, #919, #1699, #2850, #34, #79 ) ) ;
#2573 = DIRECTION ( 'NONE',  ( 1.314184451497581300E-016, 0.0000000000000000000, 1.000000000000000000 ) ) ;
#2574 = VERTEX_POINT ( 'NONE', #1415 ) ;
#2575 = EDGE_LOOP ( 'NONE', ( #2741, #748, #101, #2860 ) ) ;
#2576 = CARTESIAN_POINT ( 'NONE',  ( -3.000000000000000000, 2.000000000000000000, -3.700000000000000200 ) ) ;
#2577 = DIRECTION ( 'NONE',  ( 1.000000000000000000, -0.0000000000000000000, 0.0000000000000000000 ) ) ;
#2578 = EDGE_CURVE ( 'NONE', #610, #2407, #1112, .T. ) ;
#2579 = DIRECTION ( 'NONE',  ( -1.000000000000000000, 0.0000000000000000000, -0.0000000000000000000 ) ) ;
#2580 = DIRECTION ( 'NONE',  ( 0.8944271909999159700, 0.0000000000000000000, 0.4472135954999577600 ) ) ;
#2581 = DIRECTION ( 'NONE',  ( -3.469446951953614200E-016, 0.0000000000000000000, 1.000000000000000000 ) ) ;
#2582 = ORIENTED_EDGE ( 'NONE', *, *, #2434, .T. ) ;
#2583 = EDGE_CURVE ( 'NONE', #1973, #1811, #2800, .T. ) ;
#2584 = EDGE_CURVE ( 'NONE', #1510, #1143, #1915, .T. ) ;
#2585 = APPLICATION_CONTEXT ( 'configuration controlled 3d designs of mechanical parts and assemblies' ) ;
#2586 = CARTESIAN_POINT ( 'NONE',  ( -56.50000000000000000, -10.60000000000000300, 4.449999999999986000 ) ) ;
#2587 = LINE ( 'NONE', #2302, #1338 ) ;
#2588 = FACE_OUTER_BOUND ( 'NONE', #2055, .T. ) ;
#2589 = AXIS2_PLACEMENT_3D ( 'NONE', #2011, #1724, #1436 ) ;
#2590 = DIRECTION ( 'NONE',  ( -0.0000000000000000000, 1.000000000000000000, -0.0000000000000000000 ) ) ;
#2591 = ORIENTED_EDGE ( 'NONE', *, *, #1261, .T. ) ;
#2592 = EDGE_CURVE ( 'NONE', #169, #2509, #1038, .T. ) ;
#2593 = VERTEX_POINT ( 'NONE', #165 ) ;
#2594 = DIRECTION ( 'NONE',  ( -0.0000000000000000000, 1.000000000000000000, -0.0000000000000000000 ) ) ;
#2595 = PERSON ( 'UNSPECIFIED', 'UNSPECIFIED', 'UNSPECIFIED', ('UNSPECIFIED'), ('UNSPECIFIED'), ('UNSPECIFIED') ) ;
#2596 = LINE ( 'NONE', #2308, #124 ) ;
#2597 = EDGE_CURVE ( 'NONE', #2698, #481, #2486, .T. ) ;
#2598 = AXIS2_PLACEMENT_3D ( 'NONE', #983, #693, #397 ) ;
#2599 = DIRECTION ( 'NONE',  ( -0.0000000000000000000, -2.797941090285172600E-016, -1.000000000000000000 ) ) ;
#2600 = DIRECTION ( 'NONE',  ( -0.0000000000000000000, 0.0000000000000000000, 1.000000000000000000 ) ) ;
#2601 = ADVANCED_FACE ( 'NONE', ( #1209, #2791 ), #2139, .F. ) ;
#2602 = CARTESIAN_POINT ( 'NONE',  ( -3.500000000000000000, -8.099999999999999600, -3.700000000000000200 ) ) ;
#2603 = ORIENTED_EDGE ( 'NONE', *, *, #521, .F. ) ;
#2604 = CARTESIAN_POINT ( 'NONE',  ( -6.499999999999999100, -10.60000000000000300, 3.199999999999995300 ) ) ;
#2605 = EDGE_CURVE ( 'NONE', #1963, #1281, #2704, .T. ) ;
#2606 = LINE ( 'NONE', #1736, #27 ) ;
#2607 = EDGE_LOOP ( 'NONE', ( #1539, #2220, #2756, #905 ) ) ;
#2608 = VECTOR ( 'NONE', #766, 1000.000000000000000 ) ;
#2609 = DIRECTION ( 'NONE',  ( -0.0000000000000000000, 1.000000000000000000, 1.636531581110195200E-016 ) ) ;
#2610 = EDGE_LOOP ( 'NONE', ( #2614, #706, #2406, #1852 ) ) ;
#2611 = ORIENTED_EDGE ( 'NONE', *, *, #23, .F. ) ;
#2612 = LINE ( 'NONE', #2319, #10 ) ;
#2613 = VERTEX_POINT ( 'NONE', #2661 ) ;
#2614 = ORIENTED_EDGE ( 'NONE', *, *, #217, .F. ) ;
#2615 = LINE ( 'NONE', #2321, #2002 ) ;
#2616 = LINE ( 'NONE', #574, #2527 ) ;
#2617 = PLANE ( 'NONE',  #1622 ) ;
#2618 = ORIENTED_EDGE ( 'NONE', *, *, #496, .F. ) ;
#2619 = FACE_OUTER_BOUND ( 'NONE', #1396, .T. ) ;
#2620 = DIRECTION ( 'NONE',  ( -1.000000000000000000, -0.0000000000000000000, -0.0000000000000000000 ) ) ;
#2621 = ORIENTED_EDGE ( 'NONE', *, *, #467, .T. ) ;
#2622 = CARTESIAN_POINT ( 'NONE',  ( -1.599999999999998300, -5.400000000000000400, 14.14999999999999700 ) ) ;
#2623 = EDGE_LOOP ( 'NONE', ( #1299, #673, #2141, #871 ) ) ;
#2624 = CARTESIAN_POINT ( 'NONE',  ( 3.500000000000000000, -12.60000000000000100, 9.699999999999999300 ) ) ;
#2625 = ORIENTED_EDGE ( 'NONE', *, *, #223, .T. ) ;
#2626 = VECTOR ( 'NONE', #1052, 1000.000000000000000 ) ;
#2627 = EDGE_CURVE ( 'NONE', #2759, #2458, #103, .T. ) ;
#2628 = ORIENTED_EDGE ( 'NONE', *, *, #469, .T. ) ;
#2629 = DIRECTION ( 'NONE',  ( 1.000000000000000000, 0.0000000000000000000, 0.0000000000000000000 ) ) ;
#2630 = EDGE_LOOP ( 'NONE', ( #2725, #2582, #635, #1845 ) ) ;
#2631 = EDGE_LOOP ( 'NONE', ( #222, #1011, #2341, #2256 ) ) ;
#2632 = ORIENTED_EDGE ( 'NONE', *, *, #1372, .F. ) ;
#2633 = LINE ( 'NONE', #2336, #2429 ) ;
#2634 = CARTESIAN_POINT ( 'NONE',  ( 1.599999999999999600, -5.400000000000000400, -4.849999999999999600 ) ) ;
#2635 = ADVANCED_FACE ( 'NONE', ( #452 ), #529, .F. ) ;
#2636 = LINE ( 'NONE', #2338, #2476 ) ;
#2637 = VERTEX_POINT ( 'NONE', #907 ) ;
#2638 = LINE ( 'NONE', #2340, #178 ) ;
#2639 = VECTOR ( 'NONE', #2214, 1000.000000000000000 ) ;
#2640 = ORIENTED_EDGE ( 'NONE', *, *, #1769, .F. ) ;
#2641 = ADVANCED_FACE ( 'NONE', ( #812 ), #966, .F. ) ;
#2642 = DIRECTION ( 'NONE',  ( 0.0000000000000000000, 1.000000000000000000, -2.797941090285172600E-016 ) ) ;
#2643 = ORIENTED_EDGE ( 'NONE', *, *, #711, .T. ) ;
#2644 = EDGE_CURVE ( 'NONE', #600, #1118, #2587, .T. ) ;
#2645 = DIRECTION ( 'NONE',  ( 1.000000000000000000, 0.0000000000000000000, 0.0000000000000000000 ) ) ;
#2646 = ORIENTED_EDGE ( 'NONE', *, *, #2219, .T. ) ;
#2647 = CYLINDRICAL_SURFACE ( 'NONE', #159, 1.600000000000002500 ) ;
#2648 = ORIENTED_EDGE ( 'NONE', *, *, #890, .T. ) ;
#2649 = VERTEX_POINT ( 'NONE', #1431 ) ;
#2650 = EDGE_CURVE ( 'NONE', #1070, #1004, #1716, .T. ) ;
#2651 = DIRECTION ( 'NONE',  ( -1.314184451497581500E-016, 0.0000000000000000000, -1.000000000000000000 ) ) ;
#2652 = EDGE_CURVE ( 'NONE', #2315, #1989, #257, .T. ) ;
#2653 = VECTOR ( 'NONE', #303, 1000.000000000000000 ) ;
#2654 = DIRECTION ( 'NONE',  ( -0.0000000000000000000, -0.0000000000000000000, 1.000000000000000000 ) ) ;
#2655 = CARTESIAN_POINT ( 'NONE',  ( -2.500000000000000000, -7.400000000000000400, 0.0000000000000000000 ) ) ;
#2656 = DIRECTION ( 'NONE',  ( -0.0000000000000000000, -0.0000000000000000000, 1.000000000000000000 ) ) ;
#2657 = ORIENTED_EDGE ( 'NONE', *, *, #1280, .T. ) ;
#2658 = EDGE_CURVE ( 'NONE', #1873, #1184, #2234, .T. ) ;
#2659 = ADVANCED_FACE ( 'NONE', ( #750 ), #549, .F. ) ;
#2660 = DIRECTION ( 'NONE',  ( -0.0000000000000000000, -1.000000000000000000, -0.0000000000000000000 ) ) ;
#2661 = CARTESIAN_POINT ( 'NONE',  ( 0.4000000000000000200, 2.000000000000000000, -2.600000000000001000 ) ) ;
#2662 = DIRECTION ( 'NONE',  ( 0.0000000000000000000, 0.0000000000000000000, 1.000000000000000000 ) ) ;
#2663 = EDGE_LOOP ( 'NONE', ( #1861, #553, #2504, #1547, #1759, #1010, #1092 ) ) ;
#2664 = ADVANCED_FACE ( 'NONE', ( #1851 ), #485, .F. ) ;
#2665 = VERTEX_POINT ( 'NONE', #2159 ) ;
#2666 = CARTESIAN_POINT ( 'NONE',  ( 0.9987492177719087300, -12.60005000000000100, -4.849999999999999600 ) ) ;
#2667 = CARTESIAN_POINT ( 'NONE',  ( 3.000000000000000000, -12.60000000000000000, -3.700000000000001500 ) ) ;
#2668 = VECTOR ( 'NONE', #1421, 1000.000000000000000 ) ;
#2669 = VECTOR ( 'NONE', #1557, 1000.000000000000000 ) ;
#2670 = DIRECTION ( 'NONE',  ( 0.7071067811865440200, -0.7071067811865511300, 0.0000000000000000000 ) ) ;
#2671 = DIRECTION ( 'NONE',  ( 1.000000000000000000, -0.0000000000000000000, -0.0000000000000000000 ) ) ;
#2672 = VECTOR ( 'NONE', #398, 1000.000000000000000 ) ;
#2673 = DIRECTION ( 'NONE',  ( 0.0000000000000000000, 0.0000000000000000000, -1.000000000000000000 ) ) ;
#2674 = ORIENTED_EDGE ( 'NONE', *, *, #2164, .F. ) ;
#2675 = AXIS2_PLACEMENT_3D ( 'NONE', #2510, #2221, #1922 ) ;
#2676 = CARTESIAN_POINT ( 'NONE',  ( 0.9987492177719076200, -12.60005000000000100, 14.14999999999999900 ) ) ;
#2677 = EDGE_CURVE ( 'NONE', #432, #2517, #1871, .T. ) ;
#2678 = CARTESIAN_POINT ( 'NONE',  ( 3.500000000000000000, -9.000000000000000000, -6.500000000000001800 ) ) ;
#2679 = FACE_OUTER_BOUND ( 'NONE', #962, .T. ) ;
#2680 = LINE ( 'NONE', #2387, #459 ) ;
#2681 = ORIENTED_EDGE ( 'NONE', *, *, #2807, .F. ) ;
#2682 = ORIENTED_EDGE ( 'NONE', *, *, #1172, .T. ) ;
#2683 = LINE ( 'NONE', #2390, #2500 ) ;
#2684 = EDGE_LOOP ( 'NONE', ( #447, #1676, #1702, #2792, #2304, #1413, #2049 ) ) ;
#2685 = ADVANCED_FACE ( 'NONE', ( #1780, #2217 ), #991, .F. ) ;
#2686 = EDGE_CURVE ( 'NONE', #1109, #2107, #76, .T. ) ;
#2687 = ADVANCED_FACE ( 'NONE', ( #2357 ), #1804, .F. ) ;
#2688 = ORIENTED_EDGE ( 'NONE', *, *, #512, .F. ) ;
#2689 = CARTESIAN_POINT ( 'NONE',  ( 2.500000000000000900, -6.700000000000000200, 0.0000000000000000000 ) ) ;
#2690 = CARTESIAN_POINT ( 'NONE',  ( -1.600000000000001000, -5.400000000000000400, -8.149999999999998600 ) ) ;
#2691 = CARTESIAN_POINT ( 'NONE',  ( 0.9987492177719068400, -5.400000000000000400, 10.84999999999999800 ) ) ;
#2692 = EDGE_CURVE ( 'NONE', #1580, #755, #631, .T. ) ;
#2693 = CIRCLE ( 'NONE', #1407, 1.599999999999999000 ) ;
#2694 = EDGE_LOOP ( 'NONE', ( #547, #2768, #2826, #1026 ) ) ;
#2695 = CARTESIAN_POINT ( 'NONE',  ( 0.9987492177719096100, -5.400000000000000400, -8.149999999999998600 ) ) ;
#2696 = ORIENTED_EDGE ( 'NONE', *, *, #2432, .F. ) ;
#2697 = DIRECTION ( 'NONE',  ( 1.355252715606881500E-016, 0.0000000000000000000, 1.000000000000000000 ) ) ;
#2698 = VERTEX_POINT ( 'NONE', #2314 ) ;
#2699 = CC_DESIGN_PERSON_AND_ORGANIZATION_ASSIGNMENT ( #1340, #1034, ( #1906 ) ) ;
#2700 = VECTOR ( 'NONE', #2, 1000.000000000000000 ) ;
#2701 = CARTESIAN_POINT ( 'NONE',  ( 0.3999999999999990200, 1.950000000000000200, 6.999999999999997300 ) ) ;
#2702 = VERTEX_POINT ( 'NONE', #2020 ) ;
#2703 = EDGE_CURVE ( 'NONE', #2065, #1374, #2606, .T. ) ;
#2704 = CIRCLE ( 'NONE', #309, 1.600000000000002500 ) ;
#2705 = ORIENTED_EDGE ( 'NONE', *, *, #736, .T. ) ;
#2706 = DIRECTION ( 'NONE',  ( 0.0000000000000000000, -2.753529326947312900E-016, 1.000000000000000000 ) ) ;
#2707 = EDGE_LOOP ( 'NONE', ( #583, #1596, #617, #950, #2439, #2415, #1167, #1153 ) ) ;
#2708 = FACE_BOUND ( 'NONE', #1404, .T. ) ;
#2709 = ORIENTED_EDGE ( 'NONE', *, *, #902, .T. ) ;
#2710 = FACE_OUTER_BOUND ( 'NONE', #2080, .T. ) ;
#2711 = ORIENTED_EDGE ( 'NONE', *, *, #1031, .F. ) ;
#2712 = VERTEX_POINT ( 'NONE', #856 ) ;
#2713 = LINE ( 'NONE', #1536, #2063 ) ;
#2714 = PLANE ( 'NONE',  #194 ) ;
#2715 = EDGE_CURVE ( 'NONE', #1618, #1448, #1145, .T. ) ;
#2716 = LOCAL_TIME ( 16, 42, 31.00000000000000000, #1181 ) ;
#2717 = LINE ( 'NONE', #2412, #2030 ) ;
#2718 = EDGE_LOOP ( 'NONE', ( #2550, #505, #2568, #1001 ) ) ;
#2719 = LINE ( 'NONE', #2119, #2744 ) ;
#2720 = ORIENTED_EDGE ( 'NONE', *, *, #2692, .T. ) ;
#2721 = EDGE_CURVE ( 'NONE', #1833, #153, #2536, .T. ) ;
#2722 = DIRECTION ( 'NONE',  ( -0.0000000000000000000, 1.000000000000000000, -0.0000000000000000000 ) ) ;
#2723 = ORIENTED_EDGE ( 'NONE', *, *, #2677, .T. ) ;
#2724 = CARTESIAN_POINT ( 'NONE',  ( 1.599999999999999400, -12.60000000000000000, -8.149999999999998600 ) ) ;
#2725 = ORIENTED_EDGE ( 'NONE', *, *, #2605, .T. ) ;
#2726 = VECTOR ( 'NONE', #1058, 1000.000000000000000 ) ;
#2727 = FACE_OUTER_BOUND ( 'NONE', #2572, .T. ) ;
#2728 = EDGE_LOOP ( 'NONE', ( #2723, #2047, #1171, #796, #744, #2591 ) ) ;
#2729 = CARTESIAN_POINT ( 'NONE',  ( 3.500000000000000000, -5.400000000000000400, -3.700000000000001100 ) ) ;
#2730 = DIRECTION ( 'NONE',  ( 0.0000000000000000000, 3.469446951953614200E-016, -1.000000000000000000 ) ) ;
#2731 = LINE ( 'NONE', #971, #2748 ) ;
#2732 = VECTOR ( 'NONE', #2278, 1000.000000000000000 ) ;
#2733 = DIRECTION ( 'NONE',  ( 0.4472135954999577600, -0.0000000000000000000, -0.8944271909999158600 ) ) ;
#2734 = ORIENTED_EDGE ( 'NONE', *, *, #1355, .F. ) ;
#2735 = APPROVAL_STATUS ( 'not_yet_approved' ) ;
#2736 = LINE ( 'NONE', #2435, #1155 ) ;
#2737 = DIRECTION ( 'NONE',  ( -1.000000000000000000, 0.0000000000000000000, 0.0000000000000000000 ) ) ;
#2738 = CARTESIAN_POINT ( 'NONE',  ( -1.599999999999998300, -5.400000000000000400, 14.14999999999999700 ) ) ;
#2739 = EDGE_LOOP ( 'NONE', ( #1901, #2252, #2459, #1649 ) ) ;
#2740 = AXIS2_PLACEMENT_3D ( 'NONE', #2106, #1821, #1528 ) ;
#2741 = ORIENTED_EDGE ( 'NONE', *, *, #2211, .F. ) ;
#2742 = CARTESIAN_POINT ( 'NONE',  ( 3.000000000000000000, 2.000000000000000000, 6.000000000000000000 ) ) ;
#2743 = DIRECTION ( 'NONE',  ( 0.0000000000000000000, -1.000000000000000000, 2.797941090285172600E-016 ) ) ;
#2744 = VECTOR ( 'NONE', #1835, 1000.000000000000000 ) ;
#2745 = CARTESIAN_POINT ( 'NONE',  ( 3.500000000000000000, -12.60000000000000000, -10.00000000000000200 ) ) ;
#2746 = DIRECTION ( 'NONE',  ( 1.000000000000000000, -0.0000000000000000000, -0.0000000000000000000 ) ) ;
#2747 = AXIS2_PLACEMENT_3D ( 'NONE', #1115, #818, #538 ) ;
#2748 = VECTOR ( 'NONE', #681, 1000.000000000000100 ) ;
#2749 = PLANE ( 'NONE',  #1958 ) ;
#2750 = VERTEX_POINT ( 'NONE', #2838 ) ;
#2751 = VECTOR ( 'NONE', #2083, 1000.000000000000000 ) ;
#2752 = DIRECTION ( 'NONE',  ( 0.0000000000000000000, -1.000000000000000000, -8.911250732757570100E-017 ) ) ;
#2753 = DIRECTION ( 'NONE',  ( 0.0000000000000000000, 6.023345402697246700E-017, -1.000000000000000000 ) ) ;
#2754 = VECTOR ( 'NONE', #2444, 1000.000000000000000 ) ;
#2755 = DIRECTION ( 'NONE',  ( -0.0000000000000000000, 1.000000000000000000, -0.0000000000000000000 ) ) ;
#2756 = ORIENTED_EDGE ( 'NONE', *, *, #1490, .F. ) ;
#2757 = VERTEX_POINT ( 'NONE', #1664 ) ;
#2758 = FACE_BOUND ( 'NONE', #353, .T. ) ;
#2759 = VERTEX_POINT ( 'NONE', #1376 ) ;
#2760 = EDGE_LOOP ( 'NONE', ( #1541, #293, #1570, #1234 ) ) ;
#2761 = LINE ( 'NONE', #2462, #1197 ) ;
#2762 = CARTESIAN_POINT ( 'NONE',  ( 3.000000000000000900, -7.399999999999999500, 0.0000000000000000000 ) ) ;
#2763 = AXIS2_PLACEMENT_3D ( 'NONE', #1725, #263, #2827 ) ;
#2764 = LINE ( 'NONE', #2464, #737 ) ;
#2765 = VERTEX_POINT ( 'NONE', #1074 ) ;
#2766 = EDGE_CURVE ( 'NONE', #2825, #1684, #786, .T. ) ;
#2767 = DIRECTION ( 'NONE',  ( -0.0000000000000000000, 1.000000000000000000, -0.0000000000000000000 ) ) ;
#2768 = ORIENTED_EDGE ( 'NONE', *, *, #297, .T. ) ;
#2769 = CARTESIAN_POINT ( 'NONE',  ( -6.499999999999999100, -10.60000000000000300, 4.449999999999994800 ) ) ;
#2770 = ORIENTED_EDGE ( 'NONE', *, *, #1913, .F. ) ;
#2771 = CARTESIAN_POINT ( 'NONE',  ( -1.599999999999998800, -12.60005000000000100, 10.84999999999999800 ) ) ;
#2772 = ORIENTED_EDGE ( 'NONE', *, *, #1568, .F. ) ;
#2773 = ORIENTED_EDGE ( 'NONE', *, *, #2592, .F. ) ;
#2774 = DIRECTION ( 'NONE',  ( 0.0000000000000000000, 0.0000000000000000000, -1.000000000000000000 ) ) ;
#2775 = ORIENTED_EDGE ( 'NONE', *, *, #1147, .F. ) ;
#2776 = ORIENTED_EDGE ( 'NONE', *, *, #1344, .F. ) ;
#2777 = PRODUCT_DEFINITION_SHAPE ( 'NONE', 'NONE',  #949 ) ;
#2778 = CARTESIAN_POINT ( 'NONE',  ( -0.3999999999999999700, -0.5999999999999983100, 6.100000000000000500 ) ) ;
#2779 = LINE ( 'NONE', #2484, #418 ) ;
#2780 = VECTOR ( 'NONE', #2311, 1000.000000000000000 ) ;
#2781 = CARTESIAN_POINT ( 'NONE',  ( -0.4000000000000010200, 1.950000000000000200, 7.399999999999997700 ) ) ;
#2782 = LINE ( 'NONE', #2488, #2124 ) ;
#2783 = AXIS2_PLACEMENT_3D ( 'NONE', #1283, #990, #701 ) ;
#2784 = VERTEX_POINT ( 'NONE', #2769 ) ;
#2785 = DIRECTION ( 'NONE',  ( -0.0000000000000000000, 1.000000000000000000, 1.294569758191647200E-016 ) ) ;
#2786 = VERTEX_POINT ( 'NONE', #2470 ) ;
#2787 = DIRECTION ( 'NONE',  ( 1.000000000000000000, 0.0000000000000000000, 0.0000000000000000000 ) ) ;
#2788 = VERTEX_POINT ( 'NONE', #2178 ) ;
#2789 = LINE ( 'NONE', #2496, #1567 ) ;
#2790 = ORIENTED_EDGE ( 'NONE', *, *, #695, .T. ) ;
#2791 = FACE_OUTER_BOUND ( 'NONE', #2269, .T. ) ;
#2792 = ORIENTED_EDGE ( 'NONE', *, *, #2715, .T. ) ;
#2793 = LINE ( 'NONE', #2499, #321 ) ;
#2794 = CARTESIAN_POINT ( 'NONE',  ( 0.3999999999999989700, 1.950000000000000200, 7.399999999999997700 ) ) ;
#2795 = CARTESIAN_POINT ( 'NONE',  ( -0.5999999999999992000, 2.000000000000000000, 7.399999999999997700 ) ) ;
#2796 = VECTOR ( 'NONE', #346, 1000.000000000000000 ) ;
#2797 = CARTESIAN_POINT ( 'NONE',  ( 1.599999999999999400, -12.60005000000000100, -8.149999999999998600 ) ) ;
#2798 = VERTEX_POINT ( 'NONE', #1884 ) ;
#2799 = PERSON_AND_ORGANIZATION ( #2595, #1024 ) ;
#2800 = LINE ( 'NONE', #2506, #2639 ) ;
#2801 = ADVANCED_FACE ( 'NONE', ( #440 ), #1600, .F. ) ;
#2802 = CARTESIAN_POINT ( 'NONE',  ( 0.0000000000000000000, 2.000000000000000000, 8.599999999999997900 ) ) ;
#2803 = ORIENTED_EDGE ( 'NONE', *, *, #1506, .T. ) ;
#2804 = ORIENTED_EDGE ( 'NONE', *, *, #931, .F. ) ;
#2805 = CARTESIAN_POINT ( 'NONE',  ( 0.4000000000000000200, 1.950000000000000200, -2.600000000000001000 ) ) ;
#2806 = PLANE ( 'NONE',  #1794 ) ;
#2807 = EDGE_CURVE ( 'NONE', #2156, #1615, #513, .T. ) ;
#2808 = ADVANCED_FACE ( 'NONE', ( #653 ), #2398, .F. ) ;
#2809 = VECTOR ( 'NONE', #50, 1000.000000000000000 ) ;
#2810 = LINE ( 'NONE', #2512, #1905 ) ;
#2811 = LINE ( 'NONE', #1048, #112 ) ;
#2812 = DIRECTION ( 'NONE',  ( 1.000000000000000000, -0.0000000000000000000, -0.0000000000000000000 ) ) ;
#2813 = VECTOR ( 'NONE', #1168, 1000.000000000000000 ) ;
#2814 = AXIS2_PLACEMENT_3D ( 'NONE', #884, #2566, #2283 ) ;
#2815 = EDGE_LOOP ( 'NONE', ( #1288, #2431, #2349, #2334 ) ) ;
#2816 = EDGE_CURVE ( 'NONE', #1272, #2574, #1231, .T. ) ;
#2817 = EDGE_CURVE ( 'NONE', #2175, #2541, #68, .T. ) ;
#2818 = VECTOR ( 'NONE', #1417, 1000.000000000000000 ) ;
#2819 = CARTESIAN_POINT ( 'NONE',  ( 1.600000000000001400, -12.60000000000000100, 10.84999999999999800 ) ) ;
#2820 = CARTESIAN_POINT ( 'NONE',  ( -0.9987492177719098400, -12.60005000000000100, -8.149999999999998600 ) ) ;
#2821 = EDGE_CURVE ( 'NONE', #1529, #78, #2040, .T. ) ;
#2822 = DIRECTION ( 'NONE',  ( -1.355252715606880500E-016, 1.000000000000000000, 0.0000000000000000000 ) ) ;
#2823 = ORIENTED_EDGE ( 'NONE', *, *, #449, .T. ) ;
#2824 = ADVANCED_FACE ( 'NONE', ( #874, #1318 ), #356, .F. ) ;
#2825 = VERTEX_POINT ( 'NONE', #292 ) ;
#2826 = ORIENTED_EDGE ( 'NONE', *, *, #1791, .F. ) ;
#2827 = DIRECTION ( 'NONE',  ( 0.0000000000000000000, 0.0000000000000000000, -1.000000000000000000 ) ) ;
#2828 = EDGE_CURVE ( 'NONE', #2712, #2332, #2853, .T. ) ;
#2829 = ORIENTED_EDGE ( 'NONE', *, *, #1986, .T. ) ;
#2830 = CARTESIAN_POINT ( 'NONE',  ( -46.50000000000000000, -9.000000000000001800, 12.49999999999999600 ) ) ;
#2831 = PLANE ( 'NONE',  #1810 ) ;
#2832 = FACE_OUTER_BOUND ( 'NONE', #563, .T. ) ;
#2833 = AXIS2_PLACEMENT_3D ( 'NONE', #1691, #810, #528 ) ;
#2834 = CARTESIAN_POINT ( 'NONE',  ( 0.9987492177719068400, -12.60005000000000100, 10.84999999999999800 ) ) ;
#2835 = EDGE_LOOP ( 'NONE', ( #378, #1230, #501, #1452 ) ) ;
#2836 = FACE_OUTER_BOUND ( 'NONE', #2630, .T. ) ;
#2837 = DIRECTION ( 'NONE',  ( 0.0000000000000000000, 0.0000000000000000000, 1.000000000000000000 ) ) ;
#2838 = CARTESIAN_POINT ( 'NONE',  ( -6.499999999999999100, -10.60000000000000300, 1.949999999999996000 ) ) ;
#2839 = VERTEX_POINT ( 'NONE', #1679 ) ;
#2840 = CARTESIAN_POINT ( 'NONE',  ( -3.500000000000000000, -12.60000000000000100, 9.699999999999999300 ) ) ;
#2841 = VERTEX_POINT ( 'NONE', #1394 ) ;
#2842 = ORIENTED_EDGE ( 'NONE', *, *, #1738, .T. ) ;
#2843 = DIRECTION ( 'NONE',  ( -1.000000000000000000, 0.0000000000000000000, -0.0000000000000000000 ) ) ;
#2844 = EDGE_LOOP ( 'NONE', ( #2643, #2146, #2118, #1059, #1687, #2198, #1204, #1903, #2123, #1795, #236, #1607, #1228, #105 ) ) ;
#2845 = EDGE_LOOP ( 'NONE', ( #857, #2277, #957, #375 ) ) ;
#2846 = LINE ( 'NONE', #793, #1103 ) ;
#2847 = PLANE ( 'NONE',  #2382 ) ;
#2848 = AXIS2_PLACEMENT_3D ( 'NONE', #2280, #1978, #1690 ) ;
#2849 = CARTESIAN_POINT ( 'NONE',  ( -3.000000000000000000, -8.099999999999999600, -3.700000000000001100 ) ) ;
#2850 = ORIENTED_EDGE ( 'NONE', *, *, #1378, .F. ) ;
#2851 = DIRECTION ( 'NONE',  ( -0.0000000000000000000, 1.000000000000000000, -0.0000000000000000000 ) ) ;
#2852 = ORIENTED_EDGE ( 'NONE', *, *, #827, .F. ) ;
#2853 = LINE ( 'NONE', #2554, #220 ) ;
#2854 = ORIENTED_EDGE ( 'NONE', *, *, #2202, .F. ) ;
#2855 = LINE ( 'NONE', #2197, #550 ) ;
#2856 = ORIENTED_EDGE ( 'NONE', *, *, #2686, .F. ) ;
#2857 = ADVANCED_FACE ( 'NONE', ( #1363 ), #1966, .F. ) ;
#2858 = ORIENTED_EDGE ( 'NONE', *, *, #443, .T. ) ;
#2859 = CARTESIAN_POINT ( 'NONE',  ( -1.600000000000000500, -12.60005000000000100, -4.849999999999999600 ) ) ;
#2860 = ORIENTED_EDGE ( 'NONE', *, *, #197, .F. ) ;
#2861 = ORIENTED_EDGE ( 'NONE', *, *, #2244, .T. ) ;
#2862 = LINE ( 'NONE', #2562, #2732 ) ;
#2863 = DIRECTION ( 'NONE',  ( 0.0000000000000000000, 0.0000000000000000000, 1.000000000000000000 ) ) ;
ENDSEC;
END-ISO-10303-21;
