ISO-10303-21;
HEADER;
FILE_DESCRIPTION (( 'STEP AP203' ),
    '1' );
FILE_NAME ('pm-f65.STEP',
    '2015-08-07T07:37:17',
    ( '' ),
    ( '' ),
    'SwSTEP 2.0',
    'SolidWorks 2010',
    '' );
FILE_SCHEMA (( 'CONFIG_CONTROL_DESIGN' ));
ENDSEC;

DATA;
#1 = VERTEX_POINT ( 'NONE', #180 ) ;
#2 = VERTEX_POINT ( 'NONE', #195 ) ;
#3 = VERTEX_POINT ( 'NONE', #181 ) ;
#4 = VERTEX_POINT ( 'NONE', #196 ) ;
#5 = VERTEX_POINT ( 'NONE', #178 ) ;
#6 = VERTEX_POINT ( 'NONE', #197 ) ;
#7 = VERTEX_POINT ( 'NONE', #179 ) ;
#8 = VERTEX_POINT ( 'NONE', #198 ) ;
#9 = VERTEX_POINT ( 'NONE', #199 ) ;
#10 = VERTEX_POINT ( 'NONE', #200 ) ;
#11 = VERTEX_POINT ( 'NONE', #201 ) ;
#12 = VERTEX_POINT ( 'NONE', #202 ) ;
#13 = VERTEX_POINT ( 'NONE', #203 ) ;
#14 = VERTEX_POINT ( 'NONE', #204 ) ;
#15 = VERTEX_POINT ( 'NONE', #205 ) ;
#16 = VERTEX_POINT ( 'NONE', #206 ) ;
#17 = VERTEX_POINT ( 'NONE', #207 ) ;
#18 = VERTEX_POINT ( 'NONE', #208 ) ;
#19 = VERTEX_POINT ( 'NONE', #209 ) ;
#20 = VERTEX_POINT ( 'NONE', #210 ) ;
#21 = VERTEX_POINT ( 'NONE', #211 ) ;
#22 = VERTEX_POINT ( 'NONE', #212 ) ;
#23 = VERTEX_POINT ( 'NONE', #213 ) ;
#24 = VERTEX_POINT ( 'NONE', #214 ) ;
#25 = VERTEX_POINT ( 'NONE', #215 ) ;
#26 = VERTEX_POINT ( 'NONE', #216 ) ;
#27 = VERTEX_POINT ( 'NONE', #217 ) ;
#28 = VERTEX_POINT ( 'NONE', #218 ) ;
#29 = VERTEX_POINT ( 'NONE', #219 ) ;
#30 = VERTEX_POINT ( 'NONE', #220 ) ;
#31 = VERTEX_POINT ( 'NONE', #221 ) ;
#32 = VERTEX_POINT ( 'NONE', #222 ) ;
#33 = VERTEX_POINT ( 'NONE', #223 ) ;
#34 = VERTEX_POINT ( 'NONE', #224 ) ;
#35 = VERTEX_POINT ( 'NONE', #225 ) ;
#36 = VERTEX_POINT ( 'NONE', #226 ) ;
#37 = VERTEX_POINT ( 'NONE', #227 ) ;
#38 = VERTEX_POINT ( 'NONE', #228 ) ;
#39 = VERTEX_POINT ( 'NONE', #229 ) ;
#40 = VERTEX_POINT ( 'NONE', #230 ) ;
#41 = VERTEX_POINT ( 'NONE', #231 ) ;
#42 = VERTEX_POINT ( 'NONE', #232 ) ;
#43 = VERTEX_POINT ( 'NONE', #233 ) ;
#44 = VERTEX_POINT ( 'NONE', #234 ) ;
#45 = VERTEX_POINT ( 'NONE', #235 ) ;
#46 = VERTEX_POINT ( 'NONE', #236 ) ;
#47 = VERTEX_POINT ( 'NONE', #237 ) ;
#48 = VERTEX_POINT ( 'NONE', #238 ) ;
#49 = VERTEX_POINT ( 'NONE', #239 ) ;
#50 = VERTEX_POINT ( 'NONE', #240 ) ;
#51 = VERTEX_POINT ( 'NONE', #241 ) ;
#52 = VERTEX_POINT ( 'NONE', #242 ) ;
#53 = VERTEX_POINT ( 'NONE', #243 ) ;
#54 = VERTEX_POINT ( 'NONE', #244 ) ;
#55 = VERTEX_POINT ( 'NONE', #245 ) ;
#56 = VERTEX_POINT ( 'NONE', #246 ) ;
#57 = VERTEX_POINT ( 'NONE', #247 ) ;
#58 = VERTEX_POINT ( 'NONE', #248 ) ;
#59 = VERTEX_POINT ( 'NONE', #249 ) ;
#60 = VERTEX_POINT ( 'NONE', #250 ) ;
#61 = VERTEX_POINT ( 'NONE', #251 ) ;
#62 = VERTEX_POINT ( 'NONE', #252 ) ;
#63 = VERTEX_POINT ( 'NONE', #253 ) ;
#64 = VERTEX_POINT ( 'NONE', #254 ) ;
#65 = VERTEX_POINT ( 'NONE', #255 ) ;
#66 = VERTEX_POINT ( 'NONE', #256 ) ;
#67 = VERTEX_POINT ( 'NONE', #257 ) ;
#68 = VERTEX_POINT ( 'NONE', #258 ) ;
#69 = VERTEX_POINT ( 'NONE', #259 ) ;
#70 = VERTEX_POINT ( 'NONE', #260 ) ;
#71 = VERTEX_POINT ( 'NONE', #261 ) ;
#72 = VERTEX_POINT ( 'NONE', #262 ) ;
#73 = VERTEX_POINT ( 'NONE', #263 ) ;
#74 = VERTEX_POINT ( 'NONE', #264 ) ;
#75 = VERTEX_POINT ( 'NONE', #265 ) ;
#76 = VERTEX_POINT ( 'NONE', #266 ) ;
#77 = VERTEX_POINT ( 'NONE', #267 ) ;
#78 = VERTEX_POINT ( 'NONE', #268 ) ;
#79 = VERTEX_POINT ( 'NONE', #269 ) ;
#80 = VERTEX_POINT ( 'NONE', #270 ) ;
#81 = VERTEX_POINT ( 'NONE', #271 ) ;
#82 = VERTEX_POINT ( 'NONE', #272 ) ;
#83 = VERTEX_POINT ( 'NONE', #273 ) ;
#84 = VERTEX_POINT ( 'NONE', #274 ) ;
#85 = VERTEX_POINT ( 'NONE', #275 ) ;
#86 = VERTEX_POINT ( 'NONE', #276 ) ;
#87 = VERTEX_POINT ( 'NONE', #277 ) ;
#88 = VERTEX_POINT ( 'NONE', #278 ) ;
#89 = VERTEX_POINT ( 'NONE', #279 ) ;
#90 = VERTEX_POINT ( 'NONE', #280 ) ;
#91 = VERTEX_POINT ( 'NONE', #281 ) ;
#92 = VERTEX_POINT ( 'NONE', #282 ) ;
#93 = VERTEX_POINT ( 'NONE', #283 ) ;
#94 = VERTEX_POINT ( 'NONE', #284 ) ;
#95 = VERTEX_POINT ( 'NONE', #285 ) ;
#96 = VERTEX_POINT ( 'NONE', #286 ) ;
#97 = VERTEX_POINT ( 'NONE', #287 ) ;
#98 = VERTEX_POINT ( 'NONE', #288 ) ;
#99 = VERTEX_POINT ( 'NONE', #289 ) ;
#100 = VERTEX_POINT ( 'NONE', #290 ) ;
#101 = VERTEX_POINT ( 'NONE', #291 ) ;
#102 = VERTEX_POINT ( 'NONE', #292 ) ;
#103 = VERTEX_POINT ( 'NONE', #293 ) ;
#104 = VERTEX_POINT ( 'NONE', #294 ) ;
#105 = VERTEX_POINT ( 'NONE', #295 ) ;
#106 = VERTEX_POINT ( 'NONE', #296 ) ;
#107 = VERTEX_POINT ( 'NONE', #297 ) ;
#108 = VERTEX_POINT ( 'NONE', #298 ) ;
#109 = VERTEX_POINT ( 'NONE', #299 ) ;
#110 = VERTEX_POINT ( 'NONE', #300 ) ;
#111 = VERTEX_POINT ( 'NONE', #301 ) ;
#112 = VERTEX_POINT ( 'NONE', #302 ) ;
#113 = VERTEX_POINT ( 'NONE', #303 ) ;
#114 = VERTEX_POINT ( 'NONE', #304 ) ;
#115 = VERTEX_POINT ( 'NONE', #305 ) ;
#116 = VERTEX_POINT ( 'NONE', #306 ) ;
#117 = VERTEX_POINT ( 'NONE', #307 ) ;
#118 = VERTEX_POINT ( 'NONE', #308 ) ;
#119 = VERTEX_POINT ( 'NONE', #309 ) ;
#120 = VERTEX_POINT ( 'NONE', #310 ) ;
#121 = VERTEX_POINT ( 'NONE', #311 ) ;
#122 = VERTEX_POINT ( 'NONE', #312 ) ;
#123 = VERTEX_POINT ( 'NONE', #313 ) ;
#124 = VERTEX_POINT ( 'NONE', #314 ) ;
#125 = VERTEX_POINT ( 'NONE', #315 ) ;
#126 = VERTEX_POINT ( 'NONE', #316 ) ;
#127 = VERTEX_POINT ( 'NONE', #317 ) ;
#128 = VERTEX_POINT ( 'NONE', #318 ) ;
#129 = VERTEX_POINT ( 'NONE', #319 ) ;
#130 = VERTEX_POINT ( 'NONE', #320 ) ;
#131 = VERTEX_POINT ( 'NONE', #321 ) ;
#132 = VERTEX_POINT ( 'NONE', #322 ) ;
#133 = VERTEX_POINT ( 'NONE', #323 ) ;
#134 = VERTEX_POINT ( 'NONE', #324 ) ;
#135 = VERTEX_POINT ( 'NONE', #325 ) ;
#136 = VERTEX_POINT ( 'NONE', #326 ) ;
#137 = VERTEX_POINT ( 'NONE', #327 ) ;
#138 = VERTEX_POINT ( 'NONE', #328 ) ;
#139 = VERTEX_POINT ( 'NONE', #329 ) ;
#140 = VERTEX_POINT ( 'NONE', #330 ) ;
#141 = VERTEX_POINT ( 'NONE', #331 ) ;
#142 = VERTEX_POINT ( 'NONE', #332 ) ;
#143 = VERTEX_POINT ( 'NONE', #333 ) ;
#144 = VERTEX_POINT ( 'NONE', #334 ) ;
#145 = VERTEX_POINT ( 'NONE', #335 ) ;
#146 = VERTEX_POINT ( 'NONE', #336 ) ;
#147 = VERTEX_POINT ( 'NONE', #337 ) ;
#148 = VERTEX_POINT ( 'NONE', #338 ) ;
#149 = VERTEX_POINT ( 'NONE', #339 ) ;
#150 = VERTEX_POINT ( 'NONE', #340 ) ;
#151 = VERTEX_POINT ( 'NONE', #341 ) ;
#152 = VERTEX_POINT ( 'NONE', #342 ) ;
#153 = VERTEX_POINT ( 'NONE', #343 ) ;
#154 = VERTEX_POINT ( 'NONE', #344 ) ;
#155 = VERTEX_POINT ( 'NONE', #345 ) ;
#156 = VERTEX_POINT ( 'NONE', #346 ) ;
#157 = VERTEX_POINT ( 'NONE', #347 ) ;
#158 = VERTEX_POINT ( 'NONE', #348 ) ;
#159 = VERTEX_POINT ( 'NONE', #349 ) ;
#160 = VERTEX_POINT ( 'NONE', #350 ) ;
#161 = VERTEX_POINT ( 'NONE', #351 ) ;
#162 = VERTEX_POINT ( 'NONE', #352 ) ;
#163 = VERTEX_POINT ( 'NONE', #353 ) ;
#164 = VERTEX_POINT ( 'NONE', #354 ) ;
#165 = VERTEX_POINT ( 'NONE', #355 ) ;
#166 = VERTEX_POINT ( 'NONE', #356 ) ;
#167 = VERTEX_POINT ( 'NONE', #357 ) ;
#168 = VERTEX_POINT ( 'NONE', #358 ) ;
#169 = VERTEX_POINT ( 'NONE', #359 ) ;
#170 = VERTEX_POINT ( 'NONE', #360 ) ;
#171 = VERTEX_POINT ( 'NONE', #361 ) ;
#172 = VERTEX_POINT ( 'NONE', #362 ) ;
#173 = VERTEX_POINT ( 'NONE', #363 ) ;
#174 = VERTEX_POINT ( 'NONE', #364 ) ;
#175 = VERTEX_POINT ( 'NONE', #365 ) ;
#176 = VERTEX_POINT ( 'NONE', #366 ) ;
#177 = VERTEX_POINT ( 'NONE', #367 ) ;
#178 = CARTESIAN_POINT ( 'NONE',  ( 2.350000000000001000, -19.10000000000000100, -1.734723475976807100E-015 ) ) ;
#179 = CARTESIAN_POINT ( 'NONE',  ( -2.449999999999998400, -17.64000000000000400, 2.199999999999998800 ) ) ;
#180 = CARTESIAN_POINT ( 'NONE',  ( -8.499999999999996400, -12.70000000000000100, -0.7000000000000022900 ) ) ;
#181 = CARTESIAN_POINT ( 'NONE',  ( -2.949999999999998800, -14.19999999999999900, 5.449999999999998400 ) ) ;
#182 = VERTEX_POINT ( 'NONE', #368 ) ;
#183 = VERTEX_POINT ( 'NONE', #369 ) ;
#184 = VERTEX_POINT ( 'NONE', #370 ) ;
#185 = VERTEX_POINT ( 'NONE', #371 ) ;
#186 = VERTEX_POINT ( 'NONE', #372 ) ;
#187 = VERTEX_POINT ( 'NONE', #373 ) ;
#188 = VERTEX_POINT ( 'NONE', #374 ) ;
#189 = VERTEX_POINT ( 'NONE', #375 ) ;
#190 = VERTEX_POINT ( 'NONE', #376 ) ;
#191 = VERTEX_POINT ( 'NONE', #377 ) ;
#192 = VERTEX_POINT ( 'NONE', #378 ) ;
#193 = VERTEX_POINT ( 'NONE', #379 ) ;
#194 = VERTEX_POINT ( 'NONE', #380 ) ;
#195 = CARTESIAN_POINT ( 'NONE',  ( 1.550000000000000700, -19.10000000000000100, -1.734723475976807100E-015 ) ) ;
#196 = CARTESIAN_POINT ( 'NONE',  ( -2.949999999999998800, -14.20000000000000100, 5.799999999999998000 ) ) ;
#197 = CARTESIAN_POINT ( 'NONE',  ( 2.350000000000000100, -19.10000000000000100, 5.999999999999998200 ) ) ;
#198 = CARTESIAN_POINT ( 'NONE',  ( -2.449999999999998400, -15.80000000000000100, 2.199999999999998400 ) ) ;
#199 = CARTESIAN_POINT ( 'NONE',  ( -2.449999999999998400, -17.64000000000000400, 3.799999999999998500 ) ) ;
#200 = CARTESIAN_POINT ( 'NONE',  ( -2.449999999999998400, -15.80000000000000100, 3.799999999999998000 ) ) ;
#201 = CARTESIAN_POINT ( 'NONE',  ( -0.09999999999999988100, -17.80000000000000400, 5.749999999999998200 ) ) ;
#202 = CARTESIAN_POINT ( 'NONE',  ( -0.09999999999999993600, -17.80000000000000400, 6.249999999999997300 ) ) ;
#203 = CARTESIAN_POINT ( 'NONE',  ( 0.4000000000000003000, -17.80000000000000400, 5.749999999999998200 ) ) ;
#204 = CARTESIAN_POINT ( 'NONE',  ( 0.4000000000000000800, -17.80000000000000400, 6.249999999999997300 ) ) ;
#205 = CARTESIAN_POINT ( 'NONE',  ( -0.09999999999999993600, -17.80000000000000400, 3.749999999999998200 ) ) ;
#206 = CARTESIAN_POINT ( 'NONE',  ( -0.09999999999999999200, -17.80000000000000400, 4.249999999999997300 ) ) ;
#207 = CARTESIAN_POINT ( 'NONE',  ( 0.4000000000000000200, 1.950000000000000200, -2.600000000000000500 ) ) ;
#208 = CARTESIAN_POINT ( 'NONE',  ( 0.4000000000000000800, 1.950000000000000200, -2.200000000000000200 ) ) ;
#209 = CARTESIAN_POINT ( 'NONE',  ( 0.5999999999999998700, 1.950000000000000200, 7.399999999999998600 ) ) ;
#210 = CARTESIAN_POINT ( 'NONE',  ( 0.0000000000000000000, 1.950000000000000200, 8.599999999999999600 ) ) ;
#211 = CARTESIAN_POINT ( 'NONE',  ( -0.6000000000000000900, 1.950000000000000200, 7.399999999999998600 ) ) ;
#212 = CARTESIAN_POINT ( 'NONE',  ( -0.4000000000000000200, 1.950000000000000200, 7.399999999999998600 ) ) ;
#213 = CARTESIAN_POINT ( 'NONE',  ( -0.4000000000000000200, 1.950000000000000200, 6.999999999999999100 ) ) ;
#214 = CARTESIAN_POINT ( 'NONE',  ( 0.4000000000000000200, 1.950000000000000200, 6.999999999999999100 ) ) ;
#215 = CARTESIAN_POINT ( 'NONE',  ( 0.4000000000000000800, 1.950000000000000200, 7.399999999999998600 ) ) ;
#216 = CARTESIAN_POINT ( 'NONE',  ( -3.499999999999998700, -12.70000000000000100, -2.400000000000003000 ) ) ;
#217 = CARTESIAN_POINT ( 'NONE',  ( -3.499999999999998700, -12.60000000000000100, -2.400000000000003000 ) ) ;
#218 = CARTESIAN_POINT ( 'NONE',  ( -3.499999999999998700, -12.70000000000000100, -0.7000000000000022900 ) ) ;
#219 = CARTESIAN_POINT ( 'NONE',  ( -3.499999999999998700, -14.20000000000000100, 0.1999999999999973700 ) ) ;
#220 = CARTESIAN_POINT ( 'NONE',  ( -3.499999999999998700, -14.20000000000000100, 5.799999999999998000 ) ) ;
#221 = CARTESIAN_POINT ( 'NONE',  ( -3.499999999999998700, -12.60000000000000100, 8.399999999999998600 ) ) ;
#222 = CARTESIAN_POINT ( 'NONE',  ( 1.550000000000000500, -19.10000000000000100, 5.999999999999998200 ) ) ;
#223 = CARTESIAN_POINT ( 'NONE',  ( 2.500000000000000000, -6.700000000000001100, 0.0000000000000000000 ) ) ;
#224 = CARTESIAN_POINT ( 'NONE',  ( 2.500000000000000000, -7.400000000000001200, 0.0000000000000000000 ) ) ;
#225 = CARTESIAN_POINT ( 'NONE',  ( 3.000000000000000000, -7.400000000000001200, 0.0000000000000000000 ) ) ;
#226 = CARTESIAN_POINT ( 'NONE',  ( -0.3999999999999999700, -0.5999999999999999800, -0.1000000000000000100 ) ) ;
#227 = CARTESIAN_POINT ( 'NONE',  ( -0.4000000000000001300, 0.5999999999999999800, -0.1000000000000000100 ) ) ;
#228 = CARTESIAN_POINT ( 'NONE',  ( 0.3999999999999999100, 0.5999999999999999800, -0.1000000000000000100 ) ) ;
#229 = CARTESIAN_POINT ( 'NONE',  ( 0.4000000000000000800, -0.5999999999999999800, -0.1000000000000000100 ) ) ;
#230 = CARTESIAN_POINT ( 'NONE',  ( -0.4000000000000001300, 0.5999999999999999800, 6.100000000000000500 ) ) ;
#231 = CARTESIAN_POINT ( 'NONE',  ( -0.3999999999999999700, -0.5999999999999999800, 6.100000000000000500 ) ) ;
#232 = CARTESIAN_POINT ( 'NONE',  ( 0.4000000000000000800, -0.5999999999999999800, 6.100000000000000500 ) ) ;
#233 = CARTESIAN_POINT ( 'NONE',  ( 0.3999999999999999100, 0.5999999999999999800, 6.100000000000000500 ) ) ;
#234 = CARTESIAN_POINT ( 'NONE',  ( 0.5999999999999998700, 1.950000000000000200, -2.200000000000000200 ) ) ;
#235 = CARTESIAN_POINT ( 'NONE',  ( 0.0000000000000000000, 1.950000000000000200, -1.000000000000000000 ) ) ;
#236 = CARTESIAN_POINT ( 'NONE',  ( -0.6000000000000000900, 1.950000000000000200, -2.200000000000000200 ) ) ;
#237 = CARTESIAN_POINT ( 'NONE',  ( -0.4000000000000000200, 1.950000000000000200, -2.200000000000000200 ) ) ;
#238 = CARTESIAN_POINT ( 'NONE',  ( -0.4000000000000000200, 1.950000000000000200, -2.600000000000000500 ) ) ;
#239 = CARTESIAN_POINT ( 'NONE',  ( -2.949999999999998000, -20.40000000000000200, 0.1999999999999974900 ) ) ;
#240 = CARTESIAN_POINT ( 'NONE',  ( -3.499999999999998700, -20.40000000000000200, 0.1999999999999979300 ) ) ;
#241 = CARTESIAN_POINT ( 'NONE',  ( 0.5999999999999998700, 2.000000000000000000, -2.200000000000000200 ) ) ;
#242 = CARTESIAN_POINT ( 'NONE',  ( 0.4000000000000000800, 2.000000000000000000, -2.200000000000000200 ) ) ;
#243 = CARTESIAN_POINT ( 'NONE',  ( 0.0000000000000000000, 2.000000000000000000, -1.000000000000000000 ) ) ;
#244 = CARTESIAN_POINT ( 'NONE',  ( -0.6000000000000000900, 2.000000000000000000, -2.200000000000000200 ) ) ;
#245 = CARTESIAN_POINT ( 'NONE',  ( -0.4000000000000000200, 2.000000000000000000, -2.200000000000000200 ) ) ;
#246 = CARTESIAN_POINT ( 'NONE',  ( -0.4000000000000000200, 2.000000000000000000, -2.600000000000000500 ) ) ;
#247 = CARTESIAN_POINT ( 'NONE',  ( 0.4000000000000000200, 2.000000000000000000, -2.600000000000000500 ) ) ;
#248 = CARTESIAN_POINT ( 'NONE',  ( 3.000000000000000000, 2.000000000000000000, 0.0000000000000000000 ) ) ;
#249 = CARTESIAN_POINT ( 'NONE',  ( -0.3999999999999997400, -0.5999999999999998700, 0.0000000000000000000 ) ) ;
#250 = CARTESIAN_POINT ( 'NONE',  ( 0.4000000000000000800, -0.5999999999999999800, 0.0000000000000000000 ) ) ;
#251 = CARTESIAN_POINT ( 'NONE',  ( -0.4000000000000001300, 0.5999999999999999800, 0.0000000000000000000 ) ) ;
#252 = CARTESIAN_POINT ( 'NONE',  ( 0.3999999999999999100, 0.5999999999999999800, 0.0000000000000000000 ) ) ;
#253 = CARTESIAN_POINT ( 'NONE',  ( -2.500000000000000000, -7.400000000000001200, 0.0000000000000000000 ) ) ;
#254 = CARTESIAN_POINT ( 'NONE',  ( -2.500000000000000000, -6.700000000000001100, 0.0000000000000000000 ) ) ;
#255 = CARTESIAN_POINT ( 'NONE',  ( -8.500000000000000000, -20.40000000000000200, -0.7000000000000027300 ) ) ;
#256 = CARTESIAN_POINT ( 'NONE',  ( -3.499999999999998700, -20.40000000000000200, 8.399999999999998600 ) ) ;
#257 = CARTESIAN_POINT ( 'NONE',  ( -3.499999999999998700, -20.40000000000000200, 5.799999999999998000 ) ) ;
#258 = CARTESIAN_POINT ( 'NONE',  ( -2.949999999999998800, -20.40000000000000200, 5.799999999999998000 ) ) ;
#259 = CARTESIAN_POINT ( 'NONE',  ( -2.949999999999998800, -20.40000000000000200, 7.999999999999996400 ) ) ;
#260 = CARTESIAN_POINT ( 'NONE',  ( 0.5000000000000000000, -20.40000000000000200, 7.999999999999996400 ) ) ;
#261 = CARTESIAN_POINT ( 'NONE',  ( 0.5000000000000000000, -20.40000000000000200, 7.199999999999998400 ) ) ;
#262 = CARTESIAN_POINT ( 'NONE',  ( 1.550000000000000500, -20.40000000000000200, 7.199999999999998400 ) ) ;
#263 = CARTESIAN_POINT ( 'NONE',  ( 1.550000000000000300, -20.40000000000000200, 5.999999999999998200 ) ) ;
#264 = CARTESIAN_POINT ( 'NONE',  ( 2.350000000000000100, -20.40000000000000200, 5.999999999999998200 ) ) ;
#265 = CARTESIAN_POINT ( 'NONE',  ( 2.350000000000001000, -20.40000000000000200, -1.734723475976807100E-015 ) ) ;
#266 = CARTESIAN_POINT ( 'NONE',  ( 1.550000000000000700, -20.40000000000000200, -1.734723475976807100E-015 ) ) ;
#267 = CARTESIAN_POINT ( 'NONE',  ( 1.550000000000000300, -20.40000000000000200, -1.200000000000002600 ) ) ;
#268 = CARTESIAN_POINT ( 'NONE',  ( 0.5000000000000000000, -20.40000000000000200, -1.200000000000002400 ) ) ;
#269 = CARTESIAN_POINT ( 'NONE',  ( 0.5000000000000000000, -20.40000000000000200, -2.000000000000002700 ) ) ;
#270 = CARTESIAN_POINT ( 'NONE',  ( -2.949999999999997500, -20.40000000000000200, -2.000000000000002700 ) ) ;
#271 = CARTESIAN_POINT ( 'NONE',  ( 3.000000000000000000, 2.000000000000000000, 6.000000000000000000 ) ) ;
#272 = CARTESIAN_POINT ( 'NONE',  ( 3.000000000000000000, -7.400000000000001200, 6.000000000000000000 ) ) ;
#273 = CARTESIAN_POINT ( 'NONE',  ( 2.500000000000000000, -7.400000000000001200, 6.000000000000000000 ) ) ;
#274 = CARTESIAN_POINT ( 'NONE',  ( 2.500000000000000000, -6.700000000000001100, 6.000000000000000000 ) ) ;
#275 = CARTESIAN_POINT ( 'NONE',  ( -2.500000000000000000, -6.700000000000001100, 6.000000000000000000 ) ) ;
#276 = CARTESIAN_POINT ( 'NONE',  ( -2.500000000000000000, -7.400000000000001200, 6.000000000000000000 ) ) ;
#277 = CARTESIAN_POINT ( 'NONE',  ( 0.5999999999999998700, 2.000000000000000000, 7.399999999999998600 ) ) ;
#278 = CARTESIAN_POINT ( 'NONE',  ( 0.4000000000000000800, 2.000000000000000000, 7.399999999999998600 ) ) ;
#279 = CARTESIAN_POINT ( 'NONE',  ( 0.0000000000000000000, 2.000000000000000000, 8.599999999999999600 ) ) ;
#280 = CARTESIAN_POINT ( 'NONE',  ( -0.6000000000000000900, 2.000000000000000000, 7.399999999999998600 ) ) ;
#281 = CARTESIAN_POINT ( 'NONE',  ( -0.4000000000000000200, 2.000000000000000000, 7.399999999999998600 ) ) ;
#282 = CARTESIAN_POINT ( 'NONE',  ( -0.4000000000000000200, 2.000000000000000000, 6.999999999999999100 ) ) ;
#283 = CARTESIAN_POINT ( 'NONE',  ( 0.4000000000000000200, 2.000000000000000000, 6.999999999999999100 ) ) ;
#284 = CARTESIAN_POINT ( 'NONE',  ( 3.000000000000000000, 2.000000000000000000, 9.700000000000001100 ) ) ;
#285 = CARTESIAN_POINT ( 'NONE',  ( 3.000000000000000000, -20.40000000000000200, 9.700000000000001100 ) ) ;
#286 = CARTESIAN_POINT ( 'NONE',  ( -3.499999999999998700, -20.40000000000000200, -0.7000000000000029500 ) ) ;
#287 = CARTESIAN_POINT ( 'NONE',  ( -3.000000000000000000, 2.000000000000000000, 6.000000000000000000 ) ) ;
#288 = CARTESIAN_POINT ( 'NONE',  ( -3.000000000000000000, -7.400000000000001200, 6.000000000000000000 ) ) ;
#289 = CARTESIAN_POINT ( 'NONE',  ( -3.000000000000000000, -7.400000000000001200, 0.0000000000000000000 ) ) ;
#290 = CARTESIAN_POINT ( 'NONE',  ( -3.000000000000000000, 2.000000000000000000, 0.0000000000000000000 ) ) ;
#291 = CARTESIAN_POINT ( 'NONE',  ( -2.200000000000000200, -6.400000000000001200, 6.000000000000000000 ) ) ;
#292 = CARTESIAN_POINT ( 'NONE',  ( -2.200000000000000200, -6.400000000000001200, 0.0000000000000000000 ) ) ;
#293 = CARTESIAN_POINT ( 'NONE',  ( 2.200000000000000200, -6.400000000000001200, 6.000000000000000000 ) ) ;
#294 = CARTESIAN_POINT ( 'NONE',  ( 2.200000000000000200, -6.400000000000001200, 0.0000000000000000000 ) ) ;
#295 = CARTESIAN_POINT ( 'NONE',  ( -0.3999999999999997400, 0.5999999999999998700, 6.000000000000000000 ) ) ;
#296 = CARTESIAN_POINT ( 'NONE',  ( 0.3999999999999999100, 0.5999999999999999800, 6.000000000000000000 ) ) ;
#297 = CARTESIAN_POINT ( 'NONE',  ( -0.3999999999999999700, -0.5999999999999999800, 6.000000000000000000 ) ) ;
#298 = CARTESIAN_POINT ( 'NONE',  ( 0.4000000000000000800, -0.5999999999999999800, 6.000000000000000000 ) ) ;
#299 = CARTESIAN_POINT ( 'NONE',  ( -8.599999999999996100, -16.30000000000000100, -0.7000000000000015100 ) ) ;
#300 = CARTESIAN_POINT ( 'NONE',  ( 0.4000000000000001900, -17.80000000000000400, 1.749999999999998000 ) ) ;
#301 = CARTESIAN_POINT ( 'NONE',  ( -3.000000000000000000, 2.000000000000000000, 9.700000000000001100 ) ) ;
#302 = CARTESIAN_POINT ( 'NONE',  ( -10.49999999999999800, -14.70000000000000100, -0.7000000000000024000 ) ) ;
#303 = CARTESIAN_POINT ( 'NONE',  ( -3.000000000000000000, -20.40000000000000200, 9.700000000000001100 ) ) ;
#304 = CARTESIAN_POINT ( 'NONE',  ( -0.1000000000000000500, -17.80000000000000400, -0.2500000000000019400 ) ) ;
#305 = CARTESIAN_POINT ( 'NONE',  ( -3.000000000000000000, -20.40000000000000200, 8.899999999999998600 ) ) ;
#306 = CARTESIAN_POINT ( 'NONE',  ( -3.000000000000000000, -12.10000000000000100, 8.899999999999998600 ) ) ;
#307 = CARTESIAN_POINT ( 'NONE',  ( -3.000000000000000000, -12.10000000000000100, -2.900000000000003000 ) ) ;
#308 = CARTESIAN_POINT ( 'NONE',  ( -3.000000000000000000, -12.70000000000000100, -2.900000000000002600 ) ) ;
#309 = CARTESIAN_POINT ( 'NONE',  ( 0.5000000000000000000, -18.60000000000000100, 7.199999999999998400 ) ) ;
#310 = CARTESIAN_POINT ( 'NONE',  ( -2.949999999999998800, -18.60000000000000100, 5.449999999999998400 ) ) ;
#311 = CARTESIAN_POINT ( 'NONE',  ( -2.949999999999998800, -18.60000000000000100, 5.799999999999998000 ) ) ;
#312 = CARTESIAN_POINT ( 'NONE',  ( -2.949999999999998800, -18.60000000000000100, 7.999999999999996400 ) ) ;
#313 = CARTESIAN_POINT ( 'NONE',  ( 0.5000000000000000000, -18.60000000000000100, 7.999999999999996400 ) ) ;
#314 = CARTESIAN_POINT ( 'NONE',  ( -1.149999999999999700, -18.60000000000000100, 7.199999999999998400 ) ) ;
#315 = CARTESIAN_POINT ( 'NONE',  ( -1.149999999999999700, -18.60000000000000100, -1.200000000000002600 ) ) ;
#316 = CARTESIAN_POINT ( 'NONE',  ( 0.5000000000000000000, -18.60000000000000100, -1.200000000000002600 ) ) ;
#317 = CARTESIAN_POINT ( 'NONE',  ( 0.5000000000000000000, -18.60000000000000100, -2.000000000000002700 ) ) ;
#318 = CARTESIAN_POINT ( 'NONE',  ( -2.949999999999997500, -18.60000000000000100, -2.000000000000002700 ) ) ;
#319 = CARTESIAN_POINT ( 'NONE',  ( 1.163414459189980800E-016, 0.6999999999999925200, -6.200000000000002000 ) ) ;
#320 = CARTESIAN_POINT ( 'NONE',  ( 0.0000000000000000000, -0.6999999999999920700, -6.200000000000002000 ) ) ;
#321 = CARTESIAN_POINT ( 'NONE',  ( 1.469576158976823600E-016, 1.200000000000000200, -5.699999999999994000 ) ) ;
#322 = CARTESIAN_POINT ( 'NONE',  ( 0.0000000000000000000, -1.199999999999999700, -5.699999999999994000 ) ) ;
#323 = CARTESIAN_POINT ( 'NONE',  ( 1.469576158976823600E-016, 1.200000000000000200, -3.700000000000002000 ) ) ;
#324 = CARTESIAN_POINT ( 'NONE',  ( 0.0000000000000000000, -1.199999999999999700, -3.700000000000002000 ) ) ;
#325 = CARTESIAN_POINT ( 'NONE',  ( 3.000000000000000000, -20.40000000000000200, -3.700000000000002800 ) ) ;
#326 = CARTESIAN_POINT ( 'NONE',  ( -8.500000000000000000, -20.40000000000000200, -3.700000000000002800 ) ) ;
#327 = CARTESIAN_POINT ( 'NONE',  ( -10.50000000000000000, -18.39999999999999900, -3.700000000000002800 ) ) ;
#328 = CARTESIAN_POINT ( 'NONE',  ( -10.49999999999999800, -14.70000000000000100, -3.700000000000002400 ) ) ;
#329 = CARTESIAN_POINT ( 'NONE',  ( -8.499999999999996400, -12.70000000000000100, -3.700000000000002400 ) ) ;
#330 = CARTESIAN_POINT ( 'NONE',  ( -3.000000000000000000, -12.70000000000000100, -3.700000000000002400 ) ) ;
#331 = CARTESIAN_POINT ( 'NONE',  ( -3.000000000000000000, 2.000000000000000000, -3.700000000000002000 ) ) ;
#332 = CARTESIAN_POINT ( 'NONE',  ( 3.000000000000000000, 2.000000000000000000, -3.700000000000002000 ) ) ;
#333 = CARTESIAN_POINT ( 'NONE',  ( -8.599999999999992500, -15.80000000000000100, -3.700000000000002800 ) ) ;
#334 = CARTESIAN_POINT ( 'NONE',  ( -8.599999999999996100, -16.30000000000000100, -3.700000000000002800 ) ) ;
#335 = CARTESIAN_POINT ( 'NONE',  ( -5.399999999999996800, -16.30000000000000100, -3.700000000000002800 ) ) ;
#336 = CARTESIAN_POINT ( 'NONE',  ( -5.399999999999990600, -15.80000000000000100, -3.700000000000002800 ) ) ;
#337 = CARTESIAN_POINT ( 'NONE',  ( -0.09999999999999993600, -14.60000000000000100, 6.249999999999997300 ) ) ;
#338 = CARTESIAN_POINT ( 'NONE',  ( -0.1000000000000000500, -14.60000000000000100, 5.749999999999998200 ) ) ;
#339 = CARTESIAN_POINT ( 'NONE',  ( 0.4000000000000001900, -14.60000000000000100, 6.249999999999997300 ) ) ;
#340 = CARTESIAN_POINT ( 'NONE',  ( 0.4000000000000001900, -14.60000000000000100, 5.749999999999998200 ) ) ;
#341 = CARTESIAN_POINT ( 'NONE',  ( -1.149999999999999700, -14.60000000000000100, 7.199999999999998400 ) ) ;
#342 = CARTESIAN_POINT ( 'NONE',  ( 1.550000000000000300, -14.60000000000000100, -1.200000000000002600 ) ) ;
#343 = CARTESIAN_POINT ( 'NONE',  ( -1.149999999999999700, -14.60000000000000100, -1.200000000000002600 ) ) ;
#344 = CARTESIAN_POINT ( 'NONE',  ( 1.550000000000000500, -14.60000000000000100, 7.199999999999998400 ) ) ;
#345 = CARTESIAN_POINT ( 'NONE',  ( 0.4000000000000000200, -14.60000000000000100, 0.2499999999999976100 ) ) ;
#346 = CARTESIAN_POINT ( 'NONE',  ( 0.4000000000000001900, -14.60000000000000100, 3.749999999999998200 ) ) ;
#347 = CARTESIAN_POINT ( 'NONE',  ( -0.1000000000000000500, -14.60000000000000100, 2.249999999999997800 ) ) ;
#348 = CARTESIAN_POINT ( 'NONE',  ( -1.849999999999998500, -15.80000000000000100, 3.799999999999998000 ) ) ;
#349 = CARTESIAN_POINT ( 'NONE',  ( -0.1000000000000001000, -14.60000000000000100, 0.2499999999999976100 ) ) ;
#350 = CARTESIAN_POINT ( 'NONE',  ( -2.949999999999998800, -18.60000000000000100, 0.5499999999999972700 ) ) ;
#351 = CARTESIAN_POINT ( 'NONE',  ( -1.849999999999998500, -14.19999999999999900, 5.449999999999998400 ) ) ;
#352 = CARTESIAN_POINT ( 'NONE',  ( -2.949999999999998800, -14.20000000000000100, 0.1999999999999973700 ) ) ;
#353 = CARTESIAN_POINT ( 'NONE',  ( -1.849999999999998500, -15.80000000000000100, 2.199999999999998400 ) ) ;
#354 = CARTESIAN_POINT ( 'NONE',  ( -0.1000000000000001600, -14.60000000000000100, 1.749999999999998000 ) ) ;
#355 = CARTESIAN_POINT ( 'NONE',  ( -1.849999999999998500, -18.60000000000000100, 0.5499999999999972700 ) ) ;
#356 = CARTESIAN_POINT ( 'NONE',  ( 0.4000000000000000800, -14.60000000000000100, 2.249999999999997800 ) ) ;
#357 = CARTESIAN_POINT ( 'NONE',  ( -1.849999999999998500, -14.20000000000000100, 0.5499999999999972700 ) ) ;
#358 = CARTESIAN_POINT ( 'NONE',  ( -0.09999999999999999200, -14.60000000000000100, 4.249999999999997300 ) ) ;
#359 = CARTESIAN_POINT ( 'NONE',  ( 0.4000000000000001900, -14.60000000000000100, 4.249999999999997300 ) ) ;
#360 = CARTESIAN_POINT ( 'NONE',  ( -2.949999999999998000, -18.60000000000000100, 0.1999999999999974900 ) ) ;
#361 = CARTESIAN_POINT ( 'NONE',  ( -0.1000000000000000500, -14.60000000000000100, 3.749999999999998200 ) ) ;
#362 = CARTESIAN_POINT ( 'NONE',  ( -1.849999999999998500, -18.60000000000000100, 5.449999999999998400 ) ) ;
#363 = CARTESIAN_POINT ( 'NONE',  ( -0.1000000000000002100, -14.60000000000000100, -0.2500000000000019400 ) ) ;
#364 = CARTESIAN_POINT ( 'NONE',  ( -1.849999999999998500, -17.64000000000000400, 2.199999999999998800 ) ) ;
#365 = CARTESIAN_POINT ( 'NONE',  ( 0.4000000000000000800, -14.60000000000000100, 1.749999999999998000 ) ) ;
#366 = CARTESIAN_POINT ( 'NONE',  ( -2.949999999999998800, -14.20000000000000100, 0.5499999999999972700 ) ) ;
#367 = CARTESIAN_POINT ( 'NONE',  ( 0.4000000000000000200, -14.60000000000000100, -0.2500000000000019400 ) ) ;
#368 = CARTESIAN_POINT ( 'NONE',  ( -1.849999999999998500, -17.64000000000000400, 3.799999999999998500 ) ) ;
#369 = CARTESIAN_POINT ( 'NONE',  ( 0.4000000000000002400, -17.80000000000000400, 3.749999999999998200 ) ) ;
#370 = CARTESIAN_POINT ( 'NONE',  ( 0.4000000000000001300, -17.80000000000000400, -0.2500000000000019400 ) ) ;
#371 = CARTESIAN_POINT ( 'NONE',  ( -0.1000000000000001000, -17.80000000000000400, 0.2499999999999976100 ) ) ;
#372 = CARTESIAN_POINT ( 'NONE',  ( -5.399999999999996800, -15.80000000000000100, -0.7000000000000015100 ) ) ;
#373 = CARTESIAN_POINT ( 'NONE',  ( -5.399999999999996800, -16.30000000000000100, -0.7000000000000025100 ) ) ;
#374 = CARTESIAN_POINT ( 'NONE',  ( 0.3999999999999999100, -17.80000000000000400, 0.2499999999999976100 ) ) ;
#375 = CARTESIAN_POINT ( 'NONE',  ( -10.50000000000000000, -18.39999999999999900, -0.7000000000000026200 ) ) ;
#376 = CARTESIAN_POINT ( 'NONE',  ( 0.3999999999999999700, -17.80000000000000400, 2.249999999999997800 ) ) ;
#377 = CARTESIAN_POINT ( 'NONE',  ( -0.1000000000000000500, -17.80000000000000400, 2.249999999999997800 ) ) ;
#378 = CARTESIAN_POINT ( 'NONE',  ( -0.09999999999999999200, -17.80000000000000400, 1.749999999999998000 ) ) ;
#379 = CARTESIAN_POINT ( 'NONE',  ( 0.4000000000000000200, -17.80000000000000400, 4.249999999999997300 ) ) ;
#380 = CARTESIAN_POINT ( 'NONE',  ( -8.599999999999992500, -15.80000000000000100, -0.7000000000000015100 ) ) ;
#381 = CARTESIAN_POINT ( 'NONE',  ( 0.4000000000000000200, -14.60000000000000100, 4.249999999999997300 ) ) ;
#382 = DIRECTION ( 'NONE',  ( -4.336808689942021200E-016, -0.0000000000000000000, 1.000000000000000000 ) ) ;
#383 = CARTESIAN_POINT ( 'NONE',  ( 1.550000000000000300, -14.60000000000000100, -1.200000000000002600 ) ) ;
#384 = CARTESIAN_POINT ( 'NONE',  ( -0.09999999999999999200, -14.60000000000000100, 4.249999999999997300 ) ) ;
#385 = DIRECTION ( 'NONE',  ( 2.581433744013105600E-017, 0.0000000000000000000, 1.000000000000000000 ) ) ;
#386 = CARTESIAN_POINT ( 'NONE',  ( -0.09999999999999999200, -14.60000000000000100, 4.249999999999997300 ) ) ;
#387 = DIRECTION ( 'NONE',  ( -1.000000000000000000, -0.0000000000000000000, -0.0000000000000000000 ) ) ;
#388 = CARTESIAN_POINT ( 'NONE',  ( -0.09999999999999993600, -14.60000000000000100, 3.749999999999998200 ) ) ;
#389 = DIRECTION ( 'NONE',  ( 1.084202172485505300E-016, 0.0000000000000000000, -1.000000000000000000 ) ) ;
#390 = CARTESIAN_POINT ( 'NONE',  ( -0.1000000000000000500, -14.60000000000000100, 2.249999999999997800 ) ) ;
#391 = DIRECTION ( 'NONE',  ( 1.000000000000000000, 0.0000000000000000000, 0.0000000000000000000 ) ) ;
#392 = CARTESIAN_POINT ( 'NONE',  ( -0.1000000000000000500, -14.60000000000000100, 2.249999999999997800 ) ) ;
#393 = DIRECTION ( 'NONE',  ( 1.084202172485505300E-016, 0.0000000000000000000, -1.000000000000000000 ) ) ;
#394 = CARTESIAN_POINT ( 'NONE',  ( 0.3999999999999999700, -14.60000000000000100, 2.249999999999997800 ) ) ;
#395 = DIRECTION ( 'NONE',  ( -1.000000000000000000, -0.0000000000000000000, -0.0000000000000000000 ) ) ;
#396 = CARTESIAN_POINT ( 'NONE',  ( -0.09999999999999999200, -14.60000000000000100, 1.749999999999998000 ) ) ;
#397 = DIRECTION ( 'NONE',  ( -4.336808689942021200E-016, -0.0000000000000000000, 1.000000000000000000 ) ) ;
#398 = CARTESIAN_POINT ( 'NONE',  ( -0.1000000000000001000, -14.60000000000000100, 0.2499999999999976100 ) ) ;
#399 = DIRECTION ( 'NONE',  ( 1.000000000000000000, 0.0000000000000000000, 0.0000000000000000000 ) ) ;
#400 = CARTESIAN_POINT ( 'NONE',  ( -0.1000000000000001000, -14.60000000000000100, 0.2499999999999976100 ) ) ;
#401 = DIRECTION ( 'NONE',  ( 1.084202172485505300E-016, 0.0000000000000000000, -1.000000000000000000 ) ) ;
#402 = CARTESIAN_POINT ( 'NONE',  ( 0.3999999999999999100, -14.60000000000000100, 0.2499999999999976100 ) ) ;
#403 = DIRECTION ( 'NONE',  ( -1.000000000000000000, -0.0000000000000000000, -0.0000000000000000000 ) ) ;
#404 = CARTESIAN_POINT ( 'NONE',  ( -0.1000000000000000500, -14.60000000000000100, -0.2500000000000019400 ) ) ;
#405 = DIRECTION ( 'NONE',  ( -4.336808689942021200E-016, -0.0000000000000000000, 1.000000000000000000 ) ) ;
#406 = CARTESIAN_POINT ( 'NONE',  ( -1.849999999999998500, -18.60000000000000100, 5.449999999999998400 ) ) ;
#407 = DIRECTION ( 'NONE',  ( 1.000000000000000000, 0.0000000000000000000, 0.0000000000000000000 ) ) ;
#408 = CARTESIAN_POINT ( 'NONE',  ( -2.949999999999998800, -14.20000000000000100, 5.799999999999998000 ) ) ;
#409 = DIRECTION ( 'NONE',  ( 0.0000000000000000000, 1.000000000000000000, 0.0000000000000000000 ) ) ;
#410 = CARTESIAN_POINT ( 'NONE',  ( -1.849999999999998500, -15.80000000000000100, 2.199999999999998400 ) ) ;
#411 = DIRECTION ( 'NONE',  ( 0.0000000000000000000, 0.0000000000000000000, -1.000000000000000000 ) ) ;
#412 = CARTESIAN_POINT ( 'NONE',  ( -1.849999999999998500, -15.80000000000000100, 2.199999999999998400 ) ) ;
#413 = DIRECTION ( 'NONE',  ( 0.0000000000000000000, -1.000000000000000000, 2.356961244533703400E-016 ) ) ;
#414 = CARTESIAN_POINT ( 'NONE',  ( -1.849999999999998500, -18.60000000000000100, 0.5499999999999972700 ) ) ;
#415 = DIRECTION ( 'NONE',  ( -0.0000000000000000000, -0.0000000000000000000, -1.000000000000000000 ) ) ;
#416 = CARTESIAN_POINT ( 'NONE',  ( -1.149999999999999700, -14.60000000000000100, -1.200000000000002600 ) ) ;
#417 = DIRECTION ( 'NONE',  ( -0.0000000000000000000, -1.000000000000000000, -0.0000000000000000000 ) ) ;
#418 = CARTESIAN_POINT ( 'NONE',  ( -1.849999999999998500, -18.60000000000000100, 0.5499999999999972700 ) ) ;
#419 = DIRECTION ( 'NONE',  ( 0.0000000000000000000, 0.0000000000000000000, 1.000000000000000000 ) ) ;
#420 = CARTESIAN_POINT ( 'NONE',  ( -3.000000000000000000, -12.70000000000000100, -0.7000000000000022900 ) ) ;
#421 = DIRECTION ( 'NONE',  ( 0.0000000000000000000, 3.872150616019658300E-017, -1.000000000000000000 ) ) ;
#422 = CARTESIAN_POINT ( 'NONE',  ( -10.49999999999999800, -12.70000000000000100, -3.700000000000002400 ) ) ;
#423 = DIRECTION ( 'NONE',  ( -0.0000000000000000000, -1.000000000000000000, -0.0000000000000000000 ) ) ;
#424 = CARTESIAN_POINT ( 'NONE',  ( -1.149999999999999700, -14.60000000000000100, 7.199999999999998400 ) ) ;
#425 = DIRECTION ( 'NONE',  ( 2.252887631138710800E-016, 1.000000000000000000, 5.632219077846777000E-017 ) ) ;
#426 = CARTESIAN_POINT ( 'NONE',  ( -3.000000000000000000, -12.10000000000000100, -2.900000000000003000 ) ) ;
#427 = DIRECTION ( 'NONE',  ( -0.0000000000000000000, -1.000000000000000000, -0.0000000000000000000 ) ) ;
#428 = CARTESIAN_POINT ( 'NONE',  ( -3.000000000000000000, -12.10000000000000100, 8.899999999999998600 ) ) ;
#429 = DIRECTION ( 'NONE',  ( 0.0000000000000000000, -1.000000000000000000, 0.0000000000000000000 ) ) ;
#430 = CARTESIAN_POINT ( 'NONE',  ( -3.000000000000000000, -12.10000000000000100, 8.899999999999998600 ) ) ;
#431 = DIRECTION ( 'NONE',  ( -0.0000000000000000000, -0.0000000000000000000, 1.000000000000000000 ) ) ;
#432 = CARTESIAN_POINT ( 'NONE',  ( -3.000000000000000000, -20.40000000000000200, -3.700000000000002800 ) ) ;
#433 = DIRECTION ( 'NONE',  ( 0.0000000000000000000, -1.000000000000000000, 0.0000000000000000000 ) ) ;
#434 = CARTESIAN_POINT ( 'NONE',  ( -3.000000000000000000, -20.40000000000000200, 9.700000000000001100 ) ) ;
#435 = DIRECTION ( 'NONE',  ( -0.0000000000000000000, -1.000000000000000000, -0.0000000000000000000 ) ) ;
#436 = CARTESIAN_POINT ( 'NONE',  ( -3.000000000000000000, 2.000000000000000000, 6.000000000000000000 ) ) ;
#437 = DIRECTION ( 'NONE',  ( -0.0000000000000000000, -0.0000000000000000000, -1.000000000000000000 ) ) ;
#438 = CARTESIAN_POINT ( 'NONE',  ( -3.000000000000000000, 2.000000000000000000, 9.700000000000001100 ) ) ;
#439 = DIRECTION ( 'NONE',  ( -0.0000000000000000000, 1.000000000000000000, -0.0000000000000000000 ) ) ;
#440 = CARTESIAN_POINT ( 'NONE',  ( 2.200000000000000200, -6.400000000000001200, 6.000000000000000000 ) ) ;
#441 = DIRECTION ( 'NONE',  ( -0.0000000000000000000, -0.0000000000000000000, 1.000000000000000000 ) ) ;
#442 = CARTESIAN_POINT ( 'NONE',  ( 0.0000000000000000000, 2.207125851131202800E-016, -5.699999999999994000 ) ) ;
#443 = DIRECTION ( 'NONE',  ( 0.0000000000000000000, -3.872150616019658300E-017, 1.000000000000000000 ) ) ;
#444 = DIRECTION ( 'NONE',  ( 0.0000000000000000000, 1.000000000000000000, 0.0000000000000000000 ) ) ;
#445 = CARTESIAN_POINT ( 'NONE',  ( -3.000000000000000000, 2.000000000000000000, 0.0000000000000000000 ) ) ;
#446 = DIRECTION ( 'NONE',  ( 0.0000000000000000000, 0.0000000000000000000, -1.000000000000000000 ) ) ;
#447 = CARTESIAN_POINT ( 'NONE',  ( 2.500000000000000000, -7.400000000000001200, 6.000000000000000000 ) ) ;
#448 = DIRECTION ( 'NONE',  ( -0.0000000000000000000, -0.0000000000000000000, 1.000000000000000000 ) ) ;
#449 = CARTESIAN_POINT ( 'NONE',  ( 0.4000000000000000800, -0.5999999999999999800, 6.000000000000000000 ) ) ;
#450 = DIRECTION ( 'NONE',  ( 1.000000000000000000, 0.0000000000000000000, 0.0000000000000000000 ) ) ;
#451 = CARTESIAN_POINT ( 'NONE',  ( 0.0000000000000000000, 2.000000000000000000, 8.599999999999999600 ) ) ;
#452 = DIRECTION ( 'NONE',  ( -1.000000000000000000, 0.0000000000000000000, 0.0000000000000000000 ) ) ;
#453 = CARTESIAN_POINT ( 'NONE',  ( 3.000000000000000000, -6.400000000000001200, 6.000000000000000000 ) ) ;
#454 = DIRECTION ( 'NONE',  ( 0.4472135954999579300, -0.0000000000000000000, 0.8944271909999158600 ) ) ;
#455 = DIRECTION ( 'NONE',  ( -1.000000000000000000, -0.0000000000000000000, -0.0000000000000000000 ) ) ;
#456 = CARTESIAN_POINT ( 'NONE',  ( -3.000000000000000000, -12.70000000000000100, -3.700000000000002400 ) ) ;
#457 = DIRECTION ( 'NONE',  ( 1.000000000000000000, -0.0000000000000000000, -0.0000000000000000000 ) ) ;
#458 = CARTESIAN_POINT ( 'NONE',  ( -1.849999999999998500, -17.64000000000000400, 2.199999999999998800 ) ) ;
#459 = CARTESIAN_POINT ( 'NONE',  ( 0.0000000000000000000, -1.199999999999999700, -6.200000000000002000 ) ) ;
#460 = DIRECTION ( 'NONE',  ( -0.0000000000000000000, -3.872150616019658300E-017, 1.000000000000000000 ) ) ;
#461 = CARTESIAN_POINT ( 'NONE',  ( -8.500000000000000000, -18.39999999999999900, -3.700000000000002800 ) ) ;
#462 = DIRECTION ( 'NONE',  ( -0.0000000000000000000, 3.872150616019658300E-017, -1.000000000000000000 ) ) ;
#463 = DIRECTION ( 'NONE',  ( 0.0000000000000000000, -1.000000000000000000, 0.0000000000000000000 ) ) ;
#464 = CARTESIAN_POINT ( 'NONE',  ( -3.000000000000000000, 2.000000000000000000, -3.700000000000002000 ) ) ;
#465 = DIRECTION ( 'NONE',  ( -0.0000000000000000000, 1.000000000000000000, 3.872150616019658300E-017 ) ) ;
#466 = CARTESIAN_POINT ( 'NONE',  ( -1.849999999999998500, -15.80000000000000100, 3.799999999999998000 ) ) ;
#467 = DIRECTION ( 'NONE',  ( -0.0000000000000000000, 1.000000000000000000, -2.356961244533703400E-016 ) ) ;
#468 = CARTESIAN_POINT ( 'NONE',  ( -2.949999999999998000, -18.60000000000000100, 0.1999999999999974900 ) ) ;
#469 = DIRECTION ( 'NONE',  ( 0.0000000000000000000, 0.0000000000000000000, 1.000000000000000000 ) ) ;
#470 = CARTESIAN_POINT ( 'NONE',  ( -2.949999999999998800, -14.20000000000000100, 0.1999999999999973700 ) ) ;
#471 = DIRECTION ( 'NONE',  ( 1.971276677246371500E-016, 0.0000000000000000000, -1.000000000000000000 ) ) ;
#472 = CARTESIAN_POINT ( 'NONE',  ( -2.949999999999997500, -18.60000000000000100, -2.000000000000002700 ) ) ;
#473 = DIRECTION ( 'NONE',  ( 0.0000000000000000000, -1.000000000000000000, 1.232047923278982000E-016 ) ) ;
#474 = CARTESIAN_POINT ( 'NONE',  ( -2.949999999999998800, -18.60000000000000100, 0.5499999999999972700 ) ) ;
#475 = DIRECTION ( 'NONE',  ( -0.0000000000000000000, -1.000000000000000000, -0.0000000000000000000 ) ) ;
#476 = CARTESIAN_POINT ( 'NONE',  ( 3.000000000000000000, -6.400000000000001200, 0.0000000000000000000 ) ) ;
#477 = DIRECTION ( 'NONE',  ( 1.000000000000000000, 0.0000000000000000000, 0.0000000000000000000 ) ) ;
#478 = CARTESIAN_POINT ( 'NONE',  ( -1.149999999999999700, -18.60000000000000100, 7.199999999999998400 ) ) ;
#479 = DIRECTION ( 'NONE',  ( -0.0000000000000000000, -0.0000000000000000000, 1.000000000000000000 ) ) ;
#480 = CARTESIAN_POINT ( 'NONE',  ( -2.949999999999998800, -18.60000000000000100, 5.799999999999998000 ) ) ;
#481 = DIRECTION ( 'NONE',  ( -0.0000000000000000000, -0.0000000000000000000, 1.000000000000000000 ) ) ;
#482 = CARTESIAN_POINT ( 'NONE',  ( -1.849999999999998500, -18.60000000000000100, 0.5499999999999972700 ) ) ;
#483 = DIRECTION ( 'NONE',  ( -1.000000000000000000, -0.0000000000000000000, -0.0000000000000000000 ) ) ;
#484 = CARTESIAN_POINT ( 'NONE',  ( 0.5000000000000000000, -18.60000000000000100, -2.000000000000002700 ) ) ;
#485 = DIRECTION ( 'NONE',  ( 0.0000000000000000000, 0.0000000000000000000, 1.000000000000000000 ) ) ;
#486 = CARTESIAN_POINT ( 'NONE',  ( 0.5000000000000000000, -18.60000000000000100, 7.199999999999998400 ) ) ;
#487 = DIRECTION ( 'NONE',  ( 1.000000000000000000, -0.0000000000000000000, -0.0000000000000000000 ) ) ;
#488 = CARTESIAN_POINT ( 'NONE',  ( -1.149999999999999700, -18.60000000000000100, -1.200000000000002600 ) ) ;
#489 = DIRECTION ( 'NONE',  ( -1.000000000000000000, -0.0000000000000000000, -1.314184451497581300E-016 ) ) ;
#490 = CARTESIAN_POINT ( 'NONE',  ( 0.5000000000000000000, -18.60000000000000100, 7.999999999999996400 ) ) ;
#491 = DIRECTION ( 'NONE',  ( -1.000000000000000000, 0.0000000000000000000, 0.0000000000000000000 ) ) ;
#492 = CARTESIAN_POINT ( 'NONE',  ( 0.5000000000000000000, -18.60000000000000100, 7.199999999999998400 ) ) ;
#493 = DIRECTION ( 'NONE',  ( 0.0000000000000000000, 0.0000000000000000000, 1.000000000000000000 ) ) ;
#494 = CARTESIAN_POINT ( 'NONE',  ( 1.469576158976823600E-016, 1.200000000000000200, -6.200000000000002000 ) ) ;
#495 = DIRECTION ( 'NONE',  ( -0.0000000000000000000, -3.872150616019658300E-017, 1.000000000000000000 ) ) ;
#496 = CARTESIAN_POINT ( 'NONE',  ( -2.949999999999998800, -18.60000000000000100, 7.999999999999996400 ) ) ;
#497 = DIRECTION ( 'NONE',  ( 0.0000000000000000000, 0.0000000000000000000, -1.000000000000000000 ) ) ;
#498 = CARTESIAN_POINT ( 'NONE',  ( -3.000000000000000000, -6.400000000000001200, 0.0000000000000000000 ) ) ;
#499 = DIRECTION ( 'NONE',  ( -0.0000000000000000000, -1.000000000000000000, -0.0000000000000000000 ) ) ;
#500 = CARTESIAN_POINT ( 'NONE',  ( -6.999999999999997300, -16.30000000000000100, -3.700000000000002800 ) ) ;
#501 = DIRECTION ( 'NONE',  ( 0.0000000000000000000, 0.0000000000000000000, 1.000000000000000000 ) ) ;
#502 = DIRECTION ( 'NONE',  ( -1.000000000000000000, 0.0000000000000000000, 0.0000000000000000000 ) ) ;
#503 = CARTESIAN_POINT ( 'NONE',  ( 0.0000000000000000000, 1.432695727927274400E-016, -3.700000000000002000 ) ) ;
#504 = DIRECTION ( 'NONE',  ( -0.0000000000000000000, 3.872150616019658300E-017, -1.000000000000000000 ) ) ;
#505 = DIRECTION ( 'NONE',  ( 0.0000000000000000000, -1.000000000000000000, 0.0000000000000000000 ) ) ;
#506 = CARTESIAN_POINT ( 'NONE',  ( 0.3999999999999999100, 0.5999999999999999800, 6.000000000000000000 ) ) ;
#507 = DIRECTION ( 'NONE',  ( 1.355252715606880500E-016, -1.000000000000000000, 0.0000000000000000000 ) ) ;
#508 = CARTESIAN_POINT ( 'NONE',  ( -1.849999999999998500, -18.60000000000000100, 5.449999999999998400 ) ) ;
#509 = DIRECTION ( 'NONE',  ( -1.000000000000000000, -0.0000000000000000000, -0.0000000000000000000 ) ) ;
#510 = CARTESIAN_POINT ( 'NONE',  ( -2.949999999999998800, -18.60000000000000100, 5.799999999999998000 ) ) ;
#511 = DIRECTION ( 'NONE',  ( -0.0000000000000000000, -0.0000000000000000000, 1.000000000000000000 ) ) ;
#512 = CARTESIAN_POINT ( 'NONE',  ( -3.000000000000000000, -7.400000000000001200, 6.000000000000000000 ) ) ;
#513 = DIRECTION ( 'NONE',  ( -1.000000000000000000, -0.0000000000000000000, -0.0000000000000000000 ) ) ;
#514 = CARTESIAN_POINT ( 'NONE',  ( 3.000000000000000000, -20.40000000000000200, -3.700000000000002800 ) ) ;
#515 = DIRECTION ( 'NONE',  ( 0.0000000000000000000, 0.0000000000000000000, -1.000000000000000000 ) ) ;
#516 = CARTESIAN_POINT ( 'NONE',  ( 0.0000000000000000000, -0.6999999999999920700, -6.200000000000002000 ) ) ;
#517 = DIRECTION ( 'NONE',  ( 0.0000000000000000000, -0.7071067811865470200, 0.7071067811865479100 ) ) ;
#518 = CARTESIAN_POINT ( 'NONE',  ( -2.200000000000000200, -6.400000000000001200, 6.000000000000000000 ) ) ;
#519 = DIRECTION ( 'NONE',  ( -1.000000000000000000, -0.0000000000000000000, -0.0000000000000000000 ) ) ;
#520 = CARTESIAN_POINT ( 'NONE',  ( -10.49999999999999800, -12.70000000000000100, -0.7000000000000022900 ) ) ;
#521 = DIRECTION ( 'NONE',  ( 2.252887631138710800E-016, 1.000000000000000000, 5.632219077846777000E-017 ) ) ;
#522 = CARTESIAN_POINT ( 'NONE',  ( -8.599999999999996100, -16.30000000000000100, -0.7000000000000015100 ) ) ;
#523 = DIRECTION ( 'NONE',  ( 0.0000000000000000000, 0.0000000000000000000, -1.000000000000000000 ) ) ;
#524 = CARTESIAN_POINT ( 'NONE',  ( -8.500000000000000000, -18.39999999999999900, -0.7000000000000027300 ) ) ;
#525 = DIRECTION ( 'NONE',  ( -0.0000000000000000000, -5.632219077846777000E-017, 1.000000000000000000 ) ) ;
#526 = DIRECTION ( 'NONE',  ( 0.0000000000000000000, 1.000000000000000000, 5.421010862427517200E-017 ) ) ;
#527 = CARTESIAN_POINT ( 'NONE',  ( -5.399999999999991500, -15.80000000000000100, -0.7000000000000015100 ) ) ;
#528 = DIRECTION ( 'NONE',  ( -6.938893903907222100E-015, -1.000000000000000000, -0.0000000000000000000 ) ) ;
#529 = CARTESIAN_POINT ( 'NONE',  ( -6.999999999999997300, -16.30000000000000100, -0.7000000000000015100 ) ) ;
#530 = DIRECTION ( 'NONE',  ( 0.0000000000000000000, 0.0000000000000000000, 1.000000000000000000 ) ) ;
#531 = DIRECTION ( 'NONE',  ( -1.000000000000000000, 0.0000000000000000000, 0.0000000000000000000 ) ) ;
#532 = CARTESIAN_POINT ( 'NONE',  ( -8.499999999999998200, -14.70000000000000100, -0.7000000000000024000 ) ) ;
#533 = DIRECTION ( 'NONE',  ( 1.040834085586083300E-014, 1.000000000000000000, -0.0000000000000000000 ) ) ;
#534 = CARTESIAN_POINT ( 'NONE',  ( -6.999999999999997300, -15.80000000000000100, -0.7000000000000015100 ) ) ;
#535 = DIRECTION ( 'NONE',  ( 0.0000000000000000000, 0.0000000000000000000, 1.000000000000000000 ) ) ;
#536 = DIRECTION ( 'NONE',  ( -1.000000000000000000, 0.0000000000000000000, 0.0000000000000000000 ) ) ;
#537 = CARTESIAN_POINT ( 'NONE',  ( 0.0000000000000000000, 2.207125851131202800E-016, -5.699999999999994000 ) ) ;
#538 = CARTESIAN_POINT ( 'NONE',  ( 0.0000000000000000000, 2.400733381932188800E-016, -6.200000000000002000 ) ) ;
#539 = DIRECTION ( 'NONE',  ( 0.0000000000000000000, -3.872150616019658300E-017, 1.000000000000000000 ) ) ;
#540 = DIRECTION ( 'NONE',  ( 0.0000000000000000000, 1.000000000000000000, 0.0000000000000000000 ) ) ;
#541 = CARTESIAN_POINT ( 'NONE',  ( -8.599999999999996100, -16.30000000000000100, -3.700000000000002800 ) ) ;
#542 = DIRECTION ( 'NONE',  ( -0.0000000000000000000, -0.0000000000000000000, 1.000000000000000000 ) ) ;
#543 = CARTESIAN_POINT ( 'NONE',  ( -5.399999999999996800, -16.30000000000000100, -3.700000000000002800 ) ) ;
#544 = DIRECTION ( 'NONE',  ( -0.0000000000000000000, -0.0000000000000000000, 1.000000000000000000 ) ) ;
#545 = CARTESIAN_POINT ( 'NONE',  ( -8.599999999999992500, -15.80000000000000100, -3.700000000000002800 ) ) ;
#546 = DIRECTION ( 'NONE',  ( -0.0000000000000000000, -0.0000000000000000000, 1.000000000000000000 ) ) ;
#547 = CARTESIAN_POINT ( 'NONE',  ( -5.399999999999996800, -15.80000000000000100, -3.700000000000002800 ) ) ;
#548 = DIRECTION ( 'NONE',  ( -0.0000000000000000000, -0.0000000000000000000, 1.000000000000000000 ) ) ;
#549 = CARTESIAN_POINT ( 'NONE',  ( -1.149999999999999700, -20.40000000000000200, 7.199999999999998400 ) ) ;
#550 = DIRECTION ( 'NONE',  ( -0.0000000000000000000, -5.632219077846777000E-017, 1.000000000000000000 ) ) ;
#551 = DIRECTION ( 'NONE',  ( 0.0000000000000000000, 1.000000000000000000, 5.421010862427522200E-017 ) ) ;
#552 = DIRECTION ( 'NONE',  ( 0.0000000000000000000, 3.872150616019658300E-017, -1.000000000000000000 ) ) ;
#553 = DIRECTION ( 'NONE',  ( 0.0000000000000000000, 1.000000000000000000, 0.0000000000000000000 ) ) ;
#554 = CARTESIAN_POINT ( 'NONE',  ( -10.49999999999999800, -14.70000000000000100, -0.7000000000000024000 ) ) ;
#555 = DIRECTION ( 'NONE',  ( -1.000000000000000000, -0.0000000000000000000, -0.0000000000000000000 ) ) ;
#556 = CARTESIAN_POINT ( 'NONE',  ( 2.500000000000000000, -7.400000000000001200, 0.0000000000000000000 ) ) ;
#557 = DIRECTION ( 'NONE',  ( 0.0000000000000000000, 3.872150616019658300E-017, -1.000000000000000000 ) ) ;
#558 = CARTESIAN_POINT ( 'NONE',  ( -1.149999999999999700, -14.60000000000000100, 7.199999999999998400 ) ) ;
#559 = DIRECTION ( 'NONE',  ( -1.000000000000000000, -0.0000000000000000000, -0.0000000000000000000 ) ) ;
#560 = CARTESIAN_POINT ( 'NONE',  ( -0.4000000000000001300, 0.5999999999999999800, 0.0000000000000000000 ) ) ;
#561 = CARTESIAN_POINT ( 'NONE',  ( -0.09999999999999988100, -14.60000000000000100, 5.749999999999998200 ) ) ;
#562 = DIRECTION ( 'NONE',  ( 1.000000000000000000, 0.0000000000000000000, 0.0000000000000000000 ) ) ;
#563 = CARTESIAN_POINT ( 'NONE',  ( -0.4000000000000001300, 0.5999999999999999800, 0.0000000000000000000 ) ) ;
#564 = DIRECTION ( 'NONE',  ( 1.000000000000000000, 0.0000000000000000000, 0.0000000000000000000 ) ) ;
#565 = CARTESIAN_POINT ( 'NONE',  ( 3.000000000000000000, 2.000000000000000000, 0.0000000000000000000 ) ) ;
#566 = DIRECTION ( 'NONE',  ( -0.0000000000000000000, -0.0000000000000000000, 1.000000000000000000 ) ) ;
#567 = DIRECTION ( 'NONE',  ( 1.355252715606880500E-016, -1.000000000000000000, 0.0000000000000000000 ) ) ;
#568 = CARTESIAN_POINT ( 'NONE',  ( 3.000000000000000000, 2.000000000000000000, 0.0000000000000000000 ) ) ;
#569 = DIRECTION ( 'NONE',  ( 0.0000000000000000000, -1.000000000000000000, 0.0000000000000000000 ) ) ;
#570 = DIRECTION ( 'NONE',  ( -1.000000000000000000, -0.0000000000000000000, -0.0000000000000000000 ) ) ;
#571 = PLANE ( 'NONE',  #2637 ) ;
#572 = DIRECTION ( 'NONE',  ( 0.0000000000000000000, -3.872150616019658300E-017, 1.000000000000000000 ) ) ;
#573 = DIRECTION ( 'NONE',  ( -1.000000000000000000, -0.0000000000000000000, -0.0000000000000000000 ) ) ;
#574 = CARTESIAN_POINT ( 'NONE',  ( 0.0000000000000000000, 2.400733381932188800E-016, -6.200000000000002000 ) ) ;
#575 = DIRECTION ( 'NONE',  ( 0.0000000000000000000, -1.000000000000000000, 0.0000000000000000000 ) ) ;
#576 = DIRECTION ( 'NONE',  ( -0.0000000000000000000, -3.872150616019658300E-017, 1.000000000000000000 ) ) ;
#577 = CARTESIAN_POINT ( 'NONE',  ( 0.0000000000000000000, 2.400733381932188800E-016, -6.200000000000002000 ) ) ;
#578 = PLANE ( 'NONE',  #2633 ) ;
#579 = CARTESIAN_POINT ( 'NONE',  ( -1.849999999999998500, -14.20000000000000100, 0.5499999999999972700 ) ) ;
#580 = CARTESIAN_POINT ( 'NONE',  ( 3.000000000000000000, 2.000000000000000000, -3.700000000000002000 ) ) ;
#581 = PLANE ( 'NONE',  #2618 ) ;
#582 = DIRECTION ( 'NONE',  ( 0.0000000000000000000, -3.872150616019658300E-017, 1.000000000000000000 ) ) ;
#583 = DIRECTION ( 'NONE',  ( 0.0000000000000000000, -1.000000000000000000, -3.872150616019658300E-017 ) ) ;
#584 = CARTESIAN_POINT ( 'NONE',  ( -1.149999999999999700, -14.60000000000000100, 7.199999999999998400 ) ) ;
#585 = PLANE ( 'NONE',  #2634 ) ;
#586 = DIRECTION ( 'NONE',  ( 0.0000000000000000000, 1.000000000000000000, 0.0000000000000000000 ) ) ;
#587 = DIRECTION ( 'NONE',  ( 0.0000000000000000000, -0.0000000000000000000, 1.000000000000000000 ) ) ;
#588 = PLANE ( 'NONE',  #2635 ) ;
#589 = CARTESIAN_POINT ( 'NONE',  ( -2.949999999999998800, -18.60000000000000100, 0.1999999999999979300 ) ) ;
#590 = DIRECTION ( 'NONE',  ( 1.000000000000000000, 0.0000000000000000000, 0.0000000000000000000 ) ) ;
#591 = DIRECTION ( 'NONE',  ( 0.0000000000000000000, 0.0000000000000000000, -1.000000000000000000 ) ) ;
#592 = PLANE ( 'NONE',  #2636 ) ;
#593 = CARTESIAN_POINT ( 'NONE',  ( 3.000000000000000000, 2.000000000000000000, 0.0000000000000000000 ) ) ;
#594 = DIRECTION ( 'NONE',  ( -1.000000000000000000, 0.0000000000000000000, -0.0000000000000000000 ) ) ;
#595 = DIRECTION ( 'NONE',  ( -0.0000000000000000000, 0.0000000000000000000, 1.000000000000000000 ) ) ;
#596 = CARTESIAN_POINT ( 'NONE',  ( 3.000000000000000000, -6.400000000000001200, 0.0000000000000000000 ) ) ;
#597 = CARTESIAN_POINT ( 'NONE',  ( -0.4000000000000001300, 0.5999999999999999800, -0.1000000000000000100 ) ) ;
#598 = DIRECTION ( 'NONE',  ( 0.0000000000000000000, -1.000000000000000000, 0.0000000000000000000 ) ) ;
#599 = DIRECTION ( 'NONE',  ( 0.0000000000000000000, -0.0000000000000000000, -1.000000000000000000 ) ) ;
#600 = PLANE ( 'NONE',  #2638 ) ;
#601 = CARTESIAN_POINT ( 'NONE',  ( 3.000000000000000000, -6.400000000000001200, 0.0000000000000000000 ) ) ;
#602 = DIRECTION ( 'NONE',  ( 0.0000000000000000000, 0.0000000000000000000, -1.000000000000000000 ) ) ;
#603 = DIRECTION ( 'NONE',  ( -1.000000000000000000, 0.0000000000000000000, -0.0000000000000000000 ) ) ;
#604 = CARTESIAN_POINT ( 'NONE',  ( -0.4000000000000001300, 0.5999999999999999800, -0.1000000000000000100 ) ) ;
#605 = PLANE ( 'NONE',  #2639 ) ;
#606 = DIRECTION ( 'NONE',  ( 1.000000000000000000, -0.0000000000000000000, 0.0000000000000000000 ) ) ;
#607 = DIRECTION ( 'NONE',  ( 0.0000000000000000000, 0.0000000000000000000, -1.000000000000000000 ) ) ;
#608 = CARTESIAN_POINT ( 'NONE',  ( 0.3999999999999999100, 0.5999999999999999800, -0.1000000000000000100 ) ) ;
#609 = PLANE ( 'NONE',  #2640 ) ;
#610 = DIRECTION ( 'NONE',  ( -1.000000000000000000, -1.355252715606880500E-016, 0.0000000000000000000 ) ) ;
#611 = DIRECTION ( 'NONE',  ( 1.355252715606880500E-016, -1.000000000000000000, 0.0000000000000000000 ) ) ;
#612 = CARTESIAN_POINT ( 'NONE',  ( -0.3999999999999999700, -0.5999999999999999800, -0.1000000000000000100 ) ) ;
#613 = PLANE ( 'NONE',  #2641 ) ;
#614 = DIRECTION ( 'NONE',  ( -0.0000000000000000000, 1.000000000000000000, 0.0000000000000000000 ) ) ;
#615 = DIRECTION ( 'NONE',  ( 0.0000000000000000000, -0.0000000000000000000, 1.000000000000000000 ) ) ;
#616 = CARTESIAN_POINT ( 'NONE',  ( -0.3999999999999999700, -0.5999999999999999800, -0.1000000000000000100 ) ) ;
#617 = PLANE ( 'NONE',  #2642 ) ;
#618 = DIRECTION ( 'NONE',  ( 1.000000000000000000, 1.355252715606880500E-016, 0.0000000000000000000 ) ) ;
#619 = DIRECTION ( 'NONE',  ( -1.355252715606880500E-016, 1.000000000000000000, 0.0000000000000000000 ) ) ;
#620 = CARTESIAN_POINT ( 'NONE',  ( -0.3999999999999999700, -0.5999999999999999800, 6.100000000000000500 ) ) ;
#621 = PLANE ( 'NONE',  #2643 ) ;
#622 = DIRECTION ( 'NONE',  ( 0.0000000000000000000, -1.000000000000000000, 0.0000000000000000000 ) ) ;
#623 = DIRECTION ( 'NONE',  ( 0.0000000000000000000, -0.0000000000000000000, -1.000000000000000000 ) ) ;
#624 = CARTESIAN_POINT ( 'NONE',  ( 0.4000000000000000800, -0.5999999999999999800, 6.100000000000000500 ) ) ;
#625 = PLANE ( 'NONE',  #2644 ) ;
#626 = DIRECTION ( 'NONE',  ( -0.0000000000000000000, 0.0000000000000000000, 1.000000000000000000 ) ) ;
#627 = DIRECTION ( 'NONE',  ( 1.000000000000000000, 0.0000000000000000000, 0.0000000000000000000 ) ) ;
#628 = CARTESIAN_POINT ( 'NONE',  ( 0.3999999999999999100, 0.5999999999999999800, 6.100000000000000500 ) ) ;
#629 = PLANE ( 'NONE',  #2645 ) ;
#630 = DIRECTION ( 'NONE',  ( -1.000000000000000000, -1.355252715606880500E-016, 0.0000000000000000000 ) ) ;
#631 = DIRECTION ( 'NONE',  ( 1.355252715606880500E-016, -1.000000000000000000, 0.0000000000000000000 ) ) ;
#632 = CARTESIAN_POINT ( 'NONE',  ( -0.4000000000000001300, 0.5999999999999999800, 6.100000000000000500 ) ) ;
#633 = PLANE ( 'NONE',  #2646 ) ;
#634 = DIRECTION ( 'NONE',  ( 0.0000000000000000000, -1.000000000000000000, 0.0000000000000000000 ) ) ;
#635 = DIRECTION ( 'NONE',  ( 0.0000000000000000000, -0.0000000000000000000, -1.000000000000000000 ) ) ;
#636 = CARTESIAN_POINT ( 'NONE',  ( -0.4000000000000001300, 0.5999999999999999800, 6.100000000000000500 ) ) ;
#637 = PLANE ( 'NONE',  #2647 ) ;
#638 = DIRECTION ( 'NONE',  ( 1.000000000000000000, 1.355252715606880500E-016, -0.0000000000000000000 ) ) ;
#639 = DIRECTION ( 'NONE',  ( -1.355252715606880500E-016, 1.000000000000000000, 0.0000000000000000000 ) ) ;
#640 = CARTESIAN_POINT ( 'NONE',  ( 2.200000000000000200, -6.400000000000001200, 6.000000000000000000 ) ) ;
#641 = PLANE ( 'NONE',  #2648 ) ;
#642 = DIRECTION ( 'NONE',  ( 0.0000000000000000000, 1.000000000000000000, 0.0000000000000000000 ) ) ;
#643 = DIRECTION ( 'NONE',  ( 0.0000000000000000000, -0.0000000000000000000, 1.000000000000000000 ) ) ;
#644 = CARTESIAN_POINT ( 'NONE',  ( 2.500000000000000000, -6.700000000000001100, 6.000000000000000000 ) ) ;
#645 = PLANE ( 'NONE',  #2649 ) ;
#646 = DIRECTION ( 'NONE',  ( 0.0000000000000000000, 0.0000000000000000000, -1.000000000000000000 ) ) ;
#647 = DIRECTION ( 'NONE',  ( -1.000000000000000000, 0.0000000000000000000, -0.0000000000000000000 ) ) ;
#648 = CARTESIAN_POINT ( 'NONE',  ( 2.500000000000000000, -7.400000000000001200, 6.000000000000000000 ) ) ;
#649 = PLANE ( 'NONE',  #2650 ) ;
#650 = DIRECTION ( 'NONE',  ( 0.7071067811865475700, 0.7071067811865475700, 0.0000000000000000000 ) ) ;
#651 = DIRECTION ( 'NONE',  ( -0.7071067811865474600, 0.7071067811865474600, 0.0000000000000000000 ) ) ;
#652 = CARTESIAN_POINT ( 'NONE',  ( -2.500000000000000000, -7.400000000000001200, 6.000000000000000000 ) ) ;
#653 = PLANE ( 'NONE',  #2651 ) ;
#654 = DIRECTION ( 'NONE',  ( 1.000000000000000000, 0.0000000000000000000, 0.0000000000000000000 ) ) ;
#655 = DIRECTION ( 'NONE',  ( 0.0000000000000000000, 0.0000000000000000000, -1.000000000000000000 ) ) ;
#656 = CARTESIAN_POINT ( 'NONE',  ( -2.500000000000000000, -6.700000000000001100, 6.000000000000000000 ) ) ;
#657 = PLANE ( 'NONE',  #2652 ) ;
#658 = DIRECTION ( 'NONE',  ( -0.0000000000000000000, 1.000000000000000000, 0.0000000000000000000 ) ) ;
#659 = DIRECTION ( 'NONE',  ( 0.0000000000000000000, -0.0000000000000000000, 1.000000000000000000 ) ) ;
#660 = CARTESIAN_POINT ( 'NONE',  ( -2.200000000000000200, -6.400000000000001200, 6.000000000000000000 ) ) ;
#661 = PLANE ( 'NONE',  #2653 ) ;
#662 = DIRECTION ( 'NONE',  ( 0.0000000000000000000, 1.000000000000000000, 0.0000000000000000000 ) ) ;
#663 = DIRECTION ( 'NONE',  ( 0.0000000000000000000, -0.0000000000000000000, 1.000000000000000000 ) ) ;
#664 = CARTESIAN_POINT ( 'NONE',  ( 0.5999999999999998700, 1.950000000000000200, -2.200000000000000200 ) ) ;
#665 = PLANE ( 'NONE',  #2654 ) ;
#666 = DIRECTION ( 'NONE',  ( -1.000000000000000000, 0.0000000000000000000, -0.0000000000000000000 ) ) ;
#667 = DIRECTION ( 'NONE',  ( -0.0000000000000000000, 0.0000000000000000000, 1.000000000000000000 ) ) ;
#668 = CARTESIAN_POINT ( 'NONE',  ( -1.149999999999999700, -18.60000000000000100, -1.200000000000002600 ) ) ;
#669 = PLANE ( 'NONE',  #2655 ) ;
#670 = DIRECTION ( 'NONE',  ( -0.7071067811865475700, 0.7071067811865475700, 0.0000000000000000000 ) ) ;
#671 = DIRECTION ( 'NONE',  ( -0.7071067811865474600, -0.7071067811865474600, 0.0000000000000000000 ) ) ;
#672 = CARTESIAN_POINT ( 'NONE',  ( -1.149999999999999700, -14.60000000000000100, -1.200000000000002600 ) ) ;
#673 = PLANE ( 'NONE',  #2656 ) ;
#674 = DIRECTION ( 'NONE',  ( 0.8944271909999159700, 0.0000000000000000000, 0.4472135954999577600 ) ) ;
#675 = DIRECTION ( 'NONE',  ( 0.4472135954999577600, 0.0000000000000000000, -0.8944271909999159700 ) ) ;
#676 = CARTESIAN_POINT ( 'NONE',  ( -3.000000000000000000, -6.400000000000001200, 0.0000000000000000000 ) ) ;
#677 = PLANE ( 'NONE',  #2657 ) ;
#678 = DIRECTION ( 'NONE',  ( 0.0000000000000000000, -1.000000000000000000, 0.0000000000000000000 ) ) ;
#679 = DIRECTION ( 'NONE',  ( 0.0000000000000000000, -0.0000000000000000000, -1.000000000000000000 ) ) ;
#680 = CARTESIAN_POINT ( 'NONE',  ( 3.000000000000000000, -6.400000000000001200, 6.000000000000000000 ) ) ;
#681 = PLANE ( 'NONE',  #2658 ) ;
#682 = DIRECTION ( 'NONE',  ( -1.000000000000000000, 0.0000000000000000000, 0.0000000000000000000 ) ) ;
#683 = DIRECTION ( 'NONE',  ( 0.0000000000000000000, 0.0000000000000000000, 1.000000000000000000 ) ) ;
#684 = PLANE ( 'NONE',  #2661 ) ;
#685 = PLANE ( 'NONE',  #2659 ) ;
#686 = DIRECTION ( 'NONE',  ( 1.000000000000000000, -0.0000000000000000000, 0.0000000000000000000 ) ) ;
#687 = DIRECTION ( 'NONE',  ( 0.0000000000000000000, 0.0000000000000000000, -1.000000000000000000 ) ) ;
#688 = PLANE ( 'NONE',  #2660 ) ;
#689 = CARTESIAN_POINT ( 'NONE',  ( 3.000000000000000000, 2.000000000000000000, 6.000000000000000000 ) ) ;
#690 = DIRECTION ( 'NONE',  ( 0.0000000000000000000, -1.000000000000000000, 0.0000000000000000000 ) ) ;
#691 = DIRECTION ( 'NONE',  ( 0.0000000000000000000, -0.0000000000000000000, -1.000000000000000000 ) ) ;
#692 = CARTESIAN_POINT ( 'NONE',  ( 3.000000000000000000, 2.000000000000000000, 9.700000000000001100 ) ) ;
#693 = CARTESIAN_POINT ( 'NONE',  ( 3.000000000000000000, -20.40000000000000200, -3.700000000000002800 ) ) ;
#694 = DIRECTION ( 'NONE',  ( -0.0000000000000000000, 0.0000000000000000000, 1.000000000000000000 ) ) ;
#695 = DIRECTION ( 'NONE',  ( 1.000000000000000000, 0.0000000000000000000, 0.0000000000000000000 ) ) ;
#696 = PLANE ( 'NONE',  #2662 ) ;
#697 = CARTESIAN_POINT ( 'NONE',  ( 3.000000000000000000, -20.40000000000000200, 9.700000000000001100 ) ) ;
#698 = DIRECTION ( 'NONE',  ( 0.0000000000000000000, -1.000000000000000000, 0.0000000000000000000 ) ) ;
#699 = DIRECTION ( 'NONE',  ( 0.0000000000000000000, -0.0000000000000000000, -1.000000000000000000 ) ) ;
#700 = CARTESIAN_POINT ( 'NONE',  ( 0.0000000000000000000, 1.950000000000000200, -1.000000000000000000 ) ) ;
#701 = PLANE ( 'NONE',  #2663 ) ;
#702 = DIRECTION ( 'NONE',  ( 0.0000000000000000000, 0.0000000000000000000, -1.000000000000000000 ) ) ;
#703 = DIRECTION ( 'NONE',  ( -1.000000000000000000, 0.0000000000000000000, -0.0000000000000000000 ) ) ;
#704 = CARTESIAN_POINT ( 'NONE',  ( -0.6000000000000000900, 1.950000000000000200, -2.200000000000000200 ) ) ;
#705 = PLANE ( 'NONE',  #2664 ) ;
#706 = DIRECTION ( 'NONE',  ( 0.0000000000000000000, 1.000000000000000000, 0.0000000000000000000 ) ) ;
#707 = DIRECTION ( 'NONE',  ( 0.0000000000000000000, -0.0000000000000000000, 1.000000000000000000 ) ) ;
#708 = CARTESIAN_POINT ( 'NONE',  ( -0.4000000000000000200, 1.950000000000000200, -2.200000000000000200 ) ) ;
#709 = PLANE ( 'NONE',  #2665 ) ;
#710 = DIRECTION ( 'NONE',  ( -0.8944271909999159700, 0.0000000000000000000, 0.4472135954999579800 ) ) ;
#711 = DIRECTION ( 'NONE',  ( 0.4472135954999579300, 0.0000000000000000000, 0.8944271909999158600 ) ) ;
#712 = CARTESIAN_POINT ( 'NONE',  ( -0.4000000000000000200, 1.950000000000000200, -2.600000000000000500 ) ) ;
#713 = PLANE ( 'NONE',  #2666 ) ;
#714 = DIRECTION ( 'NONE',  ( 0.0000000000000000000, 0.0000000000000000000, -1.000000000000000000 ) ) ;
#715 = DIRECTION ( 'NONE',  ( -1.000000000000000000, 0.0000000000000000000, -0.0000000000000000000 ) ) ;
#716 = CARTESIAN_POINT ( 'NONE',  ( 0.4000000000000000200, 1.950000000000000200, -2.600000000000000500 ) ) ;
#717 = PLANE ( 'NONE',  #2667 ) ;
#718 = DIRECTION ( 'NONE',  ( -1.000000000000000000, 0.0000000000000000000, -0.0000000000000000000 ) ) ;
#719 = DIRECTION ( 'NONE',  ( -0.0000000000000000000, 0.0000000000000000000, 1.000000000000000000 ) ) ;
#720 = CARTESIAN_POINT ( 'NONE',  ( 0.4000000000000000800, 1.950000000000000200, -2.200000000000000200 ) ) ;
#721 = PLANE ( 'NONE',  #2668 ) ;
#722 = DIRECTION ( 'NONE',  ( 0.0000000000000000000, 0.0000000000000000000, -1.000000000000000000 ) ) ;
#723 = DIRECTION ( 'NONE',  ( -1.000000000000000000, 0.0000000000000000000, -0.0000000000000000000 ) ) ;
#724 = CARTESIAN_POINT ( 'NONE',  ( 0.5999999999999998700, 1.950000000000000200, -2.200000000000000200 ) ) ;
#725 = PLANE ( 'NONE',  #2669 ) ;
#726 = DIRECTION ( 'NONE',  ( 1.000000000000000000, 0.0000000000000000000, -1.355252715606880000E-016 ) ) ;
#727 = DIRECTION ( 'NONE',  ( -1.355252715606880000E-016, 0.0000000000000000000, -1.000000000000000000 ) ) ;
#728 = CARTESIAN_POINT ( 'NONE',  ( 0.5999999999999998700, 1.950000000000000200, 7.399999999999998600 ) ) ;
#729 = PLANE ( 'NONE',  #2670 ) ;
#730 = DIRECTION ( 'NONE',  ( 0.0000000000000000000, 0.0000000000000000000, -1.000000000000000000 ) ) ;
#731 = DIRECTION ( 'NONE',  ( -1.000000000000000000, 0.0000000000000000000, -0.0000000000000000000 ) ) ;
#732 = CARTESIAN_POINT ( 'NONE',  ( 0.0000000000000000000, 1.950000000000000200, 8.599999999999999600 ) ) ;
#733 = PLANE ( 'NONE',  #2671 ) ;
#734 = DIRECTION ( 'NONE',  ( 0.0000000000000000000, 1.000000000000000000, -0.0000000000000000000 ) ) ;
#735 = DIRECTION ( 'NONE',  ( 0.0000000000000000000, 0.0000000000000000000, 1.000000000000000000 ) ) ;
#736 = CARTESIAN_POINT ( 'NONE',  ( -0.6000000000000000900, 1.950000000000000200, 7.399999999999998600 ) ) ;
#737 = PLANE ( 'NONE',  #2672 ) ;
#738 = DIRECTION ( 'NONE',  ( 0.8944271909999159700, 0.0000000000000000000, 0.4472135954999577600 ) ) ;
#739 = DIRECTION ( 'NONE',  ( 0.4472135954999577600, 0.0000000000000000000, -0.8944271909999159700 ) ) ;
#740 = CARTESIAN_POINT ( 'NONE',  ( -0.4000000000000000200, 1.950000000000000200, 7.399999999999998600 ) ) ;
#741 = PLANE ( 'NONE',  #2673 ) ;
#742 = DIRECTION ( 'NONE',  ( -0.8944271909999159700, 0.0000000000000000000, 0.4472135954999579800 ) ) ;
#743 = DIRECTION ( 'NONE',  ( 0.4472135954999579300, 0.0000000000000000000, 0.8944271909999158600 ) ) ;
#744 = CARTESIAN_POINT ( 'NONE',  ( -0.4000000000000000200, 1.950000000000000200, 6.999999999999999100 ) ) ;
#745 = PLANE ( 'NONE',  #2674 ) ;
#746 = DIRECTION ( 'NONE',  ( 0.0000000000000000000, 0.0000000000000000000, -1.000000000000000000 ) ) ;
#747 = DIRECTION ( 'NONE',  ( -1.000000000000000000, 0.0000000000000000000, -0.0000000000000000000 ) ) ;
#748 = CARTESIAN_POINT ( 'NONE',  ( 0.4000000000000000200, 1.950000000000000200, 6.999999999999999100 ) ) ;
#749 = PLANE ( 'NONE',  #2675 ) ;
#750 = DIRECTION ( 'NONE',  ( -1.000000000000000000, 0.0000000000000000000, -0.0000000000000000000 ) ) ;
#751 = DIRECTION ( 'NONE',  ( -0.0000000000000000000, 0.0000000000000000000, 1.000000000000000000 ) ) ;
#752 = CARTESIAN_POINT ( 'NONE',  ( 0.4000000000000000800, 1.950000000000000200, 7.399999999999998600 ) ) ;
#753 = PLANE ( 'NONE',  #2676 ) ;
#754 = DIRECTION ( 'NONE',  ( 0.0000000000000000000, 0.0000000000000000000, -1.000000000000000000 ) ) ;
#755 = DIRECTION ( 'NONE',  ( -1.000000000000000000, 0.0000000000000000000, -0.0000000000000000000 ) ) ;
#756 = CARTESIAN_POINT ( 'NONE',  ( 0.5999999999999998700, 1.950000000000000200, 7.399999999999998600 ) ) ;
#757 = PLANE ( 'NONE',  #2677 ) ;
#758 = DIRECTION ( 'NONE',  ( 1.000000000000000000, 0.0000000000000000000, -1.355252715606880000E-016 ) ) ;
#759 = DIRECTION ( 'NONE',  ( -1.355252715606880000E-016, 0.0000000000000000000, -1.000000000000000000 ) ) ;
#760 = CARTESIAN_POINT ( 'NONE',  ( -3.000000000000000000, -12.10000000000000100, -2.900000000000003000 ) ) ;
#761 = PLANE ( 'NONE',  #2678 ) ;
#762 = DIRECTION ( 'NONE',  ( 0.0000000000000000000, 0.0000000000000000000, -1.000000000000000000 ) ) ;
#763 = DIRECTION ( 'NONE',  ( -1.000000000000000000, 0.0000000000000000000, -0.0000000000000000000 ) ) ;
#764 = CARTESIAN_POINT ( 'NONE',  ( -3.499999999999998700, -12.10000000000000100, -2.400000000000003000 ) ) ;
#765 = PLANE ( 'NONE',  #2679 ) ;
#766 = DIRECTION ( 'NONE',  ( 0.0000000000000000000, 1.000000000000000000, -0.0000000000000000000 ) ) ;
#767 = DIRECTION ( 'NONE',  ( 0.0000000000000000000, 0.0000000000000000000, 1.000000000000000000 ) ) ;
#768 = CARTESIAN_POINT ( 'NONE',  ( -3.499999999999998700, -12.10000000000000100, 8.399999999999998600 ) ) ;
#769 = PLANE ( 'NONE',  #2680 ) ;
#770 = DIRECTION ( 'NONE',  ( -0.7071067811865484600, 0.0000000000000000000, -0.7071067811865466800 ) ) ;
#771 = DIRECTION ( 'NONE',  ( -0.7071067811865465700, 0.0000000000000000000, 0.7071067811865483500 ) ) ;
#772 = CARTESIAN_POINT ( 'NONE',  ( -3.499999999999998700, -12.60000000000000100, -2.400000000000003000 ) ) ;
#773 = PLANE ( 'NONE',  #2681 ) ;
#774 = DIRECTION ( 'NONE',  ( -1.000000000000000000, 0.0000000000000000000, 0.0000000000000000000 ) ) ;
#775 = DIRECTION ( 'NONE',  ( 0.0000000000000000000, 0.0000000000000000000, 1.000000000000000000 ) ) ;
#776 = CARTESIAN_POINT ( 'NONE',  ( -1.149999999999999700, -14.60000000000000100, 7.199999999999998400 ) ) ;
#777 = PLANE ( 'NONE',  #2682 ) ;
#778 = DIRECTION ( 'NONE',  ( -0.7071067811865489100, 0.0000000000000000000, 0.7071067811865462400 ) ) ;
#779 = DIRECTION ( 'NONE',  ( 0.7071067811865462400, 0.0000000000000000000, 0.7071067811865489100 ) ) ;
#780 = CARTESIAN_POINT ( 'NONE',  ( 1.550000000000000300, -14.60000000000000100, -1.200000000000002600 ) ) ;
#781 = PLANE ( 'NONE',  #2683 ) ;
#782 = DIRECTION ( 'NONE',  ( 0.7071067811865451300, -0.7071067811865500200, 0.0000000000000000000 ) ) ;
#783 = DIRECTION ( 'NONE',  ( 0.7071067811865500200, 0.7071067811865451300, 0.0000000000000000000 ) ) ;
#784 = CARTESIAN_POINT ( 'NONE',  ( -1.149999999999999700, -14.60000000000000100, -1.200000000000002600 ) ) ;
#785 = PLANE ( 'NONE',  #2684 ) ;
#786 = DIRECTION ( 'NONE',  ( 0.0000000000000000000, 0.0000000000000000000, 1.000000000000000000 ) ) ;
#787 = DIRECTION ( 'NONE',  ( 1.000000000000000000, 0.0000000000000000000, -0.0000000000000000000 ) ) ;
#788 = CARTESIAN_POINT ( 'NONE',  ( 1.550000000000000300, -19.10000000000000100, 5.999999999999998200 ) ) ;
#789 = PLANE ( 'NONE',  #2685 ) ;
#790 = DIRECTION ( 'NONE',  ( 1.000000000000000000, 0.0000000000000000000, -2.581433744013105600E-017 ) ) ;
#791 = DIRECTION ( 'NONE',  ( -2.581433744013105600E-017, 0.0000000000000000000, -1.000000000000000000 ) ) ;
#792 = CARTESIAN_POINT ( 'NONE',  ( 2.350000000000000100, -19.10000000000000100, 5.999999999999998200 ) ) ;
#793 = PLANE ( 'NONE',  #2686 ) ;
#794 = DIRECTION ( 'NONE',  ( 0.0000000000000000000, 0.0000000000000000000, -1.000000000000000000 ) ) ;
#795 = DIRECTION ( 'NONE',  ( -1.000000000000000000, 0.0000000000000000000, -0.0000000000000000000 ) ) ;
#796 = CARTESIAN_POINT ( 'NONE',  ( 1.550000000000000700, -19.10000000000000100, -1.734723475976807100E-015 ) ) ;
#797 = PLANE ( 'NONE',  #2687 ) ;
#798 = DIRECTION ( 'NONE',  ( 0.0000000000000000000, 0.0000000000000000000, 1.000000000000000000 ) ) ;
#799 = DIRECTION ( 'NONE',  ( 1.000000000000000000, 0.0000000000000000000, -0.0000000000000000000 ) ) ;
#800 = CARTESIAN_POINT ( 'NONE',  ( 1.550000000000000700, -19.10000000000000100, -1.734723475976807100E-015 ) ) ;
#801 = PLANE ( 'NONE',  #2688 ) ;
#802 = DIRECTION ( 'NONE',  ( 1.000000000000000000, -0.0000000000000000000, 1.445602896647339200E-016 ) ) ;
#803 = DIRECTION ( 'NONE',  ( 1.445602896647339200E-016, 0.0000000000000000000, -1.000000000000000000 ) ) ;
#804 = CARTESIAN_POINT ( 'NONE',  ( 0.5000000000000000000, -18.60000000000000100, -2.000000000000002700 ) ) ;
#805 = PLANE ( 'NONE',  #2689 ) ;
#806 = DIRECTION ( 'NONE',  ( 0.0000000000000000000, 0.0000000000000000000, -1.000000000000000000 ) ) ;
#807 = DIRECTION ( 'NONE',  ( -1.000000000000000000, 0.0000000000000000000, -0.0000000000000000000 ) ) ;
#808 = CARTESIAN_POINT ( 'NONE',  ( -2.949999999999997500, -18.60000000000000100, -2.000000000000002700 ) ) ;
#809 = PLANE ( 'NONE',  #2690 ) ;
#810 = DIRECTION ( 'NONE',  ( 0.0000000000000000000, -1.000000000000000000, 0.0000000000000000000 ) ) ;
#811 = DIRECTION ( 'NONE',  ( 0.0000000000000000000, -0.0000000000000000000, -1.000000000000000000 ) ) ;
#812 = CARTESIAN_POINT ( 'NONE',  ( -2.949999999999998000, -18.60000000000000100, 0.1999999999999974900 ) ) ;
#813 = PLANE ( 'NONE',  #2691 ) ;
#814 = DIRECTION ( 'NONE',  ( 1.000000000000000000, 0.0000000000000000000, 0.0000000000000000000 ) ) ;
#815 = DIRECTION ( 'NONE',  ( 0.0000000000000000000, 0.0000000000000000000, -1.000000000000000000 ) ) ;
#816 = CARTESIAN_POINT ( 'NONE',  ( -3.499999999999998700, -18.60000000000000100, 0.1999999999999979300 ) ) ;
#817 = PLANE ( 'NONE',  #2692 ) ;
#818 = DIRECTION ( 'NONE',  ( 0.0000000000000000000, 0.0000000000000000000, -1.000000000000000000 ) ) ;
#819 = DIRECTION ( 'NONE',  ( -1.000000000000000000, 0.0000000000000000000, -0.0000000000000000000 ) ) ;
#820 = CARTESIAN_POINT ( 'NONE',  ( -2.949999999999998800, -18.60000000000000100, 5.799999999999998000 ) ) ;
#821 = PLANE ( 'NONE',  #2693 ) ;
#822 = DIRECTION ( 'NONE',  ( -1.000000000000000000, 0.0000000000000000000, -1.971276677246371500E-016 ) ) ;
#823 = DIRECTION ( 'NONE',  ( -1.971276677246371500E-016, 0.0000000000000000000, 1.000000000000000000 ) ) ;
#824 = CARTESIAN_POINT ( 'NONE',  ( -2.949999999999998800, -18.60000000000000100, 7.999999999999996400 ) ) ;
#825 = PLANE ( 'NONE',  #2694 ) ;
#826 = DIRECTION ( 'NONE',  ( -7.885106708985472300E-016, 0.0000000000000000000, -1.000000000000000000 ) ) ;
#827 = DIRECTION ( 'NONE',  ( -1.000000000000000000, 0.0000000000000000000, 7.885106708985472300E-016 ) ) ;
#828 = CARTESIAN_POINT ( 'NONE',  ( 0.5000000000000000000, -18.60000000000000100, 7.999999999999996400 ) ) ;
#829 = PLANE ( 'NONE',  #2695 ) ;
#830 = DIRECTION ( 'NONE',  ( 0.0000000000000000000, -0.0000000000000000000, 1.000000000000000000 ) ) ;
#831 = DIRECTION ( 'NONE',  ( 1.000000000000000000, 0.0000000000000000000, -0.0000000000000000000 ) ) ;
#832 = CARTESIAN_POINT ( 'NONE',  ( 0.5000000000000000000, -18.60000000000000100, 7.199999999999998400 ) ) ;
#833 = PLANE ( 'NONE',  #2696 ) ;
#834 = DIRECTION ( 'NONE',  ( -1.000000000000000000, 0.0000000000000000000, 0.0000000000000000000 ) ) ;
#835 = DIRECTION ( 'NONE',  ( 0.0000000000000000000, 0.0000000000000000000, 1.000000000000000000 ) ) ;
#836 = CARTESIAN_POINT ( 'NONE',  ( -2.949999999999998800, -14.20000000000000100, 5.799999999999998000 ) ) ;
#837 = PLANE ( 'NONE',  #2697 ) ;
#838 = DIRECTION ( 'NONE',  ( 0.0000000000000000000, -0.0000000000000000000, 1.000000000000000000 ) ) ;
#839 = DIRECTION ( 'NONE',  ( 1.000000000000000000, 0.0000000000000000000, -0.0000000000000000000 ) ) ;
#840 = CARTESIAN_POINT ( 'NONE',  ( -2.949999999999998800, -18.60000000000000100, 0.1999999999999979300 ) ) ;
#841 = PLANE ( 'NONE',  #2698 ) ;
#842 = DIRECTION ( 'NONE',  ( 1.000000000000000000, 0.0000000000000000000, 0.0000000000000000000 ) ) ;
#843 = DIRECTION ( 'NONE',  ( 0.0000000000000000000, 0.0000000000000000000, -1.000000000000000000 ) ) ;
#844 = CARTESIAN_POINT ( 'NONE',  ( -1.849999999999998500, -18.60000000000000100, 0.5499999999999972700 ) ) ;
#845 = PLANE ( 'NONE',  #2699 ) ;
#846 = DIRECTION ( 'NONE',  ( -0.0000000000000000000, 1.000000000000000000, 0.0000000000000000000 ) ) ;
#847 = DIRECTION ( 'NONE',  ( 0.0000000000000000000, -0.0000000000000000000, 1.000000000000000000 ) ) ;
#848 = CARTESIAN_POINT ( 'NONE',  ( -1.849999999999998500, -18.60000000000000100, 5.449999999999998400 ) ) ;
#849 = PLANE ( 'NONE',  #2700 ) ;
#850 = DIRECTION ( 'NONE',  ( -1.000000000000000000, 0.0000000000000000000, -0.0000000000000000000 ) ) ;
#851 = DIRECTION ( 'NONE',  ( -0.0000000000000000000, 0.0000000000000000000, 1.000000000000000000 ) ) ;
#852 = CARTESIAN_POINT ( 'NONE',  ( -2.449999999999998400, -15.80000000000000100, 2.199999999999998400 ) ) ;
#853 = PLANE ( 'NONE',  #2701 ) ;
#854 = DIRECTION ( 'NONE',  ( 0.0000000000000000000, 0.0000000000000000000, -1.000000000000000000 ) ) ;
#855 = DIRECTION ( 'NONE',  ( -1.000000000000000000, 0.0000000000000000000, -0.0000000000000000000 ) ) ;
#856 = CARTESIAN_POINT ( 'NONE',  ( -2.449999999999998400, -17.64000000000000400, 2.199999999999998800 ) ) ;
#857 = PLANE ( 'NONE',  #2702 ) ;
#858 = DIRECTION ( 'NONE',  ( 0.0000000000000000000, 0.0000000000000000000, 1.000000000000000000 ) ) ;
#859 = DIRECTION ( 'NONE',  ( 1.000000000000000000, 0.0000000000000000000, -0.0000000000000000000 ) ) ;
#860 = CARTESIAN_POINT ( 'NONE',  ( -2.449999999999998400, -15.80000000000000100, 3.799999999999998000 ) ) ;
#861 = PLANE ( 'NONE',  #2703 ) ;
#862 = DIRECTION ( 'NONE',  ( 0.0000000000000000000, 2.356961244533703400E-016, 1.000000000000000000 ) ) ;
#863 = DIRECTION ( 'NONE',  ( 0.0000000000000000000, -1.000000000000000000, 2.356961244533703400E-016 ) ) ;
#864 = CARTESIAN_POINT ( 'NONE',  ( -2.449999999999998400, -15.80000000000000100, 2.199999999999998400 ) ) ;
#865 = PLANE ( 'NONE',  #2704 ) ;
#866 = DIRECTION ( 'NONE',  ( 0.0000000000000000000, 1.000000000000000000, -0.0000000000000000000 ) ) ;
#867 = DIRECTION ( 'NONE',  ( 0.0000000000000000000, 0.0000000000000000000, 1.000000000000000000 ) ) ;
#868 = CARTESIAN_POINT ( 'NONE',  ( -2.449999999999998400, -17.64000000000000400, 2.199999999999998800 ) ) ;
#869 = PLANE ( 'NONE',  #2705 ) ;
#870 = DIRECTION ( 'NONE',  ( 0.0000000000000000000, -2.356961244533703400E-016, -1.000000000000000000 ) ) ;
#871 = DIRECTION ( 'NONE',  ( 0.0000000000000000000, 1.000000000000000000, -2.356961244533703400E-016 ) ) ;
#872 = CARTESIAN_POINT ( 'NONE',  ( -0.09999999999999993600, -17.80000000000000400, 6.249999999999997300 ) ) ;
#873 = PLANE ( 'NONE',  #2706 ) ;
#874 = DIRECTION ( 'NONE',  ( 0.0000000000000000000, -1.000000000000000000, 0.0000000000000000000 ) ) ;
#875 = DIRECTION ( 'NONE',  ( 0.0000000000000000000, -0.0000000000000000000, -1.000000000000000000 ) ) ;
#876 = CARTESIAN_POINT ( 'NONE',  ( -0.09999999999999988100, -17.80000000000000400, 5.749999999999998200 ) ) ;
#877 = PLANE ( 'NONE',  #2707 ) ;
#878 = DIRECTION ( 'NONE',  ( -1.000000000000000000, 0.0000000000000000000, 0.0000000000000000000 ) ) ;
#879 = DIRECTION ( 'NONE',  ( 0.0000000000000000000, 0.0000000000000000000, 1.000000000000000000 ) ) ;
#880 = CARTESIAN_POINT ( 'NONE',  ( 0.4000000000000000800, -17.80000000000000400, 6.249999999999997300 ) ) ;
#881 = PLANE ( 'NONE',  #2708 ) ;
#882 = DIRECTION ( 'NONE',  ( 1.000000000000000000, 0.0000000000000000000, 1.084202172485505400E-016 ) ) ;
#883 = DIRECTION ( 'NONE',  ( 1.084202172485505400E-016, 0.0000000000000000000, -1.000000000000000000 ) ) ;
#884 = CARTESIAN_POINT ( 'NONE',  ( -0.09999999999999993600, -17.80000000000000400, 6.249999999999997300 ) ) ;
#885 = PLANE ( 'NONE',  #2709 ) ;
#886 = DIRECTION ( 'NONE',  ( -0.0000000000000000000, 0.0000000000000000000, 1.000000000000000000 ) ) ;
#887 = DIRECTION ( 'NONE',  ( 1.000000000000000000, 0.0000000000000000000, 0.0000000000000000000 ) ) ;
#888 = CARTESIAN_POINT ( 'NONE',  ( -0.09999999999999988100, -17.80000000000000400, 5.749999999999998200 ) ) ;
#889 = PLANE ( 'NONE',  #2710 ) ;
#890 = DIRECTION ( 'NONE',  ( -1.000000000000000000, 0.0000000000000000000, -4.336808689942021700E-016 ) ) ;
#891 = DIRECTION ( 'NONE',  ( -4.336808689942021700E-016, 0.0000000000000000000, 1.000000000000000000 ) ) ;
#892 = CARTESIAN_POINT ( 'NONE',  ( -0.09999999999999999200, -17.80000000000000400, 4.249999999999997300 ) ) ;
#893 = PLANE ( 'NONE',  #2711 ) ;
#894 = DIRECTION ( 'NONE',  ( 0.0000000000000000000, 0.0000000000000000000, -1.000000000000000000 ) ) ;
#895 = DIRECTION ( 'NONE',  ( -1.000000000000000000, 0.0000000000000000000, -0.0000000000000000000 ) ) ;
#896 = CARTESIAN_POINT ( 'NONE',  ( -0.09999999999999993600, -17.80000000000000400, 3.749999999999998200 ) ) ;
#897 = PLANE ( 'NONE',  #2712 ) ;
#898 = DIRECTION ( 'NONE',  ( 0.0000000000000000000, -1.000000000000000000, 0.0000000000000000000 ) ) ;
#899 = DIRECTION ( 'NONE',  ( 0.0000000000000000000, -0.0000000000000000000, -1.000000000000000000 ) ) ;
#900 = CARTESIAN_POINT ( 'NONE',  ( 0.4000000000000000200, -17.80000000000000400, 4.249999999999997300 ) ) ;
#901 = PLANE ( 'NONE',  #2713 ) ;
#902 = DIRECTION ( 'NONE',  ( 1.000000000000000000, 0.0000000000000000000, 1.084202172485505400E-016 ) ) ;
#903 = DIRECTION ( 'NONE',  ( 1.084202172485505400E-016, 0.0000000000000000000, -1.000000000000000000 ) ) ;
#904 = CARTESIAN_POINT ( 'NONE',  ( -0.09999999999999999200, -17.80000000000000400, 4.249999999999997300 ) ) ;
#905 = PLANE ( 'NONE',  #2714 ) ;
#906 = DIRECTION ( 'NONE',  ( -0.0000000000000000000, 0.0000000000000000000, 1.000000000000000000 ) ) ;
#907 = DIRECTION ( 'NONE',  ( 1.000000000000000000, 0.0000000000000000000, 0.0000000000000000000 ) ) ;
#908 = CARTESIAN_POINT ( 'NONE',  ( -0.09999999999999993600, -17.80000000000000400, 3.749999999999998200 ) ) ;
#909 = PLANE ( 'NONE',  #2715 ) ;
#910 = DIRECTION ( 'NONE',  ( -1.000000000000000000, 0.0000000000000000000, -4.336808689942021700E-016 ) ) ;
#911 = DIRECTION ( 'NONE',  ( -4.336808689942021700E-016, 0.0000000000000000000, 1.000000000000000000 ) ) ;
#912 = CARTESIAN_POINT ( 'NONE',  ( -0.09999999999999999200, -17.80000000000000400, 1.749999999999998000 ) ) ;
#913 = PLANE ( 'NONE',  #2716 ) ;
#914 = DIRECTION ( 'NONE',  ( 0.0000000000000000000, 0.0000000000000000000, -1.000000000000000000 ) ) ;
#915 = DIRECTION ( 'NONE',  ( -1.000000000000000000, 0.0000000000000000000, -0.0000000000000000000 ) ) ;
#916 = CARTESIAN_POINT ( 'NONE',  ( -0.1000000000000000500, -17.80000000000000400, 2.249999999999997800 ) ) ;
#917 = PLANE ( 'NONE',  #2717 ) ;
#918 = DIRECTION ( 'NONE',  ( 0.0000000000000000000, -1.000000000000000000, 0.0000000000000000000 ) ) ;
#919 = DIRECTION ( 'NONE',  ( 0.0000000000000000000, -0.0000000000000000000, -1.000000000000000000 ) ) ;
#920 = CARTESIAN_POINT ( 'NONE',  ( 0.3999999999999999700, -17.80000000000000400, 2.249999999999997800 ) ) ;
#921 = PLANE ( 'NONE',  #2718 ) ;
#922 = DIRECTION ( 'NONE',  ( 0.0000000000000000000, -1.000000000000000000, 0.0000000000000000000 ) ) ;
#923 = DIRECTION ( 'NONE',  ( 0.0000000000000000000, -0.0000000000000000000, -1.000000000000000000 ) ) ;
#924 = CARTESIAN_POINT ( 'NONE',  ( -0.09999999999999999200, -17.80000000000000400, 1.749999999999998000 ) ) ;
#925 = PLANE ( 'NONE',  #2719 ) ;
#926 = DIRECTION ( 'NONE',  ( 0.0000000000000000000, 0.0000000000000000000, -1.000000000000000000 ) ) ;
#927 = DIRECTION ( 'NONE',  ( -1.000000000000000000, 0.0000000000000000000, -0.0000000000000000000 ) ) ;
#928 = CARTESIAN_POINT ( 'NONE',  ( -0.1000000000000000500, -17.80000000000000400, 2.249999999999997800 ) ) ;
#929 = PLANE ( 'NONE',  #2720 ) ;
#930 = DIRECTION ( 'NONE',  ( -1.000000000000000000, 0.0000000000000000000, -4.336808689942021700E-016 ) ) ;
#931 = DIRECTION ( 'NONE',  ( -4.336808689942021700E-016, 0.0000000000000000000, 1.000000000000000000 ) ) ;
#932 = CARTESIAN_POINT ( 'NONE',  ( -0.1000000000000000500, -17.80000000000000400, -0.2500000000000019400 ) ) ;
#933 = PLANE ( 'NONE',  #2721 ) ;
#934 = DIRECTION ( 'NONE',  ( -0.0000000000000000000, 0.0000000000000000000, 1.000000000000000000 ) ) ;
#935 = DIRECTION ( 'NONE',  ( 1.000000000000000000, 0.0000000000000000000, 0.0000000000000000000 ) ) ;
#936 = CARTESIAN_POINT ( 'NONE',  ( -0.1000000000000001000, -17.80000000000000400, 0.2499999999999976100 ) ) ;
#937 = PLANE ( 'NONE',  #2722 ) ;
#938 = DIRECTION ( 'NONE',  ( 1.000000000000000000, 0.0000000000000000000, 1.084202172485505400E-016 ) ) ;
#939 = DIRECTION ( 'NONE',  ( 1.084202172485505400E-016, 0.0000000000000000000, -1.000000000000000000 ) ) ;
#940 = CARTESIAN_POINT ( 'NONE',  ( 0.3999999999999999100, -17.80000000000000400, 0.2499999999999976100 ) ) ;
#941 = PLANE ( 'NONE',  #2723 ) ;
#942 = DIRECTION ( 'NONE',  ( 0.0000000000000000000, -1.000000000000000000, 0.0000000000000000000 ) ) ;
#943 = DIRECTION ( 'NONE',  ( 0.0000000000000000000, -0.0000000000000000000, -1.000000000000000000 ) ) ;
#944 = CARTESIAN_POINT ( 'NONE',  ( -0.1000000000000000500, -17.80000000000000400, -0.2500000000000019400 ) ) ;
#945 = PLANE ( 'NONE',  #2724 ) ;
#946 = DIRECTION ( 'NONE',  ( 0.0000000000000000000, 0.0000000000000000000, -1.000000000000000000 ) ) ;
#947 = DIRECTION ( 'NONE',  ( -1.000000000000000000, 0.0000000000000000000, -0.0000000000000000000 ) ) ;
#948 = CARTESIAN_POINT ( 'NONE',  ( -0.1000000000000001000, -17.80000000000000400, 0.2499999999999976100 ) ) ;
#949 = PLANE ( 'NONE',  #2725 ) ;
#950 = DIRECTION ( 'NONE',  ( -1.000000000000000000, 0.0000000000000000000, -4.336808689942021700E-016 ) ) ;
#951 = DIRECTION ( 'NONE',  ( -4.336808689942021700E-016, 0.0000000000000000000, 1.000000000000000000 ) ) ;
#952 = CARTESIAN_POINT ( 'NONE',  ( -3.000000000000000000, -12.70000000000000100, -0.7000000000000022900 ) ) ;
#953 = PLANE ( 'NONE',  #2726 ) ;
#954 = DIRECTION ( 'NONE',  ( -0.0000000000000000000, 0.0000000000000000000, 1.000000000000000000 ) ) ;
#955 = DIRECTION ( 'NONE',  ( 1.000000000000000000, 0.0000000000000000000, 0.0000000000000000000 ) ) ;
#956 = CARTESIAN_POINT ( 'NONE',  ( -10.49999999999999800, -12.70000000000000100, -0.7000000000000022900 ) ) ;
#957 = PLANE ( 'NONE',  #2727 ) ;
#958 = DIRECTION ( 'NONE',  ( 1.000000000000000000, 0.0000000000000000000, 1.084202172485505400E-016 ) ) ;
#959 = DIRECTION ( 'NONE',  ( 1.084202172485505400E-016, 0.0000000000000000000, -1.000000000000000000 ) ) ;
#960 = CARTESIAN_POINT ( 'NONE',  ( -8.500000000000000000, -18.39999999999999900, -3.700000000000002800 ) ) ;
#961 = PLANE ( 'NONE',  #2728 ) ;
#962 = DIRECTION ( 'NONE',  ( 0.0000000000000000000, 1.000000000000000000, 3.872150616019658300E-017 ) ) ;
#963 = DIRECTION ( 'NONE',  ( 0.0000000000000000000, -3.872150616019658300E-017, 1.000000000000000000 ) ) ;
#964 = PLANE ( 'NONE',  #2729 ) ;
#965 = CARTESIAN_POINT ( 'NONE',  ( -10.50000000000000000, -20.40000000000000200, -0.7000000000000027300 ) ) ;
#966 = DIRECTION ( 'NONE',  ( -1.000000000000000000, 2.252887631138710800E-016, 8.723520228736827400E-033 ) ) ;
#967 = DIRECTION ( 'NONE',  ( -2.252887631138710800E-016, -1.000000000000000000, 0.0000000000000000000 ) ) ;
#968 = DIRECTION ( 'NONE',  ( 8.723520228736827400E-033, 0.0000000000000000000, 1.000000000000000000 ) ) ;
#969 = DIRECTION ( 'NONE',  ( 1.000000000000000000, 0.0000000000000000000, 0.0000000000000000000 ) ) ;
#970 = DIRECTION ( 'NONE',  ( 0.0000000000000000000, 5.632219077846777000E-017, -1.000000000000000000 ) ) ;
#971 = DIRECTION ( 'NONE',  ( 0.0000000000000000000, 1.000000000000000000, 5.632219077846777000E-017 ) ) ;
#972 = DIRECTION ( 'NONE',  ( 0.0000000000000000000, 1.000000000000000000, 5.421010862427522200E-017 ) ) ;
#973 = DIRECTION ( 'NONE',  ( 1.000000000000000000, 0.0000000000000000000, 0.0000000000000000000 ) ) ;
#974 = DIRECTION ( 'NONE',  ( 0.0000000000000000000, 3.872150616019658300E-017, -1.000000000000000000 ) ) ;
#975 = CARTESIAN_POINT ( 'NONE',  ( -8.499999999999998200, -14.70000000000000100, -0.7000000000000024000 ) ) ;
#976 = CARTESIAN_POINT ( 'NONE',  ( -8.599999999999996100, -16.30000000000000100, -3.700000000000002800 ) ) ;
#977 = DIRECTION ( 'NONE',  ( -0.0000000000000000000, -0.0000000000000000000, 1.000000000000000000 ) ) ;
#978 = CARTESIAN_POINT ( 'NONE',  ( -6.999999999999997300, -16.30000000000000100, -3.700000000000002800 ) ) ;
#979 = CARTESIAN_POINT ( 'NONE',  ( -6.999999999999997300, -15.80000000000000100, -3.700000000000002800 ) ) ;
#980 = PLANE ( 'NONE',  #2733 ) ;
#981 = DIRECTION ( 'NONE',  ( 1.000000000000000000, 0.0000000000000000000, 0.0000000000000000000 ) ) ;
#982 = DIRECTION ( 'NONE',  ( -0.0000000000000000000, -0.0000000000000000000, 1.000000000000000000 ) ) ;
#983 = DIRECTION ( 'NONE',  ( -1.000000000000000000, 6.938893903907222900E-015, 0.0000000000000000000 ) ) ;
#984 = DIRECTION ( 'NONE',  ( -6.938893903907222900E-015, -1.000000000000000000, 0.0000000000000000000 ) ) ;
#985 = CARTESIAN_POINT ( 'NONE',  ( -5.399999999999991500, -15.80000000000000100, -3.700000000000002800 ) ) ;
#986 = CARTESIAN_POINT ( 'NONE',  ( 0.0000000000000000000, 2.400733381932188800E-016, -6.200000000000002000 ) ) ;
#987 = PLANE ( 'NONE',  #2735 ) ;
#988 = DIRECTION ( 'NONE',  ( 0.0000000000000000000, -1.000000000000000000, 0.0000000000000000000 ) ) ;
#989 = DIRECTION ( 'NONE',  ( -0.0000000000000000000, -3.872150616019658300E-017, 1.000000000000000000 ) ) ;
#990 = DIRECTION ( 'NONE',  ( 1.000000000000000000, -1.040834085586083500E-014, 0.0000000000000000000 ) ) ;
#991 = DIRECTION ( 'NONE',  ( 1.040834085586083500E-014, 1.000000000000000000, 0.0000000000000000000 ) ) ;
#992 = CARTESIAN_POINT ( 'NONE',  ( 0.0000000000000000000, 2.400733381932188800E-016, -6.200000000000002000 ) ) ;
#993 = CARTESIAN_POINT ( 'NONE',  ( 0.0000000000000000000, 2.400733381932188800E-016, -6.200000000000002000 ) ) ;
#994 = PLANE ( 'NONE',  #2737 ) ;
#995 = DIRECTION ( 'NONE',  ( 0.0000000000000000000, -1.000000000000000000, 0.0000000000000000000 ) ) ;
#996 = DIRECTION ( 'NONE',  ( 0.0000000000000000000, -3.872150616019658300E-017, 1.000000000000000000 ) ) ;
#997 = DIRECTION ( 'NONE',  ( 0.0000000000000000000, 3.872150616019658300E-017, -1.000000000000000000 ) ) ;
#998 = DIRECTION ( 'NONE',  ( 0.0000000000000000000, 1.000000000000000000, 3.872150616019658300E-017 ) ) ;
#999 = CARTESIAN_POINT ( 'NONE',  ( -0.6000000000000000900, 2.000000000000000000, -2.200000000000000200 ) ) ;
#1000 = CARTESIAN_POINT ( 'NONE',  ( -0.09999999999999993600, -14.60000000000000100, 6.249999999999997300 ) ) ;
#1001 = CARTESIAN_POINT ( 'NONE',  ( 0.4000000000000000200, 2.000000000000000000, -2.600000000000000500 ) ) ;
#1002 = DIRECTION ( 'NONE',  ( -1.355252715606880000E-016, -0.0000000000000000000, -1.000000000000000000 ) ) ;
#1003 = DIRECTION ( 'NONE',  ( 1.084202172485505300E-016, 0.0000000000000000000, -1.000000000000000000 ) ) ;
#1004 = CARTESIAN_POINT ( 'NONE',  ( -0.09999999999999993600, -14.60000000000000100, 6.249999999999997300 ) ) ;
#1005 = DIRECTION ( 'NONE',  ( -1.000000000000000000, -0.0000000000000000000, -0.0000000000000000000 ) ) ;
#1006 = CARTESIAN_POINT ( 'NONE',  ( -1.149999999999999700, -14.60000000000000100, -1.200000000000002600 ) ) ;
#1007 = DIRECTION ( 'NONE',  ( -1.000000000000000000, -0.0000000000000000000, -0.0000000000000000000 ) ) ;
#1008 = DIRECTION ( 'NONE',  ( -0.0000000000000000000, -0.0000000000000000000, -1.000000000000000000 ) ) ;
#1009 = CARTESIAN_POINT ( 'NONE',  ( -6.999999999999997300, -15.80000000000000100, -3.700000000000002800 ) ) ;
#1010 = CARTESIAN_POINT ( 'NONE',  ( 0.4000000000000000800, -14.60000000000000100, 6.249999999999997300 ) ) ;
#1011 = DIRECTION ( 'NONE',  ( -4.336808689942021200E-016, -0.0000000000000000000, 1.000000000000000000 ) ) ;
#1012 = CARTESIAN_POINT ( 'NONE',  ( 0.0000000000000000000, 1.432695727927274400E-016, -3.700000000000002000 ) ) ;
#1013 = CARTESIAN_POINT ( 'NONE',  ( 0.0000000000000000000, 2.400733381932188800E-016, -6.200000000000002000 ) ) ;
#1014 = DIRECTION ( 'NONE',  ( -0.0000000000000000000, 3.872150616019658300E-017, -1.000000000000000000 ) ) ;
#1015 = DIRECTION ( 'NONE',  ( 0.0000000000000000000, -1.000000000000000000, 0.0000000000000000000 ) ) ;
#1016 = CARTESIAN_POINT ( 'NONE',  ( -1.149999999999999700, -14.60000000000000100, -1.200000000000002600 ) ) ;
#1017 = DIRECTION ( 'NONE',  ( 1.000000000000000000, 0.0000000000000000000, 0.0000000000000000000 ) ) ;
#1018 = CARTESIAN_POINT ( 'NONE',  ( -5.399999999999991500, -15.80000000000000100, -3.700000000000002800 ) ) ;
#1019 = DIRECTION ( 'NONE',  ( 1.040834085586083300E-014, 1.000000000000000000, -0.0000000000000000000 ) ) ;
#1020 = CARTESIAN_POINT ( 'NONE',  ( -8.599999999999996100, -16.30000000000000100, -3.700000000000002800 ) ) ;
#1021 = DIRECTION ( 'NONE',  ( 0.0000000000000000000, 0.0000000000000000000, 1.000000000000000000 ) ) ;
#1022 = DIRECTION ( 'NONE',  ( -1.000000000000000000, 0.0000000000000000000, 0.0000000000000000000 ) ) ;
#1023 = CARTESIAN_POINT ( 'NONE',  ( -1.849999999999998500, -14.20000000000000100, 0.5499999999999972700 ) ) ;
#1024 = DIRECTION ( 'NONE',  ( -0.0000000000000000000, -3.540251991789401900E-016, -1.000000000000000000 ) ) ;
#1025 = DIRECTION ( 'NONE',  ( 0.0000000000000000000, 3.872150616019658300E-017, -1.000000000000000000 ) ) ;
#1026 = DIRECTION ( 'NONE',  ( 0.0000000000000000000, 1.000000000000000000, 0.0000000000000000000 ) ) ;
#1027 = CARTESIAN_POINT ( 'NONE',  ( 3.000000000000000000, 2.000000000000000000, 6.000000000000000000 ) ) ;
#1028 = DIRECTION ( 'NONE',  ( -0.0000000000000000000, 1.000000000000000000, -0.0000000000000000000 ) ) ;
#1029 = CARTESIAN_POINT ( 'NONE',  ( 8.572527594031378300E-017, 0.6999999999999925200, -6.200000000000002000 ) ) ;
#1030 = DIRECTION ( 'NONE',  ( 8.659560562354927900E-017, 0.7071067811865470200, 0.7071067811865479100 ) ) ;
#1031 = CARTESIAN_POINT ( 'NONE',  ( -0.3999999999999999700, -0.5999999999999999800, 6.000000000000000000 ) ) ;
#1032 = DIRECTION ( 'NONE',  ( -6.938893903907222100E-015, -1.000000000000000000, -0.0000000000000000000 ) ) ;
#1033 = CARTESIAN_POINT ( 'NONE',  ( 2.500000000000000000, -6.700000000000001100, 6.000000000000000000 ) ) ;
#1034 = DIRECTION ( 'NONE',  ( 0.0000000000000000000, -1.000000000000000000, 0.0000000000000000000 ) ) ;
#1035 = CARTESIAN_POINT ( 'NONE',  ( -2.500000000000000000, -7.400000000000001200, 6.000000000000000000 ) ) ;
#1036 = DIRECTION ( 'NONE',  ( -1.355252715606880500E-016, 1.000000000000000000, 0.0000000000000000000 ) ) ;
#1037 = CARTESIAN_POINT ( 'NONE',  ( 2.200000000000000200, -6.400000000000001200, 6.000000000000000000 ) ) ;
#1038 = DIRECTION ( 'NONE',  ( 1.000000000000000000, -0.0000000000000000000, -0.0000000000000000000 ) ) ;
#1039 = CARTESIAN_POINT ( 'NONE',  ( -0.4000000000000001300, 0.5999999999999999800, 6.000000000000000000 ) ) ;
#1040 = DIRECTION ( 'NONE',  ( 0.7071067811865474600, -0.7071067811865474600, 0.0000000000000000000 ) ) ;
#1041 = CARTESIAN_POINT ( 'NONE',  ( -2.200000000000000200, -6.400000000000001200, 6.000000000000000000 ) ) ;
#1042 = DIRECTION ( 'NONE',  ( 1.000000000000000000, 0.0000000000000000000, 0.0000000000000000000 ) ) ;
#1043 = CARTESIAN_POINT ( 'NONE',  ( -2.500000000000000000, -6.700000000000001100, 6.000000000000000000 ) ) ;
#1044 = DIRECTION ( 'NONE',  ( 0.7071067811865474600, 0.7071067811865474600, -0.0000000000000000000 ) ) ;
#1045 = CARTESIAN_POINT ( 'NONE',  ( -0.4000000000000000200, 2.000000000000000000, 6.999999999999999100 ) ) ;
#1046 = DIRECTION ( 'NONE',  ( -1.000000000000000000, -0.0000000000000000000, -0.0000000000000000000 ) ) ;
#1047 = CARTESIAN_POINT ( 'NONE',  ( 3.000000000000000000, 2.000000000000000000, -3.700000000000002000 ) ) ;
#1048 = CARTESIAN_POINT ( 'NONE',  ( 3.000000000000000000, 2.000000000000000000, 6.000000000000000000 ) ) ;
#1049 = DIRECTION ( 'NONE',  ( -0.0000000000000000000, 1.000000000000000000, -0.0000000000000000000 ) ) ;
#1050 = CARTESIAN_POINT ( 'NONE',  ( -8.499999999999998200, -14.70000000000000100, -3.700000000000002400 ) ) ;
#1051 = DIRECTION ( 'NONE',  ( -0.0000000000000000000, 1.000000000000000000, 3.872150616019658300E-017 ) ) ;
#1052 = DIRECTION ( 'NONE',  ( -0.0000000000000000000, 3.872150616019658300E-017, -1.000000000000000000 ) ) ;
#1053 = DIRECTION ( 'NONE',  ( 0.0000000000000000000, -1.000000000000000000, 0.0000000000000000000 ) ) ;
#1054 = CARTESIAN_POINT ( 'NONE',  ( -0.4000000000000000200, 2.000000000000000000, 7.399999999999998600 ) ) ;
#1055 = DIRECTION ( 'NONE',  ( -0.0000000000000000000, -0.0000000000000000000, 1.000000000000000000 ) ) ;
#1056 = CARTESIAN_POINT ( 'NONE',  ( 0.4000000000000000800, 2.000000000000000000, 7.399999999999998600 ) ) ;
#1057 = DIRECTION ( 'NONE',  ( -1.000000000000000000, -0.0000000000000000000, -0.0000000000000000000 ) ) ;
#1058 = CARTESIAN_POINT ( 'NONE',  ( 3.000000000000000000, 2.000000000000000000, -3.700000000000002000 ) ) ;
#1059 = DIRECTION ( 'NONE',  ( -1.000000000000000000, -0.0000000000000000000, -0.0000000000000000000 ) ) ;
#1060 = CARTESIAN_POINT ( 'NONE',  ( 0.5999999999999998700, 2.000000000000000000, 7.399999999999998600 ) ) ;
#1061 = DIRECTION ( 'NONE',  ( 0.4472135954999577600, -0.0000000000000000000, -0.8944271909999158600 ) ) ;
#1062 = CARTESIAN_POINT ( 'NONE',  ( -0.6000000000000000900, 2.000000000000000000, 7.399999999999998600 ) ) ;
#1063 = DIRECTION ( 'NONE',  ( -1.000000000000000000, -0.0000000000000000000, -0.0000000000000000000 ) ) ;
#1064 = CARTESIAN_POINT ( 'NONE',  ( 0.4000000000000000200, 2.000000000000000000, 6.999999999999999100 ) ) ;
#1065 = DIRECTION ( 'NONE',  ( -1.000000000000000000, -0.0000000000000000000, -0.0000000000000000000 ) ) ;
#1066 = CARTESIAN_POINT ( 'NONE',  ( 3.000000000000000000, -20.40000000000000200, 9.700000000000001100 ) ) ;
#1067 = DIRECTION ( 'NONE',  ( -1.355252715606880000E-016, -0.0000000000000000000, -1.000000000000000000 ) ) ;
#1068 = CARTESIAN_POINT ( 'NONE',  ( -2.949999999999998800, -20.40000000000000200, 7.999999999999996400 ) ) ;
#1069 = DIRECTION ( 'NONE',  ( -1.000000000000000000, -0.0000000000000000000, -0.0000000000000000000 ) ) ;
#1070 = CARTESIAN_POINT ( 'NONE',  ( 3.000000000000000000, 2.000000000000000000, 9.700000000000001100 ) ) ;
#1071 = DIRECTION ( 'NONE',  ( -1.000000000000000000, -0.0000000000000000000, -0.0000000000000000000 ) ) ;
#1072 = CARTESIAN_POINT ( 'NONE',  ( 3.000000000000000000, -20.40000000000000200, 9.700000000000001100 ) ) ;
#1073 = DIRECTION ( 'NONE',  ( -0.0000000000000000000, -1.000000000000000000, -0.0000000000000000000 ) ) ;
#1074 = CARTESIAN_POINT ( 'NONE',  ( 3.000000000000000000, 2.000000000000000000, 9.700000000000001100 ) ) ;
#1075 = DIRECTION ( 'NONE',  ( -0.0000000000000000000, -0.0000000000000000000, 1.000000000000000000 ) ) ;
#1076 = CARTESIAN_POINT ( 'NONE',  ( -2.949999999999998800, -20.40000000000000200, 5.799999999999998000 ) ) ;
#1077 = DIRECTION ( 'NONE',  ( -1.000000000000000000, 0.0000000000000000000, 0.0000000000000000000 ) ) ;
#1078 = CARTESIAN_POINT ( 'NONE',  ( -3.499999999999998700, -20.40000000000000200, 8.399999999999998600 ) ) ;
#1079 = DIRECTION ( 'NONE',  ( 0.0000000000000000000, 0.0000000000000000000, -1.000000000000000000 ) ) ;
#1080 = CARTESIAN_POINT ( 'NONE',  ( 0.5000000000000000000, -20.40000000000000200, 7.199999999999998400 ) ) ;
#1081 = DIRECTION ( 'NONE',  ( -0.7071067811865462400, -0.0000000000000000000, -0.7071067811865489100 ) ) ;
#1082 = CARTESIAN_POINT ( 'NONE',  ( -8.500000000000000000, -20.40000000000000200, -3.700000000000002800 ) ) ;
#1083 = DIRECTION ( 'NONE',  ( -8.723520228736827400E-033, 0.0000000000000000000, -1.000000000000000000 ) ) ;
#1084 = CARTESIAN_POINT ( 'NONE',  ( -10.50000000000000000, -20.40000000000000200, -0.7000000000000027300 ) ) ;
#1085 = DIRECTION ( 'NONE',  ( -1.000000000000000000, -0.0000000000000000000, -0.0000000000000000000 ) ) ;
#1086 = CARTESIAN_POINT ( 'NONE',  ( 3.000000000000000000, -20.40000000000000200, -3.700000000000002800 ) ) ;
#1087 = DIRECTION ( 'NONE',  ( -0.0000000000000000000, -0.0000000000000000000, -1.000000000000000000 ) ) ;
#1088 = CARTESIAN_POINT ( 'NONE',  ( -3.499999999999998700, -20.40000000000000200, -2.400000000000003000 ) ) ;
#1089 = DIRECTION ( 'NONE',  ( -0.0000000000000000000, -0.0000000000000000000, -1.000000000000000000 ) ) ;
#1090 = CARTESIAN_POINT ( 'NONE',  ( 0.5000000000000000000, -20.40000000000000200, 7.999999999999996400 ) ) ;
#1091 = DIRECTION ( 'NONE',  ( -1.000000000000000000, 0.0000000000000000000, 0.0000000000000000000 ) ) ;
#1092 = CARTESIAN_POINT ( 'NONE',  ( 1.550000000000000300, -20.40000000000000200, -1.200000000000002600 ) ) ;
#1093 = DIRECTION ( 'NONE',  ( 0.0000000000000000000, 0.0000000000000000000, 1.000000000000000000 ) ) ;
#1094 = CARTESIAN_POINT ( 'NONE',  ( 2.350000000000000100, -20.40000000000000200, 5.999999999999998200 ) ) ;
#1095 = DIRECTION ( 'NONE',  ( 2.581433744013105600E-017, 0.0000000000000000000, 1.000000000000000000 ) ) ;
#1096 = CARTESIAN_POINT ( 'NONE',  ( 1.550000000000000300, -20.40000000000000200, 5.999999999999998200 ) ) ;
#1097 = DIRECTION ( 'NONE',  ( -1.445602896647339200E-016, -0.0000000000000000000, 1.000000000000000000 ) ) ;
#1098 = CARTESIAN_POINT ( 'NONE',  ( 1.550000000000000700, -20.40000000000000200, -1.734723475976807100E-015 ) ) ;
#1099 = DIRECTION ( 'NONE',  ( -1.000000000000000000, -0.0000000000000000000, -0.0000000000000000000 ) ) ;
#1100 = CARTESIAN_POINT ( 'NONE',  ( -1.149999999999999700, -20.40000000000000200, -1.200000000000002600 ) ) ;
#1101 = DIRECTION ( 'NONE',  ( 1.000000000000000000, 0.0000000000000000000, 0.0000000000000000000 ) ) ;
#1102 = CARTESIAN_POINT ( 'NONE',  ( -2.949999999999998000, -20.40000000000000200, 0.1999999999999974900 ) ) ;
#1103 = DIRECTION ( 'NONE',  ( 1.000000000000000000, 0.0000000000000000000, 0.0000000000000000000 ) ) ;
#1104 = CARTESIAN_POINT ( 'NONE',  ( 1.550000000000000300, -20.40000000000000200, -1.200000000000002600 ) ) ;
#1105 = DIRECTION ( 'NONE',  ( 2.581433744013105600E-017, 0.0000000000000000000, 1.000000000000000000 ) ) ;
#1106 = CARTESIAN_POINT ( 'NONE',  ( 0.5000000000000000000, -20.40000000000000200, -2.000000000000002700 ) ) ;
#1107 = DIRECTION ( 'NONE',  ( 0.0000000000000000000, 0.0000000000000000000, 1.000000000000000000 ) ) ;
#1108 = CARTESIAN_POINT ( 'NONE',  ( -2.949999999999997500, -20.40000000000000200, -2.000000000000002700 ) ) ;
#1109 = DIRECTION ( 'NONE',  ( 1.971276677246371500E-016, 0.0000000000000000000, -1.000000000000000000 ) ) ;
#1110 = CARTESIAN_POINT ( 'NONE',  ( -3.499999999999998700, -20.40000000000000200, 0.1999999999999979300 ) ) ;
#1111 = DIRECTION ( 'NONE',  ( 1.000000000000000000, 0.0000000000000000000, 0.0000000000000000000 ) ) ;
#1112 = CARTESIAN_POINT ( 'NONE',  ( 0.0000000000000000000, 2.000000000000000000, -1.000000000000000000 ) ) ;
#1113 = DIRECTION ( 'NONE',  ( 1.000000000000000000, 0.0000000000000000000, -7.885106708985472300E-016 ) ) ;
#1114 = CARTESIAN_POINT ( 'NONE',  ( -3.499999999999998700, -20.40000000000000200, -2.400000000000003000 ) ) ;
#1115 = DIRECTION ( 'NONE',  ( 0.4472135954999579300, -0.0000000000000000000, 0.8944271909999158600 ) ) ;
#1116 = CARTESIAN_POINT ( 'NONE',  ( 0.5999999999999998700, 2.000000000000000000, -2.200000000000000200 ) ) ;
#1117 = DIRECTION ( 'NONE',  ( -0.0000000000000000000, -0.0000000000000000000, -1.000000000000000000 ) ) ;
#1118 = CARTESIAN_POINT ( 'NONE',  ( -0.4000000000000000200, 2.000000000000000000, -2.200000000000000200 ) ) ;
#1119 = DIRECTION ( 'NONE',  ( -0.0000000000000000000, -0.0000000000000000000, 1.000000000000000000 ) ) ;
#1120 = CARTESIAN_POINT ( 'NONE',  ( -0.4000000000000000200, 2.000000000000000000, -2.600000000000000500 ) ) ;
#1121 = DIRECTION ( 'NONE',  ( 0.4472135954999577600, -0.0000000000000000000, -0.8944271909999158600 ) ) ;
#1122 = CARTESIAN_POINT ( 'NONE',  ( -2.200000000000000200, -6.400000000000001200, 0.0000000000000000000 ) ) ;
#1123 = DIRECTION ( 'NONE',  ( -1.000000000000000000, -0.0000000000000000000, -0.0000000000000000000 ) ) ;
#1124 = CARTESIAN_POINT ( 'NONE',  ( -2.500000000000000000, -7.400000000000001200, 0.0000000000000000000 ) ) ;
#1125 = DIRECTION ( 'NONE',  ( 0.7071067811865474600, 0.7071067811865474600, -0.0000000000000000000 ) ) ;
#1126 = CARTESIAN_POINT ( 'NONE',  ( -0.3999999999999999700, -0.5999999999999999800, -0.1000000000000000100 ) ) ;
#1127 = CARTESIAN_POINT ( 'NONE',  ( 0.4000000000000000800, 2.000000000000000000, -2.200000000000000200 ) ) ;
#1128 = DIRECTION ( 'NONE',  ( -1.000000000000000000, -0.0000000000000000000, -0.0000000000000000000 ) ) ;
#1129 = DIRECTION ( 'NONE',  ( 1.000000000000000000, -0.0000000000000000000, -0.0000000000000000000 ) ) ;
#1130 = CARTESIAN_POINT ( 'NONE',  ( -2.500000000000000000, -6.700000000000001100, 0.0000000000000000000 ) ) ;
#1131 = DIRECTION ( 'NONE',  ( -0.0000000000000000000, 1.000000000000000000, -0.0000000000000000000 ) ) ;
#1132 = CARTESIAN_POINT ( 'NONE',  ( 2.200000000000000200, -6.400000000000001200, 0.0000000000000000000 ) ) ;
#1133 = DIRECTION ( 'NONE',  ( 0.7071067811865474600, -0.7071067811865474600, 0.0000000000000000000 ) ) ;
#1134 = CARTESIAN_POINT ( 'NONE',  ( 3.000000000000000000, -6.400000000000001200, 0.0000000000000000000 ) ) ;
#1135 = DIRECTION ( 'NONE',  ( -0.0000000000000000000, -1.000000000000000000, -0.0000000000000000000 ) ) ;
#1136 = CARTESIAN_POINT ( 'NONE',  ( 2.500000000000000000, -6.700000000000001100, 0.0000000000000000000 ) ) ;
#1137 = DIRECTION ( 'NONE',  ( 0.0000000000000000000, -1.000000000000000000, 0.0000000000000000000 ) ) ;
#1138 = CARTESIAN_POINT ( 'NONE',  ( -0.4000000000000001300, 0.5999999999999999800, -0.1000000000000000100 ) ) ;
#1139 = DIRECTION ( 'NONE',  ( -0.0000000000000000000, -0.0000000000000000000, 1.000000000000000000 ) ) ;
#1140 = CARTESIAN_POINT ( 'NONE',  ( -0.4000000000000001300, 0.5999999999999999800, 6.100000000000000500 ) ) ;
#1141 = DIRECTION ( 'NONE',  ( -0.0000000000000000000, -0.0000000000000000000, -1.000000000000000000 ) ) ;
#1142 = CARTESIAN_POINT ( 'NONE',  ( -0.4000000000000001300, 0.5999999999999999800, -0.1000000000000000100 ) ) ;
#1143 = DIRECTION ( 'NONE',  ( 1.355252715606880500E-016, -1.000000000000000000, 0.0000000000000000000 ) ) ;
#1144 = CARTESIAN_POINT ( 'NONE',  ( 3.000000000000000000, -7.400000000000001200, 6.000000000000000000 ) ) ;
#1145 = DIRECTION ( 'NONE',  ( -0.0000000000000000000, -0.0000000000000000000, 1.000000000000000000 ) ) ;
#1146 = CARTESIAN_POINT ( 'NONE',  ( -0.4000000000000001300, 0.5999999999999999800, -0.1000000000000000100 ) ) ;
#1147 = DIRECTION ( 'NONE',  ( 0.0000000000000000000, 0.0000000000000000000, -1.000000000000000000 ) ) ;
#1148 = CARTESIAN_POINT ( 'NONE',  ( -0.3999999999999999700, -0.5999999999999999800, 6.100000000000000500 ) ) ;
#1149 = DIRECTION ( 'NONE',  ( -0.0000000000000000000, -0.0000000000000000000, -1.000000000000000000 ) ) ;
#1150 = CARTESIAN_POINT ( 'NONE',  ( 0.3999999999999999100, 0.5999999999999999800, -0.1000000000000000100 ) ) ;
#1151 = DIRECTION ( 'NONE',  ( -0.0000000000000000000, -0.0000000000000000000, 1.000000000000000000 ) ) ;
#1152 = CARTESIAN_POINT ( 'NONE',  ( 0.4000000000000000800, -0.5999999999999999800, -0.1000000000000000100 ) ) ;
#1153 = DIRECTION ( 'NONE',  ( -0.0000000000000000000, -0.0000000000000000000, 1.000000000000000000 ) ) ;
#1154 = CARTESIAN_POINT ( 'NONE',  ( -0.3999999999999999700, -0.5999999999999999800, -0.1000000000000000100 ) ) ;
#1155 = DIRECTION ( 'NONE',  ( -1.000000000000000000, -0.0000000000000000000, -0.0000000000000000000 ) ) ;
#1156 = CARTESIAN_POINT ( 'NONE',  ( 2.500000000000000000, -6.700000000000001100, 6.000000000000000000 ) ) ;
#1157 = DIRECTION ( 'NONE',  ( 0.0000000000000000000, 0.0000000000000000000, -1.000000000000000000 ) ) ;
#1158 = CARTESIAN_POINT ( 'NONE',  ( 0.3999999999999999100, 0.5999999999999999800, -0.1000000000000000100 ) ) ;
#1159 = DIRECTION ( 'NONE',  ( -1.355252715606880500E-016, 1.000000000000000000, -0.0000000000000000000 ) ) ;
#1160 = CARTESIAN_POINT ( 'NONE',  ( -0.3999999999999999700, -0.5999999999999999800, 6.100000000000000500 ) ) ;
#1161 = DIRECTION ( 'NONE',  ( -1.355252715606880500E-016, 1.000000000000000000, 0.0000000000000000000 ) ) ;
#1162 = CARTESIAN_POINT ( 'NONE',  ( -0.4000000000000000200, 1.950000000000000200, -2.200000000000000200 ) ) ;
#1163 = DIRECTION ( 'NONE',  ( 1.000000000000000000, 0.0000000000000000000, 0.0000000000000000000 ) ) ;
#1164 = CARTESIAN_POINT ( 'NONE',  ( 0.5999999999999998700, 1.950000000000000200, -2.200000000000000200 ) ) ;
#1165 = DIRECTION ( 'NONE',  ( -0.0000000000000000000, 1.000000000000000000, -0.0000000000000000000 ) ) ;
#1166 = CARTESIAN_POINT ( 'NONE',  ( 0.4000000000000000800, -0.5999999999999999800, 6.100000000000000500 ) ) ;
#1167 = DIRECTION ( 'NONE',  ( -0.0000000000000000000, -0.0000000000000000000, -1.000000000000000000 ) ) ;
#1168 = DIRECTION ( 'NONE',  ( -0.0000000000000000000, -3.872150616019658300E-017, 1.000000000000000000 ) ) ;
#1169 = CARTESIAN_POINT ( 'NONE',  ( 0.0000000000000000000, 1.950000000000000200, -1.000000000000000000 ) ) ;
#1170 = DIRECTION ( 'NONE',  ( 0.4472135954999579300, -0.0000000000000000000, 0.8944271909999158600 ) ) ;
#1171 = CARTESIAN_POINT ( 'NONE',  ( -8.499999999999998200, -12.70000000000000100, -0.7000000000000022900 ) ) ;
#1172 = DIRECTION ( 'NONE',  ( -0.0000000000000000000, 1.000000000000000000, -0.0000000000000000000 ) ) ;
#1173 = CARTESIAN_POINT ( 'NONE',  ( 0.5999999999999998700, 1.950000000000000200, 7.399999999999998600 ) ) ;
#1174 = DIRECTION ( 'NONE',  ( -0.0000000000000000000, 1.000000000000000000, -0.0000000000000000000 ) ) ;
#1175 = CARTESIAN_POINT ( 'NONE',  ( -0.6000000000000000900, 1.950000000000000200, -2.200000000000000200 ) ) ;
#1176 = DIRECTION ( 'NONE',  ( -0.0000000000000000000, 1.000000000000000000, -0.0000000000000000000 ) ) ;
#1177 = CARTESIAN_POINT ( 'NONE',  ( -2.500000000000000000, -6.700000000000001100, 6.000000000000000000 ) ) ;
#1178 = DIRECTION ( 'NONE',  ( 0.0000000000000000000, 0.0000000000000000000, -1.000000000000000000 ) ) ;
#1179 = CARTESIAN_POINT ( 'NONE',  ( 0.5999999999999998700, 1.950000000000000200, -2.200000000000000200 ) ) ;
#1180 = DIRECTION ( 'NONE',  ( 0.4472135954999577600, -0.0000000000000000000, -0.8944271909999158600 ) ) ;
#1181 = CARTESIAN_POINT ( 'NONE',  ( 0.0000000000000000000, 1.950000000000000200, 8.599999999999999600 ) ) ;
#1182 = DIRECTION ( 'NONE',  ( -0.0000000000000000000, 1.000000000000000000, -0.0000000000000000000 ) ) ;
#1183 = CARTESIAN_POINT ( 'NONE',  ( 2.500000000000000000, -7.400000000000001200, 6.000000000000000000 ) ) ;
#1184 = DIRECTION ( 'NONE',  ( 0.0000000000000000000, 0.0000000000000000000, -1.000000000000000000 ) ) ;
#1185 = CARTESIAN_POINT ( 'NONE',  ( 0.3999999999999999100, 0.5999999999999999800, 6.100000000000000500 ) ) ;
#1186 = DIRECTION ( 'NONE',  ( -0.0000000000000000000, -0.0000000000000000000, -1.000000000000000000 ) ) ;
#1187 = EDGE_CURVE ( 'NONE', #156, #169, #2159, .T. ) ;
#1188 = EDGE_CURVE ( 'NONE', #152, #154, #2162, .T. ) ;
#1189 = EDGE_CURVE ( 'NONE', #169, #168, #1591, .T. ) ;
#1190 = EDGE_CURVE ( 'NONE', #168, #171, #1461, .T. ) ;
#1191 = EDGE_CURVE ( 'NONE', #171, #156, #2163, .T. ) ;
#1192 = EDGE_CURVE ( 'NONE', #157, #164, #2165, .T. ) ;
#1193 = EDGE_CURVE ( 'NONE', #166, #157, #2167, .T. ) ;
#1194 = EDGE_CURVE ( 'NONE', #175, #166, #2169, .T. ) ;
#1195 = EDGE_CURVE ( 'NONE', #164, #175, #2171, .T. ) ;
#1196 = EDGE_CURVE ( 'NONE', #159, #173, #2173, .T. ) ;
#1197 = EDGE_CURVE ( 'NONE', #155, #159, #2175, .T. ) ;
#1198 = EDGE_CURVE ( 'NONE', #177, #155, #2177, .T. ) ;
#1199 = EDGE_CURVE ( 'NONE', #173, #177, #2179, .T. ) ;
#1200 = EDGE_CURVE ( 'NONE', #172, #161, #2181, .T. ) ;
#1201 = EDGE_CURVE ( 'NONE', #176, #162, #2183, .T. ) ;
#1202 = EDGE_CURVE ( 'NONE', #163, #174, #2185, .T. ) ;
#1203 = EDGE_CURVE ( 'NONE', #158, #163, #2187, .T. ) ;
#1204 = EDGE_CURVE ( 'NONE', #167, #165, #2189, .T. ) ;
#1205 = EDGE_CURVE ( 'NONE', #165, #172, #2196, .T. ) ;
#1206 = EDGE_CURVE ( 'NONE', #118, #140, #2198, .T. ) ;
#1207 = EDGE_CURVE ( 'NONE', #153, #125, #2191, .T. ) ;
#1208 = EDGE_CURVE ( 'NONE', #137, #138, #2193, .T. ) ;
#1209 = EDGE_CURVE ( 'NONE', #151, #124, #2195, .T. ) ;
#1210 = EDGE_CURVE ( 'NONE', #117, #118, #2201, .T. ) ;
#1211 = EDGE_CURVE ( 'NONE', #117, #116, #2203, .T. ) ;
#1212 = EDGE_CURVE ( 'NONE', #116, #115, #2205, .T. ) ;
#1213 = EDGE_CURVE ( 'NONE', #111, #113, #2212, .T. ) ;
#1214 = EDGE_CURVE ( 'NONE', #113, #115, #2207, .T. ) ;
#1215 = EDGE_CURVE ( 'NONE', #98, #97, #2209, .T. ) ;
#1216 = EDGE_CURVE ( 'NONE', #97, #111, #2211, .T. ) ;
#1217 = EDGE_CURVE ( 'NONE', #132, #131, #2222, .T. ) ;
#1218 = EDGE_CURVE ( 'NONE', #103, #104, #2221, .T. ) ;
#1219 = EDGE_CURVE ( 'NONE', #141, #100, #2220, .T. ) ;
#1220 = EDGE_CURVE ( 'NONE', #83, #82, #2219, .T. ) ;
#1221 = EDGE_CURVE ( 'NONE', #108, #107, #2216, .T. ) ;
#1222 = EDGE_CURVE ( 'NONE', #90, #89, #2224, .T. ) ;
#1223 = EDGE_CURVE ( 'NONE', #103, #101, #2226, .T. ) ;
#1224 = EDGE_CURVE ( 'NONE', #139, #140, #2232, .T. ) ;
#1225 = EDGE_CURVE ( 'NONE', #132, #134, #2234, .T. ) ;
#1226 = EDGE_CURVE ( 'NONE', #136, #137, #2239, .T. ) ;
#1227 = EDGE_CURVE ( 'NONE', #140, #141, #2231, .T. ) ;
#1228 = EDGE_CURVE ( 'NONE', #182, #158, #2240, .T. ) ;
#1229 = EDGE_CURVE ( 'NONE', #174, #182, #2238, .T. ) ;
#1230 = EDGE_CURVE ( 'NONE', #170, #128, #2237, .T. ) ;
#1231 = EDGE_CURVE ( 'NONE', #162, #170, #2236, .T. ) ;
#1232 = EDGE_CURVE ( 'NONE', #176, #160, #2247, .T. ) ;
#1233 = EDGE_CURVE ( 'NONE', #128, #127, #2243, .T. ) ;
#1234 = EDGE_CURVE ( 'NONE', #125, #124, #2251, .T. ) ;
#1235 = EDGE_CURVE ( 'NONE', #170, #160, #2253, .T. ) ;
#1236 = EDGE_CURVE ( 'NONE', #165, #160, #2255, .T. ) ;
#1237 = EDGE_CURVE ( 'NONE', #127, #126, #2257, .T. ) ;
#1238 = EDGE_CURVE ( 'NONE', #124, #119, #2259, .T. ) ;
#1239 = EDGE_CURVE ( 'NONE', #126, #125, #2261, .T. ) ;
#1240 = EDGE_CURVE ( 'NONE', #123, #122, #2263, .T. ) ;
#1241 = EDGE_CURVE ( 'NONE', #119, #123, #2265, .T. ) ;
#1242 = EDGE_CURVE ( 'NONE', #131, #133, #2267, .T. ) ;
#1243 = EDGE_CURVE ( 'NONE', #122, #121, #2269, .T. ) ;
#1244 = EDGE_CURVE ( 'NONE', #100, #99, #2271, .T. ) ;
#1245 = EDGE_CURVE ( 'NONE', #144, #145, #2275, .T. ) ;
#1246 = EDGE_CURVE ( 'NONE', #133, #134, #2277, .T. ) ;
#1247 = EDGE_CURVE ( 'NONE', #106, #108, #2273, .T. ) ;
#1248 = EDGE_CURVE ( 'NONE', #104, #102, #2276, .T. ) ;
#1249 = EDGE_CURVE ( 'NONE', #120, #121, #2280, .T. ) ;
#1250 = EDGE_CURVE ( 'NONE', #172, #120, #2246, .T. ) ;
#1251 = EDGE_CURVE ( 'NONE', #98, #99, #2250, .T. ) ;
#1252 = EDGE_CURVE ( 'NONE', #130, #132, #2285, .T. ) ;
#1253 = EDGE_CURVE ( 'NONE', #135, #136, #2279, .T. ) ;
#1254 = EDGE_CURVE ( 'NONE', #189, #112, #2289, .T. ) ;
#1255 = EDGE_CURVE ( 'NONE', #101, #102, #2283, .T. ) ;
#1256 = EDGE_CURVE ( 'NONE', #189, #65, #2295, .T. ) ;
#1257 = EDGE_CURVE ( 'NONE', #194, #109, #2294, .T. ) ;
#1258 = EDGE_CURVE ( 'NONE', #109, #187, #2297, .T. ) ;
#1259 = EDGE_CURVE ( 'NONE', #187, #186, #2296, .T. ) ;
#1260 = EDGE_CURVE ( 'NONE', #186, #194, #2300, .T. ) ;
#1261 = EDGE_CURVE ( 'NONE', #131, #132, #2302, .T. ) ;
#1262 = EDGE_CURVE ( 'NONE', #144, #109, #2298, .T. ) ;
#1263 = EDGE_CURVE ( 'NONE', #145, #187, #2303, .T. ) ;
#1264 = EDGE_CURVE ( 'NONE', #143, #194, #2305, .T. ) ;
#1265 = EDGE_CURVE ( 'NONE', #146, #186, #2307, .T. ) ;
#1266 = EDGE_CURVE ( 'NONE', #1, #112, #2311, .T. ) ;
#1267 = EDGE_CURVE ( 'NONE', #130, #129, #2313, .T. ) ;
#1268 = EDGE_CURVE ( 'NONE', #72, #71, #2312, .T. ) ;
#1269 = EDGE_CURVE ( 'NONE', #112, #138, #2309, .T. ) ;
#1270 = AXIS2_PLACEMENT_3D ( 'NONE', #442, #443, #444 ) ;
#1271 = EDGE_CURVE ( 'NONE', #154, #151, #2316, .T. ) ;
#1272 = EDGE_CURVE ( 'NONE', #148, #150, #2318, .T. ) ;
#1273 = EDGE_CURVE ( 'NONE', #34, #35, #2301, .T. ) ;
#1274 = ORIENTED_EDGE ( 'NONE', *, *, #1766, .F. ) ;
#1275 = PRODUCT_DEFINITION_SHAPE ( 'NONE', 'NONE',  #2742 ) ;
#1276 = DESIGN_CONTEXT ( 'detailed design', #3372, 'design' ) ;
#1277 = EDGE_LOOP ( 'NONE', ( #1980, #1981, #1982, #1983, #1984, #1985, #1986, #1987 ) ) ;
#1278 = EDGE_LOOP ( 'NONE', ( #2004, #2005, #2006, #2007 ) ) ;
#1279 = EDGE_LOOP ( 'NONE', ( #1992, #1993, #1994, #1995 ) ) ;
#1280 = EDGE_LOOP ( 'NONE', ( #1910, #1911, #1912, #1913, #1914, #1915 ) ) ;
#1281 = EDGE_LOOP ( 'NONE', ( #1916, #1917, #1918, #1919, #1920, #1921, #1922, #1923 ) ) ;
#1282 = EDGE_LOOP ( 'NONE', ( #1946, #1947, #1948, #1949 ) ) ;
#1283 = EDGE_LOOP ( 'NONE', ( #1963, #1964, #1965, #1966, #1967 ) ) ;
#1284 = EDGE_LOOP ( 'NONE', ( #1942, #1943, #1944, #1945 ) ) ;
#1285 = EDGE_LOOP ( 'NONE', ( #1906, #1907, #1908, #1909 ) ) ;
#1286 = EDGE_LOOP ( 'NONE', ( #1924, #1925, #1926, #1927, #1928, #1929 ) ) ;
#1287 = EDGE_LOOP ( 'NONE', ( #1930, #1931, #1932, #1933 ) ) ;
#1288 = EDGE_LOOP ( 'NONE', ( #1958, #1959, #1960, #1961, #1962 ) ) ;
#1289 = EDGE_LOOP ( 'NONE', ( #1954, #1955, #1956, #1957 ) ) ;
#1290 = EDGE_LOOP ( 'NONE', ( #1938, #1939, #1940, #1941 ) ) ;
#1291 = EDGE_LOOP ( 'NONE', ( #1476, #1475, #1474, #1473, #1472, #1471, #1470, #1469 ) ) ;
#1292 = EDGE_LOOP ( 'NONE', ( #1881, #1882, #1883, #1884, #1885, #1886, #1887 ) ) ;
#1293 = EDGE_LOOP ( 'NONE', ( #1950, #1951, #1952, #1953 ) ) ;
#1294 = EDGE_LOOP ( 'NONE', ( #1888, #1889, #1890, #1891 ) ) ;
#1295 = EDGE_LOOP ( 'NONE', ( #1902, #1903, #1904, #1905 ) ) ;
#1296 = EDGE_LOOP ( 'NONE', ( #1873, #1874, #1875, #1876 ) ) ;
#1297 = EDGE_LOOP ( 'NONE', ( #1869, #1870, #1871, #1872 ) ) ;
#1298 = EDGE_LOOP ( 'NONE', ( #1877, #1878, #1879, #1880 ) ) ;
#1299 = EDGE_LOOP ( 'NONE', ( #1934, #1935, #1936, #1937 ) ) ;
#1300 = EDGE_LOOP ( 'NONE', ( #1861, #1862, #1863, #1864 ) ) ;
#1301 = EDGE_LOOP ( 'NONE', ( #1846, #1847, #1848, #1849, #1850, #1851, #1852 ) ) ;
#1302 = EDGE_LOOP ( 'NONE', ( #1853, #1854, #1855, #1856 ) ) ;
#1303 = EDGE_LOOP ( 'NONE', ( #1857, #1858, #1859, #1860 ) ) ;
#1304 = EDGE_LOOP ( 'NONE', ( #1842, #1843, #1844, #1845 ) ) ;
#1305 = EDGE_LOOP ( 'NONE', ( #1590, #1839, #1840, #1841 ) ) ;
#1306 = EDGE_LOOP ( 'NONE', ( #1586, #1587, #1588, #1589 ) ) ;
#1307 = EDGE_LOOP ( 'NONE', ( #1865, #1866, #1867, #1868 ) ) ;
#1308 = EDGE_LOOP ( 'NONE', ( #1582, #1583, #1584, #1585 ) ) ;
#1309 = EDGE_LOOP ( 'NONE', ( #1566, #1567, #1568, #1569 ) ) ;
#1310 = EDGE_LOOP ( 'NONE', ( #1562, #1563, #1564, #1565 ) ) ;
#1311 = EDGE_LOOP ( 'NONE', ( #1892, #1893, #1894, #1895, #1896, #1897, #1898, #1899, #1900, #1901 ) ) ;
#1312 = EDGE_LOOP ( 'NONE', ( #1554, #1555, #1556, #1557 ) ) ;
#1313 = EDGE_LOOP ( 'NONE', ( #1550, #1551, #1552, #1553 ) ) ;
#1314 = EDGE_LOOP ( 'NONE', ( #1578, #1579, #1580, #1581 ) ) ;
#1315 = EDGE_LOOP ( 'NONE', ( #1542, #1543, #1544, #1545 ) ) ;
#1316 = EDGE_LOOP ( 'NONE', ( #1570, #1571, #1572, #1573 ) ) ;
#1317 = EDGE_LOOP ( 'NONE', ( #1574, #1575, #1576, #1577 ) ) ;
#1318 = EDGE_LOOP ( 'NONE', ( #1546, #1547, #1548, #1549 ) ) ;
#1319 = EDGE_LOOP ( 'NONE', ( #1538, #1539, #1540, #1541 ) ) ;
#1320 = EDGE_LOOP ( 'NONE', ( #1455, #1456, #1457, #1458 ) ) ;
#1321 = EDGE_LOOP ( 'NONE', ( #1534, #1535, #1536, #1537 ) ) ;
#1322 = EDGE_LOOP ( 'NONE', ( #1558, #1559, #1560, #1561 ) ) ;
#1323 = EDGE_LOOP ( 'NONE', ( #1459, #1460, #1528, #1529 ) ) ;
#1324 = EDGE_LOOP ( 'NONE', ( #1530, #1531, #1532, #1533 ) ) ;
#1325 = EDGE_LOOP ( 'NONE', ( #1447, #1448, #1449, #1450 ) ) ;
#1326 = EDGE_LOOP ( 'NONE', ( #1421, #1422, #1423, #1424, #1425, #1426, #1427, #1428, #1429, #1430 ) ) ;
#1327 = EDGE_LOOP ( 'NONE', ( #1451, #1452, #1453, #1454 ) ) ;
#1328 = EDGE_LOOP ( 'NONE', ( #1413, #1414, #1415, #1416 ) ) ;
#1329 = EDGE_LOOP ( 'NONE', ( #1406, #1407, #1408, #1409, #1410, #1411, #1412 ) ) ;
#1330 = EDGE_LOOP ( 'NONE', ( #1431, #1432, #1433, #1434, #1435, #1436, #1437, #1438 ) ) ;
#1331 = EDGE_LOOP ( 'NONE', ( #1443, #1444, #1445, #1446 ) ) ;
#1332 = EDGE_LOOP ( 'NONE', ( #1734, #1620, #1817, #1818 ) ) ;
#1333 = EDGE_LOOP ( 'NONE', ( #1806, #1812, #1815, #1816, #1803, #1798, #1274 ) ) ;
#1334 = EDGE_LOOP ( 'NONE', ( #1614, #1813, #1814, #1804, #1805, #1811, #1810, #1809, #1808, #1807 ) ) ;
#1335 = EDGE_LOOP ( 'NONE', ( #1823, #1824, #1825, #1826, #1827, #1828, #1829, #1830, #1831, #1832, #1833, #1834, #1835, #1836, #1837, #1838, #1398, #1399, #1400, #1401, #1402, #1403, #1404, #1405 ) ) ;
#1336 = EDGE_LOOP ( 'NONE', ( #1417, #1418, #1419, #1420 ) ) ;
#1337 = EDGE_LOOP ( 'NONE', ( #1819, #1820, #1821, #1822 ) ) ;
#1338 = EDGE_LOOP ( 'NONE', ( #1610, #1611, #1612, #1613 ) ) ;
#1339 = EDGE_LOOP ( 'NONE', ( #1439, #1440, #1441, #1442 ) ) ;
#1340 = EDGE_LOOP ( 'NONE', ( #1594, #1595, #1596, #1597, #1598, #1599, #1600, #1601, #1602, #1603, #1604, #1605 ) ) ;
#1341 = EDGE_LOOP ( 'NONE', ( #2157, #2158, #1592, #1593 ) ) ;
#1342 = EDGE_LOOP ( 'NONE', ( #1515, #1516, #1517, #1518 ) ) ;
#1343 = EDGE_LOOP ( 'NONE', ( #1507, #1508, #1509, #1510 ) ) ;
#1344 = EDGE_LOOP ( 'NONE', ( #1503, #1504, #1505, #1506 ) ) ;
#1345 = EDGE_LOOP ( 'NONE', ( #1499, #1500, #1501, #1502 ) ) ;
#1346 = EDGE_LOOP ( 'NONE', ( #1606, #1607, #1608, #1609 ) ) ;
#1347 = EDGE_LOOP ( 'NONE', ( #1495, #1496, #1497, #1498 ) ) ;
#1348 = EDGE_LOOP ( 'NONE', ( #1511, #1512, #1513, #1514 ) ) ;
#1349 = EDGE_LOOP ( 'NONE', ( #1487, #1492, #1493, #1494 ) ) ;
#1350 = EDGE_LOOP ( 'NONE', ( #1484, #1479, #1478, #1477 ) ) ;
#1351 = EDGE_LOOP ( 'NONE', ( #1519, #1520, #1521, #1522 ) ) ;
#1352 = EDGE_LOOP ( 'NONE', ( #1486, #1491, #1490, #1485 ) ) ;
#1353 = EDGE_LOOP ( 'NONE', ( #1523, #1524, #1525, #1526, #1527, #1468, #1467, #1466, #1463, #1465, #1464, #2154, #2155, #2156 ) ) ;
#1354 = EDGE_LOOP ( 'NONE', ( #1489, #1488 ) ) ;
#1355 = EDGE_LOOP ( 'NONE', ( #1480, #1483, #1481, #1482 ) ) ;
#1356 = EDGE_LOOP ( 'NONE', ( #2140, #2141, #2142, #2143 ) ) ;
#1357 = EDGE_LOOP ( 'NONE', ( #2136, #2137, #2138, #2139 ) ) ;
#1358 = EDGE_LOOP ( 'NONE', ( #2148, #2149 ) ) ;
#1359 = EDGE_LOOP ( 'NONE', ( #2132, #2133, #2134, #2135 ) ) ;
#1360 = EDGE_LOOP ( 'NONE', ( #2144, #2145, #2146, #2147 ) ) ;
#1361 = EDGE_LOOP ( 'NONE', ( #2124, #2125, #2126, #2127 ) ) ;
#1362 = EDGE_LOOP ( 'NONE', ( #2114, #2115, #2116, #2117, #2118, #2119 ) ) ;
#1363 = EDGE_LOOP ( 'NONE', ( #2120, #2121, #2122, #2123 ) ) ;
#1364 = EDGE_LOOP ( 'NONE', ( #2128, #2129, #2130, #2131 ) ) ;
#1365 = EDGE_LOOP ( 'NONE', ( #2150, #2151, #2152, #2153 ) ) ;
#1366 = EDGE_LOOP ( 'NONE', ( #2096, #2097, #2098, #2099 ) ) ;
#1367 = EDGE_LOOP ( 'NONE', ( #2092, #2093, #2094, #2095 ) ) ;
#1368 = EDGE_LOOP ( 'NONE', ( #2110, #2111, #2112, #2113 ) ) ;
#1369 = EDGE_LOOP ( 'NONE', ( #2084, #2085, #2086, #2087 ) ) ;
#1370 = EDGE_LOOP ( 'NONE', ( #2076, #2077, #2078, #2079 ) ) ;
#1371 = EDGE_LOOP ( 'NONE', ( #2072, #2073, #2074, #2075 ) ) ;
#1372 = EDGE_LOOP ( 'NONE', ( #2100, #2101, #2102, #2103, #2104, #2105 ) ) ;
#1373 = EDGE_LOOP ( 'NONE', ( #2088, #2089, #2090, #2091 ) ) ;
#1374 = EDGE_LOOP ( 'NONE', ( #2064, #2065, #2066, #2067 ) ) ;
#1375 = EDGE_LOOP ( 'NONE', ( #2056, #2057, #2058, #2059 ) ) ;
#1376 = EDGE_LOOP ( 'NONE', ( #2068, #2069, #2070, #2071 ) ) ;
#1377 = EDGE_LOOP ( 'NONE', ( #2106, #2107, #2108, #2109 ) ) ;
#1378 = EDGE_LOOP ( 'NONE', ( #2052, #2053, #2054, #2055 ) ) ;
#1379 = EDGE_LOOP ( 'NONE', ( #2080, #2081, #2082, #2083 ) ) ;
#1380 = EDGE_LOOP ( 'NONE', ( #2036, #2037, #2038, #2039 ) ) ;
#1381 = EDGE_LOOP ( 'NONE', ( #2044, #2045, #2046, #2047 ) ) ;
#1382 = EDGE_LOOP ( 'NONE', ( #2048, #2049, #2050, #2051 ) ) ;
#1383 = EDGE_LOOP ( 'NONE', ( #2032, #2033, #2034, #2035 ) ) ;
#1384 = EDGE_LOOP ( 'NONE', ( #2060, #2061, #2062, #2063 ) ) ;
#1385 = EDGE_LOOP ( 'NONE', ( #2016, #2017, #2018, #2019 ) ) ;
#1386 = EDGE_LOOP ( 'NONE', ( #2024, #2025, #2026, #2027 ) ) ;
#1387 = EDGE_LOOP ( 'NONE', ( #2028, #2029, #2030, #2031 ) ) ;
#1388 = EDGE_LOOP ( 'NONE', ( #2012, #2013, #2014, #2015 ) ) ;
#1389 = EDGE_LOOP ( 'NONE', ( #2040, #2041, #2042, #2043 ) ) ;
#1390 = EDGE_LOOP ( 'NONE', ( #2020, #2021, #2022, #2023 ) ) ;
#1391 = EDGE_LOOP ( 'NONE', ( #2008, #2009, #2010, #2011 ) ) ;
#1392 = EDGE_LOOP ( 'NONE', ( #1996, #1997, #1998, #1999 ) ) ;
#1393 = EDGE_LOOP ( 'NONE', ( #1988, #1989, #1990, #1991 ) ) ;
#1394 = EDGE_LOOP ( 'NONE', ( #1976, #1977, #1978, #1979 ) ) ;
#1395 = EDGE_LOOP ( 'NONE', ( #1968, #1969, #1970, #1971 ) ) ;
#1396 = EDGE_LOOP ( 'NONE', ( #1972, #1973, #1974, #1975 ) ) ;
#1397 = EDGE_LOOP ( 'NONE', ( #2000, #2001, #2002, #2003 ) ) ;
#1398 = ORIENTED_EDGE ( 'NONE', *, *, #1783, .F. ) ;
#1399 = ORIENTED_EDGE ( 'NONE', *, *, #1785, .F. ) ;
#1400 = ORIENTED_EDGE ( 'NONE', *, *, #1784, .F. ) ;
#1401 = ORIENTED_EDGE ( 'NONE', *, *, #1786, .F. ) ;
#1402 = ORIENTED_EDGE ( 'NONE', *, *, #1788, .F. ) ;
#1403 = ORIENTED_EDGE ( 'NONE', *, *, #1787, .F. ) ;
#1404 = ORIENTED_EDGE ( 'NONE', *, *, #1789, .F. ) ;
#1405 = ORIENTED_EDGE ( 'NONE', *, *, #1791, .T. ) ;
#1406 = ORIENTED_EDGE ( 'NONE', *, *, #1796, .F. ) ;
#1407 = ORIENTED_EDGE ( 'NONE', *, *, #1793, .F. ) ;
#1408 = ORIENTED_EDGE ( 'NONE', *, *, #1790, .F. ) ;
#1409 = ORIENTED_EDGE ( 'NONE', *, *, #1737, .F. ) ;
#1410 = ORIENTED_EDGE ( 'NONE', *, *, #1792, .F. ) ;
#1411 = ORIENTED_EDGE ( 'NONE', *, *, #1794, .F. ) ;
#1412 = ORIENTED_EDGE ( 'NONE', *, *, #1735, .F. ) ;
#1413 = ORIENTED_EDGE ( 'NONE', *, *, #1219, .T. ) ;
#1414 = ORIENTED_EDGE ( 'NONE', *, *, #1624, .F. ) ;
#1415 = ORIENTED_EDGE ( 'NONE', *, *, #1621, .F. ) ;
#1416 = ORIENTED_EDGE ( 'NONE', *, *, #1762, .T. ) ;
#1417 = ORIENTED_EDGE ( 'NONE', *, *, #3387, .F. ) ;
#1418 = ORIENTED_EDGE ( 'NONE', *, *, #1622, .F. ) ;
#1419 = ORIENTED_EDGE ( 'NONE', *, *, #1623, .F. ) ;
#1420 = ORIENTED_EDGE ( 'NONE', *, *, #3388, .F. ) ;
#1421 = ORIENTED_EDGE ( 'NONE', *, *, #1244, .T. ) ;
#1422 = ORIENTED_EDGE ( 'NONE', *, *, #1797, .T. ) ;
#1423 = ORIENTED_EDGE ( 'NONE', *, *, #2486, .T. ) ;
#1424 = ORIENTED_EDGE ( 'NONE', *, *, #1795, .T. ) ;
#1425 = ORIENTED_EDGE ( 'NONE', *, *, #1248, .F. ) ;
#1426 = ORIENTED_EDGE ( 'NONE', *, *, #2487, .T. ) ;
#1427 = ORIENTED_EDGE ( 'NONE', *, *, #2489, .T. ) ;
#1428 = ORIENTED_EDGE ( 'NONE', *, *, #1273, .T. ) ;
#1429 = ORIENTED_EDGE ( 'NONE', *, *, #2488, .F. ) ;
#1430 = ORIENTED_EDGE ( 'NONE', *, *, #1624, .T. ) ;
#1431 = ORIENTED_EDGE ( 'NONE', *, *, #2494, .F. ) ;
#1432 = ORIENTED_EDGE ( 'NONE', *, *, #1747, .T. ) ;
#1433 = ORIENTED_EDGE ( 'NONE', *, *, #1770, .T. ) ;
#1434 = ORIENTED_EDGE ( 'NONE', *, *, #1769, .T. ) ;
#1435 = ORIENTED_EDGE ( 'NONE', *, *, #1776, .T. ) ;
#1436 = ORIENTED_EDGE ( 'NONE', *, *, #1758, .T. ) ;
#1437 = ORIENTED_EDGE ( 'NONE', *, *, #1621, .T. ) ;
#1438 = ORIENTED_EDGE ( 'NONE', *, *, #2488, .T. ) ;
#1439 = ORIENTED_EDGE ( 'NONE', *, *, #1622, .T. ) ;
#1440 = ORIENTED_EDGE ( 'NONE', *, *, #2493, .F. ) ;
#1441 = ORIENTED_EDGE ( 'NONE', *, *, #2492, .F. ) ;
#1442 = ORIENTED_EDGE ( 'NONE', *, *, #2490, .T. ) ;
#1443 = ORIENTED_EDGE ( 'NONE', *, *, #1623, .T. ) ;
#1444 = ORIENTED_EDGE ( 'NONE', *, *, #2490, .F. ) ;
#1445 = ORIENTED_EDGE ( 'NONE', *, *, #2498, .F. ) ;
#1446 = ORIENTED_EDGE ( 'NONE', *, *, #2496, .T. ) ;
#1447 = ORIENTED_EDGE ( 'NONE', *, *, #3388, .T. ) ;
#1448 = ORIENTED_EDGE ( 'NONE', *, *, #2496, .F. ) ;
#1449 = ORIENTED_EDGE ( 'NONE', *, *, #2500, .F. ) ;
#1450 = ORIENTED_EDGE ( 'NONE', *, *, #2497, .T. ) ;
#1451 = ORIENTED_EDGE ( 'NONE', *, *, #3387, .T. ) ;
#1452 = ORIENTED_EDGE ( 'NONE', *, *, #2497, .F. ) ;
#1453 = ORIENTED_EDGE ( 'NONE', *, *, #2502, .F. ) ;
#1454 = ORIENTED_EDGE ( 'NONE', *, *, #2493, .T. ) ;
#1455 = ORIENTED_EDGE ( 'NONE', *, *, #2492, .T. ) ;
#1456 = ORIENTED_EDGE ( 'NONE', *, *, #2502, .T. ) ;
#1457 = ORIENTED_EDGE ( 'NONE', *, *, #2500, .T. ) ;
#1458 = ORIENTED_EDGE ( 'NONE', *, *, #2498, .T. ) ;
#1459 = ORIENTED_EDGE ( 'NONE', *, *, #1751, .T. ) ;
#1460 = ORIENTED_EDGE ( 'NONE', *, *, #2491, .F. ) ;
#1461 = LINE ( 'NONE', #386, #2166 ) ;
#1462 = CLOSED_SHELL ( 'NONE', ( #1625, #1626, #1627, #1628, #1629, #1630, #1651, #1652, #1653, #1654, #1655, #1656, #1657, #1658, #1631, #1632, #1633, #1634, #1635, #1636, #1637, #1638, #1639, #1640, #1641, #1642, #1643, #1644, #1645, #1646, #1647, #1648, #1649, #1650, #1659, #1660, #1661, #1662, #1663, #1664, #1665, #1666, #1667, #1668, #1669, #1670, #1671, #1672, #1673, #1674, #1675, #1676, #1677, #1678, #1679, #1680, #1681, #1682, #1683, #1684, #1685, #1686, #1687, #1688, #1689, #1690, #1691, #1692, #1693, #1694, #1695, #1696, #1697, #1698, #1699, #1700, #1701, #1702, #1703, #1704, #1705, #1706, #1707, #1708, #1709, #1710, #1711, #1712, #1713, #1714, #1715, #1716, #1717, #1718, #1719, #1720, #1721, #1722, #1723, #1724, #1725, #1726, #1727, #1728, #1729, #1730, #1731, #1732, #1733 ) ) ;
#1463 = ORIENTED_EDGE ( 'NONE', *, *, #1241, .T. ) ;
#1464 = ORIENTED_EDGE ( 'NONE', *, *, #1243, .T. ) ;
#1465 = ORIENTED_EDGE ( 'NONE', *, *, #1240, .T. ) ;
#1466 = ORIENTED_EDGE ( 'NONE', *, *, #1238, .T. ) ;
#1467 = ORIENTED_EDGE ( 'NONE', *, *, #1234, .T. ) ;
#1468 = ORIENTED_EDGE ( 'NONE', *, *, #1239, .T. ) ;
#1469 = ORIENTED_EDGE ( 'NONE', *, *, #1758, .F. ) ;
#1470 = ORIENTED_EDGE ( 'NONE', *, *, #1762, .F. ) ;
#1471 = ORIENTED_EDGE ( 'NONE', *, *, #1227, .T. ) ;
#1472 = ORIENTED_EDGE ( 'NONE', *, *, #1224, .T. ) ;
#1473 = ORIENTED_EDGE ( 'NONE', *, *, #1759, .T. ) ;
#1474 = ORIENTED_EDGE ( 'NONE', *, *, #1208, .T. ) ;
#1475 = ORIENTED_EDGE ( 'NONE', *, *, #1226, .T. ) ;
#1476 = ORIENTED_EDGE ( 'NONE', *, *, #1253, .T. ) ;
#1477 = ORIENTED_EDGE ( 'NONE', *, *, #1225, .F. ) ;
#1478 = ORIENTED_EDGE ( 'NONE', *, *, #1246, .T. ) ;
#1479 = ORIENTED_EDGE ( 'NONE', *, *, #1242, .T. ) ;
#1480 = ORIENTED_EDGE ( 'NONE', *, *, #1746, .F. ) ;
#1481 = ORIENTED_EDGE ( 'NONE', *, *, #1217, .F. ) ;
#1482 = ORIENTED_EDGE ( 'NONE', *, *, #1252, .F. ) ;
#1483 = ORIENTED_EDGE ( 'NONE', *, *, #1748, .T. ) ;
#1484 = ORIENTED_EDGE ( 'NONE', *, *, #1217, .T. ) ;
#1485 = ORIENTED_EDGE ( 'NONE', *, *, #1744, .T. ) ;
#1486 = ORIENTED_EDGE ( 'NONE', *, *, #1749, .T. ) ;
#1487 = ORIENTED_EDGE ( 'NONE', *, *, #1736, .F. ) ;
#1488 = ORIENTED_EDGE ( 'NONE', *, *, #1246, .F. ) ;
#1489 = ORIENTED_EDGE ( 'NONE', *, *, #1741, .F. ) ;
#1490 = ORIENTED_EDGE ( 'NONE', *, *, #1743, .T. ) ;
#1491 = ORIENTED_EDGE ( 'NONE', *, *, #1245, .T. ) ;
#1492 = ORIENTED_EDGE ( 'NONE', *, *, #1738, .F. ) ;
#1493 = ORIENTED_EDGE ( 'NONE', *, *, #1740, .F. ) ;
#1494 = ORIENTED_EDGE ( 'NONE', *, *, #1272, .F. ) ;
#1495 = ORIENTED_EDGE ( 'NONE', *, *, #1739, .T. ) ;
#1496 = ORIENTED_EDGE ( 'NONE', *, *, #1742, .T. ) ;
#1497 = ORIENTED_EDGE ( 'NONE', *, *, #1188, .T. ) ;
#1498 = ORIENTED_EDGE ( 'NONE', *, *, #1271, .T. ) ;
#1499 = ORIENTED_EDGE ( 'NONE', *, *, #1190, .F. ) ;
#1500 = ORIENTED_EDGE ( 'NONE', *, *, #1189, .F. ) ;
#1501 = ORIENTED_EDGE ( 'NONE', *, *, #1187, .F. ) ;
#1502 = ORIENTED_EDGE ( 'NONE', *, *, #1191, .F. ) ;
#1503 = ORIENTED_EDGE ( 'NONE', *, *, #1192, .F. ) ;
#1504 = ORIENTED_EDGE ( 'NONE', *, *, #1193, .F. ) ;
#1505 = ORIENTED_EDGE ( 'NONE', *, *, #1194, .F. ) ;
#1506 = ORIENTED_EDGE ( 'NONE', *, *, #1195, .F. ) ;
#1507 = ORIENTED_EDGE ( 'NONE', *, *, #1196, .F. ) ;
#1508 = ORIENTED_EDGE ( 'NONE', *, *, #1197, .F. ) ;
#1509 = ORIENTED_EDGE ( 'NONE', *, *, #1198, .F. ) ;
#1510 = ORIENTED_EDGE ( 'NONE', *, *, #1199, .F. ) ;
#1511 = ORIENTED_EDGE ( 'NONE', *, *, #1204, .T. ) ;
#1512 = ORIENTED_EDGE ( 'NONE', *, *, #1205, .T. ) ;
#1513 = ORIENTED_EDGE ( 'NONE', *, *, #1200, .T. ) ;
#1514 = ORIENTED_EDGE ( 'NONE', *, *, #1745, .T. ) ;
#1515 = ORIENTED_EDGE ( 'NONE', *, *, #1202, .F. ) ;
#1516 = ORIENTED_EDGE ( 'NONE', *, *, #1203, .F. ) ;
#1517 = ORIENTED_EDGE ( 'NONE', *, *, #1228, .F. ) ;
#1518 = ORIENTED_EDGE ( 'NONE', *, *, #1229, .F. ) ;
#1519 = ORIENTED_EDGE ( 'NONE', *, *, #1232, .F. ) ;
#1520 = ORIENTED_EDGE ( 'NONE', *, *, #1201, .T. ) ;
#1521 = ORIENTED_EDGE ( 'NONE', *, *, #1231, .T. ) ;
#1522 = ORIENTED_EDGE ( 'NONE', *, *, #1235, .T. ) ;
#1523 = ORIENTED_EDGE ( 'NONE', *, *, #1236, .T. ) ;
#1524 = ORIENTED_EDGE ( 'NONE', *, *, #1235, .F. ) ;
#1525 = ORIENTED_EDGE ( 'NONE', *, *, #1230, .T. ) ;
#1526 = ORIENTED_EDGE ( 'NONE', *, *, #1233, .T. ) ;
#1527 = ORIENTED_EDGE ( 'NONE', *, *, #1237, .T. ) ;
#1528 = ORIENTED_EDGE ( 'NONE', *, *, #2501, .F. ) ;
#1529 = ORIENTED_EDGE ( 'NONE', *, *, #2495, .T. ) ;
#1530 = ORIENTED_EDGE ( 'NONE', *, *, #1221, .T. ) ;
#1531 = ORIENTED_EDGE ( 'NONE', *, *, #2495, .F. ) ;
#1532 = ORIENTED_EDGE ( 'NONE', *, *, #2518, .F. ) ;
#1533 = ORIENTED_EDGE ( 'NONE', *, *, #2504, .T. ) ;
#1534 = ORIENTED_EDGE ( 'NONE', *, *, #1247, .T. ) ;
#1535 = ORIENTED_EDGE ( 'NONE', *, *, #2504, .F. ) ;
#1536 = ORIENTED_EDGE ( 'NONE', *, *, #2517, .F. ) ;
#1537 = ORIENTED_EDGE ( 'NONE', *, *, #2513, .T. ) ;
#1538 = ORIENTED_EDGE ( 'NONE', *, *, #1754, .T. ) ;
#1539 = ORIENTED_EDGE ( 'NONE', *, *, #2513, .F. ) ;
#1540 = ORIENTED_EDGE ( 'NONE', *, *, #2515, .F. ) ;
#1541 = ORIENTED_EDGE ( 'NONE', *, *, #2491, .T. ) ;
#1542 = ORIENTED_EDGE ( 'NONE', *, *, #2501, .T. ) ;
#1543 = ORIENTED_EDGE ( 'NONE', *, *, #2515, .T. ) ;
#1544 = ORIENTED_EDGE ( 'NONE', *, *, #2517, .T. ) ;
#1545 = ORIENTED_EDGE ( 'NONE', *, *, #2518, .T. ) ;
#1546 = ORIENTED_EDGE ( 'NONE', *, *, #2487, .F. ) ;
#1547 = ORIENTED_EDGE ( 'NONE', *, *, #1218, .F. ) ;
#1548 = ORIENTED_EDGE ( 'NONE', *, *, #1753, .T. ) ;
#1549 = ORIENTED_EDGE ( 'NONE', *, *, #2499, .T. ) ;
#1550 = ORIENTED_EDGE ( 'NONE', *, *, #2489, .F. ) ;
#1551 = ORIENTED_EDGE ( 'NONE', *, *, #2499, .F. ) ;
#1552 = ORIENTED_EDGE ( 'NONE', *, *, #1750, .T. ) ;
#1553 = ORIENTED_EDGE ( 'NONE', *, *, #2512, .T. ) ;
#1554 = ORIENTED_EDGE ( 'NONE', *, *, #1273, .F. ) ;
#1555 = ORIENTED_EDGE ( 'NONE', *, *, #2512, .F. ) ;
#1556 = ORIENTED_EDGE ( 'NONE', *, *, #1220, .T. ) ;
#1557 = ORIENTED_EDGE ( 'NONE', *, *, #2494, .T. ) ;
#1558 = ORIENTED_EDGE ( 'NONE', *, *, #1797, .F. ) ;
#1559 = ORIENTED_EDGE ( 'NONE', *, *, #1251, .F. ) ;
#1560 = ORIENTED_EDGE ( 'NONE', *, *, #1752, .T. ) ;
#1561 = ORIENTED_EDGE ( 'NONE', *, *, #2516, .T. ) ;
#1562 = ORIENTED_EDGE ( 'NONE', *, *, #2486, .F. ) ;
#1563 = ORIENTED_EDGE ( 'NONE', *, *, #2516, .F. ) ;
#1564 = ORIENTED_EDGE ( 'NONE', *, *, #1757, .T. ) ;
#1565 = ORIENTED_EDGE ( 'NONE', *, *, #2509, .T. ) ;
#1566 = ORIENTED_EDGE ( 'NONE', *, *, #1795, .F. ) ;
#1567 = ORIENTED_EDGE ( 'NONE', *, *, #2509, .F. ) ;
#1568 = ORIENTED_EDGE ( 'NONE', *, *, #1755, .T. ) ;
#1569 = ORIENTED_EDGE ( 'NONE', *, *, #1255, .T. ) ;
#1570 = ORIENTED_EDGE ( 'NONE', *, *, #1793, .T. ) ;
#1571 = ORIENTED_EDGE ( 'NONE', *, *, #2503, .F. ) ;
#1572 = ORIENTED_EDGE ( 'NONE', *, *, #2510, .F. ) ;
#1573 = ORIENTED_EDGE ( 'NONE', *, *, #2514, .T. ) ;
#1574 = ORIENTED_EDGE ( 'NONE', *, *, #1790, .T. ) ;
#1575 = ORIENTED_EDGE ( 'NONE', *, *, #2514, .F. ) ;
#1576 = ORIENTED_EDGE ( 'NONE', *, *, #2505, .F. ) ;
#1577 = ORIENTED_EDGE ( 'NONE', *, *, #2508, .T. ) ;
#1578 = ORIENTED_EDGE ( 'NONE', *, *, #1737, .T. ) ;
#1579 = ORIENTED_EDGE ( 'NONE', *, *, #2508, .F. ) ;
#1580 = ORIENTED_EDGE ( 'NONE', *, *, #2520, .F. ) ;
#1581 = ORIENTED_EDGE ( 'NONE', *, *, #2506, .T. ) ;
#1582 = ORIENTED_EDGE ( 'NONE', *, *, #1792, .T. ) ;
#1583 = ORIENTED_EDGE ( 'NONE', *, *, #2506, .F. ) ;
#1584 = ORIENTED_EDGE ( 'NONE', *, *, #2616, .F. ) ;
#1585 = ORIENTED_EDGE ( 'NONE', *, *, #2521, .T. ) ;
#1586 = ORIENTED_EDGE ( 'NONE', *, *, #1794, .T. ) ;
#1587 = ORIENTED_EDGE ( 'NONE', *, *, #2521, .F. ) ;
#1588 = ORIENTED_EDGE ( 'NONE', *, *, #2519, .F. ) ;
#1589 = ORIENTED_EDGE ( 'NONE', *, *, #2617, .T. ) ;
#1590 = ORIENTED_EDGE ( 'NONE', *, *, #1735, .T. ) ;
#1591 = LINE ( 'NONE', #384, #2164 ) ;
#1592 = ORIENTED_EDGE ( 'NONE', *, *, #1739, .F. ) ;
#1593 = ORIENTED_EDGE ( 'NONE', *, *, #1209, .T. ) ;
#1594 = ORIENTED_EDGE ( 'NONE', *, *, #1227, .F. ) ;
#1595 = ORIENTED_EDGE ( 'NONE', *, *, #1206, .F. ) ;
#1596 = ORIENTED_EDGE ( 'NONE', *, *, #1210, .F. ) ;
#1597 = ORIENTED_EDGE ( 'NONE', *, *, #1211, .T. ) ;
#1598 = ORIENTED_EDGE ( 'NONE', *, *, #1212, .T. ) ;
#1599 = ORIENTED_EDGE ( 'NONE', *, *, #1214, .F. ) ;
#1600 = ORIENTED_EDGE ( 'NONE', *, *, #1213, .F. ) ;
#1601 = ORIENTED_EDGE ( 'NONE', *, *, #1216, .F. ) ;
#1602 = ORIENTED_EDGE ( 'NONE', *, *, #1215, .F. ) ;
#1603 = ORIENTED_EDGE ( 'NONE', *, *, #1251, .T. ) ;
#1604 = ORIENTED_EDGE ( 'NONE', *, *, #1244, .F. ) ;
#1605 = ORIENTED_EDGE ( 'NONE', *, *, #1219, .F. ) ;
#1606 = ORIENTED_EDGE ( 'NONE', *, *, #1255, .F. ) ;
#1607 = ORIENTED_EDGE ( 'NONE', *, *, #1223, .F. ) ;
#1608 = ORIENTED_EDGE ( 'NONE', *, *, #1218, .T. ) ;
#1609 = ORIENTED_EDGE ( 'NONE', *, *, #1248, .T. ) ;
#1610 = ORIENTED_EDGE ( 'NONE', *, *, #1754, .F. ) ;
#1611 = ORIENTED_EDGE ( 'NONE', *, *, #1751, .F. ) ;
#1612 = ORIENTED_EDGE ( 'NONE', *, *, #1221, .F. ) ;
#1613 = ORIENTED_EDGE ( 'NONE', *, *, #1247, .F. ) ;
#1614 = ORIENTED_EDGE ( 'NONE', *, *, #1215, .T. ) ;
#1615 = ADVANCED_BREP_SHAPE_REPRESENTATION ( 'pm-f65', ( #1617, #2740 ), #3119 ) ;
#1616 = UNCERTAINTY_MEASURE_WITH_UNIT (LENGTH_MEASURE( 1.000000000000000100E-005 ), #3321, 'distance_accuracy_value', 'NONE');
#1617 = MANIFOLD_SOLID_BREP ( '–ÊŽæ‚è2', #1462 ) ;
#1618 = PERSON ( 'UNSPECIFIED', 'UNSPECIFIED', 'UNSPECIFIED', ('UNSPECIFIED'), ('UNSPECIFIED'), ('UNSPECIFIED') ) ;
#1619 = PRODUCT ( 'pm-f65', 'pm-f65', '', ( #3370 ) ) ;
#1620 = ORIENTED_EDGE ( 'NONE', *, *, #1768, .F. ) ;
#1621 = EDGE_CURVE ( 'NONE', #142, #58, #2315, .T. ) ;
#1622 = EDGE_CURVE ( 'NONE', #61, #59, #2321, .T. ) ;
#1623 = EDGE_CURVE ( 'NONE', #62, #61, #2323, .T. ) ;
#1624 = EDGE_CURVE ( 'NONE', #58, #100, #2322, .T. ) ;
#1625 = ADVANCED_FACE ( 'NONE', ( #2327 ), #2330, .T. ) ;
#1626 = ADVANCED_FACE ( 'NONE', ( #2325 ), #2334, .T. ) ;
#1627 = ADVANCED_FACE ( 'NONE', ( #2331, #2335, #2337 ), #581, .F. ) ;
#1628 = ADVANCED_FACE ( 'NONE', ( #2336, #2329, #2340, #2342, #2338 ), #578, .F. ) ;
#1629 = ADVANCED_FACE ( 'NONE', ( #2343, #2341 ), #585, .F. ) ;
#1630 = ADVANCED_FACE ( 'NONE', ( #2333 ), #588, .T. ) ;
#1631 = ADVANCED_FACE ( 'NONE', ( #2344, #2346 ), #592, .F. ) ;
#1632 = ADVANCED_FACE ( 'NONE', ( #2345, #2332 ), #571, .F. ) ;
#1633 = ADVANCED_FACE ( 'NONE', ( #2339 ), #600, .T. ) ;
#1634 = ADVANCED_FACE ( 'NONE', ( #2349 ), #605, .F. ) ;
#1635 = ADVANCED_FACE ( 'NONE', ( #2348 ), #609, .F. ) ;
#1636 = ADVANCED_FACE ( 'NONE', ( #2350 ), #613, .F. ) ;
#1637 = ADVANCED_FACE ( 'NONE', ( #2347 ), #617, .F. ) ;
#1638 = ADVANCED_FACE ( 'NONE', ( #2351 ), #621, .T. ) ;
#1639 = ADVANCED_FACE ( 'NONE', ( #2352 ), #625, .F. ) ;
#1640 = ADVANCED_FACE ( 'NONE', ( #2353 ), #629, .F. ) ;
#1641 = ADVANCED_FACE ( 'NONE', ( #2354 ), #633, .F. ) ;
#1642 = ADVANCED_FACE ( 'NONE', ( #2355 ), #637, .F. ) ;
#1643 = ADVANCED_FACE ( 'NONE', ( #2356 ), #641, .T. ) ;
#1644 = ADVANCED_FACE ( 'NONE', ( #2357 ), #645, .T. ) ;
#1645 = ADVANCED_FACE ( 'NONE', ( #2358 ), #649, .T. ) ;
#1646 = ADVANCED_FACE ( 'NONE', ( #2359 ), #653, .T. ) ;
#1647 = ADVANCED_FACE ( 'NONE', ( #2360 ), #657, .T. ) ;
#1648 = ADVANCED_FACE ( 'NONE', ( #2361 ), #661, .T. ) ;
#1649 = ADVANCED_FACE ( 'NONE', ( #2362 ), #665, .T. ) ;
#1650 = ADVANCED_FACE ( 'NONE', ( #2363 ), #669, .F. ) ;
#1651 = ADVANCED_FACE ( 'NONE', ( #2364 ), #673, .T. ) ;
#1652 = ADVANCED_FACE ( 'NONE', ( #2365 ), #677, .F. ) ;
#1653 = ADVANCED_FACE ( 'NONE', ( #2366 ), #681, .F. ) ;
#1654 = ADVANCED_FACE ( 'NONE', ( #2367 ), #685, .F. ) ;
#1655 = ADVANCED_FACE ( 'NONE', ( #2368, #2372 ), #688, .F. ) ;
#1656 = ADVANCED_FACE ( 'NONE', ( #2370, #2369 ), #684, .F. ) ;
#1657 = ADVANCED_FACE ( 'NONE', ( #2371 ), #696, .F. ) ;
#1658 = ADVANCED_FACE ( 'NONE', ( #2375 ), #701, .F. ) ;
#1659 = ADVANCED_FACE ( 'NONE', ( #2374 ), #705, .F. ) ;
#1660 = ADVANCED_FACE ( 'NONE', ( #2376 ), #709, .F. ) ;
#1661 = ADVANCED_FACE ( 'NONE', ( #2373 ), #713, .F. ) ;
#1662 = ADVANCED_FACE ( 'NONE', ( #2377 ), #717, .F. ) ;
#1663 = ADVANCED_FACE ( 'NONE', ( #2378 ), #721, .F. ) ;
#1664 = ADVANCED_FACE ( 'NONE', ( #2379 ), #725, .F. ) ;
#1665 = ADVANCED_FACE ( 'NONE', ( #2380 ), #729, .T. ) ;
#1666 = ADVANCED_FACE ( 'NONE', ( #2381 ), #733, .F. ) ;
#1667 = ADVANCED_FACE ( 'NONE', ( #2382 ), #737, .F. ) ;
#1668 = ADVANCED_FACE ( 'NONE', ( #2383 ), #741, .F. ) ;
#1669 = ADVANCED_FACE ( 'NONE', ( #2384 ), #745, .F. ) ;
#1670 = ADVANCED_FACE ( 'NONE', ( #2385 ), #749, .F. ) ;
#1671 = ADVANCED_FACE ( 'NONE', ( #2386 ), #753, .F. ) ;
#1672 = ADVANCED_FACE ( 'NONE', ( #2387 ), #757, .F. ) ;
#1673 = ADVANCED_FACE ( 'NONE', ( #2388 ), #761, .T. ) ;
#1674 = ADVANCED_FACE ( 'NONE', ( #2389 ), #765, .T. ) ;
#1675 = ADVANCED_FACE ( 'NONE', ( #2390 ), #769, .T. ) ;
#1676 = ADVANCED_FACE ( 'NONE', ( #2391 ), #773, .T. ) ;
#1677 = ADVANCED_FACE ( 'NONE', ( #2392 ), #777, .F. ) ;
#1678 = ADVANCED_FACE ( 'NONE', ( #2393 ), #781, .F. ) ;
#1679 = ADVANCED_FACE ( 'NONE', ( #2394 ), #785, .F. ) ;
#1680 = ADVANCED_FACE ( 'NONE', ( #2395 ), #789, .F. ) ;
#1681 = ADVANCED_FACE ( 'NONE', ( #2396 ), #793, .F. ) ;
#1682 = ADVANCED_FACE ( 'NONE', ( #2397 ), #797, .F. ) ;
#1683 = ADVANCED_FACE ( 'NONE', ( #2398 ), #801, .F. ) ;
#1684 = ADVANCED_FACE ( 'NONE', ( #2399 ), #805, .T. ) ;
#1685 = ADVANCED_FACE ( 'NONE', ( #2400 ), #809, .F. ) ;
#1686 = ADVANCED_FACE ( 'NONE', ( #2401 ), #813, .F. ) ;
#1687 = ADVANCED_FACE ( 'NONE', ( #2402 ), #817, .F. ) ;
#1688 = ADVANCED_FACE ( 'NONE', ( #2403 ), #821, .F. ) ;
#1689 = ADVANCED_FACE ( 'NONE', ( #2404 ), #825, .F. ) ;
#1690 = ADVANCED_FACE ( 'NONE', ( #2405 ), #829, .F. ) ;
#1691 = ADVANCED_FACE ( 'NONE', ( #2406 ), #833, .F. ) ;
#1692 = ADVANCED_FACE ( 'NONE', ( #2407 ), #837, .F. ) ;
#1693 = ADVANCED_FACE ( 'NONE', ( #2408 ), #841, .F. ) ;
#1694 = ADVANCED_FACE ( 'NONE', ( #2409 ), #845, .T. ) ;
#1695 = ADVANCED_FACE ( 'NONE', ( #2410 ), #849, .F. ) ;
#1696 = ADVANCED_FACE ( 'NONE', ( #2411 ), #853, .F. ) ;
#1697 = ADVANCED_FACE ( 'NONE', ( #2412 ), #857, .F. ) ;
#1698 = ADVANCED_FACE ( 'NONE', ( #2413 ), #861, .F. ) ;
#1699 = ADVANCED_FACE ( 'NONE', ( #2414 ), #865, .F. ) ;
#1700 = ADVANCED_FACE ( 'NONE', ( #2415 ), #869, .F. ) ;
#1701 = ADVANCED_FACE ( 'NONE', ( #2416 ), #873, .T. ) ;
#1702 = ADVANCED_FACE ( 'NONE', ( #2417 ), #877, .F. ) ;
#1703 = ADVANCED_FACE ( 'NONE', ( #2418 ), #881, .F. ) ;
#1704 = ADVANCED_FACE ( 'NONE', ( #2419 ), #885, .F. ) ;
#1705 = ADVANCED_FACE ( 'NONE', ( #2420 ), #889, .F. ) ;
#1706 = ADVANCED_FACE ( 'NONE', ( #2421 ), #893, .T. ) ;
#1707 = ADVANCED_FACE ( 'NONE', ( #2422 ), #897, .F. ) ;
#1708 = ADVANCED_FACE ( 'NONE', ( #2423 ), #901, .F. ) ;
#1709 = ADVANCED_FACE ( 'NONE', ( #2424 ), #905, .F. ) ;
#1710 = ADVANCED_FACE ( 'NONE', ( #2425 ), #909, .F. ) ;
#1711 = ADVANCED_FACE ( 'NONE', ( #2426 ), #913, .T. ) ;
#1712 = ADVANCED_FACE ( 'NONE', ( #2427 ), #917, .T. ) ;
#1713 = ADVANCED_FACE ( 'NONE', ( #2428 ), #921, .F. ) ;
#1714 = ADVANCED_FACE ( 'NONE', ( #2429 ), #925, .F. ) ;
#1715 = ADVANCED_FACE ( 'NONE', ( #2430 ), #929, .F. ) ;
#1716 = ADVANCED_FACE ( 'NONE', ( #2431 ), #933, .F. ) ;
#1717 = ADVANCED_FACE ( 'NONE', ( #2432 ), #937, .T. ) ;
#1718 = ADVANCED_FACE ( 'NONE', ( #2433 ), #941, .F. ) ;
#1719 = ADVANCED_FACE ( 'NONE', ( #2434 ), #945, .F. ) ;
#1720 = ADVANCED_FACE ( 'NONE', ( #2435 ), #949, .F. ) ;
#1721 = ADVANCED_FACE ( 'NONE', ( #2436 ), #953, .F. ) ;
#1722 = ADVANCED_FACE ( 'NONE', ( #2437 ), #957, .T. ) ;
#1723 = ADVANCED_FACE ( 'NONE', ( #2438 ), #961, .T. ) ;
#1724 = ADVANCED_FACE ( 'NONE', ( #2439, #2443 ), #964, .F. ) ;
#1725 = ADVANCED_FACE ( 'NONE', ( #2441 ), #2446, .T. ) ;
#1726 = ADVANCED_FACE ( 'NONE', ( #2444 ), #2448, .T. ) ;
#1727 = ADVANCED_FACE ( 'NONE', ( #2442 ), #2450, .F. ) ;
#1728 = ADVANCED_FACE ( 'NONE', ( #2445 ), #980, .F. ) ;
#1729 = ADVANCED_FACE ( 'NONE', ( #2440 ), #2453, .F. ) ;
#1730 = ADVANCED_FACE ( 'NONE', ( #2447 ), #987, .F. ) ;
#1731 = ADVANCED_FACE ( 'NONE', ( #2449 ), #2456, .T. ) ;
#1732 = ADVANCED_FACE ( 'NONE', ( #2451 ), #994, .T. ) ;
#1733 = ADVANCED_FACE ( 'NONE', ( #2452 ), #2459, .T. ) ;
#1734 = ORIENTED_EDGE ( 'NONE', *, *, #1216, .T. ) ;
#1735 = EDGE_CURVE ( 'NONE', #52, #57, #2455, .T. ) ;
#1736 = EDGE_CURVE ( 'NONE', #147, #148, #2454, .T. ) ;
#1737 = EDGE_CURVE ( 'NONE', #55, #54, #2457, .T. ) ;
#1738 = EDGE_CURVE ( 'NONE', #149, #147, #2460, .T. ) ;
#1739 = EDGE_CURVE ( 'NONE', #151, #153, #2462, .T. ) ;
#1740 = EDGE_CURVE ( 'NONE', #150, #149, #2468, .T. ) ;
#1741 = EDGE_CURVE ( 'NONE', #134, #133, #2473, .T. ) ;
#1742 = EDGE_CURVE ( 'NONE', #153, #152, #2467, .T. ) ;
#1743 = EDGE_CURVE ( 'NONE', #145, #146, #2474, .T. ) ;
#1744 = EDGE_CURVE ( 'NONE', #146, #143, #2478, .T. ) ;
#1745 = EDGE_CURVE ( 'NONE', #161, #167, #2471, .T. ) ;
#1746 = EDGE_CURVE ( 'NONE', #129, #130, #2481, .T. ) ;
#1747 = EDGE_CURVE ( 'NONE', #82, #81, #2470, .T. ) ;
#1748 = EDGE_CURVE ( 'NONE', #129, #131, #2482, .T. ) ;
#1749 = EDGE_CURVE ( 'NONE', #143, #144, #2480, .T. ) ;
#1750 = EDGE_CURVE ( 'NONE', #84, #83, #2759, .T. ) ;
#1751 = EDGE_CURVE ( 'NONE', #107, #105, #2476, .T. ) ;
#1752 = EDGE_CURVE ( 'NONE', #98, #86, #2479, .T. ) ;
#1753 = EDGE_CURVE ( 'NONE', #103, #84, #2485, .T. ) ;
#1754 = EDGE_CURVE ( 'NONE', #105, #106, #2762, .T. ) ;
#1755 = EDGE_CURVE ( 'NONE', #85, #101, #2764, .T. ) ;
#1756 = EDGE_CURVE ( 'NONE', #93, #92, #2771, .T. ) ;
#1757 = EDGE_CURVE ( 'NONE', #86, #85, #2766, .T. ) ;
#1758 = EDGE_CURVE ( 'NONE', #135, #142, #2768, .T. ) ;
#1759 = EDGE_CURVE ( 'NONE', #138, #139, #2779, .T. ) ;
#1760 = EDGE_CURVE ( 'NONE', #92, #91, #2774, .T. ) ;
#1761 = EDGE_CURVE ( 'NONE', #81, #97, #2778, .T. ) ;
#1762 = EDGE_CURVE ( 'NONE', #142, #141, #2782, .T. ) ;
#1763 = EDGE_CURVE ( 'NONE', #89, #87, #2784, .T. ) ;
#1764 = EDGE_CURVE ( 'NONE', #87, #88, #2776, .T. ) ;
#1765 = EDGE_CURVE ( 'NONE', #91, #90, #2777, .T. ) ;
#1766 = EDGE_CURVE ( 'NONE', #88, #93, #2781, .T. ) ;
#1767 = EDGE_CURVE ( 'NONE', #95, #113, #2787, .T. ) ;
#1768 = EDGE_CURVE ( 'NONE', #94, #111, #2794, .T. ) ;
#1769 = EDGE_CURVE ( 'NONE', #94, #95, #2796, .T. ) ;
#1770 = EDGE_CURVE ( 'NONE', #81, #94, #2798, .T. ) ;
#1771 = EDGE_CURVE ( 'NONE', #68, #67, #2800, .T. ) ;
#1772 = EDGE_CURVE ( 'NONE', #69, #68, #2789, .T. ) ;
#1773 = EDGE_CURVE ( 'NONE', #115, #66, #2791, .T. ) ;
#1774 = EDGE_CURVE ( 'NONE', #65, #136, #2806, .T. ) ;
#1775 = EDGE_CURVE ( 'NONE', #96, #65, #2808, .T. ) ;
#1776 = EDGE_CURVE ( 'NONE', #95, #135, #2810, .T. ) ;
#1777 = EDGE_CURVE ( 'NONE', #66, #67, #2812, .T. ) ;
#1778 = EDGE_CURVE ( 'NONE', #70, #69, #2814, .T. ) ;
#1779 = EDGE_CURVE ( 'NONE', #71, #70, #2793, .T. ) ;
#1780 = EDGE_CURVE ( 'NONE', #73, #72, #2803, .T. ) ;
#1781 = EDGE_CURVE ( 'NONE', #75, #74, #2805, .T. ) ;
#1782 = EDGE_CURVE ( 'NONE', #74, #73, #2817, .T. ) ;
#1783 = EDGE_CURVE ( 'NONE', #76, #75, #2819, .T. ) ;
#1784 = EDGE_CURVE ( 'NONE', #78, #77, #2821, .T. ) ;
#1785 = EDGE_CURVE ( 'NONE', #77, #76, #2828, .T. ) ;
#1786 = EDGE_CURVE ( 'NONE', #79, #78, #2830, .T. ) ;
#1787 = EDGE_CURVE ( 'NONE', #49, #80, #2823, .T. ) ;
#1788 = EDGE_CURVE ( 'NONE', #80, #79, #2825, .T. ) ;
#1789 = EDGE_CURVE ( 'NONE', #50, #49, #2827, .T. ) ;
#1790 = EDGE_CURVE ( 'NONE', #54, #53, #2833, .T. ) ;
#1791 = EDGE_CURVE ( 'NONE', #50, #96, #2835, .T. ) ;
#1792 = EDGE_CURVE ( 'NONE', #56, #55, #2842, .T. ) ;
#1793 = EDGE_CURVE ( 'NONE', #53, #51, #2837, .T. ) ;
#1794 = EDGE_CURVE ( 'NONE', #57, #56, #2839, .T. ) ;
#1795 = EDGE_CURVE ( 'NONE', #64, #102, #2841, .T. ) ;
#1796 = EDGE_CURVE ( 'NONE', #51, #52, #2850, .T. ) ;
#1797 = EDGE_CURVE ( 'NONE', #99, #63, #2845, .T. ) ;
#1798 = ORIENTED_EDGE ( 'NONE', *, *, #1756, .F. ) ;
#1799 = CARTESIAN_POINT ( 'NONE',  ( 0.0000000000000000000, 1.950000000000000200, -1.000000000000000000 ) ) ;
#1800 = DIRECTION ( 'NONE',  ( -0.0000000000000000000, 1.000000000000000000, -0.0000000000000000000 ) ) ;
#1801 = DIRECTION ( 'NONE',  ( 1.000000000000000000, 0.0000000000000000000, 0.0000000000000000000 ) ) ;
#1802 = CARTESIAN_POINT ( 'NONE',  ( -0.4000000000000001300, 0.5999999999999999800, 6.100000000000000500 ) ) ;
#1803 = ORIENTED_EDGE ( 'NONE', *, *, #1760, .F. ) ;
#1804 = ORIENTED_EDGE ( 'NONE', *, *, #1220, .F. ) ;
#1805 = ORIENTED_EDGE ( 'NONE', *, *, #1750, .F. ) ;
#1806 = ORIENTED_EDGE ( 'NONE', *, *, #1764, .F. ) ;
#1807 = ORIENTED_EDGE ( 'NONE', *, *, #1752, .F. ) ;
#1808 = ORIENTED_EDGE ( 'NONE', *, *, #1757, .F. ) ;
#1809 = ORIENTED_EDGE ( 'NONE', *, *, #1755, .F. ) ;
#1810 = ORIENTED_EDGE ( 'NONE', *, *, #1223, .T. ) ;
#1811 = ORIENTED_EDGE ( 'NONE', *, *, #1753, .F. ) ;
#1812 = ORIENTED_EDGE ( 'NONE', *, *, #1763, .F. ) ;
#1813 = ORIENTED_EDGE ( 'NONE', *, *, #1761, .F. ) ;
#1814 = ORIENTED_EDGE ( 'NONE', *, *, #1747, .F. ) ;
#1815 = ORIENTED_EDGE ( 'NONE', *, *, #1222, .F. ) ;
#1816 = ORIENTED_EDGE ( 'NONE', *, *, #1765, .F. ) ;
#1817 = ORIENTED_EDGE ( 'NONE', *, *, #1770, .F. ) ;
#1818 = ORIENTED_EDGE ( 'NONE', *, *, #1761, .T. ) ;
#1819 = ORIENTED_EDGE ( 'NONE', *, *, #1213, .T. ) ;
#1820 = ORIENTED_EDGE ( 'NONE', *, *, #1767, .F. ) ;
#1821 = ORIENTED_EDGE ( 'NONE', *, *, #1769, .F. ) ;
#1822 = ORIENTED_EDGE ( 'NONE', *, *, #1768, .T. ) ;
#1823 = ORIENTED_EDGE ( 'NONE', *, *, #1775, .T. ) ;
#1824 = ORIENTED_EDGE ( 'NONE', *, *, #1774, .T. ) ;
#1825 = ORIENTED_EDGE ( 'NONE', *, *, #1253, .F. ) ;
#1826 = ORIENTED_EDGE ( 'NONE', *, *, #1776, .F. ) ;
#1827 = ORIENTED_EDGE ( 'NONE', *, *, #1767, .T. ) ;
#1828 = ORIENTED_EDGE ( 'NONE', *, *, #1214, .T. ) ;
#1829 = ORIENTED_EDGE ( 'NONE', *, *, #1773, .T. ) ;
#1830 = ORIENTED_EDGE ( 'NONE', *, *, #1777, .T. ) ;
#1831 = ORIENTED_EDGE ( 'NONE', *, *, #1771, .F. ) ;
#1832 = ORIENTED_EDGE ( 'NONE', *, *, #1772, .F. ) ;
#1833 = ORIENTED_EDGE ( 'NONE', *, *, #1778, .F. ) ;
#1834 = ORIENTED_EDGE ( 'NONE', *, *, #1779, .F. ) ;
#1835 = ORIENTED_EDGE ( 'NONE', *, *, #1268, .F. ) ;
#1836 = ORIENTED_EDGE ( 'NONE', *, *, #1780, .F. ) ;
#1837 = ORIENTED_EDGE ( 'NONE', *, *, #1782, .F. ) ;
#1838 = ORIENTED_EDGE ( 'NONE', *, *, #1781, .F. ) ;
#1839 = ORIENTED_EDGE ( 'NONE', *, *, #2617, .F. ) ;
#1840 = ORIENTED_EDGE ( 'NONE', *, *, #2615, .F. ) ;
#1841 = ORIENTED_EDGE ( 'NONE', *, *, #2614, .T. ) ;
#1842 = ORIENTED_EDGE ( 'NONE', *, *, #1796, .T. ) ;
#1843 = ORIENTED_EDGE ( 'NONE', *, *, #2614, .F. ) ;
#1844 = ORIENTED_EDGE ( 'NONE', *, *, #2613, .F. ) ;
#1845 = ORIENTED_EDGE ( 'NONE', *, *, #2503, .T. ) ;
#1846 = ORIENTED_EDGE ( 'NONE', *, *, #2510, .T. ) ;
#1847 = ORIENTED_EDGE ( 'NONE', *, *, #2613, .T. ) ;
#1848 = ORIENTED_EDGE ( 'NONE', *, *, #2615, .T. ) ;
#1849 = ORIENTED_EDGE ( 'NONE', *, *, #2519, .T. ) ;
#1850 = ORIENTED_EDGE ( 'NONE', *, *, #2616, .T. ) ;
#1851 = ORIENTED_EDGE ( 'NONE', *, *, #2520, .T. ) ;
#1852 = ORIENTED_EDGE ( 'NONE', *, *, #2505, .T. ) ;
#1853 = ORIENTED_EDGE ( 'NONE', *, *, #1763, .T. ) ;
#1854 = ORIENTED_EDGE ( 'NONE', *, *, #2507, .F. ) ;
#1855 = ORIENTED_EDGE ( 'NONE', *, *, #2610, .F. ) ;
#1856 = ORIENTED_EDGE ( 'NONE', *, *, #2511, .T. ) ;
#1857 = ORIENTED_EDGE ( 'NONE', *, *, #1222, .T. ) ;
#1858 = ORIENTED_EDGE ( 'NONE', *, *, #2511, .F. ) ;
#1859 = ORIENTED_EDGE ( 'NONE', *, *, #2609, .F. ) ;
#1860 = ORIENTED_EDGE ( 'NONE', *, *, #2608, .T. ) ;
#1861 = ORIENTED_EDGE ( 'NONE', *, *, #1765, .T. ) ;
#1862 = ORIENTED_EDGE ( 'NONE', *, *, #2608, .F. ) ;
#1863 = ORIENTED_EDGE ( 'NONE', *, *, #2607, .F. ) ;
#1864 = ORIENTED_EDGE ( 'NONE', *, *, #2606, .T. ) ;
#1865 = ORIENTED_EDGE ( 'NONE', *, *, #1760, .T. ) ;
#1866 = ORIENTED_EDGE ( 'NONE', *, *, #2606, .F. ) ;
#1867 = ORIENTED_EDGE ( 'NONE', *, *, #2605, .F. ) ;
#1868 = ORIENTED_EDGE ( 'NONE', *, *, #2604, .T. ) ;
#1869 = ORIENTED_EDGE ( 'NONE', *, *, #1756, .T. ) ;
#1870 = ORIENTED_EDGE ( 'NONE', *, *, #2604, .F. ) ;
#1871 = ORIENTED_EDGE ( 'NONE', *, *, #2603, .F. ) ;
#1872 = ORIENTED_EDGE ( 'NONE', *, *, #2602, .T. ) ;
#1873 = ORIENTED_EDGE ( 'NONE', *, *, #1766, .T. ) ;
#1874 = ORIENTED_EDGE ( 'NONE', *, *, #2602, .F. ) ;
#1875 = ORIENTED_EDGE ( 'NONE', *, *, #2601, .F. ) ;
#1876 = ORIENTED_EDGE ( 'NONE', *, *, #2600, .T. ) ;
#1877 = ORIENTED_EDGE ( 'NONE', *, *, #1764, .T. ) ;
#1878 = ORIENTED_EDGE ( 'NONE', *, *, #2600, .F. ) ;
#1879 = ORIENTED_EDGE ( 'NONE', *, *, #2599, .F. ) ;
#1880 = ORIENTED_EDGE ( 'NONE', *, *, #2507, .T. ) ;
#1881 = ORIENTED_EDGE ( 'NONE', *, *, #2610, .T. ) ;
#1882 = ORIENTED_EDGE ( 'NONE', *, *, #2599, .T. ) ;
#1883 = ORIENTED_EDGE ( 'NONE', *, *, #2601, .T. ) ;
#1884 = ORIENTED_EDGE ( 'NONE', *, *, #2603, .T. ) ;
#1885 = ORIENTED_EDGE ( 'NONE', *, *, #2605, .T. ) ;
#1886 = ORIENTED_EDGE ( 'NONE', *, *, #2607, .T. ) ;
#1887 = ORIENTED_EDGE ( 'NONE', *, *, #2609, .T. ) ;
#1888 = ORIENTED_EDGE ( 'NONE', *, *, #2597, .F. ) ;
#1889 = ORIENTED_EDGE ( 'NONE', *, *, #2612, .F. ) ;
#1890 = ORIENTED_EDGE ( 'NONE', *, *, #2598, .T. ) ;
#1891 = ORIENTED_EDGE ( 'NONE', *, *, #1210, .T. ) ;
#1892 = ORIENTED_EDGE ( 'NONE', *, *, #2592, .F. ) ;
#1893 = ORIENTED_EDGE ( 'NONE', *, *, #2595, .T. ) ;
#1894 = ORIENTED_EDGE ( 'NONE', *, *, #1791, .F. ) ;
#1895 = ORIENTED_EDGE ( 'NONE', *, *, #2593, .F. ) ;
#1896 = ORIENTED_EDGE ( 'NONE', *, *, #2611, .F. ) ;
#1897 = ORIENTED_EDGE ( 'NONE', *, *, #2596, .T. ) ;
#1898 = ORIENTED_EDGE ( 'NONE', *, *, #1777, .F. ) ;
#1899 = ORIENTED_EDGE ( 'NONE', *, *, #2590, .F. ) ;
#1900 = ORIENTED_EDGE ( 'NONE', *, *, #2588, .T. ) ;
#1901 = ORIENTED_EDGE ( 'NONE', *, *, #2612, .T. ) ;
#1902 = ORIENTED_EDGE ( 'NONE', *, *, #1212, .F. ) ;
#1903 = ORIENTED_EDGE ( 'NONE', *, *, #2594, .T. ) ;
#1904 = ORIENTED_EDGE ( 'NONE', *, *, #2590, .T. ) ;
#1905 = ORIENTED_EDGE ( 'NONE', *, *, #1773, .F. ) ;
#1906 = ORIENTED_EDGE ( 'NONE', *, *, #2594, .F. ) ;
#1907 = ORIENTED_EDGE ( 'NONE', *, *, #1211, .F. ) ;
#1908 = ORIENTED_EDGE ( 'NONE', *, *, #2598, .F. ) ;
#1909 = ORIENTED_EDGE ( 'NONE', *, *, #2588, .F. ) ;
#1910 = ORIENTED_EDGE ( 'NONE', *, *, #1268, .T. ) ;
#1911 = ORIENTED_EDGE ( 'NONE', *, *, #2589, .F. ) ;
#1912 = ORIENTED_EDGE ( 'NONE', *, *, #1238, .F. ) ;
#1913 = ORIENTED_EDGE ( 'NONE', *, *, #1209, .F. ) ;
#1914 = ORIENTED_EDGE ( 'NONE', *, *, #1271, .F. ) ;
#1915 = ORIENTED_EDGE ( 'NONE', *, *, #2586, .T. ) ;
#1916 = ORIENTED_EDGE ( 'NONE', *, *, #2582, .F. ) ;
#1917 = ORIENTED_EDGE ( 'NONE', *, *, #2585, .T. ) ;
#1918 = ORIENTED_EDGE ( 'NONE', *, *, #1780, .T. ) ;
#1919 = ORIENTED_EDGE ( 'NONE', *, *, #2586, .F. ) ;
#1920 = ORIENTED_EDGE ( 'NONE', *, *, #1188, .F. ) ;
#1921 = ORIENTED_EDGE ( 'NONE', *, *, #2583, .T. ) ;
#1922 = ORIENTED_EDGE ( 'NONE', *, *, #1785, .T. ) ;
#1923 = ORIENTED_EDGE ( 'NONE', *, *, #2584, .F. ) ;
#1924 = ORIENTED_EDGE ( 'NONE', *, *, #1239, .F. ) ;
#1925 = ORIENTED_EDGE ( 'NONE', *, *, #2591, .T. ) ;
#1926 = ORIENTED_EDGE ( 'NONE', *, *, #1784, .T. ) ;
#1927 = ORIENTED_EDGE ( 'NONE', *, *, #2583, .F. ) ;
#1928 = ORIENTED_EDGE ( 'NONE', *, *, #1742, .F. ) ;
#1929 = ORIENTED_EDGE ( 'NONE', *, *, #1207, .T. ) ;
#1930 = ORIENTED_EDGE ( 'NONE', *, *, #1782, .T. ) ;
#1931 = ORIENTED_EDGE ( 'NONE', *, *, #2585, .F. ) ;
#1932 = ORIENTED_EDGE ( 'NONE', *, *, #2578, .F. ) ;
#1933 = ORIENTED_EDGE ( 'NONE', *, *, #2581, .T. ) ;
#1934 = ORIENTED_EDGE ( 'NONE', *, *, #1781, .T. ) ;
#1935 = ORIENTED_EDGE ( 'NONE', *, *, #2581, .F. ) ;
#1936 = ORIENTED_EDGE ( 'NONE', *, *, #2576, .F. ) ;
#1937 = ORIENTED_EDGE ( 'NONE', *, *, #2579, .T. ) ;
#1938 = ORIENTED_EDGE ( 'NONE', *, *, #1783, .T. ) ;
#1939 = ORIENTED_EDGE ( 'NONE', *, *, #2579, .F. ) ;
#1940 = ORIENTED_EDGE ( 'NONE', *, *, #2574, .F. ) ;
#1941 = ORIENTED_EDGE ( 'NONE', *, *, #2584, .T. ) ;
#1942 = ORIENTED_EDGE ( 'NONE', *, *, #2582, .T. ) ;
#1943 = ORIENTED_EDGE ( 'NONE', *, *, #2574, .T. ) ;
#1944 = ORIENTED_EDGE ( 'NONE', *, *, #2576, .T. ) ;
#1945 = ORIENTED_EDGE ( 'NONE', *, *, #2578, .T. ) ;
#1946 = ORIENTED_EDGE ( 'NONE', *, *, #1786, .T. ) ;
#1947 = ORIENTED_EDGE ( 'NONE', *, *, #2591, .F. ) ;
#1948 = ORIENTED_EDGE ( 'NONE', *, *, #1237, .F. ) ;
#1949 = ORIENTED_EDGE ( 'NONE', *, *, #2580, .T. ) ;
#1950 = ORIENTED_EDGE ( 'NONE', *, *, #1788, .T. ) ;
#1951 = ORIENTED_EDGE ( 'NONE', *, *, #2580, .F. ) ;
#1952 = ORIENTED_EDGE ( 'NONE', *, *, #1233, .F. ) ;
#1953 = ORIENTED_EDGE ( 'NONE', *, *, #2572, .T. ) ;
#1954 = ORIENTED_EDGE ( 'NONE', *, *, #1787, .T. ) ;
#1955 = ORIENTED_EDGE ( 'NONE', *, *, #2572, .F. ) ;
#1956 = ORIENTED_EDGE ( 'NONE', *, *, #1230, .F. ) ;
#1957 = ORIENTED_EDGE ( 'NONE', *, *, #2573, .T. ) ;
#1958 = ORIENTED_EDGE ( 'NONE', *, *, #1789, .T. ) ;
#1959 = ORIENTED_EDGE ( 'NONE', *, *, #2573, .F. ) ;
#1960 = ORIENTED_EDGE ( 'NONE', *, *, #1231, .F. ) ;
#1961 = ORIENTED_EDGE ( 'NONE', *, *, #2570, .T. ) ;
#1962 = ORIENTED_EDGE ( 'NONE', *, *, #2593, .T. ) ;
#1963 = ORIENTED_EDGE ( 'NONE', *, *, #1771, .T. ) ;
#1964 = ORIENTED_EDGE ( 'NONE', *, *, #2596, .F. ) ;
#1965 = ORIENTED_EDGE ( 'NONE', *, *, #2571, .F. ) ;
#1966 = ORIENTED_EDGE ( 'NONE', *, *, #2577, .F. ) ;
#1967 = ORIENTED_EDGE ( 'NONE', *, *, #2587, .T. ) ;
#1968 = ORIENTED_EDGE ( 'NONE', *, *, #1772, .T. ) ;
#1969 = ORIENTED_EDGE ( 'NONE', *, *, #2587, .F. ) ;
#1970 = ORIENTED_EDGE ( 'NONE', *, *, #1243, .F. ) ;
#1971 = ORIENTED_EDGE ( 'NONE', *, *, #2566, .T. ) ;
#1972 = ORIENTED_EDGE ( 'NONE', *, *, #1778, .T. ) ;
#1973 = ORIENTED_EDGE ( 'NONE', *, *, #2566, .F. ) ;
#1974 = ORIENTED_EDGE ( 'NONE', *, *, #1240, .F. ) ;
#1975 = ORIENTED_EDGE ( 'NONE', *, *, #2567, .T. ) ;
#1976 = ORIENTED_EDGE ( 'NONE', *, *, #1779, .T. ) ;
#1977 = ORIENTED_EDGE ( 'NONE', *, *, #2567, .F. ) ;
#1978 = ORIENTED_EDGE ( 'NONE', *, *, #1241, .F. ) ;
#1979 = ORIENTED_EDGE ( 'NONE', *, *, #2589, .T. ) ;
#1980 = ORIENTED_EDGE ( 'NONE', *, *, #2611, .T. ) ;
#1981 = ORIENTED_EDGE ( 'NONE', *, *, #2570, .F. ) ;
#1982 = ORIENTED_EDGE ( 'NONE', *, *, #1201, .F. ) ;
#1983 = ORIENTED_EDGE ( 'NONE', *, *, #2575, .F. ) ;
#1984 = ORIENTED_EDGE ( 'NONE', *, *, #1745, .F. ) ;
#1985 = ORIENTED_EDGE ( 'NONE', *, *, #2569, .T. ) ;
#1986 = ORIENTED_EDGE ( 'NONE', *, *, #2565, .F. ) ;
#1987 = ORIENTED_EDGE ( 'NONE', *, *, #2571, .T. ) ;
#1988 = ORIENTED_EDGE ( 'NONE', *, *, #2560, .F. ) ;
#1989 = ORIENTED_EDGE ( 'NONE', *, *, #1249, .T. ) ;
#1990 = ORIENTED_EDGE ( 'NONE', *, *, #2577, .T. ) ;
#1991 = ORIENTED_EDGE ( 'NONE', *, *, #2565, .T. ) ;
#1992 = ORIENTED_EDGE ( 'NONE', *, *, #1232, .T. ) ;
#1993 = ORIENTED_EDGE ( 'NONE', *, *, #1236, .F. ) ;
#1994 = ORIENTED_EDGE ( 'NONE', *, *, #1204, .F. ) ;
#1995 = ORIENTED_EDGE ( 'NONE', *, *, #2575, .T. ) ;
#1996 = ORIENTED_EDGE ( 'NONE', *, *, #2560, .T. ) ;
#1997 = ORIENTED_EDGE ( 'NONE', *, *, #2569, .F. ) ;
#1998 = ORIENTED_EDGE ( 'NONE', *, *, #1200, .F. ) ;
#1999 = ORIENTED_EDGE ( 'NONE', *, *, #1250, .T. ) ;
#2000 = ORIENTED_EDGE ( 'NONE', *, *, #1202, .T. ) ;
#2001 = ORIENTED_EDGE ( 'NONE', *, *, #2563, .F. ) ;
#2002 = ORIENTED_EDGE ( 'NONE', *, *, #2562, .F. ) ;
#2003 = ORIENTED_EDGE ( 'NONE', *, *, #2564, .T. ) ;
#2004 = ORIENTED_EDGE ( 'NONE', *, *, #1229, .T. ) ;
#2005 = ORIENTED_EDGE ( 'NONE', *, *, #2568, .F. ) ;
#2006 = ORIENTED_EDGE ( 'NONE', *, *, #2558, .F. ) ;
#2007 = ORIENTED_EDGE ( 'NONE', *, *, #2563, .T. ) ;
#2008 = ORIENTED_EDGE ( 'NONE', *, *, #1228, .T. ) ;
#2009 = ORIENTED_EDGE ( 'NONE', *, *, #2559, .F. ) ;
#2010 = ORIENTED_EDGE ( 'NONE', *, *, #2561, .F. ) ;
#2011 = ORIENTED_EDGE ( 'NONE', *, *, #2568, .T. ) ;
#2012 = ORIENTED_EDGE ( 'NONE', *, *, #1203, .T. ) ;
#2013 = ORIENTED_EDGE ( 'NONE', *, *, #2564, .F. ) ;
#2014 = ORIENTED_EDGE ( 'NONE', *, *, #2555, .F. ) ;
#2015 = ORIENTED_EDGE ( 'NONE', *, *, #2559, .T. ) ;
#2016 = ORIENTED_EDGE ( 'NONE', *, *, #2562, .T. ) ;
#2017 = ORIENTED_EDGE ( 'NONE', *, *, #2558, .T. ) ;
#2018 = ORIENTED_EDGE ( 'NONE', *, *, #2561, .T. ) ;
#2019 = ORIENTED_EDGE ( 'NONE', *, *, #2555, .T. ) ;
#2020 = ORIENTED_EDGE ( 'NONE', *, *, #1736, .T. ) ;
#2021 = ORIENTED_EDGE ( 'NONE', *, *, #2557, .F. ) ;
#2022 = ORIENTED_EDGE ( 'NONE', *, *, #2552, .F. ) ;
#2023 = ORIENTED_EDGE ( 'NONE', *, *, #2554, .T. ) ;
#2024 = ORIENTED_EDGE ( 'NONE', *, *, #1272, .T. ) ;
#2025 = ORIENTED_EDGE ( 'NONE', *, *, #2553, .F. ) ;
#2026 = ORIENTED_EDGE ( 'NONE', *, *, #2550, .F. ) ;
#2027 = ORIENTED_EDGE ( 'NONE', *, *, #2557, .T. ) ;
#2028 = ORIENTED_EDGE ( 'NONE', *, *, #1740, .T. ) ;
#2029 = ORIENTED_EDGE ( 'NONE', *, *, #2551, .F. ) ;
#2030 = ORIENTED_EDGE ( 'NONE', *, *, #2556, .F. ) ;
#2031 = ORIENTED_EDGE ( 'NONE', *, *, #2553, .T. ) ;
#2032 = ORIENTED_EDGE ( 'NONE', *, *, #1738, .T. ) ;
#2033 = ORIENTED_EDGE ( 'NONE', *, *, #2554, .F. ) ;
#2034 = ORIENTED_EDGE ( 'NONE', *, *, #2547, .F. ) ;
#2035 = ORIENTED_EDGE ( 'NONE', *, *, #2551, .T. ) ;
#2036 = ORIENTED_EDGE ( 'NONE', *, *, #2552, .T. ) ;
#2037 = ORIENTED_EDGE ( 'NONE', *, *, #2550, .T. ) ;
#2038 = ORIENTED_EDGE ( 'NONE', *, *, #2556, .T. ) ;
#2039 = ORIENTED_EDGE ( 'NONE', *, *, #2547, .T. ) ;
#2040 = ORIENTED_EDGE ( 'NONE', *, *, #1190, .T. ) ;
#2041 = ORIENTED_EDGE ( 'NONE', *, *, #2549, .F. ) ;
#2042 = ORIENTED_EDGE ( 'NONE', *, *, #2544, .F. ) ;
#2043 = ORIENTED_EDGE ( 'NONE', *, *, #2546, .T. ) ;
#2044 = ORIENTED_EDGE ( 'NONE', *, *, #1191, .T. ) ;
#2045 = ORIENTED_EDGE ( 'NONE', *, *, #2545, .F. ) ;
#2046 = ORIENTED_EDGE ( 'NONE', *, *, #2542, .F. ) ;
#2047 = ORIENTED_EDGE ( 'NONE', *, *, #2549, .T. ) ;
#2048 = ORIENTED_EDGE ( 'NONE', *, *, #1187, .T. ) ;
#2049 = ORIENTED_EDGE ( 'NONE', *, *, #2543, .F. ) ;
#2050 = ORIENTED_EDGE ( 'NONE', *, *, #2548, .F. ) ;
#2051 = ORIENTED_EDGE ( 'NONE', *, *, #2545, .T. ) ;
#2052 = ORIENTED_EDGE ( 'NONE', *, *, #1189, .T. ) ;
#2053 = ORIENTED_EDGE ( 'NONE', *, *, #2546, .F. ) ;
#2054 = ORIENTED_EDGE ( 'NONE', *, *, #2539, .F. ) ;
#2055 = ORIENTED_EDGE ( 'NONE', *, *, #2543, .T. ) ;
#2056 = ORIENTED_EDGE ( 'NONE', *, *, #2544, .T. ) ;
#2057 = ORIENTED_EDGE ( 'NONE', *, *, #2542, .T. ) ;
#2058 = ORIENTED_EDGE ( 'NONE', *, *, #2548, .T. ) ;
#2059 = ORIENTED_EDGE ( 'NONE', *, *, #2539, .T. ) ;
#2060 = ORIENTED_EDGE ( 'NONE', *, *, #2537, .T. ) ;
#2061 = ORIENTED_EDGE ( 'NONE', *, *, #2538, .T. ) ;
#2062 = ORIENTED_EDGE ( 'NONE', *, *, #2540, .T. ) ;
#2063 = ORIENTED_EDGE ( 'NONE', *, *, #2535, .T. ) ;
#2064 = ORIENTED_EDGE ( 'NONE', *, *, #1193, .T. ) ;
#2065 = ORIENTED_EDGE ( 'NONE', *, *, #2536, .F. ) ;
#2066 = ORIENTED_EDGE ( 'NONE', *, *, #2535, .F. ) ;
#2067 = ORIENTED_EDGE ( 'NONE', *, *, #2533, .T. ) ;
#2068 = ORIENTED_EDGE ( 'NONE', *, *, #1194, .T. ) ;
#2069 = ORIENTED_EDGE ( 'NONE', *, *, #2533, .F. ) ;
#2070 = ORIENTED_EDGE ( 'NONE', *, *, #2540, .F. ) ;
#2071 = ORIENTED_EDGE ( 'NONE', *, *, #2531, .T. ) ;
#2072 = ORIENTED_EDGE ( 'NONE', *, *, #1195, .T. ) ;
#2073 = ORIENTED_EDGE ( 'NONE', *, *, #2531, .F. ) ;
#2074 = ORIENTED_EDGE ( 'NONE', *, *, #2538, .F. ) ;
#2075 = ORIENTED_EDGE ( 'NONE', *, *, #2532, .T. ) ;
#2076 = ORIENTED_EDGE ( 'NONE', *, *, #1192, .T. ) ;
#2077 = ORIENTED_EDGE ( 'NONE', *, *, #2532, .F. ) ;
#2078 = ORIENTED_EDGE ( 'NONE', *, *, #2537, .F. ) ;
#2079 = ORIENTED_EDGE ( 'NONE', *, *, #2536, .T. ) ;
#2080 = ORIENTED_EDGE ( 'NONE', *, *, #2530, .T. ) ;
#2081 = ORIENTED_EDGE ( 'NONE', *, *, #2534, .T. ) ;
#2082 = ORIENTED_EDGE ( 'NONE', *, *, #2541, .T. ) ;
#2083 = ORIENTED_EDGE ( 'NONE', *, *, #2527, .T. ) ;
#2084 = ORIENTED_EDGE ( 'NONE', *, *, #1197, .T. ) ;
#2085 = ORIENTED_EDGE ( 'NONE', *, *, #2529, .F. ) ;
#2086 = ORIENTED_EDGE ( 'NONE', *, *, #2527, .F. ) ;
#2087 = ORIENTED_EDGE ( 'NONE', *, *, #2525, .T. ) ;
#2088 = ORIENTED_EDGE ( 'NONE', *, *, #1198, .T. ) ;
#2089 = ORIENTED_EDGE ( 'NONE', *, *, #2525, .F. ) ;
#2090 = ORIENTED_EDGE ( 'NONE', *, *, #2541, .F. ) ;
#2091 = ORIENTED_EDGE ( 'NONE', *, *, #2523, .T. ) ;
#2092 = ORIENTED_EDGE ( 'NONE', *, *, #1199, .T. ) ;
#2093 = ORIENTED_EDGE ( 'NONE', *, *, #2523, .F. ) ;
#2094 = ORIENTED_EDGE ( 'NONE', *, *, #2534, .F. ) ;
#2095 = ORIENTED_EDGE ( 'NONE', *, *, #2524, .T. ) ;
#2096 = ORIENTED_EDGE ( 'NONE', *, *, #1196, .T. ) ;
#2097 = ORIENTED_EDGE ( 'NONE', *, *, #2524, .F. ) ;
#2098 = ORIENTED_EDGE ( 'NONE', *, *, #2530, .F. ) ;
#2099 = ORIENTED_EDGE ( 'NONE', *, *, #2529, .T. ) ;
#2100 = ORIENTED_EDGE ( 'NONE', *, *, #1224, .F. ) ;
#2101 = ORIENTED_EDGE ( 'NONE', *, *, #2528, .T. ) ;
#2102 = ORIENTED_EDGE ( 'NONE', *, *, #2522, .T. ) ;
#2103 = ORIENTED_EDGE ( 'NONE', *, *, #2592, .T. ) ;
#2104 = ORIENTED_EDGE ( 'NONE', *, *, #2597, .T. ) ;
#2105 = ORIENTED_EDGE ( 'NONE', *, *, #1206, .T. ) ;
#2106 = ORIENTED_EDGE ( 'NONE', *, *, #1208, .F. ) ;
#2107 = ORIENTED_EDGE ( 'NONE', *, *, #2526, .T. ) ;
#2108 = ORIENTED_EDGE ( 'NONE', *, *, #1254, .T. ) ;
#2109 = ORIENTED_EDGE ( 'NONE', *, *, #1269, .T. ) ;
#2110 = ORIENTED_EDGE ( 'NONE', *, *, #1259, .F. ) ;
#2111 = ORIENTED_EDGE ( 'NONE', *, *, #1258, .F. ) ;
#2112 = ORIENTED_EDGE ( 'NONE', *, *, #1257, .F. ) ;
#2113 = ORIENTED_EDGE ( 'NONE', *, *, #1260, .F. ) ;
#2114 = ORIENTED_EDGE ( 'NONE', *, *, #1254, .F. ) ;
#2115 = ORIENTED_EDGE ( 'NONE', *, *, #1256, .T. ) ;
#2116 = ORIENTED_EDGE ( 'NONE', *, *, #1775, .F. ) ;
#2117 = ORIENTED_EDGE ( 'NONE', *, *, #2595, .F. ) ;
#2118 = ORIENTED_EDGE ( 'NONE', *, *, #2522, .F. ) ;
#2119 = ORIENTED_EDGE ( 'NONE', *, *, #1266, .T. ) ;
#2120 = ORIENTED_EDGE ( 'NONE', *, *, #1256, .F. ) ;
#2121 = ORIENTED_EDGE ( 'NONE', *, *, #2526, .F. ) ;
#2122 = ORIENTED_EDGE ( 'NONE', *, *, #1226, .F. ) ;
#2123 = ORIENTED_EDGE ( 'NONE', *, *, #1774, .F. ) ;
#2124 = ORIENTED_EDGE ( 'NONE', *, *, #1266, .F. ) ;
#2125 = ORIENTED_EDGE ( 'NONE', *, *, #2528, .F. ) ;
#2126 = ORIENTED_EDGE ( 'NONE', *, *, #1759, .F. ) ;
#2127 = ORIENTED_EDGE ( 'NONE', *, *, #1269, .F. ) ;
#2128 = ORIENTED_EDGE ( 'NONE', *, *, #1258, .T. ) ;
#2129 = ORIENTED_EDGE ( 'NONE', *, *, #1263, .F. ) ;
#2130 = ORIENTED_EDGE ( 'NONE', *, *, #1245, .F. ) ;
#2131 = ORIENTED_EDGE ( 'NONE', *, *, #1262, .T. ) ;
#2132 = ORIENTED_EDGE ( 'NONE', *, *, #1257, .T. ) ;
#2133 = ORIENTED_EDGE ( 'NONE', *, *, #1262, .F. ) ;
#2134 = ORIENTED_EDGE ( 'NONE', *, *, #1749, .F. ) ;
#2135 = ORIENTED_EDGE ( 'NONE', *, *, #1264, .T. ) ;
#2136 = ORIENTED_EDGE ( 'NONE', *, *, #1260, .T. ) ;
#2137 = ORIENTED_EDGE ( 'NONE', *, *, #1264, .F. ) ;
#2138 = ORIENTED_EDGE ( 'NONE', *, *, #1744, .F. ) ;
#2139 = ORIENTED_EDGE ( 'NONE', *, *, #1265, .T. ) ;
#2140 = ORIENTED_EDGE ( 'NONE', *, *, #1259, .T. ) ;
#2141 = ORIENTED_EDGE ( 'NONE', *, *, #1265, .F. ) ;
#2142 = ORIENTED_EDGE ( 'NONE', *, *, #1743, .F. ) ;
#2143 = ORIENTED_EDGE ( 'NONE', *, *, #1263, .T. ) ;
#2144 = ORIENTED_EDGE ( 'NONE', *, *, #1242, .F. ) ;
#2145 = ORIENTED_EDGE ( 'NONE', *, *, #1261, .T. ) ;
#2146 = ORIENTED_EDGE ( 'NONE', *, *, #1225, .T. ) ;
#2147 = ORIENTED_EDGE ( 'NONE', *, *, #1741, .T. ) ;
#2148 = ORIENTED_EDGE ( 'NONE', *, *, #1267, .T. ) ;
#2149 = ORIENTED_EDGE ( 'NONE', *, *, #1746, .T. ) ;
#2150 = ORIENTED_EDGE ( 'NONE', *, *, #1748, .F. ) ;
#2151 = ORIENTED_EDGE ( 'NONE', *, *, #1267, .F. ) ;
#2152 = ORIENTED_EDGE ( 'NONE', *, *, #1252, .T. ) ;
#2153 = ORIENTED_EDGE ( 'NONE', *, *, #1261, .F. ) ;
#2154 = ORIENTED_EDGE ( 'NONE', *, *, #1249, .F. ) ;
#2155 = ORIENTED_EDGE ( 'NONE', *, *, #1250, .F. ) ;
#2156 = ORIENTED_EDGE ( 'NONE', *, *, #1205, .F. ) ;
#2157 = ORIENTED_EDGE ( 'NONE', *, *, #1234, .F. ) ;
#2158 = ORIENTED_EDGE ( 'NONE', *, *, #1207, .F. ) ;
#2159 = LINE ( 'NONE', #381, #2160 ) ;
#2160 = VECTOR ( 'NONE', #382, 1000.000000000000000 ) ;
#2161 = VECTOR ( 'NONE', #385, 1000.000000000000000 ) ;
#2162 = LINE ( 'NONE', #383, #2161 ) ;
#2163 = LINE ( 'NONE', #388, #2168 ) ;
#2164 = VECTOR ( 'NONE', #387, 1000.000000000000000 ) ;
#2165 = LINE ( 'NONE', #390, #2170 ) ;
#2166 = VECTOR ( 'NONE', #389, 1000.000000000000000 ) ;
#2167 = LINE ( 'NONE', #392, #2172 ) ;
#2168 = VECTOR ( 'NONE', #391, 1000.000000000000000 ) ;
#2169 = LINE ( 'NONE', #394, #2174 ) ;
#2170 = VECTOR ( 'NONE', #393, 1000.000000000000000 ) ;
#2171 = LINE ( 'NONE', #396, #2176 ) ;
#2172 = VECTOR ( 'NONE', #395, 1000.000000000000000 ) ;
#2173 = LINE ( 'NONE', #398, #2178 ) ;
#2174 = VECTOR ( 'NONE', #397, 1000.000000000000000 ) ;
#2175 = LINE ( 'NONE', #400, #2180 ) ;
#2176 = VECTOR ( 'NONE', #399, 1000.000000000000000 ) ;
#2177 = LINE ( 'NONE', #402, #2182 ) ;
#2178 = VECTOR ( 'NONE', #401, 1000.000000000000000 ) ;
#2179 = LINE ( 'NONE', #404, #2184 ) ;
#2180 = VECTOR ( 'NONE', #403, 1000.000000000000000 ) ;
#2181 = LINE ( 'NONE', #406, #2186 ) ;
#2182 = VECTOR ( 'NONE', #405, 1000.000000000000000 ) ;
#2183 = LINE ( 'NONE', #408, #2188 ) ;
#2184 = VECTOR ( 'NONE', #407, 1000.000000000000000 ) ;
#2185 = LINE ( 'NONE', #410, #2190 ) ;
#2186 = VECTOR ( 'NONE', #409, 1000.000000000000000 ) ;
#2187 = LINE ( 'NONE', #412, #2192 ) ;
#2188 = VECTOR ( 'NONE', #411, 1000.000000000000000 ) ;
#2189 = LINE ( 'NONE', #414, #2194 ) ;
#2190 = VECTOR ( 'NONE', #413, 1000.000000000000000 ) ;
#2191 = LINE ( 'NONE', #416, #2200 ) ;
#2192 = VECTOR ( 'NONE', #415, 1000.000000000000000 ) ;
#2193 = LINE ( 'NONE', #422, #2202 ) ;
#2194 = VECTOR ( 'NONE', #417, 1000.000000000000000 ) ;
#2195 = LINE ( 'NONE', #424, #2204 ) ;
#2196 = LINE ( 'NONE', #418, #2197 ) ;
#2197 = VECTOR ( 'NONE', #419, 1000.000000000000000 ) ;
#2198 = LINE ( 'NONE', #420, #2199 ) ;
#2199 = VECTOR ( 'NONE', #421, 1000.000000000000000 ) ;
#2200 = VECTOR ( 'NONE', #423, 1000.000000000000000 ) ;
#2201 = LINE ( 'NONE', #426, #2206 ) ;
#2202 = VECTOR ( 'NONE', #425, 1000.000000000000000 ) ;
#2203 = LINE ( 'NONE', #428, #2208 ) ;
#2204 = VECTOR ( 'NONE', #427, 1000.000000000000000 ) ;
#2205 = LINE ( 'NONE', #430, #2210 ) ;
#2206 = VECTOR ( 'NONE', #429, 1000.000000000000000 ) ;
#2207 = LINE ( 'NONE', #432, #2214 ) ;
#2208 = VECTOR ( 'NONE', #431, 1000.000000000000000 ) ;
#2209 = LINE ( 'NONE', #436, #2215 ) ;
#2210 = VECTOR ( 'NONE', #433, 1000.000000000000000 ) ;
#2211 = LINE ( 'NONE', #438, #2217 ) ;
#2212 = LINE ( 'NONE', #434, #2213 ) ;
#2213 = VECTOR ( 'NONE', #435, 1000.000000000000000 ) ;
#2214 = VECTOR ( 'NONE', #437, 1000.000000000000000 ) ;
#2215 = VECTOR ( 'NONE', #439, 1000.000000000000000 ) ;
#2216 = LINE ( 'NONE', #449, #2227 ) ;
#2217 = VECTOR ( 'NONE', #441, 1000.000000000000000 ) ;
#2218 = VECTOR ( 'NONE', #446, 1000.000000000000000 ) ;
#2219 = LINE ( 'NONE', #447, #2225 ) ;
#2220 = LINE ( 'NONE', #445, #2223 ) ;
#2221 = LINE ( 'NONE', #440, #2218 ) ;
#2222 = CIRCLE ( 'NONE', #1270, 1.200000000000000000 ) ;
#2223 = VECTOR ( 'NONE', #448, 1000.000000000000000 ) ;
#2224 = LINE ( 'NONE', #451, #2228 ) ;
#2225 = VECTOR ( 'NONE', #450, 1000.000000000000000 ) ;
#2226 = LINE ( 'NONE', #453, #2230 ) ;
#2227 = VECTOR ( 'NONE', #452, 1000.000000000000000 ) ;
#2228 = VECTOR ( 'NONE', #454, 1000.000000000000200 ) ;
#2229 = VECTOR ( 'NONE', #465, 1000.000000000000000 ) ;
#2230 = VECTOR ( 'NONE', #455, 1000.000000000000000 ) ;
#2231 = LINE ( 'NONE', #464, #2229 ) ;
#2232 = LINE ( 'NONE', #456, #2233 ) ;
#2233 = VECTOR ( 'NONE', #457, 1000.000000000000000 ) ;
#2234 = LINE ( 'NONE', #459, #2235 ) ;
#2235 = VECTOR ( 'NONE', #460, 1000.000000000000000 ) ;
#2236 = LINE ( 'NONE', #470, #2245 ) ;
#2237 = LINE ( 'NONE', #468, #2244 ) ;
#2238 = LINE ( 'NONE', #458, #2242 ) ;
#2239 = CIRCLE ( 'NONE', #2624, 2.000000000000001800 ) ;
#2240 = LINE ( 'NONE', #466, #2241 ) ;
#2241 = VECTOR ( 'NONE', #467, 1000.000000000000000 ) ;
#2242 = VECTOR ( 'NONE', #469, 1000.000000000000000 ) ;
#2243 = LINE ( 'NONE', #472, #2249 ) ;
#2244 = VECTOR ( 'NONE', #471, 1000.000000000000000 ) ;
#2245 = VECTOR ( 'NONE', #473, 1000.000000000000000 ) ;
#2246 = LINE ( 'NONE', #508, #2282 ) ;
#2247 = LINE ( 'NONE', #474, #2248 ) ;
#2248 = VECTOR ( 'NONE', #475, 1000.000000000000000 ) ;
#2249 = VECTOR ( 'NONE', #477, 1000.000000000000000 ) ;
#2250 = LINE ( 'NONE', #512, #2284 ) ;
#2251 = LINE ( 'NONE', #478, #2252 ) ;
#2252 = VECTOR ( 'NONE', #479, 1000.000000000000000 ) ;
#2253 = LINE ( 'NONE', #480, #2254 ) ;
#2254 = VECTOR ( 'NONE', #481, 1000.000000000000000 ) ;
#2255 = LINE ( 'NONE', #482, #2256 ) ;
#2256 = VECTOR ( 'NONE', #483, 1000.000000000000000 ) ;
#2257 = LINE ( 'NONE', #484, #2258 ) ;
#2258 = VECTOR ( 'NONE', #485, 1000.000000000000000 ) ;
#2259 = LINE ( 'NONE', #486, #2260 ) ;
#2260 = VECTOR ( 'NONE', #487, 1000.000000000000000 ) ;
#2261 = LINE ( 'NONE', #488, #2262 ) ;
#2262 = VECTOR ( 'NONE', #489, 1000.000000000000000 ) ;
#2263 = LINE ( 'NONE', #490, #2264 ) ;
#2264 = VECTOR ( 'NONE', #491, 1000.000000000000000 ) ;
#2265 = LINE ( 'NONE', #492, #2266 ) ;
#2266 = VECTOR ( 'NONE', #493, 1000.000000000000000 ) ;
#2267 = LINE ( 'NONE', #494, #2268 ) ;
#2268 = VECTOR ( 'NONE', #495, 1000.000000000000000 ) ;
#2269 = LINE ( 'NONE', #496, #2270 ) ;
#2270 = VECTOR ( 'NONE', #497, 1000.000000000000000 ) ;
#2271 = LINE ( 'NONE', #498, #2272 ) ;
#2272 = VECTOR ( 'NONE', #499, 1000.000000000000000 ) ;
#2273 = LINE ( 'NONE', #506, #2274 ) ;
#2274 = VECTOR ( 'NONE', #507, 1000.000000000000000 ) ;
#2275 = CIRCLE ( 'NONE', #2622, 1.599999999999999000 ) ;
#2276 = LINE ( 'NONE', #476, #2278 ) ;
#2277 = CIRCLE ( 'NONE', #2623, 1.200000000000000000 ) ;
#2278 = VECTOR ( 'NONE', #509, 1000.000000000000000 ) ;
#2279 = LINE ( 'NONE', #514, #2287 ) ;
#2280 = LINE ( 'NONE', #510, #2281 ) ;
#2281 = VECTOR ( 'NONE', #511, 1000.000000000000000 ) ;
#2282 = VECTOR ( 'NONE', #513, 1000.000000000000000 ) ;
#2283 = LINE ( 'NONE', #518, #2291 ) ;
#2284 = VECTOR ( 'NONE', #515, 1000.000000000000000 ) ;
#2285 = LINE ( 'NONE', #516, #2286 ) ;
#2286 = VECTOR ( 'NONE', #517, 1000.000000000000100 ) ;
#2287 = VECTOR ( 'NONE', #519, 1000.000000000000000 ) ;
#2288 = VECTOR ( 'NONE', #533, 1000.000000000000000 ) ;
#2289 = LINE ( 'NONE', #520, #2290 ) ;
#2290 = VECTOR ( 'NONE', #521, 1000.000000000000000 ) ;
#2291 = VECTOR ( 'NONE', #523, 1000.000000000000000 ) ;
#2292 = VECTOR ( 'NONE', #528, 1000.000000000000000 ) ;
#2293 = VECTOR ( 'NONE', #555, 1000.000000000000000 ) ;
#2294 = LINE ( 'NONE', #522, #2292 ) ;
#2295 = CIRCLE ( 'NONE', #2620, 2.000000000000001800 ) ;
#2296 = LINE ( 'NONE', #527, #2288 ) ;
#2297 = CIRCLE ( 'NONE', #2621, 1.599999999999999000 ) ;
#2298 = LINE ( 'NONE', #541, #2299 ) ;
#2299 = VECTOR ( 'NONE', #542, 1000.000000000000000 ) ;
#2300 = CIRCLE ( 'NONE', #2619, 1.600000000000000800 ) ;
#2301 = LINE ( 'NONE', #556, #2320 ) ;
#2302 = CIRCLE ( 'NONE', #2625, 1.200000000000000000 ) ;
#2303 = LINE ( 'NONE', #543, #2304 ) ;
#2304 = VECTOR ( 'NONE', #544, 1000.000000000000000 ) ;
#2305 = LINE ( 'NONE', #545, #2306 ) ;
#2306 = VECTOR ( 'NONE', #546, 1000.000000000000000 ) ;
#2307 = LINE ( 'NONE', #547, #2308 ) ;
#2308 = VECTOR ( 'NONE', #548, 1000.000000000000000 ) ;
#2309 = LINE ( 'NONE', #554, #2314 ) ;
#2310 = VECTOR ( 'NONE', #566, 1000.000000000000000 ) ;
#2311 = CIRCLE ( 'NONE', #2626, 2.000000000000000000 ) ;
#2312 = LINE ( 'NONE', #549, #2293 ) ;
#2313 = CIRCLE ( 'NONE', #2627, 0.6999999999999923000 ) ;
#2314 = VECTOR ( 'NONE', #557, 1000.000000000000000 ) ;
#2315 = LINE ( 'NONE', #565, #2310 ) ;
#2316 = LINE ( 'NONE', #558, #2317 ) ;
#2317 = VECTOR ( 'NONE', #559, 1000.000000000000000 ) ;
#2318 = LINE ( 'NONE', #561, #2319 ) ;
#2319 = VECTOR ( 'NONE', #562, 1000.000000000000000 ) ;
#2320 = VECTOR ( 'NONE', #564, 1000.000000000000000 ) ;
#2321 = LINE ( 'NONE', #560, #2324 ) ;
#2322 = LINE ( 'NONE', #568, #2328 ) ;
#2323 = LINE ( 'NONE', #563, #2326 ) ;
#2324 = VECTOR ( 'NONE', #567, 1000.000000000000000 ) ;
#2325 = FACE_OUTER_BOUND ( 'NONE', #1350, .T. ) ;
#2326 = VECTOR ( 'NONE', #570, 1000.000000000000000 ) ;
#2327 = FACE_OUTER_BOUND ( 'NONE', #1355, .T. ) ;
#2328 = VECTOR ( 'NONE', #573, 1000.000000000000000 ) ;
#2329 = FACE_OUTER_BOUND ( 'NONE', #1347, .T. ) ;
#2330 = CONICAL_SURFACE ( 'NONE', #2632, 0.6999999999999923000, 0.7853981633974477200 ) ;
#2331 = FACE_OUTER_BOUND ( 'NONE', #1291, .T. ) ;
#2332 = FACE_OUTER_BOUND ( 'NONE', #1326, .T. ) ;
#2333 = FACE_OUTER_BOUND ( 'NONE', #1351, .T. ) ;
#2334 = CYLINDRICAL_SURFACE ( 'NONE', #2629, 1.200000000000000000 ) ;
#2335 = FACE_BOUND ( 'NONE', #1352, .T. ) ;
#2336 = FACE_BOUND ( 'NONE', #1349, .T. ) ;
#2337 = FACE_BOUND ( 'NONE', #1354, .T. ) ;
#2338 = FACE_BOUND ( 'NONE', #1343, .T. ) ;
#2339 = FACE_OUTER_BOUND ( 'NONE', #1330, .T. ) ;
#2340 = FACE_BOUND ( 'NONE', #1345, .T. ) ;
#2341 = FACE_BOUND ( 'NONE', #1342, .T. ) ;
#2342 = FACE_BOUND ( 'NONE', #1344, .T. ) ;
#2343 = FACE_OUTER_BOUND ( 'NONE', #1348, .T. ) ;
#2344 = FACE_BOUND ( 'NONE', #1329, .T. ) ;
#2345 = FACE_BOUND ( 'NONE', #1336, .T. ) ;
#2346 = FACE_OUTER_BOUND ( 'NONE', #1328, .T. ) ;
#2347 = FACE_OUTER_BOUND ( 'NONE', #1327, .T. ) ;
#2348 = FACE_OUTER_BOUND ( 'NONE', #1331, .T. ) ;
#2349 = FACE_OUTER_BOUND ( 'NONE', #1339, .T. ) ;
#2350 = FACE_OUTER_BOUND ( 'NONE', #1325, .T. ) ;
#2351 = FACE_OUTER_BOUND ( 'NONE', #1320, .T. ) ;
#2352 = FACE_OUTER_BOUND ( 'NONE', #1323, .T. ) ;
#2353 = FACE_OUTER_BOUND ( 'NONE', #1324, .T. ) ;
#2354 = FACE_OUTER_BOUND ( 'NONE', #1321, .T. ) ;
#2355 = FACE_OUTER_BOUND ( 'NONE', #1319, .T. ) ;
#2356 = FACE_OUTER_BOUND ( 'NONE', #1315, .T. ) ;
#2357 = FACE_OUTER_BOUND ( 'NONE', #1318, .T. ) ;
#2358 = FACE_OUTER_BOUND ( 'NONE', #1313, .T. ) ;
#2359 = FACE_OUTER_BOUND ( 'NONE', #1312, .T. ) ;
#2360 = FACE_OUTER_BOUND ( 'NONE', #1322, .T. ) ;
#2361 = FACE_OUTER_BOUND ( 'NONE', #1310, .T. ) ;
#2362 = FACE_OUTER_BOUND ( 'NONE', #1309, .T. ) ;
#2363 = FACE_OUTER_BOUND ( 'NONE', #1316, .T. ) ;
#2364 = FACE_OUTER_BOUND ( 'NONE', #1353, .T. ) ;
#2365 = FACE_OUTER_BOUND ( 'NONE', #1341, .T. ) ;
#2366 = FACE_OUTER_BOUND ( 'NONE', #1340, .T. ) ;
#2367 = FACE_OUTER_BOUND ( 'NONE', #1346, .T. ) ;
#2368 = FACE_BOUND ( 'NONE', #1338, .T. ) ;
#2369 = FACE_OUTER_BOUND ( 'NONE', #1332, .T. ) ;
#2370 = FACE_BOUND ( 'NONE', #1333, .T. ) ;
#2371 = FACE_OUTER_BOUND ( 'NONE', #1337, .T. ) ;
#2372 = FACE_OUTER_BOUND ( 'NONE', #1334, .T. ) ;
#2373 = FACE_OUTER_BOUND ( 'NONE', #1308, .T. ) ;
#2374 = FACE_OUTER_BOUND ( 'NONE', #1317, .T. ) ;
#2375 = FACE_OUTER_BOUND ( 'NONE', #1335, .T. ) ;
#2376 = FACE_OUTER_BOUND ( 'NONE', #1314, .T. ) ;
#2377 = FACE_OUTER_BOUND ( 'NONE', #1306, .T. ) ;
#2378 = FACE_OUTER_BOUND ( 'NONE', #1305, .T. ) ;
#2379 = FACE_OUTER_BOUND ( 'NONE', #1304, .T. ) ;
#2380 = FACE_OUTER_BOUND ( 'NONE', #1301, .T. ) ;
#2381 = FACE_OUTER_BOUND ( 'NONE', #1302, .T. ) ;
#2382 = FACE_OUTER_BOUND ( 'NONE', #1303, .T. ) ;
#2383 = FACE_OUTER_BOUND ( 'NONE', #1300, .T. ) ;
#2384 = FACE_OUTER_BOUND ( 'NONE', #1307, .T. ) ;
#2385 = FACE_OUTER_BOUND ( 'NONE', #1297, .T. ) ;
#2386 = FACE_OUTER_BOUND ( 'NONE', #1296, .T. ) ;
#2387 = FACE_OUTER_BOUND ( 'NONE', #1298, .T. ) ;
#2388 = FACE_OUTER_BOUND ( 'NONE', #1292, .T. ) ;
#2389 = FACE_OUTER_BOUND ( 'NONE', #1294, .T. ) ;
#2390 = FACE_OUTER_BOUND ( 'NONE', #1311, .T. ) ;
#2391 = FACE_OUTER_BOUND ( 'NONE', #1295, .T. ) ;
#2392 = FACE_OUTER_BOUND ( 'NONE', #1285, .T. ) ;
#2393 = FACE_OUTER_BOUND ( 'NONE', #1280, .T. ) ;
#2394 = FACE_OUTER_BOUND ( 'NONE', #1281, .T. ) ;
#2395 = FACE_OUTER_BOUND ( 'NONE', #1286, .T. ) ;
#2396 = FACE_OUTER_BOUND ( 'NONE', #1287, .T. ) ;
#2397 = FACE_OUTER_BOUND ( 'NONE', #1299, .T. ) ;
#2398 = FACE_OUTER_BOUND ( 'NONE', #1290, .T. ) ;
#2399 = FACE_OUTER_BOUND ( 'NONE', #1284, .T. ) ;
#2400 = FACE_OUTER_BOUND ( 'NONE', #1282, .T. ) ;
#2401 = FACE_OUTER_BOUND ( 'NONE', #1293, .T. ) ;
#2402 = FACE_OUTER_BOUND ( 'NONE', #1289, .T. ) ;
#2403 = FACE_OUTER_BOUND ( 'NONE', #1288, .T. ) ;
#2404 = FACE_OUTER_BOUND ( 'NONE', #1283, .T. ) ;
#2405 = FACE_OUTER_BOUND ( 'NONE', #1395, .T. ) ;
#2406 = FACE_OUTER_BOUND ( 'NONE', #1396, .T. ) ;
#2407 = FACE_OUTER_BOUND ( 'NONE', #1394, .T. ) ;
#2408 = FACE_OUTER_BOUND ( 'NONE', #1277, .T. ) ;
#2409 = FACE_OUTER_BOUND ( 'NONE', #1393, .T. ) ;
#2410 = FACE_OUTER_BOUND ( 'NONE', #1279, .T. ) ;
#2411 = FACE_OUTER_BOUND ( 'NONE', #1392, .T. ) ;
#2412 = FACE_OUTER_BOUND ( 'NONE', #1397, .T. ) ;
#2413 = FACE_OUTER_BOUND ( 'NONE', #1278, .T. ) ;
#2414 = FACE_OUTER_BOUND ( 'NONE', #1391, .T. ) ;
#2415 = FACE_OUTER_BOUND ( 'NONE', #1388, .T. ) ;
#2416 = FACE_OUTER_BOUND ( 'NONE', #1385, .T. ) ;
#2417 = FACE_OUTER_BOUND ( 'NONE', #1390, .T. ) ;
#2418 = FACE_OUTER_BOUND ( 'NONE', #1386, .T. ) ;
#2419 = FACE_OUTER_BOUND ( 'NONE', #1387, .T. ) ;
#2420 = FACE_OUTER_BOUND ( 'NONE', #1383, .T. ) ;
#2421 = FACE_OUTER_BOUND ( 'NONE', #1380, .T. ) ;
#2422 = FACE_OUTER_BOUND ( 'NONE', #1389, .T. ) ;
#2423 = FACE_OUTER_BOUND ( 'NONE', #1381, .T. ) ;
#2424 = FACE_OUTER_BOUND ( 'NONE', #1382, .T. ) ;
#2425 = FACE_OUTER_BOUND ( 'NONE', #1378, .T. ) ;
#2426 = FACE_OUTER_BOUND ( 'NONE', #1375, .T. ) ;
#2427 = FACE_OUTER_BOUND ( 'NONE', #1384, .T. ) ;
#2428 = FACE_OUTER_BOUND ( 'NONE', #1374, .T. ) ;
#2429 = FACE_OUTER_BOUND ( 'NONE', #1376, .T. ) ;
#2430 = FACE_OUTER_BOUND ( 'NONE', #1371, .T. ) ;
#2431 = FACE_OUTER_BOUND ( 'NONE', #1370, .T. ) ;
#2432 = FACE_OUTER_BOUND ( 'NONE', #1379, .T. ) ;
#2433 = FACE_OUTER_BOUND ( 'NONE', #1369, .T. ) ;
#2434 = FACE_OUTER_BOUND ( 'NONE', #1373, .T. ) ;
#2435 = FACE_OUTER_BOUND ( 'NONE', #1367, .T. ) ;
#2436 = FACE_OUTER_BOUND ( 'NONE', #1366, .T. ) ;
#2437 = FACE_OUTER_BOUND ( 'NONE', #1372, .T. ) ;
#2438 = FACE_OUTER_BOUND ( 'NONE', #1377, .T. ) ;
#2439 = FACE_BOUND ( 'NONE', #1368, .T. ) ;
#2440 = FACE_OUTER_BOUND ( 'NONE', #1357, .T. ) ;
#2441 = FACE_OUTER_BOUND ( 'NONE', #1363, .T. ) ;
#2442 = FACE_OUTER_BOUND ( 'NONE', #1364, .T. ) ;
#2443 = FACE_OUTER_BOUND ( 'NONE', #1362, .T. ) ;
#2444 = FACE_OUTER_BOUND ( 'NONE', #1361, .T. ) ;
#2445 = FACE_OUTER_BOUND ( 'NONE', #1359, .T. ) ;
#2446 = CYLINDRICAL_SURFACE ( 'NONE', #2730, 2.000000000000000000 ) ;
#2447 = FACE_OUTER_BOUND ( 'NONE', #1356, .T. ) ;
#2448 = CYLINDRICAL_SURFACE ( 'NONE', #2731, 2.000000000000000000 ) ;
#2449 = FACE_OUTER_BOUND ( 'NONE', #1360, .T. ) ;
#2450 = CYLINDRICAL_SURFACE ( 'NONE', #2732, 1.599999999999999900 ) ;
#2451 = FACE_OUTER_BOUND ( 'NONE', #1358, .T. ) ;
#2452 = FACE_OUTER_BOUND ( 'NONE', #1365, .T. ) ;
#2453 = CYLINDRICAL_SURFACE ( 'NONE', #2734, 1.600000000000000800 ) ;
#2454 = LINE ( 'NONE', #1000, #2461 ) ;
#2455 = LINE ( 'NONE', #1001, #2458 ) ;
#2456 = CYLINDRICAL_SURFACE ( 'NONE', #2736, 1.200000000000000000 ) ;
#2457 = LINE ( 'NONE', #999, #2463 ) ;
#2458 = VECTOR ( 'NONE', #1002, 1000.000000000000000 ) ;
#2459 = CONICAL_SURFACE ( 'NONE', #2739, 0.6999999999999923000, 0.7853981633974477200 ) ;
#2460 = LINE ( 'NONE', #1004, #2464 ) ;
#2461 = VECTOR ( 'NONE', #1003, 1000.000000000000000 ) ;
#2462 = LINE ( 'NONE', #1006, #2466 ) ;
#2463 = VECTOR ( 'NONE', #1005, 1000.000000000000000 ) ;
#2464 = VECTOR ( 'NONE', #1007, 1000.000000000000000 ) ;
#2465 = VECTOR ( 'NONE', #1017, 1000.000000000000000 ) ;
#2466 = VECTOR ( 'NONE', #1008, 1000.000000000000000 ) ;
#2467 = LINE ( 'NONE', #1016, #2465 ) ;
#2468 = LINE ( 'NONE', #1010, #2469 ) ;
#2469 = VECTOR ( 'NONE', #1011, 1000.000000000000000 ) ;
#2470 = LINE ( 'NONE', #1027, #2477 ) ;
#2471 = LINE ( 'NONE', #1023, #2472 ) ;
#2472 = VECTOR ( 'NONE', #1024, 1000.000000000000000 ) ;
#2473 = CIRCLE ( 'NONE', #2628, 1.200000000000000000 ) ;
#2474 = LINE ( 'NONE', #1018, #2475 ) ;
#2475 = VECTOR ( 'NONE', #1019, 1000.000000000000000 ) ;
#2476 = LINE ( 'NONE', #1031, #2761 ) ;
#2477 = VECTOR ( 'NONE', #1028, 1000.000000000000000 ) ;
#2478 = CIRCLE ( 'NONE', #2738, 1.600000000000000800 ) ;
#2479 = LINE ( 'NONE', #1035, #2763 ) ;
#2480 = LINE ( 'NONE', #1020, #2484 ) ;
#2481 = CIRCLE ( 'NONE', #2631, 0.6999999999999923000 ) ;
#2482 = LINE ( 'NONE', #1029, #2483 ) ;
#2483 = VECTOR ( 'NONE', #1030, 1000.000000000000100 ) ;
#2484 = VECTOR ( 'NONE', #1032, 1000.000000000000000 ) ;
#2485 = LINE ( 'NONE', #1037, #2765 ) ;
#2486 = EDGE_CURVE ( 'NONE', #63, #64, #2849, .T. ) ;
#2487 = EDGE_CURVE ( 'NONE', #104, #33, #2856, .T. ) ;
#2488 = EDGE_CURVE ( 'NONE', #58, #35, #2858, .T. ) ;
#2489 = EDGE_CURVE ( 'NONE', #33, #34, #2860, .T. ) ;
#2490 = EDGE_CURVE ( 'NONE', #37, #61, #2862, .T. ) ;
#2491 = EDGE_CURVE ( 'NONE', #40, #105, #2864, .T. ) ;
#2492 = EDGE_CURVE ( 'NONE', #37, #36, #2866, .T. ) ;
#2493 = EDGE_CURVE ( 'NONE', #36, #59, #2853, .T. ) ;
#2494 = EDGE_CURVE ( 'NONE', #82, #35, #2855, .T. ) ;
#2495 = EDGE_CURVE ( 'NONE', #41, #107, #2872, .T. ) ;
#2496 = EDGE_CURVE ( 'NONE', #38, #62, #2874, .T. ) ;
#2497 = EDGE_CURVE ( 'NONE', #39, #60, #2876, .T. ) ;
#2498 = EDGE_CURVE ( 'NONE', #38, #37, #2854, .T. ) ;
#2499 = EDGE_CURVE ( 'NONE', #84, #33, #2880, .T. ) ;
#2500 = EDGE_CURVE ( 'NONE', #39, #38, #2882, .T. ) ;
#2501 = EDGE_CURVE ( 'NONE', #41, #40, #2884, .T. ) ;
#2502 = EDGE_CURVE ( 'NONE', #36, #39, #2869, .T. ) ;
#2503 = EDGE_CURVE ( 'NONE', #44, #51, #2888, .T. ) ;
#2504 = EDGE_CURVE ( 'NONE', #42, #108, #2890, .T. ) ;
#2505 = EDGE_CURVE ( 'NONE', #46, #45, #2892, .T. ) ;
#2506 = EDGE_CURVE ( 'NONE', #47, #55, #2871, .T. ) ;
#2507 = EDGE_CURVE ( 'NONE', #19, #87, #2896, .T. ) ;
#2508 = EDGE_CURVE ( 'NONE', #46, #54, #2898, .T. ) ;
#2509 = EDGE_CURVE ( 'NONE', #85, #64, #2900, .T. ) ;
#2510 = EDGE_CURVE ( 'NONE', #45, #44, #2902, .T. ) ;
#2511 = EDGE_CURVE ( 'NONE', #20, #89, #2904, .T. ) ;
#2512 = EDGE_CURVE ( 'NONE', #83, #34, #2906, .T. ) ;
#2513 = EDGE_CURVE ( 'NONE', #43, #106, #2908, .T. ) ;
#2514 = EDGE_CURVE ( 'NONE', #45, #53, #2910, .T. ) ;
#2515 = EDGE_CURVE ( 'NONE', #40, #43, #2912, .T. ) ;
#2516 = EDGE_CURVE ( 'NONE', #86, #63, #2914, .T. ) ;
#2517 = EDGE_CURVE ( 'NONE', #43, #42, #2916, .T. ) ;
#2518 = EDGE_CURVE ( 'NONE', #42, #41, #2918, .T. ) ;
#2519 = EDGE_CURVE ( 'NONE', #17, #48, #2920, .T. ) ;
#2520 = EDGE_CURVE ( 'NONE', #47, #46, #2922, .T. ) ;
#2521 = EDGE_CURVE ( 'NONE', #48, #56, #2924, .T. ) ;
#2522 = EDGE_CURVE ( 'NONE', #1, #28, #2926, .T. ) ;
#2523 = EDGE_CURVE ( 'NONE', #184, #177, #2928, .T. ) ;
#2524 = EDGE_CURVE ( 'NONE', #114, #173, #2930, .T. ) ;
#2525 = EDGE_CURVE ( 'NONE', #188, #155, #2932, .T. ) ;
#2526 = EDGE_CURVE ( 'NONE', #137, #189, #2934, .T. ) ;
#2527 = EDGE_CURVE ( 'NONE', #188, #185, #2936, .T. ) ;
#2528 = EDGE_CURVE ( 'NONE', #139, #1, #2879, .T. ) ;
#2529 = EDGE_CURVE ( 'NONE', #185, #159, #2940, .T. ) ;
#2530 = EDGE_CURVE ( 'NONE', #185, #114, #2942, .T. ) ;
#2531 = EDGE_CURVE ( 'NONE', #110, #175, #2944, .T. ) ;
#2532 = EDGE_CURVE ( 'NONE', #192, #164, #2946, .T. ) ;
#2533 = EDGE_CURVE ( 'NONE', #190, #166, #2948, .T. ) ;
#2534 = EDGE_CURVE ( 'NONE', #114, #184, #2950, .T. ) ;
#2535 = EDGE_CURVE ( 'NONE', #190, #191, #2952, .T. ) ;
#2536 = EDGE_CURVE ( 'NONE', #191, #157, #2887, .T. ) ;
#2537 = EDGE_CURVE ( 'NONE', #191, #192, #2956, .T. ) ;
#2538 = EDGE_CURVE ( 'NONE', #192, #110, #2958, .T. ) ;
#2539 = EDGE_CURVE ( 'NONE', #193, #16, #2960, .T. ) ;
#2540 = EDGE_CURVE ( 'NONE', #110, #190, #2895, .T. ) ;
#2541 = EDGE_CURVE ( 'NONE', #184, #188, #2964, .T. ) ;
#2542 = EDGE_CURVE ( 'NONE', #15, #183, #2966, .T. ) ;
#2543 = EDGE_CURVE ( 'NONE', #193, #169, #2968, .T. ) ;
#2544 = EDGE_CURVE ( 'NONE', #16, #15, #2970, .T. ) ;
#2545 = EDGE_CURVE ( 'NONE', #183, #156, #2972, .T. ) ;
#2546 = EDGE_CURVE ( 'NONE', #16, #168, #2974, .T. ) ;
#2547 = EDGE_CURVE ( 'NONE', #14, #12, #2976, .T. ) ;
#2548 = EDGE_CURVE ( 'NONE', #183, #193, #2939, .T. ) ;
#2549 = EDGE_CURVE ( 'NONE', #15, #171, #2980, .T. ) ;
#2550 = EDGE_CURVE ( 'NONE', #11, #13, #2982, .T. ) ;
#2551 = EDGE_CURVE ( 'NONE', #14, #149, #2984, .T. ) ;
#2552 = EDGE_CURVE ( 'NONE', #12, #11, #2986, .T. ) ;
#2553 = EDGE_CURVE ( 'NONE', #13, #150, #2988, .T. ) ;
#2554 = EDGE_CURVE ( 'NONE', #12, #147, #2990, .T. ) ;
#2555 = EDGE_CURVE ( 'NONE', #10, #8, #2992, .T. ) ;
#2556 = EDGE_CURVE ( 'NONE', #13, #14, #2955, .T. ) ;
#2557 = EDGE_CURVE ( 'NONE', #11, #148, #2996, .T. ) ;
#2558 = EDGE_CURVE ( 'NONE', #7, #9, #2998, .T. ) ;
#2559 = EDGE_CURVE ( 'NONE', #10, #158, #3000, .T. ) ;
#2560 = EDGE_CURVE ( 'NONE', #120, #3, #3002, .T. ) ;
#2561 = EDGE_CURVE ( 'NONE', #9, #10, #3004, .T. ) ;
#2562 = EDGE_CURVE ( 'NONE', #8, #7, #3006, .T. ) ;
#2563 = EDGE_CURVE ( 'NONE', #7, #174, #3008, .T. ) ;
#2564 = EDGE_CURVE ( 'NONE', #8, #163, #3010, .T. ) ;
#2565 = EDGE_CURVE ( 'NONE', #4, #3, #3012, .T. ) ;
#2566 = EDGE_CURVE ( 'NONE', #122, #69, #3014, .T. ) ;
#2567 = EDGE_CURVE ( 'NONE', #123, #70, #3016, .T. ) ;
#2568 = EDGE_CURVE ( 'NONE', #9, #182, #3018, .T. ) ;
#2569 = EDGE_CURVE ( 'NONE', #161, #3, #3020, .T. ) ;
#2570 = EDGE_CURVE ( 'NONE', #162, #29, #2963, .T. ) ;
#2571 = EDGE_CURVE ( 'NONE', #4, #30, #3024, .T. ) ;
#2572 = EDGE_CURVE ( 'NONE', #128, #80, #3026, .T. ) ;
#2573 = EDGE_CURVE ( 'NONE', #170, #49, #3028, .T. ) ;
#2574 = EDGE_CURVE ( 'NONE', #2, #5, #3030, .T. ) ;
#2575 = EDGE_CURVE ( 'NONE', #167, #176, #2979, .T. ) ;
#2576 = EDGE_CURVE ( 'NONE', #5, #6, #3034, .T. ) ;
#2577 = EDGE_CURVE ( 'NONE', #121, #4, #3036, .T. ) ;
#2578 = EDGE_CURVE ( 'NONE', #6, #32, #3038, .T. ) ;
#2579 = EDGE_CURVE ( 'NONE', #5, #75, #3040, .T. ) ;
#2580 = EDGE_CURVE ( 'NONE', #127, #79, #3042, .T. ) ;
#2581 = EDGE_CURVE ( 'NONE', #6, #74, #3044, .T. ) ;
#2582 = EDGE_CURVE ( 'NONE', #32, #2, #3046, .T. ) ;
#2583 = EDGE_CURVE ( 'NONE', #152, #77, #3048, .T. ) ;
#2584 = EDGE_CURVE ( 'NONE', #2, #76, #3050, .T. ) ;
#2585 = EDGE_CURVE ( 'NONE', #32, #73, #3052, .T. ) ;
#2586 = EDGE_CURVE ( 'NONE', #154, #72, #3054, .T. ) ;
#2587 = EDGE_CURVE ( 'NONE', #121, #68, #3056, .T. ) ;
#2588 = EDGE_CURVE ( 'NONE', #31, #27, #3058, .T. ) ;
#2589 = EDGE_CURVE ( 'NONE', #119, #71, #2995, .T. ) ;
#2590 = EDGE_CURVE ( 'NONE', #31, #66, #3061, .T. ) ;
#2591 = EDGE_CURVE ( 'NONE', #126, #78, #3023, .T. ) ;
#2592 = EDGE_CURVE ( 'NONE', #28, #26, #3064, .T. ) ;
#2593 = EDGE_CURVE ( 'NONE', #29, #50, #3066, .T. ) ;
#2594 = EDGE_CURVE ( 'NONE', #116, #31, #3068, .T. ) ;
#2595 = EDGE_CURVE ( 'NONE', #28, #96, #3070, .T. ) ;
#2596 = EDGE_CURVE ( 'NONE', #30, #67, #3072, .T. ) ;
#2597 = EDGE_CURVE ( 'NONE', #26, #118, #3074, .T. ) ;
#2598 = EDGE_CURVE ( 'NONE', #27, #117, #3076, .T. ) ;
#2599 = EDGE_CURVE ( 'NONE', #19, #25, #3078, .T. ) ;
#2600 = EDGE_CURVE ( 'NONE', #25, #88, #3033, .T. ) ;
#2601 = EDGE_CURVE ( 'NONE', #25, #24, #3081, .T. ) ;
#2602 = EDGE_CURVE ( 'NONE', #24, #93, #3083, .T. ) ;
#2603 = EDGE_CURVE ( 'NONE', #24, #23, #3085, .T. ) ;
#2604 = EDGE_CURVE ( 'NONE', #23, #92, #3087, .T. ) ;
#2605 = EDGE_CURVE ( 'NONE', #23, #22, #3089, .T. ) ;
#2606 = EDGE_CURVE ( 'NONE', #22, #91, #3091, .T. ) ;
#2607 = EDGE_CURVE ( 'NONE', #22, #21, #3093, .T. ) ;
#2608 = EDGE_CURVE ( 'NONE', #21, #90, #3095, .T. ) ;
#2609 = EDGE_CURVE ( 'NONE', #21, #20, #3097, .T. ) ;
#2610 = EDGE_CURVE ( 'NONE', #20, #19, #3099, .T. ) ;
#2611 = EDGE_CURVE ( 'NONE', #30, #29, #3101, .T. ) ;
#2612 = EDGE_CURVE ( 'NONE', #27, #26, #3103, .T. ) ;
#2613 = EDGE_CURVE ( 'NONE', #44, #18, #3105, .T. ) ;
#2614 = EDGE_CURVE ( 'NONE', #18, #52, #3107, .T. ) ;
#2615 = EDGE_CURVE ( 'NONE', #18, #17, #3109, .T. ) ;
#2616 = EDGE_CURVE ( 'NONE', #48, #47, #3111, .T. ) ;
#2617 = EDGE_CURVE ( 'NONE', #17, #57, #3113, .T. ) ;
#2618 = AXIS2_PLACEMENT_3D ( 'NONE', #580, #582, #583 ) ;
#2619 = AXIS2_PLACEMENT_3D ( 'NONE', #534, #535, #536 ) ;
#2620 = AXIS2_PLACEMENT_3D ( 'NONE', #524, #525, #526 ) ;
#2621 = AXIS2_PLACEMENT_3D ( 'NONE', #529, #530, #531 ) ;
#2622 = AXIS2_PLACEMENT_3D ( 'NONE', #500, #501, #502 ) ;
#2623 = AXIS2_PLACEMENT_3D ( 'NONE', #503, #504, #505 ) ;
#2624 = AXIS2_PLACEMENT_3D ( 'NONE', #461, #462, #463 ) ;
#2625 = AXIS2_PLACEMENT_3D ( 'NONE', #537, #539, #540 ) ;
#2626 = AXIS2_PLACEMENT_3D ( 'NONE', #532, #550, #551 ) ;
#2627 = AXIS2_PLACEMENT_3D ( 'NONE', #538, #552, #553 ) ;
#2628 = AXIS2_PLACEMENT_3D ( 'NONE', #1012, #1014, #1015 ) ;
#2629 = AXIS2_PLACEMENT_3D ( 'NONE', #577, #576, #575 ) ;
#2630 = AXIS2_PLACEMENT_3D ( 'NONE', #1050, #1052, #1053 ) ;
#2631 = AXIS2_PLACEMENT_3D ( 'NONE', #1013, #1025, #1026 ) ;
#2632 = AXIS2_PLACEMENT_3D ( 'NONE', #574, #572, #569 ) ;
#2633 = AXIS2_PLACEMENT_3D ( 'NONE', #584, #586, #587 ) ;
#2634 = AXIS2_PLACEMENT_3D ( 'NONE', #579, #590, #591 ) ;
#2635 = AXIS2_PLACEMENT_3D ( 'NONE', #589, #594, #595 ) ;
#2636 = AXIS2_PLACEMENT_3D ( 'NONE', #593, #598, #599 ) ;
#2637 = AXIS2_PLACEMENT_3D ( 'NONE', #596, #602, #603 ) ;
#2638 = AXIS2_PLACEMENT_3D ( 'NONE', #601, #606, #607 ) ;
#2639 = AXIS2_PLACEMENT_3D ( 'NONE', #597, #610, #611 ) ;
#2640 = AXIS2_PLACEMENT_3D ( 'NONE', #604, #614, #615 ) ;
#2641 = AXIS2_PLACEMENT_3D ( 'NONE', #608, #618, #619 ) ;
#2642 = AXIS2_PLACEMENT_3D ( 'NONE', #612, #622, #623 ) ;
#2643 = AXIS2_PLACEMENT_3D ( 'NONE', #616, #626, #627 ) ;
#2644 = AXIS2_PLACEMENT_3D ( 'NONE', #620, #630, #631 ) ;
#2645 = AXIS2_PLACEMENT_3D ( 'NONE', #624, #634, #635 ) ;
#2646 = AXIS2_PLACEMENT_3D ( 'NONE', #628, #638, #639 ) ;
#2647 = AXIS2_PLACEMENT_3D ( 'NONE', #632, #642, #643 ) ;
#2648 = AXIS2_PLACEMENT_3D ( 'NONE', #636, #646, #647 ) ;
#2649 = AXIS2_PLACEMENT_3D ( 'NONE', #640, #650, #651 ) ;
#2650 = AXIS2_PLACEMENT_3D ( 'NONE', #644, #654, #655 ) ;
#2651 = AXIS2_PLACEMENT_3D ( 'NONE', #648, #658, #659 ) ;
#2652 = AXIS2_PLACEMENT_3D ( 'NONE', #652, #662, #663 ) ;
#2653 = AXIS2_PLACEMENT_3D ( 'NONE', #656, #666, #667 ) ;
#2654 = AXIS2_PLACEMENT_3D ( 'NONE', #660, #670, #671 ) ;
#2655 = AXIS2_PLACEMENT_3D ( 'NONE', #664, #674, #675 ) ;
#2656 = AXIS2_PLACEMENT_3D ( 'NONE', #668, #678, #679 ) ;
#2657 = AXIS2_PLACEMENT_3D ( 'NONE', #672, #682, #683 ) ;
#2658 = AXIS2_PLACEMENT_3D ( 'NONE', #676, #686, #687 ) ;
#2659 = AXIS2_PLACEMENT_3D ( 'NONE', #680, #690, #691 ) ;
#2660 = AXIS2_PLACEMENT_3D ( 'NONE', #689, #694, #695 ) ;
#2661 = AXIS2_PLACEMENT_3D ( 'NONE', #692, #698, #699 ) ;
#2662 = AXIS2_PLACEMENT_3D ( 'NONE', #697, #702, #703 ) ;
#2663 = AXIS2_PLACEMENT_3D ( 'NONE', #693, #706, #707 ) ;
#2664 = AXIS2_PLACEMENT_3D ( 'NONE', #700, #710, #711 ) ;
#2665 = AXIS2_PLACEMENT_3D ( 'NONE', #704, #714, #715 ) ;
#2666 = AXIS2_PLACEMENT_3D ( 'NONE', #708, #718, #719 ) ;
#2667 = AXIS2_PLACEMENT_3D ( 'NONE', #712, #722, #723 ) ;
#2668 = AXIS2_PLACEMENT_3D ( 'NONE', #716, #726, #727 ) ;
#2669 = AXIS2_PLACEMENT_3D ( 'NONE', #720, #730, #731 ) ;
#2670 = AXIS2_PLACEMENT_3D ( 'NONE', #724, #734, #735 ) ;
#2671 = AXIS2_PLACEMENT_3D ( 'NONE', #728, #738, #739 ) ;
#2672 = AXIS2_PLACEMENT_3D ( 'NONE', #732, #742, #743 ) ;
#2673 = AXIS2_PLACEMENT_3D ( 'NONE', #736, #746, #747 ) ;
#2674 = AXIS2_PLACEMENT_3D ( 'NONE', #740, #750, #751 ) ;
#2675 = AXIS2_PLACEMENT_3D ( 'NONE', #744, #754, #755 ) ;
#2676 = AXIS2_PLACEMENT_3D ( 'NONE', #748, #758, #759 ) ;
#2677 = AXIS2_PLACEMENT_3D ( 'NONE', #752, #762, #763 ) ;
#2678 = AXIS2_PLACEMENT_3D ( 'NONE', #756, #766, #767 ) ;
#2679 = AXIS2_PLACEMENT_3D ( 'NONE', #760, #770, #771 ) ;
#2680 = AXIS2_PLACEMENT_3D ( 'NONE', #764, #774, #775 ) ;
#2681 = AXIS2_PLACEMENT_3D ( 'NONE', #768, #778, #779 ) ;
#2682 = AXIS2_PLACEMENT_3D ( 'NONE', #772, #782, #783 ) ;
#2683 = AXIS2_PLACEMENT_3D ( 'NONE', #776, #786, #787 ) ;
#2684 = AXIS2_PLACEMENT_3D ( 'NONE', #780, #790, #791 ) ;
#2685 = AXIS2_PLACEMENT_3D ( 'NONE', #784, #794, #795 ) ;
#2686 = AXIS2_PLACEMENT_3D ( 'NONE', #788, #798, #799 ) ;
#2687 = AXIS2_PLACEMENT_3D ( 'NONE', #792, #802, #803 ) ;
#2688 = AXIS2_PLACEMENT_3D ( 'NONE', #796, #806, #807 ) ;
#2689 = AXIS2_PLACEMENT_3D ( 'NONE', #800, #810, #811 ) ;
#2690 = AXIS2_PLACEMENT_3D ( 'NONE', #804, #814, #815 ) ;
#2691 = AXIS2_PLACEMENT_3D ( 'NONE', #808, #818, #819 ) ;
#2692 = AXIS2_PLACEMENT_3D ( 'NONE', #812, #822, #823 ) ;
#2693 = AXIS2_PLACEMENT_3D ( 'NONE', #816, #826, #827 ) ;
#2694 = AXIS2_PLACEMENT_3D ( 'NONE', #820, #830, #831 ) ;
#2695 = AXIS2_PLACEMENT_3D ( 'NONE', #824, #834, #835 ) ;
#2696 = AXIS2_PLACEMENT_3D ( 'NONE', #828, #838, #839 ) ;
#2697 = AXIS2_PLACEMENT_3D ( 'NONE', #832, #842, #843 ) ;
#2698 = AXIS2_PLACEMENT_3D ( 'NONE', #836, #846, #847 ) ;
#2699 = AXIS2_PLACEMENT_3D ( 'NONE', #840, #850, #851 ) ;
#2700 = AXIS2_PLACEMENT_3D ( 'NONE', #844, #854, #855 ) ;
#2701 = AXIS2_PLACEMENT_3D ( 'NONE', #848, #858, #859 ) ;
#2702 = AXIS2_PLACEMENT_3D ( 'NONE', #852, #862, #863 ) ;
#2703 = AXIS2_PLACEMENT_3D ( 'NONE', #856, #866, #867 ) ;
#2704 = AXIS2_PLACEMENT_3D ( 'NONE', #860, #870, #871 ) ;
#2705 = AXIS2_PLACEMENT_3D ( 'NONE', #864, #874, #875 ) ;
#2706 = AXIS2_PLACEMENT_3D ( 'NONE', #868, #878, #879 ) ;
#2707 = AXIS2_PLACEMENT_3D ( 'NONE', #872, #882, #883 ) ;
#2708 = AXIS2_PLACEMENT_3D ( 'NONE', #876, #886, #887 ) ;
#2709 = AXIS2_PLACEMENT_3D ( 'NONE', #880, #890, #891 ) ;
#2710 = AXIS2_PLACEMENT_3D ( 'NONE', #884, #894, #895 ) ;
#2711 = AXIS2_PLACEMENT_3D ( 'NONE', #888, #898, #899 ) ;
#2712 = AXIS2_PLACEMENT_3D ( 'NONE', #892, #902, #903 ) ;
#2713 = AXIS2_PLACEMENT_3D ( 'NONE', #896, #906, #907 ) ;
#2714 = AXIS2_PLACEMENT_3D ( 'NONE', #900, #910, #911 ) ;
#2715 = AXIS2_PLACEMENT_3D ( 'NONE', #904, #914, #915 ) ;
#2716 = AXIS2_PLACEMENT_3D ( 'NONE', #908, #918, #919 ) ;
#2717 = AXIS2_PLACEMENT_3D ( 'NONE', #912, #922, #923 ) ;
#2718 = AXIS2_PLACEMENT_3D ( 'NONE', #916, #926, #927 ) ;
#2719 = AXIS2_PLACEMENT_3D ( 'NONE', #920, #930, #931 ) ;
#2720 = AXIS2_PLACEMENT_3D ( 'NONE', #924, #934, #935 ) ;
#2721 = AXIS2_PLACEMENT_3D ( 'NONE', #928, #938, #939 ) ;
#2722 = AXIS2_PLACEMENT_3D ( 'NONE', #932, #942, #943 ) ;
#2723 = AXIS2_PLACEMENT_3D ( 'NONE', #936, #946, #947 ) ;
#2724 = AXIS2_PLACEMENT_3D ( 'NONE', #940, #950, #951 ) ;
#2725 = AXIS2_PLACEMENT_3D ( 'NONE', #944, #954, #955 ) ;
#2726 = AXIS2_PLACEMENT_3D ( 'NONE', #948, #958, #959 ) ;
#2727 = AXIS2_PLACEMENT_3D ( 'NONE', #952, #962, #963 ) ;
#2728 = AXIS2_PLACEMENT_3D ( 'NONE', #956, #966, #967 ) ;
#2729 = AXIS2_PLACEMENT_3D ( 'NONE', #965, #970, #971 ) ;
#2730 = AXIS2_PLACEMENT_3D ( 'NONE', #960, #968, #969 ) ;
#2731 = AXIS2_PLACEMENT_3D ( 'NONE', #975, #974, #972 ) ;
#2732 = AXIS2_PLACEMENT_3D ( 'NONE', #978, #977, #973 ) ;
#2733 = AXIS2_PLACEMENT_3D ( 'NONE', #976, #983, #984 ) ;
#2734 = AXIS2_PLACEMENT_3D ( 'NONE', #979, #982, #981 ) ;
#2735 = AXIS2_PLACEMENT_3D ( 'NONE', #985, #990, #991 ) ;
#2736 = AXIS2_PLACEMENT_3D ( 'NONE', #986, #989, #988 ) ;
#2737 = AXIS2_PLACEMENT_3D ( 'NONE', #992, #997, #998 ) ;
#2738 = AXIS2_PLACEMENT_3D ( 'NONE', #1009, #1021, #1022 ) ;
#2739 = AXIS2_PLACEMENT_3D ( 'NONE', #993, #996, #995 ) ;
#2740 = AXIS2_PLACEMENT_3D ( 'NONE', #3366, #3361, #3367 ) ;
#2741 = CC_DESIGN_PERSON_AND_ORGANIZATION_ASSIGNMENT ( #3122, #3371, ( #1619 ) ) ;
#2742 = PRODUCT_DEFINITION ( 'UNKNOWN', '', #2747, #1276 ) ;
#2743 = APPROVAL ( #3374, 'UNSPECIFIED' ) ;
#2744 = CC_DESIGN_APPROVAL ( #2743, ( #2742 ) ) ;
#2745 = CC_DESIGN_PERSON_AND_ORGANIZATION_ASSIGNMENT ( #3130, #3376, ( #2742 ) ) ;
#2746 = CC_DESIGN_DATE_AND_TIME_ASSIGNMENT ( #3134, #3377, ( #2742 ) ) ;
#2747 = PRODUCT_DEFINITION_FORMATION_WITH_SPECIFIED_SOURCE ( 'ANY', '', #1619, .NOT_KNOWN. ) ;
#2748 = APPROVAL ( #3378, 'UNSPECIFIED' ) ;
#2749 = CC_DESIGN_APPROVAL ( #2748, ( #2747 ) ) ;
#2750 = CC_DESIGN_PERSON_AND_ORGANIZATION_ASSIGNMENT ( #3142, #3380, ( #2747 ) ) ;
#2751 = CC_DESIGN_PERSON_AND_ORGANIZATION_ASSIGNMENT ( #3143, #3381, ( #2747 ) ) ;
#2752 = SECURITY_CLASSIFICATION ( '', '', #3382 ) ;
#2753 = CC_DESIGN_PERSON_AND_ORGANIZATION_ASSIGNMENT ( #3144, #3383, ( #2752 ) ) ;
#2754 = CC_DESIGN_DATE_AND_TIME_ASSIGNMENT ( #3148, #3384, ( #2752 ) ) ;
#2755 = APPROVAL ( #3385, 'UNSPECIFIED' ) ;
#2756 = CC_DESIGN_APPROVAL ( #2755, ( #2752 ) ) ;
#2757 = CC_DESIGN_SECURITY_CLASSIFICATION ( #2752, ( #2747 ) ) ;
#2758 = PRODUCT_RELATED_PRODUCT_CATEGORY ( 'detail', '', ( #1619 ) ) ;
#2759 = LINE ( 'NONE', #1033, #2760 ) ;
#2760 = VECTOR ( 'NONE', #1034, 1000.000000000000000 ) ;
#2761 = VECTOR ( 'NONE', #1036, 1000.000000000000000 ) ;
#2762 = LINE ( 'NONE', #1039, #2767 ) ;
#2763 = VECTOR ( 'NONE', #1038, 1000.000000000000000 ) ;
#2764 = LINE ( 'NONE', #1041, #2769 ) ;
#2765 = VECTOR ( 'NONE', #1040, 1000.000000000000100 ) ;
#2766 = LINE ( 'NONE', #1043, #2773 ) ;
#2767 = VECTOR ( 'NONE', #1042, 1000.000000000000000 ) ;
#2768 = LINE ( 'NONE', #1047, #2775 ) ;
#2769 = VECTOR ( 'NONE', #1044, 1000.000000000000100 ) ;
#2770 = VECTOR ( 'NONE', #1055, 1000.000000000000000 ) ;
#2771 = LINE ( 'NONE', #1045, #2772 ) ;
#2772 = VECTOR ( 'NONE', #1046, 1000.000000000000000 ) ;
#2773 = VECTOR ( 'NONE', #1049, 1000.000000000000000 ) ;
#2774 = LINE ( 'NONE', #1054, #2770 ) ;
#2775 = VECTOR ( 'NONE', #1051, 1000.000000000000000 ) ;
#2776 = LINE ( 'NONE', #1056, #2786 ) ;
#2777 = LINE ( 'NONE', #1062, #2788 ) ;
#2778 = LINE ( 'NONE', #1048, #2780 ) ;
#2779 = CIRCLE ( 'NONE', #2630, 1.999999999999998200 ) ;
#2780 = VECTOR ( 'NONE', #1057, 1000.000000000000000 ) ;
#2781 = LINE ( 'NONE', #1064, #2790 ) ;
#2782 = LINE ( 'NONE', #1058, #2783 ) ;
#2783 = VECTOR ( 'NONE', #1059, 1000.000000000000000 ) ;
#2784 = LINE ( 'NONE', #1060, #2785 ) ;
#2785 = VECTOR ( 'NONE', #1061, 1000.000000000000100 ) ;
#2786 = VECTOR ( 'NONE', #1063, 1000.000000000000000 ) ;
#2787 = LINE ( 'NONE', #1066, #2792 ) ;
#2788 = VECTOR ( 'NONE', #1065, 1000.000000000000000 ) ;
#2789 = LINE ( 'NONE', #1068, #2802 ) ;
#2790 = VECTOR ( 'NONE', #1067, 1000.000000000000000 ) ;
#2791 = LINE ( 'NONE', #1078, #2804 ) ;
#2792 = VECTOR ( 'NONE', #1069, 1000.000000000000000 ) ;
#2793 = LINE ( 'NONE', #1080, #2816 ) ;
#2794 = LINE ( 'NONE', #1070, #2795 ) ;
#2795 = VECTOR ( 'NONE', #1071, 1000.000000000000000 ) ;
#2796 = LINE ( 'NONE', #1072, #2797 ) ;
#2797 = VECTOR ( 'NONE', #1073, 1000.000000000000000 ) ;
#2798 = LINE ( 'NONE', #1074, #2799 ) ;
#2799 = VECTOR ( 'NONE', #1075, 1000.000000000000000 ) ;
#2800 = LINE ( 'NONE', #1076, #2801 ) ;
#2801 = VECTOR ( 'NONE', #1077, 1000.000000000000000 ) ;
#2802 = VECTOR ( 'NONE', #1079, 1000.000000000000000 ) ;
#2803 = LINE ( 'NONE', #1092, #2818 ) ;
#2804 = VECTOR ( 'NONE', #1081, 999.9999999999998900 ) ;
#2805 = LINE ( 'NONE', #1094, #2820 ) ;
#2806 = LINE ( 'NONE', #1082, #2807 ) ;
#2807 = VECTOR ( 'NONE', #1083, 1000.000000000000000 ) ;
#2808 = LINE ( 'NONE', #1084, #2809 ) ;
#2809 = VECTOR ( 'NONE', #1085, 1000.000000000000000 ) ;
#2810 = LINE ( 'NONE', #1086, #2811 ) ;
#2811 = VECTOR ( 'NONE', #1087, 1000.000000000000000 ) ;
#2812 = LINE ( 'NONE', #1088, #2813 ) ;
#2813 = VECTOR ( 'NONE', #1089, 1000.000000000000000 ) ;
#2814 = LINE ( 'NONE', #1090, #2815 ) ;
#2815 = VECTOR ( 'NONE', #1091, 1000.000000000000000 ) ;
#2816 = VECTOR ( 'NONE', #1093, 1000.000000000000000 ) ;
#2817 = LINE ( 'NONE', #1096, #2822 ) ;
#2818 = VECTOR ( 'NONE', #1095, 1000.000000000000000 ) ;
#2819 = LINE ( 'NONE', #1098, #2824 ) ;
#2820 = VECTOR ( 'NONE', #1097, 1000.000000000000000 ) ;
#2821 = LINE ( 'NONE', #1100, #2826 ) ;
#2822 = VECTOR ( 'NONE', #1099, 1000.000000000000000 ) ;
#2823 = LINE ( 'NONE', #1102, #2832 ) ;
#2824 = VECTOR ( 'NONE', #1101, 1000.000000000000000 ) ;
#2825 = LINE ( 'NONE', #1108, #2834 ) ;
#2826 = VECTOR ( 'NONE', #1103, 1000.000000000000000 ) ;
#2827 = LINE ( 'NONE', #1110, #2836 ) ;
#2828 = LINE ( 'NONE', #1104, #2829 ) ;
#2829 = VECTOR ( 'NONE', #1105, 1000.000000000000000 ) ;
#2830 = LINE ( 'NONE', #1106, #2831 ) ;
#2831 = VECTOR ( 'NONE', #1107, 1000.000000000000000 ) ;
#2832 = VECTOR ( 'NONE', #1109, 1000.000000000000000 ) ;
#2833 = LINE ( 'NONE', #1112, #2838 ) ;
#2834 = VECTOR ( 'NONE', #1111, 1000.000000000000000 ) ;
#2835 = LINE ( 'NONE', #1114, #2840 ) ;
#2836 = VECTOR ( 'NONE', #1113, 1000.000000000000000 ) ;
#2837 = LINE ( 'NONE', #1116, #2844 ) ;
#2838 = VECTOR ( 'NONE', #1115, 1000.000000000000200 ) ;
#2839 = LINE ( 'NONE', #1120, #2846 ) ;
#2840 = VECTOR ( 'NONE', #1117, 1000.000000000000000 ) ;
#2841 = LINE ( 'NONE', #1122, #2848 ) ;
#2842 = LINE ( 'NONE', #1118, #2843 ) ;
#2843 = VECTOR ( 'NONE', #1119, 1000.000000000000000 ) ;
#2844 = VECTOR ( 'NONE', #1121, 1000.000000000000100 ) ;
#2845 = LINE ( 'NONE', #1124, #2852 ) ;
#2846 = VECTOR ( 'NONE', #1123, 1000.000000000000000 ) ;
#2847 = VECTOR ( 'NONE', #1131, 1000.000000000000000 ) ;
#2848 = VECTOR ( 'NONE', #1125, 1000.000000000000100 ) ;
#2849 = LINE ( 'NONE', #1130, #2847 ) ;
#2850 = LINE ( 'NONE', #1127, #2851 ) ;
#2851 = VECTOR ( 'NONE', #1128, 1000.000000000000000 ) ;
#2852 = VECTOR ( 'NONE', #1129, 1000.000000000000000 ) ;
#2853 = LINE ( 'NONE', #1126, #2868 ) ;
#2854 = LINE ( 'NONE', #1146, #2878 ) ;
#2855 = LINE ( 'NONE', #1144, #2870 ) ;
#2856 = LINE ( 'NONE', #1132, #2857 ) ;
#2857 = VECTOR ( 'NONE', #1133, 1000.000000000000100 ) ;
#2858 = LINE ( 'NONE', #1134, #2859 ) ;
#2859 = VECTOR ( 'NONE', #1135, 1000.000000000000000 ) ;
#2860 = LINE ( 'NONE', #1136, #2861 ) ;
#2861 = VECTOR ( 'NONE', #1137, 1000.000000000000000 ) ;
#2862 = LINE ( 'NONE', #1138, #2863 ) ;
#2863 = VECTOR ( 'NONE', #1139, 1000.000000000000000 ) ;
#2864 = LINE ( 'NONE', #1140, #2865 ) ;
#2865 = VECTOR ( 'NONE', #1141, 1000.000000000000000 ) ;
#2866 = LINE ( 'NONE', #1142, #2867 ) ;
#2867 = VECTOR ( 'NONE', #1143, 1000.000000000000000 ) ;
#2868 = VECTOR ( 'NONE', #1145, 1000.000000000000000 ) ;
#2869 = LINE ( 'NONE', #1154, #2886 ) ;
#2870 = VECTOR ( 'NONE', #1147, 1000.000000000000000 ) ;
#2871 = LINE ( 'NONE', #1162, #2894 ) ;
#2872 = LINE ( 'NONE', #1148, #2873 ) ;
#2873 = VECTOR ( 'NONE', #1149, 1000.000000000000000 ) ;
#2874 = LINE ( 'NONE', #1150, #2875 ) ;
#2875 = VECTOR ( 'NONE', #1151, 1000.000000000000000 ) ;
#2876 = LINE ( 'NONE', #1152, #2877 ) ;
#2877 = VECTOR ( 'NONE', #1153, 1000.000000000000000 ) ;
#2878 = VECTOR ( 'NONE', #1155, 1000.000000000000000 ) ;
#2879 = LINE ( 'NONE', #1171, #2938 ) ;
#2880 = LINE ( 'NONE', #1156, #2881 ) ;
#2881 = VECTOR ( 'NONE', #1157, 1000.000000000000000 ) ;
#2882 = LINE ( 'NONE', #1158, #2883 ) ;
#2883 = VECTOR ( 'NONE', #1159, 1000.000000000000000 ) ;
#2884 = LINE ( 'NONE', #1160, #2885 ) ;
#2885 = VECTOR ( 'NONE', #1161, 1000.000000000000000 ) ;
#2886 = VECTOR ( 'NONE', #1163, 1000.000000000000000 ) ;
#2887 = LINE ( 'NONE', #3180, #2954 ) ;
#2888 = LINE ( 'NONE', #1164, #2889 ) ;
#2889 = VECTOR ( 'NONE', #1165, 1000.000000000000000 ) ;
#2890 = LINE ( 'NONE', #1166, #2891 ) ;
#2891 = VECTOR ( 'NONE', #1167, 1000.000000000000000 ) ;
#2892 = LINE ( 'NONE', #1169, #2893 ) ;
#2893 = VECTOR ( 'NONE', #1170, 1000.000000000000200 ) ;
#2894 = VECTOR ( 'NONE', #1172, 1000.000000000000000 ) ;
#2895 = LINE ( 'NONE', #3195, #2962 ) ;
#2896 = LINE ( 'NONE', #1173, #2897 ) ;
#2897 = VECTOR ( 'NONE', #1174, 1000.000000000000000 ) ;
#2898 = LINE ( 'NONE', #1175, #2899 ) ;
#2899 = VECTOR ( 'NONE', #1176, 1000.000000000000000 ) ;
#2900 = LINE ( 'NONE', #1177, #2901 ) ;
#2901 = VECTOR ( 'NONE', #1178, 1000.000000000000000 ) ;
#2902 = LINE ( 'NONE', #1179, #2903 ) ;
#2903 = VECTOR ( 'NONE', #1180, 1000.000000000000100 ) ;
#2904 = LINE ( 'NONE', #1181, #2905 ) ;
#2905 = VECTOR ( 'NONE', #1182, 1000.000000000000000 ) ;
#2906 = LINE ( 'NONE', #1183, #2907 ) ;
#2907 = VECTOR ( 'NONE', #1184, 1000.000000000000000 ) ;
#2908 = LINE ( 'NONE', #1185, #2909 ) ;
#2909 = VECTOR ( 'NONE', #1186, 1000.000000000000000 ) ;
#2910 = LINE ( 'NONE', #1799, #2911 ) ;
#2911 = VECTOR ( 'NONE', #1800, 1000.000000000000000 ) ;
#2912 = LINE ( 'NONE', #1802, #2913 ) ;
#2913 = VECTOR ( 'NONE', #1801, 1000.000000000000000 ) ;
#2914 = LINE ( 'NONE', #3156, #2915 ) ;
#2915 = VECTOR ( 'NONE', #3157, 1000.000000000000000 ) ;
#2916 = LINE ( 'NONE', #3158, #2917 ) ;
#2917 = VECTOR ( 'NONE', #3159, 1000.000000000000000 ) ;
#2918 = LINE ( 'NONE', #3160, #2919 ) ;
#2919 = VECTOR ( 'NONE', #3161, 1000.000000000000000 ) ;
#2920 = LINE ( 'NONE', #3162, #2921 ) ;
#2921 = VECTOR ( 'NONE', #3163, 1000.000000000000000 ) ;
#2922 = LINE ( 'NONE', #3164, #2923 ) ;
#2923 = VECTOR ( 'NONE', #3165, 1000.000000000000000 ) ;
#2924 = LINE ( 'NONE', #3166, #2925 ) ;
#2925 = VECTOR ( 'NONE', #3167, 1000.000000000000000 ) ;
#2926 = LINE ( 'NONE', #3168, #2927 ) ;
#2927 = VECTOR ( 'NONE', #3169, 1000.000000000000000 ) ;
#2928 = LINE ( 'NONE', #3170, #2929 ) ;
#2929 = VECTOR ( 'NONE', #3171, 1000.000000000000000 ) ;
#2930 = LINE ( 'NONE', #3172, #2931 ) ;
#2931 = VECTOR ( 'NONE', #3173, 1000.000000000000000 ) ;
#2932 = LINE ( 'NONE', #3174, #2933 ) ;
#2933 = VECTOR ( 'NONE', #3175, 1000.000000000000000 ) ;
#2934 = LINE ( 'NONE', #3176, #2935 ) ;
#2935 = VECTOR ( 'NONE', #3177, 1000.000000000000000 ) ;
#2936 = LINE ( 'NONE', #3178, #2937 ) ;
#2937 = VECTOR ( 'NONE', #3179, 1000.000000000000000 ) ;
#2938 = VECTOR ( 'NONE', #1168, 1000.000000000000000 ) ;
#2939 = LINE ( 'NONE', #3203, #2978 ) ;
#2940 = LINE ( 'NONE', #3181, #2941 ) ;
#2941 = VECTOR ( 'NONE', #3182, 1000.000000000000000 ) ;
#2942 = LINE ( 'NONE', #3183, #2943 ) ;
#2943 = VECTOR ( 'NONE', #3184, 1000.000000000000000 ) ;
#2944 = LINE ( 'NONE', #3185, #2945 ) ;
#2945 = VECTOR ( 'NONE', #3186, 1000.000000000000000 ) ;
#2946 = LINE ( 'NONE', #3187, #2947 ) ;
#2947 = VECTOR ( 'NONE', #3188, 1000.000000000000000 ) ;
#2948 = LINE ( 'NONE', #3189, #2949 ) ;
#2949 = VECTOR ( 'NONE', #3190, 1000.000000000000000 ) ;
#2950 = LINE ( 'NONE', #3191, #2951 ) ;
#2951 = VECTOR ( 'NONE', #3192, 1000.000000000000000 ) ;
#2952 = LINE ( 'NONE', #3193, #2953 ) ;
#2953 = VECTOR ( 'NONE', #3194, 1000.000000000000000 ) ;
#2954 = VECTOR ( 'NONE', #3196, 1000.000000000000000 ) ;
#2955 = LINE ( 'NONE', #3219, #2994 ) ;
#2956 = LINE ( 'NONE', #3197, #2957 ) ;
#2957 = VECTOR ( 'NONE', #3198, 1000.000000000000000 ) ;
#2958 = LINE ( 'NONE', #3199, #2959 ) ;
#2959 = VECTOR ( 'NONE', #3200, 1000.000000000000000 ) ;
#2960 = LINE ( 'NONE', #3201, #2961 ) ;
#2961 = VECTOR ( 'NONE', #3202, 1000.000000000000000 ) ;
#2962 = VECTOR ( 'NONE', #3204, 1000.000000000000000 ) ;
#2963 = LINE ( 'NONE', #3235, #3022 ) ;
#2964 = LINE ( 'NONE', #3205, #2965 ) ;
#2965 = VECTOR ( 'NONE', #3206, 1000.000000000000000 ) ;
#2966 = LINE ( 'NONE', #3207, #2967 ) ;
#2967 = VECTOR ( 'NONE', #3208, 1000.000000000000000 ) ;
#2968 = LINE ( 'NONE', #3209, #2969 ) ;
#2969 = VECTOR ( 'NONE', #3210, 1000.000000000000000 ) ;
#2970 = LINE ( 'NONE', #3211, #2971 ) ;
#2971 = VECTOR ( 'NONE', #3212, 1000.000000000000000 ) ;
#2972 = LINE ( 'NONE', #3213, #2973 ) ;
#2973 = VECTOR ( 'NONE', #3214, 1000.000000000000000 ) ;
#2974 = LINE ( 'NONE', #3215, #2975 ) ;
#2975 = VECTOR ( 'NONE', #3216, 1000.000000000000000 ) ;
#2976 = LINE ( 'NONE', #3217, #2977 ) ;
#2977 = VECTOR ( 'NONE', #3218, 1000.000000000000000 ) ;
#2978 = VECTOR ( 'NONE', #3220, 1000.000000000000000 ) ;
#2979 = LINE ( 'NONE', #3263, #3032 ) ;
#2980 = LINE ( 'NONE', #3221, #2981 ) ;
#2981 = VECTOR ( 'NONE', #3222, 1000.000000000000000 ) ;
#2982 = LINE ( 'NONE', #3223, #2983 ) ;
#2983 = VECTOR ( 'NONE', #3224, 1000.000000000000000 ) ;
#2984 = LINE ( 'NONE', #3225, #2985 ) ;
#2985 = VECTOR ( 'NONE', #3226, 1000.000000000000000 ) ;
#2986 = LINE ( 'NONE', #3227, #2987 ) ;
#2987 = VECTOR ( 'NONE', #3228, 1000.000000000000000 ) ;
#2988 = LINE ( 'NONE', #3229, #2989 ) ;
#2989 = VECTOR ( 'NONE', #3230, 1000.000000000000000 ) ;
#2990 = LINE ( 'NONE', #3231, #2991 ) ;
#2991 = VECTOR ( 'NONE', #3232, 1000.000000000000000 ) ;
#2992 = LINE ( 'NONE', #3233, #2993 ) ;
#2993 = VECTOR ( 'NONE', #3234, 1000.000000000000000 ) ;
#2994 = VECTOR ( 'NONE', #3236, 1000.000000000000000 ) ;
#2995 = LINE ( 'NONE', #3273, #3060 ) ;
#2996 = LINE ( 'NONE', #3237, #2997 ) ;
#2997 = VECTOR ( 'NONE', #3238, 1000.000000000000000 ) ;
#2998 = LINE ( 'NONE', #3239, #2999 ) ;
#2999 = VECTOR ( 'NONE', #3240, 1000.000000000000000 ) ;
#3000 = LINE ( 'NONE', #3241, #3001 ) ;
#3001 = VECTOR ( 'NONE', #3242, 1000.000000000000000 ) ;
#3002 = LINE ( 'NONE', #3243, #3003 ) ;
#3003 = VECTOR ( 'NONE', #3244, 1000.000000000000000 ) ;
#3004 = LINE ( 'NONE', #3245, #3005 ) ;
#3005 = VECTOR ( 'NONE', #3246, 1000.000000000000000 ) ;
#3006 = LINE ( 'NONE', #3247, #3007 ) ;
#3007 = VECTOR ( 'NONE', #3248, 1000.000000000000000 ) ;
#3008 = LINE ( 'NONE', #3249, #3009 ) ;
#3009 = VECTOR ( 'NONE', #3250, 1000.000000000000000 ) ;
#3010 = LINE ( 'NONE', #3251, #3011 ) ;
#3011 = VECTOR ( 'NONE', #3252, 1000.000000000000000 ) ;
#3012 = LINE ( 'NONE', #3253, #3013 ) ;
#3013 = VECTOR ( 'NONE', #3254, 1000.000000000000000 ) ;
#3014 = LINE ( 'NONE', #3255, #3015 ) ;
#3015 = VECTOR ( 'NONE', #3256, 1000.000000000000000 ) ;
#3016 = LINE ( 'NONE', #3257, #3017 ) ;
#3017 = VECTOR ( 'NONE', #3258, 1000.000000000000000 ) ;
#3018 = LINE ( 'NONE', #3259, #3019 ) ;
#3019 = VECTOR ( 'NONE', #3260, 1000.000000000000000 ) ;
#3020 = LINE ( 'NONE', #3261, #3021 ) ;
#3021 = VECTOR ( 'NONE', #3262, 1000.000000000000000 ) ;
#3022 = VECTOR ( 'NONE', #3264, 1000.000000000000000 ) ;
#3023 = LINE ( 'NONE', #3301, #3063 ) ;
#3024 = LINE ( 'NONE', #3265, #3025 ) ;
#3025 = VECTOR ( 'NONE', #3266, 1000.000000000000000 ) ;
#3026 = LINE ( 'NONE', #3267, #3027 ) ;
#3027 = VECTOR ( 'NONE', #3268, 1000.000000000000000 ) ;
#3028 = LINE ( 'NONE', #3269, #3029 ) ;
#3029 = VECTOR ( 'NONE', #3270, 1000.000000000000000 ) ;
#3030 = LINE ( 'NONE', #3271, #3031 ) ;
#3031 = VECTOR ( 'NONE', #3272, 1000.000000000000000 ) ;
#3032 = VECTOR ( 'NONE', #3274, 1000.000000000000000 ) ;
#3033 = LINE ( 'NONE', #3305, #3080 ) ;
#3034 = LINE ( 'NONE', #3275, #3035 ) ;
#3035 = VECTOR ( 'NONE', #3276, 1000.000000000000000 ) ;
#3036 = LINE ( 'NONE', #3277, #3037 ) ;
#3037 = VECTOR ( 'NONE', #3278, 1000.000000000000000 ) ;
#3038 = LINE ( 'NONE', #3279, #3039 ) ;
#3039 = VECTOR ( 'NONE', #3280, 1000.000000000000000 ) ;
#3040 = LINE ( 'NONE', #3281, #3041 ) ;
#3041 = VECTOR ( 'NONE', #3282, 1000.000000000000000 ) ;
#3042 = LINE ( 'NONE', #3283, #3043 ) ;
#3043 = VECTOR ( 'NONE', #3284, 1000.000000000000000 ) ;
#3044 = LINE ( 'NONE', #3285, #3045 ) ;
#3045 = VECTOR ( 'NONE', #3286, 1000.000000000000000 ) ;
#3046 = LINE ( 'NONE', #3287, #3047 ) ;
#3047 = VECTOR ( 'NONE', #3288, 1000.000000000000000 ) ;
#3048 = LINE ( 'NONE', #3289, #3049 ) ;
#3049 = VECTOR ( 'NONE', #3290, 1000.000000000000000 ) ;
#3050 = LINE ( 'NONE', #3291, #3051 ) ;
#3051 = VECTOR ( 'NONE', #3292, 1000.000000000000000 ) ;
#3052 = LINE ( 'NONE', #3293, #3053 ) ;
#3053 = VECTOR ( 'NONE', #3294, 1000.000000000000000 ) ;
#3054 = LINE ( 'NONE', #3295, #3055 ) ;
#3055 = VECTOR ( 'NONE', #3296, 1000.000000000000000 ) ;
#3056 = LINE ( 'NONE', #3297, #3057 ) ;
#3057 = VECTOR ( 'NONE', #3298, 1000.000000000000000 ) ;
#3058 = LINE ( 'NONE', #3299, #3059 ) ;
#3059 = VECTOR ( 'NONE', #3300, 1000.000000000000000 ) ;
#3060 = VECTOR ( 'NONE', #3302, 1000.000000000000000 ) ;
#3061 = LINE ( 'NONE', #3303, #3062 ) ;
#3062 = VECTOR ( 'NONE', #3304, 1000.000000000000000 ) ;
#3063 = VECTOR ( 'NONE', #3306, 1000.000000000000000 ) ;
#3064 = LINE ( 'NONE', #3307, #3065 ) ;
#3065 = VECTOR ( 'NONE', #3308, 1000.000000000000000 ) ;
#3066 = LINE ( 'NONE', #3309, #3067 ) ;
#3067 = VECTOR ( 'NONE', #3310, 1000.000000000000000 ) ;
#3068 = LINE ( 'NONE', #3311, #3069 ) ;
#3069 = VECTOR ( 'NONE', #3312, 1000.000000000000200 ) ;
#3070 = LINE ( 'NONE', #3313, #3071 ) ;
#3071 = VECTOR ( 'NONE', #3314, 1000.000000000000000 ) ;
#3072 = LINE ( 'NONE', #3315, #3073 ) ;
#3073 = VECTOR ( 'NONE', #3316, 1000.000000000000000 ) ;
#3074 = LINE ( 'NONE', #3317, #3075 ) ;
#3075 = VECTOR ( 'NONE', #3318, 1000.000000000000100 ) ;
#3076 = LINE ( 'NONE', #3319, #3077 ) ;
#3077 = VECTOR ( 'NONE', #3320, 999.9999999999998900 ) ;
#3078 = LINE ( 'NONE', #3322, #3079 ) ;
#3079 = VECTOR ( 'NONE', #3323, 1000.000000000000000 ) ;
#3080 = VECTOR ( 'NONE', #3324, 1000.000000000000000 ) ;
#3081 = LINE ( 'NONE', #3325, #3082 ) ;
#3082 = VECTOR ( 'NONE', #3326, 1000.000000000000000 ) ;
#3083 = LINE ( 'NONE', #3327, #3084 ) ;
#3084 = VECTOR ( 'NONE', #3328, 1000.000000000000000 ) ;
#3085 = LINE ( 'NONE', #3329, #3086 ) ;
#3086 = VECTOR ( 'NONE', #3330, 1000.000000000000000 ) ;
#3087 = LINE ( 'NONE', #3331, #3088 ) ;
#3088 = VECTOR ( 'NONE', #3332, 1000.000000000000000 ) ;
#3089 = LINE ( 'NONE', #3333, #3090 ) ;
#3090 = VECTOR ( 'NONE', #3334, 1000.000000000000000 ) ;
#3091 = LINE ( 'NONE', #3335, #3092 ) ;
#3092 = VECTOR ( 'NONE', #3336, 1000.000000000000000 ) ;
#3093 = LINE ( 'NONE', #3337, #3094 ) ;
#3094 = VECTOR ( 'NONE', #3338, 1000.000000000000000 ) ;
#3095 = LINE ( 'NONE', #3339, #3096 ) ;
#3096 = VECTOR ( 'NONE', #3340, 1000.000000000000000 ) ;
#3097 = LINE ( 'NONE', #3341, #3098 ) ;
#3098 = VECTOR ( 'NONE', #3342, 1000.000000000000200 ) ;
#3099 = LINE ( 'NONE', #3343, #3100 ) ;
#3100 = VECTOR ( 'NONE', #3344, 1000.000000000000100 ) ;
#3101 = LINE ( 'NONE', #3345, #3102 ) ;
#3102 = VECTOR ( 'NONE', #3346, 1000.000000000000000 ) ;
#3103 = LINE ( 'NONE', #3347, #3104 ) ;
#3104 = VECTOR ( 'NONE', #3348, 1000.000000000000000 ) ;
#3105 = LINE ( 'NONE', #3349, #3106 ) ;
#3106 = VECTOR ( 'NONE', #3350, 1000.000000000000000 ) ;
#3107 = LINE ( 'NONE', #3351, #3108 ) ;
#3108 = VECTOR ( 'NONE', #3352, 1000.000000000000000 ) ;
#3109 = LINE ( 'NONE', #3353, #3110 ) ;
#3110 = VECTOR ( 'NONE', #3354, 1000.000000000000000 ) ;
#3111 = LINE ( 'NONE', #3355, #3112 ) ;
#3112 = VECTOR ( 'NONE', #3356, 1000.000000000000000 ) ;
#3113 = LINE ( 'NONE', #3357, #3114 ) ;
#3114 = VECTOR ( 'NONE', #3358, 1000.000000000000000 ) ;
#3115 = LINE ( 'NONE', #3359, #3116 ) ;
#3116 = VECTOR ( 'NONE', #3360, 1000.000000000000000 ) ;
#3117 = LINE ( 'NONE', #3362, #3118 ) ;
#3118 = VECTOR ( 'NONE', #3363, 1000.000000000000000 ) ;
#3119 =( GEOMETRIC_REPRESENTATION_CONTEXT ( 3 ) GLOBAL_UNCERTAINTY_ASSIGNED_CONTEXT ( ( #1616 ) ) GLOBAL_UNIT_ASSIGNED_CONTEXT ( ( #3321, #3364, #3365 ) ) REPRESENTATION_CONTEXT ( 'NONE', 'WORKASPACE' ) );
#3120 = SHAPE_DEFINITION_REPRESENTATION ( #1275, #1615 ) ;
#3121 = ORGANIZATION ( 'UNSPECIFIED', 'UNSPECIFIED', '' ) ;
#3122 = PERSON_AND_ORGANIZATION ( #1618, #3121 ) ;
#3123 = PERSON_AND_ORGANIZATION ( #1618, #3121 ) ;
#3124 = APPROVAL_PERSON_ORGANIZATION ( #3123, #2743, #3375 ) ;
#3125 = COORDINATED_UNIVERSAL_TIME_OFFSET ( 9, 0, .AHEAD. ) ;
#3126 = LOCAL_TIME ( 16, 37, 17.00000000000000000, #3125 ) ;
#3127 = CALENDAR_DATE ( 2015, 7, 8 ) ;
#3128 = DATE_AND_TIME ( #3127, #3126 ) ;
#3129 = APPROVAL_DATE_TIME ( #3128, #2743 ) ;
#3130 = PERSON_AND_ORGANIZATION ( #1618, #3121 ) ;
#3131 = COORDINATED_UNIVERSAL_TIME_OFFSET ( 9, 0, .AHEAD. ) ;
#3132 = LOCAL_TIME ( 16, 37, 17.00000000000000000, #3131 ) ;
#3133 = CALENDAR_DATE ( 2015, 7, 8 ) ;
#3134 = DATE_AND_TIME ( #3133, #3132 ) ;
#3135 = PERSON_AND_ORGANIZATION ( #1618, #3121 ) ;
#3136 = APPROVAL_PERSON_ORGANIZATION ( #3135, #2748, #3379 ) ;
#3137 = COORDINATED_UNIVERSAL_TIME_OFFSET ( 9, 0, .AHEAD. ) ;
#3138 = LOCAL_TIME ( 16, 37, 17.00000000000000000, #3137 ) ;
#3139 = CALENDAR_DATE ( 2015, 7, 8 ) ;
#3140 = DATE_AND_TIME ( #3139, #3138 ) ;
#3141 = APPROVAL_DATE_TIME ( #3140, #2748 ) ;
#3142 = PERSON_AND_ORGANIZATION ( #1618, #3121 ) ;
#3143 = PERSON_AND_ORGANIZATION ( #1618, #3121 ) ;
#3144 = PERSON_AND_ORGANIZATION ( #1618, #3121 ) ;
#3145 = COORDINATED_UNIVERSAL_TIME_OFFSET ( 9, 0, .AHEAD. ) ;
#3146 = LOCAL_TIME ( 16, 37, 17.00000000000000000, #3145 ) ;
#3147 = CALENDAR_DATE ( 2015, 7, 8 ) ;
#3148 = DATE_AND_TIME ( #3147, #3146 ) ;
#3149 = PERSON_AND_ORGANIZATION ( #1618, #3121 ) ;
#3150 = APPROVAL_PERSON_ORGANIZATION ( #3149, #2755, #3386 ) ;
#3151 = COORDINATED_UNIVERSAL_TIME_OFFSET ( 9, 0, .AHEAD. ) ;
#3152 = LOCAL_TIME ( 16, 37, 17.00000000000000000, #3151 ) ;
#3153 = CALENDAR_DATE ( 2015, 7, 8 ) ;
#3154 = DATE_AND_TIME ( #3153, #3152 ) ;
#3155 = APPROVAL_DATE_TIME ( #3154, #2755 ) ;
#3156 = CARTESIAN_POINT ( 'NONE',  ( -2.500000000000000000, -7.400000000000001200, 6.000000000000000000 ) ) ;
#3157 = DIRECTION ( 'NONE',  ( 0.0000000000000000000, 0.0000000000000000000, -1.000000000000000000 ) ) ;
#3158 = CARTESIAN_POINT ( 'NONE',  ( 0.3999999999999999100, 0.5999999999999999800, 6.100000000000000500 ) ) ;
#3159 = DIRECTION ( 'NONE',  ( 1.355252715606880500E-016, -1.000000000000000000, 0.0000000000000000000 ) ) ;
#3160 = CARTESIAN_POINT ( 'NONE',  ( 0.4000000000000000800, -0.5999999999999999800, 6.100000000000000500 ) ) ;
#3161 = DIRECTION ( 'NONE',  ( -1.000000000000000000, 0.0000000000000000000, 0.0000000000000000000 ) ) ;
#3162 = CARTESIAN_POINT ( 'NONE',  ( -0.4000000000000000200, 1.950000000000000200, -2.600000000000000500 ) ) ;
#3163 = DIRECTION ( 'NONE',  ( -1.000000000000000000, -0.0000000000000000000, -0.0000000000000000000 ) ) ;
#3164 = CARTESIAN_POINT ( 'NONE',  ( -0.6000000000000000900, 1.950000000000000200, -2.200000000000000200 ) ) ;
#3165 = DIRECTION ( 'NONE',  ( -1.000000000000000000, -0.0000000000000000000, -0.0000000000000000000 ) ) ;
#3166 = CARTESIAN_POINT ( 'NONE',  ( -0.4000000000000000200, 1.950000000000000200, -2.600000000000000500 ) ) ;
#3167 = DIRECTION ( 'NONE',  ( -0.0000000000000000000, 1.000000000000000000, -0.0000000000000000000 ) ) ;
#3168 = CARTESIAN_POINT ( 'NONE',  ( -3.000000000000000000, -12.70000000000000100, -0.7000000000000022900 ) ) ;
#3169 = DIRECTION ( 'NONE',  ( 1.000000000000000000, -0.0000000000000000000, -0.0000000000000000000 ) ) ;
#3170 = CARTESIAN_POINT ( 'NONE',  ( 0.4000000000000001300, -17.80000000000000400, -0.2500000000000019400 ) ) ;
#3171 = DIRECTION ( 'NONE',  ( -0.0000000000000000000, 1.000000000000000000, -0.0000000000000000000 ) ) ;
#3172 = CARTESIAN_POINT ( 'NONE',  ( -0.1000000000000000500, -17.80000000000000400, -0.2500000000000019400 ) ) ;
#3173 = DIRECTION ( 'NONE',  ( -0.0000000000000000000, 1.000000000000000000, -0.0000000000000000000 ) ) ;
#3174 = CARTESIAN_POINT ( 'NONE',  ( 0.3999999999999999100, -17.80000000000000400, 0.2499999999999976100 ) ) ;
#3175 = DIRECTION ( 'NONE',  ( -0.0000000000000000000, 1.000000000000000000, -0.0000000000000000000 ) ) ;
#3176 = CARTESIAN_POINT ( 'NONE',  ( -10.50000000000000000, -18.39999999999999900, -0.7000000000000027300 ) ) ;
#3177 = DIRECTION ( 'NONE',  ( 8.723520228736827400E-033, -0.0000000000000000000, 1.000000000000000000 ) ) ;
#3178 = CARTESIAN_POINT ( 'NONE',  ( -0.1000000000000001000, -17.80000000000000400, 0.2499999999999976100 ) ) ;
#3179 = DIRECTION ( 'NONE',  ( -1.000000000000000000, -0.0000000000000000000, -0.0000000000000000000 ) ) ;
#3180 = CARTESIAN_POINT ( 'NONE',  ( -0.1000000000000000500, -17.80000000000000400, 2.249999999999997800 ) ) ;
#3181 = CARTESIAN_POINT ( 'NONE',  ( -0.1000000000000001000, -17.80000000000000400, 0.2499999999999976100 ) ) ;
#3182 = DIRECTION ( 'NONE',  ( -0.0000000000000000000, 1.000000000000000000, -0.0000000000000000000 ) ) ;
#3183 = CARTESIAN_POINT ( 'NONE',  ( -0.1000000000000001000, -17.80000000000000400, 0.2499999999999976100 ) ) ;
#3184 = DIRECTION ( 'NONE',  ( 1.084202172485505300E-016, 0.0000000000000000000, -1.000000000000000000 ) ) ;
#3185 = CARTESIAN_POINT ( 'NONE',  ( 0.4000000000000001900, -17.80000000000000400, 1.749999999999998000 ) ) ;
#3186 = DIRECTION ( 'NONE',  ( -0.0000000000000000000, 1.000000000000000000, -0.0000000000000000000 ) ) ;
#3187 = CARTESIAN_POINT ( 'NONE',  ( -0.09999999999999999200, -17.80000000000000400, 1.749999999999998000 ) ) ;
#3188 = DIRECTION ( 'NONE',  ( -0.0000000000000000000, 1.000000000000000000, -0.0000000000000000000 ) ) ;
#3189 = CARTESIAN_POINT ( 'NONE',  ( 0.3999999999999999700, -17.80000000000000400, 2.249999999999997800 ) ) ;
#3190 = DIRECTION ( 'NONE',  ( -0.0000000000000000000, 1.000000000000000000, -0.0000000000000000000 ) ) ;
#3191 = CARTESIAN_POINT ( 'NONE',  ( -0.1000000000000000500, -17.80000000000000400, -0.2500000000000019400 ) ) ;
#3192 = DIRECTION ( 'NONE',  ( 1.000000000000000000, 0.0000000000000000000, 0.0000000000000000000 ) ) ;
#3193 = CARTESIAN_POINT ( 'NONE',  ( -0.1000000000000000500, -17.80000000000000400, 2.249999999999997800 ) ) ;
#3194 = DIRECTION ( 'NONE',  ( -1.000000000000000000, -0.0000000000000000000, -0.0000000000000000000 ) ) ;
#3195 = CARTESIAN_POINT ( 'NONE',  ( 0.3999999999999999700, -17.80000000000000400, 2.249999999999997800 ) ) ;
#3196 = DIRECTION ( 'NONE',  ( -0.0000000000000000000, 1.000000000000000000, -0.0000000000000000000 ) ) ;
#3197 = CARTESIAN_POINT ( 'NONE',  ( -0.1000000000000000500, -17.80000000000000400, 2.249999999999997800 ) ) ;
#3198 = DIRECTION ( 'NONE',  ( 1.084202172485505300E-016, 0.0000000000000000000, -1.000000000000000000 ) ) ;
#3199 = CARTESIAN_POINT ( 'NONE',  ( -0.09999999999999999200, -17.80000000000000400, 1.749999999999998000 ) ) ;
#3200 = DIRECTION ( 'NONE',  ( 1.000000000000000000, 0.0000000000000000000, 0.0000000000000000000 ) ) ;
#3201 = CARTESIAN_POINT ( 'NONE',  ( -0.09999999999999999200, -17.80000000000000400, 4.249999999999997300 ) ) ;
#3202 = DIRECTION ( 'NONE',  ( -1.000000000000000000, -0.0000000000000000000, -0.0000000000000000000 ) ) ;
#3203 = CARTESIAN_POINT ( 'NONE',  ( 0.4000000000000000200, -17.80000000000000400, 4.249999999999997300 ) ) ;
#3204 = DIRECTION ( 'NONE',  ( -4.336808689942021200E-016, -0.0000000000000000000, 1.000000000000000000 ) ) ;
#3205 = CARTESIAN_POINT ( 'NONE',  ( 0.3999999999999999100, -17.80000000000000400, 0.2499999999999976100 ) ) ;
#3206 = DIRECTION ( 'NONE',  ( -4.336808689942021200E-016, -0.0000000000000000000, 1.000000000000000000 ) ) ;
#3207 = CARTESIAN_POINT ( 'NONE',  ( -0.09999999999999993600, -17.80000000000000400, 3.749999999999998200 ) ) ;
#3208 = DIRECTION ( 'NONE',  ( 1.000000000000000000, 0.0000000000000000000, 0.0000000000000000000 ) ) ;
#3209 = CARTESIAN_POINT ( 'NONE',  ( 0.4000000000000000200, -17.80000000000000400, 4.249999999999997300 ) ) ;
#3210 = DIRECTION ( 'NONE',  ( -0.0000000000000000000, 1.000000000000000000, -0.0000000000000000000 ) ) ;
#3211 = CARTESIAN_POINT ( 'NONE',  ( -0.09999999999999999200, -17.80000000000000400, 4.249999999999997300 ) ) ;
#3212 = DIRECTION ( 'NONE',  ( 1.084202172485505300E-016, 0.0000000000000000000, -1.000000000000000000 ) ) ;
#3213 = CARTESIAN_POINT ( 'NONE',  ( 0.4000000000000002400, -17.80000000000000400, 3.749999999999998200 ) ) ;
#3214 = DIRECTION ( 'NONE',  ( -0.0000000000000000000, 1.000000000000000000, -0.0000000000000000000 ) ) ;
#3215 = CARTESIAN_POINT ( 'NONE',  ( -0.09999999999999999200, -17.80000000000000400, 4.249999999999997300 ) ) ;
#3216 = DIRECTION ( 'NONE',  ( -0.0000000000000000000, 1.000000000000000000, -0.0000000000000000000 ) ) ;
#3217 = CARTESIAN_POINT ( 'NONE',  ( -0.09999999999999993600, -17.80000000000000400, 6.249999999999997300 ) ) ;
#3218 = DIRECTION ( 'NONE',  ( -1.000000000000000000, -0.0000000000000000000, -0.0000000000000000000 ) ) ;
#3219 = CARTESIAN_POINT ( 'NONE',  ( 0.4000000000000000800, -17.80000000000000400, 6.249999999999997300 ) ) ;
#3220 = DIRECTION ( 'NONE',  ( -4.336808689942021200E-016, -0.0000000000000000000, 1.000000000000000000 ) ) ;
#3221 = CARTESIAN_POINT ( 'NONE',  ( -0.09999999999999993600, -17.80000000000000400, 3.749999999999998200 ) ) ;
#3222 = DIRECTION ( 'NONE',  ( -0.0000000000000000000, 1.000000000000000000, -0.0000000000000000000 ) ) ;
#3223 = CARTESIAN_POINT ( 'NONE',  ( -0.09999999999999988100, -17.80000000000000400, 5.749999999999998200 ) ) ;
#3224 = DIRECTION ( 'NONE',  ( 1.000000000000000000, 0.0000000000000000000, 0.0000000000000000000 ) ) ;
#3225 = CARTESIAN_POINT ( 'NONE',  ( 0.4000000000000000800, -17.80000000000000400, 6.249999999999997300 ) ) ;
#3226 = DIRECTION ( 'NONE',  ( -0.0000000000000000000, 1.000000000000000000, -0.0000000000000000000 ) ) ;
#3227 = CARTESIAN_POINT ( 'NONE',  ( -0.09999999999999993600, -17.80000000000000400, 6.249999999999997300 ) ) ;
#3228 = DIRECTION ( 'NONE',  ( 1.084202172485505300E-016, 0.0000000000000000000, -1.000000000000000000 ) ) ;
#3229 = CARTESIAN_POINT ( 'NONE',  ( 0.4000000000000003000, -17.80000000000000400, 5.749999999999998200 ) ) ;
#3230 = DIRECTION ( 'NONE',  ( -0.0000000000000000000, 1.000000000000000000, -0.0000000000000000000 ) ) ;
#3231 = CARTESIAN_POINT ( 'NONE',  ( -0.09999999999999993600, -17.80000000000000400, 6.249999999999997300 ) ) ;
#3232 = DIRECTION ( 'NONE',  ( -0.0000000000000000000, 1.000000000000000000, -0.0000000000000000000 ) ) ;
#3233 = CARTESIAN_POINT ( 'NONE',  ( -2.449999999999998400, -15.80000000000000100, 2.199999999999998400 ) ) ;
#3234 = DIRECTION ( 'NONE',  ( -0.0000000000000000000, -0.0000000000000000000, -1.000000000000000000 ) ) ;
#3235 = CARTESIAN_POINT ( 'NONE',  ( -2.949999999999998800, -14.20000000000000100, 0.1999999999999973700 ) ) ;
#3236 = DIRECTION ( 'NONE',  ( -4.336808689942021200E-016, -0.0000000000000000000, 1.000000000000000000 ) ) ;
#3237 = CARTESIAN_POINT ( 'NONE',  ( -0.09999999999999988100, -17.80000000000000400, 5.749999999999998200 ) ) ;
#3238 = DIRECTION ( 'NONE',  ( -0.0000000000000000000, 1.000000000000000000, -0.0000000000000000000 ) ) ;
#3239 = CARTESIAN_POINT ( 'NONE',  ( -2.449999999999998400, -17.64000000000000400, 2.199999999999998800 ) ) ;
#3240 = DIRECTION ( 'NONE',  ( 0.0000000000000000000, 0.0000000000000000000, 1.000000000000000000 ) ) ;
#3241 = CARTESIAN_POINT ( 'NONE',  ( -2.449999999999998400, -15.80000000000000100, 3.799999999999998000 ) ) ;
#3242 = DIRECTION ( 'NONE',  ( 1.000000000000000000, -0.0000000000000000000, -0.0000000000000000000 ) ) ;
#3243 = CARTESIAN_POINT ( 'NONE',  ( -2.949999999999998800, -18.60000000000000100, 5.449999999999998400 ) ) ;
#3244 = DIRECTION ( 'NONE',  ( 0.0000000000000000000, 1.000000000000000000, 0.0000000000000000000 ) ) ;
#3245 = CARTESIAN_POINT ( 'NONE',  ( -2.449999999999998400, -15.80000000000000100, 3.799999999999998000 ) ) ;
#3246 = DIRECTION ( 'NONE',  ( -0.0000000000000000000, 1.000000000000000000, -2.356961244533703400E-016 ) ) ;
#3247 = CARTESIAN_POINT ( 'NONE',  ( -2.449999999999998400, -15.80000000000000100, 2.199999999999998400 ) ) ;
#3248 = DIRECTION ( 'NONE',  ( 0.0000000000000000000, -1.000000000000000000, 2.356961244533703400E-016 ) ) ;
#3249 = CARTESIAN_POINT ( 'NONE',  ( -2.449999999999998400, -17.64000000000000400, 2.199999999999998800 ) ) ;
#3250 = DIRECTION ( 'NONE',  ( 1.000000000000000000, -0.0000000000000000000, -0.0000000000000000000 ) ) ;
#3251 = CARTESIAN_POINT ( 'NONE',  ( -2.449999999999998400, -15.80000000000000100, 2.199999999999998400 ) ) ;
#3252 = DIRECTION ( 'NONE',  ( 1.000000000000000000, -0.0000000000000000000, -0.0000000000000000000 ) ) ;
#3253 = CARTESIAN_POINT ( 'NONE',  ( -2.949999999999998800, -14.20000000000000100, 5.799999999999998000 ) ) ;
#3254 = DIRECTION ( 'NONE',  ( 0.0000000000000000000, 0.0000000000000000000, -1.000000000000000000 ) ) ;
#3255 = CARTESIAN_POINT ( 'NONE',  ( -2.949999999999998800, -18.60000000000000100, 7.999999999999996400 ) ) ;
#3256 = DIRECTION ( 'NONE',  ( -0.0000000000000000000, -1.000000000000000000, -0.0000000000000000000 ) ) ;
#3257 = CARTESIAN_POINT ( 'NONE',  ( 0.5000000000000000000, -18.60000000000000100, 7.999999999999996400 ) ) ;
#3258 = DIRECTION ( 'NONE',  ( -0.0000000000000000000, -1.000000000000000000, -0.0000000000000000000 ) ) ;
#3259 = CARTESIAN_POINT ( 'NONE',  ( -2.449999999999998400, -17.64000000000000400, 3.799999999999998500 ) ) ;
#3260 = DIRECTION ( 'NONE',  ( 1.000000000000000000, -0.0000000000000000000, -0.0000000000000000000 ) ) ;
#3261 = CARTESIAN_POINT ( 'NONE',  ( -1.849999999999998500, -14.19999999999999900, 5.449999999999998400 ) ) ;
#3262 = DIRECTION ( 'NONE',  ( -1.000000000000000000, -0.0000000000000000000, -0.0000000000000000000 ) ) ;
#3263 = CARTESIAN_POINT ( 'NONE',  ( -1.849999999999998500, -14.20000000000000100, 0.5499999999999972700 ) ) ;
#3264 = DIRECTION ( 'NONE',  ( -1.000000000000000000, -0.0000000000000000000, -0.0000000000000000000 ) ) ;
#3265 = CARTESIAN_POINT ( 'NONE',  ( -2.949999999999998800, -14.20000000000000100, 5.799999999999998000 ) ) ;
#3266 = DIRECTION ( 'NONE',  ( -1.000000000000000000, -0.0000000000000000000, -0.0000000000000000000 ) ) ;
#3267 = CARTESIAN_POINT ( 'NONE',  ( -2.949999999999997500, -18.60000000000000100, -2.000000000000002700 ) ) ;
#3268 = DIRECTION ( 'NONE',  ( -0.0000000000000000000, -1.000000000000000000, -0.0000000000000000000 ) ) ;
#3269 = CARTESIAN_POINT ( 'NONE',  ( -2.949999999999998000, -18.60000000000000100, 0.1999999999999974900 ) ) ;
#3270 = DIRECTION ( 'NONE',  ( -0.0000000000000000000, -1.000000000000000000, -0.0000000000000000000 ) ) ;
#3271 = CARTESIAN_POINT ( 'NONE',  ( 1.550000000000000700, -19.10000000000000100, -1.734723475976807100E-015 ) ) ;
#3272 = DIRECTION ( 'NONE',  ( 1.000000000000000000, 0.0000000000000000000, 0.0000000000000000000 ) ) ;
#3273 = CARTESIAN_POINT ( 'NONE',  ( 0.5000000000000000000, -18.60000000000000100, 7.199999999999998400 ) ) ;
#3274 = DIRECTION ( 'NONE',  ( -1.000000000000000000, -0.0000000000000000000, -0.0000000000000000000 ) ) ;
#3275 = CARTESIAN_POINT ( 'NONE',  ( 2.350000000000000100, -19.10000000000000100, 5.999999999999998200 ) ) ;
#3276 = DIRECTION ( 'NONE',  ( -1.445602896647339200E-016, -0.0000000000000000000, 1.000000000000000000 ) ) ;
#3277 = CARTESIAN_POINT ( 'NONE',  ( -2.949999999999998800, -18.60000000000000100, 5.799999999999998000 ) ) ;
#3278 = DIRECTION ( 'NONE',  ( 0.0000000000000000000, 1.000000000000000000, 0.0000000000000000000 ) ) ;
#3279 = CARTESIAN_POINT ( 'NONE',  ( 1.550000000000000300, -19.10000000000000100, 5.999999999999998200 ) ) ;
#3280 = DIRECTION ( 'NONE',  ( -1.000000000000000000, -0.0000000000000000000, -0.0000000000000000000 ) ) ;
#3281 = CARTESIAN_POINT ( 'NONE',  ( 2.350000000000001000, -19.10000000000000100, -1.734723475976807100E-015 ) ) ;
#3282 = DIRECTION ( 'NONE',  ( -0.0000000000000000000, -1.000000000000000000, -0.0000000000000000000 ) ) ;
#3283 = CARTESIAN_POINT ( 'NONE',  ( 0.5000000000000000000, -18.60000000000000100, -2.000000000000002700 ) ) ;
#3284 = DIRECTION ( 'NONE',  ( -0.0000000000000000000, -1.000000000000000000, -0.0000000000000000000 ) ) ;
#3285 = CARTESIAN_POINT ( 'NONE',  ( 2.350000000000000100, -19.10000000000000100, 5.999999999999998200 ) ) ;
#3286 = DIRECTION ( 'NONE',  ( -0.0000000000000000000, -1.000000000000000000, -0.0000000000000000000 ) ) ;
#3287 = CARTESIAN_POINT ( 'NONE',  ( 1.550000000000000300, -19.10000000000000100, 5.999999999999998200 ) ) ;
#3288 = DIRECTION ( 'NONE',  ( 1.084202172485504400E-016, 0.0000000000000000000, -1.000000000000000000 ) ) ;
#3289 = CARTESIAN_POINT ( 'NONE',  ( 1.550000000000000300, -14.60000000000000100, -1.200000000000002600 ) ) ;
#3290 = DIRECTION ( 'NONE',  ( -0.0000000000000000000, -1.000000000000000000, -0.0000000000000000000 ) ) ;
#3291 = CARTESIAN_POINT ( 'NONE',  ( 1.550000000000000700, -19.10000000000000100, -1.734723475976807100E-015 ) ) ;
#3292 = DIRECTION ( 'NONE',  ( -0.0000000000000000000, -1.000000000000000000, -0.0000000000000000000 ) ) ;
#3293 = CARTESIAN_POINT ( 'NONE',  ( 1.550000000000000300, -19.10000000000000100, 5.999999999999998200 ) ) ;
#3294 = DIRECTION ( 'NONE',  ( -0.0000000000000000000, -1.000000000000000000, -0.0000000000000000000 ) ) ;
#3295 = CARTESIAN_POINT ( 'NONE',  ( 1.550000000000000500, -14.60000000000000100, 7.199999999999998400 ) ) ;
#3296 = DIRECTION ( 'NONE',  ( -0.0000000000000000000, -1.000000000000000000, -0.0000000000000000000 ) ) ;
#3297 = CARTESIAN_POINT ( 'NONE',  ( -2.949999999999998800, -18.60000000000000100, 5.799999999999998000 ) ) ;
#3298 = DIRECTION ( 'NONE',  ( -0.0000000000000000000, -1.000000000000000000, -0.0000000000000000000 ) ) ;
#3299 = CARTESIAN_POINT ( 'NONE',  ( -3.499999999999998700, -12.60000000000000100, -2.400000000000003000 ) ) ;
#3300 = DIRECTION ( 'NONE',  ( 0.0000000000000000000, 0.0000000000000000000, -1.000000000000000000 ) ) ;
#3301 = CARTESIAN_POINT ( 'NONE',  ( 0.5000000000000000000, -18.60000000000000100, -1.200000000000002400 ) ) ;
#3302 = DIRECTION ( 'NONE',  ( -0.0000000000000000000, -1.000000000000000000, -0.0000000000000000000 ) ) ;
#3303 = CARTESIAN_POINT ( 'NONE',  ( -3.499999999999998700, -12.10000000000000100, 8.399999999999998600 ) ) ;
#3304 = DIRECTION ( 'NONE',  ( 0.0000000000000000000, -1.000000000000000000, 0.0000000000000000000 ) ) ;
#3305 = CARTESIAN_POINT ( 'NONE',  ( 0.4000000000000000800, 1.950000000000000200, 7.399999999999998600 ) ) ;
#3306 = DIRECTION ( 'NONE',  ( -0.0000000000000000000, -1.000000000000000000, -0.0000000000000000000 ) ) ;
#3307 = CARTESIAN_POINT ( 'NONE',  ( -3.499999999999998700, -12.70000000000000100, -2.400000000000003000 ) ) ;
#3308 = DIRECTION ( 'NONE',  ( 0.0000000000000000000, 3.872150616019658300E-017, -1.000000000000000000 ) ) ;
#3309 = CARTESIAN_POINT ( 'NONE',  ( -3.499999999999998700, -18.60000000000000100, 0.1999999999999979300 ) ) ;
#3310 = DIRECTION ( 'NONE',  ( -0.0000000000000000000, -1.000000000000000000, -0.0000000000000000000 ) ) ;
#3311 = CARTESIAN_POINT ( 'NONE',  ( -3.333333333333332600, -12.43333333333333500, 8.566666666666664700 ) ) ;
#3312 = DIRECTION ( 'NONE',  ( -0.5773502691896264000, -0.5773502691896224000, -0.5773502691896285100 ) ) ;
#3313 = CARTESIAN_POINT ( 'NONE',  ( -3.499999999999998700, -12.10000000000000100, -0.7000000000000022900 ) ) ;
#3314 = DIRECTION ( 'NONE',  ( 0.0000000000000000000, -1.000000000000000000, -5.632219077846777000E-017 ) ) ;
#3315 = CARTESIAN_POINT ( 'NONE',  ( -3.499999999999998700, -18.60000000000000100, 5.799999999999998000 ) ) ;
#3316 = DIRECTION ( 'NONE',  ( -0.0000000000000000000, -1.000000000000000000, -0.0000000000000000000 ) ) ;
#3317 = CARTESIAN_POINT ( 'NONE',  ( -3.000000000000000000, -12.70000000000000100, -2.900000000000003000 ) ) ;
#3318 = DIRECTION ( 'NONE',  ( 0.7071067811865465700, 2.738023958363171100E-017, -0.7071067811865483500 ) ) ;
#3319 = CARTESIAN_POINT ( 'NONE',  ( -2.999999999999998200, -12.10000000000000500, -2.900000000000004400 ) ) ;
#3320 = DIRECTION ( 'NONE',  ( 0.5773502691896266200, 0.5773502691896227300, -0.5773502691896280600 ) ) ;
#3321 =( LENGTH_UNIT ( ) NAMED_UNIT ( * ) SI_UNIT ( .MILLI., .METRE. ) );
#3322 = CARTESIAN_POINT ( 'NONE',  ( 0.4000000000000000800, 1.950000000000000200, 7.399999999999998600 ) ) ;
#3323 = DIRECTION ( 'NONE',  ( -1.000000000000000000, -0.0000000000000000000, -0.0000000000000000000 ) ) ;
#3324 = DIRECTION ( 'NONE',  ( -0.0000000000000000000, 1.000000000000000000, -0.0000000000000000000 ) ) ;
#3325 = CARTESIAN_POINT ( 'NONE',  ( 0.4000000000000000200, 1.950000000000000200, 6.999999999999999100 ) ) ;
#3326 = DIRECTION ( 'NONE',  ( -1.355252715606880000E-016, -0.0000000000000000000, -1.000000000000000000 ) ) ;
#3327 = CARTESIAN_POINT ( 'NONE',  ( 0.4000000000000000200, 1.950000000000000200, 6.999999999999999100 ) ) ;
#3328 = DIRECTION ( 'NONE',  ( -0.0000000000000000000, 1.000000000000000000, -0.0000000000000000000 ) ) ;
#3329 = CARTESIAN_POINT ( 'NONE',  ( -0.4000000000000000200, 1.950000000000000200, 6.999999999999999100 ) ) ;
#3330 = DIRECTION ( 'NONE',  ( -1.000000000000000000, -0.0000000000000000000, -0.0000000000000000000 ) ) ;
#3331 = CARTESIAN_POINT ( 'NONE',  ( -0.4000000000000000200, 1.950000000000000200, 6.999999999999999100 ) ) ;
#3332 = DIRECTION ( 'NONE',  ( -0.0000000000000000000, 1.000000000000000000, -0.0000000000000000000 ) ) ;
#3333 = CARTESIAN_POINT ( 'NONE',  ( -0.4000000000000000200, 1.950000000000000200, 7.399999999999998600 ) ) ;
#3334 = DIRECTION ( 'NONE',  ( -0.0000000000000000000, -0.0000000000000000000, 1.000000000000000000 ) ) ;
#3335 = CARTESIAN_POINT ( 'NONE',  ( -0.4000000000000000200, 1.950000000000000200, 7.399999999999998600 ) ) ;
#3336 = DIRECTION ( 'NONE',  ( -0.0000000000000000000, 1.000000000000000000, -0.0000000000000000000 ) ) ;
#3337 = CARTESIAN_POINT ( 'NONE',  ( -0.6000000000000000900, 1.950000000000000200, 7.399999999999998600 ) ) ;
#3338 = DIRECTION ( 'NONE',  ( -1.000000000000000000, -0.0000000000000000000, -0.0000000000000000000 ) ) ;
#3339 = CARTESIAN_POINT ( 'NONE',  ( -0.6000000000000000900, 1.950000000000000200, 7.399999999999998600 ) ) ;
#3340 = DIRECTION ( 'NONE',  ( -0.0000000000000000000, 1.000000000000000000, -0.0000000000000000000 ) ) ;
#3341 = CARTESIAN_POINT ( 'NONE',  ( 0.0000000000000000000, 1.950000000000000200, 8.599999999999999600 ) ) ;
#3342 = DIRECTION ( 'NONE',  ( 0.4472135954999579300, -0.0000000000000000000, 0.8944271909999158600 ) ) ;
#3343 = CARTESIAN_POINT ( 'NONE',  ( 0.5999999999999998700, 1.950000000000000200, 7.399999999999998600 ) ) ;
#3344 = DIRECTION ( 'NONE',  ( 0.4472135954999577600, -0.0000000000000000000, -0.8944271909999158600 ) ) ;
#3345 = CARTESIAN_POINT ( 'NONE',  ( -3.499999999999998700, -14.20000000000000100, 5.799999999999998000 ) ) ;
#3346 = DIRECTION ( 'NONE',  ( 0.0000000000000000000, 0.0000000000000000000, -1.000000000000000000 ) ) ;
#3347 = CARTESIAN_POINT ( 'NONE',  ( -3.499999999999998700, -12.10000000000000100, -2.400000000000003000 ) ) ;
#3348 = DIRECTION ( 'NONE',  ( 0.0000000000000000000, -1.000000000000000000, 0.0000000000000000000 ) ) ;
#3349 = CARTESIAN_POINT ( 'NONE',  ( 0.4000000000000000800, 1.950000000000000200, -2.200000000000000200 ) ) ;
#3350 = DIRECTION ( 'NONE',  ( -1.000000000000000000, -0.0000000000000000000, -0.0000000000000000000 ) ) ;
#3351 = CARTESIAN_POINT ( 'NONE',  ( 0.4000000000000000800, 1.950000000000000200, -2.200000000000000200 ) ) ;
#3352 = DIRECTION ( 'NONE',  ( -0.0000000000000000000, 1.000000000000000000, -0.0000000000000000000 ) ) ;
#3353 = CARTESIAN_POINT ( 'NONE',  ( 0.4000000000000000200, 1.950000000000000200, -2.600000000000000500 ) ) ;
#3354 = DIRECTION ( 'NONE',  ( -1.355252715606880000E-016, -0.0000000000000000000, -1.000000000000000000 ) ) ;
#3355 = CARTESIAN_POINT ( 'NONE',  ( -0.4000000000000000200, 1.950000000000000200, -2.200000000000000200 ) ) ;
#3356 = DIRECTION ( 'NONE',  ( -0.0000000000000000000, -0.0000000000000000000, 1.000000000000000000 ) ) ;
#3357 = CARTESIAN_POINT ( 'NONE',  ( 0.4000000000000000200, 1.950000000000000200, -2.600000000000000500 ) ) ;
#3358 = DIRECTION ( 'NONE',  ( -0.0000000000000000000, 1.000000000000000000, -0.0000000000000000000 ) ) ;
#3359 = CARTESIAN_POINT ( 'NONE',  ( -0.3999999999999999700, -0.5999999999999999800, 0.0000000000000000000 ) ) ;
#3360 = DIRECTION ( 'NONE',  ( 1.000000000000000000, 0.0000000000000000000, 0.0000000000000000000 ) ) ;
#3361 = DIRECTION ( 'NONE',  ( 0.0000000000000000000, 0.0000000000000000000, 1.000000000000000000 ) ) ;
#3362 = CARTESIAN_POINT ( 'NONE',  ( 0.3999999999999999100, 0.5999999999999999800, 0.0000000000000000000 ) ) ;
#3363 = DIRECTION ( 'NONE',  ( -1.355252715606880500E-016, 1.000000000000000000, -0.0000000000000000000 ) ) ;
#3364 =( NAMED_UNIT ( * ) PLANE_ANGLE_UNIT ( ) SI_UNIT ( $, .RADIAN. ) );
#3365 =( NAMED_UNIT ( * ) SI_UNIT ( $, .STERADIAN. ) SOLID_ANGLE_UNIT ( ) );
#3366 = CARTESIAN_POINT ( 'NONE',  ( 0.0000000000000000000, 0.0000000000000000000, 0.0000000000000000000 ) ) ;
#3367 = DIRECTION ( 'NONE',  ( 1.000000000000000000, 0.0000000000000000000, 0.0000000000000000000 ) ) ;
#3368 = APPLICATION_CONTEXT ( 'configuration controlled 3d designs of mechanical parts and assemblies' ) ;
#3369 = APPLICATION_PROTOCOL_DEFINITION ( 'international standard', 'config_control_design', 1994, #3368 ) ;
#3370 = MECHANICAL_CONTEXT ( 'NONE', #3368, 'mechanical' ) ;
#3371 = PERSON_AND_ORGANIZATION_ROLE ( 'design_owner' ) ;
#3372 = APPLICATION_CONTEXT ( 'configuration controlled 3d designs of mechanical parts and assemblies' ) ;
#3373 = APPLICATION_PROTOCOL_DEFINITION ( 'international standard', 'config_control_design', 1994, #3372 ) ;
#3374 = APPROVAL_STATUS ( 'not_yet_approved' ) ;
#3375 = APPROVAL_ROLE ( '' ) ;
#3376 = PERSON_AND_ORGANIZATION_ROLE ( 'creator' ) ;
#3377 = DATE_TIME_ROLE ( 'creation_date' ) ;
#3378 = APPROVAL_STATUS ( 'not_yet_approved' ) ;
#3379 = APPROVAL_ROLE ( '' ) ;
#3380 = PERSON_AND_ORGANIZATION_ROLE ( 'creator' ) ;
#3381 = PERSON_AND_ORGANIZATION_ROLE ( 'design_supplier' ) ;
#3382 = SECURITY_CLASSIFICATION_LEVEL ( 'unclassified' ) ;
#3383 = PERSON_AND_ORGANIZATION_ROLE ( 'classification_officer' ) ;
#3384 = DATE_TIME_ROLE ( 'classification_date' ) ;
#3385 = APPROVAL_STATUS ( 'not_yet_approved' ) ;
#3386 = APPROVAL_ROLE ( '' ) ;
#3387 = EDGE_CURVE ( 'NONE', #59, #60, #3115, .T. ) ;
#3388 = EDGE_CURVE ( 'NONE', #60, #62, #3117, .T. ) ;
ENDSEC;
END-ISO-10303-21;
