ISO-10303-21;
HEADER;
FILE_DESCRIPTION (( 'STEP AP203' ),
    '1' );
FILE_NAME ('pm-t65w.STEP',
    '2015-08-07T08:19:18',
    ( '' ),
    ( '' ),
    'SwSTEP 2.0',
    'SolidWorks 2010',
    '' );
FILE_SCHEMA (( 'CONFIG_CONTROL_DESIGN' ));
ENDSEC;

DATA;
#1 = PRODUCT ( 'pm-t65w', 'pm-t65w', '', ( #3524 ) ) ;
#2 = PERSON ( 'UNSPECIFIED', 'UNSPECIFIED', 'UNSPECIFIED', ('UNSPECIFIED'), ('UNSPECIFIED'), ('UNSPECIFIED') ) ;
#3 = ORIENTED_EDGE ( 'NONE', *, *, #3633, .F. ) ;
#4 = ORIENTED_EDGE ( 'NONE', *, *, #3583, .T. ) ;
#5 = ORIENTED_EDGE ( 'NONE', *, *, #3632, .T. ) ;
#6 = ORIENTED_EDGE ( 'NONE', *, *, #3561, .T. ) ;
#7 = ORIENTED_EDGE ( 'NONE', *, *, #3631, .F. ) ;
#8 = ORIENTED_EDGE ( 'NONE', *, *, #3634, .T. ) ;
#9 = ORIENTED_EDGE ( 'NONE', *, *, #3607, .T. ) ;
#10 = ORIENTED_EDGE ( 'NONE', *, *, #3609, .F. ) ;
#11 = ORIENTED_EDGE ( 'NONE', *, *, #3581, .F. ) ;
#12 = ORIENTED_EDGE ( 'NONE', *, *, #3624, .T. ) ;
#13 = ORIENTED_EDGE ( 'NONE', *, *, #3811, .T. ) ;
#14 = ORIENTED_EDGE ( 'NONE', *, *, #3667, .T. ) ;
#15 = ORIENTED_EDGE ( 'NONE', *, *, #3811, .F. ) ;
#16 = ORIENTED_EDGE ( 'NONE', *, *, #3827, .F. ) ;
#17 = ORIENTED_EDGE ( 'NONE', *, *, #3709, .T. ) ;
#18 = ORIENTED_EDGE ( 'NONE', *, *, #3710, .T. ) ;
#19 = ORIENTED_EDGE ( 'NONE', *, *, #3827, .T. ) ;
#20 = ORIENTED_EDGE ( 'NONE', *, *, #3822, .T. ) ;
#21 = ORIENTED_EDGE ( 'NONE', *, *, #3814, .T. ) ;
#22 = ORIENTED_EDGE ( 'NONE', *, *, #3790, .T. ) ;
#23 = ORIENTED_EDGE ( 'NONE', *, *, #3717, .T. ) ;
#24 = ORIENTED_EDGE ( 'NONE', *, *, #3715, .T. ) ;
#25 = ORIENTED_EDGE ( 'NONE', *, *, #733, .T. ) ;
#26 = ORIENTED_EDGE ( 'NONE', *, *, #3713, .F. ) ;
#27 = ORIENTED_EDGE ( 'NONE', *, *, #3824, .F. ) ;
#28 = ORIENTED_EDGE ( 'NONE', *, *, #3707, .T. ) ;
#29 = ORIENTED_EDGE ( 'NONE', *, *, #742, .T. ) ;
#30 = ORIENTED_EDGE ( 'NONE', *, *, #3707, .F. ) ;
#31 = ORIENTED_EDGE ( 'NONE', *, *, #3832, .F. ) ;
#32 = ORIENTED_EDGE ( 'NONE', *, *, #3830, .T. ) ;
#33 = ORIENTED_EDGE ( 'NONE', *, *, #729, .T. ) ;
#34 = ORIENTED_EDGE ( 'NONE', *, *, #3830, .F. ) ;
#35 = ORIENTED_EDGE ( 'NONE', *, *, #1616, .F. ) ;
#36 = ORIENTED_EDGE ( 'NONE', *, *, #1612, .T. ) ;
#37 = ORIENTED_EDGE ( 'NONE', *, *, #738, .T. ) ;
#38 = ORIENTED_EDGE ( 'NONE', *, *, #1612, .F. ) ;
#39 = ORIENTED_EDGE ( 'NONE', *, *, #3817, .F. ) ;
#40 = ORIENTED_EDGE ( 'NONE', *, *, #1634, .T. ) ;
#41 = ORIENTED_EDGE ( 'NONE', *, *, #735, .T. ) ;
#42 = ORIENTED_EDGE ( 'NONE', *, *, #1634, .F. ) ;
#43 = ORIENTED_EDGE ( 'NONE', *, *, #1646, .F. ) ;
#44 = ORIENTED_EDGE ( 'NONE', *, *, #1628, .T. ) ;
#45 = ORIENTED_EDGE ( 'NONE', *, *, #727, .T. ) ;
#46 = ORIENTED_EDGE ( 'NONE', *, *, #1628, .F. ) ;
#47 = ORIENTED_EDGE ( 'NONE', *, *, #1632, .F. ) ;
#48 = ORIENTED_EDGE ( 'NONE', *, *, #1638, .T. ) ;
#49 = ORIENTED_EDGE ( 'NONE', *, *, #731, .T. ) ;
#50 = ORIENTED_EDGE ( 'NONE', *, *, #1638, .F. ) ;
#51 = ORIENTED_EDGE ( 'NONE', *, *, #1643, .F. ) ;
#52 = ORIENTED_EDGE ( 'NONE', *, *, #3713, .T. ) ;
#53 = ORIENTED_EDGE ( 'NONE', *, *, #3824, .T. ) ;
#54 = ORIENTED_EDGE ( 'NONE', *, *, #1643, .T. ) ;
#55 = ORIENTED_EDGE ( 'NONE', *, *, #1632, .T. ) ;
#56 = ORIENTED_EDGE ( 'NONE', *, *, #1646, .T. ) ;
#57 = ORIENTED_EDGE ( 'NONE', *, *, #3817, .T. ) ;
#58 = ORIENTED_EDGE ( 'NONE', *, *, #1616, .T. ) ;
#59 = ORIENTED_EDGE ( 'NONE', *, *, #3832, .T. ) ;
#60 = ORIENTED_EDGE ( 'NONE', *, *, #1633, .F. ) ;
#61 = ORIENTED_EDGE ( 'NONE', *, *, #1644, .T. ) ;
#62 = ORIENTED_EDGE ( 'NONE', *, *, #3550, .T. ) ;
#63 = ORIENTED_EDGE ( 'NONE', *, *, #3644, .F. ) ;
#64 = ORIENTED_EDGE ( 'NONE', *, *, #1642, .F. ) ;
#65 = ORIENTED_EDGE ( 'NONE', *, *, #1629, .F. ) ;
#66 = ORIENTED_EDGE ( 'NONE', *, *, #1648, .T. ) ;
#67 = ORIENTED_EDGE ( 'NONE', *, *, #3650, .F. ) ;
#68 = ORIENTED_EDGE ( 'NONE', *, *, #1647, .F. ) ;
#69 = ORIENTED_EDGE ( 'NONE', *, *, #1639, .T. ) ;
#70 = ORIENTED_EDGE ( 'NONE', *, *, #1633, .T. ) ;
#71 = ORIENTED_EDGE ( 'NONE', *, *, #3639, .F. ) ;
#72 = ORIENTED_EDGE ( 'NONE', *, *, #3584, .F. ) ;
#73 = ORIENTED_EDGE ( 'NONE', *, *, #1641, .T. ) ;
#74 = ORIENTED_EDGE ( 'NONE', *, *, #1647, .T. ) ;
#75 = ORIENTED_EDGE ( 'NONE', *, *, #3649, .F. ) ;
#76 = ORIENTED_EDGE ( 'NONE', *, *, #1641, .F. ) ;
#77 = ORIENTED_EDGE ( 'NONE', *, *, #3551, .F. ) ;
#78 = ORIENTED_EDGE ( 'NONE', *, *, #1644, .F. ) ;
#79 = ORIENTED_EDGE ( 'NONE', *, *, #1639, .F. ) ;
#80 = ORIENTED_EDGE ( 'NONE', *, *, #3655, .T. ) ;
#81 = ORIENTED_EDGE ( 'NONE', *, *, #1630, .F. ) ;
#82 = ORIENTED_EDGE ( 'NONE', *, *, #3589, .F. ) ;
#83 = ORIENTED_EDGE ( 'NONE', *, *, #3611, .F. ) ;
#84 = ORIENTED_EDGE ( 'NONE', *, *, #3613, .F. ) ;
#85 = ORIENTED_EDGE ( 'NONE', *, *, #1645, .T. ) ;
#86 = ORIENTED_EDGE ( 'NONE', *, *, #1640, .F. ) ;
#87 = DATE_AND_TIME ( #1057, #3363 ) ;
#88 = APPROVAL_DATE_TIME ( #87, #1805 ) ;
#89 = PERSON_AND_ORGANIZATION ( #2, #3358 ) ;
#90 = COORDINATED_UNIVERSAL_TIME_OFFSET ( 9, 0, .AHEAD. ) ;
#91 = LOCAL_TIME ( 17, 19, 18.00000000000000000, #90 ) ;
#92 = CALENDAR_DATE ( 2015, 7, 8 ) ;
#93 = DATE_AND_TIME ( #92, #91 ) ;
#94 = PERSON_AND_ORGANIZATION ( #2, #3358 ) ;
#95 = APPROVAL_PERSON_ORGANIZATION ( #94, #1810, #3533 ) ;
#96 = COORDINATED_UNIVERSAL_TIME_OFFSET ( 9, 0, .AHEAD. ) ;
#97 = LOCAL_TIME ( 17, 19, 18.00000000000000000, #96 ) ;
#98 = CALENDAR_DATE ( 2015, 7, 8 ) ;
#99 = DATE_AND_TIME ( #98, #97 ) ;
#100 = APPROVAL_DATE_TIME ( #99, #1810 ) ;
#101 = PERSON_AND_ORGANIZATION ( #2, #3358 ) ;
#102 = PERSON_AND_ORGANIZATION ( #2, #3358 ) ;
#103 = PERSON_AND_ORGANIZATION ( #2, #3358 ) ;
#104 = COORDINATED_UNIVERSAL_TIME_OFFSET ( 9, 0, .AHEAD. ) ;
#105 = LOCAL_TIME ( 17, 19, 18.00000000000000000, #104 ) ;
#106 = CALENDAR_DATE ( 2015, 7, 8 ) ;
#107 = DATE_AND_TIME ( #106, #105 ) ;
#108 = PERSON_AND_ORGANIZATION ( #2, #3358 ) ;
#109 = APPROVAL_PERSON_ORGANIZATION ( #108, #1817, #3540 ) ;
#110 = COORDINATED_UNIVERSAL_TIME_OFFSET ( 9, 0, .AHEAD. ) ;
#111 = LOCAL_TIME ( 17, 19, 18.00000000000000000, #110 ) ;
#112 = CALENDAR_DATE ( 2015, 7, 8 ) ;
#113 = DATE_AND_TIME ( #112, #111 ) ;
#114 = APPROVAL_DATE_TIME ( #113, #1817 ) ;
#115 = EDGE_LOOP ( 'NONE', ( #279, #280, #508, #509 ) ) ;
#116 = EDGE_LOOP ( 'NONE', ( #1395, #1396, #1397, #1398 ) ) ;
#117 = EDGE_LOOP ( 'NONE', ( #1379, #1380, #1381, #1382 ) ) ;
#118 = EDGE_LOOP ( 'NONE', ( #1268, #1269, #1270, #1271 ) ) ;
#119 = EDGE_LOOP ( 'NONE', ( #1280, #1281, #590, #591 ) ) ;
#120 = EDGE_LOOP ( 'NONE', ( #1391, #1392, #1393, #1394 ) ) ;
#121 = EDGE_LOOP ( 'NONE', ( #1412, #1413, #1414, #1415, #1416 ) ) ;
#122 = EDGE_LOOP ( 'NONE', ( #1399, #1400, #1401, #1402 ) ) ;
#123 = EDGE_LOOP ( 'NONE', ( #1403, #1404, #1405, #1406 ) ) ;
#124 = EDGE_LOOP ( 'NONE', ( #1407, #1408, #1409, #1410, #1411 ) ) ;
#125 = EDGE_LOOP ( 'NONE', ( #1276, #1277, #1278, #1279 ) ) ;
#126 = EDGE_LOOP ( 'NONE', ( #1417, #1418, #1542, #1543 ) ) ;
#127 = EDGE_LOOP ( 'NONE', ( #1544, #1545, #1546, #1547 ) ) ;
#128 = EDGE_LOOP ( 'NONE', ( #1548, #1549, #1550, #1551 ) ) ;
#129 = EDGE_LOOP ( 'NONE', ( #1264, #1265, #1266, #1267 ) ) ;
#130 = EDGE_LOOP ( 'NONE', ( #1272, #1273, #1274, #1275 ) ) ;
#131 = EDGE_LOOP ( 'NONE', ( #592, #593, #594, #595 ) ) ;
#132 = EDGE_LOOP ( 'NONE', ( #25, #26, #27, #28 ) ) ;
#133 = EDGE_LOOP ( 'NONE', ( #18, #19, #20, #21, #22, #23, #24 ) ) ;
#134 = EDGE_LOOP ( 'NONE', ( #33, #34, #35, #36 ) ) ;
#135 = ORIENTED_EDGE ( 'NONE', *, *, #3689, .T. ) ;
#136 = EDGE_LOOP ( 'NONE', ( #1531, #1532, #1533, #1534 ) ) ;
#137 = EDGE_LOOP ( 'NONE', ( #1527, #1528, #1529, #1530 ) ) ;
#138 = EDGE_LOOP ( 'NONE', ( #1523, #1524, #1525, #1526 ) ) ;
#139 = EDGE_LOOP ( 'NONE', ( #1511, #1512, #1513, #1514 ) ) ;
#140 = EDGE_LOOP ( 'NONE', ( #1507, #1508, #1509, #1510 ) ) ;
#141 = EDGE_LOOP ( 'NONE', ( #1503, #1504, #1505, #1506 ) ) ;
#142 = EDGE_LOOP ( 'NONE', ( #1519, #1520, #1521, #1522 ) ) ;
#143 = EDGE_LOOP ( 'NONE', ( #1499, #1500, #1501, #1502 ) ) ;
#144 = EDGE_LOOP ( 'NONE', ( #1465, #1466, #1467, #1468, #1469, #4170, #4171, #4172, #4173, #4174, #4175, #4176, #4177, #4178, #4179, #4180 ) ) ;
#145 = EDGE_LOOP ( 'NONE', ( #4181, #677, #678, #679 ) ) ;
#146 = EDGE_LOOP ( 'NONE', ( #1457, #1458, #1459, #1460 ) ) ;
#147 = EDGE_LOOP ( 'NONE', ( #1453, #1454, #1455, #1456 ) ) ;
#148 = EDGE_LOOP ( 'NONE', ( #4194, #1450, #1451, #1452 ) ) ;
#149 = EDGE_LOOP ( 'NONE', ( #680, #1496, #1497, #1498 ) ) ;
#150 = EDGE_LOOP ( 'NONE', ( #503, #501, #500, #4191 ) ) ;
#151 = EDGE_LOOP ( 'NONE', ( #1515, #1516, #1517, #1518 ) ) ;
#152 = EDGE_LOOP ( 'NONE', ( #660, #659, #658, #506 ) ) ;
#153 = EDGE_LOOP ( 'NONE', ( #502, #507, #505, #504 ) ) ;
#154 = EDGE_LOOP ( 'NONE', ( #1461, #1462, #1463, #1464 ) ) ;
#155 = EDGE_LOOP ( 'NONE', ( #4193, #4190, #4192, #4195 ) ) ;
#156 = EDGE_LOOP ( 'NONE', ( #1124, #1123, #1122, #1121, #1120 ) ) ;
#157 = EDGE_LOOP ( 'NONE', ( #653, #652, #654, #657 ) ) ;
#158 = EDGE_LOOP ( 'NONE', ( #1115, #1114, #1113, #1112 ) ) ;
#159 = EDGE_LOOP ( 'NONE', ( #1134, #1133, #1132, #1130, #1129, #1131, #1128, #1127, #1126, #1125 ) ) ;
#160 = EDGE_LOOP ( 'NONE', ( #1119, #1118, #1117, #1116 ) ) ;
#161 = EDGE_LOOP ( 'NONE', ( #1145, #1144, #1143, #1142, #1141 ) ) ;
#162 = EDGE_LOOP ( 'NONE', ( #1140, #1139, #1138, #1137, #1136, #1135 ) ) ;
#163 = EDGE_LOOP ( 'NONE', ( #1493, #1492, #1491, #1490 ) ) ;
#164 = EDGE_LOOP ( 'NONE', ( #1149, #1148, #1147, #1146 ) ) ;
#165 = EDGE_LOOP ( 'NONE', ( #1153, #1152, #1151, #1150 ) ) ;
#166 = EDGE_LOOP ( 'NONE', ( #1173, #1176, #1172, #1166, #1165 ) ) ;
#167 = EDGE_LOOP ( 'NONE', ( #1157, #1159, #1158, #1156, #1155, #1154 ) ) ;
#168 = EDGE_LOOP ( 'NONE', ( #1480, #1177, #1170, #1169 ) ) ;
#169 = EDGE_LOOP ( 'NONE', ( #1476, #1477, #1478, #1479 ) ) ;
#170 = EDGE_LOOP ( 'NONE', ( #1494, #1495, #656, #655 ) ) ;
#171 = EDGE_LOOP ( 'NONE', ( #1164, #1163, #1162, #1161, #1160 ) ) ;
#172 = EDGE_LOOP ( 'NONE', ( #526, #527, #1470, #1471 ) ) ;
#173 = EDGE_LOOP ( 'NONE', ( #518, #519, #520, #521 ) ) ;
#174 = EDGE_LOOP ( 'NONE', ( #1167, #1168, #1175, #1174, #1171 ) ) ;
#175 = EDGE_LOOP ( 'NONE', ( #522, #523, #524, #525 ) ) ;
#176 = EDGE_LOOP ( 'NONE', ( #271, #272, #273, #274 ) ) ;
#177 = VERTEX_POINT ( 'NONE', #1095 ) ;
#178 = VERTEX_POINT ( 'NONE', #468 ) ;
#179 = VERTEX_POINT ( 'NONE', #1097 ) ;
#180 = VERTEX_POINT ( 'NONE', #469 ) ;
#181 = VERTEX_POINT ( 'NONE', #1094 ) ;
#182 = DIRECTION ( 'NONE',  ( -1.000000000000000000, 0.0000000000000000000, 0.0000000000000000000 ) ) ;
#183 = DIRECTION ( 'NONE',  ( 0.0000000000000000000, 0.0000000000000000000, 1.000000000000000000 ) ) ;
#184 = DIRECTION ( 'NONE',  ( 1.000000000000000000, 0.0000000000000000000, 0.0000000000000000000 ) ) ;
#185 = CARTESIAN_POINT ( 'NONE',  ( 10.00000000000000200, -11.40000000000000000, 13.00000000000000200 ) ) ;
#186 = DIRECTION ( 'NONE',  ( -0.0000000000000000000, -0.0000000000000000000, -1.000000000000000000 ) ) ;
#187 = CARTESIAN_POINT ( 'NONE',  ( 10.00000000000000200, -13.00000000000000000, 13.00000000000000200 ) ) ;
#188 = CARTESIAN_POINT ( 'NONE',  ( 9.100000000000001400, -13.00000000000000000, 13.00000000000000200 ) ) ;
#189 = PLANE ( 'NONE',  #1663 ) ;
#190 = DIRECTION ( 'NONE',  ( -1.000000000000000000, 0.0000000000000000000, 0.0000000000000000000 ) ) ;
#191 = DIRECTION ( 'NONE',  ( -0.0000000000000000000, -0.0000000000000000000, -1.000000000000000000 ) ) ;
#192 = DIRECTION ( 'NONE',  ( -1.927470528863119700E-015, 1.000000000000000000, 0.0000000000000000000 ) ) ;
#193 = DIRECTION ( 'NONE',  ( -1.000000000000000000, -1.927470528863119700E-015, 0.0000000000000000000 ) ) ;
#194 = CARTESIAN_POINT ( 'NONE',  ( 9.100000000000001400, -14.59999999999999800, 13.00000000000000200 ) ) ;
#195 = CARTESIAN_POINT ( 'NONE',  ( -10.00000000000000200, -13.00000000000000000, 13.00000000000000200 ) ) ;
#196 = PLANE ( 'NONE',  #1665 ) ;
#197 = DIRECTION ( 'NONE',  ( -1.000000000000000000, 0.0000000000000000000, 0.0000000000000000000 ) ) ;
#198 = DIRECTION ( 'NONE',  ( -0.0000000000000000000, -0.0000000000000000000, -1.000000000000000000 ) ) ;
#199 = DIRECTION ( 'NONE',  ( -1.927470528863119700E-015, -1.000000000000000000, 0.0000000000000000000 ) ) ;
#200 = DIRECTION ( 'NONE',  ( 1.000000000000000000, -1.927470528863119700E-015, 0.0000000000000000000 ) ) ;
#201 = CARTESIAN_POINT ( 'NONE',  ( -9.100000000000001400, -14.59999999999999800, 13.00000000000000200 ) ) ;
#202 = CARTESIAN_POINT ( 'NONE',  ( -9.100000000000001400, -13.00000000000000000, 13.00000000000000200 ) ) ;
#203 = PLANE ( 'NONE',  #1667 ) ;
#204 = DIRECTION ( 'NONE',  ( -1.000000000000000000, 0.0000000000000000000, 0.0000000000000000000 ) ) ;
#205 = DIRECTION ( 'NONE',  ( -0.0000000000000000000, -0.0000000000000000000, -1.000000000000000000 ) ) ;
#206 = DIRECTION ( 'NONE',  ( 1.927470528863119700E-015, -1.000000000000000000, 0.0000000000000000000 ) ) ;
#207 = DIRECTION ( 'NONE',  ( 1.000000000000000000, 1.927470528863119700E-015, 0.0000000000000000000 ) ) ;
#208 = CARTESIAN_POINT ( 'NONE',  ( -10.00000000000000200, -11.40000000000000000, 13.00000000000000200 ) ) ;
#209 = CARTESIAN_POINT ( 'NONE',  ( -2.999999999999998700, -18.09999999999999800, 12.70000000000000100 ) ) ;
#210 = PLANE ( 'NONE',  #1669 ) ;
#211 = CARTESIAN_POINT ( 'NONE',  ( -2.999999999999998700, -18.09999999999999800, -3.448764200486670500 ) ) ;
#212 = PLANE ( 'NONE',  #1670 ) ;
#213 = DIRECTION ( 'NONE',  ( 1.927470528863119700E-015, 1.000000000000000000, -0.0000000000000000000 ) ) ;
#214 = DIRECTION ( 'NONE',  ( -1.000000000000000000, 1.927470528863119700E-015, 0.0000000000000000000 ) ) ;
#215 = CARTESIAN_POINT ( 'NONE',  ( -3.000000000000000000, -6.400000000000001200, -3.448764200486670500 ) ) ;
#216 = PLANE ( 'NONE',  #1671 ) ;
#217 = DIRECTION ( 'NONE',  ( 0.0000000000000000000, -1.000000000000000000, 0.0000000000000000000 ) ) ;
#218 = DIRECTION ( 'NONE',  ( 0.0000000000000000000, -0.0000000000000000000, -1.000000000000000000 ) ) ;
#219 = CARTESIAN_POINT ( 'NONE',  ( 2.999999999999999100, -10.40000000000000200, -1.702777509911062000 ) ) ;
#220 = PLANE ( 'NONE',  #1672 ) ;
#221 = DIRECTION ( 'NONE',  ( -0.0000000000000000000, 0.0000000000000000000, 1.000000000000000000 ) ) ;
#222 = DIRECTION ( 'NONE',  ( 1.000000000000000000, 0.0000000000000000000, 0.0000000000000000000 ) ) ;
#223 = CARTESIAN_POINT ( 'NONE',  ( 6.500000000000000000, -10.70000000000000100, -1.702777509911062000 ) ) ;
#224 = PLANE ( 'NONE',  #1673 ) ;
#225 = DIRECTION ( 'NONE',  ( 0.0000000000000000000, 1.000000000000000000, 0.0000000000000000000 ) ) ;
#226 = DIRECTION ( 'NONE',  ( 0.0000000000000000000, -0.0000000000000000000, 1.000000000000000000 ) ) ;
#227 = CARTESIAN_POINT ( 'NONE',  ( 6.499999999999999100, -15.30000000000000100, -1.702777509911062000 ) ) ;
#228 = PLANE ( 'NONE',  #1674 ) ;
#229 = DIRECTION ( 'NONE',  ( 1.000000000000000000, 8.673617379884026600E-016, 0.0000000000000000000 ) ) ;
#230 = DIRECTION ( 'NONE',  ( -8.673617379884026600E-016, 1.000000000000000000, 0.0000000000000000000 ) ) ;
#231 = CARTESIAN_POINT ( 'NONE',  ( 2.999999999999999100, -15.60000000000000100, -1.702777509911062000 ) ) ;
#232 = PLANE ( 'NONE',  #1675 ) ;
#233 = DIRECTION ( 'NONE',  ( 0.08540114134643575500, 0.9963466490417509600, 0.0000000000000000000 ) ) ;
#234 = DIRECTION ( 'NONE',  ( -0.9963466490417508500, 0.08540114134643574100, 0.0000000000000000000 ) ) ;
#235 = CARTESIAN_POINT ( 'NONE',  ( 2.999999999999999100, -16.10000000000000100, -1.702777509911062000 ) ) ;
#236 = PLANE ( 'NONE',  #1676 ) ;
#237 = DIRECTION ( 'NONE',  ( 1.000000000000000000, -1.885568995626964300E-016, 0.0000000000000000000 ) ) ;
#238 = DIRECTION ( 'NONE',  ( 1.885568995626964300E-016, 1.000000000000000000, 0.0000000000000000000 ) ) ;
#239 = CARTESIAN_POINT ( 'NONE',  ( -2.999999999999997300, -15.60000000000000100, -1.702777509911062000 ) ) ;
#240 = PLANE ( 'NONE',  #1677 ) ;
#241 = DIRECTION ( 'NONE',  ( 0.08540114134643576900, -0.9963466490417509600, 0.0000000000000000000 ) ) ;
#242 = DIRECTION ( 'NONE',  ( 0.9963466490417508500, 0.08540114134643575500, 0.0000000000000000000 ) ) ;
#243 = CARTESIAN_POINT ( 'NONE',  ( -6.499999999999997300, -15.30000000000000100, -1.702777509911062000 ) ) ;
#244 = PLANE ( 'NONE',  #1678 ) ;
#245 = DIRECTION ( 'NONE',  ( 1.000000000000000000, -0.0000000000000000000, 0.0000000000000000000 ) ) ;
#246 = DIRECTION ( 'NONE',  ( 0.0000000000000000000, 0.0000000000000000000, -1.000000000000000000 ) ) ;
#247 = CARTESIAN_POINT ( 'NONE',  ( -6.499999999999998200, -10.70000000000000100, -1.702777509911062000 ) ) ;
#248 = PLANE ( 'NONE',  #1679 ) ;
#249 = DIRECTION ( 'NONE',  ( -1.000000000000000000, 0.0000000000000000000, -0.0000000000000000000 ) ) ;
#250 = DIRECTION ( 'NONE',  ( -0.0000000000000000000, 0.0000000000000000000, 1.000000000000000000 ) ) ;
#251 = CARTESIAN_POINT ( 'NONE',  ( -2.999999999999999600, -10.40000000000000200, -1.702777509911062000 ) ) ;
#252 = PLANE ( 'NONE',  #1680 ) ;
#253 = DIRECTION ( 'NONE',  ( -0.08540114134643576900, -0.9963466490417509600, 0.0000000000000000000 ) ) ;
#254 = DIRECTION ( 'NONE',  ( 0.9963466490417508500, -0.08540114134643575500, 0.0000000000000000000 ) ) ;
#255 = CARTESIAN_POINT ( 'NONE',  ( -2.999999999999999600, -9.900000000000000400, -1.702777509911062000 ) ) ;
#256 = PLANE ( 'NONE',  #1681 ) ;
#257 = DIRECTION ( 'NONE',  ( -1.000000000000000000, -1.885568995626964300E-016, 0.0000000000000000000 ) ) ;
#258 = DIRECTION ( 'NONE',  ( 1.885568995626964300E-016, -1.000000000000000000, 0.0000000000000000000 ) ) ;
#259 = DIRECTION ( 'NONE',  ( 0.0000000000000000000, 2.356961244533703400E-016, 1.000000000000000000 ) ) ;
#260 = PLANE ( 'NONE',  #1682 ) ;
#261 = ORIENTED_EDGE ( 'NONE', *, *, #3748, .F. ) ;
#262 = ORIENTED_EDGE ( 'NONE', *, *, #3743, .T. ) ;
#263 = ORIENTED_EDGE ( 'NONE', *, *, #3612, .T. ) ;
#264 = ORIENTED_EDGE ( 'NONE', *, *, #3749, .F. ) ;
#265 = ORIENTED_EDGE ( 'NONE', *, *, #3742, .F. ) ;
#266 = ORIENTED_EDGE ( 'NONE', *, *, #3747, .T. ) ;
#267 = ORIENTED_EDGE ( 'NONE', *, *, #3619, .T. ) ;
#268 = ORIENTED_EDGE ( 'NONE', *, *, #3744, .F. ) ;
#269 = ORIENTED_EDGE ( 'NONE', *, *, #3753, .F. ) ;
#270 = ORIENTED_EDGE ( 'NONE', *, *, #3749, .T. ) ;
#271 = ORIENTED_EDGE ( 'NONE', *, *, #3746, .T. ) ;
#272 = ORIENTED_EDGE ( 'NONE', *, *, #3748, .T. ) ;
#273 = ORIENTED_EDGE ( 'NONE', *, *, #3742, .T. ) ;
#274 = ORIENTED_EDGE ( 'NONE', *, *, #3753, .T. ) ;
#275 = ORIENTED_EDGE ( 'NONE', *, *, #3755, .T. ) ;
#276 = ORIENTED_EDGE ( 'NONE', *, *, #3752, .T. ) ;
#277 = ORIENTED_EDGE ( 'NONE', *, *, #3750, .T. ) ;
#278 = ORIENTED_EDGE ( 'NONE', *, *, #3756, .T. ) ;
#279 = ORIENTED_EDGE ( 'NONE', *, *, #3604, .T. ) ;
#280 = ORIENTED_EDGE ( 'NONE', *, *, #3754, .F. ) ;
#281 = EDGE_LOOP ( 'NONE', ( #76, #77, #78, #79 ) ) ;
#282 = EDGE_LOOP ( 'NONE', ( #785, #786, #789, #791 ) ) ;
#283 = EDGE_LOOP ( 'NONE', ( #793, #794, #796, #799 ) ) ;
#284 = EDGE_LOOP ( 'NONE', ( #621, #622, #623, #624 ) ) ;
#285 = EDGE_LOOP ( 'NONE', ( #37, #38, #39, #40 ) ) ;
#286 = EDGE_LOOP ( 'NONE', ( #625, #626, #627, #628 ) ) ;
#287 = EDGE_LOOP ( 'NONE', ( #629, #630, #631, #13 ) ) ;
#288 = EDGE_LOOP ( 'NONE', ( #14, #15, #16, #17 ) ) ;
#289 = EDGE_LOOP ( 'NONE', ( #29, #30, #31, #32 ) ) ;
#290 = EDGE_LOOP ( 'NONE', ( #1437, #1438, #1439, #1440, #1441, #1442, #1443 ) ) ;
#291 = EDGE_LOOP ( 'NONE', ( #1444, #1445, #1446, #1447 ) ) ;
#292 = EDGE_LOOP ( 'NONE', ( #1448, #1449, #1282, #1283 ) ) ;
#293 = EDGE_LOOP ( 'NONE', ( #551, #552, #553, #554 ) ) ;
#294 = EDGE_LOOP ( 'NONE', ( #1308, #1309, #1310, #1311 ) ) ;
#295 = EDGE_LOOP ( 'NONE', ( #531, #532, #533, #534, #535, #536, #537, #538, #539, #540, #541, #542, #543, #544, #545, #546 ) ) ;
#296 = EDGE_LOOP ( 'NONE', ( #637, #638, #639, #640 ) ) ;
#297 = EDGE_LOOP ( 'NONE', ( #726, #728, #730, #732 ) ) ;
#298 = EDGE_LOOP ( 'NONE', ( #645, #646, #647, #648, #649, #650, #651, #528, #529, #530 ) ) ;
#299 = EDGE_LOOP ( 'NONE', ( #547, #548, #549, #550 ) ) ;
#300 = EDGE_LOOP ( 'NONE', ( #555, #556, #557, #558 ) ) ;
#301 = EDGE_LOOP ( 'NONE', ( #11, #1006, #1005, #1007, #1004, #1000, #1001, #1002, #1003, #999 ) ) ;
#302 = EDGE_LOOP ( 'NONE', ( #993, #992, #991, #990 ) ) ;
#303 = EDGE_LOOP ( 'NONE', ( #998, #997, #996, #995, #994 ) ) ;
#304 = EDGE_LOOP ( 'NONE', ( #559, #560, #561, #562 ) ) ;
#305 = EDGE_LOOP ( 'NONE', ( #1339, #1340, #1341, #1342, #1343, #1344, #1345, #1346, #1347, #1348, #1349, #1350, #1351, #1352 ) ) ;
#306 = EDGE_LOOP ( 'NONE', ( #4183, #4184, #4185, #1314 ) ) ;
#307 = EDGE_LOOP ( 'NONE', ( #1335, #1336, #1337, #1338 ) ) ;
#308 = EDGE_LOOP ( 'NONE', ( #604, #605, #606, #607 ) ) ;
#309 = EDGE_LOOP ( 'NONE', ( #608, #609, #702, #703 ) ) ;
#310 = EDGE_LOOP ( 'NONE', ( #704, #705, #706, #707 ) ) ;
#311 = EDGE_LOOP ( 'NONE', ( #596, #597, #598, #599 ) ) ;
#312 = EDGE_LOOP ( 'NONE', ( #716, #717, #718, #719 ) ) ;
#313 = EDGE_LOOP ( 'NONE', ( #600, #601, #602, #603 ) ) ;
#314 = EDGE_LOOP ( 'NONE', ( #275, #276, #277, #278 ) ) ;
#315 = EDGE_LOOP ( 'NONE', ( #708, #709, #710, #711 ) ) ;
#316 = EDGE_LOOP ( 'NONE', ( #263, #264, #265, #266 ) ) ;
#317 = EDGE_LOOP ( 'NONE', ( #720, #721, #261, #262 ) ) ;
#318 = EDGE_LOOP ( 'NONE', ( #712, #713, #714, #715 ) ) ;
#319 = EDGE_LOOP ( 'NONE', ( #514, #515, #516, #517 ) ) ;
#320 = EDGE_LOOP ( 'NONE', ( #267, #268, #269, #270 ) ) ;
#321 = ADVANCED_FACE ( 'NONE', ( #1010, #1011 ), #467, .F. ) ;
#322 = ADVANCED_FACE ( 'NONE', ( #987 ), #472, .T. ) ;
#323 = ADVANCED_FACE ( 'NONE', ( #1012 ), #477, .T. ) ;
#324 = ADVANCED_FACE ( 'NONE', ( #1009, #1015 ), #480, .F. ) ;
#325 = ADVANCED_FACE ( 'NONE', ( #1008, #1014 ), #476, .T. ) ;
#326 = ADVANCED_FACE ( 'NONE', ( #1013 ), #1020, .T. ) ;
#327 = ADVANCED_FACE ( 'NONE', ( #1018 ), #1022, .T. ) ;
#328 = ADVANCED_FACE ( 'NONE', ( #1017 ), #1024, .T. ) ;
#329 = ADVANCED_FACE ( 'NONE', ( #1019 ), #1026, .T. ) ;
#330 = ADVANCED_FACE ( 'NONE', ( #1016 ), #1028, .F. ) ;
#331 = ADVANCED_FACE ( 'NONE', ( #1021 ), #189, .F. ) ;
#332 = ADVANCED_FACE ( 'NONE', ( #1023 ), #1031, .F. ) ;
#333 = ADVANCED_FACE ( 'NONE', ( #1025 ), #196, .F. ) ;
#334 = ADVANCED_FACE ( 'NONE', ( #1027 ), #1034, .F. ) ;
#335 = ADVANCED_FACE ( 'NONE', ( #1029 ), #203, .F. ) ;
#336 = ADVANCED_FACE ( 'NONE', ( #1030 ), #1037, .F. ) ;
#337 = ADVANCED_FACE ( 'NONE', ( #1032 ), #210, .F. ) ;
#338 = ADVANCED_FACE ( 'NONE', ( #1033 ), #212, .T. ) ;
#339 = ADVANCED_FACE ( 'NONE', ( #1035 ), #216, .T. ) ;
#340 = ADVANCED_FACE ( 'NONE', ( #1036 ), #220, .T. ) ;
#341 = ADVANCED_FACE ( 'NONE', ( #1038 ), #224, .F. ) ;
#342 = ADVANCED_FACE ( 'NONE', ( #1039 ), #228, .F. ) ;
#343 = ADVANCED_FACE ( 'NONE', ( #1040 ), #232, .F. ) ;
#344 = ADVANCED_FACE ( 'NONE', ( #1041 ), #236, .F. ) ;
#345 = ADVANCED_FACE ( 'NONE', ( #1042 ), #240, .F. ) ;
#346 = ADVANCED_FACE ( 'NONE', ( #1043 ), #244, .F. ) ;
#347 = ADVANCED_FACE ( 'NONE', ( #1044 ), #248, .F. ) ;
#348 = ADVANCED_FACE ( 'NONE', ( #1045 ), #252, .F. ) ;
#349 = ADVANCED_FACE ( 'NONE', ( #1046 ), #256, .F. ) ;
#350 = ADVANCED_FACE ( 'NONE', ( #1047 ), #260, .F. ) ;
#351 = ADVANCED_FACE ( 'NONE', ( #1048 ), #792, .F. ) ;
#352 = ADVANCED_FACE ( 'NONE', ( #1049 ), #800, .F. ) ;
#353 = ADVANCED_FACE ( 'NONE', ( #1050 ), #806, .T. ) ;
#354 = ADVANCED_FACE ( 'NONE', ( #1051 ), #810, .F. ) ;
#355 = ADVANCED_FACE ( 'NONE', ( #1052 ), #814, .F. ) ;
#356 = ADVANCED_FACE ( 'NONE', ( #1053 ), #818, .F. ) ;
#357 = ADVANCED_FACE ( 'NONE', ( #1054 ), #822, .F. ) ;
#358 = ADVANCED_FACE ( 'NONE', ( #1055 ), #826, .T. ) ;
#359 = ADVANCED_FACE ( 'NONE', ( #1056 ), #830, .T. ) ;
#360 = ADVANCED_FACE ( 'NONE', ( #1180 ), #834, .F. ) ;
#361 = ADVANCED_FACE ( 'NONE', ( #1179 ), #838, .F. ) ;
#362 = ADVANCED_FACE ( 'NONE', ( #1181 ), #842, .F. ) ;
#363 = ADVANCED_FACE ( 'NONE', ( #1183 ), #846, .F. ) ;
#364 = ADVANCED_FACE ( 'NONE', ( #1178 ), #850, .F. ) ;
#365 = ADVANCED_FACE ( 'NONE', ( #1182 ), #854, .F. ) ;
#366 = ADVANCED_FACE ( 'NONE', ( #1184 ), #858, .T. ) ;
#367 = ADVANCED_FACE ( 'NONE', ( #1185 ), #862, .F. ) ;
#368 = ADVANCED_FACE ( 'NONE', ( #1186 ), #866, .F. ) ;
#369 = ADVANCED_FACE ( 'NONE', ( #1187 ), #870, .F. ) ;
#370 = ADVANCED_FACE ( 'NONE', ( #1188 ), #874, .F. ) ;
#371 = ADVANCED_FACE ( 'NONE', ( #1189 ), #4091, .F. ) ;
#372 = ADVANCED_FACE ( 'NONE', ( #1190 ), #4095, .F. ) ;
#373 = ADVANCED_FACE ( 'NONE', ( #1191 ), #4100, .T. ) ;
#374 = ADVANCED_FACE ( 'NONE', ( #1192 ), #4104, .F. ) ;
#375 = ADVANCED_FACE ( 'NONE', ( #1193 ), #4108, .F. ) ;
#376 = ADVANCED_FACE ( 'NONE', ( #1194 ), #4112, .F. ) ;
#377 = ADVANCED_FACE ( 'NONE', ( #1195, #1199 ), #4115, .F. ) ;
#378 = ADVANCED_FACE ( 'NONE', ( #1197, #1196 ), #4111, .F. ) ;
#379 = ADVANCED_FACE ( 'NONE', ( #1198 ), #4123, .T. ) ;
#380 = ADVANCED_FACE ( 'NONE', ( #1202 ), #4128, .F. ) ;
#381 = ADVANCED_FACE ( 'NONE', ( #1201 ), #4132, .F. ) ;
#382 = ADVANCED_FACE ( 'NONE', ( #1203 ), #4136, .F. ) ;
#383 = ADVANCED_FACE ( 'NONE', ( #1200 ), #4140, .F. ) ;
#384 = ADVANCED_FACE ( 'NONE', ( #1204 ), #4144, .F. ) ;
#385 = ADVANCED_FACE ( 'NONE', ( #1205 ), #4148, .F. ) ;
#386 = ADVANCED_FACE ( 'NONE', ( #1206 ), #4152, .F. ) ;
#387 = ADVANCED_FACE ( 'NONE', ( #1207 ), #4156, .F. ) ;
#388 = ADVANCED_FACE ( 'NONE', ( #1208 ), #4160, .F. ) ;
#389 = ADVANCED_FACE ( 'NONE', ( #1209 ), #4164, .T. ) ;
#390 = ADVANCED_FACE ( 'NONE', ( #1210 ), #4168, .F. ) ;
#391 = ADVANCED_FACE ( 'NONE', ( #1211 ), #3834, .F. ) ;
#392 = ADVANCED_FACE ( 'NONE', ( #1212 ), #3838, .F. ) ;
#393 = ADVANCED_FACE ( 'NONE', ( #1213 ), #3843, .F. ) ;
#394 = ADVANCED_FACE ( 'NONE', ( #1214 ), #3847, .F. ) ;
#395 = ADVANCED_FACE ( 'NONE', ( #1215 ), #3851, .F. ) ;
#396 = ADVANCED_FACE ( 'NONE', ( #1216 ), #3855, .F. ) ;
#397 = ADVANCED_FACE ( 'NONE', ( #1217 ), #3859, .T. ) ;
#398 = ADVANCED_FACE ( 'NONE', ( #1218 ), #3863, .F. ) ;
#399 = ADVANCED_FACE ( 'NONE', ( #1219 ), #3867, .F. ) ;
#400 = ADVANCED_FACE ( 'NONE', ( #1220 ), #3871, .F. ) ;
#401 = ADVANCED_FACE ( 'NONE', ( #1221 ), #3875, .F. ) ;
#402 = ADVANCED_FACE ( 'NONE', ( #1222 ), #3879, .T. ) ;
#403 = ADVANCED_FACE ( 'NONE', ( #1223 ), #3883, .T. ) ;
#404 = VERTEX_POINT ( 'NONE', #3882 ) ;
#405 = VERTEX_POINT ( 'NONE', #3887 ) ;
#406 = VERTEX_POINT ( 'NONE', #3891 ) ;
#407 = VERTEX_POINT ( 'NONE', #3886 ) ;
#408 = VERTEX_POINT ( 'NONE', #3892 ) ;
#409 = VERTEX_POINT ( 'NONE', #3893 ) ;
#410 = VERTEX_POINT ( 'NONE', #3894 ) ;
#411 = VERTEX_POINT ( 'NONE', #3895 ) ;
#412 = VERTEX_POINT ( 'NONE', #3890 ) ;
#413 = VERTEX_POINT ( 'NONE', #3896 ) ;
#414 = VERTEX_POINT ( 'NONE', #3897 ) ;
#415 = VERTEX_POINT ( 'NONE', #3898 ) ;
#416 = VERTEX_POINT ( 'NONE', #3899 ) ;
#417 = VERTEX_POINT ( 'NONE', #3900 ) ;
#418 = VERTEX_POINT ( 'NONE', #3901 ) ;
#419 = VERTEX_POINT ( 'NONE', #3902 ) ;
#420 = VERTEX_POINT ( 'NONE', #3903 ) ;
#421 = VERTEX_POINT ( 'NONE', #3904 ) ;
#422 = VERTEX_POINT ( 'NONE', #3905 ) ;
#423 = VERTEX_POINT ( 'NONE', #3906 ) ;
#424 = VERTEX_POINT ( 'NONE', #3907 ) ;
#425 = VERTEX_POINT ( 'NONE', #3908 ) ;
#426 = VERTEX_POINT ( 'NONE', #3909 ) ;
#427 = VERTEX_POINT ( 'NONE', #3910 ) ;
#428 = VERTEX_POINT ( 'NONE', #3911 ) ;
#429 = VERTEX_POINT ( 'NONE', #3912 ) ;
#430 = VERTEX_POINT ( 'NONE', #3913 ) ;
#431 = VERTEX_POINT ( 'NONE', #3914 ) ;
#432 = VERTEX_POINT ( 'NONE', #3915 ) ;
#433 = VERTEX_POINT ( 'NONE', #3916 ) ;
#434 = VERTEX_POINT ( 'NONE', #3917 ) ;
#435 = VERTEX_POINT ( 'NONE', #3918 ) ;
#436 = VERTEX_POINT ( 'NONE', #3919 ) ;
#437 = VERTEX_POINT ( 'NONE', #4167 ) ;
#438 = VERTEX_POINT ( 'NONE', #3920 ) ;
#439 = VERTEX_POINT ( 'NONE', #3921 ) ;
#440 = VERTEX_POINT ( 'NONE', #3922 ) ;
#441 = VERTEX_POINT ( 'NONE', #3923 ) ;
#442 = VERTEX_POINT ( 'NONE', #3924 ) ;
#443 = VERTEX_POINT ( 'NONE', #3925 ) ;
#444 = VERTEX_POINT ( 'NONE', #3926 ) ;
#445 = VERTEX_POINT ( 'NONE', #3927 ) ;
#446 = VERTEX_POINT ( 'NONE', #3928 ) ;
#447 = VERTEX_POINT ( 'NONE', #3929 ) ;
#448 = VERTEX_POINT ( 'NONE', #3930 ) ;
#449 = VERTEX_POINT ( 'NONE', #3931 ) ;
#450 = VERTEX_POINT ( 'NONE', #3932 ) ;
#451 = VERTEX_POINT ( 'NONE', #3933 ) ;
#452 = VERTEX_POINT ( 'NONE', #3934 ) ;
#453 = VERTEX_POINT ( 'NONE', #3935 ) ;
#454 = VERTEX_POINT ( 'NONE', #3936 ) ;
#455 = VERTEX_POINT ( 'NONE', #3937 ) ;
#456 = VERTEX_POINT ( 'NONE', #3938 ) ;
#457 = VERTEX_POINT ( 'NONE', #3939 ) ;
#458 = VERTEX_POINT ( 'NONE', #3940 ) ;
#459 = VERTEX_POINT ( 'NONE', #3941 ) ;
#460 = VERTEX_POINT ( 'NONE', #3942 ) ;
#461 = VERTEX_POINT ( 'NONE', #3943 ) ;
#462 = VERTEX_POINT ( 'NONE', #3944 ) ;
#463 = VERTEX_POINT ( 'NONE', #3945 ) ;
#464 = VERTEX_POINT ( 'NONE', #3946 ) ;
#465 = VERTEX_POINT ( 'NONE', #3947 ) ;
#466 = VERTEX_POINT ( 'NONE', #3948 ) ;
#467 = PLANE ( 'NONE',  #1653 ) ;
#468 = CARTESIAN_POINT ( 'NONE',  ( 0.5000000000000000000, -18.60000000000000100, 7.199999999999998400 ) ) ;
#469 = CARTESIAN_POINT ( 'NONE',  ( -2.949999999999998800, -18.60000000000000100, 7.999999999999996400 ) ) ;
#470 = CARTESIAN_POINT ( 'NONE',  ( 13.00000000000000200, -9.900000000000000400, 9.000000000000001800 ) ) ;
#471 = CARTESIAN_POINT ( 'NONE',  ( -12.99999999999999800, -9.900000000000000400, 9.000000000000001800 ) ) ;
#472 = PLANE ( 'NONE',  #1654 ) ;
#473 = CARTESIAN_POINT ( 'NONE',  ( -12.99999999999999800, -16.10000000000000100, 9.000000000000001800 ) ) ;
#474 = DIRECTION ( 'NONE',  ( -0.0000000000000000000, 0.0000000000000000000, 1.000000000000000000 ) ) ;
#475 = DIRECTION ( 'NONE',  ( 1.000000000000000000, 0.0000000000000000000, 0.0000000000000000000 ) ) ;
#476 = PLANE ( 'NONE',  #1657 ) ;
#477 = PLANE ( 'NONE',  #1655 ) ;
#478 = DIRECTION ( 'NONE',  ( -1.000000000000000000, 0.0000000000000000000, 0.0000000000000000000 ) ) ;
#479 = DIRECTION ( 'NONE',  ( 0.0000000000000000000, 0.0000000000000000000, 1.000000000000000000 ) ) ;
#480 = PLANE ( 'NONE',  #1656 ) ;
#481 = CARTESIAN_POINT ( 'NONE',  ( -12.99999999999999800, -16.10000000000000100, 9.000000000000001800 ) ) ;
#482 = DIRECTION ( 'NONE',  ( 1.000000000000000000, 0.0000000000000000000, -0.0000000000000000000 ) ) ;
#483 = DIRECTION ( 'NONE',  ( -0.0000000000000000000, 0.0000000000000000000, -1.000000000000000000 ) ) ;
#484 = CARTESIAN_POINT ( 'NONE',  ( -12.99999999999999800, -16.10000000000000100, 13.00000000000000200 ) ) ;
#485 = CARTESIAN_POINT ( 'NONE',  ( 11.00000000000000400, -14.10000000000000000, 9.000000000000001800 ) ) ;
#486 = DIRECTION ( 'NONE',  ( -0.0000000000000000000, 0.0000000000000000000, 1.000000000000000000 ) ) ;
#487 = DIRECTION ( 'NONE',  ( 1.000000000000000000, 0.0000000000000000000, 0.0000000000000000000 ) ) ;
#488 = DIRECTION ( 'NONE',  ( 0.0000000000000000000, 0.0000000000000000000, 1.000000000000000000 ) ) ;
#489 = DIRECTION ( 'NONE',  ( 1.000000000000000000, 0.0000000000000000000, 0.0000000000000000000 ) ) ;
#490 = DIRECTION ( 'NONE',  ( -0.0000000000000000000, 0.0000000000000000000, 1.000000000000000000 ) ) ;
#491 = DIRECTION ( 'NONE',  ( 1.000000000000000000, 0.0000000000000000000, 0.0000000000000000000 ) ) ;
#492 = DIRECTION ( 'NONE',  ( 1.000000000000000000, 0.0000000000000000000, 0.0000000000000000000 ) ) ;
#493 = CARTESIAN_POINT ( 'NONE',  ( -10.99999999999999800, -11.90000000000000000, 9.000000000000001800 ) ) ;
#494 = DIRECTION ( 'NONE',  ( 0.0000000000000000000, 0.0000000000000000000, 1.000000000000000000 ) ) ;
#495 = CARTESIAN_POINT ( 'NONE',  ( 11.00000000000000200, -11.90000000000000000, 9.000000000000001800 ) ) ;
#496 = DIRECTION ( 'NONE',  ( 1.000000000000000000, 0.0000000000000000000, 0.0000000000000000000 ) ) ;
#497 = DIRECTION ( 'NONE',  ( 0.0000000000000000000, 0.0000000000000000000, 1.000000000000000000 ) ) ;
#498 = DESIGN_CONTEXT ( 'detailed design', #3526, 'design' ) ;
#499 = PRODUCT_DEFINITION_SHAPE ( 'NONE', 'NONE',  #1804 ) ;
#500 = ORIENTED_EDGE ( 'NONE', *, *, #3596, .F. ) ;
#501 = ORIENTED_EDGE ( 'NONE', *, *, #3804, .F. ) ;
#502 = ORIENTED_EDGE ( 'NONE', *, *, #3621, .F. ) ;
#503 = ORIENTED_EDGE ( 'NONE', *, *, #3793, .T. ) ;
#504 = ORIENTED_EDGE ( 'NONE', *, *, #3789, .T. ) ;
#505 = ORIENTED_EDGE ( 'NONE', *, *, #3804, .T. ) ;
#506 = ORIENTED_EDGE ( 'NONE', *, *, #3626, .T. ) ;
#507 = ORIENTED_EDGE ( 'NONE', *, *, #3605, .F. ) ;
#508 = ORIENTED_EDGE ( 'NONE', *, *, #3756, .F. ) ;
#509 = ORIENTED_EDGE ( 'NONE', *, *, #3758, .T. ) ;
#510 = ORIENTED_EDGE ( 'NONE', *, *, #3576, .T. ) ;
#511 = ORIENTED_EDGE ( 'NONE', *, *, #3758, .F. ) ;
#512 = ORIENTED_EDGE ( 'NONE', *, *, #3750, .F. ) ;
#513 = ORIENTED_EDGE ( 'NONE', *, *, #3760, .T. ) ;
#514 = ORIENTED_EDGE ( 'NONE', *, *, #3552, .T. ) ;
#515 = ORIENTED_EDGE ( 'NONE', *, *, #3760, .F. ) ;
#516 = ORIENTED_EDGE ( 'NONE', *, *, #3752, .F. ) ;
#517 = ORIENTED_EDGE ( 'NONE', *, *, #3761, .T. ) ;
#518 = ORIENTED_EDGE ( 'NONE', *, *, #3549, .T. ) ;
#519 = ORIENTED_EDGE ( 'NONE', *, *, #3761, .F. ) ;
#520 = ORIENTED_EDGE ( 'NONE', *, *, #3755, .F. ) ;
#521 = ORIENTED_EDGE ( 'NONE', *, *, #3754, .T. ) ;
#522 = ORIENTED_EDGE ( 'NONE', *, *, #3763, .T. ) ;
#523 = ORIENTED_EDGE ( 'NONE', *, *, #3759, .T. ) ;
#524 = ORIENTED_EDGE ( 'NONE', *, *, #3751, .T. ) ;
#525 = ORIENTED_EDGE ( 'NONE', *, *, #3764, .T. ) ;
#526 = ORIENTED_EDGE ( 'NONE', *, *, #3575, .T. ) ;
#527 = ORIENTED_EDGE ( 'NONE', *, *, #3762, .F. ) ;
#528 = ORIENTED_EDGE ( 'NONE', *, *, #3676, .T. ) ;
#529 = ORIENTED_EDGE ( 'NONE', *, *, #3681, .F. ) ;
#530 = ORIENTED_EDGE ( 'NONE', *, *, #3671, .T. ) ;
#531 = ORIENTED_EDGE ( 'NONE', *, *, #3561, .F. ) ;
#532 = ORIENTED_EDGE ( 'NONE', *, *, #3683, .T. ) ;
#533 = ORIENTED_EDGE ( 'NONE', *, *, #3634, .F. ) ;
#534 = ORIENTED_EDGE ( 'NONE', *, *, #3684, .F. ) ;
#535 = ORIENTED_EDGE ( 'NONE', *, *, #3687, .F. ) ;
#536 = ORIENTED_EDGE ( 'NONE', *, *, #3641, .T. ) ;
#537 = ORIENTED_EDGE ( 'NONE', *, *, #3648, .T. ) ;
#538 = ORIENTED_EDGE ( 'NONE', *, *, #3663, .T. ) ;
#539 = ORIENTED_EDGE ( 'NONE', *, *, #3673, .T. ) ;
#540 = ORIENTED_EDGE ( 'NONE', *, *, #3681, .T. ) ;
#541 = ORIENTED_EDGE ( 'NONE', *, *, #3685, .F. ) ;
#542 = ORIENTED_EDGE ( 'NONE', *, *, #751, .T. ) ;
#543 = ORIENTED_EDGE ( 'NONE', *, *, #3622, .T. ) ;
#544 = ORIENTED_EDGE ( 'NONE', *, *, #3623, .T. ) ;
#545 = ORIENTED_EDGE ( 'NONE', *, *, #3682, .T. ) ;
#546 = ORIENTED_EDGE ( 'NONE', *, *, #3688, .F. ) ;
#547 = ORIENTED_EDGE ( 'NONE', *, *, #3675, .T. ) ;
#548 = ORIENTED_EDGE ( 'NONE', *, *, #3686, .F. ) ;
#549 = ORIENTED_EDGE ( 'NONE', *, *, #3691, .F. ) ;
#550 = ORIENTED_EDGE ( 'NONE', *, *, #3690, .T. ) ;
#551 = ORIENTED_EDGE ( 'NONE', *, *, #3672, .T. ) ;
#552 = ORIENTED_EDGE ( 'NONE', *, *, #3690, .F. ) ;
#553 = ORIENTED_EDGE ( 'NONE', *, *, #3695, .F. ) ;
#554 = ORIENTED_EDGE ( 'NONE', *, *, #3692, .T. ) ;
#555 = ORIENTED_EDGE ( 'NONE', *, *, #3677, .T. ) ;
#556 = ORIENTED_EDGE ( 'NONE', *, *, #3692, .F. ) ;
#557 = ORIENTED_EDGE ( 'NONE', *, *, #3697, .F. ) ;
#558 = ORIENTED_EDGE ( 'NONE', *, *, #3694, .T. ) ;
#559 = ORIENTED_EDGE ( 'NONE', *, *, #3674, .T. ) ;
#560 = ORIENTED_EDGE ( 'NONE', *, *, #3694, .F. ) ;
#561 = ORIENTED_EDGE ( 'NONE', *, *, #3699, .F. ) ;
#562 = ORIENTED_EDGE ( 'NONE', *, *, #3686, .T. ) ;
#563 = ORIENTED_EDGE ( 'NONE', *, *, #3691, .T. ) ;
#564 = ORIENTED_EDGE ( 'NONE', *, *, #3699, .T. ) ;
#565 = ORIENTED_EDGE ( 'NONE', *, *, #3697, .T. ) ;
#566 = ORIENTED_EDGE ( 'NONE', *, *, #3695, .T. ) ;
#567 = ORIENTED_EDGE ( 'NONE', *, *, #761, .T. ) ;
#568 = ORIENTED_EDGE ( 'NONE', *, *, #3693, .F. ) ;
#569 = ORIENTED_EDGE ( 'NONE', *, *, #3698, .F. ) ;
#570 = EDGE_LOOP ( 'NONE', ( #1373, #1374, #1375, #1376, #1377, #1378 ) ) ;
#571 = EDGE_LOOP ( 'NONE', ( #41, #42, #43, #44 ) ) ;
#572 = EDGE_LOOP ( 'NONE', ( #45, #46, #47, #48 ) ) ;
#573 = EDGE_LOOP ( 'NONE', ( #49, #50, #51, #52 ) ) ;
#574 = EDGE_LOOP ( 'NONE', ( #1383, #1384, #1385, #1386 ) ) ;
#575 = EDGE_LOOP ( 'NONE', ( #60, #61, #62, #63 ) ) ;
#576 = EDGE_LOOP ( 'NONE', ( #53, #54, #55, #56, #57, #58, #59 ) ) ;
#577 = EDGE_LOOP ( 'NONE', ( #64, #65, #66, #67, #68, #69, #70, #71 ) ) ;
#578 = EDGE_LOOP ( 'NONE', ( #80, #81, #82, #83, #84, #85 ) ) ;
#579 = EDGE_LOOP ( 'NONE', ( #72, #73, #74, #75 ) ) ;
#580 = EDGE_LOOP ( 'NONE', ( #86, #1366, #1367, #1368, #1369, #1370, #1371, #1372 ) ) ;
#581 = EDGE_LOOP ( 'NONE', ( #1387, #1388, #1389, #1390 ) ) ;
#582 = EDGE_LOOP ( 'NONE', ( #1552, #1553, #1554, #1555, #1556, #1557, #1262, #1263 ) ) ;
#583 = EDGE_LOOP ( 'NONE', ( #756, #758, #760, #762 ) ) ;
#584 = EDGE_LOOP ( 'NONE', ( #613, #614, #615, #616 ) ) ;
#585 = EDGE_LOOP ( 'NONE', ( #801, #610, #611, #612 ) ) ;
#586 = EDGE_LOOP ( 'NONE', ( #749, #750, #752, #754 ) ) ;
#587 = EDGE_LOOP ( 'NONE', ( #617, #618, #619, #620 ) ) ;
#588 = EDGE_LOOP ( 'NONE', ( #763, #765, #767, #769 ) ) ;
#589 = EDGE_LOOP ( 'NONE', ( #771, #773, #775, #776 ) ) ;
#590 = ORIENTED_EDGE ( 'NONE', *, *, #3732, .F. ) ;
#591 = ORIENTED_EDGE ( 'NONE', *, *, #3729, .T. ) ;
#592 = ORIENTED_EDGE ( 'NONE', *, *, #722, .T. ) ;
#593 = ORIENTED_EDGE ( 'NONE', *, *, #3733, .F. ) ;
#594 = ORIENTED_EDGE ( 'NONE', *, *, #3731, .F. ) ;
#595 = ORIENTED_EDGE ( 'NONE', *, *, #3722, .T. ) ;
#596 = ORIENTED_EDGE ( 'NONE', *, *, #3570, .T. ) ;
#597 = ORIENTED_EDGE ( 'NONE', *, *, #3726, .F. ) ;
#598 = ORIENTED_EDGE ( 'NONE', *, *, #3737, .F. ) ;
#599 = ORIENTED_EDGE ( 'NONE', *, *, #3733, .T. ) ;
#600 = ORIENTED_EDGE ( 'NONE', *, *, #3728, .T. ) ;
#601 = ORIENTED_EDGE ( 'NONE', *, *, #3732, .T. ) ;
#602 = ORIENTED_EDGE ( 'NONE', *, *, #3731, .T. ) ;
#603 = ORIENTED_EDGE ( 'NONE', *, *, #3737, .T. ) ;
#604 = ORIENTED_EDGE ( 'NONE', *, *, #3543, .T. ) ;
#605 = ORIENTED_EDGE ( 'NONE', *, *, #3735, .F. ) ;
#606 = ORIENTED_EDGE ( 'NONE', *, *, #3738, .F. ) ;
#607 = ORIENTED_EDGE ( 'NONE', *, *, #3736, .T. ) ;
#608 = ORIENTED_EDGE ( 'NONE', *, *, #3618, .T. ) ;
#609 = ORIENTED_EDGE ( 'NONE', *, *, #3739, .F. ) ;
#610 = ORIENTED_EDGE ( 'NONE', *, *, #3709, .F. ) ;
#611 = ORIENTED_EDGE ( 'NONE', *, *, #3710, .F. ) ;
#612 = ORIENTED_EDGE ( 'NONE', *, *, #3705, .T. ) ;
#613 = ORIENTED_EDGE ( 'NONE', *, *, #3665, .T. ) ;
#614 = ORIENTED_EDGE ( 'NONE', *, *, #3705, .F. ) ;
#615 = ORIENTED_EDGE ( 'NONE', *, *, #3715, .F. ) ;
#616 = ORIENTED_EDGE ( 'NONE', *, *, #3712, .T. ) ;
#617 = ORIENTED_EDGE ( 'NONE', *, *, #3666, .T. ) ;
#618 = ORIENTED_EDGE ( 'NONE', *, *, #3712, .F. ) ;
#619 = ORIENTED_EDGE ( 'NONE', *, *, #3717, .F. ) ;
#620 = ORIENTED_EDGE ( 'NONE', *, *, #3714, .T. ) ;
#621 = ORIENTED_EDGE ( 'NONE', *, *, #3662, .T. ) ;
#622 = ORIENTED_EDGE ( 'NONE', *, *, #3714, .F. ) ;
#623 = ORIENTED_EDGE ( 'NONE', *, *, #3790, .F. ) ;
#624 = ORIENTED_EDGE ( 'NONE', *, *, #3716, .T. ) ;
#625 = ORIENTED_EDGE ( 'NONE', *, *, #3661, .T. ) ;
#626 = ORIENTED_EDGE ( 'NONE', *, *, #3716, .F. ) ;
#627 = ORIENTED_EDGE ( 'NONE', *, *, #3814, .F. ) ;
#628 = ORIENTED_EDGE ( 'NONE', *, *, #3718, .T. ) ;
#629 = ORIENTED_EDGE ( 'NONE', *, *, #3669, .T. ) ;
#630 = ORIENTED_EDGE ( 'NONE', *, *, #3718, .F. ) ;
#631 = ORIENTED_EDGE ( 'NONE', *, *, #3822, .F. ) ;
#632 = ORIENTED_EDGE ( 'NONE', *, *, #3665, .F. ) ;
#633 = ORIENTED_EDGE ( 'NONE', *, *, #3666, .F. ) ;
#634 = ORIENTED_EDGE ( 'NONE', *, *, #3662, .F. ) ;
#635 = ORIENTED_EDGE ( 'NONE', *, *, #3661, .F. ) ;
#636 = ORIENTED_EDGE ( 'NONE', *, *, #3669, .F. ) ;
#637 = ORIENTED_EDGE ( 'NONE', *, *, #3587, .T. ) ;
#638 = ORIENTED_EDGE ( 'NONE', *, *, #3671, .F. ) ;
#639 = ORIENTED_EDGE ( 'NONE', *, *, #3673, .F. ) ;
#640 = ORIENTED_EDGE ( 'NONE', *, *, #3660, .T. ) ;
#641 = ORIENTED_EDGE ( 'NONE', *, *, #3674, .F. ) ;
#642 = ORIENTED_EDGE ( 'NONE', *, *, #3675, .F. ) ;
#643 = ORIENTED_EDGE ( 'NONE', *, *, #3672, .F. ) ;
#644 = ORIENTED_EDGE ( 'NONE', *, *, #3677, .F. ) ;
#645 = ORIENTED_EDGE ( 'NONE', *, *, #3547, .T. ) ;
#646 = ORIENTED_EDGE ( 'NONE', *, *, #3670, .T. ) ;
#647 = ORIENTED_EDGE ( 'NONE', *, *, #3679, .T. ) ;
#648 = ORIENTED_EDGE ( 'NONE', *, *, #3668, .T. ) ;
#649 = ORIENTED_EDGE ( 'NONE', *, *, #766, .F. ) ;
#650 = ORIENTED_EDGE ( 'NONE', *, *, #3678, .T. ) ;
#651 = ORIENTED_EDGE ( 'NONE', *, *, #3680, .T. ) ;
#652 = ORIENTED_EDGE ( 'NONE', *, *, #3807, .F. ) ;
#653 = ORIENTED_EDGE ( 'NONE', *, *, #3792, .T. ) ;
#654 = ORIENTED_EDGE ( 'NONE', *, *, #3600, .F. ) ;
#655 = ORIENTED_EDGE ( 'NONE', *, *, #3765, .F. ) ;
#656 = ORIENTED_EDGE ( 'NONE', *, *, #3801, .F. ) ;
#657 = ORIENTED_EDGE ( 'NONE', *, *, #3809, .T. ) ;
#658 = ORIENTED_EDGE ( 'NONE', *, *, #3602, .F. ) ;
#659 = ORIENTED_EDGE ( 'NONE', *, *, #3809, .F. ) ;
#660 = ORIENTED_EDGE ( 'NONE', *, *, #3784, .T. ) ;
#661 = EDGE_LOOP ( 'NONE', ( #567, #568, #569, #135 ) ) ;
#662 = EDGE_LOOP ( 'NONE', ( #778, #780, #782, #784 ) ) ;
#663 = EDGE_LOOP ( 'NONE', ( #734, #736, #737, #739 ) ) ;
#664 = EDGE_LOOP ( 'NONE', ( #563, #564, #565, #566 ) ) ;
#665 = EDGE_LOOP ( 'NONE', ( #741, #743, #745, #747 ) ) ;
#666 = EDGE_LOOP ( 'NONE', ( #1315, #1316, #1317, #1318 ) ) ;
#667 = EDGE_LOOP ( 'NONE', ( #1323, #1324, #1325, #1326 ) ) ;
#668 = EDGE_LOOP ( 'NONE', ( #1357, #1358, #1359, #1360, #1361, #1362, #1363, #1364, #1365, #976, #977, #978, #979, #980, #981, #982, #983, #984, #985, #986 ) ) ;
#669 = EDGE_LOOP ( 'NONE', ( #1331, #1332, #1333, #1334 ) ) ;
#670 = EDGE_LOOP ( 'NONE', ( #1353, #1354, #1355, #1356 ) ) ;
#671 = EDGE_LOOP ( 'NONE', ( #641, #642, #643, #644 ) ) ;
#672 = EDGE_LOOP ( 'NONE', ( #1423, #1424, #1425, #1426 ) ) ;
#673 = EDGE_LOOP ( 'NONE', ( #1284, #1285, #1286, #1287, #1288, #1289, #1290, #1291, #1292, #1293, #1294, #1295, #1296, #1297, #1298, #1299, #1300, #1301, #1302, #1303, #1304, #1305, #1306, #1307 ) ) ;
#674 = EDGE_LOOP ( 'NONE', ( #1419, #1420, #1421, #1422 ) ) ;
#675 = EDGE_LOOP ( 'NONE', ( #1312, #1313, #632, #633, #634, #635, #636 ) ) ;
#676 = EDGE_LOOP ( 'NONE', ( #1427, #1428, #1429, #1430, #1431, #1432, #1433, #1434, #1435, #1436 ) ) ;
#677 = ORIENTED_EDGE ( 'NONE', *, *, #3563, .T. ) ;
#678 = ORIENTED_EDGE ( 'NONE', *, *, #3545, .T. ) ;
#679 = ORIENTED_EDGE ( 'NONE', *, *, #3831, .F. ) ;
#680 = ORIENTED_EDGE ( 'NONE', *, *, #3828, .T. ) ;
#681 = VERTEX_POINT ( 'NONE', #3949 ) ;
#682 = VERTEX_POINT ( 'NONE', #3954 ) ;
#683 = VERTEX_POINT ( 'NONE', #3950 ) ;
#684 = VERTEX_POINT ( 'NONE', #3955 ) ;
#685 = VERTEX_POINT ( 'NONE', #3951 ) ;
#686 = VERTEX_POINT ( 'NONE', #3956 ) ;
#687 = VERTEX_POINT ( 'NONE', #3952 ) ;
#688 = VERTEX_POINT ( 'NONE', #3957 ) ;
#689 = VERTEX_POINT ( 'NONE', #3953 ) ;
#690 = VERTEX_POINT ( 'NONE', #3958 ) ;
#691 = VERTEX_POINT ( 'NONE', #3959 ) ;
#692 = VERTEX_POINT ( 'NONE', #3960 ) ;
#693 = VERTEX_POINT ( 'NONE', #3961 ) ;
#694 = VERTEX_POINT ( 'NONE', #3962 ) ;
#695 = VERTEX_POINT ( 'NONE', #3963 ) ;
#696 = VERTEX_POINT ( 'NONE', #3964 ) ;
#697 = VERTEX_POINT ( 'NONE', #3965 ) ;
#698 = VERTEX_POINT ( 'NONE', #3966 ) ;
#699 = VERTEX_POINT ( 'NONE', #3967 ) ;
#700 = VERTEX_POINT ( 'NONE', #3968 ) ;
#701 = VERTEX_POINT ( 'NONE', #3969 ) ;
#702 = ORIENTED_EDGE ( 'NONE', *, *, #3740, .F. ) ;
#703 = ORIENTED_EDGE ( 'NONE', *, *, #3735, .T. ) ;
#704 = ORIENTED_EDGE ( 'NONE', *, *, #3564, .T. ) ;
#705 = ORIENTED_EDGE ( 'NONE', *, *, #3741, .F. ) ;
#706 = ORIENTED_EDGE ( 'NONE', *, *, #3734, .F. ) ;
#707 = ORIENTED_EDGE ( 'NONE', *, *, #3739, .T. ) ;
#708 = ORIENTED_EDGE ( 'NONE', *, *, #3610, .T. ) ;
#709 = ORIENTED_EDGE ( 'NONE', *, *, #3736, .F. ) ;
#710 = ORIENTED_EDGE ( 'NONE', *, *, #3745, .F. ) ;
#711 = ORIENTED_EDGE ( 'NONE', *, *, #3741, .T. ) ;
#712 = ORIENTED_EDGE ( 'NONE', *, *, #3738, .T. ) ;
#713 = ORIENTED_EDGE ( 'NONE', *, *, #3740, .T. ) ;
#714 = ORIENTED_EDGE ( 'NONE', *, *, #3734, .T. ) ;
#715 = ORIENTED_EDGE ( 'NONE', *, *, #3745, .T. ) ;
#716 = ORIENTED_EDGE ( 'NONE', *, *, #3599, .T. ) ;
#717 = ORIENTED_EDGE ( 'NONE', *, *, #3743, .F. ) ;
#718 = ORIENTED_EDGE ( 'NONE', *, *, #3746, .F. ) ;
#719 = ORIENTED_EDGE ( 'NONE', *, *, #3744, .T. ) ;
#720 = ORIENTED_EDGE ( 'NONE', *, *, #3614, .T. ) ;
#721 = ORIENTED_EDGE ( 'NONE', *, *, #3747, .F. ) ;
#722 = EDGE_CURVE ( 'NONE', #684, #683, #1227, .T. ) ;
#723 = EDGE_CURVE ( 'NONE', #699, #915, #1225, .T. ) ;
#725 = EDGE_CURVE ( 'NONE', #687, #682, #1226, .T. ) ;
#724 = EDGE_LOOP ( 'NONE', ( #1485, #1486, #1487, #1488 ) ) ;
#726 = ORIENTED_EDGE ( 'NONE', *, *, #774, .T. ) ;
#727 = EDGE_CURVE ( 'NONE', #907, #912, #1230, .T. ) ;
#728 = ORIENTED_EDGE ( 'NONE', *, *, #3689, .F. ) ;
#729 = EDGE_CURVE ( 'NONE', #910, #909, #1234, .T. ) ;
#730 = ORIENTED_EDGE ( 'NONE', *, *, #3702, .F. ) ;
#731 = EDGE_CURVE ( 'NONE', #906, #907, #1236, .T. ) ;
#732 = ORIENTED_EDGE ( 'NONE', *, *, #3700, .T. ) ;
#733 = EDGE_CURVE ( 'NONE', #908, #906, #1238, .T. ) ;
#734 = ORIENTED_EDGE ( 'NONE', *, *, #757, .T. ) ;
#735 = EDGE_CURVE ( 'NONE', #912, #911, #1240, .T. ) ;
#736 = ORIENTED_EDGE ( 'NONE', *, *, #3700, .F. ) ;
#738 = EDGE_CURVE ( 'NONE', #911, #910, #1241, .T. ) ;
#737 = ORIENTED_EDGE ( 'NONE', *, *, #3704, .F. ) ;
#739 = ORIENTED_EDGE ( 'NONE', *, *, #3701, .T. ) ;
#740 = EDGE_CURVE ( 'NONE', #905, #904, #1243, .T. ) ;
#741 = ORIENTED_EDGE ( 'NONE', *, *, #759, .T. ) ;
#742 = EDGE_CURVE ( 'NONE', #909, #908, #1246, .T. ) ;
#743 = ORIENTED_EDGE ( 'NONE', *, *, #3701, .F. ) ;
#744 = EDGE_CURVE ( 'NONE', #904, #892, #1248, .T. ) ;
#745 = ORIENTED_EDGE ( 'NONE', *, *, #3706, .F. ) ;
#746 = EDGE_CURVE ( 'NONE', #879, #905, #1250, .T. ) ;
#747 = ORIENTED_EDGE ( 'NONE', *, *, #3693, .T. ) ;
#748 = EDGE_CURVE ( 'NONE', #894, #903, #1252, .T. ) ;
#749 = ORIENTED_EDGE ( 'NONE', *, *, #3698, .T. ) ;
#751 = EDGE_CURVE ( 'NONE', #901, #900, #1253, .T. ) ;
#750 = ORIENTED_EDGE ( 'NONE', *, *, #3706, .T. ) ;
#752 = ORIENTED_EDGE ( 'NONE', *, *, #3704, .T. ) ;
#753 = EDGE_CURVE ( 'NONE', #685, #698, #1255, .T. ) ;
#754 = ORIENTED_EDGE ( 'NONE', *, *, #3702, .T. ) ;
#755 = EDGE_CURVE ( 'NONE', #903, #902, #1258, .T. ) ;
#756 = ORIENTED_EDGE ( 'NONE', *, *, #3678, .F. ) ;
#757 = EDGE_CURVE ( 'NONE', #897, #899, #1260, .T. ) ;
#758 = ORIENTED_EDGE ( 'NONE', *, *, #777, .F. ) ;
#759 = EDGE_CURVE ( 'NONE', #896, #897, #1058, .T. ) ;
#760 = ORIENTED_EDGE ( 'NONE', *, *, #748, .T. ) ;
#761 = EDGE_CURVE ( 'NONE', #898, #896, #1059, .T. ) ;
#762 = ORIENTED_EDGE ( 'NONE', *, *, #3696, .T. ) ;
#764 = EDGE_CURVE ( 'NONE', #900, #878, #1540, .T. ) ;
#763 = ORIENTED_EDGE ( 'NONE', *, *, #3680, .F. ) ;
#765 = ORIENTED_EDGE ( 'NONE', *, *, #3696, .F. ) ;
#766 = EDGE_CURVE ( 'NONE', #895, #893, #4007, .T. ) ;
#767 = ORIENTED_EDGE ( 'NONE', *, *, #755, .T. ) ;
#768 = EDGE_CURVE ( 'NONE', #892, #893, #4010, .T. ) ;
#769 = ORIENTED_EDGE ( 'NONE', *, *, #3708, .T. ) ;
#770 = EDGE_CURVE ( 'NONE', #894, #892, #4009, .T. ) ;
#771 = ORIENTED_EDGE ( 'NONE', *, *, #3676, .F. ) ;
#772 = EDGE_CURVE ( 'NONE', #902, #901, #4011, .T. ) ;
#773 = ORIENTED_EDGE ( 'NONE', *, *, #3708, .F. ) ;
#774 = EDGE_CURVE ( 'NONE', #899, #898, #4017, .T. ) ;
#775 = ORIENTED_EDGE ( 'NONE', *, *, #772, .T. ) ;
#777 = EDGE_CURVE ( 'NONE', #894, #895, #4018, .T. ) ;
#776 = ORIENTED_EDGE ( 'NONE', *, *, #3685, .T. ) ;
#778 = ORIENTED_EDGE ( 'NONE', *, *, #3670, .F. ) ;
#779 = EDGE_CURVE ( 'NONE', #891, #875, #4021, .T. ) ;
#780 = ORIENTED_EDGE ( 'NONE', *, *, #3582, .F. ) ;
#781 = EDGE_CURVE ( 'NONE', #879, #878, #4016, .T. ) ;
#782 = ORIENTED_EDGE ( 'NONE', *, *, #746, .T. ) ;
#783 = EDGE_CURVE ( 'NONE', #891, #890, #4023, .T. ) ;
#784 = ORIENTED_EDGE ( 'NONE', *, *, #3703, .T. ) ;
#785 = ORIENTED_EDGE ( 'NONE', *, *, #3679, .F. ) ;
#786 = ORIENTED_EDGE ( 'NONE', *, *, #3703, .F. ) ;
#787 = DIRECTION ( 'NONE',  ( -0.08540114134643581000, 0.9963466490417509600, 0.0000000000000000000 ) ) ;
#789 = ORIENTED_EDGE ( 'NONE', *, *, #740, .T. ) ;
#788 = DIRECTION ( 'NONE',  ( -0.9963466490417508500, -0.08540114134643579700, 0.0000000000000000000 ) ) ;
#790 = CARTESIAN_POINT ( 'NONE',  ( -0.09999999999999993600, -17.80000000000000400, 6.249999999999997300 ) ) ;
#791 = ORIENTED_EDGE ( 'NONE', *, *, #3711, .T. ) ;
#792 = PLANE ( 'NONE',  #1683 ) ;
#793 = ORIENTED_EDGE ( 'NONE', *, *, #3668, .F. ) ;
#794 = ORIENTED_EDGE ( 'NONE', *, *, #3711, .F. ) ;
#795 = DIRECTION ( 'NONE',  ( -1.000000000000000000, 0.0000000000000000000, -0.0000000000000000000 ) ) ;
#796 = ORIENTED_EDGE ( 'NONE', *, *, #744, .T. ) ;
#797 = DIRECTION ( 'NONE',  ( -0.0000000000000000000, 0.0000000000000000000, 1.000000000000000000 ) ) ;
#799 = ORIENTED_EDGE ( 'NONE', *, *, #768, .T. ) ;
#798 = CARTESIAN_POINT ( 'NONE',  ( -0.09999999999999988100, -17.80000000000000400, 5.749999999999998200 ) ) ;
#800 = PLANE ( 'NONE',  #1684 ) ;
#801 = ORIENTED_EDGE ( 'NONE', *, *, #3664, .T. ) ;
#802 = CARTESIAN_POINT ( 'NONE',  ( 0.4000000000000000800, -17.80000000000000400, 6.249999999999997300 ) ) ;
#803 = DIRECTION ( 'NONE',  ( -1.000000000000000000, 0.0000000000000000000, -4.336808689942021700E-016 ) ) ;
#804 = DIRECTION ( 'NONE',  ( -4.336808689942021700E-016, 0.0000000000000000000, 1.000000000000000000 ) ) ;
#805 = CARTESIAN_POINT ( 'NONE',  ( -0.09999999999999999200, -17.80000000000000400, 4.249999999999997300 ) ) ;
#806 = PLANE ( 'NONE',  #1685 ) ;
#807 = DIRECTION ( 'NONE',  ( 0.0000000000000000000, 0.0000000000000000000, -1.000000000000000000 ) ) ;
#808 = DIRECTION ( 'NONE',  ( -1.000000000000000000, 0.0000000000000000000, -0.0000000000000000000 ) ) ;
#809 = CARTESIAN_POINT ( 'NONE',  ( -0.09999999999999993600, -17.80000000000000400, 3.749999999999998200 ) ) ;
#810 = PLANE ( 'NONE',  #1686 ) ;
#811 = DIRECTION ( 'NONE',  ( 0.0000000000000000000, -1.000000000000000000, 0.0000000000000000000 ) ) ;
#812 = DIRECTION ( 'NONE',  ( 0.0000000000000000000, -0.0000000000000000000, -1.000000000000000000 ) ) ;
#813 = CARTESIAN_POINT ( 'NONE',  ( 0.4000000000000000200, -17.80000000000000400, 4.249999999999997300 ) ) ;
#814 = PLANE ( 'NONE',  #1687 ) ;
#815 = DIRECTION ( 'NONE',  ( 1.000000000000000000, 0.0000000000000000000, 1.084202172485505400E-016 ) ) ;
#816 = DIRECTION ( 'NONE',  ( 1.084202172485505400E-016, 0.0000000000000000000, -1.000000000000000000 ) ) ;
#817 = CARTESIAN_POINT ( 'NONE',  ( -0.09999999999999999200, -17.80000000000000400, 4.249999999999997300 ) ) ;
#818 = PLANE ( 'NONE',  #1688 ) ;
#819 = DIRECTION ( 'NONE',  ( -0.0000000000000000000, 0.0000000000000000000, 1.000000000000000000 ) ) ;
#820 = DIRECTION ( 'NONE',  ( 1.000000000000000000, 0.0000000000000000000, 0.0000000000000000000 ) ) ;
#821 = CARTESIAN_POINT ( 'NONE',  ( -0.09999999999999993600, -17.80000000000000400, 3.749999999999998200 ) ) ;
#822 = PLANE ( 'NONE',  #1689 ) ;
#823 = DIRECTION ( 'NONE',  ( -1.000000000000000000, 0.0000000000000000000, -4.336808689942021700E-016 ) ) ;
#824 = DIRECTION ( 'NONE',  ( -4.336808689942021700E-016, 0.0000000000000000000, 1.000000000000000000 ) ) ;
#825 = CARTESIAN_POINT ( 'NONE',  ( -0.09999999999999999200, -17.80000000000000400, 1.749999999999998000 ) ) ;
#826 = PLANE ( 'NONE',  #1690 ) ;
#827 = DIRECTION ( 'NONE',  ( 0.0000000000000000000, 0.0000000000000000000, -1.000000000000000000 ) ) ;
#828 = DIRECTION ( 'NONE',  ( -1.000000000000000000, 0.0000000000000000000, -0.0000000000000000000 ) ) ;
#829 = CARTESIAN_POINT ( 'NONE',  ( -0.1000000000000000500, -17.80000000000000400, 2.249999999999997800 ) ) ;
#830 = PLANE ( 'NONE',  #1691 ) ;
#831 = DIRECTION ( 'NONE',  ( 0.0000000000000000000, -1.000000000000000000, 0.0000000000000000000 ) ) ;
#832 = DIRECTION ( 'NONE',  ( 0.0000000000000000000, -0.0000000000000000000, -1.000000000000000000 ) ) ;
#833 = CARTESIAN_POINT ( 'NONE',  ( 0.3999999999999999700, -17.80000000000000400, 2.249999999999997800 ) ) ;
#834 = PLANE ( 'NONE',  #1692 ) ;
#835 = DIRECTION ( 'NONE',  ( 0.0000000000000000000, -1.000000000000000000, 0.0000000000000000000 ) ) ;
#836 = DIRECTION ( 'NONE',  ( 0.0000000000000000000, -0.0000000000000000000, -1.000000000000000000 ) ) ;
#837 = CARTESIAN_POINT ( 'NONE',  ( -0.09999999999999999200, -17.80000000000000400, 1.749999999999998000 ) ) ;
#838 = PLANE ( 'NONE',  #1693 ) ;
#839 = DIRECTION ( 'NONE',  ( 0.0000000000000000000, 0.0000000000000000000, -1.000000000000000000 ) ) ;
#840 = DIRECTION ( 'NONE',  ( -1.000000000000000000, 0.0000000000000000000, -0.0000000000000000000 ) ) ;
#841 = CARTESIAN_POINT ( 'NONE',  ( 0.5000000000000000000, -18.60000000000000100, 7.999999999999996400 ) ) ;
#842 = PLANE ( 'NONE',  #1694 ) ;
#843 = DIRECTION ( 'NONE',  ( -1.000000000000000000, 0.0000000000000000000, -4.336808689942021700E-016 ) ) ;
#844 = DIRECTION ( 'NONE',  ( -4.336808689942021700E-016, 0.0000000000000000000, 1.000000000000000000 ) ) ;
#845 = CARTESIAN_POINT ( 'NONE',  ( 0.5000000000000000000, -18.60000000000000100, 7.199999999999998400 ) ) ;
#846 = PLANE ( 'NONE',  #1695 ) ;
#847 = DIRECTION ( 'NONE',  ( -0.0000000000000000000, 0.0000000000000000000, 1.000000000000000000 ) ) ;
#848 = DIRECTION ( 'NONE',  ( 1.000000000000000000, 0.0000000000000000000, 0.0000000000000000000 ) ) ;
#849 = CARTESIAN_POINT ( 'NONE',  ( -2.949999999999998800, -14.20000000000000100, 5.799999999999998000 ) ) ;
#850 = PLANE ( 'NONE',  #1696 ) ;
#851 = DIRECTION ( 'NONE',  ( 0.0000000000000000000, -0.0000000000000000000, 1.000000000000000000 ) ) ;
#852 = DIRECTION ( 'NONE',  ( 1.000000000000000000, 0.0000000000000000000, -0.0000000000000000000 ) ) ;
#853 = CARTESIAN_POINT ( 'NONE',  ( -2.949999999999998800, -18.60000000000000100, 0.1999999999999979300 ) ) ;
#854 = PLANE ( 'NONE',  #1697 ) ;
#855 = DIRECTION ( 'NONE',  ( 1.000000000000000000, 0.0000000000000000000, 0.0000000000000000000 ) ) ;
#856 = DIRECTION ( 'NONE',  ( 0.0000000000000000000, 0.0000000000000000000, -1.000000000000000000 ) ) ;
#857 = CARTESIAN_POINT ( 'NONE',  ( -1.849999999999998500, -18.60000000000000100, 0.5499999999999972700 ) ) ;
#858 = PLANE ( 'NONE',  #1698 ) ;
#859 = DIRECTION ( 'NONE',  ( -0.0000000000000000000, 1.000000000000000000, 0.0000000000000000000 ) ) ;
#860 = DIRECTION ( 'NONE',  ( 0.0000000000000000000, -0.0000000000000000000, 1.000000000000000000 ) ) ;
#861 = CARTESIAN_POINT ( 'NONE',  ( -1.849999999999998500, -18.60000000000000100, 5.449999999999998400 ) ) ;
#862 = PLANE ( 'NONE',  #1699 ) ;
#863 = DIRECTION ( 'NONE',  ( -1.000000000000000000, 0.0000000000000000000, -0.0000000000000000000 ) ) ;
#864 = DIRECTION ( 'NONE',  ( -0.0000000000000000000, 0.0000000000000000000, 1.000000000000000000 ) ) ;
#865 = CARTESIAN_POINT ( 'NONE',  ( -2.449999999999998400, -15.80000000000000100, 2.199999999999998400 ) ) ;
#866 = PLANE ( 'NONE',  #1700 ) ;
#867 = DIRECTION ( 'NONE',  ( 0.0000000000000000000, 0.0000000000000000000, -1.000000000000000000 ) ) ;
#868 = DIRECTION ( 'NONE',  ( -1.000000000000000000, 0.0000000000000000000, -0.0000000000000000000 ) ) ;
#869 = CARTESIAN_POINT ( 'NONE',  ( -2.449999999999998400, -17.64000000000000400, 2.199999999999998800 ) ) ;
#870 = PLANE ( 'NONE',  #1701 ) ;
#871 = DIRECTION ( 'NONE',  ( 0.0000000000000000000, 0.0000000000000000000, 1.000000000000000000 ) ) ;
#872 = DIRECTION ( 'NONE',  ( 1.000000000000000000, 0.0000000000000000000, -0.0000000000000000000 ) ) ;
#873 = DIRECTION ( 'NONE',  ( 0.0000000000000000000, -0.0000000000000000000, -1.000000000000000000 ) ) ;
#874 = PLANE ( 'NONE',  #1702 ) ;
#875 = VERTEX_POINT ( 'NONE', #1847 ) ;
#876 = VERTEX_POINT ( 'NONE', #1851 ) ;
#877 = VERTEX_POINT ( 'NONE', #1844 ) ;
#878 = VERTEX_POINT ( 'NONE', #1852 ) ;
#879 = VERTEX_POINT ( 'NONE', #1849 ) ;
#880 = VERTEX_POINT ( 'NONE', #1853 ) ;
#881 = VERTEX_POINT ( 'NONE', #1840 ) ;
#882 = VERTEX_POINT ( 'NONE', #1854 ) ;
#883 = VERTEX_POINT ( 'NONE', #1850 ) ;
#884 = VERTEX_POINT ( 'NONE', #1855 ) ;
#885 = VERTEX_POINT ( 'NONE', #1856 ) ;
#886 = VERTEX_POINT ( 'NONE', #1857 ) ;
#887 = VERTEX_POINT ( 'NONE', #1858 ) ;
#888 = VERTEX_POINT ( 'NONE', #1859 ) ;
#889 = VERTEX_POINT ( 'NONE', #1860 ) ;
#890 = VERTEX_POINT ( 'NONE', #1861 ) ;
#891 = VERTEX_POINT ( 'NONE', #1862 ) ;
#892 = VERTEX_POINT ( 'NONE', #1863 ) ;
#893 = VERTEX_POINT ( 'NONE', #1864 ) ;
#894 = VERTEX_POINT ( 'NONE', #1865 ) ;
#895 = VERTEX_POINT ( 'NONE', #1866 ) ;
#896 = VERTEX_POINT ( 'NONE', #1867 ) ;
#897 = VERTEX_POINT ( 'NONE', #1868 ) ;
#898 = VERTEX_POINT ( 'NONE', #1869 ) ;
#899 = VERTEX_POINT ( 'NONE', #1870 ) ;
#900 = VERTEX_POINT ( 'NONE', #1871 ) ;
#901 = VERTEX_POINT ( 'NONE', #1872 ) ;
#902 = VERTEX_POINT ( 'NONE', #1873 ) ;
#903 = VERTEX_POINT ( 'NONE', #1874 ) ;
#904 = VERTEX_POINT ( 'NONE', #1875 ) ;
#905 = VERTEX_POINT ( 'NONE', #1876 ) ;
#906 = VERTEX_POINT ( 'NONE', #1877 ) ;
#907 = VERTEX_POINT ( 'NONE', #1878 ) ;
#908 = VERTEX_POINT ( 'NONE', #1879 ) ;
#909 = VERTEX_POINT ( 'NONE', #1880 ) ;
#910 = VERTEX_POINT ( 'NONE', #1881 ) ;
#911 = VERTEX_POINT ( 'NONE', #1882 ) ;
#912 = VERTEX_POINT ( 'NONE', #1883 ) ;
#913 = VERTEX_POINT ( 'NONE', #1884 ) ;
#914 = VERTEX_POINT ( 'NONE', #1885 ) ;
#915 = VERTEX_POINT ( 'NONE', #1886 ) ;
#916 = VERTEX_POINT ( 'NONE', #1887 ) ;
#917 = VERTEX_POINT ( 'NONE', #1888 ) ;
#918 = VERTEX_POINT ( 'NONE', #1889 ) ;
#919 = VERTEX_POINT ( 'NONE', #1890 ) ;
#920 = VERTEX_POINT ( 'NONE', #1891 ) ;
#921 = VERTEX_POINT ( 'NONE', #1892 ) ;
#922 = VERTEX_POINT ( 'NONE', #1893 ) ;
#923 = VERTEX_POINT ( 'NONE', #1894 ) ;
#924 = VERTEX_POINT ( 'NONE', #1895 ) ;
#925 = VERTEX_POINT ( 'NONE', #1896 ) ;
#926 = VERTEX_POINT ( 'NONE', #1897 ) ;
#927 = VERTEX_POINT ( 'NONE', #1898 ) ;
#928 = VERTEX_POINT ( 'NONE', #1899 ) ;
#929 = VERTEX_POINT ( 'NONE', #1900 ) ;
#930 = VERTEX_POINT ( 'NONE', #1901 ) ;
#931 = VERTEX_POINT ( 'NONE', #1902 ) ;
#932 = VERTEX_POINT ( 'NONE', #1903 ) ;
#933 = VERTEX_POINT ( 'NONE', #1904 ) ;
#934 = VERTEX_POINT ( 'NONE', #1905 ) ;
#935 = VERTEX_POINT ( 'NONE', #1906 ) ;
#936 = VERTEX_POINT ( 'NONE', #1907 ) ;
#937 = VERTEX_POINT ( 'NONE', #1908 ) ;
#938 = VERTEX_POINT ( 'NONE', #1909 ) ;
#939 = VERTEX_POINT ( 'NONE', #1910 ) ;
#940 = VERTEX_POINT ( 'NONE', #1911 ) ;
#941 = VERTEX_POINT ( 'NONE', #1912 ) ;
#942 = VERTEX_POINT ( 'NONE', #1913 ) ;
#943 = VERTEX_POINT ( 'NONE', #1914 ) ;
#944 = VERTEX_POINT ( 'NONE', #1915 ) ;
#945 = VERTEX_POINT ( 'NONE', #1916 ) ;
#946 = VERTEX_POINT ( 'NONE', #1917 ) ;
#947 = VERTEX_POINT ( 'NONE', #1918 ) ;
#948 = VERTEX_POINT ( 'NONE', #1919 ) ;
#949 = VERTEX_POINT ( 'NONE', #1920 ) ;
#950 = VERTEX_POINT ( 'NONE', #1921 ) ;
#951 = VERTEX_POINT ( 'NONE', #1922 ) ;
#952 = VERTEX_POINT ( 'NONE', #1923 ) ;
#953 = VERTEX_POINT ( 'NONE', #1924 ) ;
#954 = VERTEX_POINT ( 'NONE', #1925 ) ;
#955 = VERTEX_POINT ( 'NONE', #1926 ) ;
#956 = VERTEX_POINT ( 'NONE', #1927 ) ;
#957 = VERTEX_POINT ( 'NONE', #1928 ) ;
#958 = VERTEX_POINT ( 'NONE', #1929 ) ;
#959 = VERTEX_POINT ( 'NONE', #1930 ) ;
#960 = VERTEX_POINT ( 'NONE', #1931 ) ;
#961 = VERTEX_POINT ( 'NONE', #1932 ) ;
#962 = VERTEX_POINT ( 'NONE', #1933 ) ;
#963 = VERTEX_POINT ( 'NONE', #1934 ) ;
#964 = VERTEX_POINT ( 'NONE', #1935 ) ;
#965 = VERTEX_POINT ( 'NONE', #1936 ) ;
#966 = VERTEX_POINT ( 'NONE', #1937 ) ;
#967 = VERTEX_POINT ( 'NONE', #1938 ) ;
#968 = VERTEX_POINT ( 'NONE', #1939 ) ;
#969 = VERTEX_POINT ( 'NONE', #1940 ) ;
#970 = VERTEX_POINT ( 'NONE', #1941 ) ;
#971 = VERTEX_POINT ( 'NONE', #1942 ) ;
#972 = VERTEX_POINT ( 'NONE', #1943 ) ;
#973 = VERTEX_POINT ( 'NONE', #1944 ) ;
#974 = VERTEX_POINT ( 'NONE', #1945 ) ;
#975 = VERTEX_POINT ( 'NONE', #1946 ) ;
#976 = ORIENTED_EDGE ( 'NONE', *, *, #3587, .F. ) ;
#977 = ORIENTED_EDGE ( 'NONE', *, *, #3588, .F. ) ;
#978 = ORIENTED_EDGE ( 'NONE', *, *, #3559, .F. ) ;
#979 = ORIENTED_EDGE ( 'NONE', *, *, #3550, .F. ) ;
#980 = ORIENTED_EDGE ( 'NONE', *, *, #3551, .T. ) ;
#981 = ORIENTED_EDGE ( 'NONE', *, *, #3584, .T. ) ;
#982 = ORIENTED_EDGE ( 'NONE', *, *, #3616, .F. ) ;
#983 = ORIENTED_EDGE ( 'NONE', *, *, #3546, .F. ) ;
#984 = ORIENTED_EDGE ( 'NONE', *, *, #3585, .T. ) ;
#985 = ORIENTED_EDGE ( 'NONE', *, *, #783, .F. ) ;
#986 = ORIENTED_EDGE ( 'NONE', *, *, #779, .T. ) ;
#987 = FACE_OUTER_BOUND ( 'NONE', #165, .T. ) ;
#988 = ORIENTED_EDGE ( 'NONE', *, *, #3610, .F. ) ;
#989 = ORIENTED_EDGE ( 'NONE', *, *, #3543, .F. ) ;
#990 = ORIENTED_EDGE ( 'NONE', *, *, #3606, .T. ) ;
#991 = ORIENTED_EDGE ( 'NONE', *, *, #3623, .F. ) ;
#992 = ORIENTED_EDGE ( 'NONE', *, *, #3563, .F. ) ;
#993 = ORIENTED_EDGE ( 'NONE', *, *, #3557, .T. ) ;
#994 = ORIENTED_EDGE ( 'NONE', *, *, #3602, .T. ) ;
#995 = ORIENTED_EDGE ( 'NONE', *, *, #3625, .T. ) ;
#996 = ORIENTED_EDGE ( 'NONE', *, *, #3605, .T. ) ;
#997 = ORIENTED_EDGE ( 'NONE', *, *, #3596, .T. ) ;
#998 = ORIENTED_EDGE ( 'NONE', *, *, #3600, .T. ) ;
#999 = ORIENTED_EDGE ( 'NONE', *, *, #3633, .T. ) ;
#1000 = ORIENTED_EDGE ( 'NONE', *, *, #3609, .T. ) ;
#1001 = ORIENTED_EDGE ( 'NONE', *, *, #3566, .T. ) ;
#1002 = ORIENTED_EDGE ( 'NONE', *, *, #3608, .T. ) ;
#1003 = ORIENTED_EDGE ( 'NONE', *, *, #3580, .T. ) ;
#1004 = ORIENTED_EDGE ( 'NONE', *, *, #3568, .F. ) ;
#1005 = ORIENTED_EDGE ( 'NONE', *, *, #3591, .F. ) ;
#1006 = ORIENTED_EDGE ( 'NONE', *, *, #3579, .F. ) ;
#1007 = ORIENTED_EDGE ( 'NONE', *, *, #3574, .F. ) ;
#1008 = FACE_OUTER_BOUND ( 'NONE', #159, .T. ) ;
#1009 = FACE_BOUND ( 'NONE', #161, .T. ) ;
#1010 = FACE_BOUND ( 'NONE', #171, .T. ) ;
#1011 = FACE_OUTER_BOUND ( 'NONE', #167, .T. ) ;
#1012 = FACE_OUTER_BOUND ( 'NONE', #164, .T. ) ;
#1013 = FACE_OUTER_BOUND ( 'NONE', #160, .T. ) ;
#1014 = FACE_BOUND ( 'NONE', #156, .T. ) ;
#1015 = FACE_OUTER_BOUND ( 'NONE', #162, .T. ) ;
#1016 = FACE_OUTER_BOUND ( 'NONE', #157, .T. ) ;
#1017 = FACE_OUTER_BOUND ( 'NONE', #163, .T. ) ;
#1018 = FACE_OUTER_BOUND ( 'NONE', #158, .T. ) ;
#1019 = FACE_OUTER_BOUND ( 'NONE', #170, .T. ) ;
#1020 = CYLINDRICAL_SURFACE ( 'NONE', #1658, 2.000000000000000000 ) ;
#1021 = FACE_OUTER_BOUND ( 'NONE', #152, .T. ) ;
#1022 = CYLINDRICAL_SURFACE ( 'NONE', #1659, 2.000000000000000000 ) ;
#1023 = FACE_OUTER_BOUND ( 'NONE', #153, .T. ) ;
#1024 = CYLINDRICAL_SURFACE ( 'NONE', #1660, 2.000000000000000000 ) ;
#1025 = FACE_OUTER_BOUND ( 'NONE', #150, .T. ) ;
#1026 = CYLINDRICAL_SURFACE ( 'NONE', #1661, 2.000000000000000000 ) ;
#1027 = FACE_OUTER_BOUND ( 'NONE', #155, .T. ) ;
#1028 = CYLINDRICAL_SURFACE ( 'NONE', #1662, 1.600000000000000800 ) ;
#1029 = FACE_OUTER_BOUND ( 'NONE', #148, .T. ) ;
#1030 = FACE_OUTER_BOUND ( 'NONE', #147, .T. ) ;
#1031 = CYLINDRICAL_SURFACE ( 'NONE', #1664, 1.599999999999998100 ) ;
#1032 = FACE_OUTER_BOUND ( 'NONE', #146, .T. ) ;
#1033 = FACE_OUTER_BOUND ( 'NONE', #154, .T. ) ;
#1034 = CYLINDRICAL_SURFACE ( 'NONE', #1666, 1.600000000000000800 ) ;
#1035 = FACE_OUTER_BOUND ( 'NONE', #144, .T. ) ;
#1036 = FACE_OUTER_BOUND ( 'NONE', #145, .T. ) ;
#1037 = CYLINDRICAL_SURFACE ( 'NONE', #1668, 1.599999999999999000 ) ;
#1038 = FACE_OUTER_BOUND ( 'NONE', #149, .T. ) ;
#1039 = FACE_OUTER_BOUND ( 'NONE', #143, .T. ) ;
#1040 = FACE_OUTER_BOUND ( 'NONE', #141, .T. ) ;
#1041 = FACE_OUTER_BOUND ( 'NONE', #140, .T. ) ;
#1042 = FACE_OUTER_BOUND ( 'NONE', #139, .T. ) ;
#1043 = FACE_OUTER_BOUND ( 'NONE', #151, .T. ) ;
#1044 = FACE_OUTER_BOUND ( 'NONE', #142, .T. ) ;
#1045 = FACE_OUTER_BOUND ( 'NONE', #138, .T. ) ;
#1046 = FACE_OUTER_BOUND ( 'NONE', #137, .T. ) ;
#1047 = FACE_OUTER_BOUND ( 'NONE', #136, .T. ) ;
#1048 = FACE_OUTER_BOUND ( 'NONE', #310, .T. ) ;
#1049 = FACE_OUTER_BOUND ( 'NONE', #315, .T. ) ;
#1050 = FACE_OUTER_BOUND ( 'NONE', #318, .T. ) ;
#1051 = FACE_OUTER_BOUND ( 'NONE', #312, .T. ) ;
#1052 = FACE_OUTER_BOUND ( 'NONE', #317, .T. ) ;
#1053 = FACE_OUTER_BOUND ( 'NONE', #316, .T. ) ;
#1054 = FACE_OUTER_BOUND ( 'NONE', #320, .T. ) ;
#1055 = FACE_OUTER_BOUND ( 'NONE', #176, .T. ) ;
#1056 = FACE_OUTER_BOUND ( 'NONE', #314, .T. ) ;
#1057 = CALENDAR_DATE ( 2015, 7, 8 ) ;
#1058 = LINE ( 'NONE', #1821, #1259 ) ;
#1059 = LINE ( 'NONE', #1824, #4006 ) ;
#1060 = VERTEX_POINT ( 'NONE', #1948 ) ;
#1061 = VERTEX_POINT ( 'NONE', #1952 ) ;
#1062 = VERTEX_POINT ( 'NONE', #1949 ) ;
#1063 = VERTEX_POINT ( 'NONE', #1953 ) ;
#1064 = VERTEX_POINT ( 'NONE', #1950 ) ;
#1065 = VERTEX_POINT ( 'NONE', #1954 ) ;
#1066 = VERTEX_POINT ( 'NONE', #1951 ) ;
#1067 = VERTEX_POINT ( 'NONE', #1955 ) ;
#1068 = VERTEX_POINT ( 'NONE', #1947 ) ;
#1069 = VERTEX_POINT ( 'NONE', #1956 ) ;
#1070 = VERTEX_POINT ( 'NONE', #1957 ) ;
#1071 = VERTEX_POINT ( 'NONE', #1958 ) ;
#1072 = VERTEX_POINT ( 'NONE', #1959 ) ;
#1073 = VERTEX_POINT ( 'NONE', #1960 ) ;
#1074 = VERTEX_POINT ( 'NONE', #1961 ) ;
#1075 = VERTEX_POINT ( 'NONE', #1962 ) ;
#1076 = VERTEX_POINT ( 'NONE', #1963 ) ;
#1077 = VERTEX_POINT ( 'NONE', #1964 ) ;
#1078 = VERTEX_POINT ( 'NONE', #1965 ) ;
#1079 = VERTEX_POINT ( 'NONE', #1966 ) ;
#1080 = VERTEX_POINT ( 'NONE', #1967 ) ;
#1081 = VERTEX_POINT ( 'NONE', #1968 ) ;
#1082 = VERTEX_POINT ( 'NONE', #1969 ) ;
#1083 = VERTEX_POINT ( 'NONE', #1970 ) ;
#1084 = VERTEX_POINT ( 'NONE', #1971 ) ;
#1085 = VERTEX_POINT ( 'NONE', #1972 ) ;
#1086 = VERTEX_POINT ( 'NONE', #1973 ) ;
#1087 = VERTEX_POINT ( 'NONE', #1974 ) ;
#1088 = VERTEX_POINT ( 'NONE', #1975 ) ;
#1089 = VERTEX_POINT ( 'NONE', #1976 ) ;
#1090 = VERTEX_POINT ( 'NONE', #1977 ) ;
#1091 = VERTEX_POINT ( 'NONE', #1978 ) ;
#1092 = VERTEX_POINT ( 'NONE', #1979 ) ;
#1093 = CARTESIAN_POINT ( 'NONE',  ( -10.99999999999999800, -14.10000000000000000, 9.000000000000001800 ) ) ;
#1094 = CARTESIAN_POINT ( 'NONE',  ( -3.000000000000002700, -9.900000000000000400, 9.000000000000001800 ) ) ;
#1095 = CARTESIAN_POINT ( 'NONE',  ( 0.5000000000000000000, -18.60000000000000100, 7.999999999999996400 ) ) ;
#1096 = VERTEX_POINT ( 'NONE', #1980 ) ;
#1097 = CARTESIAN_POINT ( 'NONE',  ( -2.949999999999998800, -18.60000000000000100, 5.799999999999998000 ) ) ;
#1098 = VERTEX_POINT ( 'NONE', #1981 ) ;
#1099 = VERTEX_POINT ( 'NONE', #1982 ) ;
#1100 = VERTEX_POINT ( 'NONE', #1983 ) ;
#1101 = VERTEX_POINT ( 'NONE', #1984 ) ;
#1102 = VERTEX_POINT ( 'NONE', #1985 ) ;
#1103 = VERTEX_POINT ( 'NONE', #1986 ) ;
#1104 = VERTEX_POINT ( 'NONE', #1987 ) ;
#1105 = VERTEX_POINT ( 'NONE', #1988 ) ;
#1106 = VERTEX_POINT ( 'NONE', #1989 ) ;
#1107 = VERTEX_POINT ( 'NONE', #1990 ) ;
#1108 = VERTEX_POINT ( 'NONE', #1991 ) ;
#1109 = VERTEX_POINT ( 'NONE', #1992 ) ;
#1110 = VERTEX_POINT ( 'NONE', #1993 ) ;
#1111 = VERTEX_POINT ( 'NONE', #1994 ) ;
#1112 = ORIENTED_EDGE ( 'NONE', *, *, #3788, .F. ) ;
#1113 = ORIENTED_EDGE ( 'NONE', *, *, #3580, .F. ) ;
#1114 = ORIENTED_EDGE ( 'NONE', *, *, #3583, .F. ) ;
#1115 = ORIENTED_EDGE ( 'NONE', *, *, #3795, .F. ) ;
#1116 = ORIENTED_EDGE ( 'NONE', *, *, #3607, .F. ) ;
#1117 = ORIENTED_EDGE ( 'NONE', *, *, #3566, .F. ) ;
#1118 = ORIENTED_EDGE ( 'NONE', *, *, #3786, .F. ) ;
#1119 = ORIENTED_EDGE ( 'NONE', *, *, #3794, .F. ) ;
#1120 = ORIENTED_EDGE ( 'NONE', *, *, #3803, .T. ) ;
#1121 = ORIENTED_EDGE ( 'NONE', *, *, #3806, .T. ) ;
#1122 = ORIENTED_EDGE ( 'NONE', *, *, #3805, .T. ) ;
#1123 = ORIENTED_EDGE ( 'NONE', *, *, #3620, .T. ) ;
#1124 = ORIENTED_EDGE ( 'NONE', *, *, #3802, .T. ) ;
#1125 = ORIENTED_EDGE ( 'NONE', *, *, #3774, .T. ) ;
#1126 = ORIENTED_EDGE ( 'NONE', *, *, #3791, .T. ) ;
#1127 = ORIENTED_EDGE ( 'NONE', *, *, #3783, .T. ) ;
#1128 = ORIENTED_EDGE ( 'NONE', *, *, #3801, .T. ) ;
#1129 = ORIENTED_EDGE ( 'NONE', *, *, #3796, .F. ) ;
#1130 = ORIENTED_EDGE ( 'NONE', *, *, #3800, .F. ) ;
#1131 = ORIENTED_EDGE ( 'NONE', *, *, #3767, .T. ) ;
#1132 = ORIENTED_EDGE ( 'NONE', *, *, #3797, .F. ) ;
#1133 = ORIENTED_EDGE ( 'NONE', *, *, #3798, .F. ) ;
#1134 = ORIENTED_EDGE ( 'NONE', *, *, #3799, .F. ) ;
#1135 = ORIENTED_EDGE ( 'NONE', *, *, #3795, .T. ) ;
#1136 = ORIENTED_EDGE ( 'NONE', *, *, #3632, .F. ) ;
#1137 = ORIENTED_EDGE ( 'NONE', *, *, #3683, .F. ) ;
#1138 = ORIENTED_EDGE ( 'NONE', *, *, #3624, .F. ) ;
#1139 = ORIENTED_EDGE ( 'NONE', *, *, #3794, .T. ) ;
#1140 = ORIENTED_EDGE ( 'NONE', *, *, #3787, .F. ) ;
#1141 = ORIENTED_EDGE ( 'NONE', *, *, #3789, .F. ) ;
#1142 = ORIENTED_EDGE ( 'NONE', *, *, #3627, .F. ) ;
#1143 = ORIENTED_EDGE ( 'NONE', *, *, #3784, .F. ) ;
#1144 = ORIENTED_EDGE ( 'NONE', *, *, #3792, .F. ) ;
#1145 = ORIENTED_EDGE ( 'NONE', *, *, #3793, .F. ) ;
#1146 = ORIENTED_EDGE ( 'NONE', *, *, #3788, .T. ) ;
#1147 = ORIENTED_EDGE ( 'NONE', *, *, #3787, .T. ) ;
#1148 = ORIENTED_EDGE ( 'NONE', *, *, #3786, .T. ) ;
#1149 = ORIENTED_EDGE ( 'NONE', *, *, #3608, .F. ) ;
#1150 = ORIENTED_EDGE ( 'NONE', *, *, #3785, .T. ) ;
#1151 = ORIENTED_EDGE ( 'NONE', *, *, #3783, .F. ) ;
#1152 = ORIENTED_EDGE ( 'NONE', *, *, #3781, .T. ) ;
#1153 = ORIENTED_EDGE ( 'NONE', *, *, #3782, .T. ) ;
#1154 = ORIENTED_EDGE ( 'NONE', *, *, #3544, .T. ) ;
#1155 = ORIENTED_EDGE ( 'NONE', *, *, #3757, .F. ) ;
#1156 = ORIENTED_EDGE ( 'NONE', *, *, #3780, .T. ) ;
#1157 = ORIENTED_EDGE ( 'NONE', *, *, #3776, .F. ) ;
#1158 = ORIENTED_EDGE ( 'NONE', *, *, #3782, .F. ) ;
#1159 = ORIENTED_EDGE ( 'NONE', *, *, #3773, .T. ) ;
#1160 = ORIENTED_EDGE ( 'NONE', *, *, #3778, .F. ) ;
#1161 = ORIENTED_EDGE ( 'NONE', *, *, #3770, .F. ) ;
#1162 = ORIENTED_EDGE ( 'NONE', *, *, #3777, .F. ) ;
#1163 = ORIENTED_EDGE ( 'NONE', *, *, #3629, .F. ) ;
#1164 = ORIENTED_EDGE ( 'NONE', *, *, #3779, .F. ) ;
#1165 = ORIENTED_EDGE ( 'NONE', *, *, #779, .F. ) ;
#1166 = ORIENTED_EDGE ( 'NONE', *, *, #3776, .T. ) ;
#1167 = ORIENTED_EDGE ( 'NONE', *, *, #3771, .F. ) ;
#1168 = ORIENTED_EDGE ( 'NONE', *, *, #3541, .F. ) ;
#1169 = ORIENTED_EDGE ( 'NONE', *, *, #3762, .T. ) ;
#1170 = ORIENTED_EDGE ( 'NONE', *, *, #3763, .F. ) ;
#1171 = ORIENTED_EDGE ( 'NONE', *, *, #3767, .F. ) ;
#1172 = ORIENTED_EDGE ( 'NONE', *, *, #3772, .T. ) ;
#1173 = ORIENTED_EDGE ( 'NONE', *, *, #3775, .T. ) ;
#1174 = ORIENTED_EDGE ( 'NONE', *, *, #3765, .T. ) ;
#1175 = ORIENTED_EDGE ( 'NONE', *, *, #3757, .T. ) ;
#1176 = ORIENTED_EDGE ( 'NONE', *, *, #3774, .F. ) ;
#1177 = ORIENTED_EDGE ( 'NONE', *, *, #3769, .F. ) ;
#1178 = FACE_OUTER_BOUND ( 'NONE', #128, .T. ) ;
#1179 = FACE_OUTER_BOUND ( 'NONE', #1539, .T. ) ;
#1180 = FACE_OUTER_BOUND ( 'NONE', #115, .T. ) ;
#1181 = FACE_OUTER_BOUND ( 'NONE', #319, .T. ) ;
#1182 = FACE_OUTER_BOUND ( 'NONE', #582, .T. ) ;
#1183 = FACE_OUTER_BOUND ( 'NONE', #127, .T. ) ;
#1184 = FACE_OUTER_BOUND ( 'NONE', #129, .T. ) ;
#1185 = FACE_OUTER_BOUND ( 'NONE', #118, .T. ) ;
#1186 = FACE_OUTER_BOUND ( 'NONE', #130, .T. ) ;
#1187 = FACE_OUTER_BOUND ( 'NONE', #125, .T. ) ;
#1188 = FACE_OUTER_BOUND ( 'NONE', #119, .T. ) ;
#1189 = FACE_OUTER_BOUND ( 'NONE', #131, .T. ) ;
#1190 = FACE_OUTER_BOUND ( 'NONE', #311, .T. ) ;
#1191 = FACE_OUTER_BOUND ( 'NONE', #313, .T. ) ;
#1192 = FACE_OUTER_BOUND ( 'NONE', #308, .T. ) ;
#1193 = FACE_OUTER_BOUND ( 'NONE', #309, .T. ) ;
#1194 = FACE_OUTER_BOUND ( 'NONE', #294, .T. ) ;
#1195 = FACE_BOUND ( 'NONE', #675, .T. ) ;
#1196 = FACE_OUTER_BOUND ( 'NONE', #298, .T. ) ;
#1197 = FACE_BOUND ( 'NONE', #671, .T. ) ;
#1198 = FACE_OUTER_BOUND ( 'NONE', #295, .T. ) ;
#1199 = FACE_OUTER_BOUND ( 'NONE', #296, .T. ) ;
#1200 = FACE_OUTER_BOUND ( 'NONE', #674, .T. ) ;
#1201 = FACE_OUTER_BOUND ( 'NONE', #670, .T. ) ;
#1202 = FACE_OUTER_BOUND ( 'NONE', #299, .T. ) ;
#1203 = FACE_OUTER_BOUND ( 'NONE', #668, .T. ) ;
#1204 = FACE_OUTER_BOUND ( 'NONE', #580, .T. ) ;
#1205 = FACE_OUTER_BOUND ( 'NONE', #570, .T. ) ;
#1206 = FACE_OUTER_BOUND ( 'NONE', #117, .T. ) ;
#1207 = FACE_OUTER_BOUND ( 'NONE', #574, .T. ) ;
#1208 = FACE_OUTER_BOUND ( 'NONE', #581, .T. ) ;
#1209 = FACE_OUTER_BOUND ( 'NONE', #120, .T. ) ;
#1210 = FACE_OUTER_BOUND ( 'NONE', #116, .T. ) ;
#1211 = FACE_OUTER_BOUND ( 'NONE', #122, .T. ) ;
#1212 = FACE_OUTER_BOUND ( 'NONE', #123, .T. ) ;
#1213 = FACE_OUTER_BOUND ( 'NONE', #124, .T. ) ;
#1214 = FACE_OUTER_BOUND ( 'NONE', #121, .T. ) ;
#1215 = FACE_OUTER_BOUND ( 'NONE', #126, .T. ) ;
#1216 = FACE_OUTER_BOUND ( 'NONE', #173, .T. ) ;
#1217 = FACE_OUTER_BOUND ( 'NONE', #175, .T. ) ;
#1218 = FACE_OUTER_BOUND ( 'NONE', #172, .T. ) ;
#1219 = FACE_OUTER_BOUND ( 'NONE', #1538, .T. ) ;
#1220 = FACE_OUTER_BOUND ( 'NONE', #169, .T. ) ;
#1221 = FACE_OUTER_BOUND ( 'NONE', #168, .T. ) ;
#1222 = FACE_OUTER_BOUND ( 'NONE', #174, .T. ) ;
#1223 = FACE_OUTER_BOUND ( 'NONE', #166, .T. ) ;
#1224 = VECTOR ( 'NONE', #3980, 1000.000000000000000 ) ;
#1225 = LINE ( 'NONE', #3971, #1229 ) ;
#1226 = LINE ( 'NONE', #3972, #1231 ) ;
#1227 = LINE ( 'NONE', #3970, #1228 ) ;
#1228 = VECTOR ( 'NONE', #3973, 1000.000000000000000 ) ;
#1229 = VECTOR ( 'NONE', #3975, 1000.000000000000000 ) ;
#1230 = LINE ( 'NONE', #3978, #1224 ) ;
#1231 = VECTOR ( 'NONE', #3977, 1000.000000000000000 ) ;
#1232 = VECTOR ( 'NONE', #3982, 1000.000000000000000 ) ;
#1233 = VECTOR ( 'NONE', #3984, 1000.000000000000000 ) ;
#1234 = LINE ( 'NONE', #3976, #1232 ) ;
#1235 = VECTOR ( 'NONE', #3985, 1000.000000000000100 ) ;
#1236 = LINE ( 'NONE', #3979, #1233 ) ;
#1237 = VECTOR ( 'NONE', #3986, 1000.000000000000000 ) ;
#1238 = LINE ( 'NONE', #3981, #1235 ) ;
#1239 = VECTOR ( 'NONE', #3994, 1000.000000000000200 ) ;
#1240 = LINE ( 'NONE', #3983, #1237 ) ;
#1241 = LINE ( 'NONE', #3989, #1242 ) ;
#1242 = VECTOR ( 'NONE', #3990, 1000.000000000000000 ) ;
#1243 = LINE ( 'NONE', #3974, #1244 ) ;
#1244 = VECTOR ( 'NONE', #3992, 1000.000000000000000 ) ;
#1245 = VECTOR ( 'NONE', #3996, 1000.000000000000100 ) ;
#1246 = LINE ( 'NONE', #3988, #1239 ) ;
#1247 = VECTOR ( 'NONE', #3997, 1000.000000000000000 ) ;
#1248 = LINE ( 'NONE', #3991, #1245 ) ;
#1249 = VECTOR ( 'NONE', #3998, 1000.000000000000100 ) ;
#1250 = LINE ( 'NONE', #3993, #1247 ) ;
#1251 = VECTOR ( 'NONE', #1822, 1000.000000000000000 ) ;
#1252 = LINE ( 'NONE', #3995, #1249 ) ;
#1253 = LINE ( 'NONE', #4001, #1254 ) ;
#1254 = VECTOR ( 'NONE', #4002, 1000.000000000000000 ) ;
#1255 = LINE ( 'NONE', #3987, #1256 ) ;
#1256 = VECTOR ( 'NONE', #4004, 1000.000000000000000 ) ;
#1257 = VECTOR ( 'NONE', #3999, 1000.000000000000000 ) ;
#1258 = LINE ( 'NONE', #4000, #1251 ) ;
#1259 = VECTOR ( 'NONE', #1825, 1000.000000000000000 ) ;
#1260 = LINE ( 'NONE', #4003, #1257 ) ;
#1261 = LINE ( 'NONE', #2189, #2315 ) ;
#1262 = ORIENTED_EDGE ( 'NONE', *, *, #3727, .F. ) ;
#1263 = ORIENTED_EDGE ( 'NONE', *, *, #1631, .T. ) ;
#1264 = ORIENTED_EDGE ( 'NONE', *, *, #3730, .F. ) ;
#1265 = ORIENTED_EDGE ( 'NONE', *, *, #3553, .T. ) ;
#1266 = ORIENTED_EDGE ( 'NONE', *, *, #3721, .T. ) ;
#1267 = ORIENTED_EDGE ( 'NONE', *, *, #3727, .T. ) ;
#1268 = ORIENTED_EDGE ( 'NONE', *, *, #3592, .T. ) ;
#1269 = ORIENTED_EDGE ( 'NONE', *, *, #3598, .F. ) ;
#1270 = ORIENTED_EDGE ( 'NONE', *, *, #3571, .F. ) ;
#1271 = ORIENTED_EDGE ( 'NONE', *, *, #3719, .T. ) ;
#1272 = ORIENTED_EDGE ( 'NONE', *, *, #3730, .T. ) ;
#1273 = ORIENTED_EDGE ( 'NONE', *, *, #3723, .F. ) ;
#1274 = ORIENTED_EDGE ( 'NONE', *, *, #3567, .F. ) ;
#1275 = ORIENTED_EDGE ( 'NONE', *, *, #3617, .T. ) ;
#1276 = ORIENTED_EDGE ( 'NONE', *, *, #3573, .T. ) ;
#1277 = ORIENTED_EDGE ( 'NONE', *, *, #3729, .F. ) ;
#1278 = ORIENTED_EDGE ( 'NONE', *, *, #3728, .F. ) ;
#1279 = ORIENTED_EDGE ( 'NONE', *, *, #3726, .T. ) ;
#1280 = ORIENTED_EDGE ( 'NONE', *, *, #3577, .T. ) ;
#1281 = ORIENTED_EDGE ( 'NONE', *, *, #3722, .F. ) ;
#1282 = ORIENTED_EDGE ( 'NONE', *, *, #3546, .T. ) ;
#1283 = ORIENTED_EDGE ( 'NONE', *, *, #3640, .F. ) ;
#1284 = ORIENTED_EDGE ( 'NONE', *, *, #3642, .F. ) ;
#1285 = ORIENTED_EDGE ( 'NONE', *, *, #3643, .F. ) ;
#1286 = ORIENTED_EDGE ( 'NONE', *, *, #3636, .F. ) ;
#1287 = ORIENTED_EDGE ( 'NONE', *, *, #3645, .F. ) ;
#1288 = ORIENTED_EDGE ( 'NONE', *, *, #3637, .F. ) ;
#1289 = ORIENTED_EDGE ( 'NONE', *, *, #3639, .T. ) ;
#1290 = ORIENTED_EDGE ( 'NONE', *, *, #3644, .T. ) ;
#1291 = ORIENTED_EDGE ( 'NONE', *, *, #3559, .T. ) ;
#1292 = ORIENTED_EDGE ( 'NONE', *, *, #3646, .F. ) ;
#1293 = ORIENTED_EDGE ( 'NONE', *, *, #3648, .F. ) ;
#1294 = ORIENTED_EDGE ( 'NONE', *, *, #3640, .T. ) ;
#1295 = ORIENTED_EDGE ( 'NONE', *, *, #3616, .T. ) ;
#1296 = ORIENTED_EDGE ( 'NONE', *, *, #3649, .T. ) ;
#1297 = ORIENTED_EDGE ( 'NONE', *, *, #3650, .T. ) ;
#1298 = ORIENTED_EDGE ( 'NONE', *, *, #3647, .F. ) ;
#1299 = ORIENTED_EDGE ( 'NONE', *, *, #3651, .F. ) ;
#1300 = ORIENTED_EDGE ( 'NONE', *, *, #3653, .F. ) ;
#1301 = ORIENTED_EDGE ( 'NONE', *, *, #3652, .F. ) ;
#1302 = ORIENTED_EDGE ( 'NONE', *, *, #3655, .F. ) ;
#1303 = ORIENTED_EDGE ( 'NONE', *, *, #3654, .F. ) ;
#1304 = ORIENTED_EDGE ( 'NONE', *, *, #3657, .F. ) ;
#1305 = ORIENTED_EDGE ( 'NONE', *, *, #3656, .F. ) ;
#1306 = ORIENTED_EDGE ( 'NONE', *, *, #3659, .F. ) ;
#1307 = ORIENTED_EDGE ( 'NONE', *, *, #3658, .F. ) ;
#1308 = ORIENTED_EDGE ( 'NONE', *, *, #3588, .T. ) ;
#1309 = ORIENTED_EDGE ( 'NONE', *, *, #3660, .F. ) ;
#1310 = ORIENTED_EDGE ( 'NONE', *, *, #3663, .F. ) ;
#1311 = ORIENTED_EDGE ( 'NONE', *, *, #3646, .T. ) ;
#1312 = ORIENTED_EDGE ( 'NONE', *, *, #3667, .F. ) ;
#1313 = ORIENTED_EDGE ( 'NONE', *, *, #3664, .F. ) ;
#1314 = ORIENTED_EDGE ( 'NONE', *, *, #3613, .T. ) ;
#1315 = ORIENTED_EDGE ( 'NONE', *, *, #3599, .F. ) ;
#1316 = ORIENTED_EDGE ( 'NONE', *, *, #3619, .F. ) ;
#1317 = ORIENTED_EDGE ( 'NONE', *, *, #3612, .F. ) ;
#1318 = ORIENTED_EDGE ( 'NONE', *, *, #3614, .F. ) ;
#1319 = ORIENTED_EDGE ( 'NONE', *, *, #3549, .F. ) ;
#1320 = ORIENTED_EDGE ( 'NONE', *, *, #3604, .F. ) ;
#1321 = ORIENTED_EDGE ( 'NONE', *, *, #3576, .F. ) ;
#1322 = ORIENTED_EDGE ( 'NONE', *, *, #3552, .F. ) ;
#1323 = ORIENTED_EDGE ( 'NONE', *, *, #3572, .F. ) ;
#1324 = ORIENTED_EDGE ( 'NONE', *, *, #3575, .F. ) ;
#1325 = ORIENTED_EDGE ( 'NONE', *, *, #3562, .F. ) ;
#1326 = ORIENTED_EDGE ( 'NONE', *, *, #3555, .F. ) ;
#1327 = ORIENTED_EDGE ( 'NONE', *, *, #3571, .T. ) ;
#1328 = ORIENTED_EDGE ( 'NONE', *, *, #3578, .T. ) ;
#1329 = ORIENTED_EDGE ( 'NONE', *, *, #3567, .T. ) ;
#1330 = ORIENTED_EDGE ( 'NONE', *, *, #3560, .T. ) ;
#1331 = ORIENTED_EDGE ( 'NONE', *, *, #3573, .F. ) ;
#1332 = ORIENTED_EDGE ( 'NONE', *, *, #3570, .F. ) ;
#1333 = ORIENTED_EDGE ( 'NONE', *, *, #722, .F. ) ;
#1334 = ORIENTED_EDGE ( 'NONE', *, *, #3577, .F. ) ;
#1335 = ORIENTED_EDGE ( 'NONE', *, *, #3592, .F. ) ;
#1336 = ORIENTED_EDGE ( 'NONE', *, *, #3548, .T. ) ;
#1337 = ORIENTED_EDGE ( 'NONE', *, *, #725, .T. ) ;
#1338 = ORIENTED_EDGE ( 'NONE', *, *, #3590, .T. ) ;
#1339 = ORIENTED_EDGE ( 'NONE', *, *, #3598, .T. ) ;
#1340 = ORIENTED_EDGE ( 'NONE', *, *, #3590, .F. ) ;
#1341 = ORIENTED_EDGE ( 'NONE', *, *, #3615, .T. ) ;
#1342 = ORIENTED_EDGE ( 'NONE', *, *, #753, .T. ) ;
#1343 = ORIENTED_EDGE ( 'NONE', *, *, #3597, .T. ) ;
#1344 = ORIENTED_EDGE ( 'NONE', *, *, #3586, .T. ) ;
#1345 = ORIENTED_EDGE ( 'NONE', *, *, #3593, .T. ) ;
#1346 = ORIENTED_EDGE ( 'NONE', *, *, #3589, .T. ) ;
#1347 = ORIENTED_EDGE ( 'NONE', *, *, #3594, .T. ) ;
#1348 = ORIENTED_EDGE ( 'NONE', *, *, #3595, .T. ) ;
#1349 = ORIENTED_EDGE ( 'NONE', *, *, #3565, .T. ) ;
#1350 = ORIENTED_EDGE ( 'NONE', *, *, #3553, .F. ) ;
#1351 = ORIENTED_EDGE ( 'NONE', *, *, #3617, .F. ) ;
#1352 = ORIENTED_EDGE ( 'NONE', *, *, #3578, .F. ) ;
#1353 = ORIENTED_EDGE ( 'NONE', *, *, #3593, .F. ) ;
#1354 = ORIENTED_EDGE ( 'NONE', *, *, #3554, .F. ) ;
#1355 = ORIENTED_EDGE ( 'NONE', *, *, #3542, .F. ) ;
#1356 = ORIENTED_EDGE ( 'NONE', *, *, #3611, .T. ) ;
#1357 = ORIENTED_EDGE ( 'NONE', *, *, #3544, .F. ) ;
#1358 = ORIENTED_EDGE ( 'NONE', *, *, #3541, .T. ) ;
#1359 = ORIENTED_EDGE ( 'NONE', *, *, #3556, .F. ) ;
#1360 = ORIENTED_EDGE ( 'NONE', *, *, #3545, .F. ) ;
#1361 = ORIENTED_EDGE ( 'NONE', *, *, #3557, .F. ) ;
#1362 = ORIENTED_EDGE ( 'NONE', *, *, #3569, .F. ) ;
#1363 = ORIENTED_EDGE ( 'NONE', *, *, #781, .F. ) ;
#1364 = ORIENTED_EDGE ( 'NONE', *, *, #3582, .T. ) ;
#1365 = ORIENTED_EDGE ( 'NONE', *, *, #3547, .F. ) ;
#1366 = ORIENTED_EDGE ( 'NONE', *, *, #1635, .T. ) ;
#1367 = ORIENTED_EDGE ( 'NONE', *, *, #3654, .T. ) ;
#1368 = ORIENTED_EDGE ( 'NONE', *, *, #1645, .F. ) ;
#1369 = ORIENTED_EDGE ( 'NONE', *, *, #3601, .F. ) ;
#1370 = ORIENTED_EDGE ( 'NONE', *, *, #1627, .T. ) ;
#1371 = ORIENTED_EDGE ( 'NONE', *, *, #3658, .T. ) ;
#1372 = ORIENTED_EDGE ( 'NONE', *, *, #1625, .F. ) ;
#1373 = ORIENTED_EDGE ( 'NONE', *, *, #3586, .F. ) ;
#1374 = ORIENTED_EDGE ( 'NONE', *, *, #723, .T. ) ;
#1375 = ORIENTED_EDGE ( 'NONE', *, *, #3642, .T. ) ;
#1376 = ORIENTED_EDGE ( 'NONE', *, *, #1627, .F. ) ;
#1377 = ORIENTED_EDGE ( 'NONE', *, *, #3603, .F. ) ;
#1378 = ORIENTED_EDGE ( 'NONE', *, *, #3554, .T. ) ;
#1379 = ORIENTED_EDGE ( 'NONE', *, *, #3657, .T. ) ;
#1380 = ORIENTED_EDGE ( 'NONE', *, *, #1635, .F. ) ;
#1381 = ORIENTED_EDGE ( 'NONE', *, *, #1624, .F. ) ;
#1382 = ORIENTED_EDGE ( 'NONE', *, *, #1621, .T. ) ;
#1383 = ORIENTED_EDGE ( 'NONE', *, *, #3656, .T. ) ;
#1384 = ORIENTED_EDGE ( 'NONE', *, *, #1621, .F. ) ;
#1385 = ORIENTED_EDGE ( 'NONE', *, *, #1622, .F. ) ;
#1386 = ORIENTED_EDGE ( 'NONE', *, *, #1637, .T. ) ;
#1387 = ORIENTED_EDGE ( 'NONE', *, *, #3659, .T. ) ;
#1388 = ORIENTED_EDGE ( 'NONE', *, *, #1637, .F. ) ;
#1389 = ORIENTED_EDGE ( 'NONE', *, *, #3635, .F. ) ;
#1390 = ORIENTED_EDGE ( 'NONE', *, *, #1625, .T. ) ;
#1391 = ORIENTED_EDGE ( 'NONE', *, *, #1640, .T. ) ;
#1392 = ORIENTED_EDGE ( 'NONE', *, *, #3635, .T. ) ;
#1393 = ORIENTED_EDGE ( 'NONE', *, *, #1622, .T. ) ;
#1394 = ORIENTED_EDGE ( 'NONE', *, *, #1624, .T. ) ;
#1395 = ORIENTED_EDGE ( 'NONE', *, *, #3643, .T. ) ;
#1396 = ORIENTED_EDGE ( 'NONE', *, *, #723, .F. ) ;
#1397 = ORIENTED_EDGE ( 'NONE', *, *, #3597, .F. ) ;
#1398 = ORIENTED_EDGE ( 'NONE', *, *, #1623, .T. ) ;
#1399 = ORIENTED_EDGE ( 'NONE', *, *, #3636, .T. ) ;
#1400 = ORIENTED_EDGE ( 'NONE', *, *, #1623, .F. ) ;
#1401 = ORIENTED_EDGE ( 'NONE', *, *, #753, .F. ) ;
#1402 = ORIENTED_EDGE ( 'NONE', *, *, #1618, .T. ) ;
#1403 = ORIENTED_EDGE ( 'NONE', *, *, #3645, .T. ) ;
#1404 = ORIENTED_EDGE ( 'NONE', *, *, #1618, .F. ) ;
#1405 = ORIENTED_EDGE ( 'NONE', *, *, #3615, .F. ) ;
#1406 = ORIENTED_EDGE ( 'NONE', *, *, #1636, .T. ) ;
#1407 = ORIENTED_EDGE ( 'NONE', *, *, #3637, .T. ) ;
#1408 = ORIENTED_EDGE ( 'NONE', *, *, #1636, .F. ) ;
#1409 = ORIENTED_EDGE ( 'NONE', *, *, #725, .F. ) ;
#1410 = ORIENTED_EDGE ( 'NONE', *, *, #1626, .T. ) ;
#1411 = ORIENTED_EDGE ( 'NONE', *, *, #1642, .T. ) ;
#1412 = ORIENTED_EDGE ( 'NONE', *, *, #3647, .T. ) ;
#1413 = ORIENTED_EDGE ( 'NONE', *, *, #1648, .F. ) ;
#1414 = ORIENTED_EDGE ( 'NONE', *, *, #1631, .F. ) ;
#1415 = ORIENTED_EDGE ( 'NONE', *, *, #3721, .F. ) ;
#1416 = ORIENTED_EDGE ( 'NONE', *, *, #3720, .T. ) ;
#1417 = ORIENTED_EDGE ( 'NONE', *, *, #3651, .T. ) ;
#1418 = ORIENTED_EDGE ( 'NONE', *, *, #3720, .F. ) ;
#1419 = ORIENTED_EDGE ( 'NONE', *, *, #768, .F. ) ;
#1420 = ORIENTED_EDGE ( 'NONE', *, *, #770, .F. ) ;
#1421 = ORIENTED_EDGE ( 'NONE', *, *, #777, .T. ) ;
#1422 = ORIENTED_EDGE ( 'NONE', *, *, #766, .T. ) ;
#1423 = ORIENTED_EDGE ( 'NONE', *, *, #759, .F. ) ;
#1424 = ORIENTED_EDGE ( 'NONE', *, *, #761, .F. ) ;
#1425 = ORIENTED_EDGE ( 'NONE', *, *, #774, .F. ) ;
#1426 = ORIENTED_EDGE ( 'NONE', *, *, #757, .F. ) ;
#1427 = ORIENTED_EDGE ( 'NONE', *, *, #781, .T. ) ;
#1428 = ORIENTED_EDGE ( 'NONE', *, *, #764, .F. ) ;
#1429 = ORIENTED_EDGE ( 'NONE', *, *, #751, .F. ) ;
#1430 = ORIENTED_EDGE ( 'NONE', *, *, #772, .F. ) ;
#1431 = ORIENTED_EDGE ( 'NONE', *, *, #755, .F. ) ;
#1432 = ORIENTED_EDGE ( 'NONE', *, *, #748, .F. ) ;
#1433 = ORIENTED_EDGE ( 'NONE', *, *, #770, .T. ) ;
#1434 = ORIENTED_EDGE ( 'NONE', *, *, #744, .F. ) ;
#1435 = ORIENTED_EDGE ( 'NONE', *, *, #740, .F. ) ;
#1436 = ORIENTED_EDGE ( 'NONE', *, *, #746, .F. ) ;
#1437 = ORIENTED_EDGE ( 'NONE', *, *, #731, .F. ) ;
#1438 = ORIENTED_EDGE ( 'NONE', *, *, #733, .F. ) ;
#1439 = ORIENTED_EDGE ( 'NONE', *, *, #742, .F. ) ;
#1440 = ORIENTED_EDGE ( 'NONE', *, *, #729, .F. ) ;
#1441 = ORIENTED_EDGE ( 'NONE', *, *, #738, .F. ) ;
#1442 = ORIENTED_EDGE ( 'NONE', *, *, #735, .F. ) ;
#1443 = ORIENTED_EDGE ( 'NONE', *, *, #727, .F. ) ;
#1444 = ORIENTED_EDGE ( 'NONE', *, *, #3569, .T. ) ;
#1445 = ORIENTED_EDGE ( 'NONE', *, *, #3606, .F. ) ;
#1446 = ORIENTED_EDGE ( 'NONE', *, *, #3622, .F. ) ;
#1447 = ORIENTED_EDGE ( 'NONE', *, *, #764, .T. ) ;
#1448 = ORIENTED_EDGE ( 'NONE', *, *, #3641, .F. ) ;
#1449 = ORIENTED_EDGE ( 'NONE', *, *, #3638, .F. ) ;
#1450 = ORIENTED_EDGE ( 'NONE', *, *, #3808, .F. ) ;
#1451 = ORIENTED_EDGE ( 'NONE', *, *, #3803, .F. ) ;
#1452 = ORIENTED_EDGE ( 'NONE', *, *, #3815, .T. ) ;
#1453 = ORIENTED_EDGE ( 'NONE', *, *, #3778, .T. ) ;
#1454 = ORIENTED_EDGE ( 'NONE', *, *, #3815, .F. ) ;
#1455 = ORIENTED_EDGE ( 'NONE', *, *, #3806, .F. ) ;
#1456 = ORIENTED_EDGE ( 'NONE', *, *, #3816, .T. ) ;
#1457 = ORIENTED_EDGE ( 'NONE', *, *, #3779, .T. ) ;
#1458 = ORIENTED_EDGE ( 'NONE', *, *, #3816, .F. ) ;
#1459 = ORIENTED_EDGE ( 'NONE', *, *, #3805, .F. ) ;
#1460 = ORIENTED_EDGE ( 'NONE', *, *, #3558, .T. ) ;
#1461 = ORIENTED_EDGE ( 'NONE', *, *, #3585, .F. ) ;
#1462 = ORIENTED_EDGE ( 'NONE', *, *, #3638, .T. ) ;
#1463 = ORIENTED_EDGE ( 'NONE', *, *, #3687, .T. ) ;
#1464 = ORIENTED_EDGE ( 'NONE', *, *, #3810, .F. ) ;
#1465 = ORIENTED_EDGE ( 'NONE', *, *, #3556, .T. ) ;
#1466 = ORIENTED_EDGE ( 'NONE', *, *, #3812, .F. ) ;
#1467 = ORIENTED_EDGE ( 'NONE', *, *, #3813, .F. ) ;
#1468 = ORIENTED_EDGE ( 'NONE', *, *, #3819, .F. ) ;
#1469 = ORIENTED_EDGE ( 'NONE', *, *, #3818, .F. ) ;
#1470 = ORIENTED_EDGE ( 'NONE', *, *, #3764, .F. ) ;
#1471 = ORIENTED_EDGE ( 'NONE', *, *, #3766, .T. ) ;
#1472 = ORIENTED_EDGE ( 'NONE', *, *, #3562, .T. ) ;
#1473 = ORIENTED_EDGE ( 'NONE', *, *, #3766, .F. ) ;
#1474 = ORIENTED_EDGE ( 'NONE', *, *, #3751, .F. ) ;
#1475 = ORIENTED_EDGE ( 'NONE', *, *, #3768, .T. ) ;
#1476 = ORIENTED_EDGE ( 'NONE', *, *, #3555, .T. ) ;
#1477 = ORIENTED_EDGE ( 'NONE', *, *, #3768, .F. ) ;
#1478 = ORIENTED_EDGE ( 'NONE', *, *, #3759, .F. ) ;
#1479 = ORIENTED_EDGE ( 'NONE', *, *, #3769, .T. ) ;
#1480 = ORIENTED_EDGE ( 'NONE', *, *, #3572, .T. ) ;
#1481 = ORIENTED_EDGE ( 'NONE', *, *, #3629, .T. ) ;
#1482 = ORIENTED_EDGE ( 'NONE', *, *, #3620, .F. ) ;
#1483 = ORIENTED_EDGE ( 'NONE', *, *, #3628, .T. ) ;
#1484 = ORIENTED_EDGE ( 'NONE', *, *, #3558, .F. ) ;
#1485 = ORIENTED_EDGE ( 'NONE', *, *, #3625, .F. ) ;
#1486 = ORIENTED_EDGE ( 'NONE', *, *, #3621, .T. ) ;
#1487 = ORIENTED_EDGE ( 'NONE', *, *, #3627, .T. ) ;
#1488 = ORIENTED_EDGE ( 'NONE', *, *, #3626, .F. ) ;
#1489 = ORIENTED_EDGE ( 'NONE', *, *, #3630, .T. ) ;
#1490 = ORIENTED_EDGE ( 'NONE', *, *, #3781, .F. ) ;
#1491 = ORIENTED_EDGE ( 'NONE', *, *, #3791, .F. ) ;
#1492 = ORIENTED_EDGE ( 'NONE', *, *, #3772, .F. ) ;
#1493 = ORIENTED_EDGE ( 'NONE', *, *, #3773, .F. ) ;
#1494 = ORIENTED_EDGE ( 'NONE', *, *, #3780, .F. ) ;
#1495 = ORIENTED_EDGE ( 'NONE', *, *, #3785, .F. ) ;
#1496 = ORIENTED_EDGE ( 'NONE', *, *, #1613, .T. ) ;
#1497 = ORIENTED_EDGE ( 'NONE', *, *, #3581, .T. ) ;
#1498 = ORIENTED_EDGE ( 'NONE', *, *, #3630, .F. ) ;
#1499 = ORIENTED_EDGE ( 'NONE', *, *, #3825, .T. ) ;
#1500 = ORIENTED_EDGE ( 'NONE', *, *, #1614, .T. ) ;
#1501 = ORIENTED_EDGE ( 'NONE', *, *, #3579, .T. ) ;
#1502 = ORIENTED_EDGE ( 'NONE', *, *, #1613, .F. ) ;
#1503 = ORIENTED_EDGE ( 'NONE', *, *, #3821, .T. ) ;
#1504 = ORIENTED_EDGE ( 'NONE', *, *, #1611, .T. ) ;
#1505 = ORIENTED_EDGE ( 'NONE', *, *, #3591, .T. ) ;
#1506 = ORIENTED_EDGE ( 'NONE', *, *, #1614, .F. ) ;
#1507 = ORIENTED_EDGE ( 'NONE', *, *, #3826, .T. ) ;
#1508 = ORIENTED_EDGE ( 'NONE', *, *, #1615, .T. ) ;
#1509 = ORIENTED_EDGE ( 'NONE', *, *, #3574, .T. ) ;
#1510 = ORIENTED_EDGE ( 'NONE', *, *, #1611, .F. ) ;
#1511 = ORIENTED_EDGE ( 'NONE', *, *, #3823, .T. ) ;
#1512 = ORIENTED_EDGE ( 'NONE', *, *, #3631, .T. ) ;
#1513 = ORIENTED_EDGE ( 'NONE', *, *, #3568, .T. ) ;
#1514 = ORIENTED_EDGE ( 'NONE', *, *, #1615, .F. ) ;
#1515 = ORIENTED_EDGE ( 'NONE', *, *, #3820, .T. ) ;
#1516 = ORIENTED_EDGE ( 'NONE', *, *, #3829, .T. ) ;
#1517 = ORIENTED_EDGE ( 'NONE', *, *, #3799, .T. ) ;
#1518 = ORIENTED_EDGE ( 'NONE', *, *, #3775, .F. ) ;
#1519 = ORIENTED_EDGE ( 'NONE', *, *, #3818, .T. ) ;
#1520 = ORIENTED_EDGE ( 'NONE', *, *, #1619, .T. ) ;
#1521 = ORIENTED_EDGE ( 'NONE', *, *, #3798, .T. ) ;
#1522 = ORIENTED_EDGE ( 'NONE', *, *, #3829, .F. ) ;
#1523 = ORIENTED_EDGE ( 'NONE', *, *, #3819, .T. ) ;
#1524 = ORIENTED_EDGE ( 'NONE', *, *, #1617, .T. ) ;
#1525 = ORIENTED_EDGE ( 'NONE', *, *, #3797, .T. ) ;
#1526 = ORIENTED_EDGE ( 'NONE', *, *, #1619, .F. ) ;
#1527 = ORIENTED_EDGE ( 'NONE', *, *, #3813, .T. ) ;
#1528 = ORIENTED_EDGE ( 'NONE', *, *, #1620, .T. ) ;
#1529 = ORIENTED_EDGE ( 'NONE', *, *, #3800, .T. ) ;
#1530 = ORIENTED_EDGE ( 'NONE', *, *, #1617, .F. ) ;
#1531 = ORIENTED_EDGE ( 'NONE', *, *, #3812, .T. ) ;
#1532 = ORIENTED_EDGE ( 'NONE', *, *, #3771, .T. ) ;
#1533 = ORIENTED_EDGE ( 'NONE', *, *, #3796, .T. ) ;
#1534 = ORIENTED_EDGE ( 'NONE', *, *, #1620, .F. ) ;
#1535 = EDGE_LOOP ( 'NONE', ( #1489, #3, #4, #5, #6 ) ) ;
#1536 = EDGE_LOOP ( 'NONE', ( #7, #8, #12, #9, #10 ) ) ;
#1537 = EDGE_LOOP ( 'NONE', ( #1482, #1483, #1481, #1484 ) ) ;
#1538 = EDGE_LOOP ( 'NONE', ( #1472, #1473, #1474, #1475 ) ) ;
#1539 = EDGE_LOOP ( 'NONE', ( #510, #511, #512, #513 ) ) ;
#1540 = LINE ( 'NONE', #1829, #4005 ) ;
#1541 = CLOSED_SHELL ( 'NONE', ( #1595, #1596, #1597, #1598, #1600, #1599, #1604, #1605, #1606, #1607, #381, #382, #383, #1558, #1601, #1602, #1603, #376, #377, #378, #379, #380, #1559, #1560, #1561, #1562, #1563, #1564, #1565, #1566, #1567, #1568, #1569, #1570, #1571, #1572, #1573, #1574, #1575, #1576, #1577, #1578, #1579, #1580, #1581, #1582, #1583, #1584, #1585, #1586, #1587, #1588, #1589, #1590, #1591, #1592, #1593, #1594, #384, #385, #386, #387, #388, #389, #390, #391, #392, #393, #394, #395, #363, #364, #365, #366, #367, #368, #369, #370, #371, #372, #373, #374, #375, #351, #352, #353, #354, #355, #356, #357, #358, #359, #360, #361, #362, #396, #397, #398, #399, #400, #401, #402, #403, #321, #322, #323, #324, #325, #326, #327, #328, #329, #330, #331, #332, #333, #334, #335, #336, #337, #338, #339, #340, #341, #342, #343, #344, #345, #346, #347, #348, #349, #350 ) ) ;
#1542 = ORIENTED_EDGE ( 'NONE', *, *, #3565, .F. ) ;
#1543 = ORIENTED_EDGE ( 'NONE', *, *, #3724, .T. ) ;
#1544 = ORIENTED_EDGE ( 'NONE', *, *, #3653, .T. ) ;
#1545 = ORIENTED_EDGE ( 'NONE', *, *, #3724, .F. ) ;
#1546 = ORIENTED_EDGE ( 'NONE', *, *, #3595, .F. ) ;
#1547 = ORIENTED_EDGE ( 'NONE', *, *, #3725, .T. ) ;
#1548 = ORIENTED_EDGE ( 'NONE', *, *, #3652, .T. ) ;
#1549 = ORIENTED_EDGE ( 'NONE', *, *, #3725, .F. ) ;
#1550 = ORIENTED_EDGE ( 'NONE', *, *, #3594, .F. ) ;
#1551 = ORIENTED_EDGE ( 'NONE', *, *, #1630, .T. ) ;
#1552 = ORIENTED_EDGE ( 'NONE', *, *, #1629, .T. ) ;
#1553 = ORIENTED_EDGE ( 'NONE', *, *, #1626, .F. ) ;
#1554 = ORIENTED_EDGE ( 'NONE', *, *, #3548, .F. ) ;
#1555 = ORIENTED_EDGE ( 'NONE', *, *, #3719, .F. ) ;
#1556 = ORIENTED_EDGE ( 'NONE', *, *, #3560, .F. ) ;
#1557 = ORIENTED_EDGE ( 'NONE', *, *, #3723, .T. ) ;
#1558 = ADVANCED_FACE ( 'NONE', ( #4024, #4027 ), #1997, .F. ) ;
#1559 = ADVANCED_FACE ( 'NONE', ( #4030 ), #1999, .F. ) ;
#1560 = ADVANCED_FACE ( 'NONE', ( #4031 ), #2003, .F. ) ;
#1561 = ADVANCED_FACE ( 'NONE', ( #4028 ), #2007, .F. ) ;
#1562 = ADVANCED_FACE ( 'NONE', ( #4029 ), #2011, .T. ) ;
#1563 = ADVANCED_FACE ( 'NONE', ( #4025 ), #2015, .F. ) ;
#1564 = ADVANCED_FACE ( 'NONE', ( #4032 ), #2020, .F. ) ;
#1565 = ADVANCED_FACE ( 'NONE', ( #4033 ), #2024, .F. ) ;
#1566 = ADVANCED_FACE ( 'NONE', ( #4034 ), #2028, .F. ) ;
#1567 = ADVANCED_FACE ( 'NONE', ( #4035 ), #2032, .T. ) ;
#1568 = ADVANCED_FACE ( 'NONE', ( #4036 ), #2036, .T. ) ;
#1569 = ADVANCED_FACE ( 'NONE', ( #4037 ), #2040, .T. ) ;
#1570 = ADVANCED_FACE ( 'NONE', ( #4038 ), #2044, .T. ) ;
#1571 = ADVANCED_FACE ( 'NONE', ( #4039 ), #2048, .T. ) ;
#1572 = ADVANCED_FACE ( 'NONE', ( #4040 ), #2052, .T. ) ;
#1573 = ADVANCED_FACE ( 'NONE', ( #4041 ), #2056, .T. ) ;
#1574 = ADVANCED_FACE ( 'NONE', ( #4042 ), #2060, .F. ) ;
#1575 = ADVANCED_FACE ( 'NONE', ( #4043 ), #2064, .F. ) ;
#1576 = ADVANCED_FACE ( 'NONE', ( #4044 ), #2068, .F. ) ;
#1577 = ADVANCED_FACE ( 'NONE', ( #4045 ), #2072, .F. ) ;
#1578 = ADVANCED_FACE ( 'NONE', ( #4046 ), #2076, .F. ) ;
#1579 = ADVANCED_FACE ( 'NONE', ( #4047 ), #2080, .F. ) ;
#1580 = ADVANCED_FACE ( 'NONE', ( #4048 ), #2084, .F. ) ;
#1581 = ADVANCED_FACE ( 'NONE', ( #4049 ), #2088, .T. ) ;
#1582 = ADVANCED_FACE ( 'NONE', ( #4050 ), #2092, .F. ) ;
#1583 = ADVANCED_FACE ( 'NONE', ( #4051 ), #2096, .F. ) ;
#1584 = ADVANCED_FACE ( 'NONE', ( #4052 ), #2100, .F. ) ;
#1585 = ADVANCED_FACE ( 'NONE', ( #4053 ), #2104, .F. ) ;
#1586 = ADVANCED_FACE ( 'NONE', ( #4054 ), #2108, .F. ) ;
#1587 = ADVANCED_FACE ( 'NONE', ( #4055 ), #2112, .F. ) ;
#1588 = ADVANCED_FACE ( 'NONE', ( #4056 ), #2116, .F. ) ;
#1589 = ADVANCED_FACE ( 'NONE', ( #4057 ), #2120, .T. ) ;
#1590 = ADVANCED_FACE ( 'NONE', ( #4058 ), #2124, .T. ) ;
#1591 = ADVANCED_FACE ( 'NONE', ( #4059 ), #2128, .T. ) ;
#1592 = ADVANCED_FACE ( 'NONE', ( #4060 ), #2132, .T. ) ;
#1593 = ADVANCED_FACE ( 'NONE', ( #4061 ), #2136, .F. ) ;
#1594 = ADVANCED_FACE ( 'NONE', ( #4062 ), #2140, .F. ) ;
#1595 = ADVANCED_FACE ( 'NONE', ( #4063 ), #4068, .F. ) ;
#1596 = ADVANCED_FACE ( 'NONE', ( #4064 ), #4070, .F. ) ;
#1597 = ADVANCED_FACE ( 'NONE', ( #4065 ), #2152, .T. ) ;
#1598 = ADVANCED_FACE ( 'NONE', ( #4066 ), #2154, .T. ) ;
#1599 = ADVANCED_FACE ( 'NONE', ( #4067 ), #2158, .F. ) ;
#1600 = ADVANCED_FACE ( 'NONE', ( #4069, #4074 ), #2161, .T. ) ;
#1601 = ADVANCED_FACE ( 'NONE', ( #4072, #4071 ), #2157, .F. ) ;
#1602 = ADVANCED_FACE ( 'NONE', ( #4073 ), #2169, .F. ) ;
#1603 = ADVANCED_FACE ( 'NONE', ( #4077 ), #2173, .F. ) ;
#1604 = ADVANCED_FACE ( 'NONE', ( #4076, #4080, #4082, #4084, #4078 ), #2172, .F. ) ;
#1605 = ADVANCED_FACE ( 'NONE', ( #4085, #4083 ), #2182, .F. ) ;
#1606 = ADVANCED_FACE ( 'NONE', ( #4081 ), #2185, .T. ) ;
#1607 = ADVANCED_FACE ( 'NONE', ( #4086 ), #2190, .T. ) ;
#1608 = ADVANCED_BREP_SHAPE_REPRESENTATION ( 'pm-t65w', ( #1610, #1800 ), #3356 ) ;
#1609 = UNCERTAINTY_MEASURE_WITH_UNIT (LENGTH_MEASURE( 1.000000000000000100E-005 ), #3454, 'distance_accuracy_value', 'NONE');
#1610 = MANIFOLD_SOLID_BREP ( '∂Øƒ - âüÇµèoÇµ13', #1541 ) ;
#1611 = EDGE_CURVE ( 'NONE', #464, #1083, #4087, .T. ) ;
#1612 = EDGE_CURVE ( 'NONE', #972, #910, #4075, .T. ) ;
#1613 = EDGE_CURVE ( 'NONE', #466, #1079, #2313, .T. ) ;
#1614 = EDGE_CURVE ( 'NONE', #465, #1091, #1261, .T. ) ;
#1615 = EDGE_CURVE ( 'NONE', #463, #1084, #4079, .T. ) ;
#1616 = EDGE_CURVE ( 'NONE', #972, #971, #2311, .T. ) ;
#1617 = EDGE_CURVE ( 'NONE', #460, #454, #2316, .T. ) ;
#1618 = EDGE_CURVE ( 'NONE', #685, #918, #2318, .T. ) ;
#1619 = EDGE_CURVE ( 'NONE', #461, #453, #2320, .T. ) ;
#1620 = EDGE_CURVE ( 'NONE', #459, #455, #2322, .T. ) ;
#1621 = EDGE_CURVE ( 'NONE', #410, #931, #2324, .T. ) ;
#1622 = EDGE_CURVE ( 'NONE', #411, #410, #2326, .T. ) ;
#1623 = EDGE_CURVE ( 'NONE', #698, #917, #2328, .T. ) ;
#1624 = EDGE_CURVE ( 'NONE', #410, #408, #2330, .T. ) ;
#1625 = EDGE_CURVE ( 'NONE', #409, #933, #2337, .T. ) ;
#1626 = EDGE_CURVE ( 'NONE', #687, #405, #2332, .T. ) ;
#1627 = EDGE_CURVE ( 'NONE', #1111, #916, #2334, .T. ) ;
#1628 = EDGE_CURVE ( 'NONE', #974, #912, #2336, .T. ) ;
#1629 = EDGE_CURVE ( 'NONE', #406, #405, #2345, .T. ) ;
#1630 = EDGE_CURVE ( 'NONE', #178, #928, #2340, .T. ) ;
#1631 = EDGE_CURVE ( 'NONE', #412, #406, #2342, .T. ) ;
#1632 = EDGE_CURVE ( 'NONE', #975, #974, #2351, .T. ) ;
#1633 = EDGE_CURVE ( 'NONE', #404, #921, #2353, .T. ) ;
#1634 = EDGE_CURVE ( 'NONE', #973, #911, #2344, .T. ) ;
#1635 = EDGE_CURVE ( 'NONE', #408, #930, #2357, .T. ) ;
#1636 = EDGE_CURVE ( 'NONE', #682, #919, #2359, .T. ) ;
#1637 = EDGE_CURVE ( 'NONE', #411, #932, #2348, .T. ) ;
#1638 = EDGE_CURVE ( 'NONE', #975, #907, #2350, .T. ) ;
#1639 = EDGE_CURVE ( 'NONE', #407, #404, #2365, .T. ) ;
#1640 = EDGE_CURVE ( 'NONE', #408, #409, #2367, .T. ) ;
#1641 = EDGE_CURVE ( 'NONE', #886, #407, #2369, .T. ) ;
#1642 = EDGE_CURVE ( 'NONE', #405, #920, #2356, .T. ) ;
#1643 = EDGE_CURVE ( 'NONE', #969, #975, #2373, .T. ) ;
#1644 = EDGE_CURVE ( 'NONE', #404, #885, #2375, .T. ) ;
#1645 = EDGE_CURVE ( 'NONE', #1110, #929, #2362, .T. ) ;
#1646 = EDGE_CURVE ( 'NONE', #974, #973, #2364, .T. ) ;
#1647 = EDGE_CURVE ( 'NONE', #407, #923, #2381, .T. ) ;
#1648 = EDGE_CURVE ( 'NONE', #406, #924, #2383, .T. ) ;
#1649 = AXIS2_PLACEMENT_3D ( 'NONE', #2016, #2017, #2018 ) ;
#1650 = AXIS2_PLACEMENT_3D ( 'NONE', #1998, #2004, #2005 ) ;
#1651 = AXIS2_PLACEMENT_3D ( 'NONE', #2568, #2569, #2570 ) ;
#1652 = AXIS2_PLACEMENT_3D ( 'NONE', #2513, #2517, #2518 ) ;
#1653 = AXIS2_PLACEMENT_3D ( 'NONE', #473, #474, #475 ) ;
#1654 = AXIS2_PLACEMENT_3D ( 'NONE', #471, #478, #479 ) ;
#1655 = AXIS2_PLACEMENT_3D ( 'NONE', #470, #482, #483 ) ;
#1656 = AXIS2_PLACEMENT_3D ( 'NONE', #481, #486, #487 ) ;
#1657 = AXIS2_PLACEMENT_3D ( 'NONE', #484, #490, #491 ) ;
#1658 = AXIS2_PLACEMENT_3D ( 'NONE', #485, #488, #489 ) ;
#1659 = AXIS2_PLACEMENT_3D ( 'NONE', #495, #494, #492 ) ;
#1660 = AXIS2_PLACEMENT_3D ( 'NONE', #1093, #183, #184 ) ;
#1661 = AXIS2_PLACEMENT_3D ( 'NONE', #493, #497, #496 ) ;
#1662 = AXIS2_PLACEMENT_3D ( 'NONE', #187, #186, #182 ) ;
#1663 = AXIS2_PLACEMENT_3D ( 'NONE', #185, #192, #193 ) ;
#1664 = AXIS2_PLACEMENT_3D ( 'NONE', #188, #191, #190 ) ;
#1665 = AXIS2_PLACEMENT_3D ( 'NONE', #194, #199, #200 ) ;
#1666 = AXIS2_PLACEMENT_3D ( 'NONE', #195, #198, #197 ) ;
#1667 = AXIS2_PLACEMENT_3D ( 'NONE', #201, #206, #207 ) ;
#1668 = AXIS2_PLACEMENT_3D ( 'NONE', #202, #205, #204 ) ;
#1669 = AXIS2_PLACEMENT_3D ( 'NONE', #208, #213, #214 ) ;
#1670 = AXIS2_PLACEMENT_3D ( 'NONE', #211, #217, #218 ) ;
#1671 = AXIS2_PLACEMENT_3D ( 'NONE', #209, #221, #222 ) ;
#1672 = AXIS2_PLACEMENT_3D ( 'NONE', #215, #225, #226 ) ;
#1673 = AXIS2_PLACEMENT_3D ( 'NONE', #219, #229, #230 ) ;
#1674 = AXIS2_PLACEMENT_3D ( 'NONE', #223, #233, #234 ) ;
#1675 = AXIS2_PLACEMENT_3D ( 'NONE', #227, #237, #238 ) ;
#1676 = AXIS2_PLACEMENT_3D ( 'NONE', #231, #241, #242 ) ;
#1677 = AXIS2_PLACEMENT_3D ( 'NONE', #235, #245, #246 ) ;
#1678 = AXIS2_PLACEMENT_3D ( 'NONE', #239, #249, #250 ) ;
#1679 = AXIS2_PLACEMENT_3D ( 'NONE', #243, #253, #254 ) ;
#1680 = AXIS2_PLACEMENT_3D ( 'NONE', #247, #257, #258 ) ;
#1681 = AXIS2_PLACEMENT_3D ( 'NONE', #251, #787, #788 ) ;
#1682 = AXIS2_PLACEMENT_3D ( 'NONE', #255, #795, #797 ) ;
#1683 = AXIS2_PLACEMENT_3D ( 'NONE', #802, #803, #804 ) ;
#1684 = AXIS2_PLACEMENT_3D ( 'NONE', #790, #807, #808 ) ;
#1685 = AXIS2_PLACEMENT_3D ( 'NONE', #798, #811, #812 ) ;
#1686 = AXIS2_PLACEMENT_3D ( 'NONE', #805, #815, #816 ) ;
#1687 = AXIS2_PLACEMENT_3D ( 'NONE', #809, #819, #820 ) ;
#1688 = AXIS2_PLACEMENT_3D ( 'NONE', #813, #823, #824 ) ;
#1689 = AXIS2_PLACEMENT_3D ( 'NONE', #817, #827, #828 ) ;
#1690 = AXIS2_PLACEMENT_3D ( 'NONE', #821, #831, #832 ) ;
#1691 = AXIS2_PLACEMENT_3D ( 'NONE', #825, #835, #836 ) ;
#1692 = AXIS2_PLACEMENT_3D ( 'NONE', #829, #839, #840 ) ;
#1693 = AXIS2_PLACEMENT_3D ( 'NONE', #833, #843, #844 ) ;
#1694 = AXIS2_PLACEMENT_3D ( 'NONE', #837, #847, #848 ) ;
#1695 = AXIS2_PLACEMENT_3D ( 'NONE', #841, #851, #852 ) ;
#1696 = AXIS2_PLACEMENT_3D ( 'NONE', #845, #855, #856 ) ;
#1697 = AXIS2_PLACEMENT_3D ( 'NONE', #849, #859, #860 ) ;
#1698 = AXIS2_PLACEMENT_3D ( 'NONE', #853, #863, #864 ) ;
#1699 = AXIS2_PLACEMENT_3D ( 'NONE', #857, #867, #868 ) ;
#1700 = AXIS2_PLACEMENT_3D ( 'NONE', #861, #871, #872 ) ;
#1701 = AXIS2_PLACEMENT_3D ( 'NONE', #865, #259, #4089 ) ;
#1702 = AXIS2_PLACEMENT_3D ( 'NONE', #869, #4092, #4093 ) ;
#1703 = AXIS2_PLACEMENT_3D ( 'NONE', #4096, #4097, #4098 ) ;
#1704 = AXIS2_PLACEMENT_3D ( 'NONE', #4090, #4101, #4102 ) ;
#1705 = AXIS2_PLACEMENT_3D ( 'NONE', #4094, #4105, #4106 ) ;
#1706 = AXIS2_PLACEMENT_3D ( 'NONE', #4099, #4109, #4110 ) ;
#1707 = AXIS2_PLACEMENT_3D ( 'NONE', #4103, #4113, #4114 ) ;
#1708 = AXIS2_PLACEMENT_3D ( 'NONE', #4107, #4117, #4118 ) ;
#1709 = AXIS2_PLACEMENT_3D ( 'NONE', #4116, #4121, #4122 ) ;
#1710 = AXIS2_PLACEMENT_3D ( 'NONE', #4119, #4125, #4126 ) ;
#1711 = AXIS2_PLACEMENT_3D ( 'NONE', #4124, #4129, #4130 ) ;
#1712 = AXIS2_PLACEMENT_3D ( 'NONE', #4120, #4133, #4134 ) ;
#1713 = AXIS2_PLACEMENT_3D ( 'NONE', #4127, #4137, #4138 ) ;
#1714 = AXIS2_PLACEMENT_3D ( 'NONE', #4131, #4141, #4142 ) ;
#1715 = AXIS2_PLACEMENT_3D ( 'NONE', #4135, #4145, #4146 ) ;
#1716 = AXIS2_PLACEMENT_3D ( 'NONE', #4139, #4149, #4150 ) ;
#1717 = AXIS2_PLACEMENT_3D ( 'NONE', #4143, #4153, #4154 ) ;
#1718 = AXIS2_PLACEMENT_3D ( 'NONE', #4147, #4157, #4158 ) ;
#1719 = AXIS2_PLACEMENT_3D ( 'NONE', #4151, #4161, #4162 ) ;
#1720 = AXIS2_PLACEMENT_3D ( 'NONE', #4155, #4165, #4166 ) ;
#1721 = AXIS2_PLACEMENT_3D ( 'NONE', #4159, #4169, #873 ) ;
#1722 = AXIS2_PLACEMENT_3D ( 'NONE', #4163, #3835, #3836 ) ;
#1723 = AXIS2_PLACEMENT_3D ( 'NONE', #3839, #3840, #3841 ) ;
#1724 = AXIS2_PLACEMENT_3D ( 'NONE', #3833, #3844, #3845 ) ;
#1725 = AXIS2_PLACEMENT_3D ( 'NONE', #3837, #3848, #3849 ) ;
#1726 = AXIS2_PLACEMENT_3D ( 'NONE', #3842, #3852, #3853 ) ;
#1727 = AXIS2_PLACEMENT_3D ( 'NONE', #3846, #3856, #3857 ) ;
#1728 = AXIS2_PLACEMENT_3D ( 'NONE', #3850, #3860, #3861 ) ;
#1729 = AXIS2_PLACEMENT_3D ( 'NONE', #3854, #3864, #3865 ) ;
#1730 = AXIS2_PLACEMENT_3D ( 'NONE', #3858, #3868, #3869 ) ;
#1731 = AXIS2_PLACEMENT_3D ( 'NONE', #3862, #3872, #3873 ) ;
#1732 = AXIS2_PLACEMENT_3D ( 'NONE', #3866, #3876, #3877 ) ;
#1733 = AXIS2_PLACEMENT_3D ( 'NONE', #3870, #3880, #3881 ) ;
#1734 = AXIS2_PLACEMENT_3D ( 'NONE', #3874, #3884, #3885 ) ;
#1735 = AXIS2_PLACEMENT_3D ( 'NONE', #3878, #3888, #3889 ) ;
#1736 = AXIS2_PLACEMENT_3D ( 'NONE', #1995, #2008, #2009 ) ;
#1737 = AXIS2_PLACEMENT_3D ( 'NONE', #2010, #2021, #2022 ) ;
#1738 = AXIS2_PLACEMENT_3D ( 'NONE', #2002, #2012, #2013 ) ;
#1739 = AXIS2_PLACEMENT_3D ( 'NONE', #2486, #2488, #2489 ) ;
#1740 = AXIS2_PLACEMENT_3D ( 'NONE', #2556, #2557, #2558 ) ;
#1741 = AXIS2_PLACEMENT_3D ( 'NONE', #1996, #2000, #2001 ) ;
#1742 = AXIS2_PLACEMENT_3D ( 'NONE', #2014, #2025, #2026 ) ;
#1743 = AXIS2_PLACEMENT_3D ( 'NONE', #2019, #2029, #2030 ) ;
#1744 = AXIS2_PLACEMENT_3D ( 'NONE', #2023, #2033, #2034 ) ;
#1745 = AXIS2_PLACEMENT_3D ( 'NONE', #2027, #2037, #2038 ) ;
#1746 = AXIS2_PLACEMENT_3D ( 'NONE', #2031, #2041, #2042 ) ;
#1747 = AXIS2_PLACEMENT_3D ( 'NONE', #2035, #2045, #2046 ) ;
#1748 = AXIS2_PLACEMENT_3D ( 'NONE', #2039, #2049, #2050 ) ;
#1749 = AXIS2_PLACEMENT_3D ( 'NONE', #2043, #2053, #2054 ) ;
#1750 = AXIS2_PLACEMENT_3D ( 'NONE', #2047, #2057, #2058 ) ;
#1751 = AXIS2_PLACEMENT_3D ( 'NONE', #2051, #2061, #2062 ) ;
#1752 = AXIS2_PLACEMENT_3D ( 'NONE', #2055, #2065, #2066 ) ;
#1753 = AXIS2_PLACEMENT_3D ( 'NONE', #2059, #2069, #2070 ) ;
#1754 = AXIS2_PLACEMENT_3D ( 'NONE', #2063, #2073, #2074 ) ;
#1755 = AXIS2_PLACEMENT_3D ( 'NONE', #2067, #2077, #2078 ) ;
#1756 = AXIS2_PLACEMENT_3D ( 'NONE', #2071, #2081, #2082 ) ;
#1757 = AXIS2_PLACEMENT_3D ( 'NONE', #2075, #2085, #2086 ) ;
#1758 = AXIS2_PLACEMENT_3D ( 'NONE', #2079, #2089, #2090 ) ;
#1759 = AXIS2_PLACEMENT_3D ( 'NONE', #2083, #2093, #2094 ) ;
#1760 = AXIS2_PLACEMENT_3D ( 'NONE', #2087, #2097, #2098 ) ;
#1761 = AXIS2_PLACEMENT_3D ( 'NONE', #2091, #2101, #2102 ) ;
#1762 = AXIS2_PLACEMENT_3D ( 'NONE', #2095, #2105, #2106 ) ;
#1763 = AXIS2_PLACEMENT_3D ( 'NONE', #2099, #2109, #2110 ) ;
#1764 = AXIS2_PLACEMENT_3D ( 'NONE', #2103, #2113, #2114 ) ;
#1765 = AXIS2_PLACEMENT_3D ( 'NONE', #2107, #2117, #2118 ) ;
#1766 = AXIS2_PLACEMENT_3D ( 'NONE', #2111, #2121, #2122 ) ;
#1767 = AXIS2_PLACEMENT_3D ( 'NONE', #2115, #2125, #2126 ) ;
#1768 = AXIS2_PLACEMENT_3D ( 'NONE', #2119, #2129, #2130 ) ;
#1769 = AXIS2_PLACEMENT_3D ( 'NONE', #2123, #2133, #2134 ) ;
#1770 = AXIS2_PLACEMENT_3D ( 'NONE', #2127, #2137, #2138 ) ;
#1771 = AXIS2_PLACEMENT_3D ( 'NONE', #2131, #2141, #2142 ) ;
#1772 = AXIS2_PLACEMENT_3D ( 'NONE', #2135, #2145, #2146 ) ;
#1773 = AXIS2_PLACEMENT_3D ( 'NONE', #2143, #2144, #2139 ) ;
#1774 = AXIS2_PLACEMENT_3D ( 'NONE', #2150, #2149, #2147 ) ;
#1775 = AXIS2_PLACEMENT_3D ( 'NONE', #2148, #2155, #2156 ) ;
#1776 = AXIS2_PLACEMENT_3D ( 'NONE', #2153, #2159, #2160 ) ;
#1777 = AXIS2_PLACEMENT_3D ( 'NONE', #2151, #2163, #2164 ) ;
#1778 = AXIS2_PLACEMENT_3D ( 'NONE', #2162, #2167, #2168 ) ;
#1779 = AXIS2_PLACEMENT_3D ( 'NONE', #2165, #2006, #2171 ) ;
#1780 = AXIS2_PLACEMENT_3D ( 'NONE', #2170, #2174, #2175 ) ;
#1781 = AXIS2_PLACEMENT_3D ( 'NONE', #2178, #2179, #2180 ) ;
#1782 = AXIS2_PLACEMENT_3D ( 'NONE', #2181, #2183, #2184 ) ;
#1783 = AXIS2_PLACEMENT_3D ( 'NONE', #2176, #2187, #2188 ) ;
#1784 = AXIS2_PLACEMENT_3D ( 'NONE', #2186, #2191, #2192 ) ;
#1785 = AXIS2_PLACEMENT_3D ( 'NONE', #2177, #2193, #2194 ) ;
#1786 = AXIS2_PLACEMENT_3D ( 'NONE', #2604, #2610, #2611 ) ;
#1787 = AXIS2_PLACEMENT_3D ( 'NONE', #2599, #2600, #2601 ) ;
#1788 = AXIS2_PLACEMENT_3D ( 'NONE', #3422, #3430, #3431 ) ;
#1789 = AXIS2_PLACEMENT_3D ( 'NONE', #2777, #2778, #2779 ) ;
#1790 = AXIS2_PLACEMENT_3D ( 'NONE', #2783, #2784, #2785 ) ;
#1791 = AXIS2_PLACEMENT_3D ( 'NONE', #3398, #3399, #3400 ) ;
#1792 = AXIS2_PLACEMENT_3D ( 'NONE', #3385, #3387, #3388 ) ;
#1793 = AXIS2_PLACEMENT_3D ( 'NONE', #3383, #3396, #3397 ) ;
#1794 = AXIS2_PLACEMENT_3D ( 'NONE', #3446, #3455, #3456 ) ;
#1795 = AXIS2_PLACEMENT_3D ( 'NONE', #3401, #3403, #3404 ) ;
#1796 = AXIS2_PLACEMENT_3D ( 'NONE', #3418, #3423, #3424 ) ;
#1797 = AXIS2_PLACEMENT_3D ( 'NONE', #3425, #3428, #3429 ) ;
#1798 = AXIS2_PLACEMENT_3D ( 'NONE', #3434, #3435, #3436 ) ;
#1799 = AXIS2_PLACEMENT_3D ( 'NONE', #3437, #3438, #3439 ) ;
#1800 = AXIS2_PLACEMENT_3D ( 'NONE', #3520, #3517, #3521 ) ;
#1801 = AXIS2_PLACEMENT_3D ( 'NONE', #3449, #3452, #3453 ) ;
#1802 = AXIS2_PLACEMENT_3D ( 'NONE', #3451, #3463, #3464 ) ;
#1803 = CC_DESIGN_PERSON_AND_ORGANIZATION_ASSIGNMENT ( #3359, #3525, ( #1 ) ) ;
#1804 = PRODUCT_DEFINITION ( 'UNKNOWN', '', #1809, #498 ) ;
#1805 = APPROVAL ( #3528, 'UNSPECIFIED' ) ;
#1806 = CC_DESIGN_APPROVAL ( #1805, ( #1804 ) ) ;
#1807 = CC_DESIGN_PERSON_AND_ORGANIZATION_ASSIGNMENT ( #89, #3530, ( #1804 ) ) ;
#1808 = CC_DESIGN_DATE_AND_TIME_ASSIGNMENT ( #93, #3531, ( #1804 ) ) ;
#1809 = PRODUCT_DEFINITION_FORMATION_WITH_SPECIFIED_SOURCE ( 'ANY', '', #1, .NOT_KNOWN. ) ;
#1810 = APPROVAL ( #3532, 'UNSPECIFIED' ) ;
#1811 = CC_DESIGN_APPROVAL ( #1810, ( #1809 ) ) ;
#1812 = CC_DESIGN_PERSON_AND_ORGANIZATION_ASSIGNMENT ( #101, #3534, ( #1809 ) ) ;
#1813 = CC_DESIGN_PERSON_AND_ORGANIZATION_ASSIGNMENT ( #102, #3535, ( #1809 ) ) ;
#1814 = SECURITY_CLASSIFICATION ( '', '', #3536 ) ;
#1815 = CC_DESIGN_PERSON_AND_ORGANIZATION_ASSIGNMENT ( #103, #3537, ( #1814 ) ) ;
#1816 = CC_DESIGN_DATE_AND_TIME_ASSIGNMENT ( #107, #3538, ( #1814 ) ) ;
#1817 = APPROVAL ( #3539, 'UNSPECIFIED' ) ;
#1818 = CC_DESIGN_APPROVAL ( #1817, ( #1814 ) ) ;
#1819 = CC_DESIGN_SECURITY_CLASSIFICATION ( #1814, ( #1809 ) ) ;
#1820 = PRODUCT_RELATED_PRODUCT_CATEGORY ( 'detail', '', ( #1 ) ) ;
#1821 = CARTESIAN_POINT ( 'NONE',  ( -0.4000000000000001300, 0.5999999999999999800, 6.000000000000000000 ) ) ;
#1822 = DIRECTION ( 'NONE',  ( 0.0000000000000000000, -1.000000000000000000, 0.0000000000000000000 ) ) ;
#1823 = CARTESIAN_POINT ( 'NONE',  ( 3.000000000000000000, -6.400000000000001200, 0.0000000000000000000 ) ) ;
#1824 = CARTESIAN_POINT ( 'NONE',  ( -0.3999999999999999700, -0.5999999999999999800, 6.000000000000000000 ) ) ;
#1825 = DIRECTION ( 'NONE',  ( 1.000000000000000000, 0.0000000000000000000, 0.0000000000000000000 ) ) ;
#1826 = DIRECTION ( 'NONE',  ( -1.355252715606880500E-016, 1.000000000000000000, 0.0000000000000000000 ) ) ;
#1827 = CARTESIAN_POINT ( 'NONE',  ( 2.500000000000000000, -7.400000000000001200, 6.000000000000000000 ) ) ;
#1828 = CARTESIAN_POINT ( 'NONE',  ( -2.200000000000000200, -6.400000000000001200, 6.000000000000000000 ) ) ;
#1829 = CARTESIAN_POINT ( 'NONE',  ( 3.000000000000000000, 2.000000000000000000, 6.000000000000000000 ) ) ;
#1830 = DIRECTION ( 'NONE',  ( -1.000000000000000000, -0.0000000000000000000, -0.0000000000000000000 ) ) ;
#1831 = DIRECTION ( 'NONE',  ( -1.000000000000000000, -0.0000000000000000000, -0.0000000000000000000 ) ) ;
#1832 = DIRECTION ( 'NONE',  ( 0.0000000000000000000, 0.0000000000000000000, -1.000000000000000000 ) ) ;
#1833 = CARTESIAN_POINT ( 'NONE',  ( 3.000000000000000000, -6.400000000000001200, 6.000000000000000000 ) ) ;
#1834 = CARTESIAN_POINT ( 'NONE',  ( 0.4000000000000000800, -0.5999999999999999800, 6.000000000000000000 ) ) ;
#1835 = DIRECTION ( 'NONE',  ( -1.000000000000000000, -0.0000000000000000000, -0.0000000000000000000 ) ) ;
#1836 = DIRECTION ( 'NONE',  ( 1.000000000000000000, 0.0000000000000000000, 0.0000000000000000000 ) ) ;
#1837 = CARTESIAN_POINT ( 'NONE',  ( -3.000000000000000000, -16.10000000000000100, 0.0000000000000000000 ) ) ;
#1838 = DIRECTION ( 'NONE',  ( -1.000000000000000000, 0.0000000000000000000, 0.0000000000000000000 ) ) ;
#1839 = CARTESIAN_POINT ( 'NONE',  ( -3.000000000000000000, 2.000000000000000000, 6.000000000000000000 ) ) ;
#1840 = CARTESIAN_POINT ( 'NONE',  ( -3.000000000000000000, 2.000000000000000000, 0.0000000000000000000 ) ) ;
#1841 = CARTESIAN_POINT ( 'NONE',  ( 2.200000000000000200, -6.400000000000001200, 6.000000000000000000 ) ) ;
#1842 = DIRECTION ( 'NONE',  ( 0.0000000000000000000, 0.0000000000000000000, -1.000000000000000000 ) ) ;
#1843 = DIRECTION ( 'NONE',  ( 0.0000000000000000000, 0.0000000000000000000, -1.000000000000000000 ) ) ;
#1844 = CARTESIAN_POINT ( 'NONE',  ( -3.000000000000000000, -6.400000000000001200, 12.70000000000000100 ) ) ;
#1845 = DIRECTION ( 'NONE',  ( -0.0000000000000000000, 1.000000000000000000, -0.0000000000000000000 ) ) ;
#1846 = CARTESIAN_POINT ( 'NONE',  ( -3.000000000000000000, -6.400000000000001200, 12.70000000000000100 ) ) ;
#1847 = CARTESIAN_POINT ( 'NONE',  ( -3.000000000000002700, -16.10000000000000100, 9.000000000000001800 ) ) ;
#1848 = DIRECTION ( 'NONE',  ( 1.112002228190261200E-016, -1.000000000000000000, 0.0000000000000000000 ) ) ;
#1849 = CARTESIAN_POINT ( 'NONE',  ( -3.000000000000000000, -7.400000000000001200, 6.000000000000000000 ) ) ;
#1850 = CARTESIAN_POINT ( 'NONE',  ( -3.000000000000000000, -20.40000000000000200, -3.700000000000002800 ) ) ;
#1851 = CARTESIAN_POINT ( 'NONE',  ( -2.999999999999999600, -9.900000000000000400, 12.70000000000000100 ) ) ;
#1852 = CARTESIAN_POINT ( 'NONE',  ( -3.000000000000000000, 2.000000000000000000, 6.000000000000000000 ) ) ;
#1853 = CARTESIAN_POINT ( 'NONE',  ( -3.000000000000000000, -7.400000000000001200, 0.0000000000000000000 ) ) ;
#1854 = CARTESIAN_POINT ( 'NONE',  ( -3.000000000000000000, 2.000000000000000000, -3.700000000000002000 ) ) ;
#1855 = CARTESIAN_POINT ( 'NONE',  ( -3.000000000000000000, -20.40000000000000200, -2.900000000000003000 ) ) ;
#1856 = CARTESIAN_POINT ( 'NONE',  ( -3.000000000000000000, -12.10000000000000100, -2.900000000000003000 ) ) ;
#1857 = CARTESIAN_POINT ( 'NONE',  ( -3.000000000000000000, -12.10000000000000100, 8.899999999999998600 ) ) ;
#1858 = CARTESIAN_POINT ( 'NONE',  ( -3.000000000000000000, -20.40000000000000200, 8.899999999999998600 ) ) ;
#1859 = CARTESIAN_POINT ( 'NONE',  ( -3.000000000000000000, -20.40000000000000200, 9.700000000000001100 ) ) ;
#1860 = CARTESIAN_POINT ( 'NONE',  ( -3.000000000000000000, -18.09999999999999800, 9.700000000000001100 ) ) ;
#1861 = CARTESIAN_POINT ( 'NONE',  ( -2.999999999999998700, -18.09999999999999800, 12.70000000000000100 ) ) ;
#1862 = CARTESIAN_POINT ( 'NONE',  ( -2.999999999999997300, -16.10000000000000100, 12.70000000000000100 ) ) ;
#1863 = CARTESIAN_POINT ( 'NONE',  ( -2.200000000000000200, -6.400000000000001200, 6.000000000000000000 ) ) ;
#1864 = CARTESIAN_POINT ( 'NONE',  ( -2.200000000000000200, -6.400000000000001200, 0.0000000000000000000 ) ) ;
#1865 = CARTESIAN_POINT ( 'NONE',  ( 2.200000000000000200, -6.400000000000001200, 6.000000000000000000 ) ) ;
#1866 = CARTESIAN_POINT ( 'NONE',  ( 2.200000000000000200, -6.400000000000001200, 0.0000000000000000000 ) ) ;
#1867 = CARTESIAN_POINT ( 'NONE',  ( -0.3999999999999997400, 0.5999999999999998700, 6.000000000000000000 ) ) ;
#1868 = CARTESIAN_POINT ( 'NONE',  ( 0.3999999999999999100, 0.5999999999999999800, 6.000000000000000000 ) ) ;
#1869 = CARTESIAN_POINT ( 'NONE',  ( -0.3999999999999999700, -0.5999999999999999800, 6.000000000000000000 ) ) ;
#1870 = CARTESIAN_POINT ( 'NONE',  ( 0.4000000000000000800, -0.5999999999999999800, 6.000000000000000000 ) ) ;
#1871 = CARTESIAN_POINT ( 'NONE',  ( 3.000000000000000000, 2.000000000000000000, 6.000000000000000000 ) ) ;
#1872 = CARTESIAN_POINT ( 'NONE',  ( 3.000000000000000000, -7.400000000000001200, 6.000000000000000000 ) ) ;
#1873 = CARTESIAN_POINT ( 'NONE',  ( 2.500000000000000000, -7.400000000000001200, 6.000000000000000000 ) ) ;
#1874 = CARTESIAN_POINT ( 'NONE',  ( 2.500000000000000000, -6.700000000000001100, 6.000000000000000000 ) ) ;
#1875 = CARTESIAN_POINT ( 'NONE',  ( -2.500000000000000000, -6.700000000000001100, 6.000000000000000000 ) ) ;
#1876 = CARTESIAN_POINT ( 'NONE',  ( -2.500000000000000000, -7.400000000000001200, 6.000000000000000000 ) ) ;
#1877 = CARTESIAN_POINT ( 'NONE',  ( 0.5999999999999998700, 2.000000000000000000, 7.399999999999998600 ) ) ;
#1878 = CARTESIAN_POINT ( 'NONE',  ( 0.4000000000000000800, 2.000000000000000000, 7.399999999999998600 ) ) ;
#1879 = CARTESIAN_POINT ( 'NONE',  ( 0.0000000000000000000, 2.000000000000000000, 8.599999999999999600 ) ) ;
#1880 = CARTESIAN_POINT ( 'NONE',  ( -0.6000000000000000900, 2.000000000000000000, 7.399999999999998600 ) ) ;
#1881 = CARTESIAN_POINT ( 'NONE',  ( -0.4000000000000000200, 2.000000000000000000, 7.399999999999998600 ) ) ;
#1882 = CARTESIAN_POINT ( 'NONE',  ( -0.4000000000000000200, 2.000000000000000000, 6.999999999999999100 ) ) ;
#1883 = CARTESIAN_POINT ( 'NONE',  ( 0.4000000000000000200, 2.000000000000000000, 6.999999999999999100 ) ) ;
#1884 = CARTESIAN_POINT ( 'NONE',  ( 3.000000000000000000, -18.09999999999999800, 9.700000000000001100 ) ) ;
#1885 = CARTESIAN_POINT ( 'NONE',  ( 3.000000000000000000, -20.40000000000000200, 9.700000000000001100 ) ) ;
#1886 = CARTESIAN_POINT ( 'NONE',  ( 0.5000000000000000000, -20.40000000000000200, -1.200000000000002400 ) ) ;
#1887 = CARTESIAN_POINT ( 'NONE',  ( 1.550000000000000300, -20.40000000000000200, -1.200000000000002600 ) ) ;
#1888 = CARTESIAN_POINT ( 'NONE',  ( 0.5000000000000000000, -20.40000000000000200, -2.000000000000002700 ) ) ;
#1889 = CARTESIAN_POINT ( 'NONE',  ( -2.949999999999997500, -20.40000000000000200, -2.000000000000002700 ) ) ;
#1890 = CARTESIAN_POINT ( 'NONE',  ( -2.949999999999998000, -20.40000000000000200, 0.1999999999999974900 ) ) ;
#1891 = CARTESIAN_POINT ( 'NONE',  ( -3.499999999999998700, -20.40000000000000200, 0.1999999999999979300 ) ) ;
#1892 = CARTESIAN_POINT ( 'NONE',  ( -3.499999999999998700, -20.40000000000000200, -2.400000000000003000 ) ) ;
#1893 = CARTESIAN_POINT ( 'NONE',  ( 3.000000000000000000, -20.40000000000000200, -3.700000000000002800 ) ) ;
#1894 = CARTESIAN_POINT ( 'NONE',  ( -3.499999999999998700, -20.40000000000000200, 8.399999999999998600 ) ) ;
#1895 = CARTESIAN_POINT ( 'NONE',  ( -3.499999999999998700, -20.40000000000000200, 5.799999999999998000 ) ) ;
#1896 = CARTESIAN_POINT ( 'NONE',  ( -2.949999999999998800, -20.40000000000000200, 5.799999999999998000 ) ) ;
#1897 = CARTESIAN_POINT ( 'NONE',  ( -2.949999999999998800, -20.40000000000000200, 7.999999999999996400 ) ) ;
#1898 = CARTESIAN_POINT ( 'NONE',  ( 0.5000000000000000000, -20.40000000000000200, 7.999999999999996400 ) ) ;
#1899 = CARTESIAN_POINT ( 'NONE',  ( 0.5000000000000000000, -20.40000000000000200, 7.199999999999998400 ) ) ;
#1900 = CARTESIAN_POINT ( 'NONE',  ( 1.550000000000000500, -20.40000000000000200, 7.199999999999998400 ) ) ;
#1901 = CARTESIAN_POINT ( 'NONE',  ( 1.550000000000000300, -20.40000000000000200, 5.999999999999998200 ) ) ;
#1902 = CARTESIAN_POINT ( 'NONE',  ( 2.350000000000000100, -20.40000000000000200, 5.999999999999998200 ) ) ;
#1903 = CARTESIAN_POINT ( 'NONE',  ( 2.350000000000001000, -20.40000000000000200, -1.734723475976807100E-015 ) ) ;
#1904 = CARTESIAN_POINT ( 'NONE',  ( 1.550000000000000700, -20.40000000000000200, -1.734723475976807100E-015 ) ) ;
#1905 = CARTESIAN_POINT ( 'NONE',  ( 3.000000000000000000, 2.000000000000000000, -3.700000000000002000 ) ) ;
#1906 = CARTESIAN_POINT ( 'NONE',  ( 0.5999999999999998700, 2.000000000000000000, -2.200000000000000200 ) ) ;
#1907 = CARTESIAN_POINT ( 'NONE',  ( 0.4000000000000000800, 2.000000000000000000, -2.200000000000000200 ) ) ;
#1908 = CARTESIAN_POINT ( 'NONE',  ( 0.0000000000000000000, 2.000000000000000000, -1.000000000000000000 ) ) ;
#1909 = CARTESIAN_POINT ( 'NONE',  ( -0.6000000000000000900, 2.000000000000000000, -2.200000000000000200 ) ) ;
#1910 = CARTESIAN_POINT ( 'NONE',  ( -0.4000000000000000200, 2.000000000000000000, -2.200000000000000200 ) ) ;
#1911 = CARTESIAN_POINT ( 'NONE',  ( -0.4000000000000000200, 2.000000000000000000, -2.600000000000000500 ) ) ;
#1912 = CARTESIAN_POINT ( 'NONE',  ( 0.4000000000000000200, 2.000000000000000000, -2.600000000000000500 ) ) ;
#1913 = CARTESIAN_POINT ( 'NONE',  ( 3.000000000000000000, 2.000000000000000000, 0.0000000000000000000 ) ) ;
#1914 = CARTESIAN_POINT ( 'NONE',  ( -0.3999999999999997400, -0.5999999999999998700, 0.0000000000000000000 ) ) ;
#1915 = CARTESIAN_POINT ( 'NONE',  ( 0.4000000000000000800, -0.5999999999999999800, 0.0000000000000000000 ) ) ;
#1916 = CARTESIAN_POINT ( 'NONE',  ( -0.4000000000000001300, 0.5999999999999999800, 0.0000000000000000000 ) ) ;
#1917 = CARTESIAN_POINT ( 'NONE',  ( 0.3999999999999999100, 0.5999999999999999800, 0.0000000000000000000 ) ) ;
#1918 = CARTESIAN_POINT ( 'NONE',  ( -2.500000000000000000, -7.400000000000001200, 0.0000000000000000000 ) ) ;
#1919 = CARTESIAN_POINT ( 'NONE',  ( -2.500000000000000000, -6.700000000000001100, 0.0000000000000000000 ) ) ;
#1920 = CARTESIAN_POINT ( 'NONE',  ( 2.500000000000000000, -6.700000000000001100, 0.0000000000000000000 ) ) ;
#1921 = CARTESIAN_POINT ( 'NONE',  ( 2.500000000000000000, -7.400000000000001200, 0.0000000000000000000 ) ) ;
#1922 = CARTESIAN_POINT ( 'NONE',  ( 3.000000000000000000, -7.400000000000001200, 0.0000000000000000000 ) ) ;
#1923 = CARTESIAN_POINT ( 'NONE',  ( 3.000000000000000000, -18.09999999999999800, 12.70000000000000100 ) ) ;
#1924 = CARTESIAN_POINT ( 'NONE',  ( 3.000000000000000000, -6.400000000000001200, 12.70000000000000100 ) ) ;
#1925 = CARTESIAN_POINT ( 'NONE',  ( -0.3999999999999999700, -0.5999999999999999800, -0.1000000000000000100 ) ) ;
#1926 = CARTESIAN_POINT ( 'NONE',  ( -0.4000000000000001300, 0.5999999999999999800, -0.1000000000000000100 ) ) ;
#1927 = CARTESIAN_POINT ( 'NONE',  ( 0.3999999999999999100, 0.5999999999999999800, -0.1000000000000000100 ) ) ;
#1928 = CARTESIAN_POINT ( 'NONE',  ( 0.4000000000000000800, -0.5999999999999999800, -0.1000000000000000100 ) ) ;
#1929 = CARTESIAN_POINT ( 'NONE',  ( -0.4000000000000001300, 0.5999999999999999800, 6.100000000000000500 ) ) ;
#1930 = CARTESIAN_POINT ( 'NONE',  ( -0.3999999999999999700, -0.5999999999999999800, 6.100000000000000500 ) ) ;
#1931 = CARTESIAN_POINT ( 'NONE',  ( 0.4000000000000000800, -0.5999999999999999800, 6.100000000000000500 ) ) ;
#1932 = CARTESIAN_POINT ( 'NONE',  ( 0.3999999999999999100, 0.5999999999999999800, 6.100000000000000500 ) ) ;
#1933 = CARTESIAN_POINT ( 'NONE',  ( 0.5999999999999998700, 1.950000000000000200, -2.200000000000000200 ) ) ;
#1934 = CARTESIAN_POINT ( 'NONE',  ( 0.0000000000000000000, 1.950000000000000200, -1.000000000000000000 ) ) ;
#1935 = CARTESIAN_POINT ( 'NONE',  ( -0.6000000000000000900, 1.950000000000000200, -2.200000000000000200 ) ) ;
#1936 = CARTESIAN_POINT ( 'NONE',  ( -0.4000000000000000200, 1.950000000000000200, -2.200000000000000200 ) ) ;
#1937 = CARTESIAN_POINT ( 'NONE',  ( -0.4000000000000000200, 1.950000000000000200, -2.600000000000000500 ) ) ;
#1938 = CARTESIAN_POINT ( 'NONE',  ( 0.4000000000000000200, 1.950000000000000200, -2.600000000000000500 ) ) ;
#1939 = CARTESIAN_POINT ( 'NONE',  ( 0.4000000000000000800, 1.950000000000000200, -2.200000000000000200 ) ) ;
#1940 = CARTESIAN_POINT ( 'NONE',  ( 0.5999999999999998700, 1.950000000000000200, 7.399999999999998600 ) ) ;
#1941 = CARTESIAN_POINT ( 'NONE',  ( 0.0000000000000000000, 1.950000000000000200, 8.599999999999999600 ) ) ;
#1942 = CARTESIAN_POINT ( 'NONE',  ( -0.6000000000000000900, 1.950000000000000200, 7.399999999999998600 ) ) ;
#1943 = CARTESIAN_POINT ( 'NONE',  ( -0.4000000000000000200, 1.950000000000000200, 7.399999999999998600 ) ) ;
#1944 = CARTESIAN_POINT ( 'NONE',  ( -0.4000000000000000200, 1.950000000000000200, 6.999999999999999100 ) ) ;
#1945 = CARTESIAN_POINT ( 'NONE',  ( 0.4000000000000000200, 1.950000000000000200, 6.999999999999999100 ) ) ;
#1946 = CARTESIAN_POINT ( 'NONE',  ( 0.4000000000000000800, 1.950000000000000200, 7.399999999999998600 ) ) ;
#1947 = CARTESIAN_POINT ( 'NONE',  ( 2.999999999999999100, -9.900000000000000400, 12.70000000000000100 ) ) ;
#1948 = CARTESIAN_POINT ( 'NONE',  ( 0.4000000000000001900, -14.60000000000000100, 6.249999999999997300 ) ) ;
#1949 = CARTESIAN_POINT ( 'NONE',  ( -0.09999999999999993600, -14.60000000000000100, 6.249999999999997300 ) ) ;
#1950 = CARTESIAN_POINT ( 'NONE',  ( 3.000000000000000000, -6.400000000000001200, 9.700000000000001100 ) ) ;
#1951 = CARTESIAN_POINT ( 'NONE',  ( -3.000000000000000000, 2.000000000000000000, 9.700000000000001100 ) ) ;
#1952 = CARTESIAN_POINT ( 'NONE',  ( -0.1000000000000000500, -14.60000000000000100, 5.749999999999998200 ) ) ;
#1953 = CARTESIAN_POINT ( 'NONE',  ( 3.000000000000000000, 2.000000000000000000, 9.700000000000001100 ) ) ;
#1954 = CARTESIAN_POINT ( 'NONE',  ( -3.000000000000000000, -6.400000000000001200, 9.700000000000001100 ) ) ;
#1955 = CARTESIAN_POINT ( 'NONE',  ( 7.500000000000004400, -13.00000000000000000, 9.000000000000001800 ) ) ;
#1956 = CARTESIAN_POINT ( 'NONE',  ( 2.999999999999992500, -9.900000000000000400, 9.000000000000001800 ) ) ;
#1957 = CARTESIAN_POINT ( 'NONE',  ( 9.100000000000003200, -14.60000000000000000, 13.00000000000000200 ) ) ;
#1958 = CARTESIAN_POINT ( 'NONE',  ( 10.99999999999999600, -9.900000000000000400, 13.00000000000000200 ) ) ;
#1959 = CARTESIAN_POINT ( 'NONE',  ( 3.000000000000000000, -16.10000000000000100, 9.000000000000001800 ) ) ;
#1960 = CARTESIAN_POINT ( 'NONE',  ( 9.100000000000001400, -11.40000000000000200, 13.00000000000000200 ) ) ;
#1961 = CARTESIAN_POINT ( 'NONE',  ( 7.500000000000004400, -13.00000000000000000, 13.00000000000000200 ) ) ;
#1962 = CARTESIAN_POINT ( 'NONE',  ( 10.00000000000000200, -11.40000000000000000, 13.00000000000000200 ) ) ;
#1963 = CARTESIAN_POINT ( 'NONE',  ( 10.99999999999999600, -9.900000000000000400, 9.000000000000001800 ) ) ;
#1964 = CARTESIAN_POINT ( 'NONE',  ( -11.60000000000000300, -13.00000000000000000, 13.00000000000000200 ) ) ;
#1965 = CARTESIAN_POINT ( 'NONE',  ( 2.999999999999999100, -16.10000000000000100, 13.00000000000000200 ) ) ;
#1966 = CARTESIAN_POINT ( 'NONE',  ( 2.999999999999999100, -10.40000000000000200, 13.00000000000000200 ) ) ;
#1967 = CARTESIAN_POINT ( 'NONE',  ( -10.00000000000000200, -11.40000000000000000, 13.00000000000000200 ) ) ;
#1968 = CARTESIAN_POINT ( 'NONE',  ( 9.100000000000001400, -11.40000000000000200, 9.000000000000001800 ) ) ;
#1969 = CARTESIAN_POINT ( 'NONE',  ( 13.00000000000000200, -14.10000000000000000, 13.00000000000000200 ) ) ;
#1970 = CARTESIAN_POINT ( 'NONE',  ( 6.499999999999999100, -15.30000000000000100, 13.00000000000000200 ) ) ;
#1971 = CARTESIAN_POINT ( 'NONE',  ( 2.999999999999999100, -15.60000000000000100, 13.00000000000000200 ) ) ;
#1972 = CARTESIAN_POINT ( 'NONE',  ( -11.60000000000000300, -13.00000000000000000, 9.000000000000001800 ) ) ;
#1973 = CARTESIAN_POINT ( 'NONE',  ( 10.00000000000000200, -14.60000000000000000, 13.00000000000000200 ) ) ;
#1974 = CARTESIAN_POINT ( 'NONE',  ( 2.999999999999998700, -9.900000000000000400, 13.00000000000000200 ) ) ;
#1975 = CARTESIAN_POINT ( 'NONE',  ( 2.999999999999999100, -16.10000000000000100, 12.70000000000000100 ) ) ;
#1976 = CARTESIAN_POINT ( 'NONE',  ( -10.00000000000000200, -11.39999999999999900, 9.000000000000001800 ) ) ;
#1977 = CARTESIAN_POINT ( 'NONE',  ( 13.00000000000000200, -11.90000000000000000, 13.00000000000000200 ) ) ;
#1978 = CARTESIAN_POINT ( 'NONE',  ( 6.500000000000000000, -10.70000000000000100, 13.00000000000000200 ) ) ;
#1979 = CARTESIAN_POINT ( 'NONE',  ( 10.99999999999999600, -16.10000000000000100, 13.00000000000000200 ) ) ;
#1980 = CARTESIAN_POINT ( 'NONE',  ( 10.99999999999999600, -16.10000000000000100, 9.000000000000001800 ) ) ;
#1981 = CARTESIAN_POINT ( 'NONE',  ( -1.149999999999999700, -14.60000000000000100, -1.200000000000002600 ) ) ;
#1982 = CARTESIAN_POINT ( 'NONE',  ( 0.4000000000000000800, -14.60000000000000100, 1.749999999999998000 ) ) ;
#1983 = CARTESIAN_POINT ( 'NONE',  ( -0.1000000000000000500, -14.60000000000000100, 2.249999999999997800 ) ) ;
#1984 = CARTESIAN_POINT ( 'NONE',  ( -1.149999999999999700, -14.60000000000000100, 7.199999999999998400 ) ) ;
#1985 = CARTESIAN_POINT ( 'NONE',  ( -0.09999999999999999200, -14.60000000000000100, 4.249999999999997300 ) ) ;
#1986 = CARTESIAN_POINT ( 'NONE',  ( -0.1000000000000001600, -14.60000000000000100, 1.749999999999998000 ) ) ;
#1987 = CARTESIAN_POINT ( 'NONE',  ( 0.4000000000000001900, -14.60000000000000100, 3.749999999999998200 ) ) ;
#1988 = CARTESIAN_POINT ( 'NONE',  ( 0.4000000000000000800, -14.60000000000000100, 2.249999999999997800 ) ) ;
#1989 = CARTESIAN_POINT ( 'NONE',  ( -0.1000000000000000500, -14.60000000000000100, 3.749999999999998200 ) ) ;
#1990 = CARTESIAN_POINT ( 'NONE',  ( 0.4000000000000001900, -14.60000000000000100, 5.749999999999998200 ) ) ;
#1991 = CARTESIAN_POINT ( 'NONE',  ( -0.1000000000000001000, -14.60000000000000100, 0.2499999999999976100 ) ) ;
#1992 = CARTESIAN_POINT ( 'NONE',  ( 0.4000000000000001900, -14.60000000000000100, 4.249999999999997300 ) ) ;
#1993 = CARTESIAN_POINT ( 'NONE',  ( 1.550000000000000500, -14.60000000000000100, 7.199999999999998400 ) ) ;
#1994 = CARTESIAN_POINT ( 'NONE',  ( 1.550000000000000300, -14.60000000000000100, -1.200000000000002600 ) ) ;
#1995 = CARTESIAN_POINT ( 'NONE',  ( 0.3999999999999999100, 0.5999999999999999800, -0.1000000000000000100 ) ) ;
#1996 = CARTESIAN_POINT ( 'NONE',  ( 3.000000000000000000, 2.000000000000000000, 6.000000000000000000 ) ) ;
#1997 = PLANE ( 'NONE',  #1741 ) ;
#1998 = CARTESIAN_POINT ( 'NONE',  ( -0.4000000000000001300, 0.5999999999999999800, -0.1000000000000000100 ) ) ;
#1999 = PLANE ( 'NONE',  #1650 ) ;
#2000 = DIRECTION ( 'NONE',  ( -0.0000000000000000000, 0.0000000000000000000, 1.000000000000000000 ) ) ;
#2001 = DIRECTION ( 'NONE',  ( 1.000000000000000000, 0.0000000000000000000, 0.0000000000000000000 ) ) ;
#2002 = CARTESIAN_POINT ( 'NONE',  ( -0.3999999999999999700, -0.5999999999999999800, -0.1000000000000000100 ) ) ;
#2003 = PLANE ( 'NONE',  #1736 ) ;
#2004 = DIRECTION ( 'NONE',  ( -0.0000000000000000000, 1.000000000000000000, 0.0000000000000000000 ) ) ;
#2005 = DIRECTION ( 'NONE',  ( 0.0000000000000000000, -0.0000000000000000000, 1.000000000000000000 ) ) ;
#2006 = DIRECTION ( 'NONE',  ( 0.0000000000000000000, -1.000000000000000000, 0.0000000000000000000 ) ) ;
#2007 = PLANE ( 'NONE',  #1738 ) ;
#2008 = DIRECTION ( 'NONE',  ( 1.000000000000000000, 1.355252715606880500E-016, 0.0000000000000000000 ) ) ;
#2009 = DIRECTION ( 'NONE',  ( -1.355252715606880500E-016, 1.000000000000000000, 0.0000000000000000000 ) ) ;
#2010 = CARTESIAN_POINT ( 'NONE',  ( -0.3999999999999999700, -0.5999999999999999800, 6.100000000000000500 ) ) ;
#2011 = PLANE ( 'NONE',  #1649 ) ;
#2012 = DIRECTION ( 'NONE',  ( 0.0000000000000000000, -1.000000000000000000, 0.0000000000000000000 ) ) ;
#2013 = DIRECTION ( 'NONE',  ( 0.0000000000000000000, -0.0000000000000000000, -1.000000000000000000 ) ) ;
#2014 = CARTESIAN_POINT ( 'NONE',  ( 0.4000000000000000800, -0.5999999999999999800, 6.100000000000000500 ) ) ;
#2015 = PLANE ( 'NONE',  #1737 ) ;
#2016 = CARTESIAN_POINT ( 'NONE',  ( -0.3999999999999999700, -0.5999999999999999800, -0.1000000000000000100 ) ) ;
#2017 = DIRECTION ( 'NONE',  ( -0.0000000000000000000, 0.0000000000000000000, 1.000000000000000000 ) ) ;
#2018 = DIRECTION ( 'NONE',  ( 1.000000000000000000, 0.0000000000000000000, 0.0000000000000000000 ) ) ;
#2019 = CARTESIAN_POINT ( 'NONE',  ( 0.3999999999999999100, 0.5999999999999999800, 6.100000000000000500 ) ) ;
#2020 = PLANE ( 'NONE',  #1742 ) ;
#2021 = DIRECTION ( 'NONE',  ( -1.000000000000000000, -1.355252715606880500E-016, 0.0000000000000000000 ) ) ;
#2022 = DIRECTION ( 'NONE',  ( 1.355252715606880500E-016, -1.000000000000000000, 0.0000000000000000000 ) ) ;
#2023 = CARTESIAN_POINT ( 'NONE',  ( -0.4000000000000001300, 0.5999999999999999800, 6.100000000000000500 ) ) ;
#2024 = PLANE ( 'NONE',  #1743 ) ;
#2025 = DIRECTION ( 'NONE',  ( 0.0000000000000000000, -1.000000000000000000, 0.0000000000000000000 ) ) ;
#2026 = DIRECTION ( 'NONE',  ( 0.0000000000000000000, -0.0000000000000000000, -1.000000000000000000 ) ) ;
#2027 = CARTESIAN_POINT ( 'NONE',  ( -0.4000000000000001300, 0.5999999999999999800, 6.100000000000000500 ) ) ;
#2028 = PLANE ( 'NONE',  #1744 ) ;
#2029 = DIRECTION ( 'NONE',  ( 1.000000000000000000, 1.355252715606880500E-016, -0.0000000000000000000 ) ) ;
#2030 = DIRECTION ( 'NONE',  ( -1.355252715606880500E-016, 1.000000000000000000, 0.0000000000000000000 ) ) ;
#2031 = CARTESIAN_POINT ( 'NONE',  ( 2.200000000000000200, -6.400000000000001200, 6.000000000000000000 ) ) ;
#2032 = PLANE ( 'NONE',  #1745 ) ;
#2033 = DIRECTION ( 'NONE',  ( 0.0000000000000000000, 1.000000000000000000, 0.0000000000000000000 ) ) ;
#2034 = DIRECTION ( 'NONE',  ( 0.0000000000000000000, -0.0000000000000000000, 1.000000000000000000 ) ) ;
#2035 = CARTESIAN_POINT ( 'NONE',  ( 2.500000000000000000, -6.700000000000001100, 6.000000000000000000 ) ) ;
#2036 = PLANE ( 'NONE',  #1746 ) ;
#2037 = DIRECTION ( 'NONE',  ( 0.0000000000000000000, 0.0000000000000000000, -1.000000000000000000 ) ) ;
#2038 = DIRECTION ( 'NONE',  ( -1.000000000000000000, 0.0000000000000000000, -0.0000000000000000000 ) ) ;
#2039 = CARTESIAN_POINT ( 'NONE',  ( 2.500000000000000000, -7.400000000000001200, 6.000000000000000000 ) ) ;
#2040 = PLANE ( 'NONE',  #1747 ) ;
#2041 = DIRECTION ( 'NONE',  ( 0.7071067811865475700, 0.7071067811865475700, 0.0000000000000000000 ) ) ;
#2042 = DIRECTION ( 'NONE',  ( -0.7071067811865474600, 0.7071067811865474600, 0.0000000000000000000 ) ) ;
#2043 = CARTESIAN_POINT ( 'NONE',  ( -2.500000000000000000, -7.400000000000001200, 6.000000000000000000 ) ) ;
#2044 = PLANE ( 'NONE',  #1748 ) ;
#2045 = DIRECTION ( 'NONE',  ( 1.000000000000000000, 0.0000000000000000000, 0.0000000000000000000 ) ) ;
#2046 = DIRECTION ( 'NONE',  ( 0.0000000000000000000, 0.0000000000000000000, -1.000000000000000000 ) ) ;
#2047 = CARTESIAN_POINT ( 'NONE',  ( -2.500000000000000000, -6.700000000000001100, 6.000000000000000000 ) ) ;
#2048 = PLANE ( 'NONE',  #1749 ) ;
#2049 = DIRECTION ( 'NONE',  ( -0.0000000000000000000, 1.000000000000000000, 0.0000000000000000000 ) ) ;
#2050 = DIRECTION ( 'NONE',  ( 0.0000000000000000000, -0.0000000000000000000, 1.000000000000000000 ) ) ;
#2051 = CARTESIAN_POINT ( 'NONE',  ( -2.200000000000000200, -6.400000000000001200, 6.000000000000000000 ) ) ;
#2052 = PLANE ( 'NONE',  #1750 ) ;
#2053 = DIRECTION ( 'NONE',  ( 0.0000000000000000000, 1.000000000000000000, 0.0000000000000000000 ) ) ;
#2054 = DIRECTION ( 'NONE',  ( 0.0000000000000000000, -0.0000000000000000000, 1.000000000000000000 ) ) ;
#2055 = CARTESIAN_POINT ( 'NONE',  ( 0.5999999999999998700, 1.950000000000000200, -2.200000000000000200 ) ) ;
#2056 = PLANE ( 'NONE',  #1751 ) ;
#2057 = DIRECTION ( 'NONE',  ( -1.000000000000000000, 0.0000000000000000000, -0.0000000000000000000 ) ) ;
#2058 = DIRECTION ( 'NONE',  ( -0.0000000000000000000, 0.0000000000000000000, 1.000000000000000000 ) ) ;
#2059 = CARTESIAN_POINT ( 'NONE',  ( 0.0000000000000000000, 1.950000000000000200, -1.000000000000000000 ) ) ;
#2060 = PLANE ( 'NONE',  #1752 ) ;
#2061 = DIRECTION ( 'NONE',  ( -0.7071067811865475700, 0.7071067811865475700, 0.0000000000000000000 ) ) ;
#2062 = DIRECTION ( 'NONE',  ( -0.7071067811865474600, -0.7071067811865474600, 0.0000000000000000000 ) ) ;
#2063 = CARTESIAN_POINT ( 'NONE',  ( -0.6000000000000000900, 1.950000000000000200, -2.200000000000000200 ) ) ;
#2064 = PLANE ( 'NONE',  #1753 ) ;
#2065 = DIRECTION ( 'NONE',  ( 0.8944271909999159700, 0.0000000000000000000, 0.4472135954999577600 ) ) ;
#2066 = DIRECTION ( 'NONE',  ( 0.4472135954999577600, 0.0000000000000000000, -0.8944271909999159700 ) ) ;
#2067 = CARTESIAN_POINT ( 'NONE',  ( -0.4000000000000000200, 1.950000000000000200, -2.200000000000000200 ) ) ;
#2068 = PLANE ( 'NONE',  #1754 ) ;
#2069 = DIRECTION ( 'NONE',  ( -0.8944271909999159700, 0.0000000000000000000, 0.4472135954999579800 ) ) ;
#2070 = DIRECTION ( 'NONE',  ( 0.4472135954999579300, 0.0000000000000000000, 0.8944271909999158600 ) ) ;
#2071 = CARTESIAN_POINT ( 'NONE',  ( -0.4000000000000000200, 1.950000000000000200, -2.600000000000000500 ) ) ;
#2072 = PLANE ( 'NONE',  #1755 ) ;
#2073 = DIRECTION ( 'NONE',  ( 0.0000000000000000000, 0.0000000000000000000, -1.000000000000000000 ) ) ;
#2074 = DIRECTION ( 'NONE',  ( -1.000000000000000000, 0.0000000000000000000, -0.0000000000000000000 ) ) ;
#2075 = CARTESIAN_POINT ( 'NONE',  ( 0.4000000000000000200, 1.950000000000000200, -2.600000000000000500 ) ) ;
#2076 = PLANE ( 'NONE',  #1756 ) ;
#2077 = DIRECTION ( 'NONE',  ( -1.000000000000000000, 0.0000000000000000000, -0.0000000000000000000 ) ) ;
#2078 = DIRECTION ( 'NONE',  ( -0.0000000000000000000, 0.0000000000000000000, 1.000000000000000000 ) ) ;
#2079 = CARTESIAN_POINT ( 'NONE',  ( 0.4000000000000000800, 1.950000000000000200, -2.200000000000000200 ) ) ;
#2080 = PLANE ( 'NONE',  #1757 ) ;
#2081 = DIRECTION ( 'NONE',  ( 0.0000000000000000000, 0.0000000000000000000, -1.000000000000000000 ) ) ;
#2082 = DIRECTION ( 'NONE',  ( -1.000000000000000000, 0.0000000000000000000, -0.0000000000000000000 ) ) ;
#2083 = CARTESIAN_POINT ( 'NONE',  ( 0.5999999999999998700, 1.950000000000000200, -2.200000000000000200 ) ) ;
#2084 = PLANE ( 'NONE',  #1758 ) ;
#2085 = DIRECTION ( 'NONE',  ( 1.000000000000000000, 0.0000000000000000000, -1.355252715606880000E-016 ) ) ;
#2086 = DIRECTION ( 'NONE',  ( -1.355252715606880000E-016, 0.0000000000000000000, -1.000000000000000000 ) ) ;
#2087 = CARTESIAN_POINT ( 'NONE',  ( 0.5999999999999998700, 1.950000000000000200, 7.399999999999998600 ) ) ;
#2088 = PLANE ( 'NONE',  #1759 ) ;
#2089 = DIRECTION ( 'NONE',  ( 0.0000000000000000000, 0.0000000000000000000, -1.000000000000000000 ) ) ;
#2090 = DIRECTION ( 'NONE',  ( -1.000000000000000000, 0.0000000000000000000, -0.0000000000000000000 ) ) ;
#2091 = CARTESIAN_POINT ( 'NONE',  ( 0.0000000000000000000, 1.950000000000000200, 8.599999999999999600 ) ) ;
#2092 = PLANE ( 'NONE',  #1760 ) ;
#2093 = DIRECTION ( 'NONE',  ( 0.0000000000000000000, 1.000000000000000000, -0.0000000000000000000 ) ) ;
#2094 = DIRECTION ( 'NONE',  ( 0.0000000000000000000, 0.0000000000000000000, 1.000000000000000000 ) ) ;
#2095 = CARTESIAN_POINT ( 'NONE',  ( -0.6000000000000000900, 1.950000000000000200, 7.399999999999998600 ) ) ;
#2096 = PLANE ( 'NONE',  #1761 ) ;
#2097 = DIRECTION ( 'NONE',  ( 0.8944271909999159700, 0.0000000000000000000, 0.4472135954999577600 ) ) ;
#2098 = DIRECTION ( 'NONE',  ( 0.4472135954999577600, 0.0000000000000000000, -0.8944271909999159700 ) ) ;
#2099 = CARTESIAN_POINT ( 'NONE',  ( -0.4000000000000000200, 1.950000000000000200, 7.399999999999998600 ) ) ;
#2100 = PLANE ( 'NONE',  #1762 ) ;
#2101 = DIRECTION ( 'NONE',  ( -0.8944271909999159700, 0.0000000000000000000, 0.4472135954999579800 ) ) ;
#2102 = DIRECTION ( 'NONE',  ( 0.4472135954999579300, 0.0000000000000000000, 0.8944271909999158600 ) ) ;
#2103 = CARTESIAN_POINT ( 'NONE',  ( -0.4000000000000000200, 1.950000000000000200, 6.999999999999999100 ) ) ;
#2104 = PLANE ( 'NONE',  #1763 ) ;
#2105 = DIRECTION ( 'NONE',  ( 0.0000000000000000000, 0.0000000000000000000, -1.000000000000000000 ) ) ;
#2106 = DIRECTION ( 'NONE',  ( -1.000000000000000000, 0.0000000000000000000, -0.0000000000000000000 ) ) ;
#2107 = CARTESIAN_POINT ( 'NONE',  ( 0.4000000000000000200, 1.950000000000000200, 6.999999999999999100 ) ) ;
#2108 = PLANE ( 'NONE',  #1764 ) ;
#2109 = DIRECTION ( 'NONE',  ( -1.000000000000000000, 0.0000000000000000000, -0.0000000000000000000 ) ) ;
#2110 = DIRECTION ( 'NONE',  ( -0.0000000000000000000, 0.0000000000000000000, 1.000000000000000000 ) ) ;
#2111 = CARTESIAN_POINT ( 'NONE',  ( 0.4000000000000000800, 1.950000000000000200, 7.399999999999998600 ) ) ;
#2112 = PLANE ( 'NONE',  #1765 ) ;
#2113 = DIRECTION ( 'NONE',  ( 0.0000000000000000000, 0.0000000000000000000, -1.000000000000000000 ) ) ;
#2114 = DIRECTION ( 'NONE',  ( -1.000000000000000000, 0.0000000000000000000, -0.0000000000000000000 ) ) ;
#2115 = CARTESIAN_POINT ( 'NONE',  ( 0.5999999999999998700, 1.950000000000000200, 7.399999999999998600 ) ) ;
#2116 = PLANE ( 'NONE',  #1766 ) ;
#2117 = DIRECTION ( 'NONE',  ( 1.000000000000000000, 0.0000000000000000000, -1.355252715606880000E-016 ) ) ;
#2118 = DIRECTION ( 'NONE',  ( -1.355252715606880000E-016, 0.0000000000000000000, -1.000000000000000000 ) ) ;
#2119 = CARTESIAN_POINT ( 'NONE',  ( -3.000000000000000000, -12.10000000000000100, -2.900000000000003000 ) ) ;
#2120 = PLANE ( 'NONE',  #1767 ) ;
#2121 = DIRECTION ( 'NONE',  ( 0.0000000000000000000, 0.0000000000000000000, -1.000000000000000000 ) ) ;
#2122 = DIRECTION ( 'NONE',  ( -1.000000000000000000, 0.0000000000000000000, -0.0000000000000000000 ) ) ;
#2123 = CARTESIAN_POINT ( 'NONE',  ( -3.499999999999998700, -12.10000000000000100, -2.400000000000003000 ) ) ;
#2124 = PLANE ( 'NONE',  #1768 ) ;
#2125 = DIRECTION ( 'NONE',  ( 0.0000000000000000000, 1.000000000000000000, -0.0000000000000000000 ) ) ;
#2126 = DIRECTION ( 'NONE',  ( 0.0000000000000000000, 0.0000000000000000000, 1.000000000000000000 ) ) ;
#2127 = CARTESIAN_POINT ( 'NONE',  ( -3.499999999999998700, -12.10000000000000100, 8.399999999999998600 ) ) ;
#2128 = PLANE ( 'NONE',  #1769 ) ;
#2129 = DIRECTION ( 'NONE',  ( -0.7071067811865484600, 0.0000000000000000000, -0.7071067811865466800 ) ) ;
#2130 = DIRECTION ( 'NONE',  ( -0.7071067811865465700, 0.0000000000000000000, 0.7071067811865483500 ) ) ;
#2131 = CARTESIAN_POINT ( 'NONE',  ( -3.499999999999998700, -12.60000000000000100, -2.400000000000003000 ) ) ;
#2132 = PLANE ( 'NONE',  #1770 ) ;
#2133 = DIRECTION ( 'NONE',  ( -1.000000000000000000, 0.0000000000000000000, 0.0000000000000000000 ) ) ;
#2134 = DIRECTION ( 'NONE',  ( 0.0000000000000000000, 0.0000000000000000000, 1.000000000000000000 ) ) ;
#2135 = CARTESIAN_POINT ( 'NONE',  ( -1.149999999999999700, -14.60000000000000100, 7.199999999999998400 ) ) ;
#2136 = PLANE ( 'NONE',  #1771 ) ;
#2137 = DIRECTION ( 'NONE',  ( -0.7071067811865489100, 0.0000000000000000000, 0.7071067811865462400 ) ) ;
#2138 = DIRECTION ( 'NONE',  ( 0.7071067811865462400, 0.0000000000000000000, 0.7071067811865489100 ) ) ;
#2139 = DIRECTION ( 'NONE',  ( -1.000000000000000000, 0.0000000000000000000, 0.0000000000000000000 ) ) ;
#2140 = PLANE ( 'NONE',  #1772 ) ;
#2141 = DIRECTION ( 'NONE',  ( 0.7071067811865451300, -0.7071067811865500200, 0.0000000000000000000 ) ) ;
#2142 = DIRECTION ( 'NONE',  ( 0.7071067811865500200, 0.7071067811865451300, 0.0000000000000000000 ) ) ;
#2143 = CARTESIAN_POINT ( 'NONE',  ( -10.00000000000000200, -13.00000000000000000, 13.00000000000000200 ) ) ;
#2144 = DIRECTION ( 'NONE',  ( -0.0000000000000000000, -0.0000000000000000000, -1.000000000000000000 ) ) ;
#2145 = DIRECTION ( 'NONE',  ( 0.0000000000000000000, 0.0000000000000000000, 1.000000000000000000 ) ) ;
#2146 = DIRECTION ( 'NONE',  ( 1.000000000000000000, 0.0000000000000000000, -0.0000000000000000000 ) ) ;
#2147 = DIRECTION ( 'NONE',  ( -1.000000000000000000, 0.0000000000000000000, 0.0000000000000000000 ) ) ;
#2148 = CARTESIAN_POINT ( 'NONE',  ( -12.99999999999999800, -9.900000000000000400, 9.000000000000001800 ) ) ;
#2149 = DIRECTION ( 'NONE',  ( -0.0000000000000000000, -0.0000000000000000000, -1.000000000000000000 ) ) ;
#2150 = CARTESIAN_POINT ( 'NONE',  ( 9.100000000000001400, -13.00000000000000000, 13.00000000000000200 ) ) ;
#2151 = CARTESIAN_POINT ( 'NONE',  ( 3.000000000000000000, -20.40000000000000200, 9.700000000000001100 ) ) ;
#2152 = PLANE ( 'NONE',  #1775 ) ;
#2153 = CARTESIAN_POINT ( 'NONE',  ( -12.99999999999999800, -16.10000000000000100, 9.000000000000001800 ) ) ;
#2154 = PLANE ( 'NONE',  #1776 ) ;
#2155 = DIRECTION ( 'NONE',  ( 0.0000000000000000000, 1.000000000000000000, 0.0000000000000000000 ) ) ;
#2156 = DIRECTION ( 'NONE',  ( 0.0000000000000000000, -0.0000000000000000000, 1.000000000000000000 ) ) ;
#2157 = PLANE ( 'NONE',  #1779 ) ;
#2158 = PLANE ( 'NONE',  #1777 ) ;
#2159 = DIRECTION ( 'NONE',  ( 0.0000000000000000000, -1.000000000000000000, 0.0000000000000000000 ) ) ;
#2160 = DIRECTION ( 'NONE',  ( 0.0000000000000000000, -0.0000000000000000000, -1.000000000000000000 ) ) ;
#2161 = PLANE ( 'NONE',  #1778 ) ;
#2162 = CARTESIAN_POINT ( 'NONE',  ( -12.99999999999999800, -16.10000000000000100, 13.00000000000000200 ) ) ;
#2163 = DIRECTION ( 'NONE',  ( 0.0000000000000000000, 0.0000000000000000000, -1.000000000000000000 ) ) ;
#2164 = DIRECTION ( 'NONE',  ( -1.000000000000000000, 0.0000000000000000000, -0.0000000000000000000 ) ) ;
#2165 = CARTESIAN_POINT ( 'NONE',  ( 3.000000000000000000, 2.000000000000000000, 9.700000000000001100 ) ) ;
#2166 = CARTESIAN_POINT ( 'NONE',  ( 9.100000000000001400, -11.40000000000000200, 13.00000000000000200 ) ) ;
#2167 = DIRECTION ( 'NONE',  ( -0.0000000000000000000, 0.0000000000000000000, 1.000000000000000000 ) ) ;
#2168 = DIRECTION ( 'NONE',  ( 1.000000000000000000, 0.0000000000000000000, 0.0000000000000000000 ) ) ;
#2169 = PLANE ( 'NONE',  #1780 ) ;
#2170 = CARTESIAN_POINT ( 'NONE',  ( 3.000000000000000000, -20.40000000000000200, 9.700000000000001100 ) ) ;
#2171 = DIRECTION ( 'NONE',  ( 0.0000000000000000000, -0.0000000000000000000, -1.000000000000000000 ) ) ;
#2172 = PLANE ( 'NONE',  #1782 ) ;
#2173 = PLANE ( 'NONE',  #1781 ) ;
#2174 = DIRECTION ( 'NONE',  ( 0.0000000000000000000, 0.0000000000000000000, -1.000000000000000000 ) ) ;
#2175 = DIRECTION ( 'NONE',  ( -1.000000000000000000, 0.0000000000000000000, -0.0000000000000000000 ) ) ;
#2176 = CARTESIAN_POINT ( 'NONE',  ( -1.849999999999998500, -14.20000000000000100, 0.5499999999999972700 ) ) ;
#2177 = CARTESIAN_POINT ( 'NONE',  ( -1.149999999999999700, -18.60000000000000100, -1.200000000000002600 ) ) ;
#2178 = CARTESIAN_POINT ( 'NONE',  ( 3.000000000000000000, -20.40000000000000200, -3.700000000000002800 ) ) ;
#2179 = DIRECTION ( 'NONE',  ( 0.0000000000000000000, 1.000000000000000000, 0.0000000000000000000 ) ) ;
#2180 = DIRECTION ( 'NONE',  ( 0.0000000000000000000, -0.0000000000000000000, 1.000000000000000000 ) ) ;
#2181 = CARTESIAN_POINT ( 'NONE',  ( -1.149999999999999700, -14.60000000000000100, 7.199999999999998400 ) ) ;
#2182 = PLANE ( 'NONE',  #1783 ) ;
#2183 = DIRECTION ( 'NONE',  ( 0.0000000000000000000, 1.000000000000000000, 0.0000000000000000000 ) ) ;
#2184 = DIRECTION ( 'NONE',  ( 0.0000000000000000000, -0.0000000000000000000, 1.000000000000000000 ) ) ;
#2185 = PLANE ( 'NONE',  #1784 ) ;
#2186 = CARTESIAN_POINT ( 'NONE',  ( -2.949999999999998800, -18.60000000000000100, 0.1999999999999979300 ) ) ;
#2187 = DIRECTION ( 'NONE',  ( 1.000000000000000000, 0.0000000000000000000, 0.0000000000000000000 ) ) ;
#2188 = DIRECTION ( 'NONE',  ( 0.0000000000000000000, 0.0000000000000000000, -1.000000000000000000 ) ) ;
#2189 = CARTESIAN_POINT ( 'NONE',  ( 6.500000000000000000, -10.70000000000000100, -1.702777509911062000 ) ) ;
#2190 = PLANE ( 'NONE',  #1785 ) ;
#2191 = DIRECTION ( 'NONE',  ( -1.000000000000000000, 0.0000000000000000000, -0.0000000000000000000 ) ) ;
#2192 = DIRECTION ( 'NONE',  ( -0.0000000000000000000, 0.0000000000000000000, 1.000000000000000000 ) ) ;
#2193 = DIRECTION ( 'NONE',  ( 0.0000000000000000000, -1.000000000000000000, 0.0000000000000000000 ) ) ;
#2194 = DIRECTION ( 'NONE',  ( 0.0000000000000000000, -0.0000000000000000000, -1.000000000000000000 ) ) ;
#2195 = CARTESIAN_POINT ( 'NONE',  ( -0.4000000000000000200, 1.950000000000000200, 7.399999999999998600 ) ) ;
#2196 = CARTESIAN_POINT ( 'NONE',  ( 6.499999999999999100, -15.30000000000000100, -1.702777509911062000 ) ) ;
#2197 = DIRECTION ( 'NONE',  ( -0.0000000000000000000, -0.0000000000000000000, 1.000000000000000000 ) ) ;
#2198 = DIRECTION ( 'NONE',  ( -0.0000000000000000000, 1.000000000000000000, -0.0000000000000000000 ) ) ;
#2199 = CARTESIAN_POINT ( 'NONE',  ( 2.999999999999999100, -10.40000000000000200, -1.702777509911062000 ) ) ;
#2200 = DIRECTION ( 'NONE',  ( -0.0000000000000000000, -0.0000000000000000000, 1.000000000000000000 ) ) ;
#2201 = CARTESIAN_POINT ( 'NONE',  ( 2.999999999999999100, -15.60000000000000100, -1.702777509911062000 ) ) ;
#2202 = DIRECTION ( 'NONE',  ( -0.0000000000000000000, -0.0000000000000000000, 1.000000000000000000 ) ) ;
#2203 = CARTESIAN_POINT ( 'NONE',  ( -0.6000000000000000900, 1.950000000000000200, 7.399999999999998600 ) ) ;
#2204 = DIRECTION ( 'NONE',  ( -0.0000000000000000000, -0.0000000000000000000, 1.000000000000000000 ) ) ;
#2205 = CARTESIAN_POINT ( 'NONE',  ( -6.499999999999998200, -10.70000000000000100, -1.702777509911062000 ) ) ;
#2206 = DIRECTION ( 'NONE',  ( -1.000000000000000000, -0.0000000000000000000, -0.0000000000000000000 ) ) ;
#2207 = CARTESIAN_POINT ( 'NONE',  ( -2.949999999999997500, -18.60000000000000100, -2.000000000000002700 ) ) ;
#2208 = DIRECTION ( 'NONE',  ( -0.0000000000000000000, -0.0000000000000000000, 1.000000000000000000 ) ) ;
#2209 = CARTESIAN_POINT ( 'NONE',  ( -6.499999999999997300, -15.30000000000000100, -1.702777509911062000 ) ) ;
#2210 = DIRECTION ( 'NONE',  ( -0.0000000000000000000, -1.000000000000000000, -0.0000000000000000000 ) ) ;
#2211 = CARTESIAN_POINT ( 'NONE',  ( -2.999999999999999600, -10.40000000000000200, -1.702777509911062000 ) ) ;
#2212 = DIRECTION ( 'NONE',  ( -0.0000000000000000000, -0.0000000000000000000, 1.000000000000000000 ) ) ;
#2213 = CARTESIAN_POINT ( 'NONE',  ( 2.350000000000000100, -19.10000000000000100, 5.999999999999998200 ) ) ;
#2214 = DIRECTION ( 'NONE',  ( -0.0000000000000000000, -0.0000000000000000000, 1.000000000000000000 ) ) ;
#2215 = CARTESIAN_POINT ( 'NONE',  ( 2.350000000000000100, -19.10000000000000100, 5.999999999999998200 ) ) ;
#2216 = DIRECTION ( 'NONE',  ( -0.0000000000000000000, -1.000000000000000000, -0.0000000000000000000 ) ) ;
#2217 = CARTESIAN_POINT ( 'NONE',  ( 0.5000000000000000000, -18.60000000000000100, -2.000000000000002700 ) ) ;
#2218 = DIRECTION ( 'NONE',  ( -1.445602896647339200E-016, -0.0000000000000000000, 1.000000000000000000 ) ) ;
#2219 = CARTESIAN_POINT ( 'NONE',  ( 1.550000000000000300, -19.10000000000000100, 5.999999999999998200 ) ) ;
#2220 = DIRECTION ( 'NONE',  ( -0.0000000000000000000, -1.000000000000000000, -0.0000000000000000000 ) ) ;
#2221 = CARTESIAN_POINT ( 'NONE',  ( -2.949999999999998800, -14.20000000000000100, 0.1999999999999973700 ) ) ;
#2222 = DIRECTION ( 'NONE',  ( -1.000000000000000000, -0.0000000000000000000, -0.0000000000000000000 ) ) ;
#2223 = CARTESIAN_POINT ( 'NONE',  ( 1.550000000000000700, -19.10000000000000100, -1.734723475976807100E-015 ) ) ;
#2224 = DIRECTION ( 'NONE',  ( -0.0000000000000000000, -1.000000000000000000, -0.0000000000000000000 ) ) ;
#2225 = CARTESIAN_POINT ( 'NONE',  ( 1.550000000000000300, -14.60000000000000100, -1.200000000000002600 ) ) ;
#2226 = DIRECTION ( 'NONE',  ( -1.000000000000000000, -0.0000000000000000000, -0.0000000000000000000 ) ) ;
#2227 = CARTESIAN_POINT ( 'NONE',  ( 0.4000000000000000200, 1.950000000000000200, 6.999999999999999100 ) ) ;
#2228 = DIRECTION ( 'NONE',  ( -0.0000000000000000000, -1.000000000000000000, -0.0000000000000000000 ) ) ;
#2229 = CARTESIAN_POINT ( 'NONE',  ( 0.5000000000000000000, -18.60000000000000100, 7.199999999999998400 ) ) ;
#2230 = DIRECTION ( 'NONE',  ( -0.0000000000000000000, 1.000000000000000000, -0.0000000000000000000 ) ) ;
#2231 = CARTESIAN_POINT ( 'NONE',  ( -3.499999999999998700, -14.20000000000000100, 5.799999999999998000 ) ) ;
#2232 = DIRECTION ( 'NONE',  ( 0.0000000000000000000, 0.0000000000000000000, -1.000000000000000000 ) ) ;
#2233 = CARTESIAN_POINT ( 'NONE',  ( -2.949999999999998800, -14.20000000000000100, 5.799999999999998000 ) ) ;
#2234 = DIRECTION ( 'NONE',  ( -0.0000000000000000000, -1.000000000000000000, -0.0000000000000000000 ) ) ;
#2235 = CARTESIAN_POINT ( 'NONE',  ( -0.4000000000000000200, 1.950000000000000200, 6.999999999999999100 ) ) ;
#2236 = DIRECTION ( 'NONE',  ( -1.000000000000000000, -0.0000000000000000000, -0.0000000000000000000 ) ) ;
#2237 = CARTESIAN_POINT ( 'NONE',  ( 0.4000000000000000200, 1.950000000000000200, 6.999999999999999100 ) ) ;
#2238 = DIRECTION ( 'NONE',  ( -1.355252715606880000E-016, -0.0000000000000000000, -1.000000000000000000 ) ) ;
#2239 = CARTESIAN_POINT ( 'NONE',  ( -3.499999999999998700, -12.10000000000000100, -2.400000000000003000 ) ) ;
#2240 = DIRECTION ( 'NONE',  ( 0.0000000000000000000, -1.000000000000000000, 0.0000000000000000000 ) ) ;
#2241 = CARTESIAN_POINT ( 'NONE',  ( 2.350000000000001000, -19.10000000000000100, -1.734723475976807100E-015 ) ) ;
#2242 = DIRECTION ( 'NONE',  ( -0.0000000000000000000, 1.000000000000000000, -0.0000000000000000000 ) ) ;
#2243 = CARTESIAN_POINT ( 'NONE',  ( 1.550000000000000300, -19.10000000000000100, 5.999999999999998200 ) ) ;
#2244 = DIRECTION ( 'NONE',  ( -0.0000000000000000000, -1.000000000000000000, -0.0000000000000000000 ) ) ;
#2245 = CARTESIAN_POINT ( 'NONE',  ( -2.949999999999998000, -18.60000000000000100, 0.1999999999999974900 ) ) ;
#2246 = DIRECTION ( 'NONE',  ( -0.0000000000000000000, -1.000000000000000000, -0.0000000000000000000 ) ) ;
#2247 = CARTESIAN_POINT ( 'NONE',  ( 0.4000000000000000800, 1.950000000000000200, 7.399999999999998600 ) ) ;
#2248 = DIRECTION ( 'NONE',  ( -0.0000000000000000000, -1.000000000000000000, -0.0000000000000000000 ) ) ;
#2249 = CARTESIAN_POINT ( 'NONE',  ( -3.499999999999998700, -18.60000000000000100, 0.1999999999999979300 ) ) ;
#2250 = DIRECTION ( 'NONE',  ( -0.0000000000000000000, 1.000000000000000000, -0.0000000000000000000 ) ) ;
#2251 = CARTESIAN_POINT ( 'NONE',  ( -3.499999999999998700, -12.60000000000000100, -2.400000000000003000 ) ) ;
#2252 = DIRECTION ( 'NONE',  ( 0.0000000000000000000, 0.0000000000000000000, -1.000000000000000000 ) ) ;
#2253 = CARTESIAN_POINT ( 'NONE',  ( 1.550000000000000300, -19.10000000000000100, 5.999999999999998200 ) ) ;
#2254 = DIRECTION ( 'NONE',  ( 1.084202172485504400E-016, 0.0000000000000000000, -1.000000000000000000 ) ) ;
#2255 = CARTESIAN_POINT ( 'NONE',  ( -3.333333333333332600, -12.43333333333333500, 8.566666666666664700 ) ) ;
#2256 = DIRECTION ( 'NONE',  ( -0.5773502691896264000, -0.5773502691896224000, -0.5773502691896285100 ) ) ;
#2257 = CARTESIAN_POINT ( 'NONE',  ( 1.550000000000000500, -14.60000000000000100, 7.199999999999998400 ) ) ;
#2258 = DIRECTION ( 'NONE',  ( -0.0000000000000000000, -1.000000000000000000, -0.0000000000000000000 ) ) ;
#2259 = CARTESIAN_POINT ( 'NONE',  ( 0.4000000000000000800, 1.950000000000000200, 7.399999999999998600 ) ) ;
#2260 = DIRECTION ( 'NONE',  ( -1.000000000000000000, -0.0000000000000000000, -0.0000000000000000000 ) ) ;
#2261 = CARTESIAN_POINT ( 'NONE',  ( -2.999999999999998200, -12.10000000000000500, -2.900000000000004400 ) ) ;
#2262 = DIRECTION ( 'NONE',  ( 0.5773502691896266200, 0.5773502691896227300, -0.5773502691896280600 ) ) ;
#2263 = CARTESIAN_POINT ( 'NONE',  ( -0.4000000000000000200, 1.950000000000000200, 6.999999999999999100 ) ) ;
#2264 = DIRECTION ( 'NONE',  ( -0.0000000000000000000, -1.000000000000000000, -0.0000000000000000000 ) ) ;
#2265 = CARTESIAN_POINT ( 'NONE',  ( -0.09999999999999993600, -14.60000000000000100, 6.249999999999997300 ) ) ;
#2266 = DIRECTION ( 'NONE',  ( -1.000000000000000000, -0.0000000000000000000, -0.0000000000000000000 ) ) ;
#2267 = CARTESIAN_POINT ( 'NONE',  ( -3.499999999999998700, -12.10000000000000100, 8.399999999999998600 ) ) ;
#2268 = DIRECTION ( 'NONE',  ( 0.0000000000000000000, -1.000000000000000000, 0.0000000000000000000 ) ) ;
#2269 = CARTESIAN_POINT ( 'NONE',  ( -3.499999999999998700, -18.60000000000000100, 5.799999999999998000 ) ) ;
#2270 = DIRECTION ( 'NONE',  ( -0.0000000000000000000, -1.000000000000000000, -0.0000000000000000000 ) ) ;
#2271 = CARTESIAN_POINT ( 'NONE',  ( -3.000000000000000000, -9.900000000000000400, 0.0000000000000000000 ) ) ;
#2272 = DIRECTION ( 'NONE',  ( 0.0000000000000000000, 0.0000000000000000000, 1.000000000000000000 ) ) ;
#2273 = CARTESIAN_POINT ( 'NONE',  ( -1.149999999999999700, -14.60000000000000100, -1.200000000000002600 ) ) ;
#2274 = DIRECTION ( 'NONE',  ( -0.0000000000000000000, -0.0000000000000000000, -1.000000000000000000 ) ) ;
#2275 = CARTESIAN_POINT ( 'NONE',  ( -3.000000000000000000, -6.400000000000001200, 9.000000000000001800 ) ) ;
#2276 = DIRECTION ( 'NONE',  ( 1.084202172485505300E-016, 0.0000000000000000000, -1.000000000000000000 ) ) ;
#2277 = CARTESIAN_POINT ( 'NONE',  ( -3.000000000000000000, -6.400000000000001200, -3.448764200486670500 ) ) ;
#2278 = DIRECTION ( 'NONE',  ( 0.0000000000000000000, -1.000000000000000000, 0.0000000000000000000 ) ) ;
#2279 = CARTESIAN_POINT ( 'NONE',  ( -3.000000000000000000, -20.40000000000000200, 9.700000000000001100 ) ) ;
#2280 = DIRECTION ( 'NONE',  ( 0.0000000000000000000, 0.0000000000000000000, 1.000000000000000000 ) ) ;
#2281 = CARTESIAN_POINT ( 'NONE',  ( -3.000000000000000000, -6.400000000000001200, 0.0000000000000000000 ) ) ;
#2282 = DIRECTION ( 'NONE',  ( -0.0000000000000000000, -1.000000000000000000, -0.0000000000000000000 ) ) ;
#2283 = CARTESIAN_POINT ( 'NONE',  ( -2.949999999999998800, -14.20000000000000100, 5.799999999999998000 ) ) ;
#2284 = DIRECTION ( 'NONE',  ( -0.0000000000000000000, -1.000000000000000000, -0.0000000000000000000 ) ) ;
#2285 = CARTESIAN_POINT ( 'NONE',  ( -3.000000000000000000, -12.10000000000000100, -2.900000000000003000 ) ) ;
#2286 = DIRECTION ( 'NONE',  ( 0.0000000000000000000, 0.0000000000000000000, -1.000000000000000000 ) ) ;
#2287 = CARTESIAN_POINT ( 'NONE',  ( -0.1000000000000000500, -14.60000000000000100, 2.249999999999997800 ) ) ;
#2288 = DIRECTION ( 'NONE',  ( 1.084202172485505300E-016, 0.0000000000000000000, -1.000000000000000000 ) ) ;
#2289 = CARTESIAN_POINT ( 'NONE',  ( -2.949999999999998800, -18.60000000000000100, 5.799999999999998000 ) ) ;
#2290 = DIRECTION ( 'NONE',  ( 0.0000000000000000000, -1.000000000000000000, 0.0000000000000000000 ) ) ;
#2291 = CARTESIAN_POINT ( 'NONE',  ( -3.000000000000000000, -12.10000000000000100, 8.899999999999998600 ) ) ;
#2292 = DIRECTION ( 'NONE',  ( -0.0000000000000000000, -0.0000000000000000000, 1.000000000000000000 ) ) ;
#2293 = CARTESIAN_POINT ( 'NONE',  ( -0.09999999999999999200, -14.60000000000000100, 1.749999999999998000 ) ) ;
#2294 = DIRECTION ( 'NONE',  ( 1.000000000000000000, 0.0000000000000000000, 0.0000000000000000000 ) ) ;
#2295 = CARTESIAN_POINT ( 'NONE',  ( -1.149999999999999700, -14.60000000000000100, -1.200000000000002600 ) ) ;
#2296 = DIRECTION ( 'NONE',  ( -0.0000000000000000000, -0.0000000000000000000, 1.000000000000000000 ) ) ;
#2297 = CARTESIAN_POINT ( 'NONE',  ( -3.000000000000000000, -6.400000000000001200, 12.70000000000000100 ) ) ;
#2298 = DIRECTION ( 'NONE',  ( -0.0000000000000000000, -1.000000000000000000, -0.0000000000000000000 ) ) ;
#2299 = CARTESIAN_POINT ( 'NONE',  ( -0.1000000000000000500, -14.60000000000000100, -0.2500000000000019400 ) ) ;
#2300 = DIRECTION ( 'NONE',  ( 1.000000000000000000, 0.0000000000000000000, 0.0000000000000000000 ) ) ;
#2301 = CARTESIAN_POINT ( 'NONE',  ( -10.00000000000000200, -11.40000000000000000, 13.00000000000000200 ) ) ;
#2302 = DIRECTION ( 'NONE',  ( 1.112002228190261200E-016, -1.000000000000000000, 0.0000000000000000000 ) ) ;
#2303 = CARTESIAN_POINT ( 'NONE',  ( -3.000000000000000000, -20.40000000000000200, 9.700000000000001100 ) ) ;
#2304 = DIRECTION ( 'NONE',  ( -0.0000000000000000000, -1.000000000000000000, -0.0000000000000000000 ) ) ;
#2305 = CARTESIAN_POINT ( 'NONE',  ( -3.000000000000000000, -20.40000000000000200, -3.700000000000002800 ) ) ;
#2306 = DIRECTION ( 'NONE',  ( -0.0000000000000000000, -0.0000000000000000000, -1.000000000000000000 ) ) ;
#2307 = CARTESIAN_POINT ( 'NONE',  ( -1.849999999999998500, -14.20000000000000100, 0.5499999999999972700 ) ) ;
#2308 = DIRECTION ( 'NONE',  ( 0.0000000000000000000, 0.0000000000000000000, 1.000000000000000000 ) ) ;
#2309 = DIRECTION ( 'NONE',  ( -0.0000000000000000000, -0.0000000000000000000, -1.000000000000000000 ) ) ;
#2310 = CARTESIAN_POINT ( 'NONE',  ( 3.000000000000000000, -9.900000000000000400, 0.0000000000000000000 ) ) ;
#2311 = LINE ( 'NONE', #2203, #2319 ) ;
#2312 = VECTOR ( 'NONE', #2198, 1000.000000000000000 ) ;
#2313 = LINE ( 'NONE', #2199, #2314 ) ;
#2314 = VECTOR ( 'NONE', #2200, 1000.000000000000000 ) ;
#2315 = VECTOR ( 'NONE', #2202, 1000.000000000000000 ) ;
#2316 = LINE ( 'NONE', #2205, #2321 ) ;
#2317 = VECTOR ( 'NONE', #2204, 1000.000000000000000 ) ;
#2318 = LINE ( 'NONE', #2207, #2323 ) ;
#2319 = VECTOR ( 'NONE', #2206, 1000.000000000000000 ) ;
#2320 = LINE ( 'NONE', #2209, #2325 ) ;
#2321 = VECTOR ( 'NONE', #2208, 1000.000000000000000 ) ;
#2322 = LINE ( 'NONE', #2211, #2327 ) ;
#2323 = VECTOR ( 'NONE', #2210, 1000.000000000000000 ) ;
#2324 = LINE ( 'NONE', #2213, #2329 ) ;
#2325 = VECTOR ( 'NONE', #2212, 1000.000000000000000 ) ;
#2326 = LINE ( 'NONE', #2215, #2331 ) ;
#2327 = VECTOR ( 'NONE', #2214, 1000.000000000000000 ) ;
#2328 = LINE ( 'NONE', #2217, #2333 ) ;
#2329 = VECTOR ( 'NONE', #2216, 1000.000000000000000 ) ;
#2330 = LINE ( 'NONE', #2219, #2335 ) ;
#2331 = VECTOR ( 'NONE', #2218, 1000.000000000000000 ) ;
#2332 = LINE ( 'NONE', #2221, #2339 ) ;
#2333 = VECTOR ( 'NONE', #2220, 1000.000000000000000 ) ;
#2334 = LINE ( 'NONE', #2225, #2341 ) ;
#2335 = VECTOR ( 'NONE', #2222, 1000.000000000000000 ) ;
#2336 = LINE ( 'NONE', #2227, #2343 ) ;
#2337 = LINE ( 'NONE', #2223, #2338 ) ;
#2338 = VECTOR ( 'NONE', #2224, 1000.000000000000000 ) ;
#2339 = VECTOR ( 'NONE', #2226, 1000.000000000000000 ) ;
#2340 = LINE ( 'NONE', #2229, #2347 ) ;
#2341 = VECTOR ( 'NONE', #2228, 1000.000000000000000 ) ;
#2342 = LINE ( 'NONE', #2233, #2349 ) ;
#2343 = VECTOR ( 'NONE', #2230, 1000.000000000000000 ) ;
#2344 = LINE ( 'NONE', #2235, #2355 ) ;
#2345 = LINE ( 'NONE', #2231, #2346 ) ;
#2346 = VECTOR ( 'NONE', #2232, 1000.000000000000000 ) ;
#2347 = VECTOR ( 'NONE', #2234, 1000.000000000000000 ) ;
#2348 = LINE ( 'NONE', #2241, #2361 ) ;
#2349 = VECTOR ( 'NONE', #2236, 1000.000000000000000 ) ;
#2350 = LINE ( 'NONE', #2247, #2363 ) ;
#2351 = LINE ( 'NONE', #2237, #2352 ) ;
#2352 = VECTOR ( 'NONE', #2238, 1000.000000000000000 ) ;
#2353 = LINE ( 'NONE', #2239, #2354 ) ;
#2354 = VECTOR ( 'NONE', #2240, 1000.000000000000000 ) ;
#2355 = VECTOR ( 'NONE', #2242, 1000.000000000000000 ) ;
#2356 = LINE ( 'NONE', #2249, #2371 ) ;
#2357 = LINE ( 'NONE', #2243, #2358 ) ;
#2358 = VECTOR ( 'NONE', #2244, 1000.000000000000000 ) ;
#2359 = LINE ( 'NONE', #2245, #2360 ) ;
#2360 = VECTOR ( 'NONE', #2246, 1000.000000000000000 ) ;
#2361 = VECTOR ( 'NONE', #2248, 1000.000000000000000 ) ;
#2362 = LINE ( 'NONE', #2257, #2377 ) ;
#2363 = VECTOR ( 'NONE', #2250, 1000.000000000000000 ) ;
#2364 = LINE ( 'NONE', #2263, #2379 ) ;
#2365 = LINE ( 'NONE', #2251, #2366 ) ;
#2366 = VECTOR ( 'NONE', #2252, 1000.000000000000000 ) ;
#2367 = LINE ( 'NONE', #2253, #2368 ) ;
#2368 = VECTOR ( 'NONE', #2254, 1000.000000000000000 ) ;
#2369 = LINE ( 'NONE', #2255, #2370 ) ;
#2370 = VECTOR ( 'NONE', #2256, 1000.000000000000200 ) ;
#2371 = VECTOR ( 'NONE', #2258, 1000.000000000000000 ) ;
#2372 = LINE ( 'NONE', #2265, #2389 ) ;
#2373 = LINE ( 'NONE', #2259, #2374 ) ;
#2374 = VECTOR ( 'NONE', #2260, 1000.000000000000000 ) ;
#2375 = LINE ( 'NONE', #2261, #2376 ) ;
#2376 = VECTOR ( 'NONE', #2262, 999.9999999999998900 ) ;
#2377 = VECTOR ( 'NONE', #2264, 1000.000000000000000 ) ;
#2378 = LINE ( 'NONE', #2275, #2391 ) ;
#2379 = VECTOR ( 'NONE', #2266, 1000.000000000000000 ) ;
#2380 = LINE ( 'NONE', #2277, #2393 ) ;
#2381 = LINE ( 'NONE', #2267, #2382 ) ;
#2382 = VECTOR ( 'NONE', #2268, 1000.000000000000000 ) ;
#2383 = LINE ( 'NONE', #2269, #2384 ) ;
#2384 = VECTOR ( 'NONE', #2270, 1000.000000000000000 ) ;
#2385 = LINE ( 'NONE', #2271, #2386 ) ;
#2386 = VECTOR ( 'NONE', #2272, 1000.000000000000000 ) ;
#2387 = LINE ( 'NONE', #2273, #2388 ) ;
#2388 = VECTOR ( 'NONE', #2274, 1000.000000000000000 ) ;
#2389 = VECTOR ( 'NONE', #2276, 1000.000000000000000 ) ;
#2390 = LINE ( 'NONE', #2279, #2396 ) ;
#2391 = VECTOR ( 'NONE', #2278, 1000.000000000000000 ) ;
#2392 = LINE ( 'NONE', #2281, #2397 ) ;
#2393 = VECTOR ( 'NONE', #2280, 1000.000000000000000 ) ;
#2394 = LINE ( 'NONE', #2283, #2399 ) ;
#2395 = LINE ( 'NONE', #2285, #2403 ) ;
#2396 = VECTOR ( 'NONE', #2282, 1000.000000000000000 ) ;
#2397 = VECTOR ( 'NONE', #2284, 1000.000000000000000 ) ;
#2398 = LINE ( 'NONE', #2289, #2409 ) ;
#2399 = VECTOR ( 'NONE', #2286, 1000.000000000000000 ) ;
#2400 = LINE ( 'NONE', #2295, #2411 ) ;
#2401 = LINE ( 'NONE', #2287, #2402 ) ;
#2402 = VECTOR ( 'NONE', #2288, 1000.000000000000000 ) ;
#2403 = VECTOR ( 'NONE', #2290, 1000.000000000000000 ) ;
#2404 = LINE ( 'NONE', #2297, #2415 ) ;
#2405 = LINE ( 'NONE', #2291, #2406 ) ;
#2406 = VECTOR ( 'NONE', #2292, 1000.000000000000000 ) ;
#2407 = LINE ( 'NONE', #2293, #2408 ) ;
#2408 = VECTOR ( 'NONE', #2294, 1000.000000000000000 ) ;
#2409 = VECTOR ( 'NONE', #2296, 1000.000000000000000 ) ;
#2410 = LINE ( 'NONE', #2301, #2419 ) ;
#2411 = VECTOR ( 'NONE', #2298, 1000.000000000000000 ) ;
#2412 = LINE ( 'NONE', #2305, #2421 ) ;
#2413 = LINE ( 'NONE', #2299, #2414 ) ;
#2414 = VECTOR ( 'NONE', #2300, 1000.000000000000000 ) ;
#2415 = VECTOR ( 'NONE', #2302, 1000.000000000000000 ) ;
#2416 = LINE ( 'NONE', #2307, #2423 ) ;
#2417 = LINE ( 'NONE', #2303, #2418 ) ;
#2418 = VECTOR ( 'NONE', #2304, 1000.000000000000000 ) ;
#2419 = VECTOR ( 'NONE', #2306, 1000.000000000000000 ) ;
#2420 = LINE ( 'NONE', #2310, #2425 ) ;
#2421 = VECTOR ( 'NONE', #2309, 1000.000000000000000 ) ;
#2422 = LINE ( 'NONE', #2478, #2427 ) ;
#2423 = VECTOR ( 'NONE', #2477, 1000.000000000000000 ) ;
#2424 = LINE ( 'NONE', #2479, #2429 ) ;
#2425 = VECTOR ( 'NONE', #2308, 1000.000000000000000 ) ;
#2426 = LINE ( 'NONE', #2481, #2433 ) ;
#2427 = VECTOR ( 'NONE', #2480, 1000.000000000000000 ) ;
#2428 = LINE ( 'NONE', #2498, #2448 ) ;
#2429 = VECTOR ( 'NONE', #2482, 1000.000000000000000 ) ;
#2430 = VECTOR ( 'NONE', #2491, 1000.000000000000000 ) ;
#2431 = LINE ( 'NONE', #2484, #2432 ) ;
#2432 = VECTOR ( 'NONE', #2485, 1000.000000000000000 ) ;
#2433 = VECTOR ( 'NONE', #2487, 1000.000000000000000 ) ;
#2434 = LINE ( 'NONE', #2490, #2440 ) ;
#2435 = LINE ( 'NONE', #2494, #2444 ) ;
#2436 = LINE ( 'NONE', #2483, #2430 ) ;
#2437 = CIRCLE ( 'NONE', #1739, 2.000000000000000000 ) ;
#2438 = LINE ( 'NONE', #2492, #2439 ) ;
#2439 = VECTOR ( 'NONE', #2493, 1000.000000000000000 ) ;
#2440 = VECTOR ( 'NONE', #2495, 1000.000000000000000 ) ;
#2441 = LINE ( 'NONE', #2502, #2450 ) ;
#2442 = LINE ( 'NONE', #2496, #2443 ) ;
#2443 = VECTOR ( 'NONE', #2497, 1000.000000000000000 ) ;
#2444 = VECTOR ( 'NONE', #2499, 1000.000000000000000 ) ;
#2445 = LINE ( 'NONE', #2504, #2454 ) ;
#2446 = LINE ( 'NONE', #2500, #2447 ) ;
#2447 = VECTOR ( 'NONE', #2501, 1000.000000000000000 ) ;
#2448 = VECTOR ( 'NONE', #2503, 1000.000000000000000 ) ;
#2449 = LINE ( 'NONE', #2508, #2456 ) ;
#2450 = VECTOR ( 'NONE', #2505, 1000.000000000000100 ) ;
#2451 = LINE ( 'NONE', #2510, #2458 ) ;
#2452 = LINE ( 'NONE', #2506, #2453 ) ;
#2453 = VECTOR ( 'NONE', #2507, 1000.000000000000000 ) ;
#2454 = VECTOR ( 'NONE', #2509, 1000.000000000000000 ) ;
#2455 = VECTOR ( 'NONE', #2520, 1000.000000000000000 ) ;
#2456 = VECTOR ( 'NONE', #2512, 1000.000000000000000 ) ;
#2457 = LINE ( 'NONE', #2519, #2455 ) ;
#2458 = VECTOR ( 'NONE', #2514, 1000.000000000000000 ) ;
#2459 = LINE ( 'NONE', #2533, #2614 ) ;
#2460 = LINE ( 'NONE', #2515, #2461 ) ;
#2461 = VECTOR ( 'NONE', #2516, 1000.000000000000100 ) ;
#2462 = LINE ( 'NONE', #2535, #2621 ) ;
#2463 = LINE ( 'NONE', #2511, #2613 ) ;
#2464 = CIRCLE ( 'NONE', #1652, 2.000000000000000000 ) ;
#2465 = LINE ( 'NONE', #2521, #2466 ) ;
#2466 = VECTOR ( 'NONE', #2522, 1000.000000000000000 ) ;
#2467 = LINE ( 'NONE', #2523, #2468 ) ;
#2468 = VECTOR ( 'NONE', #2524, 1000.000000000000000 ) ;
#2469 = LINE ( 'NONE', #2525, #2470 ) ;
#2470 = VECTOR ( 'NONE', #2526, 1000.000000000000000 ) ;
#2471 = LINE ( 'NONE', #2527, #2472 ) ;
#2472 = VECTOR ( 'NONE', #2528, 1000.000000000000000 ) ;
#2473 = LINE ( 'NONE', #2529, #2474 ) ;
#2474 = VECTOR ( 'NONE', #2530, 1000.000000000000000 ) ;
#2475 = LINE ( 'NONE', #2531, #2476 ) ;
#2476 = VECTOR ( 'NONE', #2532, 1000.000000000000000 ) ;
#2477 = DIRECTION ( 'NONE',  ( -0.0000000000000000000, -3.540251991789401900E-016, -1.000000000000000000 ) ) ;
#2478 = CARTESIAN_POINT ( 'NONE',  ( 0.3999999999999999100, -14.60000000000000100, 0.2499999999999976100 ) ) ;
#2479 = CARTESIAN_POINT ( 'NONE',  ( -3.000000000000000000, -6.400000000000001200, 9.700000000000001100 ) ) ;
#2480 = DIRECTION ( 'NONE',  ( -4.336808689942021200E-016, -0.0000000000000000000, 1.000000000000000000 ) ) ;
#2481 = CARTESIAN_POINT ( 'NONE',  ( -2.949999999999998800, -18.60000000000000100, 7.999999999999996400 ) ) ;
#2482 = DIRECTION ( 'NONE',  ( -1.000000000000000000, 0.0000000000000000000, 0.0000000000000000000 ) ) ;
#2483 = CARTESIAN_POINT ( 'NONE',  ( -1.849999999999998500, -18.60000000000000100, 5.449999999999998400 ) ) ;
#2484 = CARTESIAN_POINT ( 'NONE',  ( 0.4000000000000000800, -14.60000000000000100, 6.249999999999997300 ) ) ;
#2485 = DIRECTION ( 'NONE',  ( -4.336808689942021200E-016, -0.0000000000000000000, 1.000000000000000000 ) ) ;
#2486 = CARTESIAN_POINT ( 'NONE',  ( 11.00000000000000400, -14.10000000000000000, 13.00000000000000200 ) ) ;
#2487 = DIRECTION ( 'NONE',  ( 0.0000000000000000000, 0.0000000000000000000, -1.000000000000000000 ) ) ;
#2488 = DIRECTION ( 'NONE',  ( -0.0000000000000000000, 0.0000000000000000000, 1.000000000000000000 ) ) ;
#2489 = DIRECTION ( 'NONE',  ( 1.000000000000000000, 0.0000000000000000000, 0.0000000000000000000 ) ) ;
#2490 = CARTESIAN_POINT ( 'NONE',  ( -3.000000000000000000, 2.000000000000000000, 9.700000000000001100 ) ) ;
#2491 = DIRECTION ( 'NONE',  ( 0.0000000000000000000, 1.000000000000000000, 0.0000000000000000000 ) ) ;
#2492 = CARTESIAN_POINT ( 'NONE',  ( 2.999999999999999100, -16.10000000000000100, 13.00000000000000200 ) ) ;
#2493 = DIRECTION ( 'NONE',  ( 0.0000000000000000000, 1.000000000000000000, 0.0000000000000000000 ) ) ;
#2494 = CARTESIAN_POINT ( 'NONE',  ( -1.849999999999998500, -18.60000000000000100, 0.5499999999999972700 ) ) ;
#2495 = DIRECTION ( 'NONE',  ( -0.0000000000000000000, -0.0000000000000000000, 1.000000000000000000 ) ) ;
#2496 = CARTESIAN_POINT ( 'NONE',  ( -1.849999999999998500, -15.80000000000000100, 2.199999999999998400 ) ) ;
#2497 = DIRECTION ( 'NONE',  ( -0.0000000000000000000, -0.0000000000000000000, -1.000000000000000000 ) ) ;
#2498 = CARTESIAN_POINT ( 'NONE',  ( -1.849999999999998500, -15.80000000000000100, 2.199999999999998400 ) ) ;
#2499 = DIRECTION ( 'NONE',  ( -0.0000000000000000000, -1.000000000000000000, -0.0000000000000000000 ) ) ;
#2500 = CARTESIAN_POINT ( 'NONE',  ( -0.1000000000000001000, -14.60000000000000100, 0.2499999999999976100 ) ) ;
#2501 = DIRECTION ( 'NONE',  ( 1.084202172485505300E-016, 0.0000000000000000000, -1.000000000000000000 ) ) ;
#2502 = CARTESIAN_POINT ( 'NONE',  ( 2.999999999999999100, -15.60000000000000100, 13.00000000000000200 ) ) ;
#2503 = DIRECTION ( 'NONE',  ( 0.0000000000000000000, -1.000000000000000000, 2.356961244533703400E-016 ) ) ;
#2504 = CARTESIAN_POINT ( 'NONE',  ( 0.3999999999999999700, -14.60000000000000100, 2.249999999999997800 ) ) ;
#2505 = DIRECTION ( 'NONE',  ( 0.9963466490417508500, 0.08540114134643576900, 0.0000000000000000000 ) ) ;
#2506 = CARTESIAN_POINT ( 'NONE',  ( -0.1000000000000001000, -14.60000000000000100, 0.2499999999999976100 ) ) ;
#2507 = DIRECTION ( 'NONE',  ( -1.000000000000000000, -0.0000000000000000000, -0.0000000000000000000 ) ) ;
#2508 = CARTESIAN_POINT ( 'NONE',  ( -1.849999999999998500, -17.64000000000000400, 2.199999999999998800 ) ) ;
#2509 = DIRECTION ( 'NONE',  ( -4.336808689942021200E-016, -0.0000000000000000000, 1.000000000000000000 ) ) ;
#2510 = CARTESIAN_POINT ( 'NONE',  ( -1.849999999999998500, -18.60000000000000100, 0.5499999999999972700 ) ) ;
#2511 = CARTESIAN_POINT ( 'NONE',  ( -3.000000000000000000, 2.000000000000000000, -3.700000000000002000 ) ) ;
#2512 = DIRECTION ( 'NONE',  ( 0.0000000000000000000, 0.0000000000000000000, 1.000000000000000000 ) ) ;
#2513 = CARTESIAN_POINT ( 'NONE',  ( 11.00000000000000200, -11.90000000000000000, 13.00000000000000200 ) ) ;
#2514 = DIRECTION ( 'NONE',  ( 0.0000000000000000000, 0.0000000000000000000, 1.000000000000000000 ) ) ;
#2515 = CARTESIAN_POINT ( 'NONE',  ( 6.500000000000000000, -10.70000000000000100, 13.00000000000000200 ) ) ;
#2516 = DIRECTION ( 'NONE',  ( -0.9963466490417508500, 0.08540114134643575500, 0.0000000000000000000 ) ) ;
#2517 = DIRECTION ( 'NONE',  ( -0.0000000000000000000, 0.0000000000000000000, 1.000000000000000000 ) ) ;
#2518 = DIRECTION ( 'NONE',  ( 1.000000000000000000, 0.0000000000000000000, 0.0000000000000000000 ) ) ;
#2519 = CARTESIAN_POINT ( 'NONE',  ( 2.999999999999999100, -10.40000000000000200, 13.00000000000000200 ) ) ;
#2520 = DIRECTION ( 'NONE',  ( -8.673617379884027600E-016, 1.000000000000000000, 0.0000000000000000000 ) ) ;
#2521 = CARTESIAN_POINT ( 'NONE',  ( -3.000000000000000000, -7.400000000000001200, 6.000000000000000000 ) ) ;
#2522 = DIRECTION ( 'NONE',  ( 0.0000000000000000000, 0.0000000000000000000, -1.000000000000000000 ) ) ;
#2523 = CARTESIAN_POINT ( 'NONE',  ( 11.00000000000000400, -9.900000000000000400, 9.000000000000001800 ) ) ;
#2524 = DIRECTION ( 'NONE',  ( -0.0000000000000000000, -0.0000000000000000000, -1.000000000000000000 ) ) ;
#2525 = CARTESIAN_POINT ( 'NONE',  ( -3.000000000000000000, -12.10000000000000100, 8.899999999999998600 ) ) ;
#2526 = DIRECTION ( 'NONE',  ( 0.0000000000000000000, -1.000000000000000000, 0.0000000000000000000 ) ) ;
#2527 = CARTESIAN_POINT ( 'NONE',  ( -2.999999999999998700, -18.09999999999999800, -3.448764200486670500 ) ) ;
#2528 = DIRECTION ( 'NONE',  ( 0.0000000000000000000, 0.0000000000000000000, 1.000000000000000000 ) ) ;
#2529 = CARTESIAN_POINT ( 'NONE',  ( -1.149999999999999700, -18.60000000000000100, -1.200000000000002600 ) ) ;
#2530 = DIRECTION ( 'NONE',  ( -1.000000000000000000, -0.0000000000000000000, -1.314184451497581300E-016 ) ) ;
#2531 = CARTESIAN_POINT ( 'NONE',  ( -3.000000000000000000, 2.000000000000000000, 0.0000000000000000000 ) ) ;
#2532 = DIRECTION ( 'NONE',  ( -0.0000000000000000000, -0.0000000000000000000, 1.000000000000000000 ) ) ;
#2533 = CARTESIAN_POINT ( 'NONE',  ( 0.5000000000000000000, -18.60000000000000100, 7.199999999999998400 ) ) ;
#2534 = DIRECTION ( 'NONE',  ( -0.0000000000000000000, 1.000000000000000000, 3.872150616019658300E-017 ) ) ;
#2535 = CARTESIAN_POINT ( 'NONE',  ( -1.149999999999999700, -18.60000000000000100, 7.199999999999998400 ) ) ;
#2536 = DIRECTION ( 'NONE',  ( 1.000000000000000000, -0.0000000000000000000, -0.0000000000000000000 ) ) ;
#2537 = CARTESIAN_POINT ( 'NONE',  ( -2.949999999999998800, -18.60000000000000100, 5.799999999999998000 ) ) ;
#2538 = DIRECTION ( 'NONE',  ( -0.0000000000000000000, -0.0000000000000000000, 1.000000000000000000 ) ) ;
#2539 = CARTESIAN_POINT ( 'NONE',  ( 6.499999999999999100, -15.30000000000000100, 13.00000000000000200 ) ) ;
#2540 = DIRECTION ( 'NONE',  ( 1.885568995626964300E-016, 1.000000000000000000, 0.0000000000000000000 ) ) ;
#2541 = CARTESIAN_POINT ( 'NONE',  ( -2.949999999999998800, -18.60000000000000100, 0.5499999999999972700 ) ) ;
#2542 = DIRECTION ( 'NONE',  ( -0.0000000000000000000, -1.000000000000000000, -0.0000000000000000000 ) ) ;
#2543 = CARTESIAN_POINT ( 'NONE',  ( 0.5000000000000000000, -18.60000000000000100, -2.000000000000002700 ) ) ;
#2544 = DIRECTION ( 'NONE',  ( -0.0000000000000000000, -0.0000000000000000000, 1.000000000000000000 ) ) ;
#2545 = CARTESIAN_POINT ( 'NONE',  ( 0.5000000000000000000, -18.60000000000000100, 7.199999999999998400 ) ) ;
#2546 = DIRECTION ( 'NONE',  ( 0.0000000000000000000, 0.0000000000000000000, 1.000000000000000000 ) ) ;
#2547 = CARTESIAN_POINT ( 'NONE',  ( 0.5000000000000000000, -18.60000000000000100, 7.999999999999996400 ) ) ;
#2548 = DIRECTION ( 'NONE',  ( -1.000000000000000000, 0.0000000000000000000, 0.0000000000000000000 ) ) ;
#2549 = CARTESIAN_POINT ( 'NONE',  ( 9.100000000000001400, -14.59999999999999800, 13.00000000000000200 ) ) ;
#2550 = DIRECTION ( 'NONE',  ( -1.000000000000000000, 1.927470528863119700E-015, -0.0000000000000000000 ) ) ;
#2551 = DIRECTION ( 'NONE',  ( 0.0000000000000000000, 0.0000000000000000000, 1.000000000000000000 ) ) ;
#2552 = CARTESIAN_POINT ( 'NONE',  ( -1.849999999999998500, -18.60000000000000100, 0.5499999999999972700 ) ) ;
#2553 = DIRECTION ( 'NONE',  ( -1.000000000000000000, -0.0000000000000000000, -0.0000000000000000000 ) ) ;
#2554 = CARTESIAN_POINT ( 'NONE',  ( -0.09999999999999999200, -14.60000000000000100, 4.249999999999997300 ) ) ;
#2555 = DIRECTION ( 'NONE',  ( 1.084202172485505300E-016, 0.0000000000000000000, -1.000000000000000000 ) ) ;
#2556 = CARTESIAN_POINT ( 'NONE',  ( 10.00000000000000200, -13.00000000000000000, 13.00000000000000200 ) ) ;
#2557 = DIRECTION ( 'NONE',  ( -0.0000000000000000000, 0.0000000000000000000, -1.000000000000000000 ) ) ;
#2558 = DIRECTION ( 'NONE',  ( 1.000000000000000000, 0.0000000000000000000, 0.0000000000000000000 ) ) ;
#2559 = CARTESIAN_POINT ( 'NONE',  ( 1.550000000000000300, -14.60000000000000100, -1.200000000000002600 ) ) ;
#2560 = DIRECTION ( 'NONE',  ( 2.581433744013105600E-017, 0.0000000000000000000, 1.000000000000000000 ) ) ;
#2561 = CARTESIAN_POINT ( 'NONE',  ( 10.00000000000000200, -11.40000000000000000, 13.00000000000000200 ) ) ;
#2562 = DIRECTION ( 'NONE',  ( 1.000000000000000000, 1.927470528863119700E-015, -0.0000000000000000000 ) ) ;
#2563 = CARTESIAN_POINT ( 'NONE',  ( -1.149999999999999700, -14.60000000000000100, -1.200000000000002600 ) ) ;
#2564 = DIRECTION ( 'NONE',  ( 1.000000000000000000, 0.0000000000000000000, 0.0000000000000000000 ) ) ;
#2565 = CARTESIAN_POINT ( 'NONE',  ( 13.00000000000000200, -9.900000000000000400, 13.00000000000000200 ) ) ;
#2566 = CARTESIAN_POINT ( 'NONE',  ( -0.1000000000000000500, -14.60000000000000100, 2.249999999999997800 ) ) ;
#2567 = DIRECTION ( 'NONE',  ( -1.000000000000000000, -0.0000000000000000000, -0.0000000000000000000 ) ) ;
#2568 = CARTESIAN_POINT ( 'NONE',  ( 9.100000000000001400, -13.00000000000000000, 13.00000000000000200 ) ) ;
#2569 = DIRECTION ( 'NONE',  ( -0.0000000000000000000, 0.0000000000000000000, -1.000000000000000000 ) ) ;
#2570 = DIRECTION ( 'NONE',  ( 1.000000000000000000, 0.0000000000000000000, 0.0000000000000000000 ) ) ;
#2571 = CARTESIAN_POINT ( 'NONE',  ( 3.000000000000000000, 2.000000000000000000, 9.700000000000001100 ) ) ;
#2572 = DIRECTION ( 'NONE',  ( -1.000000000000000000, -0.0000000000000000000, -0.0000000000000000000 ) ) ;
#2573 = CARTESIAN_POINT ( 'NONE',  ( 11.00000000000000400, -16.10000000000000100, 9.000000000000001800 ) ) ;
#2574 = DIRECTION ( 'NONE',  ( 0.0000000000000000000, 0.0000000000000000000, 1.000000000000000000 ) ) ;
#2575 = CARTESIAN_POINT ( 'NONE',  ( -1.149999999999999700, -14.60000000000000100, 7.199999999999998400 ) ) ;
#2576 = DIRECTION ( 'NONE',  ( -0.0000000000000000000, 1.000000000000000000, -0.0000000000000000000 ) ) ;
#2577 = CARTESIAN_POINT ( 'NONE',  ( -12.99999999999999800, -16.10000000000000100, 13.00000000000000200 ) ) ;
#2578 = DIRECTION ( 'NONE',  ( 1.000000000000000000, 0.0000000000000000000, 0.0000000000000000000 ) ) ;
#2579 = CARTESIAN_POINT ( 'NONE',  ( -0.09999999999999993600, -14.60000000000000100, 6.249999999999997300 ) ) ;
#2580 = DIRECTION ( 'NONE',  ( -1.000000000000000000, -0.0000000000000000000, -0.0000000000000000000 ) ) ;
#2581 = CARTESIAN_POINT ( 'NONE',  ( 0.4000000000000000200, -14.60000000000000100, 4.249999999999997300 ) ) ;
#2582 = DIRECTION ( 'NONE',  ( -0.0000000000000000000, -1.000000000000000000, -0.0000000000000000000 ) ) ;
#2583 = CARTESIAN_POINT ( 'NONE',  ( -1.149999999999999700, -14.60000000000000100, 7.199999999999998400 ) ) ;
#2584 = DIRECTION ( 'NONE',  ( -4.336808689942021200E-016, -0.0000000000000000000, 1.000000000000000000 ) ) ;
#2585 = CARTESIAN_POINT ( 'NONE',  ( -2.949999999999998000, -18.60000000000000100, 0.1999999999999974900 ) ) ;
#2586 = DIRECTION ( 'NONE',  ( -1.000000000000000000, -0.0000000000000000000, -0.0000000000000000000 ) ) ;
#2587 = CARTESIAN_POINT ( 'NONE',  ( -0.09999999999999993600, -14.60000000000000100, 3.749999999999998200 ) ) ;
#2588 = DIRECTION ( 'NONE',  ( 1.000000000000000000, 0.0000000000000000000, 0.0000000000000000000 ) ) ;
#2589 = CARTESIAN_POINT ( 'NONE',  ( -0.09999999999999988100, -14.60000000000000100, 5.749999999999998200 ) ) ;
#2590 = DIRECTION ( 'NONE',  ( 1.971276677246371500E-016, 0.0000000000000000000, -1.000000000000000000 ) ) ;
#2591 = CARTESIAN_POINT ( 'NONE',  ( -3.000000000000000000, -20.40000000000000200, -3.700000000000002800 ) ) ;
#2592 = DIRECTION ( 'NONE',  ( -0.0000000000000000000, -0.0000000000000000000, -1.000000000000000000 ) ) ;
#2593 = CARTESIAN_POINT ( 'NONE',  ( -1.849999999999998500, -18.60000000000000100, 5.449999999999998400 ) ) ;
#2594 = DIRECTION ( 'NONE',  ( -1.000000000000000000, -0.0000000000000000000, -0.0000000000000000000 ) ) ;
#2595 = CARTESIAN_POINT ( 'NONE',  ( -0.09999999999999999200, -14.60000000000000100, 4.249999999999997300 ) ) ;
#2596 = DIRECTION ( 'NONE',  ( 1.000000000000000000, 0.0000000000000000000, 0.0000000000000000000 ) ) ;
#2597 = CARTESIAN_POINT ( 'NONE',  ( 7.500000000000004400, -13.00000000000000000, 13.00000000000000200 ) ) ;
#2598 = DIRECTION ( 'NONE',  ( -1.000000000000000000, -0.0000000000000000000, -0.0000000000000000000 ) ) ;
#2599 = CARTESIAN_POINT ( 'NONE',  ( -10.00000000000000200, -13.00000000000000000, 13.00000000000000200 ) ) ;
#2600 = DIRECTION ( 'NONE',  ( 0.0000000000000000000, 0.0000000000000000000, -1.000000000000000000 ) ) ;
#2601 = DIRECTION ( 'NONE',  ( -1.000000000000000000, 0.0000000000000000000, 0.0000000000000000000 ) ) ;
#2602 = CARTESIAN_POINT ( 'NONE',  ( 3.000000000000000000, 2.000000000000000000, 9.700000000000001100 ) ) ;
#2603 = DIRECTION ( 'NONE',  ( -0.0000000000000000000, -0.0000000000000000000, -1.000000000000000000 ) ) ;
#2604 = CARTESIAN_POINT ( 'NONE',  ( 9.100000000000001400, -13.00000000000000000, 13.00000000000000200 ) ) ;
#2605 = DIRECTION ( 'NONE',  ( -0.0000000000000000000, -0.0000000000000000000, 1.000000000000000000 ) ) ;
#2606 = CARTESIAN_POINT ( 'NONE',  ( 3.000000000000000000, -20.40000000000000200, 9.700000000000001100 ) ) ;
#2607 = DIRECTION ( 'NONE',  ( -0.0000000000000000000, -1.000000000000000000, -0.0000000000000000000 ) ) ;
#2608 = CARTESIAN_POINT ( 'NONE',  ( -12.99999999999999800, -16.10000000000000100, 9.000000000000001800 ) ) ;
#2609 = DIRECTION ( 'NONE',  ( 1.000000000000000000, 0.0000000000000000000, 0.0000000000000000000 ) ) ;
#2610 = DIRECTION ( 'NONE',  ( -0.0000000000000000000, 0.0000000000000000000, -1.000000000000000000 ) ) ;
#2611 = DIRECTION ( 'NONE',  ( 1.000000000000000000, 0.0000000000000000000, 0.0000000000000000000 ) ) ;
#2612 = LINE ( 'NONE', #2543, #2629 ) ;
#2613 = VECTOR ( 'NONE', #2534, 1000.000000000000000 ) ;
#2614 = VECTOR ( 'NONE', #2536, 1000.000000000000000 ) ;
#2615 = LINE ( 'NONE', #2537, #2616 ) ;
#2616 = VECTOR ( 'NONE', #2538, 1000.000000000000000 ) ;
#2617 = LINE ( 'NONE', #2539, #2618 ) ;
#2618 = VECTOR ( 'NONE', #2540, 1000.000000000000000 ) ;
#2619 = LINE ( 'NONE', #2541, #2620 ) ;
#2620 = VECTOR ( 'NONE', #2542, 1000.000000000000000 ) ;
#2621 = VECTOR ( 'NONE', #2544, 1000.000000000000000 ) ;
#2622 = VECTOR ( 'NONE', #2560, 1000.000000000000000 ) ;
#2623 = LINE ( 'NONE', #2545, #2624 ) ;
#2624 = VECTOR ( 'NONE', #2546, 1000.000000000000000 ) ;
#2625 = LINE ( 'NONE', #2547, #2626 ) ;
#2626 = VECTOR ( 'NONE', #2548, 1000.000000000000000 ) ;
#2627 = LINE ( 'NONE', #2549, #2628 ) ;
#2628 = VECTOR ( 'NONE', #2550, 1000.000000000000000 ) ;
#2629 = VECTOR ( 'NONE', #2551, 1000.000000000000000 ) ;
#2630 = LINE ( 'NONE', #2559, #2622 ) ;
#2631 = LINE ( 'NONE', #2552, #2632 ) ;
#2632 = VECTOR ( 'NONE', #2553, 1000.000000000000000 ) ;
#2633 = LINE ( 'NONE', #2554, #2634 ) ;
#2634 = VECTOR ( 'NONE', #2555, 1000.000000000000000 ) ;
#2635 = LINE ( 'NONE', #2571, #2636 ) ;
#2636 = VECTOR ( 'NONE', #2572, 1000.000000000000000 ) ;
#2637 = CIRCLE ( 'NONE', #1740, 1.600000000000000800 ) ;
#2638 = LINE ( 'NONE', #2561, #2639 ) ;
#2639 = VECTOR ( 'NONE', #2562, 1000.000000000000000 ) ;
#2640 = LINE ( 'NONE', #2563, #2641 ) ;
#2641 = VECTOR ( 'NONE', #2564, 1000.000000000000000 ) ;
#2642 = LINE ( 'NONE', #2566, #2643 ) ;
#2643 = VECTOR ( 'NONE', #2567, 1000.000000000000000 ) ;
#2644 = LINE ( 'NONE', #2581, #2658 ) ;
#2645 = LINE ( 'NONE', #2575, #2656 ) ;
#2646 = LINE ( 'NONE', #2565, #2650 ) ;
#2647 = CIRCLE ( 'NONE', #1651, 1.599999999999999000 ) ;
#2648 = LINE ( 'NONE', #2573, #2649 ) ;
#2649 = VECTOR ( 'NONE', #2574, 1000.000000000000000 ) ;
#2650 = VECTOR ( 'NONE', #2576, 1000.000000000000000 ) ;
#2651 = LINE ( 'NONE', #2583, #2660 ) ;
#2652 = LINE ( 'NONE', #2577, #2653 ) ;
#2653 = VECTOR ( 'NONE', #2578, 1000.000000000000000 ) ;
#2654 = LINE ( 'NONE', #2579, #2655 ) ;
#2655 = VECTOR ( 'NONE', #2580, 1000.000000000000000 ) ;
#2656 = VECTOR ( 'NONE', #2582, 1000.000000000000000 ) ;
#2657 = LINE ( 'NONE', #2585, #2664 ) ;
#2658 = VECTOR ( 'NONE', #2584, 1000.000000000000000 ) ;
#2659 = LINE ( 'NONE', #2589, #2669 ) ;
#2660 = VECTOR ( 'NONE', #2586, 1000.000000000000000 ) ;
#2661 = LINE ( 'NONE', #2595, #2671 ) ;
#2662 = LINE ( 'NONE', #2587, #2663 ) ;
#2663 = VECTOR ( 'NONE', #2588, 1000.000000000000000 ) ;
#2664 = VECTOR ( 'NONE', #2590, 1000.000000000000000 ) ;
#2665 = LINE ( 'NONE', #2591, #2666 ) ;
#2666 = VECTOR ( 'NONE', #2592, 1000.000000000000000 ) ;
#2667 = LINE ( 'NONE', #2593, #2668 ) ;
#2668 = VECTOR ( 'NONE', #2594, 1000.000000000000000 ) ;
#2669 = VECTOR ( 'NONE', #2596, 1000.000000000000000 ) ;
#2670 = LINE ( 'NONE', #2166, #2673 ) ;
#2671 = VECTOR ( 'NONE', #2598, 1000.000000000000000 ) ;
#2672 = VECTOR ( 'NONE', #2603, 1000.000000000000000 ) ;
#2673 = VECTOR ( 'NONE', #2776, 1000.000000000000000 ) ;
#2674 = LINE ( 'NONE', #2602, #2677 ) ;
#2675 = LINE ( 'NONE', #2597, #2672 ) ;
#2676 = CIRCLE ( 'NONE', #1787, 1.600000000000000800 ) ;
#2677 = VECTOR ( 'NONE', #2605, 1000.000000000000000 ) ;
#2678 = VECTOR ( 'NONE', #2782, 1000.000000000000000 ) ;
#2679 = LINE ( 'NONE', #2606, #2680 ) ;
#2680 = VECTOR ( 'NONE', #2607, 1000.000000000000000 ) ;
#2681 = LINE ( 'NONE', #2608, #2682 ) ;
#2682 = VECTOR ( 'NONE', #2609, 1000.000000000000000 ) ;
#2683 = LINE ( 'NONE', #2781, #2678 ) ;
#2684 = CIRCLE ( 'NONE', #1786, 1.599999999999999000 ) ;
#2685 = LINE ( 'NONE', #2786, #2686 ) ;
#2686 = VECTOR ( 'NONE', #2787, 1000.000000000000000 ) ;
#2687 = CIRCLE ( 'NONE', #1789, 1.599999999999999000 ) ;
#2688 = LINE ( 'NONE', #2822, #2734 ) ;
#2689 = LINE ( 'NONE', #2804, #2726 ) ;
#2690 = LINE ( 'NONE', #2780, #2708 ) ;
#2691 = CIRCLE ( 'NONE', #1790, 1.600000000000000800 ) ;
#2692 = LINE ( 'NONE', #2788, #2693 ) ;
#2693 = VECTOR ( 'NONE', #2789, 1000.000000000000000 ) ;
#2694 = LINE ( 'NONE', #2790, #2695 ) ;
#2695 = VECTOR ( 'NONE', #2791, 1000.000000000000000 ) ;
#2696 = LINE ( 'NONE', #2792, #2697 ) ;
#2697 = VECTOR ( 'NONE', #2793, 1000.000000000000000 ) ;
#2698 = LINE ( 'NONE', #2794, #2699 ) ;
#2699 = VECTOR ( 'NONE', #2795, 1000.000000000000000 ) ;
#2700 = LINE ( 'NONE', #2796, #2701 ) ;
#2701 = VECTOR ( 'NONE', #2797, 1000.000000000000000 ) ;
#2702 = LINE ( 'NONE', #2798, #2703 ) ;
#2703 = VECTOR ( 'NONE', #2799, 1000.000000000000000 ) ;
#2704 = LINE ( 'NONE', #2800, #2705 ) ;
#2705 = VECTOR ( 'NONE', #2801, 1000.000000000000000 ) ;
#2706 = LINE ( 'NONE', #2802, #2707 ) ;
#2707 = VECTOR ( 'NONE', #2803, 1000.000000000000000 ) ;
#2708 = VECTOR ( 'NONE', #2805, 1000.000000000000000 ) ;
#2709 = LINE ( 'NONE', #2830, #2738 ) ;
#2710 = LINE ( 'NONE', #2806, #2711 ) ;
#2711 = VECTOR ( 'NONE', #2807, 1000.000000000000000 ) ;
#2712 = LINE ( 'NONE', #2808, #2713 ) ;
#2713 = VECTOR ( 'NONE', #2809, 1000.000000000000000 ) ;
#2714 = LINE ( 'NONE', #2810, #2715 ) ;
#2715 = VECTOR ( 'NONE', #2811, 1000.000000000000000 ) ;
#2716 = LINE ( 'NONE', #2812, #2717 ) ;
#2717 = VECTOR ( 'NONE', #2813, 1000.000000000000000 ) ;
#2718 = LINE ( 'NONE', #2814, #2719 ) ;
#2719 = VECTOR ( 'NONE', #2815, 1000.000000000000100 ) ;
#2720 = LINE ( 'NONE', #2816, #2721 ) ;
#2721 = VECTOR ( 'NONE', #2817, 1000.000000000000000 ) ;
#2722 = LINE ( 'NONE', #2818, #2723 ) ;
#2723 = VECTOR ( 'NONE', #2819, 1000.000000000000000 ) ;
#2724 = LINE ( 'NONE', #2820, #2725 ) ;
#2725 = VECTOR ( 'NONE', #2821, 1000.000000000000000 ) ;
#2726 = VECTOR ( 'NONE', #2823, 1000.000000000000000 ) ;
#2727 = LINE ( 'NONE', #2834, #2754 ) ;
#2728 = LINE ( 'NONE', #2824, #2729 ) ;
#2729 = VECTOR ( 'NONE', #2825, 999.9999999999998900 ) ;
#2730 = LINE ( 'NONE', #2826, #2731 ) ;
#2731 = VECTOR ( 'NONE', #2827, 1000.000000000000000 ) ;
#2732 = LINE ( 'NONE', #2828, #2733 ) ;
#2733 = VECTOR ( 'NONE', #2829, 1000.000000000000000 ) ;
#2734 = VECTOR ( 'NONE', #2831, 1000.000000000000000 ) ;
#2735 = LINE ( 'NONE', #2850, #2756 ) ;
#2736 = LINE ( 'NONE', #2832, #2737 ) ;
#2737 = VECTOR ( 'NONE', #2833, 1000.000000000000000 ) ;
#2738 = VECTOR ( 'NONE', #2835, 1000.000000000000000 ) ;
#2739 = LINE ( 'NONE', #2852, #2760 ) ;
#2740 = LINE ( 'NONE', #2836, #2741 ) ;
#2741 = VECTOR ( 'NONE', #2837, 1000.000000000000000 ) ;
#2742 = LINE ( 'NONE', #2838, #2743 ) ;
#2743 = VECTOR ( 'NONE', #2839, 1000.000000000000000 ) ;
#2744 = LINE ( 'NONE', #2840, #2745 ) ;
#2745 = VECTOR ( 'NONE', #2841, 1000.000000000000000 ) ;
#2746 = LINE ( 'NONE', #2842, #2747 ) ;
#2747 = VECTOR ( 'NONE', #2843, 1000.000000000000000 ) ;
#2748 = LINE ( 'NONE', #2844, #2749 ) ;
#2749 = VECTOR ( 'NONE', #2845, 1000.000000000000000 ) ;
#2750 = LINE ( 'NONE', #2846, #2751 ) ;
#2751 = VECTOR ( 'NONE', #2847, 1000.000000000000000 ) ;
#2752 = LINE ( 'NONE', #2848, #2753 ) ;
#2753 = VECTOR ( 'NONE', #2849, 1000.000000000000000 ) ;
#2754 = VECTOR ( 'NONE', #2851, 1000.000000000000000 ) ;
#2755 = LINE ( 'NONE', #2856, #2762 ) ;
#2756 = VECTOR ( 'NONE', #2853, 1000.000000000000000 ) ;
#2757 = LINE ( 'NONE', #2858, #2764 ) ;
#2758 = LINE ( 'NONE', #2854, #2759 ) ;
#2759 = VECTOR ( 'NONE', #2855, 1000.000000000000100 ) ;
#2760 = VECTOR ( 'NONE', #2857, 1000.000000000000200 ) ;
#2761 = LINE ( 'NONE', #2860, #2766 ) ;
#2762 = VECTOR ( 'NONE', #2859, 1000.000000000000000 ) ;
#2763 = LINE ( 'NONE', #2862, #2770 ) ;
#2764 = VECTOR ( 'NONE', #2861, 1000.000000000000000 ) ;
#2765 = LINE ( 'NONE', #2866, #2916 ) ;
#2766 = VECTOR ( 'NONE', #2863, 1000.000000000000100 ) ;
#2767 = LINE ( 'NONE', #2872, #2919 ) ;
#2768 = LINE ( 'NONE', #2864, #2769 ) ;
#2769 = VECTOR ( 'NONE', #2865, 1000.000000000000000 ) ;
#2770 = VECTOR ( 'NONE', #2867, 1000.000000000000000 ) ;
#2771 = LINE ( 'NONE', #2876, #2921 ) ;
#2772 = LINE ( 'NONE', #2868, #2773 ) ;
#2773 = VECTOR ( 'NONE', #2869, 1000.000000000000000 ) ;
#2774 = LINE ( 'NONE', #2870, #2775 ) ;
#2775 = VECTOR ( 'NONE', #2871, 1000.000000000000000 ) ;
#2776 = DIRECTION ( 'NONE',  ( -0.0000000000000000000, -0.0000000000000000000, -1.000000000000000000 ) ) ;
#2777 = CARTESIAN_POINT ( 'NONE',  ( 9.100000000000001400, -13.00000000000000000, 9.000000000000001800 ) ) ;
#2778 = DIRECTION ( 'NONE',  ( -0.0000000000000000000, 0.0000000000000000000, -1.000000000000000000 ) ) ;
#2779 = DIRECTION ( 'NONE',  ( 1.000000000000000000, 0.0000000000000000000, 0.0000000000000000000 ) ) ;
#2780 = CARTESIAN_POINT ( 'NONE',  ( -3.499999999999998700, -20.40000000000000200, -2.400000000000003000 ) ) ;
#2781 = CARTESIAN_POINT ( 'NONE',  ( -11.60000000000000300, -13.00000000000000000, 13.00000000000000200 ) ) ;
#2782 = DIRECTION ( 'NONE',  ( -0.0000000000000000000, -0.0000000000000000000, -1.000000000000000000 ) ) ;
#2783 = CARTESIAN_POINT ( 'NONE',  ( -10.00000000000000200, -13.00000000000000000, 9.000000000000001800 ) ) ;
#2784 = DIRECTION ( 'NONE',  ( 0.0000000000000000000, 0.0000000000000000000, -1.000000000000000000 ) ) ;
#2785 = DIRECTION ( 'NONE',  ( -1.000000000000000000, 0.0000000000000000000, 0.0000000000000000000 ) ) ;
#2786 = CARTESIAN_POINT ( 'NONE',  ( 2.999999999999998700, -9.900000000000000400, -1.702777509911062000 ) ) ;
#2787 = DIRECTION ( 'NONE',  ( -0.0000000000000000000, -0.0000000000000000000, 1.000000000000000000 ) ) ;
#2788 = CARTESIAN_POINT ( 'NONE',  ( 2.999999999999999100, -16.10000000000000100, -1.702777509911062000 ) ) ;
#2789 = DIRECTION ( 'NONE',  ( -0.0000000000000000000, -0.0000000000000000000, 1.000000000000000000 ) ) ;
#2790 = CARTESIAN_POINT ( 'NONE',  ( -12.99999999999999800, -9.900000000000000400, 9.000000000000001800 ) ) ;
#2791 = DIRECTION ( 'NONE',  ( -1.000000000000000000, -0.0000000000000000000, -0.0000000000000000000 ) ) ;
#2792 = CARTESIAN_POINT ( 'NONE',  ( -12.99999999999999800, -9.900000000000000400, 13.00000000000000200 ) ) ;
#2793 = DIRECTION ( 'NONE',  ( -1.000000000000000000, -0.0000000000000000000, -0.0000000000000000000 ) ) ;
#2794 = CARTESIAN_POINT ( 'NONE',  ( 3.000000000000000000, -16.10000000000000100, 0.0000000000000000000 ) ) ;
#2795 = DIRECTION ( 'NONE',  ( 0.0000000000000000000, 0.0000000000000000000, -1.000000000000000000 ) ) ;
#2796 = CARTESIAN_POINT ( 'NONE',  ( 1.550000000000000700, -19.10000000000000100, -1.734723475976807100E-015 ) ) ;
#2797 = DIRECTION ( 'NONE',  ( 1.000000000000000000, 0.0000000000000000000, 0.0000000000000000000 ) ) ;
#2798 = CARTESIAN_POINT ( 'NONE',  ( -2.949999999999997500, -20.40000000000000200, -2.000000000000002700 ) ) ;
#2799 = DIRECTION ( 'NONE',  ( 1.000000000000000000, 0.0000000000000000000, 0.0000000000000000000 ) ) ;
#2800 = CARTESIAN_POINT ( 'NONE',  ( -3.499999999999998700, -20.40000000000000200, 0.1999999999999979300 ) ) ;
#2801 = DIRECTION ( 'NONE',  ( 1.000000000000000000, 0.0000000000000000000, -7.885106708985472300E-016 ) ) ;
#2802 = CARTESIAN_POINT ( 'NONE',  ( -2.999999999999998700, -18.09999999999999800, 9.700000000000001100 ) ) ;
#2803 = DIRECTION ( 'NONE',  ( 1.000000000000000000, 0.0000000000000000000, 0.0000000000000000000 ) ) ;
#2804 = CARTESIAN_POINT ( 'NONE',  ( 3.000000000000000000, -20.40000000000000200, -3.700000000000002800 ) ) ;
#2805 = DIRECTION ( 'NONE',  ( -0.0000000000000000000, -0.0000000000000000000, -1.000000000000000000 ) ) ;
#2806 = CARTESIAN_POINT ( 'NONE',  ( 3.000000000000000000, -20.40000000000000200, 9.700000000000001100 ) ) ;
#2807 = DIRECTION ( 'NONE',  ( -1.000000000000000000, -0.0000000000000000000, -0.0000000000000000000 ) ) ;
#2808 = CARTESIAN_POINT ( 'NONE',  ( 3.000000000000000000, -20.40000000000000200, 9.700000000000001100 ) ) ;
#2809 = DIRECTION ( 'NONE',  ( -0.0000000000000000000, -1.000000000000000000, -0.0000000000000000000 ) ) ;
#2810 = CARTESIAN_POINT ( 'NONE',  ( -1.149999999999999700, -20.40000000000000200, -1.200000000000002600 ) ) ;
#2811 = DIRECTION ( 'NONE',  ( 1.000000000000000000, 0.0000000000000000000, 0.0000000000000000000 ) ) ;
#2812 = CARTESIAN_POINT ( 'NONE',  ( 0.5000000000000000000, -20.40000000000000200, -2.000000000000002700 ) ) ;
#2813 = DIRECTION ( 'NONE',  ( 0.0000000000000000000, 0.0000000000000000000, 1.000000000000000000 ) ) ;
#2814 = CARTESIAN_POINT ( 'NONE',  ( -3.000000000000000000, -20.40000000000000200, -2.900000000000003000 ) ) ;
#2815 = DIRECTION ( 'NONE',  ( 0.7071067811865465700, -0.0000000000000000000, -0.7071067811865483500 ) ) ;
#2816 = CARTESIAN_POINT ( 'NONE',  ( -2.949999999999998000, -20.40000000000000200, 0.1999999999999974900 ) ) ;
#2817 = DIRECTION ( 'NONE',  ( 1.971276677246371500E-016, 0.0000000000000000000, -1.000000000000000000 ) ) ;
#2818 = CARTESIAN_POINT ( 'NONE',  ( 3.000000000000000000, -20.40000000000000200, -3.700000000000002800 ) ) ;
#2819 = DIRECTION ( 'NONE',  ( -1.000000000000000000, -0.0000000000000000000, -0.0000000000000000000 ) ) ;
#2820 = CARTESIAN_POINT ( 'NONE',  ( -2.949999999999998800, -20.40000000000000200, 5.799999999999998000 ) ) ;
#2821 = DIRECTION ( 'NONE',  ( -1.000000000000000000, 0.0000000000000000000, 0.0000000000000000000 ) ) ;
#2822 = CARTESIAN_POINT ( 'NONE',  ( 0.5000000000000000000, -20.40000000000000200, 7.199999999999998400 ) ) ;
#2823 = DIRECTION ( 'NONE',  ( -0.0000000000000000000, -0.0000000000000000000, -1.000000000000000000 ) ) ;
#2824 = CARTESIAN_POINT ( 'NONE',  ( -3.499999999999998700, -20.40000000000000200, 8.399999999999998600 ) ) ;
#2825 = DIRECTION ( 'NONE',  ( -0.7071067811865462400, -0.0000000000000000000, -0.7071067811865489100 ) ) ;
#2826 = CARTESIAN_POINT ( 'NONE',  ( -3.499999999999998700, -20.40000000000000200, -2.400000000000003000 ) ) ;
#2827 = DIRECTION ( 'NONE',  ( -0.0000000000000000000, -0.0000000000000000000, -1.000000000000000000 ) ) ;
#2828 = CARTESIAN_POINT ( 'NONE',  ( -2.949999999999998800, -20.40000000000000200, 7.999999999999996400 ) ) ;
#2829 = DIRECTION ( 'NONE',  ( 0.0000000000000000000, 0.0000000000000000000, -1.000000000000000000 ) ) ;
#2830 = CARTESIAN_POINT ( 'NONE',  ( 1.550000000000000300, -20.40000000000000200, -1.200000000000002600 ) ) ;
#2831 = DIRECTION ( 'NONE',  ( 0.0000000000000000000, 0.0000000000000000000, 1.000000000000000000 ) ) ;
#2832 = CARTESIAN_POINT ( 'NONE',  ( 0.5000000000000000000, -20.40000000000000200, 7.999999999999996400 ) ) ;
#2833 = DIRECTION ( 'NONE',  ( -1.000000000000000000, 0.0000000000000000000, 0.0000000000000000000 ) ) ;
#2834 = CARTESIAN_POINT ( 'NONE',  ( -0.4000000000000000200, 2.000000000000000000, -2.200000000000000200 ) ) ;
#2835 = DIRECTION ( 'NONE',  ( 2.581433744013105600E-017, 0.0000000000000000000, 1.000000000000000000 ) ) ;
#2836 = CARTESIAN_POINT ( 'NONE',  ( -1.149999999999999700, -20.40000000000000200, 7.199999999999998400 ) ) ;
#2837 = DIRECTION ( 'NONE',  ( -1.000000000000000000, -0.0000000000000000000, -0.0000000000000000000 ) ) ;
#2838 = CARTESIAN_POINT ( 'NONE',  ( 2.350000000000000100, -20.40000000000000200, 5.999999999999998200 ) ) ;
#2839 = DIRECTION ( 'NONE',  ( -1.445602896647339200E-016, -0.0000000000000000000, 1.000000000000000000 ) ) ;
#2840 = CARTESIAN_POINT ( 'NONE',  ( 1.550000000000000300, -20.40000000000000200, 5.999999999999998200 ) ) ;
#2841 = DIRECTION ( 'NONE',  ( -1.000000000000000000, -0.0000000000000000000, -0.0000000000000000000 ) ) ;
#2842 = CARTESIAN_POINT ( 'NONE',  ( 1.550000000000000300, -20.40000000000000200, -1.200000000000002600 ) ) ;
#2843 = DIRECTION ( 'NONE',  ( 2.581433744013105600E-017, 0.0000000000000000000, 1.000000000000000000 ) ) ;
#2844 = CARTESIAN_POINT ( 'NONE',  ( 1.550000000000000700, -20.40000000000000200, -1.734723475976807100E-015 ) ) ;
#2845 = DIRECTION ( 'NONE',  ( 1.000000000000000000, 0.0000000000000000000, 0.0000000000000000000 ) ) ;
#2846 = CARTESIAN_POINT ( 'NONE',  ( 3.000000000000000000, 2.000000000000000000, -3.700000000000002000 ) ) ;
#2847 = DIRECTION ( 'NONE',  ( -1.000000000000000000, -0.0000000000000000000, -0.0000000000000000000 ) ) ;
#2848 = CARTESIAN_POINT ( 'NONE',  ( -0.4000000000000000200, 2.000000000000000000, -2.600000000000000500 ) ) ;
#2849 = DIRECTION ( 'NONE',  ( -1.000000000000000000, -0.0000000000000000000, -0.0000000000000000000 ) ) ;
#2850 = CARTESIAN_POINT ( 'NONE',  ( 3.000000000000000000, 2.000000000000000000, -3.700000000000002000 ) ) ;
#2851 = DIRECTION ( 'NONE',  ( -0.0000000000000000000, -0.0000000000000000000, 1.000000000000000000 ) ) ;
#2852 = CARTESIAN_POINT ( 'NONE',  ( 0.0000000000000000000, 2.000000000000000000, -1.000000000000000000 ) ) ;
#2853 = DIRECTION ( 'NONE',  ( -0.0000000000000000000, 1.000000000000000000, 3.872150616019658300E-017 ) ) ;
#2854 = CARTESIAN_POINT ( 'NONE',  ( 0.5999999999999998700, 2.000000000000000000, -2.200000000000000200 ) ) ;
#2855 = DIRECTION ( 'NONE',  ( 0.4472135954999577600, -0.0000000000000000000, -0.8944271909999158600 ) ) ;
#2856 = CARTESIAN_POINT ( 'NONE',  ( -0.6000000000000000900, 2.000000000000000000, -2.200000000000000200 ) ) ;
#2857 = DIRECTION ( 'NONE',  ( 0.4472135954999579300, -0.0000000000000000000, 0.8944271909999158600 ) ) ;
#2858 = CARTESIAN_POINT ( 'NONE',  ( 0.4000000000000000800, 2.000000000000000000, -2.200000000000000200 ) ) ;
#2859 = DIRECTION ( 'NONE',  ( -1.000000000000000000, -0.0000000000000000000, -0.0000000000000000000 ) ) ;
#2860 = CARTESIAN_POINT ( 'NONE',  ( -2.200000000000000200, -6.400000000000001200, 0.0000000000000000000 ) ) ;
#2861 = DIRECTION ( 'NONE',  ( -1.000000000000000000, -0.0000000000000000000, -0.0000000000000000000 ) ) ;
#2862 = CARTESIAN_POINT ( 'NONE',  ( -2.500000000000000000, -7.400000000000001200, 0.0000000000000000000 ) ) ;
#2863 = DIRECTION ( 'NONE',  ( 0.7071067811865474600, 0.7071067811865474600, -0.0000000000000000000 ) ) ;
#2864 = CARTESIAN_POINT ( 'NONE',  ( 0.4000000000000000200, 2.000000000000000000, -2.600000000000000500 ) ) ;
#2865 = DIRECTION ( 'NONE',  ( -1.355252715606880000E-016, -0.0000000000000000000, -1.000000000000000000 ) ) ;
#2866 = CARTESIAN_POINT ( 'NONE',  ( 3.000000000000000000, 2.000000000000000000, 0.0000000000000000000 ) ) ;
#2867 = DIRECTION ( 'NONE',  ( 1.000000000000000000, -0.0000000000000000000, -0.0000000000000000000 ) ) ;
#2868 = CARTESIAN_POINT ( 'NONE',  ( 3.000000000000000000, 2.000000000000000000, 0.0000000000000000000 ) ) ;
#2869 = DIRECTION ( 'NONE',  ( -1.000000000000000000, -0.0000000000000000000, -0.0000000000000000000 ) ) ;
#2870 = CARTESIAN_POINT ( 'NONE',  ( -0.4000000000000001300, 0.5999999999999999800, 0.0000000000000000000 ) ) ;
#2871 = DIRECTION ( 'NONE',  ( -1.000000000000000000, -0.0000000000000000000, -0.0000000000000000000 ) ) ;
#2872 = CARTESIAN_POINT ( 'NONE',  ( -0.4000000000000001300, 0.5999999999999999800, 0.0000000000000000000 ) ) ;
#2873 = DIRECTION ( 'NONE',  ( -0.0000000000000000000, -0.0000000000000000000, 1.000000000000000000 ) ) ;
#2874 = CARTESIAN_POINT ( 'NONE',  ( -0.3999999999999999700, -0.5999999999999999800, 0.0000000000000000000 ) ) ;
#2875 = DIRECTION ( 'NONE',  ( 1.000000000000000000, 0.0000000000000000000, 0.0000000000000000000 ) ) ;
#2876 = CARTESIAN_POINT ( 'NONE',  ( 2.500000000000000000, -7.400000000000001200, 0.0000000000000000000 ) ) ;
#2877 = DIRECTION ( 'NONE',  ( 1.355252715606880500E-016, -1.000000000000000000, 0.0000000000000000000 ) ) ;
#2878 = CARTESIAN_POINT ( 'NONE',  ( 2.200000000000000200, -6.400000000000001200, 0.0000000000000000000 ) ) ;
#2879 = DIRECTION ( 'NONE',  ( 1.000000000000000000, 0.0000000000000000000, 0.0000000000000000000 ) ) ;
#2880 = CARTESIAN_POINT ( 'NONE',  ( 0.3999999999999999100, 0.5999999999999999800, 0.0000000000000000000 ) ) ;
#2881 = DIRECTION ( 'NONE',  ( -1.355252715606880500E-016, 1.000000000000000000, -0.0000000000000000000 ) ) ;
#2882 = CARTESIAN_POINT ( 'NONE',  ( 0.3999999999999999100, 0.5999999999999999800, -0.1000000000000000100 ) ) ;
#2883 = DIRECTION ( 'NONE',  ( 0.7071067811865474600, -0.7071067811865474600, 0.0000000000000000000 ) ) ;
#2884 = CARTESIAN_POINT ( 'NONE',  ( -2.500000000000000000, -6.700000000000001100, 0.0000000000000000000 ) ) ;
#2885 = DIRECTION ( 'NONE',  ( -0.0000000000000000000, 1.000000000000000000, -0.0000000000000000000 ) ) ;
#2886 = CARTESIAN_POINT ( 'NONE',  ( 2.500000000000000000, -6.700000000000001100, 0.0000000000000000000 ) ) ;
#2887 = DIRECTION ( 'NONE',  ( 0.0000000000000000000, -1.000000000000000000, 0.0000000000000000000 ) ) ;
#2888 = CARTESIAN_POINT ( 'NONE',  ( 3.000000000000000000, -6.400000000000001200, 0.0000000000000000000 ) ) ;
#2889 = DIRECTION ( 'NONE',  ( -0.0000000000000000000, -1.000000000000000000, -0.0000000000000000000 ) ) ;
#2890 = CARTESIAN_POINT ( 'NONE',  ( 3.000000000000000000, -6.400000000000001200, -3.448764200486670500 ) ) ;
#2891 = DIRECTION ( 'NONE',  ( 0.0000000000000000000, 0.0000000000000000000, 1.000000000000000000 ) ) ;
#2892 = CARTESIAN_POINT ( 'NONE',  ( 3.000000000000000000, -6.400000000000001200, 9.000000000000001800 ) ) ;
#2893 = DIRECTION ( 'NONE',  ( 0.0000000000000000000, -1.000000000000000000, 0.0000000000000000000 ) ) ;
#2894 = CARTESIAN_POINT ( 'NONE',  ( 3.000000000000000000, -6.400000000000001200, 12.70000000000000100 ) ) ;
#2895 = DIRECTION ( 'NONE',  ( -0.0000000000000000000, 1.000000000000000000, -0.0000000000000000000 ) ) ;
#2896 = CARTESIAN_POINT ( 'NONE',  ( 3.000000000000000000, -7.400000000000001200, 6.000000000000000000 ) ) ;
#2897 = DIRECTION ( 'NONE',  ( 0.0000000000000000000, 0.0000000000000000000, -1.000000000000000000 ) ) ;
#2898 = CARTESIAN_POINT ( 'NONE',  ( -0.3999999999999999700, -0.5999999999999999800, -0.1000000000000000100 ) ) ;
#2899 = DIRECTION ( 'NONE',  ( -0.0000000000000000000, -0.0000000000000000000, 1.000000000000000000 ) ) ;
#2900 = CARTESIAN_POINT ( 'NONE',  ( 3.000000000000000000, -18.09999999999999800, -3.448764200486670500 ) ) ;
#2901 = DIRECTION ( 'NONE',  ( 0.0000000000000000000, 0.0000000000000000000, 1.000000000000000000 ) ) ;
#2902 = CARTESIAN_POINT ( 'NONE',  ( 3.000000000000000000, -6.400000000000001200, 12.70000000000000100 ) ) ;
#2903 = DIRECTION ( 'NONE',  ( -0.0000000000000000000, 1.000000000000000000, -0.0000000000000000000 ) ) ;
#2904 = CARTESIAN_POINT ( 'NONE',  ( -0.3999999999999999700, -0.5999999999999999800, 6.100000000000000500 ) ) ;
#2905 = DIRECTION ( 'NONE',  ( -0.0000000000000000000, -0.0000000000000000000, -1.000000000000000000 ) ) ;
#2906 = CARTESIAN_POINT ( 'NONE',  ( -0.4000000000000001300, 0.5999999999999999800, -0.1000000000000000100 ) ) ;
#2907 = DIRECTION ( 'NONE',  ( -0.0000000000000000000, -0.0000000000000000000, 1.000000000000000000 ) ) ;
#2908 = DIRECTION ( 'NONE',  ( 1.000000000000000000, 0.0000000000000000000, 0.0000000000000000000 ) ) ;
#2909 = CARTESIAN_POINT ( 'NONE',  ( -0.4000000000000001300, 0.5999999999999999800, -0.1000000000000000100 ) ) ;
#2910 = DIRECTION ( 'NONE',  ( 1.355252715606880500E-016, -1.000000000000000000, 0.0000000000000000000 ) ) ;
#2911 = CARTESIAN_POINT ( 'NONE',  ( -0.3999999999999999700, -0.5999999999999999800, -0.1000000000000000100 ) ) ;
#2912 = DIRECTION ( 'NONE',  ( -0.0000000000000000000, -0.0000000000000000000, 1.000000000000000000 ) ) ;
#2913 = CARTESIAN_POINT ( 'NONE',  ( -0.4000000000000001300, 0.5999999999999999800, 6.100000000000000500 ) ) ;
#2914 = DIRECTION ( 'NONE',  ( -0.0000000000000000000, -0.0000000000000000000, -1.000000000000000000 ) ) ;
#2915 = LINE ( 'NONE', #2878, #2925 ) ;
#2916 = VECTOR ( 'NONE', #2873, 1000.000000000000000 ) ;
#2917 = LINE ( 'NONE', #2874, #2918 ) ;
#2918 = VECTOR ( 'NONE', #2875, 1000.000000000000000 ) ;
#2919 = VECTOR ( 'NONE', #2877, 1000.000000000000000 ) ;
#2920 = LINE ( 'NONE', #2882, #2953 ) ;
#2921 = VECTOR ( 'NONE', #2879, 1000.000000000000000 ) ;
#2922 = LINE ( 'NONE', #2911, #2967 ) ;
#2923 = LINE ( 'NONE', #2880, #2924 ) ;
#2924 = VECTOR ( 'NONE', #2881, 1000.000000000000000 ) ;
#2925 = VECTOR ( 'NONE', #2883, 1000.000000000000100 ) ;
#2926 = LINE ( 'NONE', #3095, #2991 ) ;
#2927 = LINE ( 'NONE', #2884, #2928 ) ;
#2928 = VECTOR ( 'NONE', #2885, 1000.000000000000000 ) ;
#2929 = LINE ( 'NONE', #2886, #2930 ) ;
#2930 = VECTOR ( 'NONE', #2887, 1000.000000000000000 ) ;
#2931 = LINE ( 'NONE', #2888, #2932 ) ;
#2932 = VECTOR ( 'NONE', #2889, 1000.000000000000000 ) ;
#2933 = LINE ( 'NONE', #2890, #2934 ) ;
#2934 = VECTOR ( 'NONE', #2891, 1000.000000000000000 ) ;
#2935 = LINE ( 'NONE', #2892, #2936 ) ;
#2936 = VECTOR ( 'NONE', #2893, 1000.000000000000000 ) ;
#2937 = LINE ( 'NONE', #2894, #2938 ) ;
#2938 = VECTOR ( 'NONE', #2895, 1000.000000000000000 ) ;
#2939 = LINE ( 'NONE', #2896, #2940 ) ;
#2940 = VECTOR ( 'NONE', #2897, 1000.000000000000000 ) ;
#2941 = LINE ( 'NONE', #2898, #2942 ) ;
#2942 = VECTOR ( 'NONE', #2899, 1000.000000000000000 ) ;
#2943 = LINE ( 'NONE', #2900, #2944 ) ;
#2944 = VECTOR ( 'NONE', #2901, 1000.000000000000000 ) ;
#2945 = LINE ( 'NONE', #2902, #2946 ) ;
#2946 = VECTOR ( 'NONE', #2903, 1000.000000000000000 ) ;
#2947 = LINE ( 'NONE', #2904, #2948 ) ;
#2948 = VECTOR ( 'NONE', #2905, 1000.000000000000000 ) ;
#2949 = LINE ( 'NONE', #2906, #2950 ) ;
#2950 = VECTOR ( 'NONE', #2907, 1000.000000000000000 ) ;
#2951 = LINE ( 'NONE', #2909, #2952 ) ;
#2952 = VECTOR ( 'NONE', #2910, 1000.000000000000000 ) ;
#2953 = VECTOR ( 'NONE', #2912, 1000.000000000000000 ) ;
#2954 = LINE ( 'NONE', #3118, #3027 ) ;
#2955 = LINE ( 'NONE', #2913, #2956 ) ;
#2956 = VECTOR ( 'NONE', #2914, 1000.000000000000000 ) ;
#2957 = LINE ( 'NONE', #3085, #2958 ) ;
#2958 = VECTOR ( 'NONE', #3086, 1000.000000000000000 ) ;
#2959 = LINE ( 'NONE', #3087, #2960 ) ;
#2960 = VECTOR ( 'NONE', #3088, 1000.000000000000000 ) ;
#2961 = LINE ( 'NONE', #3089, #2962 ) ;
#2962 = VECTOR ( 'NONE', #3090, 1000.000000000000000 ) ;
#2963 = LINE ( 'NONE', #3091, #2964 ) ;
#2964 = VECTOR ( 'NONE', #3092, 1000.000000000000000 ) ;
#2965 = LINE ( 'NONE', #3093, #2966 ) ;
#2966 = VECTOR ( 'NONE', #3094, 1000.000000000000000 ) ;
#2967 = VECTOR ( 'NONE', #2908, 1000.000000000000000 ) ;
#2968 = LINE ( 'NONE', #3154, #3039 ) ;
#2969 = LINE ( 'NONE', #3096, #2970 ) ;
#2970 = VECTOR ( 'NONE', #3097, 1000.000000000000000 ) ;
#2971 = LINE ( 'NONE', #3098, #2972 ) ;
#2972 = VECTOR ( 'NONE', #3099, 1000.000000000000000 ) ;
#2973 = LINE ( 'NONE', #3100, #2974 ) ;
#2974 = VECTOR ( 'NONE', #3101, 1000.000000000000000 ) ;
#2975 = LINE ( 'NONE', #3102, #2976 ) ;
#2976 = VECTOR ( 'NONE', #3103, 1000.000000000000000 ) ;
#2977 = LINE ( 'NONE', #3104, #2978 ) ;
#2978 = VECTOR ( 'NONE', #3105, 1000.000000000000000 ) ;
#2979 = LINE ( 'NONE', #3106, #2980 ) ;
#2980 = VECTOR ( 'NONE', #3107, 1000.000000000000000 ) ;
#2981 = LINE ( 'NONE', #3108, #2982 ) ;
#2982 = VECTOR ( 'NONE', #3109, 1000.000000000000000 ) ;
#2983 = LINE ( 'NONE', #3110, #2984 ) ;
#2984 = VECTOR ( 'NONE', #3111, 1000.000000000000000 ) ;
#2985 = LINE ( 'NONE', #3112, #2986 ) ;
#2986 = VECTOR ( 'NONE', #3113, 1000.000000000000000 ) ;
#2987 = LINE ( 'NONE', #3114, #2988 ) ;
#2988 = VECTOR ( 'NONE', #3115, 1000.000000000000000 ) ;
#2989 = LINE ( 'NONE', #3116, #2990 ) ;
#2990 = VECTOR ( 'NONE', #3117, 1000.000000000000100 ) ;
#2991 = VECTOR ( 'NONE', #3119, 1000.000000000000000 ) ;
#2992 = LINE ( 'NONE', #3166, #3055 ) ;
#2993 = LINE ( 'NONE', #3120, #2994 ) ;
#2994 = VECTOR ( 'NONE', #3121, 1000.000000000000000 ) ;
#2995 = LINE ( 'NONE', #3122, #2996 ) ;
#2996 = VECTOR ( 'NONE', #3123, 1000.000000000000000 ) ;
#2997 = LINE ( 'NONE', #3124, #2998 ) ;
#2998 = VECTOR ( 'NONE', #3125, 1000.000000000000000 ) ;
#2999 = LINE ( 'NONE', #3126, #3000 ) ;
#3000 = VECTOR ( 'NONE', #3127, 1000.000000000000200 ) ;
#3001 = LINE ( 'NONE', #3128, #3002 ) ;
#3002 = VECTOR ( 'NONE', #3129, 1000.000000000000000 ) ;
#3003 = LINE ( 'NONE', #3130, #3004 ) ;
#3004 = VECTOR ( 'NONE', #3131, 1000.000000000000000 ) ;
#3005 = LINE ( 'NONE', #3132, #3006 ) ;
#3006 = VECTOR ( 'NONE', #3133, 1000.000000000000000 ) ;
#3007 = LINE ( 'NONE', #3134, #3008 ) ;
#3008 = VECTOR ( 'NONE', #3135, 1000.000000000000000 ) ;
#3009 = LINE ( 'NONE', #3136, #3010 ) ;
#3010 = VECTOR ( 'NONE', #3137, 1000.000000000000000 ) ;
#3011 = LINE ( 'NONE', #3138, #3012 ) ;
#3012 = VECTOR ( 'NONE', #3139, 1000.000000000000000 ) ;
#3013 = LINE ( 'NONE', #3140, #3014 ) ;
#3014 = VECTOR ( 'NONE', #3141, 1000.000000000000000 ) ;
#3015 = LINE ( 'NONE', #3142, #3016 ) ;
#3016 = VECTOR ( 'NONE', #3143, 1000.000000000000000 ) ;
#3017 = LINE ( 'NONE', #3144, #3018 ) ;
#3018 = VECTOR ( 'NONE', #3145, 1000.000000000000000 ) ;
#3019 = LINE ( 'NONE', #3146, #3020 ) ;
#3020 = VECTOR ( 'NONE', #3147, 1000.000000000000000 ) ;
#3021 = LINE ( 'NONE', #3148, #3022 ) ;
#3022 = VECTOR ( 'NONE', #3149, 1000.000000000000000 ) ;
#3023 = LINE ( 'NONE', #3150, #3024 ) ;
#3024 = VECTOR ( 'NONE', #3151, 1000.000000000000000 ) ;
#3025 = LINE ( 'NONE', #3152, #3026 ) ;
#3026 = VECTOR ( 'NONE', #3153, 1000.000000000000000 ) ;
#3027 = VECTOR ( 'NONE', #3155, 1000.000000000000000 ) ;
#3028 = LINE ( 'NONE', #3182, #3071 ) ;
#3029 = LINE ( 'NONE', #3156, #3030 ) ;
#3030 = VECTOR ( 'NONE', #3157, 1000.000000000000000 ) ;
#3031 = LINE ( 'NONE', #3158, #3032 ) ;
#3032 = VECTOR ( 'NONE', #3159, 1000.000000000000000 ) ;
#3033 = LINE ( 'NONE', #3160, #3034 ) ;
#3034 = VECTOR ( 'NONE', #3161, 1000.000000000000000 ) ;
#3035 = LINE ( 'NONE', #3162, #3036 ) ;
#3036 = VECTOR ( 'NONE', #3163, 1000.000000000000000 ) ;
#3037 = LINE ( 'NONE', #3164, #3038 ) ;
#3038 = VECTOR ( 'NONE', #3165, 1000.000000000000000 ) ;
#3039 = VECTOR ( 'NONE', #3167, 1000.000000000000000 ) ;
#3040 = LINE ( 'NONE', #3198, #3073 ) ;
#3041 = LINE ( 'NONE', #3168, #3042 ) ;
#3042 = VECTOR ( 'NONE', #3169, 1000.000000000000000 ) ;
#3043 = LINE ( 'NONE', #3170, #3044 ) ;
#3044 = VECTOR ( 'NONE', #3171, 1000.000000000000000 ) ;
#3045 = LINE ( 'NONE', #3172, #3046 ) ;
#3046 = VECTOR ( 'NONE', #3173, 1000.000000000000000 ) ;
#3047 = LINE ( 'NONE', #3174, #3048 ) ;
#3048 = VECTOR ( 'NONE', #3175, 1000.000000000000000 ) ;
#3049 = LINE ( 'NONE', #3176, #3050 ) ;
#3050 = VECTOR ( 'NONE', #3177, 1000.000000000000000 ) ;
#3051 = LINE ( 'NONE', #3178, #3052 ) ;
#3052 = VECTOR ( 'NONE', #3179, 1000.000000000000000 ) ;
#3053 = LINE ( 'NONE', #3180, #3054 ) ;
#3054 = VECTOR ( 'NONE', #3181, 1000.000000000000000 ) ;
#3055 = VECTOR ( 'NONE', #3183, 1000.000000000000000 ) ;
#3056 = LINE ( 'NONE', #3200, #3222 ) ;
#3057 = LINE ( 'NONE', #3184, #3058 ) ;
#3058 = VECTOR ( 'NONE', #3185, 1000.000000000000000 ) ;
#3059 = LINE ( 'NONE', #3186, #3060 ) ;
#3060 = VECTOR ( 'NONE', #3187, 1000.000000000000000 ) ;
#3061 = LINE ( 'NONE', #3188, #3062 ) ;
#3062 = VECTOR ( 'NONE', #3189, 1000.000000000000000 ) ;
#3063 = LINE ( 'NONE', #3190, #3064 ) ;
#3064 = VECTOR ( 'NONE', #3191, 1000.000000000000000 ) ;
#3065 = LINE ( 'NONE', #3192, #3066 ) ;
#3066 = VECTOR ( 'NONE', #3193, 1000.000000000000000 ) ;
#3067 = LINE ( 'NONE', #3194, #3068 ) ;
#3068 = VECTOR ( 'NONE', #3195, 1000.000000000000000 ) ;
#3069 = LINE ( 'NONE', #3196, #3070 ) ;
#3070 = VECTOR ( 'NONE', #3197, 1000.000000000000000 ) ;
#3071 = VECTOR ( 'NONE', #3199, 1000.000000000000000 ) ;
#3072 = LINE ( 'NONE', #3213, #3241 ) ;
#3073 = VECTOR ( 'NONE', #3201, 1000.000000000000000 ) ;
#3074 = LINE ( 'NONE', #3376, #3246 ) ;
#3075 = LINE ( 'NONE', #3202, #3076 ) ;
#3076 = VECTOR ( 'NONE', #3203, 1000.000000000000000 ) ;
#3077 = LINE ( 'NONE', #3204, #3078 ) ;
#3078 = VECTOR ( 'NONE', #3205, 1000.000000000000000 ) ;
#3079 = LINE ( 'NONE', #3206, #3080 ) ;
#3080 = VECTOR ( 'NONE', #3207, 1000.000000000000000 ) ;
#3081 = LINE ( 'NONE', #3208, #3082 ) ;
#3082 = VECTOR ( 'NONE', #3209, 1000.000000000000000 ) ;
#3083 = LINE ( 'NONE', #3211, #3084 ) ;
#3084 = VECTOR ( 'NONE', #3212, 1000.000000000000000 ) ;
#3085 = CARTESIAN_POINT ( 'NONE',  ( 0.4000000000000000800, -0.5999999999999999800, -0.1000000000000000100 ) ) ;
#3086 = DIRECTION ( 'NONE',  ( -0.0000000000000000000, -0.0000000000000000000, 1.000000000000000000 ) ) ;
#3087 = CARTESIAN_POINT ( 'NONE',  ( -0.4000000000000001300, 0.5999999999999999800, -0.1000000000000000100 ) ) ;
#3088 = DIRECTION ( 'NONE',  ( -1.000000000000000000, -0.0000000000000000000, -0.0000000000000000000 ) ) ;
#3089 = CARTESIAN_POINT ( 'NONE',  ( 2.500000000000000000, -6.700000000000001100, 6.000000000000000000 ) ) ;
#3090 = DIRECTION ( 'NONE',  ( 0.0000000000000000000, 0.0000000000000000000, -1.000000000000000000 ) ) ;
#3091 = CARTESIAN_POINT ( 'NONE',  ( 0.3999999999999999100, 0.5999999999999999800, -0.1000000000000000100 ) ) ;
#3092 = DIRECTION ( 'NONE',  ( -1.355252715606880500E-016, 1.000000000000000000, -0.0000000000000000000 ) ) ;
#3093 = CARTESIAN_POINT ( 'NONE',  ( -0.3999999999999999700, -0.5999999999999999800, 6.100000000000000500 ) ) ;
#3094 = DIRECTION ( 'NONE',  ( -1.355252715606880500E-016, 1.000000000000000000, 0.0000000000000000000 ) ) ;
#3095 = CARTESIAN_POINT ( 'NONE',  ( -2.500000000000000000, -6.700000000000001100, 6.000000000000000000 ) ) ;
#3096 = CARTESIAN_POINT ( 'NONE',  ( 0.4000000000000000800, -0.5999999999999999800, 6.100000000000000500 ) ) ;
#3097 = DIRECTION ( 'NONE',  ( -0.0000000000000000000, -0.0000000000000000000, -1.000000000000000000 ) ) ;
#3098 = CARTESIAN_POINT ( 'NONE',  ( 0.3999999999999999100, 0.5999999999999999800, 6.100000000000000500 ) ) ;
#3099 = DIRECTION ( 'NONE',  ( -0.0000000000000000000, -0.0000000000000000000, -1.000000000000000000 ) ) ;
#3100 = CARTESIAN_POINT ( 'NONE',  ( 0.4000000000000000800, -0.5999999999999999800, 6.100000000000000500 ) ) ;
#3101 = DIRECTION ( 'NONE',  ( -1.000000000000000000, 0.0000000000000000000, 0.0000000000000000000 ) ) ;
#3102 = CARTESIAN_POINT ( 'NONE',  ( -2.500000000000000000, -7.400000000000001200, 6.000000000000000000 ) ) ;
#3103 = DIRECTION ( 'NONE',  ( 0.0000000000000000000, 0.0000000000000000000, -1.000000000000000000 ) ) ;
#3104 = CARTESIAN_POINT ( 'NONE',  ( 0.3999999999999999100, 0.5999999999999999800, 6.100000000000000500 ) ) ;
#3105 = DIRECTION ( 'NONE',  ( 1.355252715606880500E-016, -1.000000000000000000, 0.0000000000000000000 ) ) ;
#3106 = CARTESIAN_POINT ( 'NONE',  ( 0.0000000000000000000, 1.950000000000000200, -1.000000000000000000 ) ) ;
#3107 = DIRECTION ( 'NONE',  ( -0.0000000000000000000, 1.000000000000000000, -0.0000000000000000000 ) ) ;
#3108 = CARTESIAN_POINT ( 'NONE',  ( -0.4000000000000001300, 0.5999999999999999800, 6.100000000000000500 ) ) ;
#3109 = DIRECTION ( 'NONE',  ( 1.000000000000000000, 0.0000000000000000000, 0.0000000000000000000 ) ) ;
#3110 = CARTESIAN_POINT ( 'NONE',  ( 0.0000000000000000000, 1.950000000000000200, 8.599999999999999600 ) ) ;
#3111 = DIRECTION ( 'NONE',  ( -0.0000000000000000000, 1.000000000000000000, -0.0000000000000000000 ) ) ;
#3112 = CARTESIAN_POINT ( 'NONE',  ( 2.500000000000000000, -7.400000000000001200, 6.000000000000000000 ) ) ;
#3113 = DIRECTION ( 'NONE',  ( 0.0000000000000000000, 0.0000000000000000000, -1.000000000000000000 ) ) ;
#3114 = CARTESIAN_POINT ( 'NONE',  ( 0.5999999999999998700, 1.950000000000000200, -2.200000000000000200 ) ) ;
#3115 = DIRECTION ( 'NONE',  ( -0.0000000000000000000, 1.000000000000000000, -0.0000000000000000000 ) ) ;
#3116 = CARTESIAN_POINT ( 'NONE',  ( 0.5999999999999998700, 1.950000000000000200, -2.200000000000000200 ) ) ;
#3117 = DIRECTION ( 'NONE',  ( 0.4472135954999577600, -0.0000000000000000000, -0.8944271909999158600 ) ) ;
#3118 = CARTESIAN_POINT ( 'NONE',  ( -2.449999999999998400, -17.64000000000000400, 2.199999999999998800 ) ) ;
#3119 = DIRECTION ( 'NONE',  ( 0.0000000000000000000, 0.0000000000000000000, -1.000000000000000000 ) ) ;
#3120 = CARTESIAN_POINT ( 'NONE',  ( -0.6000000000000000900, 1.950000000000000200, -2.200000000000000200 ) ) ;
#3121 = DIRECTION ( 'NONE',  ( -0.0000000000000000000, 1.000000000000000000, -0.0000000000000000000 ) ) ;
#3122 = CARTESIAN_POINT ( 'NONE',  ( 0.5999999999999998700, 1.950000000000000200, 7.399999999999998600 ) ) ;
#3123 = DIRECTION ( 'NONE',  ( -0.0000000000000000000, 1.000000000000000000, -0.0000000000000000000 ) ) ;
#3124 = CARTESIAN_POINT ( 'NONE',  ( -0.4000000000000000200, 1.950000000000000200, -2.200000000000000200 ) ) ;
#3125 = DIRECTION ( 'NONE',  ( -0.0000000000000000000, 1.000000000000000000, -0.0000000000000000000 ) ) ;
#3126 = CARTESIAN_POINT ( 'NONE',  ( 0.0000000000000000000, 1.950000000000000200, -1.000000000000000000 ) ) ;
#3127 = DIRECTION ( 'NONE',  ( 0.4472135954999579300, -0.0000000000000000000, 0.8944271909999158600 ) ) ;
#3128 = CARTESIAN_POINT ( 'NONE',  ( -0.4000000000000000200, 1.950000000000000200, -2.600000000000000500 ) ) ;
#3129 = DIRECTION ( 'NONE',  ( -0.0000000000000000000, 1.000000000000000000, -0.0000000000000000000 ) ) ;
#3130 = CARTESIAN_POINT ( 'NONE',  ( -0.6000000000000000900, 1.950000000000000200, -2.200000000000000200 ) ) ;
#3131 = DIRECTION ( 'NONE',  ( -1.000000000000000000, -0.0000000000000000000, -0.0000000000000000000 ) ) ;
#3132 = CARTESIAN_POINT ( 'NONE',  ( 0.4000000000000000200, 1.950000000000000200, -2.600000000000000500 ) ) ;
#3133 = DIRECTION ( 'NONE',  ( -0.0000000000000000000, 1.000000000000000000, -0.0000000000000000000 ) ) ;
#3134 = CARTESIAN_POINT ( 'NONE',  ( -1.849999999999998500, -14.20000000000000100, 0.5499999999999972700 ) ) ;
#3135 = DIRECTION ( 'NONE',  ( -1.000000000000000000, -0.0000000000000000000, -0.0000000000000000000 ) ) ;
#3136 = CARTESIAN_POINT ( 'NONE',  ( -2.949999999999998800, -18.60000000000000100, 5.799999999999998000 ) ) ;
#3137 = DIRECTION ( 'NONE',  ( -0.0000000000000000000, -1.000000000000000000, -0.0000000000000000000 ) ) ;
#3138 = CARTESIAN_POINT ( 'NONE',  ( -2.949999999999998800, -18.60000000000000100, 5.799999999999998000 ) ) ;
#3139 = DIRECTION ( 'NONE',  ( 0.0000000000000000000, 1.000000000000000000, 0.0000000000000000000 ) ) ;
#3140 = CARTESIAN_POINT ( 'NONE',  ( -2.449999999999998400, -17.64000000000000400, 3.799999999999998500 ) ) ;
#3141 = DIRECTION ( 'NONE',  ( 1.000000000000000000, -0.0000000000000000000, -0.0000000000000000000 ) ) ;
#3142 = CARTESIAN_POINT ( 'NONE',  ( -1.849999999999998500, -14.19999999999999900, 5.449999999999998400 ) ) ;
#3143 = DIRECTION ( 'NONE',  ( -1.000000000000000000, -0.0000000000000000000, -0.0000000000000000000 ) ) ;
#3144 = CARTESIAN_POINT ( 'NONE',  ( -2.949999999999998800, -18.60000000000000100, 7.999999999999996400 ) ) ;
#3145 = DIRECTION ( 'NONE',  ( -0.0000000000000000000, -1.000000000000000000, -0.0000000000000000000 ) ) ;
#3146 = CARTESIAN_POINT ( 'NONE',  ( 0.5000000000000000000, -18.60000000000000100, 7.999999999999996400 ) ) ;
#3147 = DIRECTION ( 'NONE',  ( -0.0000000000000000000, -1.000000000000000000, -0.0000000000000000000 ) ) ;
#3148 = CARTESIAN_POINT ( 'NONE',  ( -2.449999999999998400, -15.80000000000000100, 2.199999999999998400 ) ) ;
#3149 = DIRECTION ( 'NONE',  ( 1.000000000000000000, -0.0000000000000000000, -0.0000000000000000000 ) ) ;
#3150 = CARTESIAN_POINT ( 'NONE',  ( -2.949999999999998800, -14.20000000000000100, 5.799999999999998000 ) ) ;
#3151 = DIRECTION ( 'NONE',  ( 0.0000000000000000000, 0.0000000000000000000, -1.000000000000000000 ) ) ;
#3152 = CARTESIAN_POINT ( 'NONE',  ( -2.449999999999998400, -15.80000000000000100, 2.199999999999998400 ) ) ;
#3153 = DIRECTION ( 'NONE',  ( 0.0000000000000000000, -1.000000000000000000, 2.356961244533703400E-016 ) ) ;
#3154 = CARTESIAN_POINT ( 'NONE',  ( -0.09999999999999988100, -17.80000000000000400, 5.749999999999998200 ) ) ;
#3155 = DIRECTION ( 'NONE',  ( 1.000000000000000000, -0.0000000000000000000, -0.0000000000000000000 ) ) ;
#3156 = CARTESIAN_POINT ( 'NONE',  ( -2.949999999999998800, -18.60000000000000100, 5.449999999999998400 ) ) ;
#3157 = DIRECTION ( 'NONE',  ( 0.0000000000000000000, 1.000000000000000000, 0.0000000000000000000 ) ) ;
#3158 = CARTESIAN_POINT ( 'NONE',  ( -2.449999999999998400, -15.80000000000000100, 3.799999999999998000 ) ) ;
#3159 = DIRECTION ( 'NONE',  ( -0.0000000000000000000, 1.000000000000000000, -2.356961244533703400E-016 ) ) ;
#3160 = CARTESIAN_POINT ( 'NONE',  ( -2.449999999999998400, -17.64000000000000400, 2.199999999999998800 ) ) ;
#3161 = DIRECTION ( 'NONE',  ( 0.0000000000000000000, 0.0000000000000000000, 1.000000000000000000 ) ) ;
#3162 = CARTESIAN_POINT ( 'NONE',  ( -2.449999999999998400, -15.80000000000000100, 3.799999999999998000 ) ) ;
#3163 = DIRECTION ( 'NONE',  ( 1.000000000000000000, -0.0000000000000000000, -0.0000000000000000000 ) ) ;
#3164 = CARTESIAN_POINT ( 'NONE',  ( 0.4000000000000000800, -17.80000000000000400, 6.249999999999997300 ) ) ;
#3165 = DIRECTION ( 'NONE',  ( -4.336808689942021200E-016, -0.0000000000000000000, 1.000000000000000000 ) ) ;
#3166 = CARTESIAN_POINT ( 'NONE',  ( -0.09999999999999993600, -17.80000000000000400, 3.749999999999998200 ) ) ;
#3167 = DIRECTION ( 'NONE',  ( -0.0000000000000000000, 1.000000000000000000, -0.0000000000000000000 ) ) ;
#3168 = CARTESIAN_POINT ( 'NONE',  ( -0.09999999999999993600, -17.80000000000000400, 6.249999999999997300 ) ) ;
#3169 = DIRECTION ( 'NONE',  ( -0.0000000000000000000, 1.000000000000000000, -0.0000000000000000000 ) ) ;
#3170 = CARTESIAN_POINT ( 'NONE',  ( -2.449999999999998400, -15.80000000000000100, 2.199999999999998400 ) ) ;
#3171 = DIRECTION ( 'NONE',  ( -0.0000000000000000000, -0.0000000000000000000, -1.000000000000000000 ) ) ;
#3172 = CARTESIAN_POINT ( 'NONE',  ( -0.09999999999999993600, -17.80000000000000400, 6.249999999999997300 ) ) ;
#3173 = DIRECTION ( 'NONE',  ( 1.084202172485505300E-016, 0.0000000000000000000, -1.000000000000000000 ) ) ;
#3174 = CARTESIAN_POINT ( 'NONE',  ( 0.4000000000000003000, -17.80000000000000400, 5.749999999999998200 ) ) ;
#3175 = DIRECTION ( 'NONE',  ( -0.0000000000000000000, 1.000000000000000000, -0.0000000000000000000 ) ) ;
#3176 = CARTESIAN_POINT ( 'NONE',  ( -0.09999999999999988100, -17.80000000000000400, 5.749999999999998200 ) ) ;
#3177 = DIRECTION ( 'NONE',  ( 1.000000000000000000, 0.0000000000000000000, 0.0000000000000000000 ) ) ;
#3178 = CARTESIAN_POINT ( 'NONE',  ( 0.4000000000000000800, -17.80000000000000400, 6.249999999999997300 ) ) ;
#3179 = DIRECTION ( 'NONE',  ( -0.0000000000000000000, 1.000000000000000000, -0.0000000000000000000 ) ) ;
#3180 = CARTESIAN_POINT ( 'NONE',  ( 0.4000000000000000200, -17.80000000000000400, 4.249999999999997300 ) ) ;
#3181 = DIRECTION ( 'NONE',  ( -4.336808689942021200E-016, -0.0000000000000000000, 1.000000000000000000 ) ) ;
#3182 = CARTESIAN_POINT ( 'NONE',  ( 0.3999999999999999100, -17.80000000000000400, 0.2499999999999976100 ) ) ;
#3183 = DIRECTION ( 'NONE',  ( -0.0000000000000000000, 1.000000000000000000, -0.0000000000000000000 ) ) ;
#3184 = CARTESIAN_POINT ( 'NONE',  ( -0.09999999999999999200, -17.80000000000000400, 4.249999999999997300 ) ) ;
#3185 = DIRECTION ( 'NONE',  ( -0.0000000000000000000, 1.000000000000000000, -0.0000000000000000000 ) ) ;
#3186 = CARTESIAN_POINT ( 'NONE',  ( -0.09999999999999993600, -17.80000000000000400, 6.249999999999997300 ) ) ;
#3187 = DIRECTION ( 'NONE',  ( -1.000000000000000000, -0.0000000000000000000, -0.0000000000000000000 ) ) ;
#3188 = CARTESIAN_POINT ( 'NONE',  ( -0.09999999999999999200, -17.80000000000000400, 4.249999999999997300 ) ) ;
#3189 = DIRECTION ( 'NONE',  ( 1.084202172485505300E-016, 0.0000000000000000000, -1.000000000000000000 ) ) ;
#3190 = CARTESIAN_POINT ( 'NONE',  ( 0.4000000000000002400, -17.80000000000000400, 3.749999999999998200 ) ) ;
#3191 = DIRECTION ( 'NONE',  ( -0.0000000000000000000, 1.000000000000000000, -0.0000000000000000000 ) ) ;
#3192 = CARTESIAN_POINT ( 'NONE',  ( -0.09999999999999993600, -17.80000000000000400, 3.749999999999998200 ) ) ;
#3193 = DIRECTION ( 'NONE',  ( 1.000000000000000000, 0.0000000000000000000, 0.0000000000000000000 ) ) ;
#3194 = CARTESIAN_POINT ( 'NONE',  ( 0.4000000000000000200, -17.80000000000000400, 4.249999999999997300 ) ) ;
#3195 = DIRECTION ( 'NONE',  ( -0.0000000000000000000, 1.000000000000000000, -0.0000000000000000000 ) ) ;
#3196 = CARTESIAN_POINT ( 'NONE',  ( 0.3999999999999999700, -17.80000000000000400, 2.249999999999997800 ) ) ;
#3197 = DIRECTION ( 'NONE',  ( -4.336808689942021200E-016, -0.0000000000000000000, 1.000000000000000000 ) ) ;
#3198 = CARTESIAN_POINT ( 'NONE',  ( -0.09999999999999999200, -17.80000000000000400, 1.749999999999998000 ) ) ;
#3199 = DIRECTION ( 'NONE',  ( -4.336808689942021200E-016, -0.0000000000000000000, 1.000000000000000000 ) ) ;
#3200 = CARTESIAN_POINT ( 'NONE',  ( 0.3999999999999999700, -17.80000000000000400, 2.249999999999997800 ) ) ;
#3201 = DIRECTION ( 'NONE',  ( 1.000000000000000000, 0.0000000000000000000, 0.0000000000000000000 ) ) ;
#3202 = CARTESIAN_POINT ( 'NONE',  ( -0.09999999999999999200, -17.80000000000000400, 4.249999999999997300 ) ) ;
#3203 = DIRECTION ( 'NONE',  ( -1.000000000000000000, -0.0000000000000000000, -0.0000000000000000000 ) ) ;
#3204 = CARTESIAN_POINT ( 'NONE',  ( -0.1000000000000000500, -17.80000000000000400, 2.249999999999997800 ) ) ;
#3205 = DIRECTION ( 'NONE',  ( -0.0000000000000000000, 1.000000000000000000, -0.0000000000000000000 ) ) ;
#3206 = CARTESIAN_POINT ( 'NONE',  ( -0.1000000000000000500, -17.80000000000000400, 2.249999999999997800 ) ) ;
#3207 = DIRECTION ( 'NONE',  ( 1.084202172485505300E-016, 0.0000000000000000000, -1.000000000000000000 ) ) ;
#3208 = CARTESIAN_POINT ( 'NONE',  ( -0.1000000000000000500, -17.80000000000000400, 2.249999999999997800 ) ) ;
#3209 = DIRECTION ( 'NONE',  ( -1.000000000000000000, -0.0000000000000000000, -0.0000000000000000000 ) ) ;
#3210 = DIRECTION ( 'NONE',  ( -0.0000000000000000000, 1.000000000000000000, -0.0000000000000000000 ) ) ;
#3211 = CARTESIAN_POINT ( 'NONE',  ( -12.99999999999999800, -9.900000000000000400, 9.000000000000001800 ) ) ;
#3212 = DIRECTION ( 'NONE',  ( -1.000000000000000000, -0.0000000000000000000, -0.0000000000000000000 ) ) ;
#3213 = CARTESIAN_POINT ( 'NONE',  ( 0.4000000000000001300, -17.80000000000000400, -0.2500000000000019400 ) ) ;
#3214 = DIRECTION ( 'NONE',  ( -0.0000000000000000000, 1.000000000000000000, -0.0000000000000000000 ) ) ;
#3215 = CARTESIAN_POINT ( 'NONE',  ( -0.1000000000000000500, -17.80000000000000400, -0.2500000000000019400 ) ) ;
#3216 = DIRECTION ( 'NONE',  ( 1.000000000000000000, 0.0000000000000000000, 0.0000000000000000000 ) ) ;
#3217 = CARTESIAN_POINT ( 'NONE',  ( 0.4000000000000001900, -17.80000000000000400, 1.749999999999998000 ) ) ;
#3218 = DIRECTION ( 'NONE',  ( -0.0000000000000000000, 1.000000000000000000, -0.0000000000000000000 ) ) ;
#3219 = CARTESIAN_POINT ( 'NONE',  ( -0.09999999999999999200, -17.80000000000000400, 1.749999999999998000 ) ) ;
#3220 = DIRECTION ( 'NONE',  ( -0.0000000000000000000, 1.000000000000000000, -0.0000000000000000000 ) ) ;
#3221 = LINE ( 'NONE', #3381, #3248 ) ;
#3222 = VECTOR ( 'NONE', #3214, 1000.000000000000000 ) ;
#3223 = LINE ( 'NONE', #3215, #3224 ) ;
#3224 = VECTOR ( 'NONE', #3216, 1000.000000000000000 ) ;
#3225 = LINE ( 'NONE', #3217, #3226 ) ;
#3226 = VECTOR ( 'NONE', #3218, 1000.000000000000000 ) ;
#3227 = LINE ( 'NONE', #3219, #3228 ) ;
#3228 = VECTOR ( 'NONE', #3220, 1000.000000000000000 ) ;
#3229 = LINE ( 'NONE', #3364, #3230 ) ;
#3230 = VECTOR ( 'NONE', #3365, 1000.000000000000000 ) ;
#3231 = LINE ( 'NONE', #3366, #3232 ) ;
#3232 = VECTOR ( 'NONE', #3367, 1000.000000000000000 ) ;
#3233 = LINE ( 'NONE', #3368, #3234 ) ;
#3234 = VECTOR ( 'NONE', #3369, 1000.000000000000000 ) ;
#3235 = LINE ( 'NONE', #3370, #3236 ) ;
#3236 = VECTOR ( 'NONE', #3371, 1000.000000000000000 ) ;
#3237 = LINE ( 'NONE', #3372, #3238 ) ;
#3238 = VECTOR ( 'NONE', #3373, 1000.000000000000000 ) ;
#3239 = LINE ( 'NONE', #3374, #3240 ) ;
#3240 = VECTOR ( 'NONE', #3375, 1000.000000000000000 ) ;
#3241 = VECTOR ( 'NONE', #3210, 1000.000000000000000 ) ;
#3242 = LINE ( 'NONE', #3377, #3243 ) ;
#3243 = VECTOR ( 'NONE', #3378, 1000.000000000000000 ) ;
#3244 = LINE ( 'NONE', #3379, #3245 ) ;
#3245 = VECTOR ( 'NONE', #3380, 1000.000000000000000 ) ;
#3246 = VECTOR ( 'NONE', #3382, 1000.000000000000000 ) ;
#3247 = VECTOR ( 'NONE', #3390, 1000.000000000000000 ) ;
#3248 = VECTOR ( 'NONE', #3384, 1000.000000000000000 ) ;
#3249 = LINE ( 'NONE', #3389, #3247 ) ;
#3250 = LINE ( 'NONE', #3407, #3275 ) ;
#3251 = LINE ( 'NONE', #3405, #3252 ) ;
#3252 = VECTOR ( 'NONE', #3406, 1000.000000000000000 ) ;
#3253 = CIRCLE ( 'NONE', #1792, 2.000000000000000000 ) ;
#3254 = LINE ( 'NONE', #3391, #3255 ) ;
#3255 = VECTOR ( 'NONE', #3392, 1000.000000000000000 ) ;
#3256 = LINE ( 'NONE', #3393, #3257 ) ;
#3257 = VECTOR ( 'NONE', #3394, 1000.000000000000000 ) ;
#3258 = VECTOR ( 'NONE', #3402, 1000.000000000000000 ) ;
#3259 = CIRCLE ( 'NONE', #1793, 1.600000000000000800 ) ;
#3260 = LINE ( 'NONE', #3395, #3258 ) ;
#3261 = CIRCLE ( 'NONE', #1791, 1.599999999999999000 ) ;
#3262 = VECTOR ( 'NONE', #3433, 1000.000000000000000 ) ;
#3263 = LINE ( 'NONE', #3386, #3265 ) ;
#3264 = CIRCLE ( 'NONE', #1795, 2.000000000000000000 ) ;
#3265 = VECTOR ( 'NONE', #3408, 1000.000000000000000 ) ;
#3266 = VECTOR ( 'NONE', #3426, 1000.000000000000000 ) ;
#3267 = LINE ( 'NONE', #3409, #3268 ) ;
#3268 = VECTOR ( 'NONE', #3410, 1000.000000000000000 ) ;
#3269 = LINE ( 'NONE', #3411, #3270 ) ;
#3270 = VECTOR ( 'NONE', #3412, 1000.000000000000000 ) ;
#3271 = LINE ( 'NONE', #3413, #3272 ) ;
#3272 = VECTOR ( 'NONE', #3414, 1000.000000000000000 ) ;
#3273 = LINE ( 'NONE', #3416, #3274 ) ;
#3274 = VECTOR ( 'NONE', #3417, 1000.000000000000000 ) ;
#3275 = VECTOR ( 'NONE', #3419, 1000.000000000000000 ) ;
#3276 = LINE ( 'NONE', #3420, #3277 ) ;
#3277 = VECTOR ( 'NONE', #3421, 1000.000000000000000 ) ;
#3278 = LINE ( 'NONE', #3415, #3266 ) ;
#3279 = CIRCLE ( 'NONE', #1796, 1.599999999999999000 ) ;
#3280 = CIRCLE ( 'NONE', #1797, 2.000000000000000000 ) ;
#3281 = LINE ( 'NONE', #3427, #3262 ) ;
#3282 = CIRCLE ( 'NONE', #1788, 1.600000000000000800 ) ;
#3283 = LINE ( 'NONE', #3440, #3284 ) ;
#3284 = VECTOR ( 'NONE', #3441, 1000.000000000000000 ) ;
#3285 = CIRCLE ( 'NONE', #1798, 2.000000000000000000 ) ;
#3286 = LINE ( 'NONE', #3432, #3294 ) ;
#3287 = CIRCLE ( 'NONE', #1799, 2.000000000000000000 ) ;
#3288 = LINE ( 'NONE', #3442, #3289 ) ;
#3289 = VECTOR ( 'NONE', #3443, 1000.000000000000000 ) ;
#3290 = LINE ( 'NONE', #3444, #3291 ) ;
#3291 = VECTOR ( 'NONE', #3445, 1000.000000000000100 ) ;
#3292 = LINE ( 'NONE', #3447, #3293 ) ;
#3293 = VECTOR ( 'NONE', #3448, 1000.000000000000000 ) ;
#3294 = VECTOR ( 'NONE', #3450, 1000.000000000000100 ) ;
#3295 = LINE ( 'NONE', #3457, #3297 ) ;
#3296 = LINE ( 'NONE', #3465, #3299 ) ;
#3297 = VECTOR ( 'NONE', #3458, 1000.000000000000000 ) ;
#3298 = CIRCLE ( 'NONE', #1801, 2.000000000000000000 ) ;
#3299 = VECTOR ( 'NONE', #3466, 1000.000000000000000 ) ;
#3300 = CIRCLE ( 'NONE', #1794, 1.600000000000000800 ) ;
#3301 = LINE ( 'NONE', #3459, #3302 ) ;
#3302 = VECTOR ( 'NONE', #3460, 1000.000000000000000 ) ;
#3303 = LINE ( 'NONE', #3461, #3304 ) ;
#3304 = VECTOR ( 'NONE', #3462, 1000.000000000000000 ) ;
#3305 = CIRCLE ( 'NONE', #1802, 1.599999999999999000 ) ;
#3306 = LINE ( 'NONE', #3467, #3307 ) ;
#3307 = VECTOR ( 'NONE', #3468, 1000.000000000000000 ) ;
#3308 = LINE ( 'NONE', #3469, #3309 ) ;
#3309 = VECTOR ( 'NONE', #3470, 1000.000000000000000 ) ;
#3310 = LINE ( 'NONE', #3471, #3311 ) ;
#3311 = VECTOR ( 'NONE', #3472, 1000.000000000000000 ) ;
#3312 = LINE ( 'NONE', #3473, #3313 ) ;
#3313 = VECTOR ( 'NONE', #3474, 1000.000000000000000 ) ;
#3314 = LINE ( 'NONE', #3475, #3315 ) ;
#3315 = VECTOR ( 'NONE', #3476, 1000.000000000000000 ) ;
#3316 = LINE ( 'NONE', #3477, #3317 ) ;
#3317 = VECTOR ( 'NONE', #3478, 1000.000000000000100 ) ;
#3318 = LINE ( 'NONE', #3479, #3319 ) ;
#3319 = VECTOR ( 'NONE', #3480, 1000.000000000000000 ) ;
#3320 = LINE ( 'NONE', #3481, #3321 ) ;
#3321 = VECTOR ( 'NONE', #3482, 1000.000000000000000 ) ;
#3322 = LINE ( 'NONE', #3483, #3323 ) ;
#3323 = VECTOR ( 'NONE', #3484, 1000.000000000000000 ) ;
#3324 = LINE ( 'NONE', #3485, #3325 ) ;
#3325 = VECTOR ( 'NONE', #3486, 1000.000000000000000 ) ;
#3326 = LINE ( 'NONE', #3487, #3327 ) ;
#3327 = VECTOR ( 'NONE', #3488, 1000.000000000000100 ) ;
#3328 = LINE ( 'NONE', #3489, #3329 ) ;
#3329 = VECTOR ( 'NONE', #3490, 1000.000000000000000 ) ;
#3330 = LINE ( 'NONE', #3491, #3331 ) ;
#3331 = VECTOR ( 'NONE', #3492, 1000.000000000000000 ) ;
#3332 = LINE ( 'NONE', #3493, #3333 ) ;
#3333 = VECTOR ( 'NONE', #3494, 1000.000000000000000 ) ;
#3334 = LINE ( 'NONE', #3495, #3335 ) ;
#3335 = VECTOR ( 'NONE', #3496, 1000.000000000000000 ) ;
#3336 = LINE ( 'NONE', #3497, #3337 ) ;
#3337 = VECTOR ( 'NONE', #3498, 1000.000000000000000 ) ;
#3338 = LINE ( 'NONE', #3499, #3339 ) ;
#3339 = VECTOR ( 'NONE', #3500, 1000.000000000000100 ) ;
#3340 = LINE ( 'NONE', #3501, #3341 ) ;
#3341 = VECTOR ( 'NONE', #3502, 1000.000000000000100 ) ;
#3342 = LINE ( 'NONE', #3503, #3343 ) ;
#3343 = VECTOR ( 'NONE', #3504, 1000.000000000000100 ) ;
#3344 = LINE ( 'NONE', #3505, #3345 ) ;
#3345 = VECTOR ( 'NONE', #3506, 1000.000000000000000 ) ;
#3346 = LINE ( 'NONE', #3507, #3347 ) ;
#3347 = VECTOR ( 'NONE', #3508, 1000.000000000000000 ) ;
#3348 = LINE ( 'NONE', #3509, #3349 ) ;
#3349 = VECTOR ( 'NONE', #3510, 1000.000000000000000 ) ;
#3350 = LINE ( 'NONE', #3511, #3351 ) ;
#3351 = VECTOR ( 'NONE', #3512, 1000.000000000000000 ) ;
#3352 = LINE ( 'NONE', #3513, #3353 ) ;
#3353 = VECTOR ( 'NONE', #3514, 1000.000000000000000 ) ;
#3354 = LINE ( 'NONE', #3515, #3355 ) ;
#3355 = VECTOR ( 'NONE', #3516, 1000.000000000000200 ) ;
#3356 =( GEOMETRIC_REPRESENTATION_CONTEXT ( 3 ) GLOBAL_UNCERTAINTY_ASSIGNED_CONTEXT ( ( #1609 ) ) GLOBAL_UNIT_ASSIGNED_CONTEXT ( ( #3454, #3518, #3519 ) ) REPRESENTATION_CONTEXT ( 'NONE', 'WORKASPACE' ) );
#3357 = SHAPE_DEFINITION_REPRESENTATION ( #499, #1608 ) ;
#3358 = ORGANIZATION ( 'UNSPECIFIED', 'UNSPECIFIED', '' ) ;
#3359 = PERSON_AND_ORGANIZATION ( #2, #3358 ) ;
#3360 = PERSON_AND_ORGANIZATION ( #2, #3358 ) ;
#3361 = APPROVAL_PERSON_ORGANIZATION ( #3360, #1805, #3529 ) ;
#3362 = COORDINATED_UNIVERSAL_TIME_OFFSET ( 9, 0, .AHEAD. ) ;
#3363 = LOCAL_TIME ( 17, 19, 18.00000000000000000, #3362 ) ;
#3364 = CARTESIAN_POINT ( 'NONE',  ( -0.1000000000000001000, -17.80000000000000400, 0.2499999999999976100 ) ) ;
#3365 = DIRECTION ( 'NONE',  ( -0.0000000000000000000, 1.000000000000000000, -0.0000000000000000000 ) ) ;
#3366 = CARTESIAN_POINT ( 'NONE',  ( -0.1000000000000001000, -17.80000000000000400, 0.2499999999999976100 ) ) ;
#3367 = DIRECTION ( 'NONE',  ( 1.084202172485505300E-016, 0.0000000000000000000, -1.000000000000000000 ) ) ;
#3368 = CARTESIAN_POINT ( 'NONE',  ( -0.1000000000000001000, -17.80000000000000400, 0.2499999999999976100 ) ) ;
#3369 = DIRECTION ( 'NONE',  ( -1.000000000000000000, -0.0000000000000000000, -0.0000000000000000000 ) ) ;
#3370 = CARTESIAN_POINT ( 'NONE',  ( -10.99999999999999800, -9.900000000000000400, 9.000000000000001800 ) ) ;
#3371 = DIRECTION ( 'NONE',  ( 0.0000000000000000000, 0.0000000000000000000, 1.000000000000000000 ) ) ;
#3372 = CARTESIAN_POINT ( 'NONE',  ( 0.3999999999999999100, -17.80000000000000400, 0.2499999999999976100 ) ) ;
#3373 = DIRECTION ( 'NONE',  ( -0.0000000000000000000, 1.000000000000000000, -0.0000000000000000000 ) ) ;
#3374 = CARTESIAN_POINT ( 'NONE',  ( -12.99999999999999800, -9.900000000000000400, 13.00000000000000200 ) ) ;
#3375 = DIRECTION ( 'NONE',  ( -1.000000000000000000, -0.0000000000000000000, -0.0000000000000000000 ) ) ;
#3376 = CARTESIAN_POINT ( 'NONE',  ( -2.999999999999999600, -9.900000000000000400, -1.702777509911062000 ) ) ;
#3377 = CARTESIAN_POINT ( 'NONE',  ( -0.1000000000000000500, -17.80000000000000400, -0.2500000000000019400 ) ) ;
#3378 = DIRECTION ( 'NONE',  ( -0.0000000000000000000, 1.000000000000000000, -0.0000000000000000000 ) ) ;
#3379 = CARTESIAN_POINT ( 'NONE',  ( -9.100000000000001400, -14.59999999999999800, 9.000000000000001800 ) ) ;
#3380 = DIRECTION ( 'NONE',  ( -1.000000000000000000, -1.927470528863119700E-015, 0.0000000000000000000 ) ) ;
#3381 = CARTESIAN_POINT ( 'NONE',  ( -10.99999999999999800, -16.10000000000000100, 9.000000000000001800 ) ) ;
#3382 = DIRECTION ( 'NONE',  ( -0.0000000000000000000, -0.0000000000000000000, 1.000000000000000000 ) ) ;
#3383 = CARTESIAN_POINT ( 'NONE',  ( -10.00000000000000200, -13.00000000000000000, 9.000000000000001800 ) ) ;
#3384 = DIRECTION ( 'NONE',  ( -0.0000000000000000000, -0.0000000000000000000, -1.000000000000000000 ) ) ;
#3385 = CARTESIAN_POINT ( 'NONE',  ( -10.99999999999999800, -14.10000000000000000, 9.000000000000001800 ) ) ;
#3386 = CARTESIAN_POINT ( 'NONE',  ( -12.99999999999999800, -9.900000000000000400, 9.000000000000001800 ) ) ;
#3387 = DIRECTION ( 'NONE',  ( 0.0000000000000000000, -0.0000000000000000000, -1.000000000000000000 ) ) ;
#3388 = DIRECTION ( 'NONE',  ( 1.000000000000000000, 0.0000000000000000000, 0.0000000000000000000 ) ) ;
#3389 = CARTESIAN_POINT ( 'NONE',  ( -12.99999999999999800, -16.10000000000000100, 13.00000000000000200 ) ) ;
#3390 = DIRECTION ( 'NONE',  ( 1.000000000000000000, 0.0000000000000000000, 0.0000000000000000000 ) ) ;
#3391 = CARTESIAN_POINT ( 'NONE',  ( -2.999999999999997300, -16.10000000000000100, -1.702777509911062000 ) ) ;
#3392 = DIRECTION ( 'NONE',  ( -0.0000000000000000000, -0.0000000000000000000, 1.000000000000000000 ) ) ;
#3393 = CARTESIAN_POINT ( 'NONE',  ( -12.99999999999999800, -16.10000000000000100, 9.000000000000001800 ) ) ;
#3394 = DIRECTION ( 'NONE',  ( 1.000000000000000000, 0.0000000000000000000, 0.0000000000000000000 ) ) ;
#3395 = CARTESIAN_POINT ( 'NONE',  ( -10.00000000000000200, -11.40000000000000000, 9.000000000000001800 ) ) ;
#3396 = DIRECTION ( 'NONE',  ( 0.0000000000000000000, 0.0000000000000000000, -1.000000000000000000 ) ) ;
#3397 = DIRECTION ( 'NONE',  ( -1.000000000000000000, 0.0000000000000000000, 0.0000000000000000000 ) ) ;
#3398 = CARTESIAN_POINT ( 'NONE',  ( -9.100000000000001400, -13.00000000000000000, 9.000000000000001800 ) ) ;
#3399 = DIRECTION ( 'NONE',  ( 0.0000000000000000000, 0.0000000000000000000, -1.000000000000000000 ) ) ;
#3400 = DIRECTION ( 'NONE',  ( -1.000000000000000000, 0.0000000000000000000, 0.0000000000000000000 ) ) ;
#3401 = CARTESIAN_POINT ( 'NONE',  ( -10.99999999999999800, -11.90000000000000000, 9.000000000000001800 ) ) ;
#3402 = DIRECTION ( 'NONE',  ( 1.000000000000000000, -1.927470528863119700E-015, 0.0000000000000000000 ) ) ;
#3403 = DIRECTION ( 'NONE',  ( 0.0000000000000000000, -0.0000000000000000000, -1.000000000000000000 ) ) ;
#3404 = DIRECTION ( 'NONE',  ( 1.000000000000000000, 0.0000000000000000000, 0.0000000000000000000 ) ) ;
#3405 = CARTESIAN_POINT ( 'NONE',  ( -12.99999999999999800, -14.10000000000000000, 9.000000000000001800 ) ) ;
#3406 = DIRECTION ( 'NONE',  ( 0.0000000000000000000, 0.0000000000000000000, 1.000000000000000000 ) ) ;
#3407 = CARTESIAN_POINT ( 'NONE',  ( 13.00000000000000200, -9.900000000000000400, 9.000000000000001800 ) ) ;
#3408 = DIRECTION ( 'NONE',  ( 0.0000000000000000000, -1.000000000000000000, 0.0000000000000000000 ) ) ;
#3409 = CARTESIAN_POINT ( 'NONE',  ( -12.99999999999999800, -9.900000000000000400, 13.00000000000000200 ) ) ;
#3410 = DIRECTION ( 'NONE',  ( 0.0000000000000000000, -1.000000000000000000, 0.0000000000000000000 ) ) ;
#3411 = CARTESIAN_POINT ( 'NONE',  ( 10.00000000000000200, -11.40000000000000000, 9.000000000000001800 ) ) ;
#3412 = DIRECTION ( 'NONE',  ( 1.000000000000000000, 1.927470528863119700E-015, -0.0000000000000000000 ) ) ;
#3413 = CARTESIAN_POINT ( 'NONE',  ( -12.99999999999999800, -11.90000000000000000, 9.000000000000001800 ) ) ;
#3414 = DIRECTION ( 'NONE',  ( -0.0000000000000000000, -0.0000000000000000000, -1.000000000000000000 ) ) ;
#3415 = CARTESIAN_POINT ( 'NONE',  ( -0.4000000000000000200, 1.950000000000000200, -2.200000000000000200 ) ) ;
#3416 = CARTESIAN_POINT ( 'NONE',  ( 13.00000000000000200, -14.10000000000000000, 9.000000000000001800 ) ) ;
#3417 = DIRECTION ( 'NONE',  ( -0.0000000000000000000, -0.0000000000000000000, -1.000000000000000000 ) ) ;
#3418 = CARTESIAN_POINT ( 'NONE',  ( 9.100000000000001400, -13.00000000000000000, 9.000000000000001800 ) ) ;
#3419 = DIRECTION ( 'NONE',  ( -0.0000000000000000000, 1.000000000000000000, -0.0000000000000000000 ) ) ;
#3420 = CARTESIAN_POINT ( 'NONE',  ( 13.00000000000000200, -11.90000000000000000, 9.000000000000001800 ) ) ;
#3421 = DIRECTION ( 'NONE',  ( 0.0000000000000000000, 0.0000000000000000000, 1.000000000000000000 ) ) ;
#3422 = CARTESIAN_POINT ( 'NONE',  ( 10.00000000000000200, -13.00000000000000000, 9.000000000000001800 ) ) ;
#3423 = DIRECTION ( 'NONE',  ( -0.0000000000000000000, 0.0000000000000000000, -1.000000000000000000 ) ) ;
#3424 = DIRECTION ( 'NONE',  ( 1.000000000000000000, 0.0000000000000000000, 0.0000000000000000000 ) ) ;
#3425 = CARTESIAN_POINT ( 'NONE',  ( -10.99999999999999800, -14.10000000000000000, 13.00000000000000200 ) ) ;
#3426 = DIRECTION ( 'NONE',  ( -0.0000000000000000000, -0.0000000000000000000, 1.000000000000000000 ) ) ;
#3427 = CARTESIAN_POINT ( 'NONE',  ( 9.100000000000001400, -14.59999999999999800, 9.000000000000001800 ) ) ;
#3428 = DIRECTION ( 'NONE',  ( -0.0000000000000000000, 0.0000000000000000000, 1.000000000000000000 ) ) ;
#3429 = DIRECTION ( 'NONE',  ( 1.000000000000000000, 0.0000000000000000000, 0.0000000000000000000 ) ) ;
#3430 = DIRECTION ( 'NONE',  ( -0.0000000000000000000, 0.0000000000000000000, -1.000000000000000000 ) ) ;
#3431 = DIRECTION ( 'NONE',  ( 1.000000000000000000, 0.0000000000000000000, 0.0000000000000000000 ) ) ;
#3432 = CARTESIAN_POINT ( 'NONE',  ( -2.999999999999999600, -10.40000000000000200, 13.00000000000000200 ) ) ;
#3433 = DIRECTION ( 'NONE',  ( -1.000000000000000000, 1.927470528863119700E-015, -0.0000000000000000000 ) ) ;
#3434 = CARTESIAN_POINT ( 'NONE',  ( 11.00000000000000400, -14.10000000000000000, 9.000000000000001800 ) ) ;
#3435 = DIRECTION ( 'NONE',  ( 0.0000000000000000000, -0.0000000000000000000, -1.000000000000000000 ) ) ;
#3436 = DIRECTION ( 'NONE',  ( 1.000000000000000000, 0.0000000000000000000, 0.0000000000000000000 ) ) ;
#3437 = CARTESIAN_POINT ( 'NONE',  ( 11.00000000000000200, -11.90000000000000000, 9.000000000000001800 ) ) ;
#3438 = DIRECTION ( 'NONE',  ( 0.0000000000000000000, -0.0000000000000000000, -1.000000000000000000 ) ) ;
#3439 = DIRECTION ( 'NONE',  ( 1.000000000000000000, 0.0000000000000000000, 0.0000000000000000000 ) ) ;
#3440 = CARTESIAN_POINT ( 'NONE',  ( -2.999999999999999600, -9.900000000000000400, 13.00000000000000200 ) ) ;
#3441 = DIRECTION ( 'NONE',  ( 0.0000000000000000000, -1.000000000000000000, 0.0000000000000000000 ) ) ;
#3442 = CARTESIAN_POINT ( 'NONE',  ( -6.499999999999998200, -10.70000000000000100, 13.00000000000000200 ) ) ;
#3443 = DIRECTION ( 'NONE',  ( 1.885568995626964300E-016, -1.000000000000000000, 0.0000000000000000000 ) ) ;
#3444 = CARTESIAN_POINT ( 'NONE',  ( -6.499999999999997300, -15.30000000000000100, 13.00000000000000200 ) ) ;
#3445 = DIRECTION ( 'NONE',  ( 0.9963466490417508500, -0.08540114134643576900, 0.0000000000000000000 ) ) ;
#3446 = CARTESIAN_POINT ( 'NONE',  ( -10.00000000000000200, -13.00000000000000000, 13.00000000000000200 ) ) ;
#3447 = CARTESIAN_POINT ( 'NONE',  ( -2.999999999999997300, -15.60000000000000100, 13.00000000000000200 ) ) ;
#3448 = DIRECTION ( 'NONE',  ( 0.0000000000000000000, -1.000000000000000000, 0.0000000000000000000 ) ) ;
#3449 = CARTESIAN_POINT ( 'NONE',  ( -10.99999999999999800, -11.90000000000000000, 13.00000000000000200 ) ) ;
#3450 = DIRECTION ( 'NONE',  ( -0.9963466490417508500, -0.08540114134643579700, 0.0000000000000000000 ) ) ;
#3451 = CARTESIAN_POINT ( 'NONE',  ( -9.100000000000001400, -13.00000000000000000, 13.00000000000000200 ) ) ;
#3452 = DIRECTION ( 'NONE',  ( -0.0000000000000000000, 0.0000000000000000000, 1.000000000000000000 ) ) ;
#3453 = DIRECTION ( 'NONE',  ( 1.000000000000000000, 0.0000000000000000000, 0.0000000000000000000 ) ) ;
#3454 =( LENGTH_UNIT ( ) NAMED_UNIT ( * ) SI_UNIT ( .MILLI., .METRE. ) );
#3455 = DIRECTION ( 'NONE',  ( 0.0000000000000000000, 0.0000000000000000000, -1.000000000000000000 ) ) ;
#3456 = DIRECTION ( 'NONE',  ( -1.000000000000000000, 0.0000000000000000000, 0.0000000000000000000 ) ) ;
#3457 = CARTESIAN_POINT ( 'NONE',  ( -9.100000000000001400, -14.59999999999999800, 13.00000000000000200 ) ) ;
#3458 = DIRECTION ( 'NONE',  ( -1.000000000000000000, -1.927470528863119700E-015, 0.0000000000000000000 ) ) ;
#3459 = CARTESIAN_POINT ( 'NONE',  ( 9.100000000000001400, -14.59999999999999800, 13.00000000000000200 ) ) ;
#3460 = DIRECTION ( 'NONE',  ( -0.0000000000000000000, -0.0000000000000000000, -1.000000000000000000 ) ) ;
#3461 = CARTESIAN_POINT ( 'NONE',  ( -10.00000000000000200, -11.40000000000000000, 13.00000000000000200 ) ) ;
#3462 = DIRECTION ( 'NONE',  ( 1.000000000000000000, -1.927470528863119700E-015, 0.0000000000000000000 ) ) ;
#3463 = DIRECTION ( 'NONE',  ( 0.0000000000000000000, 0.0000000000000000000, -1.000000000000000000 ) ) ;
#3464 = DIRECTION ( 'NONE',  ( -1.000000000000000000, 0.0000000000000000000, 0.0000000000000000000 ) ) ;
#3465 = CARTESIAN_POINT ( 'NONE',  ( 10.00000000000000200, -14.60000000000000000, 13.00000000000000200 ) ) ;
#3466 = DIRECTION ( 'NONE',  ( -0.0000000000000000000, -0.0000000000000000000, -1.000000000000000000 ) ) ;
#3467 = CARTESIAN_POINT ( 'NONE',  ( -10.00000000000000200, -14.60000000000000000, 13.00000000000000200 ) ) ;
#3468 = DIRECTION ( 'NONE',  ( -0.0000000000000000000, -0.0000000000000000000, -1.000000000000000000 ) ) ;
#3469 = CARTESIAN_POINT ( 'NONE',  ( 10.00000000000000200, -11.40000000000000000, 13.00000000000000200 ) ) ;
#3470 = DIRECTION ( 'NONE',  ( -0.0000000000000000000, -0.0000000000000000000, -1.000000000000000000 ) ) ;
#3471 = CARTESIAN_POINT ( 'NONE',  ( -2.999999999999998700, -18.09999999999999800, 12.70000000000000100 ) ) ;
#3472 = DIRECTION ( 'NONE',  ( 1.000000000000000000, 0.0000000000000000000, 0.0000000000000000000 ) ) ;
#3473 = CARTESIAN_POINT ( 'NONE',  ( 0.4000000000000000800, 1.950000000000000200, -2.200000000000000200 ) ) ;
#3474 = DIRECTION ( 'NONE',  ( -0.0000000000000000000, 1.000000000000000000, -0.0000000000000000000 ) ) ;
#3475 = CARTESIAN_POINT ( 'NONE',  ( -2.999999999999999600, -9.900000000000000400, 12.70000000000000100 ) ) ;
#3476 = DIRECTION ( 'NONE',  ( 0.0000000000000000000, 1.000000000000000000, 0.0000000000000000000 ) ) ;
#3477 = CARTESIAN_POINT ( 'NONE',  ( -2.999999999999999600, -10.40000000000000200, 12.70000000000000100 ) ) ;
#3478 = DIRECTION ( 'NONE',  ( 0.9963466490417508500, 0.08540114134643579700, 0.0000000000000000000 ) ) ;
#3479 = CARTESIAN_POINT ( 'NONE',  ( -0.4000000000000000200, 1.950000000000000200, -2.600000000000000500 ) ) ;
#3480 = DIRECTION ( 'NONE',  ( -1.000000000000000000, -0.0000000000000000000, -0.0000000000000000000 ) ) ;
#3481 = CARTESIAN_POINT ( 'NONE',  ( -9.100000000000001400, -14.59999999999999800, 13.00000000000000200 ) ) ;
#3482 = DIRECTION ( 'NONE',  ( -0.0000000000000000000, -0.0000000000000000000, -1.000000000000000000 ) ) ;
#3483 = CARTESIAN_POINT ( 'NONE',  ( -9.100000000000001400, -11.40000000000000000, 13.00000000000000200 ) ) ;
#3484 = DIRECTION ( 'NONE',  ( -0.0000000000000000000, -0.0000000000000000000, -1.000000000000000000 ) ) ;
#3485 = CARTESIAN_POINT ( 'NONE',  ( -0.4000000000000000200, 1.950000000000000200, 7.399999999999998600 ) ) ;
#3486 = DIRECTION ( 'NONE',  ( -0.0000000000000000000, -0.0000000000000000000, 1.000000000000000000 ) ) ;
#3487 = CARTESIAN_POINT ( 'NONE',  ( -6.499999999999997300, -15.30000000000000100, 12.70000000000000100 ) ) ;
#3488 = DIRECTION ( 'NONE',  ( -0.9963466490417508500, 0.08540114134643575500, 0.0000000000000000000 ) ) ;
#3489 = CARTESIAN_POINT ( 'NONE',  ( -6.499999999999998200, -10.70000000000000100, 12.70000000000000100 ) ) ;
#3490 = DIRECTION ( 'NONE',  ( -1.885568995626964300E-016, 1.000000000000000000, 0.0000000000000000000 ) ) ;
#3491 = CARTESIAN_POINT ( 'NONE',  ( -2.999999999999997300, -15.60000000000000100, 12.70000000000000100 ) ) ;
#3492 = DIRECTION ( 'NONE',  ( 0.0000000000000000000, 1.000000000000000000, 0.0000000000000000000 ) ) ;
#3493 = CARTESIAN_POINT ( 'NONE',  ( 6.499999999999999100, -15.30000000000000100, 12.70000000000000100 ) ) ;
#3494 = DIRECTION ( 'NONE',  ( -1.885568995626964300E-016, -1.000000000000000000, 0.0000000000000000000 ) ) ;
#3495 = CARTESIAN_POINT ( 'NONE',  ( 0.4000000000000000200, 1.950000000000000200, -2.600000000000000500 ) ) ;
#3496 = DIRECTION ( 'NONE',  ( -1.355252715606880000E-016, -0.0000000000000000000, -1.000000000000000000 ) ) ;
#3497 = CARTESIAN_POINT ( 'NONE',  ( 2.999999999999999100, -16.10000000000000100, 12.70000000000000100 ) ) ;
#3498 = DIRECTION ( 'NONE',  ( 0.0000000000000000000, -1.000000000000000000, 0.0000000000000000000 ) ) ;
#3499 = CARTESIAN_POINT ( 'NONE',  ( 0.5999999999999998700, 1.950000000000000200, 7.399999999999998600 ) ) ;
#3500 = DIRECTION ( 'NONE',  ( 0.4472135954999577600, -0.0000000000000000000, -0.8944271909999158600 ) ) ;
#3501 = CARTESIAN_POINT ( 'NONE',  ( 6.500000000000000000, -10.70000000000000100, 12.70000000000000100 ) ) ;
#3502 = DIRECTION ( 'NONE',  ( 0.9963466490417508500, -0.08540114134643574100, 0.0000000000000000000 ) ) ;
#3503 = CARTESIAN_POINT ( 'NONE',  ( 2.999999999999999100, -15.60000000000000100, 12.70000000000000100 ) ) ;
#3504 = DIRECTION ( 'NONE',  ( -0.9963466490417508500, -0.08540114134643575500, 0.0000000000000000000 ) ) ;
#3505 = CARTESIAN_POINT ( 'NONE',  ( 0.4000000000000000800, 1.950000000000000200, -2.200000000000000200 ) ) ;
#3506 = DIRECTION ( 'NONE',  ( -1.000000000000000000, -0.0000000000000000000, -0.0000000000000000000 ) ) ;
#3507 = CARTESIAN_POINT ( 'NONE',  ( 2.999999999999999100, -10.40000000000000200, 12.70000000000000100 ) ) ;
#3508 = DIRECTION ( 'NONE',  ( 8.673617379884026600E-016, -1.000000000000000000, 0.0000000000000000000 ) ) ;
#3509 = CARTESIAN_POINT ( 'NONE',  ( -2.999999999999997300, -15.60000000000000100, -1.702777509911062000 ) ) ;
#3510 = DIRECTION ( 'NONE',  ( -0.0000000000000000000, -0.0000000000000000000, 1.000000000000000000 ) ) ;
#3511 = CARTESIAN_POINT ( 'NONE',  ( -0.6000000000000000900, 1.950000000000000200, 7.399999999999998600 ) ) ;
#3512 = DIRECTION ( 'NONE',  ( -0.0000000000000000000, 1.000000000000000000, -0.0000000000000000000 ) ) ;
#3513 = CARTESIAN_POINT ( 'NONE',  ( -3.000000000000000000, -6.400000000000001200, 12.70000000000000100 ) ) ;
#3514 = DIRECTION ( 'NONE',  ( -1.000000000000000000, -0.0000000000000000000, -0.0000000000000000000 ) ) ;
#3515 = CARTESIAN_POINT ( 'NONE',  ( 0.0000000000000000000, 1.950000000000000200, 8.599999999999999600 ) ) ;
#3516 = DIRECTION ( 'NONE',  ( 0.4472135954999579300, -0.0000000000000000000, 0.8944271909999158600 ) ) ;
#3517 = DIRECTION ( 'NONE',  ( 0.0000000000000000000, 0.0000000000000000000, 1.000000000000000000 ) ) ;
#3518 =( NAMED_UNIT ( * ) PLANE_ANGLE_UNIT ( ) SI_UNIT ( $, .RADIAN. ) );
#3519 =( NAMED_UNIT ( * ) SI_UNIT ( $, .STERADIAN. ) SOLID_ANGLE_UNIT ( ) );
#3520 = CARTESIAN_POINT ( 'NONE',  ( 0.0000000000000000000, 0.0000000000000000000, 0.0000000000000000000 ) ) ;
#3521 = DIRECTION ( 'NONE',  ( 1.000000000000000000, 0.0000000000000000000, 0.0000000000000000000 ) ) ;
#3522 = APPLICATION_CONTEXT ( 'configuration controlled 3d designs of mechanical parts and assemblies' ) ;
#3523 = APPLICATION_PROTOCOL_DEFINITION ( 'international standard', 'config_control_design', 1994, #3522 ) ;
#3524 = MECHANICAL_CONTEXT ( 'NONE', #3522, 'mechanical' ) ;
#3525 = PERSON_AND_ORGANIZATION_ROLE ( 'design_owner' ) ;
#3526 = APPLICATION_CONTEXT ( 'configuration controlled 3d designs of mechanical parts and assemblies' ) ;
#3527 = APPLICATION_PROTOCOL_DEFINITION ( 'international standard', 'config_control_design', 1994, #3526 ) ;
#3528 = APPROVAL_STATUS ( 'not_yet_approved' ) ;
#3529 = APPROVAL_ROLE ( '' ) ;
#3530 = PERSON_AND_ORGANIZATION_ROLE ( 'creator' ) ;
#3531 = DATE_TIME_ROLE ( 'creation_date' ) ;
#3532 = APPROVAL_STATUS ( 'not_yet_approved' ) ;
#3533 = APPROVAL_ROLE ( '' ) ;
#3534 = PERSON_AND_ORGANIZATION_ROLE ( 'creator' ) ;
#3535 = PERSON_AND_ORGANIZATION_ROLE ( 'design_supplier' ) ;
#3536 = SECURITY_CLASSIFICATION_LEVEL ( 'unclassified' ) ;
#3537 = PERSON_AND_ORGANIZATION_ROLE ( 'classification_officer' ) ;
#3538 = DATE_TIME_ROLE ( 'classification_date' ) ;
#3539 = APPROVAL_STATUS ( 'not_yet_approved' ) ;
#3540 = APPROVAL_ROLE ( '' ) ;
#3541 = EDGE_CURVE ( 'NONE', #181, #876, #2385, .T. ) ;
#3542 = EDGE_CURVE ( 'NONE', #1101, #1098, #2387, .T. ) ;
#3543 = EDGE_CURVE ( 'NONE', #1062, #1061, #2372, .T. ) ;
#3544 = EDGE_CURVE ( 'NONE', #181, #875, #2378, .T. ) ;
#3545 = EDGE_CURVE ( 'NONE', #1065, #877, #2380, .T. ) ;
#3546 = EDGE_CURVE ( 'NONE', #889, #888, #2390, .T. ) ;
#3547 = EDGE_CURVE ( 'NONE', #881, #880, #2392, .T. ) ;
#3548 = EDGE_CURVE ( 'NONE', #686, #687, #2394, .T. ) ;
#3549 = EDGE_CURVE ( 'NONE', #1100, #1103, #2401, .T. ) ;
#3550 = EDGE_CURVE ( 'NONE', #885, #884, #2395, .T. ) ;
#3551 = EDGE_CURVE ( 'NONE', #885, #886, #2405, .T. ) ;
#3552 = EDGE_CURVE ( 'NONE', #1103, #1099, #2407, .T. ) ;
#3553 = EDGE_CURVE ( 'NONE', #701, #179, #2398, .T. ) ;
#3554 = EDGE_CURVE ( 'NONE', #1098, #693, #2400, .T. ) ;
#3555 = EDGE_CURVE ( 'NONE', #696, #692, #2413, .T. ) ;
#3556 = EDGE_CURVE ( 'NONE', #877, #876, #2404, .T. ) ;
#3557 = EDGE_CURVE ( 'NONE', #1066, #1065, #2417, .T. ) ;
#3558 = EDGE_CURVE ( 'NONE', #1080, #1089, #2410, .T. ) ;
#3559 = EDGE_CURVE ( 'NONE', #884, #883, #2412, .T. ) ;
#3560 = EDGE_CURVE ( 'NONE', #695, #689, #2416, .T. ) ;
#3561 = EDGE_CURVE ( 'NONE', #1069, #1068, #2420, .T. ) ;
#3562 = EDGE_CURVE ( 'NONE', #692, #691, #2422, .T. ) ;
#3563 = EDGE_CURVE ( 'NONE', #1064, #1065, #2424, .T. ) ;
#3564 = EDGE_CURVE ( 'NONE', #1107, #1060, #2431, .T. ) ;
#3565 = EDGE_CURVE ( 'NONE', #180, #179, #2426, .T. ) ;
#3566 = EDGE_CURVE ( 'NONE', #1092, #1082, #2437, .T. ) ;
#3567 = EDGE_CURVE ( 'NONE', #681, #695, #2436, .T. ) ;
#3568 = EDGE_CURVE ( 'NONE', #1078, #1084, #2438, .T. ) ;
#3569 = EDGE_CURVE ( 'NONE', #878, #1066, #2434, .T. ) ;
#3570 = EDGE_CURVE ( 'NONE', #683, #694, #2442, .T. ) ;
#3571 = EDGE_CURVE ( 'NONE', #689, #690, #2435, .T. ) ;
#3572 = EDGE_CURVE ( 'NONE', #1108, #696, #2446, .T. ) ;
#3573 = EDGE_CURVE ( 'NONE', #694, #697, #2428, .T. ) ;
#3574 = EDGE_CURVE ( 'NONE', #1084, #1083, #2441, .T. ) ;
#3575 = EDGE_CURVE ( 'NONE', #691, #1108, #2452, .T. ) ;
#3576 = EDGE_CURVE ( 'NONE', #1099, #1105, #2445, .T. ) ;
#3577 = EDGE_CURVE ( 'NONE', #697, #684, #2449, .T. ) ;
#3578 = EDGE_CURVE ( 'NONE', #690, #681, #2451, .T. ) ;
#3579 = EDGE_CURVE ( 'NONE', #1091, #1079, #2460, .T. ) ;
#3580 = EDGE_CURVE ( 'NONE', #1090, #1071, #2464, .T. ) ;
#3581 = EDGE_CURVE ( 'NONE', #1079, #1087, #2457, .T. ) ;
#3582 = EDGE_CURVE ( 'NONE', #879, #880, #2465, .T. ) ;
#3583 = EDGE_CURVE ( 'NONE', #1071, #1076, #2467, .T. ) ;
#3584 = EDGE_CURVE ( 'NONE', #886, #887, #2469, .T. ) ;
#3585 = EDGE_CURVE ( 'NONE', #889, #890, #2471, .T. ) ;
#3586 = EDGE_CURVE ( 'NONE', #699, #693, #2473, .T. ) ;
#3587 = EDGE_CURVE ( 'NONE', #882, #881, #2475, .T. ) ;
#3588 = EDGE_CURVE ( 'NONE', #883, #882, #2463, .T. ) ;
#3589 = EDGE_CURVE ( 'NONE', #700, #178, #2459, .T. ) ;
#3590 = EDGE_CURVE ( 'NONE', #682, #688, #2615, .T. ) ;
#3591 = EDGE_CURVE ( 'NONE', #1083, #1091, #2617, .T. ) ;
#3592 = EDGE_CURVE ( 'NONE', #686, #688, #2619, .T. ) ;
#3593 = EDGE_CURVE ( 'NONE', #693, #700, #2462, .T. ) ;
#3594 = EDGE_CURVE ( 'NONE', #178, #177, #2623, .T. ) ;
#3595 = EDGE_CURVE ( 'NONE', #177, #180, #2625, .T. ) ;
#3596 = EDGE_CURVE ( 'NONE', #1086, #1070, #2627, .T. ) ;
#3597 = EDGE_CURVE ( 'NONE', #698, #699, #2612, .T. ) ;
#3598 = EDGE_CURVE ( 'NONE', #690, #688, #2631, .T. ) ;
#3599 = EDGE_CURVE ( 'NONE', #1102, #1106, #2633, .T. ) ;
#3600 = EDGE_CURVE ( 'NONE', #1075, #1086, #2637, .T. ) ;
#3601 = EDGE_CURVE ( 'NONE', #1111, #1110, #2630, .T. ) ;
#3602 = EDGE_CURVE ( 'NONE', #1073, #1075, #2638, .T. ) ;
#3603 = EDGE_CURVE ( 'NONE', #1098, #1111, #2640, .T. ) ;
#3604 = EDGE_CURVE ( 'NONE', #1105, #1100, #2642, .T. ) ;
#3605 = EDGE_CURVE ( 'NONE', #1070, #1074, #2647, .T. ) ;
#3606 = EDGE_CURVE ( 'NONE', #1063, #1066, #2635, .T. ) ;
#3607 = EDGE_CURVE ( 'NONE', #1096, #1092, #2648, .T. ) ;
#3608 = EDGE_CURVE ( 'NONE', #1082, #1090, #2646, .T. ) ;
#3609 = EDGE_CURVE ( 'NONE', #1078, #1092, #2652, .T. ) ;
#3610 = EDGE_CURVE ( 'NONE', #1060, #1062, #2654, .T. ) ;
#3611 = EDGE_CURVE ( 'NONE', #1101, #700, #2645, .T. ) ;
#3612 = EDGE_CURVE ( 'NONE', #1104, #1109, #2644, .T. ) ;
#3613 = EDGE_CURVE ( 'NONE', #1110, #1101, #2651, .T. ) ;
#3614 = EDGE_CURVE ( 'NONE', #1106, #1104, #2662, .T. ) ;
#3615 = EDGE_CURVE ( 'NONE', #682, #685, #2657, .T. ) ;
#3616 = EDGE_CURVE ( 'NONE', #888, #887, #2665, .T. ) ;
#3617 = EDGE_CURVE ( 'NONE', #681, #701, #2667, .T. ) ;
#3618 = EDGE_CURVE ( 'NONE', #1061, #1107, #2659, .T. ) ;
#3619 = EDGE_CURVE ( 'NONE', #1109, #1102, #2661, .T. ) ;
#3620 = EDGE_CURVE ( 'NONE', #1077, #1080, #2676, .T. ) ;
#3621 = EDGE_CURVE ( 'NONE', #1074, #1067, #2675, .T. ) ;
#3622 = EDGE_CURVE ( 'NONE', #900, #1063, #2674, .T. ) ;
#3623 = EDGE_CURVE ( 'NONE', #1063, #1064, #2679, .T. ) ;
#3624 = EDGE_CURVE ( 'NONE', #1072, #1096, #2681, .T. ) ;
#3625 = EDGE_CURVE ( 'NONE', #1074, #1073, #2684, .T. ) ;
#3626 = EDGE_CURVE ( 'NONE', #1073, #1081, #2670, .T. ) ;
#3627 = EDGE_CURVE ( 'NONE', #1067, #1081, #2687, .T. ) ;
#3628 = EDGE_CURVE ( 'NONE', #1077, #1085, #2683, .T. ) ;
#3629 = EDGE_CURVE ( 'NONE', #1085, #1089, #2691, .T. ) ;
#3630 = EDGE_CURVE ( 'NONE', #1068, #1087, #2685, .T. ) ;
#3631 = EDGE_CURVE ( 'NONE', #1088, #1078, #2692, .T. ) ;
#3632 = EDGE_CURVE ( 'NONE', #1076, #1069, #2694, .T. ) ;
#3633 = EDGE_CURVE ( 'NONE', #1071, #1087, #2696, .T. ) ;
#3634 = EDGE_CURVE ( 'NONE', #1088, #1072, #2698, .T. ) ;
#3635 = EDGE_CURVE ( 'NONE', #409, #411, #2700, .T. ) ;
#3636 = EDGE_CURVE ( 'NONE', #918, #917, #2702, .T. ) ;
#3637 = EDGE_CURVE ( 'NONE', #920, #919, #2704, .T. ) ;
#3638 = EDGE_CURVE ( 'NONE', #889, #913, #2706, .T. ) ;
#3639 = EDGE_CURVE ( 'NONE', #920, #921, #2690, .T. ) ;
#3640 = EDGE_CURVE ( 'NONE', #914, #888, #2710, .T. ) ;
#3641 = EDGE_CURVE ( 'NONE', #913, #914, #2712, .T. ) ;
#3642 = EDGE_CURVE ( 'NONE', #915, #916, #2714, .T. ) ;
#3643 = EDGE_CURVE ( 'NONE', #917, #915, #2716, .T. ) ;
#3644 = EDGE_CURVE ( 'NONE', #921, #884, #2718, .T. ) ;
#3645 = EDGE_CURVE ( 'NONE', #919, #918, #2720, .T. ) ;
#3646 = EDGE_CURVE ( 'NONE', #922, #883, #2722, .T. ) ;
#3647 = EDGE_CURVE ( 'NONE', #925, #924, #2724, .T. ) ;
#3648 = EDGE_CURVE ( 'NONE', #914, #922, #2689, .T. ) ;
#3649 = EDGE_CURVE ( 'NONE', #887, #923, #2728, .T. ) ;
#3650 = EDGE_CURVE ( 'NONE', #923, #924, #2730, .T. ) ;
#3651 = EDGE_CURVE ( 'NONE', #926, #925, #2732, .T. ) ;
#3652 = EDGE_CURVE ( 'NONE', #928, #927, #2688, .T. ) ;
#3653 = EDGE_CURVE ( 'NONE', #927, #926, #2736, .T. ) ;
#3654 = EDGE_CURVE ( 'NONE', #930, #929, #2709, .T. ) ;
#3655 = EDGE_CURVE ( 'NONE', #929, #928, #2740, .T. ) ;
#3656 = EDGE_CURVE ( 'NONE', #932, #931, #2742, .T. ) ;
#3657 = EDGE_CURVE ( 'NONE', #931, #930, #2744, .T. ) ;
#3658 = EDGE_CURVE ( 'NONE', #916, #933, #2746, .T. ) ;
#3659 = EDGE_CURVE ( 'NONE', #933, #932, #2748, .T. ) ;
#3660 = EDGE_CURVE ( 'NONE', #934, #882, #2750, .T. ) ;
#3661 = EDGE_CURVE ( 'NONE', #941, #940, #2752, .T. ) ;
#3662 = EDGE_CURVE ( 'NONE', #940, #939, #2727, .T. ) ;
#3663 = EDGE_CURVE ( 'NONE', #922, #934, #2735, .T. ) ;
#3664 = EDGE_CURVE ( 'NONE', #937, #935, #2758, .T. ) ;
#3665 = EDGE_CURVE ( 'NONE', #938, #937, #2739, .T. ) ;
#3666 = EDGE_CURVE ( 'NONE', #939, #938, #2755, .T. ) ;
#3667 = EDGE_CURVE ( 'NONE', #935, #936, #2757, .T. ) ;
#3668 = EDGE_CURVE ( 'NONE', #948, #893, #2761, .T. ) ;
#3669 = EDGE_CURVE ( 'NONE', #936, #941, #2768, .T. ) ;
#3670 = EDGE_CURVE ( 'NONE', #880, #947, #2763, .T. ) ;
#3671 = EDGE_CURVE ( 'NONE', #942, #881, #2772, .T. ) ;
#3672 = EDGE_CURVE ( 'NONE', #946, #945, #2774, .T. ) ;
#3673 = EDGE_CURVE ( 'NONE', #934, #942, #2765, .T. ) ;
#3674 = EDGE_CURVE ( 'NONE', #943, #944, #2917, .T. ) ;
#3675 = EDGE_CURVE ( 'NONE', #945, #943, #2767, .T. ) ;
#3676 = EDGE_CURVE ( 'NONE', #950, #951, #2771, .T. ) ;
#3677 = EDGE_CURVE ( 'NONE', #944, #946, #2923, .T. ) ;
#3678 = EDGE_CURVE ( 'NONE', #895, #949, #2915, .T. ) ;
#3679 = EDGE_CURVE ( 'NONE', #947, #948, #2927, .T. ) ;
#3680 = EDGE_CURVE ( 'NONE', #949, #950, #2929, .T. ) ;
#3681 = EDGE_CURVE ( 'NONE', #942, #951, #2931, .T. ) ;
#3682 = EDGE_CURVE ( 'NONE', #1064, #953, #2933, .T. ) ;
#3683 = EDGE_CURVE ( 'NONE', #1069, #1072, #2935, .T. ) ;
#3684 = EDGE_CURVE ( 'NONE', #952, #1088, #2937, .T. ) ;
#3685 = EDGE_CURVE ( 'NONE', #901, #951, #2939, .T. ) ;
#3686 = EDGE_CURVE ( 'NONE', #954, #943, #2941, .T. ) ;
#3687 = EDGE_CURVE ( 'NONE', #913, #952, #2943, .T. ) ;
#3688 = EDGE_CURVE ( 'NONE', #1068, #953, #2945, .T. ) ;
#3689 = EDGE_CURVE ( 'NONE', #959, #898, #2947, .T. ) ;
#3690 = EDGE_CURVE ( 'NONE', #955, #945, #2949, .T. ) ;
#3691 = EDGE_CURVE ( 'NONE', #955, #954, #2951, .T. ) ;
#3692 = EDGE_CURVE ( 'NONE', #956, #946, #2920, .T. ) ;
#3693 = EDGE_CURVE ( 'NONE', #958, #896, #2955, .T. ) ;
#3694 = EDGE_CURVE ( 'NONE', #957, #944, #2957, .T. ) ;
#3695 = EDGE_CURVE ( 'NONE', #956, #955, #2959, .T. ) ;
#3696 = EDGE_CURVE ( 'NONE', #903, #949, #2961, .T. ) ;
#3697 = EDGE_CURVE ( 'NONE', #957, #956, #2963, .T. ) ;
#3698 = EDGE_CURVE ( 'NONE', #959, #958, #2965, .T. ) ;
#3699 = EDGE_CURVE ( 'NONE', #954, #957, #2922, .T. ) ;
#3700 = EDGE_CURVE ( 'NONE', #960, #899, #2969, .T. ) ;
#3701 = EDGE_CURVE ( 'NONE', #961, #897, #2971, .T. ) ;
#3702 = EDGE_CURVE ( 'NONE', #960, #959, #2973, .T. ) ;
#3703 = EDGE_CURVE ( 'NONE', #905, #947, #2975, .T. ) ;
#3704 = EDGE_CURVE ( 'NONE', #961, #960, #2977, .T. ) ;
#3705 = EDGE_CURVE ( 'NONE', #963, #937, #2979, .T. ) ;
#3706 = EDGE_CURVE ( 'NONE', #958, #961, #2981, .T. ) ;
#3707 = EDGE_CURVE ( 'NONE', #970, #908, #2983, .T. ) ;
#3708 = EDGE_CURVE ( 'NONE', #902, #950, #2985, .T. ) ;
#3709 = EDGE_CURVE ( 'NONE', #962, #935, #2987, .T. ) ;
#3710 = EDGE_CURVE ( 'NONE', #963, #962, #2989, .T. ) ;
#3711 = EDGE_CURVE ( 'NONE', #904, #948, #2926, .T. ) ;
#3712 = EDGE_CURVE ( 'NONE', #964, #938, #2993, .T. ) ;
#3713 = EDGE_CURVE ( 'NONE', #969, #906, #2995, .T. ) ;
#3714 = EDGE_CURVE ( 'NONE', #965, #939, #2997, .T. ) ;
#3715 = EDGE_CURVE ( 'NONE', #964, #963, #2999, .T. ) ;
#3716 = EDGE_CURVE ( 'NONE', #966, #940, #3001, .T. ) ;
#3717 = EDGE_CURVE ( 'NONE', #965, #964, #3003, .T. ) ;
#3718 = EDGE_CURVE ( 'NONE', #967, #941, #3005, .T. ) ;
#3719 = EDGE_CURVE ( 'NONE', #689, #686, #3007, .T. ) ;
#3720 = EDGE_CURVE ( 'NONE', #179, #925, #3009, .T. ) ;
#3721 = EDGE_CURVE ( 'NONE', #179, #412, #3011, .T. ) ;
#3722 = EDGE_CURVE ( 'NONE', #416, #684, #3013, .T. ) ;
#3723 = EDGE_CURVE ( 'NONE', #695, #413, #3015, .T. ) ;
#3724 = EDGE_CURVE ( 'NONE', #180, #926, #3017, .T. ) ;
#3725 = EDGE_CURVE ( 'NONE', #177, #927, #3019, .T. ) ;
#3726 = EDGE_CURVE ( 'NONE', #415, #694, #3021, .T. ) ;
#3727 = EDGE_CURVE ( 'NONE', #412, #413, #3023, .T. ) ;
#3728 = EDGE_CURVE ( 'NONE', #415, #414, #3025, .T. ) ;
#3729 = EDGE_CURVE ( 'NONE', #414, #697, #2954, .T. ) ;
#3730 = EDGE_CURVE ( 'NONE', #701, #413, #3029, .T. ) ;
#3731 = EDGE_CURVE ( 'NONE', #416, #417, #3031, .T. ) ;
#3732 = EDGE_CURVE ( 'NONE', #414, #416, #3033, .T. ) ;
#3733 = EDGE_CURVE ( 'NONE', #417, #683, #3035, .T. ) ;
#3734 = EDGE_CURVE ( 'NONE', #420, #421, #3037, .T. ) ;
#3735 = EDGE_CURVE ( 'NONE', #418, #1061, #2968, .T. ) ;
#3736 = EDGE_CURVE ( 'NONE', #419, #1062, #3041, .T. ) ;
#3737 = EDGE_CURVE ( 'NONE', #417, #415, #3043, .T. ) ;
#3738 = EDGE_CURVE ( 'NONE', #419, #418, #3045, .T. ) ;
#3739 = EDGE_CURVE ( 'NONE', #420, #1107, #3047, .T. ) ;
#3740 = EDGE_CURVE ( 'NONE', #418, #420, #3049, .T. ) ;
#3741 = EDGE_CURVE ( 'NONE', #421, #1060, #3051, .T. ) ;
#3742 = EDGE_CURVE ( 'NONE', #424, #425, #3053, .T. ) ;
#3743 = EDGE_CURVE ( 'NONE', #422, #1106, #2992, .T. ) ;
#3744 = EDGE_CURVE ( 'NONE', #423, #1102, #3057, .T. ) ;
#3745 = EDGE_CURVE ( 'NONE', #421, #419, #3059, .T. ) ;
#3746 = EDGE_CURVE ( 'NONE', #423, #422, #3061, .T. ) ;
#3747 = EDGE_CURVE ( 'NONE', #424, #1104, #3063, .T. ) ;
#3748 = EDGE_CURVE ( 'NONE', #422, #424, #3065, .T. ) ;
#3749 = EDGE_CURVE ( 'NONE', #425, #1109, #3067, .T. ) ;
#3750 = EDGE_CURVE ( 'NONE', #428, #429, #3069, .T. ) ;
#3751 = EDGE_CURVE ( 'NONE', #432, #433, #3028, .T. ) ;
#3752 = EDGE_CURVE ( 'NONE', #427, #428, #3040, .T. ) ;
#3753 = EDGE_CURVE ( 'NONE', #425, #423, #3075, .T. ) ;
#3754 = EDGE_CURVE ( 'NONE', #426, #1100, #3077, .T. ) ;
#3755 = EDGE_CURVE ( 'NONE', #426, #427, #3079, .T. ) ;
#3756 = EDGE_CURVE ( 'NONE', #429, #426, #3081, .T. ) ;
#3757 = EDGE_CURVE ( 'NONE', #181, #435, #3083, .T. ) ;
#3758 = EDGE_CURVE ( 'NONE', #429, #1105, #3056, .T. ) ;
#3759 = EDGE_CURVE ( 'NONE', #431, #432, #3223, .T. ) ;
#3760 = EDGE_CURVE ( 'NONE', #428, #1099, #3225, .T. ) ;
#3761 = EDGE_CURVE ( 'NONE', #427, #1103, #3227, .T. ) ;
#3762 = EDGE_CURVE ( 'NONE', #430, #1108, #3229, .T. ) ;
#3763 = EDGE_CURVE ( 'NONE', #430, #431, #3231, .T. ) ;
#3764 = EDGE_CURVE ( 'NONE', #433, #430, #3233, .T. ) ;
#3765 = EDGE_CURVE ( 'NONE', #435, #436, #3235, .T. ) ;
#3766 = EDGE_CURVE ( 'NONE', #433, #691, #3237, .T. ) ;
#3767 = EDGE_CURVE ( 'NONE', #434, #436, #3239, .T. ) ;
#3768 = EDGE_CURVE ( 'NONE', #432, #692, #3072, .T. ) ;
#3769 = EDGE_CURVE ( 'NONE', #431, #696, #3242, .T. ) ;
#3770 = EDGE_CURVE ( 'NONE', #442, #441, #3244, .T. ) ;
#3771 = EDGE_CURVE ( 'NONE', #876, #434, #3074, .T. ) ;
#3772 = EDGE_CURVE ( 'NONE', #438, #439, #3221, .T. ) ;
#3773 = EDGE_CURVE ( 'NONE', #439, #443, #3253, .T. ) ;
#3774 = EDGE_CURVE ( 'NONE', #438, #437, #3249, .T. ) ;
#3775 = EDGE_CURVE ( 'NONE', #891, #437, #3254, .T. ) ;
#3776 = EDGE_CURVE ( 'NONE', #439, #875, #3256, .T. ) ;
#3777 = EDGE_CURVE ( 'NONE', #441, #1085, #3259, .T. ) ;
#3778 = EDGE_CURVE ( 'NONE', #440, #442, #3261, .T. ) ;
#3779 = EDGE_CURVE ( 'NONE', #1089, #440, #3260, .T. ) ;
#3780 = EDGE_CURVE ( 'NONE', #444, #435, #3264, .T. ) ;
#3781 = EDGE_CURVE ( 'NONE', #443, #445, #3251, .T. ) ;
#3782 = EDGE_CURVE ( 'NONE', #444, #443, #3263, .T. ) ;
#3783 = EDGE_CURVE ( 'NONE', #446, #445, #3267, .T. ) ;
#3784 = EDGE_CURVE ( 'NONE', #1081, #451, #3269, .T. ) ;
#3785 = EDGE_CURVE ( 'NONE', #446, #444, #3271, .T. ) ;
#3786 = EDGE_CURVE ( 'NONE', #1082, #447, #3273, .T. ) ;
#3787 = EDGE_CURVE ( 'NONE', #447, #448, #3250, .T. ) ;
#3788 = EDGE_CURVE ( 'NONE', #448, #1090, #3276, .T. ) ;
#3789 = EDGE_CURVE ( 'NONE', #450, #1067, #3279, .T. ) ;
#3790 = EDGE_CURVE ( 'NONE', #966, #965, #3278, .T. ) ;
#3791 = EDGE_CURVE ( 'NONE', #445, #438, #3280, .T. ) ;
#3792 = EDGE_CURVE ( 'NONE', #451, #449, #3282, .T. ) ;
#3793 = EDGE_CURVE ( 'NONE', #449, #450, #3281, .T. ) ;
#3794 = EDGE_CURVE ( 'NONE', #447, #1096, #3285, .T. ) ;
#3795 = EDGE_CURVE ( 'NONE', #1076, #448, #3287, .T. ) ;
#3796 = EDGE_CURVE ( 'NONE', #434, #455, #3283, .T. ) ;
#3797 = EDGE_CURVE ( 'NONE', #454, #453, #3288, .T. ) ;
#3798 = EDGE_CURVE ( 'NONE', #453, #452, #3290, .T. ) ;
#3799 = EDGE_CURVE ( 'NONE', #452, #437, #3292, .T. ) ;
#3800 = EDGE_CURVE ( 'NONE', #455, #454, #3286, .T. ) ;
#3801 = EDGE_CURVE ( 'NONE', #436, #446, #3298, .T. ) ;
#3802 = EDGE_CURVE ( 'NONE', #456, #1077, #3300, .T. ) ;
#3803 = EDGE_CURVE ( 'NONE', #458, #456, #3295, .T. ) ;
#3804 = EDGE_CURVE ( 'NONE', #1070, #450, #3301, .T. ) ;
#3805 = EDGE_CURVE ( 'NONE', #1080, #457, #3303, .T. ) ;
#3806 = EDGE_CURVE ( 'NONE', #457, #458, #3305, .T. ) ;
#3807 = EDGE_CURVE ( 'NONE', #1086, #449, #3296, .T. ) ;
#3808 = EDGE_CURVE ( 'NONE', #456, #441, #3306, .T. ) ;
#3809 = EDGE_CURVE ( 'NONE', #1075, #451, #3308, .T. ) ;
#3810 = EDGE_CURVE ( 'NONE', #890, #952, #3310, .T. ) ;
#3811 = EDGE_CURVE ( 'NONE', #968, #936, #3312, .T. ) ;
#3812 = EDGE_CURVE ( 'NONE', #459, #876, #3314, .T. ) ;
#3813 = EDGE_CURVE ( 'NONE', #460, #459, #3316, .T. ) ;
#3814 = EDGE_CURVE ( 'NONE', #967, #966, #3318, .T. ) ;
#3815 = EDGE_CURVE ( 'NONE', #458, #442, #3320, .T. ) ;
#3816 = EDGE_CURVE ( 'NONE', #457, #440, #3322, .T. ) ;
#3817 = EDGE_CURVE ( 'NONE', #973, #972, #3324, .T. ) ;
#3818 = EDGE_CURVE ( 'NONE', #462, #461, #3326, .T. ) ;
#3819 = EDGE_CURVE ( 'NONE', #461, #460, #3328, .T. ) ;
#3820 = EDGE_CURVE ( 'NONE', #891, #462, #3330, .T. ) ;
#3821 = EDGE_CURVE ( 'NONE', #465, #464, #3332, .T. ) ;
#3822 = EDGE_CURVE ( 'NONE', #968, #967, #3334, .T. ) ;
#3823 = EDGE_CURVE ( 'NONE', #463, #1088, #3336, .T. ) ;
#3824 = EDGE_CURVE ( 'NONE', #970, #969, #3338, .T. ) ;
#3825 = EDGE_CURVE ( 'NONE', #466, #465, #3340, .T. ) ;
#3826 = EDGE_CURVE ( 'NONE', #464, #463, #3342, .T. ) ;
#3827 = EDGE_CURVE ( 'NONE', #962, #968, #3344, .T. ) ;
#3828 = EDGE_CURVE ( 'NONE', #1068, #466, #3346, .T. ) ;
#3829 = EDGE_CURVE ( 'NONE', #462, #452, #3348, .T. ) ;
#3830 = EDGE_CURVE ( 'NONE', #971, #909, #3350, .T. ) ;
#3831 = EDGE_CURVE ( 'NONE', #953, #877, #3352, .T. ) ;
#3832 = EDGE_CURVE ( 'NONE', #971, #970, #3354, .T. ) ;
#3833 = CARTESIAN_POINT ( 'NONE',  ( -2.949999999999998000, -18.60000000000000100, 0.1999999999999974900 ) ) ;
#3834 = PLANE ( 'NONE',  #1723 ) ;
#3835 = DIRECTION ( 'NONE',  ( 1.000000000000000000, 0.0000000000000000000, 0.0000000000000000000 ) ) ;
#3836 = DIRECTION ( 'NONE',  ( 0.0000000000000000000, 0.0000000000000000000, -1.000000000000000000 ) ) ;
#3837 = CARTESIAN_POINT ( 'NONE',  ( -3.499999999999998700, -18.60000000000000100, 0.1999999999999979300 ) ) ;
#3838 = PLANE ( 'NONE',  #1724 ) ;
#3839 = CARTESIAN_POINT ( 'NONE',  ( -2.949999999999997500, -18.60000000000000100, -2.000000000000002700 ) ) ;
#3840 = DIRECTION ( 'NONE',  ( 0.0000000000000000000, 0.0000000000000000000, -1.000000000000000000 ) ) ;
#3841 = DIRECTION ( 'NONE',  ( -1.000000000000000000, 0.0000000000000000000, -0.0000000000000000000 ) ) ;
#3842 = CARTESIAN_POINT ( 'NONE',  ( -2.949999999999998800, -18.60000000000000100, 5.799999999999998000 ) ) ;
#3843 = PLANE ( 'NONE',  #1725 ) ;
#3844 = DIRECTION ( 'NONE',  ( -1.000000000000000000, 0.0000000000000000000, -1.971276677246371500E-016 ) ) ;
#3845 = DIRECTION ( 'NONE',  ( -1.971276677246371500E-016, 0.0000000000000000000, 1.000000000000000000 ) ) ;
#3846 = CARTESIAN_POINT ( 'NONE',  ( -2.949999999999998800, -18.60000000000000100, 7.999999999999996400 ) ) ;
#3847 = PLANE ( 'NONE',  #1726 ) ;
#3848 = DIRECTION ( 'NONE',  ( -7.885106708985472300E-016, 0.0000000000000000000, -1.000000000000000000 ) ) ;
#3849 = DIRECTION ( 'NONE',  ( -1.000000000000000000, 0.0000000000000000000, 7.885106708985472300E-016 ) ) ;
#3850 = CARTESIAN_POINT ( 'NONE',  ( -0.1000000000000000500, -17.80000000000000400, 2.249999999999997800 ) ) ;
#3851 = PLANE ( 'NONE',  #1727 ) ;
#3852 = DIRECTION ( 'NONE',  ( 0.0000000000000000000, -0.0000000000000000000, 1.000000000000000000 ) ) ;
#3853 = DIRECTION ( 'NONE',  ( 1.000000000000000000, 0.0000000000000000000, -0.0000000000000000000 ) ) ;
#3854 = CARTESIAN_POINT ( 'NONE',  ( -0.1000000000000000500, -17.80000000000000400, -0.2500000000000019400 ) ) ;
#3855 = PLANE ( 'NONE',  #1728 ) ;
#3856 = DIRECTION ( 'NONE',  ( -1.000000000000000000, 0.0000000000000000000, 0.0000000000000000000 ) ) ;
#3857 = DIRECTION ( 'NONE',  ( 0.0000000000000000000, 0.0000000000000000000, 1.000000000000000000 ) ) ;
#3858 = CARTESIAN_POINT ( 'NONE',  ( -0.1000000000000001000, -17.80000000000000400, 0.2499999999999976100 ) ) ;
#3859 = PLANE ( 'NONE',  #1729 ) ;
#3860 = DIRECTION ( 'NONE',  ( 1.000000000000000000, 0.0000000000000000000, 1.084202172485505400E-016 ) ) ;
#3861 = DIRECTION ( 'NONE',  ( 1.084202172485505400E-016, 0.0000000000000000000, -1.000000000000000000 ) ) ;
#3862 = CARTESIAN_POINT ( 'NONE',  ( 0.3999999999999999100, -17.80000000000000400, 0.2499999999999976100 ) ) ;
#3863 = PLANE ( 'NONE',  #1730 ) ;
#3864 = DIRECTION ( 'NONE',  ( 0.0000000000000000000, -1.000000000000000000, 0.0000000000000000000 ) ) ;
#3865 = DIRECTION ( 'NONE',  ( 0.0000000000000000000, -0.0000000000000000000, -1.000000000000000000 ) ) ;
#3866 = CARTESIAN_POINT ( 'NONE',  ( -0.1000000000000000500, -17.80000000000000400, -0.2500000000000019400 ) ) ;
#3867 = PLANE ( 'NONE',  #1731 ) ;
#3868 = DIRECTION ( 'NONE',  ( 0.0000000000000000000, 0.0000000000000000000, -1.000000000000000000 ) ) ;
#3869 = DIRECTION ( 'NONE',  ( -1.000000000000000000, 0.0000000000000000000, -0.0000000000000000000 ) ) ;
#3870 = CARTESIAN_POINT ( 'NONE',  ( -0.1000000000000001000, -17.80000000000000400, 0.2499999999999976100 ) ) ;
#3871 = PLANE ( 'NONE',  #1732 ) ;
#3872 = DIRECTION ( 'NONE',  ( -1.000000000000000000, 0.0000000000000000000, -4.336808689942021700E-016 ) ) ;
#3873 = DIRECTION ( 'NONE',  ( -4.336808689942021700E-016, 0.0000000000000000000, 1.000000000000000000 ) ) ;
#3874 = CARTESIAN_POINT ( 'NONE',  ( -12.99999999999999800, -9.900000000000000400, 9.000000000000001800 ) ) ;
#3875 = PLANE ( 'NONE',  #1733 ) ;
#3876 = DIRECTION ( 'NONE',  ( -0.0000000000000000000, 0.0000000000000000000, 1.000000000000000000 ) ) ;
#3877 = DIRECTION ( 'NONE',  ( 1.000000000000000000, 0.0000000000000000000, 0.0000000000000000000 ) ) ;
#3878 = CARTESIAN_POINT ( 'NONE',  ( -12.99999999999999800, -16.10000000000000100, 9.000000000000001800 ) ) ;
#3879 = PLANE ( 'NONE',  #1734 ) ;
#3880 = DIRECTION ( 'NONE',  ( 1.000000000000000000, 0.0000000000000000000, 1.084202172485505400E-016 ) ) ;
#3881 = DIRECTION ( 'NONE',  ( 1.084202172485505400E-016, 0.0000000000000000000, -1.000000000000000000 ) ) ;
#3882 = CARTESIAN_POINT ( 'NONE',  ( -3.499999999999998700, -12.60000000000000100, -2.400000000000003000 ) ) ;
#3883 = PLANE ( 'NONE',  #1735 ) ;
#3884 = DIRECTION ( 'NONE',  ( 0.0000000000000000000, 1.000000000000000000, 0.0000000000000000000 ) ) ;
#3885 = DIRECTION ( 'NONE',  ( 0.0000000000000000000, -0.0000000000000000000, 1.000000000000000000 ) ) ;
#3886 = CARTESIAN_POINT ( 'NONE',  ( -3.499999999999998700, -12.60000000000000100, 8.399999999999998600 ) ) ;
#3887 = CARTESIAN_POINT ( 'NONE',  ( -3.499999999999998700, -14.20000000000000100, 0.1999999999999973700 ) ) ;
#3888 = DIRECTION ( 'NONE',  ( 0.0000000000000000000, -1.000000000000000000, 0.0000000000000000000 ) ) ;
#3889 = DIRECTION ( 'NONE',  ( 0.0000000000000000000, -0.0000000000000000000, -1.000000000000000000 ) ) ;
#3890 = CARTESIAN_POINT ( 'NONE',  ( -2.949999999999998800, -14.20000000000000100, 5.799999999999998000 ) ) ;
#3891 = CARTESIAN_POINT ( 'NONE',  ( -3.499999999999998700, -14.20000000000000100, 5.799999999999998000 ) ) ;
#3892 = CARTESIAN_POINT ( 'NONE',  ( 1.550000000000000500, -19.10000000000000100, 5.999999999999998200 ) ) ;
#3893 = CARTESIAN_POINT ( 'NONE',  ( 1.550000000000000700, -19.10000000000000100, -1.734723475976807100E-015 ) ) ;
#3894 = CARTESIAN_POINT ( 'NONE',  ( 2.350000000000000100, -19.10000000000000100, 5.999999999999998200 ) ) ;
#3895 = CARTESIAN_POINT ( 'NONE',  ( 2.350000000000001000, -19.10000000000000100, -1.734723475976807100E-015 ) ) ;
#3896 = CARTESIAN_POINT ( 'NONE',  ( -2.949999999999998800, -14.19999999999999900, 5.449999999999998400 ) ) ;
#3897 = CARTESIAN_POINT ( 'NONE',  ( -2.449999999999998400, -17.64000000000000400, 2.199999999999998800 ) ) ;
#3898 = CARTESIAN_POINT ( 'NONE',  ( -2.449999999999998400, -15.80000000000000100, 2.199999999999998400 ) ) ;
#3899 = CARTESIAN_POINT ( 'NONE',  ( -2.449999999999998400, -17.64000000000000400, 3.799999999999998500 ) ) ;
#3900 = CARTESIAN_POINT ( 'NONE',  ( -2.449999999999998400, -15.80000000000000100, 3.799999999999998000 ) ) ;
#3901 = CARTESIAN_POINT ( 'NONE',  ( -0.09999999999999988100, -17.80000000000000400, 5.749999999999998200 ) ) ;
#3902 = CARTESIAN_POINT ( 'NONE',  ( -0.09999999999999993600, -17.80000000000000400, 6.249999999999997300 ) ) ;
#3903 = CARTESIAN_POINT ( 'NONE',  ( 0.4000000000000003000, -17.80000000000000400, 5.749999999999998200 ) ) ;
#3904 = CARTESIAN_POINT ( 'NONE',  ( 0.4000000000000000800, -17.80000000000000400, 6.249999999999997300 ) ) ;
#3905 = CARTESIAN_POINT ( 'NONE',  ( -0.09999999999999993600, -17.80000000000000400, 3.749999999999998200 ) ) ;
#3906 = CARTESIAN_POINT ( 'NONE',  ( -0.09999999999999999200, -17.80000000000000400, 4.249999999999997300 ) ) ;
#3907 = CARTESIAN_POINT ( 'NONE',  ( 0.4000000000000002400, -17.80000000000000400, 3.749999999999998200 ) ) ;
#3908 = CARTESIAN_POINT ( 'NONE',  ( 0.4000000000000000200, -17.80000000000000400, 4.249999999999997300 ) ) ;
#3909 = CARTESIAN_POINT ( 'NONE',  ( -0.1000000000000000500, -17.80000000000000400, 2.249999999999997800 ) ) ;
#3910 = CARTESIAN_POINT ( 'NONE',  ( -0.09999999999999999200, -17.80000000000000400, 1.749999999999998000 ) ) ;
#3911 = CARTESIAN_POINT ( 'NONE',  ( 0.4000000000000001900, -17.80000000000000400, 1.749999999999998000 ) ) ;
#3912 = CARTESIAN_POINT ( 'NONE',  ( 0.3999999999999999700, -17.80000000000000400, 2.249999999999997800 ) ) ;
#3913 = CARTESIAN_POINT ( 'NONE',  ( -0.1000000000000001000, -17.80000000000000400, 0.2499999999999976100 ) ) ;
#3914 = CARTESIAN_POINT ( 'NONE',  ( -0.1000000000000000500, -17.80000000000000400, -0.2500000000000019400 ) ) ;
#3915 = CARTESIAN_POINT ( 'NONE',  ( 0.4000000000000001300, -17.80000000000000400, -0.2500000000000019400 ) ) ;
#3916 = CARTESIAN_POINT ( 'NONE',  ( 0.3999999999999999100, -17.80000000000000400, 0.2499999999999976100 ) ) ;
#3917 = CARTESIAN_POINT ( 'NONE',  ( -2.999999999999999600, -9.900000000000000400, 13.00000000000000200 ) ) ;
#3918 = CARTESIAN_POINT ( 'NONE',  ( -11.00000000000000000, -9.900000000000000400, 9.000000000000001800 ) ) ;
#3919 = CARTESIAN_POINT ( 'NONE',  ( -11.00000000000000000, -9.900000000000000400, 13.00000000000000200 ) ) ;
#3920 = CARTESIAN_POINT ( 'NONE',  ( -11.00000000000000000, -16.10000000000000100, 13.00000000000000200 ) ) ;
#3921 = CARTESIAN_POINT ( 'NONE',  ( -11.00000000000000000, -16.10000000000000100, 9.000000000000001800 ) ) ;
#3922 = CARTESIAN_POINT ( 'NONE',  ( -9.100000000000001400, -11.40000000000000000, 9.000000000000001800 ) ) ;
#3923 = CARTESIAN_POINT ( 'NONE',  ( -10.00000000000000200, -14.60000000000000000, 9.000000000000001800 ) ) ;
#3924 = CARTESIAN_POINT ( 'NONE',  ( -9.100000000000001400, -14.59999999999999800, 9.000000000000001800 ) ) ;
#3925 = CARTESIAN_POINT ( 'NONE',  ( -12.99999999999999800, -14.10000000000000000, 9.000000000000001800 ) ) ;
#3926 = CARTESIAN_POINT ( 'NONE',  ( -12.99999999999999800, -11.90000000000000000, 9.000000000000001800 ) ) ;
#3927 = CARTESIAN_POINT ( 'NONE',  ( -12.99999999999999800, -14.10000000000000000, 13.00000000000000200 ) ) ;
#3928 = CARTESIAN_POINT ( 'NONE',  ( -12.99999999999999800, -11.90000000000000000, 13.00000000000000200 ) ) ;
#3929 = CARTESIAN_POINT ( 'NONE',  ( 13.00000000000000200, -14.10000000000000000, 9.000000000000001800 ) ) ;
#3930 = CARTESIAN_POINT ( 'NONE',  ( 13.00000000000000200, -11.90000000000000000, 9.000000000000001800 ) ) ;
#3931 = CARTESIAN_POINT ( 'NONE',  ( 9.999999999999998200, -14.60000000000000100, 9.000000000000001800 ) ) ;
#3932 = CARTESIAN_POINT ( 'NONE',  ( 9.100000000000001400, -14.59999999999999800, 9.000000000000001800 ) ) ;
#3933 = CARTESIAN_POINT ( 'NONE',  ( 10.00000000000000200, -11.40000000000000000, 9.000000000000001800 ) ) ;
#3934 = CARTESIAN_POINT ( 'NONE',  ( -2.999999999999997300, -15.60000000000000100, 13.00000000000000200 ) ) ;
#3935 = CARTESIAN_POINT ( 'NONE',  ( -6.499999999999997300, -15.30000000000000100, 13.00000000000000200 ) ) ;
#3936 = CARTESIAN_POINT ( 'NONE',  ( -6.499999999999998200, -10.70000000000000100, 13.00000000000000200 ) ) ;
#3937 = CARTESIAN_POINT ( 'NONE',  ( -2.999999999999999600, -10.40000000000000200, 13.00000000000000200 ) ) ;
#3938 = CARTESIAN_POINT ( 'NONE',  ( -10.00000000000000200, -14.60000000000000000, 13.00000000000000200 ) ) ;
#3939 = CARTESIAN_POINT ( 'NONE',  ( -9.100000000000001400, -11.40000000000000000, 13.00000000000000200 ) ) ;
#3940 = CARTESIAN_POINT ( 'NONE',  ( -9.100000000000001400, -14.59999999999999800, 13.00000000000000200 ) ) ;
#3941 = CARTESIAN_POINT ( 'NONE',  ( -2.999999999999999600, -10.40000000000000200, 12.70000000000000100 ) ) ;
#3942 = CARTESIAN_POINT ( 'NONE',  ( -6.499999999999997300, -10.70000000000000100, 12.70000000000000100 ) ) ;
#3943 = CARTESIAN_POINT ( 'NONE',  ( -6.499999999999997300, -15.30000000000000100, 12.70000000000000100 ) ) ;
#3944 = CARTESIAN_POINT ( 'NONE',  ( -2.999999999999997300, -15.60000000000000100, 12.70000000000000100 ) ) ;
#3945 = CARTESIAN_POINT ( 'NONE',  ( 2.999999999999999100, -15.60000000000000100, 12.70000000000000100 ) ) ;
#3946 = CARTESIAN_POINT ( 'NONE',  ( 6.499999999999999100, -15.30000000000000100, 12.70000000000000100 ) ) ;
#3947 = CARTESIAN_POINT ( 'NONE',  ( 6.500000000000000000, -10.70000000000000100, 12.70000000000000100 ) ) ;
#3948 = CARTESIAN_POINT ( 'NONE',  ( 2.999999999999999100, -10.40000000000000200, 12.70000000000000100 ) ) ;
#3949 = CARTESIAN_POINT ( 'NONE',  ( -1.849999999999998500, -18.60000000000000100, 5.449999999999998400 ) ) ;
#3950 = CARTESIAN_POINT ( 'NONE',  ( -1.849999999999998500, -15.80000000000000100, 3.799999999999998000 ) ) ;
#3951 = CARTESIAN_POINT ( 'NONE',  ( -2.949999999999997500, -18.60000000000000100, -2.000000000000002700 ) ) ;
#3952 = CARTESIAN_POINT ( 'NONE',  ( -2.949999999999998800, -14.20000000000000100, 0.1999999999999973700 ) ) ;
#3953 = CARTESIAN_POINT ( 'NONE',  ( -1.849999999999998500, -14.20000000000000100, 0.5499999999999972700 ) ) ;
#3954 = CARTESIAN_POINT ( 'NONE',  ( -2.949999999999998000, -18.60000000000000100, 0.1999999999999974900 ) ) ;
#3955 = CARTESIAN_POINT ( 'NONE',  ( -1.849999999999998500, -17.64000000000000400, 3.799999999999998500 ) ) ;
#3956 = CARTESIAN_POINT ( 'NONE',  ( -2.949999999999998800, -14.20000000000000100, 0.5499999999999972700 ) ) ;
#3957 = CARTESIAN_POINT ( 'NONE',  ( -2.949999999999998800, -18.60000000000000100, 0.5499999999999972700 ) ) ;
#3958 = CARTESIAN_POINT ( 'NONE',  ( -1.849999999999998500, -18.60000000000000100, 0.5499999999999972700 ) ) ;
#3959 = CARTESIAN_POINT ( 'NONE',  ( 0.4000000000000000200, -14.60000000000000100, 0.2499999999999976100 ) ) ;
#3960 = CARTESIAN_POINT ( 'NONE',  ( 0.4000000000000000200, -14.60000000000000100, -0.2500000000000019400 ) ) ;
#3961 = CARTESIAN_POINT ( 'NONE',  ( -1.149999999999999700, -18.60000000000000100, -1.200000000000002600 ) ) ;
#3962 = CARTESIAN_POINT ( 'NONE',  ( -1.849999999999998500, -15.80000000000000100, 2.199999999999998400 ) ) ;
#3963 = CARTESIAN_POINT ( 'NONE',  ( -1.849999999999998500, -14.19999999999999900, 5.449999999999998400 ) ) ;
#3964 = CARTESIAN_POINT ( 'NONE',  ( -0.1000000000000002100, -14.60000000000000100, -0.2500000000000019400 ) ) ;
#3965 = CARTESIAN_POINT ( 'NONE',  ( -1.849999999999998500, -17.64000000000000400, 2.199999999999998800 ) ) ;
#3966 = CARTESIAN_POINT ( 'NONE',  ( 0.5000000000000000000, -18.60000000000000100, -2.000000000000002700 ) ) ;
#3967 = CARTESIAN_POINT ( 'NONE',  ( 0.5000000000000000000, -18.60000000000000100, -1.200000000000002600 ) ) ;
#3968 = CARTESIAN_POINT ( 'NONE',  ( -1.149999999999999700, -18.60000000000000100, 7.199999999999998400 ) ) ;
#3969 = CARTESIAN_POINT ( 'NONE',  ( -2.949999999999998800, -18.60000000000000100, 5.449999999999998400 ) ) ;
#3970 = CARTESIAN_POINT ( 'NONE',  ( -1.849999999999998500, -15.80000000000000100, 3.799999999999998000 ) ) ;
#3971 = CARTESIAN_POINT ( 'NONE',  ( 0.5000000000000000000, -18.60000000000000100, -1.200000000000002400 ) ) ;
#3972 = CARTESIAN_POINT ( 'NONE',  ( -2.949999999999998800, -14.20000000000000100, 0.1999999999999973700 ) ) ;
#3973 = DIRECTION ( 'NONE',  ( -0.0000000000000000000, 1.000000000000000000, -2.356961244533703400E-016 ) ) ;
#3974 = CARTESIAN_POINT ( 'NONE',  ( -2.500000000000000000, -6.700000000000001100, 6.000000000000000000 ) ) ;
#3975 = DIRECTION ( 'NONE',  ( -0.0000000000000000000, -1.000000000000000000, -0.0000000000000000000 ) ) ;
#3976 = CARTESIAN_POINT ( 'NONE',  ( -0.6000000000000000900, 2.000000000000000000, 7.399999999999998600 ) ) ;
#3977 = DIRECTION ( 'NONE',  ( 0.0000000000000000000, -1.000000000000000000, 1.232047923278982000E-016 ) ) ;
#3978 = CARTESIAN_POINT ( 'NONE',  ( 0.4000000000000000200, 2.000000000000000000, 6.999999999999999100 ) ) ;
#3979 = CARTESIAN_POINT ( 'NONE',  ( 0.4000000000000000800, 2.000000000000000000, 7.399999999999998600 ) ) ;
#3980 = DIRECTION ( 'NONE',  ( -1.355252715606880000E-016, -0.0000000000000000000, -1.000000000000000000 ) ) ;
#3981 = CARTESIAN_POINT ( 'NONE',  ( 0.5999999999999998700, 2.000000000000000000, 7.399999999999998600 ) ) ;
#3982 = DIRECTION ( 'NONE',  ( -1.000000000000000000, -0.0000000000000000000, -0.0000000000000000000 ) ) ;
#3983 = CARTESIAN_POINT ( 'NONE',  ( -0.4000000000000000200, 2.000000000000000000, 6.999999999999999100 ) ) ;
#3984 = DIRECTION ( 'NONE',  ( -1.000000000000000000, -0.0000000000000000000, -0.0000000000000000000 ) ) ;
#3985 = DIRECTION ( 'NONE',  ( 0.4472135954999577600, -0.0000000000000000000, -0.8944271909999158600 ) ) ;
#3986 = DIRECTION ( 'NONE',  ( -1.000000000000000000, -0.0000000000000000000, -0.0000000000000000000 ) ) ;
#3987 = CARTESIAN_POINT ( 'NONE',  ( -2.949999999999997500, -18.60000000000000100, -2.000000000000002700 ) ) ;
#3988 = CARTESIAN_POINT ( 'NONE',  ( 0.0000000000000000000, 2.000000000000000000, 8.599999999999999600 ) ) ;
#3989 = CARTESIAN_POINT ( 'NONE',  ( -0.4000000000000000200, 2.000000000000000000, 7.399999999999998600 ) ) ;
#3990 = DIRECTION ( 'NONE',  ( -0.0000000000000000000, -0.0000000000000000000, 1.000000000000000000 ) ) ;
#3991 = CARTESIAN_POINT ( 'NONE',  ( -2.200000000000000200, -6.400000000000001200, 6.000000000000000000 ) ) ;
#3992 = DIRECTION ( 'NONE',  ( -0.0000000000000000000, 1.000000000000000000, -0.0000000000000000000 ) ) ;
#3993 = CARTESIAN_POINT ( 'NONE',  ( -2.500000000000000000, -7.400000000000001200, 6.000000000000000000 ) ) ;
#3994 = DIRECTION ( 'NONE',  ( 0.4472135954999579300, -0.0000000000000000000, 0.8944271909999158600 ) ) ;
#3995 = CARTESIAN_POINT ( 'NONE',  ( 2.200000000000000200, -6.400000000000001200, 6.000000000000000000 ) ) ;
#3996 = DIRECTION ( 'NONE',  ( 0.7071067811865474600, 0.7071067811865474600, -0.0000000000000000000 ) ) ;
#3997 = DIRECTION ( 'NONE',  ( 1.000000000000000000, -0.0000000000000000000, -0.0000000000000000000 ) ) ;
#3998 = DIRECTION ( 'NONE',  ( 0.7071067811865474600, -0.7071067811865474600, 0.0000000000000000000 ) ) ;
#3999 = DIRECTION ( 'NONE',  ( 1.355252715606880500E-016, -1.000000000000000000, 0.0000000000000000000 ) ) ;
#4000 = CARTESIAN_POINT ( 'NONE',  ( 2.500000000000000000, -6.700000000000001100, 6.000000000000000000 ) ) ;
#4001 = CARTESIAN_POINT ( 'NONE',  ( 3.000000000000000000, 2.000000000000000000, 6.000000000000000000 ) ) ;
#4002 = DIRECTION ( 'NONE',  ( -0.0000000000000000000, 1.000000000000000000, -0.0000000000000000000 ) ) ;
#4003 = CARTESIAN_POINT ( 'NONE',  ( 0.3999999999999999100, 0.5999999999999999800, 6.000000000000000000 ) ) ;
#4004 = DIRECTION ( 'NONE',  ( 1.000000000000000000, 0.0000000000000000000, 0.0000000000000000000 ) ) ;
#4005 = VECTOR ( 'NONE', #1830, 1000.000000000000000 ) ;
#4006 = VECTOR ( 'NONE', #1826, 1000.000000000000000 ) ;
#4007 = LINE ( 'NONE', #1823, #4008 ) ;
#4008 = VECTOR ( 'NONE', #1831, 1000.000000000000000 ) ;
#4009 = LINE ( 'NONE', #1833, #4014 ) ;
#4010 = LINE ( 'NONE', #1828, #4013 ) ;
#4011 = LINE ( 'NONE', #1827, #4012 ) ;
#4012 = VECTOR ( 'NONE', #1836, 1000.000000000000000 ) ;
#4013 = VECTOR ( 'NONE', #1832, 1000.000000000000000 ) ;
#4014 = VECTOR ( 'NONE', #1835, 1000.000000000000000 ) ;
#4015 = VECTOR ( 'NONE', #1838, 1000.000000000000000 ) ;
#4016 = LINE ( 'NONE', #1839, #4020 ) ;
#4017 = LINE ( 'NONE', #1834, #4015 ) ;
#4018 = LINE ( 'NONE', #1841, #4019 ) ;
#4019 = VECTOR ( 'NONE', #1842, 1000.000000000000000 ) ;
#4020 = VECTOR ( 'NONE', #1845, 1000.000000000000000 ) ;
#4021 = LINE ( 'NONE', #1837, #4022 ) ;
#4022 = VECTOR ( 'NONE', #1843, 1000.000000000000000 ) ;
#4023 = LINE ( 'NONE', #1846, #4026 ) ;
#4024 = FACE_BOUND ( 'NONE', #672, .T. ) ;
#4025 = FACE_OUTER_BOUND ( 'NONE', #661, .T. ) ;
#4026 = VECTOR ( 'NONE', #1848, 1000.000000000000000 ) ;
#4027 = FACE_OUTER_BOUND ( 'NONE', #676, .T. ) ;
#4028 = FACE_OUTER_BOUND ( 'NONE', #304, .T. ) ;
#4029 = FACE_OUTER_BOUND ( 'NONE', #664, .T. ) ;
#4030 = FACE_OUTER_BOUND ( 'NONE', #293, .T. ) ;
#4031 = FACE_OUTER_BOUND ( 'NONE', #300, .T. ) ;
#4032 = FACE_OUTER_BOUND ( 'NONE', #297, .T. ) ;
#4033 = FACE_OUTER_BOUND ( 'NONE', #663, .T. ) ;
#4034 = FACE_OUTER_BOUND ( 'NONE', #665, .T. ) ;
#4035 = FACE_OUTER_BOUND ( 'NONE', #586, .T. ) ;
#4036 = FACE_OUTER_BOUND ( 'NONE', #583, .T. ) ;
#4037 = FACE_OUTER_BOUND ( 'NONE', #588, .T. ) ;
#4038 = FACE_OUTER_BOUND ( 'NONE', #589, .T. ) ;
#4039 = FACE_OUTER_BOUND ( 'NONE', #662, .T. ) ;
#4040 = FACE_OUTER_BOUND ( 'NONE', #282, .T. ) ;
#4041 = FACE_OUTER_BOUND ( 'NONE', #283, .T. ) ;
#4042 = FACE_OUTER_BOUND ( 'NONE', #585, .T. ) ;
#4043 = FACE_OUTER_BOUND ( 'NONE', #584, .T. ) ;
#4044 = FACE_OUTER_BOUND ( 'NONE', #587, .T. ) ;
#4045 = FACE_OUTER_BOUND ( 'NONE', #284, .T. ) ;
#4046 = FACE_OUTER_BOUND ( 'NONE', #286, .T. ) ;
#4047 = FACE_OUTER_BOUND ( 'NONE', #287, .T. ) ;
#4048 = FACE_OUTER_BOUND ( 'NONE', #288, .T. ) ;
#4049 = FACE_OUTER_BOUND ( 'NONE', #133, .T. ) ;
#4050 = FACE_OUTER_BOUND ( 'NONE', #132, .T. ) ;
#4051 = FACE_OUTER_BOUND ( 'NONE', #289, .T. ) ;
#4052 = FACE_OUTER_BOUND ( 'NONE', #134, .T. ) ;
#4053 = FACE_OUTER_BOUND ( 'NONE', #285, .T. ) ;
#4054 = FACE_OUTER_BOUND ( 'NONE', #571, .T. ) ;
#4055 = FACE_OUTER_BOUND ( 'NONE', #572, .T. ) ;
#4056 = FACE_OUTER_BOUND ( 'NONE', #573, .T. ) ;
#4057 = FACE_OUTER_BOUND ( 'NONE', #576, .T. ) ;
#4058 = FACE_OUTER_BOUND ( 'NONE', #575, .T. ) ;
#4059 = FACE_OUTER_BOUND ( 'NONE', #577, .T. ) ;
#4060 = FACE_OUTER_BOUND ( 'NONE', #579, .T. ) ;
#4061 = FACE_OUTER_BOUND ( 'NONE', #281, .T. ) ;
#4062 = FACE_OUTER_BOUND ( 'NONE', #578, .T. ) ;
#4063 = FACE_OUTER_BOUND ( 'NONE', #1537, .T. ) ;
#4064 = FACE_OUTER_BOUND ( 'NONE', #724, .T. ) ;
#4065 = FACE_OUTER_BOUND ( 'NONE', #1535, .T. ) ;
#4066 = FACE_OUTER_BOUND ( 'NONE', #1536, .T. ) ;
#4067 = FACE_OUTER_BOUND ( 'NONE', #302, .T. ) ;
#4068 = CYLINDRICAL_SURFACE ( 'NONE', #1773, 1.600000000000000800 ) ;
#4069 = FACE_OUTER_BOUND ( 'NONE', #301, .T. ) ;
#4070 = CYLINDRICAL_SURFACE ( 'NONE', #1774, 1.599999999999998100 ) ;
#4071 = FACE_OUTER_BOUND ( 'NONE', #291, .T. ) ;
#4072 = FACE_BOUND ( 'NONE', #290, .T. ) ;
#4073 = FACE_OUTER_BOUND ( 'NONE', #292, .T. ) ;
#4074 = FACE_BOUND ( 'NONE', #303, .T. ) ;
#4075 = LINE ( 'NONE', #2195, #2312 ) ;
#4076 = FACE_BOUND ( 'NONE', #4188, .T. ) ;
#4077 = FACE_OUTER_BOUND ( 'NONE', #673, .T. ) ;
#4078 = FACE_BOUND ( 'NONE', #667, .T. ) ;
#4079 = LINE ( 'NONE', #2201, #2317 ) ;
#4080 = FACE_OUTER_BOUND ( 'NONE', #306, .T. ) ;
#4081 = FACE_OUTER_BOUND ( 'NONE', #307, .T. ) ;
#4082 = FACE_BOUND ( 'NONE', #666, .T. ) ;
#4083 = FACE_BOUND ( 'NONE', #669, .T. ) ;
#4084 = FACE_BOUND ( 'NONE', #4187, .T. ) ;
#4085 = FACE_OUTER_BOUND ( 'NONE', #4189, .T. ) ;
#4086 = FACE_OUTER_BOUND ( 'NONE', #305, .T. ) ;
#4087 = LINE ( 'NONE', #2196, #4088 ) ;
#4088 = VECTOR ( 'NONE', #2197, 1000.000000000000000 ) ;
#4089 = DIRECTION ( 'NONE',  ( 0.0000000000000000000, -1.000000000000000000, 2.356961244533703400E-016 ) ) ;
#4090 = CARTESIAN_POINT ( 'NONE',  ( -2.449999999999998400, -15.80000000000000100, 2.199999999999998400 ) ) ;
#4091 = PLANE ( 'NONE',  #1703 ) ;
#4092 = DIRECTION ( 'NONE',  ( 0.0000000000000000000, 1.000000000000000000, -0.0000000000000000000 ) ) ;
#4093 = DIRECTION ( 'NONE',  ( 0.0000000000000000000, 0.0000000000000000000, 1.000000000000000000 ) ) ;
#4094 = CARTESIAN_POINT ( 'NONE',  ( -2.449999999999998400, -17.64000000000000400, 2.199999999999998800 ) ) ;
#4095 = PLANE ( 'NONE',  #1704 ) ;
#4096 = CARTESIAN_POINT ( 'NONE',  ( -2.449999999999998400, -15.80000000000000100, 3.799999999999998000 ) ) ;
#4097 = DIRECTION ( 'NONE',  ( 0.0000000000000000000, -2.356961244533703400E-016, -1.000000000000000000 ) ) ;
#4098 = DIRECTION ( 'NONE',  ( 0.0000000000000000000, 1.000000000000000000, -2.356961244533703400E-016 ) ) ;
#4099 = CARTESIAN_POINT ( 'NONE',  ( -0.09999999999999993600, -17.80000000000000400, 6.249999999999997300 ) ) ;
#4100 = PLANE ( 'NONE',  #1705 ) ;
#4101 = DIRECTION ( 'NONE',  ( 0.0000000000000000000, -1.000000000000000000, 0.0000000000000000000 ) ) ;
#4102 = DIRECTION ( 'NONE',  ( 0.0000000000000000000, -0.0000000000000000000, -1.000000000000000000 ) ) ;
#4103 = CARTESIAN_POINT ( 'NONE',  ( -0.09999999999999988100, -17.80000000000000400, 5.749999999999998200 ) ) ;
#4104 = PLANE ( 'NONE',  #1706 ) ;
#4105 = DIRECTION ( 'NONE',  ( -1.000000000000000000, 0.0000000000000000000, 0.0000000000000000000 ) ) ;
#4106 = DIRECTION ( 'NONE',  ( 0.0000000000000000000, 0.0000000000000000000, 1.000000000000000000 ) ) ;
#4107 = CARTESIAN_POINT ( 'NONE',  ( 3.000000000000000000, 2.000000000000000000, -3.700000000000002000 ) ) ;
#4108 = PLANE ( 'NONE',  #1707 ) ;
#4109 = DIRECTION ( 'NONE',  ( 1.000000000000000000, 0.0000000000000000000, 1.084202172485505400E-016 ) ) ;
#4110 = DIRECTION ( 'NONE',  ( 1.084202172485505400E-016, 0.0000000000000000000, -1.000000000000000000 ) ) ;
#4111 = PLANE ( 'NONE',  #1710 ) ;
#4112 = PLANE ( 'NONE',  #1708 ) ;
#4113 = DIRECTION ( 'NONE',  ( -0.0000000000000000000, 0.0000000000000000000, 1.000000000000000000 ) ) ;
#4114 = DIRECTION ( 'NONE',  ( 1.000000000000000000, 0.0000000000000000000, 0.0000000000000000000 ) ) ;
#4115 = PLANE ( 'NONE',  #1709 ) ;
#4116 = CARTESIAN_POINT ( 'NONE',  ( 3.000000000000000000, 2.000000000000000000, 0.0000000000000000000 ) ) ;
#4117 = DIRECTION ( 'NONE',  ( 0.0000000000000000000, -3.872150616019658300E-017, 1.000000000000000000 ) ) ;
#4118 = DIRECTION ( 'NONE',  ( 0.0000000000000000000, -1.000000000000000000, -3.872150616019658300E-017 ) ) ;
#4119 = CARTESIAN_POINT ( 'NONE',  ( 3.000000000000000000, -6.400000000000001200, 0.0000000000000000000 ) ) ;
#4120 = CARTESIAN_POINT ( 'NONE',  ( -0.4000000000000001300, 0.5999999999999999800, -0.1000000000000000100 ) ) ;
#4121 = DIRECTION ( 'NONE',  ( 0.0000000000000000000, -1.000000000000000000, 0.0000000000000000000 ) ) ;
#4122 = DIRECTION ( 'NONE',  ( 0.0000000000000000000, -0.0000000000000000000, -1.000000000000000000 ) ) ;
#4123 = PLANE ( 'NONE',  #1711 ) ;
#4124 = CARTESIAN_POINT ( 'NONE',  ( 3.000000000000000000, -6.400000000000001200, 0.0000000000000000000 ) ) ;
#4125 = DIRECTION ( 'NONE',  ( 0.0000000000000000000, 0.0000000000000000000, -1.000000000000000000 ) ) ;
#4126 = DIRECTION ( 'NONE',  ( -1.000000000000000000, 0.0000000000000000000, -0.0000000000000000000 ) ) ;
#4127 = CARTESIAN_POINT ( 'NONE',  ( -1.149999999999999700, -14.60000000000000100, -1.200000000000002600 ) ) ;
#4128 = PLANE ( 'NONE',  #1712 ) ;
#4129 = DIRECTION ( 'NONE',  ( 1.000000000000000000, -0.0000000000000000000, 0.0000000000000000000 ) ) ;
#4130 = DIRECTION ( 'NONE',  ( 0.0000000000000000000, 0.0000000000000000000, -1.000000000000000000 ) ) ;
#4131 = CARTESIAN_POINT ( 'NONE',  ( -3.000000000000000000, -6.400000000000001200, 0.0000000000000000000 ) ) ;
#4132 = PLANE ( 'NONE',  #1713 ) ;
#4133 = DIRECTION ( 'NONE',  ( -1.000000000000000000, -1.355252715606880500E-016, 0.0000000000000000000 ) ) ;
#4134 = DIRECTION ( 'NONE',  ( 1.355252715606880500E-016, -1.000000000000000000, 0.0000000000000000000 ) ) ;
#4135 = CARTESIAN_POINT ( 'NONE',  ( 3.000000000000000000, -6.400000000000001200, 6.000000000000000000 ) ) ;
#4136 = PLANE ( 'NONE',  #1714 ) ;
#4137 = DIRECTION ( 'NONE',  ( -1.000000000000000000, 0.0000000000000000000, 0.0000000000000000000 ) ) ;
#4138 = DIRECTION ( 'NONE',  ( 0.0000000000000000000, 0.0000000000000000000, 1.000000000000000000 ) ) ;
#4139 = CARTESIAN_POINT ( 'NONE',  ( 1.550000000000000300, -14.60000000000000100, -1.200000000000002600 ) ) ;
#4140 = PLANE ( 'NONE',  #1715 ) ;
#4141 = DIRECTION ( 'NONE',  ( 1.000000000000000000, -0.0000000000000000000, 0.0000000000000000000 ) ) ;
#4142 = DIRECTION ( 'NONE',  ( 0.0000000000000000000, 0.0000000000000000000, -1.000000000000000000 ) ) ;
#4143 = CARTESIAN_POINT ( 'NONE',  ( -1.149999999999999700, -14.60000000000000100, -1.200000000000002600 ) ) ;
#4144 = PLANE ( 'NONE',  #1716 ) ;
#4145 = DIRECTION ( 'NONE',  ( 0.0000000000000000000, -1.000000000000000000, 0.0000000000000000000 ) ) ;
#4146 = DIRECTION ( 'NONE',  ( 0.0000000000000000000, -0.0000000000000000000, -1.000000000000000000 ) ) ;
#4147 = CARTESIAN_POINT ( 'NONE',  ( 1.550000000000000300, -19.10000000000000100, 5.999999999999998200 ) ) ;
#4148 = PLANE ( 'NONE',  #1717 ) ;
#4149 = DIRECTION ( 'NONE',  ( 1.000000000000000000, 0.0000000000000000000, -2.581433744013105600E-017 ) ) ;
#4150 = DIRECTION ( 'NONE',  ( -2.581433744013105600E-017, 0.0000000000000000000, -1.000000000000000000 ) ) ;
#4151 = CARTESIAN_POINT ( 'NONE',  ( 2.350000000000000100, -19.10000000000000100, 5.999999999999998200 ) ) ;
#4152 = PLANE ( 'NONE',  #1718 ) ;
#4153 = DIRECTION ( 'NONE',  ( 0.0000000000000000000, 0.0000000000000000000, -1.000000000000000000 ) ) ;
#4154 = DIRECTION ( 'NONE',  ( -1.000000000000000000, 0.0000000000000000000, -0.0000000000000000000 ) ) ;
#4155 = CARTESIAN_POINT ( 'NONE',  ( 1.550000000000000700, -19.10000000000000100, -1.734723475976807100E-015 ) ) ;
#4156 = PLANE ( 'NONE',  #1719 ) ;
#4157 = DIRECTION ( 'NONE',  ( 0.0000000000000000000, 0.0000000000000000000, 1.000000000000000000 ) ) ;
#4158 = DIRECTION ( 'NONE',  ( 1.000000000000000000, 0.0000000000000000000, -0.0000000000000000000 ) ) ;
#4159 = CARTESIAN_POINT ( 'NONE',  ( 1.550000000000000700, -19.10000000000000100, -1.734723475976807100E-015 ) ) ;
#4160 = PLANE ( 'NONE',  #1720 ) ;
#4161 = DIRECTION ( 'NONE',  ( 1.000000000000000000, -0.0000000000000000000, 1.445602896647339200E-016 ) ) ;
#4162 = DIRECTION ( 'NONE',  ( 1.445602896647339200E-016, 0.0000000000000000000, -1.000000000000000000 ) ) ;
#4163 = CARTESIAN_POINT ( 'NONE',  ( 0.5000000000000000000, -18.60000000000000100, -2.000000000000002700 ) ) ;
#4164 = PLANE ( 'NONE',  #1721 ) ;
#4165 = DIRECTION ( 'NONE',  ( 0.0000000000000000000, 0.0000000000000000000, -1.000000000000000000 ) ) ;
#4166 = DIRECTION ( 'NONE',  ( -1.000000000000000000, 0.0000000000000000000, -0.0000000000000000000 ) ) ;
#4167 = CARTESIAN_POINT ( 'NONE',  ( -2.999999999999997300, -16.10000000000000100, 13.00000000000000200 ) ) ;
#4168 = PLANE ( 'NONE',  #1722 ) ;
#4169 = DIRECTION ( 'NONE',  ( 0.0000000000000000000, -1.000000000000000000, 0.0000000000000000000 ) ) ;
#4170 = ORIENTED_EDGE ( 'NONE', *, *, #3820, .F. ) ;
#4171 = ORIENTED_EDGE ( 'NONE', *, *, #783, .T. ) ;
#4172 = ORIENTED_EDGE ( 'NONE', *, *, #3810, .T. ) ;
#4173 = ORIENTED_EDGE ( 'NONE', *, *, #3684, .T. ) ;
#4174 = ORIENTED_EDGE ( 'NONE', *, *, #3823, .F. ) ;
#4175 = ORIENTED_EDGE ( 'NONE', *, *, #3826, .F. ) ;
#4176 = ORIENTED_EDGE ( 'NONE', *, *, #3821, .F. ) ;
#4177 = ORIENTED_EDGE ( 'NONE', *, *, #3825, .F. ) ;
#4178 = ORIENTED_EDGE ( 'NONE', *, *, #3828, .F. ) ;
#4179 = ORIENTED_EDGE ( 'NONE', *, *, #3688, .T. ) ;
#4180 = ORIENTED_EDGE ( 'NONE', *, *, #3831, .T. ) ;
#4181 = ORIENTED_EDGE ( 'NONE', *, *, #3682, .F. ) ;
#4182 = ORIENTED_EDGE ( 'NONE', *, *, #3618, .F. ) ;
#4183 = ORIENTED_EDGE ( 'NONE', *, *, #3542, .T. ) ;
#4184 = ORIENTED_EDGE ( 'NONE', *, *, #3603, .T. ) ;
#4185 = ORIENTED_EDGE ( 'NONE', *, *, #3601, .T. ) ;
#4186 = ORIENTED_EDGE ( 'NONE', *, *, #3564, .F. ) ;
#4187 = EDGE_LOOP ( 'NONE', ( #1319, #1320, #1321, #1322 ) ) ;
#4188 = EDGE_LOOP ( 'NONE', ( #989, #988, #4186, #4182 ) ) ;
#4189 = EDGE_LOOP ( 'NONE', ( #1327, #1328, #1329, #1330 ) ) ;
#4190 = ORIENTED_EDGE ( 'NONE', *, *, #3802, .F. ) ;
#4191 = ORIENTED_EDGE ( 'NONE', *, *, #3807, .T. ) ;
#4192 = ORIENTED_EDGE ( 'NONE', *, *, #3808, .T. ) ;
#4193 = ORIENTED_EDGE ( 'NONE', *, *, #3628, .F. ) ;
#4194 = ORIENTED_EDGE ( 'NONE', *, *, #3770, .T. ) ;
#4195 = ORIENTED_EDGE ( 'NONE', *, *, #3777, .T. ) ;
ENDSEC;
END-ISO-10303-21;
