ISO-10303-21;
HEADER;
FILE_DESCRIPTION (( 'STEP AP203' ),
    '1' );
FILE_NAME ('cx-411.STEP',
    '2008-09-10T00:43:16',
    ( ' ' ),
    ( ' ' ),
    'SwSTEP 2.0',
    'SolidWorks 2007',
    '' );
FILE_SCHEMA (( 'CONFIG_CONTROL_DESIGN' ));
ENDSEC;

DATA;
#1 = ORIENTED_EDGE ( 'NONE', *, *, #70, .T. ) ;
#2 = VERTEX_POINT ( 'NONE', #712 ) ;
#3 = ORIENTED_EDGE ( 'NONE', *, *, #4, .T. ) ;
#4 = EDGE_CURVE ( 'NONE', #6, #2, #711, .T. ) ;
#5 = VERTEX_POINT ( 'NONE', #855 ) ;
#6 = VERTEX_POINT ( 'NONE', #854 ) ;
#7 = EDGE_CURVE ( 'NONE', #6, #5, #852, .T. ) ;
#8 = ORIENTED_EDGE ( 'NONE', *, *, #7, .F. ) ;
#9 = ADVANCED_FACE ( 'NONE', ( #853 ), #845, .T. ) ;
#10 = ORIENTED_EDGE ( 'NONE', *, *, #93, .T. ) ;
#11 = VERTEX_POINT ( 'NONE', #846 ) ;
#12 = EDGE_CURVE ( 'NONE', #2843, #11, #840, .T. ) ;
#13 = ORIENTED_EDGE ( 'NONE', *, *, #12, .F. ) ;
#14 = EDGE_LOOP ( 'NONE', ( #8, #3, #1, #72 ) ) ;
#15 = EDGE_CURVE ( 'NONE', #2800, #16, #841, .T. ) ;
#16 = VERTEX_POINT ( 'NONE', #832 ) ;
#17 = ORIENTED_EDGE ( 'NONE', *, *, #15, .F. ) ;
#18 = ORIENTED_EDGE ( 'NONE', *, *, #19, .T. ) ;
#19 = EDGE_CURVE ( 'NONE', #20, #51, #831, .T. ) ;
#20 = VERTEX_POINT ( 'NONE', #827 ) ;
#21 = ORIENTED_EDGE ( 'NONE', *, *, #50, .T. ) ;
#22 = ORIENTED_EDGE ( 'NONE', *, *, #23, .F. ) ;
#23 = EDGE_CURVE ( 'NONE', #24, #62, #826, .T. ) ;
#24 = VERTEX_POINT ( 'NONE', #725 ) ;
#25 = ORIENTED_EDGE ( 'NONE', *, *, #26, .F. ) ;
#26 = EDGE_CURVE ( 'NONE', #20, #24, #724, .T. ) ;
#27 = EDGE_LOOP ( 'NONE', ( #33, #34, #35, #36, #39, #42, #2945, #2953, #2763, #2939, #2840, #2950, #2957, #2960 ) ) ;
#28 = ORIENTED_EDGE ( 'NONE', *, *, #105, .F. ) ;
#29 = EDGE_CURVE ( 'NONE', #106, #30, #719, .T. ) ;
#30 = VERTEX_POINT ( 'NONE', #718 ) ;
#31 = ORIENTED_EDGE ( 'NONE', *, *, #107, .F. ) ;
#32 = ADVANCED_FACE ( 'NONE', ( #703 ), #702, .T. ) ;
#33 = ORIENTED_EDGE ( 'NONE', *, *, #23, .T. ) ;
#34 = ORIENTED_EDGE ( 'NONE', *, *, #61, .T. ) ;
#35 = ORIENTED_EDGE ( 'NONE', *, *, #59, .T. ) ;
#36 = ORIENTED_EDGE ( 'NONE', *, *, #37, .F. ) ;
#37 = EDGE_CURVE ( 'NONE', #38, #57, #691, .T. ) ;
#38 = VERTEX_POINT ( 'NONE', #738 ) ;
#39 = ORIENTED_EDGE ( 'NONE', *, *, #40, .T. ) ;
#40 = EDGE_CURVE ( 'NONE', #38, #41, #737, .T. ) ;
#41 = VERTEX_POINT ( 'NONE', #736 ) ;
#42 = ORIENTED_EDGE ( 'NONE', *, *, #43, .F. ) ;
#43 = EDGE_CURVE ( 'NONE', #44, #41, #910, .T. ) ;
#44 = VERTEX_POINT ( 'NONE', #906 ) ;
#45 = ORIENTED_EDGE ( 'NONE', *, *, #46, .T. ) ;
#46 = EDGE_CURVE ( 'NONE', #51, #52, #905, .T. ) ;
#47 = ADVANCED_FACE ( 'NONE', ( #901 ), #900, .T. ) ;
#48 = EDGE_LOOP ( 'NONE', ( #49, #45, #28, #104, #31, #108 ) ) ;
#49 = ORIENTED_EDGE ( 'NONE', *, *, #50, .F. ) ;
#50 = EDGE_CURVE ( 'NONE', #51, #62, #895, .T. ) ;
#51 = VERTEX_POINT ( 'NONE', #890 ) ;
#52 = VERTEX_POINT ( 'NONE', #889 ) ;
#53 = EDGE_CURVE ( 'NONE', #62, #54, #758, .T. ) ;
#54 = VERTEX_POINT ( 'NONE', #754 ) ;
#55 = ORIENTED_EDGE ( 'NONE', *, *, #56, .F. ) ;
#56 = EDGE_CURVE ( 'NONE', #57, #54, #753, .T. ) ;
#57 = VERTEX_POINT ( 'NONE', #748 ) ;
#58 = ORIENTED_EDGE ( 'NONE', *, *, #59, .F. ) ;
#59 = EDGE_CURVE ( 'NONE', #63, #57, #746, .T. ) ;
#60 = ORIENTED_EDGE ( 'NONE', *, *, #61, .F. ) ;
#61 = EDGE_CURVE ( 'NONE', #62, #63, #1083, .T. ) ;
#62 = VERTEX_POINT ( 'NONE', #1081 ) ;
#63 = VERTEX_POINT ( 'NONE', #955 ) ;
#64 = ORIENTED_EDGE ( 'NONE', *, *, #53, .T. ) ;
#65 = ADVANCED_FACE ( 'NONE', ( #969 ), #1082, .T. ) ;
#66 = EDGE_CURVE ( 'NONE', #103, #69, #925, .T. ) ;
#67 = EDGE_LOOP ( 'NONE', ( #60, #64, #55, #58 ) ) ;
#68 = ORIENTED_EDGE ( 'NONE', *, *, #66, .F. ) ;
#69 = VERTEX_POINT ( 'NONE', #956 ) ;
#70 = EDGE_CURVE ( 'NONE', #2, #71, #1002, .T. ) ;
#71 = VERTEX_POINT ( 'NONE', #1003 ) ;
#72 = ORIENTED_EDGE ( 'NONE', *, *, #73, .F. ) ;
#73 = EDGE_CURVE ( 'NONE', #5, #71, #946, .T. ) ;
#74 = ADVANCED_FACE ( 'NONE', ( #932 ), #927, .F. ) ;
#75 = EDGE_LOOP ( 'NONE', ( #81, #85, #88, #91 ) ) ;
#76 = ORIENTED_EDGE ( 'NONE', *, *, #77, .T. ) ;
#77 = EDGE_CURVE ( 'NONE', #102, #78, #993, .T. ) ;
#78 = VERTEX_POINT ( 'NONE', #1043 ) ;
#79 = ORIENTED_EDGE ( 'NONE', *, *, #80, .T. ) ;
#80 = EDGE_CURVE ( 'NONE', #78, #69, #976, .T. ) ;
#81 = ORIENTED_EDGE ( 'NONE', *, *, #82, .F. ) ;
#82 = EDGE_CURVE ( 'NONE', #83, #84, #1036, .T. ) ;
#83 = VERTEX_POINT ( 'NONE', #960 ) ;
#84 = VERTEX_POINT ( 'NONE', #959 ) ;
#85 = ORIENTED_EDGE ( 'NONE', *, *, #86, .T. ) ;
#86 = EDGE_CURVE ( 'NONE', #83, #87, #968, .T. ) ;
#87 = VERTEX_POINT ( 'NONE', #964 ) ;
#88 = ORIENTED_EDGE ( 'NONE', *, *, #89, .T. ) ;
#89 = EDGE_CURVE ( 'NONE', #87, #90, #1088, .T. ) ;
#90 = VERTEX_POINT ( 'NONE', #962 ) ;
#91 = ORIENTED_EDGE ( 'NONE', *, *, #92, .F. ) ;
#92 = EDGE_CURVE ( 'NONE', #84, #90, #1019, .T. ) ;
#93 = EDGE_CURVE ( 'NONE', #2843, #94, #931, .T. ) ;
#94 = VERTEX_POINT ( 'NONE', #926 ) ;
#95 = ORIENTED_EDGE ( 'NONE', *, *, #96, .T. ) ;
#96 = EDGE_CURVE ( 'NONE', #94, #97, #975, .T. ) ;
#97 = VERTEX_POINT ( 'NONE', #970 ) ;
#98 = ADVANCED_FACE ( 'NONE', ( #1023 ), #1022, .F. ) ;
#99 = EDGE_LOOP ( 'NONE', ( #100, #76, #79, #68 ) ) ;
#100 = ORIENTED_EDGE ( 'NONE', *, *, #101, .F. ) ;
#101 = EDGE_CURVE ( 'NONE', #102, #103, #1041, .T. ) ;
#102 = VERTEX_POINT ( 'NONE', #1042 ) ;
#103 = VERTEX_POINT ( 'NONE', #949 ) ;
#104 = ORIENTED_EDGE ( 'NONE', *, *, #29, .T. ) ;
#105 = EDGE_CURVE ( 'NONE', #106, #52, #948, .T. ) ;
#106 = VERTEX_POINT ( 'NONE', #947 ) ;
#107 = EDGE_CURVE ( 'NONE', #54, #30, #1005, .T. ) ;
#108 = ORIENTED_EDGE ( 'NONE', *, *, #53, .F. ) ;
#109 = ADVANCED_FACE ( 'NONE', ( #991 ), #1006, .T. ) ;
#110 = EDGE_LOOP ( 'NONE', ( #18, #21, #22, #25 ) ) ;
#111 = ORIENTED_EDGE ( 'NONE', *, *, #246, .T. ) ;
#112 = ORIENTED_EDGE ( 'NONE', *, *, #113, .T. ) ;
#113 = EDGE_CURVE ( 'NONE', #306, #307, #939, .T. ) ;
#114 = ORIENTED_EDGE ( 'NONE', *, *, #115, .T. ) ;
#115 = EDGE_CURVE ( 'NONE', #307, #2956, #1014, .T. ) ;
#116 = ORIENTED_EDGE ( 'NONE', *, *, #2955, .T. ) ;
#117 = ORIENTED_EDGE ( 'NONE', *, *, #118, .T. ) ;
#118 = EDGE_CURVE ( 'NONE', #2949, #2880, #958, .T. ) ;
#119 = ORIENTED_EDGE ( 'NONE', *, *, #120, .F. ) ;
#120 = EDGE_CURVE ( 'NONE', #2776, #2888, #1094, .T. ) ;
#121 = ORIENTED_EDGE ( 'NONE', *, *, #2775, .F. ) ;
#122 = ORIENTED_EDGE ( 'NONE', *, *, #105, .T. ) ;
#123 = ADVANCED_FACE ( 'NONE', ( #1093 ), #1028, .F. ) ;
#124 = EDGE_LOOP ( 'NONE', ( #156, #295, #111, #214 ) ) ;
#125 = ORIENTED_EDGE ( 'NONE', *, *, #56, .T. ) ;
#126 = EDGE_LOOP ( 'NONE', ( #276, #277, #112, #114, #116, #117 ) ) ;
#127 = ORIENTED_EDGE ( 'NONE', *, *, #77, .F. ) ;
#128 = ORIENTED_EDGE ( 'NONE', *, *, #2811, .T. ) ;
#129 = ORIENTED_EDGE ( 'NONE', *, *, #130, .T. ) ;
#130 = EDGE_CURVE ( 'NONE', #2809, #38, #935, .T. ) ;
#131 = ORIENTED_EDGE ( 'NONE', *, *, #37, .T. ) ;
#132 = ORIENTED_EDGE ( 'NONE', *, *, #2961, .T. ) ;
#133 = ORIENTED_EDGE ( 'NONE', *, *, #2958, .T. ) ;
#134 = ORIENTED_EDGE ( 'NONE', *, *, #115, .F. ) ;
#135 = ORIENTED_EDGE ( 'NONE', *, *, #159, .T. ) ;
#136 = EDGE_CURVE ( 'NONE', #3005, #137, #934, .T. ) ;
#137 = VERTEX_POINT ( 'NONE', #1073 ) ;
#138 = ADVANCED_FACE ( 'NONE', ( #1072 ), #1071, .T. ) ;
#139 = EDGE_LOOP ( 'NONE', ( #140, #141, #142, #144 ) ) ;
#140 = ORIENTED_EDGE ( 'NONE', *, *, #120, .T. ) ;
#141 = ORIENTED_EDGE ( 'NONE', *, *, #2887, .T. ) ;
#142 = ORIENTED_EDGE ( 'NONE', *, *, #143, .F. ) ;
#143 = EDGE_CURVE ( 'NONE', #2779, #2885, #1070, .T. ) ;
#144 = ORIENTED_EDGE ( 'NONE', *, *, #2778, .F. ) ;
#145 = ORIENTED_EDGE ( 'NONE', *, *, #2772, .F. ) ;
#146 = ADVANCED_FACE ( 'NONE', ( #1050 ), #1049, .T. ) ;
#147 = EDGE_LOOP ( 'NONE', ( #208, #209, #119, #121 ) ) ;
#148 = ADVANCED_FACE ( 'NONE', ( #1048 ), #1062, .T. ) ;
#149 = EDGE_LOOP ( 'NONE', ( #150, #332, #333, #271 ) ) ;
#150 = ORIENTED_EDGE ( 'NONE', *, *, #130, .F. ) ;
#151 = VERTEX_POINT ( 'NONE', #1159 ) ;
#152 = ORIENTED_EDGE ( 'NONE', *, *, #153, .T. ) ;
#153 = EDGE_CURVE ( 'NONE', #151, #2874, #1174, .T. ) ;
#154 = ORIENTED_EDGE ( 'NONE', *, *, #2899, .T. ) ;
#155 = ADVANCED_FACE ( 'NONE', ( #1175 ), #1218, .T. ) ;
#156 = ORIENTED_EDGE ( 'NONE', *, *, #2966, .F. ) ;
#157 = ORIENTED_EDGE ( 'NONE', *, *, #26, .T. ) ;
#158 = ORIENTED_EDGE ( 'NONE', *, *, #159, .F. ) ;
#159 = EDGE_CURVE ( 'NONE', #307, #24, #1216, .T. ) ;
#160 = EDGE_LOOP ( 'NONE', ( #161, #152, #154 ) ) ;
#161 = ORIENTED_EDGE ( 'NONE', *, *, #162, .T. ) ;
#162 = EDGE_CURVE ( 'NONE', #2753, #151, #1106, .T. ) ;
#163 = ADVANCED_FACE ( 'NONE', ( #1199 ), #1109, .T. ) ;
#164 = EDGE_LOOP ( 'NONE', ( #165, #200, #202, #203 ) ) ;
#165 = ORIENTED_EDGE ( 'NONE', *, *, #197, .F. ) ;
#166 = EDGE_CURVE ( 'NONE', #2924, #2838, #1112, .T. ) ;
#167 = ORIENTED_EDGE ( 'NONE', *, *, #326, .F. ) ;
#168 = ADVANCED_FACE ( 'NONE', ( #1111 ), #1122, .T. ) ;
#169 = EDGE_LOOP ( 'NONE', ( #170, #171, #172, #174 ) ) ;
#170 = ORIENTED_EDGE ( 'NONE', *, *, #166, .T. ) ;
#171 = ORIENTED_EDGE ( 'NONE', *, *, #2837, .T. ) ;
#172 = ORIENTED_EDGE ( 'NONE', *, *, #173, .F. ) ;
#173 = EDGE_CURVE ( 'NONE', #2925, #2761, #1253, .T. ) ;
#174 = ORIENTED_EDGE ( 'NONE', *, *, #2923, .F. ) ;
#175 = ADVANCED_FACE ( 'NONE', ( #1098 ), #1148, .F. ) ;
#176 = ADVANCED_FACE ( 'NONE', ( #1149 ), #1191, .F. ) ;
#177 = ORIENTED_EDGE ( 'NONE', *, *, #2981, .F. ) ;
#178 = ORIENTED_EDGE ( 'NONE', *, *, #66, .T. ) ;
#179 = ORIENTED_EDGE ( 'NONE', *, *, #3037, .T. ) ;
#180 = ORIENTED_EDGE ( 'NONE', *, *, #181, .T. ) ;
#181 = EDGE_CURVE ( 'NONE', #137, #2964, #1118, .T. ) ;
#182 = ORIENTED_EDGE ( 'NONE', *, *, #93, .F. ) ;
#183 = ORIENTED_EDGE ( 'NONE', *, *, #355, .T. ) ;
#184 = ADVANCED_FACE ( 'NONE', ( #1155 ), #1104, .F. ) ;
#185 = EDGE_LOOP ( 'NONE', ( #186, #187, #188, #191, #194 ) ) ;
#186 = ORIENTED_EDGE ( 'NONE', *, *, #2930, .T. ) ;
#187 = ORIENTED_EDGE ( 'NONE', *, *, #2764, .F. ) ;
#188 = ORIENTED_EDGE ( 'NONE', *, *, #189, .F. ) ;
#189 = EDGE_CURVE ( 'NONE', #190, #2954, #1208, .T. ) ;
#190 = VERTEX_POINT ( 'NONE', #1194 ) ;
#191 = ORIENTED_EDGE ( 'NONE', *, *, #192, .F. ) ;
#192 = EDGE_CURVE ( 'NONE', #193, #190, #1193, .T. ) ;
#193 = VERTEX_POINT ( 'NONE', #1201 ) ;
#194 = ORIENTED_EDGE ( 'NONE', *, *, #195, .T. ) ;
#195 = EDGE_CURVE ( 'NONE', #193, #2828, #1200, .T. ) ;
#196 = EDGE_LOOP ( 'NONE', ( #318, #247, #248, #249, #251, #266 ) ) ;
#197 = EDGE_CURVE ( 'NONE', #198, #199, #1170, .T. ) ;
#198 = VERTEX_POINT ( 'NONE', #1162 ) ;
#199 = VERTEX_POINT ( 'NONE', #1161 ) ;
#200 = ORIENTED_EDGE ( 'NONE', *, *, #201, .F. ) ;
#201 = EDGE_CURVE ( 'NONE', #2954, #198, #1134, .T. ) ;
#202 = ORIENTED_EDGE ( 'NONE', *, *, #2762, .F. ) ;
#203 = ORIENTED_EDGE ( 'NONE', *, *, #204, .T. ) ;
#204 = EDGE_CURVE ( 'NONE', #2952, #199, #1129, .T. ) ;
#205 = ADVANCED_FACE ( 'NONE', ( #1130 ), #1145, .T. ) ;
#206 = ADVANCED_FACE ( 'NONE', ( #1146 ), #1229, .F. ) ;
#207 = EDGE_LOOP ( 'NONE', ( #292, #293, #294, #304 ) ) ;
#208 = ORIENTED_EDGE ( 'NONE', *, *, #331, .T. ) ;
#209 = ORIENTED_EDGE ( 'NONE', *, *, #2890, .T. ) ;
#210 = ORIENTED_EDGE ( 'NONE', *, *, #162, .F. ) ;
#211 = ADVANCED_FACE ( 'NONE', ( #1230 ), #1225, .T. ) ;
#212 = ADVANCED_FACE ( 'NONE', ( #1244, #1243 ), #1248, .T. ) ;
#213 = ORIENTED_EDGE ( 'NONE', *, *, #2798, .T. ) ;
#214 = ORIENTED_EDGE ( 'NONE', *, *, #2905, .T. ) ;
#215 = VERTEX_POINT ( 'NONE', #1236 ) ;
#216 = EDGE_LOOP ( 'NONE', ( #2907, #2908, #2909, #2911 ) ) ;
#217 = EDGE_LOOP ( 'NONE', ( #218, #219, #220, #223, #226 ) ) ;
#218 = ORIENTED_EDGE ( 'NONE', *, *, #2943, .F. ) ;
#219 = ORIENTED_EDGE ( 'NONE', *, *, #96, .F. ) ;
#220 = ORIENTED_EDGE ( 'NONE', *, *, #221, .F. ) ;
#221 = EDGE_CURVE ( 'NONE', #222, #94, #1235, .T. ) ;
#222 = VERTEX_POINT ( 'NONE', #1189 ) ;
#223 = ORIENTED_EDGE ( 'NONE', *, *, #224, .F. ) ;
#224 = EDGE_CURVE ( 'NONE', #225, #222, #1188, .T. ) ;
#225 = VERTEX_POINT ( 'NONE', #1183 ) ;
#226 = ORIENTED_EDGE ( 'NONE', *, *, #296, .F. ) ;
#227 = EDGE_LOOP ( 'NONE', ( #2922, #2926, #2928, #2929, #2931, #2917, #2918, #2920, #2921, #2774, #2777, #308, #270 ) ) ;
#228 = EDGE_LOOP ( 'NONE', ( #229, #231 ) ) ;
#229 = ORIENTED_EDGE ( 'NONE', *, *, #230, .F. ) ;
#230 = EDGE_CURVE ( 'NONE', #198, #199, #1182, .T. ) ;
#231 = ORIENTED_EDGE ( 'NONE', *, *, #197, .T. ) ;
#232 = ORIENTED_EDGE ( 'NONE', *, *, #300, .F. ) ;
#233 = ORIENTED_EDGE ( 'NONE', *, *, #278, .F. ) ;
#234 = ORIENTED_EDGE ( 'NONE', *, *, #2876, .F. ) ;
#235 = ORIENTED_EDGE ( 'NONE', *, *, #153, .F. ) ;
#236 = ADVANCED_FACE ( 'NONE', ( #1178 ), #1064, .T. ) ;
#237 = EDGE_LOOP ( 'NONE', ( #238, #239, #240, #241 ) ) ;
#238 = ORIENTED_EDGE ( 'NONE', *, *, #29, .F. ) ;
#239 = ORIENTED_EDGE ( 'NONE', *, *, #336, .F. ) ;
#240 = ORIENTED_EDGE ( 'NONE', *, *, #2814, .F. ) ;
#241 = ORIENTED_EDGE ( 'NONE', *, *, #245, .F. ) ;
#242 = EDGE_LOOP ( 'NONE', ( #243, #244, #128, #129, #131, #125 ) ) ;
#243 = ORIENTED_EDGE ( 'NONE', *, *, #107, .T. ) ;
#244 = ORIENTED_EDGE ( 'NONE', *, *, #245, .T. ) ;
#245 = EDGE_CURVE ( 'NONE', #30, #2812, #1060, .T. ) ;
#246 = EDGE_CURVE ( 'NONE', #137, #215, #1418, .T. ) ;
#247 = ORIENTED_EDGE ( 'NONE', *, *, #2830, .F. ) ;
#248 = ORIENTED_EDGE ( 'NONE', *, *, #195, .F. ) ;
#249 = ORIENTED_EDGE ( 'NONE', *, *, #250, .F. ) ;
#250 = EDGE_CURVE ( 'NONE', #2766, #193, #1336, .T. ) ;
#251 = ORIENTED_EDGE ( 'NONE', *, *, #2902, .T. ) ;
#252 = ORIENTED_EDGE ( 'NONE', *, *, #2884, .T. ) ;
#253 = ORIENTED_EDGE ( 'NONE', *, *, #2760, .T. ) ;
#254 = ORIENTED_EDGE ( 'NONE', *, *, #255, .F. ) ;
#255 = EDGE_CURVE ( 'NONE', #2941, #2758, #1353, .T. ) ;
#256 = ORIENTED_EDGE ( 'NONE', *, *, #2927, .F. ) ;
#257 = ADVANCED_FACE ( 'NONE', ( #1354 ), #1363, .T. ) ;
#258 = EDGE_LOOP ( 'NONE', ( #259, #183 ) ) ;
#259 = ORIENTED_EDGE ( 'NONE', *, *, #260, .F. ) ;
#260 = EDGE_CURVE ( 'NONE', #356, #357, #1401, .T. ) ;
#261 = ORIENTED_EDGE ( 'NONE', *, *, #262, .F. ) ;
#262 = EDGE_CURVE ( 'NONE', #302, #2947, #1381, .T. ) ;
#263 = ORIENTED_EDGE ( 'NONE', *, *, #303, .F. ) ;
#264 = ORIENTED_EDGE ( 'NONE', *, *, #2946, .T. ) ;
#265 = ORIENTED_EDGE ( 'NONE', *, *, #166, .F. ) ;
#266 = ORIENTED_EDGE ( 'NONE', *, *, #2825, .T. ) ;
#267 = ADVANCED_FACE ( 'NONE', ( #1388 ), #1375, .F. ) ;
#268 = EDGE_LOOP ( 'NONE', ( #269, #335, #122 ) ) ;
#269 = ORIENTED_EDGE ( 'NONE', *, *, #2817, .T. ) ;
#270 = ORIENTED_EDGE ( 'NONE', *, *, #326, .T. ) ;
#271 = ORIENTED_EDGE ( 'NONE', *, *, #40, .F. ) ;
#272 = ADVANCED_FACE ( 'NONE', ( #1376 ), #1384, .F. ) ;
#273 = ADVANCED_FACE ( 'NONE', ( #1385 ), #1402, .T. ) ;
#274 = EDGE_LOOP ( 'NONE', ( #313, #252, #261, #263 ) ) ;
#275 = ADVANCED_FACE ( 'NONE', ( #1304 ), #1265, .F. ) ;
#276 = ORIENTED_EDGE ( 'NONE', *, *, #2879, .T. ) ;
#277 = ORIENTED_EDGE ( 'NONE', *, *, #278, .T. ) ;
#278 = EDGE_CURVE ( 'NONE', #2877, #306, #1341, .T. ) ;
#279 = EDGE_LOOP ( 'NONE', ( #2932, #2933, #3003, #3006 ) ) ;
#280 = ORIENTED_EDGE ( 'NONE', *, *, #136, .T. ) ;
#281 = ORIENTED_EDGE ( 'NONE', *, *, #221, .T. ) ;
#282 = ADVANCED_FACE ( 'NONE', ( #1329 ), #1328, .F. ) ;
#283 = EDGE_LOOP ( 'NONE', ( #284, #285, #286, #287, #289, #290 ) ) ;
#284 = ORIENTED_EDGE ( 'NONE', *, *, #260, .T. ) ;
#285 = ORIENTED_EDGE ( 'NONE', *, *, #362, .F. ) ;
#286 = ORIENTED_EDGE ( 'NONE', *, *, #482, .F. ) ;
#287 = ORIENTED_EDGE ( 'NONE', *, *, #288, .F. ) ;
#288 = EDGE_CURVE ( 'NONE', #486, #681, #1422, .T. ) ;
#289 = ORIENTED_EDGE ( 'NONE', *, *, #485, .T. ) ;
#290 = ORIENTED_EDGE ( 'NONE', *, *, #359, .T. ) ;
#291 = ADVANCED_FACE ( 'NONE', ( #1345 ), #1344, .T. ) ;
#292 = ORIENTED_EDGE ( 'NONE', *, *, #86, .F. ) ;
#293 = ORIENTED_EDGE ( 'NONE', *, *, #2977, .F. ) ;
#294 = ORIENTED_EDGE ( 'NONE', *, *, #92, .T. ) ;
#295 = ORIENTED_EDGE ( 'NONE', *, *, #181, .F. ) ;
#296 = EDGE_CURVE ( 'NONE', #2944, #225, #1335, .T. ) ;
#297 = ADVANCED_FACE ( 'NONE', ( #1277 ), #1411, .T. ) ;
#298 = ORIENTED_EDGE ( 'NONE', *, *, #113, .F. ) ;
#299 = ORIENTED_EDGE ( 'NONE', *, *, #300, .T. ) ;
#300 = EDGE_CURVE ( 'NONE', #306, #151, #1290, .T. ) ;
#301 = EDGE_LOOP ( 'NONE', ( #132, #133, #134, #135 ) ) ;
#302 = VERTEX_POINT ( 'NONE', #1289 ) ;
#303 = EDGE_CURVE ( 'NONE', #2779, #302, #1288, .T. ) ;
#304 = ORIENTED_EDGE ( 'NONE', *, *, #3033, .T. ) ;
#305 = ADVANCED_FACE ( 'NONE', ( #1432 ), #1359, .F. ) ;
#306 = VERTEX_POINT ( 'NONE', #1360 ) ;
#307 = VERTEX_POINT ( 'NONE', #1398 ) ;
#308 = ORIENTED_EDGE ( 'NONE', *, *, #303, .T. ) ;
#309 = ADVANCED_FACE ( 'NONE', ( #1397 ), #1394, .T. ) ;
#310 = EDGE_LOOP ( 'NONE', ( #311, #157, #158, #298, #299, #210 ) ) ;
#311 = ORIENTED_EDGE ( 'NONE', *, *, #2752, .T. ) ;
#312 = EDGE_LOOP ( 'NONE', ( #512, #513, #511, #565, #566 ) ) ;
#313 = ORIENTED_EDGE ( 'NONE', *, *, #143, .T. ) ;
#314 = ADVANCED_FACE ( 'NONE', ( #1324 ), #1323, .T. ) ;
#315 = EDGE_LOOP ( 'NONE', ( #316, #264, #265, #167 ) ) ;
#316 = ORIENTED_EDGE ( 'NONE', *, *, #262, .T. ) ;
#317 = ADVANCED_FACE ( 'NONE', ( #1322 ), #1367, .F. ) ;
#318 = ORIENTED_EDGE ( 'NONE', *, *, #2834, .T. ) ;
#319 = EDGE_LOOP ( 'NONE', ( #320, #321, #322, #323 ) ) ;
#320 = ORIENTED_EDGE ( 'NONE', *, *, #118, .F. ) ;
#321 = ORIENTED_EDGE ( 'NONE', *, *, #2948, .F. ) ;
#322 = ORIENTED_EDGE ( 'NONE', *, *, #255, .T. ) ;
#323 = ORIENTED_EDGE ( 'NONE', *, *, #2882, .F. ) ;
#324 = ADVANCED_FACE ( 'NONE', ( #1351 ), #1350, .T. ) ;
#325 = EDGE_LOOP ( 'NONE', ( #232, #233, #234, #235 ) ) ;
#326 = EDGE_CURVE ( 'NONE', #302, #2924, #1286, .T. ) ;
#327 = EDGE_LOOP ( 'NONE', ( #328, #329, #330, #145 ) ) ;
#328 = ORIENTED_EDGE ( 'NONE', *, *, #334, .T. ) ;
#329 = ORIENTED_EDGE ( 'NONE', *, *, #3023, .T. ) ;
#330 = ORIENTED_EDGE ( 'NONE', *, *, #331, .F. ) ;
#331 = EDGE_CURVE ( 'NONE', #2773, #3021, #1317, .T. ) ;
#332 = ORIENTED_EDGE ( 'NONE', *, *, #2808, .F. ) ;
#333 = ORIENTED_EDGE ( 'NONE', *, *, #334, .F. ) ;
#334 = EDGE_CURVE ( 'NONE', #41, #3024, #1321, .T. ) ;
#335 = ORIENTED_EDGE ( 'NONE', *, *, #336, .T. ) ;
#336 = EDGE_CURVE ( 'NONE', #2815, #106, #1274, .T. ) ;
#337 = EDGE_LOOP ( 'NONE', ( #521, #522, #523, #605, #606 ) ) ;
#338 = EDGE_CURVE ( 'NONE', #509, #2944, #1270, .T. ) ;
#339 = ADVANCED_FACE ( 'NONE', ( #1429 ), #1428, .F. ) ;
#340 = EDGE_LOOP ( 'NONE', ( #341, #342, #343, #344, #346, #347 ) ) ;
#341 = ORIENTED_EDGE ( 'NONE', *, *, #2892, .T. ) ;
#342 = ORIENTED_EDGE ( 'NONE', *, *, #2755, .F. ) ;
#343 = ORIENTED_EDGE ( 'NONE', *, *, #338, .F. ) ;
#344 = ORIENTED_EDGE ( 'NONE', *, *, #345, .F. ) ;
#345 = EDGE_CURVE ( 'NONE', #11, #509, #1423, .T. ) ;
#346 = ORIENTED_EDGE ( 'NONE', *, *, #2845, .T. ) ;
#347 = ORIENTED_EDGE ( 'NONE', *, *, #2748, .T. ) ;
#348 = ADVANCED_FACE ( 'NONE', ( #1297 ), #1295, .F. ) ;
#349 = EDGE_LOOP ( 'NONE', ( #182, #679, #481, #281 ) ) ;
#350 = EDGE_LOOP ( 'NONE', ( #351, #253, #254, #256 ) ) ;
#351 = ORIENTED_EDGE ( 'NONE', *, *, #173, .T. ) ;
#352 = ADVANCED_FACE ( 'NONE', ( #1296 ), #1417, .T. ) ;
#353 = EDGE_LOOP ( 'NONE', ( #354, #358, #360, #361 ) ) ;
#354 = ORIENTED_EDGE ( 'NONE', *, *, #355, .F. ) ;
#355 = EDGE_CURVE ( 'NONE', #356, #357, #1264, .T. ) ;
#356 = VERTEX_POINT ( 'NONE', #1260 ) ;
#357 = VERTEX_POINT ( 'NONE', #1259 ) ;
#358 = ORIENTED_EDGE ( 'NONE', *, *, #359, .F. ) ;
#359 = EDGE_CURVE ( 'NONE', #225, #356, #1258, .T. ) ;
#360 = ORIENTED_EDGE ( 'NONE', *, *, #224, .T. ) ;
#361 = ORIENTED_EDGE ( 'NONE', *, *, #362, .T. ) ;
#362 = EDGE_CURVE ( 'NONE', #222, #357, #1504, .T. ) ;
#363 = ADVANCED_FACE ( 'NONE', ( #1532 ), #1513, .T. ) ;
#364 = ORIENTED_EDGE ( 'NONE', *, *, #365, .F. ) ;
#365 = EDGE_CURVE ( 'NONE', #878, #371, #1485, .T. ) ;
#366 = ADVANCED_FACE ( 'NONE', ( #1510 ), #1572, .T. ) ;
#367 = EDGE_LOOP ( 'NONE', ( #368, #369, #860, #683 ) ) ;
#368 = ORIENTED_EDGE ( 'NONE', *, *, #365, .T. ) ;
#369 = ORIENTED_EDGE ( 'NONE', *, *, #370, .F. ) ;
#370 = EDGE_CURVE ( 'NONE', #394, #371, #1454, .T. ) ;
#371 = VERTEX_POINT ( 'NONE', #1492 ) ;
#372 = ORIENTED_EDGE ( 'NONE', *, *, #373, .T. ) ;
#373 = EDGE_CURVE ( 'NONE', #371, #671, #1627, .T. ) ;
#374 = ORIENTED_EDGE ( 'NONE', *, *, #670, .F. ) ;
#375 = ADVANCED_FACE ( 'NONE', ( #1628 ), #1596, .F. ) ;
#376 = EDGE_LOOP ( 'NONE', ( #377, #380, #874, #704 ) ) ;
#377 = ORIENTED_EDGE ( 'NONE', *, *, #378, .T. ) ;
#378 = EDGE_CURVE ( 'NONE', #656, #379, #1597, .T. ) ;
#379 = VERTEX_POINT ( 'NONE', #1437 ) ;
#380 = ORIENTED_EDGE ( 'NONE', *, *, #381, .T. ) ;
#381 = EDGE_CURVE ( 'NONE', #379, #382, #1495, .T. ) ;
#382 = VERTEX_POINT ( 'NONE', #1467 ) ;
#383 = EDGE_CURVE ( 'NONE', #660, #572, #1561, .T. ) ;
#384 = ORIENTED_EDGE ( 'NONE', *, *, #620, .T. ) ;
#385 = ORIENTED_EDGE ( 'NONE', *, *, #581, .T. ) ;
#386 = ADVANCED_FACE ( 'NONE', ( #1629 ), #1636, .T. ) ;
#387 = EDGE_LOOP ( 'NONE', ( #388, #389 ) ) ;
#388 = ORIENTED_EDGE ( 'NONE', *, *, #383, .T. ) ;
#389 = ORIENTED_EDGE ( 'NONE', *, *, #634, .T. ) ;
#390 = ADVANCED_FACE ( 'NONE', ( #1592 ), #1650, .F. ) ;
#391 = EDGE_LOOP ( 'NONE', ( #392, #395, #372, #374 ) ) ;
#392 = ORIENTED_EDGE ( 'NONE', *, *, #393, .T. ) ;
#393 = EDGE_CURVE ( 'NONE', #666, #394, #1645, .T. ) ;
#394 = VERTEX_POINT ( 'NONE', #1562 ) ;
#395 = ORIENTED_EDGE ( 'NONE', *, *, #370, .T. ) ;
#396 = EDGE_CURVE ( 'NONE', #639, #587, #1503, .T. ) ;
#397 = ORIENTED_EDGE ( 'NONE', *, *, #638, .T. ) ;
#398 = ORIENTED_EDGE ( 'NONE', *, *, #399, .F. ) ;
#399 = EDGE_CURVE ( 'NONE', #593, #590, #1585, .T. ) ;
#400 = ORIENTED_EDGE ( 'NONE', *, *, #592, .F. ) ;
#401 = ORIENTED_EDGE ( 'NONE', *, *, #460, .F. ) ;
#402 = EDGE_LOOP ( 'NONE', ( #398, #400 ) ) ;
#403 = EDGE_LOOP ( 'NONE', ( #404, #406 ) ) ;
#404 = ORIENTED_EDGE ( 'NONE', *, *, #405, .T. ) ;
#405 = EDGE_CURVE ( 'NONE', #564, #563, #1475, .T. ) ;
#406 = ORIENTED_EDGE ( 'NONE', *, *, #562, .T. ) ;
#407 = EDGE_LOOP ( 'NONE', ( #408, #410 ) ) ;
#408 = ORIENTED_EDGE ( 'NONE', *, *, #409, .T. ) ;
#409 = EDGE_CURVE ( 'NONE', #569, #604, #1501, .T. ) ;
#410 = ORIENTED_EDGE ( 'NONE', *, *, #603, .T. ) ;
#411 = EDGE_LOOP ( 'NONE', ( #412, #452, #453, #454, #455 ) ) ;
#412 = ORIENTED_EDGE ( 'NONE', *, *, #462, .F. ) ;
#413 = ORIENTED_EDGE ( 'NONE', *, *, #451, .T. ) ;
#414 = ORIENTED_EDGE ( 'NONE', *, *, #595, .T. ) ;
#415 = ORIENTED_EDGE ( 'NONE', *, *, #399, .T. ) ;
#416 = ADVANCED_FACE ( 'NONE', ( #1496 ), #1452, .T. ) ;
#417 = EDGE_LOOP ( 'NONE', ( #418, #419, #384, #385 ) ) ;
#418 = ORIENTED_EDGE ( 'NONE', *, *, #678, .F. ) ;
#419 = ORIENTED_EDGE ( 'NONE', *, *, #383, .F. ) ;
#420 = ORIENTED_EDGE ( 'NONE', *, *, #614, .F. ) ;
#421 = EDGE_LOOP ( 'NONE', ( #422, #424 ) ) ;
#422 = ORIENTED_EDGE ( 'NONE', *, *, #423, .F. ) ;
#423 = EDGE_CURVE ( 'NONE', #497, #571, #1508, .T. ) ;
#424 = ORIENTED_EDGE ( 'NONE', *, *, #496, .F. ) ;
#425 = EDGE_LOOP ( 'NONE', ( #446, #447, #448, #478, #479 ) ) ;
#426 = ORIENTED_EDGE ( 'NONE', *, *, #427, .T. ) ;
#427 = EDGE_CURVE ( 'NONE', #659, #663, #1483, .T. ) ;
#428 = ADVANCED_FACE ( 'NONE', ( #1478, #1477 ), #1476, .T. ) ;
#429 = EDGE_LOOP ( 'NONE', ( #430, #432 ) ) ;
#430 = ORIENTED_EDGE ( 'NONE', *, *, #431, .T. ) ;
#431 = EDGE_CURVE ( 'NONE', #618, #441, #1491, .T. ) ;
#432 = ORIENTED_EDGE ( 'NONE', *, *, #440, .T. ) ;
#433 = EDGE_LOOP ( 'NONE', ( #580, #582 ) ) ;
#434 = VERTEX_POINT ( 'NONE', #1486 ) ;
#435 = ORIENTED_EDGE ( 'NONE', *, *, #436, .T. ) ;
#436 = EDGE_CURVE ( 'NONE', #633, #600, #1644, .T. ) ;
#437 = EDGE_LOOP ( 'NONE', ( #438, #578, #642, #645 ) ) ;
#438 = ORIENTED_EDGE ( 'NONE', *, *, #575, .T. ) ;
#439 = ORIENTED_EDGE ( 'NONE', *, *, #440, .F. ) ;
#440 = EDGE_CURVE ( 'NONE', #441, #618, #1640, .T. ) ;
#441 = VERTEX_POINT ( 'NONE', #1625 ) ;
#442 = ORIENTED_EDGE ( 'NONE', *, *, #451, .F. ) ;
#443 = ORIENTED_EDGE ( 'NONE', *, *, #396, .F. ) ;
#444 = ADVANCED_FACE ( 'NONE', ( #1624 ), #1623, .F. ) ;
#445 = EDGE_LOOP ( 'NONE', ( #442, #443, #397, #464 ) ) ;
#446 = ORIENTED_EDGE ( 'NONE', *, *, #396, .T. ) ;
#447 = ORIENTED_EDGE ( 'NONE', *, *, #586, .T. ) ;
#448 = ORIENTED_EDGE ( 'NONE', *, *, #473, .T. ) ;
#449 = VERTEX_POINT ( 'NONE', #1571 ) ;
#450 = ORIENTED_EDGE ( 'NONE', *, *, #462, .T. ) ;
#451 = EDGE_CURVE ( 'NONE', #587, #461, #1570, .T. ) ;
#452 = ORIENTED_EDGE ( 'NONE', *, *, #465, .F. ) ;
#453 = ORIENTED_EDGE ( 'NONE', *, *, #599, .F. ) ;
#454 = ORIENTED_EDGE ( 'NONE', *, *, #650, .F. ) ;
#455 = ORIENTED_EDGE ( 'NONE', *, *, #470, .F. ) ;
#456 = ADVANCED_FACE ( 'NONE', ( #1565 ), #1566, .T. ) ;
#457 = EDGE_LOOP ( 'NONE', ( #458, #459, #414, #415 ) ) ;
#458 = ORIENTED_EDGE ( 'NONE', *, *, #574, .F. ) ;
#459 = ORIENTED_EDGE ( 'NONE', *, *, #431, .F. ) ;
#460 = EDGE_CURVE ( 'NONE', #449, #463, #1631, .T. ) ;
#461 = VERTEX_POINT ( 'NONE', #1460 ) ;
#462 = EDGE_CURVE ( 'NONE', #461, #463, #1459, .T. ) ;
#463 = VERTEX_POINT ( 'NONE', #1455 ) ;
#464 = ORIENTED_EDGE ( 'NONE', *, *, #465, .T. ) ;
#465 = EDGE_CURVE ( 'NONE', #601, #461, #1444, .T. ) ;
#466 = ADVANCED_FACE ( 'NONE', ( #1440 ), #1439, .F. ) ;
#467 = EDGE_LOOP ( 'NONE', ( #468, #469, #471, #472 ) ) ;
#468 = ORIENTED_EDGE ( 'NONE', *, *, #460, .T. ) ;
#469 = ORIENTED_EDGE ( 'NONE', *, *, #470, .T. ) ;
#470 = EDGE_CURVE ( 'NONE', #463, #651, #1611, .T. ) ;
#471 = ORIENTED_EDGE ( 'NONE', *, *, #626, .F. ) ;
#472 = ORIENTED_EDGE ( 'NONE', *, *, #473, .F. ) ;
#473 = EDGE_CURVE ( 'NONE', #449, #653, #1607, .T. ) ;
#474 = ADVANCED_FACE ( 'NONE', ( #1603, #1602, #1601 ), #1600, .T. ) ;
#475 = EDGE_LOOP ( 'NONE', ( #476, #420 ) ) ;
#476 = ORIENTED_EDGE ( 'NONE', *, *, #477, .F. ) ;
#477 = EDGE_CURVE ( 'NONE', #615, #612, #1525, .T. ) ;
#478 = ORIENTED_EDGE ( 'NONE', *, *, #624, .T. ) ;
#479 = ORIENTED_EDGE ( 'NONE', *, *, #632, .T. ) ;
#480 = ADVANCED_FACE ( 'NONE', ( #1520, #1519, #1518 ), #1516, .F. ) ;
#481 = ORIENTED_EDGE ( 'NONE', *, *, #482, .T. ) ;
#482 = EDGE_CURVE ( 'NONE', #681, #222, #1517, .T. ) ;
#483 = ORIENTED_EDGE ( 'NONE', *, *, #296, .T. ) ;
#484 = ORIENTED_EDGE ( 'NONE', *, *, #485, .F. ) ;
#485 = EDGE_CURVE ( 'NONE', #486, #225, #1578, .T. ) ;
#486 = VERTEX_POINT ( 'NONE', #1550 ) ;
#487 = ORIENTED_EDGE ( 'NONE', *, *, #192, .T. ) ;
#488 = ORIENTED_EDGE ( 'NONE', *, *, #505, .T. ) ;
#489 = ORIENTED_EDGE ( 'NONE', *, *, #518, .T. ) ;
#490 = ORIENTED_EDGE ( 'NONE', *, *, #2997, .T. ) ;
#491 = ORIENTED_EDGE ( 'NONE', *, *, #250, .T. ) ;
#492 = ADVANCED_FACE ( 'NONE', ( #1549 ), #1548, .F. ) ;
#493 = EDGE_LOOP ( 'NONE', ( #483, #484, #507, #510 ) ) ;
#494 = EDGE_CURVE ( 'NONE', #604, #571, #1543, .T. ) ;
#495 = ORIENTED_EDGE ( 'NONE', *, *, #496, .T. ) ;
#496 = EDGE_CURVE ( 'NONE', #571, #497, #1538, .T. ) ;
#497 = VERTEX_POINT ( 'NONE', #1716 ) ;
#498 = ORIENTED_EDGE ( 'NONE', *, *, #499, .F. ) ;
#499 = EDGE_CURVE ( 'NONE', #569, #497, #1745, .T. ) ;
#500 = ORIENTED_EDGE ( 'NONE', *, *, #201, .T. ) ;
#501 = ADVANCED_FACE ( 'NONE', ( #1754 ), #1814, .T. ) ;
#502 = EDGE_LOOP ( 'NONE', ( #487, #488, #489, #490, #491 ) ) ;
#503 = ORIENTED_EDGE ( 'NONE', *, *, #516, .F. ) ;
#504 = ORIENTED_EDGE ( 'NONE', *, *, #505, .F. ) ;
#505 = EDGE_CURVE ( 'NONE', #190, #517, #1753, .T. ) ;
#506 = ORIENTED_EDGE ( 'NONE', *, *, #189, .T. ) ;
#507 = ORIENTED_EDGE ( 'NONE', *, *, #508, .F. ) ;
#508 = EDGE_CURVE ( 'NONE', #509, #486, #1654, .T. ) ;
#509 = VERTEX_POINT ( 'NONE', #1747 ) ;
#510 = ORIENTED_EDGE ( 'NONE', *, *, #338, .T. ) ;
#511 = ORIENTED_EDGE ( 'NONE', *, *, #516, .T. ) ;
#512 = ORIENTED_EDGE ( 'NONE', *, *, #2768, .F. ) ;
#513 = ORIENTED_EDGE ( 'NONE', *, *, #518, .F. ) ;
#514 = ORIENTED_EDGE ( 'NONE', *, *, #230, .T. ) ;
#515 = ORIENTED_EDGE ( 'NONE', *, *, #204, .F. ) ;
#516 = EDGE_CURVE ( 'NONE', #517, #2952, #1717, .T. ) ;
#517 = VERTEX_POINT ( 'NONE', #1845 ) ;
#518 = EDGE_CURVE ( 'NONE', #517, #2998, #1795, .T. ) ;
#519 = ADVANCED_FACE ( 'NONE', ( #1723 ), #1731, .F. ) ;
#520 = EDGE_LOOP ( 'NONE', ( #514, #515, #503, #504, #506, #500 ) ) ;
#521 = ORIENTED_EDGE ( 'NONE', *, *, #508, .T. ) ;
#522 = ORIENTED_EDGE ( 'NONE', *, *, #288, .T. ) ;
#523 = ORIENTED_EDGE ( 'NONE', *, *, #680, .T. ) ;
#524 = EDGE_LOOP ( 'NONE', ( #525, #526, #528, #529 ) ) ;
#525 = ORIENTED_EDGE ( 'NONE', *, *, #810, .F. ) ;
#526 = ORIENTED_EDGE ( 'NONE', *, *, #527, .T. ) ;
#527 = EDGE_CURVE ( 'NONE', #806, #379, #1704, .T. ) ;
#528 = ORIENTED_EDGE ( 'NONE', *, *, #378, .F. ) ;
#529 = ORIENTED_EDGE ( 'NONE', *, *, #655, .F. ) ;
#530 = EDGE_LOOP ( 'NONE', ( #545, #546, #548, #549 ) ) ;
#531 = ORIENTED_EDGE ( 'NONE', *, *, #682, .T. ) ;
#532 = ORIENTED_EDGE ( 'NONE', *, *, #547, .F. ) ;
#533 = ORIENTED_EDGE ( 'NONE', *, *, #534, .F. ) ;
#534 = EDGE_CURVE ( 'NONE', #879, #771, #1804, .T. ) ;
#535 = ADVANCED_FACE ( 'NONE', ( #1719 ), #1718, .T. ) ;
#536 = EDGE_LOOP ( 'NONE', ( #537, #538, #539 ) ) ;
#537 = ORIENTED_EDGE ( 'NONE', *, *, #527, .F. ) ;
#538 = ORIENTED_EDGE ( 'NONE', *, *, #920, .T. ) ;
#539 = ORIENTED_EDGE ( 'NONE', *, *, #540, .F. ) ;
#540 = EDGE_CURVE ( 'NONE', #379, #802, #1730, .T. ) ;
#541 = ADVANCED_FACE ( 'NONE', ( #1726 ), #1724, .T. ) ;
#542 = EDGE_LOOP ( 'NONE', ( #543, #791, #881, #821 ) ) ;
#543 = ORIENTED_EDGE ( 'NONE', *, *, #534, .T. ) ;
#544 = ADVANCED_FACE ( 'NONE', ( #1762 ), #1758, .T. ) ;
#545 = ORIENTED_EDGE ( 'NONE', *, *, #795, .F. ) ;
#546 = ORIENTED_EDGE ( 'NONE', *, *, #547, .T. ) ;
#547 = EDGE_CURVE ( 'NONE', #771, #394, #1713, .T. ) ;
#548 = ORIENTED_EDGE ( 'NONE', *, *, #393, .F. ) ;
#549 = ORIENTED_EDGE ( 'NONE', *, *, #665, .F. ) ;
#550 = ADVANCED_FACE ( 'NONE', ( #1709 ), #1801, .T. ) ;
#551 = EDGE_LOOP ( 'NONE', ( #552, #553, #555, #556 ) ) ;
#552 = ORIENTED_EDGE ( 'NONE', *, *, #717, .F. ) ;
#553 = ORIENTED_EDGE ( 'NONE', *, *, #554, .T. ) ;
#554 = EDGE_CURVE ( 'NONE', #382, #716, #1800, .T. ) ;
#555 = ORIENTED_EDGE ( 'NONE', *, *, #715, .F. ) ;
#556 = ORIENTED_EDGE ( 'NONE', *, *, #427, .F. ) ;
#557 = ADVANCED_FACE ( 'NONE', ( #1774 ), #1773, .T. ) ;
#558 = EDGE_LOOP ( 'NONE', ( #559, #561, #364 ) ) ;
#559 = ORIENTED_EDGE ( 'NONE', *, *, #560, .F. ) ;
#560 = EDGE_CURVE ( 'NONE', #803, #878, #1809, .T. ) ;
#561 = ORIENTED_EDGE ( 'NONE', *, *, #793, .F. ) ;
#562 = EDGE_CURVE ( 'NONE', #563, #564, #1805, .T. ) ;
#563 = VERTEX_POINT ( 'NONE', #1828 ) ;
#564 = VERTEX_POINT ( 'NONE', #1827 ) ;
#565 = ORIENTED_EDGE ( 'NONE', *, *, #2951, .F. ) ;
#566 = ORIENTED_EDGE ( 'NONE', *, *, #2919, .T. ) ;
#567 = ORIENTED_EDGE ( 'NONE', *, *, #568, .T. ) ;
#568 = EDGE_CURVE ( 'NONE', #563, #612, #1826, .T. ) ;
#569 = VERTEX_POINT ( 'NONE', #1822 ) ;
#570 = ORIENTED_EDGE ( 'NONE', *, *, #494, .T. ) ;
#571 = VERTEX_POINT ( 'NONE', #1821 ) ;
#572 = VERTEX_POINT ( 'NONE', #1771 ) ;
#573 = ORIENTED_EDGE ( 'NONE', *, *, #574, .T. ) ;
#574 = EDGE_CURVE ( 'NONE', #441, #590, #1770, .T. ) ;
#575 = EDGE_CURVE ( 'NONE', #576, #577, #1766, .T. ) ;
#576 = VERTEX_POINT ( 'NONE', #1790 ) ;
#577 = VERTEX_POINT ( 'NONE', #1789 ) ;
#578 = ORIENTED_EDGE ( 'NONE', *, *, #579, .T. ) ;
#579 = EDGE_CURVE ( 'NONE', #577, #641, #1788, .T. ) ;
#580 = ORIENTED_EDGE ( 'NONE', *, *, #581, .F. ) ;
#581 = EDGE_CURVE ( 'NONE', #667, #434, #1784, .T. ) ;
#582 = ORIENTED_EDGE ( 'NONE', *, *, #589, .F. ) ;
#583 = ADVANCED_FACE ( 'NONE', ( #1663, #1662 ), #1660, .T. ) ;
#584 = EDGE_LOOP ( 'NONE', ( #585, #413, #450, #401 ) ) ;
#585 = ORIENTED_EDGE ( 'NONE', *, *, #586, .F. ) ;
#586 = EDGE_CURVE ( 'NONE', #587, #449, #1661, .T. ) ;
#587 = VERTEX_POINT ( 'NONE', #1699 ) ;
#588 = ORIENTED_EDGE ( 'NONE', *, *, #589, .T. ) ;
#589 = EDGE_CURVE ( 'NONE', #434, #667, #1698, .T. ) ;
#590 = VERTEX_POINT ( 'NONE', #1693 ) ;
#591 = ORIENTED_EDGE ( 'NONE', *, *, #592, .T. ) ;
#592 = EDGE_CURVE ( 'NONE', #590, #593, #1692, .T. ) ;
#593 = VERTEX_POINT ( 'NONE', #1687 ) ;
#594 = ORIENTED_EDGE ( 'NONE', *, *, #595, .F. ) ;
#595 = EDGE_CURVE ( 'NONE', #618, #593, #1686, .T. ) ;
#596 = ADVANCED_FACE ( 'NONE', ( #1682, #1681 ), #1680, .F. ) ;
#597 = EDGE_LOOP ( 'NONE', ( #598, #637, #631, #435 ) ) ;
#598 = ORIENTED_EDGE ( 'NONE', *, *, #599, .T. ) ;
#599 = EDGE_CURVE ( 'NONE', #600, #601, #1675, .T. ) ;
#600 = VERTEX_POINT ( 'NONE', #1671 ) ;
#601 = VERTEX_POINT ( 'NONE', #1670 ) ;
#602 = ORIENTED_EDGE ( 'NONE', *, *, #603, .F. ) ;
#603 = EDGE_CURVE ( 'NONE', #604, #569, #1744, .T. ) ;
#604 = VERTEX_POINT ( 'NONE', #1739 ) ;
#605 = ORIENTED_EDGE ( 'NONE', *, *, #12, .T. ) ;
#606 = ORIENTED_EDGE ( 'NONE', *, *, #345, .T. ) ;
#607 = CLOSED_SHELL ( 'NONE', ( #2841, #2994, #2937, #9, #74, #98, #65, #47, #109, #32, #2962, #2756, #2894, #2831, #2750, #2729, #2858, #2795, #2736, #2989, #3030, #2974, #3020, #206, #305, #3008, #176, #2906, #2912, #3013, #2782, #2789, #212, #297, #155, #123, #275, #309, #211, #148, #272, #146, #138, #273, #314, #168, #175, #257, #324, #236, #163, #205, #352, #363, #184, #317, #267, #519, #501, #492, #339, #348, #282, #291 ) ) ;
#608 = MANIFOLD_SOLID_BREP ( 'NONE', #888 ) ;
#609 = ADVANCED_FACE ( 'NONE', ( #1738 ), #1736, .F. ) ;
#610 = EDGE_LOOP ( 'NONE', ( #611, #567, #613, #616 ) ) ;
#611 = ORIENTED_EDGE ( 'NONE', *, *, #562, .F. ) ;
#612 = VERTEX_POINT ( 'NONE', #1732 ) ;
#613 = ORIENTED_EDGE ( 'NONE', *, *, #614, .T. ) ;
#614 = EDGE_CURVE ( 'NONE', #612, #615, #1844, .T. ) ;
#615 = VERTEX_POINT ( 'NONE', #1839 ) ;
#616 = ORIENTED_EDGE ( 'NONE', *, *, #617, .F. ) ;
#617 = EDGE_CURVE ( 'NONE', #564, #615, #1837, .T. ) ;
#618 = VERTEX_POINT ( 'NONE', #1964 ) ;
#619 = ORIENTED_EDGE ( 'NONE', *, *, #620, .F. ) ;
#620 = EDGE_CURVE ( 'NONE', #660, #667, #1963, .T. ) ;
#621 = ADVANCED_FACE ( 'NONE', ( #1970 ), #1849, .T. ) ;
#622 = EDGE_LOOP ( 'NONE', ( #439, #573, #591, #594 ) ) ;
#623 = ORIENTED_EDGE ( 'NONE', *, *, #624, .F. ) ;
#624 = EDGE_CURVE ( 'NONE', #653, #633, #1922, .T. ) ;
#625 = ORIENTED_EDGE ( 'NONE', *, *, #626, .T. ) ;
#626 = EDGE_CURVE ( 'NONE', #653, #651, #1960, .T. ) ;
#627 = EDGE_LOOP ( 'NONE', ( #628, #664, #669, #672, #675, #654, #657, #426 ) ) ;
#628 = ORIENTED_EDGE ( 'NONE', *, *, #661, .F. ) ;
#629 = EDGE_LOOP ( 'NONE', ( #668, #630, #588, #619 ) ) ;
#630 = ORIENTED_EDGE ( 'NONE', *, *, #678, .T. ) ;
#631 = ORIENTED_EDGE ( 'NONE', *, *, #632, .F. ) ;
#632 = EDGE_CURVE ( 'NONE', #633, #639, #1928, .T. ) ;
#633 = VERTEX_POINT ( 'NONE', #1895 ) ;
#634 = EDGE_CURVE ( 'NONE', #572, #660, #1962, .T. ) ;
#635 = ADVANCED_FACE ( 'NONE', ( #1916 ), #1977, .F. ) ;
#636 = EDGE_LOOP ( 'NONE', ( #602, #570, #495, #498 ) ) ;
#637 = ORIENTED_EDGE ( 'NONE', *, *, #638, .F. ) ;
#638 = EDGE_CURVE ( 'NONE', #639, #601, #1951, .T. ) ;
#639 = VERTEX_POINT ( 'NONE', #1968 ) ;
#640 = ADVANCED_FACE ( 'NONE', ( #1967 ), #1953, .T. ) ;
#641 = VERTEX_POINT ( 'NONE', #1917 ) ;
#642 = ORIENTED_EDGE ( 'NONE', *, *, #643, .T. ) ;
#643 = EDGE_CURVE ( 'NONE', #641, #644, #1931, .T. ) ;
#644 = VERTEX_POINT ( 'NONE', #1987 ) ;
#645 = ORIENTED_EDGE ( 'NONE', *, *, #646, .T. ) ;
#646 = EDGE_CURVE ( 'NONE', #644, #576, #1948, .T. ) ;
#647 = ADVANCED_FACE ( 'NONE', ( #1974, #1973 ), #1972, .F. ) ;
#648 = EDGE_LOOP ( 'NONE', ( #649, #652, #623, #625 ) ) ;
#649 = ORIENTED_EDGE ( 'NONE', *, *, #650, .T. ) ;
#650 = EDGE_CURVE ( 'NONE', #651, #600, #1921, .T. ) ;
#651 = VERTEX_POINT ( 'NONE', #1995 ) ;
#652 = ORIENTED_EDGE ( 'NONE', *, *, #436, .F. ) ;
#653 = VERTEX_POINT ( 'NONE', #1994 ) ;
#654 = ORIENTED_EDGE ( 'NONE', *, *, #655, .T. ) ;
#655 = EDGE_CURVE ( 'NONE', #677, #656, #1850, .T. ) ;
#656 = VERTEX_POINT ( 'NONE', #1955 ) ;
#657 = ORIENTED_EDGE ( 'NONE', *, *, #658, .F. ) ;
#658 = EDGE_CURVE ( 'NONE', #659, #656, #1944, .T. ) ;
#659 = VERTEX_POINT ( 'NONE', #1940 ) ;
#660 = VERTEX_POINT ( 'NONE', #1926 ) ;
#661 = EDGE_CURVE ( 'NONE', #662, #663, #1925, .T. ) ;
#662 = VERTEX_POINT ( 'NONE', #1910 ) ;
#663 = VERTEX_POINT ( 'NONE', #1909 ) ;
#664 = ORIENTED_EDGE ( 'NONE', *, *, #665, .T. ) ;
#665 = EDGE_CURVE ( 'NONE', #662, #666, #1908, .T. ) ;
#666 = VERTEX_POINT ( 'NONE', #1980 ) ;
#667 = VERTEX_POINT ( 'NONE', #1979 ) ;
#668 = ORIENTED_EDGE ( 'NONE', *, *, #634, .F. ) ;
#669 = ORIENTED_EDGE ( 'NONE', *, *, #670, .T. ) ;
#670 = EDGE_CURVE ( 'NONE', #666, #671, #1978, .T. ) ;
#671 = VERTEX_POINT ( 'NONE', #1990 ) ;
#672 = ORIENTED_EDGE ( 'NONE', *, *, #673, .T. ) ;
#673 = EDGE_CURVE ( 'NONE', #671, #674, #1891, .T. ) ;
#674 = VERTEX_POINT ( 'NONE', #1886 ) ;
#675 = ORIENTED_EDGE ( 'NONE', *, *, #676, .T. ) ;
#676 = EDGE_CURVE ( 'NONE', #674, #677, #1900, .T. ) ;
#677 = VERTEX_POINT ( 'NONE', #1896 ) ;
#678 = EDGE_CURVE ( 'NONE', #572, #434, #1857, .T. ) ;
#679 = ORIENTED_EDGE ( 'NONE', *, *, #680, .F. ) ;
#680 = EDGE_CURVE ( 'NONE', #681, #2843, #1853, .T. ) ;
#681 = VERTEX_POINT ( 'NONE', #1937 ) ;
#682 = EDGE_CURVE ( 'NONE', #879, #394, #1935, .T. ) ;
#683 = ORIENTED_EDGE ( 'NONE', *, *, #877, .F. ) ;
#684 = EDGE_LOOP ( 'NONE', ( #531, #532, #533 ) ) ;
#685 = ORIENTED_EDGE ( 'NONE', *, *, #780, .F. ) ;
#686 = ORIENTED_EDGE ( 'NONE', *, *, #687, .T. ) ;
#687 = EDGE_CURVE ( 'NONE', #778, #760, #1936, .T. ) ;
#688 = ADVANCED_FACE ( 'NONE', ( #1866 ), #1865, .T. ) ;
#689 = EDGE_LOOP ( 'NONE', ( #880, #912, #913, #882 ) ) ;
#690 = ORIENTED_EDGE ( 'NONE', *, *, #864, .F. ) ;
#691 = CIRCLE ( 'NONE', #742, 14.00000000000000500 ) ;
#692 = DIRECTION ( 'NONE',  ( 1.000000000000000000, 0.0000000000000000000, 0.0000000000000000000 ) ) ;
#693 = DIRECTION ( 'NONE',  ( 0.0000000000000000000, 0.0000000000000000000, 1.000000000000000000 ) ) ;
#694 = CARTESIAN_POINT ( 'NONE',  ( 11.94999999999999900, -12.30000000000000600, -3.850000000000000100 ) ) ;
#695 = AXIS2_PLACEMENT_3D ( 'NONE', #694, #693, #692 ) ;
#696 = CARTESIAN_POINT ( 'NONE',  ( 7.583555374952887000, 0.9978032506907930100, 3.800235294117619000 ) ) ;
#697 = CARTESIAN_POINT ( 'NONE',  ( 7.475121246395314500, 0.9568541406364894400, 3.800235294117619000 ) ) ;
#698 = CARTESIAN_POINT ( 'NONE',  ( 7.370060411263566800, 0.9098481189535965200, 3.782620010946651700 ) ) ;
#699 = CARTESIAN_POINT ( 'NONE',  ( 7.173848153902852700, 0.8089927579240645500, 3.718276591881188900 ) ) ;
#700 = CARTESIAN_POINT ( 'NONE',  ( 7.083715835119665600, 0.7558596489741494800, 3.672362403345014400 ) ) ;
#701 = CARTESIAN_POINT ( 'NONE',  ( 7.000671030216007100, 0.7015138626294636900, 3.612790424961463700 ) ) ;
#702 = CYLINDRICAL_SURFACE ( 'NONE', #695, 14.00000000000000500 ) ;
#703 = FACE_OUTER_BOUND ( 'NONE', #27, .T. ) ;
#704 = ORIENTED_EDGE ( 'NONE', *, *, #658, .T. ) ;
#705 = EDGE_LOOP ( 'NONE', ( #876, #797, #800, #856 ) ) ;
#706 = ORIENTED_EDGE ( 'NONE', *, *, #857, .F. ) ;
#707 = ORIENTED_EDGE ( 'NONE', *, *, #920, .F. ) ;
#708 = DIRECTION ( 'NONE',  ( -0.7071067811865441300, 0.7071067811865510100, 0.0000000000000000000 ) ) ;
#709 = VECTOR ( 'NONE', #708, 999.9999999999998900 ) ;
#710 = CARTESIAN_POINT ( 'NONE',  ( 20.10624458405141000, -26.58076118445754700, 3.918869757271528500E-016 ) ) ;
#711 = LINE ( 'NONE', #710, #709 ) ;
#712 = CARTESIAN_POINT ( 'NONE',  ( 18.76274169979697600, -25.23725830020310200, 3.918869757271528500E-016 ) ) ;
#713 = ORIENTED_EDGE ( 'NONE', *, *, #714, .T. ) ;
#714 = EDGE_CURVE ( 'NONE', #759, #641, #1907, .T. ) ;
#715 = EDGE_CURVE ( 'NONE', #663, #716, #1901, .T. ) ;
#716 = VERTEX_POINT ( 'NONE', #1881 ) ;
#717 = EDGE_CURVE ( 'NONE', #382, #659, #1879, .T. ) ;
#718 = CARTESIAN_POINT ( 'NONE',  ( 7.583555374952887000, 0.9978032506907930100, 3.800235294117619000 ) ) ;
#719 = B_SPLINE_CURVE_WITH_KNOTS ( 'NONE', 3,
 ( #701, #700, #699, #698, #697, #696 ),
 .UNSPECIFIED., .F., .F.,
 ( 4, 2, 4 ),
 ( 1.110976628180540000E-018, 0.0003426153155703647600, 0.0006852306311407284400 ),
 .UNSPECIFIED. ) ;
#720 = DIRECTION ( 'NONE',  ( -1.000000000000000000, 0.0000000000000000000, 1.084202172485504800E-016 ) ) ;
#721 = DIRECTION ( 'NONE',  ( -1.000802005371231400E-016, 0.0000000000000000000, -1.000000000000000000 ) ) ;
#722 = CARTESIAN_POINT ( 'NONE',  ( 8.643419723378471500, -1.808740453393718100, -0.8500000000000005300 ) ) ;
#723 = AXIS2_PLACEMENT_3D ( 'NONE', #722, #721, #720 ) ;
#724 = CIRCLE ( 'NONE', #723, 2.999999999999999100 ) ;
#725 = CARTESIAN_POINT ( 'NONE',  ( 7.741625102481687100, 1.052512150226178900, -0.8500000000000000900 ) ) ;
#726 = DIRECTION ( 'NONE',  ( 0.0000000000000000000, 0.0000000000000000000, 1.000000000000000000 ) ) ;
#727 = ADVANCED_FACE ( 'NONE', ( #2055 ), #2001, .T. ) ;
#728 = EDGE_LOOP ( 'NONE', ( #729, #873, #690, #919 ) ) ;
#729 = ORIENTED_EDGE ( 'NONE', *, *, #373, .F. ) ;
#730 = ORIENTED_EDGE ( 'NONE', *, *, #715, .T. ) ;
#731 = CARTESIAN_POINT ( 'NONE',  ( 11.45843257325784000, 1.699999999999998400, 2.391062644718704400 ) ) ;
#732 = CARTESIAN_POINT ( 'NONE',  ( 11.00174217046197700, 1.674226823875005800, 2.573694799493605700 ) ) ;
#733 = CARTESIAN_POINT ( 'NONE',  ( 10.16149045819225300, 1.591704065925480900, 3.104236165997582600 ) ) ;
#734 = CARTESIAN_POINT ( 'NONE',  ( 9.821234921106457300, 1.539843344241085000, 3.423661614211571400 ) ) ;
#735 = CARTESIAN_POINT ( 'NONE',  ( 9.555206091782395100, 1.493656590518841700, 3.800235294117619000 ) ) ;
#736 = CARTESIAN_POINT ( 'NONE',  ( 11.94999999999999900, 1.700000000000000200, 2.291069018420890400 ) ) ;
#737 = B_SPLINE_CURVE_WITH_KNOTS ( 'NONE', 3,
 ( #735, #734, #733, #732, #731, #911 ),
 .UNSPECIFIED., .F., .F.,
 ( 4, 2, 4 ),
 ( 0.0000000000000000000, 0.5000000000000000000, 1.000000000000000000 ),
 .UNSPECIFIED. ) ;
#738 = CARTESIAN_POINT ( 'NONE',  ( 9.555206091782395100, 1.493656590518841700, 3.800235294117619000 ) ) ;
#739 = DIRECTION ( 'NONE',  ( -1.000000000000000000, 2.708646798918070400E-013, 0.0000000000000000000 ) ) ;
#740 = DIRECTION ( 'NONE',  ( 0.0000000000000000000, 0.0000000000000000000, 1.000000000000000000 ) ) ;
#741 = CARTESIAN_POINT ( 'NONE',  ( 11.94999999999999900, -12.30000000000000600, 3.800235294117619000 ) ) ;
#742 = AXIS2_PLACEMENT_3D ( 'NONE', #741, #740, #739 ) ;
#743 = DIRECTION ( 'NONE',  ( 0.0000000000000000000, 0.0000000000000000000, 1.000000000000000000 ) ) ;
#744 = VECTOR ( 'NONE', #743, 1000.000000000000000 ) ;
#745 = CARTESIAN_POINT ( 'NONE',  ( 9.500000000000003600, 1.483958067260650700, -3.850000000000000100 ) ) ;
#746 = LINE ( 'NONE', #745, #744 ) ;
#747 = DIRECTION ( 'NONE',  ( 0.0000000000000000000, -1.000000000000000000, 0.0000000000000000000 ) ) ;
#748 = CARTESIAN_POINT ( 'NONE',  ( 9.500000000000003600, 1.483958067260650700, 3.800235294117619000 ) ) ;
#749 = DIRECTION ( 'NONE',  ( -1.000000000000000000, -8.921435019309290900E-015, 0.0000000000000000000 ) ) ;
#750 = DIRECTION ( 'NONE',  ( 0.0000000000000000000, 0.0000000000000000000, 1.000000000000000000 ) ) ;
#751 = CARTESIAN_POINT ( 'NONE',  ( 11.94999999999999900, -12.30000000000000600, 3.800235294117619000 ) ) ;
#752 = AXIS2_PLACEMENT_3D ( 'NONE', #751, #750, #749 ) ;
#753 = CIRCLE ( 'NONE', #752, 14.00000000000000500 ) ;
#754 = CARTESIAN_POINT ( 'NONE',  ( 7.741625102481687100, 1.052512150226178900, 3.800235294117617200 ) ) ;
#755 = DIRECTION ( 'NONE',  ( 0.0000000000000000000, 0.0000000000000000000, 1.000000000000000000 ) ) ;
#756 = VECTOR ( 'NONE', #755, 1000.000000000000000 ) ;
#757 = CARTESIAN_POINT ( 'NONE',  ( 7.741625102481687100, 1.052512150226178900, -3.850000000000000100 ) ) ;
#758 = LINE ( 'NONE', #757, #756 ) ;
#759 = VERTEX_POINT ( 'NONE', #2093 ) ;
#760 = VERTEX_POINT ( 'NONE', #2092 ) ;
#761 = ORIENTED_EDGE ( 'NONE', *, *, #762, .T. ) ;
#762 = EDGE_CURVE ( 'NONE', #760, #763, #2089, .T. ) ;
#763 = VERTEX_POINT ( 'NONE', #2054 ) ;
#764 = ORIENTED_EDGE ( 'NONE', *, *, #765, .T. ) ;
#765 = EDGE_CURVE ( 'NONE', #763, #577, #2004, .T. ) ;
#766 = ADVANCED_FACE ( 'NONE', ( #1999 ), #2210, .T. ) ;
#767 = EDGE_LOOP ( 'NONE', ( #768, #783, #784, #713 ) ) ;
#768 = ORIENTED_EDGE ( 'NONE', *, *, #579, .F. ) ;
#769 = ORIENTED_EDGE ( 'NONE', *, *, #770, .T. ) ;
#770 = EDGE_CURVE ( 'NONE', #716, #771, #2012, .T. ) ;
#771 = VERTEX_POINT ( 'NONE', #2008 ) ;
#772 = ADVANCED_FACE ( 'NONE', ( #2007 ), #2115, .F. ) ;
#773 = EDGE_LOOP ( 'NONE', ( #774, #775, #776, #779 ) ) ;
#774 = ORIENTED_EDGE ( 'NONE', *, *, #643, .F. ) ;
#775 = ORIENTED_EDGE ( 'NONE', *, *, #714, .F. ) ;
#776 = ORIENTED_EDGE ( 'NONE', *, *, #777, .T. ) ;
#777 = EDGE_CURVE ( 'NONE', #759, #778, #2005, .T. ) ;
#778 = VERTEX_POINT ( 'NONE', #2122 ) ;
#779 = ORIENTED_EDGE ( 'NONE', *, *, #780, .T. ) ;
#780 = EDGE_CURVE ( 'NONE', #778, #644, #2121, .T. ) ;
#781 = ADVANCED_FACE ( 'NONE', ( #2117 ), #2116, .T. ) ;
#782 = EDGE_LOOP ( 'NONE', ( #818, #685, #686, #823 ) ) ;
#783 = ORIENTED_EDGE ( 'NONE', *, *, #765, .F. ) ;
#784 = ORIENTED_EDGE ( 'NONE', *, *, #785, .T. ) ;
#785 = EDGE_CURVE ( 'NONE', #763, #759, #2083, .T. ) ;
#786 = ADVANCED_FACE ( 'NONE', ( #2079 ), #2078, .T. ) ;
#787 = ADVANCED_FACE ( 'NONE', ( #2207 ), #2206, .T. ) ;
#788 = ADVANCED_FACE ( 'NONE', ( #2201 ), #2205, .F. ) ;
#789 = EDGE_LOOP ( 'NONE', ( #790, #885, #886, #887 ) ) ;
#790 = ORIENTED_EDGE ( 'NONE', *, *, #762, .F. ) ;
#791 = ORIENTED_EDGE ( 'NONE', *, *, #770, .F. ) ;
#792 = ORIENTED_EDGE ( 'NONE', *, *, #554, .F. ) ;
#793 = EDGE_CURVE ( 'NONE', #371, #803, #2142, .T. ) ;
#794 = ORIENTED_EDGE ( 'NONE', *, *, #795, .T. ) ;
#795 = EDGE_CURVE ( 'NONE', #771, #662, #2137, .T. ) ;
#796 = ORIENTED_EDGE ( 'NONE', *, *, #661, .T. ) ;
#797 = ORIENTED_EDGE ( 'NONE', *, *, #798, .T. ) ;
#798 = EDGE_CURVE ( 'NONE', #879, #799, #2133, .T. ) ;
#799 = VERTEX_POINT ( 'NONE', #2129 ) ;
#800 = ORIENTED_EDGE ( 'NONE', *, *, #801, .T. ) ;
#801 = EDGE_CURVE ( 'NONE', #799, #802, #2128, .T. ) ;
#802 = VERTEX_POINT ( 'NONE', #2124 ) ;
#803 = VERTEX_POINT ( 'NONE', #2123 ) ;
#804 = ORIENTED_EDGE ( 'NONE', *, *, #805, .T. ) ;
#805 = EDGE_CURVE ( 'NONE', #803, #806, #2197, .T. ) ;
#806 = VERTEX_POINT ( 'NONE', #2193 ) ;
#807 = ORIENTED_EDGE ( 'NONE', *, *, #810, .T. ) ;
#808 = EDGE_LOOP ( 'NONE', ( #809, #706, #707, #921 ) ) ;
#809 = ORIENTED_EDGE ( 'NONE', *, *, #560, .T. ) ;
#810 = EDGE_CURVE ( 'NONE', #806, #677, #2192, .T. ) ;
#811 = ORIENTED_EDGE ( 'NONE', *, *, #676, .F. ) ;
#812 = ADVANCED_FACE ( 'NONE', ( #2188 ), #2187, .T. ) ;
#813 = ADVANCED_FACE ( 'NONE', ( #2181 ), #2017, .F. ) ;
#814 = EDGE_LOOP ( 'NONE', ( #815, #816, #817, #914 ) ) ;
#815 = ORIENTED_EDGE ( 'NONE', *, *, #494, .F. ) ;
#816 = ORIENTED_EDGE ( 'NONE', *, *, #409, .F. ) ;
#817 = ORIENTED_EDGE ( 'NONE', *, *, #499, .T. ) ;
#818 = ORIENTED_EDGE ( 'NONE', *, *, #646, .F. ) ;
#819 = EDGE_CURVE ( 'NONE', #382, #799, #2018, .T. ) ;
#820 = EDGE_LOOP ( 'NONE', ( #884, #792, #918 ) ) ;
#821 = ORIENTED_EDGE ( 'NONE', *, *, #798, .F. ) ;
#822 = EDGE_CURVE ( 'NONE', #799, #716, #2069, .T. ) ;
#823 = ORIENTED_EDGE ( 'NONE', *, *, #872, .T. ) ;
#824 = VECTOR ( 'NONE', #726, 1000.000000000000000 ) ;
#825 = CARTESIAN_POINT ( 'NONE',  ( 7.741625102481687100, 1.052512150226178900, -3.850000000000000100 ) ) ;
#826 = LINE ( 'NONE', #825, #824 ) ;
#827 = CARTESIAN_POINT ( 'NONE',  ( 6.250000000000001800, 0.0000000000000000000, -0.8500000000000009800 ) ) ;
#828 = DIRECTION ( 'NONE',  ( 0.0000000000000000000, 0.0000000000000000000, 1.000000000000000000 ) ) ;
#829 = VECTOR ( 'NONE', #828, 1000.000000000000000 ) ;
#830 = CARTESIAN_POINT ( 'NONE',  ( 6.250000000000001800, 0.0000000000000000000, -3.850000000000000100 ) ) ;
#831 = LINE ( 'NONE', #830, #829 ) ;
#832 = CARTESIAN_POINT ( 'NONE',  ( 16.53535533905932900, -30.15165042944959900, 0.0000000000000000000 ) ) ;
#833 = DIRECTION ( 'NONE',  ( -0.7071067811865441300, 0.7071067811865510100, 0.0000000000000000000 ) ) ;
#834 = VECTOR ( 'NONE', #833, 1000.000000000000000 ) ;
#835 = CARTESIAN_POINT ( 'NONE',  ( 51.89069439838654300, -65.50698948877715100, 0.0000000000000000000 ) ) ;
#836 = DIRECTION ( 'NONE',  ( 0.0000000000000000000, 0.0000000000000000000, 1.000000000000000000 ) ) ;
#837 = DIRECTION ( 'NONE',  ( 0.0000000000000000000, 1.000000000000000000, 0.0000000000000000000 ) ) ;
#838 = CARTESIAN_POINT ( 'NONE',  ( 16.04999999999999700, 1.300000000000000000, 0.0000000000000000000 ) ) ;
#839 = AXIS2_PLACEMENT_3D ( 'NONE', #838, #837, #836 ) ;
#840 = CIRCLE ( 'NONE', #839, 1.100000000000003000 ) ;
#841 = LINE ( 'NONE', #835, #834 ) ;
#842 = DIRECTION ( 'NONE',  ( -0.7071067811865513500, -0.7071067811865436900, 0.0000000000000000000 ) ) ;
#843 = DIRECTION ( 'NONE',  ( -0.7071067811865440200, 0.7071067811865510100, 0.0000000000000000000 ) ) ;
#844 = AXIS2_PLACEMENT_3D ( 'NONE', #847, #843, #842 ) ;
#845 = CYLINDRICAL_SURFACE ( 'NONE', #844, 3.199999999999997100 ) ;
#846 = CARTESIAN_POINT ( 'NONE',  ( 16.35000000000000100, 1.300000000000000000, 1.058300524425838600 ) ) ;
#847 = CARTESIAN_POINT ( 'NONE',  ( 17.84350288425444800, -28.84350288425448700, 0.0000000000000000000 ) ) ;
#848 = DIRECTION ( 'NONE',  ( 0.7071067811865513500, 0.7071067811865436900, 0.0000000000000000000 ) ) ;
#849 = DIRECTION ( 'NONE',  ( 0.7071067811865440200, -0.7071067811865511300, 0.0000000000000000000 ) ) ;
#850 = CARTESIAN_POINT ( 'NONE',  ( 17.84350288425444800, -28.84350288425448700, 0.0000000000000000000 ) ) ;
#851 = AXIS2_PLACEMENT_3D ( 'NONE', #850, #849, #848 ) ;
#852 = CIRCLE ( 'NONE', #851, 3.199999999999997100 ) ;
#853 = FACE_OUTER_BOUND ( 'NONE', #14, .T. ) ;
#854 = CARTESIAN_POINT ( 'NONE',  ( 20.10624458405141000, -26.58076118445754700, 3.918869757271528500E-016 ) ) ;
#855 = CARTESIAN_POINT ( 'NONE',  ( 15.58076118445748600, -31.10624458405142400, 0.0000000000000000000 ) ) ;
#856 = ORIENTED_EDGE ( 'NONE', *, *, #857, .T. ) ;
#857 = EDGE_CURVE ( 'NONE', #802, #878, #2064, .T. ) ;
#858 = ADVANCED_FACE ( 'NONE', ( #2060 ), #2059, .F. ) ;
#859 = EDGE_LOOP ( 'NONE', ( #863, #804, #807, #811 ) ) ;
#860 = ORIENTED_EDGE ( 'NONE', *, *, #682, .F. ) ;
#861 = EDGE_LOOP ( 'NONE', ( #730, #769, #794, #796 ) ) ;
#862 = ADVANCED_FACE ( 'NONE', ( #2051 ), #2050, .T. ) ;
#863 = ORIENTED_EDGE ( 'NONE', *, *, #864, .T. ) ;
#864 = EDGE_CURVE ( 'NONE', #674, #803, #2045, .T. ) ;
#865 = ORIENTED_EDGE ( 'NONE', *, *, #405, .F. ) ;
#866 = ORIENTED_EDGE ( 'NONE', *, *, #617, .T. ) ;
#867 = ORIENTED_EDGE ( 'NONE', *, *, #477, .T. ) ;
#868 = ADVANCED_FACE ( 'NONE', ( #2041 ), #2039, .F. ) ;
#869 = EDGE_LOOP ( 'NONE', ( #870, #871, #761, #764 ) ) ;
#870 = ORIENTED_EDGE ( 'NONE', *, *, #575, .F. ) ;
#871 = ORIENTED_EDGE ( 'NONE', *, *, #872, .F. ) ;
#872 = EDGE_CURVE ( 'NONE', #760, #576, #2040, .T. ) ;
#873 = ORIENTED_EDGE ( 'NONE', *, *, #793, .T. ) ;
#874 = ORIENTED_EDGE ( 'NONE', *, *, #717, .T. ) ;
#875 = ADVANCED_FACE ( 'NONE', ( #2031 ), #2030, .F. ) ;
#876 = ORIENTED_EDGE ( 'NONE', *, *, #877, .T. ) ;
#877 = EDGE_CURVE ( 'NONE', #878, #879, #2025, .T. ) ;
#878 = VERTEX_POINT ( 'NONE', #2019 ) ;
#879 = VERTEX_POINT ( 'NONE', #2021 ) ;
#880 = ORIENTED_EDGE ( 'NONE', *, *, #540, .T. ) ;
#881 = ORIENTED_EDGE ( 'NONE', *, *, #822, .F. ) ;
#882 = ORIENTED_EDGE ( 'NONE', *, *, #381, .F. ) ;
#883 = ADVANCED_FACE ( 'NONE', ( #2020 ), #2180, .T. ) ;
#884 = ORIENTED_EDGE ( 'NONE', *, *, #822, .T. ) ;
#885 = ORIENTED_EDGE ( 'NONE', *, *, #687, .F. ) ;
#886 = ORIENTED_EDGE ( 'NONE', *, *, #777, .F. ) ;
#887 = ORIENTED_EDGE ( 'NONE', *, *, #785, .F. ) ;
#888 = CLOSED_SHELL ( 'NONE', ( #609, #635, #640, #621, #596, #647, #428, #583, #444, #466, #474, #480, #456, #416, #386, #390, #375, #875, #858, #862, #812, #727, #544, #550, #557, #366, #787, #786, #535, #541, #688, #883, #813, #915, #868, #766, #772, #781, #788 ) ) ;
#889 = CARTESIAN_POINT ( 'NONE',  ( 6.250000000000002700, 0.0000000000000000000, 2.179105226111349900 ) ) ;
#890 = CARTESIAN_POINT ( 'NONE',  ( 6.250000000000001800, 0.0000000000000000000, 0.8499999999999983100 ) ) ;
#891 = DIRECTION ( 'NONE',  ( -1.000000000000000000, 0.0000000000000000000, 3.614007241618349100E-017 ) ) ;
#892 = DIRECTION ( 'NONE',  ( -3.336006684570782100E-017, 0.0000000000000000000, -1.000000000000000000 ) ) ;
#893 = CARTESIAN_POINT ( 'NONE',  ( 8.643419723378471500, -1.808740453393718100, 0.8500000000000000900 ) ) ;
#894 = AXIS2_PLACEMENT_3D ( 'NONE', #893, #892, #891 ) ;
#895 = CIRCLE ( 'NONE', #894, 2.999999999999999100 ) ;
#896 = DIRECTION ( 'NONE',  ( 1.000000000000000000, 0.0000000000000000000, 0.0000000000000000000 ) ) ;
#897 = DIRECTION ( 'NONE',  ( 0.0000000000000000000, 0.0000000000000000000, 1.000000000000000000 ) ) ;
#898 = CARTESIAN_POINT ( 'NONE',  ( 8.643419723378471500, -1.808740453393718100, -3.850000000000000100 ) ) ;
#899 = AXIS2_PLACEMENT_3D ( 'NONE', #898, #897, #896 ) ;
#900 = CYLINDRICAL_SURFACE ( 'NONE', #899, 2.999999999999999100 ) ;
#901 = FACE_OUTER_BOUND ( 'NONE', #48, .T. ) ;
#902 = DIRECTION ( 'NONE',  ( 0.0000000000000000000, 0.0000000000000000000, 1.000000000000000000 ) ) ;
#903 = VECTOR ( 'NONE', #902, 1000.000000000000000 ) ;
#904 = CARTESIAN_POINT ( 'NONE',  ( 6.250000000000001800, 0.0000000000000000000, -3.850000000000000100 ) ) ;
#905 = LINE ( 'NONE', #904, #903 ) ;
#906 = CARTESIAN_POINT ( 'NONE',  ( 11.94999999999999900, 1.700000000000001100, 1.081665382639197300 ) ) ;
#907 = DIRECTION ( 'NONE',  ( 0.0000000000000000000, 0.0000000000000000000, 1.000000000000000000 ) ) ;
#908 = VECTOR ( 'NONE', #907, 1000.000000000000000 ) ;
#909 = CARTESIAN_POINT ( 'NONE',  ( 11.94999999999999900, 1.700000000000000200, -3.850000000000000100 ) ) ;
#910 = LINE ( 'NONE', #909, #908 ) ;
#911 = CARTESIAN_POINT ( 'NONE',  ( 11.94999999999999900, 1.700000000000000200, 2.291069018420890400 ) ) ;
#912 = ORIENTED_EDGE ( 'NONE', *, *, #801, .F. ) ;
#913 = ORIENTED_EDGE ( 'NONE', *, *, #819, .F. ) ;
#914 = ORIENTED_EDGE ( 'NONE', *, *, #423, .T. ) ;
#915 = ADVANCED_FACE ( 'NONE', ( #2179 ), #2172, .F. ) ;
#916 = EDGE_LOOP ( 'NONE', ( #917, #865, #866, #867 ) ) ;
#917 = ORIENTED_EDGE ( 'NONE', *, *, #568, .F. ) ;
#918 = ORIENTED_EDGE ( 'NONE', *, *, #819, .T. ) ;
#919 = ORIENTED_EDGE ( 'NONE', *, *, #673, .F. ) ;
#920 = EDGE_CURVE ( 'NONE', #806, #802, #2173, .T. ) ;
#921 = ORIENTED_EDGE ( 'NONE', *, *, #805, .F. ) ;
#922 = AXIS2_PLACEMENT_3D ( 'NONE', #984, #983, #978 ) ;
#923 = DIRECTION ( 'NONE',  ( 0.0000000000000000000, 0.0000000000000000000, 1.000000000000000000 ) ) ;
#924 = CARTESIAN_POINT ( 'NONE',  ( 4.500000000000002700, -2.799999999999999800, -5.599999999999999600 ) ) ;
#925 = LINE ( 'NONE', #924, #963 ) ;
#926 = CARTESIAN_POINT ( 'NONE',  ( 16.04999999999999700, 1.700000000000000000, 1.100000000000003000 ) ) ;
#927 = CYLINDRICAL_SURFACE ( 'NONE', #1092, 1.500000000000000900 ) ;
#928 = DIRECTION ( 'NONE',  ( 0.0000000000000000000, 1.000000000000000000, 0.0000000000000000000 ) ) ;
#929 = VECTOR ( 'NONE', #928, 1000.000000000000000 ) ;
#930 = CARTESIAN_POINT ( 'NONE',  ( 16.04999999999999700, 1.300000000000000000, 1.100000000000003000 ) ) ;
#931 = LINE ( 'NONE', #930, #929 ) ;
#932 = FACE_OUTER_BOUND ( 'NONE', #75, .T. ) ;
#933 = CARTESIAN_POINT ( 'NONE',  ( 10.25825117094982600, 0.0000000000000000000, 3.800235294117619000 ) ) ;
#934 = LINE ( 'NONE', #1076, #1075 ) ;
#935 = B_SPLINE_CURVE_WITH_KNOTS ( 'NONE', 3,
 ( #933, #1079, #1078, #1077 ),
 .UNSPECIFIED., .F., .F.,
 ( 4, 4 ),
 ( 0.0000000000000000000, 1.000000000000000000 ),
 .UNSPECIFIED. ) ;
#936 = DIRECTION ( 'NONE',  ( 0.0000000000000000000, 0.0000000000000000000, -1.000000000000000000 ) ) ;
#937 = CARTESIAN_POINT ( 'NONE',  ( 8.643419723378471500, -1.808740453393718100, -3.800235294117678000 ) ) ;
#938 = AXIS2_PLACEMENT_3D ( 'NONE', #937, #936, #1015 ) ;
#939 = CIRCLE ( 'NONE', #938, 2.999999999999999100 ) ;
#940 = DIRECTION ( 'NONE',  ( 1.000000000000000000, 0.0000000000000000000, 0.0000000000000000000 ) ) ;
#941 = DIRECTION ( 'NONE',  ( 0.0000000000000000000, 0.0000000000000000000, 1.000000000000000000 ) ) ;
#942 = AXIS2_PLACEMENT_3D ( 'NONE', #1007, #941, #940 ) ;
#943 = DIRECTION ( 'NONE',  ( -3.336006684570782100E-017, 0.0000000000000000000, -1.000000000000000000 ) ) ;
#944 = VECTOR ( 'NONE', #982, 999.9999999999998900 ) ;
#945 = CARTESIAN_POINT ( 'NONE',  ( 15.58076118445748600, -31.10624458405142400, 0.0000000000000000000 ) ) ;
#946 = LINE ( 'NONE', #945, #944 ) ;
#947 = CARTESIAN_POINT ( 'NONE',  ( 7.000671030216007100, 0.7015138626294636900, 3.612790424961463700 ) ) ;
#948 = B_SPLINE_CURVE_WITH_KNOTS ( 'NONE', 3,
 ( #1004, #988, #987, #986, #985, #954, #953, #952, #951, #950 ),
 .UNSPECIFIED., .F., .F.,
 ( 4, 2, 2, 2, 4 ),
 ( 0.0004219618870063806100, 0.0008776725556001664800, 0.001333383224193952300, 0.001789093892787738300, 0.002244804561381524100 ),
 .UNSPECIFIED. ) ;
#949 = CARTESIAN_POINT ( 'NONE',  ( 4.500000000000002700, -2.799999999999999800, -5.599999999999999600 ) ) ;
#950 = CARTESIAN_POINT ( 'NONE',  ( 6.250000000000002700, 0.0000000000000000000, 2.179105226111349900 ) ) ;
#951 = CARTESIAN_POINT ( 'NONE',  ( 6.252505015393734500, 0.003314767046582087300, 2.334026809317061500 ) ) ;
#952 = CARTESIAN_POINT ( 'NONE',  ( 6.275381809733756800, 0.03411757015373125700, 2.485777606384606700 ) ) ;
#953 = CARTESIAN_POINT ( 'NONE',  ( 6.352338351443297200, 0.1289580274292556300, 2.766409968440588500 ) ) ;
#954 = CARTESIAN_POINT ( 'NONE',  ( 6.406680930069681400, 0.1927709437641291500, 2.897613814479822000 ) ) ;
#955 = CARTESIAN_POINT ( 'NONE',  ( 9.500000000000003600, 1.483958067260650700, 0.8499999999999992000 ) ) ;
#956 = CARTESIAN_POINT ( 'NONE',  ( 4.500000000000002700, -2.799999999999999800, 5.600000000000014700 ) ) ;
#957 = CARTESIAN_POINT ( 'NONE',  ( 9.555561528853202100, 1.493718295220190200, -3.800235294117678000 ) ) ;
#958 = B_SPLINE_CURVE_WITH_KNOTS ( 'NONE', 3,
 ( #957, #1097, #1096, #1095 ),
 .UNSPECIFIED., .F., .F.,
 ( 4, 4 ),
 ( 0.0000000000000000000, 1.000000000000000000 ),
 .UNSPECIFIED. ) ;
#959 = CARTESIAN_POINT ( 'NONE',  ( 4.500000000000005300, -28.19999999999999900, -5.599999999999999600 ) ) ;
#960 = CARTESIAN_POINT ( 'NONE',  ( 1.500000000000004200, -28.19999999999999900, -5.599999999999999600 ) ) ;
#961 = DIRECTION ( 'NONE',  ( 1.000000000000000000, 0.0000000000000000000, 0.0000000000000000000 ) ) ;
#962 = CARTESIAN_POINT ( 'NONE',  ( 4.500000000000005300, -28.19999999999999900, 5.600000000000014700 ) ) ;
#963 = VECTOR ( 'NONE', #923, 1000.000000000000000 ) ;
#964 = CARTESIAN_POINT ( 'NONE',  ( 1.500000000000004200, -28.19999999999999900, 5.600000000000014700 ) ) ;
#965 = DIRECTION ( 'NONE',  ( 0.0000000000000000000, 0.0000000000000000000, 1.000000000000000000 ) ) ;
#966 = VECTOR ( 'NONE', #965, 1000.000000000000000 ) ;
#967 = CARTESIAN_POINT ( 'NONE',  ( 1.500000000000004200, -28.19999999999999900, -5.599999999999999600 ) ) ;
#968 = LINE ( 'NONE', #967, #966 ) ;
#969 = FACE_OUTER_BOUND ( 'NONE', #67, .T. ) ;
#970 = CARTESIAN_POINT ( 'NONE',  ( 16.35000000000000100, 1.700000000000000000, 1.058300524425838600 ) ) ;
#971 = DIRECTION ( 'NONE',  ( 0.0000000000000000000, 0.0000000000000000000, 1.000000000000000000 ) ) ;
#972 = DIRECTION ( 'NONE',  ( 0.0000000000000000000, 1.000000000000000000, 0.0000000000000000000 ) ) ;
#973 = CARTESIAN_POINT ( 'NONE',  ( 16.04999999999999700, 1.700000000000000000, 0.0000000000000000000 ) ) ;
#974 = AXIS2_PLACEMENT_3D ( 'NONE', #973, #972, #971 ) ;
#975 = CIRCLE ( 'NONE', #974, 1.100000000000003000 ) ;
#976 = CIRCLE ( 'NONE', #1001, 1.500000000000000400 ) ;
#977 = DIRECTION ( 'NONE',  ( 0.0000000000000000000, 0.0000000000000000000, 1.000000000000000000 ) ) ;
#978 = DIRECTION ( 'NONE',  ( 1.000000000000000000, 0.0000000000000000000, 0.0000000000000000000 ) ) ;
#979 = DIRECTION ( 'NONE',  ( 0.7071067811865440200, -0.7071067811865511300, 0.0000000000000000000 ) ) ;
#980 = CARTESIAN_POINT ( 'NONE',  ( 16.50000000000001400, -27.50000000000003900, 0.0000000000000000000 ) ) ;
#981 = AXIS2_PLACEMENT_3D ( 'NONE', #980, #979, #1080 ) ;
#982 = DIRECTION ( 'NONE',  ( -0.7071067811865441300, 0.7071067811865510100, 0.0000000000000000000 ) ) ;
#983 = DIRECTION ( 'NONE',  ( 0.0000000000000000000, 0.0000000000000000000, 1.000000000000000000 ) ) ;
#984 = CARTESIAN_POINT ( 'NONE',  ( 11.94999999999999900, -12.30000000000000600, -3.850000000000000100 ) ) ;
#985 = CARTESIAN_POINT ( 'NONE',  ( 6.537972352974127200, 0.3304509061864965300, 3.136507159541733100 ) ) ;
#986 = CARTESIAN_POINT ( 'NONE',  ( 6.614780859778603500, 0.4044154522705636900, 3.244871257687472500 ) ) ;
#987 = CARTESIAN_POINT ( 'NONE',  ( 6.791588630513213200, 0.5543414971915562300, 3.444217090180145700 ) ) ;
#988 = CARTESIAN_POINT ( 'NONE',  ( 6.891656837913816800, 0.6301733132685970500, 3.534589372952732200 ) ) ;
#989 = CARTESIAN_POINT ( 'NONE',  ( 8.643419723378471500, -1.808740453393718100, 3.800235294117619000 ) ) ;
#990 = AXIS2_PLACEMENT_3D ( 'NONE', #989, #1009, #1008 ) ;
#991 = FACE_OUTER_BOUND ( 'NONE', #110, .T. ) ;
#992 = CARTESIAN_POINT ( 'NONE',  ( 1.500000000000001100, -2.799999999999999800, -5.599999999999999600 ) ) ;
#993 = LINE ( 'NONE', #992, #1045 ) ;
#994 = DIRECTION ( 'NONE',  ( 1.000000000000000000, 0.0000000000000000000, 0.0000000000000000000 ) ) ;
#995 = DIRECTION ( 'NONE',  ( 0.0000000000000000000, 0.0000000000000000000, 1.000000000000000000 ) ) ;
#996 = AXIS2_PLACEMENT_3D ( 'NONE', #1021, #995, #994 ) ;
#997 = AXIS2_PLACEMENT_3D ( 'NONE', #1089, #943, #1033 ) ;
#998 = DIRECTION ( 'NONE',  ( 1.000000000000000000, 0.0000000000000000000, 0.0000000000000000000 ) ) ;
#999 = DIRECTION ( 'NONE',  ( 0.0000000000000000000, 0.0000000000000000000, 1.000000000000000000 ) ) ;
#1000 = CARTESIAN_POINT ( 'NONE',  ( 3.000000000000001800, -2.799999999999999800, 5.600000000000014700 ) ) ;
#1001 = AXIS2_PLACEMENT_3D ( 'NONE', #1000, #999, #998 ) ;
#1002 = CIRCLE ( 'NONE', #981, 3.199999999999999700 ) ;
#1003 = CARTESIAN_POINT ( 'NONE',  ( 14.23725830020305200, -29.76274169979697600, 0.0000000000000000000 ) ) ;
#1004 = CARTESIAN_POINT ( 'NONE',  ( 7.000671030216007100, 0.7015138626294636900, 3.612790424961463700 ) ) ;
#1005 = CIRCLE ( 'NONE', #990, 2.999999999999999100 ) ;
#1006 = CYLINDRICAL_SURFACE ( 'NONE', #942, 2.999999999999999100 ) ;
#1007 = CARTESIAN_POINT ( 'NONE',  ( 8.643419723378471500, -1.808740453393718100, -3.850000000000000100 ) ) ;
#1008 = DIRECTION ( 'NONE',  ( -1.000000000000000000, -4.083828183028734800E-014, 0.0000000000000000000 ) ) ;
#1009 = DIRECTION ( 'NONE',  ( 0.0000000000000000000, 0.0000000000000000000, 1.000000000000000000 ) ) ;
#1010 = DIRECTION ( 'NONE',  ( 1.000000000000000000, -7.062802723619854500E-015, 0.0000000000000000000 ) ) ;
#1011 = DIRECTION ( 'NONE',  ( 0.0000000000000000000, 0.0000000000000000000, -1.000000000000000000 ) ) ;
#1012 = CARTESIAN_POINT ( 'NONE',  ( 11.94999999999999900, -12.30000000000000600, -3.800235294117678000 ) ) ;
#1013 = AXIS2_PLACEMENT_3D ( 'NONE', #1012, #1011, #1010 ) ;
#1014 = CIRCLE ( 'NONE', #1013, 14.00000000000000500 ) ;
#1015 = DIRECTION ( 'NONE',  ( 1.000000000000000000, 5.153574326547766100E-014, 0.0000000000000000000 ) ) ;
#1016 = DIRECTION ( 'NONE',  ( 0.0000000000000000000, 0.0000000000000000000, 1.000000000000000000 ) ) ;
#1017 = VECTOR ( 'NONE', #1016, 1000.000000000000000 ) ;
#1018 = CARTESIAN_POINT ( 'NONE',  ( 4.500000000000005300, -28.19999999999999900, -5.599999999999999600 ) ) ;
#1019 = LINE ( 'NONE', #1018, #1017 ) ;
#1020 = CARTESIAN_POINT ( 'NONE',  ( 3.000000000000004900, -28.19999999999999900, -5.599999999999999600 ) ) ;
#1021 = CARTESIAN_POINT ( 'NONE',  ( 3.000000000000001800, -2.799999999999999800, -5.599999999999999600 ) ) ;
#1022 = CYLINDRICAL_SURFACE ( 'NONE', #996, 1.500000000000000400 ) ;
#1023 = FACE_OUTER_BOUND ( 'NONE', #99, .T. ) ;
#1024 = DIRECTION ( 'NONE',  ( -1.000000000000000000, 0.0000000000000000000, 0.0000000000000000000 ) ) ;
#1025 = DIRECTION ( 'NONE',  ( 0.0000000000000000000, 0.0000000000000000000, -1.000000000000000000 ) ) ;
#1026 = CARTESIAN_POINT ( 'NONE',  ( 7.330576210960907200, 1.700000000000000000, 3.800235294117619000 ) ) ;
#1027 = AXIS2_PLACEMENT_3D ( 'NONE', #1026, #1025, #1024 ) ;
#1028 = PLANE ( 'NONE',  #1027 ) ;
#1029 = CARTESIAN_POINT ( 'NONE',  ( 17.45007842880959400, 0.0000000000000000000, 2.600235294117646300 ) ) ;
#1030 = CARTESIAN_POINT ( 'NONE',  ( 17.40562023025772500, 0.5668790788244504300, 2.466851981453074900 ) ) ;
#1031 = CARTESIAN_POINT ( 'NONE',  ( 17.35875770296813800, 1.133589494770164100, 2.333508354171732500 ) ) ;
#1032 = CARTESIAN_POINT ( 'NONE',  ( 17.30838945350664900, 1.700000000000000000, 2.200235294117657100 ) ) ;
#1033 = DIRECTION ( 'NONE',  ( -1.000000000000000000, 0.0000000000000000000, 3.097720492815725800E-017 ) ) ;
#1034 = CARTESIAN_POINT ( 'NONE',  ( 3.000000000000004900, -28.19999999999999900, -5.599999999999999600 ) ) ;
#1035 = AXIS2_PLACEMENT_3D ( 'NONE', #1034, #977, #961 ) ;
#1036 = CIRCLE ( 'NONE', #1035, 1.500000000000000900 ) ;
#1037 = DIRECTION ( 'NONE',  ( 1.000000000000000000, 0.0000000000000000000, 0.0000000000000000000 ) ) ;
#1038 = DIRECTION ( 'NONE',  ( 0.0000000000000000000, 0.0000000000000000000, 1.000000000000000000 ) ) ;
#1039 = CARTESIAN_POINT ( 'NONE',  ( 3.000000000000001800, -2.799999999999999800, -5.599999999999999600 ) ) ;
#1040 = AXIS2_PLACEMENT_3D ( 'NONE', #1039, #1038, #1037 ) ;
#1041 = CIRCLE ( 'NONE', #1040, 1.500000000000000400 ) ;
#1042 = CARTESIAN_POINT ( 'NONE',  ( 1.500000000000001100, -2.799999999999999800, -5.599999999999999600 ) ) ;
#1043 = CARTESIAN_POINT ( 'NONE',  ( 1.500000000000001100, -2.799999999999999800, 5.600000000000014700 ) ) ;
#1044 = DIRECTION ( 'NONE',  ( 0.0000000000000000000, 0.0000000000000000000, 1.000000000000000000 ) ) ;
#1045 = VECTOR ( 'NONE', #1044, 1000.000000000000000 ) ;
#1046 = CARTESIAN_POINT ( 'NONE',  ( 8.050000000000002500, 1.700000000000000000, 2.200235294117640200 ) ) ;
#1047 = AXIS2_PLACEMENT_3D ( 'NONE', #1046, #1069, #1068 ) ;
#1048 = FACE_OUTER_BOUND ( 'NONE', #149, .T. ) ;
#1049 = PLANE ( 'NONE',  #1047 ) ;
#1050 = FACE_OUTER_BOUND ( 'NONE', #147, .T. ) ;
#1051 = DIRECTION ( 'NONE',  ( 0.2290393337255431100, -0.9734171683335770500, 7.449748296296163700E-016 ) ) ;
#1052 = VECTOR ( 'NONE', #1051, 999.9999999999998900 ) ;
#1053 = CARTESIAN_POINT ( 'NONE',  ( 17.85023529411765300, 1.700000000000000000, 0.9999999999999991100 ) ) ;
#1054 = DIRECTION ( 'NONE',  ( 0.0000000000000000000, 0.0000000000000000000, -1.000000000000000000 ) ) ;
#1055 = DIRECTION ( 'NONE',  ( 0.0000000000000000000, -1.000000000000000000, 0.0000000000000000000 ) ) ;
#1056 = CARTESIAN_POINT ( 'NONE',  ( 16.24999999999999300, 1.700000000000000000, 0.9999999999999940000 ) ) ;
#1057 = AXIS2_PLACEMENT_3D ( 'NONE', #1056, #1055, #1054 ) ;
#1058 = VECTOR ( 'NONE', #747, 1000.000000000000000 ) ;
#1059 = CARTESIAN_POINT ( 'NONE',  ( 7.583555374952887000, 1.700000000000000000, 3.800235294117619000 ) ) ;
#1060 = LINE ( 'NONE', #1059, #1058 ) ;
#1061 = DIRECTION ( 'NONE',  ( 0.0000000000000000000, 0.0000000000000000000, 1.000000000000000000 ) ) ;
#1062 = B_SPLINE_SURFACE_WITH_KNOTS ( 'NONE', 1, 3, ( 
 ( #1223, #1198, #1214, #1150 ),
 ( #1213, #1107, #1136, #1135 ),
 ( #1117, #1152, #1151, #1113 ) ),
 .UNSPECIFIED., .F., .F., .F.,
 ( 2, 1, 2 ),
 ( 4, 4 ),
 ( -0.01000000000000000000, 0.0000000000000000000, 1.000000000000000000 ),
 ( 0.004524432349622233200, 0.007305600990464175700 ),
 .UNSPECIFIED. ) ;
#1063 = CARTESIAN_POINT ( 'NONE',  ( 7.583555374952887000, 1.700000000000000000, 2.800235294117619000 ) ) ;
#1064 = CYLINDRICAL_SURFACE ( 'NONE', #1066, 1.000000000000000000 ) ;
#1065 = DIRECTION ( 'NONE',  ( 0.0000000000000000000, 0.0000000000000000000, -1.000000000000000000 ) ) ;
#1066 = AXIS2_PLACEMENT_3D ( 'NONE', #1063, #1067, #1065 ) ;
#1067 = DIRECTION ( 'NONE',  ( 0.0000000000000000000, -1.000000000000000000, 0.0000000000000000000 ) ) ;
#1068 = DIRECTION ( 'NONE',  ( 0.0000000000000000000, -0.9734171683335770500, 0.2290393337255431400 ) ) ;
#1069 = DIRECTION ( 'NONE',  ( -1.699539204719330500E-015, 0.2290393337255431400, 0.9734171683335770500 ) ) ;
#1070 = LINE ( 'NONE', #1053, #1052 ) ;
#1071 = CONICAL_SURFACE ( 'NONE', #1057, 1.600235294117659200, 0.2310906671958932500 ) ;
#1072 = FACE_OUTER_BOUND ( 'NONE', #139, .T. ) ;
#1073 = CARTESIAN_POINT ( 'NONE',  ( 0.1000000000000000100, -20.77351874937408400, 3.799999999999998000 ) ) ;
#1074 = DIRECTION ( 'NONE',  ( 0.0000000000000000000, -1.000000000000000000, -1.644749510165960600E-016 ) ) ;
#1075 = VECTOR ( 'NONE', #1074, 1000.000000000000000 ) ;
#1076 = CARTESIAN_POINT ( 'NONE',  ( 0.1000000000000000100, -10.22648125062591400, 3.799999999999999400 ) ) ;
#1077 = CARTESIAN_POINT ( 'NONE',  ( 9.555206091782395100, 1.493656590518841700, 3.800235294117619000 ) ) ;
#1078 = CARTESIAN_POINT ( 'NONE',  ( 9.789424925474838400, 0.9958452290361622400, 3.800235294117619000 ) ) ;
#1079 = CARTESIAN_POINT ( 'NONE',  ( 10.02383804821233100, 0.4979226145180807900, 3.800235294117619000 ) ) ;
#1080 = DIRECTION ( 'NONE',  ( 0.7071067811865507900, 0.7071067811865442400, 0.0000000000000000000 ) ) ;
#1081 = CARTESIAN_POINT ( 'NONE',  ( 7.741625102481687100, 1.052512150226178900, 0.8499999999999983100 ) ) ;
#1082 = CYLINDRICAL_SURFACE ( 'NONE', #922, 14.00000000000000500 ) ;
#1083 = CIRCLE ( 'NONE', #997, 14.00000000000000500 ) ;
#1084 = DIRECTION ( 'NONE',  ( 1.000000000000000000, 0.0000000000000000000, 0.0000000000000000000 ) ) ;
#1085 = DIRECTION ( 'NONE',  ( 0.0000000000000000000, 0.0000000000000000000, 1.000000000000000000 ) ) ;
#1086 = CARTESIAN_POINT ( 'NONE',  ( 3.000000000000004900, -28.19999999999999900, 5.600000000000014700 ) ) ;
#1087 = AXIS2_PLACEMENT_3D ( 'NONE', #1086, #1085, #1084 ) ;
#1088 = CIRCLE ( 'NONE', #1087, 1.500000000000000900 ) ;
#1089 = CARTESIAN_POINT ( 'NONE',  ( 11.94999999999999900, -12.30000000000000600, 0.8500000000000000900 ) ) ;
#1090 = DIRECTION ( 'NONE',  ( 1.000000000000000000, 0.0000000000000000000, 0.0000000000000000000 ) ) ;
#1091 = DIRECTION ( 'NONE',  ( 0.0000000000000000000, 0.0000000000000000000, 1.000000000000000000 ) ) ;
#1092 = AXIS2_PLACEMENT_3D ( 'NONE', #1020, #1091, #1090 ) ;
#1093 = FACE_OUTER_BOUND ( 'NONE', #242, .T. ) ;
#1094 = B_SPLINE_CURVE_WITH_KNOTS ( 'NONE', 3,
 ( #1032, #1031, #1030, #1029 ),
 .UNSPECIFIED., .F., .F.,
 ( 4, 4 ),
 ( 2.168404344971008900E-019, 0.001752163167551010600 ),
 .UNSPECIFIED. ) ;
#1095 = CARTESIAN_POINT ( 'NONE',  ( 10.25839176650548100, 0.0000000000000000000, -3.800235294117678000 ) ) ;
#1096 = CARTESIAN_POINT ( 'NONE',  ( 10.02411502062138900, 0.4979060984067300600, -3.800235294117678000 ) ) ;
#1097 = CARTESIAN_POINT ( 'NONE',  ( 9.789838274737293800, 0.9958121968134604500, -3.800235294117678000 ) ) ;
#1098 = FACE_OUTER_BOUND ( 'NONE', #350, .T. ) ;
#1099 = DIRECTION ( 'NONE',  ( 9.932997728394886900E-016, -0.9734171683335770500, -0.2290393337255431400 ) ) ;
#1100 = VECTOR ( 'NONE', #1099, 999.9999999999998900 ) ;
#1101 = DIRECTION ( 'NONE',  ( 0.0000000000000000000, 1.000000000000000000, 0.0000000000000000000 ) ) ;
#1102 = CARTESIAN_POINT ( 'NONE',  ( 12.15000000000000000, 1.300000000000000000, 0.0000000000000000000 ) ) ;
#1103 = AXIS2_PLACEMENT_3D ( 'NONE', #1102, #1101, #1209 ) ;
#1104 = CYLINDRICAL_SURFACE ( 'NONE', #1103, 1.100000000000001000 ) ;
#1105 = DIRECTION ( 'NONE',  ( 0.0000000000000000000, -1.000000000000000000, 0.0000000000000000000 ) ) ;
#1106 = B_SPLINE_CURVE_WITH_KNOTS ( 'NONE', 3,
 ( #1168, #1167, #1166, #1212, #1211, #1210, #1197, #1196, #1195, #1110 ),
 .UNSPECIFIED., .F., .F.,
 ( 4, 2, 2, 2, 4 ),
 ( 2.357126526345954500E-016, 0.0004581232415106733400, 0.0009162464830211109600, 0.001374369724531548500, 0.001832492966041986200 ),
 .UNSPECIFIED. ) ;
#1107 = CARTESIAN_POINT ( 'NONE',  ( 11.23873439263953100, 0.002079960852027112100, 2.866254554090802200 ) ) ;
#1108 = CARTESIAN_POINT ( 'NONE',  ( 17.30838945350666700, 1.700000000000000000, -2.200235294117657500 ) ) ;
#1109 = CYLINDRICAL_SURFACE ( 'NONE', #1240, 1.100000000000001000 ) ;
#1110 = CARTESIAN_POINT ( 'NONE',  ( 7.000671030215894300, 0.7015138626294148400, -3.612790424961756800 ) ) ;
#1111 = FACE_OUTER_BOUND ( 'NONE', #169, .T. ) ;
#1112 = B_SPLINE_CURVE_WITH_KNOTS ( 'NONE', 3,
 ( #1108, #1125, #1124, #1123 ),
 .UNSPECIFIED., .F., .F.,
 ( 4, 4 ),
 ( 0.0000000000000000000, 0.001752163167551010800 ),
 .UNSPECIFIED. ) ;
#1113 = CARTESIAN_POINT ( 'NONE',  ( 9.478511353871454000, 1.480121330092043500, 3.913563222935578800 ) ) ;
#1114 = CARTESIAN_POINT ( 'NONE',  ( 12.73062527150310400, 1.700000000000000000, -2.200235294117656600 ) ) ;
#1115 = DIRECTION ( 'NONE',  ( 0.0000000000000000000, 0.0000000000000000000, 1.000000000000000000 ) ) ;
#1116 = VECTOR ( 'NONE', #1115, 1000.000000000000000 ) ;
#1117 = CARTESIAN_POINT ( 'NONE',  ( 11.94999999999999900, 1.700000000000000000, 2.291069018420893100 ) ) ;
#1118 = LINE ( 'NONE', #1158, #1157 ) ;
#1119 = DIRECTION ( 'NONE',  ( 0.0000000000000000000, 0.0000000000000000000, 1.000000000000000000 ) ) ;
#1120 = DIRECTION ( 'NONE',  ( -1.000000000000000000, 0.0000000000000000000, 0.0000000000000000000 ) ) ;
#1121 = CARTESIAN_POINT ( 'NONE',  ( 0.1000000000000000100, -15.50000000000000000, 0.0000000000000000000 ) ) ;
#1122 = PLANE ( 'NONE',  #1252 ) ;
#1123 = CARTESIAN_POINT ( 'NONE',  ( 17.45007842880961500, 0.0000000000000000000, -2.600235294117647200 ) ) ;
#1124 = CARTESIAN_POINT ( 'NONE',  ( 17.40562023025774600, 0.5668790788244504300, -2.466851981453073200 ) ) ;
#1125 = CARTESIAN_POINT ( 'NONE',  ( 17.35875770296815500, 1.133589494770164100, -2.333508354171733000 ) ) ;
#1126 = DIRECTION ( 'NONE',  ( 0.0000000000000000000, 1.000000000000000000, 0.0000000000000000000 ) ) ;
#1127 = VECTOR ( 'NONE', #1126, 1000.000000000000000 ) ;
#1128 = CARTESIAN_POINT ( 'NONE',  ( 11.85000000000000100, 1.300000000000000000, 1.058300524425837200 ) ) ;
#1129 = LINE ( 'NONE', #1128, #1127 ) ;
#1130 = FACE_OUTER_BOUND ( 'NONE', #228, .T. ) ;
#1131 = DIRECTION ( 'NONE',  ( 0.0000000000000000000, 1.000000000000000000, 0.0000000000000000000 ) ) ;
#1132 = VECTOR ( 'NONE', #1131, 1000.000000000000000 ) ;
#1133 = CARTESIAN_POINT ( 'NONE',  ( 11.85000000000000100, 1.300000000000000000, -1.058300524425837200 ) ) ;
#1134 = LINE ( 'NONE', #1133, #1132 ) ;
#1135 = CARTESIAN_POINT ( 'NONE',  ( 10.12593938207789700, -0.1931791171334120400, 4.111981281002536900 ) ) ;
#1136 = CARTESIAN_POINT ( 'NONE',  ( 10.52961444910331900, -0.1096046711576237800, 3.398337813348139700 ) ) ;
#1137 = DIRECTION ( 'NONE',  ( 0.0000000000000000000, 0.0000000000000000000, 1.000000000000000000 ) ) ;
#1138 = DIRECTION ( 'NONE',  ( 0.0000000000000000000, 1.000000000000000000, 0.0000000000000000000 ) ) ;
#1139 = CARTESIAN_POINT ( 'NONE',  ( 12.73062527150311500, 1.700000000000000000, -5.600000000000014700 ) ) ;
#1140 = CARTESIAN_POINT ( 'NONE',  ( 3.000000000000004900, -28.19999999999999900, -5.599999999999999600 ) ) ;
#1141 = DIRECTION ( 'NONE',  ( 0.0000000000000000000, 0.0000000000000000000, 1.000000000000000000 ) ) ;
#1142 = DIRECTION ( 'NONE',  ( 0.0000000000000000000, 1.000000000000000000, 0.0000000000000000000 ) ) ;
#1143 = CARTESIAN_POINT ( 'NONE',  ( 12.15000000000000000, 1.899999999999999900, 0.0000000000000000000 ) ) ;
#1144 = AXIS2_PLACEMENT_3D ( 'NONE', #1143, #1142, #1141 ) ;
#1145 = PLANE ( 'NONE',  #1144 ) ;
#1146 = FACE_OUTER_BOUND ( 'NONE', #207, .T. ) ;
#1147 = AXIS2_PLACEMENT_3D ( 'NONE', #1139, #1138, #1137 ) ;
#1148 = CONICAL_SURFACE ( 'NONE', #1147, 3.399764705882351000, 0.2310906671958928000 ) ;
#1149 = FACE_OUTER_BOUND ( 'NONE', #124, .T. ) ;
#1150 = CARTESIAN_POINT ( 'NONE',  ( 10.13241366235996200, -0.2099121216056666100, 4.113965461583206600 ) ) ;
#1151 = CARTESIAN_POINT ( 'NONE',  ( 9.999246055896886500, 1.575246715755542100, 3.104759829403668000 ) ) ;
#1152 = CARTESIAN_POINT ( 'NONE',  ( 10.91400000693635300, 1.702367435116119300, 2.501726570872859800 ) ) ;
#1153 = CARTESIAN_POINT ( 'NONE',  ( 8.049999999999997200, 1.700000000000000000, 2.149999999999964400 ) ) ;
#1154 = DIRECTION ( 'NONE',  ( 0.0000000000000000000, -1.000000000000000000, 0.0000000000000000000 ) ) ;
#1155 = FACE_OUTER_BOUND ( 'NONE', #185, .T. ) ;
#1156 = DIRECTION ( 'NONE',  ( -1.000000000000000000, 0.0000000000000000000, 0.0000000000000000000 ) ) ;
#1157 = VECTOR ( 'NONE', #1156, 1000.000000000000000 ) ;
#1158 = CARTESIAN_POINT ( 'NONE',  ( 0.1000000000000000100, -20.77351874937408400, 3.799999999999998000 ) ) ;
#1159 = CARTESIAN_POINT ( 'NONE',  ( 7.000671030215894300, 0.7015138626294148400, -3.612790424961756800 ) ) ;
#1160 = CARTESIAN_POINT ( 'NONE',  ( 12.15000000000000000, 1.899999999999999900, 0.0000000000000000000 ) ) ;
#1161 = CARTESIAN_POINT ( 'NONE',  ( 11.85000000000000100, 1.899999999999999900, 1.058300524425837200 ) ) ;
#1162 = CARTESIAN_POINT ( 'NONE',  ( 11.85000000000000100, 1.899999999999999900, -1.058300524425837200 ) ) ;
#1163 = DIRECTION ( 'NONE',  ( 0.0000000000000000000, 0.0000000000000000000, 1.000000000000000000 ) ) ;
#1164 = DIRECTION ( 'NONE',  ( 0.0000000000000000000, 1.000000000000000000, 0.0000000000000000000 ) ) ;
#1165 = AXIS2_PLACEMENT_3D ( 'NONE', #1169, #1164, #1163 ) ;
#1166 = CARTESIAN_POINT ( 'NONE',  ( 6.274969917846536100, 0.03359773195505994000, -2.483999331869848800 ) ) ;
#1167 = CARTESIAN_POINT ( 'NONE',  ( 6.252508888994932500, 0.003319892797762966000, -2.334266370500484000 ) ) ;
#1168 = CARTESIAN_POINT ( 'NONE',  ( 6.250000000000002700, 0.0000000000000000000, -2.179105226109578900 ) ) ;
#1169 = CARTESIAN_POINT ( 'NONE',  ( 12.15000000000000000, 1.899999999999999900, 0.0000000000000000000 ) ) ;
#1170 = CIRCLE ( 'NONE', #1165, 1.100000000000001000 ) ;
#1171 = DIRECTION ( 'NONE',  ( 0.0000000000000000000, 1.000000000000000000, 0.0000000000000000000 ) ) ;
#1172 = VECTOR ( 'NONE', #1171, 1000.000000000000000 ) ;
#1173 = CARTESIAN_POINT ( 'NONE',  ( 12.45000000000000100, 1.300000000000000000, -1.058300524425837200 ) ) ;
#1174 = LINE ( 'NONE', #1222, #1221 ) ;
#1175 = FACE_OUTER_BOUND ( 'NONE', #268, .T. ) ;
#1176 = DIRECTION ( 'NONE',  ( 0.0000000000000000000, -1.000000000000000000, 0.0000000000000000000 ) ) ;
#1177 = DIRECTION ( 'NONE',  ( 1.000000000000000000, 0.0000000000000000000, 0.0000000000000000000 ) ) ;
#1178 = FACE_OUTER_BOUND ( 'NONE', #237, .T. ) ;
#1179 = DIRECTION ( 'NONE',  ( 0.0000000000000000000, 0.0000000000000000000, 1.000000000000000000 ) ) ;
#1180 = VECTOR ( 'NONE', #1179, 1000.000000000000000 ) ;
#1181 = CARTESIAN_POINT ( 'NONE',  ( 11.85000000000000100, 1.899999999999999900, -1.058300524425837200 ) ) ;
#1182 = LINE ( 'NONE', #1181, #1180 ) ;
#1183 = CARTESIAN_POINT ( 'NONE',  ( 15.75000000000000000, 1.700000000000000000, -1.058300524425839900 ) ) ;
#1184 = DIRECTION ( 'NONE',  ( 0.0000000000000000000, 0.0000000000000000000, 1.000000000000000000 ) ) ;
#1185 = DIRECTION ( 'NONE',  ( 0.0000000000000000000, 1.000000000000000000, 0.0000000000000000000 ) ) ;
#1186 = CARTESIAN_POINT ( 'NONE',  ( 16.04999999999999700, 1.700000000000000000, 0.0000000000000000000 ) ) ;
#1187 = AXIS2_PLACEMENT_3D ( 'NONE', #1186, #1185, #1184 ) ;
#1188 = CIRCLE ( 'NONE', #1187, 1.100000000000001000 ) ;
#1189 = CARTESIAN_POINT ( 'NONE',  ( 15.75000000000000000, 1.700000000000000000, 1.058300524425839900 ) ) ;
#1190 = AXIS2_PLACEMENT_3D ( 'NONE', #1121, #1120, #1119 ) ;
#1191 = CYLINDRICAL_SURFACE ( 'NONE', #1190, 6.500000000000000900 ) ;
#1192 = AXIS2_PLACEMENT_3D ( 'NONE', #1204, #1203, #1202 ) ;
#1193 = CIRCLE ( 'NONE', #1192, 1.100000000000001000 ) ;
#1194 = CARTESIAN_POINT ( 'NONE',  ( 11.85000000000000100, 1.300000000000000000, -1.058300524425837200 ) ) ;
#1195 = CARTESIAN_POINT ( 'NONE',  ( 6.890564402436564400, 0.6294584068381518000, -3.533805717157759900 ) ) ;
#1196 = CARTESIAN_POINT ( 'NONE',  ( 6.790944778631083700, 0.5538061191804127800, -3.443517951745620000 ) ) ;
#1197 = CARTESIAN_POINT ( 'NONE',  ( 6.615104008012805200, 0.4046788668660629700, -3.245208762804415900 ) ) ;
#1198 = CARTESIAN_POINT ( 'NONE',  ( 11.24198173649656100, -0.01492291389061381000, 2.869899833922982000 ) ) ;
#1199 = FACE_OUTER_BOUND ( 'NONE', #164, .T. ) ;
#1200 = LINE ( 'NONE', #1173, #1172 ) ;
#1201 = CARTESIAN_POINT ( 'NONE',  ( 12.45000000000000100, 1.300000000000000000, -1.058300524425837200 ) ) ;
#1202 = DIRECTION ( 'NONE',  ( 0.0000000000000000000, 0.0000000000000000000, 1.000000000000000000 ) ) ;
#1203 = DIRECTION ( 'NONE',  ( 0.0000000000000000000, 1.000000000000000000, 0.0000000000000000000 ) ) ;
#1204 = CARTESIAN_POINT ( 'NONE',  ( 12.15000000000000000, 1.300000000000000000, 0.0000000000000000000 ) ) ;
#1205 = DIRECTION ( 'NONE',  ( 0.0000000000000000000, 1.000000000000000000, 0.0000000000000000000 ) ) ;
#1206 = VECTOR ( 'NONE', #1205, 1000.000000000000000 ) ;
#1207 = CARTESIAN_POINT ( 'NONE',  ( 11.85000000000000100, 1.300000000000000000, -1.058300524425837200 ) ) ;
#1208 = LINE ( 'NONE', #1207, #1206 ) ;
#1209 = DIRECTION ( 'NONE',  ( 0.0000000000000000000, 0.0000000000000000000, 1.000000000000000000 ) ) ;
#1210 = CARTESIAN_POINT ( 'NONE',  ( 6.537558770752276900, 0.3300715804575432000, -3.136021734519383500 ) ) ;
#1211 = CARTESIAN_POINT ( 'NONE',  ( 6.405461735786738100, 0.1914373671305041600, -2.895124976370667500 ) ) ;
#1212 = CARTESIAN_POINT ( 'NONE',  ( 6.352277024739585400, 0.1288946012520785800, -2.766460903474168700 ) ) ;
#1213 = CARTESIAN_POINT ( 'NONE',  ( 12.04184462326494300, 6.722053469410127500E-015, 2.680381958325687400 ) ) ;
#1214 = CARTESIAN_POINT ( 'NONE',  ( 10.53491813303538300, -0.1264531850267554300, 3.401273593187584200 ) ) ;
#1215 = CARTESIAN_POINT ( 'NONE',  ( 7.741625102481687100, 1.052512150226178900, -3.850000000000000100 ) ) ;
#1216 = LINE ( 'NONE', #1215, #1116 ) ;
#1217 = AXIS2_PLACEMENT_3D ( 'NONE', #1153, #1220, #1219 ) ;
#1218 = CYLINDRICAL_SURFACE ( 'NONE', #1217, 1.800235294117680900 ) ;
#1219 = DIRECTION ( 'NONE',  ( 0.0000000000000000000, 0.0000000000000000000, -1.000000000000000000 ) ) ;
#1220 = DIRECTION ( 'NONE',  ( 0.0000000000000000000, -1.000000000000000000, 0.0000000000000000000 ) ) ;
#1221 = VECTOR ( 'NONE', #1154, 1000.000000000000000 ) ;
#1222 = CARTESIAN_POINT ( 'NONE',  ( 7.000671030216038200, 1.700000000000000000, -3.612790424961526400 ) ) ;
#1223 = CARTESIAN_POINT ( 'NONE',  ( 12.04276306949759100, -0.01699999999999321200, 2.684275087724735400 ) ) ;
#1224 = CARTESIAN_POINT ( 'NONE',  ( 11.94999999999999900, -12.30000000000000600, -3.850000000000000100 ) ) ;
#1225 = CYLINDRICAL_SURFACE ( 'NONE', #1247, 14.00000000000000500 ) ;
#1226 = DIRECTION ( 'NONE',  ( 1.000000000000000000, 0.0000000000000000000, 0.0000000000000000000 ) ) ;
#1227 = DIRECTION ( 'NONE',  ( 0.0000000000000000000, 0.0000000000000000000, 1.000000000000000000 ) ) ;
#1228 = AXIS2_PLACEMENT_3D ( 'NONE', #1140, #1227, #1226 ) ;
#1229 = CYLINDRICAL_SURFACE ( 'NONE', #1228, 1.500000000000000900 ) ;
#1230 = FACE_OUTER_BOUND ( 'NONE', #301, .T. ) ;
#1231 = DIRECTION ( 'NONE',  ( 0.0000000000000000000, 0.0000000000000000000, 1.000000000000000000 ) ) ;
#1232 = DIRECTION ( 'NONE',  ( 0.0000000000000000000, 1.000000000000000000, 0.0000000000000000000 ) ) ;
#1233 = CARTESIAN_POINT ( 'NONE',  ( 16.04999999999999700, 1.700000000000000000, 0.0000000000000000000 ) ) ;
#1234 = AXIS2_PLACEMENT_3D ( 'NONE', #1233, #1232, #1231 ) ;
#1235 = CIRCLE ( 'NONE', #1234, 1.100000000000003000 ) ;
#1236 = CARTESIAN_POINT ( 'NONE',  ( 0.1000000000000000100, -20.77351874937408400, -3.799999999999999800 ) ) ;
#1237 = DIRECTION ( 'NONE',  ( 0.0000000000000000000, 0.0000000000000000000, 1.000000000000000000 ) ) ;
#1238 = DIRECTION ( 'NONE',  ( 0.0000000000000000000, 1.000000000000000000, 0.0000000000000000000 ) ) ;
#1239 = DIRECTION ( 'NONE',  ( 0.0000000000000000000, 0.0000000000000000000, -1.000000000000000000 ) ) ;
#1240 = AXIS2_PLACEMENT_3D ( 'NONE', #1160, #1105, #1239 ) ;
#1241 = CARTESIAN_POINT ( 'NONE',  ( 8.050000000000009600, 1.700000000000000000, -2.150000000000033700 ) ) ;
#1242 = AXIS2_PLACEMENT_3D ( 'NONE', #1241, #1238, #1237 ) ;
#1243 = FACE_BOUND ( 'NONE', #217, .T. ) ;
#1244 = FACE_OUTER_BOUND ( 'NONE', #227, .T. ) ;
#1245 = DIRECTION ( 'NONE',  ( 1.000000000000000000, 0.0000000000000000000, 0.0000000000000000000 ) ) ;
#1246 = DIRECTION ( 'NONE',  ( 0.0000000000000000000, 0.0000000000000000000, 1.000000000000000000 ) ) ;
#1247 = AXIS2_PLACEMENT_3D ( 'NONE', #1224, #1246, #1245 ) ;
#1248 = PLANE ( 'NONE',  #1242 ) ;
#1249 = DIRECTION ( 'NONE',  ( 0.0000000000000000000, 0.9734171683335770500, 0.2290393337255431100 ) ) ;
#1250 = DIRECTION ( 'NONE',  ( 0.0000000000000000000, 0.2290393337255431100, -0.9734171683335770500 ) ) ;
#1251 = CARTESIAN_POINT ( 'NONE',  ( 8.050000000000009600, 1.700000000000000000, -2.200235294117656600 ) ) ;
#1252 = AXIS2_PLACEMENT_3D ( 'NONE', #1251, #1250, #1249 ) ;
#1253 = LINE ( 'NONE', #1114, #1100 ) ;
#1254 = DIRECTION ( 'NONE',  ( 0.0000000000000000000, 0.0000000000000000000, -1.000000000000000000 ) ) ;
#1255 = DIRECTION ( 'NONE',  ( 0.0000000000000000000, 1.000000000000000000, 0.0000000000000000000 ) ) ;
#1256 = VECTOR ( 'NONE', #1255, 1000.000000000000000 ) ;
#1257 = CARTESIAN_POINT ( 'NONE',  ( 15.75000000000000000, 1.300000000000000000, -1.058300524425839900 ) ) ;
#1258 = LINE ( 'NONE', #1257, #1256 ) ;
#1259 = CARTESIAN_POINT ( 'NONE',  ( 15.75000000000000000, 1.899999999999999900, 1.058300524425839900 ) ) ;
#1260 = CARTESIAN_POINT ( 'NONE',  ( 15.75000000000000000, 1.899999999999999900, -1.058300524425839400 ) ) ;
#1261 = DIRECTION ( 'NONE',  ( 0.0000000000000000000, 0.0000000000000000000, 1.000000000000000000 ) ) ;
#1262 = DIRECTION ( 'NONE',  ( 0.0000000000000000000, 1.000000000000000000, 0.0000000000000000000 ) ) ;
#1263 = AXIS2_PLACEMENT_3D ( 'NONE', #1412, #1262, #1261 ) ;
#1264 = CIRCLE ( 'NONE', #1263, 1.100000000000002800 ) ;
#1265 = PLANE ( 'NONE',  #1374 ) ;
#1266 = DIRECTION ( 'NONE',  ( -0.2290393337255431100, 0.9734171683335770500, 0.0000000000000000000 ) ) ;
#1267 = DIRECTION ( 'NONE',  ( 0.0000000000000000000, 1.000000000000000000, 0.0000000000000000000 ) ) ;
#1268 = VECTOR ( 'NONE', #1267, 1000.000000000000000 ) ;
#1269 = CARTESIAN_POINT ( 'NONE',  ( 16.35000000000000100, 1.300000000000000000, -1.058300524425838800 ) ) ;
#1270 = LINE ( 'NONE', #1269, #1268 ) ;
#1271 = DIRECTION ( 'NONE',  ( 0.0000000000000000000, 1.000000000000000000, 0.0000000000000000000 ) ) ;
#1272 = VECTOR ( 'NONE', #1271, 1000.000000000000000 ) ;
#1273 = CARTESIAN_POINT ( 'NONE',  ( 7.000671030216006200, 1.700000000000000000, 3.612790424961463700 ) ) ;
#1274 = LINE ( 'NONE', #1273, #1272 ) ;
#1275 = CARTESIAN_POINT ( 'NONE',  ( 12.04184462326494300, 0.0000000000000000000, 2.680381958325687400 ) ) ;
#1276 = CARTESIAN_POINT ( 'NONE',  ( 16.04999999999999700, 1.700000000000000000, 0.0000000000000000000 ) ) ;
#1277 = FACE_OUTER_BOUND ( 'NONE', #160, .T. ) ;
#1278 = DIRECTION ( 'NONE',  ( 0.0000000000000000000, 0.0000000000000000000, 1.000000000000000000 ) ) ;
#1279 = DIRECTION ( 'NONE',  ( 0.0000000000000000000, 1.000000000000000000, 0.0000000000000000000 ) ) ;
#1280 = DIRECTION ( 'NONE',  ( 0.2290393337255431400, -0.9734171683335770500, 1.614112130864169000E-015 ) ) ;
#1281 = VECTOR ( 'NONE', #1280, 999.9999999999998900 ) ;
#1282 = CARTESIAN_POINT ( 'NONE',  ( 17.85023529411765300, 1.700000000000000000, -0.9999999999999967800 ) ) ;
#1283 = DIRECTION ( 'NONE',  ( 0.0000000000000000000, 0.0000000000000000000, 1.000000000000000000 ) ) ;
#1284 = DIRECTION ( 'NONE',  ( 0.0000000000000000000, 1.000000000000000000, 0.0000000000000000000 ) ) ;
#1285 = AXIS2_PLACEMENT_3D ( 'NONE', #1349, #1284, #1283 ) ;
#1286 = CIRCLE ( 'NONE', #1285, 1.600235294117656100 ) ;
#1287 = DIRECTION ( 'NONE',  ( 0.0000000000000000000, 0.0000000000000000000, -1.000000000000000000 ) ) ;
#1288 = LINE ( 'NONE', #1435, #1434 ) ;
#1289 = CARTESIAN_POINT ( 'NONE',  ( 17.85023529411765300, 1.700000000000000000, -0.9999999999999967800 ) ) ;
#1290 = B_SPLINE_CURVE_WITH_KNOTS ( 'NONE', 3,
 ( #1307, #1306, #1305, #1436 ),
 .UNSPECIFIED., .F., .F.,
 ( 4, 4 ),
 ( 0.0000000000000000000, 0.0006850035190110754400 ),
 .UNSPECIFIED. ) ;
#1291 = DIRECTION ( 'NONE',  ( 0.0000000000000000000, 0.0000000000000000000, 1.000000000000000000 ) ) ;
#1292 = DIRECTION ( 'NONE',  ( 0.0000000000000000000, 1.000000000000000000, 0.0000000000000000000 ) ) ;
#1293 = CARTESIAN_POINT ( 'NONE',  ( 16.04999999999999700, 1.300000000000000000, 0.0000000000000000000 ) ) ;
#1294 = AXIS2_PLACEMENT_3D ( 'NONE', #1293, #1292, #1291 ) ;
#1295 = CYLINDRICAL_SURFACE ( 'NONE', #1294, 1.100000000000003000 ) ;
#1296 = FACE_OUTER_BOUND ( 'NONE', #353, .T. ) ;
#1297 = FACE_OUTER_BOUND ( 'NONE', #349, .T. ) ;
#1298 = DIRECTION ( 'NONE',  ( 0.0000000000000000000, 0.0000000000000000000, -1.000000000000000000 ) ) ;
#1299 = VECTOR ( 'NONE', #1298, 1000.000000000000000 ) ;
#1300 = CARTESIAN_POINT ( 'NONE',  ( 16.35000000000000100, 1.300000000000000000, -1.058300524425838800 ) ) ;
#1301 = DIRECTION ( 'NONE',  ( 0.9734171683335770500, 0.2290393337255431100, 0.0000000000000000000 ) ) ;
#1302 = CARTESIAN_POINT ( 'NONE',  ( 17.85023529411765300, 1.700000000000000000, -2.150000000000033700 ) ) ;
#1303 = AXIS2_PLACEMENT_3D ( 'NONE', #1302, #1301, #1266 ) ;
#1304 = FACE_OUTER_BOUND ( 'NONE', #126, .T. ) ;
#1305 = CARTESIAN_POINT ( 'NONE',  ( 7.166787966578329600, 0.8102233182330194100, -3.731953984362943900 ) ) ;
#1306 = CARTESIAN_POINT ( 'NONE',  ( 7.366595295075996800, 0.9158703545957059800, -3.800235294117678000 ) ) ;
#1307 = CARTESIAN_POINT ( 'NONE',  ( 7.583555374952913700, 0.9978032506908030000, -3.800235294117678000 ) ) ;
#1308 = CARTESIAN_POINT ( 'NONE',  ( 12.73062527150307400, 1.700000000000000000, 5.599999999999994300 ) ) ;
#1309 = DIRECTION ( 'NONE',  ( 0.0000000000000000000, 0.0000000000000000000, 1.000000000000000000 ) ) ;
#1310 = DIRECTION ( 'NONE',  ( 0.0000000000000000000, 1.000000000000000000, 0.0000000000000000000 ) ) ;
#1311 = CARTESIAN_POINT ( 'NONE',  ( 12.04184554956022300, 0.0000000000000000000, -2.680381739799247800 ) ) ;
#1312 = CARTESIAN_POINT ( 'NONE',  ( 11.94996285222692300, 1.700134202295584800, -2.290705806380799000 ) ) ;
#1313 = VECTOR ( 'NONE', #1430, 1000.000000000000000 ) ;
#1314 = DIRECTION ( 'NONE',  ( -9.932997728394886900E-016, -0.9734171683335770500, 0.2290393337255431400 ) ) ;
#1315 = VECTOR ( 'NONE', #1314, 999.9999999999998900 ) ;
#1316 = CARTESIAN_POINT ( 'NONE',  ( 12.73062527150308700, 1.700000000000000000, 2.200235294117648200 ) ) ;
#1317 = LINE ( 'NONE', #1316, #1315 ) ;
#1318 = CARTESIAN_POINT ( 'NONE',  ( 12.01122974884329700, 0.5666666666666713100, 2.550610978357423300 ) ) ;
#1319 = CARTESIAN_POINT ( 'NONE',  ( 11.98061487442164700, 1.133333333333335500, 2.420839998389158900 ) ) ;
#1320 = CARTESIAN_POINT ( 'NONE',  ( 11.94999999999999900, 1.700000000000000200, 2.291069018420890400 ) ) ;
#1321 = B_SPLINE_CURVE_WITH_KNOTS ( 'NONE', 3,
 ( #1320, #1319, #1318, #1275 ),
 .UNSPECIFIED., .F., .F.,
 ( 4, 4 ),
 ( 0.0000000000000000000, 1.000000000000000000 ),
 .UNSPECIFIED. ) ;
#1322 = FACE_OUTER_BOUND ( 'NONE', #196, .T. ) ;
#1323 = CONICAL_SURFACE ( 'NONE', #1370, 1.600235294117655900, 0.2310906671958922500 ) ;
#1324 = FACE_OUTER_BOUND ( 'NONE', #315, .T. ) ;
#1325 = DIRECTION ( 'NONE',  ( 1.000000000000000000, 0.0000000000000000000, 0.0000000000000000000 ) ) ;
#1326 = DIRECTION ( 'NONE',  ( 0.0000000000000000000, 0.0000000000000000000, 1.000000000000000000 ) ) ;
#1327 = CARTESIAN_POINT ( 'NONE',  ( 8.643419723378471500, -1.808740453393718100, -3.850000000000000100 ) ) ;
#1328 = PLANE ( 'NONE',  #1393 ) ;
#1329 = FACE_OUTER_BOUND ( 'NONE', #283, .T. ) ;
#1330 = AXIS2_PLACEMENT_3D ( 'NONE', #1389, #1377, #1337 ) ;
#1331 = CARTESIAN_POINT ( 'NONE',  ( 8.050000000000009600, 1.700000000000000000, -2.150000000000033700 ) ) ;
#1332 = DIRECTION ( 'NONE',  ( 0.0000000000000000000, 0.0000000000000000000, 1.000000000000000000 ) ) ;
#1333 = DIRECTION ( 'NONE',  ( 0.0000000000000000000, 1.000000000000000000, 0.0000000000000000000 ) ) ;
#1334 = AXIS2_PLACEMENT_3D ( 'NONE', #1276, #1333, #1332 ) ;
#1335 = CIRCLE ( 'NONE', #1334, 1.100000000000003000 ) ;
#1336 = LINE ( 'NONE', #1431, #1313 ) ;
#1337 = DIRECTION ( 'NONE',  ( 0.0000000000000000000, 0.0000000000000000000, -1.000000000000000000 ) ) ;
#1338 = DIRECTION ( 'NONE',  ( 0.0000000000000000000, 1.000000000000000000, 0.0000000000000000000 ) ) ;
#1339 = VECTOR ( 'NONE', #1338, 1000.000000000000000 ) ;
#1340 = CARTESIAN_POINT ( 'NONE',  ( 7.583555374952913700, 1.700000000000000000, -3.800235294117678000 ) ) ;
#1341 = LINE ( 'NONE', #1340, #1339 ) ;
#1342 = CARTESIAN_POINT ( 'NONE',  ( 16.04999999999999700, 1.300000000000000000, 0.0000000000000000000 ) ) ;
#1343 = AXIS2_PLACEMENT_3D ( 'NONE', #1342, #1279, #1278 ) ;
#1344 = PLANE ( 'NONE',  #1343 ) ;
#1345 = FACE_OUTER_BOUND ( 'NONE', #337, .T. ) ;
#1346 = DIRECTION ( 'NONE',  ( 0.0000000000000000000, -1.000000000000000000, 0.0000000000000000000 ) ) ;
#1347 = CARTESIAN_POINT ( 'NONE',  ( 7.583555374952913700, 1.700000000000000000, -2.800235294117678000 ) ) ;
#1348 = AXIS2_PLACEMENT_3D ( 'NONE', #1347, #1346, #1287 ) ;
#1349 = CARTESIAN_POINT ( 'NONE',  ( 16.25000000000000000, 1.700000000000000000, -1.000000000000007800 ) ) ;
#1350 = CYLINDRICAL_SURFACE ( 'NONE', #1348, 1.000000000000000000 ) ;
#1351 = FACE_OUTER_BOUND ( 'NONE', #325, .T. ) ;
#1352 = DIRECTION ( 'NONE',  ( 0.0000000000000000000, 0.0000000000000000000, -1.000000000000000000 ) ) ;
#1353 = B_SPLINE_CURVE_WITH_KNOTS ( 'NONE', 1,
 ( #1312, #1311 ),
 .UNSPECIFIED., .F., .F.,
 ( 2, 2 ),
 ( 0.0000000000000000000, 1.000000000000000000 ),
 .UNSPECIFIED. ) ;
#1354 = FACE_OUTER_BOUND ( 'NONE', #319, .T. ) ;
#1355 = DIRECTION ( 'NONE',  ( 0.0000000000000000000, 0.0000000000000000000, 1.000000000000000000 ) ) ;
#1356 = DIRECTION ( 'NONE',  ( -1.000000000000000000, 0.0000000000000000000, 0.0000000000000000000 ) ) ;
#1357 = CARTESIAN_POINT ( 'NONE',  ( 0.1000000000000000100, -15.50000000000000000, 0.0000000000000000000 ) ) ;
#1358 = AXIS2_PLACEMENT_3D ( 'NONE', #1357, #1356, #1355 ) ;
#1359 = CYLINDRICAL_SURFACE ( 'NONE', #1358, 6.500000000000000900 ) ;
#1360 = CARTESIAN_POINT ( 'NONE',  ( 7.583555374952913700, 0.9978032506908030000, -3.800235294117678000 ) ) ;
#1361 = CARTESIAN_POINT ( 'NONE',  ( 9.555561528853202100, 1.493718295220190800, -3.800235294117677100 ) ) ;
#1362 = CARTESIAN_POINT ( 'NONE',  ( 12.15746289374963000, -0.0006979968981712415800, -2.655501200648000100 ) ) ;
#1363 = B_SPLINE_SURFACE_WITH_KNOTS ( 'NONE', 1, 3, ( 
 ( #1407, #1406, #1405, #1362 ),
 ( #1361, #1380, #1379, #1378 ) ),
 .UNSPECIFIED., .F., .F., .F.,
 ( 2, 2 ),
 ( 4, 4 ),
 ( 0.0000000000000000000, 1.000000000000000000 ),
 ( 0.004391995747677388000, 0.007173164388519344400 ),
 .UNSPECIFIED. ) ;
#1364 = DIRECTION ( 'NONE',  ( 1.000000000000000000, 0.0000000000000000000, 0.0000000000000000000 ) ) ;
#1365 = CARTESIAN_POINT ( 'NONE',  ( 12.45000000000000100, 1.300000000000000000, -1.058300524425837200 ) ) ;
#1366 = AXIS2_PLACEMENT_3D ( 'NONE', #1365, #1364, #1352 ) ;
#1367 = PLANE ( 'NONE',  #1366 ) ;
#1368 = DIRECTION ( 'NONE',  ( 0.0000000000000000000, 0.0000000000000000000, -1.000000000000000000 ) ) ;
#1369 = DIRECTION ( 'NONE',  ( 0.0000000000000000000, -1.000000000000000000, 0.0000000000000000000 ) ) ;
#1370 = AXIS2_PLACEMENT_3D ( 'NONE', #1395, #1369, #1368 ) ;
#1371 = DIRECTION ( 'NONE',  ( 1.000000000000000000, 0.0000000000000000000, 0.0000000000000000000 ) ) ;
#1372 = DIRECTION ( 'NONE',  ( 0.0000000000000000000, 0.0000000000000000000, 1.000000000000000000 ) ) ;
#1373 = CARTESIAN_POINT ( 'NONE',  ( 7.330576210960914300, 1.700000000000000000, -3.800235294117678000 ) ) ;
#1374 = AXIS2_PLACEMENT_3D ( 'NONE', #1373, #1372, #1371 ) ;
#1375 = CYLINDRICAL_SURFACE ( 'NONE', #1386, 1.100000000000001000 ) ;
#1376 = FACE_OUTER_BOUND ( 'NONE', #327, .T. ) ;
#1377 = DIRECTION ( 'NONE',  ( 1.000000000000000000, 0.0000000000000000000, 0.0000000000000000000 ) ) ;
#1378 = CARTESIAN_POINT ( 'NONE',  ( 12.09914581193528300, 1.699205531985813500, -2.262870566174842100 ) ) ;
#1379 = CARTESIAN_POINT ( 'NONE',  ( 11.05136106449417200, 1.712914210256891900, -2.438625214713597200 ) ) ;
#1380 = CARTESIAN_POINT ( 'NONE',  ( 10.11327697251458000, 1.592452074421002700, -3.008630306375222200 ) ) ;
#1381 = LINE ( 'NONE', #1282, #1281 ) ;
#1382 = DIRECTION ( 'NONE',  ( 0.0000000000000000000, 0.0000000000000000000, 1.000000000000000000 ) ) ;
#1383 = AXIS2_PLACEMENT_3D ( 'NONE', #1308, #1404, #1403 ) ;
#1384 = CONICAL_SURFACE ( 'NONE', #1383, 3.399764705882345300, 0.2310906671958928000 ) ;
#1385 = FACE_OUTER_BOUND ( 'NONE', #274, .T. ) ;
#1386 = AXIS2_PLACEMENT_3D ( 'NONE', #1387, #1310, #1309 ) ;
#1387 = CARTESIAN_POINT ( 'NONE',  ( 12.15000000000000000, 1.300000000000000000, 0.0000000000000000000 ) ) ;
#1388 = FACE_OUTER_BOUND ( 'NONE', #312, .T. ) ;
#1389 = CARTESIAN_POINT ( 'NONE',  ( 0.1000000000000000100, -15.50000000000000000, 0.0000000000000000000 ) ) ;
#1390 = DIRECTION ( 'NONE',  ( 0.0000000000000000000, 0.0000000000000000000, 1.000000000000000000 ) ) ;
#1391 = DIRECTION ( 'NONE',  ( -1.000000000000000000, 0.0000000000000000000, 0.0000000000000000000 ) ) ;
#1392 = CARTESIAN_POINT ( 'NONE',  ( 15.75000000000000000, 1.300000000000000000, -1.058300524425839900 ) ) ;
#1393 = AXIS2_PLACEMENT_3D ( 'NONE', #1392, #1391, #1390 ) ;
#1394 = CYLINDRICAL_SURFACE ( 'NONE', #1396, 2.999999999999999100 ) ;
#1395 = CARTESIAN_POINT ( 'NONE',  ( 16.25000000000000000, 1.700000000000000000, -1.000000000000007800 ) ) ;
#1396 = AXIS2_PLACEMENT_3D ( 'NONE', #1327, #1326, #1325 ) ;
#1397 = FACE_OUTER_BOUND ( 'NONE', #310, .T. ) ;
#1398 = CARTESIAN_POINT ( 'NONE',  ( 7.741625102481687100, 1.052512150226178900, -3.800235294117678000 ) ) ;
#1399 = VECTOR ( 'NONE', #1382, 1000.000000000000000 ) ;
#1400 = CARTESIAN_POINT ( 'NONE',  ( 15.75000000000000000, 1.899999999999999900, -1.058300524425839900 ) ) ;
#1401 = LINE ( 'NONE', #1400, #1399 ) ;
#1402 = PLANE ( 'NONE',  #1303 ) ;
#1403 = DIRECTION ( 'NONE',  ( 0.0000000000000000000, 0.0000000000000000000, 1.000000000000000000 ) ) ;
#1404 = DIRECTION ( 'NONE',  ( 0.0000000000000000000, 1.000000000000000000, 0.0000000000000000000 ) ) ;
#1405 = CARTESIAN_POINT ( 'NONE',  ( 11.34521708699553400, 0.01134605615427680700, -2.810577400677108700 ) ) ;
#1406 = CARTESIAN_POINT ( 'NONE',  ( 10.61801154983344900, -0.09448853461582602800, -3.313518428678636300 ) ) ;
#1407 = CARTESIAN_POINT ( 'NONE',  ( 10.18566890351962500, -0.1812332120565396900, -4.011986972434507400 ) ) ;
#1408 = DIRECTION ( 'NONE',  ( 0.0000000000000000000, 0.0000000000000000000, -1.000000000000000000 ) ) ;
#1409 = DIRECTION ( 'NONE',  ( 0.0000000000000000000, -1.000000000000000000, 0.0000000000000000000 ) ) ;
#1410 = AXIS2_PLACEMENT_3D ( 'NONE', #1331, #1409, #1408 ) ;
#1411 = CYLINDRICAL_SURFACE ( 'NONE', #1410, 1.800235294117664900 ) ;
#1412 = CARTESIAN_POINT ( 'NONE',  ( 16.04999999999999700, 1.899999999999999900, 0.0000000000000000000 ) ) ;
#1413 = DIRECTION ( 'NONE',  ( 0.0000000000000000000, 0.0000000000000000000, -1.000000000000000000 ) ) ;
#1414 = DIRECTION ( 'NONE',  ( 0.0000000000000000000, -1.000000000000000000, 0.0000000000000000000 ) ) ;
#1415 = CARTESIAN_POINT ( 'NONE',  ( 16.04999999999999700, 1.899999999999999900, 0.0000000000000000000 ) ) ;
#1416 = AXIS2_PLACEMENT_3D ( 'NONE', #1415, #1414, #1413 ) ;
#1417 = CYLINDRICAL_SURFACE ( 'NONE', #1416, 1.100000000000002800 ) ;
#1418 = CIRCLE ( 'NONE', #1330, 6.500000000000000900 ) ;
#1419 = DIRECTION ( 'NONE',  ( 0.0000000000000000000, 0.0000000000000000000, 1.000000000000000000 ) ) ;
#1420 = VECTOR ( 'NONE', #1419, 1000.000000000000000 ) ;
#1421 = CARTESIAN_POINT ( 'NONE',  ( 15.75000000000000000, 1.300000000000000000, -1.058300524425839900 ) ) ;
#1422 = LINE ( 'NONE', #1421, #1420 ) ;
#1423 = LINE ( 'NONE', #1300, #1299 ) ;
#1424 = DIRECTION ( 'NONE',  ( 0.0000000000000000000, 0.0000000000000000000, -1.000000000000000000 ) ) ;
#1425 = DIRECTION ( 'NONE',  ( 1.000000000000000000, 0.0000000000000000000, 0.0000000000000000000 ) ) ;
#1426 = CARTESIAN_POINT ( 'NONE',  ( 16.35000000000000100, 1.300000000000000000, -1.058300524425838800 ) ) ;
#1427 = AXIS2_PLACEMENT_3D ( 'NONE', #1426, #1425, #1424 ) ;
#1428 = PLANE ( 'NONE',  #1427 ) ;
#1429 = FACE_OUTER_BOUND ( 'NONE', #340, .T. ) ;
#1430 = DIRECTION ( 'NONE',  ( 0.0000000000000000000, 0.0000000000000000000, -1.000000000000000000 ) ) ;
#1431 = CARTESIAN_POINT ( 'NONE',  ( 12.45000000000000100, 1.300000000000000000, -1.058300524425837200 ) ) ;
#1432 = FACE_OUTER_BOUND ( 'NONE', #279, .T. ) ;
#1433 = DIRECTION ( 'NONE',  ( 0.0000000000000000000, 0.0000000000000000000, -1.000000000000000000 ) ) ;
#1434 = VECTOR ( 'NONE', #1433, 1000.000000000000000 ) ;
#1435 = CARTESIAN_POINT ( 'NONE',  ( 17.85023529411765300, 1.700000000000000000, -0.9999999999999940000 ) ) ;
#1436 = CARTESIAN_POINT ( 'NONE',  ( 7.000671030215894300, 0.7015138626294148400, -3.612790424961756800 ) ) ;
#1437 = CARTESIAN_POINT ( 'NONE',  ( 15.90000000000001500, 0.3999999999999993000, -1.399999999999999700 ) ) ;
#1438 = AXIS2_PLACEMENT_3D ( 'NONE', #1614, #1613, #1612 ) ;
#1439 = PLANE ( 'NONE',  #1438 ) ;
#1440 = FACE_OUTER_BOUND ( 'NONE', #467, .T. ) ;
#1441 = DIRECTION ( 'NONE',  ( 1.000000000000000000, 0.0000000000000000000, 0.0000000000000000000 ) ) ;
#1442 = VECTOR ( 'NONE', #1441, 1000.000000000000000 ) ;
#1443 = CARTESIAN_POINT ( 'NONE',  ( 5.694419545274054300E-015, -31.00000000000000000, -5.599999999999999600 ) ) ;
#1444 = LINE ( 'NONE', #1443, #1442 ) ;
#1445 = DIRECTION ( 'NONE',  ( 0.0000000000000000000, 0.0000000000000000000, 1.000000000000000000 ) ) ;
#1446 = DIRECTION ( 'NONE',  ( -1.000000000000000000, 0.0000000000000000000, 0.0000000000000000000 ) ) ;
#1447 = CARTESIAN_POINT ( 'NONE',  ( 15.90000000000001500, 0.0000000000000000000, 3.399999999999999900 ) ) ;
#1448 = DIRECTION ( 'NONE',  ( -0.7071067811865513500, -0.7071067811865438000, 0.0000000000000000000 ) ) ;
#1449 = DIRECTION ( 'NONE',  ( -0.7071067811865438000, 0.7071067811865514600, 0.0000000000000000000 ) ) ;
#1450 = CARTESIAN_POINT ( 'NONE',  ( 53.19884194358163400, -64.19884194358205300, 0.0000000000000000000 ) ) ;
#1451 = AXIS2_PLACEMENT_3D ( 'NONE', #1450, #1449, #1448 ) ;
#1452 = CYLINDRICAL_SURFACE ( 'NONE', #1451, 1.850000000000001200 ) ;
#1453 = CARTESIAN_POINT ( 'NONE',  ( 3.000000000000000000, -2.800000000000000300, 5.599999999999999600 ) ) ;
#1454 = LINE ( 'NONE', #1574, #1493 ) ;
#1455 = CARTESIAN_POINT ( 'NONE',  ( 20.00000000000000700, -24.00000000000006800, -5.599999999999987200 ) ) ;
#1456 = DIRECTION ( 'NONE',  ( 0.7071067811865512400, 0.7071067811865439100, 0.0000000000000000000 ) ) ;
#1457 = VECTOR ( 'NONE', #1456, 1000.000000000000000 ) ;
#1458 = CARTESIAN_POINT ( 'NONE',  ( 6.499999999999935200, -37.50000000000000000, -5.599999999999999600 ) ) ;
#1459 = LINE ( 'NONE', #1458, #1457 ) ;
#1460 = CARTESIAN_POINT ( 'NONE',  ( 13.00000000000000200, -31.00000000000000000, -5.599999999999999600 ) ) ;
#1461 = DIRECTION ( 'NONE',  ( 0.0000000000000000000, 0.0000000000000000000, -1.000000000000000000 ) ) ;
#1462 = VECTOR ( 'NONE', #1461, 1000.000000000000000 ) ;
#1463 = DIRECTION ( 'NONE',  ( 0.7071067811865512400, 0.7071067811865439100, 0.0000000000000000000 ) ) ;
#1464 = DIRECTION ( 'NONE',  ( 0.7071067811865439100, -0.7071067811865512400, 0.0000000000000000000 ) ) ;
#1465 = CARTESIAN_POINT ( 'NONE',  ( 17.84350288425444100, -28.84350288425448400, 0.0000000000000000000 ) ) ;
#1466 = AXIS2_PLACEMENT_3D ( 'NONE', #1465, #1464, #1463 ) ;
#1467 = CARTESIAN_POINT ( 'NONE',  ( 15.90000000000001500, 0.3999999999999993000, 1.399999999999999700 ) ) ;
#1468 = DIRECTION ( 'NONE',  ( 0.0000000000000000000, 0.0000000000000000000, 1.000000000000000000 ) ) ;
#1469 = VECTOR ( 'NONE', #1468, 1000.000000000000000 ) ;
#1470 = CARTESIAN_POINT ( 'NONE',  ( 15.75000000000000000, 1.300000000000000000, 1.058300524425839900 ) ) ;
#1471 = DIRECTION ( 'NONE',  ( 1.000000000000000000, 0.0000000000000000000, 0.0000000000000000000 ) ) ;
#1472 = DIRECTION ( 'NONE',  ( 0.0000000000000000000, 0.0000000000000000000, 1.000000000000000000 ) ) ;
#1473 = CARTESIAN_POINT ( 'NONE',  ( 3.000000000000003100, -28.19999999999999900, -5.599999999999999600 ) ) ;
#1474 = AXIS2_PLACEMENT_3D ( 'NONE', #1473, #1472, #1471 ) ;
#1475 = CIRCLE ( 'NONE', #1474, 1.499999999999999100 ) ;
#1476 = PLANE ( 'NONE',  #1466 ) ;
#1477 = FACE_BOUND ( 'NONE', #433, .T. ) ;
#1478 = FACE_OUTER_BOUND ( 'NONE', #429, .T. ) ;
#1479 = DIRECTION ( 'NONE',  ( 0.0000000000000000000, 0.0000000000000000000, -1.000000000000000000 ) ) ;
#1480 = DIRECTION ( 'NONE',  ( 0.0000000000000000000, -1.000000000000000000, 0.0000000000000000000 ) ) ;
#1481 = CARTESIAN_POINT ( 'NONE',  ( 13.90000000000001500, 0.0000000000000000000, 1.399999999999999700 ) ) ;
#1482 = AXIS2_PLACEMENT_3D ( 'NONE', #1481, #1480, #1479 ) ;
#1483 = CIRCLE ( 'NONE', #1482, 2.000000000000000000 ) ;
#1484 = AXIS2_PLACEMENT_3D ( 'NONE', #1509, #1594, #1593 ) ;
#1485 = CIRCLE ( 'NONE', #1484, 2.000000000000000000 ) ;
#1486 = CARTESIAN_POINT ( 'NONE',  ( 19.15165042944956400, -27.53535533905937500, 2.265596578422602600E-016 ) ) ;
#1487 = DIRECTION ( 'NONE',  ( 0.7071067811865513500, 0.7071067811865436900, 0.0000000000000000000 ) ) ;
#1488 = DIRECTION ( 'NONE',  ( 0.7071067811865438000, -0.7071067811865512400, 0.0000000000000000000 ) ) ;
#1489 = CARTESIAN_POINT ( 'NONE',  ( 17.84350288425444100, -28.84350288425448400, 0.0000000000000000000 ) ) ;
#1490 = AXIS2_PLACEMENT_3D ( 'NONE', #1489, #1488, #1487 ) ;
#1491 = CIRCLE ( 'NONE', #1490, 3.199999999999997100 ) ;
#1492 = CARTESIAN_POINT ( 'NONE',  ( 10.70000000000001000, 0.3999999999999993000, -1.399999999999999700 ) ) ;
#1493 = VECTOR ( 'NONE', #1573, 1000.000000000000000 ) ;
#1494 = CARTESIAN_POINT ( 'NONE',  ( 15.90000000000001500, 0.3999999999999993000, 3.399999999999999900 ) ) ;
#1495 = LINE ( 'NONE', #1494, #1469 ) ;
#1496 = FACE_OUTER_BOUND ( 'NONE', #417, .T. ) ;
#1497 = DIRECTION ( 'NONE',  ( 1.000000000000000000, 0.0000000000000000000, 0.0000000000000000000 ) ) ;
#1498 = DIRECTION ( 'NONE',  ( 0.0000000000000000000, 0.0000000000000000000, 1.000000000000000000 ) ) ;
#1499 = CARTESIAN_POINT ( 'NONE',  ( 3.000000000000000000, -2.800000000000000300, -5.599999999999999600 ) ) ;
#1500 = AXIS2_PLACEMENT_3D ( 'NONE', #1499, #1498, #1497 ) ;
#1501 = CIRCLE ( 'NONE', #1500, 1.499999999999999600 ) ;
#1502 = CARTESIAN_POINT ( 'NONE',  ( 5.694419545274054300E-015, -31.00000000000000000, 5.599999999999999600 ) ) ;
#1503 = LINE ( 'NONE', #1502, #1587 ) ;
#1504 = LINE ( 'NONE', #1470, #1511 ) ;
#1505 = DIRECTION ( 'NONE',  ( 1.000000000000000000, 0.0000000000000000000, 0.0000000000000000000 ) ) ;
#1506 = DIRECTION ( 'NONE',  ( 0.0000000000000000000, 0.0000000000000000000, 1.000000000000000000 ) ) ;
#1507 = AXIS2_PLACEMENT_3D ( 'NONE', #1453, #1506, #1505 ) ;
#1508 = CIRCLE ( 'NONE', #1507, 1.499999999999999600 ) ;
#1509 = CARTESIAN_POINT ( 'NONE',  ( 12.70000000000001000, 0.3999999999999993000, -1.399999999999999700 ) ) ;
#1510 = FACE_OUTER_BOUND ( 'NONE', #367, .T. ) ;
#1511 = VECTOR ( 'NONE', #1528, 1000.000000000000000 ) ;
#1512 = AXIS2_PLACEMENT_3D ( 'NONE', #1577, #1576, #1575 ) ;
#1513 = PLANE ( 'NONE',  #1512 ) ;
#1514 = CARTESIAN_POINT ( 'NONE',  ( 12.70000000000001000, 0.3999999999999993000, 3.399999999999999900 ) ) ;
#1515 = AXIS2_PLACEMENT_3D ( 'NONE', #1584, #1583, #1582 ) ;
#1516 = PLANE ( 'NONE',  #1515 ) ;
#1517 = LINE ( 'NONE', #1581, #1580 ) ;
#1518 = FACE_OUTER_BOUND ( 'NONE', #411, .T. ) ;
#1519 = FACE_BOUND ( 'NONE', #407, .T. ) ;
#1520 = FACE_BOUND ( 'NONE', #403, .T. ) ;
#1521 = DIRECTION ( 'NONE',  ( 1.000000000000000000, 0.0000000000000000000, 0.0000000000000000000 ) ) ;
#1522 = DIRECTION ( 'NONE',  ( 0.0000000000000000000, 0.0000000000000000000, 1.000000000000000000 ) ) ;
#1523 = CARTESIAN_POINT ( 'NONE',  ( 3.000000000000003100, -28.19999999999999900, 5.599999999999999600 ) ) ;
#1524 = AXIS2_PLACEMENT_3D ( 'NONE', #1523, #1522, #1521 ) ;
#1525 = CIRCLE ( 'NONE', #1524, 1.499999999999999100 ) ;
#1526 = DIRECTION ( 'NONE',  ( 1.000000000000000000, 0.0000000000000000000, 0.0000000000000000000 ) ) ;
#1527 = DIRECTION ( 'NONE',  ( 0.0000000000000000000, 0.0000000000000000000, 1.000000000000000000 ) ) ;
#1528 = DIRECTION ( 'NONE',  ( 0.0000000000000000000, 1.000000000000000000, 0.0000000000000000000 ) ) ;
#1529 = DIRECTION ( 'NONE',  ( 0.0000000000000000000, 1.000000000000000000, 0.0000000000000000000 ) ) ;
#1530 = VECTOR ( 'NONE', #1529, 1000.000000000000000 ) ;
#1531 = CARTESIAN_POINT ( 'NONE',  ( 15.90000000000001500, 2.399999999999999500, -1.399999999999999700 ) ) ;
#1532 = FACE_OUTER_BOUND ( 'NONE', #258, .T. ) ;
#1533 = DIRECTION ( 'NONE',  ( 0.0000000000000000000, -1.000000000000000000, 0.0000000000000000000 ) ) ;
#1534 = VECTOR ( 'NONE', #1533, 1000.000000000000000 ) ;
#1535 = CARTESIAN_POINT ( 'NONE',  ( 10.70000000000001000, 0.0000000000000000000, -1.399999999999999700 ) ) ;
#1536 = CARTESIAN_POINT ( 'NONE',  ( 3.000000000000000000, -2.800000000000000300, 5.599999999999999600 ) ) ;
#1537 = AXIS2_PLACEMENT_3D ( 'NONE', #1536, #1061, #1177 ) ;
#1538 = CIRCLE ( 'NONE', #1537, 1.499999999999999600 ) ;
#1539 = AXIS2_PLACEMENT_3D ( 'NONE', #1838, #1833, #2102 ) ;
#1540 = DIRECTION ( 'NONE',  ( 0.0000000000000000000, 0.0000000000000000000, 1.000000000000000000 ) ) ;
#1541 = VECTOR ( 'NONE', #1540, 1000.000000000000000 ) ;
#1542 = CARTESIAN_POINT ( 'NONE',  ( 1.500000000000000400, -2.800000000000000300, -5.599999999999999600 ) ) ;
#1543 = LINE ( 'NONE', #1542, #1541 ) ;
#1544 = DIRECTION ( 'NONE',  ( 0.0000000000000000000, 0.0000000000000000000, 1.000000000000000000 ) ) ;
#1545 = DIRECTION ( 'NONE',  ( 0.0000000000000000000, 1.000000000000000000, 0.0000000000000000000 ) ) ;
#1546 = CARTESIAN_POINT ( 'NONE',  ( 16.04999999999999700, 1.300000000000000000, 0.0000000000000000000 ) ) ;
#1547 = AXIS2_PLACEMENT_3D ( 'NONE', #1546, #1545, #1544 ) ;
#1548 = CYLINDRICAL_SURFACE ( 'NONE', #1547, 1.100000000000003000 ) ;
#1549 = FACE_OUTER_BOUND ( 'NONE', #493, .T. ) ;
#1550 = CARTESIAN_POINT ( 'NONE',  ( 15.75000000000000000, 1.300000000000000000, -1.058300524425839900 ) ) ;
#1551 = DIRECTION ( 'NONE',  ( 0.0000000000000000000, 1.000000000000000000, 0.0000000000000000000 ) ) ;
#1552 = VECTOR ( 'NONE', #1551, 1000.000000000000000 ) ;
#1553 = CARTESIAN_POINT ( 'NONE',  ( 15.75000000000000000, 1.300000000000000000, -1.058300524425839900 ) ) ;
#1554 = DIRECTION ( 'NONE',  ( -1.000000000000000000, 0.0000000000000000000, 0.0000000000000000000 ) ) ;
#1555 = DIRECTION ( 'NONE',  ( 0.0000000000000000000, 0.0000000000000000000, -1.000000000000000000 ) ) ;
#1556 = AXIS2_PLACEMENT_3D ( 'NONE', #1514, #1555, #1554 ) ;
#1557 = DIRECTION ( 'NONE',  ( 0.7071067811865513500, 0.7071067811865438000, 0.0000000000000000000 ) ) ;
#1558 = DIRECTION ( 'NONE',  ( 0.7071067811865438000, -0.7071067811865513500, 0.0000000000000000000 ) ) ;
#1559 = CARTESIAN_POINT ( 'NONE',  ( 53.19884194358163400, -64.19884194358205300, 0.0000000000000000000 ) ) ;
#1560 = AXIS2_PLACEMENT_3D ( 'NONE', #1559, #1558, #1557 ) ;
#1561 = CIRCLE ( 'NONE', #1560, 1.850000000000001200 ) ;
#1562 = CARTESIAN_POINT ( 'NONE',  ( 10.70000000000001000, 0.3999999999999993000, 1.399999999999999700 ) ) ;
#1563 = DIRECTION ( 'NONE',  ( 0.0000000000000000000, 1.000000000000000000, 0.0000000000000000000 ) ) ;
#1564 = VECTOR ( 'NONE', #1563, 1000.000000000000000 ) ;
#1565 = FACE_OUTER_BOUND ( 'NONE', #457, .T. ) ;
#1566 = CYLINDRICAL_SURFACE ( 'NONE', #1635, 3.199999999999999700 ) ;
#1567 = DIRECTION ( 'NONE',  ( 0.0000000000000000000, 0.0000000000000000000, -1.000000000000000000 ) ) ;
#1568 = VECTOR ( 'NONE', #1567, 1000.000000000000000 ) ;
#1569 = CARTESIAN_POINT ( 'NONE',  ( 13.00000000000000200, -31.00000000000000000, 55.19297147925204400 ) ) ;
#1570 = LINE ( 'NONE', #1569, #1568 ) ;
#1571 = CARTESIAN_POINT ( 'NONE',  ( 20.00000000000001100, -24.00000000000006400, 5.599999999999999600 ) ) ;
#1572 = CYLINDRICAL_SURFACE ( 'NONE', #1556, 2.000000000000000000 ) ;
#1573 = DIRECTION ( 'NONE',  ( 0.0000000000000000000, 0.0000000000000000000, -1.000000000000000000 ) ) ;
#1574 = CARTESIAN_POINT ( 'NONE',  ( 10.70000000000001000, 0.3999999999999993000, 3.399999999999999900 ) ) ;
#1575 = DIRECTION ( 'NONE',  ( 0.0000000000000000000, 0.0000000000000000000, 1.000000000000000000 ) ) ;
#1576 = DIRECTION ( 'NONE',  ( 0.0000000000000000000, 1.000000000000000000, 0.0000000000000000000 ) ) ;
#1577 = CARTESIAN_POINT ( 'NONE',  ( 16.04999999999999700, 1.899999999999999900, 0.0000000000000000000 ) ) ;
#1578 = LINE ( 'NONE', #1553, #1552 ) ;
#1579 = DIRECTION ( 'NONE',  ( 0.0000000000000000000, 1.000000000000000000, 0.0000000000000000000 ) ) ;
#1580 = VECTOR ( 'NONE', #1579, 1000.000000000000000 ) ;
#1581 = CARTESIAN_POINT ( 'NONE',  ( 15.75000000000000000, 1.300000000000000000, 1.058300524425839900 ) ) ;
#1582 = DIRECTION ( 'NONE',  ( 1.000000000000000000, 0.0000000000000000000, 0.0000000000000000000 ) ) ;
#1583 = DIRECTION ( 'NONE',  ( 0.0000000000000000000, 0.0000000000000000000, 1.000000000000000000 ) ) ;
#1584 = CARTESIAN_POINT ( 'NONE',  ( 5.694419545274054300E-015, -31.00000000000000000, -5.599999999999999600 ) ) ;
#1585 = CIRCLE ( 'NONE', #1618, 3.199999999999997100 ) ;
#1586 = DIRECTION ( 'NONE',  ( 1.000000000000000000, 0.0000000000000000000, 0.0000000000000000000 ) ) ;
#1587 = VECTOR ( 'NONE', #1586, 1000.000000000000000 ) ;
#1588 = DIRECTION ( 'NONE',  ( 0.7071067811865513500, 0.7071067811865438000, 0.0000000000000000000 ) ) ;
#1589 = DIRECTION ( 'NONE',  ( 0.7071067811865438000, -0.7071067811865513500, 0.0000000000000000000 ) ) ;
#1590 = CARTESIAN_POINT ( 'NONE',  ( 53.19884194358163400, -64.19884194358205300, 0.0000000000000000000 ) ) ;
#1591 = AXIS2_PLACEMENT_3D ( 'NONE', #1590, #1589, #1588 ) ;
#1592 = FACE_OUTER_BOUND ( 'NONE', #391, .T. ) ;
#1593 = DIRECTION ( 'NONE',  ( 1.000000000000000000, 0.0000000000000000000, 0.0000000000000000000 ) ) ;
#1594 = DIRECTION ( 'NONE',  ( 0.0000000000000000000, 0.0000000000000000000, 1.000000000000000000 ) ) ;
#1595 = AXIS2_PLACEMENT_3D ( 'NONE', #1447, #1446, #1445 ) ;
#1596 = PLANE ( 'NONE',  #1595 ) ;
#1597 = LINE ( 'NONE', #1531, #1530 ) ;
#1598 = CARTESIAN_POINT ( 'NONE',  ( 5.694419545274054300E-015, -31.00000000000000000, 5.599999999999999600 ) ) ;
#1599 = AXIS2_PLACEMENT_3D ( 'NONE', #1598, #1527, #1526 ) ;
#1600 = PLANE ( 'NONE',  #1599 ) ;
#1601 = FACE_OUTER_BOUND ( 'NONE', #425, .T. ) ;
#1602 = FACE_BOUND ( 'NONE', #421, .T. ) ;
#1603 = FACE_BOUND ( 'NONE', #475, .T. ) ;
#1604 = DIRECTION ( 'NONE',  ( -1.119176436114069100E-016, 1.000000000000000000, 0.0000000000000000000 ) ) ;
#1605 = VECTOR ( 'NONE', #1604, 1000.000000000000000 ) ;
#1606 = CARTESIAN_POINT ( 'NONE',  ( 20.00000000000000400, 0.0000000000000000000, 5.599999999999999600 ) ) ;
#1607 = LINE ( 'NONE', #1606, #1605 ) ;
#1608 = DIRECTION ( 'NONE',  ( -1.119176436114069100E-016, 1.000000000000000000, 0.0000000000000000000 ) ) ;
#1609 = VECTOR ( 'NONE', #1608, 1000.000000000000000 ) ;
#1610 = CARTESIAN_POINT ( 'NONE',  ( 20.00000000000000400, 0.0000000000000000000, -5.599999999999999600 ) ) ;
#1611 = LINE ( 'NONE', #1610, #1609 ) ;
#1612 = DIRECTION ( 'NONE',  ( 1.119176436114069100E-016, -1.000000000000000000, 0.0000000000000000000 ) ) ;
#1613 = DIRECTION ( 'NONE',  ( -1.000000000000000000, -1.119176436114069100E-016, 0.0000000000000000000 ) ) ;
#1614 = CARTESIAN_POINT ( 'NONE',  ( 20.00000000000000400, 0.0000000000000000000, 5.599999999999999600 ) ) ;
#1615 = DIRECTION ( 'NONE',  ( 0.7071067811865513500, 0.7071067811865436900, 0.0000000000000000000 ) ) ;
#1616 = DIRECTION ( 'NONE',  ( 0.7071067811865438000, -0.7071067811865512400, 0.0000000000000000000 ) ) ;
#1617 = CARTESIAN_POINT ( 'NONE',  ( 16.50000000000000700, -27.50000000000003600, 0.0000000000000000000 ) ) ;
#1618 = AXIS2_PLACEMENT_3D ( 'NONE', #1617, #1616, #1615 ) ;
#1619 = DIRECTION ( 'NONE',  ( 0.0000000000000000000, 0.0000000000000000000, 1.000000000000000000 ) ) ;
#1620 = DIRECTION ( 'NONE',  ( 0.0000000000000000000, 1.000000000000000000, 0.0000000000000000000 ) ) ;
#1621 = CARTESIAN_POINT ( 'NONE',  ( 5.694419545274054300E-015, -31.00000000000000000, 5.599999999999999600 ) ) ;
#1622 = AXIS2_PLACEMENT_3D ( 'NONE', #1621, #1620, #1619 ) ;
#1623 = PLANE ( 'NONE',  #1622 ) ;
#1624 = FACE_OUTER_BOUND ( 'NONE', #445, .T. ) ;
#1625 = CARTESIAN_POINT ( 'NONE',  ( 20.10624458405140700, -26.58076118445754000, 3.918869757271528500E-016 ) ) ;
#1626 = DIRECTION ( 'NONE',  ( 0.7071067811865513500, 0.7071067811865436900, 0.0000000000000000000 ) ) ;
#1627 = LINE ( 'NONE', #1535, #1534 ) ;
#1628 = FACE_OUTER_BOUND ( 'NONE', #376, .T. ) ;
#1629 = FACE_OUTER_BOUND ( 'NONE', #387, .T. ) ;
#1630 = CARTESIAN_POINT ( 'NONE',  ( 20.00000000000000700, -24.00000000000006800, 55.19297147925204400 ) ) ;
#1631 = LINE ( 'NONE', #1630, #1462 ) ;
#1632 = DIRECTION ( 'NONE',  ( -0.7071067811865507900, -0.7071067811865442400, 0.0000000000000000000 ) ) ;
#1633 = DIRECTION ( 'NONE',  ( -0.7071067811865439100, 0.7071067811865512400, 0.0000000000000000000 ) ) ;
#1634 = CARTESIAN_POINT ( 'NONE',  ( 17.84350288425444100, -28.84350288425448400, 0.0000000000000000000 ) ) ;
#1635 = AXIS2_PLACEMENT_3D ( 'NONE', #1634, #1633, #1632 ) ;
#1636 = PLANE ( 'NONE',  #1591 ) ;
#1637 = DIRECTION ( 'NONE',  ( 0.7071067811865438000, -0.7071067811865512400, 0.0000000000000000000 ) ) ;
#1638 = CARTESIAN_POINT ( 'NONE',  ( 17.84350288425444100, -28.84350288425448400, 0.0000000000000000000 ) ) ;
#1639 = AXIS2_PLACEMENT_3D ( 'NONE', #1638, #1637, #1626 ) ;
#1640 = CIRCLE ( 'NONE', #1639, 3.199999999999997100 ) ;
#1641 = DIRECTION ( 'NONE',  ( 0.0000000000000000000, 0.0000000000000000000, -1.000000000000000000 ) ) ;
#1642 = VECTOR ( 'NONE', #1641, 1000.000000000000000 ) ;
#1643 = CARTESIAN_POINT ( 'NONE',  ( 1.898139848424684800E-015, 0.0000000000000000000, 5.599999999999999600 ) ) ;
#1644 = LINE ( 'NONE', #1643, #1642 ) ;
#1645 = LINE ( 'NONE', #1651, #1564 ) ;
#1646 = DIRECTION ( 'NONE',  ( 0.0000000000000000000, 0.0000000000000000000, -1.000000000000000000 ) ) ;
#1647 = DIRECTION ( 'NONE',  ( 1.000000000000000000, 0.0000000000000000000, 0.0000000000000000000 ) ) ;
#1648 = CARTESIAN_POINT ( 'NONE',  ( 10.70000000000001000, 0.0000000000000000000, 3.399999999999999900 ) ) ;
#1649 = AXIS2_PLACEMENT_3D ( 'NONE', #1648, #1647, #1646 ) ;
#1650 = PLANE ( 'NONE',  #1649 ) ;
#1651 = CARTESIAN_POINT ( 'NONE',  ( 10.70000000000001000, 0.0000000000000000000, 1.399999999999999700 ) ) ;
#1652 = CARTESIAN_POINT ( 'NONE',  ( 16.04999999999999700, 1.300000000000000000, 0.0000000000000000000 ) ) ;
#1653 = AXIS2_PLACEMENT_3D ( 'NONE', #1652, #1749, #1748 ) ;
#1654 = CIRCLE ( 'NONE', #1653, 1.100000000000003000 ) ;
#1655 = DIRECTION ( 'NONE',  ( 0.0000000000000000000, 0.0000000000000000000, 1.000000000000000000 ) ) ;
#1656 = DIRECTION ( 'NONE',  ( 0.7071067811865512400, 0.7071067811865439100, 0.0000000000000000000 ) ) ;
#1657 = DIRECTION ( 'NONE',  ( 0.7071067811865439100, -0.7071067811865512400, 0.0000000000000000000 ) ) ;
#1658 = CARTESIAN_POINT ( 'NONE',  ( 20.00000000000000700, -24.00000000000006800, 55.19297147925204400 ) ) ;
#1659 = AXIS2_PLACEMENT_3D ( 'NONE', #1658, #1657, #1656 ) ;
#1660 = PLANE ( 'NONE',  #1659 ) ;
#1661 = LINE ( 'NONE', #1702, #1701 ) ;
#1662 = FACE_BOUND ( 'NONE', #402, .T. ) ;
#1663 = FACE_OUTER_BOUND ( 'NONE', #584, .T. ) ;
#1664 = DIRECTION ( 'NONE',  ( 0.7071067811865513500, 0.7071067811865438000, 0.0000000000000000000 ) ) ;
#1665 = DIRECTION ( 'NONE',  ( 0.7071067811865438000, -0.7071067811865513500, 0.0000000000000000000 ) ) ;
#1666 = DIRECTION ( 'NONE',  ( 0.0000000000000000000, 0.0000000000000000000, -1.000000000000000000 ) ) ;
#1667 = DIRECTION ( 'NONE',  ( 0.0000000000000000000, -1.000000000000000000, 0.0000000000000000000 ) ) ;
#1668 = CARTESIAN_POINT ( 'NONE',  ( 13.90000000000001500, 0.3999999999999993000, -1.399999999999999700 ) ) ;
#1669 = AXIS2_PLACEMENT_3D ( 'NONE', #1668, #1667, #1666 ) ;
#1670 = CARTESIAN_POINT ( 'NONE',  ( 5.694419545274054300E-015, -31.00000000000000000, -5.599999999999999600 ) ) ;
#1671 = CARTESIAN_POINT ( 'NONE',  ( 1.898139848424684800E-015, 0.0000000000000000000, -5.599999999999999600 ) ) ;
#1672 = DIRECTION ( 'NONE',  ( 1.224606353822377300E-016, -1.000000000000000000, 0.0000000000000000000 ) ) ;
#1673 = VECTOR ( 'NONE', #1672, 1000.000000000000000 ) ;
#1674 = CARTESIAN_POINT ( 'NONE',  ( 1.898139848424684800E-015, 0.0000000000000000000, -5.599999999999999600 ) ) ;
#1675 = LINE ( 'NONE', #1674, #1673 ) ;
#1676 = DIRECTION ( 'NONE',  ( -1.224606353822377300E-016, 1.000000000000000000, 0.0000000000000000000 ) ) ;
#1677 = DIRECTION ( 'NONE',  ( 1.000000000000000000, 1.224606353822377300E-016, 0.0000000000000000000 ) ) ;
#1678 = CARTESIAN_POINT ( 'NONE',  ( 1.898139848424684800E-015, 0.0000000000000000000, 5.599999999999999600 ) ) ;
#1679 = AXIS2_PLACEMENT_3D ( 'NONE', #1678, #1677, #1676 ) ;
#1680 = PLANE ( 'NONE',  #1679 ) ;
#1681 = FACE_BOUND ( 'NONE', #437, .T. ) ;
#1682 = FACE_OUTER_BOUND ( 'NONE', #597, .T. ) ;
#1683 = DIRECTION ( 'NONE',  ( -0.7071067811865439100, 0.7071067811865512400, 0.0000000000000000000 ) ) ;
#1684 = VECTOR ( 'NONE', #1683, 1000.000000000000000 ) ;
#1685 = CARTESIAN_POINT ( 'NONE',  ( 15.58076118445747900, -31.10624458405142400, 0.0000000000000000000 ) ) ;
#1686 = LINE ( 'NONE', #1685, #1684 ) ;
#1687 = CARTESIAN_POINT ( 'NONE',  ( 14.23725830020304500, -29.76274169979697600, 0.0000000000000000000 ) ) ;
#1688 = DIRECTION ( 'NONE',  ( 0.7071067811865513500, 0.7071067811865436900, 0.0000000000000000000 ) ) ;
#1689 = DIRECTION ( 'NONE',  ( 0.7071067811865438000, -0.7071067811865512400, 0.0000000000000000000 ) ) ;
#1690 = CARTESIAN_POINT ( 'NONE',  ( 16.50000000000000700, -27.50000000000003600, 0.0000000000000000000 ) ) ;
#1691 = AXIS2_PLACEMENT_3D ( 'NONE', #1690, #1689, #1688 ) ;
#1692 = CIRCLE ( 'NONE', #1691, 3.199999999999997100 ) ;
#1693 = CARTESIAN_POINT ( 'NONE',  ( 18.76274169979696900, -25.23725830020309900, 3.918869757271528500E-016 ) ) ;
#1694 = DIRECTION ( 'NONE',  ( 0.7071067811865513500, 0.7071067811865438000, 0.0000000000000000000 ) ) ;
#1695 = DIRECTION ( 'NONE',  ( 0.7071067811865438000, -0.7071067811865513500, 0.0000000000000000000 ) ) ;
#1696 = CARTESIAN_POINT ( 'NONE',  ( 17.84350288425444500, -28.84350288425448400, 0.0000000000000000000 ) ) ;
#1697 = AXIS2_PLACEMENT_3D ( 'NONE', #1696, #1695, #1694 ) ;
#1698 = CIRCLE ( 'NONE', #1697, 1.850000000000001200 ) ;
#1699 = CARTESIAN_POINT ( 'NONE',  ( 13.00000000000000200, -31.00000000000000000, 5.599999999999999600 ) ) ;
#1700 = DIRECTION ( 'NONE',  ( 0.7071067811865512400, 0.7071067811865439100, 0.0000000000000000000 ) ) ;
#1701 = VECTOR ( 'NONE', #1700, 1000.000000000000000 ) ;
#1702 = CARTESIAN_POINT ( 'NONE',  ( 6.499999999999935200, -37.50000000000000000, 5.599999999999999600 ) ) ;
#1703 = DIRECTION ( 'NONE',  ( 0.0000000000000000000, 0.0000000000000000000, 1.000000000000000000 ) ) ;
#1704 = CIRCLE ( 'NONE', #1669, 2.000000000000000000 ) ;
#1705 = DIRECTION ( 'NONE',  ( 0.0000000000000000000, 0.0000000000000000000, 1.000000000000000000 ) ) ;
#1706 = DIRECTION ( 'NONE',  ( -1.000000000000000000, 0.0000000000000000000, 0.0000000000000000000 ) ) ;
#1707 = CARTESIAN_POINT ( 'NONE',  ( 11.85000000000000100, 1.300000000000000000, -1.058300524425837200 ) ) ;
#1708 = AXIS2_PLACEMENT_3D ( 'NONE', #1707, #1706, #1705 ) ;
#1709 = FACE_OUTER_BOUND ( 'NONE', #551, .T. ) ;
#1710 = DIRECTION ( 'NONE',  ( 0.0000000000000000000, 0.0000000000000000000, -1.000000000000000000 ) ) ;
#1711 = DIRECTION ( 'NONE',  ( 0.0000000000000000000, -1.000000000000000000, 0.0000000000000000000 ) ) ;
#1712 = AXIS2_PLACEMENT_3D ( 'NONE', #1757, #1711, #1710 ) ;
#1713 = CIRCLE ( 'NONE', #1712, 2.000000000000000000 ) ;
#1714 = DIRECTION ( 'NONE',  ( 0.0000000000000000000, 0.0000000000000000000, -1.000000000000000000 ) ) ;
#1715 = DIRECTION ( 'NONE',  ( 0.0000000000000000000, -1.000000000000000000, 0.0000000000000000000 ) ) ;
#1716 = CARTESIAN_POINT ( 'NONE',  ( 4.500000000000000000, -2.800000000000000300, 5.599999999999999600 ) ) ;
#1717 = LINE ( 'NONE', #1848, #1847 ) ;
#1718 = SPHERICAL_SURFACE ( 'NONE', #1819, 2.000000000000000000 ) ;
#1719 = FACE_OUTER_BOUND ( 'NONE', #536, .T. ) ;
#1720 = DIRECTION ( 'NONE',  ( 0.0000000000000000000, 0.0000000000000000000, -1.000000000000000000 ) ) ;
#1721 = DIRECTION ( 'NONE',  ( 1.000000000000000000, 0.0000000000000000000, 0.0000000000000000000 ) ) ;
#1722 = CARTESIAN_POINT ( 'NONE',  ( 12.15000000000000000, 1.300000000000000000, 0.0000000000000000000 ) ) ;
#1723 = FACE_OUTER_BOUND ( 'NONE', #520, .T. ) ;
#1724 = CYLINDRICAL_SURFACE ( 'NONE', #1725, 2.000000000000000000 ) ;
#1725 = AXIS2_PLACEMENT_3D ( 'NONE', #1761, #1760, #1759 ) ;
#1726 = FACE_OUTER_BOUND ( 'NONE', #542, .T. ) ;
#1727 = DIRECTION ( 'NONE',  ( 1.000000000000000000, 0.0000000000000000000, 0.0000000000000000000 ) ) ;
#1728 = DIRECTION ( 'NONE',  ( 0.0000000000000000000, 0.0000000000000000000, 1.000000000000000000 ) ) ;
#1729 = AXIS2_PLACEMENT_3D ( 'NONE', #1815, #1728, #1727 ) ;
#1730 = CIRCLE ( 'NONE', #1729, 2.000000000000000000 ) ;
#1731 = PLANE ( 'NONE',  #1708 ) ;
#1732 = CARTESIAN_POINT ( 'NONE',  ( 1.500000000000003600, -28.19999999999999900, 5.599999999999999600 ) ) ;
#1733 = DIRECTION ( 'NONE',  ( 1.000000000000000000, 0.0000000000000000000, 0.0000000000000000000 ) ) ;
#1734 = DIRECTION ( 'NONE',  ( 0.0000000000000000000, 0.0000000000000000000, 1.000000000000000000 ) ) ;
#1735 = AXIS2_PLACEMENT_3D ( 'NONE', #1737, #1734, #1733 ) ;
#1736 = CYLINDRICAL_SURFACE ( 'NONE', #1735, 1.499999999999999100 ) ;
#1737 = CARTESIAN_POINT ( 'NONE',  ( 3.000000000000003100, -28.19999999999999900, -5.599999999999999600 ) ) ;
#1738 = FACE_OUTER_BOUND ( 'NONE', #610, .T. ) ;
#1739 = CARTESIAN_POINT ( 'NONE',  ( 1.500000000000000400, -2.800000000000000300, -5.599999999999999600 ) ) ;
#1740 = DIRECTION ( 'NONE',  ( 1.000000000000000000, 0.0000000000000000000, 0.0000000000000000000 ) ) ;
#1741 = DIRECTION ( 'NONE',  ( 0.0000000000000000000, 0.0000000000000000000, 1.000000000000000000 ) ) ;
#1742 = CARTESIAN_POINT ( 'NONE',  ( 3.000000000000000000, -2.800000000000000300, -5.599999999999999600 ) ) ;
#1743 = AXIS2_PLACEMENT_3D ( 'NONE', #1742, #1741, #1740 ) ;
#1744 = CIRCLE ( 'NONE', #1743, 1.499999999999999600 ) ;
#1745 = LINE ( 'NONE', #1820, #1746 ) ;
#1746 = VECTOR ( 'NONE', #1655, 1000.000000000000000 ) ;
#1747 = CARTESIAN_POINT ( 'NONE',  ( 16.35000000000000100, 1.300000000000000000, -1.058300524425838800 ) ) ;
#1748 = DIRECTION ( 'NONE',  ( 0.0000000000000000000, 0.0000000000000000000, 1.000000000000000000 ) ) ;
#1749 = DIRECTION ( 'NONE',  ( 0.0000000000000000000, 1.000000000000000000, 0.0000000000000000000 ) ) ;
#1750 = DIRECTION ( 'NONE',  ( 0.0000000000000000000, 0.0000000000000000000, 1.000000000000000000 ) ) ;
#1751 = VECTOR ( 'NONE', #1750, 1000.000000000000000 ) ;
#1752 = CARTESIAN_POINT ( 'NONE',  ( 11.85000000000000100, 1.300000000000000000, -1.058300524425837200 ) ) ;
#1753 = LINE ( 'NONE', #1752, #1751 ) ;
#1754 = FACE_OUTER_BOUND ( 'NONE', #502, .T. ) ;
#1755 = CARTESIAN_POINT ( 'NONE',  ( 12.70000000000001000, 2.399999999999999500, 1.399999999999999700 ) ) ;
#1756 = AXIS2_PLACEMENT_3D ( 'NONE', #1755, #1715, #1714 ) ;
#1757 = CARTESIAN_POINT ( 'NONE',  ( 12.70000000000001000, 0.3999999999999993000, 1.399999999999999700 ) ) ;
#1758 = CYLINDRICAL_SURFACE ( 'NONE', #1756, 2.000000000000000000 ) ;
#1759 = DIRECTION ( 'NONE',  ( 0.0000000000000000000, 0.0000000000000000000, 1.000000000000000000 ) ) ;
#1760 = DIRECTION ( 'NONE',  ( -1.000000000000000000, 0.0000000000000000000, 0.0000000000000000000 ) ) ;
#1761 = CARTESIAN_POINT ( 'NONE',  ( 10.70000000000001000, 0.3999999999999993000, 1.399999999999999700 ) ) ;
#1762 = FACE_OUTER_BOUND ( 'NONE', #530, .T. ) ;
#1763 = DIRECTION ( 'NONE',  ( 1.000000000000000000, 0.0000000000000000000, 0.0000000000000000000 ) ) ;
#1764 = CARTESIAN_POINT ( 'NONE',  ( 0.0000000000000000000, -15.49999999999999800, -3.433124323501997000E-015 ) ) ;
#1765 = AXIS2_PLACEMENT_3D ( 'NONE', #1764, #1763, #1791 ) ;
#1766 = CIRCLE ( 'NONE', #1765, 6.500000000000000900 ) ;
#1767 = DIRECTION ( 'NONE',  ( -0.7071067811865439100, 0.7071067811865512400, 0.0000000000000000000 ) ) ;
#1768 = VECTOR ( 'NONE', #1767, 1000.000000000000000 ) ;
#1769 = CARTESIAN_POINT ( 'NONE',  ( 20.10624458405140300, -26.58076118445754000, 3.918869757271528500E-016 ) ) ;
#1770 = LINE ( 'NONE', #1769, #1768 ) ;
#1771 = CARTESIAN_POINT ( 'NONE',  ( 54.50698948877675300, -62.89069439838694800, 2.265596578422602600E-016 ) ) ;
#1772 = CARTESIAN_POINT ( 'NONE',  ( 12.70000000000001000, 0.3999999999999993000, -1.399999999999999700 ) ) ;
#1773 = SPHERICAL_SURFACE ( 'NONE', #1813, 2.000000000000000000 ) ;
#1774 = FACE_OUTER_BOUND ( 'NONE', #558, .T. ) ;
#1775 = DIRECTION ( 'NONE',  ( 0.0000000000000000000, 0.0000000000000000000, 1.000000000000000000 ) ) ;
#1776 = DIRECTION ( 'NONE',  ( 0.0000000000000000000, -1.000000000000000000, 0.0000000000000000000 ) ) ;
#1777 = CARTESIAN_POINT ( 'NONE',  ( 13.90000000000001500, 0.3999999999999993000, 1.399999999999999700 ) ) ;
#1778 = AXIS2_PLACEMENT_3D ( 'NONE', #1777, #1776, #1775 ) ;
#1779 = DIRECTION ( 'NONE',  ( 0.0000000000000000000, 1.000000000000000000, 0.0000000000000000000 ) ) ;
#1780 = CARTESIAN_POINT ( 'NONE',  ( 12.15000000000000000, 1.300000000000000000, 0.0000000000000000000 ) ) ;
#1781 = AXIS2_PLACEMENT_3D ( 'NONE', #1780, #1779, #1703 ) ;
#1782 = CARTESIAN_POINT ( 'NONE',  ( 17.84350288425444500, -28.84350288425448400, 0.0000000000000000000 ) ) ;
#1783 = AXIS2_PLACEMENT_3D ( 'NONE', #1782, #1665, #1664 ) ;
#1784 = CIRCLE ( 'NONE', #1783, 1.850000000000001200 ) ;
#1785 = DIRECTION ( 'NONE',  ( 0.0000000000000000000, -1.000000000000000000, -1.644749510165961100E-016 ) ) ;
#1786 = VECTOR ( 'NONE', #1785, 1000.000000000000000 ) ;
#1787 = CARTESIAN_POINT ( 'NONE',  ( 0.0000000000000000000, -10.22648125062591400, 3.799999999999997600 ) ) ;
#1788 = LINE ( 'NONE', #1787, #1786 ) ;
#1789 = CARTESIAN_POINT ( 'NONE',  ( 0.0000000000000000000, -10.22648125062591400, 3.799999999999997600 ) ) ;
#1790 = CARTESIAN_POINT ( 'NONE',  ( 3.150481240100875200E-015, -10.22648125062591300, -3.800000000000002900 ) ) ;
#1791 = DIRECTION ( 'NONE',  ( 0.0000000000000000000, 0.0000000000000000000, -1.000000000000000000 ) ) ;
#1792 = DIRECTION ( 'NONE',  ( 0.0000000000000000000, 0.0000000000000000000, 1.000000000000000000 ) ) ;
#1793 = DIRECTION ( 'NONE',  ( 0.0000000000000000000, 1.000000000000000000, 0.0000000000000000000 ) ) ;
#1794 = AXIS2_PLACEMENT_3D ( 'NONE', #1722, #1793, #1792 ) ;
#1795 = CIRCLE ( 'NONE', #1794, 1.100000000000001000 ) ;
#1796 = DIRECTION ( 'NONE',  ( 0.0000000000000000000, 0.0000000000000000000, 1.000000000000000000 ) ) ;
#1797 = DIRECTION ( 'NONE',  ( 0.0000000000000000000, 1.000000000000000000, 0.0000000000000000000 ) ) ;
#1798 = CARTESIAN_POINT ( 'NONE',  ( 13.90000000000001500, 2.399999999999999500, 1.399999999999999700 ) ) ;
#1799 = AXIS2_PLACEMENT_3D ( 'NONE', #1798, #1797, #1796 ) ;
#1800 = CIRCLE ( 'NONE', #1778, 2.000000000000000000 ) ;
#1801 = CYLINDRICAL_SURFACE ( 'NONE', #1799, 2.000000000000000000 ) ;
#1802 = CARTESIAN_POINT ( 'NONE',  ( 12.70000000000001000, 0.3999999999999993000, 1.399999999999999700 ) ) ;
#1803 = AXIS2_PLACEMENT_3D ( 'NONE', #1802, #1721, #1720 ) ;
#1804 = CIRCLE ( 'NONE', #1803, 2.000000000000000000 ) ;
#1805 = CIRCLE ( 'NONE', #1832, 1.499999999999999100 ) ;
#1806 = DIRECTION ( 'NONE',  ( 0.0000000000000000000, 0.0000000000000000000, -1.000000000000000000 ) ) ;
#1807 = DIRECTION ( 'NONE',  ( 1.000000000000000000, 0.0000000000000000000, 0.0000000000000000000 ) ) ;
#1808 = AXIS2_PLACEMENT_3D ( 'NONE', #1772, #1807, #1806 ) ;
#1809 = CIRCLE ( 'NONE', #1808, 2.000000000000000000 ) ;
#1810 = DIRECTION ( 'NONE',  ( 1.000000000000000000, 0.0000000000000000000, 0.0000000000000000000 ) ) ;
#1811 = DIRECTION ( 'NONE',  ( 0.0000000000000000000, 1.000000000000000000, 0.0000000000000000000 ) ) ;
#1812 = CARTESIAN_POINT ( 'NONE',  ( 12.70000000000001000, 0.3999999999999993000, -1.399999999999999700 ) ) ;
#1813 = AXIS2_PLACEMENT_3D ( 'NONE', #1812, #1811, #1810 ) ;
#1814 = PLANE ( 'NONE',  #1781 ) ;
#1815 = CARTESIAN_POINT ( 'NONE',  ( 13.90000000000001500, 0.3999999999999993000, -1.399999999999999700 ) ) ;
#1816 = DIRECTION ( 'NONE',  ( 1.000000000000000000, 0.0000000000000000000, 0.0000000000000000000 ) ) ;
#1817 = DIRECTION ( 'NONE',  ( 0.0000000000000000000, 1.000000000000000000, 0.0000000000000000000 ) ) ;
#1818 = CARTESIAN_POINT ( 'NONE',  ( 13.90000000000001500, 0.3999999999999993000, -1.399999999999999700 ) ) ;
#1819 = AXIS2_PLACEMENT_3D ( 'NONE', #1818, #1817, #1816 ) ;
#1820 = CARTESIAN_POINT ( 'NONE',  ( 4.500000000000000000, -2.800000000000000300, -5.599999999999999600 ) ) ;
#1821 = CARTESIAN_POINT ( 'NONE',  ( 1.500000000000000400, -2.800000000000000300, 5.599999999999999600 ) ) ;
#1822 = CARTESIAN_POINT ( 'NONE',  ( 4.500000000000000000, -2.800000000000000300, -5.599999999999999600 ) ) ;
#1823 = DIRECTION ( 'NONE',  ( 0.0000000000000000000, 0.0000000000000000000, 1.000000000000000000 ) ) ;
#1824 = VECTOR ( 'NONE', #1823, 1000.000000000000000 ) ;
#1825 = CARTESIAN_POINT ( 'NONE',  ( 1.500000000000003600, -28.19999999999999900, -5.599999999999999600 ) ) ;
#1826 = LINE ( 'NONE', #1825, #1824 ) ;
#1827 = CARTESIAN_POINT ( 'NONE',  ( 4.500000000000002700, -28.19999999999999900, -5.599999999999999600 ) ) ;
#1828 = CARTESIAN_POINT ( 'NONE',  ( 1.500000000000003600, -28.19999999999999900, -5.599999999999999600 ) ) ;
#1829 = DIRECTION ( 'NONE',  ( 1.000000000000000000, 0.0000000000000000000, 0.0000000000000000000 ) ) ;
#1830 = DIRECTION ( 'NONE',  ( 0.0000000000000000000, 0.0000000000000000000, 1.000000000000000000 ) ) ;
#1831 = CARTESIAN_POINT ( 'NONE',  ( 3.000000000000003100, -28.19999999999999900, -5.599999999999999600 ) ) ;
#1832 = AXIS2_PLACEMENT_3D ( 'NONE', #1831, #1830, #1829 ) ;
#1833 = DIRECTION ( 'NONE',  ( -0.7071067811865440200, 0.7071067811865510100, 0.0000000000000000000 ) ) ;
#1834 = DIRECTION ( 'NONE',  ( 0.0000000000000000000, 0.0000000000000000000, 1.000000000000000000 ) ) ;
#1835 = VECTOR ( 'NONE', #1834, 1000.000000000000000 ) ;
#1836 = CARTESIAN_POINT ( 'NONE',  ( 4.500000000000002700, -28.19999999999999900, -5.599999999999999600 ) ) ;
#1837 = LINE ( 'NONE', #1836, #1835 ) ;
#1838 = CARTESIAN_POINT ( 'NONE',  ( 17.84350288425444800, -28.84350288425448700, 0.0000000000000000000 ) ) ;
#1839 = CARTESIAN_POINT ( 'NONE',  ( 4.500000000000002700, -28.19999999999999900, 5.599999999999999600 ) ) ;
#1840 = DIRECTION ( 'NONE',  ( 1.000000000000000000, 0.0000000000000000000, 0.0000000000000000000 ) ) ;
#1841 = DIRECTION ( 'NONE',  ( 0.0000000000000000000, 0.0000000000000000000, 1.000000000000000000 ) ) ;
#1842 = CARTESIAN_POINT ( 'NONE',  ( 3.000000000000003100, -28.19999999999999900, 5.599999999999999600 ) ) ;
#1843 = AXIS2_PLACEMENT_3D ( 'NONE', #1842, #1841, #1840 ) ;
#1844 = CIRCLE ( 'NONE', #1843, 1.499999999999999100 ) ;
#1845 = CARTESIAN_POINT ( 'NONE',  ( 11.85000000000000100, 1.300000000000000000, 1.058300524425837200 ) ) ;
#1846 = DIRECTION ( 'NONE',  ( 0.0000000000000000000, 1.000000000000000000, 0.0000000000000000000 ) ) ;
#1847 = VECTOR ( 'NONE', #1846, 1000.000000000000000 ) ;
#1848 = CARTESIAN_POINT ( 'NONE',  ( 11.85000000000000100, 1.300000000000000000, 1.058300524425837200 ) ) ;
#1849 = CYLINDRICAL_SURFACE ( 'NONE', #1966, 3.199999999999999700 ) ;
#1850 = CIRCLE ( 'NONE', #1959, 2.000000000000000000 ) ;
#1851 = CARTESIAN_POINT ( 'NONE',  ( 16.04999999999999700, 1.300000000000000000, 0.0000000000000000000 ) ) ;
#1852 = AXIS2_PLACEMENT_3D ( 'NONE', #1851, #1939, #1938 ) ;
#1853 = CIRCLE ( 'NONE', #1852, 1.100000000000003000 ) ;
#1854 = DIRECTION ( 'NONE',  ( -0.7071067811865436900, 0.7071067811865513500, 0.0000000000000000000 ) ) ;
#1855 = VECTOR ( 'NONE', #1854, 1000.000000000000100 ) ;
#1856 = CARTESIAN_POINT ( 'NONE',  ( 54.50698948877675300, -62.89069439838694800, 2.265596578422602600E-016 ) ) ;
#1857 = LINE ( 'NONE', #1856, #1855 ) ;
#1858 = DIRECTION ( 'NONE',  ( 1.224606353822377300E-016, -1.000000000000000000, 0.0000000000000000000 ) ) ;
#1859 = VECTOR ( 'NONE', #1858, 1000.000000000000000 ) ;
#1860 = DIRECTION ( 'NONE',  ( -1.000000000000000000, 0.0000000000000000000, 0.0000000000000000000 ) ) ;
#1861 = VECTOR ( 'NONE', #1860, 1000.000000000000000 ) ;
#1862 = CARTESIAN_POINT ( 'NONE',  ( 1.898139848424684800E-015, 0.0000000000000000000, 5.599999999999999600 ) ) ;
#1863 = CARTESIAN_POINT ( 'NONE',  ( 13.90000000000001500, 0.3999999999999993000, 3.399999999999999900 ) ) ;
#1864 = AXIS2_PLACEMENT_3D ( 'NONE', #1863, #1906, #1905 ) ;
#1865 = CYLINDRICAL_SURFACE ( 'NONE', #1864, 2.000000000000000000 ) ;
#1866 = FACE_OUTER_BOUND ( 'NONE', #689, .T. ) ;
#1867 = DIRECTION ( 'NONE',  ( 0.0000000000000000000, 1.000000000000000000, 8.223747550829805500E-017 ) ) ;
#1868 = VECTOR ( 'NONE', #1867, 1000.000000000000000 ) ;
#1869 = CARTESIAN_POINT ( 'NONE',  ( 0.5000000000000000000, -10.22648125062591300, -3.800000000000002500 ) ) ;
#1870 = DIRECTION ( 'NONE',  ( 1.000000000000000000, 0.0000000000000000000, 0.0000000000000000000 ) ) ;
#1871 = DIRECTION ( 'NONE',  ( 0.0000000000000000000, 0.0000000000000000000, -1.000000000000000000 ) ) ;
#1872 = DIRECTION ( 'NONE',  ( -0.7071067811865513500, -0.7071067811865438000, 0.0000000000000000000 ) ) ;
#1873 = DIRECTION ( 'NONE',  ( -0.7071067811865438000, 0.7071067811865514600, 0.0000000000000000000 ) ) ;
#1874 = CARTESIAN_POINT ( 'NONE',  ( 53.19884194358163400, -64.19884194358205300, 0.0000000000000000000 ) ) ;
#1875 = AXIS2_PLACEMENT_3D ( 'NONE', #1874, #1873, #1872 ) ;
#1876 = DIRECTION ( 'NONE',  ( 0.0000000000000000000, -1.000000000000000000, 0.0000000000000000000 ) ) ;
#1877 = VECTOR ( 'NONE', #1876, 1000.000000000000000 ) ;
#1878 = CARTESIAN_POINT ( 'NONE',  ( 15.90000000000001500, 0.0000000000000000000, 1.399999999999999700 ) ) ;
#1879 = LINE ( 'NONE', #1878, #1877 ) ;
#1880 = CYLINDRICAL_SURFACE ( 'NONE', #1539, 3.199999999999997100 ) ;
#1881 = CARTESIAN_POINT ( 'NONE',  ( 13.90000000000001500, 0.3999999999999993000, 3.399999999999999900 ) ) ;
#1882 = DIRECTION ( 'NONE',  ( 0.0000000000000000000, 1.000000000000000000, 0.0000000000000000000 ) ) ;
#1883 = VECTOR ( 'NONE', #1882, 1000.000000000000000 ) ;
#1884 = CARTESIAN_POINT ( 'NONE',  ( 13.90000000000001500, 2.399999999999999500, 3.399999999999999900 ) ) ;
#1885 = AXIS2_PLACEMENT_3D ( 'NONE', #1914, #1913, #1952 ) ;
#1886 = CARTESIAN_POINT ( 'NONE',  ( 12.70000000000001000, 0.0000000000000000000, -3.399999999999999900 ) ) ;
#1887 = DIRECTION ( 'NONE',  ( 0.0000000000000000000, 0.0000000000000000000, -1.000000000000000000 ) ) ;
#1888 = DIRECTION ( 'NONE',  ( 0.0000000000000000000, -1.000000000000000000, 0.0000000000000000000 ) ) ;
#1889 = CARTESIAN_POINT ( 'NONE',  ( 12.70000000000001000, 0.0000000000000000000, -1.399999999999999700 ) ) ;
#1890 = AXIS2_PLACEMENT_3D ( 'NONE', #1889, #1888, #1887 ) ;
#1891 = CIRCLE ( 'NONE', #1890, 2.000000000000000000 ) ;
#1892 = VECTOR ( 'NONE', #1954, 1000.000000000000000 ) ;
#1893 = CARTESIAN_POINT ( 'NONE',  ( 20.00000000000000400, 0.0000000000000000000, 5.599999999999999600 ) ) ;
#1894 = CARTESIAN_POINT ( 'NONE',  ( 53.19884194358163400, -64.19884194358205300, 0.0000000000000000000 ) ) ;
#1895 = CARTESIAN_POINT ( 'NONE',  ( 1.898139848424684800E-015, 0.0000000000000000000, 5.599999999999999600 ) ) ;
#1896 = CARTESIAN_POINT ( 'NONE',  ( 13.90000000000001500, 0.0000000000000000000, -3.399999999999999900 ) ) ;
#1897 = DIRECTION ( 'NONE',  ( 1.000000000000000000, 0.0000000000000000000, 0.0000000000000000000 ) ) ;
#1898 = VECTOR ( 'NONE', #1897, 1000.000000000000000 ) ;
#1899 = CARTESIAN_POINT ( 'NONE',  ( 10.70000000000001000, 0.0000000000000000000, -3.399999999999999900 ) ) ;
#1900 = LINE ( 'NONE', #1899, #1898 ) ;
#1901 = LINE ( 'NONE', #1884, #1883 ) ;
#1902 = DIRECTION ( 'NONE',  ( -1.000000000000000000, 0.0000000000000000000, 0.0000000000000000000 ) ) ;
#1903 = VECTOR ( 'NONE', #1902, 1000.000000000000000 ) ;
#1904 = CARTESIAN_POINT ( 'NONE',  ( 0.5000000000000000000, -20.77351874937408000, 3.799999999999995800 ) ) ;
#1905 = DIRECTION ( 'NONE',  ( -1.000000000000000000, 0.0000000000000000000, 0.0000000000000000000 ) ) ;
#1906 = DIRECTION ( 'NONE',  ( 0.0000000000000000000, 0.0000000000000000000, -1.000000000000000000 ) ) ;
#1907 = LINE ( 'NONE', #1904, #1903 ) ;
#1908 = CIRCLE ( 'NONE', #1984, 2.000000000000000000 ) ;
#1909 = CARTESIAN_POINT ( 'NONE',  ( 13.90000000000001500, 0.0000000000000000000, 3.399999999999999900 ) ) ;
#1910 = CARTESIAN_POINT ( 'NONE',  ( 12.70000000000001000, 0.0000000000000000000, 3.399999999999999900 ) ) ;
#1911 = DIRECTION ( 'NONE',  ( 1.000000000000000000, 0.0000000000000000000, 0.0000000000000000000 ) ) ;
#1912 = CARTESIAN_POINT ( 'NONE',  ( 51.89069439838651500, -65.50698948877716500, 0.0000000000000000000 ) ) ;
#1913 = DIRECTION ( 'NONE',  ( 0.0000000000000000000, 0.0000000000000000000, 1.000000000000000000 ) ) ;
#1914 = CARTESIAN_POINT ( 'NONE',  ( 3.000000000000000000, -2.800000000000000300, -5.599999999999999600 ) ) ;
#1915 = AXIS2_PLACEMENT_3D ( 'NONE', #1894, #1986, #1985 ) ;
#1916 = FACE_OUTER_BOUND ( 'NONE', #636, .T. ) ;
#1917 = CARTESIAN_POINT ( 'NONE',  ( 0.0000000000000000000, -20.77351874937408000, 3.799999999999995800 ) ) ;
#1918 = DIRECTION ( 'NONE',  ( 0.0000000000000000000, -1.000000000000000000, 0.0000000000000000000 ) ) ;
#1919 = CARTESIAN_POINT ( 'NONE',  ( 1.898139848424684800E-015, 0.0000000000000000000, 5.599999999999999600 ) ) ;
#1920 = AXIS2_PLACEMENT_3D ( 'NONE', #1919, #1918, #1871 ) ;
#1921 = LINE ( 'NONE', #1998, #1997 ) ;
#1922 = LINE ( 'NONE', #1862, #1861 ) ;
#1923 = VECTOR ( 'NONE', #1911, 1000.000000000000000 ) ;
#1924 = CARTESIAN_POINT ( 'NONE',  ( 10.70000000000001000, 0.0000000000000000000, 3.399999999999999900 ) ) ;
#1925 = LINE ( 'NONE', #1924, #1923 ) ;
#1926 = CARTESIAN_POINT ( 'NONE',  ( 51.89069439838651500, -65.50698948877716500, 0.0000000000000000000 ) ) ;
#1927 = CARTESIAN_POINT ( 'NONE',  ( 1.898139848424684800E-015, 0.0000000000000000000, 5.599999999999999600 ) ) ;
#1928 = LINE ( 'NONE', #1927, #1859 ) ;
#1929 = CARTESIAN_POINT ( 'NONE',  ( 0.0000000000000000000, -15.49999999999999800, -3.433124323501997000E-015 ) ) ;
#1930 = AXIS2_PLACEMENT_3D ( 'NONE', #1929, #1989, #1988 ) ;
#1931 = CIRCLE ( 'NONE', #1930, 6.499999999999999100 ) ;
#1932 = DIRECTION ( 'NONE',  ( 0.0000000000000000000, 0.0000000000000000000, 1.000000000000000000 ) ) ;
#1933 = CARTESIAN_POINT ( 'NONE',  ( 12.70000000000001000, 0.3999999999999993000, 1.399999999999999700 ) ) ;
#1934 = AXIS2_PLACEMENT_3D ( 'NONE', #1933, #1932, #1870 ) ;
#1935 = CIRCLE ( 'NONE', #1934, 2.000000000000000000 ) ;
#1936 = LINE ( 'NONE', #1869, #1868 ) ;
#1937 = CARTESIAN_POINT ( 'NONE',  ( 15.75000000000000000, 1.300000000000000000, 1.058300524425839900 ) ) ;
#1938 = DIRECTION ( 'NONE',  ( 0.0000000000000000000, 0.0000000000000000000, 1.000000000000000000 ) ) ;
#1939 = DIRECTION ( 'NONE',  ( 0.0000000000000000000, 1.000000000000000000, 0.0000000000000000000 ) ) ;
#1940 = CARTESIAN_POINT ( 'NONE',  ( 15.90000000000001500, 0.0000000000000000000, 1.399999999999999700 ) ) ;
#1941 = DIRECTION ( 'NONE',  ( 0.0000000000000000000, 0.0000000000000000000, -1.000000000000000000 ) ) ;
#1942 = VECTOR ( 'NONE', #1941, 1000.000000000000000 ) ;
#1943 = CARTESIAN_POINT ( 'NONE',  ( 15.90000000000001500, 0.0000000000000000000, 3.399999999999999900 ) ) ;
#1944 = LINE ( 'NONE', #1943, #1942 ) ;
#1945 = DIRECTION ( 'NONE',  ( -0.7071067811865507900, -0.7071067811865442400, 0.0000000000000000000 ) ) ;
#1946 = VECTOR ( 'NONE', #1975, 1000.000000000000000 ) ;
#1947 = CARTESIAN_POINT ( 'NONE',  ( 0.0000000000000000000, -10.22648125062591300, -3.800000000000002500 ) ) ;
#1948 = LINE ( 'NONE', #1947, #1946 ) ;
#1949 = VECTOR ( 'NONE', #1969, 1000.000000000000000 ) ;
#1950 = CARTESIAN_POINT ( 'NONE',  ( 5.694419545274054300E-015, -31.00000000000000000, 5.599999999999999600 ) ) ;
#1951 = LINE ( 'NONE', #1950, #1949 ) ;
#1952 = DIRECTION ( 'NONE',  ( 1.000000000000000000, 0.0000000000000000000, 0.0000000000000000000 ) ) ;
#1953 = CYLINDRICAL_SURFACE ( 'NONE', #1875, 1.850000000000001200 ) ;
#1954 = DIRECTION ( 'NONE',  ( 0.0000000000000000000, 0.0000000000000000000, -1.000000000000000000 ) ) ;
#1955 = CARTESIAN_POINT ( 'NONE',  ( 15.90000000000001500, 0.0000000000000000000, -1.399999999999999700 ) ) ;
#1956 = DIRECTION ( 'NONE',  ( 0.0000000000000000000, 0.0000000000000000000, -1.000000000000000000 ) ) ;
#1957 = DIRECTION ( 'NONE',  ( 0.0000000000000000000, -1.000000000000000000, 0.0000000000000000000 ) ) ;
#1958 = CARTESIAN_POINT ( 'NONE',  ( 13.90000000000001500, 0.0000000000000000000, -1.399999999999999700 ) ) ;
#1959 = AXIS2_PLACEMENT_3D ( 'NONE', #1958, #1957, #1956 ) ;
#1960 = LINE ( 'NONE', #1893, #1892 ) ;
#1961 = CARTESIAN_POINT ( 'NONE',  ( 17.84350288425444100, -28.84350288425448400, 0.0000000000000000000 ) ) ;
#1962 = CIRCLE ( 'NONE', #1915, 1.850000000000001200 ) ;
#1963 = LINE ( 'NONE', #1912, #1976 ) ;
#1964 = CARTESIAN_POINT ( 'NONE',  ( 15.58076118445747800, -31.10624458405142400, 0.0000000000000000000 ) ) ;
#1965 = DIRECTION ( 'NONE',  ( -0.7071067811865436900, 0.7071067811865513500, 0.0000000000000000000 ) ) ;
#1966 = AXIS2_PLACEMENT_3D ( 'NONE', #1961, #1971, #1945 ) ;
#1967 = FACE_OUTER_BOUND ( 'NONE', #629, .T. ) ;
#1968 = CARTESIAN_POINT ( 'NONE',  ( 5.694419545274054300E-015, -31.00000000000000000, 5.599999999999999600 ) ) ;
#1969 = DIRECTION ( 'NONE',  ( 0.0000000000000000000, 0.0000000000000000000, -1.000000000000000000 ) ) ;
#1970 = FACE_OUTER_BOUND ( 'NONE', #622, .T. ) ;
#1971 = DIRECTION ( 'NONE',  ( -0.7071067811865439100, 0.7071067811865512400, 0.0000000000000000000 ) ) ;
#1972 = PLANE ( 'NONE',  #1920 ) ;
#1973 = FACE_BOUND ( 'NONE', #627, .T. ) ;
#1974 = FACE_OUTER_BOUND ( 'NONE', #648, .T. ) ;
#1975 = DIRECTION ( 'NONE',  ( 0.0000000000000000000, 1.000000000000000000, 8.223747550829805500E-017 ) ) ;
#1976 = VECTOR ( 'NONE', #1965, 1000.000000000000100 ) ;
#1977 = CYLINDRICAL_SURFACE ( 'NONE', #1885, 1.499999999999999600 ) ;
#1978 = LINE ( 'NONE', #1993, #1992 ) ;
#1979 = CARTESIAN_POINT ( 'NONE',  ( 16.53535533905932600, -30.15165042944958900, 0.0000000000000000000 ) ) ;
#1980 = CARTESIAN_POINT ( 'NONE',  ( 10.70000000000001000, 0.0000000000000000000, 1.399999999999999700 ) ) ;
#1981 = DIRECTION ( 'NONE',  ( 0.0000000000000000000, 0.0000000000000000000, -1.000000000000000000 ) ) ;
#1982 = DIRECTION ( 'NONE',  ( 0.0000000000000000000, -1.000000000000000000, 0.0000000000000000000 ) ) ;
#1983 = CARTESIAN_POINT ( 'NONE',  ( 12.70000000000001000, 0.0000000000000000000, 1.399999999999999700 ) ) ;
#1984 = AXIS2_PLACEMENT_3D ( 'NONE', #1983, #1982, #1981 ) ;
#1985 = DIRECTION ( 'NONE',  ( 0.7071067811865513500, 0.7071067811865438000, 0.0000000000000000000 ) ) ;
#1986 = DIRECTION ( 'NONE',  ( 0.7071067811865438000, -0.7071067811865513500, 0.0000000000000000000 ) ) ;
#1987 = CARTESIAN_POINT ( 'NONE',  ( 0.0000000000000000000, -20.77351874937408000, -3.800000000000002000 ) ) ;
#1988 = DIRECTION ( 'NONE',  ( 0.0000000000000000000, 0.0000000000000000000, -1.000000000000000000 ) ) ;
#1989 = DIRECTION ( 'NONE',  ( 1.000000000000000000, 0.0000000000000000000, 0.0000000000000000000 ) ) ;
#1990 = CARTESIAN_POINT ( 'NONE',  ( 10.70000000000001000, 0.0000000000000000000, -1.399999999999999700 ) ) ;
#1991 = DIRECTION ( 'NONE',  ( 0.0000000000000000000, 0.0000000000000000000, -1.000000000000000000 ) ) ;
#1992 = VECTOR ( 'NONE', #1991, 1000.000000000000000 ) ;
#1993 = CARTESIAN_POINT ( 'NONE',  ( 10.70000000000001000, 0.0000000000000000000, 3.399999999999999900 ) ) ;
#1994 = CARTESIAN_POINT ( 'NONE',  ( 20.00000000000000400, 0.0000000000000000000, 5.599999999999999600 ) ) ;
#1995 = CARTESIAN_POINT ( 'NONE',  ( 20.00000000000000400, 0.0000000000000000000, -5.599999999999999600 ) ) ;
#1996 = DIRECTION ( 'NONE',  ( -1.000000000000000000, 0.0000000000000000000, 0.0000000000000000000 ) ) ;
#1997 = VECTOR ( 'NONE', #1996, 1000.000000000000000 ) ;
#1998 = CARTESIAN_POINT ( 'NONE',  ( 1.898139848424684800E-015, 0.0000000000000000000, -5.599999999999999600 ) ) ;
#1999 = FACE_OUTER_BOUND ( 'NONE', #767, .T. ) ;
#2000 = VECTOR ( 'NONE', #2002, 1000.000000000000000 ) ;
#2001 = CYLINDRICAL_SURFACE ( 'NONE', #2147, 2.000000000000000000 ) ;
#2002 = DIRECTION ( 'NONE',  ( -1.000000000000000000, 0.0000000000000000000, 0.0000000000000000000 ) ) ;
#2003 = CARTESIAN_POINT ( 'NONE',  ( 0.5000000000000000000, -10.22648125062591400, 3.799999999999997600 ) ) ;
#2004 = LINE ( 'NONE', #2003, #2000 ) ;
#2005 = CIRCLE ( 'NONE', #2111, 6.499999999999999100 ) ;
#2006 = CARTESIAN_POINT ( 'NONE',  ( 0.5000000000000000000, -15.49999999999999800, -3.433124323501997000E-015 ) ) ;
#2007 = FACE_OUTER_BOUND ( 'NONE', #773, .T. ) ;
#2008 = CARTESIAN_POINT ( 'NONE',  ( 12.70000000000001000, 0.3999999999999993000, 3.399999999999999900 ) ) ;
#2009 = DIRECTION ( 'NONE',  ( -1.000000000000000000, 0.0000000000000000000, 0.0000000000000000000 ) ) ;
#2010 = VECTOR ( 'NONE', #2009, 1000.000000000000000 ) ;
#2011 = CARTESIAN_POINT ( 'NONE',  ( 10.70000000000001000, 0.3999999999999993000, 3.399999999999999900 ) ) ;
#2012 = LINE ( 'NONE', #2011, #2010 ) ;
#2013 = AXIS2_PLACEMENT_3D ( 'NONE', #2072, #2071, #2070 ) ;
#2014 = DIRECTION ( 'NONE',  ( 1.000000000000000000, 0.0000000000000000000, 0.0000000000000000000 ) ) ;
#2015 = DIRECTION ( 'NONE',  ( 0.0000000000000000000, 0.0000000000000000000, 1.000000000000000000 ) ) ;
#2016 = AXIS2_PLACEMENT_3D ( 'NONE', #2186, #2015, #2014 ) ;
#2017 = CYLINDRICAL_SURFACE ( 'NONE', #2016, 1.499999999999999600 ) ;
#2018 = CIRCLE ( 'NONE', #2013, 2.000000000000000000 ) ;
#2019 = CARTESIAN_POINT ( 'NONE',  ( 12.70000000000001000, 2.399999999999999500, -1.399999999999999700 ) ) ;
#2020 = FACE_OUTER_BOUND ( 'NONE', #820, .T. ) ;
#2021 = CARTESIAN_POINT ( 'NONE',  ( 12.70000000000001000, 2.399999999999999500, 1.399999999999999700 ) ) ;
#2022 = DIRECTION ( 'NONE',  ( 0.0000000000000000000, 0.0000000000000000000, 1.000000000000000000 ) ) ;
#2023 = VECTOR ( 'NONE', #2022, 1000.000000000000000 ) ;
#2024 = CARTESIAN_POINT ( 'NONE',  ( 12.70000000000001000, 2.399999999999999500, 3.399999999999999900 ) ) ;
#2025 = LINE ( 'NONE', #2024, #2023 ) ;
#2026 = DIRECTION ( 'NONE',  ( 0.0000000000000000000, 0.0000000000000000000, -1.000000000000000000 ) ) ;
#2027 = DIRECTION ( 'NONE',  ( 0.0000000000000000000, -1.000000000000000000, 0.0000000000000000000 ) ) ;
#2028 = CARTESIAN_POINT ( 'NONE',  ( 10.70000000000001000, 2.399999999999999500, 3.399999999999999900 ) ) ;
#2029 = AXIS2_PLACEMENT_3D ( 'NONE', #2028, #2027, #2026 ) ;
#2030 = PLANE ( 'NONE',  #2029 ) ;
#2031 = FACE_OUTER_BOUND ( 'NONE', #705, .T. ) ;
#2032 = DIRECTION ( 'NONE',  ( -1.000000000000000000, 0.0000000000000000000, 0.0000000000000000000 ) ) ;
#2033 = VECTOR ( 'NONE', #2032, 1000.000000000000000 ) ;
#2034 = CARTESIAN_POINT ( 'NONE',  ( 0.5000000000000000000, -10.22648125062591300, -3.800000000000002500 ) ) ;
#2035 = DIRECTION ( 'NONE',  ( 0.0000000000000000000, 0.0000000000000000000, 1.000000000000000000 ) ) ;
#2036 = DIRECTION ( 'NONE',  ( -1.000000000000000000, 0.0000000000000000000, 0.0000000000000000000 ) ) ;
#2037 = CARTESIAN_POINT ( 'NONE',  ( 0.5000000000000000000, -15.49999999999999800, -3.433124323501997000E-015 ) ) ;
#2038 = AXIS2_PLACEMENT_3D ( 'NONE', #2037, #2036, #2035 ) ;
#2039 = CYLINDRICAL_SURFACE ( 'NONE', #2038, 6.500000000000000900 ) ;
#2040 = LINE ( 'NONE', #2034, #2033 ) ;
#2041 = FACE_OUTER_BOUND ( 'NONE', #869, .T. ) ;
#2042 = DIRECTION ( 'NONE',  ( 0.0000000000000000000, 1.000000000000000000, 0.0000000000000000000 ) ) ;
#2043 = VECTOR ( 'NONE', #2042, 1000.000000000000000 ) ;
#2044 = CARTESIAN_POINT ( 'NONE',  ( 12.70000000000001000, 2.399999999999999500, -3.399999999999999900 ) ) ;
#2045 = LINE ( 'NONE', #2044, #2043 ) ;
#2046 = DIRECTION ( 'NONE',  ( -1.000000000000000000, 0.0000000000000000000, 0.0000000000000000000 ) ) ;
#2047 = DIRECTION ( 'NONE',  ( 0.0000000000000000000, 0.0000000000000000000, -1.000000000000000000 ) ) ;
#2048 = CARTESIAN_POINT ( 'NONE',  ( 10.70000000000001000, 2.399999999999999500, -3.399999999999999900 ) ) ;
#2049 = AXIS2_PLACEMENT_3D ( 'NONE', #2048, #2047, #2046 ) ;
#2050 = PLANE ( 'NONE',  #2049 ) ;
#2051 = FACE_OUTER_BOUND ( 'NONE', #859, .T. ) ;
#2052 = DIRECTION ( 'NONE',  ( -1.000000000000000000, 0.0000000000000000000, 0.0000000000000000000 ) ) ;
#2053 = CARTESIAN_POINT ( 'NONE',  ( 0.5000000000000000000, -15.49999999999999800, -3.433124323501997000E-015 ) ) ;
#2054 = CARTESIAN_POINT ( 'NONE',  ( 0.5000000000000000000, -10.22648125062591400, 3.799999999999997600 ) ) ;
#2055 = FACE_OUTER_BOUND ( 'NONE', #524, .T. ) ;
#2056 = DIRECTION ( 'NONE',  ( 0.0000000000000000000, 0.0000000000000000000, -1.000000000000000000 ) ) ;
#2057 = CARTESIAN_POINT ( 'NONE',  ( 10.70000000000001000, 2.399999999999999500, 3.399999999999999900 ) ) ;
#2058 = AXIS2_PLACEMENT_3D ( 'NONE', #2057, #2056, #2052 ) ;
#2059 = PLANE ( 'NONE',  #2058 ) ;
#2060 = FACE_OUTER_BOUND ( 'NONE', #861, .T. ) ;
#2061 = DIRECTION ( 'NONE',  ( -1.000000000000000000, 0.0000000000000000000, 0.0000000000000000000 ) ) ;
#2062 = VECTOR ( 'NONE', #2061, 1000.000000000000000 ) ;
#2063 = CARTESIAN_POINT ( 'NONE',  ( 12.70000000000001000, 2.399999999999999500, -1.399999999999999700 ) ) ;
#2064 = LINE ( 'NONE', #2063, #2062 ) ;
#2065 = DIRECTION ( 'NONE',  ( 0.0000000000000000000, 0.0000000000000000000, -1.000000000000000000 ) ) ;
#2066 = DIRECTION ( 'NONE',  ( 1.000000000000000000, 0.0000000000000000000, 0.0000000000000000000 ) ) ;
#2067 = CARTESIAN_POINT ( 'NONE',  ( 13.90000000000001500, 0.3999999999999993000, 1.399999999999999700 ) ) ;
#2068 = AXIS2_PLACEMENT_3D ( 'NONE', #2067, #2066, #2065 ) ;
#2069 = CIRCLE ( 'NONE', #2068, 2.000000000000000000 ) ;
#2070 = DIRECTION ( 'NONE',  ( 1.000000000000000000, 0.0000000000000000000, 0.0000000000000000000 ) ) ;
#2071 = DIRECTION ( 'NONE',  ( 0.0000000000000000000, 0.0000000000000000000, 1.000000000000000000 ) ) ;
#2072 = CARTESIAN_POINT ( 'NONE',  ( 13.90000000000001500, 0.3999999999999993000, 1.399999999999999700 ) ) ;
#2073 = DIRECTION ( 'NONE',  ( 1.000000000000000000, 0.0000000000000000000, 0.0000000000000000000 ) ) ;
#2074 = DIRECTION ( 'NONE',  ( 0.0000000000000000000, 1.000000000000000000, 0.0000000000000000000 ) ) ;
#2075 = CARTESIAN_POINT ( 'NONE',  ( 12.70000000000001000, 0.3999999999999993000, 1.399999999999999700 ) ) ;
#2076 = AXIS2_PLACEMENT_3D ( 'NONE', #2075, #2074, #2073 ) ;
#2077 = CARTESIAN_POINT ( 'NONE',  ( 10.70000000000001000, 0.3999999999999993000, -1.399999999999999700 ) ) ;
#2078 = SPHERICAL_SURFACE ( 'NONE', #2076, 2.000000000000000000 ) ;
#2079 = FACE_OUTER_BOUND ( 'NONE', #684, .T. ) ;
#2080 = DIRECTION ( 'NONE',  ( 0.0000000000000000000, -1.000000000000000000, -1.644749510165961100E-016 ) ) ;
#2081 = VECTOR ( 'NONE', #2080, 1000.000000000000000 ) ;
#2082 = CARTESIAN_POINT ( 'NONE',  ( 0.5000000000000000000, -10.22648125062591400, 3.799999999999997600 ) ) ;
#2083 = LINE ( 'NONE', #2082, #2081 ) ;
#2084 = DIRECTION ( 'NONE',  ( 0.0000000000000000000, -1.000000000000000000, -8.223747550829805500E-017 ) ) ;
#2085 = DIRECTION ( 'NONE',  ( 0.0000000000000000000, -8.223747550829805500E-017, 1.000000000000000000 ) ) ;
#2086 = CARTESIAN_POINT ( 'NONE',  ( 0.5000000000000000000, -10.22648125062591300, -3.800000000000002500 ) ) ;
#2087 = AXIS2_PLACEMENT_3D ( 'NONE', #2086, #2085, #2084 ) ;
#2088 = AXIS2_PLACEMENT_3D ( 'NONE', #2053, #2091, #2090 ) ;
#2089 = CIRCLE ( 'NONE', #2088, 6.500000000000000900 ) ;
#2090 = DIRECTION ( 'NONE',  ( 0.0000000000000000000, 0.0000000000000000000, -1.000000000000000000 ) ) ;
#2091 = DIRECTION ( 'NONE',  ( 1.000000000000000000, 0.0000000000000000000, 0.0000000000000000000 ) ) ;
#2092 = CARTESIAN_POINT ( 'NONE',  ( 0.5000000000000000000, -10.22648125062591300, -3.800000000000002500 ) ) ;
#2093 = CARTESIAN_POINT ( 'NONE',  ( 0.5000000000000000000, -20.77351874937408000, 3.799999999999995800 ) ) ;
#2094 = DIRECTION ( 'NONE',  ( 0.0000000000000000000, 1.000000000000000000, 1.644749510165961100E-016 ) ) ;
#2095 = DIRECTION ( 'NONE',  ( 0.0000000000000000000, 1.644749510165961100E-016, -1.000000000000000000 ) ) ;
#2096 = LOCAL_TIME ( 9, 43, 16.00000000000000000, #2097 ) ;
#2097 = COORDINATED_UNIVERSAL_TIME_OFFSET ( 9, 0, .AHEAD. ) ;
#2098 = DIRECTION ( 'NONE',  ( 0.0000000000000000000, 1.000000000000000000, 1.644749510165961300E-016 ) ) ;
#2099 = VECTOR ( 'NONE', #2098, 1000.000000000000000 ) ;
#2100 = CARTESIAN_POINT ( 'NONE',  ( 0.0000000000000000000, -10.22648125062591600, -3.800000000000001600 ) ) ;
#2101 = LINE ( 'NONE', #2100, #2099 ) ;
#2102 = DIRECTION ( 'NONE',  ( -0.7071067811865513500, -0.7071067811865436900, 0.0000000000000000000 ) ) ;
#2103 = DIRECTION ( 'NONE',  ( 0.7071067811865513500, 0.7071067811865436900, 0.0000000000000000000 ) ) ;
#2104 = DIRECTION ( 'NONE',  ( 0.7071067811865440200, -0.7071067811865511300, 0.0000000000000000000 ) ) ;
#2105 = CARTESIAN_POINT ( 'NONE',  ( 17.84350288425444800, -28.84350288425448700, 0.0000000000000000000 ) ) ;
#2106 = AXIS2_PLACEMENT_3D ( 'NONE', #2105, #2104, #2103 ) ;
#2107 = CIRCLE ( 'NONE', #2106, 3.199999999999997100 ) ;
#2108 = DIRECTION ( 'NONE',  ( 0.0000000000000000000, 0.0000000000000000000, -1.000000000000000000 ) ) ;
#2109 = DIRECTION ( 'NONE',  ( 1.000000000000000000, 0.0000000000000000000, 0.0000000000000000000 ) ) ;
#2110 = CARTESIAN_POINT ( 'NONE',  ( 0.5000000000000000000, -15.49999999999999800, -3.433124323501997000E-015 ) ) ;
#2111 = AXIS2_PLACEMENT_3D ( 'NONE', #2110, #2109, #2108 ) ;
#2112 = DIRECTION ( 'NONE',  ( 0.0000000000000000000, 0.0000000000000000000, 1.000000000000000000 ) ) ;
#2113 = DIRECTION ( 'NONE',  ( -1.000000000000000000, 0.0000000000000000000, 0.0000000000000000000 ) ) ;
#2114 = AXIS2_PLACEMENT_3D ( 'NONE', #2006, #2113, #2112 ) ;
#2115 = CYLINDRICAL_SURFACE ( 'NONE', #2114, 6.499999999999999100 ) ;
#2116 = PLANE ( 'NONE',  #2087 ) ;
#2117 = FACE_OUTER_BOUND ( 'NONE', #782, .T. ) ;
#2118 = DIRECTION ( 'NONE',  ( -1.000000000000000000, 0.0000000000000000000, 0.0000000000000000000 ) ) ;
#2119 = VECTOR ( 'NONE', #2118, 1000.000000000000000 ) ;
#2120 = CARTESIAN_POINT ( 'NONE',  ( 0.5000000000000000000, -20.77351874937408000, -3.800000000000002000 ) ) ;
#2121 = LINE ( 'NONE', #2120, #2119 ) ;
#2122 = CARTESIAN_POINT ( 'NONE',  ( 0.5000000000000000000, -20.77351874937408000, -3.800000000000002000 ) ) ;
#2123 = CARTESIAN_POINT ( 'NONE',  ( 12.70000000000001000, 0.3999999999999993000, -3.399999999999999900 ) ) ;
#2124 = CARTESIAN_POINT ( 'NONE',  ( 13.90000000000001500, 2.399999999999999500, -1.399999999999999700 ) ) ;
#2125 = DIRECTION ( 'NONE',  ( 0.0000000000000000000, 0.0000000000000000000, -1.000000000000000000 ) ) ;
#2126 = VECTOR ( 'NONE', #2125, 1000.000000000000000 ) ;
#2127 = CARTESIAN_POINT ( 'NONE',  ( 13.90000000000001500, 2.399999999999999500, 3.399999999999999900 ) ) ;
#2128 = LINE ( 'NONE', #2127, #2126 ) ;
#2129 = CARTESIAN_POINT ( 'NONE',  ( 13.90000000000001500, 2.399999999999999500, 1.399999999999999700 ) ) ;
#2130 = DIRECTION ( 'NONE',  ( 1.000000000000000000, 0.0000000000000000000, 0.0000000000000000000 ) ) ;
#2131 = VECTOR ( 'NONE', #2130, 1000.000000000000000 ) ;
#2132 = CARTESIAN_POINT ( 'NONE',  ( 10.70000000000001000, 2.399999999999999500, 1.399999999999999700 ) ) ;
#2133 = LINE ( 'NONE', #2132, #2131 ) ;
#2134 = DIRECTION ( 'NONE',  ( 0.0000000000000000000, -1.000000000000000000, 0.0000000000000000000 ) ) ;
#2135 = VECTOR ( 'NONE', #2134, 1000.000000000000000 ) ;
#2136 = CARTESIAN_POINT ( 'NONE',  ( 12.70000000000001000, 2.399999999999999500, 3.399999999999999900 ) ) ;
#2137 = LINE ( 'NONE', #2136, #2135 ) ;
#2138 = DIRECTION ( 'NONE',  ( 0.0000000000000000000, 0.0000000000000000000, 1.000000000000000000 ) ) ;
#2139 = DIRECTION ( 'NONE',  ( 0.0000000000000000000, -1.000000000000000000, 0.0000000000000000000 ) ) ;
#2140 = CARTESIAN_POINT ( 'NONE',  ( 12.70000000000001000, 0.3999999999999993000, -1.399999999999999700 ) ) ;
#2141 = AXIS2_PLACEMENT_3D ( 'NONE', #2140, #2139, #2138 ) ;
#2142 = CIRCLE ( 'NONE', #2141, 2.000000000000000000 ) ;
#2143 = DIRECTION ( 'NONE',  ( 0.0000000000000000000, 0.0000000000000000000, -1.000000000000000000 ) ) ;
#2144 = DIRECTION ( 'NONE',  ( 0.0000000000000000000, 0.0000000000000000000, -1.000000000000000000 ) ) ;
#2145 = DIRECTION ( 'NONE',  ( 0.0000000000000000000, -1.000000000000000000, 0.0000000000000000000 ) ) ;
#2146 = CARTESIAN_POINT ( 'NONE',  ( 13.90000000000001500, 0.0000000000000000000, -1.399999999999999700 ) ) ;
#2147 = AXIS2_PLACEMENT_3D ( 'NONE', #2146, #2145, #2144 ) ;
#2148 = DIRECTION ( 'NONE',  ( 0.7071067811865511300, 0.7071067811865440200, 0.0000000000000000000 ) ) ;
#2149 = DIRECTION ( 'NONE',  ( 0.7071067811865440200, -0.7071067811865511300, 0.0000000000000000000 ) ) ;
#2150 = CARTESIAN_POINT ( 'NONE',  ( 17.84350288425444800, -28.84350288425448700, 0.0000000000000000000 ) ) ;
#2151 = AXIS2_PLACEMENT_3D ( 'NONE', #2150, #2149, #2148 ) ;
#2152 = PLANE ( 'NONE',  #2151 ) ;
#2153 = FACE_BOUND ( 'NONE', #2733, .T. ) ;
#2154 = FACE_OUTER_BOUND ( 'NONE', #2730, .T. ) ;
#2155 = DIRECTION ( 'NONE',  ( 0.0000000000000000000, 0.0000000000000000000, -1.000000000000000000 ) ) ;
#2156 = VECTOR ( 'NONE', #2155, 1000.000000000000000 ) ;
#2157 = CARTESIAN_POINT ( 'NONE',  ( 20.00000000000000400, 0.0000000000000000000, 5.599999999999999600 ) ) ;
#2158 = LINE ( 'NONE', #2157, #2156 ) ;
#2159 = CARTESIAN_POINT ( 'NONE',  ( 20.00000000000000400, 0.0000000000000000000, 5.599999999999999600 ) ) ;
#2160 = DIRECTION ( 'NONE',  ( -1.000000000000000000, 0.0000000000000000000, 0.0000000000000000000 ) ) ;
#2161 = VECTOR ( 'NONE', #2160, 1000.000000000000000 ) ;
#2162 = CARTESIAN_POINT ( 'NONE',  ( 1.898139848424684800E-015, 0.0000000000000000000, 5.599999999999999600 ) ) ;
#2163 = LINE ( 'NONE', #2162, #2161 ) ;
#2164 = CARTESIAN_POINT ( 'NONE',  ( 1.898139848424684800E-015, 0.0000000000000000000, 5.599999999999999600 ) ) ;
#2165 = DIRECTION ( 'NONE',  ( 0.0000000000000000000, 0.0000000000000000000, -1.000000000000000000 ) ) ;
#2166 = DIRECTION ( 'NONE',  ( 1.000000000000000000, 0.0000000000000000000, 0.0000000000000000000 ) ) ;
#2167 = CARTESIAN_POINT ( 'NONE',  ( 13.90000000000001500, 0.3999999999999993000, -1.399999999999999700 ) ) ;
#2168 = AXIS2_PLACEMENT_3D ( 'NONE', #2167, #2166, #2165 ) ;
#2169 = DIRECTION ( 'NONE',  ( 1.000000000000000000, 0.0000000000000000000, 0.0000000000000000000 ) ) ;
#2170 = DIRECTION ( 'NONE',  ( 0.0000000000000000000, 0.0000000000000000000, 1.000000000000000000 ) ) ;
#2171 = AXIS2_PLACEMENT_3D ( 'NONE', #2174, #2170, #2169 ) ;
#2172 = CYLINDRICAL_SURFACE ( 'NONE', #2171, 1.499999999999999100 ) ;
#2173 = CIRCLE ( 'NONE', #2168, 2.000000000000000000 ) ;
#2174 = CARTESIAN_POINT ( 'NONE',  ( 3.000000000000003100, -28.19999999999999900, -5.599999999999999600 ) ) ;
#2175 = DIRECTION ( 'NONE',  ( 1.000000000000000000, 0.0000000000000000000, 0.0000000000000000000 ) ) ;
#2176 = DIRECTION ( 'NONE',  ( 0.0000000000000000000, 1.000000000000000000, 0.0000000000000000000 ) ) ;
#2177 = CARTESIAN_POINT ( 'NONE',  ( 13.90000000000001500, 0.3999999999999993000, 1.399999999999999700 ) ) ;
#2178 = AXIS2_PLACEMENT_3D ( 'NONE', #2177, #2176, #2175 ) ;
#2179 = FACE_OUTER_BOUND ( 'NONE', #916, .T. ) ;
#2180 = SPHERICAL_SURFACE ( 'NONE', #2178, 2.000000000000000000 ) ;
#2181 = FACE_OUTER_BOUND ( 'NONE', #814, .T. ) ;
#2182 = DIRECTION ( 'NONE',  ( 0.0000000000000000000, 0.0000000000000000000, 1.000000000000000000 ) ) ;
#2183 = DIRECTION ( 'NONE',  ( 0.0000000000000000000, 1.000000000000000000, 0.0000000000000000000 ) ) ;
#2184 = CARTESIAN_POINT ( 'NONE',  ( 12.70000000000001000, 0.0000000000000000000, -1.399999999999999700 ) ) ;
#2185 = AXIS2_PLACEMENT_3D ( 'NONE', #2184, #2183, #2182 ) ;
#2186 = CARTESIAN_POINT ( 'NONE',  ( 3.000000000000000000, -2.800000000000000300, -5.599999999999999600 ) ) ;
#2187 = CYLINDRICAL_SURFACE ( 'NONE', #2185, 2.000000000000000000 ) ;
#2188 = FACE_OUTER_BOUND ( 'NONE', #728, .T. ) ;
#2189 = DIRECTION ( 'NONE',  ( 0.0000000000000000000, -1.000000000000000000, 0.0000000000000000000 ) ) ;
#2190 = VECTOR ( 'NONE', #2189, 1000.000000000000000 ) ;
#2191 = CARTESIAN_POINT ( 'NONE',  ( 13.90000000000001500, 0.0000000000000000000, -3.399999999999999900 ) ) ;
#2192 = LINE ( 'NONE', #2191, #2190 ) ;
#2193 = CARTESIAN_POINT ( 'NONE',  ( 13.90000000000001500, 0.3999999999999993000, -3.399999999999999900 ) ) ;
#2194 = DIRECTION ( 'NONE',  ( 1.000000000000000000, 0.0000000000000000000, 0.0000000000000000000 ) ) ;
#2195 = VECTOR ( 'NONE', #2194, 1000.000000000000000 ) ;
#2196 = CARTESIAN_POINT ( 'NONE',  ( 13.90000000000001500, 0.3999999999999993000, -3.399999999999999900 ) ) ;
#2197 = LINE ( 'NONE', #2196, #2195 ) ;
#2198 = DIRECTION ( 'NONE',  ( 1.000000000000000000, 0.0000000000000000000, 0.0000000000000000000 ) ) ;
#2199 = CARTESIAN_POINT ( 'NONE',  ( 0.5000000000000000000, -15.49999999999999800, -3.433124323501997000E-015 ) ) ;
#2200 = AXIS2_PLACEMENT_3D ( 'NONE', #2199, #2198, #2143 ) ;
#2201 = FACE_OUTER_BOUND ( 'NONE', #789, .T. ) ;
#2202 = DIRECTION ( 'NONE',  ( 0.0000000000000000000, 0.0000000000000000000, -1.000000000000000000 ) ) ;
#2203 = DIRECTION ( 'NONE',  ( 1.000000000000000000, 0.0000000000000000000, 0.0000000000000000000 ) ) ;
#2204 = AXIS2_PLACEMENT_3D ( 'NONE', #2077, #2203, #2202 ) ;
#2205 = PLANE ( 'NONE',  #2200 ) ;
#2206 = CYLINDRICAL_SURFACE ( 'NONE', #2204, 2.000000000000000000 ) ;
#2207 = FACE_OUTER_BOUND ( 'NONE', #808, .T. ) ;
#2208 = CARTESIAN_POINT ( 'NONE',  ( 0.5000000000000000000, -10.22648125062591400, 3.799999999999997600 ) ) ;
#2209 = AXIS2_PLACEMENT_3D ( 'NONE', #2208, #2095, #2094 ) ;
#2210 = PLANE ( 'NONE',  #2209 ) ;
#2211 = CARTESIAN_POINT ( 'NONE',  ( 12.15000000000000000, 1.700000000000000000, 0.0000000000000000000 ) ) ;
#2212 = AXIS2_PLACEMENT_3D ( 'NONE', #2211, #2287, #2286 ) ;
#2213 = CIRCLE ( 'NONE', #2212, 1.100000000000001000 ) ;
#2214 = CARTESIAN_POINT ( 'NONE',  ( 12.73062527150307400, 1.700000000000000000, 5.599999999999994300 ) ) ;
#2215 = CARTESIAN_POINT ( 'NONE',  ( 12.15000000000000000, 1.700000000000000000, 1.100000000000001000 ) ) ;
#2216 = DIRECTION ( 'NONE',  ( 0.0000000000000000000, 0.0000000000000000000, 1.000000000000000000 ) ) ;
#2217 = DIRECTION ( 'NONE',  ( 0.0000000000000000000, 1.000000000000000000, 0.0000000000000000000 ) ) ;
#2218 = DIRECTION ( 'NONE',  ( 0.0000000000000000000, -1.000000000000000000, 0.0000000000000000000 ) ) ;
#2219 = CARTESIAN_POINT ( 'NONE',  ( 1.898139848424684800E-015, 0.0000000000000000000, 5.599999999999999600 ) ) ;
#2220 = CARTESIAN_POINT ( 'NONE',  ( 11.62201359624593700, 1.698014336730517600, 0.9936724537147074700 ) ) ;
#2221 = CARTESIAN_POINT ( 'NONE',  ( 11.85000000000000100, 1.699642852587345700, 1.058300524425837200 ) ) ;
#2222 = DIRECTION ( 'NONE',  ( 0.7071067811865512400, 0.7071067811865439100, 0.0000000000000000000 ) ) ;
#2223 = DIRECTION ( 'NONE',  ( 0.0000000000000000000, 0.0000000000000000000, 1.000000000000000000 ) ) ;
#2224 = DIRECTION ( 'NONE',  ( 0.0000000000000000000, 1.000000000000000000, 0.0000000000000000000 ) ) ;
#2225 = VECTOR ( 'NONE', #2224, 1000.000000000000000 ) ;
#2226 = CARTESIAN_POINT ( 'NONE',  ( 12.15000000000000000, 1.300000000000000000, 1.100000000000001000 ) ) ;
#2227 = LINE ( 'NONE', #2226, #2225 ) ;
#2228 = PLANE ( 'NONE',  #2291 ) ;
#2229 = AXIS2_PLACEMENT_3D ( 'NONE', #2267, #2257, #2223 ) ;
#2230 = CARTESIAN_POINT ( 'NONE',  ( 6.499999999999935200, -37.50000000000000000, -5.599999999999999600 ) ) ;
#2231 = LINE ( 'NONE', #2236, #2239 ) ;
#2232 = CARTESIAN_POINT ( 'NONE',  ( 16.35000000000000100, 1.899999999999999900, -1.058300524425838800 ) ) ;
#2233 = B_SPLINE_CURVE_WITH_KNOTS ( 'NONE', 3,
 ( #2221, #2220, #2296, #2295, #2294, #2293, #2273, #2272, #2271, #2290 ),
 .UNSPECIFIED., .F., .F.,
 ( 4, 2, 2, 2, 4 ),
 ( 0.0001019300510497226700, 0.0008108448327576395600, 0.001519759614465556400, 0.002228674396173473300, 0.002937589177881390200 ),
 .UNSPECIFIED. ) ;
#2234 = LINE ( 'NONE', #2230, #2266 ) ;
#2235 = DIRECTION ( 'NONE',  ( 0.0000000000000000000, 1.000000000000000000, 0.0000000000000000000 ) ) ;
#2236 = CARTESIAN_POINT ( 'NONE',  ( 16.35000000000000100, 1.300000000000000000, 1.058300524425838600 ) ) ;
#2237 = AXIS2_PLACEMENT_3D ( 'NONE', #2219, #2218, #2268 ) ;
#2238 = PLANE ( 'NONE',  #2237 ) ;
#2239 = VECTOR ( 'NONE', #2235, 1000.000000000000000 ) ;
#2240 = LINE ( 'NONE', #2265, #2264 ) ;
#2241 = CARTESIAN_POINT ( 'NONE',  ( 6.250000000000002700, 0.0000000000000000000, -2.179105226109578900 ) ) ;
#2242 = VECTOR ( 'NONE', #2246, 1000.000000000000000 ) ;
#2243 = CARTESIAN_POINT ( 'NONE',  ( 20.00000000000000700, -24.00000000000006800, 55.19297147925204400 ) ) ;
#2244 = PLANE ( 'NONE',  #2229 ) ;
#2245 = FACE_OUTER_BOUND ( 'NONE', #2737, .T. ) ;
#2246 = DIRECTION ( 'NONE',  ( 0.0000000000000000000, 0.0000000000000000000, -1.000000000000000000 ) ) ;
#2247 = DIRECTION ( 'NONE',  ( 0.0000000000000000000, 1.000000000000000000, 0.0000000000000000000 ) ) ;
#2248 = VECTOR ( 'NONE', #2247, 1000.000000000000000 ) ;
#2249 = CARTESIAN_POINT ( 'NONE',  ( 16.35000000000000100, 1.300000000000000000, -1.058300524425838800 ) ) ;
#2250 = AXIS2_PLACEMENT_3D ( 'NONE', #2261, #2263, #2262 ) ;
#2251 = CIRCLE ( 'NONE', #2250, 2.999764705882360000 ) ;
#2252 = CARTESIAN_POINT ( 'NONE',  ( 12.73062527150310600, 0.0000000000000000000, -2.600235294117654300 ) ) ;
#2253 = LINE ( 'NONE', #2249, #2248 ) ;
#2254 = DIRECTION ( 'NONE',  ( 0.0000000000000000000, 0.0000000000000000000, 1.000000000000000000 ) ) ;
#2255 = FACE_OUTER_BOUND ( 'NONE', #2757, .T. ) ;
#2256 = CARTESIAN_POINT ( 'NONE',  ( 16.35000000000000100, 1.899999999999999900, 1.058300524425838600 ) ) ;
#2257 = DIRECTION ( 'NONE',  ( 0.0000000000000000000, 1.000000000000000000, 0.0000000000000000000 ) ) ;
#2258 = DIRECTION ( 'NONE',  ( 0.0000000000000000000, 0.0000000000000000000, 1.000000000000000000 ) ) ;
#2259 = DIRECTION ( 'NONE',  ( 0.0000000000000000000, 1.000000000000000000, 0.0000000000000000000 ) ) ;
#2260 = CARTESIAN_POINT ( 'NONE',  ( 16.04999999999999700, 1.899999999999999900, 0.0000000000000000000 ) ) ;
#2261 = CARTESIAN_POINT ( 'NONE',  ( 12.73062527150311500, 0.0000000000000000000, -5.600000000000014700 ) ) ;
#2262 = DIRECTION ( 'NONE',  ( 0.0000000000000000000, 0.0000000000000000000, 1.000000000000000000 ) ) ;
#2263 = DIRECTION ( 'NONE',  ( 0.0000000000000000000, -1.000000000000000000, 0.0000000000000000000 ) ) ;
#2264 = VECTOR ( 'NONE', #2254, 1000.000000000000000 ) ;
#2265 = CARTESIAN_POINT ( 'NONE',  ( 6.250000000000001800, 0.0000000000000000000, -3.850000000000000100 ) ) ;
#2266 = VECTOR ( 'NONE', #2222, 1000.000000000000000 ) ;
#2267 = CARTESIAN_POINT ( 'NONE',  ( 5.694419545274054300E-015, -31.00000000000000000, 5.599999999999999600 ) ) ;
#2268 = DIRECTION ( 'NONE',  ( 0.0000000000000000000, 0.0000000000000000000, -1.000000000000000000 ) ) ;
#2269 = CARTESIAN_POINT ( 'NONE',  ( 12.45000000000000100, 1.300000000000000000, 1.058300524425837200 ) ) ;
#2270 = CIRCLE ( 'NONE', #2278, 1.100000000000002800 ) ;
#2271 = CARTESIAN_POINT ( 'NONE',  ( 11.61992341007250000, 1.697999406448399000, -0.9930799416280559100 ) ) ;
#2272 = CARTESIAN_POINT ( 'NONE',  ( 11.41681978003226800, 1.690588376788811700, -0.8541716949802632400 ) ) ;
#2273 = CARTESIAN_POINT ( 'NONE',  ( 11.12840703767258800, 1.676617233077433800, -0.4727688005574081100 ) ) ;
#2274 = LINE ( 'NONE', #2243, #2242 ) ;
#2275 = FACE_OUTER_BOUND ( 'NONE', #2820, .T. ) ;
#2276 = FACE_BOUND ( 'NONE', #2835, .T. ) ;
#2277 = CARTESIAN_POINT ( 'NONE',  ( 16.04999999999999700, 1.899999999999999900, 0.0000000000000000000 ) ) ;
#2278 = AXIS2_PLACEMENT_3D ( 'NONE', #2277, #2217, #2216 ) ;
#2279 = DATE_TIME_ROLE ( 'classification_date' ) ;
#2280 = DATE_AND_TIME ( #2285, #2096 ) ;
#2281 = DIRECTION ( 'NONE',  ( 6.122977180069026600E-015, 0.0000000000000000000, 1.000000000000000000 ) ) ;
#2282 = DIRECTION ( 'NONE',  ( 0.0000000000000000000, -1.000000000000000000, 0.0000000000000000000 ) ) ;
#2283 = AXIS2_PLACEMENT_3D ( 'NONE', #2214, #2282, #2281 ) ;
#2284 = CIRCLE ( 'NONE', #2283, 3.399764705882345300 ) ;
#2285 = CALENDAR_DATE ( 2008, 10, 9 ) ;
#2286 = DIRECTION ( 'NONE',  ( 0.0000000000000000000, 0.0000000000000000000, 1.000000000000000000 ) ) ;
#2287 = DIRECTION ( 'NONE',  ( 0.0000000000000000000, 1.000000000000000000, 0.0000000000000000000 ) ) ;
#2288 = B_SPLINE_CURVE_WITH_KNOTS ( 'NONE', 3,
 ( #2300, #2299, #2298, #2297 ),
 .UNSPECIFIED., .F., .F.,
 ( 4, 4 ),
 ( 0.0000000000000000000, 0.0001019315159743715700 ),
 .UNSPECIFIED. ) ;
#2289 = CARTESIAN_POINT ( 'NONE',  ( 11.94999999999950500, 1.700000000000133200, -1.081665382640906800 ) ) ;
#2290 = CARTESIAN_POINT ( 'NONE',  ( 11.85000000000000100, 1.699642852587345700, -1.058300524425837200 ) ) ;
#2291 = AXIS2_PLACEMENT_3D ( 'NONE', #2260, #2259, #2258 ) ;
#2292 = CARTESIAN_POINT ( 'NONE',  ( 12.04184554956022300, 0.0000000000000000000, -2.680381739799247800 ) ) ;
#2293 = CARTESIAN_POINT ( 'NONE',  ( 11.05003997851472500, 1.671044054090302400, -0.2384777375491740100 ) ) ;
#2294 = CARTESIAN_POINT ( 'NONE',  ( 11.04996005242285100, 1.671038905334459200, 0.2381087858666914600 ) ) ;
#2295 = CARTESIAN_POINT ( 'NONE',  ( 11.12927845534662000, 1.676657612778418100, 0.4738151744202257500 ) ) ;
#2296 = CARTESIAN_POINT ( 'NONE',  ( 11.41559131266329200, 1.690530698783166800, 0.8526530192257693000 ) ) ;
#2297 = CARTESIAN_POINT ( 'NONE',  ( 11.94999999999950500, 1.700000000000133200, -1.081665382640906800 ) ) ;
#2298 = CARTESIAN_POINT ( 'NONE',  ( 11.91649470141947700, 1.699999999999998800, -1.075470250740121300 ) ) ;
#2299 = CARTESIAN_POINT ( 'NONE',  ( 11.88315937102160000, 1.699879711279890500, -1.067700322570959400 ) ) ;
#2300 = CARTESIAN_POINT ( 'NONE',  ( 11.85000000000000100, 1.699642852587345700, -1.058300524425837200 ) ) ;
#2301 = PLANE ( 'NONE',  #2377 ) ;
#2302 = FACE_OUTER_BOUND ( 'NONE', #2832, .T. ) ;
#2303 = DIRECTION ( 'NONE',  ( 0.0000000000000000000, 1.000000000000000000, 0.0000000000000000000 ) ) ;
#2304 = VECTOR ( 'NONE', #2303, 1000.000000000000000 ) ;
#2305 = CARTESIAN_POINT ( 'NONE',  ( 12.45000000000000100, 1.300000000000000000, -1.058300524425837200 ) ) ;
#2306 = LINE ( 'NONE', #2305, #2304 ) ;
#2307 = CARTESIAN_POINT ( 'NONE',  ( 12.45000000000000100, 1.700000000000006600, -1.058300524425837200 ) ) ;
#2308 = DIRECTION ( 'NONE',  ( 0.0000000000000000000, 0.0000000000000000000, 1.000000000000000000 ) ) ;
#2309 = DIRECTION ( 'NONE',  ( 0.0000000000000000000, 1.000000000000000000, 0.0000000000000000000 ) ) ;
#2310 = CARTESIAN_POINT ( 'NONE',  ( 12.15000000000000000, 1.700000000000000000, 0.0000000000000000000 ) ) ;
#2311 = AXIS2_PLACEMENT_3D ( 'NONE', #2310, #2309, #2308 ) ;
#2312 = CIRCLE ( 'NONE', #2311, 1.100000000000001000 ) ;
#2313 = DIRECTION ( 'NONE',  ( 0.0000000000000000000, 1.000000000000000000, 0.0000000000000000000 ) ) ;
#2314 = LINE ( 'NONE', #2477, #2476 ) ;
#2315 = CARTESIAN_POINT ( 'NONE',  ( 17.45007842880959400, 0.0000000000000000000, 2.600235294117646300 ) ) ;
#2316 = DIRECTION ( 'NONE',  ( 0.0000000000000000000, 0.0000000000000000000, 1.000000000000000000 ) ) ;
#2317 = DIRECTION ( 'NONE',  ( 0.0000000000000000000, 1.000000000000000000, 0.0000000000000000000 ) ) ;
#2318 = CARTESIAN_POINT ( 'NONE',  ( 16.24999999999999300, 0.0000000000000000000, 0.9999999999999940000 ) ) ;
#2319 = AXIS2_PLACEMENT_3D ( 'NONE', #2318, #2317, #2316 ) ;
#2320 = CIRCLE ( 'NONE', #2319, 2.000235294117650700 ) ;
#2321 = CARTESIAN_POINT ( 'NONE',  ( 18.25023529411764400, 0.0000000000000000000, 1.000000000000000000 ) ) ;
#2322 = DIRECTION ( 'NONE',  ( 0.0000000000000000000, 0.0000000000000000000, -1.000000000000000000 ) ) ;
#2323 = VECTOR ( 'NONE', #2322, 1000.000000000000000 ) ;
#2324 = CARTESIAN_POINT ( 'NONE',  ( 18.25023529411764400, 0.0000000000000000000, 1.000000000000000400 ) ) ;
#2325 = LINE ( 'NONE', #2324, #2323 ) ;
#2326 = CARTESIAN_POINT ( 'NONE',  ( 12.04184554956022300, 0.0000000000000000000, -2.680381739799247800 ) ) ;
#2327 = CARTESIAN_POINT ( 'NONE',  ( 11.69503382184317400, 0.0000000000000000000, -2.761323622472378900 ) ) ;
#2328 = DIRECTION ( 'NONE',  ( 0.0000000000000000000, 0.0000000000000000000, 1.000000000000000000 ) ) ;
#2329 = DIRECTION ( 'NONE',  ( 0.0000000000000000000, 1.000000000000000000, 0.0000000000000000000 ) ) ;
#2330 = CARTESIAN_POINT ( 'NONE',  ( 8.049999999999997200, 0.0000000000000000000, 2.149999999999964400 ) ) ;
#2331 = AXIS2_PLACEMENT_3D ( 'NONE', #2330, #2329, #2328 ) ;
#2332 = CIRCLE ( 'NONE', #2331, 1.800235294117680700 ) ;
#2333 = CARTESIAN_POINT ( 'NONE',  ( 12.45000000000000100, 1.899999999999999900, 1.058300524425837200 ) ) ;
#2334 = LINE ( 'NONE', #2343, #2353 ) ;
#2335 = CARTESIAN_POINT ( 'NONE',  ( 17.30838945350664900, 1.700000000000000000, 2.200235294117657100 ) ) ;
#2336 = DIRECTION ( 'NONE',  ( -0.7071067811865513500, -0.7071067811865438000, 0.0000000000000000000 ) ) ;
#2337 = DIRECTION ( 'NONE',  ( -0.7071067811865441300, 0.7071067811865510100, 0.0000000000000000000 ) ) ;
#2338 = CARTESIAN_POINT ( 'NONE',  ( 53.19884194358166200, -64.19884194358203900, 0.0000000000000000000 ) ) ;
#2339 = DIRECTION ( 'NONE',  ( 0.7071067811865513500, 0.7071067811865438000, 0.0000000000000000000 ) ) ;
#2340 = DIRECTION ( 'NONE',  ( 0.7071067811865441300, -0.7071067811865509000, 0.0000000000000000000 ) ) ;
#2341 = DIRECTION ( 'NONE',  ( 0.7071067811865507900, 0.7071067811865441300, 0.0000000000000000000 ) ) ;
#2342 = DIRECTION ( 'NONE',  ( 0.7071067811865442400, -0.7071067811865509000, 0.0000000000000000000 ) ) ;
#2343 = CARTESIAN_POINT ( 'NONE',  ( 17.45007842880959400, 1.700000000000000000, 2.200235294117656600 ) ) ;
#2344 = VECTOR ( 'NONE', #2313, 1000.000000000000000 ) ;
#2345 = CARTESIAN_POINT ( 'NONE',  ( 12.45000000000000100, 1.300000000000000000, 1.058300524425837200 ) ) ;
#2346 = LINE ( 'NONE', #2345, #2344 ) ;
#2347 = CARTESIAN_POINT ( 'NONE',  ( 12.45000000000000100, 1.899999999999999900, -1.058300524425837200 ) ) ;
#2348 = CARTESIAN_POINT ( 'NONE',  ( 7.583555374952887000, 0.0000000000000000000, 2.800235294117619000 ) ) ;
#2349 = CARTESIAN_POINT ( 'NONE',  ( 7.583555374952887000, 0.0000000000000000000, 3.800235294117619000 ) ) ;
#2350 = DIRECTION ( 'NONE',  ( 1.000000000000000000, 0.0000000000000000000, 0.0000000000000000000 ) ) ;
#2351 = VECTOR ( 'NONE', #2350, 1000.000000000000000 ) ;
#2352 = LINE ( 'NONE', #2437, #2436 ) ;
#2353 = VECTOR ( 'NONE', #2511, 1000.000000000000000 ) ;
#2354 = CARTESIAN_POINT ( 'NONE',  ( 53.19884194358166200, -64.19884194358203900, 0.0000000000000000000 ) ) ;
#2355 = AXIS2_PLACEMENT_3D ( 'NONE', #2354, #2340, #2339 ) ;
#2356 = FACE_OUTER_BOUND ( 'NONE', #2790, .T. ) ;
#2357 = DIRECTION ( 'NONE',  ( -1.224606353822377300E-016, 1.000000000000000000, 0.0000000000000000000 ) ) ;
#2358 = DIRECTION ( 'NONE',  ( 1.000000000000000000, 1.224606353822377300E-016, 0.0000000000000000000 ) ) ;
#2359 = CARTESIAN_POINT ( 'NONE',  ( 1.898139848424684800E-015, 0.0000000000000000000, 5.599999999999999600 ) ) ;
#2360 = AXIS2_PLACEMENT_3D ( 'NONE', #2359, #2358, #2357 ) ;
#2361 = CARTESIAN_POINT ( 'NONE',  ( 53.19884194358166200, -64.19884194358203900, 0.0000000000000000000 ) ) ;
#2362 = AXIS2_PLACEMENT_3D ( 'NONE', #2454, #2453, #2452 ) ;
#2363 = CYLINDRICAL_SURFACE ( 'NONE', #2362, 1.100000000000003000 ) ;
#2364 = FACE_OUTER_BOUND ( 'NONE', #2842, .T. ) ;
#2365 = CARTESIAN_POINT ( 'NONE',  ( 17.45007842880961500, 0.0000000000000000000, -2.600235294117647200 ) ) ;
#2366 = DIRECTION ( 'NONE',  ( -1.000000000000000000, 0.0000000000000000000, 0.0000000000000000000 ) ) ;
#2367 = VECTOR ( 'NONE', #2366, 1000.000000000000000 ) ;
#2368 = CARTESIAN_POINT ( 'NONE',  ( 17.45007842880961500, 0.0000000000000000000, -2.600235294117647200 ) ) ;
#2369 = LINE ( 'NONE', #2368, #2367 ) ;
#2370 = DIRECTION ( 'NONE',  ( 0.0000000000000000000, 0.0000000000000000000, -1.000000000000000000 ) ) ;
#2371 = VECTOR ( 'NONE', #2370, 1000.000000000000000 ) ;
#2372 = CARTESIAN_POINT ( 'NONE',  ( 12.45000000000000100, 1.899999999999999900, -1.058300524425837200 ) ) ;
#2373 = LINE ( 'NONE', #2372, #2371 ) ;
#2374 = DIRECTION ( 'NONE',  ( 0.0000000000000000000, 0.0000000000000000000, 1.000000000000000000 ) ) ;
#2375 = DIRECTION ( 'NONE',  ( 0.0000000000000000000, 1.000000000000000000, 0.0000000000000000000 ) ) ;
#2376 = CARTESIAN_POINT ( 'NONE',  ( 12.15000000000000000, 1.899999999999999900, 0.0000000000000000000 ) ) ;
#2377 = AXIS2_PLACEMENT_3D ( 'NONE', #2376, #2375, #2374 ) ;
#2378 = DIRECTION ( 'NONE',  ( 0.0000000000000000000, 0.0000000000000000000, -1.000000000000000000 ) ) ;
#2379 = VECTOR ( 'NONE', #2378, 1000.000000000000000 ) ;
#2380 = CARTESIAN_POINT ( 'NONE',  ( 1.898139848424684800E-015, 0.0000000000000000000, 5.599999999999999600 ) ) ;
#2381 = DIRECTION ( 'NONE',  ( 1.224606353822377300E-016, -1.000000000000000000, 0.0000000000000000000 ) ) ;
#2382 = VECTOR ( 'NONE', #2381, 1000.000000000000000 ) ;
#2383 = CARTESIAN_POINT ( 'NONE',  ( 1.898139848424684800E-015, 0.0000000000000000000, 5.599999999999999600 ) ) ;
#2384 = LINE ( 'NONE', #2383, #2382 ) ;
#2385 = CARTESIAN_POINT ( 'NONE',  ( 5.694419545274054300E-015, -31.00000000000000000, 5.599999999999999600 ) ) ;
#2386 = DIRECTION ( 'NONE',  ( 0.0000000000000000000, 0.0000000000000000000, -1.000000000000000000 ) ) ;
#2387 = VECTOR ( 'NONE', #2386, 1000.000000000000000 ) ;
#2388 = CARTESIAN_POINT ( 'NONE',  ( 5.694419545274054300E-015, -31.00000000000000000, 5.599999999999999600 ) ) ;
#2389 = LINE ( 'NONE', #2388, #2387 ) ;
#2390 = PLANE ( 'NONE',  #2360 ) ;
#2391 = CARTESIAN_POINT ( 'NONE',  ( 20.00000000000001100, -24.00000000000006400, 5.599999999999999600 ) ) ;
#2392 = CARTESIAN_POINT ( 'NONE',  ( 13.00000000000000200, -31.00000000000000000, 5.599999999999999600 ) ) ;
#2393 = DIRECTION ( 'NONE',  ( 0.7071067811865512400, 0.7071067811865439100, 0.0000000000000000000 ) ) ;
#2394 = VECTOR ( 'NONE', #2393, 1000.000000000000000 ) ;
#2395 = CARTESIAN_POINT ( 'NONE',  ( 6.499999999999935200, -37.50000000000000000, 5.599999999999999600 ) ) ;
#2396 = LINE ( 'NONE', #2395, #2394 ) ;
#2397 = DIRECTION ( 'NONE',  ( 0.7071067811865512400, 0.7071067811865439100, 0.0000000000000000000 ) ) ;
#2398 = DIRECTION ( 'NONE',  ( 0.7071067811865439100, -0.7071067811865512400, 0.0000000000000000000 ) ) ;
#2399 = CARTESIAN_POINT ( 'NONE',  ( 20.00000000000000700, -24.00000000000006800, 55.19297147925204400 ) ) ;
#2400 = AXIS2_PLACEMENT_3D ( 'NONE', #2399, #2398, #2397 ) ;
#2401 = PLANE ( 'NONE',  #2400 ) ;
#2402 = FACE_BOUND ( 'NONE', #2802, .T. ) ;
#2403 = FACE_OUTER_BOUND ( 'NONE', #2859, .T. ) ;
#2404 = DIRECTION ( 'NONE',  ( 0.7071067811865503500, 0.7071067811865446900, 0.0000000000000000000 ) ) ;
#2405 = DIRECTION ( 'NONE',  ( 0.7071067811865441300, -0.7071067811865509000, 0.0000000000000000000 ) ) ;
#2406 = CARTESIAN_POINT ( 'NONE',  ( 17.84350288425445200, -28.84350288425448700, 0.0000000000000000000 ) ) ;
#2407 = AXIS2_PLACEMENT_3D ( 'NONE', #2406, #2405, #2404 ) ;
#2408 = CIRCLE ( 'NONE', #2407, 1.849999999999998800 ) ;
#2409 = CARTESIAN_POINT ( 'NONE',  ( 16.24999999999999300, 1.700000000000000000, 0.9999999999999940000 ) ) ;
#2410 = CIRCLE ( 'NONE', #2355, 1.850000000000001200 ) ;
#2411 = CARTESIAN_POINT ( 'NONE',  ( 20.00000000000000700, -24.00000000000006800, -5.599999999999987200 ) ) ;
#2412 = CARTESIAN_POINT ( 'NONE',  ( 13.00000000000000200, -31.00000000000000000, -5.599999999999999600 ) ) ;
#2413 = DIRECTION ( 'NONE',  ( 0.0000000000000000000, 0.0000000000000000000, -1.000000000000000000 ) ) ;
#2414 = VECTOR ( 'NONE', #2413, 1000.000000000000000 ) ;
#2415 = CARTESIAN_POINT ( 'NONE',  ( 13.00000000000000200, -31.00000000000000000, 55.19297147925204400 ) ) ;
#2416 = LINE ( 'NONE', #2415, #2414 ) ;
#2417 = FACE_OUTER_BOUND ( 'NONE', #2783, .T. ) ;
#2418 = CARTESIAN_POINT ( 'NONE',  ( 17.85023529411765300, 1.700000000000000000, 0.9999999999999991100 ) ) ;
#2419 = DIRECTION ( 'NONE',  ( 0.0000000000000000000, 0.0000000000000000000, 1.000000000000000000 ) ) ;
#2420 = DIRECTION ( 'NONE',  ( 0.0000000000000000000, 1.000000000000000000, 0.0000000000000000000 ) ) ;
#2421 = AXIS2_PLACEMENT_3D ( 'NONE', #2409, #2420, #2419 ) ;
#2422 = CIRCLE ( 'NONE', #2464, 1.850000000000001200 ) ;
#2423 = CARTESIAN_POINT ( 'NONE',  ( 12.73062527150308700, 1.700000000000000000, 2.200235294117648200 ) ) ;
#2424 = FACE_OUTER_BOUND ( 'NONE', #2796, .T. ) ;
#2425 = DIRECTION ( 'NONE',  ( 0.7071067811865507900, 0.7071067811865442400, 0.0000000000000000000 ) ) ;
#2426 = DIRECTION ( 'NONE',  ( 0.7071067811865440200, -0.7071067811865511300, 0.0000000000000000000 ) ) ;
#2427 = AXIS2_PLACEMENT_3D ( 'NONE', #2484, #2426, #2425 ) ;
#2428 = CARTESIAN_POINT ( 'NONE',  ( 7.000671030216006200, 0.0000000000000000000, 3.612790424961462900 ) ) ;
#2429 = DIRECTION ( 'NONE',  ( 0.0000000000000000000, 0.0000000000000000000, -1.000000000000000000 ) ) ;
#2430 = DIRECTION ( 'NONE',  ( 0.0000000000000000000, -1.000000000000000000, 0.0000000000000000000 ) ) ;
#2431 = AXIS2_PLACEMENT_3D ( 'NONE', #2348, #2430, #2429 ) ;
#2432 = CIRCLE ( 'NONE', #2431, 1.000000000000000000 ) ;
#2433 = CARTESIAN_POINT ( 'NONE',  ( 1.898139848424684800E-015, 0.0000000000000000000, -5.599999999999999600 ) ) ;
#2434 = CARTESIAN_POINT ( 'NONE',  ( 20.00000000000000400, 0.0000000000000000000, -5.599999999999999600 ) ) ;
#2435 = DIRECTION ( 'NONE',  ( -1.000000000000000000, 0.0000000000000000000, 0.0000000000000000000 ) ) ;
#2436 = VECTOR ( 'NONE', #2435, 1000.000000000000000 ) ;
#2437 = CARTESIAN_POINT ( 'NONE',  ( 1.898139848424684800E-015, 0.0000000000000000000, -5.599999999999999600 ) ) ;
#2438 = AXIS2_PLACEMENT_3D ( 'NONE', #2338, #2337, #2336 ) ;
#2439 = CYLINDRICAL_SURFACE ( 'NONE', #2438, 1.850000000000001200 ) ;
#2440 = CARTESIAN_POINT ( 'NONE',  ( 7.330576210960907200, 0.0000000000000000000, 3.800235294117619000 ) ) ;
#2441 = CARTESIAN_POINT ( 'NONE',  ( 10.25825117094982600, 0.0000000000000000000, 3.800235294117619000 ) ) ;
#2442 = CARTESIAN_POINT ( 'NONE',  ( 5.694419545274054300E-015, -31.00000000000000000, -5.599999999999999600 ) ) ;
#2443 = DIRECTION ( 'NONE',  ( 1.224606353822377300E-016, -1.000000000000000000, 0.0000000000000000000 ) ) ;
#2444 = VECTOR ( 'NONE', #2443, 1000.000000000000000 ) ;
#2445 = CARTESIAN_POINT ( 'NONE',  ( 1.898139848424684800E-015, 0.0000000000000000000, -5.599999999999999600 ) ) ;
#2446 = LINE ( 'NONE', #2445, #2444 ) ;
#2447 = DIRECTION ( 'NONE',  ( 0.0000000000000000000, 1.000000000000000000, 0.0000000000000000000 ) ) ;
#2448 = VECTOR ( 'NONE', #2447, 1000.000000000000000 ) ;
#2449 = CARTESIAN_POINT ( 'NONE',  ( 16.35000000000000100, 1.300000000000000000, 1.058300524425838600 ) ) ;
#2450 = LINE ( 'NONE', #2449, #2448 ) ;
#2451 = CARTESIAN_POINT ( 'NONE',  ( 16.04999999999999700, 1.300000000000000000, 1.100000000000003000 ) ) ;
#2452 = DIRECTION ( 'NONE',  ( 0.0000000000000000000, 0.0000000000000000000, 1.000000000000000000 ) ) ;
#2453 = DIRECTION ( 'NONE',  ( 0.0000000000000000000, 1.000000000000000000, 0.0000000000000000000 ) ) ;
#2454 = CARTESIAN_POINT ( 'NONE',  ( 16.04999999999999700, 1.300000000000000000, 0.0000000000000000000 ) ) ;
#2455 = CARTESIAN_POINT ( 'NONE',  ( 53.19884194358166200, -64.19884194358203900, 0.0000000000000000000 ) ) ;
#2456 = AXIS2_PLACEMENT_3D ( 'NONE', #2455, #2342, #2341 ) ;
#2457 = PLANE ( 'NONE',  #2456 ) ;
#2458 = B_SPLINE_CURVE_WITH_KNOTS ( 'NONE', 3,
 ( #2483, #2482, #2481, #2480, #2479, #2478 ),
 .UNSPECIFIED., .F., .F.,
 ( 4, 2, 4 ),
 ( 0.0000000000000000000, 0.5000000000000000000, 1.000000000000000000 ),
 .UNSPECIFIED. ) ;
#2459 = LINE ( 'NONE', #2440, #2351 ) ;
#2460 = CARTESIAN_POINT ( 'NONE',  ( 51.89069439838654300, -65.50698948877715100, 0.0000000000000000000 ) ) ;
#2461 = CARTESIAN_POINT ( 'NONE',  ( 54.50698948877678200, -62.89069439838693400, 2.265596578422602600E-016 ) ) ;
#2462 = DIRECTION ( 'NONE',  ( 0.7071067811865513500, 0.7071067811865438000, 0.0000000000000000000 ) ) ;
#2463 = DIRECTION ( 'NONE',  ( 0.7071067811865441300, -0.7071067811865509000, 0.0000000000000000000 ) ) ;
#2464 = AXIS2_PLACEMENT_3D ( 'NONE', #2361, #2463, #2462 ) ;
#2465 = LINE ( 'NONE', #2380, #2379 ) ;
#2466 = CARTESIAN_POINT ( 'NONE',  ( 12.15000000000000000, 1.899999999999999900, 0.0000000000000000000 ) ) ;
#2467 = AXIS2_PLACEMENT_3D ( 'NONE', #2466, #1176, #1254 ) ;
#2468 = CYLINDRICAL_SURFACE ( 'NONE', #2467, 1.100000000000001000 ) ;
#2469 = CC_DESIGN_DATE_AND_TIME_ASSIGNMENT ( #2280, #2279, ( #3165 ) ) ;
#2470 = FACE_OUTER_BOUND ( 'NONE', #2895, .T. ) ;
#2471 = DIRECTION ( 'NONE',  ( 0.0000000000000000000, 0.0000000000000000000, -1.000000000000000000 ) ) ;
#2472 = VECTOR ( 'NONE', #2471, 1000.000000000000000 ) ;
#2473 = CARTESIAN_POINT ( 'NONE',  ( 16.35000000000000100, 1.899999999999999900, -1.058300524425838800 ) ) ;
#2474 = LINE ( 'NONE', #2473, #2472 ) ;
#2475 = DIRECTION ( 'NONE',  ( 1.000000000000000000, 0.0000000000000000000, 1.745951540621401100E-015 ) ) ;
#2476 = VECTOR ( 'NONE', #2475, 1000.000000000000000 ) ;
#2477 = CARTESIAN_POINT ( 'NONE',  ( 17.45007842880959400, 0.0000000000000000000, 2.600235294117647200 ) ) ;
#2478 = CARTESIAN_POINT ( 'NONE',  ( 10.25825117094982600, 0.0000000000000000000, 3.800235294117619000 ) ) ;
#2479 = CARTESIAN_POINT ( 'NONE',  ( 10.48215088871381100, 0.0000000000000000000, 3.523684997462617700 ) ) ;
#2480 = CARTESIAN_POINT ( 'NONE',  ( 10.74835975163317900, 0.0000000000000000000, 3.288236699527570000 ) ) ;
#2481 = CARTESIAN_POINT ( 'NONE',  ( 11.36539576778269700, 0.0000000000000000000, 2.899544101097385700 ) ) ;
#2482 = CARTESIAN_POINT ( 'NONE',  ( 11.69506893559797200, 0.0000000000000000000, 2.760856987164851200 ) ) ;
#2483 = CARTESIAN_POINT ( 'NONE',  ( 12.04184462326494300, 0.0000000000000000000, 2.680381958325687400 ) ) ;
#2484 = CARTESIAN_POINT ( 'NONE',  ( 16.50000000000001400, -27.50000000000003900, 0.0000000000000000000 ) ) ;
#2485 = CIRCLE ( 'NONE', #2427, 3.199999999999999700 ) ;
#2486 = FACE_BOUND ( 'NONE', #2853, .T. ) ;
#2487 = CARTESIAN_POINT ( 'NONE',  ( 11.36746548635990300, 0.0000000000000000000, -2.898780281752535900 ) ) ;
#2488 = CARTESIAN_POINT ( 'NONE',  ( 10.75069158136070900, 0.0000000000000000000, -3.286198251698017700 ) ) ;
#2489 = CARTESIAN_POINT ( 'NONE',  ( 10.48251323559187600, 0.0000000000000000000, -3.522919339952405200 ) ) ;
#2490 = CARTESIAN_POINT ( 'NONE',  ( 10.25839176650548100, 0.0000000000000000000, -3.800235294117678000 ) ) ;
#2491 = B_SPLINE_CURVE_WITH_KNOTS ( 'NONE', 3,
 ( #2490, #2489, #2488, #2487, #2327, #2326 ),
 .UNSPECIFIED., .F., .F.,
 ( 4, 2, 4 ),
 ( 0.0000000000000000000, 0.5000000000000000000, 1.000000000000000000 ),
 .UNSPECIFIED. ) ;
#2492 = CARTESIAN_POINT ( 'NONE',  ( 10.25839176650548100, 0.0000000000000000000, -3.800235294117678000 ) ) ;
#2493 = DIRECTION ( 'NONE',  ( -1.000000000000000000, 0.0000000000000000000, 0.0000000000000000000 ) ) ;
#2494 = VECTOR ( 'NONE', #2493, 1000.000000000000000 ) ;
#2495 = CARTESIAN_POINT ( 'NONE',  ( 7.330576210960914300, 0.0000000000000000000, -3.800235294117678000 ) ) ;
#2496 = LINE ( 'NONE', #2495, #2494 ) ;
#2497 = CARTESIAN_POINT ( 'NONE',  ( 7.583555374952913700, 0.0000000000000000000, -3.800235294117678000 ) ) ;
#2498 = DIRECTION ( 'NONE',  ( 0.0000000000000000000, 0.0000000000000000000, -1.000000000000000000 ) ) ;
#2499 = DIRECTION ( 'NONE',  ( 0.0000000000000000000, -1.000000000000000000, 0.0000000000000000000 ) ) ;
#2500 = CARTESIAN_POINT ( 'NONE',  ( 7.583555374952913700, 0.0000000000000000000, -2.800235294117678000 ) ) ;
#2501 = AXIS2_PLACEMENT_3D ( 'NONE', #2500, #2499, #2498 ) ;
#2502 = CIRCLE ( 'NONE', #2501, 1.000000000000000000 ) ;
#2503 = CARTESIAN_POINT ( 'NONE',  ( 7.000671030216038200, 0.0000000000000000000, -3.612790424961526400 ) ) ;
#2504 = CARTESIAN_POINT ( 'NONE',  ( 0.0000000000000000000, -10.22648125062591400, 3.799999999999999400 ) ) ;
#2505 = CARTESIAN_POINT ( 'NONE',  ( 3.150481240100875600E-015, -10.22648125062591600, -3.800000000000002000 ) ) ;
#2506 = DIRECTION ( 'NONE',  ( 0.0000000000000000000, 0.0000000000000000000, -1.000000000000000000 ) ) ;
#2507 = DIRECTION ( 'NONE',  ( 1.000000000000000000, 0.0000000000000000000, 0.0000000000000000000 ) ) ;
#2508 = CARTESIAN_POINT ( 'NONE',  ( 0.0000000000000000000, -15.50000000000000000, 0.0000000000000000000 ) ) ;
#2509 = AXIS2_PLACEMENT_3D ( 'NONE', #2508, #2507, #2506 ) ;
#2510 = CIRCLE ( 'NONE', #2509, 6.500000000000000900 ) ;
#2511 = DIRECTION ( 'NONE',  ( 1.000000000000000000, 0.0000000000000000000, 1.745951540621401100E-015 ) ) ;
#2512 = CIRCLE ( 'NONE', #2421, 1.600235294117659200 ) ;
#2513 = LINE ( 'NONE', #2592, #2591 ) ;
#2514 = LINE ( 'NONE', #2539, #2538 ) ;
#2515 = CARTESIAN_POINT ( 'NONE',  ( 12.73062527150310400, 1.700000000000000000, -2.200235294117656600 ) ) ;
#2516 = DIRECTION ( 'NONE',  ( 0.0000000000000000000, 0.0000000000000000000, 1.000000000000000000 ) ) ;
#2517 = DIRECTION ( 'NONE',  ( 0.0000000000000000000, 1.000000000000000000, 0.0000000000000000000 ) ) ;
#2518 = AXIS2_PLACEMENT_3D ( 'NONE', #2689, #2517, #2516 ) ;
#2519 = CIRCLE ( 'NONE', #2518, 1.100000000000001000 ) ;
#2520 = FACE_OUTER_BOUND ( 'NONE', #2913, .T. ) ;
#2521 = DIRECTION ( 'NONE',  ( 0.0000000000000000000, 1.000000000000000000, 1.644749510165961300E-016 ) ) ;
#2522 = VECTOR ( 'NONE', #2521, 1000.000000000000000 ) ;
#2523 = CIRCLE ( 'NONE', #2609, 1.100000000000001000 ) ;
#2524 = DIRECTION ( 'NONE',  ( 0.0000000000000000000, 0.0000000000000000000, 1.000000000000000000 ) ) ;
#2525 = DIRECTION ( 'NONE',  ( 0.0000000000000000000, -1.000000000000000000, 0.0000000000000000000 ) ) ;
#2526 = CARTESIAN_POINT ( 'NONE',  ( 12.73062527150311500, 1.700000000000000000, -5.600000000000014700 ) ) ;
#2527 = AXIS2_PLACEMENT_3D ( 'NONE', #2526, #2525, #2524 ) ;
#2528 = CIRCLE ( 'NONE', #2527, 3.399764705882351000 ) ;
#2529 = DIRECTION ( 'NONE',  ( -1.000000000000000000, 0.0000000000000000000, 1.006759160165110900E-016 ) ) ;
#2530 = DIRECTION ( 'NONE',  ( -1.000802005371231400E-016, 0.0000000000000000000, -1.000000000000000000 ) ) ;
#2531 = CARTESIAN_POINT ( 'NONE',  ( 11.94999999999999900, -12.30000000000000600, -0.8500000000000005300 ) ) ;
#2532 = AXIS2_PLACEMENT_3D ( 'NONE', #2531, #2530, #2529 ) ;
#2533 = CIRCLE ( 'NONE', #2532, 14.00000000000000500 ) ;
#2534 = FACE_OUTER_BOUND ( 'NONE', #2742, .T. ) ;
#2535 = CARTESIAN_POINT ( 'NONE',  ( 9.500000000000005300, 1.483958067260650700, -0.8500000000000003100 ) ) ;
#2536 = PLANE ( 'NONE',  #2555 ) ;
#2537 = DIRECTION ( 'NONE',  ( -1.000000000000000000, 0.0000000000000000000, 0.0000000000000000000 ) ) ;
#2538 = VECTOR ( 'NONE', #2537, 1000.000000000000000 ) ;
#2539 = CARTESIAN_POINT ( 'NONE',  ( 0.1000000000000000100, -20.77351874937408400, -3.799999999999999800 ) ) ;
#2540 = VECTOR ( 'NONE', #2719, 1000.000000000000000 ) ;
#2541 = CARTESIAN_POINT ( 'NONE',  ( 11.94999999999999900, 1.700000000000000200, -3.850000000000000100 ) ) ;
#2542 = LINE ( 'NONE', #2541, #2540 ) ;
#2543 = DIRECTION ( 'NONE',  ( -0.7071067811865513500, -0.7071067811865438000, 0.0000000000000000000 ) ) ;
#2544 = DIRECTION ( 'NONE',  ( -0.7071067811865441300, 0.7071067811865510100, 0.0000000000000000000 ) ) ;
#2545 = AXIS2_PLACEMENT_3D ( 'NONE', #2572, #2544, #2543 ) ;
#2546 = CARTESIAN_POINT ( 'NONE',  ( 11.94996285222692300, 1.700134202295584800, -2.290705806380799000 ) ) ;
#2547 = CARTESIAN_POINT ( 'NONE',  ( 9.555561528853202100, 1.493718295220190200, -3.800235294117678000 ) ) ;
#2548 = B_SPLINE_CURVE_WITH_KNOTS ( 'NONE', 3,
 ( #2546, #2676, #2675, #2674, #2673, #2672 ),
 .UNSPECIFIED., .F., .F.,
 ( 4, 2, 4 ),
 ( 0.0000000000000000000, 0.5000000000000000000, 1.000000000000000000 ),
 .UNSPECIFIED. ) ;
#2549 = CARTESIAN_POINT ( 'NONE',  ( 11.91610752010529800, 1.699999999999998400, 1.075398660889813800 ) ) ;
#2550 = CARTESIAN_POINT ( 'NONE',  ( 11.94999999999999900, 1.700000000000001100, 1.081665382639197300 ) ) ;
#2551 = B_SPLINE_CURVE_WITH_KNOTS ( 'NONE', 3,
 ( #2550, #2549, #2604, #2603 ),
 .UNSPECIFIED., .F., .F.,
 ( 4, 4 ),
 ( 0.0000000000000000000, 0.0001019300510497226700 ),
 .UNSPECIFIED. ) ;
#2552 = CARTESIAN_POINT ( 'NONE',  ( 11.85000000000000100, 1.699642852587345700, 1.058300524425837200 ) ) ;
#2553 = FACE_OUTER_BOUND ( 'NONE', #216, .T. ) ;
#2554 = CARTESIAN_POINT ( 'NONE',  ( 0.1000000000000000100, -10.22648125062591600, -3.800000000000001600 ) ) ;
#2555 = AXIS2_PLACEMENT_3D ( 'NONE', #2554, #2559, #2558 ) ;
#2556 = CARTESIAN_POINT ( 'NONE',  ( 0.1000000000000000100, -10.22648125062591600, -3.800000000000001600 ) ) ;
#2557 = LINE ( 'NONE', #2556, #2522 ) ;
#2558 = DIRECTION ( 'NONE',  ( 0.0000000000000000000, -1.000000000000000000, -1.644749510165961600E-016 ) ) ;
#2559 = DIRECTION ( 'NONE',  ( 0.0000000000000000000, -1.644749510165961600E-016, 1.000000000000000000 ) ) ;
#2560 = CIRCLE ( 'NONE', #2634, 1.800235294117664900 ) ;
#2561 = CARTESIAN_POINT ( 'NONE',  ( 8.050000000000009600, 0.0000000000000000000, -2.150000000000033700 ) ) ;
#2562 = CIRCLE ( 'NONE', #2605, 1.100000000000001000 ) ;
#2563 = DIRECTION ( 'NONE',  ( 0.0000000000000000000, 0.0000000000000000000, 1.000000000000000000 ) ) ;
#2564 = DIRECTION ( 'NONE',  ( 0.0000000000000000000, 0.0000000000000000000, 1.000000000000000000 ) ) ;
#2565 = DIRECTION ( 'NONE',  ( 0.0000000000000000000, 1.000000000000000000, 0.0000000000000000000 ) ) ;
#2566 = DIRECTION ( 'NONE',  ( 0.0000000000000000000, 0.0000000000000000000, -1.000000000000000000 ) ) ;
#2567 = VECTOR ( 'NONE', #2566, 1000.000000000000000 ) ;
#2568 = CARTESIAN_POINT ( 'NONE',  ( 9.500000000000005300, 1.483958067260648900, -3.850000000000000100 ) ) ;
#2569 = LINE ( 'NONE', #2568, #2567 ) ;
#2570 = CARTESIAN_POINT ( 'NONE',  ( 9.500000000000005300, 1.483958067260648900, -3.800235294117678000 ) ) ;
#2571 = CYLINDRICAL_SURFACE ( 'NONE', #2545, 1.850000000000001200 ) ;
#2572 = CARTESIAN_POINT ( 'NONE',  ( 53.19884194358166200, -64.19884194358203900, 0.0000000000000000000 ) ) ;
#2573 = FACE_OUTER_BOUND ( 'NONE', #2936, .T. ) ;
#2574 = CARTESIAN_POINT ( 'NONE',  ( 18.25023529411764800, 0.0000000000000000000, -0.9999999999999940000 ) ) ;
#2575 = DIRECTION ( 'NONE',  ( 0.0000000000000000000, 0.0000000000000000000, 1.000000000000000000 ) ) ;
#2576 = DIRECTION ( 'NONE',  ( 0.0000000000000000000, 1.000000000000000000, 0.0000000000000000000 ) ) ;
#2577 = CARTESIAN_POINT ( 'NONE',  ( 16.25000000000000000, 0.0000000000000000000, -1.000000000000007800 ) ) ;
#2578 = AXIS2_PLACEMENT_3D ( 'NONE', #2577, #2576, #2575 ) ;
#2579 = CARTESIAN_POINT ( 'NONE',  ( 0.1000000000000000100, -10.22648125062591400, 3.799999999999999400 ) ) ;
#2580 = DIRECTION ( 'NONE',  ( 0.0000000000000000000, 0.0000000000000000000, -1.000000000000000000 ) ) ;
#2581 = DIRECTION ( 'NONE',  ( 1.000000000000000000, 0.0000000000000000000, 0.0000000000000000000 ) ) ;
#2582 = CARTESIAN_POINT ( 'NONE',  ( 0.1000000000000000100, -15.50000000000000000, 0.0000000000000000000 ) ) ;
#2583 = AXIS2_PLACEMENT_3D ( 'NONE', #2582, #2581, #2580 ) ;
#2584 = CIRCLE ( 'NONE', #2583, 6.500000000000000900 ) ;
#2585 = DIRECTION ( 'NONE',  ( 0.7071067811865503500, 0.7071067811865446900, 0.0000000000000000000 ) ) ;
#2586 = DIRECTION ( 'NONE',  ( 0.7071067811865441300, -0.7071067811865509000, 0.0000000000000000000 ) ) ;
#2587 = CARTESIAN_POINT ( 'NONE',  ( 17.84350288425445200, -28.84350288425448700, 0.0000000000000000000 ) ) ;
#2588 = AXIS2_PLACEMENT_3D ( 'NONE', #2587, #2586, #2585 ) ;
#2589 = CIRCLE ( 'NONE', #2588, 1.849999999999998800 ) ;
#2590 = DIRECTION ( 'NONE',  ( 0.0000000000000000000, 1.000000000000000000, 0.0000000000000000000 ) ) ;
#2591 = VECTOR ( 'NONE', #2590, 1000.000000000000000 ) ;
#2592 = CARTESIAN_POINT ( 'NONE',  ( 12.45000000000000100, 1.300000000000000000, 1.058300524425837200 ) ) ;
#2593 = DIRECTION ( 'NONE',  ( 0.0000000000000000000, 0.0000000000000000000, -1.000000000000000000 ) ) ;
#2594 = DIRECTION ( 'NONE',  ( 0.0000000000000000000, -1.000000000000000000, 0.0000000000000000000 ) ) ;
#2595 = AXIS2_PLACEMENT_3D ( 'NONE', #2597, #2594, #2593 ) ;
#2596 = CYLINDRICAL_SURFACE ( 'NONE', #2595, 1.100000000000002800 ) ;
#2597 = CARTESIAN_POINT ( 'NONE',  ( 16.04999999999999700, 1.899999999999999900, 0.0000000000000000000 ) ) ;
#2598 = DIRECTION ( 'NONE',  ( 1.000000000000000000, 2.504197246392232900E-013, 0.0000000000000000000 ) ) ;
#2599 = DIRECTION ( 'NONE',  ( 0.0000000000000000000, 0.0000000000000000000, -1.000000000000000000 ) ) ;
#2600 = CARTESIAN_POINT ( 'NONE',  ( 11.94999999999999900, -12.30000000000000600, -3.800235294117678000 ) ) ;
#2601 = AXIS2_PLACEMENT_3D ( 'NONE', #2600, #2599, #2598 ) ;
#2602 = CIRCLE ( 'NONE', #2601, 14.00000000000000500 ) ;
#2603 = CARTESIAN_POINT ( 'NONE',  ( 11.85000000000000100, 1.699642852587345700, 1.058300524425837200 ) ) ;
#2604 = CARTESIAN_POINT ( 'NONE',  ( 11.88278061957927900, 1.699877005843431800, 1.067592956628986300 ) ) ;
#2605 = AXIS2_PLACEMENT_3D ( 'NONE', #2653, #2565, #2564 ) ;
#2606 = DIRECTION ( 'NONE',  ( 0.0000000000000000000, 0.0000000000000000000, 1.000000000000000000 ) ) ;
#2607 = DIRECTION ( 'NONE',  ( 0.0000000000000000000, 1.000000000000000000, 0.0000000000000000000 ) ) ;
#2608 = CARTESIAN_POINT ( 'NONE',  ( 12.15000000000000000, 1.700000000000000000, 0.0000000000000000000 ) ) ;
#2609 = AXIS2_PLACEMENT_3D ( 'NONE', #2608, #2607, #2606 ) ;
#2610 = CARTESIAN_POINT ( 'NONE',  ( 12.45000000000000100, 1.700000000000006600, 1.058300524425837200 ) ) ;
#2611 = DIRECTION ( 'NONE',  ( 1.000000000000000000, 0.0000000000000000000, 0.0000000000000000000 ) ) ;
#2612 = VECTOR ( 'NONE', #2611, 1000.000000000000000 ) ;
#2613 = CARTESIAN_POINT ( 'NONE',  ( 5.694419545274054300E-015, -31.00000000000000000, 5.599999999999999600 ) ) ;
#2614 = LINE ( 'NONE', #2613, #2612 ) ;
#2615 = DIRECTION ( 'NONE',  ( 1.000000000000000000, 0.0000000000000000000, 0.0000000000000000000 ) ) ;
#2616 = DIRECTION ( 'NONE',  ( 0.0000000000000000000, 0.0000000000000000000, 1.000000000000000000 ) ) ;
#2617 = AXIS2_PLACEMENT_3D ( 'NONE', #2668, #2616, #2615 ) ;
#2618 = CIRCLE ( 'NONE', #2617, 1.500000000000000400 ) ;
#2619 = CIRCLE ( 'NONE', #2578, 2.000235294117645300 ) ;
#2620 = CARTESIAN_POINT ( 'NONE',  ( 16.35000000000000100, 1.700000000000000000, -1.058300524425838800 ) ) ;
#2621 = DIRECTION ( 'NONE',  ( 0.0000000000000000000, 0.0000000000000000000, 1.000000000000000000 ) ) ;
#2622 = DIRECTION ( 'NONE',  ( 0.0000000000000000000, 1.000000000000000000, 0.0000000000000000000 ) ) ;
#2623 = AXIS2_PLACEMENT_3D ( 'NONE', #2671, #2670, #2669 ) ;
#2624 = PLANE ( 'NONE',  #2623 ) ;
#2625 = FACE_OUTER_BOUND ( 'NONE', #2982, .T. ) ;
#2626 = FACE_BOUND ( 'NONE', #2979, .T. ) ;
#2627 = FACE_BOUND ( 'NONE', #2975, .T. ) ;
#2628 = CARTESIAN_POINT ( 'NONE',  ( 0.0000000000000000000, -20.77351874937408400, -3.799999999999999800 ) ) ;
#2629 = DIRECTION ( 'NONE',  ( 0.0000000000000000000, 0.0000000000000000000, -1.000000000000000000 ) ) ;
#2630 = DIRECTION ( 'NONE',  ( 1.000000000000000000, 0.0000000000000000000, 0.0000000000000000000 ) ) ;
#2631 = CARTESIAN_POINT ( 'NONE',  ( 0.0000000000000000000, -15.50000000000000000, 0.0000000000000000000 ) ) ;
#2632 = AXIS2_PLACEMENT_3D ( 'NONE', #2631, #2630, #2629 ) ;
#2633 = CIRCLE ( 'NONE', #2632, 6.500000000000000900 ) ;
#2634 = AXIS2_PLACEMENT_3D ( 'NONE', #2561, #2704, #2563 ) ;
#2635 = CARTESIAN_POINT ( 'NONE',  ( 0.1000000000000000100, -15.50000000000000000, 0.0000000000000000000 ) ) ;
#2636 = AXIS2_PLACEMENT_3D ( 'NONE', #2635, #2691, #2690 ) ;
#2637 = PLANE ( 'NONE',  #2636 ) ;
#2638 = CARTESIAN_POINT ( 'NONE',  ( 0.1000000000000000100, -10.22648125062591600, -3.800000000000001600 ) ) ;
#2639 = DIRECTION ( 'NONE',  ( -1.000000000000000000, 0.0000000000000000000, 0.0000000000000000000 ) ) ;
#2640 = VECTOR ( 'NONE', #2639, 1000.000000000000000 ) ;
#2641 = CARTESIAN_POINT ( 'NONE',  ( 0.1000000000000000100, -10.22648125062591600, -3.800000000000001600 ) ) ;
#2642 = LINE ( 'NONE', #2641, #2640 ) ;
#2643 = CARTESIAN_POINT ( 'NONE',  ( 19.15165042944956400, -27.53535533905937900, 2.265596578422602600E-016 ) ) ;
#2644 = DIRECTION ( 'NONE',  ( -0.7071067811865441300, 0.7071067811865510100, 0.0000000000000000000 ) ) ;
#2645 = VECTOR ( 'NONE', #2644, 1000.000000000000000 ) ;
#2646 = CARTESIAN_POINT ( 'NONE',  ( 54.50698948877678200, -62.89069439838693400, 2.265596578422602600E-016 ) ) ;
#2647 = LINE ( 'NONE', #2646, #2645 ) ;
#2648 = CARTESIAN_POINT ( 'NONE',  ( 12.15000000000000000, 1.300000000000000000, 1.100000000000001000 ) ) ;
#2649 = DIRECTION ( 'NONE',  ( 0.0000000000000000000, 0.0000000000000000000, 1.000000000000000000 ) ) ;
#2650 = DIRECTION ( 'NONE',  ( 0.0000000000000000000, 1.000000000000000000, 0.0000000000000000000 ) ) ;
#2651 = AXIS2_PLACEMENT_3D ( 'NONE', #2658, #2650, #2649 ) ;
#2652 = CIRCLE ( 'NONE', #2651, 1.100000000000001000 ) ;
#2653 = CARTESIAN_POINT ( 'NONE',  ( 12.15000000000000000, 1.899999999999999900, 0.0000000000000000000 ) ) ;
#2654 = DIRECTION ( 'NONE',  ( 0.0000000000000000000, 0.0000000000000000000, 1.000000000000000000 ) ) ;
#2655 = DIRECTION ( 'NONE',  ( 0.0000000000000000000, 1.000000000000000000, 0.0000000000000000000 ) ) ;
#2656 = CARTESIAN_POINT ( 'NONE',  ( 12.15000000000000000, 1.300000000000000000, 0.0000000000000000000 ) ) ;
#2657 = AXIS2_PLACEMENT_3D ( 'NONE', #2656, #2655, #2654 ) ;
#2658 = CARTESIAN_POINT ( 'NONE',  ( 12.15000000000000000, 1.300000000000000000, 0.0000000000000000000 ) ) ;
#2659 = CYLINDRICAL_SURFACE ( 'NONE', #2657, 1.100000000000001000 ) ;
#2660 = FACE_OUTER_BOUND ( 'NONE', #2995, .T. ) ;
#2661 = DIRECTION ( 'NONE',  ( -1.119176436114069100E-016, 1.000000000000000000, 0.0000000000000000000 ) ) ;
#2662 = VECTOR ( 'NONE', #2661, 1000.000000000000000 ) ;
#2663 = DIRECTION ( 'NONE',  ( 1.000000000000000000, 0.0000000000000000000, 0.0000000000000000000 ) ) ;
#2664 = DIRECTION ( 'NONE',  ( 0.0000000000000000000, 0.0000000000000000000, 1.000000000000000000 ) ) ;
#2665 = CARTESIAN_POINT ( 'NONE',  ( 3.000000000000004900, -28.19999999999999900, -5.599999999999999600 ) ) ;
#2666 = AXIS2_PLACEMENT_3D ( 'NONE', #2665, #2664, #2663 ) ;
#2667 = CIRCLE ( 'NONE', #2666, 1.500000000000000900 ) ;
#2668 = CARTESIAN_POINT ( 'NONE',  ( 3.000000000000001800, -2.799999999999999800, -5.599999999999999600 ) ) ;
#2669 = DIRECTION ( 'NONE',  ( 1.000000000000000000, 0.0000000000000000000, 0.0000000000000000000 ) ) ;
#2670 = DIRECTION ( 'NONE',  ( 0.0000000000000000000, 0.0000000000000000000, 1.000000000000000000 ) ) ;
#2671 = CARTESIAN_POINT ( 'NONE',  ( 5.694419545274054300E-015, -31.00000000000000000, -5.599999999999999600 ) ) ;
#2672 = CARTESIAN_POINT ( 'NONE',  ( 9.555561528853202100, 1.493718295220190200, -3.800235294117678000 ) ) ;
#2673 = CARTESIAN_POINT ( 'NONE',  ( 9.821257927856532200, 1.539840281025800100, -3.423403749106305800 ) ) ;
#2674 = CARTESIAN_POINT ( 'NONE',  ( 10.16285426735404200, 1.591839628936844800, -3.102939816399381100 ) ) ;
#2675 = CARTESIAN_POINT ( 'NONE',  ( 11.00048516854570300, 1.674101750404680000, -2.574747175594434000 ) ) ;
#2676 = CARTESIAN_POINT ( 'NONE',  ( 11.45727470251470400, 1.699997385440465700, -2.391941740482246700 ) ) ;
#2677 = CARTESIAN_POINT ( 'NONE',  ( 11.85000000000000100, 1.699642852587345700, -1.058300524425837200 ) ) ;
#2678 = FACE_OUTER_BOUND ( 'NONE', #3014, .T. ) ;
#2679 = DIRECTION ( 'NONE',  ( 0.0000000000000000000, 1.000000000000000000, 1.644749510165960600E-016 ) ) ;
#2680 = DIRECTION ( 'NONE',  ( 0.0000000000000000000, 1.644749510165960600E-016, -1.000000000000000000 ) ) ;
#2681 = CARTESIAN_POINT ( 'NONE',  ( 0.1000000000000000100, -10.22648125062591400, 3.799999999999999400 ) ) ;
#2682 = AXIS2_PLACEMENT_3D ( 'NONE', #2681, #2680, #2679 ) ;
#2683 = PLANE ( 'NONE',  #2682 ) ;
#2684 = FACE_OUTER_BOUND ( 'NONE', #3009, .T. ) ;
#2685 = DIRECTION ( 'NONE',  ( -1.000000000000000000, 0.0000000000000000000, 0.0000000000000000000 ) ) ;
#2686 = VECTOR ( 'NONE', #2685, 1000.000000000000000 ) ;
#2687 = CARTESIAN_POINT ( 'NONE',  ( 0.1000000000000000100, -10.22648125062591400, 3.799999999999999400 ) ) ;
#2688 = LINE ( 'NONE', #2687, #2686 ) ;
#2689 = CARTESIAN_POINT ( 'NONE',  ( 12.15000000000000000, 1.700000000000000000, 0.0000000000000000000 ) ) ;
#2690 = DIRECTION ( 'NONE',  ( 0.0000000000000000000, 0.0000000000000000000, -1.000000000000000000 ) ) ;
#2691 = DIRECTION ( 'NONE',  ( 1.000000000000000000, 0.0000000000000000000, 0.0000000000000000000 ) ) ;
#2692 = LINE ( 'NONE', #2698, #2662 ) ;
#2693 = DIRECTION ( 'NONE',  ( 1.119176436114069100E-016, -1.000000000000000000, 0.0000000000000000000 ) ) ;
#2694 = DIRECTION ( 'NONE',  ( -1.000000000000000000, -1.119176436114069100E-016, 0.0000000000000000000 ) ) ;
#2695 = CARTESIAN_POINT ( 'NONE',  ( 20.00000000000000400, 0.0000000000000000000, 5.599999999999999600 ) ) ;
#2696 = AXIS2_PLACEMENT_3D ( 'NONE', #2695, #2694, #2693 ) ;
#2697 = PLANE ( 'NONE',  #2696 ) ;
#2698 = CARTESIAN_POINT ( 'NONE',  ( 20.00000000000000400, 0.0000000000000000000, -5.599999999999999600 ) ) ;
#2699 = FACE_OUTER_BOUND ( 'NONE', #2990, .T. ) ;
#2700 = DIRECTION ( 'NONE',  ( 1.000000000000000000, 0.0000000000000000000, 0.0000000000000000000 ) ) ;
#2701 = VECTOR ( 'NONE', #2700, 1000.000000000000000 ) ;
#2702 = CARTESIAN_POINT ( 'NONE',  ( 5.694419545274054300E-015, -31.00000000000000000, -5.599999999999999600 ) ) ;
#2703 = LINE ( 'NONE', #2702, #2701 ) ;
#2704 = DIRECTION ( 'NONE',  ( 0.0000000000000000000, 1.000000000000000000, 0.0000000000000000000 ) ) ;
#2705 = CARTESIAN_POINT ( 'NONE',  ( 17.30838945350666700, 1.700000000000000000, -2.200235294117657500 ) ) ;
#2706 = DIRECTION ( 'NONE',  ( -1.000000000000000000, 0.0000000000000000000, 0.0000000000000000000 ) ) ;
#2707 = VECTOR ( 'NONE', #2706, 1000.000000000000000 ) ;
#2708 = CARTESIAN_POINT ( 'NONE',  ( 12.73062527150310600, 1.700000000000000000, -2.200235294117656600 ) ) ;
#2709 = LINE ( 'NONE', #2708, #2707 ) ;
#2710 = CARTESIAN_POINT ( 'NONE',  ( 0.0000000000000000000, -20.77351874937408400, 3.799999999999998000 ) ) ;
#2711 = DIRECTION ( 'NONE',  ( 0.0000000000000000000, -1.000000000000000000, -1.644749510165960600E-016 ) ) ;
#2712 = VECTOR ( 'NONE', #2711, 1000.000000000000000 ) ;
#2713 = CARTESIAN_POINT ( 'NONE',  ( 0.0000000000000000000, -10.22648125062591400, 3.799999999999999400 ) ) ;
#2714 = LINE ( 'NONE', #2713, #2712 ) ;
#2715 = CARTESIAN_POINT ( 'NONE',  ( 16.04999999999999700, 1.700000000000000000, 0.0000000000000000000 ) ) ;
#2716 = AXIS2_PLACEMENT_3D ( 'NONE', #2715, #2622, #2621 ) ;
#2717 = CIRCLE ( 'NONE', #2716, 1.100000000000001000 ) ;
#2718 = CARTESIAN_POINT ( 'NONE',  ( 11.94996285222692300, 1.700134202295584800, -2.290705806380799000 ) ) ;
#2719 = DIRECTION ( 'NONE',  ( 0.0000000000000000000, 0.0000000000000000000, 1.000000000000000000 ) ) ;
#2720 = ORIENTED_EDGE ( 'NONE', *, *, #80, .F. ) ;
#2721 = EDGE_LOOP ( 'NONE', ( #2722, #2970, #2971, #2972, #2973 ) ) ;
#2722 = ORIENTED_EDGE ( 'NONE', *, *, #2985, .T. ) ;
#2723 = VERTEX_POINT ( 'NONE', #2164 ) ;
#2724 = ORIENTED_EDGE ( 'NONE', *, *, #2725, .F. ) ;
#2725 = EDGE_CURVE ( 'NONE', #2726, #2723, #2163, .T. ) ;
#2726 = VERTEX_POINT ( 'NONE', #2159 ) ;
#2727 = ORIENTED_EDGE ( 'NONE', *, *, #2728, .T. ) ;
#2728 = EDGE_CURVE ( 'NONE', #2726, #2805, #2158, .T. ) ;
#2729 = ADVANCED_FACE ( 'NONE', ( #2154, #2153 ), #2152, .T. ) ;
#2730 = EDGE_LOOP ( 'NONE', ( #2731, #2854 ) ) ;
#2731 = ORIENTED_EDGE ( 'NONE', *, *, #2732, .T. ) ;
#2732 = EDGE_CURVE ( 'NONE', #5, #6, #2107, .T. ) ;
#2733 = EDGE_LOOP ( 'NONE', ( #2855, #2857 ) ) ;
#2734 = ORIENTED_EDGE ( 'NONE', *, *, #2735, .T. ) ;
#2735 = EDGE_CURVE ( 'NONE', #2967, #2871, #2101, .T. ) ;
#2736 = ADVANCED_FACE ( 'NONE', ( #2245 ), #2244, .F. ) ;
#2737 = EDGE_LOOP ( 'NONE', ( #2983, #2984, #2986, #2987 ) ) ;
#2738 = ORIENTED_EDGE ( 'NONE', *, *, #2739, .T. ) ;
#2739 = EDGE_CURVE ( 'NONE', #2866, #2867, #2234, .T. ) ;
#2740 = ORIENTED_EDGE ( 'NONE', *, *, #2741, .F. ) ;
#2741 = EDGE_CURVE ( 'NONE', #2863, #2867, #2274, .T. ) ;
#2742 = EDGE_LOOP ( 'NONE', ( #2743, #2747, #2942, #2754 ) ) ;
#2743 = ORIENTED_EDGE ( 'NONE', *, *, #2744, .F. ) ;
#2744 = EDGE_CURVE ( 'NONE', #2745, #2746, #2270, .T. ) ;
#2745 = VERTEX_POINT ( 'NONE', #2256 ) ;
#2746 = VERTEX_POINT ( 'NONE', #2232 ) ;
#2747 = ORIENTED_EDGE ( 'NONE', *, *, #2748, .F. ) ;
#2748 = EDGE_CURVE ( 'NONE', #97, #2745, #2231, .T. ) ;
#2749 = ORIENTED_EDGE ( 'NONE', *, *, #2897, .T. ) ;
#2750 = ADVANCED_FACE ( 'NONE', ( #2276, #2275 ), #2238, .F. ) ;
#2751 = ORIENTED_EDGE ( 'NONE', *, *, #2752, .F. ) ;
#2752 = EDGE_CURVE ( 'NONE', #2753, #20, #2240, .T. ) ;
#2753 = VERTEX_POINT ( 'NONE', #2241 ) ;
#2754 = ORIENTED_EDGE ( 'NONE', *, *, #2755, .T. ) ;
#2755 = EDGE_CURVE ( 'NONE', #2944, #2746, #2253, .T. ) ;
#2756 = ADVANCED_FACE ( 'NONE', ( #2255 ), #2228, .T. ) ;
#2757 = EDGE_LOOP ( 'NONE', ( #2891, #2893 ) ) ;
#2758 = VERTEX_POINT ( 'NONE', #2292 ) ;
#2759 = ORIENTED_EDGE ( 'NONE', *, *, #2760, .F. ) ;
#2760 = EDGE_CURVE ( 'NONE', #2761, #2758, #2251, .T. ) ;
#2761 = VERTEX_POINT ( 'NONE', #2252 ) ;
#2762 = EDGE_CURVE ( 'NONE', #2952, #2954, #2233, .T. ) ;
#2763 = ORIENTED_EDGE ( 'NONE', *, *, #2764, .T. ) ;
#2764 = EDGE_CURVE ( 'NONE', #2954, #2765, #2288, .T. ) ;
#2765 = VERTEX_POINT ( 'NONE', #2289 ) ;
#2766 = VERTEX_POINT ( 'NONE', #2269 ) ;
#2767 = ORIENTED_EDGE ( 'NONE', *, *, #2768, .T. ) ;
#2768 = EDGE_CURVE ( 'NONE', #2998, #2769, #2227, .T. ) ;
#2769 = VERTEX_POINT ( 'NONE', #2215 ) ;
#2770 = ORIENTED_EDGE ( 'NONE', *, *, #2771, .T. ) ;
#2771 = EDGE_CURVE ( 'NONE', #2769, #2900, #2213, .T. ) ;
#2772 = EDGE_CURVE ( 'NONE', #41, #2773, #2284, .T. ) ;
#2773 = VERTEX_POINT ( 'NONE', #2423 ) ;
#2774 = ORIENTED_EDGE ( 'NONE', *, *, #2775, .T. ) ;
#2775 = EDGE_CURVE ( 'NONE', #2773, #2776, #2334, .T. ) ;
#2776 = VERTEX_POINT ( 'NONE', #2335 ) ;
#2777 = ORIENTED_EDGE ( 'NONE', *, *, #2778, .T. ) ;
#2778 = EDGE_CURVE ( 'NONE', #2776, #2779, #2512, .T. ) ;
#2779 = VERTEX_POINT ( 'NONE', #2418 ) ;
#2780 = ORIENTED_EDGE ( 'NONE', *, *, #73, .T. ) ;
#2781 = ORIENTED_EDGE ( 'NONE', *, *, #2793, .T. ) ;
#2782 = ADVANCED_FACE ( 'NONE', ( #2417 ), #2439, .T. ) ;
#2783 = EDGE_LOOP ( 'NONE', ( #2784, #2785, #2787, #2788 ) ) ;
#2784 = ORIENTED_EDGE ( 'NONE', *, *, #2999, .F. ) ;
#2785 = ORIENTED_EDGE ( 'NONE', *, *, #2786, .F. ) ;
#2786 = EDGE_CURVE ( 'NONE', #2800, #2799, #2410, .T. ) ;
#2787 = ORIENTED_EDGE ( 'NONE', *, *, #15, .T. ) ;
#2788 = ORIENTED_EDGE ( 'NONE', *, *, #2856, .T. ) ;
#2789 = ADVANCED_FACE ( 'NONE', ( #2356 ), #2457, .T. ) ;
#2790 = EDGE_LOOP ( 'NONE', ( #2791, #213 ) ) ;
#2791 = ORIENTED_EDGE ( 'NONE', *, *, #2786, .T. ) ;
#2792 = ORIENTED_EDGE ( 'NONE', *, *, #2793, .F. ) ;
#2793 = EDGE_CURVE ( 'NONE', #71, #2, #2485, .T. ) ;
#2794 = ORIENTED_EDGE ( 'NONE', *, *, #70, .F. ) ;
#2795 = ADVANCED_FACE ( 'NONE', ( #2424, #2486 ), #2390, .F. ) ;
#2796 = EDGE_LOOP ( 'NONE', ( #2797, #2848, #2851, #2868 ) ) ;
#2797 = ORIENTED_EDGE ( 'NONE', *, *, #2846, .T. ) ;
#2798 = EDGE_CURVE ( 'NONE', #2799, #2800, #2422, .T. ) ;
#2799 = VERTEX_POINT ( 'NONE', #2461 ) ;
#2800 = VERTEX_POINT ( 'NONE', #2460 ) ;
#2801 = ORIENTED_EDGE ( 'NONE', *, *, #2999, .T. ) ;
#2802 = EDGE_LOOP ( 'NONE', ( #2792, #2794 ) ) ;
#2803 = ORIENTED_EDGE ( 'NONE', *, *, #2807, .F. ) ;
#2804 = EDGE_CURVE ( 'NONE', #2805, #2806, #2352, .T. ) ;
#2805 = VERTEX_POINT ( 'NONE', #2434 ) ;
#2806 = VERTEX_POINT ( 'NONE', #2433 ) ;
#2807 = EDGE_CURVE ( 'NONE', #2723, #2806, #2465, .T. ) ;
#2808 = EDGE_CURVE ( 'NONE', #3024, #2809, #2458, .T. ) ;
#2809 = VERTEX_POINT ( 'NONE', #2441 ) ;
#2810 = ORIENTED_EDGE ( 'NONE', *, *, #2811, .F. ) ;
#2811 = EDGE_CURVE ( 'NONE', #2812, #2809, #2459, .T. ) ;
#2812 = VERTEX_POINT ( 'NONE', #2349 ) ;
#2813 = ORIENTED_EDGE ( 'NONE', *, *, #2814, .T. ) ;
#2814 = EDGE_CURVE ( 'NONE', #2812, #2815, #2432, .T. ) ;
#2815 = VERTEX_POINT ( 'NONE', #2428 ) ;
#2816 = ORIENTED_EDGE ( 'NONE', *, *, #2817, .F. ) ;
#2817 = EDGE_CURVE ( 'NONE', #52, #2815, #2332, .T. ) ;
#2818 = ORIENTED_EDGE ( 'NONE', *, *, #46, .F. ) ;
#2819 = ORIENTED_EDGE ( 'NONE', *, *, #19, .F. ) ;
#2820 = EDGE_LOOP ( 'NONE', ( #2821, #2803, #2724, #2727 ) ) ;
#2821 = ORIENTED_EDGE ( 'NONE', *, *, #2804, .T. ) ;
#2822 = VERTEX_POINT ( 'NONE', #2333 ) ;
#2823 = VERTEX_POINT ( 'NONE', #2347 ) ;
#2824 = ORIENTED_EDGE ( 'NONE', *, *, #2825, .F. ) ;
#2825 = EDGE_CURVE ( 'NONE', #2900, #2822, #2346, .T. ) ;
#2826 = ORIENTED_EDGE ( 'NONE', *, *, #2827, .T. ) ;
#2827 = EDGE_CURVE ( 'NONE', #2900, #2828, #2312, .T. ) ;
#2828 = VERTEX_POINT ( 'NONE', #2307 ) ;
#2829 = ORIENTED_EDGE ( 'NONE', *, *, #2830, .T. ) ;
#2830 = EDGE_CURVE ( 'NONE', #2828, #2823, #2306, .T. ) ;
#2831 = ADVANCED_FACE ( 'NONE', ( #2302 ), #2301, .T. ) ;
#2832 = EDGE_LOOP ( 'NONE', ( #2833, #2749 ) ) ;
#2833 = ORIENTED_EDGE ( 'NONE', *, *, #2834, .F. ) ;
#2834 = EDGE_CURVE ( 'NONE', #2822, #2823, #2373, .T. ) ;
#2835 = EDGE_LOOP ( 'NONE', ( #2751, #2898, #2875, #2878, #2881, #2759, #2836, #2839, #2883, #2886, #2889, #3022, #3025, #2810, #2813, #2816, #2818, #2819 ) ) ;
#2836 = ORIENTED_EDGE ( 'NONE', *, *, #2837, .F. ) ;
#2837 = EDGE_CURVE ( 'NONE', #2838, #2761, #2369, .T. ) ;
#2838 = VERTEX_POINT ( 'NONE', #2365 ) ;
#2839 = ORIENTED_EDGE ( 'NONE', *, *, #2946, .F. ) ;
#2840 = ORIENTED_EDGE ( 'NONE', *, *, #2948, .T. ) ;
#2841 = ADVANCED_FACE ( 'NONE', ( #2364 ), #2363, .F. ) ;
#2842 = EDGE_LOOP ( 'NONE', ( #13, #10, #95, #2844 ) ) ;
#2843 = VERTEX_POINT ( 'NONE', #2451 ) ;
#2844 = ORIENTED_EDGE ( 'NONE', *, *, #2845, .F. ) ;
#2845 = EDGE_CURVE ( 'NONE', #11, #97, #2450, .T. ) ;
#2846 = EDGE_CURVE ( 'NONE', #2806, #2847, #2446, .T. ) ;
#2847 = VERTEX_POINT ( 'NONE', #2442 ) ;
#2848 = ORIENTED_EDGE ( 'NONE', *, *, #2849, .F. ) ;
#2849 = EDGE_CURVE ( 'NONE', #2850, #2847, #2389, .T. ) ;
#2850 = VERTEX_POINT ( 'NONE', #2385 ) ;
#2851 = ORIENTED_EDGE ( 'NONE', *, *, #2852, .F. ) ;
#2852 = EDGE_CURVE ( 'NONE', #2723, #2850, #2384, .T. ) ;
#2853 = EDGE_LOOP ( 'NONE', ( #2869, #2873, #2965, #2734 ) ) ;
#2854 = ORIENTED_EDGE ( 'NONE', *, *, #7, .T. ) ;
#2855 = ORIENTED_EDGE ( 'NONE', *, *, #2856, .F. ) ;
#2856 = EDGE_CURVE ( 'NONE', #16, #3000, #2408, .T. ) ;
#2857 = ORIENTED_EDGE ( 'NONE', *, *, #3002, .F. ) ;
#2858 = ADVANCED_FACE ( 'NONE', ( #2403, #2402 ), #2401, .T. ) ;
#2859 = EDGE_LOOP ( 'NONE', ( #2860, #2864, #2738, #2740 ) ) ;
#2860 = ORIENTED_EDGE ( 'NONE', *, *, #2861, .F. ) ;
#2861 = EDGE_CURVE ( 'NONE', #2862, #2863, #2396, .T. ) ;
#2862 = VERTEX_POINT ( 'NONE', #2392 ) ;
#2863 = VERTEX_POINT ( 'NONE', #2391 ) ;
#2864 = ORIENTED_EDGE ( 'NONE', *, *, #2865, .T. ) ;
#2865 = EDGE_CURVE ( 'NONE', #2862, #2866, #2416, .T. ) ;
#2866 = VERTEX_POINT ( 'NONE', #2412 ) ;
#2867 = VERTEX_POINT ( 'NONE', #2411 ) ;
#2868 = ORIENTED_EDGE ( 'NONE', *, *, #2807, .T. ) ;
#2869 = ORIENTED_EDGE ( 'NONE', *, *, #2870, .T. ) ;
#2870 = EDGE_CURVE ( 'NONE', #2871, #2872, #2510, .T. ) ;
#2871 = VERTEX_POINT ( 'NONE', #2505 ) ;
#2872 = VERTEX_POINT ( 'NONE', #2504 ) ;
#2873 = ORIENTED_EDGE ( 'NONE', *, *, #2963, .T. ) ;
#2874 = VERTEX_POINT ( 'NONE', #2503 ) ;
#2875 = ORIENTED_EDGE ( 'NONE', *, *, #2876, .T. ) ;
#2876 = EDGE_CURVE ( 'NONE', #2874, #2877, #2502, .T. ) ;
#2877 = VERTEX_POINT ( 'NONE', #2497 ) ;
#2878 = ORIENTED_EDGE ( 'NONE', *, *, #2879, .F. ) ;
#2879 = EDGE_CURVE ( 'NONE', #2880, #2877, #2496, .T. ) ;
#2880 = VERTEX_POINT ( 'NONE', #2492 ) ;
#2881 = ORIENTED_EDGE ( 'NONE', *, *, #2882, .T. ) ;
#2882 = EDGE_CURVE ( 'NONE', #2880, #2758, #2491, .T. ) ;
#2883 = ORIENTED_EDGE ( 'NONE', *, *, #2884, .F. ) ;
#2884 = EDGE_CURVE ( 'NONE', #2885, #2947, #2325, .T. ) ;
#2885 = VERTEX_POINT ( 'NONE', #2321 ) ;
#2886 = ORIENTED_EDGE ( 'NONE', *, *, #2887, .F. ) ;
#2887 = EDGE_CURVE ( 'NONE', #2888, #2885, #2320, .T. ) ;
#2888 = VERTEX_POINT ( 'NONE', #2315 ) ;
#2889 = ORIENTED_EDGE ( 'NONE', *, *, #2890, .F. ) ;
#2890 = EDGE_CURVE ( 'NONE', #3021, #2888, #2314, .T. ) ;
#2891 = ORIENTED_EDGE ( 'NONE', *, *, #2892, .F. ) ;
#2892 = EDGE_CURVE ( 'NONE', #2745, #2746, #2474, .T. ) ;
#2893 = ORIENTED_EDGE ( 'NONE', *, *, #2744, .T. ) ;
#2894 = ADVANCED_FACE ( 'NONE', ( #2470 ), #2468, .T. ) ;
#2895 = EDGE_LOOP ( 'NONE', ( #2896, #2824, #2826, #2829 ) ) ;
#2896 = ORIENTED_EDGE ( 'NONE', *, *, #2897, .F. ) ;
#2897 = EDGE_CURVE ( 'NONE', #2822, #2823, #2562, .T. ) ;
#2898 = ORIENTED_EDGE ( 'NONE', *, *, #2899, .F. ) ;
#2899 = EDGE_CURVE ( 'NONE', #2874, #2753, #2560, .T. ) ;
#2900 = VERTEX_POINT ( 'NONE', #2610 ) ;
#2901 = ORIENTED_EDGE ( 'NONE', *, *, #2902, .F. ) ;
#2902 = EDGE_CURVE ( 'NONE', #2766, #2900, #2513, .T. ) ;
#2903 = EDGE_LOOP ( 'NONE', ( #127, #177, #178, #179 ) ) ;
#2904 = ORIENTED_EDGE ( 'NONE', *, *, #2988, .F. ) ;
#2905 = EDGE_CURVE ( 'NONE', #215, #2967, #2514, .T. ) ;
#2906 = ADVANCED_FACE ( 'NONE', ( #2553 ), #2536, .T. ) ;
#2907 = ORIENTED_EDGE ( 'NONE', *, *, #2735, .F. ) ;
#2908 = ORIENTED_EDGE ( 'NONE', *, *, #2905, .F. ) ;
#2909 = ORIENTED_EDGE ( 'NONE', *, *, #2910, .T. ) ;
#2910 = EDGE_CURVE ( 'NONE', #215, #2935, #2557, .T. ) ;
#2911 = ORIENTED_EDGE ( 'NONE', *, *, #2934, .T. ) ;
#2912 = ADVANCED_FACE ( 'NONE', ( #2520 ), #2637, .F. ) ;
#2913 = EDGE_LOOP ( 'NONE', ( #2914, #2915, #2916, #3012 ) ) ;
#2914 = ORIENTED_EDGE ( 'NONE', *, *, #3004, .F. ) ;
#2915 = ORIENTED_EDGE ( 'NONE', *, *, #2910, .F. ) ;
#2916 = ORIENTED_EDGE ( 'NONE', *, *, #246, .F. ) ;
#2917 = ORIENTED_EDGE ( 'NONE', *, *, #2771, .F. ) ;
#2918 = ORIENTED_EDGE ( 'NONE', *, *, #2919, .F. ) ;
#2919 = EDGE_CURVE ( 'NONE', #44, #2769, #2519, .T. ) ;
#2920 = ORIENTED_EDGE ( 'NONE', *, *, #43, .T. ) ;
#2921 = ORIENTED_EDGE ( 'NONE', *, *, #2772, .T. ) ;
#2922 = ORIENTED_EDGE ( 'NONE', *, *, #2923, .T. ) ;
#2923 = EDGE_CURVE ( 'NONE', #2924, #2925, #2709, .T. ) ;
#2924 = VERTEX_POINT ( 'NONE', #2705 ) ;
#2925 = VERTEX_POINT ( 'NONE', #2515 ) ;
#2926 = ORIENTED_EDGE ( 'NONE', *, *, #2927, .T. ) ;
#2927 = EDGE_CURVE ( 'NONE', #2925, #2941, #2528, .T. ) ;
#2928 = ORIENTED_EDGE ( 'NONE', *, *, #2940, .T. ) ;
#2929 = ORIENTED_EDGE ( 'NONE', *, *, #2930, .F. ) ;
#2930 = EDGE_CURVE ( 'NONE', #2828, #2765, #2523, .T. ) ;
#2931 = ORIENTED_EDGE ( 'NONE', *, *, #2827, .F. ) ;
#2932 = ORIENTED_EDGE ( 'NONE', *, *, #2870, .F. ) ;
#2933 = ORIENTED_EDGE ( 'NONE', *, *, #2934, .F. ) ;
#2934 = EDGE_CURVE ( 'NONE', #2935, #2871, #2642, .T. ) ;
#2935 = VERTEX_POINT ( 'NONE', #2638 ) ;
#2936 = EDGE_LOOP ( 'NONE', ( #2938, #2801, #3001, #17 ) ) ;
#2937 = ADVANCED_FACE ( 'NONE', ( #2573 ), #2571, .T. ) ;
#2938 = ORIENTED_EDGE ( 'NONE', *, *, #2798, .F. ) ;
#2939 = ORIENTED_EDGE ( 'NONE', *, *, #2940, .F. ) ;
#2940 = EDGE_CURVE ( 'NONE', #2941, #2765, #2542, .T. ) ;
#2941 = VERTEX_POINT ( 'NONE', #2718 ) ;
#2942 = ORIENTED_EDGE ( 'NONE', *, *, #2943, .T. ) ;
#2943 = EDGE_CURVE ( 'NONE', #97, #2944, #2717, .T. ) ;
#2944 = VERTEX_POINT ( 'NONE', #2620 ) ;
#2945 = ORIENTED_EDGE ( 'NONE', *, *, #2951, .T. ) ;
#2946 = EDGE_CURVE ( 'NONE', #2947, #2838, #2619, .T. ) ;
#2947 = VERTEX_POINT ( 'NONE', #2574 ) ;
#2948 = EDGE_CURVE ( 'NONE', #2941, #2949, #2548, .T. ) ;
#2949 = VERTEX_POINT ( 'NONE', #2547 ) ;
#2950 = ORIENTED_EDGE ( 'NONE', *, *, #2955, .F. ) ;
#2951 = EDGE_CURVE ( 'NONE', #44, #2952, #2551, .T. ) ;
#2952 = VERTEX_POINT ( 'NONE', #2552 ) ;
#2953 = ORIENTED_EDGE ( 'NONE', *, *, #2762, .T. ) ;
#2954 = VERTEX_POINT ( 'NONE', #2677 ) ;
#2955 = EDGE_CURVE ( 'NONE', #2956, #2949, #2602, .T. ) ;
#2956 = VERTEX_POINT ( 'NONE', #2570 ) ;
#2957 = ORIENTED_EDGE ( 'NONE', *, *, #2958, .F. ) ;
#2958 = EDGE_CURVE ( 'NONE', #2959, #2956, #2569, .T. ) ;
#2959 = VERTEX_POINT ( 'NONE', #2535 ) ;
#2960 = ORIENTED_EDGE ( 'NONE', *, *, #2961, .F. ) ;
#2961 = EDGE_CURVE ( 'NONE', #24, #2959, #2533, .T. ) ;
#2962 = ADVANCED_FACE ( 'NONE', ( #2534 ), #2596, .T. ) ;
#2963 = EDGE_CURVE ( 'NONE', #2872, #2964, #2714, .T. ) ;
#2964 = VERTEX_POINT ( 'NONE', #2710 ) ;
#2965 = ORIENTED_EDGE ( 'NONE', *, *, #2966, .T. ) ;
#2966 = EDGE_CURVE ( 'NONE', #2964, #2967, #2633, .T. ) ;
#2967 = VERTEX_POINT ( 'NONE', #2628 ) ;
#2968 = ORIENTED_EDGE ( 'NONE', *, *, #101, .T. ) ;
#2969 = ORIENTED_EDGE ( 'NONE', *, *, #2739, .F. ) ;
#2970 = ORIENTED_EDGE ( 'NONE', *, *, #2861, .T. ) ;
#2971 = ORIENTED_EDGE ( 'NONE', *, *, #3029, .T. ) ;
#2972 = ORIENTED_EDGE ( 'NONE', *, *, #2725, .T. ) ;
#2973 = ORIENTED_EDGE ( 'NONE', *, *, #2852, .T. ) ;
#2974 = ADVANCED_FACE ( 'NONE', ( #2627, #2626, #2625 ), #2624, .F. ) ;
#2975 = EDGE_LOOP ( 'NONE', ( #2976, #2978 ) ) ;
#2976 = ORIENTED_EDGE ( 'NONE', *, *, #2977, .T. ) ;
#2977 = EDGE_CURVE ( 'NONE', #84, #83, #2667, .T. ) ;
#2978 = ORIENTED_EDGE ( 'NONE', *, *, #82, .T. ) ;
#2979 = EDGE_LOOP ( 'NONE', ( #2980, #2968 ) ) ;
#2980 = ORIENTED_EDGE ( 'NONE', *, *, #2981, .T. ) ;
#2981 = EDGE_CURVE ( 'NONE', #103, #102, #2618, .T. ) ;
#2982 = EDGE_LOOP ( 'NONE', ( #2969, #2904, #3017, #3018, #3019 ) ) ;
#2983 = ORIENTED_EDGE ( 'NONE', *, *, #2865, .F. ) ;
#2984 = ORIENTED_EDGE ( 'NONE', *, *, #2985, .F. ) ;
#2985 = EDGE_CURVE ( 'NONE', #2850, #2862, #2614, .T. ) ;
#2986 = ORIENTED_EDGE ( 'NONE', *, *, #2849, .T. ) ;
#2987 = ORIENTED_EDGE ( 'NONE', *, *, #2988, .T. ) ;
#2988 = EDGE_CURVE ( 'NONE', #2847, #2866, #2703, .T. ) ;
#2989 = ADVANCED_FACE ( 'NONE', ( #2699 ), #2697, .F. ) ;
#2990 = EDGE_LOOP ( 'NONE', ( #2991, #2992, #3027, #3028 ) ) ;
#2991 = ORIENTED_EDGE ( 'NONE', *, *, #2741, .T. ) ;
#2992 = ORIENTED_EDGE ( 'NONE', *, *, #2993, .T. ) ;
#2993 = EDGE_CURVE ( 'NONE', #2867, #2805, #2692, .T. ) ;
#2994 = ADVANCED_FACE ( 'NONE', ( #2660 ), #2659, .F. ) ;
#2995 = EDGE_LOOP ( 'NONE', ( #2996, #2767, #2770, #2901 ) ) ;
#2996 = ORIENTED_EDGE ( 'NONE', *, *, #2997, .F. ) ;
#2997 = EDGE_CURVE ( 'NONE', #2998, #2766, #2652, .T. ) ;
#2998 = VERTEX_POINT ( 'NONE', #2648 ) ;
#2999 = EDGE_CURVE ( 'NONE', #2799, #3000, #2647, .T. ) ;
#3000 = VERTEX_POINT ( 'NONE', #2643 ) ;
#3001 = ORIENTED_EDGE ( 'NONE', *, *, #3002, .T. ) ;
#3002 = EDGE_CURVE ( 'NONE', #3000, #16, #2589, .T. ) ;
#3003 = ORIENTED_EDGE ( 'NONE', *, *, #3004, .T. ) ;
#3004 = EDGE_CURVE ( 'NONE', #2935, #3005, #2584, .T. ) ;
#3005 = VERTEX_POINT ( 'NONE', #2579 ) ;
#3006 = ORIENTED_EDGE ( 'NONE', *, *, #3007, .T. ) ;
#3007 = EDGE_CURVE ( 'NONE', #3005, #2872, #2688, .T. ) ;
#3008 = ADVANCED_FACE ( 'NONE', ( #2684 ), #2683, .T. ) ;
#3009 = EDGE_LOOP ( 'NONE', ( #3010, #3011, #280, #180 ) ) ;
#3010 = ORIENTED_EDGE ( 'NONE', *, *, #2963, .F. ) ;
#3011 = ORIENTED_EDGE ( 'NONE', *, *, #3007, .F. ) ;
#3012 = ORIENTED_EDGE ( 'NONE', *, *, #136, .F. ) ;
#3013 = ADVANCED_FACE ( 'NONE', ( #2678 ), #1880, .T. ) ;
#3014 = EDGE_LOOP ( 'NONE', ( #3015, #3016, #2780, #2781 ) ) ;
#3015 = ORIENTED_EDGE ( 'NONE', *, *, #4, .F. ) ;
#3016 = ORIENTED_EDGE ( 'NONE', *, *, #2732, .F. ) ;
#3017 = ORIENTED_EDGE ( 'NONE', *, *, #2846, .F. ) ;
#3018 = ORIENTED_EDGE ( 'NONE', *, *, #2804, .F. ) ;
#3019 = ORIENTED_EDGE ( 'NONE', *, *, #2993, .F. ) ;
#3020 = ADVANCED_FACE ( 'NONE', ( #3094 ), #3138, .F. ) ;
#3021 = VERTEX_POINT ( 'NONE', #3161 ) ;
#3022 = ORIENTED_EDGE ( 'NONE', *, *, #3023, .F. ) ;
#3023 = EDGE_CURVE ( 'NONE', #3024, #3021, #3123, .T. ) ;
#3024 = VERTEX_POINT ( 'NONE', #3124 ) ;
#3025 = ORIENTED_EDGE ( 'NONE', *, *, #2808, .T. ) ;
#3026 = MANIFOLD_SOLID_BREP ( 'NONE', #607 ) ;
#3027 = ORIENTED_EDGE ( 'NONE', *, *, #2728, .F. ) ;
#3028 = ORIENTED_EDGE ( 'NONE', *, *, #3029, .F. ) ;
#3029 = EDGE_CURVE ( 'NONE', #2863, #2726, #3044, .T. ) ;
#3030 = ADVANCED_FACE ( 'NONE', ( #3160, #3040, #3039 ), #3136, .T. ) ;
#3031 = EDGE_LOOP ( 'NONE', ( #3032, #3034 ) ) ;
#3032 = ORIENTED_EDGE ( 'NONE', *, *, #3033, .F. ) ;
#3033 = EDGE_CURVE ( 'NONE', #90, #87, #3137, .T. ) ;
#3034 = ORIENTED_EDGE ( 'NONE', *, *, #89, .F. ) ;
#3035 = EDGE_LOOP ( 'NONE', ( #3036, #2720 ) ) ;
#3036 = ORIENTED_EDGE ( 'NONE', *, *, #3037, .F. ) ;
#3037 = EDGE_CURVE ( 'NONE', #69, #78, #3128, .T. ) ;
#3038 = CARTESIAN_POINT ( 'NONE',  ( 3.000000000000001800, -2.799999999999999800, -5.599999999999999600 ) ) ;
#3039 = FACE_OUTER_BOUND ( 'NONE', #2721, .T. ) ;
#3040 = FACE_BOUND ( 'NONE', #3035, .T. ) ;
#3041 = DIRECTION ( 'NONE',  ( -1.119176436114069100E-016, 1.000000000000000000, 0.0000000000000000000 ) ) ;
#3042 = VECTOR ( 'NONE', #3041, 1000.000000000000000 ) ;
#3043 = CARTESIAN_POINT ( 'NONE',  ( 20.00000000000000400, 0.0000000000000000000, 5.599999999999999600 ) ) ;
#3044 = LINE ( 'NONE', #3043, #3042 ) ;
#3045 = DIRECTION ( 'NONE',  ( 0.0000000000000000000, 0.0000000000000000000, 1.000000000000000000 ) ) ;
#3046 =( GEOMETRIC_REPRESENTATION_CONTEXT ( 3 ) GLOBAL_UNCERTAINTY_ASSIGNED_CONTEXT ( ( #3047 ) ) GLOBAL_UNIT_ASSIGNED_CONTEXT ( ( #3050, #3049, #3048 ) ) REPRESENTATION_CONTEXT ( 'NONE', 'WORKASPACE' ) );
#3047 = UNCERTAINTY_MEASURE_WITH_UNIT (LENGTH_MEASURE( 1.000000000000000100E-005 ), #3050, 'distance_accuracy_value', 'NONE');
#3048 =( NAMED_UNIT ( * ) SI_UNIT ( $, .STERADIAN. ) SOLID_ANGLE_UNIT ( ) );
#3049 =( NAMED_UNIT ( * ) PLANE_ANGLE_UNIT ( ) SI_UNIT ( $, .RADIAN. ) );
#3050 =( LENGTH_UNIT ( ) NAMED_UNIT ( * ) SI_UNIT ( .MILLI., .METRE. ) );
#3051 = DIRECTION ( 'NONE',  ( -1.000000000000000000, 0.0000000000000000000, -3.081487911019577400E-033 ) ) ;
#3052 = DIRECTION ( 'NONE',  ( 2.465190328815661900E-032, -3.081487911019577400E-033, -1.000000000000000000 ) ) ;
#3053 = CARTESIAN_POINT ( 'NONE',  ( -25.00000000000000000, -6.670722025926546400E-064, -8.057152252786360600E-031 ) ) ;
#3054 = AXIS2_PLACEMENT_3D ( 'NONE', #3053, #3052, #3051 ) ;
#3055 = DIRECTION ( 'NONE',  ( 1.000000000000000000, 0.0000000000000000000, 0.0000000000000000000 ) ) ;
#3056 = DIRECTION ( 'NONE',  ( 0.0000000000000000000, 0.0000000000000000000, 1.000000000000000000 ) ) ;
#3057 = CARTESIAN_POINT ( 'NONE',  ( 25.00000000000000000, 0.0000000000000000000, 0.0000000000000000000 ) ) ;
#3058 = AXIS2_PLACEMENT_3D ( 'NONE', #3057, #3056, #3055 ) ;
#3059 = DIRECTION ( 'NONE',  ( 1.000000000000000000, 0.0000000000000000000, 0.0000000000000000000 ) ) ;
#3060 = DIRECTION ( 'NONE',  ( 0.0000000000000000000, 0.0000000000000000000, 1.000000000000000000 ) ) ;
#3061 = CARTESIAN_POINT ( 'NONE',  ( 0.0000000000000000000, 0.0000000000000000000, 0.0000000000000000000 ) ) ;
#3062 = AXIS2_PLACEMENT_3D ( 'NONE', #3061, #3060, #3059 ) ;
#3063 = SHAPE_REPRESENTATION ( 'cx-411', ( #3143, #3058, #3054 ), #3046 ) ;
#3064 = DIRECTION ( 'NONE',  ( 1.000000000000000000, 0.0000000000000000000, 0.0000000000000000000 ) ) ;
#3065 = DIRECTION ( 'NONE',  ( 0.0000000000000000000, 0.0000000000000000000, 1.000000000000000000 ) ) ;
#3066 = CARTESIAN_POINT ( 'NONE',  ( 3.000000000000004900, -28.19999999999999900, 5.600000000000014700 ) ) ;
#3067 = AXIS2_PLACEMENT_3D ( 'NONE', #3066, #3065, #3064 ) ;
#3068 = CARTESIAN_POINT ( 'NONE',  ( 3.000000000000001800, -2.799999999999999800, 5.600000000000014700 ) ) ;
#3069 = CC_DESIGN_DATE_AND_TIME_ASSIGNMENT ( #3071, #3070, ( #3112 ) ) ;
#3070 = DATE_TIME_ROLE ( 'creation_date' ) ;
#3071 = DATE_AND_TIME ( #3072, #3073 ) ;
#3072 = CALENDAR_DATE ( 2008, 10, 9 ) ;
#3073 = LOCAL_TIME ( 9, 43, 16.00000000000000000, #3074 ) ;
#3074 = COORDINATED_UNIVERSAL_TIME_OFFSET ( 9, 0, .AHEAD. ) ;
#3075 = CC_DESIGN_PERSON_AND_ORGANIZATION_ASSIGNMENT ( #3077, #3076, ( #3112 ) ) ;
#3076 = PERSON_AND_ORGANIZATION_ROLE ( 'creator' ) ;
#3077 = PERSON_AND_ORGANIZATION ( #3082, #3119 ) ;
#3078 = DIRECTION ( 'NONE',  ( 0.0000000000000000000, 0.0000000000000000000, 1.000000000000000000 ) ) ;
#3079 = DIRECTION ( 'NONE',  ( 1.000000000000000000, 0.0000000000000000000, 0.0000000000000000000 ) ) ;
#3080 = SHAPE_REPRESENTATION_RELATIONSHIP ( 'NONE' , 'NONE' ,  #3081, #3091 ) ;
#3081 = SHAPE_REPRESENTATION ( 'cx-411D_ÃÞÌ«ÙÄ', ( #3090 ), #3092 ) ;
#3082 = PERSON ( 'UNSPECIFIED', 'UNSPECIFIED', 'UNSPECIFIED', ('UNSPECIFIED'), ('UNSPECIFIED'), ('UNSPECIFIED') ) ;
#3083 = PRODUCT ( 'cx-411', 'cx-411', '', ( #3084 ) ) ;
#3084 = MECHANICAL_CONTEXT ( 'NONE', #3086, 'mechanical' ) ;
#3085 = APPLICATION_PROTOCOL_DEFINITION ( 'international standard', 'config_control_design', 1994, #3086 ) ;
#3086 = APPLICATION_CONTEXT ( 'configuration controlled 3d designs of mechanical parts and assemblies' ) ;
#3087 = DIRECTION ( 'NONE',  ( 1.000000000000000000, 0.0000000000000000000, 0.0000000000000000000 ) ) ;
#3088 = DIRECTION ( 'NONE',  ( 0.0000000000000000000, 0.0000000000000000000, 1.000000000000000000 ) ) ;
#3089 = CARTESIAN_POINT ( 'NONE',  ( 0.0000000000000000000, 0.0000000000000000000, 0.0000000000000000000 ) ) ;
#3090 = AXIS2_PLACEMENT_3D ( 'NONE', #3089, #3088, #3087 ) ;
#3091 = ADVANCED_BREP_SHAPE_REPRESENTATION ( '', ( #3026, #3090 ), #3092 ) ;
#3092 =( GEOMETRIC_REPRESENTATION_CONTEXT ( 3 ) GLOBAL_UNCERTAINTY_ASSIGNED_CONTEXT ( ( #3144 ) ) GLOBAL_UNIT_ASSIGNED_CONTEXT ( ( #3130, #3129, #3145 ) ) REPRESENTATION_CONTEXT ( 'NONE', 'WORKASPACE' ) );
#3093 = CARTESIAN_POINT ( 'NONE',  ( 12.73062527150307400, 0.0000000000000000000, 5.599999999999994300 ) ) ;
#3094 = FACE_OUTER_BOUND ( 'NONE', #2903, .T. ) ;
#3095 = AXIS2_PLACEMENT_3D ( 'NONE', #3038, #3078, #3079 ) ;
#3096 = SHAPE_REPRESENTATION_RELATIONSHIP ( 'NONE' , 'NONE' ,  #3097, #3098 ) ;
#3097 = SHAPE_REPRESENTATION ( 'CX-411E_ÃÞÌ«ÙÄ', ( #3090 ), #3099 ) ;
#3098 = ADVANCED_BREP_SHAPE_REPRESENTATION ( '', ( #608, #3090 ), #3099 ) ;
#3099 =( GEOMETRIC_REPRESENTATION_CONTEXT ( 3 ) GLOBAL_UNCERTAINTY_ASSIGNED_CONTEXT ( ( #3100 ) ) GLOBAL_UNIT_ASSIGNED_CONTEXT ( ( #3141, #3140, #3139 ) ) REPRESENTATION_CONTEXT ( 'NONE', 'WORKASPACE' ) );
#3100 = UNCERTAINTY_MEASURE_WITH_UNIT (LENGTH_MEASURE( 1.000000000000000100E-005 ), #3141, 'distance_accuracy_value', 'NONE');
#3101 = CC_DESIGN_APPROVAL ( #3109, ( #3112 ) ) ;
#3102 = APPROVAL_DATE_TIME ( #3103, #3109 ) ;
#3103 = DATE_AND_TIME ( #3104, #3105 ) ;
#3104 = CALENDAR_DATE ( 2008, 10, 9 ) ;
#3105 = LOCAL_TIME ( 9, 43, 16.00000000000000000, #3106 ) ;
#3106 = COORDINATED_UNIVERSAL_TIME_OFFSET ( 9, 0, .AHEAD. ) ;
#3107 = APPROVAL_PERSON_ORGANIZATION ( #3111, #3109, #3108 ) ;
#3108 = APPROVAL_ROLE ( '' ) ;
#3109 = APPROVAL ( #3110, 'UNSPECIFIED' ) ;
#3110 = APPROVAL_STATUS ( 'not_yet_approved' ) ;
#3111 = PERSON_AND_ORGANIZATION ( #3082, #3119 ) ;
#3112 = PRODUCT_DEFINITION ( 'UNKNOWN', '', #3159, #3113 ) ;
#3113 = DESIGN_CONTEXT ( 'detailed design', #3115, 'design' ) ;
#3114 = APPLICATION_PROTOCOL_DEFINITION ( 'international standard', 'config_control_design', 1994, #3115 ) ;
#3115 = APPLICATION_CONTEXT ( 'configuration controlled 3d designs of mechanical parts and assemblies' ) ;
#3116 = CC_DESIGN_PERSON_AND_ORGANIZATION_ASSIGNMENT ( #3118, #3117, ( #3083 ) ) ;
#3117 = PERSON_AND_ORGANIZATION_ROLE ( 'design_owner' ) ;
#3118 = PERSON_AND_ORGANIZATION ( #3082, #3119 ) ;
#3119 = ORGANIZATION ( 'UNSPECIFIED', 'UNSPECIFIED', '' ) ;
#3120 = DIRECTION ( 'NONE',  ( 0.0000000000000000000, 0.0000000000000000000, 1.000000000000000000 ) ) ;
#3121 = DIRECTION ( 'NONE',  ( 0.0000000000000000000, -1.000000000000000000, 0.0000000000000000000 ) ) ;
#3122 = AXIS2_PLACEMENT_3D ( 'NONE', #3093, #3121, #3120 ) ;
#3123 = CIRCLE ( 'NONE', #3122, 2.999764705882354700 ) ;
#3124 = CARTESIAN_POINT ( 'NONE',  ( 12.04184462326494300, 0.0000000000000000000, 2.680381958325687400 ) ) ;
#3125 = DIRECTION ( 'NONE',  ( 1.000000000000000000, 0.0000000000000000000, 0.0000000000000000000 ) ) ;
#3126 = DIRECTION ( 'NONE',  ( 0.0000000000000000000, 0.0000000000000000000, 1.000000000000000000 ) ) ;
#3127 = AXIS2_PLACEMENT_3D ( 'NONE', #3068, #3126, #3125 ) ;
#3128 = CIRCLE ( 'NONE', #3127, 1.500000000000000400 ) ;
#3129 =( NAMED_UNIT ( * ) PLANE_ANGLE_UNIT ( ) SI_UNIT ( $, .RADIAN. ) );
#3130 =( LENGTH_UNIT ( ) NAMED_UNIT ( * ) SI_UNIT ( .MILLI., .METRE. ) );
#3131 = CARTESIAN_POINT ( 'NONE',  ( 0.0000000000000000000, 0.0000000000000000000, 0.0000000000000000000 ) ) ;
#3132 = DIRECTION ( 'NONE',  ( 1.000000000000000000, 0.0000000000000000000, 0.0000000000000000000 ) ) ;
#3133 = DIRECTION ( 'NONE',  ( 0.0000000000000000000, 0.0000000000000000000, 1.000000000000000000 ) ) ;
#3134 = CARTESIAN_POINT ( 'NONE',  ( 5.694419545274054300E-015, -31.00000000000000000, 5.599999999999999600 ) ) ;
#3135 = AXIS2_PLACEMENT_3D ( 'NONE', #3134, #3133, #3132 ) ;
#3136 = PLANE ( 'NONE',  #3135 ) ;
#3137 = CIRCLE ( 'NONE', #3067, 1.500000000000000900 ) ;
#3138 = CYLINDRICAL_SURFACE ( 'NONE', #3095, 1.500000000000000400 ) ;
#3139 =( NAMED_UNIT ( * ) SI_UNIT ( $, .STERADIAN. ) SOLID_ANGLE_UNIT ( ) );
#3140 =( NAMED_UNIT ( * ) PLANE_ANGLE_UNIT ( ) SI_UNIT ( $, .RADIAN. ) );
#3141 =( LENGTH_UNIT ( ) NAMED_UNIT ( * ) SI_UNIT ( .MILLI., .METRE. ) );
#3142 = DIRECTION ( 'NONE',  ( 1.000000000000000000, 0.0000000000000000000, 0.0000000000000000000 ) ) ;
#3143 = AXIS2_PLACEMENT_3D ( 'NONE', #3131, #3045, #3142 ) ;
#3144 = UNCERTAINTY_MEASURE_WITH_UNIT (LENGTH_MEASURE( 1.000000000000000100E-005 ), #3130, 'distance_accuracy_value', 'NONE');
#3145 =( NAMED_UNIT ( * ) SI_UNIT ( $, .STERADIAN. ) SOLID_ANGLE_UNIT ( ) );
#3146 = PERSON_AND_ORGANIZATION_ROLE ( 'creator' ) ;
#3147 = PERSON_AND_ORGANIZATION ( #3082, #3119 ) ;
#3148 = CC_DESIGN_APPROVAL ( #3156, ( #3159 ) ) ;
#3149 = APPROVAL_DATE_TIME ( #3150, #3156 ) ;
#3150 = DATE_AND_TIME ( #3151, #3152 ) ;
#3151 = CALENDAR_DATE ( 2008, 10, 9 ) ;
#3152 = LOCAL_TIME ( 9, 43, 16.00000000000000000, #3153 ) ;
#3153 = COORDINATED_UNIVERSAL_TIME_OFFSET ( 9, 0, .AHEAD. ) ;
#3154 = APPROVAL_PERSON_ORGANIZATION ( #3158, #3156, #3155 ) ;
#3155 = APPROVAL_ROLE ( '' ) ;
#3156 = APPROVAL ( #3157, 'UNSPECIFIED' ) ;
#3157 = APPROVAL_STATUS ( 'not_yet_approved' ) ;
#3158 = PERSON_AND_ORGANIZATION ( #3082, #3119 ) ;
#3159 = PRODUCT_DEFINITION_FORMATION_WITH_SPECIFIED_SOURCE ( 'ANY', '', #3083, .NOT_KNOWN. ) ;
#3160 = FACE_BOUND ( 'NONE', #3031, .T. ) ;
#3161 = CARTESIAN_POINT ( 'NONE',  ( 12.73062527150308500, 0.0000000000000000000, 2.600235294117638800 ) ) ;
#3162 = CC_DESIGN_PERSON_AND_ORGANIZATION_ASSIGNMENT ( #3164, #3163, ( #3165 ) ) ;
#3163 = PERSON_AND_ORGANIZATION_ROLE ( 'classification_officer' ) ;
#3164 = PERSON_AND_ORGANIZATION ( #3082, #3119 ) ;
#3165 = SECURITY_CLASSIFICATION ( '', '', #3166 ) ;
#3166 = SECURITY_CLASSIFICATION_LEVEL ( 'unclassified' ) ;
#3167 = CC_DESIGN_PERSON_AND_ORGANIZATION_ASSIGNMENT ( #3169, #3168, ( #3159 ) ) ;
#3168 = PERSON_AND_ORGANIZATION_ROLE ( 'design_supplier' ) ;
#3169 = PERSON_AND_ORGANIZATION ( #3082, #3119 ) ;
#3170 = CC_DESIGN_PERSON_AND_ORGANIZATION_ASSIGNMENT ( #3147, #3146, ( #3159 ) ) ;
#3171 = PRODUCT_DEFINITION_FORMATION_WITH_SPECIFIED_SOURCE ( 'ANY', '', #3379, .NOT_KNOWN. ) ;
#3172 = CC_DESIGN_DATE_AND_TIME_ASSIGNMENT ( #3330, #3173, ( #3241 ) ) ;
#3173 = DATE_TIME_ROLE ( 'creation_date' ) ;
#3174 = CALENDAR_DATE ( 2008, 10, 9 ) ;
#3175 = LOCAL_TIME ( 9, 43, 16.00000000000000000, #3176 ) ;
#3176 = COORDINATED_UNIVERSAL_TIME_OFFSET ( 9, 0, .AHEAD. ) ;
#3177 = PERSON ( 'NAUO-PER2', 'UNSPECIFIED', 'UNSPECIFIED', ('UNSPECIFIED'), ('UNSPECIFIED'), ('UNSPECIFIED') ) ;
#3178 = APPROVAL_ROLE ( '' ) ;
#3179 = APPROVAL_DATE_TIME ( #3180, #3189 ) ;
#3180 = DATE_AND_TIME ( #3181, #3182 ) ;
#3181 = CALENDAR_DATE ( 2008, 10, 9 ) ;
#3182 = LOCAL_TIME ( 9, 43, 16.00000000000000000, #3183 ) ;
#3183 = COORDINATED_UNIVERSAL_TIME_OFFSET ( 9, 0, .AHEAD. ) ;
#3184 = DATE_AND_TIME ( #3185, #3186 ) ;
#3185 = CALENDAR_DATE ( 2008, 10, 9 ) ;
#3186 = LOCAL_TIME ( 9, 43, 16.00000000000000000, #3187 ) ;
#3187 = COORDINATED_UNIVERSAL_TIME_OFFSET ( 9, 0, .AHEAD. ) ;
#3188 = CC_DESIGN_APPROVAL ( #3189, ( #3192 ) ) ;
#3189 = APPROVAL ( #3190, 'UNKNOWN' ) ;
#3190 = APPROVAL_STATUS ( 'not_yet_approved' ) ;
#3191 = CC_DESIGN_SECURITY_CLASSIFICATION ( #3192, ( #3194 ) ) ;
#3192 = SECURITY_CLASSIFICATION ( '', '', #3193 ) ;
#3193 = SECURITY_CLASSIFICATION_LEVEL ( 'unclassified' ) ;
#3194 = NEXT_ASSEMBLY_USAGE_OCCURRENCE ( 'NAUO1', ' ', ' ', #3112, #3250, $ ) ;
#3195 = PRODUCT_DEFINITION_SHAPE ( 'NONE', 'NONE',  #3194 ) ;
#3196 =( REPRESENTATION_RELATIONSHIP ('NONE','NONE', #3063, #3097 ) REPRESENTATION_RELATIONSHIP_WITH_TRANSFORMATION ( #3197 )SHAPE_REPRESENTATION_RELATIONSHIP( ) );
#3197 = ITEM_DEFINED_TRANSFORMATION ( 'NONE', 'NONE', #3054,  #3090 ) ;
#3198 = CONTEXT_DEPENDENT_SHAPE_REPRESENTATION ( #3207, #3222 ) ;
#3199 = CC_DESIGN_PERSON_AND_ORGANIZATION_ASSIGNMENT ( #3204, #3201, ( #3373 ) ) ;
#3200 = CC_DESIGN_DATE_AND_TIME_ASSIGNMENT ( #3217, #3202, ( #3373 ) ) ;
#3201 = PERSON_AND_ORGANIZATION_ROLE ( 'classification_officer' ) ;
#3202 = DATE_TIME_ROLE ( 'classification_date' ) ;
#3203 = APPROVAL_PERSON_ORGANIZATION ( #3204, #3297, #3255 ) ;
#3204 = PERSON_AND_ORGANIZATION ( #3291, #3205 ) ;
#3205 = ORGANIZATION ( 'NAUO-ORG1', 'UNSPECIFIED', 'UNSPECIFIED' ) ;
#3206 = CC_DESIGN_SECURITY_CLASSIFICATION ( #3373, ( #3374 ) ) ;
#3207 =( REPRESENTATION_RELATIONSHIP ('NONE','NONE', #3063, #3081 ) REPRESENTATION_RELATIONSHIP_WITH_TRANSFORMATION ( #3230 )SHAPE_REPRESENTATION_RELATIONSHIP( ) );
#3208 = PRODUCT_RELATED_PRODUCT_CATEGORY ( 'detail', '', ( #3083 ) ) ;
#3209 = APPROVAL_PERSON_ORGANIZATION ( #3275, #3298, #3393 ) ;
#3210 = APPLICATION_CONTEXT ( 'configuration controlled 3d designs of mechanical parts and assemblies' ) ;
#3211 = SHAPE_DEFINITION_REPRESENTATION ( #3294, #3081 ) ;
#3212 = CC_DESIGN_PERSON_AND_ORGANIZATION_ASSIGNMENT ( #3299, #3213, ( #3300 ) ) ;
#3213 = PERSON_AND_ORGANIZATION_ROLE ( 'design_owner' ) ;
#3214 = PERSON_AND_ORGANIZATION ( #3082, #3119 ) ;
#3215 = DESIGN_CONTEXT ( 'detailed design', #3210, 'design' ) ;
#3216 = APPLICATION_PROTOCOL_DEFINITION ( 'international standard', 'config_control_design', 1994, #3210 ) ;
#3217 = DATE_AND_TIME ( #3218, #3375 ) ;
#3218 = CALENDAR_DATE ( 2008, 10, 9 ) ;
#3219 = PRODUCT_DEFINITION_SHAPE ( 'NONE', 'NONE',  #3250 ) ;
#3220 = PRODUCT_RELATED_PRODUCT_CATEGORY ( 'detail', '', ( #3300 ) ) ;
#3221 = SECURITY_CLASSIFICATION_LEVEL ( 'unclassified' ) ;
#3222 = PRODUCT_DEFINITION_SHAPE ( 'NONE', 'NONE',  #3374 ) ;
#3223 = CC_DESIGN_APPROVAL ( #3248, ( #3250 ) ) ;
#3224 = APPROVAL_DATE_TIME ( #3225, #3248 ) ;
#3225 = DATE_AND_TIME ( #3226, #3227 ) ;
#3226 = CALENDAR_DATE ( 2008, 10, 9 ) ;
#3227 = LOCAL_TIME ( 9, 43, 16.00000000000000000, #3245 ) ;
#3228 = APPROVAL_DATE_TIME ( #3229, #3298 ) ;
#3229 = DATE_AND_TIME ( #3338, #3292 ) ;
#3230 = ITEM_DEFINED_TRANSFORMATION ( 'NONE', 'NONE', #3058,  #3090 ) ;
#3231 = CALENDAR_DATE ( 2008, 10, 9 ) ;
#3232 = LOCAL_TIME ( 9, 43, 16.00000000000000000, #3233 ) ;
#3233 = COORDINATED_UNIVERSAL_TIME_OFFSET ( 9, 0, .AHEAD. ) ;
#3234 = LOCAL_TIME ( 9, 43, 16.00000000000000000, #3235 ) ;
#3235 = COORDINATED_UNIVERSAL_TIME_OFFSET ( 9, 0, .AHEAD. ) ;
#3236 = APPROVAL_PERSON_ORGANIZATION ( #3240, #3238, #3237 ) ;
#3237 = APPROVAL_ROLE ( '' ) ;
#3238 = APPROVAL ( #3239, 'UNSPECIFIED' ) ;
#3239 = APPROVAL_STATUS ( 'not_yet_approved' ) ;
#3240 = PERSON_AND_ORGANIZATION ( #3082, #3119 ) ;
#3241 = PRODUCT_DEFINITION ( 'UNKNOWN', '', #3171, #3242 ) ;
#3242 = DESIGN_CONTEXT ( 'detailed design', #3244, 'design' ) ;
#3243 = APPLICATION_PROTOCOL_DEFINITION ( 'international standard', 'config_control_design', 1994, #3244 ) ;
#3244 = APPLICATION_CONTEXT ( 'configuration controlled 3d designs of mechanical parts and assemblies' ) ;
#3245 = COORDINATED_UNIVERSAL_TIME_OFFSET ( 9, 0, .AHEAD. ) ;
#3246 = APPROVAL_PERSON_ORGANIZATION ( #3214, #3248, #3247 ) ;
#3247 = APPROVAL_ROLE ( '' ) ;
#3248 = APPROVAL ( #3249, 'UNSPECIFIED' ) ;
#3249 = APPROVAL_STATUS ( 'not_yet_approved' ) ;
#3250 = PRODUCT_DEFINITION ( 'UNKNOWN', '', #3380, #3215 ) ;
#3251 = DATE_AND_TIME ( #3252, #3253 ) ;
#3252 = CALENDAR_DATE ( 2008, 10, 9 ) ;
#3253 = LOCAL_TIME ( 9, 43, 16.00000000000000000, #3254 ) ;
#3254 = COORDINATED_UNIVERSAL_TIME_OFFSET ( 9, 0, .AHEAD. ) ;
#3255 = APPROVAL_ROLE ( '' ) ;
#3256 = APPROVAL_DATE_TIME ( #3257, #3297 ) ;
#3257 = DATE_AND_TIME ( #3231, #3232 ) ;
#3258 = LOCAL_TIME ( 9, 43, 16.00000000000000000, #3259 ) ;
#3259 = COORDINATED_UNIVERSAL_TIME_OFFSET ( 9, 0, .AHEAD. ) ;
#3260 = APPROVAL_PERSON_ORGANIZATION ( #3264, #3262, #3261 ) ;
#3261 = APPROVAL_ROLE ( '' ) ;
#3262 = APPROVAL ( #3263, 'UNSPECIFIED' ) ;
#3263 = APPROVAL_STATUS ( 'not_yet_approved' ) ;
#3264 = PERSON_AND_ORGANIZATION ( #3082, #3119 ) ;
#3265 = CC_DESIGN_DATE_AND_TIME_ASSIGNMENT ( #3267, #3266, ( #3274 ) ) ;
#3266 = DATE_TIME_ROLE ( 'classification_date' ) ;
#3267 = DATE_AND_TIME ( #3268, #3269 ) ;
#3268 = CALENDAR_DATE ( 2008, 10, 9 ) ;
#3269 = LOCAL_TIME ( 9, 43, 16.00000000000000000, #3270 ) ;
#3270 = COORDINATED_UNIVERSAL_TIME_OFFSET ( 9, 0, .AHEAD. ) ;
#3271 = CC_DESIGN_PERSON_AND_ORGANIZATION_ASSIGNMENT ( #3273, #3272, ( #3274 ) ) ;
#3272 = PERSON_AND_ORGANIZATION_ROLE ( 'classification_officer' ) ;
#3273 = PERSON_AND_ORGANIZATION ( #3082, #3119 ) ;
#3274 = SECURITY_CLASSIFICATION ( '', '', #3388 ) ;
#3275 = PERSON_AND_ORGANIZATION ( #3082, #3119 ) ;
#3276 = DATE_TIME_ROLE ( 'classification_date' ) ;
#3277 = DATE_AND_TIME ( #3278, #3279 ) ;
#3278 = CALENDAR_DATE ( 2008, 10, 9 ) ;
#3279 = LOCAL_TIME ( 9, 43, 16.00000000000000000, #3280 ) ;
#3280 = COORDINATED_UNIVERSAL_TIME_OFFSET ( 9, 0, .AHEAD. ) ;
#3281 = CC_DESIGN_PERSON_AND_ORGANIZATION_ASSIGNMENT ( #3355, #3354, ( #3356 ) ) ;
#3282 = MECHANICAL_CONTEXT ( 'NONE', #3284, 'mechanical' ) ;
#3283 = APPLICATION_PROTOCOL_DEFINITION ( 'international standard', 'config_control_design', 1994, #3284 ) ;
#3284 = APPLICATION_CONTEXT ( 'configuration controlled 3d designs of mechanical parts and assemblies' ) ;
#3285 = CC_DESIGN_APPROVAL ( #3262, ( #3380 ) ) ;
#3286 = APPROVAL_DATE_TIME ( #3287, #3262 ) ;
#3287 = DATE_AND_TIME ( #3288, #3258 ) ;
#3288 = CALENDAR_DATE ( 2008, 10, 9 ) ;
#3289 = SHAPE_DEFINITION_REPRESENTATION ( #3290, #3063 ) ;
#3290 = PRODUCT_DEFINITION_SHAPE ( 'NONE', 'NONE',  #3112 ) ;
#3291 = PERSON ( 'NAUO-PER1', 'UNSPECIFIED', 'UNSPECIFIED', ('UNSPECIFIED'), ('UNSPECIFIED'), ('UNSPECIFIED') ) ;
#3292 = LOCAL_TIME ( 9, 43, 16.00000000000000000, #3353 ) ;
#3293 = APPROVAL_STATUS ( 'not_yet_approved' ) ;
#3294 = PRODUCT_DEFINITION_SHAPE ( 'NONE', 'NONE',  #3241 ) ;
#3295 = PRODUCT_RELATED_PRODUCT_CATEGORY ( 'detail', '', ( #3379 ) ) ;
#3296 = CC_DESIGN_APPROVAL ( #3297, ( #3373 ) ) ;
#3297 = APPROVAL ( #3293, 'UNKNOWN' ) ;
#3298 = APPROVAL ( #3301, 'UNSPECIFIED' ) ;
#3299 = PERSON_AND_ORGANIZATION ( #3082, #3119 ) ;
#3300 = PRODUCT ( 'CX-411E_ÃÞÌ«ÙÄ', 'CX-411E_ÃÞÌ«ÙÄ', '', ( #3311 ) ) ;
#3301 = APPROVAL_STATUS ( 'not_yet_approved' ) ;
#3302 = COORDINATED_UNIVERSAL_TIME_OFFSET ( 9, 0, .AHEAD. ) ;
#3303 = CC_DESIGN_SECURITY_CLASSIFICATION ( #3356, ( #3380 ) ) ;
#3304 = CC_DESIGN_APPROVAL ( #3362, ( #3356 ) ) ;
#3305 = APPROVAL_DATE_TIME ( #3359, #3362 ) ;
#3306 = CALENDAR_DATE ( 2008, 10, 9 ) ;
#3307 = LOCAL_TIME ( 9, 43, 16.00000000000000000, #3308 ) ;
#3308 = COORDINATED_UNIVERSAL_TIME_OFFSET ( 9, 0, .AHEAD. ) ;
#3309 = CC_DESIGN_APPROVAL ( #3298, ( #3165 ) ) ;
#3310 = CC_DESIGN_SECURITY_CLASSIFICATION ( #3165, ( #3159 ) ) ;
#3311 = MECHANICAL_CONTEXT ( 'NONE', #3313, 'mechanical' ) ;
#3312 = APPLICATION_PROTOCOL_DEFINITION ( 'international standard', 'config_control_design', 1994, #3313 ) ;
#3313 = APPLICATION_CONTEXT ( 'configuration controlled 3d designs of mechanical parts and assemblies' ) ;
#3314 = SHAPE_DEFINITION_REPRESENTATION ( #3219, #3097 ) ;
#3315 = CC_DESIGN_SECURITY_CLASSIFICATION ( #3274, ( #3171 ) ) ;
#3316 = CC_DESIGN_APPROVAL ( #3324, ( #3274 ) ) ;
#3317 = APPROVAL_DATE_TIME ( #3318, #3324 ) ;
#3318 = DATE_AND_TIME ( #3319, #3320 ) ;
#3319 = CALENDAR_DATE ( 2008, 10, 9 ) ;
#3320 = LOCAL_TIME ( 9, 43, 16.00000000000000000, #3321 ) ;
#3321 = COORDINATED_UNIVERSAL_TIME_OFFSET ( 9, 0, .AHEAD. ) ;
#3322 = APPROVAL_PERSON_ORGANIZATION ( #3326, #3324, #3323 ) ;
#3323 = APPROVAL_ROLE ( '' ) ;
#3324 = APPROVAL ( #3325, 'UNSPECIFIED' ) ;
#3325 = APPROVAL_STATUS ( 'not_yet_approved' ) ;
#3326 = PERSON_AND_ORGANIZATION ( #3082, #3119 ) ;
#3327 = CC_DESIGN_PERSON_AND_ORGANIZATION_ASSIGNMENT ( #3329, #3328, ( #3250 ) ) ;
#3328 = PERSON_AND_ORGANIZATION_ROLE ( 'creator' ) ;
#3329 = PERSON_AND_ORGANIZATION ( #3082, #3119 ) ;
#3330 = DATE_AND_TIME ( #3174, #3175 ) ;
#3331 = CC_DESIGN_PERSON_AND_ORGANIZATION_ASSIGNMENT ( #3333, #3332, ( #3241 ) ) ;
#3332 = PERSON_AND_ORGANIZATION_ROLE ( 'creator' ) ;
#3333 = PERSON_AND_ORGANIZATION ( #3082, #3119 ) ;
#3334 = CC_DESIGN_APPROVAL ( #3238, ( #3241 ) ) ;
#3335 = APPROVAL_DATE_TIME ( #3336, #3238 ) ;
#3336 = DATE_AND_TIME ( #3337, #3234 ) ;
#3337 = CALENDAR_DATE ( 2008, 10, 9 ) ;
#3338 = CALENDAR_DATE ( 2008, 10, 9 ) ;
#3339 = PERSON_AND_ORGANIZATION_ROLE ( 'creator' ) ;
#3340 = PERSON_AND_ORGANIZATION ( #3082, #3119 ) ;
#3341 = CC_DESIGN_APPROVAL ( #3349, ( #3171 ) ) ;
#3342 = APPROVAL_DATE_TIME ( #3343, #3349 ) ;
#3343 = DATE_AND_TIME ( #3344, #3345 ) ;
#3344 = CALENDAR_DATE ( 2008, 10, 9 ) ;
#3345 = LOCAL_TIME ( 9, 43, 16.00000000000000000, #3346 ) ;
#3346 = COORDINATED_UNIVERSAL_TIME_OFFSET ( 9, 0, .AHEAD. ) ;
#3347 = APPROVAL_PERSON_ORGANIZATION ( #3351, #3349, #3348 ) ;
#3348 = APPROVAL_ROLE ( '' ) ;
#3349 = APPROVAL ( #3350, 'UNSPECIFIED' ) ;
#3350 = APPROVAL_STATUS ( 'not_yet_approved' ) ;
#3351 = PERSON_AND_ORGANIZATION ( #3082, #3119 ) ;
#3352 = CONTEXT_DEPENDENT_SHAPE_REPRESENTATION ( #3196, #3195 ) ;
#3353 = COORDINATED_UNIVERSAL_TIME_OFFSET ( 9, 0, .AHEAD. ) ;
#3354 = PERSON_AND_ORGANIZATION_ROLE ( 'classification_officer' ) ;
#3355 = PERSON_AND_ORGANIZATION ( #3082, #3119 ) ;
#3356 = SECURITY_CLASSIFICATION ( '', '', #3357 ) ;
#3357 = SECURITY_CLASSIFICATION_LEVEL ( 'unclassified' ) ;
#3358 = CC_DESIGN_PERSON_AND_ORGANIZATION_ASSIGNMENT ( #3384, #3383, ( #3380 ) ) ;
#3359 = DATE_AND_TIME ( #3306, #3307 ) ;
#3360 = APPROVAL_PERSON_ORGANIZATION ( #3364, #3362, #3361 ) ;
#3361 = APPROVAL_ROLE ( '' ) ;
#3362 = APPROVAL ( #3363, 'UNSPECIFIED' ) ;
#3363 = APPROVAL_STATUS ( 'not_yet_approved' ) ;
#3364 = PERSON_AND_ORGANIZATION ( #3082, #3119 ) ;
#3365 = CC_DESIGN_DATE_AND_TIME_ASSIGNMENT ( #3277, #3276, ( #3356 ) ) ;
#3366 = CC_DESIGN_PERSON_AND_ORGANIZATION_ASSIGNMENT ( #3371, #3368, ( #3192 ) ) ;
#3367 = CC_DESIGN_DATE_AND_TIME_ASSIGNMENT ( #3184, #3369, ( #3192 ) ) ;
#3368 = PERSON_AND_ORGANIZATION_ROLE ( 'classification_officer' ) ;
#3369 = DATE_TIME_ROLE ( 'classification_date' ) ;
#3370 = APPROVAL_PERSON_ORGANIZATION ( #3371, #3189, #3178 ) ;
#3371 = PERSON_AND_ORGANIZATION ( #3177, #3372 ) ;
#3372 = ORGANIZATION ( 'NAUO-ORG2', 'UNSPECIFIED', 'UNSPECIFIED' ) ;
#3373 = SECURITY_CLASSIFICATION ( '', '', #3221 ) ;
#3374 = NEXT_ASSEMBLY_USAGE_OCCURRENCE ( 'NAUO2', ' ', ' ', #3112, #3241, $ ) ;
#3375 = LOCAL_TIME ( 9, 43, 16.00000000000000000, #3302 ) ;
#3376 = CC_DESIGN_PERSON_AND_ORGANIZATION_ASSIGNMENT ( #3378, #3377, ( #3379 ) ) ;
#3377 = PERSON_AND_ORGANIZATION_ROLE ( 'design_owner' ) ;
#3378 = PERSON_AND_ORGANIZATION ( #3082, #3119 ) ;
#3379 = PRODUCT ( 'cx-411D_ÃÞÌ«ÙÄ', 'cx-411D_ÃÞÌ«ÙÄ', '', ( #3282 ) ) ;
#3380 = PRODUCT_DEFINITION_FORMATION_WITH_SPECIFIED_SOURCE ( 'ANY', '', #3300, .NOT_KNOWN. ) ;
#3381 = CC_DESIGN_DATE_AND_TIME_ASSIGNMENT ( #3251, #3382, ( #3250 ) ) ;
#3382 = DATE_TIME_ROLE ( 'creation_date' ) ;
#3383 = PERSON_AND_ORGANIZATION_ROLE ( 'design_supplier' ) ;
#3384 = PERSON_AND_ORGANIZATION ( #3082, #3119 ) ;
#3385 = CC_DESIGN_PERSON_AND_ORGANIZATION_ASSIGNMENT ( #3387, #3386, ( #3380 ) ) ;
#3386 = PERSON_AND_ORGANIZATION_ROLE ( 'creator' ) ;
#3387 = PERSON_AND_ORGANIZATION ( #3082, #3119 ) ;
#3388 = SECURITY_CLASSIFICATION_LEVEL ( 'unclassified' ) ;
#3389 = CC_DESIGN_PERSON_AND_ORGANIZATION_ASSIGNMENT ( #3391, #3390, ( #3171 ) ) ;
#3390 = PERSON_AND_ORGANIZATION_ROLE ( 'design_supplier' ) ;
#3391 = PERSON_AND_ORGANIZATION ( #3082, #3119 ) ;
#3392 = CC_DESIGN_PERSON_AND_ORGANIZATION_ASSIGNMENT ( #3340, #3339, ( #3171 ) ) ;
#3393 = APPROVAL_ROLE ( '' ) ;
ENDSEC;
END-ISO-10303-21;
