ISO-10303-21;
HEADER;
FILE_DESCRIPTION (( 'STEP AP203' ),
    '1' );
FILE_NAME ('EX-32A.STEP',
    '2005-11-09T07:00:23',
    ( '' ),
    ( '' ),
    'SwSTEP 2.0',
    'SolidWorks 2004073',
    '' );
FILE_SCHEMA (( 'CONFIG_CONTROL_DESIGN' ));
ENDSEC;

DATA;
#1 = ORIENTED_EDGE ( 'NONE', *, *, #2, .T. ) ;
#2 = EDGE_CURVE ( 'NONE', #12, #38, #895, .T. ) ;
#3 = EDGE_CURVE ( 'NONE', #5, #15, #890, .T. ) ;
#4 = EDGE_CURVE ( 'NONE', #8, #5, #886, .T. ) ;
#5 = VERTEX_POINT ( 'NONE', #949 ) ;
#6 = ORIENTED_EDGE ( 'NONE', *, *, #4, .F. ) ;
#7 = ORIENTED_EDGE ( 'NONE', *, *, #3, .F. ) ;
#8 = VERTEX_POINT ( 'NONE', #948 ) ;
#9 = EDGE_CURVE ( 'NONE', #763, #12, #947, .T. ) ;
#10 = ORIENTED_EDGE ( 'NONE', *, *, #9, .T. ) ;
#11 = ORIENTED_EDGE ( 'NONE', *, *, #765, .T. ) ;
#12 = VERTEX_POINT ( 'NONE', #942 ) ;
#13 = EDGE_CURVE ( 'NONE', #15, #17, #941, .T. ) ;
#14 = ORIENTED_EDGE ( 'NONE', *, *, #13, .F. ) ;
#15 = VERTEX_POINT ( 'NONE', #936 ) ;
#16 = ORIENTED_EDGE ( 'NONE', *, *, #19, .F. ) ;
#17 = VERTEX_POINT ( 'NONE', #935 ) ;
#18 = EDGE_CURVE ( 'NONE', #17, #42, #934, .T. ) ;
#19 = EDGE_CURVE ( 'NONE', #42, #20, #930, .T. ) ;
#20 = VERTEX_POINT ( 'NONE', #925 ) ;
#21 = ORIENTED_EDGE ( 'NONE', *, *, #18, .F. ) ;
#22 = EDGE_LOOP ( 'NONE', ( #34, #33, #24, #31, #36 ) ) ;
#23 = ORIENTED_EDGE ( 'NONE', *, *, #869, .T. ) ;
#24 = ORIENTED_EDGE ( 'NONE', *, *, #841, .T. ) ;
#25 = ORIENTED_EDGE ( 'NONE', *, *, #256, .T. ) ;
#26 = ADVANCED_FACE ( 'NONE', ( #924 ), #923, .T. ) ;
#27 = ORIENTED_EDGE ( 'NONE', *, *, #275, .T. ) ;
#28 = ORIENTED_EDGE ( 'NONE', *, *, #819, .T. ) ;
#29 = ORIENTED_EDGE ( 'NONE', *, *, #216, .T. ) ;
#30 = EDGE_CURVE ( 'NONE', #282, #110, #983, .T. ) ;
#31 = ORIENTED_EDGE ( 'NONE', *, *, #32, .F. ) ;
#32 = EDGE_CURVE ( 'NONE', #866, #760, #979, .T. ) ;
#33 = ORIENTED_EDGE ( 'NONE', *, *, #212, .T. ) ;
#34 = ORIENTED_EDGE ( 'NONE', *, *, #30, .F. ) ;
#35 = EDGE_LOOP ( 'NONE', ( #152, #155, #140, #149, #150, #158, #136, #134, #146 ) ) ;
#36 = ORIENTED_EDGE ( 'NONE', *, *, #112, .T. ) ;
#37 = ORIENTED_EDGE ( 'NONE', *, *, #87, .T. ) ;
#38 = VERTEX_POINT ( 'NONE', #975 ) ;
#39 = EDGE_CURVE ( 'NONE', #58, #73, #974, .T. ) ;
#40 = ADVANCED_FACE ( 'NONE', ( #970 ), #969, .T. ) ;
#41 = EDGE_LOOP ( 'NONE', ( #16, #21, #14, #7, #6, #272, #200, #202 ) ) ;
#42 = VERTEX_POINT ( 'NONE', #964 ) ;
#43 = EDGE_CURVE ( 'NONE', #85, #44, #963, .T. ) ;
#44 = VERTEX_POINT ( 'NONE', #958 ) ;
#45 = ORIENTED_EDGE ( 'NONE', *, *, #46, .F. ) ;
#46 = EDGE_CURVE ( 'NONE', #47, #44, #957, .T. ) ;
#47 = VERTEX_POINT ( 'NONE', #1017 ) ;
#48 = ORIENTED_EDGE ( 'NONE', *, *, #120, .T. ) ;
#49 = ORIENTED_EDGE ( 'NONE', *, *, #50, .T. ) ;
#50 = EDGE_CURVE ( 'NONE', #91, #814, #1016, .T. ) ;
#51 = ORIENTED_EDGE ( 'NONE', *, *, #52, .T. ) ;
#52 = EDGE_CURVE ( 'NONE', #814, #766, #1011, .T. ) ;
#53 = ADVANCED_FACE ( 'NONE', ( #1006 ), #1005, .T. ) ;
#54 = EDGE_LOOP ( 'NONE', ( #55, #59, #61, #62, #65, #68, #71, #74 ) ) ;
#55 = ORIENTED_EDGE ( 'NONE', *, *, #56, .F. ) ;
#56 = EDGE_CURVE ( 'NONE', #57, #58, #1004, .T. ) ;
#57 = VERTEX_POINT ( 'NONE', #995 ) ;
#58 = VERTEX_POINT ( 'NONE', #994 ) ;
#59 = ORIENTED_EDGE ( 'NONE', *, *, #60, .T. ) ;
#60 = EDGE_CURVE ( 'NONE', #57, #125, #993, .T. ) ;
#61 = ORIENTED_EDGE ( 'NONE', *, *, #124, .T. ) ;
#62 = ORIENTED_EDGE ( 'NONE', *, *, #63, .T. ) ;
#63 = EDGE_CURVE ( 'NONE', #126, #64, #989, .T. ) ;
#64 = VERTEX_POINT ( 'NONE', #1046 ) ;
#65 = ORIENTED_EDGE ( 'NONE', *, *, #66, .F. ) ;
#66 = EDGE_CURVE ( 'NONE', #67, #64, #1045, .T. ) ;
#67 = VERTEX_POINT ( 'NONE', #1040 ) ;
#68 = ORIENTED_EDGE ( 'NONE', *, *, #69, .F. ) ;
#69 = EDGE_CURVE ( 'NONE', #70, #67, #1039, .T. ) ;
#70 = VERTEX_POINT ( 'NONE', #1035 ) ;
#71 = ORIENTED_EDGE ( 'NONE', *, *, #72, .F. ) ;
#72 = EDGE_CURVE ( 'NONE', #73, #70, #1034, .T. ) ;
#73 = VERTEX_POINT ( 'NONE', #1029 ) ;
#74 = ORIENTED_EDGE ( 'NONE', *, *, #39, .F. ) ;
#75 = EDGE_CURVE ( 'NONE', #76, #129, #1028, .T. ) ;
#76 = VERTEX_POINT ( 'NONE', #1023 ) ;
#77 = ORIENTED_EDGE ( 'NONE', *, *, #78, .F. ) ;
#78 = EDGE_CURVE ( 'NONE', #126, #76, #1022, .T. ) ;
#79 = EDGE_LOOP ( 'NONE', ( #11, #10, #1, #37, #89, #49, #51 ) ) ;
#80 = VERTEX_POINT ( 'NONE', #1018 ) ;
#81 = ORIENTED_EDGE ( 'NONE', *, *, #82, .T. ) ;
#82 = EDGE_CURVE ( 'NONE', #845, #100, #1079, .T. ) ;
#83 = ORIENTED_EDGE ( 'NONE', *, *, #84, .F. ) ;
#84 = EDGE_CURVE ( 'NONE', #85, #100, #1074, .T. ) ;
#85 = VERTEX_POINT ( 'NONE', #1070 ) ;
#86 = ORIENTED_EDGE ( 'NONE', *, *, #43, .T. ) ;
#87 = EDGE_CURVE ( 'NONE', #38, #88, #1069, .T. ) ;
#88 = VERTEX_POINT ( 'NONE', #1064 ) ;
#89 = ORIENTED_EDGE ( 'NONE', *, *, #90, .T. ) ;
#90 = EDGE_CURVE ( 'NONE', #88, #91, #1063, .T. ) ;
#91 = VERTEX_POINT ( 'NONE', #1058 ) ;
#92 = EDGE_CURVE ( 'NONE', #93, #803, #1057, .T. ) ;
#93 = VERTEX_POINT ( 'NONE', #1053 ) ;
#94 = ADVANCED_FACE ( 'NONE', ( #1052 ), #1050, .T. ) ;
#95 = EDGE_LOOP ( 'NONE', ( #96, #97, #99, #81, #83, #86, #45, #48 ) ) ;
#96 = ORIENTED_EDGE ( 'NONE', *, *, #920, .F. ) ;
#97 = ORIENTED_EDGE ( 'NONE', *, *, #98, .F. ) ;
#98 = EDGE_CURVE ( 'NONE', #918, #917, #1111, .T. ) ;
#99 = ORIENTED_EDGE ( 'NONE', *, *, #847, .T. ) ;
#100 = VERTEX_POINT ( 'NONE', #1106 ) ;
#101 = ORIENTED_EDGE ( 'NONE', *, *, #102, .F. ) ;
#102 = EDGE_CURVE ( 'NONE', #80, #93, #1105, .T. ) ;
#103 = ORIENTED_EDGE ( 'NONE', *, *, #104, .F. ) ;
#104 = EDGE_CURVE ( 'NONE', #105, #80, #1101, .T. ) ;
#105 = VERTEX_POINT ( 'NONE', #1097 ) ;
#106 = EDGE_CURVE ( 'NONE', #107, #118, #1096, .T. ) ;
#107 = VERTEX_POINT ( 'NONE', #1092 ) ;
#108 = ORIENTED_EDGE ( 'NONE', *, *, #109, .F. ) ;
#109 = EDGE_CURVE ( 'NONE', #110, #107, #1091, .T. ) ;
#110 = VERTEX_POINT ( 'NONE', #1087 ) ;
#111 = ORIENTED_EDGE ( 'NONE', *, *, #112, .F. ) ;
#112 = EDGE_CURVE ( 'NONE', #866, #110, #1086, .T. ) ;
#113 = ORIENTED_EDGE ( 'NONE', *, *, #114, .F. ) ;
#114 = EDGE_CURVE ( 'NONE', #115, #105, #1082, .T. ) ;
#115 = VERTEX_POINT ( 'NONE', #1143 ) ;
#116 = ORIENTED_EDGE ( 'NONE', *, *, #117, .F. ) ;
#117 = EDGE_CURVE ( 'NONE', #118, #115, #1142, .T. ) ;
#118 = VERTEX_POINT ( 'NONE', #1138 ) ;
#119 = ORIENTED_EDGE ( 'NONE', *, *, #106, .F. ) ;
#120 = EDGE_CURVE ( 'NONE', #47, #842, #1137, .T. ) ;
#121 = ADVANCED_FACE ( 'NONE', ( #1132, #1131 ), #1130, .T. ) ;
#122 = EDGE_LOOP ( 'NONE', ( #123, #127, #130, #77 ) ) ;
#123 = ORIENTED_EDGE ( 'NONE', *, *, #124, .F. ) ;
#124 = EDGE_CURVE ( 'NONE', #125, #126, #1125, .T. ) ;
#125 = VERTEX_POINT ( 'NONE', #1120 ) ;
#126 = VERTEX_POINT ( 'NONE', #1119 ) ;
#127 = ORIENTED_EDGE ( 'NONE', *, *, #128, .F. ) ;
#128 = EDGE_CURVE ( 'NONE', #129, #125, #1118, .T. ) ;
#129 = VERTEX_POINT ( 'NONE', #1114 ) ;
#130 = ORIENTED_EDGE ( 'NONE', *, *, #75, .F. ) ;
#131 = EDGE_CURVE ( 'NONE', #873, #245, #1113, .T. ) ;
#132 = ADVANCED_FACE ( 'NONE', ( #1174 ), #1173, .T. ) ;
#133 = EDGE_LOOP ( 'NONE', ( #28, #27, #29, #25, #23 ) ) ;
#134 = ORIENTED_EDGE ( 'NONE', *, *, #135, .F. ) ;
#135 = EDGE_CURVE ( 'NONE', #107, #266, #1168, .T. ) ;
#136 = ORIENTED_EDGE ( 'NONE', *, *, #264, .T. ) ;
#137 = ORIENTED_EDGE ( 'NONE', *, *, #109, .T. ) ;
#138 = EDGE_LOOP ( 'NONE', ( #160, #154, #248, #249, #321 ) ) ;
#139 = VERTEX_POINT ( 'NONE', #1164 ) ;
#140 = ORIENTED_EDGE ( 'NONE', *, *, #141, .T. ) ;
#141 = EDGE_CURVE ( 'NONE', #157, #878, #1163, .T. ) ;
#142 = EDGE_CURVE ( 'NONE', #139, #118, #1159, .T. ) ;
#143 = ADVANCED_FACE ( 'NONE', ( #1155 ), #1154, .T. ) ;
#144 = EDGE_LOOP ( 'NONE', ( #145, #151, #147, #148, #137 ) ) ;
#145 = ORIENTED_EDGE ( 'NONE', *, *, #135, .T. ) ;
#146 = ORIENTED_EDGE ( 'NONE', *, *, #106, .T. ) ;
#147 = ORIENTED_EDGE ( 'NONE', *, *, #218, .T. ) ;
#148 = ORIENTED_EDGE ( 'NONE', *, *, #30, .T. ) ;
#149 = ORIENTED_EDGE ( 'NONE', *, *, #879, .T. ) ;
#150 = ORIENTED_EDGE ( 'NONE', *, *, #153, .T. ) ;
#151 = ORIENTED_EDGE ( 'NONE', *, *, #261, .T. ) ;
#152 = ORIENTED_EDGE ( 'NONE', *, *, #142, .F. ) ;
#153 = EDGE_CURVE ( 'NONE', #876, #265, #1149, .T. ) ;
#154 = ORIENTED_EDGE ( 'NONE', *, *, #284, .T. ) ;
#155 = ORIENTED_EDGE ( 'NONE', *, *, #156, .T. ) ;
#156 = EDGE_CURVE ( 'NONE', #139, #157, #1145, .T. ) ;
#157 = VERTEX_POINT ( 'NONE', #1208 ) ;
#158 = ORIENTED_EDGE ( 'NONE', *, *, #253, .T. ) ;
#159 = ADVANCED_FACE ( 'NONE', ( #1207 ), #1206, .T. ) ;
#160 = ORIENTED_EDGE ( 'NONE', *, *, #131, .T. ) ;
#161 = EDGE_LOOP ( 'NONE', ( #162, #167, #163, #164, #165 ) ) ;
#162 = ORIENTED_EDGE ( 'NONE', *, *, #32, .T. ) ;
#163 = ORIENTED_EDGE ( 'NONE', *, *, #277, .T. ) ;
#164 = ORIENTED_EDGE ( 'NONE', *, *, #810, .F. ) ;
#165 = ORIENTED_EDGE ( 'NONE', *, *, #865, .T. ) ;
#166 = ADVANCED_FACE ( 'NONE', ( #1201 ), #1200, .T. ) ;
#167 = ORIENTED_EDGE ( 'NONE', *, *, #913, .T. ) ;
#168 = ADVANCED_FACE ( 'NONE', ( #1195 ), #1194, .T. ) ;
#169 = ORIENTED_EDGE ( 'NONE', *, *, #177, .T. ) ;
#170 = ADVANCED_FACE ( 'NONE', ( #1189 ), #1188, .T. ) ;
#171 = ORIENTED_EDGE ( 'NONE', *, *, #60, .F. ) ;
#172 = ORIENTED_EDGE ( 'NONE', *, *, #56, .T. ) ;
#173 = ADVANCED_FACE ( 'NONE', ( #1183 ), #1182, .T. ) ;
#174 = ORIENTED_EDGE ( 'NONE', *, *, #190, .F. ) ;
#175 = ORIENTED_EDGE ( 'NONE', *, *, #128, .T. ) ;
#176 = ORIENTED_EDGE ( 'NONE', *, *, #177, .F. ) ;
#177 = EDGE_CURVE ( 'NONE', #42, #58, #1177, .T. ) ;
#178 = ORIENTED_EDGE ( 'NONE', *, *, #216, .F. ) ;
#179 = EDGE_CURVE ( 'NONE', #20, #57, #1242, .T. ) ;
#180 = EDGE_LOOP ( 'NONE', ( #172, #176, #233, #225 ) ) ;
#181 = ORIENTED_EDGE ( 'NONE', *, *, #834, .F. ) ;
#182 = EDGE_CURVE ( 'NONE', #835, #832, #1238, .T. ) ;
#183 = EDGE_LOOP ( 'NONE', ( #184, #186, #187, #195 ) ) ;
#184 = ORIENTED_EDGE ( 'NONE', *, *, #185, .F. ) ;
#185 = EDGE_CURVE ( 'NONE', #64, #8, #1233, .T. ) ;
#186 = ORIENTED_EDGE ( 'NONE', *, *, #63, .F. ) ;
#187 = ORIENTED_EDGE ( 'NONE', *, *, #78, .T. ) ;
#188 = EDGE_LOOP ( 'NONE', ( #197, #174, #175, #171 ) ) ;
#189 = ORIENTED_EDGE ( 'NONE', *, *, #13, .T. ) ;
#190 = EDGE_CURVE ( 'NONE', #129, #20, #1229, .T. ) ;
#191 = EDGE_LOOP ( 'NONE', ( #193, #181 ) ) ;
#192 = ADVANCED_FACE ( 'NONE', ( #1225, #1224 ), #1223, .T. ) ;
#193 = ORIENTED_EDGE ( 'NONE', *, *, #182, .F. ) ;
#194 = EDGE_LOOP ( 'NONE', ( #189, #198, #203, #204 ) ) ;
#195 = ORIENTED_EDGE ( 'NONE', *, *, #201, .F. ) ;
#196 = ADVANCED_FACE ( 'NONE', ( #1218 ), #1217, .F. ) ;
#197 = ORIENTED_EDGE ( 'NONE', *, *, #179, .F. ) ;
#198 = ORIENTED_EDGE ( 'NONE', *, *, #199, .T. ) ;
#199 = EDGE_CURVE ( 'NONE', #17, #73, #1212, .T. ) ;
#200 = ORIENTED_EDGE ( 'NONE', *, *, #75, .T. ) ;
#201 = EDGE_CURVE ( 'NONE', #8, #76, #1267, .T. ) ;
#202 = ORIENTED_EDGE ( 'NONE', *, *, #190, .T. ) ;
#203 = ORIENTED_EDGE ( 'NONE', *, *, #72, .T. ) ;
#204 = ORIENTED_EDGE ( 'NONE', *, *, #205, .T. ) ;
#205 = EDGE_CURVE ( 'NONE', #70, #15, #1263, .T. ) ;
#206 = ADVANCED_FACE ( 'NONE', ( #1259 ), #1258, .F. ) ;
#207 = ORIENTED_EDGE ( 'NONE', *, *, #872, .T. ) ;
#208 = ADVANCED_FACE ( 'NONE', ( #1253 ), #1252, .T. ) ;
#209 = ORIENTED_EDGE ( 'NONE', *, *, #762, .F. ) ;
#210 = EDGE_LOOP ( 'NONE', ( #209, #211, #217, #219 ) ) ;
#211 = ORIENTED_EDGE ( 'NONE', *, *, #212, .F. ) ;
#212 = EDGE_CURVE ( 'NONE', #282, #759, #1247, .T. ) ;
#213 = ORIENTED_EDGE ( 'NONE', *, *, #813, .F. ) ;
#214 = ORIENTED_EDGE ( 'NONE', *, *, #277, .F. ) ;
#215 = ORIENTED_EDGE ( 'NONE', *, *, #816, .F. ) ;
#216 = EDGE_CURVE ( 'NONE', #91, #244, #1300, .T. ) ;
#217 = ORIENTED_EDGE ( 'NONE', *, *, #218, .F. ) ;
#218 = EDGE_CURVE ( 'NONE', #12, #282, #1287, .T. ) ;
#219 = ORIENTED_EDGE ( 'NONE', *, *, #9, .F. ) ;
#220 = ADVANCED_FACE ( 'NONE', ( #1299 ), #1298, .T. ) ;
#221 = ORIENTED_EDGE ( 'NONE', *, *, #205, .F. ) ;
#222 = ADVANCED_FACE ( 'NONE', ( #1334 ), #1333, .T. ) ;
#223 = ORIENTED_EDGE ( 'NONE', *, *, #185, .T. ) ;
#224 = ORIENTED_EDGE ( 'NONE', *, *, #4, .T. ) ;
#225 = ORIENTED_EDGE ( 'NONE', *, *, #179, .T. ) ;
#226 = ORIENTED_EDGE ( 'NONE', *, *, #39, .T. ) ;
#227 = ADVANCED_FACE ( 'NONE', ( #1328 ), #1327, .T. ) ;
#228 = ADVANCED_FACE ( 'NONE', ( #1322 ), #1321, .T. ) ;
#229 = ORIENTED_EDGE ( 'NONE', *, *, #243, .F. ) ;
#230 = ORIENTED_EDGE ( 'NONE', *, *, #239, .F. ) ;
#231 = EDGE_LOOP ( 'NONE', ( #229, #178, #281, #283 ) ) ;
#232 = EDGE_LOOP ( 'NONE', ( #241, #242, #240, #221 ) ) ;
#233 = ORIENTED_EDGE ( 'NONE', *, *, #19, .T. ) ;
#234 = EDGE_LOOP ( 'NONE', ( #235, #223, #224, #230 ) ) ;
#235 = ORIENTED_EDGE ( 'NONE', *, *, #66, .T. ) ;
#236 = EDGE_LOOP ( 'NONE', ( #226, #237, #238, #169 ) ) ;
#237 = ORIENTED_EDGE ( 'NONE', *, *, #199, .F. ) ;
#238 = ORIENTED_EDGE ( 'NONE', *, *, #18, .T. ) ;
#239 = EDGE_CURVE ( 'NONE', #67, #5, #1320, .T. ) ;
#240 = ORIENTED_EDGE ( 'NONE', *, *, #3, .T. ) ;
#241 = ORIENTED_EDGE ( 'NONE', *, *, #69, .T. ) ;
#242 = ORIENTED_EDGE ( 'NONE', *, *, #239, .T. ) ;
#243 = EDGE_CURVE ( 'NONE', #244, #245, #1312, .T. ) ;
#244 = VERTEX_POINT ( 'NONE', #1311 ) ;
#245 = VERTEX_POINT ( 'NONE', #1310 ) ;
#246 = EDGE_LOOP ( 'NONE', ( #319, #318, #316, #247 ) ) ;
#247 = ORIENTED_EDGE ( 'NONE', *, *, #182, .T. ) ;
#248 = ORIENTED_EDGE ( 'NONE', *, *, #251, .T. ) ;
#249 = ORIENTED_EDGE ( 'NONE', *, *, #153, .F. ) ;
#250 = ORIENTED_EDGE ( 'NONE', *, *, #87, .F. ) ;
#251 = EDGE_CURVE ( 'NONE', #88, #265, #1367, .T. ) ;
#252 = ORIENTED_EDGE ( 'NONE', *, *, #253, .F. ) ;
#253 = EDGE_CURVE ( 'NONE', #265, #38, #1366, .T. ) ;
#254 = EDGE_LOOP ( 'NONE', ( #263, #267, #260 ) ) ;
#255 = ORIENTED_EDGE ( 'NONE', *, *, #256, .F. ) ;
#256 = EDGE_CURVE ( 'NONE', #244, #870, #1365, .T. ) ;
#257 = ORIENTED_EDGE ( 'NONE', *, *, #243, .T. ) ;
#258 = ADVANCED_FACE ( 'NONE', ( #1349 ), #1348, .T. ) ;
#259 = EDGE_LOOP ( 'NONE', ( #255, #257, #268, #207 ) ) ;
#260 = ORIENTED_EDGE ( 'NONE', *, *, #261, .F. ) ;
#261 = EDGE_CURVE ( 'NONE', #266, #12, #1391, .T. ) ;
#262 = ADVANCED_FACE ( 'NONE', ( #1392 ), #1389, .T. ) ;
#263 = ORIENTED_EDGE ( 'NONE', *, *, #264, .F. ) ;
#264 = EDGE_CURVE ( 'NONE', #38, #266, #1371, .T. ) ;
#265 = VERTEX_POINT ( 'NONE', #1372 ) ;
#266 = VERTEX_POINT ( 'NONE', #1373 ) ;
#267 = ORIENTED_EDGE ( 'NONE', *, *, #2, .F. ) ;
#268 = ORIENTED_EDGE ( 'NONE', *, *, #131, .F. ) ;
#269 = ORIENTED_EDGE ( 'NONE', *, *, #251, .F. ) ;
#270 = ADVANCED_FACE ( 'NONE', ( #1431 ), #1430, .T. ) ;
#271 = EDGE_LOOP ( 'NONE', ( #269, #250, #252 ) ) ;
#272 = ORIENTED_EDGE ( 'NONE', *, *, #201, .T. ) ;
#273 = ORIENTED_EDGE ( 'NONE', *, *, #50, .F. ) ;
#274 = ORIENTED_EDGE ( 'NONE', *, *, #275, .F. ) ;
#275 = EDGE_CURVE ( 'NONE', #817, #91, #1412, .T. ) ;
#276 = ADVANCED_FACE ( 'NONE', ( #1413 ), #1411, .T. ) ;
#277 = EDGE_CURVE ( 'NONE', #766, #811, #1461, .T. ) ;
#278 = EDGE_LOOP ( 'NONE', ( #273, #274, #215 ) ) ;
#279 = EDGE_LOOP ( 'NONE', ( #280, #213, #214 ) ) ;
#280 = ORIENTED_EDGE ( 'NONE', *, *, #52, .F. ) ;
#281 = ORIENTED_EDGE ( 'NONE', *, *, #90, .F. ) ;
#282 = VERTEX_POINT ( 'NONE', #1460 ) ;
#283 = ORIENTED_EDGE ( 'NONE', *, *, #284, .F. ) ;
#284 = EDGE_CURVE ( 'NONE', #245, #88, #1447, .T. ) ;
#285 = ORIENTED_EDGE ( 'NONE', *, *, #307, .T. ) ;
#286 = ORIENTED_EDGE ( 'NONE', *, *, #287, .F. ) ;
#287 = EDGE_CURVE ( 'NONE', #288, #309, #1432, .T. ) ;
#288 = VERTEX_POINT ( 'NONE', #1498 ) ;
#289 = ORIENTED_EDGE ( 'NONE', *, *, #290, .T. ) ;
#290 = EDGE_CURVE ( 'NONE', #288, #291, #1497, .T. ) ;
#291 = VERTEX_POINT ( 'NONE', #1493 ) ;
#292 = ORIENTED_EDGE ( 'NONE', *, *, #293, .T. ) ;
#293 = EDGE_CURVE ( 'NONE', #291, #305, #1491, .T. ) ;
#294 = ADVANCED_FACE ( 'NONE', ( #1492 ), #1486, .F. ) ;
#295 = EDGE_LOOP ( 'NONE', ( #296, #297, #352, #354 ) ) ;
#296 = ORIENTED_EDGE ( 'NONE', *, *, #290, .F. ) ;
#297 = ORIENTED_EDGE ( 'NONE', *, *, #298, .F. ) ;
#298 = EDGE_CURVE ( 'NONE', #299, #288, #1481, .T. ) ;
#299 = VERTEX_POINT ( 'NONE', #1477 ) ;
#300 = VERTEX_POINT ( 'NONE', #1476 ) ;
#301 = EDGE_CURVE ( 'NONE', #305, #157, #1475, .T. ) ;
#302 = ADVANCED_FACE ( 'NONE', ( #1471 ), #1470, .T. ) ;
#303 = ORIENTED_EDGE ( 'NONE', *, *, #301, .T. ) ;
#304 = EDGE_CURVE ( 'NONE', #309, #305, #1469, .T. ) ;
#305 = VERTEX_POINT ( 'NONE', #1527 ) ;
#306 = ORIENTED_EDGE ( 'NONE', *, *, #304, .T. ) ;
#307 = EDGE_CURVE ( 'NONE', #309, #139, #1526, .T. ) ;
#308 = ORIENTED_EDGE ( 'NONE', *, *, #307, .F. ) ;
#309 = VERTEX_POINT ( 'NONE', #1522 ) ;
#310 = ORIENTED_EDGE ( 'NONE', *, *, #156, .F. ) ;
#311 = ADVANCED_FACE ( 'NONE', ( #1521 ), #1520, .F. ) ;
#312 = ORIENTED_EDGE ( 'NONE', *, *, #827, .T. ) ;
#313 = ORIENTED_EDGE ( 'NONE', *, *, #317, .T. ) ;
#314 = ADVANCED_FACE ( 'NONE', ( #1519 ), #1514, .T. ) ;
#315 = EDGE_LOOP ( 'NONE', ( #313, #312 ) ) ;
#316 = ORIENTED_EDGE ( 'NONE', *, *, #837, .T. ) ;
#317 = EDGE_CURVE ( 'NONE', #829, #828, #1509, .T. ) ;
#318 = ORIENTED_EDGE ( 'NONE', *, *, #317, .F. ) ;
#319 = ORIENTED_EDGE ( 'NONE', *, *, #831, .F. ) ;
#320 = EDGE_LOOP ( 'NONE', ( #896, #286, #289, #292 ) ) ;
#321 = ORIENTED_EDGE ( 'NONE', *, *, #875, .T. ) ;
#322 = EDGE_LOOP ( 'NONE', ( #310, #308, #306, #303 ) ) ;
#323 = ADVANCED_FACE ( 'NONE', ( #1504 ), #1503, .F. ) ;
#324 = EDGE_LOOP ( 'NONE', ( #380, #381, #382, #385, #388, #390 ) ) ;
#325 = ORIENTED_EDGE ( 'NONE', *, *, #326, .F. ) ;
#326 = EDGE_CURVE ( 'NONE', #821, #446, #1502, .T. ) ;
#327 = ORIENTED_EDGE ( 'NONE', *, *, #820, .F. ) ;
#328 = EDGE_LOOP ( 'NONE', ( #329, #330 ) ) ;
#329 = ORIENTED_EDGE ( 'NONE', *, *, #98, .T. ) ;
#330 = ORIENTED_EDGE ( 'NONE', *, *, #916, .T. ) ;
#331 = ADVANCED_FACE ( 'NONE', ( #1561 ), #1560, .F. ) ;
#332 = EDGE_LOOP ( 'NONE', ( #333, #334, #337, #391 ) ) ;
#333 = ORIENTED_EDGE ( 'NONE', *, *, #84, .T. ) ;
#334 = ORIENTED_EDGE ( 'NONE', *, *, #335, .F. ) ;
#335 = EDGE_CURVE ( 'NONE', #336, #100, #1555, .T. ) ;
#336 = VERTEX_POINT ( 'NONE', #1551 ) ;
#337 = ORIENTED_EDGE ( 'NONE', *, *, #338, .F. ) ;
#338 = EDGE_CURVE ( 'NONE', #339, #336, #1550, .T. ) ;
#339 = VERTEX_POINT ( 'NONE', #1546 ) ;
#340 = ORIENTED_EDGE ( 'NONE', *, *, #142, .T. ) ;
#341 = ADVANCED_FACE ( 'NONE', ( #1545 ), #1544, .T. ) ;
#342 = EDGE_LOOP ( 'NONE', ( #343, #344, #345, #346, #347, #348 ) ) ;
#343 = ORIENTED_EDGE ( 'NONE', *, *, #881, .F. ) ;
#344 = ORIENTED_EDGE ( 'NONE', *, *, #141, .F. ) ;
#345 = ORIENTED_EDGE ( 'NONE', *, *, #301, .F. ) ;
#346 = ORIENTED_EDGE ( 'NONE', *, *, #293, .F. ) ;
#347 = ORIENTED_EDGE ( 'NONE', *, *, #355, .F. ) ;
#348 = ORIENTED_EDGE ( 'NONE', *, *, #349, .T. ) ;
#349 = EDGE_CURVE ( 'NONE', #300, #882, #1538, .T. ) ;
#350 = ADVANCED_FACE ( 'NONE', ( #1531, #1534 ), #1275, .T. ) ;
#351 = EDGE_LOOP ( 'NONE', ( #325, #327 ) ) ;
#352 = ORIENTED_EDGE ( 'NONE', *, *, #353, .T. ) ;
#353 = EDGE_CURVE ( 'NONE', #299, #300, #1596, .T. ) ;
#354 = ORIENTED_EDGE ( 'NONE', *, *, #355, .T. ) ;
#355 = EDGE_CURVE ( 'NONE', #300, #291, #1592, .T. ) ;
#356 = ADVANCED_FACE ( 'NONE', ( #1588 ), #1587, .F. ) ;
#357 = EDGE_LOOP ( 'NONE', ( #358, #359, #361, #362, #285, #340 ) ) ;
#358 = ORIENTED_EDGE ( 'NONE', *, *, #117, .T. ) ;
#359 = ORIENTED_EDGE ( 'NONE', *, *, #360, .F. ) ;
#360 = EDGE_CURVE ( 'NONE', #299, #115, #1582, .T. ) ;
#361 = ORIENTED_EDGE ( 'NONE', *, *, #298, .T. ) ;
#362 = ORIENTED_EDGE ( 'NONE', *, *, #287, .T. ) ;
#363 = ORIENTED_EDGE ( 'NONE', *, *, #396, .F. ) ;
#364 = ORIENTED_EDGE ( 'NONE', *, *, #389, .F. ) ;
#365 = ORIENTED_EDGE ( 'NONE', *, *, #437, .T. ) ;
#366 = ADVANCED_FACE ( 'NONE', ( #1578 ), #1577, .F. ) ;
#367 = EDGE_LOOP ( 'NONE', ( #368, #369, #371, #372, #373 ) ) ;
#368 = ORIENTED_EDGE ( 'NONE', *, *, #102, .T. ) ;
#369 = ORIENTED_EDGE ( 'NONE', *, *, #370, .F. ) ;
#370 = EDGE_CURVE ( 'NONE', #384, #93, #1572, .T. ) ;
#371 = ORIENTED_EDGE ( 'NONE', *, *, #383, .F. ) ;
#372 = ORIENTED_EDGE ( 'NONE', *, *, #338, .T. ) ;
#373 = ORIENTED_EDGE ( 'NONE', *, *, #374, .T. ) ;
#374 = EDGE_CURVE ( 'NONE', #336, #80, #1568, .T. ) ;
#375 = ADVANCED_FACE ( 'NONE', ( #1630 ), #1629, .F. ) ;
#376 = EDGE_LOOP ( 'NONE', ( #377, #378, #438, #439 ) ) ;
#377 = ORIENTED_EDGE ( 'NONE', *, *, #92, .T. ) ;
#378 = ORIENTED_EDGE ( 'NONE', *, *, #437, .F. ) ;
#379 = ADVANCED_FACE ( 'NONE', ( #1624 ), #1623, .T. ) ;
#380 = ORIENTED_EDGE ( 'NONE', *, *, #43, .F. ) ;
#381 = ORIENTED_EDGE ( 'NONE', *, *, #392, .T. ) ;
#382 = ORIENTED_EDGE ( 'NONE', *, *, #383, .T. ) ;
#383 = EDGE_CURVE ( 'NONE', #339, #384, #1618, .T. ) ;
#384 = VERTEX_POINT ( 'NONE', #1614 ) ;
#385 = ORIENTED_EDGE ( 'NONE', *, *, #386, .T. ) ;
#386 = EDGE_CURVE ( 'NONE', #384, #387, #1613, .T. ) ;
#387 = VERTEX_POINT ( 'NONE', #1609 ) ;
#388 = ORIENTED_EDGE ( 'NONE', *, *, #389, .T. ) ;
#389 = EDGE_CURVE ( 'NONE', #387, #397, #1608, .T. ) ;
#390 = ORIENTED_EDGE ( 'NONE', *, *, #403, .T. ) ;
#391 = ORIENTED_EDGE ( 'NONE', *, *, #392, .F. ) ;
#392 = EDGE_CURVE ( 'NONE', #85, #339, #1604, .T. ) ;
#393 = ADVANCED_FACE ( 'NONE', ( #1600 ), #1598, .F. ) ;
#394 = EDGE_LOOP ( 'NONE', ( #395, #399, #401, #402 ) ) ;
#395 = ORIENTED_EDGE ( 'NONE', *, *, #396, .T. ) ;
#396 = EDGE_CURVE ( 'NONE', #397, #398, #1660, .T. ) ;
#397 = VERTEX_POINT ( 'NONE', #1656 ) ;
#398 = VERTEX_POINT ( 'NONE', #1655 ) ;
#399 = ORIENTED_EDGE ( 'NONE', *, *, #400, .F. ) ;
#400 = EDGE_CURVE ( 'NONE', #47, #398, #1654, .T. ) ;
#401 = ORIENTED_EDGE ( 'NONE', *, *, #46, .T. ) ;
#402 = ORIENTED_EDGE ( 'NONE', *, *, #403, .F. ) ;
#403 = EDGE_CURVE ( 'NONE', #397, #44, #1650, .T. ) ;
#404 = ORIENTED_EDGE ( 'NONE', *, *, #729, .F. ) ;
#405 = ORIENTED_EDGE ( 'NONE', *, *, #475, .T. ) ;
#406 = ADVANCED_FACE ( 'NONE', ( #1646 ), #1645, .F. ) ;
#407 = EDGE_LOOP ( 'NONE', ( #461, #462, #463, #464 ) ) ;
#408 = EDGE_CURVE ( 'NONE', #409, #434, #1640, .T. ) ;
#409 = VERTEX_POINT ( 'NONE', #1636 ) ;
#410 = ORIENTED_EDGE ( 'NONE', *, *, #411, .T. ) ;
#411 = EDGE_CURVE ( 'NONE', #501, #412, #1635, .T. ) ;
#412 = VERTEX_POINT ( 'NONE', #1696 ) ;
#413 = ORIENTED_EDGE ( 'NONE', *, *, #414, .T. ) ;
#414 = EDGE_CURVE ( 'NONE', #412, #415, #1695, .T. ) ;
#415 = VERTEX_POINT ( 'NONE', #1690 ) ;
#416 = ORIENTED_EDGE ( 'NONE', *, *, #707, .F. ) ;
#417 = ORIENTED_EDGE ( 'NONE', *, *, #503, .T. ) ;
#418 = ADVANCED_FACE ( 'NONE', ( #1689 ), #1688, .F. ) ;
#419 = EDGE_LOOP ( 'NONE', ( #420, #421, #423, #424 ) ) ;
#420 = ORIENTED_EDGE ( 'NONE', *, *, #449, .T. ) ;
#421 = ORIENTED_EDGE ( 'NONE', *, *, #422, .F. ) ;
#422 = EDGE_CURVE ( 'NONE', #711, #433, #1683, .T. ) ;
#423 = ORIENTED_EDGE ( 'NONE', *, *, #710, .F. ) ;
#424 = ORIENTED_EDGE ( 'NONE', *, *, #511, .T. ) ;
#425 = ADVANCED_FACE ( 'NONE', ( #1679 ), #1678, .F. ) ;
#426 = EDGE_LOOP ( 'NONE', ( #427, #428, #476, #477 ) ) ;
#427 = ORIENTED_EDGE ( 'NONE', *, *, #432, .T. ) ;
#428 = ORIENTED_EDGE ( 'NONE', *, *, #475, .F. ) ;
#429 = ORIENTED_EDGE ( 'NONE', *, *, #430, .F. ) ;
#430 = EDGE_CURVE ( 'NONE', #435, #409, #1673, .T. ) ;
#431 = ORIENTED_EDGE ( 'NONE', *, *, #432, .F. ) ;
#432 = EDGE_CURVE ( 'NONE', #433, #514, #1669, .T. ) ;
#433 = VERTEX_POINT ( 'NONE', #1665 ) ;
#434 = VERTEX_POINT ( 'NONE', #1664 ) ;
#435 = VERTEX_POINT ( 'NONE', #1727 ) ;
#436 = ORIENTED_EDGE ( 'NONE', *, *, #408, .F. ) ;
#437 = EDGE_CURVE ( 'NONE', #387, #803, #1726, .T. ) ;
#438 = ORIENTED_EDGE ( 'NONE', *, *, #386, .F. ) ;
#439 = ORIENTED_EDGE ( 'NONE', *, *, #370, .T. ) ;
#440 = ADVANCED_FACE ( 'NONE', ( #1722 ), #1721, .F. ) ;
#441 = EDGE_LOOP ( 'NONE', ( #442, #443, #363, #364, #365 ) ) ;
#442 = ORIENTED_EDGE ( 'NONE', *, *, #802, .T. ) ;
#443 = ORIENTED_EDGE ( 'NONE', *, *, #444, .F. ) ;
#444 = EDGE_CURVE ( 'NONE', #398, #800, #1716, .T. ) ;
#445 = EDGE_CURVE ( 'NONE', #521, #446, #1712, .T. ) ;
#446 = VERTEX_POINT ( 'NONE', #1708 ) ;
#447 = ORIENTED_EDGE ( 'NONE', *, *, #820, .T. ) ;
#448 = ORIENTED_EDGE ( 'NONE', *, *, #449, .F. ) ;
#449 = EDGE_CURVE ( 'NONE', #450, #433, #1707, .T. ) ;
#450 = VERTEX_POINT ( 'NONE', #1703 ) ;
#451 = ORIENTED_EDGE ( 'NONE', *, *, #452, .F. ) ;
#452 = EDGE_CURVE ( 'NONE', #434, #450, #1702, .T. ) ;
#453 = EDGE_LOOP ( 'NONE', ( #454, #455 ) ) ;
#454 = ORIENTED_EDGE ( 'NONE', *, *, #681, .T. ) ;
#455 = ORIENTED_EDGE ( 'NONE', *, *, #456, .T. ) ;
#456 = EDGE_CURVE ( 'NONE', #757, #682, #1698, .T. ) ;
#457 = ADVANCED_FACE ( 'NONE', ( #1758 ), #1757, .F. ) ;
#458 = EDGE_LOOP ( 'NONE', ( #459, #460, #504, #505 ) ) ;
#459 = ORIENTED_EDGE ( 'NONE', *, *, #408, .T. ) ;
#460 = ORIENTED_EDGE ( 'NONE', *, *, #503, .F. ) ;
#461 = ORIENTED_EDGE ( 'NONE', *, *, #430, .T. ) ;
#462 = ORIENTED_EDGE ( 'NONE', *, *, #506, .F. ) ;
#463 = ORIENTED_EDGE ( 'NONE', *, *, #732, .F. ) ;
#464 = ORIENTED_EDGE ( 'NONE', *, *, #482, .T. ) ;
#465 = ADVANCED_FACE ( 'NONE', ( #1752 ), #1751, .F. ) ;
#466 = EDGE_LOOP ( 'NONE', ( #467, #468, #469, #470 ) ) ;
#467 = ORIENTED_EDGE ( 'NONE', *, *, #756, .F. ) ;
#468 = ORIENTED_EDGE ( 'NONE', *, *, #736, .T. ) ;
#469 = ORIENTED_EDGE ( 'NONE', *, *, #684, .T. ) ;
#470 = ORIENTED_EDGE ( 'NONE', *, *, #456, .F. ) ;
#471 = MANIFOLD_SOLID_BREP ( 'NONE', #712 ) ;
#472 = ADVANCED_FACE ( 'NONE', ( #1750 ), #1745, .T. ) ;
#473 = CLOSED_SHELL ( 'NONE', ( #418, #737, #507, #425, #685, #465, #700, #478, #406, #457 ) ) ;
#474 = EDGE_LOOP ( 'NONE', ( #499, #410, #413, #515 ) ) ;
#475 = EDGE_CURVE ( 'NONE', #727, #514, #1744, .T. ) ;
#476 = ORIENTED_EDGE ( 'NONE', *, *, #726, .F. ) ;
#477 = ORIENTED_EDGE ( 'NONE', *, *, #422, .T. ) ;
#478 = ADVANCED_FACE ( 'NONE', ( #1736 ), #1735, .F. ) ;
#479 = EDGE_LOOP ( 'NONE', ( #480, #481, #404, #405 ) ) ;
#480 = ORIENTED_EDGE ( 'NONE', *, *, #513, .T. ) ;
#481 = ORIENTED_EDGE ( 'NONE', *, *, #482, .F. ) ;
#482 = EDGE_CURVE ( 'NONE', #730, #435, #1730, .T. ) ;
#483 = ADVANCED_FACE ( 'NONE', ( #1795 ), #1794, .F. ) ;
#484 = EDGE_LOOP ( 'NONE', ( #485, #543, #545, #546 ) ) ;
#485 = ORIENTED_EDGE ( 'NONE', *, *, #799, .T. ) ;
#486 = ADVANCED_FACE ( 'NONE', ( #1789 ), #1788, .T. ) ;
#487 = EDGE_LOOP ( 'NONE', ( #488, #489, #490, #493, #496, #498, #555, #556 ) ) ;
#488 = ORIENTED_EDGE ( 'NONE', *, *, #120, .F. ) ;
#489 = ORIENTED_EDGE ( 'NONE', *, *, #400, .T. ) ;
#490 = ORIENTED_EDGE ( 'NONE', *, *, #491, .T. ) ;
#491 = EDGE_CURVE ( 'NONE', #398, #492, #1783, .T. ) ;
#492 = VERTEX_POINT ( 'NONE', #1779 ) ;
#493 = ORIENTED_EDGE ( 'NONE', *, *, #494, .T. ) ;
#494 = EDGE_CURVE ( 'NONE', #492, #495, #1778, .T. ) ;
#495 = VERTEX_POINT ( 'NONE', #1774 ) ;
#496 = ORIENTED_EDGE ( 'NONE', *, *, #497, .T. ) ;
#497 = EDGE_CURVE ( 'NONE', #495, #336, #1773, .T. ) ;
#498 = ORIENTED_EDGE ( 'NONE', *, *, #335, .T. ) ;
#499 = ORIENTED_EDGE ( 'NONE', *, *, #500, .F. ) ;
#500 = EDGE_CURVE ( 'NONE', #501, #502, #1769, .T. ) ;
#501 = VERTEX_POINT ( 'NONE', #1764 ) ;
#502 = VERTEX_POINT ( 'NONE', #1763 ) ;
#503 = EDGE_CURVE ( 'NONE', #705, #434, #1828, .T. ) ;
#504 = ORIENTED_EDGE ( 'NONE', *, *, #688, .F. ) ;
#505 = ORIENTED_EDGE ( 'NONE', *, *, #506, .T. ) ;
#506 = EDGE_CURVE ( 'NONE', #689, #409, #1824, .T. ) ;
#507 = ADVANCED_FACE ( 'NONE', ( #1820 ), #1819, .F. ) ;
#508 = EDGE_LOOP ( 'NONE', ( #509, #510, #416, #417 ) ) ;
#509 = ORIENTED_EDGE ( 'NONE', *, *, #452, .T. ) ;
#510 = ORIENTED_EDGE ( 'NONE', *, *, #511, .F. ) ;
#511 = EDGE_CURVE ( 'NONE', #708, #450, #1814, .T. ) ;
#512 = ORIENTED_EDGE ( 'NONE', *, *, #513, .F. ) ;
#513 = EDGE_CURVE ( 'NONE', #514, #435, #1810, .T. ) ;
#514 = VERTEX_POINT ( 'NONE', #1806 ) ;
#515 = ORIENTED_EDGE ( 'NONE', *, *, #516, .F. ) ;
#516 = EDGE_CURVE ( 'NONE', #502, #415, #1805, .T. ) ;
#517 = ADVANCED_FACE ( 'NONE', ( #1801 ), #1797, .F. ) ;
#518 = EDGE_LOOP ( 'NONE', ( #519, #523, #447, #822 ) ) ;
#519 = ORIENTED_EDGE ( 'NONE', *, *, #520, .F. ) ;
#520 = EDGE_CURVE ( 'NONE', #521, #522, #1858, .T. ) ;
#521 = VERTEX_POINT ( 'NONE', #1853 ) ;
#522 = VERTEX_POINT ( 'NONE', #1852 ) ;
#523 = ORIENTED_EDGE ( 'NONE', *, *, #445, .T. ) ;
#524 = ORIENTED_EDGE ( 'NONE', *, *, #525, .F. ) ;
#525 = EDGE_CURVE ( 'NONE', #526, #601, #1851, .T. ) ;
#526 = VERTEX_POINT ( 'NONE', #1847 ) ;
#527 = ORIENTED_EDGE ( 'NONE', *, *, #528, .F. ) ;
#528 = EDGE_CURVE ( 'NONE', #529, #526, #1846, .T. ) ;
#529 = VERTEX_POINT ( 'NONE', #1842 ) ;
#530 = ORIENTED_EDGE ( 'NONE', *, *, #580, .F. ) ;
#531 = ORIENTED_EDGE ( 'NONE', *, *, #544, .T. ) ;
#532 = ADVANCED_FACE ( 'NONE', ( #1841 ), #1840, .F. ) ;
#533 = EDGE_LOOP ( 'NONE', ( #534, #535, #536, #537 ) ) ;
#534 = ORIENTED_EDGE ( 'NONE', *, *, #104, .T. ) ;
#535 = ORIENTED_EDGE ( 'NONE', *, *, #374, .F. ) ;
#536 = ORIENTED_EDGE ( 'NONE', *, *, #497, .F. ) ;
#537 = ORIENTED_EDGE ( 'NONE', *, *, #553, .T. ) ;
#538 = ADVANCED_FACE ( 'NONE', ( #1839 ), #1833, .F. ) ;
#539 = EDGE_LOOP ( 'NONE', ( #540, #541, #595, #596 ) ) ;
#540 = ORIENTED_EDGE ( 'NONE', *, *, #445, .F. ) ;
#541 = ORIENTED_EDGE ( 'NONE', *, *, #542, .F. ) ;
#542 = EDGE_CURVE ( 'NONE', #522, #521, #1829, .T. ) ;
#543 = ORIENTED_EDGE ( 'NONE', *, *, #544, .F. ) ;
#544 = EDGE_CURVE ( 'NONE', #492, #885, #1888, .T. ) ;
#545 = ORIENTED_EDGE ( 'NONE', *, *, #491, .F. ) ;
#546 = ORIENTED_EDGE ( 'NONE', *, *, #444, .T. ) ;
#547 = ADVANCED_FACE ( 'NONE', ( #1884 ), #1883, .F. ) ;
#548 = EDGE_LOOP ( 'NONE', ( #549, #550, #551, #552, #554, #531 ) ) ;
#549 = ORIENTED_EDGE ( 'NONE', *, *, #884, .T. ) ;
#550 = ORIENTED_EDGE ( 'NONE', *, *, #562, .T. ) ;
#551 = ORIENTED_EDGE ( 'NONE', *, *, #114, .T. ) ;
#552 = ORIENTED_EDGE ( 'NONE', *, *, #553, .F. ) ;
#553 = EDGE_CURVE ( 'NONE', #495, #105, #1878, .T. ) ;
#554 = ORIENTED_EDGE ( 'NONE', *, *, #494, .F. ) ;
#555 = ORIENTED_EDGE ( 'NONE', *, *, #82, .F. ) ;
#556 = ORIENTED_EDGE ( 'NONE', *, *, #844, .F. ) ;
#557 = ADVANCED_FACE ( 'NONE', ( #1874 ), #1873, .F. ) ;
#558 = EDGE_LOOP ( 'NONE', ( #559, #560, #561, #563 ) ) ;
#559 = ORIENTED_EDGE ( 'NONE', *, *, #353, .F. ) ;
#560 = ORIENTED_EDGE ( 'NONE', *, *, #360, .T. ) ;
#561 = ORIENTED_EDGE ( 'NONE', *, *, #562, .F. ) ;
#562 = EDGE_CURVE ( 'NONE', #882, #115, #1868, .T. ) ;
#563 = ORIENTED_EDGE ( 'NONE', *, *, #349, .F. ) ;
#564 = ORIENTED_EDGE ( 'NONE', *, *, #640, .F. ) ;
#565 = ORIENTED_EDGE ( 'NONE', *, *, #566, .F. ) ;
#566 = EDGE_CURVE ( 'NONE', #589, #638, #1864, .T. ) ;
#567 = ORIENTED_EDGE ( 'NONE', *, *, #588, .T. ) ;
#568 = EDGE_CURVE ( 'NONE', #592, #601, #1927, .T. ) ;
#569 = ADVANCED_FACE ( 'NONE', ( #1923 ), #1922, .F. ) ;
#570 = ORIENTED_EDGE ( 'NONE', *, *, #525, .T. ) ;
#571 = ORIENTED_EDGE ( 'NONE', *, *, #568, .F. ) ;
#572 = ORIENTED_EDGE ( 'NONE', *, *, #573, .F. ) ;
#573 = EDGE_CURVE ( 'NONE', #574, #592, #1917, .T. ) ;
#574 = VERTEX_POINT ( 'NONE', #1913 ) ;
#575 = ORIENTED_EDGE ( 'NONE', *, *, #576, .T. ) ;
#576 = EDGE_CURVE ( 'NONE', #574, #526, #1912, .T. ) ;
#577 = ADVANCED_FACE ( 'NONE', ( #1908 ), #1907, .F. ) ;
#578 = EDGE_LOOP ( 'NONE', ( #579, #635, #636, #639 ) ) ;
#579 = ORIENTED_EDGE ( 'NONE', *, *, #528, .T. ) ;
#580 = EDGE_CURVE ( 'NONE', #602, #529, #1902, .T. ) ;
#581 = EDGE_LOOP ( 'NONE', ( #582, #583 ) ) ;
#582 = ORIENTED_EDGE ( 'NONE', *, *, #542, .T. ) ;
#583 = ORIENTED_EDGE ( 'NONE', *, *, #520, .T. ) ;
#584 = ADVANCED_FACE ( 'NONE', ( #1898 ), #1897, .F. ) ;
#585 = EDGE_LOOP ( 'NONE', ( #586, #587, #590, #593 ) ) ;
#586 = ORIENTED_EDGE ( 'NONE', *, *, #600, .T. ) ;
#587 = ORIENTED_EDGE ( 'NONE', *, *, #588, .F. ) ;
#588 = EDGE_CURVE ( 'NONE', #589, #602, #1959, .T. ) ;
#589 = VERTEX_POINT ( 'NONE', #1955 ) ;
#590 = ORIENTED_EDGE ( 'NONE', *, *, #591, .F. ) ;
#591 = EDGE_CURVE ( 'NONE', #592, #589, #1954, .T. ) ;
#592 = VERTEX_POINT ( 'NONE', #1950 ) ;
#593 = ORIENTED_EDGE ( 'NONE', *, *, #568, .T. ) ;
#594 = EDGE_LOOP ( 'NONE', ( #570, #571, #572, #575 ) ) ;
#595 = ORIENTED_EDGE ( 'NONE', *, *, #823, .T. ) ;
#596 = ORIENTED_EDGE ( 'NONE', *, *, #326, .T. ) ;
#597 = ADVANCED_FACE ( 'NONE', ( #1949, #1948 ), #1947, .T. ) ;
#598 = EDGE_LOOP ( 'NONE', ( #599, #524, #527, #530 ) ) ;
#599 = ORIENTED_EDGE ( 'NONE', *, *, #600, .F. ) ;
#600 = EDGE_CURVE ( 'NONE', #601, #602, #1942, .T. ) ;
#601 = VERTEX_POINT ( 'NONE', #1938 ) ;
#602 = VERTEX_POINT ( 'NONE', #1937 ) ;
#603 = VERTEX_POINT ( 'NONE', #1936 ) ;
#604 = ORIENTED_EDGE ( 'NONE', *, *, #605, .T. ) ;
#605 = EDGE_CURVE ( 'NONE', #603, #901, #1935, .T. ) ;
#606 = ORIENTED_EDGE ( 'NONE', *, *, #899, .F. ) ;
#607 = ORIENTED_EDGE ( 'NONE', *, *, #608, .F. ) ;
#608 = EDGE_CURVE ( 'NONE', #674, #900, #1931, .T. ) ;
#609 = ORIENTED_EDGE ( 'NONE', *, *, #673, .T. ) ;
#610 = EDGE_CURVE ( 'NONE', #853, #633, #1994, .T. ) ;
#611 = ORIENTED_EDGE ( 'NONE', *, *, #851, .F. ) ;
#612 = ORIENTED_EDGE ( 'NONE', *, *, #613, .F. ) ;
#613 = EDGE_CURVE ( 'NONE', #614, #852, #1990, .T. ) ;
#614 = VERTEX_POINT ( 'NONE', #1986 ) ;
#615 = ORIENTED_EDGE ( 'NONE', *, *, #616, .F. ) ;
#616 = EDGE_CURVE ( 'NONE', #907, #614, #1985, .T. ) ;
#617 = ADVANCED_FACE ( 'NONE', ( #1981 ), #1980, .F. ) ;
#618 = EDGE_LOOP ( 'NONE', ( #619, #620, #621, #675 ) ) ;
#619 = ORIENTED_EDGE ( 'NONE', *, *, #613, .T. ) ;
#620 = ORIENTED_EDGE ( 'NONE', *, *, #861, .F. ) ;
#621 = ORIENTED_EDGE ( 'NONE', *, *, #673, .F. ) ;
#622 = ADVANCED_FACE ( 'NONE', ( #1975 ), #1974, .F. ) ;
#623 = EDGE_LOOP ( 'NONE', ( #624, #625, #626, #627 ) ) ;
#624 = ORIENTED_EDGE ( 'NONE', *, *, #591, .T. ) ;
#625 = ORIENTED_EDGE ( 'NONE', *, *, #566, .T. ) ;
#626 = ORIENTED_EDGE ( 'NONE', *, *, #637, .T. ) ;
#627 = ORIENTED_EDGE ( 'NONE', *, *, #573, .T. ) ;
#628 = ADVANCED_FACE ( 'NONE', ( #1969 ), #1968, .F. ) ;
#629 = EDGE_LOOP ( 'NONE', ( #630, #631, #634, #611, #612, #615 ) ) ;
#630 = ORIENTED_EDGE ( 'NONE', *, *, #906, .T. ) ;
#631 = ORIENTED_EDGE ( 'NONE', *, *, #632, .F. ) ;
#632 = EDGE_CURVE ( 'NONE', #633, #904, #1963, .T. ) ;
#633 = VERTEX_POINT ( 'NONE', #2028 ) ;
#634 = ORIENTED_EDGE ( 'NONE', *, *, #610, .F. ) ;
#635 = ORIENTED_EDGE ( 'NONE', *, *, #576, .F. ) ;
#636 = ORIENTED_EDGE ( 'NONE', *, *, #637, .F. ) ;
#637 = EDGE_CURVE ( 'NONE', #638, #574, #2027, .T. ) ;
#638 = VERTEX_POINT ( 'NONE', #2023 ) ;
#639 = ORIENTED_EDGE ( 'NONE', *, *, #640, .T. ) ;
#640 = EDGE_CURVE ( 'NONE', #638, #529, #2022, .T. ) ;
#641 = ADVANCED_FACE ( 'NONE', ( #2018 ), #2017, .F. ) ;
#642 = EDGE_LOOP ( 'NONE', ( #643, #564, #565, #567 ) ) ;
#643 = ORIENTED_EDGE ( 'NONE', *, *, #580, .T. ) ;
#644 = EDGE_LOOP ( 'NONE', ( #645, #646, #647, #648 ) ) ;
#645 = ORIENTED_EDGE ( 'NONE', *, *, #680, .T. ) ;
#646 = ORIENTED_EDGE ( 'NONE', *, *, #855, .T. ) ;
#647 = ORIENTED_EDGE ( 'NONE', *, *, #610, .T. ) ;
#648 = ORIENTED_EDGE ( 'NONE', *, *, #716, .T. ) ;
#649 = EDGE_CURVE ( 'NONE', #415, #412, #2012, .T. ) ;
#650 = ADVANCED_FACE ( 'NONE', ( #2007, #2006 ), #2005, .F. ) ;
#651 = ORIENTED_EDGE ( 'NONE', *, *, #616, .T. ) ;
#652 = ORIENTED_EDGE ( 'NONE', *, *, #676, .T. ) ;
#653 = ORIENTED_EDGE ( 'NONE', *, *, #608, .T. ) ;
#654 = ORIENTED_EDGE ( 'NONE', *, *, #909, .T. ) ;
#655 = EDGE_LOOP ( 'NONE', ( #656, #657 ) ) ;
#656 = ORIENTED_EDGE ( 'NONE', *, *, #649, .F. ) ;
#657 = ORIENTED_EDGE ( 'NONE', *, *, #414, .F. ) ;
#658 = ADVANCED_FACE ( 'NONE', ( #2000 ), #1999, .F. ) ;
#659 = EDGE_LOOP ( 'NONE', ( #713, #714, #715, #717 ) ) ;
#660 = ORIENTED_EDGE ( 'NONE', *, *, #858, .F. ) ;
#661 = ADVANCED_FACE ( 'NONE', ( #2060 ), #2059, .T. ) ;
#662 = EDGE_LOOP ( 'NONE', ( #663, #665 ) ) ;
#663 = ORIENTED_EDGE ( 'NONE', *, *, #664, .T. ) ;
#664 = EDGE_CURVE ( 'NONE', #502, #501, #2054, .T. ) ;
#665 = ORIENTED_EDGE ( 'NONE', *, *, #500, .T. ) ;
#666 = ADVANCED_FACE ( 'NONE', ( #2049 ), #2048, .T. ) ;
#667 = EDGE_LOOP ( 'NONE', ( #668, #669, #670, #671 ) ) ;
#668 = ORIENTED_EDGE ( 'NONE', *, *, #411, .F. ) ;
#669 = ORIENTED_EDGE ( 'NONE', *, *, #664, .F. ) ;
#670 = ORIENTED_EDGE ( 'NONE', *, *, #516, .T. ) ;
#671 = ORIENTED_EDGE ( 'NONE', *, *, #649, .T. ) ;
#672 = EDGE_LOOP ( 'NONE', ( #651, #652, #653, #654 ) ) ;
#673 = EDGE_CURVE ( 'NONE', #674, #859, #2043, .T. ) ;
#674 = VERTEX_POINT ( 'NONE', #2039 ) ;
#675 = ORIENTED_EDGE ( 'NONE', *, *, #676, .F. ) ;
#676 = EDGE_CURVE ( 'NONE', #614, #674, #2038, .T. ) ;
#677 = ADVANCED_FACE ( 'NONE', ( #2034 ), #2033, .F. ) ;
#678 = EDGE_LOOP ( 'NONE', ( #679, #604, #606, #607, #609, #660 ) ) ;
#679 = ORIENTED_EDGE ( 'NONE', *, *, #680, .F. ) ;
#680 = EDGE_CURVE ( 'NONE', #603, #856, #2096, .T. ) ;
#681 = EDGE_CURVE ( 'NONE', #682, #757, #2092, .T. ) ;
#682 = VERTEX_POINT ( 'NONE', #2087 ) ;
#683 = ORIENTED_EDGE ( 'NONE', *, *, #684, .F. ) ;
#684 = EDGE_CURVE ( 'NONE', #704, #682, #2086, .T. ) ;
#685 = ADVANCED_FACE ( 'NONE', ( #2082, #2081 ), #2080, .F. ) ;
#686 = EDGE_LOOP ( 'NONE', ( #687, #706, #709, #725, #728, #731 ) ) ;
#687 = ORIENTED_EDGE ( 'NONE', *, *, #688, .T. ) ;
#688 = EDGE_CURVE ( 'NONE', #689, #705, #2075, .T. ) ;
#689 = VERTEX_POINT ( 'NONE', #2071 ) ;
#690 = ORIENTED_EDGE ( 'NONE', *, *, #748, .F. ) ;
#691 = ORIENTED_EDGE ( 'NONE', *, *, #744, .T. ) ;
#692 = ORIENTED_EDGE ( 'NONE', *, *, #772, .T. ) ;
#693 = ADVANCED_FACE ( 'NONE', ( #2070 ), #2069, .F. ) ;
#694 = EDGE_LOOP ( 'NONE', ( #695, #696, #697, #698 ) ) ;
#695 = ORIENTED_EDGE ( 'NONE', *, *, #782, .F. ) ;
#696 = ORIENTED_EDGE ( 'NONE', *, *, #768, .T. ) ;
#697 = ORIENTED_EDGE ( 'NONE', *, *, #788, .T. ) ;
#698 = ORIENTED_EDGE ( 'NONE', *, *, #777, .F. ) ;
#699 = MANIFOLD_SOLID_BREP ( 'NONE', #473 ) ;
#700 = ADVANCED_FACE ( 'NONE', ( #2127 ), #2126, .F. ) ;
#701 = CLOSED_SHELL ( 'NONE', ( #789, #769, #778, #745, #693, #719 ) ) ;
#702 = EDGE_LOOP ( 'NONE', ( #703, #755, #758, #683 ) ) ;
#703 = ORIENTED_EDGE ( 'NONE', *, *, #753, .T. ) ;
#704 = VERTEX_POINT ( 'NONE', #2121 ) ;
#705 = VERTEX_POINT ( 'NONE', #2120 ) ;
#706 = ORIENTED_EDGE ( 'NONE', *, *, #707, .T. ) ;
#707 = EDGE_CURVE ( 'NONE', #705, #708, #2119, .T. ) ;
#708 = VERTEX_POINT ( 'NONE', #2115 ) ;
#709 = ORIENTED_EDGE ( 'NONE', *, *, #710, .T. ) ;
#710 = EDGE_CURVE ( 'NONE', #708, #711, #2114, .T. ) ;
#711 = VERTEX_POINT ( 'NONE', #2110 ) ;
#712 = CLOSED_SHELL ( 'NONE', ( #658, #628, #897, #677, #718, #650, #617, #910, #472, #666, #132, #276, #862, #220, #166, #661, #258, #228, #121, #375, #440, #532, #26, #143, #483, #341, #366, #547, #356, #159, #168, #838, #196, #262, #40, #208, #53, #206, #270, #379, #393, #486, #302, #294, #557, #311, #331, #173, #222, #192, #170, #227, #94, #914, #824, #323, #350, #314, #538, #517, #597, #577, #641, #569, #584, #622 ) ) ;
#713 = ORIENTED_EDGE ( 'NONE', *, *, #903, .T. ) ;
#714 = ORIENTED_EDGE ( 'NONE', *, *, #605, .F. ) ;
#715 = ORIENTED_EDGE ( 'NONE', *, *, #716, .F. ) ;
#716 = EDGE_CURVE ( 'NONE', #633, #603, #2109, .T. ) ;
#717 = ORIENTED_EDGE ( 'NONE', *, *, #632, .T. ) ;
#718 = ADVANCED_FACE ( 'NONE', ( #2105 ), #2104, .F. ) ;
#719 = ADVANCED_FACE ( 'NONE', ( #2099 ), #2097, .F. ) ;
#720 = EDGE_LOOP ( 'NONE', ( #721, #781, #784, #787 ) ) ;
#721 = ORIENTED_EDGE ( 'NONE', *, *, #722, .T. ) ;
#722 = EDGE_CURVE ( 'NONE', #723, #724, #2159, .T. ) ;
#723 = VERTEX_POINT ( 'NONE', #2151 ) ;
#724 = VERTEX_POINT ( 'NONE', #2150 ) ;
#725 = ORIENTED_EDGE ( 'NONE', *, *, #726, .T. ) ;
#726 = EDGE_CURVE ( 'NONE', #711, #727, #2149, .T. ) ;
#727 = VERTEX_POINT ( 'NONE', #2145 ) ;
#728 = ORIENTED_EDGE ( 'NONE', *, *, #729, .T. ) ;
#729 = EDGE_CURVE ( 'NONE', #727, #730, #2144, .T. ) ;
#730 = VERTEX_POINT ( 'NONE', #2140 ) ;
#731 = ORIENTED_EDGE ( 'NONE', *, *, #732, .T. ) ;
#732 = EDGE_CURVE ( 'NONE', #730, #689, #2139, .T. ) ;
#733 = EDGE_LOOP ( 'NONE', ( #734, #735 ) ) ;
#734 = ORIENTED_EDGE ( 'NONE', *, *, #753, .F. ) ;
#735 = ORIENTED_EDGE ( 'NONE', *, *, #736, .F. ) ;
#736 = EDGE_CURVE ( 'NONE', #754, #704, #2135, .T. ) ;
#737 = ADVANCED_FACE ( 'NONE', ( #2130, #2129 ), #2128, .T. ) ;
#738 = EDGE_LOOP ( 'NONE', ( #436, #429, #512, #431, #448, #451 ) ) ;
#739 = VERTEX_POINT ( 'NONE', #2188 ) ;
#740 = ORIENTED_EDGE ( 'NONE', *, *, #741, .T. ) ;
#741 = EDGE_CURVE ( 'NONE', #739, #742, #2187, .T. ) ;
#742 = VERTEX_POINT ( 'NONE', #2182 ) ;
#743 = ORIENTED_EDGE ( 'NONE', *, *, #744, .F. ) ;
#744 = EDGE_CURVE ( 'NONE', #794, #742, #2181, .T. ) ;
#745 = ADVANCED_FACE ( 'NONE', ( #2177, #2176 ), #2175, .T. ) ;
#746 = EDGE_LOOP ( 'NONE', ( #747, #749 ) ) ;
#747 = ORIENTED_EDGE ( 'NONE', *, *, #748, .T. ) ;
#748 = EDGE_CURVE ( 'NONE', #794, #793, #2170, .T. ) ;
#749 = ORIENTED_EDGE ( 'NONE', *, *, #792, .T. ) ;
#750 = EDGE_LOOP ( 'NONE', ( #751, #752 ) ) ;
#751 = ORIENTED_EDGE ( 'NONE', *, *, #722, .F. ) ;
#752 = ORIENTED_EDGE ( 'NONE', *, *, #768, .F. ) ;
#753 = EDGE_CURVE ( 'NONE', #704, #754, #2165, .T. ) ;
#754 = VERTEX_POINT ( 'NONE', #2160 ) ;
#755 = ORIENTED_EDGE ( 'NONE', *, *, #756, .T. ) ;
#756 = EDGE_CURVE ( 'NONE', #754, #757, #2228, .T. ) ;
#757 = VERTEX_POINT ( 'NONE', #2224 ) ;
#758 = ORIENTED_EDGE ( 'NONE', *, *, #681, .F. ) ;
#759 = VERTEX_POINT ( 'NONE', #2223 ) ;
#760 = VERTEX_POINT ( 'NONE', #2222 ) ;
#761 = ORIENTED_EDGE ( 'NONE', *, *, #762, .T. ) ;
#762 = EDGE_CURVE ( 'NONE', #759, #763, #2221, .T. ) ;
#763 = VERTEX_POINT ( 'NONE', #2216 ) ;
#764 = ORIENTED_EDGE ( 'NONE', *, *, #765, .F. ) ;
#765 = EDGE_CURVE ( 'NONE', #766, #763, #2214, .T. ) ;
#766 = VERTEX_POINT ( 'NONE', #2215 ) ;
#767 = EDGE_LOOP ( 'NONE', ( #915, #919, #843, #846 ) ) ;
#768 = EDGE_CURVE ( 'NONE', #724, #723, #2209, .T. ) ;
#769 = ADVANCED_FACE ( 'NONE', ( #2204, #2203 ), #2202, .F. ) ;
#770 = EDGE_LOOP ( 'NONE', ( #771, #773 ) ) ;
#771 = ORIENTED_EDGE ( 'NONE', *, *, #772, .F. ) ;
#772 = EDGE_CURVE ( 'NONE', #742, #739, #2197, .T. ) ;
#773 = ORIENTED_EDGE ( 'NONE', *, *, #741, .F. ) ;
#774 = EDGE_LOOP ( 'NONE', ( #775, #776 ) ) ;
#775 = ORIENTED_EDGE ( 'NONE', *, *, #785, .T. ) ;
#776 = ORIENTED_EDGE ( 'NONE', *, *, #777, .T. ) ;
#777 = EDGE_CURVE ( 'NONE', #783, #786, #2260, .T. ) ;
#778 = ADVANCED_FACE ( 'NONE', ( #2255 ), #2254, .T. ) ;
#779 = EDGE_LOOP ( 'NONE', ( #780, #690, #691, #692 ) ) ;
#780 = ORIENTED_EDGE ( 'NONE', *, *, #796, .F. ) ;
#781 = ORIENTED_EDGE ( 'NONE', *, *, #782, .T. ) ;
#782 = EDGE_CURVE ( 'NONE', #724, #783, #2249, .T. ) ;
#783 = VERTEX_POINT ( 'NONE', #2245 ) ;
#784 = ORIENTED_EDGE ( 'NONE', *, *, #785, .F. ) ;
#785 = EDGE_CURVE ( 'NONE', #786, #783, #2244, .T. ) ;
#786 = VERTEX_POINT ( 'NONE', #2239 ) ;
#787 = ORIENTED_EDGE ( 'NONE', *, *, #788, .F. ) ;
#788 = EDGE_CURVE ( 'NONE', #723, #786, #2238, .T. ) ;
#789 = ADVANCED_FACE ( 'NONE', ( #2234 ), #2232, .T. ) ;
#790 = EDGE_LOOP ( 'NONE', ( #791, #795, #740, #743 ) ) ;
#791 = ORIENTED_EDGE ( 'NONE', *, *, #792, .F. ) ;
#792 = EDGE_CURVE ( 'NONE', #793, #794, #2291, .T. ) ;
#793 = VERTEX_POINT ( 'NONE', #2287 ) ;
#794 = VERTEX_POINT ( 'NONE', #2286 ) ;
#795 = ORIENTED_EDGE ( 'NONE', *, *, #796, .T. ) ;
#796 = EDGE_CURVE ( 'NONE', #793, #739, #2285, .T. ) ;
#797 = MANIFOLD_SOLID_BREP ( 'NONE', #701 ) ;
#798 = ORIENTED_EDGE ( 'NONE', *, *, #799, .F. ) ;
#799 = EDGE_CURVE ( 'NONE', #800, #885, #2281, .T. ) ;
#800 = VERTEX_POINT ( 'NONE', #2277 ) ;
#801 = ORIENTED_EDGE ( 'NONE', *, *, #802, .F. ) ;
#802 = EDGE_CURVE ( 'NONE', #803, #800, #2276, .T. ) ;
#803 = VERTEX_POINT ( 'NONE', #2272 ) ;
#804 = ORIENTED_EDGE ( 'NONE', *, *, #92, .F. ) ;
#805 = ORIENTED_EDGE ( 'NONE', *, *, #806, .T. ) ;
#806 = EDGE_CURVE ( 'NONE', #807, #808, #2271, .T. ) ;
#807 = VERTEX_POINT ( 'NONE', #2267 ) ;
#808 = VERTEX_POINT ( 'NONE', #2266 ) ;
#809 = ORIENTED_EDGE ( 'NONE', *, *, #810, .T. ) ;
#810 = EDGE_CURVE ( 'NONE', #808, #811, #2265, .T. ) ;
#811 = VERTEX_POINT ( 'NONE', #2261 ) ;
#812 = ORIENTED_EDGE ( 'NONE', *, *, #813, .T. ) ;
#813 = EDGE_CURVE ( 'NONE', #811, #814, #2323, .T. ) ;
#814 = VERTEX_POINT ( 'NONE', #2324 ) ;
#815 = ORIENTED_EDGE ( 'NONE', *, *, #816, .T. ) ;
#816 = EDGE_CURVE ( 'NONE', #814, #817, #2307, .T. ) ;
#817 = VERTEX_POINT ( 'NONE', #2308 ) ;
#818 = ORIENTED_EDGE ( 'NONE', *, *, #819, .F. ) ;
#819 = EDGE_CURVE ( 'NONE', #807, #817, #2306, .T. ) ;
#820 = EDGE_CURVE ( 'NONE', #446, #821, #2352, .T. ) ;
#821 = VERTEX_POINT ( 'NONE', #2347 ) ;
#822 = ORIENTED_EDGE ( 'NONE', *, *, #823, .F. ) ;
#823 = EDGE_CURVE ( 'NONE', #522, #821, #2346, .T. ) ;
#824 = ADVANCED_FACE ( 'NONE', ( #2342 ), #2341, .F. ) ;
#825 = EDGE_LOOP ( 'NONE', ( #826, #830, #833, #836 ) ) ;
#826 = ORIENTED_EDGE ( 'NONE', *, *, #827, .F. ) ;
#827 = EDGE_CURVE ( 'NONE', #828, #829, #2340, .T. ) ;
#828 = VERTEX_POINT ( 'NONE', #2331 ) ;
#829 = VERTEX_POINT ( 'NONE', #2330 ) ;
#830 = ORIENTED_EDGE ( 'NONE', *, *, #831, .T. ) ;
#831 = EDGE_CURVE ( 'NONE', #828, #832, #2329, .T. ) ;
#832 = VERTEX_POINT ( 'NONE', #2325 ) ;
#833 = ORIENTED_EDGE ( 'NONE', *, *, #834, .T. ) ;
#834 = EDGE_CURVE ( 'NONE', #832, #835, #1799, .T. ) ;
#835 = VERTEX_POINT ( 'NONE', #2382 ) ;
#836 = ORIENTED_EDGE ( 'NONE', *, *, #837, .F. ) ;
#837 = EDGE_CURVE ( 'NONE', #829, #835, #2381, .T. ) ;
#838 = ADVANCED_FACE ( 'NONE', ( #2377 ), #2375, .T. ) ;
#839 = EDGE_LOOP ( 'NONE', ( #840, #761, #764, #912 ) ) ;
#840 = ORIENTED_EDGE ( 'NONE', *, *, #841, .F. ) ;
#841 = EDGE_CURVE ( 'NONE', #759, #760, #2370, .T. ) ;
#842 = VERTEX_POINT ( 'NONE', #2371 ) ;
#843 = ORIENTED_EDGE ( 'NONE', *, *, #844, .T. ) ;
#844 = EDGE_CURVE ( 'NONE', #842, #845, #2364, .T. ) ;
#845 = VERTEX_POINT ( 'NONE', #2359 ) ;
#846 = ORIENTED_EDGE ( 'NONE', *, *, #847, .F. ) ;
#847 = EDGE_CURVE ( 'NONE', #918, #845, #2358, .T. ) ;
#848 = EDGE_LOOP ( 'NONE', ( #898, #902, #905, #908 ) ) ;
#849 = EDGE_LOOP ( 'NONE', ( #850, #854, #857, #860 ) ) ;
#850 = ORIENTED_EDGE ( 'NONE', *, *, #851, .T. ) ;
#851 = EDGE_CURVE ( 'NONE', #852, #853, #2413, .T. ) ;
#852 = VERTEX_POINT ( 'NONE', #2409 ) ;
#853 = VERTEX_POINT ( 'NONE', #2408 ) ;
#854 = ORIENTED_EDGE ( 'NONE', *, *, #855, .F. ) ;
#855 = EDGE_CURVE ( 'NONE', #856, #853, #2407, .T. ) ;
#856 = VERTEX_POINT ( 'NONE', #2403 ) ;
#857 = ORIENTED_EDGE ( 'NONE', *, *, #858, .T. ) ;
#858 = EDGE_CURVE ( 'NONE', #856, #859, #2402, .T. ) ;
#859 = VERTEX_POINT ( 'NONE', #2398 ) ;
#860 = ORIENTED_EDGE ( 'NONE', *, *, #861, .T. ) ;
#861 = EDGE_CURVE ( 'NONE', #859, #852, #2397, .T. ) ;
#862 = ADVANCED_FACE ( 'NONE', ( #2393 ), #2392, .F. ) ;
#863 = EDGE_LOOP ( 'NONE', ( #864, #867, #868, #871, #874, #877, #880, #883, #798, #801, #804, #101, #103, #113, #116, #119, #108, #111 ) ) ;
#864 = ORIENTED_EDGE ( 'NONE', *, *, #865, .F. ) ;
#865 = EDGE_CURVE ( 'NONE', #808, #866, #2387, .T. ) ;
#866 = VERTEX_POINT ( 'NONE', #2383 ) ;
#867 = ORIENTED_EDGE ( 'NONE', *, *, #806, .F. ) ;
#868 = ORIENTED_EDGE ( 'NONE', *, *, #869, .F. ) ;
#869 = EDGE_CURVE ( 'NONE', #870, #807, #2445, .T. ) ;
#870 = VERTEX_POINT ( 'NONE', #2441 ) ;
#871 = ORIENTED_EDGE ( 'NONE', *, *, #872, .F. ) ;
#872 = EDGE_CURVE ( 'NONE', #873, #870, #2440, .T. ) ;
#873 = VERTEX_POINT ( 'NONE', #2436 ) ;
#874 = ORIENTED_EDGE ( 'NONE', *, *, #875, .F. ) ;
#875 = EDGE_CURVE ( 'NONE', #876, #873, #2435, .T. ) ;
#876 = VERTEX_POINT ( 'NONE', #2431 ) ;
#877 = ORIENTED_EDGE ( 'NONE', *, *, #879, .F. ) ;
#878 = VERTEX_POINT ( 'NONE', #2430 ) ;
#879 = EDGE_CURVE ( 'NONE', #878, #876, #2429, .T. ) ;
#880 = ORIENTED_EDGE ( 'NONE', *, *, #881, .T. ) ;
#881 = EDGE_CURVE ( 'NONE', #878, #882, #2425, .T. ) ;
#882 = VERTEX_POINT ( 'NONE', #2421 ) ;
#883 = ORIENTED_EDGE ( 'NONE', *, *, #884, .F. ) ;
#884 = EDGE_CURVE ( 'NONE', #885, #882, #2420, .T. ) ;
#885 = VERTEX_POINT ( 'NONE', #2416 ) ;
#886 = CIRCLE ( 'NONE', #953, 3.000000000000000400 ) ;
#887 = DIRECTION ( 'NONE',  ( 0.0000000000000000000, 0.0000000000000000000, 1.000000000000000000 ) ) ;
#888 = VECTOR ( 'NONE', #887, 1000.000000000000000 ) ;
#889 = CARTESIAN_POINT ( 'NONE',  ( 2.550000000000001200, 1.580348062927910500, 7.000000000000000000 ) ) ;
#890 = LINE ( 'NONE', #889, #888 ) ;
#891 = DIRECTION ( 'NONE',  ( 1.000000000000000000, 0.0000000000000000000, 0.0000000000000000000 ) ) ;
#892 = DIRECTION ( 'NONE',  ( 0.0000000000000000000, 0.0000000000000000000, 1.000000000000000000 ) ) ;
#893 = CARTESIAN_POINT ( 'NONE',  ( 0.0000000000000000000, 0.0000000000000000000, 0.0000000000000000000 ) ) ;
#894 = AXIS2_PLACEMENT_3D ( 'NONE', #893, #892, #891 ) ;
#895 = CIRCLE ( 'NONE', #894, 6.999999999999999100 ) ;
#896 = ORIENTED_EDGE ( 'NONE', *, *, #304, .F. ) ;
#897 = ADVANCED_FACE ( 'NONE', ( #2415 ), #2414, .F. ) ;
#898 = ORIENTED_EDGE ( 'NONE', *, *, #899, .T. ) ;
#899 = EDGE_CURVE ( 'NONE', #900, #901, #2476, .T. ) ;
#900 = VERTEX_POINT ( 'NONE', #2472 ) ;
#901 = VERTEX_POINT ( 'NONE', #2471 ) ;
#902 = ORIENTED_EDGE ( 'NONE', *, *, #903, .F. ) ;
#903 = EDGE_CURVE ( 'NONE', #904, #901, #2470, .T. ) ;
#904 = VERTEX_POINT ( 'NONE', #2466 ) ;
#905 = ORIENTED_EDGE ( 'NONE', *, *, #906, .F. ) ;
#906 = EDGE_CURVE ( 'NONE', #907, #904, #2465, .T. ) ;
#907 = VERTEX_POINT ( 'NONE', #2461 ) ;
#908 = ORIENTED_EDGE ( 'NONE', *, *, #909, .F. ) ;
#909 = EDGE_CURVE ( 'NONE', #900, #907, #2460, .T. ) ;
#910 = ADVANCED_FACE ( 'NONE', ( #2456, #2455 ), #2454, .T. ) ;
#911 = EDGE_LOOP ( 'NONE', ( #805, #809, #812, #815, #818 ) ) ;
#912 = ORIENTED_EDGE ( 'NONE', *, *, #913, .F. ) ;
#913 = EDGE_CURVE ( 'NONE', #760, #766, #2447, .T. ) ;
#914 = ADVANCED_FACE ( 'NONE', ( #2449 ), #2448, .T. ) ;
#915 = ORIENTED_EDGE ( 'NONE', *, *, #916, .F. ) ;
#916 = EDGE_CURVE ( 'NONE', #917, #918, #2497, .T. ) ;
#917 = VERTEX_POINT ( 'NONE', #2490 ) ;
#918 = VERTEX_POINT ( 'NONE', #2489 ) ;
#919 = ORIENTED_EDGE ( 'NONE', *, *, #920, .T. ) ;
#920 = EDGE_CURVE ( 'NONE', #917, #842, #2488, .T. ) ;
#921 = CARTESIAN_POINT ( 'NONE',  ( 7.799999999999999800, 8.884698620188814300, -7.000000000000000000 ) ) ;
#922 = AXIS2_PLACEMENT_3D ( 'NONE', #921, #985, #984 ) ;
#923 = PLANE ( 'NONE',  #922 ) ;
#924 = FACE_OUTER_BOUND ( 'NONE', #22, .T. ) ;
#925 = CARTESIAN_POINT ( 'NONE',  ( -2.849999999999998800, 0.9367496997597645200, 0.2999999999999999300 ) ) ;
#926 = DIRECTION ( 'NONE',  ( 1.000000000000000000, 0.0000000000000000000, 0.0000000000000000000 ) ) ;
#927 = DIRECTION ( 'NONE',  ( 0.0000000000000000000, 0.0000000000000000000, 1.000000000000000000 ) ) ;
#928 = CARTESIAN_POINT ( 'NONE',  ( 0.0000000000000000000, 0.0000000000000000000, 0.2999999999999999300 ) ) ;
#929 = AXIS2_PLACEMENT_3D ( 'NONE', #928, #927, #926 ) ;
#930 = CIRCLE ( 'NONE', #929, 3.000000000000000400 ) ;
#931 = DIRECTION ( 'NONE',  ( 0.0000000000000000000, 0.0000000000000000000, -1.000000000000000000 ) ) ;
#932 = VECTOR ( 'NONE', #931, 1000.000000000000000 ) ;
#933 = CARTESIAN_POINT ( 'NONE',  ( -2.549999999999998500, 1.580348062927914700, 7.000000000000000000 ) ) ;
#934 = LINE ( 'NONE', #933, #932 ) ;
#935 = CARTESIAN_POINT ( 'NONE',  ( -2.549999999999998500, 1.580348062927914700, 7.000000000000000000 ) ) ;
#936 = CARTESIAN_POINT ( 'NONE',  ( 2.550000000000000700, 1.580348062927910700, 7.000000000000000000 ) ) ;
#937 = DIRECTION ( 'NONE',  ( 1.000000000000000000, 0.0000000000000000000, 0.0000000000000000000 ) ) ;
#938 = DIRECTION ( 'NONE',  ( 0.0000000000000000000, 0.0000000000000000000, 1.000000000000000000 ) ) ;
#939 = CARTESIAN_POINT ( 'NONE',  ( 0.0000000000000000000, 0.0000000000000000000, 7.000000000000000000 ) ) ;
#940 = AXIS2_PLACEMENT_3D ( 'NONE', #939, #938, #937 ) ;
#941 = CIRCLE ( 'NONE', #940, 3.000000000000000400 ) ;
#942 = CARTESIAN_POINT ( 'NONE',  ( 6.062177826491063300, 3.500000000000012400, 0.0000000000000000000 ) ) ;
#943 = DIRECTION ( 'NONE',  ( 1.000000000000000000, 0.0000000000000000000, 0.0000000000000000000 ) ) ;
#944 = DIRECTION ( 'NONE',  ( 0.0000000000000000000, 0.0000000000000000000, 1.000000000000000000 ) ) ;
#945 = CARTESIAN_POINT ( 'NONE',  ( 0.0000000000000000000, 0.0000000000000000000, 0.0000000000000000000 ) ) ;
#946 = AXIS2_PLACEMENT_3D ( 'NONE', #945, #944, #943 ) ;
#947 = CIRCLE ( 'NONE', #946, 6.999999999999999100 ) ;
#948 = CARTESIAN_POINT ( 'NONE',  ( 2.850000000000001400, 0.9367496997597580800, 0.2999999999999999300 ) ) ;
#949 = CARTESIAN_POINT ( 'NONE',  ( 2.550000000000000700, 1.580348062927910700, 0.2999999999999999300 ) ) ;
#950 = DIRECTION ( 'NONE',  ( 1.000000000000000000, 0.0000000000000000000, 0.0000000000000000000 ) ) ;
#951 = DIRECTION ( 'NONE',  ( 0.0000000000000000000, 0.0000000000000000000, 1.000000000000000000 ) ) ;
#952 = CARTESIAN_POINT ( 'NONE',  ( 0.0000000000000000000, 0.0000000000000000000, 0.2999999999999999300 ) ) ;
#953 = AXIS2_PLACEMENT_3D ( 'NONE', #952, #951, #950 ) ;
#954 = DIRECTION ( 'NONE',  ( 0.0000000000000000000, 0.0000000000000000000, -1.000000000000000000 ) ) ;
#955 = VECTOR ( 'NONE', #954, 1000.000000000000000 ) ;
#956 = CARTESIAN_POINT ( 'NONE',  ( -3.521008378291650600, -3.456866544130241900E-016, -11.00000000000000000 ) ) ;
#957 = LINE ( 'NONE', #956, #955 ) ;
#958 = CARTESIAN_POINT ( 'NONE',  ( -3.521008378291650100, -1.288462199159233800E-016, -8.200000000000001100 ) ) ;
#959 = DIRECTION ( 'NONE',  ( -1.000000000000000000, 0.0000000000000000000, 0.0000000000000000000 ) ) ;
#960 = DIRECTION ( 'NONE',  ( 0.0000000000000000000, 0.0000000000000000000, -1.000000000000000000 ) ) ;
#961 = CARTESIAN_POINT ( 'NONE',  ( 0.0000000000000000000, 0.7500000000000006700, -8.200000000000001100 ) ) ;
#962 = AXIS2_PLACEMENT_3D ( 'NONE', #961, #960, #959 ) ;
#963 = CIRCLE ( 'NONE', #962, 3.600000000000000100 ) ;
#964 = CARTESIAN_POINT ( 'NONE',  ( -2.549999999999998500, 1.580348062927914700, 0.2999999999999999300 ) ) ;
#965 = DIRECTION ( 'NONE',  ( -1.000000000000000000, 0.0000000000000000000, 0.0000000000000000000 ) ) ;
#966 = DIRECTION ( 'NONE',  ( 0.0000000000000000000, 0.0000000000000000000, -1.000000000000000000 ) ) ;
#967 = CARTESIAN_POINT ( 'NONE',  ( 0.0000000000000000000, 0.0000000000000000000, 7.000000000000000000 ) ) ;
#968 = AXIS2_PLACEMENT_3D ( 'NONE', #967, #966, #965 ) ;
#969 = CYLINDRICAL_SURFACE ( 'NONE', #968, 3.000000000000000400 ) ;
#970 = FACE_OUTER_BOUND ( 'NONE', #41, .T. ) ;
#971 = DIRECTION ( 'NONE',  ( 0.0000000000000000000, 0.0000000000000000000, 1.000000000000000000 ) ) ;
#972 = VECTOR ( 'NONE', #971, 1000.000000000000000 ) ;
#973 = CARTESIAN_POINT ( 'NONE',  ( -2.549999999999997600, -1.580348062927915600, 7.000000000000000000 ) ) ;
#974 = LINE ( 'NONE', #973, #972 ) ;
#975 = CARTESIAN_POINT ( 'NONE',  ( 0.0000000000000000000, 6.999999999999999100, 0.0000000000000000000 ) ) ;
#976 = DIRECTION ( 'NONE',  ( 0.0000000000000000000, 0.0000000000000000000, 1.000000000000000000 ) ) ;
#977 = VECTOR ( 'NONE', #976, 1000.000000000000000 ) ;
#978 = CARTESIAN_POINT ( 'NONE',  ( 7.799999999999999800, -0.4900037009627610800, -7.000000000000000000 ) ) ;
#979 = LINE ( 'NONE', #978, #977 ) ;
#980 = DIRECTION ( 'NONE',  ( 0.0000000000000000000, 0.0000000000000000000, -1.000000000000000000 ) ) ;
#981 = VECTOR ( 'NONE', #980, 1000.000000000000000 ) ;
#982 = CARTESIAN_POINT ( 'NONE',  ( 7.799999999999999800, 0.4900037009627732400, -7.000000000000000000 ) ) ;
#983 = LINE ( 'NONE', #982, #981 ) ;
#984 = DIRECTION ( 'NONE',  ( 0.0000000000000000000, 0.0000000000000000000, -1.000000000000000000 ) ) ;
#985 = DIRECTION ( 'NONE',  ( 1.000000000000000000, 0.0000000000000000000, 0.0000000000000000000 ) ) ;
#986 = DIRECTION ( 'NONE',  ( 0.0000000000000000000, 0.0000000000000000000, 1.000000000000000000 ) ) ;
#987 = VECTOR ( 'NONE', #986, 1000.000000000000000 ) ;
#988 = CARTESIAN_POINT ( 'NONE',  ( 2.850000000000001400, -0.9367496997597573000, 7.000000000000000000 ) ) ;
#989 = LINE ( 'NONE', #988, #987 ) ;
#990 = DIRECTION ( 'NONE',  ( 0.0000000000000000000, 0.0000000000000000000, -1.000000000000000000 ) ) ;
#991 = VECTOR ( 'NONE', #990, 1000.000000000000000 ) ;
#992 = CARTESIAN_POINT ( 'NONE',  ( -2.849999999999998800, -0.9367496997597654100, 7.000000000000000000 ) ) ;
#993 = LINE ( 'NONE', #992, #991 ) ;
#994 = CARTESIAN_POINT ( 'NONE',  ( -2.549999999999998000, -1.580348062927916100, 0.2999999999999999300 ) ) ;
#995 = CARTESIAN_POINT ( 'NONE',  ( -2.849999999999998800, -0.9367496997597659600, 0.2999999999999999300 ) ) ;
#996 = DIRECTION ( 'NONE',  ( 1.000000000000000000, 0.0000000000000000000, 0.0000000000000000000 ) ) ;
#997 = DIRECTION ( 'NONE',  ( 0.0000000000000000000, 0.0000000000000000000, 1.000000000000000000 ) ) ;
#998 = CARTESIAN_POINT ( 'NONE',  ( 0.0000000000000000000, 0.0000000000000000000, 0.2999999999999999300 ) ) ;
#999 = AXIS2_PLACEMENT_3D ( 'NONE', #998, #997, #996 ) ;
#1000 = DIRECTION ( 'NONE',  ( -1.000000000000000000, 0.0000000000000000000, 0.0000000000000000000 ) ) ;
#1001 = DIRECTION ( 'NONE',  ( 0.0000000000000000000, 0.0000000000000000000, -1.000000000000000000 ) ) ;
#1002 = CARTESIAN_POINT ( 'NONE',  ( 0.0000000000000000000, 0.0000000000000000000, 7.000000000000000000 ) ) ;
#1003 = AXIS2_PLACEMENT_3D ( 'NONE', #1002, #1001, #1000 ) ;
#1004 = CIRCLE ( 'NONE', #999, 3.000000000000000400 ) ;
#1005 = CYLINDRICAL_SURFACE ( 'NONE', #1003, 3.000000000000000400 ) ;
#1006 = FACE_OUTER_BOUND ( 'NONE', #54, .T. ) ;
#1007 = DIRECTION ( 'NONE',  ( 1.000000000000000000, 0.0000000000000000000, 0.0000000000000000000 ) ) ;
#1008 = DIRECTION ( 'NONE',  ( 0.0000000000000000000, 0.0000000000000000000, 1.000000000000000000 ) ) ;
#1009 = CARTESIAN_POINT ( 'NONE',  ( 0.0000000000000000000, 0.0000000000000000000, 0.0000000000000000000 ) ) ;
#1010 = AXIS2_PLACEMENT_3D ( 'NONE', #1009, #1008, #1007 ) ;
#1011 = CIRCLE ( 'NONE', #1010, 6.999999999999999100 ) ;
#1012 = DIRECTION ( 'NONE',  ( 1.000000000000000000, 0.0000000000000000000, 0.0000000000000000000 ) ) ;
#1013 = DIRECTION ( 'NONE',  ( 0.0000000000000000000, 0.0000000000000000000, 1.000000000000000000 ) ) ;
#1014 = CARTESIAN_POINT ( 'NONE',  ( 0.0000000000000000000, 0.0000000000000000000, 0.0000000000000000000 ) ) ;
#1015 = AXIS2_PLACEMENT_3D ( 'NONE', #1014, #1013, #1012 ) ;
#1016 = CIRCLE ( 'NONE', #1015, 6.999999999999999100 ) ;
#1017 = CARTESIAN_POINT ( 'NONE',  ( -3.521008378291650600, -3.456866544130241900E-016, -7.200000000000000200 ) ) ;
#1018 = CARTESIAN_POINT ( 'NONE',  ( 6.928203230275495500, -1.626303258728256700E-015, -7.000000000000000000 ) ) ;
#1019 = DIRECTION ( 'NONE',  ( -1.346287081605855300E-016, 1.000000000000000000, 0.0000000000000000000 ) ) ;
#1020 = VECTOR ( 'NONE', #1019, 1000.000000000000000 ) ;
#1021 = CARTESIAN_POINT ( 'NONE',  ( 2.850000000000001000, 3.245146728940908200, 0.0000000000000000000 ) ) ;
#1022 = LINE ( 'NONE', #1021, #1020 ) ;
#1023 = CARTESIAN_POINT ( 'NONE',  ( 2.850000000000001400, 0.9367496997597580800, 0.0000000000000000000 ) ) ;
#1024 = DIRECTION ( 'NONE',  ( 1.000000000000000000, 0.0000000000000000000, 0.0000000000000000000 ) ) ;
#1025 = DIRECTION ( 'NONE',  ( 0.0000000000000000000, 0.0000000000000000000, 1.000000000000000000 ) ) ;
#1026 = CARTESIAN_POINT ( 'NONE',  ( 0.0000000000000000000, 0.0000000000000000000, 0.0000000000000000000 ) ) ;
#1027 = AXIS2_PLACEMENT_3D ( 'NONE', #1026, #1025, #1024 ) ;
#1028 = CIRCLE ( 'NONE', #1027, 3.000000000000000400 ) ;
#1029 = CARTESIAN_POINT ( 'NONE',  ( -2.549999999999998000, -1.580348062927916100, 7.000000000000000000 ) ) ;
#1030 = DIRECTION ( 'NONE',  ( 1.000000000000000000, 0.0000000000000000000, 0.0000000000000000000 ) ) ;
#1031 = DIRECTION ( 'NONE',  ( 0.0000000000000000000, 0.0000000000000000000, 1.000000000000000000 ) ) ;
#1032 = CARTESIAN_POINT ( 'NONE',  ( 0.0000000000000000000, 0.0000000000000000000, 7.000000000000000000 ) ) ;
#1033 = AXIS2_PLACEMENT_3D ( 'NONE', #1032, #1031, #1030 ) ;
#1034 = CIRCLE ( 'NONE', #1033, 3.000000000000000400 ) ;
#1035 = CARTESIAN_POINT ( 'NONE',  ( 2.550000000000001200, -1.580348062927909900, 7.000000000000000000 ) ) ;
#1036 = DIRECTION ( 'NONE',  ( 0.0000000000000000000, 0.0000000000000000000, -1.000000000000000000 ) ) ;
#1037 = VECTOR ( 'NONE', #1036, 1000.000000000000000 ) ;
#1038 = CARTESIAN_POINT ( 'NONE',  ( 2.550000000000001200, -1.580348062927910100, 7.000000000000000000 ) ) ;
#1039 = LINE ( 'NONE', #1038, #1037 ) ;
#1040 = CARTESIAN_POINT ( 'NONE',  ( 2.550000000000001200, -1.580348062927909900, 0.2999999999999999300 ) ) ;
#1041 = DIRECTION ( 'NONE',  ( 1.000000000000000000, 0.0000000000000000000, 0.0000000000000000000 ) ) ;
#1042 = DIRECTION ( 'NONE',  ( 0.0000000000000000000, 0.0000000000000000000, 1.000000000000000000 ) ) ;
#1043 = CARTESIAN_POINT ( 'NONE',  ( 0.0000000000000000000, 0.0000000000000000000, 0.2999999999999999300 ) ) ;
#1044 = AXIS2_PLACEMENT_3D ( 'NONE', #1043, #1042, #1041 ) ;
#1045 = CIRCLE ( 'NONE', #1044, 3.000000000000000400 ) ;
#1046 = CARTESIAN_POINT ( 'NONE',  ( 2.850000000000001400, -0.9367496997597573000, 0.2999999999999999300 ) ) ;
#1047 = DIRECTION ( 'NONE',  ( 1.000000000000000000, 0.0000000000000000000, 0.0000000000000000000 ) ) ;
#1048 = DIRECTION ( 'NONE',  ( 0.0000000000000000000, 0.0000000000000000000, 1.000000000000000000 ) ) ;
#1049 = AXIS2_PLACEMENT_3D ( 'NONE', #1051, #1048, #1047 ) ;
#1050 = CYLINDRICAL_SURFACE ( 'NONE', #1049, 3.600000000000000100 ) ;
#1051 = CARTESIAN_POINT ( 'NONE',  ( 0.0000000000000000000, 0.7500000000000006700, -11.00000000000000000 ) ) ;
#1052 = FACE_OUTER_BOUND ( 'NONE', #95, .T. ) ;
#1053 = CARTESIAN_POINT ( 'NONE',  ( 3.464101615137742800, -5.999999999999999100, -7.000000000000000000 ) ) ;
#1054 = DIRECTION ( 'NONE',  ( -1.000000000000000000, 0.0000000000000000000, 0.0000000000000000000 ) ) ;
#1055 = VECTOR ( 'NONE', #1054, 1000.000000000000000 ) ;
#1056 = CARTESIAN_POINT ( 'NONE',  ( 3.464101615137742800, -5.999999999999999100, -7.000000000000000000 ) ) ;
#1057 = LINE ( 'NONE', #1056, #1055 ) ;
#1058 = CARTESIAN_POINT ( 'NONE',  ( -6.062177826491073100, -3.499999999999984000, 0.0000000000000000000 ) ) ;
#1059 = DIRECTION ( 'NONE',  ( 1.000000000000000000, 0.0000000000000000000, 0.0000000000000000000 ) ) ;
#1060 = DIRECTION ( 'NONE',  ( 0.0000000000000000000, 0.0000000000000000000, 1.000000000000000000 ) ) ;
#1061 = CARTESIAN_POINT ( 'NONE',  ( 0.0000000000000000000, 0.0000000000000000000, 0.0000000000000000000 ) ) ;
#1062 = AXIS2_PLACEMENT_3D ( 'NONE', #1061, #1060, #1059 ) ;
#1063 = CIRCLE ( 'NONE', #1062, 6.999999999999999100 ) ;
#1064 = CARTESIAN_POINT ( 'NONE',  ( -6.062177826491050000, 3.500000000000000400, 0.0000000000000000000 ) ) ;
#1065 = DIRECTION ( 'NONE',  ( 1.000000000000000000, 0.0000000000000000000, 0.0000000000000000000 ) ) ;
#1066 = DIRECTION ( 'NONE',  ( 0.0000000000000000000, 0.0000000000000000000, 1.000000000000000000 ) ) ;
#1067 = CARTESIAN_POINT ( 'NONE',  ( 0.0000000000000000000, 0.0000000000000000000, 0.0000000000000000000 ) ) ;
#1068 = AXIS2_PLACEMENT_3D ( 'NONE', #1067, #1066, #1065 ) ;
#1069 = CIRCLE ( 'NONE', #1068, 6.999999999999999100 ) ;
#1070 = CARTESIAN_POINT ( 'NONE',  ( 3.521008378291650100, -9.553559525695812300E-016, -8.200000000000001100 ) ) ;
#1071 = DIRECTION ( 'NONE',  ( 0.0000000000000000000, 0.0000000000000000000, 1.000000000000000000 ) ) ;
#1072 = VECTOR ( 'NONE', #1071, 1000.000000000000000 ) ;
#1073 = CARTESIAN_POINT ( 'NONE',  ( 3.521008378291650600, -1.172196387066682100E-015, -11.00000000000000000 ) ) ;
#1074 = LINE ( 'NONE', #1073, #1072 ) ;
#1075 = DIRECTION ( 'NONE',  ( -1.000000000000000000, 0.0000000000000000000, 0.0000000000000000000 ) ) ;
#1076 = DIRECTION ( 'NONE',  ( 0.0000000000000000000, 0.0000000000000000000, -1.000000000000000000 ) ) ;
#1077 = CARTESIAN_POINT ( 'NONE',  ( 0.0000000000000000000, 0.7500000000000006700, -7.200000000000000200 ) ) ;
#1078 = AXIS2_PLACEMENT_3D ( 'NONE', #1077, #1076, #1075 ) ;
#1079 = CIRCLE ( 'NONE', #1078, 3.600000000000000100 ) ;
#1080 = VECTOR ( 'NONE', #1144, 1000.000000000000000 ) ;
#1081 = CARTESIAN_POINT ( 'NONE',  ( 3.464101615137740200, 5.999999999999999100, -7.000000000000000000 ) ) ;
#1082 = LINE ( 'NONE', #1081, #1080 ) ;
#1083 = DIRECTION ( 'NONE',  ( 0.0000000000000000000, 1.000000000000000000, 0.0000000000000000000 ) ) ;
#1084 = VECTOR ( 'NONE', #1083, 1000.000000000000000 ) ;
#1085 = CARTESIAN_POINT ( 'NONE',  ( 7.799999999999999800, 13.99999999999994000, -7.000000000000000000 ) ) ;
#1086 = LINE ( 'NONE', #1085, #1084 ) ;
#1087 = CARTESIAN_POINT ( 'NONE',  ( 7.799999999999999800, 0.4900037009627732400, -7.000000000000000000 ) ) ;
#1088 = DIRECTION ( 'NONE',  ( -0.5000000000000020000, 0.8660254037844374900, 0.0000000000000000000 ) ) ;
#1089 = VECTOR ( 'NONE', #1088, 999.9999999999998900 ) ;
#1090 = CARTESIAN_POINT ( 'NONE',  ( 4.041451884327369900, 6.999999999999999100, -7.000000000000000000 ) ) ;
#1091 = LINE ( 'NONE', #1090, #1089 ) ;
#1092 = CARTESIAN_POINT ( 'NONE',  ( 4.041451884327369900, 6.999999999999999100, -7.000000000000000000 ) ) ;
#1093 = DIRECTION ( 'NONE',  ( -1.000000000000000000, 0.0000000000000000000, 0.0000000000000000000 ) ) ;
#1094 = VECTOR ( 'NONE', #1093, 1000.000000000000000 ) ;
#1095 = CARTESIAN_POINT ( 'NONE',  ( -4.041451884327355700, 6.999999999999999100, -7.000000000000000000 ) ) ;
#1096 = LINE ( 'NONE', #1095, #1094 ) ;
#1097 = CARTESIAN_POINT ( 'NONE',  ( 3.464101615137738800, 5.999999999999999100, -7.000000000000000000 ) ) ;
#1098 = DIRECTION ( 'NONE',  ( 0.5000000000000001100, -0.8660254037844386000, 0.0000000000000000000 ) ) ;
#1099 = VECTOR ( 'NONE', #1098, 1000.000000000000100 ) ;
#1100 = CARTESIAN_POINT ( 'NONE',  ( 6.928203230275495500, -1.626303258728256700E-015, -7.000000000000000000 ) ) ;
#1101 = LINE ( 'NONE', #1100, #1099 ) ;
#1102 = DIRECTION ( 'NONE',  ( -0.4999999999999999400, -0.8660254037844386000, 0.0000000000000000000 ) ) ;
#1103 = VECTOR ( 'NONE', #1102, 1000.000000000000100 ) ;
#1104 = CARTESIAN_POINT ( 'NONE',  ( 6.928203230275495500, -1.626303258728256700E-015, -7.000000000000000000 ) ) ;
#1105 = LINE ( 'NONE', #1104, #1103 ) ;
#1106 = CARTESIAN_POINT ( 'NONE',  ( 3.521008378291650600, -1.172196387066682100E-015, -7.200000000000000200 ) ) ;
#1107 = DIRECTION ( 'NONE',  ( -1.000000000000000000, 0.0000000000000000000, 0.0000000000000000000 ) ) ;
#1108 = DIRECTION ( 'NONE',  ( 0.0000000000000000000, 0.0000000000000000000, -1.000000000000000000 ) ) ;
#1109 = CARTESIAN_POINT ( 'NONE',  ( 0.0000000000000000000, 0.7500000000000006700, -11.00000000000000000 ) ) ;
#1110 = AXIS2_PLACEMENT_3D ( 'NONE', #1109, #1108, #1107 ) ;
#1111 = CIRCLE ( 'NONE', #1110, 3.600000000000000100 ) ;
#1112 = CARTESIAN_POINT ( 'NONE',  ( -7.799999999999999800, 0.4900037009627367700, -7.000000000000000000 ) ) ;
#1113 = LINE ( 'NONE', #1112, #1176 ) ;
#1114 = CARTESIAN_POINT ( 'NONE',  ( -2.849999999999998800, 0.9367496997597646300, 0.0000000000000000000 ) ) ;
#1115 = DIRECTION ( 'NONE',  ( 1.346287081605855300E-016, -1.000000000000000000, 0.0000000000000000000 ) ) ;
#1116 = VECTOR ( 'NONE', #1115, 1000.000000000000000 ) ;
#1117 = CARTESIAN_POINT ( 'NONE',  ( -2.849999999999999200, 3.245146728940907300, 0.0000000000000000000 ) ) ;
#1118 = LINE ( 'NONE', #1117, #1116 ) ;
#1119 = CARTESIAN_POINT ( 'NONE',  ( 2.850000000000001400, -0.9367496997597573000, 0.0000000000000000000 ) ) ;
#1120 = CARTESIAN_POINT ( 'NONE',  ( -2.849999999999998800, -0.9367496997597650800, 0.0000000000000000000 ) ) ;
#1121 = DIRECTION ( 'NONE',  ( 1.000000000000000000, 0.0000000000000000000, 0.0000000000000000000 ) ) ;
#1122 = DIRECTION ( 'NONE',  ( 0.0000000000000000000, 0.0000000000000000000, 1.000000000000000000 ) ) ;
#1123 = CARTESIAN_POINT ( 'NONE',  ( 0.0000000000000000000, 0.0000000000000000000, 0.0000000000000000000 ) ) ;
#1124 = AXIS2_PLACEMENT_3D ( 'NONE', #1123, #1122, #1121 ) ;
#1125 = CIRCLE ( 'NONE', #1124, 3.000000000000000400 ) ;
#1126 = DIRECTION ( 'NONE',  ( 1.000000000000000000, 0.0000000000000000000, 0.0000000000000000000 ) ) ;
#1127 = DIRECTION ( 'NONE',  ( 0.0000000000000000000, 0.0000000000000000000, 1.000000000000000000 ) ) ;
#1128 = CARTESIAN_POINT ( 'NONE',  ( 8.673617379884035500E-016, 13.99999999999994000, 0.0000000000000000000 ) ) ;
#1129 = AXIS2_PLACEMENT_3D ( 'NONE', #1128, #1127, #1126 ) ;
#1130 = PLANE ( 'NONE',  #1129 ) ;
#1131 = FACE_OUTER_BOUND ( 'NONE', #79, .T. ) ;
#1132 = FACE_BOUND ( 'NONE', #122, .T. ) ;
#1133 = DIRECTION ( 'NONE',  ( -1.000000000000000000, 0.0000000000000000000, 0.0000000000000000000 ) ) ;
#1134 = DIRECTION ( 'NONE',  ( 0.0000000000000000000, 0.0000000000000000000, -1.000000000000000000 ) ) ;
#1135 = CARTESIAN_POINT ( 'NONE',  ( 0.0000000000000000000, 0.7500000000000006700, -7.200000000000000200 ) ) ;
#1136 = AXIS2_PLACEMENT_3D ( 'NONE', #1135, #1134, #1133 ) ;
#1137 = CIRCLE ( 'NONE', #1136, 3.600000000000000100 ) ;
#1138 = CARTESIAN_POINT ( 'NONE',  ( 1.999999999999999600, 6.999999999999999100, -7.000000000000000000 ) ) ;
#1139 = DIRECTION ( 'NONE',  ( 0.0000000000000000000, -1.000000000000000000, 0.0000000000000000000 ) ) ;
#1140 = VECTOR ( 'NONE', #1139, 1000.000000000000000 ) ;
#1141 = CARTESIAN_POINT ( 'NONE',  ( 1.999999999999999600, 6.999999999999999100, -7.000000000000000000 ) ) ;
#1142 = LINE ( 'NONE', #1141, #1140 ) ;
#1143 = CARTESIAN_POINT ( 'NONE',  ( 1.999999999999999600, 5.999999999999999100, -7.000000000000000000 ) ) ;
#1144 = DIRECTION ( 'NONE',  ( 1.000000000000000000, 0.0000000000000000000, 0.0000000000000000000 ) ) ;
#1145 = LINE ( 'NONE', #1211, #1210 ) ;
#1146 = DIRECTION ( 'NONE',  ( 0.0000000000000000000, 0.0000000000000000000, 1.000000000000000000 ) ) ;
#1147 = VECTOR ( 'NONE', #1146, 1000.000000000000000 ) ;
#1148 = CARTESIAN_POINT ( 'NONE',  ( -4.041451884327355700, 6.999999999999999100, -7.000000000000000000 ) ) ;
#1149 = LINE ( 'NONE', #1148, #1147 ) ;
#1150 = DIRECTION ( 'NONE',  ( -0.5000000000000020000, 0.8660254037844376000, 0.0000000000000000000 ) ) ;
#1151 = DIRECTION ( 'NONE',  ( 0.8660254037844376000, 0.5000000000000020000, 0.0000000000000000000 ) ) ;
#1152 = CARTESIAN_POINT ( 'NONE',  ( 4.041451884327369900, 6.999999999999999100, -7.000000000000000000 ) ) ;
#1153 = AXIS2_PLACEMENT_3D ( 'NONE', #1152, #1151, #1150 ) ;
#1154 = PLANE ( 'NONE',  #1153 ) ;
#1155 = FACE_OUTER_BOUND ( 'NONE', #144, .T. ) ;
#1156 = DIRECTION ( 'NONE',  ( 0.0000000000000000000, 0.0000000000000000000, -1.000000000000000000 ) ) ;
#1157 = VECTOR ( 'NONE', #1156, 1000.000000000000000 ) ;
#1158 = CARTESIAN_POINT ( 'NONE',  ( 1.999999999999999600, 6.999999999999999100, -7.000000000000000000 ) ) ;
#1159 = LINE ( 'NONE', #1158, #1157 ) ;
#1160 = DIRECTION ( 'NONE',  ( 0.0000000000000000000, 0.0000000000000000000, -1.000000000000000000 ) ) ;
#1161 = VECTOR ( 'NONE', #1160, 1000.000000000000000 ) ;
#1162 = CARTESIAN_POINT ( 'NONE',  ( -2.000000000000000400, 6.999999999999999100, -7.000000000000000000 ) ) ;
#1163 = LINE ( 'NONE', #1162, #1161 ) ;
#1164 = CARTESIAN_POINT ( 'NONE',  ( 1.999999999999999600, 6.999999999999999100, -6.000000000000000000 ) ) ;
#1165 = DIRECTION ( 'NONE',  ( 0.0000000000000000000, 0.0000000000000000000, 1.000000000000000000 ) ) ;
#1166 = VECTOR ( 'NONE', #1165, 1000.000000000000000 ) ;
#1167 = CARTESIAN_POINT ( 'NONE',  ( 4.041451884327369900, 6.999999999999999100, -7.000000000000000000 ) ) ;
#1168 = LINE ( 'NONE', #1167, #1166 ) ;
#1169 = DIRECTION ( 'NONE',  ( 0.4999999999999981700, -0.8660254037844397100, 0.0000000000000000000 ) ) ;
#1170 = DIRECTION ( 'NONE',  ( -0.8660254037844397100, -0.4999999999999981700, 0.0000000000000000000 ) ) ;
#1171 = CARTESIAN_POINT ( 'NONE',  ( -4.041451884327383200, -6.999999999999999100, -7.000000000000000000 ) ) ;
#1172 = AXIS2_PLACEMENT_3D ( 'NONE', #1171, #1170, #1169 ) ;
#1173 = PLANE ( 'NONE',  #1172 ) ;
#1174 = FACE_OUTER_BOUND ( 'NONE', #133, .T. ) ;
#1175 = DIRECTION ( 'NONE',  ( 0.0000000000000000000, 0.0000000000000000000, 1.000000000000000000 ) ) ;
#1176 = VECTOR ( 'NONE', #1175, 1000.000000000000000 ) ;
#1177 = LINE ( 'NONE', #1245, #1244 ) ;
#1178 = DIRECTION ( 'NONE',  ( 1.000000000000000000, 0.0000000000000000000, 0.0000000000000000000 ) ) ;
#1179 = DIRECTION ( 'NONE',  ( 0.0000000000000000000, 0.0000000000000000000, 1.000000000000000000 ) ) ;
#1180 = CARTESIAN_POINT ( 'NONE',  ( 0.0000000000000000000, 0.3899921673376659000, 0.2999999999999999300 ) ) ;
#1181 = AXIS2_PLACEMENT_3D ( 'NONE', #1180, #1179, #1178 ) ;
#1182 = PLANE ( 'NONE',  #1181 ) ;
#1183 = FACE_OUTER_BOUND ( 'NONE', #180, .T. ) ;
#1184 = DIRECTION ( 'NONE',  ( -5.824954410744354400E-017, 1.000000000000000000, 0.0000000000000000000 ) ) ;
#1185 = DIRECTION ( 'NONE',  ( 1.000000000000000000, 5.824954410744354400E-017, 0.0000000000000000000 ) ) ;
#1186 = CARTESIAN_POINT ( 'NONE',  ( 2.550000000000000700, 4.130433661899071600, 0.2999999999999999300 ) ) ;
#1187 = AXIS2_PLACEMENT_3D ( 'NONE', #1186, #1185, #1184 ) ;
#1188 = PLANE ( 'NONE',  #1187 ) ;
#1189 = FACE_OUTER_BOUND ( 'NONE', #232, .T. ) ;
#1190 = DIRECTION ( 'NONE',  ( 0.0000000000000000000, 0.0000000000000000000, 1.000000000000000000 ) ) ;
#1191 = DIRECTION ( 'NONE',  ( 0.0000000000000000000, 1.000000000000000000, 0.0000000000000000000 ) ) ;
#1192 = CARTESIAN_POINT ( 'NONE',  ( -4.041451884327355700, 6.999999999999999100, -7.000000000000000000 ) ) ;
#1193 = AXIS2_PLACEMENT_3D ( 'NONE', #1192, #1191, #1190 ) ;
#1194 = PLANE ( 'NONE',  #1193 ) ;
#1195 = FACE_OUTER_BOUND ( 'NONE', #35, .T. ) ;
#1196 = DIRECTION ( 'NONE',  ( 0.5000000000000013300, 0.8660254037844379300, 0.0000000000000000000 ) ) ;
#1197 = DIRECTION ( 'NONE',  ( 0.8660254037844379300, -0.5000000000000013300, 0.0000000000000000000 ) ) ;
#1198 = CARTESIAN_POINT ( 'NONE',  ( 4.041451884327369900, -6.999999999999999100, -7.000000000000000000 ) ) ;
#1199 = AXIS2_PLACEMENT_3D ( 'NONE', #1198, #1197, #1196 ) ;
#1200 = PLANE ( 'NONE',  #1199 ) ;
#1201 = FACE_OUTER_BOUND ( 'NONE', #161, .T. ) ;
#1202 = DIRECTION ( 'NONE',  ( -0.5000000000000013300, -0.8660254037844380400, 0.0000000000000000000 ) ) ;
#1203 = DIRECTION ( 'NONE',  ( -0.8660254037844379300, 0.5000000000000013300, 0.0000000000000000000 ) ) ;
#1204 = CARTESIAN_POINT ( 'NONE',  ( -4.041451884327355700, 6.999999999999999100, -7.000000000000000000 ) ) ;
#1205 = AXIS2_PLACEMENT_3D ( 'NONE', #1204, #1203, #1202 ) ;
#1206 = PLANE ( 'NONE',  #1205 ) ;
#1207 = FACE_OUTER_BOUND ( 'NONE', #138, .T. ) ;
#1208 = CARTESIAN_POINT ( 'NONE',  ( -2.000000000000000400, 6.999999999999999100, -6.000000000000000000 ) ) ;
#1209 = DIRECTION ( 'NONE',  ( -1.000000000000000000, 0.0000000000000000000, 0.0000000000000000000 ) ) ;
#1210 = VECTOR ( 'NONE', #1209, 1000.000000000000000 ) ;
#1211 = CARTESIAN_POINT ( 'NONE',  ( 1.999999999999999600, 6.999999999999999100, -6.000000000000000000 ) ) ;
#1212 = LINE ( 'NONE', #1270, #1269 ) ;
#1213 = DIRECTION ( 'NONE',  ( -1.346287081605855600E-016, 1.000000000000000000, 0.0000000000000000000 ) ) ;
#1214 = DIRECTION ( 'NONE',  ( 1.000000000000000000, 1.346287081605855600E-016, 0.0000000000000000000 ) ) ;
#1215 = CARTESIAN_POINT ( 'NONE',  ( -2.849999999999999200, 3.245146728940907300, 7.000000000000000000 ) ) ;
#1216 = AXIS2_PLACEMENT_3D ( 'NONE', #1215, #1214, #1213 ) ;
#1217 = PLANE ( 'NONE',  #1216 ) ;
#1218 = FACE_OUTER_BOUND ( 'NONE', #188, .T. ) ;
#1219 = DIRECTION ( 'NONE',  ( 1.000000000000000000, 0.0000000000000000000, 0.0000000000000000000 ) ) ;
#1220 = DIRECTION ( 'NONE',  ( 0.0000000000000000000, 0.0000000000000000000, 1.000000000000000000 ) ) ;
#1221 = CARTESIAN_POINT ( 'NONE',  ( 0.0000000000000000000, 0.0000000000000000000, 7.000000000000000000 ) ) ;
#1222 = AXIS2_PLACEMENT_3D ( 'NONE', #1221, #1220, #1219 ) ;
#1223 = PLANE ( 'NONE',  #1222 ) ;
#1224 = FACE_OUTER_BOUND ( 'NONE', #194, .T. ) ;
#1225 = FACE_BOUND ( 'NONE', #191, .T. ) ;
#1226 = DIRECTION ( 'NONE',  ( 0.0000000000000000000, 0.0000000000000000000, 1.000000000000000000 ) ) ;
#1227 = VECTOR ( 'NONE', #1226, 1000.000000000000000 ) ;
#1228 = CARTESIAN_POINT ( 'NONE',  ( -2.849999999999998800, 0.9367496997597645200, 7.000000000000000000 ) ) ;
#1229 = LINE ( 'NONE', #1228, #1227 ) ;
#1230 = DIRECTION ( 'NONE',  ( -1.346287081605855600E-016, 1.000000000000000000, 0.0000000000000000000 ) ) ;
#1231 = VECTOR ( 'NONE', #1230, 1000.000000000000000 ) ;
#1232 = CARTESIAN_POINT ( 'NONE',  ( 2.850000000000001000, 3.245146728940908200, 0.2999999999999999300 ) ) ;
#1233 = LINE ( 'NONE', #1232, #1231 ) ;
#1234 = DIRECTION ( 'NONE',  ( 1.000000000000000000, 0.0000000000000000000, 0.0000000000000000000 ) ) ;
#1235 = DIRECTION ( 'NONE',  ( 0.0000000000000000000, 0.0000000000000000000, 1.000000000000000000 ) ) ;
#1236 = CARTESIAN_POINT ( 'NONE',  ( 0.0000000000000000000, 0.0000000000000000000, 7.000000000000000000 ) ) ;
#1237 = AXIS2_PLACEMENT_3D ( 'NONE', #1236, #1235, #1234 ) ;
#1238 = CIRCLE ( 'NONE', #1237, 1.050000000000000000 ) ;
#1239 = DIRECTION ( 'NONE',  ( 1.346287081605855600E-016, -1.000000000000000000, 0.0000000000000000000 ) ) ;
#1240 = VECTOR ( 'NONE', #1239, 1000.000000000000000 ) ;
#1241 = CARTESIAN_POINT ( 'NONE',  ( -2.849999999999999200, 3.245146728940907300, 0.2999999999999999300 ) ) ;
#1242 = LINE ( 'NONE', #1241, #1240 ) ;
#1243 = DIRECTION ( 'NONE',  ( 1.747486323223306300E-016, -1.000000000000000000, 0.0000000000000000000 ) ) ;
#1244 = VECTOR ( 'NONE', #1243, 1000.000000000000000 ) ;
#1245 = CARTESIAN_POINT ( 'NONE',  ( -2.549999999999998900, 4.130433661899070700, 0.2999999999999999300 ) ) ;
#1246 = CARTESIAN_POINT ( 'NONE',  ( 7.799999999999999800, 0.4900037009628038800, -0.2830808546674166100 ) ) ;
#1247 = B_SPLINE_CURVE_WITH_KNOTS ( 'NONE', 3,
 ( #1246, #1305, #1304, #1303, #1302, #1301 ),
 .UNSPECIFIED., .F., .F.,
 ( 4, 2, 4 ),
 ( 0.01266716249696528800, 0.01291378013893890500, 0.01316039778091252500 ),
 .UNSPECIFIED. ) ;
#1248 = DIRECTION ( 'NONE',  ( 1.000000000000000000, 0.0000000000000000000, 0.0000000000000000000 ) ) ;
#1249 = DIRECTION ( 'NONE',  ( 0.0000000000000000000, 0.0000000000000000000, 1.000000000000000000 ) ) ;
#1250 = CARTESIAN_POINT ( 'NONE',  ( 0.0000000000000000000, 0.0000000000000000000, -1.315830701515183300 ) ) ;
#1251 = AXIS2_PLACEMENT_3D ( 'NONE', #1250, #1249, #1248 ) ;
#1252 = TOROIDAL_SURFACE ( 'NONE', #1251, 6.999999999999999100, 1.315830701515183800 ) ;
#1253 = FACE_OUTER_BOUND ( 'NONE', #210, .T. ) ;
#1254 = DIRECTION ( 'NONE',  ( 1.346287081605855600E-016, -1.000000000000000000, 0.0000000000000000000 ) ) ;
#1255 = DIRECTION ( 'NONE',  ( -1.000000000000000000, -1.346287081605855600E-016, 0.0000000000000000000 ) ) ;
#1256 = CARTESIAN_POINT ( 'NONE',  ( 2.850000000000001000, 3.245146728940908200, 7.000000000000000000 ) ) ;
#1257 = AXIS2_PLACEMENT_3D ( 'NONE', #1256, #1255, #1254 ) ;
#1258 = PLANE ( 'NONE',  #1257 ) ;
#1259 = FACE_OUTER_BOUND ( 'NONE', #183, .T. ) ;
#1260 = DIRECTION ( 'NONE',  ( -5.824954410744354400E-017, 1.000000000000000000, 0.0000000000000000000 ) ) ;
#1261 = VECTOR ( 'NONE', #1260, 1000.000000000000000 ) ;
#1262 = CARTESIAN_POINT ( 'NONE',  ( 2.550000000000000700, 4.130433661899071600, 7.000000000000000000 ) ) ;
#1263 = LINE ( 'NONE', #1262, #1261 ) ;
#1264 = DIRECTION ( 'NONE',  ( 0.0000000000000000000, 0.0000000000000000000, -1.000000000000000000 ) ) ;
#1265 = VECTOR ( 'NONE', #1264, 1000.000000000000000 ) ;
#1266 = CARTESIAN_POINT ( 'NONE',  ( 2.850000000000001400, 0.9367496997597580800, 7.000000000000000000 ) ) ;
#1267 = LINE ( 'NONE', #1266, #1265 ) ;
#1268 = DIRECTION ( 'NONE',  ( 1.747486323223306300E-016, -1.000000000000000000, 0.0000000000000000000 ) ) ;
#1269 = VECTOR ( 'NONE', #1268, 1000.000000000000000 ) ;
#1270 = CARTESIAN_POINT ( 'NONE',  ( -2.549999999999998900, 4.130433661899070700, 7.000000000000000000 ) ) ;
#1271 = CARTESIAN_POINT ( 'NONE',  ( 0.0000000000000000000, 0.7500000000000006700, -10.90000000000000000 ) ) ;
#1272 = DIRECTION ( 'NONE',  ( 1.000000000000000000, 0.0000000000000000000, 0.0000000000000000000 ) ) ;
#1273 = DIRECTION ( 'NONE',  ( 0.0000000000000000000, 0.0000000000000000000, 1.000000000000000000 ) ) ;
#1274 = CARTESIAN_POINT ( 'NONE',  ( 0.0000000000000000000, 0.0000000000000000000, -1.315830701515183300 ) ) ;
#1275 = PLANE ( 'NONE',  #1533 ) ;
#1276 = CARTESIAN_POINT ( 'NONE',  ( 7.799999999999999800, 0.4900037009628038800, -0.2830808546674166100 ) ) ;
#1277 = CARTESIAN_POINT ( 'NONE',  ( 7.657195749630074200, 0.7373479181402709000, -0.1827996791045364800 ) ) ;
#1278 = CARTESIAN_POINT ( 'NONE',  ( 7.513240510413689700, 0.9866857064787756300, -0.1263412605447277500 ) ) ;
#1279 = CARTESIAN_POINT ( 'NONE',  ( 7.224403023003876700, 1.486966909803110600, -0.04871936938882083500 ) ) ;
#1280 = CARTESIAN_POINT ( 'NONE',  ( 7.079480187800374600, 1.737980623552503500, -0.02910120688425056600 ) ) ;
#1281 = CARTESIAN_POINT ( 'NONE',  ( 6.789211869670083400, 2.240740098381729600, -0.005956774105302551200 ) ) ;
#1282 = CARTESIAN_POINT ( 'NONE',  ( 6.643861990090551100, 2.492493474687491200, -0.002597902016639623300 ) ) ;
#1283 = CARTESIAN_POINT ( 'NONE',  ( 6.353063651200863600, 2.996170972401066600, 0.0003665168403283676000 ) ) ;
#1284 = CARTESIAN_POINT ( 'NONE',  ( 6.207615925629908400, 3.248093822935296200, 6.105695828124741700E-016 ) ) ;
#1285 = CARTESIAN_POINT ( 'NONE',  ( 6.062177826491063300, 3.500000000000012400, 0.0000000000000000000 ) ) ;
#1286 = AXIS2_PLACEMENT_3D ( 'NONE', #1274, #1273, #1272 ) ;
#1287 = B_SPLINE_CURVE_WITH_KNOTS ( 'NONE', 3,
 ( #1285, #1284, #1283, #1282, #1281, #1280, #1279, #1278, #1277, #1276 ),
 .UNSPECIFIED., .F., .F.,
 ( 4, 2, 2, 2, 4 ),
 ( 0.004150957399267814400, 0.005027492314096648600, 0.005904027228925481900, 0.006780562143754317900, 0.007657097058583152100 ),
 .UNSPECIFIED. ) ;
#1288 = CARTESIAN_POINT ( 'NONE',  ( -7.799999999999999800, -0.4900037009627625800, -0.2830808546674137300 ) ) ;
#1289 = CARTESIAN_POINT ( 'NONE',  ( -7.657195749630075100, -0.7373479181402321500, -0.1827996791045334000 ) ) ;
#1290 = CARTESIAN_POINT ( 'NONE',  ( -7.513240510413692300, -0.9866857064787378800, -0.1263412605447253600 ) ) ;
#1291 = CARTESIAN_POINT ( 'NONE',  ( -7.224403023003878500, -1.486966909803073800, -0.04871936938881907300 ) ) ;
#1292 = CARTESIAN_POINT ( 'NONE',  ( -7.079480187800377200, -1.737980623552468400, -0.02910120688424937600 ) ) ;
#1293 = CARTESIAN_POINT ( 'NONE',  ( -6.789211869670089600, -2.240740098381697200, -0.005956774105301832100 ) ) ;
#1294 = CARTESIAN_POINT ( 'NONE',  ( -6.643861990090561800, -2.492493474687458300, -0.002597902016638924600 ) ) ;
#1295 = CARTESIAN_POINT ( 'NONE',  ( -6.353063651200871600, -2.996170972401035900, 0.0003665168403284520000 ) ) ;
#1296 = CARTESIAN_POINT ( 'NONE',  ( -6.207615925629915500, -3.248093822935266100, 6.520300809285991900E-016 ) ) ;
#1297 = CARTESIAN_POINT ( 'NONE',  ( -6.062177826491073100, -3.499999999999984000, 0.0000000000000000000 ) ) ;
#1298 = TOROIDAL_SURFACE ( 'NONE', #1286, 6.999999999999999100, 1.315830701515183800 ) ;
#1299 = FACE_OUTER_BOUND ( 'NONE', #279, .T. ) ;
#1300 = B_SPLINE_CURVE_WITH_KNOTS ( 'NONE', 3,
 ( #1297, #1296, #1295, #1294, #1293, #1292, #1291, #1290, #1289, #1288 ),
 .UNSPECIFIED., .F., .F.,
 ( 4, 2, 2, 2, 4 ),
 ( 0.004150957399267840400, 0.005027492314096676300, 0.005904027228925511400, 0.006780562143754347400, 0.007657097058583183300 ),
 .UNSPECIFIED. ) ;
#1301 = CARTESIAN_POINT ( 'NONE',  ( 7.799999999999999800, 0.0000000000000000000, -0.2711247931132349000 ) ) ;
#1302 = CARTESIAN_POINT ( 'NONE',  ( 7.799999999999999800, 0.08242837853140599900, -0.2711247931132349500 ) ) ;
#1303 = CARTESIAN_POINT ( 'NONE',  ( 7.799999999999998900, 0.1635346636714515600, -0.2721066400451293600 ) ) ;
#1304 = CARTESIAN_POINT ( 'NONE',  ( 7.799999999999999800, 0.3268709079578305800, -0.2760668171750023700 ) ) ;
#1305 = CARTESIAN_POINT ( 'NONE',  ( 7.800000000000000700, 0.4084725363221776700, -0.2790449958682398900 ) ) ;
#1306 = APPROVAL_DATE_TIME ( #2541, #2547 ) ;
#1307 = CARTESIAN_POINT ( 'NONE',  ( -7.799999999999999800, -0.1648175196100292200, -0.2711542254676598800 ) ) ;
#1308 = CARTESIAN_POINT ( 'NONE',  ( -7.800000000000000700, -0.3275490701725495800, -0.2750392186374197600 ) ) ;
#1309 = CARTESIAN_POINT ( 'NONE',  ( -7.799999999999999800, -0.4900037009627625800, -0.2830808546674137300 ) ) ;
#1310 = CARTESIAN_POINT ( 'NONE',  ( -7.799999999999999800, 0.4900037009627367700, -0.2830808546674130100 ) ) ;
#1311 = CARTESIAN_POINT ( 'NONE',  ( -7.799999999999999800, -0.4900037009627625800, -0.2830808546674137300 ) ) ;
#1312 = B_SPLINE_CURVE_WITH_KNOTS ( 'NONE', 3,
 ( #1309, #1308, #1307, #1370, #1369, #1368 ),
 .UNSPECIFIED., .F., .F.,
 ( 4, 2, 4 ),
 ( 0.01266716249696526800, 0.01315855959830401800, 0.01364995669964276700 ),
 .UNSPECIFIED. ) ;
#1313 = DIRECTION ( 'NONE',  ( -5.824954410744354400E-017, 1.000000000000000000, 0.0000000000000000000 ) ) ;
#1314 = VECTOR ( 'NONE', #1313, 1000.000000000000000 ) ;
#1315 = CARTESIAN_POINT ( 'NONE',  ( 2.550000000000000700, 4.130433661899071600, 0.2999999999999999300 ) ) ;
#1316 = DIRECTION ( 'NONE',  ( 1.000000000000000000, 0.0000000000000000000, 0.0000000000000000000 ) ) ;
#1317 = DIRECTION ( 'NONE',  ( 0.0000000000000000000, 0.0000000000000000000, 1.000000000000000000 ) ) ;
#1318 = CARTESIAN_POINT ( 'NONE',  ( 0.0000000000000000000, 0.0000000000000000000, -1.315830701515183300 ) ) ;
#1319 = AXIS2_PLACEMENT_3D ( 'NONE', #1318, #1317, #1316 ) ;
#1320 = LINE ( 'NONE', #1315, #1314 ) ;
#1321 = TOROIDAL_SURFACE ( 'NONE', #1319, 6.999999999999999100, 1.315830701515183800 ) ;
#1322 = FACE_OUTER_BOUND ( 'NONE', #231, .T. ) ;
#1323 = DIRECTION ( 'NONE',  ( 1.747486323223306600E-016, -1.000000000000000000, 0.0000000000000000000 ) ) ;
#1324 = DIRECTION ( 'NONE',  ( -1.000000000000000000, -1.747486323223306600E-016, 0.0000000000000000000 ) ) ;
#1325 = CARTESIAN_POINT ( 'NONE',  ( -2.549999999999998900, 4.130433661899070700, 0.2999999999999999300 ) ) ;
#1326 = AXIS2_PLACEMENT_3D ( 'NONE', #1325, #1324, #1323 ) ;
#1327 = PLANE ( 'NONE',  #1326 ) ;
#1328 = FACE_OUTER_BOUND ( 'NONE', #236, .T. ) ;
#1329 = DIRECTION ( 'NONE',  ( 1.000000000000000000, 0.0000000000000000000, 0.0000000000000000000 ) ) ;
#1330 = DIRECTION ( 'NONE',  ( 0.0000000000000000000, 0.0000000000000000000, 1.000000000000000000 ) ) ;
#1331 = CARTESIAN_POINT ( 'NONE',  ( 0.0000000000000000000, 0.3899921673376659000, 0.2999999999999999300 ) ) ;
#1332 = AXIS2_PLACEMENT_3D ( 'NONE', #1331, #1330, #1329 ) ;
#1333 = PLANE ( 'NONE',  #1332 ) ;
#1334 = FACE_OUTER_BOUND ( 'NONE', #234, .T. ) ;
#1335 = CARTESIAN_POINT ( 'NONE',  ( -0.1706140628664104500, 6.999999999999997300, 1.289235778334880400E-013 ) ) ;
#1336 = CARTESIAN_POINT ( 'NONE',  ( -0.3442673614774242600, 6.999999999999996400, 4.558478953142403400E-005 ) ) ;
#1337 = CARTESIAN_POINT ( 'NONE',  ( -0.6885158679054750300, 6.999999999999997300, -0.0003205666261475990400 ) ) ;
#1338 = CARTESIAN_POINT ( 'NONE',  ( -0.8606295395423529900, 6.999999999999998200, -0.0007347113874302458500 ) ) ;
#1339 = CARTESIAN_POINT ( 'NONE',  ( -1.376828466263524000, 6.999999999999999100, -0.005079914095515617600 ) ) ;
#1340 = CARTESIAN_POINT ( 'NONE',  ( -1.720794639665244000, 7.000000000000000000, -0.01161134921633058900 ) ) ;
#1341 = CARTESIAN_POINT ( 'NONE',  ( -2.407258254324725000, 6.999999999999999100, -0.05674680576500520200 ) ) ;
#1342 = CARTESIAN_POINT ( 'NONE',  ( -2.752524904589505700, 6.999999999999998200, -0.09506212859139674700 ) ) ;
#1343 = CARTESIAN_POINT ( 'NONE',  ( -3.257883993746015800, 6.999999999999999100, -0.2113323942810768100 ) ) ;
#1344 = CARTESIAN_POINT ( 'NONE',  ( -3.423259544851485500, 7.000000000000000900, -0.2597631727301358300 ) ) ;
#1345 = CARTESIAN_POINT ( 'NONE',  ( -3.744300076209807300, 7.000000000000000900, -0.3871498119120655400 ) ) ;
#1346 = CARTESIAN_POINT ( 'NONE',  ( -3.901417289886784700, 7.000000000000000900, -0.4669118497198330200 ) ) ;
#1347 = CARTESIAN_POINT ( 'NONE',  ( -4.041451884327345900, 7.000000000000016000, -0.5683483519688777900 ) ) ;
#1348 = PLANE ( 'NONE',  #1396 ) ;
#1349 = FACE_OUTER_BOUND ( 'NONE', #259, .T. ) ;
#1350 = DIRECTION ( 'NONE',  ( 0.0000000000000000000, 0.0000000000000000000, -1.000000000000000000 ) ) ;
#1351 = VECTOR ( 'NONE', #1350, 1000.000000000000000 ) ;
#1352 = CARTESIAN_POINT ( 'NONE',  ( -7.799999999999999800, -0.4900037009627307100, -7.000000000000000000 ) ) ;
#1353 = CARTESIAN_POINT ( 'NONE',  ( -4.041451884327345900, 7.000000000000016000, -0.5683483519688777900 ) ) ;
#1354 = CARTESIAN_POINT ( 'NONE',  ( -4.111957372116720000, 6.877880912936395100, -0.4662045910020418700 ) ) ;
#1355 = CARTESIAN_POINT ( 'NONE',  ( -4.190138401999049300, 6.742467396992140000, -0.3870830024291004900 ) ) ;
#1356 = CARTESIAN_POINT ( 'NONE',  ( -4.350150116946770700, 6.465318976896459600, -0.2600580357464196700 ) ) ;
#1357 = CARTESIAN_POINT ( 'NONE',  ( -4.432553841787585800, 6.322591538739243500, -0.2117298057425178700 ) ) ;
#1358 = CARTESIAN_POINT ( 'NONE',  ( -4.684326097701585900, 5.886509199559960800, -0.09562770377400542400 ) ) ;
#1359 = CARTESIAN_POINT ( 'NONE',  ( -4.856654900457640700, 5.588026957578960300, -0.05711232136757927300 ) ) ;
#1360 = CARTESIAN_POINT ( 'NONE',  ( -5.200132624383263300, 4.993106088471666500, -0.01171276375277246200 ) ) ;
#1361 = CARTESIAN_POINT ( 'NONE',  ( -5.372582801638190000, 4.694413619691878200, -0.005113974964073661500 ) ) ;
#1362 = CARTESIAN_POINT ( 'NONE',  ( -5.717387540783038300, 4.097194292802470300, 0.0007192383654560547100 ) ) ;
#1363 = CARTESIAN_POINT ( 'NONE',  ( -5.889781890386918100, 3.798598520350759500, 6.087916959492273200E-016 ) ) ;
#1364 = CARTESIAN_POINT ( 'NONE',  ( -6.062177826491050000, 3.500000000000000400, 0.0000000000000000000 ) ) ;
#1365 = LINE ( 'NONE', #1352, #1351 ) ;
#1366 = B_SPLINE_CURVE_WITH_KNOTS ( 'NONE', 3,
 ( #1347, #1346, #1345, #1344, #1343, #1342, #1341, #1340, #1339, #1338, #1337, #1336, #1335, #1397 ),
 .UNSPECIFIED., .F., .F.,
 ( 4, 2, 2, 2, 2, 2, 4 ),
 ( 0.01590046013700014200, 0.01641200309701039800, 0.01692354605702065700, 0.01794663197704117100, 0.01896971789706168600, 0.01948126085707194100, 0.01999280381708220000 ),
 .UNSPECIFIED. ) ;
#1367 = B_SPLINE_CURVE_WITH_KNOTS ( 'NONE', 3,
 ( #1364, #1363, #1362, #1361, #1360, #1359, #1358, #1357, #1356, #1355, #1354, #1353 ),
 .UNSPECIFIED., .F., .F.,
 ( 4, 2, 2, 2, 2, 4 ),
 ( 0.003486501241084644800, 0.004515118713998450900, 0.005543736186912257900, 0.006572353659826064800, 0.007086662396282967900, 0.007600971132739870900 ),
 .UNSPECIFIED. ) ;
#1368 = CARTESIAN_POINT ( 'NONE',  ( -7.799999999999999800, 0.4900037009627367700, -0.2830808546674130100 ) ) ;
#1369 = CARTESIAN_POINT ( 'NONE',  ( -7.799999999999999800, 0.3263577300498246000, -0.2749802463347622600 ) ) ;
#1370 = CARTESIAN_POINT ( 'NONE',  ( -7.799999999999998900, 0.1611593261578520600, -0.2710956892129671700 ) ) ;
#1371 = B_SPLINE_CURVE_WITH_KNOTS ( 'NONE', 3,
 ( #1429, #1428, #1427, #1426, #1425, #1424, #1423, #1422, #1421, #1420, #1419, #1418 ),
 .UNSPECIFIED., .F., .F.,
 ( 4, 2, 2, 2, 2, 4 ),
 ( 2.527084014453781400E-018, 0.001033840694520823100, 0.002067681389041643100, 0.003101522083562462700, 0.003618442430822873400, 0.004135362778083283600 ),
 .UNSPECIFIED. ) ;
#1372 = CARTESIAN_POINT ( 'NONE',  ( -4.041451884327345900, 7.000000000000016000, -0.5683483519688777900 ) ) ;
#1373 = CARTESIAN_POINT ( 'NONE',  ( 4.041451884315488700, 6.999999999999999100, -0.5683483519602700000 ) ) ;
#1374 = DIRECTION ( 'NONE',  ( 1.000000000000000000, 0.0000000000000000000, 0.0000000000000000000 ) ) ;
#1375 = DIRECTION ( 'NONE',  ( 0.0000000000000000000, 0.0000000000000000000, 1.000000000000000000 ) ) ;
#1376 = CARTESIAN_POINT ( 'NONE',  ( 0.0000000000000000000, 0.0000000000000000000, -1.315830701515183300 ) ) ;
#1377 = CARTESIAN_POINT ( 'NONE',  ( 6.062177826491063300, 3.500000000000012400, 0.0000000000000000000 ) ) ;
#1378 = CARTESIAN_POINT ( 'NONE',  ( 5.890003723043752100, 3.798214294918371700, 6.389540098053610200E-016 ) ) ;
#1379 = CARTESIAN_POINT ( 'NONE',  ( 5.717848444968541200, 4.096395983335791700, 0.0007167573425559860100 ) ) ;
#1380 = CARTESIAN_POINT ( 'NONE',  ( 5.373347704868393700, 4.693088768434318300, -0.005090792940048750000 ) ) ;
#1381 = CARTESIAN_POINT ( 'NONE',  ( 5.200527635417326000, 4.992421909291147500, -0.01168992692828321900 ) ) ;
#1382 = CARTESIAN_POINT ( 'NONE',  ( 4.857155580067254300, 5.587159755056820400, -0.05701684580000615500 ) ) ;
#1383 = CARTESIAN_POINT ( 'NONE',  ( 4.686569626717068900, 5.882623293316917100, -0.09498514578819503000 ) ) ;
#1384 = CARTESIAN_POINT ( 'NONE',  ( 4.434896950543102200, 6.318533155327055600, -0.2104573185407538600 ) ) ;
#1385 = CARTESIAN_POINT ( 'NONE',  ( 4.350944698629444200, 6.463942721051330900, -0.2594492369183558600 ) ) ;
#1386 = CARTESIAN_POINT ( 'NONE',  ( 4.189642514904709200, 6.743326298634379200, -0.3874547238464902700 ) ) ;
#1387 = CARTESIAN_POINT ( 'NONE',  ( 4.112465058320042400, 6.877001574637962000, -0.4654690882810715300 ) ) ;
#1388 = CARTESIAN_POINT ( 'NONE',  ( 4.041451884315488700, 6.999999999999999100, -0.5683483519602700000 ) ) ;
#1389 = TOROIDAL_SURFACE ( 'NONE', #1390, 6.999999999999999100, 1.315830701515183800 ) ;
#1390 = AXIS2_PLACEMENT_3D ( 'NONE', #1376, #1375, #1374 ) ;
#1391 = B_SPLINE_CURVE_WITH_KNOTS ( 'NONE', 3,
 ( #1388, #1387, #1386, #1385, #1384, #1383, #1382, #1381, #1380, #1379, #1378, #1377 ),
 .UNSPECIFIED., .F., .F.,
 ( 4, 2, 2, 2, 2, 4 ),
 ( 2.812285941351969100E-007, 0.0005191157499283461000, 0.001037950271262556800, 0.002075619313930976200, 0.003113288356599395500, 0.004150957399267814400 ),
 .UNSPECIFIED. ) ;
#1392 = FACE_OUTER_BOUND ( 'NONE', #254, .T. ) ;
#1393 = DIRECTION ( 'NONE',  ( 0.0000000000000000000, 0.0000000000000000000, 1.000000000000000000 ) ) ;
#1394 = DIRECTION ( 'NONE',  ( -1.000000000000000000, 0.0000000000000000000, 0.0000000000000000000 ) ) ;
#1395 = CARTESIAN_POINT ( 'NONE',  ( -7.799999999999999800, 8.884698620188814300, -7.000000000000000000 ) ) ;
#1396 = AXIS2_PLACEMENT_3D ( 'NONE', #1395, #1394, #1393 ) ;
#1397 = CARTESIAN_POINT ( 'NONE',  ( 0.0000000000000000000, 6.999999999999999100, 0.0000000000000000000 ) ) ;
#1398 = AXIS2_PLACEMENT_3D ( 'NONE', #1464, #1463, #1462 ) ;
#1399 = CARTESIAN_POINT ( 'NONE',  ( -6.062177826491073100, -3.499999999999984000, 0.0000000000000000000 ) ) ;
#1400 = CARTESIAN_POINT ( 'NONE',  ( -5.890003723043875500, -3.798214294918147400, 6.935082255644582100E-016 ) ) ;
#1401 = CARTESIAN_POINT ( 'NONE',  ( -5.717848444968778300, -4.096395983335368900, 0.0007167573425541269300 ) ) ;
#1402 = CARTESIAN_POINT ( 'NONE',  ( -5.373347704868861800, -4.693088768433503000, -0.005090792940034862700 ) ) ;
#1403 = CARTESIAN_POINT ( 'NONE',  ( -5.200527635417911300, -4.992421909290136700, -0.01168992692825149500 ) ) ;
#1404 = CARTESIAN_POINT ( 'NONE',  ( -4.857155580068062600, -5.587159755055433100, -0.05701684579985616400 ) ) ;
#1405 = CARTESIAN_POINT ( 'NONE',  ( -4.686569626717984600, -5.882623293315341500, -0.09498514578794894900 ) ) ;
#1406 = CARTESIAN_POINT ( 'NONE',  ( -4.434896950544168900, -6.318533155325223300, -0.2104573185401873200 ) ) ;
#1407 = CARTESIAN_POINT ( 'NONE',  ( -4.350944698630563300, -6.463942721049409800, -0.2594492369176474900 ) ) ;
#1408 = CARTESIAN_POINT ( 'NONE',  ( -4.189642514905870000, -6.743326298632393200, -0.3874547238454227900 ) ) ;
#1409 = CARTESIAN_POINT ( 'NONE',  ( -4.112465058321212100, -6.877001574635961800, -0.4654690882797817800 ) ) ;
#1410 = CARTESIAN_POINT ( 'NONE',  ( -4.041451884327901900, -6.999999999999101200, -0.5683483519681351600 ) ) ;
#1411 = TOROIDAL_SURFACE ( 'NONE', #1398, 6.999999999999999100, 1.315830701515183800 ) ;
#1412 = B_SPLINE_CURVE_WITH_KNOTS ( 'NONE', 3,
 ( #1410, #1409, #1408, #1407, #1406, #1405, #1404, #1403, #1402, #1401, #1400, #1399 ),
 .UNSPECIFIED., .F., .F.,
 ( 4, 2, 2, 2, 2, 4 ),
 ( 2.812285968955510700E-007, 0.0005191157499307642000, 0.001037950271264632900, 0.002075619313932369200, 0.003113288356600105000, 0.004150957399267840400 ),
 .UNSPECIFIED. ) ;
#1413 = FACE_OUTER_BOUND ( 'NONE', #278, .T. ) ;
#1414 = DIRECTION ( 'NONE',  ( 1.000000000000000000, 0.0000000000000000000, 0.0000000000000000000 ) ) ;
#1415 = DIRECTION ( 'NONE',  ( 0.0000000000000000000, 0.0000000000000000000, 1.000000000000000000 ) ) ;
#1416 = CARTESIAN_POINT ( 'NONE',  ( 0.0000000000000000000, 0.0000000000000000000, -1.315830701515183300 ) ) ;
#1417 = AXIS2_PLACEMENT_3D ( 'NONE', #1416, #1415, #1414 ) ;
#1418 = CARTESIAN_POINT ( 'NONE',  ( 4.041451884315488700, 6.999999999999999100, -0.5683483519602700000 ) ) ;
#1419 = CARTESIAN_POINT ( 'NONE',  ( 3.900090995327079900, 6.999999999999999100, -0.4659511251120971900 ) ) ;
#1420 = CARTESIAN_POINT ( 'NONE',  ( 3.742278884160886500, 6.999999999999999100, -0.3862771065101630000 ) ) ;
#1421 = CARTESIAN_POINT ( 'NONE',  ( 3.423327166190977400, 6.999999999999999100, -0.2598611494622536900 ) ) ;
#1422 = CARTESIAN_POINT ( 'NONE',  ( 3.259230600515832200, 6.999999999999996400, -0.2117599950801106700 ) ) ;
#1423 = CARTESIAN_POINT ( 'NONE',  ( 2.758171037981637300, 6.999999999999999100, -0.09612851327141258600 ) ) ;
#1424 = CARTESIAN_POINT ( 'NONE',  ( 2.411750527655160500, 7.000000000000000000, -0.05716366079889345600 ) ) ;
#1425 = CARTESIAN_POINT ( 'NONE',  ( 1.723676156840922900, 6.999999999999999100, -0.01168062017251014800 ) ) ;
#1426 = CARTESIAN_POINT ( 'NONE',  ( 1.379085681419434300, 7.000000000000000000, -0.005112966094474070100 ) ) ;
#1427 = CARTESIAN_POINT ( 'NONE',  ( 0.6896548736914036600, 7.000000000000000000, 0.0007184838103188002400 ) ) ;
#1428 = CARTESIAN_POINT ( 'NONE',  ( 0.3448151475788122100, 7.000000000000000000, 1.289232144254723300E-013 ) ) ;
#1429 = CARTESIAN_POINT ( 'NONE',  ( 0.0000000000000000000, 6.999999999999999100, 0.0000000000000000000 ) ) ;
#1430 = TOROIDAL_SURFACE ( 'NONE', #1417, 6.999999999999999100, 1.315830701515183800 ) ;
#1431 = FACE_OUTER_BOUND ( 'NONE', #271, .T. ) ;
#1432 = CIRCLE ( 'NONE', #1445, 0.8900000000000010100 ) ;
#1433 = CARTESIAN_POINT ( 'NONE',  ( -6.062177826491050000, 3.500000000000000400, 0.0000000000000000000 ) ) ;
#1434 = CARTESIAN_POINT ( 'NONE',  ( -6.208251845143136500, 3.246992378028826100, 6.670516808525623700E-016 ) ) ;
#1435 = CARTESIAN_POINT ( 'NONE',  ( -6.354326687168426500, 2.993983329933427800, 0.0003732754506473711500 ) ) ;
#1436 = CARTESIAN_POINT ( 'NONE',  ( -6.646468068145517300, 2.487979615087775100, -0.002644364033396387000 ) ) ;
#1437 = CARTESIAN_POINT ( 'NONE',  ( -6.792534562273123900, 2.234985025975292600, -0.006055599971139693900 ) ) ;
#1438 = CARTESIAN_POINT ( 'NONE',  ( -7.084630482442904900, 1.729060051557654000, -0.02968285274938780400 ) ) ;
#1439 = CARTESIAN_POINT ( 'NONE',  ( -7.230130630905613900, 1.477046401911430700, -0.04978122233380036900 ) ) ;
#1440 = CARTESIAN_POINT ( 'NONE',  ( -7.518055819896180700, 0.9783453458009016000, -0.1281304772900530300 ) ) ;
#1441 = CARTESIAN_POINT ( 'NONE',  ( -7.660620803945504600, 0.7314155500472271400, -0.1852048489242537300 ) ) ;
#1442 = CARTESIAN_POINT ( 'NONE',  ( -7.799999999999999800, 0.4900037009627367700, -0.2830808546674130100 ) ) ;
#1443 = DIRECTION ( 'NONE',  ( 0.0000000000000000000, 0.0000000000000000000, -1.000000000000000000 ) ) ;
#1444 = DIRECTION ( 'NONE',  ( 1.000000000000000000, 0.0000000000000000000, 0.0000000000000000000 ) ) ;
#1445 = AXIS2_PLACEMENT_3D ( 'NONE', #1446, #1444, #1443 ) ;
#1446 = CARTESIAN_POINT ( 'NONE',  ( 1.999999999999999600, 5.109999999999998500, -6.000000000000000000 ) ) ;
#1447 = B_SPLINE_CURVE_WITH_KNOTS ( 'NONE', 3,
 ( #1442, #1441, #1440, #1439, #1438, #1437, #1436, #1435, #1434, #1433 ),
 .UNSPECIFIED., .F., .F.,
 ( 4, 2, 2, 2, 4 ),
 ( 2.406871580794271100E-007, 0.0008718058256397207800, 0.001743370964121362100, 0.002614936102603003300, 0.003486501241084644800 ),
 .UNSPECIFIED. ) ;
#1448 = CARTESIAN_POINT ( 'NONE',  ( 4.041451884327361000, -6.999999999999999100, -0.5683483519688696800 ) ) ;
#1449 = CARTESIAN_POINT ( 'NONE',  ( 4.111957372116730600, -6.877880912936393400, -0.4662045910020493100 ) ) ;
#1450 = CARTESIAN_POINT ( 'NONE',  ( 4.190138401999060000, -6.742467396992141800, -0.3870830024291093100 ) ) ;
#1451 = CARTESIAN_POINT ( 'NONE',  ( 4.350150116946782200, -6.465318976896461400, -0.2600580357464263300 ) ) ;
#1452 = CARTESIAN_POINT ( 'NONE',  ( 4.432553841787598300, -6.322591538739243500, -0.2117298057425233400 ) ) ;
#1453 = CARTESIAN_POINT ( 'NONE',  ( 4.684326097701596600, -5.886509199559963400, -0.09562770377400971200 ) ) ;
#1454 = CARTESIAN_POINT ( 'NONE',  ( 4.856654900457651400, -5.588026957578966500, -0.05711232136758250000 ) ) ;
#1455 = CARTESIAN_POINT ( 'NONE',  ( 5.200132624383273900, -4.993106088471671800, -0.01171276375277412900 ) ) ;
#1456 = CARTESIAN_POINT ( 'NONE',  ( 5.372582801638198900, -4.694413619691886200, -0.005113974964074871400 ) ) ;
#1457 = CARTESIAN_POINT ( 'NONE',  ( 5.717387540783046300, -4.097194292802476500, 0.0007192383654557187200 ) ) ;
#1458 = CARTESIAN_POINT ( 'NONE',  ( 5.889781890386929700, -3.798598520350767100, 5.438745614760659100E-016 ) ) ;
#1459 = CARTESIAN_POINT ( 'NONE',  ( 6.062177826491065100, -3.500000000000009300, 0.0000000000000000000 ) ) ;
#1460 = CARTESIAN_POINT ( 'NONE',  ( 7.799999999999999800, 0.4900037009628038800, -0.2830808546674166100 ) ) ;
#1461 = B_SPLINE_CURVE_WITH_KNOTS ( 'NONE', 3,
 ( #1459, #1458, #1457, #1456, #1455, #1454, #1453, #1452, #1451, #1450, #1449, #1448 ),
 .UNSPECIFIED., .F., .F.,
 ( 4, 2, 2, 2, 2, 4 ),
 ( 0.003486501241084623100, 0.004515118713998428300, 0.005543736186912234500, 0.006572353659826039700, 0.007086662396282942700, 0.007600971132739846700 ),
 .UNSPECIFIED. ) ;
#1462 = DIRECTION ( 'NONE',  ( 1.000000000000000000, 0.0000000000000000000, 0.0000000000000000000 ) ) ;
#1463 = DIRECTION ( 'NONE',  ( 0.0000000000000000000, 0.0000000000000000000, 1.000000000000000000 ) ) ;
#1464 = CARTESIAN_POINT ( 'NONE',  ( 0.0000000000000000000, 0.0000000000000000000, -1.315830701515183300 ) ) ;
#1465 = DIRECTION ( 'NONE',  ( 0.0000000000000000000, 0.0000000000000000000, 1.000000000000000000 ) ) ;
#1466 = DIRECTION ( 'NONE',  ( -1.000000000000000000, 0.0000000000000000000, 0.0000000000000000000 ) ) ;
#1467 = CARTESIAN_POINT ( 'NONE',  ( 1.999999999999999600, 5.109999999999998500, -6.000000000000000000 ) ) ;
#1468 = AXIS2_PLACEMENT_3D ( 'NONE', #1467, #1466, #1465 ) ;
#1469 = LINE ( 'NONE', #1530, #1529 ) ;
#1470 = CYLINDRICAL_SURFACE ( 'NONE', #1468, 0.8900000000000010100 ) ;
#1471 = FACE_OUTER_BOUND ( 'NONE', #320, .T. ) ;
#1472 = DIRECTION ( 'NONE',  ( 0.0000000000000000000, 1.000000000000000000, 0.0000000000000000000 ) ) ;
#1473 = VECTOR ( 'NONE', #1472, 1000.000000000000000 ) ;
#1474 = CARTESIAN_POINT ( 'NONE',  ( -2.000000000000000400, 6.999999999999999100, -6.000000000000000000 ) ) ;
#1475 = LINE ( 'NONE', #1474, #1473 ) ;
#1476 = CARTESIAN_POINT ( 'NONE',  ( -2.000000000000000400, 5.500000000000000000, -7.000000000000000000 ) ) ;
#1477 = CARTESIAN_POINT ( 'NONE',  ( 1.999999999999999600, 5.500000000000000000, -7.000000000000000000 ) ) ;
#1478 = DIRECTION ( 'NONE',  ( 0.0000000000000000000, 0.0000000000000000000, 1.000000000000000000 ) ) ;
#1479 = VECTOR ( 'NONE', #1478, 1000.000000000000000 ) ;
#1480 = CARTESIAN_POINT ( 'NONE',  ( 1.999999999999999600, 5.500000000000000000, -7.000000000000000000 ) ) ;
#1481 = LINE ( 'NONE', #1480, #1479 ) ;
#1482 = DIRECTION ( 'NONE',  ( 0.0000000000000000000, 0.0000000000000000000, -1.000000000000000000 ) ) ;
#1483 = DIRECTION ( 'NONE',  ( 0.0000000000000000000, -1.000000000000000000, 0.0000000000000000000 ) ) ;
#1484 = CARTESIAN_POINT ( 'NONE',  ( 1.999999999999999600, 5.500000000000000000, -7.000000000000000000 ) ) ;
#1485 = AXIS2_PLACEMENT_3D ( 'NONE', #1484, #1483, #1482 ) ;
#1486 = PLANE ( 'NONE',  #1485 ) ;
#1487 = DIRECTION ( 'NONE',  ( 0.0000000000000000000, 0.0000000000000000000, -1.000000000000000000 ) ) ;
#1488 = DIRECTION ( 'NONE',  ( 1.000000000000000000, 0.0000000000000000000, 0.0000000000000000000 ) ) ;
#1489 = CARTESIAN_POINT ( 'NONE',  ( -2.000000000000000400, 5.109999999999998500, -6.000000000000000000 ) ) ;
#1490 = AXIS2_PLACEMENT_3D ( 'NONE', #1489, #1488, #1487 ) ;
#1491 = CIRCLE ( 'NONE', #1490, 0.8900000000000010100 ) ;
#1492 = FACE_OUTER_BOUND ( 'NONE', #295, .T. ) ;
#1493 = CARTESIAN_POINT ( 'NONE',  ( -2.000000000000000400, 5.500000000000000000, -6.800000000000000700 ) ) ;
#1494 = DIRECTION ( 'NONE',  ( -1.000000000000000000, 0.0000000000000000000, 0.0000000000000000000 ) ) ;
#1495 = VECTOR ( 'NONE', #1494, 1000.000000000000000 ) ;
#1496 = CARTESIAN_POINT ( 'NONE',  ( 1.999999999999999600, 5.500000000000000000, -6.800000000000000700 ) ) ;
#1497 = LINE ( 'NONE', #1496, #1495 ) ;
#1498 = CARTESIAN_POINT ( 'NONE',  ( 1.999999999999999600, 5.500000000000000000, -6.800000000000000700 ) ) ;
#1499 = DIRECTION ( 'NONE',  ( 0.0000000000000000000, 0.0000000000000000000, 1.000000000000000000 ) ) ;
#1500 = CARTESIAN_POINT ( 'NONE',  ( 0.0000000000000000000, 0.0000000000000000000, 6.899999999999999500 ) ) ;
#1501 = AXIS2_PLACEMENT_3D ( 'NONE', #1500, #1499, #1566 ) ;
#1502 = CIRCLE ( 'NONE', #1565, 2.750000000000000000 ) ;
#1503 = CYLINDRICAL_SURFACE ( 'NONE', #1501, 1.050000000000000000 ) ;
#1504 = FACE_OUTER_BOUND ( 'NONE', #246, .T. ) ;
#1505 = DIRECTION ( 'NONE',  ( 1.000000000000000000, 0.0000000000000000000, 0.0000000000000000000 ) ) ;
#1506 = DIRECTION ( 'NONE',  ( 0.0000000000000000000, 0.0000000000000000000, 1.000000000000000000 ) ) ;
#1507 = CARTESIAN_POINT ( 'NONE',  ( 0.0000000000000000000, 0.0000000000000000000, 6.899999999999999500 ) ) ;
#1508 = AXIS2_PLACEMENT_3D ( 'NONE', #1507, #1506, #1505 ) ;
#1509 = CIRCLE ( 'NONE', #1508, 1.050000000000000000 ) ;
#1510 = DIRECTION ( 'NONE',  ( 1.000000000000000000, 0.0000000000000000000, 0.0000000000000000000 ) ) ;
#1511 = DIRECTION ( 'NONE',  ( 0.0000000000000000000, 0.0000000000000000000, 1.000000000000000000 ) ) ;
#1512 = CARTESIAN_POINT ( 'NONE',  ( 0.0000000000000000000, 0.0000000000000000000, 6.899999999999999500 ) ) ;
#1513 = AXIS2_PLACEMENT_3D ( 'NONE', #1512, #1511, #1510 ) ;
#1514 = PLANE ( 'NONE',  #1513 ) ;
#1515 = DIRECTION ( 'NONE',  ( 1.000000000000000000, 0.0000000000000000000, 0.0000000000000000000 ) ) ;
#1516 = DIRECTION ( 'NONE',  ( 0.0000000000000000000, 0.0000000000000000000, 1.000000000000000000 ) ) ;
#1517 = CARTESIAN_POINT ( 'NONE',  ( 1.999999999999999600, 6.999999999999999100, -6.000000000000000000 ) ) ;
#1518 = AXIS2_PLACEMENT_3D ( 'NONE', #1517, #1516, #1515 ) ;
#1519 = FACE_OUTER_BOUND ( 'NONE', #315, .T. ) ;
#1520 = PLANE ( 'NONE',  #1518 ) ;
#1521 = FACE_OUTER_BOUND ( 'NONE', #322, .T. ) ;
#1522 = CARTESIAN_POINT ( 'NONE',  ( 1.999999999999999600, 5.999999999999999100, -6.000000000000000000 ) ) ;
#1523 = DIRECTION ( 'NONE',  ( 0.0000000000000000000, 1.000000000000000000, 0.0000000000000000000 ) ) ;
#1524 = VECTOR ( 'NONE', #1523, 1000.000000000000000 ) ;
#1525 = CARTESIAN_POINT ( 'NONE',  ( 1.999999999999999600, 6.999999999999999100, -6.000000000000000000 ) ) ;
#1526 = LINE ( 'NONE', #1525, #1524 ) ;
#1527 = CARTESIAN_POINT ( 'NONE',  ( -2.000000000000000400, 5.999999999999999100, -6.000000000000000000 ) ) ;
#1528 = DIRECTION ( 'NONE',  ( -1.000000000000000000, 0.0000000000000000000, 0.0000000000000000000 ) ) ;
#1529 = VECTOR ( 'NONE', #1528, 1000.000000000000000 ) ;
#1530 = CARTESIAN_POINT ( 'NONE',  ( 1.999999999999999600, 5.999999999999999100, -6.000000000000000000 ) ) ;
#1531 = FACE_BOUND ( 'NONE', #351, .T. ) ;
#1532 = DIRECTION ( 'NONE',  ( 0.0000000000000000000, 0.0000000000000000000, -1.000000000000000000 ) ) ;
#1533 = AXIS2_PLACEMENT_3D ( 'NONE', #1539, #1532, #1597 ) ;
#1534 = FACE_OUTER_BOUND ( 'NONE', #328, .T. ) ;
#1535 = DIRECTION ( 'NONE',  ( 0.0000000000000000000, 1.000000000000000000, 0.0000000000000000000 ) ) ;
#1536 = VECTOR ( 'NONE', #1535, 1000.000000000000000 ) ;
#1537 = CARTESIAN_POINT ( 'NONE',  ( -2.000000000000000400, 5.109999999999998500, -7.000000000000000000 ) ) ;
#1538 = LINE ( 'NONE', #1537, #1536 ) ;
#1539 = CARTESIAN_POINT ( 'NONE',  ( 0.0000000000000000000, 0.7500000000000006700, -11.00000000000000000 ) ) ;
#1540 = DIRECTION ( 'NONE',  ( 0.0000000000000000000, 0.0000000000000000000, -1.000000000000000000 ) ) ;
#1541 = DIRECTION ( 'NONE',  ( 1.000000000000000000, 0.0000000000000000000, 0.0000000000000000000 ) ) ;
#1542 = CARTESIAN_POINT ( 'NONE',  ( -2.000000000000000400, 5.109999999999998500, -6.000000000000000000 ) ) ;
#1543 = AXIS2_PLACEMENT_3D ( 'NONE', #1542, #1541, #1540 ) ;
#1544 = PLANE ( 'NONE',  #1543 ) ;
#1545 = FACE_OUTER_BOUND ( 'NONE', #342, .T. ) ;
#1546 = CARTESIAN_POINT ( 'NONE',  ( 6.928203230275495500, -1.626303258728256700E-015, -8.200000000000001100 ) ) ;
#1547 = DIRECTION ( 'NONE',  ( 0.0000000000000000000, 0.0000000000000000000, 1.000000000000000000 ) ) ;
#1548 = VECTOR ( 'NONE', #1547, 1000.000000000000000 ) ;
#1549 = CARTESIAN_POINT ( 'NONE',  ( 6.928203230275495500, -1.626303258728256700E-015, -8.200000000000001100 ) ) ;
#1550 = LINE ( 'NONE', #1549, #1548 ) ;
#1551 = CARTESIAN_POINT ( 'NONE',  ( 6.928203230275495500, -1.626303258728256700E-015, -7.200000000000000200 ) ) ;
#1552 = DIRECTION ( 'NONE',  ( -1.000000000000000000, 1.173683280263408700E-016, 0.0000000000000000000 ) ) ;
#1553 = VECTOR ( 'NONE', #1552, 1000.000000000000000 ) ;
#1554 = CARTESIAN_POINT ( 'NONE',  ( -6.928203230275490100, 0.0000000000000000000, -7.200000000000000200 ) ) ;
#1555 = LINE ( 'NONE', #1554, #1553 ) ;
#1556 = DIRECTION ( 'NONE',  ( 1.000000000000000000, -1.173683280263408700E-016, 0.0000000000000000000 ) ) ;
#1557 = DIRECTION ( 'NONE',  ( -1.173683280263408700E-016, -1.000000000000000000, 0.0000000000000000000 ) ) ;
#1558 = CARTESIAN_POINT ( 'NONE',  ( -6.928203230275490100, 0.0000000000000000000, -8.200000000000001100 ) ) ;
#1559 = AXIS2_PLACEMENT_3D ( 'NONE', #1558, #1557, #1556 ) ;
#1560 = PLANE ( 'NONE',  #1559 ) ;
#1561 = FACE_OUTER_BOUND ( 'NONE', #332, .T. ) ;
#1562 = DIRECTION ( 'NONE',  ( -1.000000000000000000, 0.0000000000000000000, 0.0000000000000000000 ) ) ;
#1563 = DIRECTION ( 'NONE',  ( 0.0000000000000000000, 0.0000000000000000000, -1.000000000000000000 ) ) ;
#1564 = CARTESIAN_POINT ( 'NONE',  ( 0.0000000000000000000, 0.7500000000000006700, -11.00000000000000000 ) ) ;
#1565 = AXIS2_PLACEMENT_3D ( 'NONE', #1564, #1563, #1562 ) ;
#1566 = DIRECTION ( 'NONE',  ( 1.000000000000000000, 0.0000000000000000000, 0.0000000000000000000 ) ) ;
#1567 = CARTESIAN_POINT ( 'NONE',  ( 6.928203230275495500, -1.626303258728256700E-015, -7.200000000000000200 ) ) ;
#1568 = LINE ( 'NONE', #1567, #1632 ) ;
#1569 = DIRECTION ( 'NONE',  ( 0.0000000000000000000, 0.0000000000000000000, 1.000000000000000000 ) ) ;
#1570 = VECTOR ( 'NONE', #1569, 1000.000000000000000 ) ;
#1571 = CARTESIAN_POINT ( 'NONE',  ( 3.464101615137742800, -5.999999999999999100, -8.200000000000001100 ) ) ;
#1572 = LINE ( 'NONE', #1571, #1570 ) ;
#1573 = DIRECTION ( 'NONE',  ( -0.5000000000000000000, -0.8660254037844386000, 0.0000000000000000000 ) ) ;
#1574 = DIRECTION ( 'NONE',  ( -0.8660254037844387100, 0.5000000000000001100, 0.0000000000000000000 ) ) ;
#1575 = CARTESIAN_POINT ( 'NONE',  ( 6.928203230275495500, -1.626303258728256700E-015, -8.200000000000001100 ) ) ;
#1576 = AXIS2_PLACEMENT_3D ( 'NONE', #1575, #1574, #1573 ) ;
#1577 = PLANE ( 'NONE',  #1576 ) ;
#1578 = FACE_OUTER_BOUND ( 'NONE', #367, .T. ) ;
#1579 = DIRECTION ( 'NONE',  ( 0.0000000000000000000, 1.000000000000000000, 0.0000000000000000000 ) ) ;
#1580 = VECTOR ( 'NONE', #1579, 1000.000000000000000 ) ;
#1581 = CARTESIAN_POINT ( 'NONE',  ( 1.999999999999999600, 5.109999999999998500, -7.000000000000000000 ) ) ;
#1582 = LINE ( 'NONE', #1581, #1580 ) ;
#1583 = DIRECTION ( 'NONE',  ( 0.0000000000000000000, 0.0000000000000000000, -1.000000000000000000 ) ) ;
#1584 = DIRECTION ( 'NONE',  ( 1.000000000000000000, 0.0000000000000000000, 0.0000000000000000000 ) ) ;
#1585 = CARTESIAN_POINT ( 'NONE',  ( 1.999999999999999600, 5.109999999999998500, -6.000000000000000000 ) ) ;
#1586 = AXIS2_PLACEMENT_3D ( 'NONE', #1585, #1584, #1583 ) ;
#1587 = PLANE ( 'NONE',  #1586 ) ;
#1588 = FACE_OUTER_BOUND ( 'NONE', #357, .T. ) ;
#1589 = DIRECTION ( 'NONE',  ( 0.0000000000000000000, 0.0000000000000000000, 1.000000000000000000 ) ) ;
#1590 = VECTOR ( 'NONE', #1589, 1000.000000000000000 ) ;
#1591 = CARTESIAN_POINT ( 'NONE',  ( -2.000000000000000400, 5.500000000000000000, -7.000000000000000000 ) ) ;
#1592 = LINE ( 'NONE', #1591, #1590 ) ;
#1593 = DIRECTION ( 'NONE',  ( -1.000000000000000000, 0.0000000000000000000, 0.0000000000000000000 ) ) ;
#1594 = VECTOR ( 'NONE', #1593, 1000.000000000000000 ) ;
#1595 = CARTESIAN_POINT ( 'NONE',  ( 1.999999999999999600, 5.500000000000000000, -7.000000000000000000 ) ) ;
#1596 = LINE ( 'NONE', #1595, #1594 ) ;
#1597 = DIRECTION ( 'NONE',  ( -1.000000000000000000, 0.0000000000000000000, 0.0000000000000000000 ) ) ;
#1598 = PLANE ( 'NONE',  #1599 ) ;
#1599 = AXIS2_PLACEMENT_3D ( 'NONE', #1663, #1662, #1661 ) ;
#1600 = FACE_OUTER_BOUND ( 'NONE', #394, .T. ) ;
#1601 = DIRECTION ( 'NONE',  ( 1.000000000000000000, -1.173683280263408700E-016, 0.0000000000000000000 ) ) ;
#1602 = VECTOR ( 'NONE', #1601, 1000.000000000000000 ) ;
#1603 = CARTESIAN_POINT ( 'NONE',  ( -6.928203230275490100, 0.0000000000000000000, -8.200000000000001100 ) ) ;
#1604 = LINE ( 'NONE', #1603, #1602 ) ;
#1605 = DIRECTION ( 'NONE',  ( -0.4999999999999998900, 0.8660254037844387100, 0.0000000000000000000 ) ) ;
#1606 = VECTOR ( 'NONE', #1605, 1000.000000000000100 ) ;
#1607 = CARTESIAN_POINT ( 'NONE',  ( -3.464101615137737500, -5.999999999999999100, -8.200000000000001100 ) ) ;
#1608 = LINE ( 'NONE', #1607, #1606 ) ;
#1609 = CARTESIAN_POINT ( 'NONE',  ( -3.464101615137737500, -5.999999999999999100, -8.200000000000001100 ) ) ;
#1610 = DIRECTION ( 'NONE',  ( -1.000000000000000000, 0.0000000000000000000, 0.0000000000000000000 ) ) ;
#1611 = VECTOR ( 'NONE', #1610, 1000.000000000000000 ) ;
#1612 = CARTESIAN_POINT ( 'NONE',  ( 3.464101615137742800, -5.999999999999999100, -8.200000000000001100 ) ) ;
#1613 = LINE ( 'NONE', #1612, #1611 ) ;
#1614 = CARTESIAN_POINT ( 'NONE',  ( 3.464101615137742800, -5.999999999999999100, -8.200000000000001100 ) ) ;
#1615 = DIRECTION ( 'NONE',  ( -0.4999999999999999400, -0.8660254037844386000, 0.0000000000000000000 ) ) ;
#1616 = VECTOR ( 'NONE', #1615, 1000.000000000000100 ) ;
#1617 = CARTESIAN_POINT ( 'NONE',  ( 6.928203230275495500, -1.626303258728256700E-015, -8.200000000000001100 ) ) ;
#1618 = LINE ( 'NONE', #1617, #1616 ) ;
#1619 = DIRECTION ( 'NONE',  ( -1.000000000000000000, 0.0000000000000000000, 0.0000000000000000000 ) ) ;
#1620 = DIRECTION ( 'NONE',  ( 0.0000000000000000000, 0.0000000000000000000, -1.000000000000000000 ) ) ;
#1621 = CARTESIAN_POINT ( 'NONE',  ( 6.928203230275495500, -2.377460558096836500E-015, -8.200000000000001100 ) ) ;
#1622 = AXIS2_PLACEMENT_3D ( 'NONE', #1621, #1620, #1619 ) ;
#1623 = PLANE ( 'NONE',  #1622 ) ;
#1624 = FACE_OUTER_BOUND ( 'NONE', #324, .T. ) ;
#1625 = DIRECTION ( 'NONE',  ( 0.0000000000000000000, 0.0000000000000000000, 1.000000000000000000 ) ) ;
#1626 = DIRECTION ( 'NONE',  ( 0.0000000000000000000, 1.000000000000000000, 0.0000000000000000000 ) ) ;
#1627 = CARTESIAN_POINT ( 'NONE',  ( 3.464101615137742800, -5.999999999999999100, -8.200000000000001100 ) ) ;
#1628 = AXIS2_PLACEMENT_3D ( 'NONE', #1627, #1626, #1625 ) ;
#1629 = PLANE ( 'NONE',  #1628 ) ;
#1630 = FACE_OUTER_BOUND ( 'NONE', #376, .T. ) ;
#1631 = DIRECTION ( 'NONE',  ( 0.0000000000000000000, 0.0000000000000000000, 1.000000000000000000 ) ) ;
#1632 = VECTOR ( 'NONE', #1631, 1000.000000000000000 ) ;
#1633 = VECTOR ( 'NONE', #1697, 1000.000000000000000 ) ;
#1634 = CARTESIAN_POINT ( 'NONE',  ( 1.530757942277971800E-016, -35.00000000000000000, -6.349999999999999600 ) ) ;
#1635 = LINE ( 'NONE', #1634, #1633 ) ;
#1636 = CARTESIAN_POINT ( 'NONE',  ( 4.999999999999996400, 2.886751345948131800, 1.000000000000013500 ) ) ;
#1637 = DIRECTION ( 'NONE',  ( -0.8660254037844379300, 0.5000000000000011100, 1.745741680554694800E-015 ) ) ;
#1638 = VECTOR ( 'NONE', #1637, 1000.000000000000100 ) ;
#1639 = CARTESIAN_POINT ( 'NONE',  ( 4.999999999999996400, 2.886751345948131800, 1.000000000000013500 ) ) ;
#1640 = LINE ( 'NONE', #1639, #1638 ) ;
#1641 = DIRECTION ( 'NONE',  ( 0.0000000000000000000, -1.000000000000000000, -3.491483361109382100E-015 ) ) ;
#1642 = DIRECTION ( 'NONE',  ( -1.000000000000000000, 0.0000000000000000000, 0.0000000000000000000 ) ) ;
#1643 = CARTESIAN_POINT ( 'NONE',  ( 4.999999999999996400, -2.886751345948138400, 2.999999999999993300 ) ) ;
#1644 = AXIS2_PLACEMENT_3D ( 'NONE', #1643, #1642, #1641 ) ;
#1645 = PLANE ( 'NONE',  #1644 ) ;
#1646 = FACE_OUTER_BOUND ( 'NONE', #407, .T. ) ;
#1647 = DIRECTION ( 'NONE',  ( 1.000000000000000000, -1.173683280263408700E-016, 0.0000000000000000000 ) ) ;
#1648 = VECTOR ( 'NONE', #1647, 1000.000000000000000 ) ;
#1649 = CARTESIAN_POINT ( 'NONE',  ( -6.928203230275490100, 0.0000000000000000000, -8.200000000000001100 ) ) ;
#1650 = LINE ( 'NONE', #1649, #1648 ) ;
#1651 = DIRECTION ( 'NONE',  ( -1.000000000000000000, 1.173683280263408700E-016, 0.0000000000000000000 ) ) ;
#1652 = VECTOR ( 'NONE', #1651, 1000.000000000000000 ) ;
#1653 = CARTESIAN_POINT ( 'NONE',  ( -6.928203230275490100, 0.0000000000000000000, -7.200000000000000200 ) ) ;
#1654 = LINE ( 'NONE', #1653, #1652 ) ;
#1655 = CARTESIAN_POINT ( 'NONE',  ( -6.928203230275490100, 0.0000000000000000000, -7.200000000000000200 ) ) ;
#1656 = CARTESIAN_POINT ( 'NONE',  ( -6.928203230275490100, 0.0000000000000000000, -8.200000000000001100 ) ) ;
#1657 = DIRECTION ( 'NONE',  ( 0.0000000000000000000, 0.0000000000000000000, 1.000000000000000000 ) ) ;
#1658 = VECTOR ( 'NONE', #1657, 1000.000000000000000 ) ;
#1659 = CARTESIAN_POINT ( 'NONE',  ( -6.928203230275490100, 0.0000000000000000000, -8.200000000000001100 ) ) ;
#1660 = LINE ( 'NONE', #1659, #1658 ) ;
#1661 = DIRECTION ( 'NONE',  ( 1.000000000000000000, -1.173683280263408700E-016, 0.0000000000000000000 ) ) ;
#1662 = DIRECTION ( 'NONE',  ( -1.173683280263408700E-016, -1.000000000000000000, 0.0000000000000000000 ) ) ;
#1663 = CARTESIAN_POINT ( 'NONE',  ( -6.928203230275490100, 0.0000000000000000000, -8.200000000000001100 ) ) ;
#1664 = CARTESIAN_POINT ( 'NONE',  ( -2.241140015287443900E-015, 5.773502691896268000, 1.000000000000023500 ) ) ;
#1665 = CARTESIAN_POINT ( 'NONE',  ( -5.000000000000003600, -2.886751345948131800, 0.9999999999999935600 ) ) ;
#1666 = DIRECTION ( 'NONE',  ( 0.8660254037844380400, -0.5000000000000010000, -1.745741680554694600E-015 ) ) ;
#1667 = VECTOR ( 'NONE', #1666, 1000.000000000000000 ) ;
#1668 = CARTESIAN_POINT ( 'NONE',  ( -5.000000000000003600, -2.886751345948131800, 0.9999999999999935600 ) ) ;
#1669 = LINE ( 'NONE', #1668, #1667 ) ;
#1670 = DIRECTION ( 'NONE',  ( 0.0000000000000000000, 1.000000000000000000, 3.491483361109382100E-015 ) ) ;
#1671 = VECTOR ( 'NONE', #1670, 1000.000000000000000 ) ;
#1672 = CARTESIAN_POINT ( 'NONE',  ( 4.999999999999996400, -2.886751345948131800, 0.9999999999999935600 ) ) ;
#1673 = LINE ( 'NONE', #1672, #1671 ) ;
#1674 = DIRECTION ( 'NONE',  ( -0.8660254037844380400, 0.5000000000000010000, 1.745741680554694600E-015 ) ) ;
#1675 = DIRECTION ( 'NONE',  ( 0.5000000000000010000, 0.8660254037844380400, 3.023713287611399600E-015 ) ) ;
#1676 = CARTESIAN_POINT ( 'NONE',  ( -5.000000000000003600, -2.886751345948138400, 2.999999999999993300 ) ) ;
#1677 = AXIS2_PLACEMENT_3D ( 'NONE', #1676, #1675, #1674 ) ;
#1678 = PLANE ( 'NONE',  #1677 ) ;
#1679 = FACE_OUTER_BOUND ( 'NONE', #426, .T. ) ;
#1680 = DIRECTION ( 'NONE',  ( 0.0000000000000000000, 3.491483361109382100E-015, -1.000000000000000000 ) ) ;
#1681 = VECTOR ( 'NONE', #1680, 1000.000000000000000 ) ;
#1682 = CARTESIAN_POINT ( 'NONE',  ( -5.000000000000003600, -2.886751345948138400, 2.999999999999993300 ) ) ;
#1683 = LINE ( 'NONE', #1682, #1681 ) ;
#1684 = DIRECTION ( 'NONE',  ( 0.0000000000000000000, 1.000000000000000000, 3.491483361109382100E-015 ) ) ;
#1685 = DIRECTION ( 'NONE',  ( 1.000000000000000000, 0.0000000000000000000, 0.0000000000000000000 ) ) ;
#1686 = CARTESIAN_POINT ( 'NONE',  ( -5.000000000000003600, 2.886751345948124700, 3.000000000000013800 ) ) ;
#1687 = AXIS2_PLACEMENT_3D ( 'NONE', #1686, #1685, #1684 ) ;
#1688 = PLANE ( 'NONE',  #1687 ) ;
#1689 = FACE_OUTER_BOUND ( 'NONE', #419, .T. ) ;
#1690 = CARTESIAN_POINT ( 'NONE',  ( 0.0000000000000000000, -10.00000000000000200, -3.849999999999999200 ) ) ;
#1691 = DIRECTION ( 'NONE',  ( 0.0000000000000000000, 0.0000000000000000000, 1.000000000000000000 ) ) ;
#1692 = DIRECTION ( 'NONE',  ( 0.0000000000000000000, -1.000000000000000000, 0.0000000000000000000 ) ) ;
#1693 = CARTESIAN_POINT ( 'NONE',  ( 0.0000000000000000000, -10.00000000000000200, -5.099999999999999600 ) ) ;
#1694 = AXIS2_PLACEMENT_3D ( 'NONE', #1693, #1692, #1691 ) ;
#1695 = CIRCLE ( 'NONE', #1694, 1.250000000000000200 ) ;
#1696 = CARTESIAN_POINT ( 'NONE',  ( 1.530757942277971800E-016, -10.00000000000000200, -6.349999999999999600 ) ) ;
#1697 = DIRECTION ( 'NONE',  ( 0.0000000000000000000, 1.000000000000000000, 0.0000000000000000000 ) ) ;
#1698 = CIRCLE ( 'NONE', #1762, 3.000000000000000400 ) ;
#1699 = DIRECTION ( 'NONE',  ( -0.8660254037844380400, -0.5000000000000010000, -1.745741680554694600E-015 ) ) ;
#1700 = VECTOR ( 'NONE', #1699, 1000.000000000000000 ) ;
#1701 = CARTESIAN_POINT ( 'NONE',  ( -2.241140015287443900E-015, 5.773502691896268000, 1.000000000000023500 ) ) ;
#1702 = LINE ( 'NONE', #1701, #1700 ) ;
#1703 = CARTESIAN_POINT ( 'NONE',  ( -5.000000000000003600, 2.886751345948131800, 1.000000000000013500 ) ) ;
#1704 = DIRECTION ( 'NONE',  ( 0.0000000000000000000, -1.000000000000000000, -3.491483361109382100E-015 ) ) ;
#1705 = VECTOR ( 'NONE', #1704, 1000.000000000000000 ) ;
#1706 = CARTESIAN_POINT ( 'NONE',  ( -5.000000000000003600, 2.886751345948131800, 1.000000000000013500 ) ) ;
#1707 = LINE ( 'NONE', #1706, #1705 ) ;
#1708 = CARTESIAN_POINT ( 'NONE',  ( 2.750000000000000000, 0.7500000000000010000, -11.00000000000000000 ) ) ;
#1709 = DIRECTION ( 'NONE',  ( 0.0000000000000000000, 0.0000000000000000000, -1.000000000000000000 ) ) ;
#1710 = VECTOR ( 'NONE', #1709, 1000.000000000000000 ) ;
#1711 = CARTESIAN_POINT ( 'NONE',  ( 2.750000000000000000, 0.7500000000000010000, -10.90000000000000000 ) ) ;
#1712 = LINE ( 'NONE', #1711, #1710 ) ;
#1713 = DIRECTION ( 'NONE',  ( 0.0000000000000000000, 0.0000000000000000000, 1.000000000000000000 ) ) ;
#1714 = VECTOR ( 'NONE', #1713, 1000.000000000000000 ) ;
#1715 = CARTESIAN_POINT ( 'NONE',  ( -6.928203230275490100, 0.0000000000000000000, -7.200000000000000200 ) ) ;
#1716 = LINE ( 'NONE', #1715, #1714 ) ;
#1717 = DIRECTION ( 'NONE',  ( -0.4999999999999998300, 0.8660254037844387100, 0.0000000000000000000 ) ) ;
#1718 = DIRECTION ( 'NONE',  ( 0.8660254037844387100, 0.4999999999999998300, 0.0000000000000000000 ) ) ;
#1719 = CARTESIAN_POINT ( 'NONE',  ( -3.464101615137737500, -5.999999999999999100, -8.200000000000001100 ) ) ;
#1720 = AXIS2_PLACEMENT_3D ( 'NONE', #1719, #1718, #1717 ) ;
#1721 = PLANE ( 'NONE',  #1720 ) ;
#1722 = FACE_OUTER_BOUND ( 'NONE', #441, .T. ) ;
#1723 = DIRECTION ( 'NONE',  ( 0.0000000000000000000, 0.0000000000000000000, 1.000000000000000000 ) ) ;
#1724 = VECTOR ( 'NONE', #1723, 1000.000000000000000 ) ;
#1725 = CARTESIAN_POINT ( 'NONE',  ( -3.464101615137737500, -5.999999999999999100, -8.200000000000001100 ) ) ;
#1726 = LINE ( 'NONE', #1725, #1724 ) ;
#1727 = CARTESIAN_POINT ( 'NONE',  ( 4.999999999999996400, -2.886751345948131800, 0.9999999999999935600 ) ) ;
#1728 = VECTOR ( 'NONE', #1796, 1000.000000000000000 ) ;
#1729 = CARTESIAN_POINT ( 'NONE',  ( 4.999999999999996400, -2.886751345948138400, 2.999999999999993300 ) ) ;
#1730 = LINE ( 'NONE', #1729, #1728 ) ;
#1731 = DIRECTION ( 'NONE',  ( -0.8660254037844379300, -0.5000000000000011100, -1.745741680554694800E-015 ) ) ;
#1732 = DIRECTION ( 'NONE',  ( -0.5000000000000012200, 0.8660254037844380400, 3.023713287611400000E-015 ) ) ;
#1733 = CARTESIAN_POINT ( 'NONE',  ( -2.241140015287443900E-015, -5.773502691896275100, 2.999999999999983600 ) ) ;
#1734 = AXIS2_PLACEMENT_3D ( 'NONE', #1733, #1732, #1731 ) ;
#1735 = PLANE ( 'NONE',  #1734 ) ;
#1736 = FACE_OUTER_BOUND ( 'NONE', #479, .T. ) ;
#1737 = DIRECTION ( 'NONE',  ( 0.0000000000000000000, 3.491483361109382100E-015, -1.000000000000000000 ) ) ;
#1738 = VECTOR ( 'NONE', #1737, 1000.000000000000000 ) ;
#1739 = CARTESIAN_POINT ( 'NONE',  ( -2.241140015287443900E-015, -5.773502691896275100, 2.999999999999983600 ) ) ;
#1740 = DIRECTION ( 'NONE',  ( 0.0000000000000000000, 0.0000000000000000000, 1.000000000000000000 ) ) ;
#1741 = DIRECTION ( 'NONE',  ( 0.0000000000000000000, 1.000000000000000000, 0.0000000000000000000 ) ) ;
#1742 = CARTESIAN_POINT ( 'NONE',  ( 0.0000000000000000000, -35.00000000000000000, -5.099999999999999600 ) ) ;
#1743 = AXIS2_PLACEMENT_3D ( 'NONE', #1742, #1741, #1740 ) ;
#1744 = LINE ( 'NONE', #1739, #1738 ) ;
#1745 = CYLINDRICAL_SURFACE ( 'NONE', #1743, 1.250000000000000200 ) ;
#1746 = DIRECTION ( 'NONE',  ( 0.0000000000000000000, 1.000000000000000000, 3.469446951953613800E-015 ) ) ;
#1747 = DIRECTION ( 'NONE',  ( 0.0000000000000000000, 3.491483361109382100E-015, -1.000000000000000000 ) ) ;
#1748 = CARTESIAN_POINT ( 'NONE',  ( 0.0000000000000000000, -6.982966722218766500E-015, 3.000000000000003600 ) ) ;
#1749 = AXIS2_PLACEMENT_3D ( 'NONE', #1748, #1747, #1746 ) ;
#1750 = FACE_OUTER_BOUND ( 'NONE', #474, .T. ) ;
#1751 = CYLINDRICAL_SURFACE ( 'NONE', #1749, 3.000000000000000400 ) ;
#1752 = FACE_OUTER_BOUND ( 'NONE', #466, .T. ) ;
#1753 = DIRECTION ( 'NONE',  ( 0.8660254037844379300, -0.5000000000000011100, -1.745741680554694800E-015 ) ) ;
#1754 = DIRECTION ( 'NONE',  ( -0.5000000000000012200, -0.8660254037844380400, -3.023713287611400000E-015 ) ) ;
#1755 = CARTESIAN_POINT ( 'NONE',  ( 4.999999999999996400, 2.886751345948124700, 3.000000000000013800 ) ) ;
#1756 = AXIS2_PLACEMENT_3D ( 'NONE', #1755, #1754, #1753 ) ;
#1757 = PLANE ( 'NONE',  #1756 ) ;
#1758 = FACE_OUTER_BOUND ( 'NONE', #458, .T. ) ;
#1759 = DIRECTION ( 'NONE',  ( 0.0000000000000000000, -1.000000000000000000, -3.469446951953613800E-015 ) ) ;
#1760 = DIRECTION ( 'NONE',  ( 0.0000000000000000000, -3.491483361109382100E-015, 1.000000000000000000 ) ) ;
#1761 = CARTESIAN_POINT ( 'NONE',  ( 0.0000000000000000000, -7.703719777548943400E-031, 1.000000000000003600 ) ) ;
#1762 = AXIS2_PLACEMENT_3D ( 'NONE', #1761, #1760, #1759 ) ;
#1763 = CARTESIAN_POINT ( 'NONE',  ( 0.0000000000000000000, -35.00000000000000000, -3.849999999999999200 ) ) ;
#1764 = CARTESIAN_POINT ( 'NONE',  ( 1.530757942277971800E-016, -35.00000000000000000, -6.349999999999999600 ) ) ;
#1765 = DIRECTION ( 'NONE',  ( 0.0000000000000000000, 0.0000000000000000000, -1.000000000000000000 ) ) ;
#1766 = DIRECTION ( 'NONE',  ( 0.0000000000000000000, -1.000000000000000000, 0.0000000000000000000 ) ) ;
#1767 = CARTESIAN_POINT ( 'NONE',  ( 0.0000000000000000000, -35.00000000000000000, -5.099999999999999600 ) ) ;
#1768 = AXIS2_PLACEMENT_3D ( 'NONE', #1767, #1766, #1765 ) ;
#1769 = CIRCLE ( 'NONE', #1768, 1.250000000000000200 ) ;
#1770 = DIRECTION ( 'NONE',  ( 0.5000000000000001100, -0.8660254037844386000, 0.0000000000000000000 ) ) ;
#1771 = VECTOR ( 'NONE', #1770, 1000.000000000000100 ) ;
#1772 = CARTESIAN_POINT ( 'NONE',  ( 6.928203230275495500, -1.626303258728256700E-015, -7.200000000000000200 ) ) ;
#1773 = LINE ( 'NONE', #1772, #1771 ) ;
#1774 = CARTESIAN_POINT ( 'NONE',  ( 3.464101615137740200, 5.999999999999999100, -7.200000000000000200 ) ) ;
#1775 = DIRECTION ( 'NONE',  ( 1.000000000000000000, 0.0000000000000000000, 0.0000000000000000000 ) ) ;
#1776 = VECTOR ( 'NONE', #1775, 1000.000000000000000 ) ;
#1777 = CARTESIAN_POINT ( 'NONE',  ( 3.464101615137740200, 5.999999999999999100, -7.200000000000000200 ) ) ;
#1778 = LINE ( 'NONE', #1777, #1776 ) ;
#1779 = CARTESIAN_POINT ( 'NONE',  ( -3.464101615137735700, 5.999999999999999100, -7.200000000000000200 ) ) ;
#1780 = DIRECTION ( 'NONE',  ( 0.5000000000000001100, 0.8660254037844386000, 0.0000000000000000000 ) ) ;
#1781 = VECTOR ( 'NONE', #1780, 1000.000000000000000 ) ;
#1782 = CARTESIAN_POINT ( 'NONE',  ( -3.464101615137735700, 5.999999999999999100, -7.200000000000000200 ) ) ;
#1783 = LINE ( 'NONE', #1782, #1781 ) ;
#1784 = DIRECTION ( 'NONE',  ( -1.000000000000000000, 0.0000000000000000000, 0.0000000000000000000 ) ) ;
#1785 = DIRECTION ( 'NONE',  ( 0.0000000000000000000, 0.0000000000000000000, -1.000000000000000000 ) ) ;
#1786 = CARTESIAN_POINT ( 'NONE',  ( -6.928203230275490100, 0.0000000000000000000, -7.200000000000000200 ) ) ;
#1787 = AXIS2_PLACEMENT_3D ( 'NONE', #1786, #1785, #1784 ) ;
#1788 = PLANE ( 'NONE',  #1787 ) ;
#1789 = FACE_OUTER_BOUND ( 'NONE', #487, .T. ) ;
#1790 = DIRECTION ( 'NONE',  ( 0.5000000000000001100, 0.8660254037844386000, 0.0000000000000000000 ) ) ;
#1791 = DIRECTION ( 'NONE',  ( 0.8660254037844386000, -0.5000000000000001100, 0.0000000000000000000 ) ) ;
#1792 = CARTESIAN_POINT ( 'NONE',  ( -3.464101615137735700, 5.999999999999999100, -7.200000000000000200 ) ) ;
#1793 = AXIS2_PLACEMENT_3D ( 'NONE', #1792, #1791, #1790 ) ;
#1794 = PLANE ( 'NONE',  #1793 ) ;
#1795 = FACE_OUTER_BOUND ( 'NONE', #484, .T. ) ;
#1796 = DIRECTION ( 'NONE',  ( 0.0000000000000000000, 3.491483361109382100E-015, -1.000000000000000000 ) ) ;
#1797 = CYLINDRICAL_SURFACE ( 'NONE', #1800, 2.750000000000000000 ) ;
#1798 = AXIS2_PLACEMENT_3D ( 'NONE', #2068, #2067, #2062 ) ;
#1799 = CIRCLE ( 'NONE', #1798, 1.050000000000000000 ) ;
#1800 = AXIS2_PLACEMENT_3D ( 'NONE', #1271, #1860, #1859 ) ;
#1801 = FACE_OUTER_BOUND ( 'NONE', #518, .T. ) ;
#1802 = DIRECTION ( 'NONE',  ( 0.0000000000000000000, 1.000000000000000000, 0.0000000000000000000 ) ) ;
#1803 = VECTOR ( 'NONE', #1802, 1000.000000000000000 ) ;
#1804 = CARTESIAN_POINT ( 'NONE',  ( 0.0000000000000000000, -35.00000000000000000, -3.849999999999999200 ) ) ;
#1805 = LINE ( 'NONE', #1804, #1803 ) ;
#1806 = CARTESIAN_POINT ( 'NONE',  ( -2.241140015287443900E-015, -5.773502691896268000, 0.9999999999999835700 ) ) ;
#1807 = DIRECTION ( 'NONE',  ( 0.8660254037844379300, 0.5000000000000011100, 1.745741680554694800E-015 ) ) ;
#1808 = VECTOR ( 'NONE', #1807, 1000.000000000000100 ) ;
#1809 = CARTESIAN_POINT ( 'NONE',  ( -2.241140015287443900E-015, -5.773502691896268000, 0.9999999999999835700 ) ) ;
#1810 = LINE ( 'NONE', #1809, #1808 ) ;
#1811 = DIRECTION ( 'NONE',  ( 0.0000000000000000000, 3.491483361109382100E-015, -1.000000000000000000 ) ) ;
#1812 = VECTOR ( 'NONE', #1811, 1000.000000000000000 ) ;
#1813 = CARTESIAN_POINT ( 'NONE',  ( -5.000000000000003600, 2.886751345948124700, 3.000000000000013800 ) ) ;
#1814 = LINE ( 'NONE', #1813, #1812 ) ;
#1815 = DIRECTION ( 'NONE',  ( 0.8660254037844380400, 0.5000000000000010000, 1.745741680554694600E-015 ) ) ;
#1816 = DIRECTION ( 'NONE',  ( 0.5000000000000010000, -0.8660254037844380400, -3.023713287611399600E-015 ) ) ;
#1817 = CARTESIAN_POINT ( 'NONE',  ( -2.241140015287443900E-015, 5.773502691896261800, 3.000000000000023500 ) ) ;
#1818 = AXIS2_PLACEMENT_3D ( 'NONE', #1817, #1816, #1815 ) ;
#1819 = PLANE ( 'NONE',  #1818 ) ;
#1820 = FACE_OUTER_BOUND ( 'NONE', #508, .T. ) ;
#1821 = DIRECTION ( 'NONE',  ( 0.0000000000000000000, 3.491483361109382100E-015, -1.000000000000000000 ) ) ;
#1822 = VECTOR ( 'NONE', #1821, 1000.000000000000000 ) ;
#1823 = CARTESIAN_POINT ( 'NONE',  ( 4.999999999999996400, 2.886751345948124700, 3.000000000000013800 ) ) ;
#1824 = LINE ( 'NONE', #1823, #1822 ) ;
#1825 = DIRECTION ( 'NONE',  ( 0.0000000000000000000, 3.491483361109382100E-015, -1.000000000000000000 ) ) ;
#1826 = VECTOR ( 'NONE', #1825, 1000.000000000000000 ) ;
#1827 = CARTESIAN_POINT ( 'NONE',  ( -2.241140015287443900E-015, 5.773502691896261800, 3.000000000000023500 ) ) ;
#1828 = LINE ( 'NONE', #1827, #1826 ) ;
#1829 = CIRCLE ( 'NONE', #1892, 2.750000000000000000 ) ;
#1830 = DIRECTION ( 'NONE',  ( -1.000000000000000000, 0.0000000000000000000, 0.0000000000000000000 ) ) ;
#1831 = DIRECTION ( 'NONE',  ( 0.0000000000000000000, 0.0000000000000000000, -1.000000000000000000 ) ) ;
#1832 = AXIS2_PLACEMENT_3D ( 'NONE', #1834, #1831, #1830 ) ;
#1833 = CYLINDRICAL_SURFACE ( 'NONE', #1832, 2.750000000000000000 ) ;
#1834 = CARTESIAN_POINT ( 'NONE',  ( 0.0000000000000000000, 0.7500000000000006700, -10.90000000000000000 ) ) ;
#1835 = DIRECTION ( 'NONE',  ( 0.5000000000000001100, -0.8660254037844386000, 0.0000000000000000000 ) ) ;
#1836 = DIRECTION ( 'NONE',  ( -0.8660254037844386000, -0.5000000000000001100, 0.0000000000000000000 ) ) ;
#1837 = CARTESIAN_POINT ( 'NONE',  ( 6.928203230275495500, -1.626303258728256700E-015, -7.200000000000000200 ) ) ;
#1838 = AXIS2_PLACEMENT_3D ( 'NONE', #1837, #1836, #1835 ) ;
#1839 = FACE_OUTER_BOUND ( 'NONE', #539, .T. ) ;
#1840 = PLANE ( 'NONE',  #1838 ) ;
#1841 = FACE_OUTER_BOUND ( 'NONE', #533, .T. ) ;
#1842 = CARTESIAN_POINT ( 'NONE',  ( -0.8485281374238501400, -0.5227922061357898100, -10.90000000000000000 ) ) ;
#1843 = DIRECTION ( 'NONE',  ( -0.7071067811865513500, 0.7071067811865435800, 0.0000000000000000000 ) ) ;
#1844 = VECTOR ( 'NONE', #1843, 1000.000000000000100 ) ;
#1845 = CARTESIAN_POINT ( 'NONE',  ( -0.8485281374238501400, -0.5227922061357898100, -10.90000000000000000 ) ) ;
#1846 = LINE ( 'NONE', #1845, #1844 ) ;
#1847 = CARTESIAN_POINT ( 'NONE',  ( -1.272792206135781000, -0.09852813742386357100, -10.90000000000000000 ) ) ;
#1848 = DIRECTION ( 'NONE',  ( 0.7071067811865438000, 0.7071067811865513500, 0.0000000000000000000 ) ) ;
#1849 = VECTOR ( 'NONE', #1848, 1000.000000000000000 ) ;
#1850 = CARTESIAN_POINT ( 'NONE',  ( -1.272792206135781000, -0.09852813742386357100, -10.90000000000000000 ) ) ;
#1851 = LINE ( 'NONE', #1850, #1849 ) ;
#1852 = CARTESIAN_POINT ( 'NONE',  ( -2.750000000000000000, 0.7500000000000006700, -10.90000000000000000 ) ) ;
#1853 = CARTESIAN_POINT ( 'NONE',  ( 2.750000000000000000, 0.7500000000000010000, -10.90000000000000000 ) ) ;
#1854 = DIRECTION ( 'NONE',  ( -1.000000000000000000, 0.0000000000000000000, 0.0000000000000000000 ) ) ;
#1855 = DIRECTION ( 'NONE',  ( 0.0000000000000000000, 0.0000000000000000000, -1.000000000000000000 ) ) ;
#1856 = CARTESIAN_POINT ( 'NONE',  ( 0.0000000000000000000, 0.7500000000000006700, -10.90000000000000000 ) ) ;
#1857 = AXIS2_PLACEMENT_3D ( 'NONE', #1856, #1855, #1854 ) ;
#1858 = CIRCLE ( 'NONE', #1857, 2.750000000000000000 ) ;
#1859 = DIRECTION ( 'NONE',  ( -1.000000000000000000, 0.0000000000000000000, 0.0000000000000000000 ) ) ;
#1860 = DIRECTION ( 'NONE',  ( 0.0000000000000000000, 0.0000000000000000000, -1.000000000000000000 ) ) ;
#1861 = DIRECTION ( 'NONE',  ( -0.7071067811865435800, -0.7071067811865514600, 0.0000000000000000000 ) ) ;
#1862 = VECTOR ( 'NONE', #1861, 1000.000000000000000 ) ;
#1863 = CARTESIAN_POINT ( 'NONE',  ( 1.272792206135780800, 1.598528137423864900, -10.80000000000000100 ) ) ;
#1864 = LINE ( 'NONE', #1863, #1862 ) ;
#1865 = DIRECTION ( 'NONE',  ( 1.000000000000000000, 0.0000000000000000000, 0.0000000000000000000 ) ) ;
#1866 = VECTOR ( 'NONE', #1865, 1000.000000000000000 ) ;
#1867 = CARTESIAN_POINT ( 'NONE',  ( 3.464101615137740200, 5.999999999999999100, -7.000000000000000000 ) ) ;
#1868 = LINE ( 'NONE', #1867, #1866 ) ;
#1869 = DIRECTION ( 'NONE',  ( -1.000000000000000000, 0.0000000000000000000, 0.0000000000000000000 ) ) ;
#1870 = DIRECTION ( 'NONE',  ( 0.0000000000000000000, 0.0000000000000000000, -1.000000000000000000 ) ) ;
#1871 = CARTESIAN_POINT ( 'NONE',  ( -6.928203230275490100, 0.0000000000000000000, -7.000000000000000000 ) ) ;
#1872 = AXIS2_PLACEMENT_3D ( 'NONE', #1871, #1870, #1869 ) ;
#1873 = PLANE ( 'NONE',  #1872 ) ;
#1874 = FACE_OUTER_BOUND ( 'NONE', #558, .T. ) ;
#1875 = DIRECTION ( 'NONE',  ( 0.0000000000000000000, 0.0000000000000000000, 1.000000000000000000 ) ) ;
#1876 = VECTOR ( 'NONE', #1875, 1000.000000000000000 ) ;
#1877 = CARTESIAN_POINT ( 'NONE',  ( 3.464101615137740200, 5.999999999999999100, -7.200000000000000200 ) ) ;
#1878 = LINE ( 'NONE', #1877, #1876 ) ;
#1879 = DIRECTION ( 'NONE',  ( 0.0000000000000000000, 0.0000000000000000000, -1.000000000000000000 ) ) ;
#1880 = DIRECTION ( 'NONE',  ( 0.0000000000000000000, -1.000000000000000000, 0.0000000000000000000 ) ) ;
#1881 = CARTESIAN_POINT ( 'NONE',  ( 3.464101615137740200, 5.999999999999999100, -7.200000000000000200 ) ) ;
#1882 = AXIS2_PLACEMENT_3D ( 'NONE', #1881, #1880, #1879 ) ;
#1883 = PLANE ( 'NONE',  #1882 ) ;
#1884 = FACE_OUTER_BOUND ( 'NONE', #548, .T. ) ;
#1885 = DIRECTION ( 'NONE',  ( 0.0000000000000000000, 0.0000000000000000000, 1.000000000000000000 ) ) ;
#1886 = VECTOR ( 'NONE', #1885, 1000.000000000000000 ) ;
#1887 = CARTESIAN_POINT ( 'NONE',  ( -3.464101615137735700, 5.999999999999999100, -7.200000000000000200 ) ) ;
#1888 = LINE ( 'NONE', #1887, #1886 ) ;
#1889 = DIRECTION ( 'NONE',  ( -1.000000000000000000, 0.0000000000000000000, 0.0000000000000000000 ) ) ;
#1890 = DIRECTION ( 'NONE',  ( 0.0000000000000000000, 0.0000000000000000000, -1.000000000000000000 ) ) ;
#1891 = CARTESIAN_POINT ( 'NONE',  ( 0.0000000000000000000, 0.7500000000000006700, -10.90000000000000000 ) ) ;
#1892 = AXIS2_PLACEMENT_3D ( 'NONE', #1891, #1890, #1889 ) ;
#1893 = DIRECTION ( 'NONE',  ( -0.7071067811865512400, 0.7071067811865439100, 0.0000000000000000000 ) ) ;
#1894 = DIRECTION ( 'NONE',  ( 0.7071067811865439100, 0.7071067811865512400, 0.0000000000000000000 ) ) ;
#1895 = CARTESIAN_POINT ( 'NONE',  ( 0.8485281374238505800, 2.022792206135790600, -10.80000000000000100 ) ) ;
#1896 = AXIS2_PLACEMENT_3D ( 'NONE', #1895, #1894, #1893 ) ;
#1897 = PLANE ( 'NONE',  #1896 ) ;
#1898 = FACE_OUTER_BOUND ( 'NONE', #585, .T. ) ;
#1899 = DIRECTION ( 'NONE',  ( -0.7071067811865435800, -0.7071067811865514600, 0.0000000000000000000 ) ) ;
#1900 = VECTOR ( 'NONE', #1899, 1000.000000000000000 ) ;
#1901 = CARTESIAN_POINT ( 'NONE',  ( 1.272792206135780800, 1.598528137423864900, -10.90000000000000000 ) ) ;
#1902 = LINE ( 'NONE', #1901, #1900 ) ;
#1903 = DIRECTION ( 'NONE',  ( 0.7071067811865513500, -0.7071067811865436900, 0.0000000000000000000 ) ) ;
#1904 = DIRECTION ( 'NONE',  ( -0.7071067811865436900, -0.7071067811865513500, 0.0000000000000000000 ) ) ;
#1905 = CARTESIAN_POINT ( 'NONE',  ( -0.8485281374238501400, -0.5227922061357898100, -10.80000000000000100 ) ) ;
#1906 = AXIS2_PLACEMENT_3D ( 'NONE', #1905, #1904, #1903 ) ;
#1907 = PLANE ( 'NONE',  #1906 ) ;
#1908 = FACE_OUTER_BOUND ( 'NONE', #578, .T. ) ;
#1909 = DIRECTION ( 'NONE',  ( 0.0000000000000000000, 0.0000000000000000000, -1.000000000000000000 ) ) ;
#1910 = VECTOR ( 'NONE', #1909, 1000.000000000000000 ) ;
#1911 = CARTESIAN_POINT ( 'NONE',  ( -1.272792206135781000, -0.09852813742386357100, -10.80000000000000100 ) ) ;
#1912 = LINE ( 'NONE', #1911, #1910 ) ;
#1913 = CARTESIAN_POINT ( 'NONE',  ( -1.272792206135781000, -0.09852813742386357100, -10.80000000000000100 ) ) ;
#1914 = DIRECTION ( 'NONE',  ( 0.7071067811865438000, 0.7071067811865513500, 0.0000000000000000000 ) ) ;
#1915 = VECTOR ( 'NONE', #1914, 1000.000000000000000 ) ;
#1916 = CARTESIAN_POINT ( 'NONE',  ( -1.272792206135781000, -0.09852813742386357100, -10.80000000000000100 ) ) ;
#1917 = LINE ( 'NONE', #1916, #1915 ) ;
#1918 = DIRECTION ( 'NONE',  ( -0.7071067811865438000, -0.7071067811865513500, 0.0000000000000000000 ) ) ;
#1919 = DIRECTION ( 'NONE',  ( -0.7071067811865513500, 0.7071067811865438000, 0.0000000000000000000 ) ) ;
#1920 = CARTESIAN_POINT ( 'NONE',  ( -1.272792206135781000, -0.09852813742386357100, -10.80000000000000100 ) ) ;
#1921 = AXIS2_PLACEMENT_3D ( 'NONE', #1920, #1919, #1918 ) ;
#1922 = PLANE ( 'NONE',  #1921 ) ;
#1923 = FACE_OUTER_BOUND ( 'NONE', #594, .T. ) ;
#1924 = DIRECTION ( 'NONE',  ( 0.0000000000000000000, 0.0000000000000000000, -1.000000000000000000 ) ) ;
#1925 = VECTOR ( 'NONE', #1924, 1000.000000000000000 ) ;
#1926 = CARTESIAN_POINT ( 'NONE',  ( 0.8485281374238505800, 2.022792206135790600, -10.80000000000000100 ) ) ;
#1927 = LINE ( 'NONE', #1926, #1925 ) ;
#1928 = DIRECTION ( 'NONE',  ( 2.282530889443167000E-016, 0.0000000000000000000, -1.000000000000000000 ) ) ;
#1929 = VECTOR ( 'NONE', #1928, 1000.000000000000000 ) ;
#1930 = CARTESIAN_POINT ( 'NONE',  ( -1.900000000000000100, -9.999999999999998200, -3.199999999999999700 ) ) ;
#1931 = LINE ( 'NONE', #1930, #1929 ) ;
#1932 = DIRECTION ( 'NONE',  ( 0.0000000000000000000, 0.0000000000000000000, -1.000000000000000000 ) ) ;
#1933 = VECTOR ( 'NONE', #1932, 1000.000000000000000 ) ;
#1934 = CARTESIAN_POINT ( 'NONE',  ( -1.899999999999999000, -7.099999999999999600, -6.899999999999999500 ) ) ;
#1935 = LINE ( 'NONE', #1934, #1933 ) ;
#1936 = CARTESIAN_POINT ( 'NONE',  ( -1.899999999999999200, -7.100000000000000500, -6.899999999999999500 ) ) ;
#1937 = CARTESIAN_POINT ( 'NONE',  ( 1.272792206135780800, 1.598528137423864900, -10.90000000000000000 ) ) ;
#1938 = CARTESIAN_POINT ( 'NONE',  ( 0.8485281374238505800, 2.022792206135790600, -10.90000000000000000 ) ) ;
#1939 = DIRECTION ( 'NONE',  ( 0.7071067811865513500, -0.7071067811865438000, 0.0000000000000000000 ) ) ;
#1940 = VECTOR ( 'NONE', #1939, 1000.000000000000000 ) ;
#1941 = CARTESIAN_POINT ( 'NONE',  ( 0.8485281374238505800, 2.022792206135790600, -10.90000000000000000 ) ) ;
#1942 = LINE ( 'NONE', #1941, #1940 ) ;
#1943 = DIRECTION ( 'NONE',  ( -1.000000000000000000, 0.0000000000000000000, 0.0000000000000000000 ) ) ;
#1944 = DIRECTION ( 'NONE',  ( 0.0000000000000000000, 0.0000000000000000000, -1.000000000000000000 ) ) ;
#1945 = CARTESIAN_POINT ( 'NONE',  ( 0.0000000000000000000, 0.7500000000000006700, -10.90000000000000000 ) ) ;
#1946 = AXIS2_PLACEMENT_3D ( 'NONE', #1945, #1944, #1943 ) ;
#1947 = PLANE ( 'NONE',  #1946 ) ;
#1948 = FACE_OUTER_BOUND ( 'NONE', #581, .T. ) ;
#1949 = FACE_BOUND ( 'NONE', #598, .T. ) ;
#1950 = CARTESIAN_POINT ( 'NONE',  ( 0.8485281374238505800, 2.022792206135790600, -10.80000000000000100 ) ) ;
#1951 = DIRECTION ( 'NONE',  ( 0.7071067811865513500, -0.7071067811865438000, 0.0000000000000000000 ) ) ;
#1952 = VECTOR ( 'NONE', #1951, 1000.000000000000000 ) ;
#1953 = CARTESIAN_POINT ( 'NONE',  ( 0.8485281374238505800, 2.022792206135790600, -10.80000000000000100 ) ) ;
#1954 = LINE ( 'NONE', #1953, #1952 ) ;
#1955 = CARTESIAN_POINT ( 'NONE',  ( 1.272792206135780800, 1.598528137423864900, -10.80000000000000100 ) ) ;
#1956 = DIRECTION ( 'NONE',  ( 0.0000000000000000000, 0.0000000000000000000, -1.000000000000000000 ) ) ;
#1957 = VECTOR ( 'NONE', #1956, 1000.000000000000000 ) ;
#1958 = CARTESIAN_POINT ( 'NONE',  ( 1.272792206135780800, 1.598528137423864900, -10.80000000000000100 ) ) ;
#1959 = LINE ( 'NONE', #1958, #1957 ) ;
#1960 = DIRECTION ( 'NONE',  ( 0.0000000000000000000, 0.0000000000000000000, -1.000000000000000000 ) ) ;
#1961 = VECTOR ( 'NONE', #1960, 1000.000000000000000 ) ;
#1962 = CARTESIAN_POINT ( 'NONE',  ( 1.899999999999999700, -7.100000000000000500, -6.899999999999999500 ) ) ;
#1963 = LINE ( 'NONE', #1962, #1961 ) ;
#1964 = DIRECTION ( 'NONE',  ( -1.141265444721583500E-016, 0.0000000000000000000, 1.000000000000000000 ) ) ;
#1965 = DIRECTION ( 'NONE',  ( -1.000000000000000000, 0.0000000000000000000, -1.141265444721583500E-016 ) ) ;
#1966 = CARTESIAN_POINT ( 'NONE',  ( 1.899999999999999500, -9.999999999999998200, -3.199999999999999300 ) ) ;
#1967 = AXIS2_PLACEMENT_3D ( 'NONE', #1966, #1965, #1964 ) ;
#1968 = PLANE ( 'NONE',  #1967 ) ;
#1969 = FACE_OUTER_BOUND ( 'NONE', #629, .T. ) ;
#1970 = DIRECTION ( 'NONE',  ( 1.000000000000000000, 0.0000000000000000000, 0.0000000000000000000 ) ) ;
#1971 = DIRECTION ( 'NONE',  ( 0.0000000000000000000, 0.0000000000000000000, 1.000000000000000000 ) ) ;
#1972 = CARTESIAN_POINT ( 'NONE',  ( 0.8485281374238501400, 2.022792206135790100, -10.80000000000000100 ) ) ;
#1973 = AXIS2_PLACEMENT_3D ( 'NONE', #1972, #1971, #1970 ) ;
#1974 = PLANE ( 'NONE',  #1973 ) ;
#1975 = FACE_OUTER_BOUND ( 'NONE', #623, .T. ) ;
#1976 = DIRECTION ( 'NONE',  ( -1.000000000000000000, 0.0000000000000000000, -1.141265444721583800E-016 ) ) ;
#1977 = DIRECTION ( 'NONE',  ( 1.141265444721583800E-016, 0.0000000000000000000, -1.000000000000000000 ) ) ;
#1978 = CARTESIAN_POINT ( 'NONE',  ( 1.899999999999999500, -9.999999999999998200, -3.199999999999999300 ) ) ;
#1979 = AXIS2_PLACEMENT_3D ( 'NONE', #1978, #1977, #1976 ) ;
#1980 = PLANE ( 'NONE',  #1979 ) ;
#1981 = FACE_OUTER_BOUND ( 'NONE', #618, .T. ) ;
#1982 = DIRECTION ( 'NONE',  ( -1.141265444721583800E-016, 0.0000000000000000000, 1.000000000000000000 ) ) ;
#1983 = VECTOR ( 'NONE', #1982, 1000.000000000000000 ) ;
#1984 = CARTESIAN_POINT ( 'NONE',  ( 1.899999999999999500, -9.999999999999998200, -3.199999999999999300 ) ) ;
#1985 = LINE ( 'NONE', #1984, #1983 ) ;
#1986 = CARTESIAN_POINT ( 'NONE',  ( 1.899999999999999500, -9.999999999999998200, -3.199999999999999300 ) ) ;
#1987 = DIRECTION ( 'NONE',  ( 0.0000000000000000000, 1.000000000000000000, 0.0000000000000000000 ) ) ;
#1988 = VECTOR ( 'NONE', #1987, 1000.000000000000000 ) ;
#1989 = CARTESIAN_POINT ( 'NONE',  ( 1.899999999999999500, -9.999999999999998200, -3.199999999999999300 ) ) ;
#1990 = LINE ( 'NONE', #1989, #1988 ) ;
#1991 = DIRECTION ( 'NONE',  ( 0.0000000000000000000, -1.000000000000000000, 0.0000000000000000000 ) ) ;
#1992 = VECTOR ( 'NONE', #1991, 1000.000000000000000 ) ;
#1993 = CARTESIAN_POINT ( 'NONE',  ( 1.899999999999999700, -6.999999999999999100, -6.899999999999999500 ) ) ;
#1994 = LINE ( 'NONE', #1993, #1992 ) ;
#1995 = DIRECTION ( 'NONE',  ( 1.000000000000000000, -2.282530889443168000E-016, 0.0000000000000000000 ) ) ;
#1996 = DIRECTION ( 'NONE',  ( -2.282530889443168000E-016, -1.000000000000000000, 0.0000000000000000000 ) ) ;
#1997 = CARTESIAN_POINT ( 'NONE',  ( -1.899999999999999000, -7.099999999999999600, -6.899999999999999500 ) ) ;
#1998 = AXIS2_PLACEMENT_3D ( 'NONE', #1997, #1996, #1995 ) ;
#1999 = PLANE ( 'NONE',  #1998 ) ;
#2000 = FACE_OUTER_BOUND ( 'NONE', #659, .T. ) ;
#2001 = DIRECTION ( 'NONE',  ( 0.0000000000000000000, 0.0000000000000000000, 1.000000000000000000 ) ) ;
#2002 = DIRECTION ( 'NONE',  ( 0.0000000000000000000, 1.000000000000000000, 0.0000000000000000000 ) ) ;
#2003 = CARTESIAN_POINT ( 'NONE',  ( 0.0000000000000000000, -10.00000000000000000, -5.099999999999999600 ) ) ;
#2004 = AXIS2_PLACEMENT_3D ( 'NONE', #2003, #2002, #2001 ) ;
#2005 = PLANE ( 'NONE',  #2004 ) ;
#2006 = FACE_BOUND ( 'NONE', #655, .T. ) ;
#2007 = FACE_OUTER_BOUND ( 'NONE', #672, .T. ) ;
#2008 = DIRECTION ( 'NONE',  ( 0.0000000000000000000, 0.0000000000000000000, 1.000000000000000000 ) ) ;
#2009 = DIRECTION ( 'NONE',  ( 0.0000000000000000000, -1.000000000000000000, 0.0000000000000000000 ) ) ;
#2010 = CARTESIAN_POINT ( 'NONE',  ( 0.0000000000000000000, -10.00000000000000200, -5.099999999999999600 ) ) ;
#2011 = AXIS2_PLACEMENT_3D ( 'NONE', #2010, #2009, #2008 ) ;
#2012 = CIRCLE ( 'NONE', #2011, 1.250000000000000200 ) ;
#2013 = DIRECTION ( 'NONE',  ( 0.7071067811865435800, 0.7071067811865514600, 0.0000000000000000000 ) ) ;
#2014 = DIRECTION ( 'NONE',  ( 0.7071067811865514600, -0.7071067811865435800, 0.0000000000000000000 ) ) ;
#2015 = CARTESIAN_POINT ( 'NONE',  ( 1.272792206135780800, 1.598528137423864900, -10.80000000000000100 ) ) ;
#2016 = AXIS2_PLACEMENT_3D ( 'NONE', #2015, #2014, #2013 ) ;
#2017 = PLANE ( 'NONE',  #2016 ) ;
#2018 = FACE_OUTER_BOUND ( 'NONE', #642, .T. ) ;
#2019 = DIRECTION ( 'NONE',  ( 0.0000000000000000000, 0.0000000000000000000, -1.000000000000000000 ) ) ;
#2020 = VECTOR ( 'NONE', #2019, 1000.000000000000000 ) ;
#2021 = CARTESIAN_POINT ( 'NONE',  ( -0.8485281374238501400, -0.5227922061357898100, -10.80000000000000100 ) ) ;
#2022 = LINE ( 'NONE', #2021, #2020 ) ;
#2023 = CARTESIAN_POINT ( 'NONE',  ( -0.8485281374238501400, -0.5227922061357898100, -10.80000000000000100 ) ) ;
#2024 = DIRECTION ( 'NONE',  ( -0.7071067811865513500, 0.7071067811865435800, 0.0000000000000000000 ) ) ;
#2025 = VECTOR ( 'NONE', #2024, 1000.000000000000100 ) ;
#2026 = CARTESIAN_POINT ( 'NONE',  ( -0.8485281374238501400, -0.5227922061357898100, -10.80000000000000100 ) ) ;
#2027 = LINE ( 'NONE', #2026, #2025 ) ;
#2028 = CARTESIAN_POINT ( 'NONE',  ( 1.899999999999999700, -7.100000000000000500, -6.899999999999999500 ) ) ;
#2029 = DIRECTION ( 'NONE',  ( 2.282530889443167000E-016, 0.0000000000000000000, -1.000000000000000000 ) ) ;
#2030 = DIRECTION ( 'NONE',  ( 1.000000000000000000, 0.0000000000000000000, 2.282530889443167000E-016 ) ) ;
#2031 = CARTESIAN_POINT ( 'NONE',  ( -1.900000000000000100, -9.999999999999998200, -3.199999999999999700 ) ) ;
#2032 = AXIS2_PLACEMENT_3D ( 'NONE', #2031, #2030, #2029 ) ;
#2033 = PLANE ( 'NONE',  #2032 ) ;
#2034 = FACE_OUTER_BOUND ( 'NONE', #678, .T. ) ;
#2035 = DIRECTION ( 'NONE',  ( -1.000000000000000000, 0.0000000000000000000, -1.141265444721583800E-016 ) ) ;
#2036 = VECTOR ( 'NONE', #2035, 1000.000000000000000 ) ;
#2037 = CARTESIAN_POINT ( 'NONE',  ( 1.899999999999999500, -9.999999999999998200, -3.199999999999999300 ) ) ;
#2038 = LINE ( 'NONE', #2037, #2036 ) ;
#2039 = CARTESIAN_POINT ( 'NONE',  ( -1.900000000000000100, -9.999999999999998200, -3.199999999999999700 ) ) ;
#2040 = DIRECTION ( 'NONE',  ( 0.0000000000000000000, 1.000000000000000000, 0.0000000000000000000 ) ) ;
#2041 = VECTOR ( 'NONE', #2040, 1000.000000000000000 ) ;
#2042 = CARTESIAN_POINT ( 'NONE',  ( -1.900000000000000100, -9.999999999999998200, -3.199999999999999700 ) ) ;
#2043 = LINE ( 'NONE', #2042, #2041 ) ;
#2044 = DIRECTION ( 'NONE',  ( 0.0000000000000000000, 0.0000000000000000000, 1.000000000000000000 ) ) ;
#2045 = DIRECTION ( 'NONE',  ( 0.0000000000000000000, 1.000000000000000000, 0.0000000000000000000 ) ) ;
#2046 = CARTESIAN_POINT ( 'NONE',  ( 0.0000000000000000000, -35.00000000000000000, -5.099999999999999600 ) ) ;
#2047 = AXIS2_PLACEMENT_3D ( 'NONE', #2046, #2045, #2044 ) ;
#2048 = CYLINDRICAL_SURFACE ( 'NONE', #2047, 1.250000000000000200 ) ;
#2049 = FACE_OUTER_BOUND ( 'NONE', #667, .T. ) ;
#2050 = DIRECTION ( 'NONE',  ( 0.0000000000000000000, 0.0000000000000000000, -1.000000000000000000 ) ) ;
#2051 = DIRECTION ( 'NONE',  ( 0.0000000000000000000, -1.000000000000000000, 0.0000000000000000000 ) ) ;
#2052 = CARTESIAN_POINT ( 'NONE',  ( 0.0000000000000000000, -35.00000000000000000, -5.099999999999999600 ) ) ;
#2053 = AXIS2_PLACEMENT_3D ( 'NONE', #2052, #2051, #2050 ) ;
#2054 = CIRCLE ( 'NONE', #2053, 1.250000000000000200 ) ;
#2055 = DIRECTION ( 'NONE',  ( 0.0000000000000000000, 0.0000000000000000000, -1.000000000000000000 ) ) ;
#2056 = DIRECTION ( 'NONE',  ( 0.0000000000000000000, -1.000000000000000000, 0.0000000000000000000 ) ) ;
#2057 = CARTESIAN_POINT ( 'NONE',  ( 0.0000000000000000000, -35.00000000000000000, -5.099999999999999600 ) ) ;
#2058 = AXIS2_PLACEMENT_3D ( 'NONE', #2057, #2056, #2055 ) ;
#2059 = PLANE ( 'NONE',  #2058 ) ;
#2060 = FACE_OUTER_BOUND ( 'NONE', #662, .T. ) ;
#2061 = CC_DESIGN_APPROVAL ( #2547, ( #2559 ) ) ;
#2062 = DIRECTION ( 'NONE',  ( 1.000000000000000000, 0.0000000000000000000, 0.0000000000000000000 ) ) ;
#2063 = DIRECTION ( 'NONE',  ( 0.0000000000000000000, 1.000000000000000000, 3.469446951953613800E-015 ) ) ;
#2064 = DIRECTION ( 'NONE',  ( 0.0000000000000000000, 3.491483361109382100E-015, -1.000000000000000000 ) ) ;
#2065 = CARTESIAN_POINT ( 'NONE',  ( 0.0000000000000000000, -3.491483361109382500E-015, 1.000000000000000000 ) ) ;
#2066 = AXIS2_PLACEMENT_3D ( 'NONE', #2065, #2064, #2063 ) ;
#2067 = DIRECTION ( 'NONE',  ( 0.0000000000000000000, 0.0000000000000000000, 1.000000000000000000 ) ) ;
#2068 = CARTESIAN_POINT ( 'NONE',  ( 0.0000000000000000000, 0.0000000000000000000, 7.000000000000000000 ) ) ;
#2069 = CYLINDRICAL_SURFACE ( 'NONE', #2066, 3.000000000000000400 ) ;
#2070 = FACE_OUTER_BOUND ( 'NONE', #694, .T. ) ;
#2071 = CARTESIAN_POINT ( 'NONE',  ( 4.999999999999996400, 2.886751345948124700, 3.000000000000013800 ) ) ;
#2072 = DIRECTION ( 'NONE',  ( -0.8660254037844379300, 0.5000000000000011100, 1.745741680554694800E-015 ) ) ;
#2073 = VECTOR ( 'NONE', #2072, 1000.000000000000100 ) ;
#2074 = CARTESIAN_POINT ( 'NONE',  ( 4.999999999999996400, 2.886751345948124700, 3.000000000000013800 ) ) ;
#2075 = LINE ( 'NONE', #2074, #2073 ) ;
#2076 = DIRECTION ( 'NONE',  ( 0.0000000000000000000, 1.000000000000000000, 3.491483361109382100E-015 ) ) ;
#2077 = DIRECTION ( 'NONE',  ( 0.0000000000000000000, 3.491483361109382100E-015, -1.000000000000000000 ) ) ;
#2078 = CARTESIAN_POINT ( 'NONE',  ( 9.999999999999987600, -6.982966722218766500E-015, 3.000000000000003600 ) ) ;
#2079 = AXIS2_PLACEMENT_3D ( 'NONE', #2078, #2077, #2076 ) ;
#2080 = PLANE ( 'NONE',  #2079 ) ;
#2081 = FACE_BOUND ( 'NONE', #733, .T. ) ;
#2082 = FACE_OUTER_BOUND ( 'NONE', #686, .T. ) ;
#2083 = DIRECTION ( 'NONE',  ( 0.0000000000000000000, 3.491483361109382100E-015, -1.000000000000000000 ) ) ;
#2084 = VECTOR ( 'NONE', #2083, 1000.000000000000000 ) ;
#2085 = CARTESIAN_POINT ( 'NONE',  ( 0.0000000000000000000, 2.999999999999993300, 3.000000000000013800 ) ) ;
#2086 = LINE ( 'NONE', #2085, #2084 ) ;
#2087 = CARTESIAN_POINT ( 'NONE',  ( 0.0000000000000000000, 3.000000000000000400, 1.000000000000014000 ) ) ;
#2088 = DIRECTION ( 'NONE',  ( 0.0000000000000000000, -1.000000000000000000, -3.469446951953613800E-015 ) ) ;
#2089 = DIRECTION ( 'NONE',  ( 0.0000000000000000000, -3.491483361109382100E-015, 1.000000000000000000 ) ) ;
#2090 = CARTESIAN_POINT ( 'NONE',  ( 0.0000000000000000000, -7.703719777548943400E-031, 1.000000000000003600 ) ) ;
#2091 = AXIS2_PLACEMENT_3D ( 'NONE', #2090, #2089, #2088 ) ;
#2092 = CIRCLE ( 'NONE', #2091, 3.000000000000000400 ) ;
#2093 = DIRECTION ( 'NONE',  ( 0.0000000000000000000, 1.000000000000000000, 0.0000000000000000000 ) ) ;
#2094 = VECTOR ( 'NONE', #2093, 1000.000000000000000 ) ;
#2095 = CARTESIAN_POINT ( 'NONE',  ( -1.899999999999999000, -6.999999999999999100, -6.899999999999999500 ) ) ;
#2096 = LINE ( 'NONE', #2095, #2094 ) ;
#2097 = CYLINDRICAL_SURFACE ( 'NONE', #2098, 3.000000000000000400 ) ;
#2098 = AXIS2_PLACEMENT_3D ( 'NONE', #2158, #2157, #2156 ) ;
#2099 = FACE_OUTER_BOUND ( 'NONE', #720, .T. ) ;
#2100 = DIRECTION ( 'NONE',  ( 1.000000000000000000, 0.0000000000000000000, 0.0000000000000000000 ) ) ;
#2101 = DIRECTION ( 'NONE',  ( 0.0000000000000000000, 0.0000000000000000000, 1.000000000000000000 ) ) ;
#2102 = CARTESIAN_POINT ( 'NONE',  ( -1.899999999999999000, -6.999999999999999100, -6.899999999999999500 ) ) ;
#2103 = AXIS2_PLACEMENT_3D ( 'NONE', #2102, #2101, #2100 ) ;
#2104 = PLANE ( 'NONE',  #2103 ) ;
#2105 = FACE_OUTER_BOUND ( 'NONE', #644, .T. ) ;
#2106 = DIRECTION ( 'NONE',  ( -1.000000000000000000, 2.282530889443168000E-016, 0.0000000000000000000 ) ) ;
#2107 = VECTOR ( 'NONE', #2106, 1000.000000000000000 ) ;
#2108 = CARTESIAN_POINT ( 'NONE',  ( -1.899999999999999000, -7.099999999999999600, -6.899999999999999500 ) ) ;
#2109 = LINE ( 'NONE', #2108, #2107 ) ;
#2110 = CARTESIAN_POINT ( 'NONE',  ( -5.000000000000003600, -2.886751345948138400, 2.999999999999993300 ) ) ;
#2111 = DIRECTION ( 'NONE',  ( 0.0000000000000000000, -1.000000000000000000, -3.491483361109382100E-015 ) ) ;
#2112 = VECTOR ( 'NONE', #2111, 1000.000000000000000 ) ;
#2113 = CARTESIAN_POINT ( 'NONE',  ( -5.000000000000003600, 2.886751345948124700, 3.000000000000013800 ) ) ;
#2114 = LINE ( 'NONE', #2113, #2112 ) ;
#2115 = CARTESIAN_POINT ( 'NONE',  ( -5.000000000000003600, 2.886751345948124700, 3.000000000000013800 ) ) ;
#2116 = DIRECTION ( 'NONE',  ( -0.8660254037844380400, -0.5000000000000010000, -1.745741680554694600E-015 ) ) ;
#2117 = VECTOR ( 'NONE', #2116, 1000.000000000000000 ) ;
#2118 = CARTESIAN_POINT ( 'NONE',  ( -2.241140015287443900E-015, 5.773502691896261800, 3.000000000000023500 ) ) ;
#2119 = LINE ( 'NONE', #2118, #2117 ) ;
#2120 = CARTESIAN_POINT ( 'NONE',  ( -2.241140015287443900E-015, 5.773502691896261800, 3.000000000000023500 ) ) ;
#2121 = CARTESIAN_POINT ( 'NONE',  ( 0.0000000000000000000, 2.999999999999993300, 3.000000000000013800 ) ) ;
#2122 = DIRECTION ( 'NONE',  ( 0.0000000000000000000, 1.000000000000000000, 3.469446951953613800E-015 ) ) ;
#2123 = DIRECTION ( 'NONE',  ( 0.0000000000000000000, 3.491483361109382100E-015, -1.000000000000000000 ) ) ;
#2124 = AXIS2_PLACEMENT_3D ( 'NONE', #2125, #2123, #2122 ) ;
#2125 = CARTESIAN_POINT ( 'NONE',  ( 0.0000000000000000000, -6.982966722218766500E-015, 3.000000000000003600 ) ) ;
#2126 = CYLINDRICAL_SURFACE ( 'NONE', #2124, 3.000000000000000400 ) ;
#2127 = FACE_OUTER_BOUND ( 'NONE', #702, .T. ) ;
#2128 = PLANE ( 'NONE',  #2192 ) ;
#2129 = FACE_BOUND ( 'NONE', #453, .T. ) ;
#2130 = FACE_OUTER_BOUND ( 'NONE', #738, .T. ) ;
#2131 = DIRECTION ( 'NONE',  ( 0.0000000000000000000, -1.000000000000000000, -3.469446951953613800E-015 ) ) ;
#2132 = DIRECTION ( 'NONE',  ( 0.0000000000000000000, -3.491483361109382100E-015, 1.000000000000000000 ) ) ;
#2133 = CARTESIAN_POINT ( 'NONE',  ( 0.0000000000000000000, -6.982966722218766500E-015, 3.000000000000003600 ) ) ;
#2134 = AXIS2_PLACEMENT_3D ( 'NONE', #2133, #2132, #2131 ) ;
#2135 = CIRCLE ( 'NONE', #2134, 3.000000000000000400 ) ;
#2136 = DIRECTION ( 'NONE',  ( 0.0000000000000000000, 1.000000000000000000, 3.491483361109382100E-015 ) ) ;
#2137 = VECTOR ( 'NONE', #2136, 1000.000000000000000 ) ;
#2138 = CARTESIAN_POINT ( 'NONE',  ( 4.999999999999996400, -2.886751345948138400, 2.999999999999993300 ) ) ;
#2139 = LINE ( 'NONE', #2138, #2137 ) ;
#2140 = CARTESIAN_POINT ( 'NONE',  ( 4.999999999999996400, -2.886751345948138400, 2.999999999999993300 ) ) ;
#2141 = DIRECTION ( 'NONE',  ( 0.8660254037844379300, 0.5000000000000011100, 1.745741680554694800E-015 ) ) ;
#2142 = VECTOR ( 'NONE', #2141, 1000.000000000000100 ) ;
#2143 = CARTESIAN_POINT ( 'NONE',  ( -2.241140015287443900E-015, -5.773502691896275100, 2.999999999999983600 ) ) ;
#2144 = LINE ( 'NONE', #2143, #2142 ) ;
#2145 = CARTESIAN_POINT ( 'NONE',  ( -2.241140015287443900E-015, -5.773502691896275100, 2.999999999999983600 ) ) ;
#2146 = DIRECTION ( 'NONE',  ( 0.8660254037844380400, -0.5000000000000010000, -1.745741680554694600E-015 ) ) ;
#2147 = VECTOR ( 'NONE', #2146, 1000.000000000000000 ) ;
#2148 = CARTESIAN_POINT ( 'NONE',  ( -5.000000000000003600, -2.886751345948138400, 2.999999999999993300 ) ) ;
#2149 = LINE ( 'NONE', #2148, #2147 ) ;
#2150 = CARTESIAN_POINT ( 'NONE',  ( 3.673819061467134700E-016, -3.000000000000004400, 0.9999999999999895600 ) ) ;
#2151 = CARTESIAN_POINT ( 'NONE',  ( 0.0000000000000000000, 2.999999999999996900, 1.000000000000010400 ) ) ;
#2152 = DIRECTION ( 'NONE',  ( 0.0000000000000000000, -1.000000000000000000, -3.469446951953613800E-015 ) ) ;
#2153 = DIRECTION ( 'NONE',  ( 0.0000000000000000000, -3.491483361109382100E-015, 1.000000000000000000 ) ) ;
#2154 = CARTESIAN_POINT ( 'NONE',  ( 0.0000000000000000000, -3.491483361109382500E-015, 1.000000000000000000 ) ) ;
#2155 = AXIS2_PLACEMENT_3D ( 'NONE', #2154, #2153, #2152 ) ;
#2156 = DIRECTION ( 'NONE',  ( 0.0000000000000000000, 1.000000000000000000, 3.469446951953613800E-015 ) ) ;
#2157 = DIRECTION ( 'NONE',  ( 0.0000000000000000000, 3.491483361109382100E-015, -1.000000000000000000 ) ) ;
#2158 = CARTESIAN_POINT ( 'NONE',  ( 0.0000000000000000000, -3.491483361109382500E-015, 1.000000000000000000 ) ) ;
#2159 = CIRCLE ( 'NONE', #2155, 3.000000000000000400 ) ;
#2160 = CARTESIAN_POINT ( 'NONE',  ( 3.673819061467136200E-016, -3.000000000000007500, 2.999999999999993300 ) ) ;
#2161 = DIRECTION ( 'NONE',  ( 0.0000000000000000000, -1.000000000000000000, -3.469446951953613800E-015 ) ) ;
#2162 = DIRECTION ( 'NONE',  ( 0.0000000000000000000, -3.491483361109382100E-015, 1.000000000000000000 ) ) ;
#2163 = CARTESIAN_POINT ( 'NONE',  ( 0.0000000000000000000, -6.982966722218766500E-015, 3.000000000000003600 ) ) ;
#2164 = AXIS2_PLACEMENT_3D ( 'NONE', #2163, #2162, #2161 ) ;
#2165 = CIRCLE ( 'NONE', #2164, 3.000000000000000400 ) ;
#2166 = DIRECTION ( 'NONE',  ( 0.0000000000000000000, -1.000000000000000000, -3.508872485498541700E-015 ) ) ;
#2167 = DIRECTION ( 'NONE',  ( 0.0000000000000000000, -3.491483361109382100E-015, 1.000000000000000000 ) ) ;
#2168 = CARTESIAN_POINT ( 'NONE',  ( 0.0000000000000000000, -3.491483361109382500E-015, 1.000000000000000000 ) ) ;
#2169 = AXIS2_PLACEMENT_3D ( 'NONE', #2168, #2167, #2166 ) ;
#2170 = CIRCLE ( 'NONE', #2169, 5.500000000000000000 ) ;
#2171 = DIRECTION ( 'NONE',  ( 0.0000000000000000000, -1.000000000000000000, -3.491483361109382100E-015 ) ) ;
#2172 = DIRECTION ( 'NONE',  ( 0.0000000000000000000, -3.491483361109382100E-015, 1.000000000000000000 ) ) ;
#2173 = CARTESIAN_POINT ( 'NONE',  ( 0.0000000000000000000, -3.491483361109382500E-015, 1.000000000000000000 ) ) ;
#2174 = AXIS2_PLACEMENT_3D ( 'NONE', #2173, #2172, #2171 ) ;
#2175 = PLANE ( 'NONE',  #2174 ) ;
#2176 = FACE_BOUND ( 'NONE', #750, .T. ) ;
#2177 = FACE_OUTER_BOUND ( 'NONE', #746, .T. ) ;
#2178 = DIRECTION ( 'NONE',  ( 0.0000000000000000000, 3.491483361109382100E-015, -1.000000000000000000 ) ) ;
#2179 = VECTOR ( 'NONE', #2178, 1000.000000000000000 ) ;
#2180 = CARTESIAN_POINT ( 'NONE',  ( 0.0000000000000000000, 5.499999999999996400, 1.000000000000019300 ) ) ;
#2181 = LINE ( 'NONE', #2180, #2179 ) ;
#2182 = CARTESIAN_POINT ( 'NONE',  ( 0.0000000000000000000, 5.499999999999999100, 1.920315848610159800E-014 ) ) ;
#2183 = DIRECTION ( 'NONE',  ( 0.0000000000000000000, -1.000000000000000000, -3.491483361109382100E-015 ) ) ;
#2184 = DIRECTION ( 'NONE',  ( 0.0000000000000000000, -3.491483361109382100E-015, 1.000000000000000000 ) ) ;
#2185 = CARTESIAN_POINT ( 'NONE',  ( 0.0000000000000000000, 0.0000000000000000000, 0.0000000000000000000 ) ) ;
#2186 = AXIS2_PLACEMENT_3D ( 'NONE', #2185, #2184, #2183 ) ;
#2187 = CIRCLE ( 'NONE', #2186, 5.500000000000000000 ) ;
#2188 = CARTESIAN_POINT ( 'NONE',  ( 6.735334946023074900E-016, -5.500000000000000000, -1.920315848610160100E-014 ) ) ;
#2189 = DIRECTION ( 'NONE',  ( 0.0000000000000000000, 1.000000000000000000, 3.491483361109382100E-015 ) ) ;
#2190 = DIRECTION ( 'NONE',  ( 0.0000000000000000000, 3.491483361109382100E-015, -1.000000000000000000 ) ) ;
#2191 = CARTESIAN_POINT ( 'NONE',  ( 9.999999999999987600, -7.703719777548943400E-031, 1.000000000000003600 ) ) ;
#2192 = AXIS2_PLACEMENT_3D ( 'NONE', #2191, #2190, #2189 ) ;
#2193 = DIRECTION ( 'NONE',  ( 0.0000000000000000000, -1.000000000000000000, -3.491483361109382100E-015 ) ) ;
#2194 = DIRECTION ( 'NONE',  ( 0.0000000000000000000, -3.491483361109382100E-015, 1.000000000000000000 ) ) ;
#2195 = CARTESIAN_POINT ( 'NONE',  ( 0.0000000000000000000, 0.0000000000000000000, 0.0000000000000000000 ) ) ;
#2196 = AXIS2_PLACEMENT_3D ( 'NONE', #2195, #2194, #2193 ) ;
#2197 = CIRCLE ( 'NONE', #2196, 5.500000000000000000 ) ;
#2198 = DIRECTION ( 'NONE',  ( 0.0000000000000000000, -1.000000000000000000, -3.491483361109382100E-015 ) ) ;
#2199 = DIRECTION ( 'NONE',  ( 0.0000000000000000000, -3.491483361109382100E-015, 1.000000000000000000 ) ) ;
#2200 = CARTESIAN_POINT ( 'NONE',  ( 0.0000000000000000000, 0.0000000000000000000, 0.0000000000000000000 ) ) ;
#2201 = AXIS2_PLACEMENT_3D ( 'NONE', #2200, #2199, #2198 ) ;
#2202 = PLANE ( 'NONE',  #2201 ) ;
#2203 = FACE_BOUND ( 'NONE', #774, .T. ) ;
#2204 = FACE_OUTER_BOUND ( 'NONE', #770, .T. ) ;
#2205 = DIRECTION ( 'NONE',  ( 0.0000000000000000000, -1.000000000000000000, -3.469446951953613800E-015 ) ) ;
#2206 = DIRECTION ( 'NONE',  ( 0.0000000000000000000, -3.491483361109382100E-015, 1.000000000000000000 ) ) ;
#2207 = CARTESIAN_POINT ( 'NONE',  ( 0.0000000000000000000, -3.491483361109382500E-015, 1.000000000000000000 ) ) ;
#2208 = AXIS2_PLACEMENT_3D ( 'NONE', #2207, #2206, #2205 ) ;
#2209 = CIRCLE ( 'NONE', #2208, 3.000000000000000400 ) ;
#2210 = DIRECTION ( 'NONE',  ( 1.000000000000000000, 0.0000000000000000000, 0.0000000000000000000 ) ) ;
#2211 = DIRECTION ( 'NONE',  ( 0.0000000000000000000, 0.0000000000000000000, 1.000000000000000000 ) ) ;
#2212 = CARTESIAN_POINT ( 'NONE',  ( 0.0000000000000000000, 0.0000000000000000000, 0.0000000000000000000 ) ) ;
#2213 = AXIS2_PLACEMENT_3D ( 'NONE', #2212, #2211, #2210 ) ;
#2214 = CIRCLE ( 'NONE', #2213, 6.999999999999999100 ) ;
#2215 = CARTESIAN_POINT ( 'NONE',  ( 6.062177826491065100, -3.500000000000009300, 0.0000000000000000000 ) ) ;
#2216 = CARTESIAN_POINT ( 'NONE',  ( 6.999999999999999100, 0.0000000000000000000, 3.252606517456513300E-016 ) ) ;
#2217 = DIRECTION ( 'NONE',  ( 0.0000000000000000000, 0.0000000000000000000, -1.000000000000000000 ) ) ;
#2218 = DIRECTION ( 'NONE',  ( 0.0000000000000000000, -1.000000000000000000, 0.0000000000000000000 ) ) ;
#2219 = CARTESIAN_POINT ( 'NONE',  ( 6.999999999999999100, 0.0000000000000000000, -1.315830701515183300 ) ) ;
#2220 = AXIS2_PLACEMENT_3D ( 'NONE', #2219, #2218, #2217 ) ;
#2221 = CIRCLE ( 'NONE', #2220, 1.315830701515184000 ) ;
#2222 = CARTESIAN_POINT ( 'NONE',  ( 7.799999999991753100, -0.4900037009770464900, -0.2830808546616218600 ) ) ;
#2223 = CARTESIAN_POINT ( 'NONE',  ( 7.799999999999999800, 0.0000000000000000000, -0.2711247931132349000 ) ) ;
#2224 = CARTESIAN_POINT ( 'NONE',  ( 3.673819061467132300E-016, -3.000000000000000400, 0.9999999999999931200 ) ) ;
#2225 = DIRECTION ( 'NONE',  ( 0.0000000000000000000, 3.491483361109382100E-015, -1.000000000000000000 ) ) ;
#2226 = VECTOR ( 'NONE', #2225, 1000.000000000000000 ) ;
#2227 = CARTESIAN_POINT ( 'NONE',  ( 3.673819061467132300E-016, -3.000000000000007500, 2.999999999999993300 ) ) ;
#2228 = LINE ( 'NONE', #2227, #2226 ) ;
#2229 = DIRECTION ( 'NONE',  ( 0.0000000000000000000, 3.491483361109382100E-015, -1.000000000000000000 ) ) ;
#2230 = CARTESIAN_POINT ( 'NONE',  ( 0.0000000000000000000, -3.491483361109382500E-015, 1.000000000000000000 ) ) ;
#2231 = AXIS2_PLACEMENT_3D ( 'NONE', #2230, #2229, #2292 ) ;
#2232 = CYLINDRICAL_SURFACE ( 'NONE', #2231, 5.500000000000000000 ) ;
#2233 = CARTESIAN_POINT ( 'NONE',  ( 0.0000000000000000000, -3.491483361109382500E-015, 1.000000000000000000 ) ) ;
#2234 = FACE_OUTER_BOUND ( 'NONE', #790, .T. ) ;
#2235 = DIRECTION ( 'NONE',  ( 0.0000000000000000000, 3.491483361109382100E-015, -1.000000000000000000 ) ) ;
#2236 = VECTOR ( 'NONE', #2235, 1000.000000000000000 ) ;
#2237 = CARTESIAN_POINT ( 'NONE',  ( 0.0000000000000000000, 2.999999999999996900, 1.000000000000010400 ) ) ;
#2238 = LINE ( 'NONE', #2237, #2236 ) ;
#2239 = CARTESIAN_POINT ( 'NONE',  ( 0.0000000000000000000, 3.000000000000000900, 1.047445008332814900E-014 ) ) ;
#2240 = DIRECTION ( 'NONE',  ( 0.0000000000000000000, -1.000000000000000000, -3.491483361109382100E-015 ) ) ;
#2241 = DIRECTION ( 'NONE',  ( 0.0000000000000000000, -3.491483361109382100E-015, 1.000000000000000000 ) ) ;
#2242 = CARTESIAN_POINT ( 'NONE',  ( 0.0000000000000000000, 0.0000000000000000000, 0.0000000000000000000 ) ) ;
#2243 = AXIS2_PLACEMENT_3D ( 'NONE', #2242, #2241, #2240 ) ;
#2244 = CIRCLE ( 'NONE', #2243, 3.000000000000000400 ) ;
#2245 = CARTESIAN_POINT ( 'NONE',  ( 3.673819061467132300E-016, -3.000000000000000400, -1.047445008332814800E-014 ) ) ;
#2246 = DIRECTION ( 'NONE',  ( 0.0000000000000000000, 3.491483361109382100E-015, -1.000000000000000000 ) ) ;
#2247 = VECTOR ( 'NONE', #2246, 1000.000000000000000 ) ;
#2248 = CARTESIAN_POINT ( 'NONE',  ( 3.673819061467132300E-016, -3.000000000000004000, 0.9999999999999895600 ) ) ;
#2249 = LINE ( 'NONE', #2248, #2247 ) ;
#2250 = DIRECTION ( 'NONE',  ( 0.0000000000000000000, 1.000000000000000000, 3.508872485498541700E-015 ) ) ;
#2251 = DIRECTION ( 'NONE',  ( 0.0000000000000000000, 3.491483361109382100E-015, -1.000000000000000000 ) ) ;
#2252 = CARTESIAN_POINT ( 'NONE',  ( 0.0000000000000000000, -3.491483361109382500E-015, 1.000000000000000000 ) ) ;
#2253 = AXIS2_PLACEMENT_3D ( 'NONE', #2252, #2251, #2250 ) ;
#2254 = CYLINDRICAL_SURFACE ( 'NONE', #2253, 5.500000000000000000 ) ;
#2255 = FACE_OUTER_BOUND ( 'NONE', #779, .T. ) ;
#2256 = DIRECTION ( 'NONE',  ( 0.0000000000000000000, -1.000000000000000000, -3.491483361109382100E-015 ) ) ;
#2257 = DIRECTION ( 'NONE',  ( 0.0000000000000000000, -3.491483361109382100E-015, 1.000000000000000000 ) ) ;
#2258 = CARTESIAN_POINT ( 'NONE',  ( 0.0000000000000000000, 0.0000000000000000000, 0.0000000000000000000 ) ) ;
#2259 = AXIS2_PLACEMENT_3D ( 'NONE', #2258, #2257, #2256 ) ;
#2260 = CIRCLE ( 'NONE', #2259, 3.000000000000000400 ) ;
#2261 = CARTESIAN_POINT ( 'NONE',  ( 4.041451884327361000, -6.999999999999999100, -0.5683483519688696800 ) ) ;
#2262 = DIRECTION ( 'NONE',  ( 0.0000000000000000000, 0.0000000000000000000, 1.000000000000000000 ) ) ;
#2263 = VECTOR ( 'NONE', #2262, 1000.000000000000000 ) ;
#2264 = CARTESIAN_POINT ( 'NONE',  ( 4.041451884327369900, -6.999999999999999100, -7.000000000000000000 ) ) ;
#2265 = LINE ( 'NONE', #2264, #2263 ) ;
#2266 = CARTESIAN_POINT ( 'NONE',  ( 4.041451884327369900, -6.999999999999999100, -7.000000000000000000 ) ) ;
#2267 = CARTESIAN_POINT ( 'NONE',  ( -4.041451884327383200, -6.999999999999999100, -7.000000000000000000 ) ) ;
#2268 = DIRECTION ( 'NONE',  ( 1.000000000000000000, 0.0000000000000000000, 0.0000000000000000000 ) ) ;
#2269 = VECTOR ( 'NONE', #2268, 1000.000000000000000 ) ;
#2270 = CARTESIAN_POINT ( 'NONE',  ( -4.041451884327383200, -6.999999999999999100, -7.000000000000000000 ) ) ;
#2271 = LINE ( 'NONE', #2270, #2269 ) ;
#2272 = CARTESIAN_POINT ( 'NONE',  ( -3.464101615137737500, -5.999999999999999100, -7.000000000000000000 ) ) ;
#2273 = DIRECTION ( 'NONE',  ( -0.4999999999999998900, 0.8660254037844387100, 0.0000000000000000000 ) ) ;
#2274 = VECTOR ( 'NONE', #2273, 1000.000000000000100 ) ;
#2275 = CARTESIAN_POINT ( 'NONE',  ( -3.464101615137737500, -5.999999999999999100, -7.000000000000000000 ) ) ;
#2276 = LINE ( 'NONE', #2275, #2274 ) ;
#2277 = CARTESIAN_POINT ( 'NONE',  ( -6.928203230275490100, 0.0000000000000000000, -7.000000000000000000 ) ) ;
#2278 = DIRECTION ( 'NONE',  ( 0.5000000000000001100, 0.8660254037844386000, 0.0000000000000000000 ) ) ;
#2279 = VECTOR ( 'NONE', #2278, 1000.000000000000000 ) ;
#2280 = CARTESIAN_POINT ( 'NONE',  ( -3.464101615137735700, 5.999999999999999100, -7.000000000000000000 ) ) ;
#2281 = LINE ( 'NONE', #2280, #2279 ) ;
#2282 = DIRECTION ( 'NONE',  ( 0.0000000000000000000, 3.491483361109382100E-015, -1.000000000000000000 ) ) ;
#2283 = VECTOR ( 'NONE', #2282, 1000.000000000000000 ) ;
#2284 = CARTESIAN_POINT ( 'NONE',  ( 6.735334946023074900E-016, -5.500000000000003600, 0.9999999999999806800 ) ) ;
#2285 = LINE ( 'NONE', #2284, #2283 ) ;
#2286 = CARTESIAN_POINT ( 'NONE',  ( 0.0000000000000000000, 5.499999999999996400, 1.000000000000019300 ) ) ;
#2287 = CARTESIAN_POINT ( 'NONE',  ( 6.735334946023076900E-016, -5.500000000000002700, 0.9999999999999806800 ) ) ;
#2288 = DIRECTION ( 'NONE',  ( 0.0000000000000000000, -1.000000000000000000, -3.508872485498541700E-015 ) ) ;
#2289 = DIRECTION ( 'NONE',  ( 0.0000000000000000000, -3.491483361109382100E-015, 1.000000000000000000 ) ) ;
#2290 = AXIS2_PLACEMENT_3D ( 'NONE', #2233, #2289, #2288 ) ;
#2291 = CIRCLE ( 'NONE', #2290, 5.500000000000000000 ) ;
#2292 = DIRECTION ( 'NONE',  ( 0.0000000000000000000, 1.000000000000000000, 3.508872485498541700E-015 ) ) ;
#2293 = CARTESIAN_POINT ( 'NONE',  ( -3.742278884172908400, -6.999999999999999100, -0.3862771065157766200 ) ) ;
#2294 = CARTESIAN_POINT ( 'NONE',  ( -3.423327166202349200, -6.999999999999999100, -0.2598611494659119900 ) ) ;
#2295 = CARTESIAN_POINT ( 'NONE',  ( -3.259230600526791000, -6.999999999999999100, -0.2117599950830813000 ) ) ;
#2296 = CARTESIAN_POINT ( 'NONE',  ( -2.758171037991221700, -6.999999999999997300, -0.09612851327274096700 ) ) ;
#2297 = CARTESIAN_POINT ( 'NONE',  ( -2.411750527663563100, -6.999999999999999100, -0.05716366079968544100 ) ) ;
#2298 = CARTESIAN_POINT ( 'NONE',  ( -1.723676156846938100, -6.999999999999999100, -0.01168062017267075400 ) ) ;
#2299 = CARTESIAN_POINT ( 'NONE',  ( -1.379085681424248900, -6.999999999999998200, -0.005112966094545114000 ) ) ;
#2300 = CARTESIAN_POINT ( 'NONE',  ( -0.6896548736938122900, -7.000000000000000900, 0.0007184838103286740700 ) ) ;
#2301 = CARTESIAN_POINT ( 'NONE',  ( -0.3448151475800165800, -7.000000000000000000, 1.289237614675840000E-013 ) ) ;
#2302 = CARTESIAN_POINT ( 'NONE',  ( 0.0000000000000000000, -6.999999999999999100, 0.0000000000000000000 ) ) ;
#2303 = DIRECTION ( 'NONE',  ( 0.0000000000000000000, 0.0000000000000000000, 1.000000000000000000 ) ) ;
#2304 = VECTOR ( 'NONE', #2303, 1000.000000000000000 ) ;
#2305 = CARTESIAN_POINT ( 'NONE',  ( -4.041451884327383200, -6.999999999999999100, -7.000000000000000000 ) ) ;
#2306 = LINE ( 'NONE', #2305, #2304 ) ;
#2307 = B_SPLINE_CURVE_WITH_KNOTS ( 'NONE', 3,
 ( #2302, #2301, #2300, #2299, #2298, #2297, #2296, #2295, #2294, #2293, #2354, #2353 ),
 .UNSPECIFIED., .F., .F.,
 ( 4, 2, 2, 2, 2, 4 ),
 ( 2.527084014453781400E-018, 0.001033840694524433500, 0.002067681389048864300, 0.003101522083573295200, 0.003618442430835510900, 0.004135362778097726100 ),
 .UNSPECIFIED. ) ;
#2308 = CARTESIAN_POINT ( 'NONE',  ( -4.041451884327901900, -6.999999999999101200, -0.5683483519681351600 ) ) ;
#2309 = CARTESIAN_POINT ( 'NONE',  ( 0.0000000000000000000, -6.999999999999999100, 0.0000000000000000000 ) ) ;
#2310 = CARTESIAN_POINT ( 'NONE',  ( 0.1706140628664105700, -7.000000000000000900, 1.289235282026513400E-013 ) ) ;
#2311 = CARTESIAN_POINT ( 'NONE',  ( 0.3442673614774208700, -7.000000000000000000, 4.558478953142412800E-005 ) ) ;
#2312 = CARTESIAN_POINT ( 'NONE',  ( 0.6885158679054719200, -7.000000000000000900, -0.0003205666261475991500 ) ) ;
#2313 = CARTESIAN_POINT ( 'NONE',  ( 0.8606295395423534400, -6.999999999999999100, -0.0007347113874302448700 ) ) ;
#2314 = CARTESIAN_POINT ( 'NONE',  ( 1.376828466263524400, -6.999999999999997300, -0.005079914095515621100 ) ) ;
#2315 = CARTESIAN_POINT ( 'NONE',  ( 1.720794639665246900, -7.000000000000000000, -0.01161134921633057100 ) ) ;
#2316 = CARTESIAN_POINT ( 'NONE',  ( 2.407258254324729800, -7.000000000000000900, -0.05674680576500548700 ) ) ;
#2317 = CARTESIAN_POINT ( 'NONE',  ( 2.752524904589511900, -6.999999999999998200, -0.09506212859139792600 ) ) ;
#2318 = CARTESIAN_POINT ( 'NONE',  ( 3.257883993746022900, -7.000000000000000000, -0.2113323942810791700 ) ) ;
#2319 = CARTESIAN_POINT ( 'NONE',  ( 3.423259544851492600, -7.000000000000001800, -0.2597631727301384900 ) ) ;
#2320 = CARTESIAN_POINT ( 'NONE',  ( 3.744300076209814400, -7.000000000000000000, -0.3871498119120696500 ) ) ;
#2321 = CARTESIAN_POINT ( 'NONE',  ( 3.901417289886789200, -6.999999999999999100, -0.4669118497198376200 ) ) ;
#2322 = CARTESIAN_POINT ( 'NONE',  ( 4.041451884327361000, -6.999999999999999100, -0.5683483519688696800 ) ) ;
#2323 = B_SPLINE_CURVE_WITH_KNOTS ( 'NONE', 3,
 ( #2322, #2321, #2320, #2319, #2318, #2317, #2316, #2315, #2314, #2313, #2312, #2311, #2310, #2309 ),
 .UNSPECIFIED., .F., .F.,
 ( 4, 2, 2, 2, 2, 2, 4 ),
 ( 0.01590046013700013500, 0.01641200309701039400, 0.01692354605702065300, 0.01794663197704116800, 0.01896971789706168600, 0.01948126085707194100, 0.01999280381708220000 ),
 .UNSPECIFIED. ) ;
#2324 = CARTESIAN_POINT ( 'NONE',  ( 0.0000000000000000000, -6.999999999999999100, 0.0000000000000000000 ) ) ;
#2325 = CARTESIAN_POINT ( 'NONE',  ( -1.050000000000000000, 1.285836671513496300E-016, 7.000000000000000000 ) ) ;
#2326 = DIRECTION ( 'NONE',  ( 0.0000000000000000000, 0.0000000000000000000, 1.000000000000000000 ) ) ;
#2327 = VECTOR ( 'NONE', #2326, 1000.000000000000000 ) ;
#2328 = CARTESIAN_POINT ( 'NONE',  ( -1.050000000000000000, 1.285836671513496300E-016, 6.899999999999999500 ) ) ;
#2329 = LINE ( 'NONE', #2328, #2327 ) ;
#2330 = CARTESIAN_POINT ( 'NONE',  ( 1.050000000000000000, 0.0000000000000000000, 6.899999999999999500 ) ) ;
#2331 = CARTESIAN_POINT ( 'NONE',  ( -1.050000000000000000, 1.285836671513496300E-016, 6.899999999999999500 ) ) ;
#2332 = DIRECTION ( 'NONE',  ( 1.000000000000000000, 0.0000000000000000000, 0.0000000000000000000 ) ) ;
#2333 = DIRECTION ( 'NONE',  ( 0.0000000000000000000, 0.0000000000000000000, 1.000000000000000000 ) ) ;
#2334 = CARTESIAN_POINT ( 'NONE',  ( 0.0000000000000000000, 0.0000000000000000000, 6.899999999999999500 ) ) ;
#2335 = AXIS2_PLACEMENT_3D ( 'NONE', #2334, #2333, #2332 ) ;
#2336 = DIRECTION ( 'NONE',  ( 1.000000000000000000, 0.0000000000000000000, 0.0000000000000000000 ) ) ;
#2337 = DIRECTION ( 'NONE',  ( 0.0000000000000000000, 0.0000000000000000000, 1.000000000000000000 ) ) ;
#2338 = CARTESIAN_POINT ( 'NONE',  ( 0.0000000000000000000, 0.0000000000000000000, 6.899999999999999500 ) ) ;
#2339 = AXIS2_PLACEMENT_3D ( 'NONE', #2338, #2337, #2336 ) ;
#2340 = CIRCLE ( 'NONE', #2335, 1.050000000000000000 ) ;
#2341 = CYLINDRICAL_SURFACE ( 'NONE', #2339, 1.050000000000000000 ) ;
#2342 = FACE_OUTER_BOUND ( 'NONE', #825, .T. ) ;
#2343 = DIRECTION ( 'NONE',  ( 0.0000000000000000000, 0.0000000000000000000, -1.000000000000000000 ) ) ;
#2344 = VECTOR ( 'NONE', #2343, 1000.000000000000000 ) ;
#2345 = CARTESIAN_POINT ( 'NONE',  ( -2.750000000000000000, 0.7500000000000006700, -10.90000000000000000 ) ) ;
#2346 = LINE ( 'NONE', #2345, #2344 ) ;
#2347 = CARTESIAN_POINT ( 'NONE',  ( -2.750000000000000000, 0.7500000000000006700, -11.00000000000000000 ) ) ;
#2348 = DIRECTION ( 'NONE',  ( -1.000000000000000000, 0.0000000000000000000, 0.0000000000000000000 ) ) ;
#2349 = DIRECTION ( 'NONE',  ( 0.0000000000000000000, 0.0000000000000000000, -1.000000000000000000 ) ) ;
#2350 = CARTESIAN_POINT ( 'NONE',  ( 0.0000000000000000000, 0.7500000000000006700, -11.00000000000000000 ) ) ;
#2351 = AXIS2_PLACEMENT_3D ( 'NONE', #2350, #2349, #2348 ) ;
#2352 = CIRCLE ( 'NONE', #2351, 2.750000000000000000 ) ;
#2353 = CARTESIAN_POINT ( 'NONE',  ( -4.041451884327901900, -6.999999999999101200, -0.5683483519681351600 ) ) ;
#2354 = CARTESIAN_POINT ( 'NONE',  ( -3.900090995339418500, -7.000000000000000000, -0.4659511251190733800 ) ) ;
#2355 = DIRECTION ( 'NONE',  ( 0.0000000000000000000, 0.0000000000000000000, 1.000000000000000000 ) ) ;
#2356 = VECTOR ( 'NONE', #2355, 1000.000000000000000 ) ;
#2357 = CARTESIAN_POINT ( 'NONE',  ( 3.600000000000000100, 0.7500000000000006700, -11.00000000000000000 ) ) ;
#2358 = LINE ( 'NONE', #2357, #2356 ) ;
#2359 = CARTESIAN_POINT ( 'NONE',  ( 3.600000000000000100, 0.7500000000000006700, -7.200000000000000200 ) ) ;
#2360 = DIRECTION ( 'NONE',  ( -1.000000000000000000, 0.0000000000000000000, 0.0000000000000000000 ) ) ;
#2361 = DIRECTION ( 'NONE',  ( 0.0000000000000000000, 0.0000000000000000000, -1.000000000000000000 ) ) ;
#2362 = CARTESIAN_POINT ( 'NONE',  ( 0.0000000000000000000, 0.7500000000000006700, -7.200000000000000200 ) ) ;
#2363 = AXIS2_PLACEMENT_3D ( 'NONE', #2362, #2361, #2360 ) ;
#2364 = CIRCLE ( 'NONE', #2363, 3.600000000000000100 ) ;
#2365 = CARTESIAN_POINT ( 'NONE',  ( 7.799999999991753100, -0.4900037009770464900, -0.2830808546616218600 ) ) ;
#2366 = CARTESIAN_POINT ( 'NONE',  ( 7.800000000000001600, -0.4084867930026589400, -0.2790457015853711200 ) ) ;
#2367 = CARTESIAN_POINT ( 'NONE',  ( 7.800000000000000700, -0.2452973423633547400, -0.2730893042657565100 ) ) ;
#2368 = CARTESIAN_POINT ( 'NONE',  ( 7.800000000000000700, -0.08181399259340180200, -0.2711247931132348400 ) ) ;
#2369 = CARTESIAN_POINT ( 'NONE',  ( 7.799999999999999800, 0.0000000000000000000, -0.2711247931132349000 ) ) ;
#2370 = B_SPLINE_CURVE_WITH_KNOTS ( 'NONE', 3,
 ( #2369, #2368, #2367, #2366, #2365 ),
 .UNSPECIFIED., .F., .F.,
 ( 4, 1, 4 ),
 ( 5.503622744035742200E-018, 0.0002447794593720835400, 0.0004895589187441615500 ),
 .UNSPECIFIED. ) ;
#2371 = CARTESIAN_POINT ( 'NONE',  ( -3.600000000000000100, 0.7500000000000011100, -7.200000000000000200 ) ) ;
#2372 = DIRECTION ( 'NONE',  ( 1.000000000000000000, 0.0000000000000000000, 0.0000000000000000000 ) ) ;
#2373 = DIRECTION ( 'NONE',  ( 0.0000000000000000000, 0.0000000000000000000, 1.000000000000000000 ) ) ;
#2374 = AXIS2_PLACEMENT_3D ( 'NONE', #2376, #2373, #2372 ) ;
#2375 = TOROIDAL_SURFACE ( 'NONE', #2374, 6.999999999999999100, 1.315830701515183800 ) ;
#2376 = CARTESIAN_POINT ( 'NONE',  ( 0.0000000000000000000, 0.0000000000000000000, -1.315830701515183300 ) ) ;
#2377 = FACE_OUTER_BOUND ( 'NONE', #839, .T. ) ;
#2378 = DIRECTION ( 'NONE',  ( 0.0000000000000000000, 0.0000000000000000000, 1.000000000000000000 ) ) ;
#2379 = VECTOR ( 'NONE', #2378, 1000.000000000000000 ) ;
#2380 = CARTESIAN_POINT ( 'NONE',  ( 1.050000000000000000, 0.0000000000000000000, 6.899999999999999500 ) ) ;
#2381 = LINE ( 'NONE', #2380, #2379 ) ;
#2382 = CARTESIAN_POINT ( 'NONE',  ( 1.050000000000000000, 0.0000000000000000000, 7.000000000000000000 ) ) ;
#2383 = CARTESIAN_POINT ( 'NONE',  ( 7.799999999999998900, -0.4900037009627628000, -7.000000000000000000 ) ) ;
#2384 = DIRECTION ( 'NONE',  ( 0.5000000000000013300, 0.8660254037844380400, 0.0000000000000000000 ) ) ;
#2385 = VECTOR ( 'NONE', #2384, 999.9999999999997700 ) ;
#2386 = CARTESIAN_POINT ( 'NONE',  ( 4.041451884327369900, -6.999999999999999100, -7.000000000000000000 ) ) ;
#2387 = LINE ( 'NONE', #2386, #2385 ) ;
#2388 = DIRECTION ( 'NONE',  ( 1.000000000000000000, 0.0000000000000000000, 0.0000000000000000000 ) ) ;
#2389 = DIRECTION ( 'NONE',  ( 0.0000000000000000000, 0.0000000000000000000, 1.000000000000000000 ) ) ;
#2390 = CARTESIAN_POINT ( 'NONE',  ( 8.673617379884035500E-016, 13.99999999999994000, -7.000000000000000000 ) ) ;
#2391 = AXIS2_PLACEMENT_3D ( 'NONE', #2390, #2389, #2388 ) ;
#2392 = PLANE ( 'NONE',  #2391 ) ;
#2393 = FACE_OUTER_BOUND ( 'NONE', #863, .T. ) ;
#2394 = DIRECTION ( 'NONE',  ( 1.000000000000000000, 0.0000000000000000000, 1.141265444721583800E-016 ) ) ;
#2395 = VECTOR ( 'NONE', #2394, 1000.000000000000000 ) ;
#2396 = CARTESIAN_POINT ( 'NONE',  ( -4.041451884327384100, -6.999999999999999100, -3.200000000000000200 ) ) ;
#2397 = LINE ( 'NONE', #2396, #2395 ) ;
#2398 = CARTESIAN_POINT ( 'NONE',  ( -1.900000000000000100, -6.999999999999999100, -3.200000000000000200 ) ) ;
#2399 = DIRECTION ( 'NONE',  ( -2.282530889443167000E-016, 0.0000000000000000000, 1.000000000000000000 ) ) ;
#2400 = VECTOR ( 'NONE', #2399, 1000.000000000000000 ) ;
#2401 = CARTESIAN_POINT ( 'NONE',  ( -1.899999999999999200, -6.999999999999999100, -6.999999999999999100 ) ) ;
#2402 = LINE ( 'NONE', #2401, #2400 ) ;
#2403 = CARTESIAN_POINT ( 'NONE',  ( -1.899999999999999000, -6.999999999999999100, -6.899999999999999500 ) ) ;
#2404 = DIRECTION ( 'NONE',  ( 1.000000000000000000, 0.0000000000000000000, 0.0000000000000000000 ) ) ;
#2405 = VECTOR ( 'NONE', #2404, 1000.000000000000000 ) ;
#2406 = CARTESIAN_POINT ( 'NONE',  ( -1.899999999999999000, -6.999999999999999100, -6.899999999999999500 ) ) ;
#2407 = LINE ( 'NONE', #2406, #2405 ) ;
#2408 = CARTESIAN_POINT ( 'NONE',  ( 1.899999999999999700, -6.999999999999999100, -6.899999999999999500 ) ) ;
#2409 = CARTESIAN_POINT ( 'NONE',  ( 1.899999999999999700, -6.999999999999999100, -3.199999999999999300 ) ) ;
#2410 = DIRECTION ( 'NONE',  ( 1.141265444721583500E-016, 0.0000000000000000000, -1.000000000000000000 ) ) ;
#2411 = VECTOR ( 'NONE', #2410, 1000.000000000000000 ) ;
#2412 = CARTESIAN_POINT ( 'NONE',  ( 1.900000000000000600, -6.999999999999999100, -6.999999999999999100 ) ) ;
#2413 = LINE ( 'NONE', #2412, #2411 ) ;
#2414 = PLANE ( 'NONE',  #2480 ) ;
#2415 = FACE_OUTER_BOUND ( 'NONE', #848, .T. ) ;
#2416 = CARTESIAN_POINT ( 'NONE',  ( -3.464101615137735700, 5.999999999999998200, -7.000000000000000000 ) ) ;
#2417 = DIRECTION ( 'NONE',  ( 1.000000000000000000, 0.0000000000000000000, 0.0000000000000000000 ) ) ;
#2418 = VECTOR ( 'NONE', #2417, 1000.000000000000000 ) ;
#2419 = CARTESIAN_POINT ( 'NONE',  ( 3.464101615137740200, 5.999999999999999100, -7.000000000000000000 ) ) ;
#2420 = LINE ( 'NONE', #2419, #2418 ) ;
#2421 = CARTESIAN_POINT ( 'NONE',  ( -2.000000000000000400, 5.999999999999999100, -7.000000000000000000 ) ) ;
#2422 = DIRECTION ( 'NONE',  ( 0.0000000000000000000, -1.000000000000000000, 0.0000000000000000000 ) ) ;
#2423 = VECTOR ( 'NONE', #2422, 1000.000000000000000 ) ;
#2424 = CARTESIAN_POINT ( 'NONE',  ( -2.000000000000000400, 6.999999999999999100, -7.000000000000000000 ) ) ;
#2425 = LINE ( 'NONE', #2424, #2423 ) ;
#2426 = DIRECTION ( 'NONE',  ( -1.000000000000000000, 0.0000000000000000000, 0.0000000000000000000 ) ) ;
#2427 = VECTOR ( 'NONE', #2426, 1000.000000000000000 ) ;
#2428 = CARTESIAN_POINT ( 'NONE',  ( -4.041451884327355700, 6.999999999999999100, -7.000000000000000000 ) ) ;
#2429 = LINE ( 'NONE', #2428, #2427 ) ;
#2430 = CARTESIAN_POINT ( 'NONE',  ( -2.000000000000000400, 6.999999999999999100, -7.000000000000000000 ) ) ;
#2431 = CARTESIAN_POINT ( 'NONE',  ( -4.041451884327355700, 6.999999999999999100, -7.000000000000000000 ) ) ;
#2432 = DIRECTION ( 'NONE',  ( -0.5000000000000012200, -0.8660254037844380400, 0.0000000000000000000 ) ) ;
#2433 = VECTOR ( 'NONE', #2432, 999.9999999999998900 ) ;
#2434 = CARTESIAN_POINT ( 'NONE',  ( -4.041451884327355700, 6.999999999999999100, -7.000000000000000000 ) ) ;
#2435 = LINE ( 'NONE', #2434, #2433 ) ;
#2436 = CARTESIAN_POINT ( 'NONE',  ( -7.799999999999999800, 0.4900037009627350400, -7.000000000000000000 ) ) ;
#2437 = DIRECTION ( 'NONE',  ( 0.0000000000000000000, -1.000000000000000000, 0.0000000000000000000 ) ) ;
#2438 = VECTOR ( 'NONE', #2437, 1000.000000000000000 ) ;
#2439 = CARTESIAN_POINT ( 'NONE',  ( -7.799999999999999800, 13.99999999999994000, -7.000000000000000000 ) ) ;
#2440 = LINE ( 'NONE', #2439, #2438 ) ;
#2441 = CARTESIAN_POINT ( 'NONE',  ( -7.799999999999999800, -0.4900037009627281100, -7.000000000000000000 ) ) ;
#2442 = DIRECTION ( 'NONE',  ( 0.4999999999999981700, -0.8660254037844397100, 0.0000000000000000000 ) ) ;
#2443 = VECTOR ( 'NONE', #2442, 1000.000000000000000 ) ;
#2444 = CARTESIAN_POINT ( 'NONE',  ( -4.041451884327383200, -6.999999999999999100, -7.000000000000000000 ) ) ;
#2445 = LINE ( 'NONE', #2444, #2443 ) ;
#2446 = CARTESIAN_POINT ( 'NONE',  ( 0.0000000000000000000, 0.7500000000000006700, -11.00000000000000000 ) ) ;
#2447 = B_SPLINE_CURVE_WITH_KNOTS ( 'NONE', 3,
 ( #2507, #2506, #2505, #2504, #2503, #2502, #2501, #2500, #2499, #2498 ),
 .UNSPECIFIED., .F., .F.,
 ( 4, 2, 2, 2, 4 ),
 ( 2.406871661172683900E-007, 0.0008718058256457437400, 0.001743370964125370200, 0.002614936102604996500, 0.003486501241084623100 ),
 .UNSPECIFIED. ) ;
#2448 = CYLINDRICAL_SURFACE ( 'NONE', #2508, 3.600000000000000100 ) ;
#2449 = FACE_OUTER_BOUND ( 'NONE', #767, .T. ) ;
#2450 = DIRECTION ( 'NONE',  ( 0.0000000000000000000, 0.0000000000000000000, -1.000000000000000000 ) ) ;
#2451 = DIRECTION ( 'NONE',  ( 0.0000000000000000000, -1.000000000000000000, 0.0000000000000000000 ) ) ;
#2452 = CARTESIAN_POINT ( 'NONE',  ( -4.041451884327383200, -6.999999999999999100, -7.000000000000000000 ) ) ;
#2453 = AXIS2_PLACEMENT_3D ( 'NONE', #2452, #2451, #2450 ) ;
#2454 = PLANE ( 'NONE',  #2453 ) ;
#2455 = FACE_BOUND ( 'NONE', #849, .T. ) ;
#2456 = FACE_OUTER_BOUND ( 'NONE', #911, .T. ) ;
#2457 = DIRECTION ( 'NONE',  ( 1.000000000000000000, 0.0000000000000000000, 2.282530889443167500E-016 ) ) ;
#2458 = VECTOR ( 'NONE', #2457, 1000.000000000000000 ) ;
#2459 = CARTESIAN_POINT ( 'NONE',  ( 1.899999999999999900, -9.999999999999998200, -6.999999999999999100 ) ) ;
#2460 = LINE ( 'NONE', #2459, #2458 ) ;
#2461 = CARTESIAN_POINT ( 'NONE',  ( 1.899999999999999900, -9.999999999999998200, -6.999999999999999100 ) ) ;
#2462 = DIRECTION ( 'NONE',  ( 0.0000000000000000000, 1.000000000000000000, 0.0000000000000000000 ) ) ;
#2463 = VECTOR ( 'NONE', #2462, 1000.000000000000000 ) ;
#2464 = CARTESIAN_POINT ( 'NONE',  ( 1.899999999999999900, -9.999999999999998200, -6.999999999999999100 ) ) ;
#2465 = LINE ( 'NONE', #2464, #2463 ) ;
#2466 = CARTESIAN_POINT ( 'NONE',  ( 1.899999999999999700, -7.100000000000000500, -7.000000000000000000 ) ) ;
#2467 = DIRECTION ( 'NONE',  ( -1.000000000000000000, 2.282530889443168000E-016, 0.0000000000000000000 ) ) ;
#2468 = VECTOR ( 'NONE', #2467, 1000.000000000000000 ) ;
#2469 = CARTESIAN_POINT ( 'NONE',  ( -1.899999999999999000, -7.099999999999999600, -7.000000000000000000 ) ) ;
#2470 = LINE ( 'NONE', #2469, #2468 ) ;
#2471 = CARTESIAN_POINT ( 'NONE',  ( -1.899999999999999000, -7.099999999999999600, -7.000000000000000000 ) ) ;
#2472 = CARTESIAN_POINT ( 'NONE',  ( -1.899999999999999200, -9.999999999999998200, -7.000000000000000000 ) ) ;
#2473 = DIRECTION ( 'NONE',  ( 0.0000000000000000000, 1.000000000000000000, 0.0000000000000000000 ) ) ;
#2474 = VECTOR ( 'NONE', #2473, 1000.000000000000000 ) ;
#2475 = CARTESIAN_POINT ( 'NONE',  ( -1.899999999999999200, -9.999999999999998200, -7.000000000000000000 ) ) ;
#2476 = LINE ( 'NONE', #2475, #2474 ) ;
#2477 = DIRECTION ( 'NONE',  ( 1.000000000000000000, 0.0000000000000000000, 0.0000000000000000000 ) ) ;
#2478 = DIRECTION ( 'NONE',  ( 0.0000000000000000000, 0.0000000000000000000, 1.000000000000000000 ) ) ;
#2479 = CARTESIAN_POINT ( 'NONE',  ( 8.673617379884035500E-016, 13.99999999999994000, -7.000000000000000000 ) ) ;
#2480 = AXIS2_PLACEMENT_3D ( 'NONE', #2479, #2478, #2477 ) ;
#2481 =( NAMED_UNIT ( * ) SI_UNIT ( $, .STERADIAN. ) SOLID_ANGLE_UNIT ( ) );
#2482 =( NAMED_UNIT ( * ) PLANE_ANGLE_UNIT ( ) SI_UNIT ( $, .RADIAN. ) );
#2483 =( LENGTH_UNIT ( ) NAMED_UNIT ( * ) SI_UNIT ( .MILLI., .METRE. ) );
#2484 = DIRECTION ( 'NONE',  ( 0.0000000000000000000, 0.0000000000000000000, 1.000000000000000000 ) ) ;
#2485 = DIRECTION ( 'NONE',  ( 0.0000000000000000000, 0.0000000000000000000, 1.000000000000000000 ) ) ;
#2486 = VECTOR ( 'NONE', #2485, 1000.000000000000000 ) ;
#2487 = CARTESIAN_POINT ( 'NONE',  ( -3.600000000000000100, 0.7500000000000011100, -11.00000000000000000 ) ) ;
#2488 = LINE ( 'NONE', #2487, #2486 ) ;
#2489 = CARTESIAN_POINT ( 'NONE',  ( 3.600000000000000100, 0.7500000000000006700, -11.00000000000000000 ) ) ;
#2490 = CARTESIAN_POINT ( 'NONE',  ( -3.600000000000000100, 0.7500000000000011100, -11.00000000000000000 ) ) ;
#2491 = DIRECTION ( 'NONE',  ( -1.000000000000000000, 0.0000000000000000000, 0.0000000000000000000 ) ) ;
#2492 = DIRECTION ( 'NONE',  ( 0.0000000000000000000, 0.0000000000000000000, -1.000000000000000000 ) ) ;
#2493 = CARTESIAN_POINT ( 'NONE',  ( 0.0000000000000000000, 0.7500000000000006700, -11.00000000000000000 ) ) ;
#2494 = AXIS2_PLACEMENT_3D ( 'NONE', #2493, #2492, #2491 ) ;
#2495 = DIRECTION ( 'NONE',  ( 1.000000000000000000, 0.0000000000000000000, 0.0000000000000000000 ) ) ;
#2496 = DIRECTION ( 'NONE',  ( 0.0000000000000000000, 0.0000000000000000000, 1.000000000000000000 ) ) ;
#2497 = CIRCLE ( 'NONE', #2494, 3.600000000000000100 ) ;
#2498 = CARTESIAN_POINT ( 'NONE',  ( 6.062177826491065100, -3.500000000000009300, 0.0000000000000000000 ) ) ;
#2499 = CARTESIAN_POINT ( 'NONE',  ( 6.208251845142807900, -3.246992378029418500, 6.282205141768730300E-016 ) ) ;
#2500 = CARTESIAN_POINT ( 'NONE',  ( 6.354326687167763100, -2.993983329934604600, 0.0003732754506437991900 ) ) ;
#2501 = CARTESIAN_POINT ( 'NONE',  ( 6.646468068144175200, -2.487979615090122600, -0.002644364033373035400 ) ) ;
#2502 = CARTESIAN_POINT ( 'NONE',  ( 6.792534562271447900, -2.234985025978224900, -0.006055599971085238300 ) ) ;
#2503 = CARTESIAN_POINT ( 'NONE',  ( 7.084630482440552200, -1.729060051561754700, -0.02968285274911809300 ) ) ;
#2504 = CARTESIAN_POINT ( 'NONE',  ( 7.230130630902941400, -1.477046401916086300, -0.04978122233335110400 ) ) ;
#2505 = CARTESIAN_POINT ( 'NONE',  ( 7.518055819892884600, -0.9783453458066372300, -0.1281304772888808800 ) ) ;
#2506 = CARTESIAN_POINT ( 'NONE',  ( 7.660620803941906600, -0.7314155500534823600, -0.1852048489225723000 ) ) ;
#2507 = CARTESIAN_POINT ( 'NONE',  ( 7.799999999991753100, -0.4900037009770464900, -0.2830808546616218600 ) ) ;
#2508 = AXIS2_PLACEMENT_3D ( 'NONE', #2446, #2496, #2495 ) ;
#2509 = DIRECTION ( 'NONE',  ( 1.000000000000000000, 0.0000000000000000000, 0.0000000000000000000 ) ) ;
#2510 = CARTESIAN_POINT ( 'NONE',  ( 0.0000000000000000000, 0.0000000000000000000, -0.007000000000000000100 ) ) ;
#2511 = AXIS2_PLACEMENT_3D ( 'NONE', #2510, #2484, #2509 ) ;
#2512 = ADVANCED_BREP_SHAPE_REPRESENTATION ( 'EX-32A', ( #797, #699, #471, #2511 ), #2513 ) ;
#2513 =( GEOMETRIC_REPRESENTATION_CONTEXT ( 3 ) GLOBAL_UNCERTAINTY_ASSIGNED_CONTEXT ( ( #2514 ) ) GLOBAL_UNIT_ASSIGNED_CONTEXT ( ( #2483, #2482, #2481 ) ) REPRESENTATION_CONTEXT ( 'NONE', 'WORKASPACE' ) );
#2514 = UNCERTAINTY_MEASURE_WITH_UNIT (LENGTH_MEASURE( 1.000000000000000100E-005 ), #2483, 'distance_accuracy_value', 'NONE');
#2515 = PERSON_AND_ORGANIZATION_ROLE ( 'creator' ) ;
#2516 = PERSON_AND_ORGANIZATION ( #2536, #2535 ) ;
#2517 = CC_DESIGN_APPROVAL ( #2525, ( #2528 ) ) ;
#2518 = APPROVAL_DATE_TIME ( #2519, #2525 ) ;
#2519 = DATE_AND_TIME ( #2520, #2521 ) ;
#2520 = CALENDAR_DATE ( 2005, 9, 11 ) ;
#2521 = LOCAL_TIME ( 16, 0, 23.00000000000000000, #2522 ) ;
#2522 = COORDINATED_UNIVERSAL_TIME_OFFSET ( 9, 0, .AHEAD. ) ;
#2523 = APPROVAL_PERSON_ORGANIZATION ( #2527, #2525, #2524 ) ;
#2524 = APPROVAL_ROLE ( '' ) ;
#2525 = APPROVAL ( #2526, 'UNSPECIFIED' ) ;
#2526 = APPROVAL_STATUS ( 'not_yet_approved' ) ;
#2527 = PERSON_AND_ORGANIZATION ( #2536, #2535 ) ;
#2528 = PRODUCT_DEFINITION ( 'UNKNOWN', '', #2578, #2529 ) ;
#2529 = DESIGN_CONTEXT ( 'detailed design', #2531, 'design' ) ;
#2530 = APPLICATION_PROTOCOL_DEFINITION ( 'international standard', 'config_control_design', 1994, #2531 ) ;
#2531 = APPLICATION_CONTEXT ( 'configuration controlled 3d designs of mechanical parts and assemblies' ) ;
#2532 = CC_DESIGN_PERSON_AND_ORGANIZATION_ASSIGNMENT ( #2534, #2533, ( #2537 ) ) ;
#2533 = PERSON_AND_ORGANIZATION_ROLE ( 'design_owner' ) ;
#2534 = PERSON_AND_ORGANIZATION ( #2536, #2535 ) ;
#2535 = ORGANIZATION ( 'UNSPECIFIED', 'UNSPECIFIED', '' ) ;
#2536 = PERSON ( 'UNSPECIFIED', 'UNSPECIFIED', 'UNSPECIFIED', ('UNSPECIFIED'), ('UNSPECIFIED'), ('UNSPECIFIED') ) ;
#2537 = PRODUCT ( 'EX-32A', 'EX-32A', '', ( #2538 ) ) ;
#2538 = MECHANICAL_CONTEXT ( 'NONE', #2540, 'mechanical' ) ;
#2539 = APPLICATION_PROTOCOL_DEFINITION ( 'international standard', 'config_control_design', 1994, #2540 ) ;
#2540 = APPLICATION_CONTEXT ( 'configuration controlled 3d designs of mechanical parts and assemblies' ) ;
#2541 = DATE_AND_TIME ( #2542, #2543 ) ;
#2542 = CALENDAR_DATE ( 2005, 9, 11 ) ;
#2543 = LOCAL_TIME ( 16, 0, 23.00000000000000000, #2544 ) ;
#2544 = COORDINATED_UNIVERSAL_TIME_OFFSET ( 9, 0, .AHEAD. ) ;
#2545 = APPROVAL_PERSON_ORGANIZATION ( #2549, #2547, #2546 ) ;
#2546 = APPROVAL_ROLE ( '' ) ;
#2547 = APPROVAL ( #2548, 'UNSPECIFIED' ) ;
#2548 = APPROVAL_STATUS ( 'not_yet_approved' ) ;
#2549 = PERSON_AND_ORGANIZATION ( #2536, #2535 ) ;
#2550 = CC_DESIGN_DATE_AND_TIME_ASSIGNMENT ( #2552, #2551, ( #2559 ) ) ;
#2551 = DATE_TIME_ROLE ( 'classification_date' ) ;
#2552 = DATE_AND_TIME ( #2553, #2554 ) ;
#2553 = CALENDAR_DATE ( 2005, 9, 11 ) ;
#2554 = LOCAL_TIME ( 16, 0, 23.00000000000000000, #2555 ) ;
#2555 = COORDINATED_UNIVERSAL_TIME_OFFSET ( 9, 0, .AHEAD. ) ;
#2556 = CC_DESIGN_PERSON_AND_ORGANIZATION_ASSIGNMENT ( #2558, #2557, ( #2559 ) ) ;
#2557 = PERSON_AND_ORGANIZATION_ROLE ( 'classification_officer' ) ;
#2558 = PERSON_AND_ORGANIZATION ( #2536, #2535 ) ;
#2559 = SECURITY_CLASSIFICATION ( '', '', #2560 ) ;
#2560 = SECURITY_CLASSIFICATION_LEVEL ( 'unclassified' ) ;
#2561 = CC_DESIGN_PERSON_AND_ORGANIZATION_ASSIGNMENT ( #2563, #2562, ( #2578 ) ) ;
#2562 = PERSON_AND_ORGANIZATION_ROLE ( 'design_supplier' ) ;
#2563 = PERSON_AND_ORGANIZATION ( #2536, #2535 ) ;
#2564 = CC_DESIGN_PERSON_AND_ORGANIZATION_ASSIGNMENT ( #2566, #2565, ( #2578 ) ) ;
#2565 = PERSON_AND_ORGANIZATION_ROLE ( 'creator' ) ;
#2566 = PERSON_AND_ORGANIZATION ( #2536, #2535 ) ;
#2567 = CC_DESIGN_APPROVAL ( #2575, ( #2578 ) ) ;
#2568 = APPROVAL_DATE_TIME ( #2569, #2575 ) ;
#2569 = DATE_AND_TIME ( #2570, #2571 ) ;
#2570 = CALENDAR_DATE ( 2005, 9, 11 ) ;
#2571 = LOCAL_TIME ( 16, 0, 23.00000000000000000, #2572 ) ;
#2572 = COORDINATED_UNIVERSAL_TIME_OFFSET ( 9, 0, .AHEAD. ) ;
#2573 = APPROVAL_PERSON_ORGANIZATION ( #2577, #2575, #2574 ) ;
#2574 = APPROVAL_ROLE ( '' ) ;
#2575 = APPROVAL ( #2576, 'UNSPECIFIED' ) ;
#2576 = APPROVAL_STATUS ( 'not_yet_approved' ) ;
#2577 = PERSON_AND_ORGANIZATION ( #2536, #2535 ) ;
#2578 = PRODUCT_DEFINITION_FORMATION_WITH_SPECIFIED_SOURCE ( 'ANY', '', #2537, .NOT_KNOWN. ) ;
#2579 = CC_DESIGN_DATE_AND_TIME_ASSIGNMENT ( #2581, #2580, ( #2528 ) ) ;
#2580 = DATE_TIME_ROLE ( 'creation_date' ) ;
#2581 = DATE_AND_TIME ( #2582, #2583 ) ;
#2582 = CALENDAR_DATE ( 2005, 9, 11 ) ;
#2583 = LOCAL_TIME ( 16, 0, 23.00000000000000000, #2584 ) ;
#2584 = COORDINATED_UNIVERSAL_TIME_OFFSET ( 9, 0, .AHEAD. ) ;
#2585 = CC_DESIGN_PERSON_AND_ORGANIZATION_ASSIGNMENT ( #2516, #2515, ( #2528 ) ) ;
#2586 = SHAPE_DEFINITION_REPRESENTATION ( #2587, #2512 ) ;
#2587 = PRODUCT_DEFINITION_SHAPE ( 'NONE', 'NONE',  #2528 ) ;
#2588 = PRODUCT_RELATED_PRODUCT_CATEGORY ( 'detail', '', ( #2537 ) ) ;
#2589 = CC_DESIGN_SECURITY_CLASSIFICATION ( #2559, ( #2578 ) ) ;
ENDSEC;
END-ISO-10303-21;
