ISO-10303-21;
HEADER;
FILE_DESCRIPTION (( 'STEP AP203' ),
    '1' );
FILE_NAME ('pm-k65.STEP',
    '2015-08-07T07:43:02',
    ( '' ),
    ( '' ),
    'SwSTEP 2.0',
    'SolidWorks 2010',
    '' );
FILE_SCHEMA (( 'CONFIG_CONTROL_DESIGN' ));
ENDSEC;

DATA;
#1 = EDGE_CURVE ( 'NONE', #2536, #2615, #3721, .T. ) ;
#2 = EDGE_CURVE ( 'NONE', #2541, #2542, #3502, .T. ) ;
#3 = EDGE_CURVE ( 'NONE', #2612, #2536, #3719, .T. ) ;
#4 = EDGE_CURVE ( 'NONE', #2537, #2539, #3720, .T. ) ;
#5 = EDGE_CURVE ( 'NONE', #2539, #2541, #3729, .T. ) ;
#6 = EDGE_CURVE ( 'NONE', #2546, #2548, #3731, .T. ) ;
#7 = EDGE_CURVE ( 'NONE', #2542, #2537, #3733, .T. ) ;
#8 = EDGE_CURVE ( 'NONE', #2550, #2548, #3735, .T. ) ;
#9 = EDGE_CURVE ( 'NONE', #2545, #2544, #3724, .T. ) ;
#10 = EDGE_CURVE ( 'NONE', #2552, #2551, #3726, .T. ) ;
#11 = EDGE_CURVE ( 'NONE', #2550, #2551, #3728, .T. ) ;
#12 = EDGE_CURVE ( 'NONE', #2548, #2208, #3743, .T. ) ;
#13 = EDGE_CURVE ( 'NONE', #2627, #2552, #3745, .T. ) ;
#14 = EDGE_CURVE ( 'NONE', #2394, #2395, #3738, .T. ) ;
#15 = EDGE_CURVE ( 'NONE', #2240, #2208, #3740, .T. ) ;
#16 = EDGE_CURVE ( 'NONE', #2388, #2240, #3742, .T. ) ;
#17 = EDGE_CURVE ( 'NONE', #2240, #2550, #3753, .T. ) ;
#18 = EDGE_CURVE ( 'NONE', #2395, #2400, #3755, .T. ) ;
#19 = EDGE_CURVE ( 'NONE', #2391, #2626, #3748, .T. ) ;
#20 = EDGE_CURVE ( 'NONE', #2396, #2394, #3759, .T. ) ;
#21 = EDGE_CURVE ( 'NONE', #2400, #2396, #3750, .T. ) ;
#22 = EDGE_CURVE ( 'NONE', #2391, #2388, #3752, .T. ) ;
#23 = EDGE_CURVE ( 'NONE', #2382, #2383, #3765, .T. ) ;
#24 = EDGE_CURVE ( 'NONE', #2601, #2382, #3767, .T. ) ;
#25 = EDGE_CURVE ( 'NONE', #2208, #2386, #3769, .T. ) ;
#26 = EDGE_CURVE ( 'NONE', #2544, #2382, #3771, .T. ) ;
#27 = EDGE_CURVE ( 'NONE', #2383, #2386, #3773, .T. ) ;
#28 = EDGE_CURVE ( 'NONE', #2587, #2525, #3758, .T. ) ;
#29 = EDGE_CURVE ( 'NONE', #2605, #2625, #3762, .T. ) ;
#30 = EDGE_CURVE ( 'NONE', #2377, #2378, #3779, .T. ) ;
#31 = EDGE_CURVE ( 'NONE', #2614, #2611, #3764, .T. ) ;
#32 = EDGE_CURVE ( 'NONE', #2377, #2617, #3783, .T. ) ;
#33 = EDGE_CURVE ( 'NONE', #2378, #2618, #3776, .T. ) ;
#34 = EDGE_CURVE ( 'NONE', #2374, #2619, #3778, .T. ) ;
#35 = EDGE_CURVE ( 'NONE', #2589, #2527, #3782, .T. ) ;
#36 = EDGE_CURVE ( 'NONE', #2241, #2620, #3786, .T. ) ;
#37 = EDGE_CURVE ( 'NONE', #2374, #2377, #3788, .T. ) ;
#38 = EDGE_CURVE ( 'NONE', #2591, #2621, #3795, .T. ) ;
#39 = EDGE_CURVE ( 'NONE', #2241, #2374, #3790, .T. ) ;
#40 = EDGE_CURVE ( 'NONE', #2585, #2622, #3799, .T. ) ;
#41 = EDGE_CURVE ( 'NONE', #2591, #2241, #3792, .T. ) ;
#42 = EDGE_CURVE ( 'NONE', #2597, #2603, #3803, .T. ) ;
#43 = EDGE_CURVE ( 'NONE', #2585, #2591, #3794, .T. ) ;
#44 = EDGE_CURVE ( 'NONE', #2441, #2439, #3807, .T. ) ;
#45 = EDGE_CURVE ( 'NONE', #2597, #2585, #3798, .T. ) ;
#46 = EDGE_CURVE ( 'NONE', #2587, #2589, #3811, .T. ) ;
#47 = EDGE_CURVE ( 'NONE', #2378, #2597, #3802, .T. ) ;
#48 = EDGE_CURVE ( 'NONE', #2588, #2528, #3815, .T. ) ;
#49 = EDGE_CURVE ( 'NONE', #2431, #2433, #3806, .T. ) ;
#50 = EDGE_CURVE ( 'NONE', #2422, #2530, #3810, .T. ) ;
#51 = EDGE_CURVE ( 'NONE', #2588, #2587, #3814, .T. ) ;
#52 = EDGE_CURVE ( 'NONE', #2426, #2531, #3823, .T. ) ;
#53 = EDGE_CURVE ( 'NONE', #2422, #2588, #3818, .T. ) ;
#54 = EDGE_CURVE ( 'NONE', #2428, #2533, #3827, .T. ) ;
#55 = EDGE_CURVE ( 'NONE', #2426, #2422, #3820, .T. ) ;
#56 = EDGE_CURVE ( 'NONE', #2429, #2534, #3831, .T. ) ;
#57 = EDGE_CURVE ( 'NONE', #2428, #2426, #3822, .T. ) ;
#58 = EDGE_CURVE ( 'NONE', #2433, #2630, #3835, .T. ) ;
#59 = EDGE_CURVE ( 'NONE', #2429, #2428, #3826, .T. ) ;
#60 = EDGE_CURVE ( 'NONE', #2444, #2447, #3839, .T. ) ;
#61 = EDGE_CURVE ( 'NONE', #2448, #2447, #3830, .T. ) ;
#62 = EDGE_CURVE ( 'NONE', #2631, #2431, #3834, .T. ) ;
#63 = EDGE_CURVE ( 'NONE', #2436, #2437, #3847, .T. ) ;
#64 = EDGE_CURVE ( 'NONE', #2439, #2436, #3846, .T. ) ;
#65 = EDGE_CURVE ( 'NONE', #2452, #2444, #3844, .T. ) ;
#66 = EDGE_CURVE ( 'NONE', #2437, #2441, #3850, .T. ) ;
#67 = EDGE_CURVE ( 'NONE', #2487, #2485, #3845, .T. ) ;
#68 = EDGE_CURVE ( 'NONE', #2452, #2448, #3838, .T. ) ;
#69 = EDGE_CURVE ( 'NONE', #2589, #2429, #3849, .T. ) ;
#70 = EDGE_CURVE ( 'NONE', #2448, #2453, #3858, .T. ) ;
#71 = EDGE_CURVE ( 'NONE', #2453, #2431, #3860, .T. ) ;
#72 = EDGE_CURVE ( 'NONE', #2409, #2403, #3864, .T. ) ;
#73 = EDGE_CURVE ( 'NONE', #2470, #2433, #3863, .T. ) ;
#74 = EDGE_CURVE ( 'NONE', #2465, #2464, #3867, .T. ) ;
#75 = EDGE_CURVE ( 'NONE', #2447, #2605, #3862, .T. ) ;
#76 = EDGE_CURVE ( 'NONE', #2459, #2461, #3868, .T. ) ;
#77 = EDGE_CURVE ( 'NONE', #2464, #2459, #3870, .T. ) ;
#78 = EDGE_CURVE ( 'NONE', #2485, #2481, #3874, .T. ) ;
#79 = EDGE_CURVE ( 'NONE', #2473, #2477, #3873, .T. ) ;
#80 = EDGE_CURVE ( 'NONE', #2461, #2465, #3865, .T. ) ;
#81 = EDGE_CURVE ( 'NONE', #2477, #2490, #3877, .T. ) ;
#82 = EDGE_CURVE ( 'NONE', #2483, #2487, #3872, .T. ) ;
#83 = EDGE_CURVE ( 'NONE', #2470, #2452, #3866, .T. ) ;
#84 = EDGE_CURVE ( 'NONE', #2481, #2483, #3883, .T. ) ;
#85 = EDGE_CURVE ( 'NONE', #2453, #2470, #3876, .T. ) ;
#86 = EDGE_CURVE ( 'NONE', #2489, #2490, #3887, .T. ) ;
#87 = EDGE_CURVE ( 'NONE', #2614, #2473, #3880, .T. ) ;
#88 = EDGE_CURVE ( 'NONE', #2625, #2444, #3891, .T. ) ;
#89 = EDGE_CURVE ( 'NONE', #2467, #2572, #3893, .T. ) ;
#90 = EDGE_CURVE ( 'NONE', #2468, #2466, #3882, .T. ) ;
#91 = EDGE_CURVE ( 'NONE', #2463, #2467, #3886, .T. ) ;
#92 = EDGE_CURVE ( 'NONE', #2569, #2469, #3899, .T. ) ;
#93 = EDGE_CURVE ( 'NONE', #2458, #2460, #3890, .T. ) ;
#94 = EDGE_CURVE ( 'NONE', #2537, #2456, #3896, .T. ) ;
#95 = EDGE_CURVE ( 'NONE', #2383, #2545, #3898, .T. ) ;
#96 = EDGE_CURVE ( 'NONE', #2551, #2388, #577, .T. ) ;
#97 = EDGE_CURVE ( 'NONE', #2460, #2400, #579, .T. ) ;
#98 = EDGE_CURVE ( 'NONE', #2542, #2454, #581, .T. ) ;
#99 = EDGE_CURVE ( 'NONE', #2454, #2456, #3902, .T. ) ;
#100 = EDGE_CURVE ( 'NONE', #2460, #2462, #585, .T. ) ;
#101 = EDGE_CURVE ( 'NONE', #2458, #2395, #587, .T. ) ;
#102 = EDGE_CURVE ( 'NONE', #2488, #2469, #589, .T. ) ;
#103 = EDGE_CURVE ( 'NONE', #2468, #2578, #3904, .T. ) ;
#104 = EDGE_CURVE ( 'NONE', #2539, #2455, #3133, .T. ) ;
#105 = EDGE_CURVE ( 'NONE', #2466, #2571, #584, .T. ) ;
#106 = EDGE_CURVE ( 'NONE', #2476, #2474, #592, .T. ) ;
#107 = EDGE_CURVE ( 'NONE', #2463, #2573, #594, .T. ) ;
#108 = EDGE_CURVE ( 'NONE', #2474, #2472, #596, .T. ) ;
#109 = EDGE_CURVE ( 'NONE', #2472, #2624, #603, .T. ) ;
#110 = EDGE_CURVE ( 'NONE', #2466, #2463, #598, .T. ) ;
#111 = EDGE_CURVE ( 'NONE', #2462, #2396, #607, .T. ) ;
#112 = EDGE_CURVE ( 'NONE', #2471, #2517, #609, .T. ) ;
#113 = EDGE_CURVE ( 'NONE', #2472, #2475, #611, .T. ) ;
#114 = EDGE_CURVE ( 'NONE', #2455, #2451, #613, .T. ) ;
#115 = EDGE_CURVE ( 'NONE', #2386, #2546, #615, .T. ) ;
#116 = EDGE_CURVE ( 'NONE', #2467, #2468, #617, .T. ) ;
#117 = EDGE_CURVE ( 'NONE', #2513, #2471, #619, .T. ) ;
#118 = EDGE_CURVE ( 'NONE', #2471, #2469, #600, .T. ) ;
#119 = EDGE_CURVE ( 'NONE', #2457, #2394, #622, .T. ) ;
#120 = EDGE_CURVE ( 'NONE', #2457, #2458, #624, .T. ) ;
#121 = EDGE_CURVE ( 'NONE', #2552, #2391, #626, .T. ) ;
#122 = EDGE_CURVE ( 'NONE', #2541, #2451, #628, .T. ) ;
#123 = EDGE_CURVE ( 'NONE', #2451, #2454, #602, .T. ) ;
#124 = EDGE_CURVE ( 'NONE', #2566, #2576, #632, .T. ) ;
#125 = EDGE_CURVE ( 'NONE', #2462, #2457, #606, .T. ) ;
#126 = EDGE_CURVE ( 'NONE', #2456, #2455, #636, .T. ) ;
#127 = EDGE_CURVE ( 'NONE', #2586, #2510, #638, .T. ) ;
#128 = EDGE_CURVE ( 'NONE', #2590, #2583, #642, .T. ) ;
#129 = EDGE_CURVE ( 'NONE', #2414, #2415, #644, .T. ) ;
#130 = EDGE_CURVE ( 'NONE', #2586, #2575, #643, .T. ) ;
#131 = EDGE_CURVE ( 'NONE', #2405, #2403, #631, .T. ) ;
#132 = EDGE_CURVE ( 'NONE', #2579, #2580, #635, .T. ) ;
#133 = EDGE_CURVE ( 'NONE', #2576, #2586, #641, .T. ) ;
#134 = EDGE_CURVE ( 'NONE', #2573, #2572, #650, .T. ) ;
#135 = EDGE_CURVE ( 'NONE', #2640, #2570, #652, .T. ) ;
#136 = EDGE_CURVE ( 'NONE', #2596, #2592, #657, .T. ) ;
#137 = EDGE_CURVE ( 'NONE', #2637, #2639, #649, .T. ) ;
#138 = EDGE_CURVE ( 'NONE', #2639, #2638, #656, .T. ) ;
#139 = EDGE_CURVE ( 'NONE', #2414, #2417, #655, .T. ) ;
#140 = EDGE_CURVE ( 'NONE', #2555, #2640, #654, .T. ) ;
#141 = EDGE_CURVE ( 'NONE', #2418, #2417, #666, .T. ) ;
#142 = EDGE_CURVE ( 'NONE', #2581, #2637, #662, .T. ) ;
#143 = EDGE_CURVE ( 'NONE', #2411, #2409, #665, .T. ) ;
#144 = EDGE_CURVE ( 'NONE', #2577, #2568, #668, .T. ) ;
#145 = EDGE_CURVE ( 'NONE', #2576, #2574, #664, .T. ) ;
#146 = EDGE_CURVE ( 'NONE', #2575, #2579, #672, .T. ) ;
#147 = EDGE_CURVE ( 'NONE', #2590, #2592, #674, .T. ) ;
#148 = EDGE_CURVE ( 'NONE', #2570, #2567, #663, .T. ) ;
#149 = EDGE_CURVE ( 'NONE', #2595, #2599, #681, .T. ) ;
#150 = EDGE_CURVE ( 'NONE', #2638, #2581, #680, .T. ) ;
#151 = EDGE_CURVE ( 'NONE', #2574, #2575, #679, .T. ) ;
#152 = EDGE_CURVE ( 'NONE', #2567, #2555, #678, .T. ) ;
#153 = EDGE_CURVE ( 'NONE', #2584, #2580, #671, .T. ) ;
#154 = EDGE_CURVE ( 'NONE', #2593, #2599, #683, .T. ) ;
#155 = EDGE_CURVE ( 'NONE', #2578, #2571, #685, .T. ) ;
#156 = EDGE_CURVE ( 'NONE', #2575, #2584, #692, .T. ) ;
#157 = EDGE_CURVE ( 'NONE', #2572, #2578, #694, .T. ) ;
#158 = EDGE_CURVE ( 'NONE', #2594, #2595, #696, .T. ) ;
#159 = EDGE_CURVE ( 'NONE', #2559, #2560, #698, .T. ) ;
#160 = EDGE_CURVE ( 'NONE', #2580, #2524, #687, .T. ) ;
#161 = EDGE_CURVE ( 'NONE', #2524, #2523, #702, .T. ) ;
#162 = EDGE_CURVE ( 'NONE', #2523, #2521, #689, .T. ) ;
#163 = EDGE_CURVE ( 'NONE', #2521, #2520, #691, .T. ) ;
#164 = EDGE_CURVE ( 'NONE', #2520, #2519, #701, .T. ) ;
#165 = EDGE_CURVE ( 'NONE', #2519, #2518, #705, .T. ) ;
#166 = EDGE_CURVE ( 'NONE', #2518, #2516, #707, .T. ) ;
#167 = EDGE_CURVE ( 'NONE', #2516, #2515, #709, .T. ) ;
#168 = EDGE_CURVE ( 'NONE', #2515, #2514, #716, .T. ) ;
#169 = EDGE_CURVE ( 'NONE', #2514, #2505, #711, .T. ) ;
#170 = EDGE_CURVE ( 'NONE', #2505, #2502, #713, .T. ) ;
#171 = EDGE_CURVE ( 'NONE', #2484, #2506, #715, .T. ) ;
#172 = EDGE_CURVE ( 'NONE', #2499, #2484, #719, .T. ) ;
#173 = EDGE_CURVE ( 'NONE', #2606, #2506, #721, .T. ) ;
#174 = EDGE_CURVE ( 'NONE', #2579, #2602, #723, .T. ) ;
#175 = EDGE_CURVE ( 'NONE', #2604, #2602, #730, .T. ) ;
#176 = EDGE_CURVE ( 'NONE', #2609, #2608, #732, .T. ) ;
#177 = EDGE_CURVE ( 'NONE', #2605, #2631, #734, .T. ) ;
#178 = EDGE_CURVE ( 'NONE', #2608, #2605, #736, .T. ) ;
#179 = EDGE_CURVE ( 'NONE', #2632, #2608, #738, .T. ) ;
#180 = EDGE_CURVE ( 'NONE', #2502, #2499, #740, .T. ) ;
#181 = EDGE_CURVE ( 'NONE', #2604, #2633, #725, .T. ) ;
#182 = EDGE_CURVE ( 'NONE', #2628, #2601, #744, .T. ) ;
#183 = EDGE_CURVE ( 'NONE', #2616, #2601, #727, .T. ) ;
#184 = EDGE_CURVE ( 'NONE', #2583, #2596, #747, .T. ) ;
#185 = EDGE_CURVE ( 'NONE', #2618, #2603, #749, .T. ) ;
#186 = EDGE_CURVE ( 'NONE', #2621, #2620, #751, .T. ) ;
#187 = EDGE_CURVE ( 'NONE', #2617, #2618, #753, .T. ) ;
#188 = EDGE_CURVE ( 'NONE', #2619, #2617, #755, .T. ) ;
#189 = EDGE_CURVE ( 'NONE', #2622, #2621, #757, .T. ) ;
#190 = EDGE_CURVE ( 'NONE', #2630, #2625, #759, .T. ) ;
#191 = EDGE_CURVE ( 'NONE', #2620, #2619, #761, .T. ) ;
#192 = EDGE_CURVE ( 'NONE', #2603, #2622, #763, .T. ) ;
#193 = EDGE_CURVE ( 'NONE', #2625, #2616, #765, .T. ) ;
#194 = EDGE_CURVE ( 'NONE', #2613, #2615, #767, .T. ) ;
#195 = EDGE_CURVE ( 'NONE', #2607, #2609, #729, .T. ) ;
#196 = EDGE_CURVE ( 'NONE', #2611, #2609, #743, .T. ) ;
#197 = EDGE_CURVE ( 'NONE', #2566, #2577, #773, .T. ) ;
#198 = EDGE_CURVE ( 'NONE', #2611, #2636, #775, .T. ) ;
#199 = EDGE_CURVE ( 'NONE', #2610, #2614, #777, .T. ) ;
#200 = EDGE_CURVE ( 'NONE', #2592, #2596, #780, .T. ) ;
#201 = EDGE_CURVE ( 'NONE', #2629, #2616, #772, .T. ) ;
#202 = EDGE_CURVE ( 'NONE', #2599, #2595, #783, .T. ) ;
#203 = EDGE_CURVE ( 'NONE', #2583, #2590, #785, .T. ) ;
#204 = EDGE_CURVE ( 'NONE', #2594, #2593, #787, .T. ) ;
#205 = EDGE_CURVE ( 'NONE', #2615, #2614, #781, .T. ) ;
#206 = EDGE_CURVE ( 'NONE', #2627, #2612, #788, .T. ) ;
#207 = EDGE_CURVE ( 'NONE', #2612, #2613, #790, .T. ) ;
#208 = EDGE_CURVE ( 'NONE', #2613, #2610, #792, .T. ) ;
#209 = EDGE_CURVE ( 'NONE', #2610, #2636, #794, .T. ) ;
#210 = EDGE_CURVE ( 'NONE', #2636, #2607, #786, .T. ) ;
#211 = EDGE_CURVE ( 'NONE', #2607, #2606, #798, .T. ) ;
#212 = EDGE_CURVE ( 'NONE', #2606, #2556, #800, .T. ) ;
#213 = EDGE_CURVE ( 'NONE', #2556, #2634, #779, .T. ) ;
#214 = EDGE_CURVE ( 'NONE', #2634, #2633, #782, .T. ) ;
#215 = EDGE_CURVE ( 'NONE', #2633, #2632, #797, .T. ) ;
#216 = EDGE_CURVE ( 'NONE', #2630, #2629, #808, .T. ) ;
#217 = EDGE_CURVE ( 'NONE', #2626, #2627, #810, .T. ) ;
#218 = EDGE_CURVE ( 'NONE', #2628, #2626, #812, .T. ) ;
#219 = EDGE_CURVE ( 'NONE', #2632, #2631, #814, .T. ) ;
#220 = EDGE_CURVE ( 'NONE', #2631, #2630, #803, .T. ) ;
#221 = EDGE_CURVE ( 'NONE', #2561, #2562, #805, .T. ) ;
#222 = EDGE_CURVE ( 'NONE', #2629, #2628, #807, .T. ) ;
#223 = EDGE_CURVE ( 'NONE', #2564, #2563, #822, .T. ) ;
#224 = EDGE_CURVE ( 'NONE', #2560, #2557, #817, .T. ) ;
#225 = EDGE_CURVE ( 'NONE', #2623, #2635, #826, .T. ) ;
#226 = EDGE_CURVE ( 'NONE', #2569, #2566, #819, .T. ) ;
#227 = EDGE_CURVE ( 'NONE', #2411, #2405, #832, .T. ) ;
#228 = EDGE_CURVE ( 'NONE', #2562, #2564, #825, .T. ) ;
#229 = EDGE_CURVE ( 'NONE', #2565, #2623, #831, .T. ) ;
#230 = EDGE_CURVE ( 'NONE', #2635, #2624, #829, .T. ) ;
#231 = EDGE_CURVE ( 'NONE', #2557, #2558, #830, .T. ) ;
#232 = EDGE_CURVE ( 'NONE', #2593, #2594, #841, .T. ) ;
#233 = EDGE_CURVE ( 'NONE', #2624, #2565, #836, .T. ) ;
#234 = EDGE_CURVE ( 'NONE', #2563, #2561, #842, .T. ) ;
#235 = EDGE_CURVE ( 'NONE', #2558, #2559, #840, .T. ) ;
#236 = EDGE_CURVE ( 'NONE', #2415, #2418, #846, .T. ) ;
#237 = EDGE_CURVE ( 'NONE', #2571, #2573, #848, .T. ) ;
#238 = EDGE_CURVE ( 'NONE', #2403, #2409, #852, .T. ) ;
#239 = EDGE_CURVE ( 'NONE', #2474, #2635, #839, .T. ) ;
#240 = EDGE_CURVE ( 'NONE', #2475, #2476, #853, .T. ) ;
#241 = EDGE_CURVE ( 'NONE', #2478, #2480, #855, .T. ) ;
#242 = EDGE_CURVE ( 'NONE', #2475, #2565, #851, .T. ) ;
#243 = EDGE_CURVE ( 'NONE', #2476, #2623, #859, .T. ) ;
#244 = EDGE_CURVE ( 'NONE', #2478, #2638, #861, .T. ) ;
#245 = EDGE_CURVE ( 'NONE', #2482, #2479, #863, .T. ) ;
#246 = EDGE_CURVE ( 'NONE', #2479, #2639, #865, .T. ) ;
#247 = EDGE_CURVE ( 'NONE', #2480, #2482, #867, .T. ) ;
#248 = EDGE_CURVE ( 'NONE', #2501, #2497, #869, .T. ) ;
#249 = EDGE_CURVE ( 'NONE', #2480, #2581, #845, .T. ) ;
#250 = EDGE_CURVE ( 'NONE', #2482, #2637, #873, .T. ) ;
#251 = EDGE_CURVE ( 'NONE', #2479, #2478, #875, .T. ) ;
#252 = EDGE_CURVE ( 'NONE', #2501, #2563, #877, .T. ) ;
#253 = EDGE_CURVE ( 'NONE', #2486, #2496, #879, .T. ) ;
#254 = EDGE_CURVE ( 'NONE', #2496, #2564, #881, .T. ) ;
#255 = EDGE_CURVE ( 'NONE', #2497, #2486, #883, .T. ) ;
#256 = EDGE_CURVE ( 'NONE', #2498, #2511, #885, .T. ) ;
#257 = EDGE_CURVE ( 'NONE', #2497, #2561, #850, .T. ) ;
#258 = EDGE_CURVE ( 'NONE', #2486, #2562, #889, .T. ) ;
#259 = EDGE_CURVE ( 'NONE', #2496, #2501, #891, .T. ) ;
#260 = EDGE_CURVE ( 'NONE', #2498, #2555, #893, .T. ) ;
#261 = EDGE_CURVE ( 'NONE', #2492, #2512, #895, .T. ) ;
#262 = EDGE_CURVE ( 'NONE', #2512, #2567, #897, .T. ) ;
#263 = EDGE_CURVE ( 'NONE', #2511, #2640, #899, .T. ) ;
#264 = EDGE_CURVE ( 'NONE', #2512, #2498, #901, .T. ) ;
#265 = EDGE_CURVE ( 'NONE', #2494, #2502, #903, .T. ) ;
#266 = EDGE_CURVE ( 'NONE', #2492, #2570, #905, .T. ) ;
#267 = EDGE_CURVE ( 'NONE', #2499, #2513, #907, .T. ) ;
#268 = EDGE_CURVE ( 'NONE', #2511, #2492, #909, .T. ) ;
#269 = EDGE_CURVE ( 'NONE', #2494, #2513, #911, .T. ) ;
#270 = EDGE_CURVE ( 'NONE', #2513, #2488, #913, .T. ) ;
#271 = EDGE_CURVE ( 'NONE', #2553, #2494, #915, .T. ) ;
#272 = EDGE_CURVE ( 'NONE', #2508, #2543, #917, .T. ) ;
#273 = EDGE_CURVE ( 'NONE', #2508, #2524, #919, .T. ) ;
#274 = EDGE_CURVE ( 'NONE', #2577, #2574, #921, .T. ) ;
#275 = EDGE_CURVE ( 'NONE', #2535, #2553, #923, .T. ) ;
#276 = EDGE_CURVE ( 'NONE', #2540, #2549, #925, .T. ) ;
#277 = EDGE_CURVE ( 'NONE', #2584, #2508, #858, .T. ) ;
#278 = EDGE_CURVE ( 'NONE', #2549, #2547, #929, .T. ) ;
#279 = EDGE_CURVE ( 'NONE', #2549, #2519, #931, .T. ) ;
#280 = EDGE_CURVE ( 'NONE', #2547, #2518, #933, .T. ) ;
#281 = EDGE_CURVE ( 'NONE', #2532, #2543, #935, .T. ) ;
#282 = EDGE_CURVE ( 'NONE', #2543, #2523, #937, .T. ) ;
#283 = EDGE_CURVE ( 'NONE', #2553, #2505, #939, .T. ) ;
#284 = EDGE_CURVE ( 'NONE', #2559, #2521, #941, .T. ) ;
#285 = EDGE_CURVE ( 'NONE', #2538, #2540, #943, .T. ) ;
#286 = EDGE_CURVE ( 'NONE', #2538, #2516, #945, .T. ) ;
#287 = EDGE_CURVE ( 'NONE', #2540, #2520, #947, .T. ) ;
#288 = EDGE_CURVE ( 'NONE', #2568, #2488, #949, .T. ) ;
#289 = EDGE_CURVE ( 'NONE', #2547, #2538, #951, .T. ) ;
#290 = EDGE_CURVE ( 'NONE', #2514, #2535, #953, .T. ) ;
#291 = EDGE_CURVE ( 'NONE', #2557, #2529, #955, .T. ) ;
#292 = EDGE_CURVE ( 'NONE', #2560, #2515, #872, .T. ) ;
#293 = CARTESIAN_POINT ( 'NONE',  ( -3.500000000000000000, -12.10000000000000100, 8.399999999999998600 ) ) ;
#294 = DIRECTION ( 'NONE',  ( -0.5773502691896257300, -0.5773502691896258400, -0.5773502691896256200 ) ) ;
#295 = DIRECTION ( 'NONE',  ( -0.0000000000000000000, -0.0000000000000000000, -1.000000000000000000 ) ) ;
#296 = CARTESIAN_POINT ( 'NONE',  ( 8.391829923454011500, -15.40000000000000600, 11.33393944403532000 ) ) ;
#297 = DIRECTION ( 'NONE',  ( -0.0000000000000000000, -1.000000000000000000, -0.0000000000000000000 ) ) ;
#298 = DIRECTION ( 'NONE',  ( -1.000000000000000000, 3.516331370223259700E-016, -0.0000000000000000000 ) ) ;
#299 = DIRECTION ( 'NONE',  ( -1.000000000000000000, 3.516331370223259700E-016, -0.0000000000000000000 ) ) ;
#300 = CARTESIAN_POINT ( 'NONE',  ( 8.391829923454011500, -15.40000000000000400, -5.333939444035328500 ) ) ;
#301 = CARTESIAN_POINT ( 'NONE',  ( 8.391829923454011500, -12.20000000000000100, -8.699999999999999300 ) ) ;
#302 = DIRECTION ( 'NONE',  ( 1.000000000000000000, -0.0000000000000000000, -0.0000000000000000000 ) ) ;
#303 = DIRECTION ( 'NONE',  ( -0.0000000000000000000, -1.000000000000000000, -0.0000000000000000000 ) ) ;
#304 = CARTESIAN_POINT ( 'NONE',  ( 1.549999999999999400, -19.10000000000000100, 5.999999999999998200 ) ) ;
#305 = DIRECTION ( 'NONE',  ( 1.084202172485504400E-016, -0.0000000000000000000, -1.000000000000000000 ) ) ;
#306 = CARTESIAN_POINT ( 'NONE',  ( 1.550000000000000000, -19.10000000000000100, -1.734723475976807100E-015 ) ) ;
#307 = CARTESIAN_POINT ( 'NONE',  ( 2.349999999999999200, -19.10000000000000100, 5.999999999999998200 ) ) ;
#308 = CARTESIAN_POINT ( 'NONE',  ( -1.150000000000000100, -18.60000000000000100, -1.200000000000002200 ) ) ;
#309 = DIRECTION ( 'NONE',  ( -0.0000000000000000000, -1.000000000000000000, -0.0000000000000000000 ) ) ;
#310 = CARTESIAN_POINT ( 'NONE',  ( 1.550000000000000000, -19.10000000000000100, -1.734723475976807100E-015 ) ) ;
#311 = DIRECTION ( 'NONE',  ( 0.0000000000000000000, 1.000000000000000000, -0.0000000000000000000 ) ) ;
#312 = CARTESIAN_POINT ( 'NONE',  ( 0.4999999999999970000, -14.60000000000000100, 7.199999999999999300 ) ) ;
#313 = CARTESIAN_POINT ( 'NONE',  ( 1.549999999999999400, -19.10000000000000100, 5.999999999999998200 ) ) ;
#314 = DIRECTION ( 'NONE',  ( -1.000000000000000000, -0.0000000000000000000, -0.0000000000000000000 ) ) ;
#315 = DIRECTION ( 'NONE',  ( -1.000000000000000000, -0.0000000000000000000, -0.0000000000000000000 ) ) ;
#316 = CARTESIAN_POINT ( 'NONE',  ( -1.849999999999999900, -18.60000000000000100, 5.450000000000000200 ) ) ;
#317 = DIRECTION ( 'NONE',  ( -0.0000000000000000000, -1.000000000000000000, -0.0000000000000000000 ) ) ;
#318 = CARTESIAN_POINT ( 'NONE',  ( 2.499999999999999100, -7.400000000000001200, 6.000000000000000900 ) ) ;
#319 = CARTESIAN_POINT ( 'NONE',  ( 0.0000000000000000000, -17.49999999999999600, 13.00000000000000500 ) ) ;
#320 = CARTESIAN_POINT ( 'NONE',  ( -1.150000000000000100, -14.60000000000000100, 7.199999999999999300 ) ) ;
#321 = CARTESIAN_POINT ( 'NONE',  ( -3.499999999999999600, -10.10000000000000000, 16.00000000000000000 ) ) ;
#322 = DIRECTION ( 'NONE',  ( -0.0000000000000000000, -1.000000000000000000, -0.0000000000000000000 ) ) ;
#323 = DIRECTION ( 'NONE',  ( -0.0000000000000000000, 1.000000000000000000, -2.891205793294678800E-016 ) ) ;
#324 = DIRECTION ( 'NONE',  ( -0.0000000000000000000, -1.000000000000000000, -0.0000000000000000000 ) ) ;
#325 = CARTESIAN_POINT ( 'NONE',  ( -7.266666666666665700, -16.36666666666667100, 4.633333333333332900 ) ) ;
#326 = CARTESIAN_POINT ( 'NONE',  ( -6.099999999999997900, -15.20000000000000500, 0.2000000000000005100 ) ) ;
#327 = CARTESIAN_POINT ( 'NONE',  ( -1.150000000000000100, -14.60000000000000100, -1.200000000000002200 ) ) ;
#328 = DIRECTION ( 'NONE',  ( -0.0000000000000000000, -1.000000000000000000, -0.0000000000000000000 ) ) ;
#329 = CARTESIAN_POINT ( 'NONE',  ( -1.150000000000000100, -18.60000000000000100, 7.199999999999999300 ) ) ;
#330 = CARTESIAN_POINT ( 'NONE',  ( 2.350000000000000100, -19.10000000000000100, -1.734723475976807100E-015 ) ) ;
#331 = DIRECTION ( 'NONE',  ( -1.000000000000000000, 0.0000000000000000000, 0.0000000000000000000 ) ) ;
#332 = DIRECTION ( 'NONE',  ( -1.000000000000000000, 0.0000000000000000000, 0.0000000000000000000 ) ) ;
#333 = DIRECTION ( 'NONE',  ( 1.000000000000000000, 0.0000000000000000000, 0.0000000000000000000 ) ) ;
#334 = CARTESIAN_POINT ( 'NONE',  ( 0.4999999999999982800, -14.60000000000000100, -1.200000000000002200 ) ) ;
#335 = DIRECTION ( 'NONE',  ( 0.0000000000000000000, -1.000000000000000000, 0.0000000000000000000 ) ) ;
#336 = CARTESIAN_POINT ( 'NONE',  ( 1.550000000000000000, -14.60000000000000100, -1.200000000000002200 ) ) ;
#337 = CARTESIAN_POINT ( 'NONE',  ( 0.4999999999999970000, -18.60000000000000100, 7.999999999999996400 ) ) ;
#338 = DIRECTION ( 'NONE',  ( -0.0000000000000000000, -0.0000000000000000000, 1.000000000000000000 ) ) ;
#339 = DIRECTION ( 'NONE',  ( 3.516331370223258200E-016, 1.000000000000000000, -0.0000000000000000000 ) ) ;
#340 = DIRECTION ( 'NONE',  ( -0.0000000000000000000, -1.000000000000000000, -0.0000000000000000000 ) ) ;
#341 = DIRECTION ( 'NONE',  ( 0.0000000000000000000, 0.0000000000000000000, -1.000000000000000000 ) ) ;
#342 = DIRECTION ( 'NONE',  ( -1.000000000000000000, 0.0000000000000000000, 0.0000000000000000000 ) ) ;
#343 = CARTESIAN_POINT ( 'NONE',  ( 3.499999999999997800, -17.49999999999999600, 9.700000000000001100 ) ) ;
#344 = CARTESIAN_POINT ( 'NONE',  ( -3.500000000000002200, -17.49999999999999600, 9.700000000000001100 ) ) ;
#345 = CARTESIAN_POINT ( 'NONE',  ( -3.500000000000000400, -12.20000000000000100, 14.69999999999999400 ) ) ;
#346 = CARTESIAN_POINT ( 'NONE',  ( -3.499999999999999600, -10.10000000000000000, 9.700000000000001100 ) ) ;
#347 = DIRECTION ( 'NONE',  ( -0.0000000000000000000, -0.0000000000000000000, 1.000000000000000000 ) ) ;
#348 = CARTESIAN_POINT ( 'NONE',  ( 0.0000000000000000000, -15.39999999999999700, 13.00000000000000500 ) ) ;
#349 = DIRECTION ( 'NONE',  ( 0.0000000000000000000, 2.061428720173045200E-015, -1.000000000000000000 ) ) ;
#350 = CARTESIAN_POINT ( 'NONE',  ( -3.500000000000000400, -12.20000000000000100, 14.69999999999999400 ) ) ;
#351 = DIRECTION ( 'NONE',  ( 0.0000000000000000000, -1.000000000000000000, 0.0000000000000000000 ) ) ;
#352 = DIRECTION ( 'NONE',  ( -0.0000000000000000000, 2.061428720173045200E-015, 1.000000000000000000 ) ) ;
#353 = CARTESIAN_POINT ( 'NONE',  ( -3.500000000000001300, -15.39999999999999500, 14.69999999999999400 ) ) ;
#354 = CARTESIAN_POINT ( 'NONE',  ( 0.0000000000000000000, -15.39999999999999900, -7.000000000000000000 ) ) ;
#355 = DIRECTION ( 'NONE',  ( 3.252606517456507400E-016, 1.000000000000000000, 0.0000000000000000000 ) ) ;
#356 = DIRECTION ( 'NONE',  ( -1.000000000000000000, 3.516331370223259200E-016, 0.0000000000000000000 ) ) ;
#357 = CARTESIAN_POINT ( 'NONE',  ( 8.391829923454011500, -15.39999999999999900, 14.69999999999999400 ) ) ;
#358 = CARTESIAN_POINT ( 'NONE',  ( -3.500000000000000900, -13.79999999999999500, 14.99999999999999800 ) ) ;
#359 = DIRECTION ( 'NONE',  ( 2.710505431213766000E-016, 1.000000000000000000, -0.0000000000000000000 ) ) ;
#360 = CARTESIAN_POINT ( 'NONE',  ( -3.500000000000000000, -12.60000000000000700, -2.900000000000001700 ) ) ;
#361 = DIRECTION ( 'NONE',  ( 0.0000000000000000000, -1.470104640658310800E-016, -1.000000000000000000 ) ) ;
#362 = CARTESIAN_POINT ( 'NONE',  ( -3.500000000000000000, -20.40000000000000200, 0.2500000000000002200 ) ) ;
#363 = DIRECTION ( 'NONE',  ( 0.0000000000000000000, -1.000000000000000000, 2.090028284309406500E-016 ) ) ;
#364 = DIRECTION ( 'NONE',  ( -0.0000000000000000000, -1.000000000000000000, 1.398970545142586300E-016 ) ) ;
#365 = DIRECTION ( 'NONE',  ( -1.000000000000000000, 3.516331370223259700E-016, -0.0000000000000000000 ) ) ;
#366 = CARTESIAN_POINT ( 'NONE',  ( -3.500000000000000000, -20.40000000000000200, -2.399999999999995900 ) ) ;
#367 = CARTESIAN_POINT ( 'NONE',  ( -3.500000000000000000, -20.40000000000000200, 5.750000000000001800 ) ) ;
#368 = DIRECTION ( 'NONE',  ( -0.5773502691896257300, -0.5773502691896256200, 0.5773502691896258400 ) ) ;
#369 = DIRECTION ( 'NONE',  ( -1.000000000000000000, 3.516331370223259700E-016, -0.0000000000000000000 ) ) ;
#370 = CARTESIAN_POINT ( 'NONE',  ( 3.499999999999997800, -17.49999999999999600, 16.00000000000000000 ) ) ;
#371 = CARTESIAN_POINT ( 'NONE',  ( -3.500000000000000000, -14.20000000000000100, 0.2499999999999993600 ) ) ;
#372 = CARTESIAN_POINT ( 'NONE',  ( -1.150000000000000100, -18.60000000000000100, -1.200000000000002200 ) ) ;
#373 = CARTESIAN_POINT ( 'NONE',  ( 3.500000000000001300, -10.10000000000000000, 16.00000000000000000 ) ) ;
#374 = DIRECTION ( 'NONE',  ( 0.0000000000000000000, -0.0000000000000000000, -1.000000000000000000 ) ) ;
#375 = DIRECTION ( 'NONE',  ( 0.0000000000000000000, 1.000000000000000000, 0.0000000000000000000 ) ) ;
#376 = DIRECTION ( 'NONE',  ( 0.0000000000000000000, 1.000000000000000000, -5.595882180570345200E-016 ) ) ;
#377 = EDGE_CURVE ( 'NONE', #2545, #2546, #959, .T. ) ;
#378 = EDGE_CURVE ( 'NONE', #2556, #2522, #961, .T. ) ;
#379 = EDGE_CURVE ( 'NONE', #2634, #2526, #963, .T. ) ;
#380 = EDGE_CURVE ( 'NONE', #2558, #2532, #965, .T. ) ;
#381 = EDGE_CURVE ( 'NONE', #2535, #2529, #967, .T. ) ;
#382 = EDGE_CURVE ( 'NONE', #2490, #2491, #969, .T. ) ;
#383 = EDGE_CURVE ( 'NONE', #2417, #2418, #973, .T. ) ;
#384 = EDGE_CURVE ( 'NONE', #2636, #2493, #928, .T. ) ;
#385 = EDGE_CURVE ( 'NONE', #2493, #2491, #974, .T. ) ;
#386 = EDGE_CURVE ( 'NONE', #2491, #2507, #972, .T. ) ;
#387 = EDGE_CURVE ( 'NONE', #2504, #2503, #978, .T. ) ;
#388 = EDGE_CURVE ( 'NONE', #2509, #2507, #980, .T. ) ;
#389 = EDGE_CURVE ( 'NONE', #2500, #2504, #958, .T. ) ;
#390 = EDGE_CURVE ( 'NONE', #2495, #2500, #983, .T. ) ;
#391 = EDGE_CURVE ( 'NONE', #2503, #2495, #987, .T. ) ;
#392 = EDGE_CURVE ( 'NONE', #2487, #2500, #977, .T. ) ;
#393 = EDGE_CURVE ( 'NONE', #2484, #2517, #988, .T. ) ;
#394 = EDGE_CURVE ( 'NONE', #2522, #2526, #990, .T. ) ;
#395 = EDGE_CURVE ( 'NONE', #2526, #2604, #992, .T. ) ;
#396 = EDGE_CURVE ( 'NONE', #2517, #2510, #994, .T. ) ;
#397 = EDGE_CURVE ( 'NONE', #2529, #2532, #996, .T. ) ;
#398 = EDGE_CURVE ( 'NONE', #2510, #2602, #998, .T. ) ;
#399 = EDGE_CURVE ( 'NONE', #2507, #2489, #1000, .T. ) ;
#400 = EDGE_CURVE ( 'NONE', #2437, #2465, #1002, .T. ) ;
#401 = EDGE_CURVE ( 'NONE', #2506, #2522, #1004, .T. ) ;
#402 = EDGE_CURVE ( 'NONE', #2439, #2459, #1006, .T. ) ;
#403 = EDGE_CURVE ( 'NONE', #2485, #2495, #1008, .T. ) ;
#404 = EDGE_CURVE ( 'NONE', #2481, #2503, #1010, .T. ) ;
#405 = EDGE_CURVE ( 'NONE', #2483, #2504, #1012, .T. ) ;
#406 = EDGE_CURVE ( 'NONE', #2436, #2464, #1014, .T. ) ;
#407 = EDGE_CURVE ( 'NONE', #2509, #2610, #1016, .T. ) ;
#408 = EDGE_CURVE ( 'NONE', #2441, #2461, #1018, .T. ) ;
#409 = EDGE_CURVE ( 'NONE', #2415, #2414, #1022, .T. ) ;
#410 = EDGE_CURVE ( 'NONE', #2405, #2411, #1024, .T. ) ;
#411 = EDGE_CURVE ( 'NONE', #2493, #2509, #985, .T. ) ;
#412 = AXIS2_PLACEMENT_3D ( 'NONE', #2845, #2844, #2843 ) ;
#413 = AXIS2_PLACEMENT_3D ( 'NONE', #2730, #2727, #2726 ) ;
#414 = AXIS2_PLACEMENT_3D ( 'NONE', #2281, #2274, #2273 ) ;
#415 = AXIS2_PLACEMENT_3D ( 'NONE', #2272, #2269, #2268 ) ;
#416 = AXIS2_PLACEMENT_3D ( 'NONE', #2275, #2261, #2260 ) ;
#417 = AXIS2_PLACEMENT_3D ( 'NONE', #2724, #2721, #2718 ) ;
#418 = AXIS2_PLACEMENT_3D ( 'NONE', #2678, #2673, #2672 ) ;
#419 = AXIS2_PLACEMENT_3D ( 'NONE', #2867, #2865, #2864 ) ;
#420 = AXIS2_PLACEMENT_3D ( 'NONE', #2706, #2696, #2695 ) ;
#421 = AXIS2_PLACEMENT_3D ( 'NONE', #2711, #2709, #2708 ) ;
#422 = AXIS2_PLACEMENT_3D ( 'NONE', #2701, #2699, #2698 ) ;
#423 = AXIS2_PLACEMENT_3D ( 'NONE', #354, #1232, #1233 ) ;
#424 = AXIS2_PLACEMENT_3D ( 'NONE', #2700, #2694, #2692 ) ;
#425 = AXIS2_PLACEMENT_3D ( 'NONE', #3043, #3025, #3023 ) ;
#426 = AXIS2_PLACEMENT_3D ( 'NONE', #358, #356, #355 ) ;
#427 = AXIS2_PLACEMENT_3D ( 'NONE', #2993, #2973, #2971 ) ;
#428 = AXIS2_PLACEMENT_3D ( 'NONE', #3079, #3072, #3071 ) ;
#429 = AXIS2_PLACEMENT_3D ( 'NONE', #319, #351, #341 ) ;
#430 = AXIS2_PLACEMENT_3D ( 'NONE', #1470, #1469, #1467 ) ;
#431 = AXIS2_PLACEMENT_3D ( 'NONE', #348, #1229, #1230 ) ;
#432 = AXIS2_PLACEMENT_3D ( 'NONE', #1982, #1983, #1984 ) ;
#433 = AXIS2_PLACEMENT_3D ( 'NONE', #1465, #1464, #1468 ) ;
#434 = AXIS2_PLACEMENT_3D ( 'NONE', #1466, #1475, #1476 ) ;
#435 = AXIS2_PLACEMENT_3D ( 'NONE', #1471, #1483, #1484 ) ;
#436 = AXIS2_PLACEMENT_3D ( 'NONE', #1473, #1479, #1480 ) ;
#437 = AXIS2_PLACEMENT_3D ( 'NONE', #1477, #1487, #1488 ) ;
#438 = AXIS2_PLACEMENT_3D ( 'NONE', #1481, #1491, #1492 ) ;
#439 = AXIS2_PLACEMENT_3D ( 'NONE', #1485, #1495, #1496 ) ;
#440 = AXIS2_PLACEMENT_3D ( 'NONE', #1489, #1499, #1500 ) ;
#441 = AXIS2_PLACEMENT_3D ( 'NONE', #1493, #1503, #1504 ) ;
#442 = AXIS2_PLACEMENT_3D ( 'NONE', #1497, #1507, #1508 ) ;
#443 = AXIS2_PLACEMENT_3D ( 'NONE', #1501, #1511, #1512 ) ;
#444 = AXIS2_PLACEMENT_3D ( 'NONE', #1505, #1515, #1516 ) ;
#445 = AXIS2_PLACEMENT_3D ( 'NONE', #1509, #1519, #1520 ) ;
#446 = AXIS2_PLACEMENT_3D ( 'NONE', #1513, #1523, #1524 ) ;
#447 = AXIS2_PLACEMENT_3D ( 'NONE', #1517, #1527, #1528 ) ;
#448 = AXIS2_PLACEMENT_3D ( 'NONE', #1521, #1531, #1532 ) ;
#449 = AXIS2_PLACEMENT_3D ( 'NONE', #1525, #1535, #1536 ) ;
#450 = AXIS2_PLACEMENT_3D ( 'NONE', #1529, #1539, #1540 ) ;
#451 = AXIS2_PLACEMENT_3D ( 'NONE', #1533, #1543, #1544 ) ;
#452 = AXIS2_PLACEMENT_3D ( 'NONE', #1537, #1547, #1548 ) ;
#453 = AXIS2_PLACEMENT_3D ( 'NONE', #1541, #1551, #1552 ) ;
#454 = AXIS2_PLACEMENT_3D ( 'NONE', #1545, #1555, #1556 ) ;
#455 = AXIS2_PLACEMENT_3D ( 'NONE', #1549, #1559, #1560 ) ;
#456 = AXIS2_PLACEMENT_3D ( 'NONE', #1553, #1563, #1564 ) ;
#457 = AXIS2_PLACEMENT_3D ( 'NONE', #1557, #1567, #1568 ) ;
#458 = AXIS2_PLACEMENT_3D ( 'NONE', #1561, #1571, #1572 ) ;
#459 = AXIS2_PLACEMENT_3D ( 'NONE', #1565, #1575, #1576 ) ;
#460 = AXIS2_PLACEMENT_3D ( 'NONE', #1569, #1579, #1580 ) ;
#461 = AXIS2_PLACEMENT_3D ( 'NONE', #1573, #1583, #1584 ) ;
#462 = AXIS2_PLACEMENT_3D ( 'NONE', #1577, #1587, #1588 ) ;
#463 = AXIS2_PLACEMENT_3D ( 'NONE', #1581, #1591, #1592 ) ;
#464 = AXIS2_PLACEMENT_3D ( 'NONE', #1585, #1595, #1596 ) ;
#465 = AXIS2_PLACEMENT_3D ( 'NONE', #1589, #1599, #1600 ) ;
#466 = AXIS2_PLACEMENT_3D ( 'NONE', #1593, #1603, #1604 ) ;
#467 = AXIS2_PLACEMENT_3D ( 'NONE', #1597, #1607, #1608 ) ;
#468 = AXIS2_PLACEMENT_3D ( 'NONE', #1601, #1611, #1612 ) ;
#469 = AXIS2_PLACEMENT_3D ( 'NONE', #1605, #1615, #1616 ) ;
#470 = AXIS2_PLACEMENT_3D ( 'NONE', #1609, #1619, #1620 ) ;
#471 = AXIS2_PLACEMENT_3D ( 'NONE', #1613, #1623, #1624 ) ;
#472 = AXIS2_PLACEMENT_3D ( 'NONE', #1617, #1627, #1628 ) ;
#473 = AXIS2_PLACEMENT_3D ( 'NONE', #1626, #1631, #1632 ) ;
#474 = AXIS2_PLACEMENT_3D ( 'NONE', #1629, #1635, #1636 ) ;
#475 = AXIS2_PLACEMENT_3D ( 'NONE', #1633, #1639, #1640 ) ;
#476 = AXIS2_PLACEMENT_3D ( 'NONE', #1637, #1643, #1644 ) ;
#477 = AXIS2_PLACEMENT_3D ( 'NONE', #1642, #1647, #1648 ) ;
#478 = AXIS2_PLACEMENT_3D ( 'NONE', #1638, #1651, #1652 ) ;
#479 = AXIS2_PLACEMENT_3D ( 'NONE', #1645, #1655, #1656 ) ;
#480 = AXIS2_PLACEMENT_3D ( 'NONE', #1654, #1659, #1660 ) ;
#481 = AXIS2_PLACEMENT_3D ( 'NONE', #1657, #1663, #1664 ) ;
#482 = AXIS2_PLACEMENT_3D ( 'NONE', #1661, #1667, #1668 ) ;
#483 = AXIS2_PLACEMENT_3D ( 'NONE', #1665, #1671, #1672 ) ;
#484 = AXIS2_PLACEMENT_3D ( 'NONE', #1670, #1675, #1676 ) ;
#485 = AXIS2_PLACEMENT_3D ( 'NONE', #1666, #1679, #1680 ) ;
#486 = AXIS2_PLACEMENT_3D ( 'NONE', #1677, #1678, #1673 ) ;
#487 = AXIS2_PLACEMENT_3D ( 'NONE', #1683, #1691, #1699 ) ;
#488 = AXIS2_PLACEMENT_3D ( 'NONE', #1700, #1703, #1704 ) ;
#489 = AXIS2_PLACEMENT_3D ( 'NONE', #1698, #1707, #1708 ) ;
#490 = AXIS2_PLACEMENT_3D ( 'NONE', #1702, #1705, #1706 ) ;
#491 = AXIS2_PLACEMENT_3D ( 'NONE', #1709, #1714, #1715 ) ;
#492 = AXIS2_PLACEMENT_3D ( 'NONE', #1713, #1718, #1719 ) ;
#493 = AXIS2_PLACEMENT_3D ( 'NONE', #1716, #1722, #1723 ) ;
#494 = AXIS2_PLACEMENT_3D ( 'NONE', #1717, #1720, #1721 ) ;
#495 = AXIS2_PLACEMENT_3D ( 'NONE', #1724, #1729, #1730 ) ;
#496 = AXIS2_PLACEMENT_3D ( 'NONE', #1727, #1733, #1734 ) ;
#497 = AXIS2_PLACEMENT_3D ( 'NONE', #1725, #1737, #1738 ) ;
#498 = AXIS2_PLACEMENT_3D ( 'NONE', #1731, #1741, #1742 ) ;
#499 = AXIS2_PLACEMENT_3D ( 'NONE', #1735, #1745, #1746 ) ;
#500 = AXIS2_PLACEMENT_3D ( 'NONE', #1739, #1749, #1750 ) ;
#501 = AXIS2_PLACEMENT_3D ( 'NONE', #1743, #1753, #1754 ) ;
#502 = AXIS2_PLACEMENT_3D ( 'NONE', #1747, #1757, #1758 ) ;
#503 = AXIS2_PLACEMENT_3D ( 'NONE', #1751, #1761, #1762 ) ;
#504 = AXIS2_PLACEMENT_3D ( 'NONE', #1755, #1765, #1766 ) ;
#505 = AXIS2_PLACEMENT_3D ( 'NONE', #1759, #1769, #1770 ) ;
#506 = AXIS2_PLACEMENT_3D ( 'NONE', #1763, #1773, #1774 ) ;
#507 = AXIS2_PLACEMENT_3D ( 'NONE', #1767, #1777, #1778 ) ;
#508 = AXIS2_PLACEMENT_3D ( 'NONE', #1771, #1781, #1782 ) ;
#509 = AXIS2_PLACEMENT_3D ( 'NONE', #1775, #1785, #1786 ) ;
#510 = AXIS2_PLACEMENT_3D ( 'NONE', #1779, #1789, #1790 ) ;
#511 = AXIS2_PLACEMENT_3D ( 'NONE', #1783, #1793, #1794 ) ;
#512 = AXIS2_PLACEMENT_3D ( 'NONE', #1787, #1797, #1798 ) ;
#513 = AXIS2_PLACEMENT_3D ( 'NONE', #1791, #1801, #1802 ) ;
#514 = AXIS2_PLACEMENT_3D ( 'NONE', #1795, #1805, #1806 ) ;
#515 = AXIS2_PLACEMENT_3D ( 'NONE', #1804, #1809, #1810 ) ;
#516 = AXIS2_PLACEMENT_3D ( 'NONE', #1808, #1813, #1814 ) ;
#517 = AXIS2_PLACEMENT_3D ( 'NONE', #1799, #1817, #1818 ) ;
#518 = AXIS2_PLACEMENT_3D ( 'NONE', #1816, #1821, #1822 ) ;
#519 = AXIS2_PLACEMENT_3D ( 'NONE', #1819, #1825, #1826 ) ;
#520 = AXIS2_PLACEMENT_3D ( 'NONE', #1824, #1829, #1830 ) ;
#521 = AXIS2_PLACEMENT_3D ( 'NONE', #1828, #1833, #1834 ) ;
#522 = AXIS2_PLACEMENT_3D ( 'NONE', #1832, #1837, #1838 ) ;
#523 = AXIS2_PLACEMENT_3D ( 'NONE', #1820, #1841, #1842 ) ;
#524 = AXIS2_PLACEMENT_3D ( 'NONE', #1835, #1845, #1846 ) ;
#525 = AXIS2_PLACEMENT_3D ( 'NONE', #1839, #1849, #1850 ) ;
#526 = AXIS2_PLACEMENT_3D ( 'NONE', #1843, #1853, #1854 ) ;
#527 = AXIS2_PLACEMENT_3D ( 'NONE', #1847, #1857, #1858 ) ;
#528 = AXIS2_PLACEMENT_3D ( 'NONE', #1851, #1861, #1862 ) ;
#529 = AXIS2_PLACEMENT_3D ( 'NONE', #1855, #1865, #1866 ) ;
#530 = AXIS2_PLACEMENT_3D ( 'NONE', #1859, #1869, #1870 ) ;
#531 = AXIS2_PLACEMENT_3D ( 'NONE', #1863, #1873, #1874 ) ;
#532 = AXIS2_PLACEMENT_3D ( 'NONE', #1867, #1877, #1878 ) ;
#533 = AXIS2_PLACEMENT_3D ( 'NONE', #1871, #1882, #1883 ) ;
#534 = AXIS2_PLACEMENT_3D ( 'NONE', #1875, #1886, #1887 ) ;
#535 = AXIS2_PLACEMENT_3D ( 'NONE', #1879, #1890, #1891 ) ;
#536 = AXIS2_PLACEMENT_3D ( 'NONE', #1884, #1894, #1895 ) ;
#537 = AXIS2_PLACEMENT_3D ( 'NONE', #1888, #1899, #1900 ) ;
#538 = AXIS2_PLACEMENT_3D ( 'NONE', #1892, #1903, #1904 ) ;
#539 = AXIS2_PLACEMENT_3D ( 'NONE', #1897, #1907, #1908 ) ;
#540 = AXIS2_PLACEMENT_3D ( 'NONE', #1901, #1911, #1912 ) ;
#541 = AXIS2_PLACEMENT_3D ( 'NONE', #1905, #1915, #1916 ) ;
#542 = AXIS2_PLACEMENT_3D ( 'NONE', #1909, #1920, #1921 ) ;
#543 = AXIS2_PLACEMENT_3D ( 'NONE', #1913, #1924, #1925 ) ;
#544 = AXIS2_PLACEMENT_3D ( 'NONE', #1917, #1928, #1929 ) ;
#545 = AXIS2_PLACEMENT_3D ( 'NONE', #1922, #1932, #1933 ) ;
#546 = AXIS2_PLACEMENT_3D ( 'NONE', #1926, #1936, #1937 ) ;
#547 = AXIS2_PLACEMENT_3D ( 'NONE', #1934, #1935, #1930 ) ;
#548 = AXIS2_PLACEMENT_3D ( 'NONE', #1941, #1940, #1938 ) ;
#549 = AXIS2_PLACEMENT_3D ( 'NONE', #1943, #1946, #1947 ) ;
#550 = AXIS2_PLACEMENT_3D ( 'NONE', #1945, #1950, #1951 ) ;
#551 = AXIS2_PLACEMENT_3D ( 'NONE', #1939, #1954, #1955 ) ;
#552 = AXIS2_PLACEMENT_3D ( 'NONE', #1956, #1958, #1959 ) ;
#553 = AXIS2_PLACEMENT_3D ( 'NONE', #1953, #1962, #1963 ) ;
#554 = AXIS2_PLACEMENT_3D ( 'NONE', #1960, #1961, #1957 ) ;
#555 = AXIS2_PLACEMENT_3D ( 'NONE', #1967, #1966, #1964 ) ;
#556 = AXIS2_PLACEMENT_3D ( 'NONE', #1965, #1972, #1973 ) ;
#557 = AXIS2_PLACEMENT_3D ( 'NONE', #1970, #1976, #1977 ) ;
#558 = AXIS2_PLACEMENT_3D ( 'NONE', #1968, #1979, #1980 ) ;
#559 = CC_DESIGN_PERSON_AND_ORGANIZATION_ASSIGNMENT ( #1205, #1988, ( #2947 ) ) ;
#560 = PRODUCT_DEFINITION ( 'UNKNOWN', '', #565, #2641 ) ;
#561 = APPROVAL ( #1991, 'UNSPECIFIED' ) ;
#562 = CC_DESIGN_APPROVAL ( #561, ( #560 ) ) ;
#563 = CC_DESIGN_PERSON_AND_ORGANIZATION_ASSIGNMENT ( #1213, #1993, ( #560 ) ) ;
#564 = CC_DESIGN_DATE_AND_TIME_ASSIGNMENT ( #1217, #1994, ( #560 ) ) ;
#565 = PRODUCT_DEFINITION_FORMATION_WITH_SPECIFIED_SOURCE ( 'ANY', '', #2947, .NOT_KNOWN. ) ;
#566 = APPROVAL ( #1995, 'UNSPECIFIED' ) ;
#567 = CC_DESIGN_APPROVAL ( #566, ( #565 ) ) ;
#568 = CC_DESIGN_PERSON_AND_ORGANIZATION_ASSIGNMENT ( #1225, #1997, ( #565 ) ) ;
#569 = CC_DESIGN_PERSON_AND_ORGANIZATION_ASSIGNMENT ( #1226, #1998, ( #565 ) ) ;
#570 = SECURITY_CLASSIFICATION ( '', '', #1999 ) ;
#571 = CC_DESIGN_PERSON_AND_ORGANIZATION_ASSIGNMENT ( #1227, #2000, ( #570 ) ) ;
#572 = CC_DESIGN_DATE_AND_TIME_ASSIGNMENT ( #2007, #2001, ( #570 ) ) ;
#573 = APPROVAL ( #2002, 'UNSPECIFIED' ) ;
#574 = CC_DESIGN_APPROVAL ( #573, ( #570 ) ) ;
#575 = CC_DESIGN_SECURITY_CLASSIFICATION ( #570, ( #565 ) ) ;
#576 = PRODUCT_RELATED_PRODUCT_CATEGORY ( 'detail', '', ( #2947 ) ) ;
#577 = LINE ( 'NONE', #2223, #578 ) ;
#578 = VECTOR ( 'NONE', #2222, 1000.000000000000000 ) ;
#579 = LINE ( 'NONE', #2221, #580 ) ;
#580 = VECTOR ( 'NONE', #2220, 1000.000000000000000 ) ;
#581 = LINE ( 'NONE', #2219, #582 ) ;
#582 = VECTOR ( 'NONE', #2218, 1000.000000000000000 ) ;
#583 = VECTOR ( 'NONE', #2216, 1000.000000000000000 ) ;
#584 = LINE ( 'NONE', #2206, #595 ) ;
#585 = LINE ( 'NONE', #2215, #586 ) ;
#586 = VECTOR ( 'NONE', #2214, 1000.000000000000000 ) ;
#587 = LINE ( 'NONE', #2213, #588 ) ;
#588 = VECTOR ( 'NONE', #2212, 1000.000000000000000 ) ;
#589 = LINE ( 'NONE', #2211, #590 ) ;
#590 = VECTOR ( 'NONE', #2210, 1000.000000000000000 ) ;
#591 = VECTOR ( 'NONE', #2207, 1000.000000000000000 ) ;
#592 = LINE ( 'NONE', #2204, #597 ) ;
#593 = VECTOR ( 'NONE', #2205, 1000.000000000000000 ) ;
#594 = LINE ( 'NONE', #2202, #599 ) ;
#595 = VECTOR ( 'NONE', #2203, 1000.000000000000000 ) ;
#596 = LINE ( 'NONE', #2200, #601 ) ;
#597 = VECTOR ( 'NONE', #2201, 1000.000000000000000 ) ;
#598 = LINE ( 'NONE', #2198, #605 ) ;
#599 = VECTOR ( 'NONE', #2199, 1000.000000000000000 ) ;
#600 = LINE ( 'NONE', #2193, #621 ) ;
#601 = VECTOR ( 'NONE', #2197, 1000.000000000000000 ) ;
#602 = LINE ( 'NONE', #2825, #630 ) ;
#603 = LINE ( 'NONE', #2195, #604 ) ;
#604 = VECTOR ( 'NONE', #2194, 1000.000000000000000 ) ;
#605 = VECTOR ( 'NONE', #2192, 1000.000000000000000 ) ;
#606 = LINE ( 'NONE', #2776, #634 ) ;
#607 = LINE ( 'NONE', #2191, #608 ) ;
#608 = VECTOR ( 'NONE', #2190, 1000.000000000000000 ) ;
#609 = LINE ( 'NONE', #2189, #610 ) ;
#610 = VECTOR ( 'NONE', #2188, 1000.000000000000000 ) ;
#611 = LINE ( 'NONE', #2187, #612 ) ;
#612 = VECTOR ( 'NONE', #2866, 1000.000000000000000 ) ;
#613 = LINE ( 'NONE', #2863, #614 ) ;
#614 = VECTOR ( 'NONE', #2859, 1000.000000000000000 ) ;
#615 = LINE ( 'NONE', #2853, #616 ) ;
#616 = VECTOR ( 'NONE', #2849, 1000.000000000000000 ) ;
#617 = LINE ( 'NONE', #2842, #618 ) ;
#618 = VECTOR ( 'NONE', #2838, 1000.000000000000000 ) ;
#619 = LINE ( 'NONE', #2832, #620 ) ;
#620 = VECTOR ( 'NONE', #2828, 1000.000000000000000 ) ;
#621 = VECTOR ( 'NONE', #2196, 1000.000000000000000 ) ;
#622 = LINE ( 'NONE', #2813, #623 ) ;
#623 = VECTOR ( 'NONE', #2809, 1000.000000000000000 ) ;
#624 = LINE ( 'NONE', #2803, #625 ) ;
#625 = VECTOR ( 'NONE', #2799, 1000.000000000000000 ) ;
#626 = LINE ( 'NONE', #2793, #627 ) ;
#627 = VECTOR ( 'NONE', #2789, 1000.000000000000000 ) ;
#628 = LINE ( 'NONE', #2783, #629 ) ;
#629 = VECTOR ( 'NONE', #2780, 1000.000000000000000 ) ;
#630 = VECTOR ( 'NONE', #2770, 1000.000000000000000 ) ;
#631 = LINE ( 'NONE', #2715, #645 ) ;
#632 = LINE ( 'NONE', #2763, #633 ) ;
#633 = VECTOR ( 'NONE', #2755, 1000.000000000000000 ) ;
#634 = VECTOR ( 'NONE', #2750, 1000.000000000000000 ) ;
#635 = LINE ( 'NONE', #2710, #646 ) ;
#636 = LINE ( 'NONE', #2744, #637 ) ;
#637 = VECTOR ( 'NONE', #2742, 1000.000000000000000 ) ;
#638 = LINE ( 'NONE', #2738, #639 ) ;
#639 = VECTOR ( 'NONE', #2733, 1000.000000000000000 ) ;
#640 = VECTOR ( 'NONE', #2712, 1000.000000000000000 ) ;
#641 = LINE ( 'NONE', #2705, #648 ) ;
#642 = CIRCLE ( 'NONE', #413, 1.599999999999999900 ) ;
#643 = LINE ( 'NONE', #2754, #640 ) ;
#644 = CIRCLE ( 'NONE', #417, 1.600000000000000800 ) ;
#645 = VECTOR ( 'NONE', #2707, 1000.000000000000000 ) ;
#646 = VECTOR ( 'NONE', #2703, 1000.000000000000000 ) ;
#647 = VECTOR ( 'NONE', #2658, 1000.000000000000000 ) ;
#648 = VECTOR ( 'NONE', #2693, 1000.000000000000000 ) ;
#649 = LINE ( 'NONE', #2663, #647 ) ;
#650 = LINE ( 'NONE', #2691, #651 ) ;
#651 = VECTOR ( 'NONE', #2690, 1000.000000000000000 ) ;
#652 = LINE ( 'NONE', #2683, #653 ) ;
#653 = VECTOR ( 'NONE', #2681, 1000.000000000000000 ) ;
#654 = LINE ( 'NONE', #2648, #661 ) ;
#655 = LINE ( 'NONE', #2657, #659 ) ;
#656 = LINE ( 'NONE', #2687, #658 ) ;
#657 = CIRCLE ( 'NONE', #418, 1.599999999999999900 ) ;
#658 = VECTOR ( 'NONE', #2650, 1000.000000000000000 ) ;
#659 = VECTOR ( 'NONE', #2645, 1000.000000000000000 ) ;
#660 = VECTOR ( 'NONE', #2861, 1000.000000000000000 ) ;
#661 = VECTOR ( 'NONE', #2868, 1000.000000000000000 ) ;
#662 = LINE ( 'NONE', #2862, #660 ) ;
#663 = LINE ( 'NONE', #2855, #676 ) ;
#664 = LINE ( 'NONE', #2860, #670 ) ;
#665 = LINE ( 'NONE', #2869, #667 ) ;
#666 = CIRCLE ( 'NONE', #419, 1.600000000000000800 ) ;
#667 = VECTOR ( 'NONE', #2858, 1000.000000000000000 ) ;
#668 = LINE ( 'NONE', #2857, #669 ) ;
#669 = VECTOR ( 'NONE', #2856, 1000.000000000000000 ) ;
#670 = VECTOR ( 'NONE', #2854, 1000.000000000000000 ) ;
#671 = LINE ( 'NONE', #2836, #686 ) ;
#672 = LINE ( 'NONE', #2852, #673 ) ;
#673 = VECTOR ( 'NONE', #2851, 1000.000000000000000 ) ;
#674 = LINE ( 'NONE', #2850, #675 ) ;
#675 = VECTOR ( 'NONE', #2848, 1000.000000000000000 ) ;
#676 = VECTOR ( 'NONE', #2846, 1000.000000000000000 ) ;
#677 = VECTOR ( 'NONE', #2840, 1000.000000000000000 ) ;
#678 = LINE ( 'NONE', #2839, #684 ) ;
#679 = LINE ( 'NONE', #2841, #682 ) ;
#680 = LINE ( 'NONE', #2847, #677 ) ;
#681 = CIRCLE ( 'NONE', #412, 1.600000000000000800 ) ;
#682 = VECTOR ( 'NONE', #2837, 1000.000000000000000 ) ;
#683 = LINE ( 'NONE', #2834, #688 ) ;
#684 = VECTOR ( 'NONE', #2835, 1000.000000000000000 ) ;
#685 = LINE ( 'NONE', #2831, #690 ) ;
#686 = VECTOR ( 'NONE', #2833, 1000.000000000000000 ) ;
#687 = LINE ( 'NONE', #2829, #700 ) ;
#688 = VECTOR ( 'NONE', #2830, 1000.000000000000000 ) ;
#689 = LINE ( 'NONE', #2817, #704 ) ;
#690 = VECTOR ( 'NONE', #2827, 1000.000000000000000 ) ;
#691 = LINE ( 'NONE', #2812, #706 ) ;
#692 = LINE ( 'NONE', #2826, #693 ) ;
#693 = VECTOR ( 'NONE', #2824, 1000.000000000000000 ) ;
#694 = LINE ( 'NONE', #2823, #695 ) ;
#695 = VECTOR ( 'NONE', #2822, 1000.000000000000000 ) ;
#696 = LINE ( 'NONE', #2821, #697 ) ;
#697 = VECTOR ( 'NONE', #2820, 1000.000000000000000 ) ;
#698 = LINE ( 'NONE', #2819, #699 ) ;
#699 = VECTOR ( 'NONE', #2818, 1000.000000000000000 ) ;
#700 = VECTOR ( 'NONE', #2816, 1000.000000000000000 ) ;
#701 = LINE ( 'NONE', #2810, #708 ) ;
#702 = LINE ( 'NONE', #2815, #703 ) ;
#703 = VECTOR ( 'NONE', #2814, 1000.000000000000000 ) ;
#704 = VECTOR ( 'NONE', #2811, 1000.000000000000000 ) ;
#705 = LINE ( 'NONE', #2807, #710 ) ;
#706 = VECTOR ( 'NONE', #2808, 1000.000000000000000 ) ;
#707 = LINE ( 'NONE', #2805, #712 ) ;
#708 = VECTOR ( 'NONE', #2806, 1000.000000000000000 ) ;
#709 = LINE ( 'NONE', #2802, #714 ) ;
#710 = VECTOR ( 'NONE', #2804, 1000.000000000000000 ) ;
#711 = LINE ( 'NONE', #2800, #718 ) ;
#712 = VECTOR ( 'NONE', #2801, 1000.000000000000000 ) ;
#713 = LINE ( 'NONE', #2795, #720 ) ;
#714 = VECTOR ( 'NONE', #2798, 1000.000000000000000 ) ;
#715 = LINE ( 'NONE', #2792, #722 ) ;
#716 = LINE ( 'NONE', #2797, #717 ) ;
#717 = VECTOR ( 'NONE', #2796, 1000.000000000000000 ) ;
#718 = VECTOR ( 'NONE', #2794, 1000.000000000000000 ) ;
#719 = LINE ( 'NONE', #2790, #724 ) ;
#720 = VECTOR ( 'NONE', #2791, 1000.000000000000000 ) ;
#721 = LINE ( 'NONE', #2787, #726 ) ;
#722 = VECTOR ( 'NONE', #2788, 1000.000000000000000 ) ;
#723 = LINE ( 'NONE', #2785, #728 ) ;
#724 = VECTOR ( 'NONE', #2786, 1000.000000000000000 ) ;
#725 = LINE ( 'NONE', #2782, #742 ) ;
#726 = VECTOR ( 'NONE', #2784, 1000.000000000000100 ) ;
#727 = LINE ( 'NONE', #2765, #746 ) ;
#728 = VECTOR ( 'NONE', #2781, 1000.000000000000000 ) ;
#729 = LINE ( 'NONE', #2759, #769 ) ;
#730 = LINE ( 'NONE', #2779, #731 ) ;
#731 = VECTOR ( 'NONE', #2778, 1000.000000000000000 ) ;
#732 = LINE ( 'NONE', #2777, #733 ) ;
#733 = VECTOR ( 'NONE', #2775, 1000.000000000000000 ) ;
#734 = LINE ( 'NONE', #2774, #735 ) ;
#735 = VECTOR ( 'NONE', #2773, 1000.000000000000000 ) ;
#736 = LINE ( 'NONE', #2772, #737 ) ;
#737 = VECTOR ( 'NONE', #2771, 1000.000000000000000 ) ;
#738 = LINE ( 'NONE', #2769, #739 ) ;
#739 = VECTOR ( 'NONE', #2768, 1000.000000000000000 ) ;
#740 = LINE ( 'NONE', #2767, #741 ) ;
#741 = VECTOR ( 'NONE', #2766, 1000.000000000000000 ) ;
#742 = VECTOR ( 'NONE', #2762, 1000.000000000000100 ) ;
#743 = LINE ( 'NONE', #2725, #771 ) ;
#744 = LINE ( 'NONE', #2761, #745 ) ;
#745 = VECTOR ( 'NONE', #2760, 1000.000000000000000 ) ;
#746 = VECTOR ( 'NONE', #2758, 1000.000000000000000 ) ;
#747 = LINE ( 'NONE', #2757, #748 ) ;
#748 = VECTOR ( 'NONE', #2756, 1000.000000000000000 ) ;
#749 = LINE ( 'NONE', #2753, #750 ) ;
#750 = VECTOR ( 'NONE', #2752, 1000.000000000000100 ) ;
#751 = LINE ( 'NONE', #2751, #752 ) ;
#752 = VECTOR ( 'NONE', #2749, 1000.000000000000000 ) ;
#753 = LINE ( 'NONE', #2748, #754 ) ;
#754 = VECTOR ( 'NONE', #2747, 1000.000000000000100 ) ;
#755 = LINE ( 'NONE', #2746, #756 ) ;
#756 = VECTOR ( 'NONE', #2745, 1000.000000000000000 ) ;
#757 = LINE ( 'NONE', #2743, #758 ) ;
#758 = VECTOR ( 'NONE', #2741, 1000.000000000000000 ) ;
#759 = LINE ( 'NONE', #2740, #760 ) ;
#760 = VECTOR ( 'NONE', #2739, 1000.000000000000000 ) ;
#761 = LINE ( 'NONE', #2737, #762 ) ;
#762 = VECTOR ( 'NONE', #2736, 1000.000000000000000 ) ;
#763 = LINE ( 'NONE', #2735, #764 ) ;
#764 = VECTOR ( 'NONE', #2734, 1000.000000000000000 ) ;
#765 = LINE ( 'NONE', #2732, #766 ) ;
#766 = VECTOR ( 'NONE', #2731, 1000.000000000000000 ) ;
#767 = LINE ( 'NONE', #2729, #768 ) ;
#768 = VECTOR ( 'NONE', #2728, 1000.000000000000000 ) ;
#769 = VECTOR ( 'NONE', #2723, 1000.000000000000000 ) ;
#770 = VECTOR ( 'NONE', #2702, 1000.000000000000000 ) ;
#771 = VECTOR ( 'NONE', #2722, 1000.000000000000000 ) ;
#772 = LINE ( 'NONE', #2704, #770 ) ;
#773 = LINE ( 'NONE', #2720, #774 ) ;
#774 = VECTOR ( 'NONE', #2719, 1000.000000000000000 ) ;
#775 = LINE ( 'NONE', #2717, #776 ) ;
#776 = VECTOR ( 'NONE', #2716, 1000.000000000000000 ) ;
#777 = LINE ( 'NONE', #2714, #778 ) ;
#778 = VECTOR ( 'NONE', #2713, 1000.000000000000000 ) ;
#779 = LINE ( 'NONE', #2675, #802 ) ;
#780 = CIRCLE ( 'NONE', #421, 1.599999999999999900 ) ;
#781 = LINE ( 'NONE', #2689, #784 ) ;
#782 = LINE ( 'NONE', #2667, #804 ) ;
#783 = CIRCLE ( 'NONE', #422, 1.600000000000000800 ) ;
#784 = VECTOR ( 'NONE', #2688, 1000.000000000000000 ) ;
#785 = CIRCLE ( 'NONE', #420, 1.599999999999999900 ) ;
#786 = LINE ( 'NONE', #2697, #796 ) ;
#787 = CIRCLE ( 'NONE', #424, 1.600000000000000800 ) ;
#788 = LINE ( 'NONE', #2686, #789 ) ;
#789 = VECTOR ( 'NONE', #2685, 1000.000000000000000 ) ;
#790 = LINE ( 'NONE', #2684, #791 ) ;
#791 = VECTOR ( 'NONE', #2682, 1000.000000000000000 ) ;
#792 = LINE ( 'NONE', #2680, #793 ) ;
#793 = VECTOR ( 'NONE', #2679, 1000.000000000000000 ) ;
#794 = LINE ( 'NONE', #2677, #795 ) ;
#795 = VECTOR ( 'NONE', #2676, 1000.000000000000000 ) ;
#796 = VECTOR ( 'NONE', #2674, 1000.000000000000000 ) ;
#797 = LINE ( 'NONE', #2665, #806 ) ;
#798 = LINE ( 'NONE', #2671, #799 ) ;
#799 = VECTOR ( 'NONE', #2670, 1000.000000000000000 ) ;
#800 = LINE ( 'NONE', #2669, #801 ) ;
#801 = VECTOR ( 'NONE', #2668, 1000.000000000000000 ) ;
#802 = VECTOR ( 'NONE', #2666, 1000.000000000000000 ) ;
#803 = LINE ( 'NONE', #2662, #816 ) ;
#804 = VECTOR ( 'NONE', #2664, 1000.000000000000000 ) ;
#805 = LINE ( 'NONE', #2649, #818 ) ;
#806 = VECTOR ( 'NONE', #2661, 1000.000000000000000 ) ;
#807 = LINE ( 'NONE', #2646, #820 ) ;
#808 = LINE ( 'NONE', #2660, #809 ) ;
#809 = VECTOR ( 'NONE', #2659, 1000.000000000000000 ) ;
#810 = LINE ( 'NONE', #2656, #811 ) ;
#811 = VECTOR ( 'NONE', #2655, 1000.000000000000000 ) ;
#812 = LINE ( 'NONE', #2654, #813 ) ;
#813 = VECTOR ( 'NONE', #2653, 1000.000000000000000 ) ;
#814 = LINE ( 'NONE', #2652, #815 ) ;
#815 = VECTOR ( 'NONE', #2651, 1000.000000000000000 ) ;
#816 = VECTOR ( 'NONE', #2647, 1000.000000000000000 ) ;
#817 = LINE ( 'NONE', #2764, #824 ) ;
#818 = VECTOR ( 'NONE', #2643, 1000.000000000000000 ) ;
#819 = LINE ( 'NONE', #3064, #828 ) ;
#820 = VECTOR ( 'NONE', #3077, 1000.000000000000000 ) ;
#821 = VECTOR ( 'NONE', #3012, 1000.000000000000000 ) ;
#822 = LINE ( 'NONE', #3070, #823 ) ;
#823 = VECTOR ( 'NONE', #3067, 1000.000000000000000 ) ;
#824 = VECTOR ( 'NONE', #2644, 1000.000000000000000 ) ;
#825 = LINE ( 'NONE', #3017, #821 ) ;
#826 = LINE ( 'NONE', #3050, #827 ) ;
#827 = VECTOR ( 'NONE', #3049, 1000.000000000000000 ) ;
#828 = VECTOR ( 'NONE', #3033, 1000.000000000000000 ) ;
#829 = LINE ( 'NONE', #3010, #835 ) ;
#830 = LINE ( 'NONE', #3002, #837 ) ;
#831 = LINE ( 'NONE', #3055, #833 ) ;
#832 = CIRCLE ( 'NONE', #425, 1.599999999999999900 ) ;
#833 = VECTOR ( 'NONE', #3006, 1000.000000000000000 ) ;
#834 = VECTOR ( 'NONE', #3083, 1000.000000000000000 ) ;
#835 = VECTOR ( 'NONE', #2994, 1000.000000000000000 ) ;
#836 = LINE ( 'NONE', #3084, #834 ) ;
#837 = VECTOR ( 'NONE', #2984, 1000.000000000000000 ) ;
#838 = VECTOR ( 'NONE', #3068, 1000.000000000000000 ) ;
#839 = LINE ( 'NONE', #3069, #838 ) ;
#840 = LINE ( 'NONE', #2997, #844 ) ;
#841 = CIRCLE ( 'NONE', #427, 1.600000000000000800 ) ;
#842 = LINE ( 'NONE', #3081, #843 ) ;
#843 = VECTOR ( 'NONE', #3080, 1000.000000000000000 ) ;
#844 = VECTOR ( 'NONE', #3078, 1000.000000000000000 ) ;
#845 = LINE ( 'NONE', #3061, #871 ) ;
#846 = LINE ( 'NONE', #3076, #847 ) ;
#847 = VECTOR ( 'NONE', #3075, 1000.000000000000000 ) ;
#848 = LINE ( 'NONE', #3074, #849 ) ;
#849 = VECTOR ( 'NONE', #3073, 1000.000000000000000 ) ;
#850 = LINE ( 'NONE', #3044, #887 ) ;
#851 = LINE ( 'NONE', #3082, #857 ) ;
#852 = CIRCLE ( 'NONE', #428, 1.599999999999999900 ) ;
#853 = LINE ( 'NONE', #3066, #854 ) ;
#854 = VECTOR ( 'NONE', #3065, 1000.000000000000000 ) ;
#855 = LINE ( 'NONE', #3063, #856 ) ;
#856 = VECTOR ( 'NONE', #3062, 1000.000000000000000 ) ;
#857 = VECTOR ( 'NONE', #3060, 1000.000000000000000 ) ;
#858 = LINE ( 'NONE', #3026, #927 ) ;
#859 = LINE ( 'NONE', #3059, #860 ) ;
#860 = VECTOR ( 'NONE', #3058, 1000.000000000000000 ) ;
#861 = LINE ( 'NONE', #3057, #862 ) ;
#862 = VECTOR ( 'NONE', #3056, 1000.000000000000000 ) ;
#863 = LINE ( 'NONE', #3054, #864 ) ;
#864 = VECTOR ( 'NONE', #3053, 1000.000000000000000 ) ;
#865 = LINE ( 'NONE', #3052, #866 ) ;
#866 = VECTOR ( 'NONE', #3051, 1000.000000000000000 ) ;
#867 = LINE ( 'NONE', #3048, #868 ) ;
#868 = VECTOR ( 'NONE', #3047, 1000.000000000000000 ) ;
#869 = LINE ( 'NONE', #3046, #870 ) ;
#870 = VECTOR ( 'NONE', #3045, 1000.000000000000000 ) ;
#871 = VECTOR ( 'NONE', #3042, 1000.000000000000000 ) ;
#872 = LINE ( 'NONE', #2974, #957 ) ;
#873 = LINE ( 'NONE', #3041, #874 ) ;
#874 = VECTOR ( 'NONE', #3040, 1000.000000000000000 ) ;
#875 = LINE ( 'NONE', #3039, #876 ) ;
#876 = VECTOR ( 'NONE', #3038, 1000.000000000000000 ) ;
#877 = LINE ( 'NONE', #3037, #878 ) ;
#878 = VECTOR ( 'NONE', #3036, 1000.000000000000000 ) ;
#879 = LINE ( 'NONE', #3035, #880 ) ;
#880 = VECTOR ( 'NONE', #3034, 1000.000000000000000 ) ;
#881 = LINE ( 'NONE', #3032, #882 ) ;
#882 = VECTOR ( 'NONE', #3031, 1000.000000000000000 ) ;
#883 = LINE ( 'NONE', #3030, #884 ) ;
#884 = VECTOR ( 'NONE', #3029, 1000.000000000000000 ) ;
#885 = LINE ( 'NONE', #3028, #886 ) ;
#886 = VECTOR ( 'NONE', #3027, 1000.000000000000000 ) ;
#887 = VECTOR ( 'NONE', #3024, 1000.000000000000000 ) ;
#888 = VECTOR ( 'NONE', #342, 1000.000000000000000 ) ;
#889 = LINE ( 'NONE', #3022, #890 ) ;
#890 = VECTOR ( 'NONE', #3021, 1000.000000000000000 ) ;
#891 = LINE ( 'NONE', #3020, #892 ) ;
#892 = VECTOR ( 'NONE', #3019, 1000.000000000000000 ) ;
#893 = LINE ( 'NONE', #3018, #894 ) ;
#894 = VECTOR ( 'NONE', #3016, 1000.000000000000000 ) ;
#895 = LINE ( 'NONE', #3015, #896 ) ;
#896 = VECTOR ( 'NONE', #3014, 1000.000000000000000 ) ;
#897 = LINE ( 'NONE', #3013, #898 ) ;
#898 = VECTOR ( 'NONE', #3011, 1000.000000000000000 ) ;
#899 = LINE ( 'NONE', #3009, #900 ) ;
#900 = VECTOR ( 'NONE', #3008, 1000.000000000000000 ) ;
#901 = LINE ( 'NONE', #3007, #902 ) ;
#902 = VECTOR ( 'NONE', #3005, 1000.000000000000000 ) ;
#903 = LINE ( 'NONE', #3004, #904 ) ;
#904 = VECTOR ( 'NONE', #3003, 1000.000000000000000 ) ;
#905 = LINE ( 'NONE', #3001, #906 ) ;
#906 = VECTOR ( 'NONE', #3000, 1000.000000000000000 ) ;
#907 = LINE ( 'NONE', #2999, #908 ) ;
#908 = VECTOR ( 'NONE', #2998, 1000.000000000000000 ) ;
#909 = LINE ( 'NONE', #2996, #910 ) ;
#910 = VECTOR ( 'NONE', #2995, 1000.000000000000000 ) ;
#911 = LINE ( 'NONE', #2992, #912 ) ;
#912 = VECTOR ( 'NONE', #2991, 1000.000000000000000 ) ;
#913 = LINE ( 'NONE', #2990, #914 ) ;
#914 = VECTOR ( 'NONE', #2989, 1000.000000000000000 ) ;
#915 = LINE ( 'NONE', #2988, #916 ) ;
#916 = VECTOR ( 'NONE', #2987, 1000.000000000000000 ) ;
#917 = LINE ( 'NONE', #2986, #918 ) ;
#918 = VECTOR ( 'NONE', #2985, 1000.000000000000000 ) ;
#919 = LINE ( 'NONE', #2983, #920 ) ;
#920 = VECTOR ( 'NONE', #2982, 1000.000000000000000 ) ;
#921 = LINE ( 'NONE', #2981, #922 ) ;
#922 = VECTOR ( 'NONE', #2980, 1000.000000000000000 ) ;
#923 = LINE ( 'NONE', #2979, #924 ) ;
#924 = VECTOR ( 'NONE', #2978, 1000.000000000000000 ) ;
#925 = LINE ( 'NONE', #2976, #926 ) ;
#926 = VECTOR ( 'NONE', #2975, 1000.000000000000000 ) ;
#927 = VECTOR ( 'NONE', #2972, 1000.000000000000000 ) ;
#928 = LINE ( 'NONE', #343, #888 ) ;
#929 = LINE ( 'NONE', #2970, #930 ) ;
#930 = VECTOR ( 'NONE', #2969, 1000.000000000000000 ) ;
#931 = LINE ( 'NONE', #330, #932 ) ;
#932 = VECTOR ( 'NONE', #324, 1000.000000000000000 ) ;
#933 = LINE ( 'NONE', #307, #934 ) ;
#934 = VECTOR ( 'NONE', #297, 1000.000000000000000 ) ;
#935 = LINE ( 'NONE', #308, #936 ) ;
#936 = VECTOR ( 'NONE', #333, 1000.000000000000000 ) ;
#937 = LINE ( 'NONE', #334, #938 ) ;
#938 = VECTOR ( 'NONE', #335, 1000.000000000000000 ) ;
#939 = LINE ( 'NONE', #337, #940 ) ;
#940 = VECTOR ( 'NONE', #340, 1000.000000000000000 ) ;
#941 = LINE ( 'NONE', #336, #942 ) ;
#942 = VECTOR ( 'NONE', #309, 1000.000000000000000 ) ;
#943 = LINE ( 'NONE', #306, #944 ) ;
#944 = VECTOR ( 'NONE', #305, 1000.000000000000000 ) ;
#945 = LINE ( 'NONE', #304, #946 ) ;
#946 = VECTOR ( 'NONE', #303, 1000.000000000000000 ) ;
#947 = LINE ( 'NONE', #310, #948 ) ;
#948 = VECTOR ( 'NONE', #317, 1000.000000000000000 ) ;
#949 = LINE ( 'NONE', #316, #950 ) ;
#950 = VECTOR ( 'NONE', #315, 1000.000000000000000 ) ;
#951 = LINE ( 'NONE', #313, #952 ) ;
#952 = VECTOR ( 'NONE', #314, 1000.000000000000000 ) ;
#953 = LINE ( 'NONE', #312, #954 ) ;
#954 = VECTOR ( 'NONE', #311, 1000.000000000000000 ) ;
#955 = LINE ( 'NONE', #320, #956 ) ;
#956 = VECTOR ( 'NONE', #322, 1000.000000000000000 ) ;
#957 = VECTOR ( 'NONE', #2977, 1000.000000000000000 ) ;
#958 = LINE ( 'NONE', #345, #982 ) ;
#959 = LINE ( 'NONE', #318, #960 ) ;
#960 = VECTOR ( 'NONE', #323, 1000.000000000000000 ) ;
#961 = LINE ( 'NONE', #325, #962 ) ;
#962 = VECTOR ( 'NONE', #294, 1000.000000000000100 ) ;
#963 = LINE ( 'NONE', #326, #964 ) ;
#964 = VECTOR ( 'NONE', #368, 999.9999999999998900 ) ;
#965 = LINE ( 'NONE', #327, #966 ) ;
#966 = VECTOR ( 'NONE', #328, 1000.000000000000000 ) ;
#967 = LINE ( 'NONE', #329, #968 ) ;
#968 = VECTOR ( 'NONE', #331, 1000.000000000000000 ) ;
#969 = LINE ( 'NONE', #370, #970 ) ;
#970 = VECTOR ( 'NONE', #332, 1000.000000000000000 ) ;
#971 = VECTOR ( 'NONE', #369, 1000.000000000000000 ) ;
#972 = LINE ( 'NONE', #321, #976 ) ;
#973 = CIRCLE ( 'NONE', #429, 1.600000000000000800 ) ;
#974 = LINE ( 'NONE', #344, #975 ) ;
#975 = VECTOR ( 'NONE', #338, 1000.000000000000000 ) ;
#976 = VECTOR ( 'NONE', #339, 1000.000000000000000 ) ;
#977 = LINE ( 'NONE', #357, #971 ) ;
#978 = LINE ( 'NONE', #350, #979 ) ;
#979 = VECTOR ( 'NONE', #349, 1000.000000000000000 ) ;
#980 = LINE ( 'NONE', #346, #981 ) ;
#981 = VECTOR ( 'NONE', #347, 1000.000000000000000 ) ;
#982 = VECTOR ( 'NONE', #359, 1000.000000000000000 ) ;
#983 = LINE ( 'NONE', #353, #984 ) ;
#984 = VECTOR ( 'NONE', #352, 1000.000000000000000 ) ;
#985 = LINE ( 'NONE', #1234, #1021 ) ;
#986 = FACE_OUTER_BOUND ( 'NONE', #3221, .T. ) ;
#987 = CIRCLE ( 'NONE', #426, 4.000000000000007100 ) ;
#988 = LINE ( 'NONE', #367, #989 ) ;
#989 = VECTOR ( 'NONE', #376, 1000.000000000000000 ) ;
#990 = LINE ( 'NONE', #360, #991 ) ;
#991 = VECTOR ( 'NONE', #361, 1000.000000000000000 ) ;
#992 = LINE ( 'NONE', #366, #993 ) ;
#993 = VECTOR ( 'NONE', #363, 1000.000000000000000 ) ;
#994 = LINE ( 'NONE', #371, #995 ) ;
#995 = VECTOR ( 'NONE', #295, 1000.000000000000000 ) ;
#996 = LINE ( 'NONE', #372, #997 ) ;
#997 = VECTOR ( 'NONE', #374, 1000.000000000000000 ) ;
#998 = LINE ( 'NONE', #362, #999 ) ;
#999 = VECTOR ( 'NONE', #364, 1000.000000000000000 ) ;
#1000 = LINE ( 'NONE', #373, #1001 ) ;
#1001 = VECTOR ( 'NONE', #302, 1000.000000000000000 ) ;
#1002 = LINE ( 'NONE', #300, #1003 ) ;
#1003 = VECTOR ( 'NONE', #365, 1000.000000000000000 ) ;
#1004 = LINE ( 'NONE', #293, #1005 ) ;
#1005 = VECTOR ( 'NONE', #375, 1000.000000000000000 ) ;
#1006 = LINE ( 'NONE', #301, #1007 ) ;
#1007 = VECTOR ( 'NONE', #298, 1000.000000000000000 ) ;
#1008 = LINE ( 'NONE', #296, #1009 ) ;
#1009 = VECTOR ( 'NONE', #299, 1000.000000000000000 ) ;
#1010 = LINE ( 'NONE', #2959, #1011 ) ;
#1011 = VECTOR ( 'NONE', #2958, 1000.000000000000000 ) ;
#1012 = LINE ( 'NONE', #2956, #1013 ) ;
#1013 = VECTOR ( 'NONE', #2955, 1000.000000000000000 ) ;
#1014 = LINE ( 'NONE', #2957, #1015 ) ;
#1015 = VECTOR ( 'NONE', #2182, 1000.000000000000000 ) ;
#1016 = LINE ( 'NONE', #2185, #1017 ) ;
#1017 = VECTOR ( 'NONE', #2184, 1000.000000000000000 ) ;
#1018 = LINE ( 'NONE', #2186, #1019 ) ;
#1019 = VECTOR ( 'NONE', #2183, 1000.000000000000000 ) ;
#1020 = FACE_OUTER_BOUND ( 'NONE', #3145, .T. ) ;
#1021 = VECTOR ( 'NONE', #1235, 1000.000000000000000 ) ;
#1022 = CIRCLE ( 'NONE', #431, 1.600000000000000800 ) ;
#1023 = CYLINDRICAL_SURFACE ( 'NONE', #433, 1.600000000000000800 ) ;
#1024 = CIRCLE ( 'NONE', #423, 1.599999999999999900 ) ;
#1025 = LINE ( 'NONE', #1236, #1026 ) ;
#1026 = VECTOR ( 'NONE', #1237, 1000.000000000000000 ) ;
#1027 = LINE ( 'NONE', #1238, #1028 ) ;
#1028 = VECTOR ( 'NONE', #1239, 1000.000000000000000 ) ;
#1029 = LINE ( 'NONE', #1241, #1030 ) ;
#1030 = VECTOR ( 'NONE', #1242, 1000.000000000000000 ) ;
#1031 = LINE ( 'NONE', #1381, #1032 ) ;
#1032 = VECTOR ( 'NONE', #1382, 1000.000000000000100 ) ;
#1033 = FACE_OUTER_BOUND ( 'NONE', #3224, .T. ) ;
#1034 = FACE_OUTER_BOUND ( 'NONE', #3143, .T. ) ;
#1035 = FACE_OUTER_BOUND ( 'NONE', #3222, .T. ) ;
#1036 = FACE_OUTER_BOUND ( 'NONE', #2018, .T. ) ;
#1037 = CYLINDRICAL_SURFACE ( 'NONE', #430, 1.599999999999999900 ) ;
#1038 = FACE_OUTER_BOUND ( 'NONE', #2019, .T. ) ;
#1039 = FACE_OUTER_BOUND ( 'NONE', #2017, .T. ) ;
#1040 = FACE_OUTER_BOUND ( 'NONE', #2015, .T. ) ;
#1041 = FACE_OUTER_BOUND ( 'NONE', #2022, .T. ) ;
#1042 = FACE_OUTER_BOUND ( 'NONE', #3227, .T. ) ;
#1043 = FACE_OUTER_BOUND ( 'NONE', #2027, .T. ) ;
#1044 = FACE_OUTER_BOUND ( 'NONE', #3226, .T. ) ;
#1045 = FACE_OUTER_BOUND ( 'NONE', #3225, .T. ) ;
#1046 = FACE_OUTER_BOUND ( 'NONE', #2025, .T. ) ;
#1047 = FACE_OUTER_BOUND ( 'NONE', #2021, .T. ) ;
#1048 = FACE_OUTER_BOUND ( 'NONE', #2026, .T. ) ;
#1049 = FACE_OUTER_BOUND ( 'NONE', #2028, .T. ) ;
#1050 = FACE_OUTER_BOUND ( 'NONE', #2024, .T. ) ;
#1051 = FACE_OUTER_BOUND ( 'NONE', #2020, .T. ) ;
#1052 = FACE_OUTER_BOUND ( 'NONE', #2016, .T. ) ;
#1053 = FACE_OUTER_BOUND ( 'NONE', #2023, .T. ) ;
#1054 = FACE_OUTER_BOUND ( 'NONE', #2029, .T. ) ;
#1055 = FACE_OUTER_BOUND ( 'NONE', #2030, .T. ) ;
#1056 = FACE_OUTER_BOUND ( 'NONE', #3168, .T. ) ;
#1057 = FACE_OUTER_BOUND ( 'NONE', #3166, .T. ) ;
#1058 = FACE_OUTER_BOUND ( 'NONE', #3161, .T. ) ;
#1059 = FACE_OUTER_BOUND ( 'NONE', #3156, .T. ) ;
#1060 = FACE_OUTER_BOUND ( 'NONE', #3165, .T. ) ;
#1061 = FACE_OUTER_BOUND ( 'NONE', #3172, .T. ) ;
#1062 = FACE_OUTER_BOUND ( 'NONE', #3173, .T. ) ;
#1063 = FACE_OUTER_BOUND ( 'NONE', #3176, .T. ) ;
#1064 = FACE_OUTER_BOUND ( 'NONE', #3175, .T. ) ;
#1065 = FACE_OUTER_BOUND ( 'NONE', #3174, .T. ) ;
#1066 = FACE_OUTER_BOUND ( 'NONE', #3171, .T. ) ;
#1067 = FACE_OUTER_BOUND ( 'NONE', #3170, .T. ) ;
#1068 = FACE_OUTER_BOUND ( 'NONE', #3179, .T. ) ;
#1069 = FACE_OUTER_BOUND ( 'NONE', #3180, .T. ) ;
#1070 = FACE_OUTER_BOUND ( 'NONE', #3181, .T. ) ;
#1071 = FACE_OUTER_BOUND ( 'NONE', #3184, .T. ) ;
#1072 = FACE_OUTER_BOUND ( 'NONE', #3177, .T. ) ;
#1073 = FACE_BOUND ( 'NONE', #3169, .T. ) ;
#1074 = FACE_OUTER_BOUND ( 'NONE', #3191, .T. ) ;
#1075 = FACE_BOUND ( 'NONE', #3186, .T. ) ;
#1076 = FACE_BOUND ( 'NONE', #3182, .T. ) ;
#1077 = FACE_OUTER_BOUND ( 'NONE', #3187, .T. ) ;
#1078 = FACE_OUTER_BOUND ( 'NONE', #3192, .T. ) ;
#1079 = FACE_BOUND ( 'NONE', #3189, .T. ) ;
#1080 = FACE_OUTER_BOUND ( 'NONE', #3209, .T. ) ;
#1081 = FACE_OUTER_BOUND ( 'NONE', #3183, .T. ) ;
#1082 = FACE_OUTER_BOUND ( 'NONE', #3208, .T. ) ;
#1083 = FACE_OUTER_BOUND ( 'NONE', #3185, .T. ) ;
#1084 = FACE_OUTER_BOUND ( 'NONE', #3200, .T. ) ;
#1085 = FACE_BOUND ( 'NONE', #3193, .T. ) ;
#1086 = FACE_BOUND ( 'NONE', #3214, .T. ) ;
#1087 = FACE_BOUND ( 'NONE', #3215, .T. ) ;
#1088 = FACE_OUTER_BOUND ( 'NONE', #3198, .T. ) ;
#1089 = FACE_OUTER_BOUND ( 'NONE', #3204, .T. ) ;
#1090 = FACE_BOUND ( 'NONE', #3195, .T. ) ;
#1091 = FACE_OUTER_BOUND ( 'NONE', #3211, .T. ) ;
#1092 = FACE_OUTER_BOUND ( 'NONE', #3178, .T. ) ;
#1093 = VECTOR ( 'NONE', #1684, 1000.000000000000000 ) ;
#1094 = FACE_OUTER_BOUND ( 'NONE', #3218, .T. ) ;
#1095 = FACE_OUTER_BOUND ( 'NONE', #3219, .T. ) ;
#1096 = LINE ( 'NONE', #1682, #1093 ) ;
#1097 = LINE ( 'NONE', #1681, #1109 ) ;
#1098 = FACE_OUTER_BOUND ( 'NONE', #3197, .T. ) ;
#1099 = CYLINDRICAL_SURFACE ( 'NONE', #486, 1.599999999999999900 ) ;
#1100 = FACE_OUTER_BOUND ( 'NONE', #3199, .T. ) ;
#1101 = LINE ( 'NONE', #1685, #1102 ) ;
#1102 = VECTOR ( 'NONE', #1686, 1000.000000000000000 ) ;
#1103 = LINE ( 'NONE', #1687, #1104 ) ;
#1104 = VECTOR ( 'NONE', #1688, 1000.000000000000000 ) ;
#1105 = LINE ( 'NONE', #1689, #1106 ) ;
#1106 = VECTOR ( 'NONE', #1690, 1000.000000000000000 ) ;
#1107 = LINE ( 'NONE', #1692, #1108 ) ;
#1108 = VECTOR ( 'NONE', #1693, 1000.000000000000000 ) ;
#1109 = VECTOR ( 'NONE', #1694, 1000.000000000000000 ) ;
#1110 = FACE_OUTER_BOUND ( 'NONE', #3190, .T. ) ;
#1111 = LINE ( 'NONE', #1696, #1112 ) ;
#1112 = VECTOR ( 'NONE', #1697, 1000.000000000000100 ) ;
#1113 = FACE_OUTER_BOUND ( 'NONE', #3212, .T. ) ;
#1114 = CYLINDRICAL_SURFACE ( 'NONE', #487, 1.600000000000000800 ) ;
#1115 = FACE_BOUND ( 'NONE', #3217, .T. ) ;
#1116 = FACE_BOUND ( 'NONE', #3206, .T. ) ;
#1117 = FACE_OUTER_BOUND ( 'NONE', #3205, .T. ) ;
#1118 = FACE_OUTER_BOUND ( 'NONE', #3216, .T. ) ;
#1119 = FACE_OUTER_BOUND ( 'NONE', #3194, .T. ) ;
#1120 = FACE_BOUND ( 'NONE', #3223, .T. ) ;
#1121 = CYLINDRICAL_SURFACE ( 'NONE', #490, 3.999999999999998200 ) ;
#1122 = FACE_OUTER_BOUND ( 'NONE', #3202, .T. ) ;
#1123 = FACE_BOUND ( 'NONE', #3220, .T. ) ;
#1124 = FACE_OUTER_BOUND ( 'NONE', #2073, .T. ) ;
#1125 = FACE_OUTER_BOUND ( 'NONE', #2055, .T. ) ;
#1126 = FACE_OUTER_BOUND ( 'NONE', #2048, .T. ) ;
#1127 = FACE_OUTER_BOUND ( 'NONE', #2034, .T. ) ;
#1128 = CYLINDRICAL_SURFACE ( 'NONE', #494, 4.000000000000005300 ) ;
#1129 = FACE_OUTER_BOUND ( 'NONE', #2050, .T. ) ;
#1130 = FACE_OUTER_BOUND ( 'NONE', #2074, .T. ) ;
#1131 = FACE_OUTER_BOUND ( 'NONE', #2044, .T. ) ;
#1132 = FACE_OUTER_BOUND ( 'NONE', #2072, .T. ) ;
#1133 = FACE_OUTER_BOUND ( 'NONE', #2070, .T. ) ;
#1134 = FACE_OUTER_BOUND ( 'NONE', #2071, .T. ) ;
#1135 = FACE_OUTER_BOUND ( 'NONE', #2068, .T. ) ;
#1136 = FACE_OUTER_BOUND ( 'NONE', #2058, .T. ) ;
#1137 = FACE_OUTER_BOUND ( 'NONE', #2067, .T. ) ;
#1138 = FACE_OUTER_BOUND ( 'NONE', #2069, .T. ) ;
#1139 = FACE_OUTER_BOUND ( 'NONE', #2049, .T. ) ;
#1140 = FACE_OUTER_BOUND ( 'NONE', #2065, .T. ) ;
#1141 = FACE_OUTER_BOUND ( 'NONE', #2066, .T. ) ;
#1142 = FACE_OUTER_BOUND ( 'NONE', #2063, .T. ) ;
#1143 = FACE_OUTER_BOUND ( 'NONE', #2062, .T. ) ;
#1144 = FACE_OUTER_BOUND ( 'NONE', #2064, .T. ) ;
#1145 = FACE_BOUND ( 'NONE', #3147, .T. ) ;
#1146 = FACE_BOUND ( 'NONE', #3140, .T. ) ;
#1147 = FACE_OUTER_BOUND ( 'NONE', #3157, .T. ) ;
#1148 = FACE_BOUND ( 'NONE', #3151, .T. ) ;
#1149 = FACE_OUTER_BOUND ( 'NONE', #3158, .T. ) ;
#1150 = FACE_OUTER_BOUND ( 'NONE', #3153, .T. ) ;
#1151 = FACE_OUTER_BOUND ( 'NONE', #3164, .T. ) ;
#1152 = FACE_OUTER_BOUND ( 'NONE', #3163, .T. ) ;
#1153 = FACE_OUTER_BOUND ( 'NONE', #3162, .T. ) ;
#1154 = FACE_OUTER_BOUND ( 'NONE', #2043, .T. ) ;
#1155 = FACE_OUTER_BOUND ( 'NONE', #2038, .T. ) ;
#1156 = FACE_BOUND ( 'NONE', #3160, .T. ) ;
#1157 = FACE_OUTER_BOUND ( 'NONE', #3159, .T. ) ;
#1158 = FACE_OUTER_BOUND ( 'NONE', #3167, .T. ) ;
#1159 = FACE_OUTER_BOUND ( 'NONE', #2046, .T. ) ;
#1160 = FACE_OUTER_BOUND ( 'NONE', #2032, .T. ) ;
#1161 = FACE_OUTER_BOUND ( 'NONE', #2045, .T. ) ;
#1162 = FACE_OUTER_BOUND ( 'NONE', #2041, .T. ) ;
#1163 = FACE_OUTER_BOUND ( 'NONE', #2031, .T. ) ;
#1164 = FACE_OUTER_BOUND ( 'NONE', #2033, .T. ) ;
#1165 = FACE_OUTER_BOUND ( 'NONE', #2039, .T. ) ;
#1166 = FACE_OUTER_BOUND ( 'NONE', #2040, .T. ) ;
#1167 = FACE_OUTER_BOUND ( 'NONE', #2036, .T. ) ;
#1168 = FACE_OUTER_BOUND ( 'NONE', #2061, .T. ) ;
#1169 = FACE_OUTER_BOUND ( 'NONE', #2042, .T. ) ;
#1170 = FACE_OUTER_BOUND ( 'NONE', #2057, .T. ) ;
#1171 = FACE_OUTER_BOUND ( 'NONE', #2035, .T. ) ;
#1172 = FACE_OUTER_BOUND ( 'NONE', #2059, .T. ) ;
#1173 = FACE_OUTER_BOUND ( 'NONE', #2056, .T. ) ;
#1174 = FACE_OUTER_BOUND ( 'NONE', #2037, .T. ) ;
#1175 = FACE_OUTER_BOUND ( 'NONE', #2060, .T. ) ;
#1176 = FACE_OUTER_BOUND ( 'NONE', #2054, .T. ) ;
#1177 = FACE_OUTER_BOUND ( 'NONE', #2051, .T. ) ;
#1178 = FACE_OUTER_BOUND ( 'NONE', #2047, .T. ) ;
#1179 = FACE_OUTER_BOUND ( 'NONE', #2052, .T. ) ;
#1180 = FACE_OUTER_BOUND ( 'NONE', #2053, .T. ) ;
#1181 = FACE_OUTER_BOUND ( 'NONE', #3213, .T. ) ;
#1182 = FACE_OUTER_BOUND ( 'NONE', #3196, .T. ) ;
#1183 = FACE_OUTER_BOUND ( 'NONE', #3210, .T. ) ;
#1184 = FACE_OUTER_BOUND ( 'NONE', #3146, .T. ) ;
#1185 = FACE_OUTER_BOUND ( 'NONE', #3207, .T. ) ;
#1186 = CYLINDRICAL_SURFACE ( 'NONE', #547, 1.599999999999999900 ) ;
#1187 = FACE_BOUND ( 'NONE', #3139, .T. ) ;
#1188 = CYLINDRICAL_SURFACE ( 'NONE', #548, 1.600000000000000800 ) ;
#1189 = FACE_BOUND ( 'NONE', #3142, .T. ) ;
#1190 = FACE_OUTER_BOUND ( 'NONE', #3201, .T. ) ;
#1191 = FACE_BOUND ( 'NONE', #3155, .T. ) ;
#1192 = FACE_OUTER_BOUND ( 'NONE', #3152, .T. ) ;
#1193 = FACE_BOUND ( 'NONE', #3149, .T. ) ;
#1194 = FACE_OUTER_BOUND ( 'NONE', #3148, .T. ) ;
#1195 = FACE_OUTER_BOUND ( 'NONE', #3144, .T. ) ;
#1196 = FACE_OUTER_BOUND ( 'NONE', #3150, .T. ) ;
#1197 = FACE_BOUND ( 'NONE', #3154, .T. ) ;
#1198 = FACE_OUTER_BOUND ( 'NONE', #3141, .T. ) ;
#1199 = FACE_OUTER_BOUND ( 'NONE', #3203, .T. ) ;
#1200 = CYLINDRICAL_SURFACE ( 'NONE', #554, 1.600000000000000800 ) ;
#1201 = CYLINDRICAL_SURFACE ( 'NONE', #555, 1.599999999999999900 ) ;
#1202 =( GEOMETRIC_REPRESENTATION_CONTEXT ( 3 ) GLOBAL_UNCERTAINTY_ASSIGNED_CONTEXT ( ( #2946 ) ) GLOBAL_UNIT_ASSIGNED_CONTEXT ( ( #1978, #1974, #1981 ) ) REPRESENTATION_CONTEXT ( 'NONE', 'WORKASPACE' ) );
#1203 = SHAPE_DEFINITION_REPRESENTATION ( #2642, #2945 ) ;
#1204 = ORGANIZATION ( 'UNSPECIFIED', 'UNSPECIFIED', '' ) ;
#1205 = PERSON_AND_ORGANIZATION ( #2948, #1204 ) ;
#1206 = PERSON_AND_ORGANIZATION ( #2948, #1204 ) ;
#1207 = APPROVAL_PERSON_ORGANIZATION ( #1206, #561, #1992 ) ;
#1208 = COORDINATED_UNIVERSAL_TIME_OFFSET ( 9, 0, .AHEAD. ) ;
#1209 = LOCAL_TIME ( 16, 43, 2.000000000000000000, #1208 ) ;
#1210 = CALENDAR_DATE ( 2015, 7, 8 ) ;
#1211 = DATE_AND_TIME ( #1210, #1209 ) ;
#1212 = APPROVAL_DATE_TIME ( #1211, #561 ) ;
#1213 = PERSON_AND_ORGANIZATION ( #2948, #1204 ) ;
#1214 = COORDINATED_UNIVERSAL_TIME_OFFSET ( 9, 0, .AHEAD. ) ;
#1215 = LOCAL_TIME ( 16, 43, 2.000000000000000000, #1214 ) ;
#1216 = CALENDAR_DATE ( 2015, 7, 8 ) ;
#1217 = DATE_AND_TIME ( #1216, #1215 ) ;
#1218 = PERSON_AND_ORGANIZATION ( #2948, #1204 ) ;
#1219 = APPROVAL_PERSON_ORGANIZATION ( #1218, #566, #1996 ) ;
#1220 = COORDINATED_UNIVERSAL_TIME_OFFSET ( 9, 0, .AHEAD. ) ;
#1221 = LOCAL_TIME ( 16, 43, 2.000000000000000000, #1220 ) ;
#1222 = CALENDAR_DATE ( 2015, 7, 8 ) ;
#1223 = DATE_AND_TIME ( #1222, #1221 ) ;
#1224 = APPROVAL_DATE_TIME ( #1223, #566 ) ;
#1225 = PERSON_AND_ORGANIZATION ( #2948, #1204 ) ;
#1226 = PERSON_AND_ORGANIZATION ( #2948, #1204 ) ;
#1227 = PERSON_AND_ORGANIZATION ( #2948, #1204 ) ;
#1228 = COORDINATED_UNIVERSAL_TIME_OFFSET ( 9, 0, .AHEAD. ) ;
#1229 = DIRECTION ( 'NONE',  ( 3.516331370223259700E-016, 1.000000000000000000, -2.061428720173045600E-015 ) ) ;
#1230 = DIRECTION ( 'NONE',  ( 0.0000000000000000000, -2.168404344971007700E-015, -1.000000000000000000 ) ) ;
#1231 = CARTESIAN_POINT ( 'NONE',  ( 2.500000000000000000, -6.700000000000001100, 1.937107881507435500E-015 ) ) ;
#1232 = DIRECTION ( 'NONE',  ( 3.516331370223259700E-016, 1.000000000000000000, 5.153571800432619900E-016 ) ) ;
#1233 = DIRECTION ( 'NONE',  ( 0.0000000000000000000, 0.0000000000000000000, -1.000000000000000000 ) ) ;
#1234 = CARTESIAN_POINT ( 'NONE',  ( -3.499999999999999600, -10.10000000000000000, 9.700000000000001100 ) ) ;
#1235 = DIRECTION ( 'NONE',  ( 3.516331370223258200E-016, 1.000000000000000000, -0.0000000000000000000 ) ) ;
#1236 = CARTESIAN_POINT ( 'NONE',  ( -1.849999999999999900, -14.20000000000000100, 5.449999999999999300 ) ) ;
#1237 = DIRECTION ( 'NONE',  ( -0.0000000000000000000, 1.000000000000000000, -1.971276677246371300E-016 ) ) ;
#1238 = CARTESIAN_POINT ( 'NONE',  ( 0.4000000000000001900, 2.000000000000001800, 7.399999999999999500 ) ) ;
#1239 = DIRECTION ( 'NONE',  ( -1.355252715606880000E-016, 0.0000000000000000000, -1.000000000000000000 ) ) ;
#1240 = CARTESIAN_POINT ( 'NONE',  ( 2.200000000000001500, -6.400000000000003000, 0.0000000000000000000 ) ) ;
#1241 = CARTESIAN_POINT ( 'NONE',  ( 3.500000000000001300, -10.10000000000000000, 9.700000000000001100 ) ) ;
#1242 = DIRECTION ( 'NONE',  ( -0.0000000000000000000, -0.0000000000000000000, 1.000000000000000000 ) ) ;
#1243 = CARTESIAN_POINT ( 'NONE',  ( -0.3999999999999999100, 1.949999999999999300, -2.600000000000000100 ) ) ;
#1244 = CARTESIAN_POINT ( 'NONE',  ( 3.000000000000000000, -7.400000000000003000, 2.717733445696999500E-015 ) ) ;
#1245 = CARTESIAN_POINT ( 'NONE',  ( -2.200000000000002000, -6.400000000000003000, 0.0000000000000000000 ) ) ;
#1246 = CARTESIAN_POINT ( 'NONE',  ( -0.3999999999999998600, 1.949999999999999300, -2.199999999999999700 ) ) ;
#1247 = CARTESIAN_POINT ( 'NONE',  ( 4.336808689942017700E-016, 1.949999999999999300, -1.000000000000000000 ) ) ;
#1248 = CARTESIAN_POINT ( 'NONE',  ( 2.500000000000000000, -7.400000000000003000, 2.139492287038063500E-015 ) ) ;
#1249 = CARTESIAN_POINT ( 'NONE',  ( -2.500000000000000000, -6.700000000000001100, 1.937107881507435500E-015 ) ) ;
#1250 = CARTESIAN_POINT ( 'NONE',  ( -2.500000000000000000, -7.400000000000003000, 2.139492287038063500E-015 ) ) ;
#1251 = CARTESIAN_POINT ( 'NONE',  ( 0.4000000000000002400, -0.5999999999999999800, 0.0000000000000000000 ) ) ;
#1252 = CARTESIAN_POINT ( 'NONE',  ( 0.4000000000000001900, 0.5999999999999999800, 0.0000000000000000000 ) ) ;
#1253 = CARTESIAN_POINT ( 'NONE',  ( -0.3999999999999997400, -0.5999999999999997600, 0.0000000000000000000 ) ) ;
#1254 = CARTESIAN_POINT ( 'NONE',  ( -0.3999999999999998600, 0.5999999999999998700, 0.0000000000000000000 ) ) ;
#1255 = CARTESIAN_POINT ( 'NONE',  ( 1.959434878635765200E-016, -17.49999999999999600, -5.400000000000000400 ) ) ;
#1256 = CARTESIAN_POINT ( 'NONE',  ( 1.959434878635762300E-016, -15.39999999999999900, -5.400000000000000400 ) ) ;
#1257 = CARTESIAN_POINT ( 'NONE',  ( 0.0000000000000000000, -17.49999999999999600, -8.599999999999999600 ) ) ;
#1258 = CARTESIAN_POINT ( 'NONE',  ( 0.0000000000000000000, -15.39999999999999900, -8.599999999999999600 ) ) ;
#1259 = CARTESIAN_POINT ( 'NONE',  ( 0.0000000000000000000, -15.40000000000000000, 11.40000000000000400 ) ) ;
#1260 = CARTESIAN_POINT ( 'NONE',  ( 1.959434878635789100E-016, -15.39999999999999300, 14.60000000000000500 ) ) ;
#1261 = CARTESIAN_POINT ( 'NONE',  ( 0.0000000000000000000, -17.49999999999999600, 11.40000000000000400 ) ) ;
#1262 = CARTESIAN_POINT ( 'NONE',  ( 1.959434878635765200E-016, -17.49999999999999600, 14.60000000000000500 ) ) ;
#1263 = CARTESIAN_POINT ( 'NONE',  ( -0.3999999999999999100, 1.950000000000002000, 6.999999999999999100 ) ) ;
#1264 = CARTESIAN_POINT ( 'NONE',  ( 0.4000000000000001300, 1.950000000000002000, 6.999999999999999100 ) ) ;
#1265 = CARTESIAN_POINT ( 'NONE',  ( 0.4000000000000001900, 1.950000000000002000, 7.399999999999999500 ) ) ;
#1266 = CARTESIAN_POINT ( 'NONE',  ( 0.6000000000000002000, 1.950000000000002000, 7.399999999999999500 ) ) ;
#1267 = CARTESIAN_POINT ( 'NONE',  ( -3.500000000000002200, -17.49999999999999600, -3.700000000000000200 ) ) ;
#1268 = CARTESIAN_POINT ( 'NONE',  ( -3.499999999999999600, -10.10000000000000000, -3.700000000000000200 ) ) ;
#1269 = CARTESIAN_POINT ( 'NONE',  ( 3.500000000000000400, -12.19999999999999800, -5.333939444035328500 ) ) ;
#1270 = CARTESIAN_POINT ( 'NONE',  ( 3.499999999999998700, -15.40000000000000200, -5.333939444035328500 ) ) ;
#1271 = CARTESIAN_POINT ( 'NONE',  ( 3.500000000000000400, -12.19999999999999800, -8.699999999999999300 ) ) ;
#1272 = CARTESIAN_POINT ( 'NONE',  ( 3.499999999999998700, -15.40000000000000000, -8.699999999999999300 ) ) ;
#1273 = CARTESIAN_POINT ( 'NONE',  ( 3.500000000000001300, -10.10000000000000000, -3.700000000000000200 ) ) ;
#1274 = CARTESIAN_POINT ( 'NONE',  ( 3.499999999999997800, -17.49999999999999600, -3.700000000000000200 ) ) ;
#1275 = CARTESIAN_POINT ( 'NONE',  ( 3.499999999999997800, -17.49999999999999600, -10.00000000000000000 ) ) ;
#1276 = CARTESIAN_POINT ( 'NONE',  ( 0.4000000000000002400, -0.5999999999999982000, 6.099999999999999600 ) ) ;
#1277 = CARTESIAN_POINT ( 'NONE',  ( 3.500000000000001300, -10.10000000000000000, -10.00000000000000000 ) ) ;
#1278 = CARTESIAN_POINT ( 'NONE',  ( -3.500000000000002200, -17.49999999999999600, -10.00000000000000000 ) ) ;
#1279 = CARTESIAN_POINT ( 'NONE',  ( 0.4000000000000001900, 0.6000000000000016400, 6.099999999999999600 ) ) ;
#1280 = CARTESIAN_POINT ( 'NONE',  ( -0.3999999999999998600, -0.5999999999999980900, 6.099999999999999600 ) ) ;
#1281 = CARTESIAN_POINT ( 'NONE',  ( -0.3999999999999998600, 0.6000000000000015300, 6.099999999999999600 ) ) ;
#1282 = CARTESIAN_POINT ( 'NONE',  ( 0.4000000000000002400, -0.5999999999999999800, -0.1000000000000000100 ) ) ;
#1283 = CARTESIAN_POINT ( 'NONE',  ( 0.4000000000000001900, 0.5999999999999999800, -0.1000000000000000100 ) ) ;
#1284 = CARTESIAN_POINT ( 'NONE',  ( -3.500000000000000400, -12.19999999999999800, -8.699999999999999300 ) ) ;
#1285 = CARTESIAN_POINT ( 'NONE',  ( -0.3999999999999998600, 0.5999999999999998700, -0.1000000000000000100 ) ) ;
#1286 = CARTESIAN_POINT ( 'NONE',  ( -3.500000000000001300, -15.39999999999999900, -8.699999999999999300 ) ) ;
#1287 = CARTESIAN_POINT ( 'NONE',  ( -0.3999999999999998600, -0.5999999999999998700, -0.1000000000000000100 ) ) ;
#1288 = CARTESIAN_POINT ( 'NONE',  ( -2.449999999999999700, -15.80000000000000100, 3.799999999999999400 ) ) ;
#1289 = CARTESIAN_POINT ( 'NONE',  ( -3.500000000000000400, -12.19999999999999600, -5.333939444035328500 ) ) ;
#1290 = CARTESIAN_POINT ( 'NONE',  ( -3.500000000000001300, -15.40000000000000000, -5.333939444035328500 ) ) ;
#1291 = CARTESIAN_POINT ( 'NONE',  ( -2.449999999999999700, -17.64000000000000400, 3.799999999999999400 ) ) ;
#1292 = CARTESIAN_POINT ( 'NONE',  ( -2.449999999999999700, -15.80000000000000100, 2.199999999999999300 ) ) ;
#1293 = CARTESIAN_POINT ( 'NONE',  ( -2.449999999999999700, -17.64000000000000400, 2.199999999999998800 ) ) ;
#1294 = CARTESIAN_POINT ( 'NONE',  ( -2.949999999999999700, -14.20000000000000100, 5.450000000000000200 ) ) ;
#1295 = CARTESIAN_POINT ( 'NONE',  ( -3.499999999999999600, -10.10000000000000000, -10.00000000000000000 ) ) ;
#1296 = CARTESIAN_POINT ( 'NONE',  ( -2.949999999999999700, -14.20000000000000100, 5.749999999999998200 ) ) ;
#1297 = CARTESIAN_POINT ( 'NONE',  ( 0.4499999999999789700, -17.80000000000000400, 6.249999999999998200 ) ) ;
#1298 = CARTESIAN_POINT ( 'NONE',  ( 3.500000000000001300, -10.10000000000000000, 9.700000000000001100 ) ) ;
#1299 = CARTESIAN_POINT ( 'NONE',  ( 0.4499999999999789700, -17.80000000000000400, 5.749999999999998200 ) ) ;
#1300 = CARTESIAN_POINT ( 'NONE',  ( -0.05000000000002105500, -17.80000000000000400, 6.249999999999998200 ) ) ;
#1301 = CARTESIAN_POINT ( 'NONE',  ( -0.05000000000002105500, -17.80000000000000400, 5.749999999999998200 ) ) ;
#1302 = CARTESIAN_POINT ( 'NONE',  ( 3.499999999999997800, -17.49999999999999600, 9.700000000000001100 ) ) ;
#1303 = CARTESIAN_POINT ( 'NONE',  ( 0.4499999999999859100, -17.80000000000000400, 4.249999999999998200 ) ) ;
#1304 = CARTESIAN_POINT ( 'NONE',  ( 0.4499999999999859100, -17.80000000000000400, 3.749999999999998700 ) ) ;
#1305 = CARTESIAN_POINT ( 'NONE',  ( -0.05000000000001406800, -17.80000000000000400, 4.249999999999998200 ) ) ;
#1306 = CARTESIAN_POINT ( 'NONE',  ( 3.500000000000000400, -12.19999999999999600, 11.33393944403532000 ) ) ;
#1307 = CARTESIAN_POINT ( 'NONE',  ( -0.05000000000001406800, -17.80000000000000400, 3.749999999999998200 ) ) ;
#1308 = CARTESIAN_POINT ( 'NONE',  ( 3.500000000000000400, -12.20000000000000100, 14.69999999999999400 ) ) ;
#1309 = CARTESIAN_POINT ( 'NONE',  ( -3.500000000000000000, -20.40000000000000200, 5.750000000000001800 ) ) ;
#1310 = CARTESIAN_POINT ( 'NONE',  ( 3.499999999999998700, -15.40000000000000400, 11.33393944403532000 ) ) ;
#1311 = CARTESIAN_POINT ( 'NONE',  ( -0.05000000000000708700, -17.80000000000000400, 1.749999999999998200 ) ) ;
#1312 = CARTESIAN_POINT ( 'NONE',  ( 3.499999999999998700, -15.39999999999999700, 14.69999999999999400 ) ) ;
#1313 = CARTESIAN_POINT ( 'NONE',  ( -2.949999999999999700, -18.60000000000000100, 5.450000000000000200 ) ) ;
#1314 = CARTESIAN_POINT ( 'NONE',  ( 3.500000000000001300, -10.10000000000000000, 16.00000000000000000 ) ) ;
#1315 = CARTESIAN_POINT ( 'NONE',  ( 3.499999999999997800, -17.49999999999999600, 16.00000000000000000 ) ) ;
#1316 = CARTESIAN_POINT ( 'NONE',  ( -3.500000000000002200, -17.49999999999999600, 16.00000000000000000 ) ) ;
#1317 = CARTESIAN_POINT ( 'NONE',  ( -0.05000000000000010700, -17.80000000000000400, -0.2500000000000017200 ) ) ;
#1318 = CARTESIAN_POINT ( 'NONE',  ( -3.500000000000002200, -17.49999999999999600, 9.700000000000001100 ) ) ;
#1319 = CARTESIAN_POINT ( 'NONE',  ( -2.950000000000003300, -18.60000000000000100, 7.999999999999998200 ) ) ;
#1320 = CARTESIAN_POINT ( 'NONE',  ( -3.500000000000001300, -15.40000000000000000, 11.33393944403532000 ) ) ;
#1321 = CARTESIAN_POINT ( 'NONE',  ( 0.4499999999999929100, -17.80000000000000400, 1.749999999999998200 ) ) ;
#1322 = CARTESIAN_POINT ( 'NONE',  ( -0.05000000000000708700, -17.80000000000000400, 2.249999999999998700 ) ) ;
#1323 = CARTESIAN_POINT ( 'NONE',  ( 0.4499999999999999000, -17.80000000000000400, 0.2499999999999982800 ) ) ;
#1324 = CARTESIAN_POINT ( 'NONE',  ( -2.949999999999999700, -20.40000000000000200, 5.750000000000001800 ) ) ;
#1325 = CARTESIAN_POINT ( 'NONE',  ( -3.500000000000001300, -15.39999999999999500, 14.69999999999999400 ) ) ;
#1326 = CARTESIAN_POINT ( 'NONE',  ( 0.4499999999999929100, -17.80000000000000400, 2.249999999999998700 ) ) ;
#1327 = CARTESIAN_POINT ( 'NONE',  ( -2.950000000000003300, -20.40000000000000200, 7.999999999999998200 ) ) ;
#1328 = CARTESIAN_POINT ( 'NONE',  ( -3.500000000000000400, -12.19999999999999400, 11.33393944403532000 ) ) ;
#1329 = CARTESIAN_POINT ( 'NONE',  ( -3.500000000000000400, -12.20000000000000100, 14.69999999999999400 ) ) ;
#1330 = CARTESIAN_POINT ( 'NONE',  ( 0.4999999999999970000, -20.40000000000000200, 7.999999999999996400 ) ) ;
#1331 = CARTESIAN_POINT ( 'NONE',  ( -3.500000000000000400, -20.40000000000000200, 8.399999999999998600 ) ) ;
#1332 = CARTESIAN_POINT ( 'NONE',  ( -3.499999999999999600, -10.10000000000000000, 16.00000000000000000 ) ) ;
#1333 = CARTESIAN_POINT ( 'NONE',  ( 0.4999999999999982800, -18.60000000000000100, -2.000000000000000000 ) ) ;
#1334 = CARTESIAN_POINT ( 'NONE',  ( -3.499999999999999600, -10.10000000000000000, 9.700000000000001100 ) ) ;
#1335 = CARTESIAN_POINT ( 'NONE',  ( -3.500000000000000000, -14.20000000000000100, 0.2499999999999993600 ) ) ;
#1336 = CARTESIAN_POINT ( 'NONE',  ( -0.05000000000000010700, -17.80000000000000400, 0.2499999999999982800 ) ) ;
#1337 = CARTESIAN_POINT ( 'NONE',  ( 0.4499999999999999000, -17.80000000000000400, -0.2500000000000016700 ) ) ;
#1338 = CARTESIAN_POINT ( 'NONE',  ( -2.950000000000002800, -18.60000000000000100, 5.750000000000001800 ) ) ;
#1339 = CARTESIAN_POINT ( 'NONE',  ( 0.4999999999999970600, -20.40000000000000200, 7.200000000000000200 ) ) ;
#1340 = CARTESIAN_POINT ( 'NONE',  ( 1.550000000000000000, -20.40000000000000200, 7.199999999999999300 ) ) ;
#1341 = CARTESIAN_POINT ( 'NONE',  ( 1.549999999999999400, -20.40000000000000200, 5.999999999999998200 ) ) ;
#1342 = CARTESIAN_POINT ( 'NONE',  ( -3.500000000000000000, -14.20000000000000100, 5.749999999999998200 ) ) ;
#1343 = CARTESIAN_POINT ( 'NONE',  ( 2.349999999999999200, -20.40000000000000200, 5.999999999999998200 ) ) ;
#1344 = CARTESIAN_POINT ( 'NONE',  ( 2.350000000000000100, -20.40000000000000200, -1.734723475976807100E-015 ) ) ;
#1345 = CARTESIAN_POINT ( 'NONE',  ( 1.550000000000000000, -20.40000000000000200, -1.734723475976807100E-015 ) ) ;
#1346 = CARTESIAN_POINT ( 'NONE',  ( 1.550000000000000000, -20.40000000000000200, -1.200000000000002200 ) ) ;
#1347 = CARTESIAN_POINT ( 'NONE',  ( -3.500000000000000000, -12.60000000000000500, 8.399999999999998600 ) ) ;
#1348 = CARTESIAN_POINT ( 'NONE',  ( 0.4999999999999981700, -20.40000000000000200, -1.200000000000002200 ) ) ;
#1349 = CARTESIAN_POINT ( 'NONE',  ( 0.4999999999999982800, -20.40000000000000200, -2.000000000000000000 ) ) ;
#1350 = CARTESIAN_POINT ( 'NONE',  ( -0.5999999999999997600, 2.000000000000001800, 7.399999999999999500 ) ) ;
#1351 = CARTESIAN_POINT ( 'NONE',  ( -3.500000000000000000, -12.60000000000000700, -2.399999999999997700 ) ) ;
#1352 = CARTESIAN_POINT ( 'NONE',  ( 1.084202172485504400E-015, 1.999999999999999100, 8.599999999999999600 ) ) ;
#1353 = CARTESIAN_POINT ( 'NONE',  ( -0.3999999999999998600, 2.000000000000001800, 7.399999999999999500 ) ) ;
#1354 = CARTESIAN_POINT ( 'NONE',  ( -1.150000000000000100, -18.60000000000000100, 7.199999999999999300 ) ) ;
#1355 = CARTESIAN_POINT ( 'NONE',  ( -0.3999999999999999100, 2.000000000000001800, 6.999999999999999100 ) ) ;
#1356 = CARTESIAN_POINT ( 'NONE',  ( 0.4000000000000001300, 2.000000000000001800, 6.999999999999999100 ) ) ;
#1357 = CARTESIAN_POINT ( 'NONE',  ( -1.150000000000000100, -18.60000000000000100, -1.200000000000002200 ) ) ;
#1358 = CARTESIAN_POINT ( 'NONE',  ( 0.4000000000000001900, 2.000000000000001800, 7.399999999999999500 ) ) ;
#1359 = CARTESIAN_POINT ( 'NONE',  ( 0.6000000000000002000, 2.000000000000001800, 7.399999999999999500 ) ) ;
#1360 = CARTESIAN_POINT ( 'NONE',  ( 0.4999999999999970600, -18.60000000000000100, 7.200000000000000200 ) ) ;
#1361 = CARTESIAN_POINT ( 'NONE',  ( 3.000000000000000000, 1.999999999999999100, 5.999999999999998200 ) ) ;
#1362 = CARTESIAN_POINT ( 'NONE',  ( -0.3999999999999998600, 0.6000000000000015300, 5.999999999999999100 ) ) ;
#1363 = CARTESIAN_POINT ( 'NONE',  ( 1.550000000000000000, -19.10000000000000100, 5.999999999999998200 ) ) ;
#1364 = CARTESIAN_POINT ( 'NONE',  ( -0.3999999999999998600, -0.5999999999999980900, 5.999999999999999100 ) ) ;
#1365 = CARTESIAN_POINT ( 'NONE',  ( 1.550000000000000000, -19.10000000000000100, -1.734723475976807100E-015 ) ) ;
#1366 = CARTESIAN_POINT ( 'NONE',  ( 0.4000000000000001900, -0.5999999999999985300, 5.999999999999998200 ) ) ;
#1367 = CARTESIAN_POINT ( 'NONE',  ( 0.4000000000000001900, 0.6000000000000016400, 5.999999999999999100 ) ) ;
#1368 = CARTESIAN_POINT ( 'NONE',  ( 0.4999999999999982800, -18.60000000000000100, -1.200000000000002200 ) ) ;
#1369 = CARTESIAN_POINT ( 'NONE',  ( 3.000000000000000000, -7.400000000000002100, 6.000000000000000900 ) ) ;
#1370 = CARTESIAN_POINT ( 'NONE',  ( 2.499999999999999100, -7.400000000000001200, 6.000000000000000900 ) ) ;
#1371 = CARTESIAN_POINT ( 'NONE',  ( 2.499999999999999100, -6.699999999999999300, 6.000000000000000900 ) ) ;
#1372 = CARTESIAN_POINT ( 'NONE',  ( 2.349999999999999200, -19.10000000000000100, 5.999999999999998200 ) ) ;
#1373 = CARTESIAN_POINT ( 'NONE',  ( 2.200000000000000600, -6.400000000000001200, 5.999999999999998200 ) ) ;
#1374 = CARTESIAN_POINT ( 'NONE',  ( 2.350000000000000100, -19.10000000000000100, -1.734723475976807100E-015 ) ) ;
#1375 = CARTESIAN_POINT ( 'NONE',  ( -2.200000000000001100, -6.400000000000001200, 5.999999999999998200 ) ) ;
#1376 = CARTESIAN_POINT ( 'NONE',  ( -2.499999999999999100, -6.699999999999999300, 6.000000000000000900 ) ) ;
#1377 = CARTESIAN_POINT ( 'NONE',  ( -2.499999999999999100, -7.400000000000001200, 6.000000000000000900 ) ) ;
#1378 = CARTESIAN_POINT ( 'NONE',  ( 0.4999999999999970000, -18.60000000000000100, 7.999999999999996400 ) ) ;
#1379 = CARTESIAN_POINT ( 'NONE',  ( 0.4499999999999999000, -14.60000000000000100, 0.2499999999999985000 ) ) ;
#1380 = CARTESIAN_POINT ( 'NONE',  ( -1.150000000000000100, -14.60000000000000100, 7.199999999999999300 ) ) ;
#1381 = CARTESIAN_POINT ( 'NONE',  ( 4.336808689942017700E-016, 2.000000000000001800, 8.599999999999999600 ) ) ;
#1382 = DIRECTION ( 'NONE',  ( 0.4472135954999578200, 0.0000000000000000000, -0.8944271909999158600 ) ) ;
#1383 = CARTESIAN_POINT ( 'NONE',  ( -0.05000000000000708700, -14.60000000000000100, 2.249999999999998700 ) ) ;
#1384 = CARTESIAN_POINT ( 'NONE',  ( -3.000000000000000000, -12.10000000000000100, 8.900000000000002100 ) ) ;
#1385 = CARTESIAN_POINT ( 'NONE',  ( -1.150000000000000100, -14.60000000000000100, -1.200000000000002200 ) ) ;
#1386 = CARTESIAN_POINT ( 'NONE',  ( 1.550000000000000000, -14.60000000000000100, -1.200000000000002200 ) ) ;
#1387 = CARTESIAN_POINT ( 'NONE',  ( 1.550000000000000000, -14.60000000000000100, 7.199999999999999300 ) ) ;
#1388 = CARTESIAN_POINT ( 'NONE',  ( -0.05000000000000706700, -14.60000000000000100, 1.749999999999998000 ) ) ;
#1389 = CARTESIAN_POINT ( 'NONE',  ( 0.4499999999999929600, -14.60000000000000100, 2.249999999999998700 ) ) ;
#1390 = CARTESIAN_POINT ( 'NONE',  ( 0.4499999999999929600, -14.60000000000000100, 1.749999999999998000 ) ) ;
#1391 = CARTESIAN_POINT ( 'NONE',  ( -0.05000000000002105500, -14.60000000000000100, 6.249999999999998200 ) ) ;
#1392 = CARTESIAN_POINT ( 'NONE',  ( -1.849999999999999900, -14.20000000000000100, 0.5499999999999983800 ) ) ;
#1393 = CARTESIAN_POINT ( 'NONE',  ( 0.4499999999999999000, -14.60000000000000100, -0.2500000000000019400 ) ) ;
#1394 = CARTESIAN_POINT ( 'NONE',  ( -1.849999999999999900, -18.60000000000000100, 5.450000000000000200 ) ) ;
#1395 = CARTESIAN_POINT ( 'NONE',  ( -1.849999999999999900, -14.20000000000000100, 5.449999999999999300 ) ) ;
#1396 = CARTESIAN_POINT ( 'NONE',  ( -0.05000000000000012800, -14.60000000000000100, -0.2500000000000018300 ) ) ;
#1397 = CARTESIAN_POINT ( 'NONE',  ( -1.849999999999999900, -17.64000000000000400, 3.799999999999999400 ) ) ;
#1398 = CARTESIAN_POINT ( 'NONE',  ( -1.849999999999999900, -15.80000000000000100, 2.199999999999999300 ) ) ;
#1399 = CARTESIAN_POINT ( 'NONE',  ( -1.849999999999999900, -15.80000000000000100, 3.799999999999999400 ) ) ;
#1400 = CARTESIAN_POINT ( 'NONE',  ( -2.949999999999999700, -18.60000000000000100, 0.5499999999999989300 ) ) ;
#1401 = CARTESIAN_POINT ( 'NONE',  ( -2.949999999999999700, -18.60000000000000100, 0.2499999999999999400 ) ) ;
#1402 = CARTESIAN_POINT ( 'NONE',  ( -2.949999999999999700, -14.20000000000000100, 0.5499999999999983800 ) ) ;
#1403 = CARTESIAN_POINT ( 'NONE',  ( -1.849999999999999900, -18.60000000000000100, 0.5499999999999989300 ) ) ;
#1404 = CARTESIAN_POINT ( 'NONE',  ( -1.849999999999999900, -17.64000000000000400, 2.199999999999998800 ) ) ;
#1405 = CARTESIAN_POINT ( 'NONE',  ( -2.949999999999999700, -20.40000000000000200, 0.2500000000000002200 ) ) ;
#1406 = CARTESIAN_POINT ( 'NONE',  ( -2.950000000000002000, -20.40000000000000200, -2.000000000000000000 ) ) ;
#1407 = CARTESIAN_POINT ( 'NONE',  ( -0.05000000000001406800, -14.60000000000000100, 4.249999999999998200 ) ) ;
#1408 = CARTESIAN_POINT ( 'NONE',  ( 1.959434878635765200E-016, -10.10000000000000000, -5.400000000000000400 ) ) ;
#1409 = CARTESIAN_POINT ( 'NONE',  ( -2.950000000000002000, -18.60000000000000100, -2.000000000000000000 ) ) ;
#1410 = CARTESIAN_POINT ( 'NONE',  ( 0.4000000000000001900, 1.949999999999999300, -2.199999999999999700 ) ) ;
#1411 = CARTESIAN_POINT ( 'NONE',  ( -2.949999999999999700, -14.20000000000000100, 0.2499999999999993600 ) ) ;
#1412 = CARTESIAN_POINT ( 'NONE',  ( -0.5999999999999997600, 1.950000000000002000, 7.399999999999999500 ) ) ;
#1413 = CARTESIAN_POINT ( 'NONE',  ( -0.3999999999999998600, 1.950000000000002000, 7.399999999999999500 ) ) ;
#1414 = CARTESIAN_POINT ( 'NONE',  ( 4.336808689942017700E-016, 1.950000000000002000, 8.599999999999999600 ) ) ;
#1415 = CARTESIAN_POINT ( 'NONE',  ( 0.0000000000000000000, -10.10000000000000000, -8.599999999999999600 ) ) ;
#1416 = CARTESIAN_POINT ( 'NONE',  ( 0.4000000000000001300, 1.949999999999999300, -2.600000000000000100 ) ) ;
#1417 = CARTESIAN_POINT ( 'NONE',  ( -8.999329167729449100E-031, -12.19999999999999800, -8.599999999999999600 ) ) ;
#1418 = CARTESIAN_POINT ( 'NONE',  ( 0.0000000000000000000, -10.10000000000000000, 11.40000000000000400 ) ) ;
#1419 = CARTESIAN_POINT ( 'NONE',  ( 1.959434878635765200E-016, -10.10000000000000000, 14.60000000000000500 ) ) ;
#1420 = CARTESIAN_POINT ( 'NONE',  ( 1.959434878635766000E-016, -12.20000000000000300, 14.60000000000000500 ) ) ;
#1421 = CARTESIAN_POINT ( 'NONE',  ( 1.959434878635762000E-016, -12.19999999999999800, -5.400000000000000400 ) ) ;
#1422 = CARTESIAN_POINT ( 'NONE',  ( 0.6000000000000002000, 1.949999999999999300, -2.199999999999999700 ) ) ;
#1423 = CARTESIAN_POINT ( 'NONE',  ( 2.379759151643782100E-030, -12.19999999999999600, 11.40000000000000400 ) ) ;
#1424 = CARTESIAN_POINT ( 'NONE',  ( 3.000000000000000000, 2.000000000000001800, 0.0000000000000000000 ) ) ;
#1425 = CARTESIAN_POINT ( 'NONE',  ( -3.500000000000000000, -20.40000000000000200, 0.2500000000000002200 ) ) ;
#1426 = CARTESIAN_POINT ( 'NONE',  ( 0.6000000000000002000, 1.999999999999999100, -2.199999999999999700 ) ) ;
#1427 = CARTESIAN_POINT ( 'NONE',  ( -3.499999999999998700, -20.40000000000000200, -2.399999999999998100 ) ) ;
#1428 = CARTESIAN_POINT ( 'NONE',  ( 3.000000000000000000, -17.49999999999999600, -3.700000000000000200 ) ) ;
#1429 = CARTESIAN_POINT ( 'NONE',  ( -3.000000000000000000, -20.40000000000000200, 8.900000000000002100 ) ) ;
#1430 = CARTESIAN_POINT ( 'NONE',  ( -3.000000000000000000, -20.40000000000000200, 9.699999999999997500 ) ) ;
#1431 = CARTESIAN_POINT ( 'NONE',  ( 3.000000000000000000, -20.40000000000000200, -3.700000000000000200 ) ) ;
#1432 = CARTESIAN_POINT ( 'NONE',  ( 3.000000000000000000, -20.40000000000000200, 9.699999999999997500 ) ) ;
#1433 = CARTESIAN_POINT ( 'NONE',  ( -3.000000000000000000, -10.10000000000000000, 9.700000000000001100 ) ) ;
#1434 = CARTESIAN_POINT ( 'NONE',  ( 3.000000000000000000, -17.49999999999999600, 9.700000000000001100 ) ) ;
#1435 = CARTESIAN_POINT ( 'NONE',  ( -3.000000000000000000, 1.999999999999999100, 5.999999999999998200 ) ) ;
#1436 = CARTESIAN_POINT ( 'NONE',  ( -3.000000000000000000, 1.999999999999999100, 9.700000000000001100 ) ) ;
#1437 = CARTESIAN_POINT ( 'NONE',  ( 3.000000000000000000, -10.10000000000000100, 9.699999999999999300 ) ) ;
#1438 = CARTESIAN_POINT ( 'NONE',  ( 3.000000000000000000, 1.999999999999999100, 9.700000000000001100 ) ) ;
#1439 = CARTESIAN_POINT ( 'NONE',  ( 3.000000000000000000, 2.000000000000000000, -3.700000000000000200 ) ) ;
#1440 = CARTESIAN_POINT ( 'NONE',  ( -0.5999999999999997600, 1.999999999999999100, -2.199999999999999700 ) ) ;
#1441 = CARTESIAN_POINT ( 'NONE',  ( 1.517883041479706200E-015, 2.000000000000001300, -1.000000000000000000 ) ) ;
#1442 = CARTESIAN_POINT ( 'NONE',  ( -0.3999999999999998600, 1.999999999999999100, -2.199999999999999700 ) ) ;
#1443 = CARTESIAN_POINT ( 'NONE',  ( -0.3999999999999999100, 1.999999999999999100, -2.600000000000000100 ) ) ;
#1444 = CARTESIAN_POINT ( 'NONE',  ( 0.4000000000000001300, 1.999999999999999100, -2.600000000000000100 ) ) ;
#1445 = CARTESIAN_POINT ( 'NONE',  ( 0.4000000000000001900, 1.999999999999999100, -2.199999999999999700 ) ) ;
#1446 = CARTESIAN_POINT ( 'NONE',  ( -0.05000000000002116600, -14.60000000000000100, 5.749999999999998200 ) ) ;
#1447 = CARTESIAN_POINT ( 'NONE',  ( 0.4499999999999790800, -14.60000000000000100, 6.249999999999998200 ) ) ;
#1448 = CARTESIAN_POINT ( 'NONE',  ( 3.000000000000000000, -10.10000000000000000, -3.700000000000000200 ) ) ;
#1449 = CARTESIAN_POINT ( 'NONE',  ( -3.000000000000000000, -7.400000000000003000, 2.717733445696999500E-015 ) ) ;
#1450 = CARTESIAN_POINT ( 'NONE',  ( -3.000000000000000000, -7.400000000000001200, 6.000000000000000900 ) ) ;
#1451 = CARTESIAN_POINT ( 'NONE',  ( -3.000000000000000000, 2.000000000000001800, 0.0000000000000000000 ) ) ;
#1452 = CARTESIAN_POINT ( 'NONE',  ( -3.000000000000000000, 2.000000000000000000, -3.700000000000000200 ) ) ;
#1453 = CARTESIAN_POINT ( 'NONE',  ( -3.000000000000000000, -10.10000000000000000, -3.700000000000000200 ) ) ;
#1454 = CARTESIAN_POINT ( 'NONE',  ( -3.000000000000000000, -17.49999999999999600, -3.700000000000000200 ) ) ;
#1455 = CARTESIAN_POINT ( 'NONE',  ( -3.000000000000000000, -20.40000000000000200, -3.700000000000000200 ) ) ;
#1456 = CARTESIAN_POINT ( 'NONE',  ( -3.000000000000000000, -20.40000000000000200, -2.899999999999999900 ) ) ;
#1457 = CARTESIAN_POINT ( 'NONE',  ( -3.000000000000000000, -12.10000000000000300, -2.900000000000001700 ) ) ;
#1458 = CARTESIAN_POINT ( 'NONE',  ( 0.4499999999999788600, -14.60000000000000100, 5.749999999999998200 ) ) ;
#1459 = CARTESIAN_POINT ( 'NONE',  ( -3.000000000000000000, -17.49999999999999600, 9.700000000000001100 ) ) ;
#1460 = CARTESIAN_POINT ( 'NONE',  ( -0.05000000000001422800, -14.60000000000000100, 3.749999999999998200 ) ) ;
#1461 = CARTESIAN_POINT ( 'NONE',  ( 0.4499999999999860200, -14.60000000000000100, 4.249999999999998200 ) ) ;
#1462 = CARTESIAN_POINT ( 'NONE',  ( 0.4499999999999858000, -14.60000000000000100, 3.749999999999998700 ) ) ;
#1463 = CARTESIAN_POINT ( 'NONE',  ( -0.05000000000000010700, -14.60000000000000100, 0.2499999999999982800 ) ) ;
#1464 = DIRECTION ( 'NONE',  ( -0.0000000000000000000, -1.000000000000000000, -0.0000000000000000000 ) ) ;
#1465 = CARTESIAN_POINT ( 'NONE',  ( 0.0000000000000000000, -5.574516600406092900, 13.00000000000000500 ) ) ;
#1466 = CARTESIAN_POINT ( 'NONE',  ( 8.391829923454011500, -12.20000000000000500, 14.69999999999999400 ) ) ;
#1467 = DIRECTION ( 'NONE',  ( 0.0000000000000000000, 0.0000000000000000000, -1.000000000000000000 ) ) ;
#1468 = DIRECTION ( 'NONE',  ( 0.0000000000000000000, 0.0000000000000000000, -1.000000000000000000 ) ) ;
#1469 = DIRECTION ( 'NONE',  ( -0.0000000000000000000, -1.000000000000000000, -0.0000000000000000000 ) ) ;
#1470 = CARTESIAN_POINT ( 'NONE',  ( 0.0000000000000000000, -5.574516600406092900, -7.000000000000000000 ) ) ;
#1471 = CARTESIAN_POINT ( 'NONE',  ( -3.500000000000000000, -20.40000000000000200, -2.399999999999995900 ) ) ;
#1472 = PLANE ( 'NONE',  #434 ) ;
#1473 = CARTESIAN_POINT ( 'NONE',  ( -3.500000000000000000, -20.40000000000000200, -2.899999999999999900 ) ) ;
#1474 = PLANE ( 'NONE',  #436 ) ;
#1475 = DIRECTION ( 'NONE',  ( 0.0000000000000000000, 0.0000000000000000000, 1.000000000000000000 ) ) ;
#1476 = DIRECTION ( 'NONE',  ( 1.000000000000000000, 0.0000000000000000000, -0.0000000000000000000 ) ) ;
#1477 = CARTESIAN_POINT ( 'NONE',  ( -3.500000000000000000, -12.60000000000000700, -2.900000000000001200 ) ) ;
#1478 = PLANE ( 'NONE',  #435 ) ;
#1479 = DIRECTION ( 'NONE',  ( -1.000000000000000000, 0.0000000000000000000, 0.0000000000000000000 ) ) ;
#1480 = DIRECTION ( 'NONE',  ( 0.0000000000000000000, 0.0000000000000000000, 1.000000000000000000 ) ) ;
#1481 = CARTESIAN_POINT ( 'NONE',  ( -3.500000000000000000, -20.40000000000000200, 8.399999999999998600 ) ) ;
#1482 = PLANE ( 'NONE',  #437 ) ;
#1483 = DIRECTION ( 'NONE',  ( -0.7071067811865475700, -1.477873172706867100E-016, -0.7071067811865475700 ) ) ;
#1484 = DIRECTION ( 'NONE',  ( -0.7071067811865474600, 0.0000000000000000000, 0.7071067811865474600 ) ) ;
#1485 = CARTESIAN_POINT ( 'NONE',  ( -1.150000000000000100, -14.60000000000000100, -1.200000000000002200 ) ) ;
#1486 = PLANE ( 'NONE',  #438 ) ;
#1487 = DIRECTION ( 'NONE',  ( -0.7071067811865475700, 0.7071067811865475700, -1.039520960463304200E-016 ) ) ;
#1488 = DIRECTION ( 'NONE',  ( -0.7071067811865474600, -0.7071067811865474600, 0.0000000000000000000 ) ) ;
#1489 = CARTESIAN_POINT ( 'NONE',  ( -1.150000000000000100, -14.60000000000000100, 7.199999999999999300 ) ) ;
#1490 = PLANE ( 'NONE',  #439 ) ;
#1491 = DIRECTION ( 'NONE',  ( -0.7071067811865475700, 0.0000000000000000000, 0.7071067811865475700 ) ) ;
#1492 = DIRECTION ( 'NONE',  ( 0.7071067811865474600, 0.0000000000000000000, 0.7071067811865474600 ) ) ;
#1493 = CARTESIAN_POINT ( 'NONE',  ( 1.550000000000000000, -14.60000000000000100, -1.200000000000002200 ) ) ;
#1494 = PLANE ( 'NONE',  #440 ) ;
#1495 = DIRECTION ( 'NONE',  ( -1.000000000000000000, 0.0000000000000000000, 0.0000000000000000000 ) ) ;
#1496 = DIRECTION ( 'NONE',  ( 0.0000000000000000000, 0.0000000000000000000, 1.000000000000000000 ) ) ;
#1497 = CARTESIAN_POINT ( 'NONE',  ( -1.150000000000000100, -14.60000000000000100, -1.200000000000002200 ) ) ;
#1498 = PLANE ( 'NONE',  #441 ) ;
#1499 = DIRECTION ( 'NONE',  ( 0.0000000000000000000, 0.0000000000000000000, 1.000000000000000000 ) ) ;
#1500 = DIRECTION ( 'NONE',  ( 1.000000000000000000, 0.0000000000000000000, -0.0000000000000000000 ) ) ;
#1501 = CARTESIAN_POINT ( 'NONE',  ( 1.549999999999999400, -19.10000000000000100, 5.999999999999998200 ) ) ;
#1502 = PLANE ( 'NONE',  #442 ) ;
#1503 = DIRECTION ( 'NONE',  ( 1.000000000000000000, 0.0000000000000000000, 0.0000000000000000000 ) ) ;
#1504 = DIRECTION ( 'NONE',  ( 0.0000000000000000000, 0.0000000000000000000, -1.000000000000000000 ) ) ;
#1505 = CARTESIAN_POINT ( 'NONE',  ( 2.350000000000000100, -19.10000000000000100, -1.734723475976807100E-015 ) ) ;
#1506 = PLANE ( 'NONE',  #443 ) ;
#1507 = DIRECTION ( 'NONE',  ( 0.0000000000000000000, 0.0000000000000000000, -1.000000000000000000 ) ) ;
#1508 = DIRECTION ( 'NONE',  ( -1.000000000000000000, 0.0000000000000000000, -0.0000000000000000000 ) ) ;
#1509 = CARTESIAN_POINT ( 'NONE',  ( 1.550000000000000000, -19.10000000000000100, -1.734723475976807100E-015 ) ) ;
#1510 = PLANE ( 'NONE',  #444 ) ;
#1511 = DIRECTION ( 'NONE',  ( 0.0000000000000000000, 0.0000000000000000000, 1.000000000000000000 ) ) ;
#1512 = DIRECTION ( 'NONE',  ( 1.000000000000000000, 0.0000000000000000000, -0.0000000000000000000 ) ) ;
#1513 = CARTESIAN_POINT ( 'NONE',  ( 1.549999999999999400, -19.10000000000000100, 5.999999999999998200 ) ) ;
#1514 = PLANE ( 'NONE',  #445 ) ;
#1515 = DIRECTION ( 'NONE',  ( 1.000000000000000000, -0.0000000000000000000, 1.445602896647339200E-016 ) ) ;
#1516 = DIRECTION ( 'NONE',  ( 1.445602896647339200E-016, 0.0000000000000000000, -1.000000000000000000 ) ) ;
#1517 = CARTESIAN_POINT ( 'NONE',  ( 0.4999999999999982800, -18.60000000000000100, -2.000000000000000000 ) ) ;
#1518 = PLANE ( 'NONE',  #446 ) ;
#1519 = DIRECTION ( 'NONE',  ( 0.0000000000000000000, 0.0000000000000000000, -1.000000000000000000 ) ) ;
#1520 = DIRECTION ( 'NONE',  ( -1.000000000000000000, 0.0000000000000000000, -0.0000000000000000000 ) ) ;
#1521 = CARTESIAN_POINT ( 'NONE',  ( 0.4999999999999982800, -18.60000000000000100, -2.000000000000000000 ) ) ;
#1522 = PLANE ( 'NONE',  #447 ) ;
#1523 = DIRECTION ( 'NONE',  ( 0.0000000000000000000, 1.000000000000000000, -0.0000000000000000000 ) ) ;
#1524 = DIRECTION ( 'NONE',  ( 0.0000000000000000000, 0.0000000000000000000, 1.000000000000000000 ) ) ;
#1525 = CARTESIAN_POINT ( 'NONE',  ( -2.950000000000003300, -18.60000000000000100, 7.999999999999998200 ) ) ;
#1526 = PLANE ( 'NONE',  #448 ) ;
#1527 = DIRECTION ( 'NONE',  ( 1.000000000000000000, -0.0000000000000000000, 1.301042606982605600E-016 ) ) ;
#1528 = DIRECTION ( 'NONE',  ( 1.301042606982605600E-016, 0.0000000000000000000, -1.000000000000000000 ) ) ;
#1529 = CARTESIAN_POINT ( 'NONE',  ( -2.950000000000002000, -18.60000000000000100, -2.000000000000000000 ) ) ;
#1530 = PLANE ( 'NONE',  #449 ) ;
#1531 = DIRECTION ( 'NONE',  ( 1.000000000000000000, -0.0000000000000000000, 1.301042606982605600E-016 ) ) ;
#1532 = DIRECTION ( 'NONE',  ( 1.301042606982605600E-016, 0.0000000000000000000, -1.000000000000000000 ) ) ;
#1533 = CARTESIAN_POINT ( 'NONE',  ( -2.950000000000003300, -18.60000000000000100, 7.999999999999998200 ) ) ;
#1534 = PLANE ( 'NONE',  #450 ) ;
#1535 = DIRECTION ( 'NONE',  ( -0.0000000000000000000, 1.000000000000000000, 0.0000000000000000000 ) ) ;
#1536 = DIRECTION ( 'NONE',  ( 0.0000000000000000000, 0.0000000000000000000, 1.000000000000000000 ) ) ;
#1537 = CARTESIAN_POINT ( 'NONE',  ( -2.950000000000002000, -18.60000000000000100, -2.000000000000000000 ) ) ;
#1538 = PLANE ( 'NONE',  #451 ) ;
#1539 = DIRECTION ( 'NONE',  ( -1.000000000000000000, 0.0000000000000000000, -1.301042606982605300E-016 ) ) ;
#1540 = DIRECTION ( 'NONE',  ( -1.301042606982605300E-016, 0.0000000000000000000, 1.000000000000000000 ) ) ;
#1541 = CARTESIAN_POINT ( 'NONE',  ( -0.05000000000000010700, -17.80000000000000400, -0.2500000000000017200 ) ) ;
#1542 = PLANE ( 'NONE',  #452 ) ;
#1543 = DIRECTION ( 'NONE',  ( 5.028183988338571400E-016, -0.0000000000000000000, 1.000000000000000000 ) ) ;
#1544 = DIRECTION ( 'NONE',  ( 1.000000000000000000, 0.0000000000000000000, -5.028183988338571400E-016 ) ) ;
#1545 = CARTESIAN_POINT ( 'NONE',  ( -0.05000000000000010700, -17.80000000000000400, -0.2500000000000017200 ) ) ;
#1546 = PLANE ( 'NONE',  #453 ) ;
#1547 = DIRECTION ( 'NONE',  ( 0.0000000000000000000, 0.0000000000000000000, -1.000000000000000000 ) ) ;
#1548 = DIRECTION ( 'NONE',  ( -1.000000000000000000, 0.0000000000000000000, -0.0000000000000000000 ) ) ;
#1549 = CARTESIAN_POINT ( 'NONE',  ( 0.4499999999999999000, -17.80000000000000400, -0.2500000000000016700 ) ) ;
#1550 = PLANE ( 'NONE',  #454 ) ;
#1551 = DIRECTION ( 'NONE',  ( 1.000000000000000000, 0.0000000000000000000, -0.0000000000000000000 ) ) ;
#1552 = DIRECTION ( 'NONE',  ( -0.0000000000000000000, 0.0000000000000000000, -1.000000000000000000 ) ) ;
#1553 = CARTESIAN_POINT ( 'NONE',  ( -0.5999999999999997600, 1.949999999999999300, -2.199999999999999700 ) ) ;
#1554 = PLANE ( 'NONE',  #455 ) ;
#1555 = DIRECTION ( 'NONE',  ( -1.084202172485504400E-016, 0.0000000000000000000, 1.000000000000000000 ) ) ;
#1556 = DIRECTION ( 'NONE',  ( 1.000000000000000000, 0.0000000000000000000, 1.084202172485504400E-016 ) ) ;
#1557 = CARTESIAN_POINT ( 'NONE',  ( -0.3999999999999998600, 1.949999999999999300, -2.199999999999999700 ) ) ;
#1558 = PLANE ( 'NONE',  #456 ) ;
#1559 = DIRECTION ( 'NONE',  ( -1.000000000000000000, 0.0000000000000000000, 0.0000000000000000000 ) ) ;
#1560 = DIRECTION ( 'NONE',  ( 0.0000000000000000000, 0.0000000000000000000, 1.000000000000000000 ) ) ;
#1561 = CARTESIAN_POINT ( 'NONE',  ( -0.3999999999999999100, 1.949999999999999300, -2.600000000000000100 ) ) ;
#1562 = PLANE ( 'NONE',  #457 ) ;
#1563 = DIRECTION ( 'NONE',  ( -0.8944271909999158600, 0.0000000000000000000, 0.4472135954999581500 ) ) ;
#1564 = DIRECTION ( 'NONE',  ( 0.4472135954999580900, 0.0000000000000000000, 0.8944271909999157400 ) ) ;
#1565 = CARTESIAN_POINT ( 'NONE',  ( 0.4000000000000001300, 1.949999999999999300, -2.600000000000000100 ) ) ;
#1566 = PLANE ( 'NONE',  #458 ) ;
#1567 = DIRECTION ( 'NONE',  ( -0.0000000000000000000, 0.0000000000000000000, -1.000000000000000000 ) ) ;
#1568 = DIRECTION ( 'NONE',  ( -1.000000000000000000, 0.0000000000000000000, 0.0000000000000000000 ) ) ;
#1569 = CARTESIAN_POINT ( 'NONE',  ( 0.4000000000000001900, 1.949999999999999300, -2.199999999999999700 ) ) ;
#1570 = PLANE ( 'NONE',  #459 ) ;
#1571 = DIRECTION ( 'NONE',  ( -1.000000000000000000, 0.0000000000000000000, 1.355252715606880000E-016 ) ) ;
#1572 = DIRECTION ( 'NONE',  ( 1.355252715606880000E-016, 0.0000000000000000000, 1.000000000000000000 ) ) ;
#1573 = CARTESIAN_POINT ( 'NONE',  ( 0.6000000000000002000, 1.949999999999999300, -2.199999999999999700 ) ) ;
#1574 = PLANE ( 'NONE',  #460 ) ;
#1575 = DIRECTION ( 'NONE',  ( -0.0000000000000000000, 0.0000000000000000000, -1.000000000000000000 ) ) ;
#1576 = DIRECTION ( 'NONE',  ( -1.000000000000000000, 0.0000000000000000000, 0.0000000000000000000 ) ) ;
#1577 = CARTESIAN_POINT ( 'NONE',  ( 4.336808689942017700E-016, 1.949999999999999300, -1.000000000000000000 ) ) ;
#1578 = PLANE ( 'NONE',  #461 ) ;
#1579 = DIRECTION ( 'NONE',  ( 1.000000000000000000, 0.0000000000000000000, -1.355252715606880000E-016 ) ) ;
#1580 = DIRECTION ( 'NONE',  ( -1.355252715606880000E-016, 0.0000000000000000000, -1.000000000000000000 ) ) ;
#1581 = CARTESIAN_POINT ( 'NONE',  ( -0.5999999999999990900, 1.949999999999999300, -2.199999999999999700 ) ) ;
#1582 = PLANE ( 'NONE',  #462 ) ;
#1583 = DIRECTION ( 'NONE',  ( -0.0000000000000000000, 0.0000000000000000000, -1.000000000000000000 ) ) ;
#1584 = DIRECTION ( 'NONE',  ( -1.000000000000000000, 0.0000000000000000000, 0.0000000000000000000 ) ) ;
#1585 = CARTESIAN_POINT ( 'NONE',  ( -0.5999999999999997600, 1.950000000000002000, 7.399999999999999500 ) ) ;
#1586 = PLANE ( 'NONE',  #463 ) ;
#1587 = DIRECTION ( 'NONE',  ( 0.8944271909999159700, 0.0000000000000000000, 0.4472135954999578200 ) ) ;
#1588 = DIRECTION ( 'NONE',  ( 0.4472135954999578200, 0.0000000000000000000, -0.8944271909999159700 ) ) ;
#1589 = CARTESIAN_POINT ( 'NONE',  ( -0.3999999999999998600, 1.950000000000002000, 7.399999999999999500 ) ) ;
#1590 = PLANE ( 'NONE',  #464 ) ;
#1591 = DIRECTION ( 'NONE',  ( 0.0000000000000000000, -1.000000000000000000, 0.0000000000000000000 ) ) ;
#1592 = DIRECTION ( 'NONE',  ( 0.0000000000000000000, -0.0000000000000000000, -1.000000000000000000 ) ) ;
#1593 = CARTESIAN_POINT ( 'NONE',  ( -0.3999999999999999100, 1.950000000000002000, 6.999999999999999100 ) ) ;
#1594 = PLANE ( 'NONE',  #465 ) ;
#1595 = DIRECTION ( 'NONE',  ( -0.8944271909999158600, 0.0000000000000000000, 0.4472135954999581500 ) ) ;
#1596 = DIRECTION ( 'NONE',  ( 0.4472135954999580900, 0.0000000000000000000, 0.8944271909999157400 ) ) ;
#1597 = CARTESIAN_POINT ( 'NONE',  ( 0.4000000000000001300, 1.950000000000002000, 6.999999999999999100 ) ) ;
#1598 = PLANE ( 'NONE',  #466 ) ;
#1599 = DIRECTION ( 'NONE',  ( -0.0000000000000000000, 0.0000000000000000000, -1.000000000000000000 ) ) ;
#1600 = DIRECTION ( 'NONE',  ( -1.000000000000000000, 0.0000000000000000000, 0.0000000000000000000 ) ) ;
#1601 = CARTESIAN_POINT ( 'NONE',  ( 0.4000000000000001900, 1.950000000000002000, 7.399999999999999500 ) ) ;
#1602 = PLANE ( 'NONE',  #467 ) ;
#1603 = DIRECTION ( 'NONE',  ( -1.000000000000000000, 0.0000000000000000000, 1.355252715606880000E-016 ) ) ;
#1604 = DIRECTION ( 'NONE',  ( 1.355252715606880000E-016, 0.0000000000000000000, 1.000000000000000000 ) ) ;
#1605 = CARTESIAN_POINT ( 'NONE',  ( 0.6000000000000002000, 1.950000000000002000, 7.399999999999999500 ) ) ;
#1606 = PLANE ( 'NONE',  #468 ) ;
#1607 = DIRECTION ( 'NONE',  ( -0.0000000000000000000, 0.0000000000000000000, -1.000000000000000000 ) ) ;
#1608 = DIRECTION ( 'NONE',  ( -1.000000000000000000, 0.0000000000000000000, 0.0000000000000000000 ) ) ;
#1609 = CARTESIAN_POINT ( 'NONE',  ( 4.336808689942017700E-016, 1.950000000000002000, 8.599999999999999600 ) ) ;
#1610 = PLANE ( 'NONE',  #469 ) ;
#1611 = DIRECTION ( 'NONE',  ( 1.000000000000000000, 0.0000000000000000000, -1.355252715606880000E-016 ) ) ;
#1612 = DIRECTION ( 'NONE',  ( -1.355252715606880000E-016, 0.0000000000000000000, -1.000000000000000000 ) ) ;
#1613 = CARTESIAN_POINT ( 'NONE',  ( -0.5999999999999990900, 1.950000000000002000, 7.399999999999999500 ) ) ;
#1614 = PLANE ( 'NONE',  #470 ) ;
#1615 = DIRECTION ( 'NONE',  ( -0.0000000000000000000, 0.0000000000000000000, -1.000000000000000000 ) ) ;
#1616 = DIRECTION ( 'NONE',  ( -1.000000000000000000, 0.0000000000000000000, 0.0000000000000000000 ) ) ;
#1617 = CARTESIAN_POINT ( 'NONE',  ( 3.499999999999997800, -17.49999999999999600, -3.700000000000000200 ) ) ;
#1618 = PLANE ( 'NONE',  #471 ) ;
#1619 = DIRECTION ( 'NONE',  ( 0.8944271909999159700, 0.0000000000000000000, 0.4472135954999578200 ) ) ;
#1620 = DIRECTION ( 'NONE',  ( 0.4472135954999578200, 0.0000000000000000000, -0.8944271909999159700 ) ) ;
#1621 = PLANE ( 'NONE',  #474 ) ;
#1622 = PLANE ( 'NONE',  #472 ) ;
#1623 = DIRECTION ( 'NONE',  ( 0.0000000000000000000, -1.000000000000000000, 0.0000000000000000000 ) ) ;
#1624 = DIRECTION ( 'NONE',  ( 0.0000000000000000000, -0.0000000000000000000, -1.000000000000000000 ) ) ;
#1625 = PLANE ( 'NONE',  #473 ) ;
#1626 = CARTESIAN_POINT ( 'NONE',  ( 3.500000000000001300, -10.10000000000000000, -10.00000000000000000 ) ) ;
#1627 = DIRECTION ( 'NONE',  ( 0.0000000000000000000, 0.0000000000000000000, -1.000000000000000000 ) ) ;
#1628 = DIRECTION ( 'NONE',  ( -1.000000000000000000, 0.0000000000000000000, 0.0000000000000000000 ) ) ;
#1629 = CARTESIAN_POINT ( 'NONE',  ( 3.499999999999997800, -17.49999999999999600, -10.00000000000000000 ) ) ;
#1630 = PLANE ( 'NONE',  #475 ) ;
#1631 = DIRECTION ( 'NONE',  ( -1.000000000000000000, 4.688441826964344300E-016, 0.0000000000000000000 ) ) ;
#1632 = DIRECTION ( 'NONE',  ( -4.688441826964344300E-016, -1.000000000000000000, 0.0000000000000000000 ) ) ;
#1633 = CARTESIAN_POINT ( 'NONE',  ( -3.499999999999999600, -10.10000000000000000, -10.00000000000000000 ) ) ;
#1634 = PLANE ( 'NONE',  #476 ) ;
#1635 = DIRECTION ( 'NONE',  ( 0.0000000000000000000, 1.000000000000000000, 0.0000000000000000000 ) ) ;
#1636 = DIRECTION ( 'NONE',  ( 0.0000000000000000000, -0.0000000000000000000, 1.000000000000000000 ) ) ;
#1637 = CARTESIAN_POINT ( 'NONE',  ( 3.500000000000001300, -10.10000000000000000, -10.00000000000000000 ) ) ;
#1638 = CARTESIAN_POINT ( 'NONE',  ( 3.499999999999997800, -17.49999999999999600, -3.700000000000000200 ) ) ;
#1639 = DIRECTION ( 'NONE',  ( 1.000000000000000000, -3.516331370223258200E-016, 0.0000000000000000000 ) ) ;
#1640 = DIRECTION ( 'NONE',  ( 3.516331370223258200E-016, 1.000000000000000000, 0.0000000000000000000 ) ) ;
#1641 = PLANE ( 'NONE',  #477 ) ;
#1642 = CARTESIAN_POINT ( 'NONE',  ( 3.499999999999997800, -17.49999999999999600, -10.00000000000000000 ) ) ;
#1643 = DIRECTION ( 'NONE',  ( 0.0000000000000000000, -1.000000000000000000, -0.0000000000000000000 ) ) ;
#1644 = DIRECTION ( 'NONE',  ( 0.0000000000000000000, 0.0000000000000000000, -1.000000000000000000 ) ) ;
#1645 = CARTESIAN_POINT ( 'NONE',  ( 3.499999999999997800, -17.49999999999999600, 9.700000000000001100 ) ) ;
#1646 = PLANE ( 'NONE',  #478 ) ;
#1647 = DIRECTION ( 'NONE',  ( 0.0000000000000000000, 0.0000000000000000000, -1.000000000000000000 ) ) ;
#1648 = DIRECTION ( 'NONE',  ( -1.000000000000000000, 0.0000000000000000000, 0.0000000000000000000 ) ) ;
#1649 = PLANE ( 'NONE',  #481 ) ;
#1650 = PLANE ( 'NONE',  #479 ) ;
#1651 = DIRECTION ( 'NONE',  ( 0.0000000000000000000, 0.0000000000000000000, -1.000000000000000000 ) ) ;
#1652 = DIRECTION ( 'NONE',  ( -1.000000000000000000, 0.0000000000000000000, 0.0000000000000000000 ) ) ;
#1653 = PLANE ( 'NONE',  #480 ) ;
#1654 = CARTESIAN_POINT ( 'NONE',  ( 3.500000000000001300, -10.10000000000000000, 9.700000000000001100 ) ) ;
#1655 = DIRECTION ( 'NONE',  ( 0.0000000000000000000, 0.0000000000000000000, -1.000000000000000000 ) ) ;
#1656 = DIRECTION ( 'NONE',  ( -1.000000000000000000, 0.0000000000000000000, 0.0000000000000000000 ) ) ;
#1657 = CARTESIAN_POINT ( 'NONE',  ( 3.499999999999997800, -17.49999999999999600, 9.700000000000001100 ) ) ;
#1658 = PLANE ( 'NONE',  #482 ) ;
#1659 = DIRECTION ( 'NONE',  ( -1.000000000000000000, 4.688441826964344300E-016, 0.0000000000000000000 ) ) ;
#1660 = DIRECTION ( 'NONE',  ( -4.688441826964344300E-016, -1.000000000000000000, 0.0000000000000000000 ) ) ;
#1661 = CARTESIAN_POINT ( 'NONE',  ( -3.499999999999999600, -10.10000000000000000, 9.700000000000001100 ) ) ;
#1662 = PLANE ( 'NONE',  #483 ) ;
#1663 = DIRECTION ( 'NONE',  ( 0.0000000000000000000, 1.000000000000000000, 0.0000000000000000000 ) ) ;
#1664 = DIRECTION ( 'NONE',  ( 0.0000000000000000000, -0.0000000000000000000, 1.000000000000000000 ) ) ;
#1665 = CARTESIAN_POINT ( 'NONE',  ( 3.500000000000001300, -10.10000000000000000, 9.700000000000001100 ) ) ;
#1666 = CARTESIAN_POINT ( 'NONE',  ( 3.499999999999997800, -17.49999999999999600, 16.00000000000000000 ) ) ;
#1667 = DIRECTION ( 'NONE',  ( 1.000000000000000000, -3.516331370223258200E-016, 0.0000000000000000000 ) ) ;
#1668 = DIRECTION ( 'NONE',  ( 3.516331370223258200E-016, 1.000000000000000000, 0.0000000000000000000 ) ) ;
#1669 = PLANE ( 'NONE',  #484 ) ;
#1670 = CARTESIAN_POINT ( 'NONE',  ( 3.499999999999997800, -17.49999999999999600, 9.700000000000001100 ) ) ;
#1671 = DIRECTION ( 'NONE',  ( 0.0000000000000000000, -1.000000000000000000, -0.0000000000000000000 ) ) ;
#1672 = DIRECTION ( 'NONE',  ( 0.0000000000000000000, 0.0000000000000000000, -1.000000000000000000 ) ) ;
#1673 = DIRECTION ( 'NONE',  ( 0.0000000000000000000, 0.0000000000000000000, -1.000000000000000000 ) ) ;
#1674 = PLANE ( 'NONE',  #485 ) ;
#1675 = DIRECTION ( 'NONE',  ( 0.0000000000000000000, 0.0000000000000000000, -1.000000000000000000 ) ) ;
#1676 = DIRECTION ( 'NONE',  ( -1.000000000000000000, 0.0000000000000000000, 0.0000000000000000000 ) ) ;
#1677 = CARTESIAN_POINT ( 'NONE',  ( 0.0000000000000000000, -5.574516600406092900, -7.000000000000000000 ) ) ;
#1678 = DIRECTION ( 'NONE',  ( -0.0000000000000000000, -1.000000000000000000, -0.0000000000000000000 ) ) ;
#1679 = DIRECTION ( 'NONE',  ( 0.0000000000000000000, 0.0000000000000000000, -1.000000000000000000 ) ) ;
#1680 = DIRECTION ( 'NONE',  ( -1.000000000000000000, 0.0000000000000000000, 0.0000000000000000000 ) ) ;
#1681 = CARTESIAN_POINT ( 'NONE',  ( 3.499999999999997800, -17.49999999999999600, 9.700000000000001100 ) ) ;
#1682 = CARTESIAN_POINT ( 'NONE',  ( 0.4000000000000001300, 2.000000000000001800, 6.999999999999999100 ) ) ;
#1683 = CARTESIAN_POINT ( 'NONE',  ( 0.0000000000000000000, -5.574516600406092900, 13.00000000000000500 ) ) ;
#1684 = DIRECTION ( 'NONE',  ( -1.000000000000000000, 0.0000000000000000000, 0.0000000000000000000 ) ) ;
#1685 = CARTESIAN_POINT ( 'NONE',  ( -0.3999999999999999100, 2.000000000000001800, 6.999999999999999100 ) ) ;
#1686 = DIRECTION ( 'NONE',  ( 1.355252715606880000E-016, 0.0000000000000000000, 1.000000000000000000 ) ) ;
#1687 = CARTESIAN_POINT ( 'NONE',  ( -0.3999999999999998600, 2.000000000000001800, 7.399999999999999500 ) ) ;
#1688 = DIRECTION ( 'NONE',  ( -1.000000000000000000, 0.0000000000000000000, 0.0000000000000000000 ) ) ;
#1689 = CARTESIAN_POINT ( 'NONE',  ( 0.6000000000000002000, 2.000000000000001800, 7.399999999999999500 ) ) ;
#1690 = DIRECTION ( 'NONE',  ( -1.000000000000000000, 0.0000000000000000000, 0.0000000000000000000 ) ) ;
#1691 = DIRECTION ( 'NONE',  ( -0.0000000000000000000, -1.000000000000000000, -0.0000000000000000000 ) ) ;
#1692 = CARTESIAN_POINT ( 'NONE',  ( 3.000000000000000000, -6.400000000000001200, 5.999999999999998200 ) ) ;
#1693 = DIRECTION ( 'NONE',  ( 0.0000000000000000000, 1.000000000000000000, 0.0000000000000000000 ) ) ;
#1694 = DIRECTION ( 'NONE',  ( -1.000000000000000000, 0.0000000000000000000, 0.0000000000000000000 ) ) ;
#1695 = PLANE ( 'NONE',  #489 ) ;
#1696 = CARTESIAN_POINT ( 'NONE',  ( -0.5999999999999997600, 2.000000000000001800, 7.399999999999999500 ) ) ;
#1697 = DIRECTION ( 'NONE',  ( 0.4472135954999580900, 0.0000000000000000000, 0.8944271909999157400 ) ) ;
#1698 = CARTESIAN_POINT ( 'NONE',  ( 8.391829923454011500, -15.40000000000000200, -8.699999999999999300 ) ) ;
#1699 = DIRECTION ( 'NONE',  ( 0.0000000000000000000, 0.0000000000000000000, -1.000000000000000000 ) ) ;
#1700 = CARTESIAN_POINT ( 'NONE',  ( 8.391829923454011500, -12.20000000000000100, -8.699999999999999300 ) ) ;
#1701 = PLANE ( 'NONE',  #488 ) ;
#1702 = CARTESIAN_POINT ( 'NONE',  ( 8.391829923454011500, -13.80000000000000100, -9.000000000000000000 ) ) ;
#1703 = DIRECTION ( 'NONE',  ( 3.516331370223259200E-016, 1.000000000000000000, -5.153571800432619900E-016 ) ) ;
#1704 = DIRECTION ( 'NONE',  ( 0.0000000000000000000, 5.153571800432619900E-016, 1.000000000000000000 ) ) ;
#1705 = DIRECTION ( 'NONE',  ( -1.000000000000000000, 3.516331370223259700E-016, -0.0000000000000000000 ) ) ;
#1706 = DIRECTION ( 'NONE',  ( -4.336808689942019700E-016, -1.000000000000000000, 0.0000000000000000000 ) ) ;
#1707 = DIRECTION ( 'NONE',  ( -3.516331370223259200E-016, -1.000000000000000000, -5.153571800432619900E-016 ) ) ;
#1708 = DIRECTION ( 'NONE',  ( 0.0000000000000000000, 5.153571800432619900E-016, -1.000000000000000000 ) ) ;
#1709 = CARTESIAN_POINT ( 'NONE',  ( 8.391829923454011500, -12.20000000000000100, -8.699999999999999300 ) ) ;
#1710 = PLANE ( 'NONE',  #492 ) ;
#1711 = PLANE ( 'NONE',  #491 ) ;
#1712 = PLANE ( 'NONE',  #493 ) ;
#1713 = CARTESIAN_POINT ( 'NONE',  ( 8.391829923454011500, -12.20000000000000500, 14.69999999999999400 ) ) ;
#1714 = DIRECTION ( 'NONE',  ( 0.0000000000000000000, 0.0000000000000000000, -1.000000000000000000 ) ) ;
#1715 = DIRECTION ( 'NONE',  ( -1.000000000000000000, 0.0000000000000000000, -0.0000000000000000000 ) ) ;
#1716 = CARTESIAN_POINT ( 'NONE',  ( 8.391829923454011500, -15.39999999999999900, 14.69999999999999400 ) ) ;
#1717 = CARTESIAN_POINT ( 'NONE',  ( 8.391829923454011500, -13.79999999999999700, 14.99999999999999800 ) ) ;
#1718 = DIRECTION ( 'NONE',  ( 3.516331370223259200E-016, 1.000000000000000000, 2.061428720173045200E-015 ) ) ;
#1719 = DIRECTION ( 'NONE',  ( 0.0000000000000000000, -2.061428720173045200E-015, 1.000000000000000000 ) ) ;
#1720 = DIRECTION ( 'NONE',  ( -1.000000000000000000, 3.516331370223259700E-016, -0.0000000000000000000 ) ) ;
#1721 = DIRECTION ( 'NONE',  ( -4.336808689942011800E-016, -1.000000000000000000, 0.0000000000000000000 ) ) ;
#1722 = DIRECTION ( 'NONE',  ( -3.516331370223259200E-016, -1.000000000000000000, 2.061428720173045200E-015 ) ) ;
#1723 = DIRECTION ( 'NONE',  ( 0.0000000000000000000, -2.061428720173045200E-015, -1.000000000000000000 ) ) ;
#1724 = CARTESIAN_POINT ( 'NONE',  ( -2.449999999999999700, -17.64000000000000400, 2.199999999999998800 ) ) ;
#1725 = CARTESIAN_POINT ( 'NONE',  ( -2.449999999999999700, -15.80000000000000100, 2.199999999999999300 ) ) ;
#1726 = PLANE ( 'NONE',  #495 ) ;
#1727 = CARTESIAN_POINT ( 'NONE',  ( -2.449999999999999700, -15.80000000000000100, 3.799999999999999400 ) ) ;
#1728 = PLANE ( 'NONE',  #496 ) ;
#1729 = DIRECTION ( 'NONE',  ( 0.0000000000000000000, 1.000000000000000000, -0.0000000000000000000 ) ) ;
#1730 = DIRECTION ( 'NONE',  ( 0.0000000000000000000, 0.0000000000000000000, 1.000000000000000000 ) ) ;
#1731 = CARTESIAN_POINT ( 'NONE',  ( -2.449999999999999700, -17.64000000000000400, 2.199999999999998800 ) ) ;
#1732 = PLANE ( 'NONE',  #497 ) ;
#1733 = DIRECTION ( 'NONE',  ( -0.0000000000000000000, 0.0000000000000000000, -1.000000000000000000 ) ) ;
#1734 = DIRECTION ( 'NONE',  ( -1.000000000000000000, 0.0000000000000000000, 0.0000000000000000000 ) ) ;
#1735 = CARTESIAN_POINT ( 'NONE',  ( -0.3999999999999998600, 0.5999999999999998700, -0.1000000000000000100 ) ) ;
#1736 = PLANE ( 'NONE',  #498 ) ;
#1737 = DIRECTION ( 'NONE',  ( 0.0000000000000000000, -1.000000000000000000, 0.0000000000000000000 ) ) ;
#1738 = DIRECTION ( 'NONE',  ( 0.0000000000000000000, -0.0000000000000000000, -1.000000000000000000 ) ) ;
#1739 = CARTESIAN_POINT ( 'NONE',  ( -0.3999999999999998600, 0.5999999999999998700, -0.1000000000000000100 ) ) ;
#1740 = PLANE ( 'NONE',  #499 ) ;
#1741 = DIRECTION ( 'NONE',  ( -1.000000000000000000, -0.0000000000000000000, 0.0000000000000000000 ) ) ;
#1742 = DIRECTION ( 'NONE',  ( 0.0000000000000000000, 0.0000000000000000000, 1.000000000000000000 ) ) ;
#1743 = CARTESIAN_POINT ( 'NONE',  ( 0.4000000000000001900, 0.5999999999999999800, -0.1000000000000000100 ) ) ;
#1744 = PLANE ( 'NONE',  #500 ) ;
#1745 = DIRECTION ( 'NONE',  ( -1.000000000000000000, 0.0000000000000000000, -0.0000000000000000000 ) ) ;
#1746 = DIRECTION ( 'NONE',  ( -0.0000000000000000000, 0.0000000000000000000, 1.000000000000000000 ) ) ;
#1747 = CARTESIAN_POINT ( 'NONE',  ( -0.3999999999999998600, -0.5999999999999998700, -0.1000000000000000100 ) ) ;
#1748 = PLANE ( 'NONE',  #501 ) ;
#1749 = DIRECTION ( 'NONE',  ( -1.355252715606880500E-016, 1.000000000000000000, 0.0000000000000000000 ) ) ;
#1750 = DIRECTION ( 'NONE',  ( -1.000000000000000000, -1.355252715606880500E-016, 0.0000000000000000000 ) ) ;
#1751 = CARTESIAN_POINT ( 'NONE',  ( -0.3999999999999998600, -0.5999999999999998700, -0.1000000000000000100 ) ) ;
#1752 = PLANE ( 'NONE',  #502 ) ;
#1753 = DIRECTION ( 'NONE',  ( 1.000000000000000000, 4.517509052022935300E-017, 0.0000000000000000000 ) ) ;
#1754 = DIRECTION ( 'NONE',  ( -4.517509052022935300E-017, 1.000000000000000000, 0.0000000000000000000 ) ) ;
#1755 = CARTESIAN_POINT ( 'NONE',  ( -0.3999999999999998600, 0.6000000000000015300, 5.999999999999999100 ) ) ;
#1756 = PLANE ( 'NONE',  #503 ) ;
#1757 = DIRECTION ( 'NONE',  ( -1.355252715606880300E-016, -1.000000000000000000, 0.0000000000000000000 ) ) ;
#1758 = DIRECTION ( 'NONE',  ( 1.000000000000000000, -1.355252715606880300E-016, 0.0000000000000000000 ) ) ;
#1759 = CARTESIAN_POINT ( 'NONE',  ( -0.3999999999999998600, 0.6000000000000015300, 5.999999999999999100 ) ) ;
#1760 = PLANE ( 'NONE',  #504 ) ;
#1761 = DIRECTION ( 'NONE',  ( 0.0000000000000000000, 0.0000000000000000000, 1.000000000000000000 ) ) ;
#1762 = DIRECTION ( 'NONE',  ( 1.000000000000000000, 0.0000000000000000000, -0.0000000000000000000 ) ) ;
#1763 = CARTESIAN_POINT ( 'NONE',  ( 0.4000000000000001900, 0.6000000000000016400, 5.999999999999999100 ) ) ;
#1764 = PLANE ( 'NONE',  #505 ) ;
#1765 = DIRECTION ( 'NONE',  ( -1.000000000000000000, 0.0000000000000000000, -0.0000000000000000000 ) ) ;
#1766 = DIRECTION ( 'NONE',  ( -0.0000000000000000000, 0.0000000000000000000, 1.000000000000000000 ) ) ;
#1767 = CARTESIAN_POINT ( 'NONE',  ( -0.3999999999999998600, -0.5999999999999980900, 5.999999999999999100 ) ) ;
#1768 = PLANE ( 'NONE',  #506 ) ;
#1769 = DIRECTION ( 'NONE',  ( -1.355252715606880500E-016, 1.000000000000000000, 0.0000000000000000000 ) ) ;
#1770 = DIRECTION ( 'NONE',  ( -1.000000000000000000, -1.355252715606880500E-016, 0.0000000000000000000 ) ) ;
#1771 = CARTESIAN_POINT ( 'NONE',  ( -0.3999999999999998600, -0.5999999999999980900, 6.099999999999999600 ) ) ;
#1772 = PLANE ( 'NONE',  #507 ) ;
#1773 = DIRECTION ( 'NONE',  ( 1.000000000000000000, 4.517509052022935300E-017, 0.0000000000000000000 ) ) ;
#1774 = DIRECTION ( 'NONE',  ( -4.517509052022935300E-017, 1.000000000000000000, 0.0000000000000000000 ) ) ;
#1775 = CARTESIAN_POINT ( 'NONE',  ( -2.500000000000000000, -7.400000000000003000, 2.139492287038063500E-015 ) ) ;
#1776 = PLANE ( 'NONE',  #508 ) ;
#1777 = DIRECTION ( 'NONE',  ( -1.355252715606880300E-016, -1.000000000000000000, 0.0000000000000000000 ) ) ;
#1778 = DIRECTION ( 'NONE',  ( 1.000000000000000000, -1.355252715606880300E-016, 0.0000000000000000000 ) ) ;
#1779 = CARTESIAN_POINT ( 'NONE',  ( -3.000000000000000000, -7.400000000000001200, 6.000000000000000900 ) ) ;
#1780 = PLANE ( 'NONE',  #509 ) ;
#1781 = DIRECTION ( 'NONE',  ( 0.0000000000000000000, 0.0000000000000000000, 1.000000000000000000 ) ) ;
#1782 = DIRECTION ( 'NONE',  ( 1.000000000000000000, 0.0000000000000000000, -0.0000000000000000000 ) ) ;
#1783 = CARTESIAN_POINT ( 'NONE',  ( 2.500000000000000000, -7.400000000000003000, 2.139492287038063500E-015 ) ) ;
#1784 = PLANE ( 'NONE',  #510 ) ;
#1785 = DIRECTION ( 'NONE',  ( 1.000000000000000000, -4.179535469590356600E-032, -1.445602896647339400E-016 ) ) ;
#1786 = DIRECTION ( 'NONE',  ( -1.445602896647339400E-016, 0.0000000000000000000, -1.000000000000000000 ) ) ;
#1787 = CARTESIAN_POINT ( 'NONE',  ( 2.500000000000000000, -7.400000000000003000, 2.139492287038063500E-015 ) ) ;
#1788 = PLANE ( 'NONE',  #511 ) ;
#1789 = DIRECTION ( 'NONE',  ( 0.0000000000000000000, 1.000000000000000000, -2.891205793294679300E-016 ) ) ;
#1790 = DIRECTION ( 'NONE',  ( 0.0000000000000000000, 2.891205793294679300E-016, 1.000000000000000000 ) ) ;
#1791 = CARTESIAN_POINT ( 'NONE',  ( 2.500000000000000000, -6.700000000000001100, 1.937107881507435500E-015 ) ) ;
#1792 = PLANE ( 'NONE',  #512 ) ;
#1793 = DIRECTION ( 'NONE',  ( -1.000000000000000000, -4.179535469590356600E-032, -1.445602896647339400E-016 ) ) ;
#1794 = DIRECTION ( 'NONE',  ( -1.445602896647339400E-016, 0.0000000000000000000, 1.000000000000000000 ) ) ;
#1795 = CARTESIAN_POINT ( 'NONE',  ( -2.500000000000000000, -6.700000000000001100, 1.937107881507435500E-015 ) ) ;
#1796 = PLANE ( 'NONE',  #513 ) ;
#1797 = DIRECTION ( 'NONE',  ( 3.343628375672288800E-031, 1.000000000000000000, -2.891205793294678800E-016 ) ) ;
#1798 = DIRECTION ( 'NONE',  ( 0.0000000000000000000, 2.891205793294678800E-016, 1.000000000000000000 ) ) ;
#1799 = CARTESIAN_POINT ( 'NONE',  ( -3.000000000000000000, -20.40000000000000200, 9.699999999999997500 ) ) ;
#1800 = PLANE ( 'NONE',  #514 ) ;
#1801 = DIRECTION ( 'NONE',  ( 0.7071067811865470200, 0.7071067811865480200, -1.022195611122251600E-016 ) ) ;
#1802 = DIRECTION ( 'NONE',  ( -0.7071067811865480200, 0.7071067811865470200, 0.0000000000000000000 ) ) ;
#1803 = PLANE ( 'NONE',  #515 ) ;
#1804 = CARTESIAN_POINT ( 'NONE',  ( -3.000000000000000000, 2.000000000000000000, -3.700000000000000200 ) ) ;
#1805 = DIRECTION ( 'NONE',  ( -0.7071067811865475700, 0.7071067811865475700, -1.022195611122249700E-016 ) ) ;
#1806 = DIRECTION ( 'NONE',  ( -0.7071067811865474600, -0.7071067811865474600, 0.0000000000000000000 ) ) ;
#1807 = PLANE ( 'NONE',  #516 ) ;
#1808 = CARTESIAN_POINT ( 'NONE',  ( -3.000000000000000000, -20.40000000000000200, -3.700000000000000200 ) ) ;
#1809 = DIRECTION ( 'NONE',  ( 0.0000000000000000000, 1.000000000000000000, -4.688441826964343300E-016 ) ) ;
#1810 = DIRECTION ( 'NONE',  ( 0.0000000000000000000, 4.688441826964343300E-016, 1.000000000000000000 ) ) ;
#1811 = PLANE ( 'NONE',  #519 ) ;
#1812 = PLANE ( 'NONE',  #517 ) ;
#1813 = DIRECTION ( 'NONE',  ( 0.0000000000000000000, 0.0000000000000000000, -1.000000000000000000 ) ) ;
#1814 = DIRECTION ( 'NONE',  ( -1.000000000000000000, 0.0000000000000000000, -0.0000000000000000000 ) ) ;
#1815 = PLANE ( 'NONE',  #518 ) ;
#1816 = CARTESIAN_POINT ( 'NONE',  ( -3.000000000000000000, 1.999999999999999100, 5.999999999999998200 ) ) ;
#1817 = DIRECTION ( 'NONE',  ( 0.0000000000000000000, -1.000000000000000000, 0.0000000000000000000 ) ) ;
#1818 = DIRECTION ( 'NONE',  ( 0.0000000000000000000, -0.0000000000000000000, -1.000000000000000000 ) ) ;
#1819 = CARTESIAN_POINT ( 'NONE',  ( -3.000000000000000000, -6.400000000000001200, 5.999999999999998200 ) ) ;
#1820 = CARTESIAN_POINT ( 'NONE',  ( -0.05000000000000010700, -17.80000000000000400, 0.2499999999999982800 ) ) ;
#1821 = DIRECTION ( 'NONE',  ( 0.0000000000000000000, 1.000000000000000000, 0.0000000000000000000 ) ) ;
#1822 = DIRECTION ( 'NONE',  ( 0.0000000000000000000, -0.0000000000000000000, 1.000000000000000000 ) ) ;
#1823 = PLANE ( 'NONE',  #520 ) ;
#1824 = CARTESIAN_POINT ( 'NONE',  ( -3.000000000000000000, -6.400000000000003000, 0.0000000000000000000 ) ) ;
#1825 = DIRECTION ( 'NONE',  ( 0.0000000000000000000, 0.0000000000000000000, -1.000000000000000000 ) ) ;
#1826 = DIRECTION ( 'NONE',  ( -1.000000000000000000, 0.0000000000000000000, -0.0000000000000000000 ) ) ;
#1827 = PLANE ( 'NONE',  #521 ) ;
#1828 = CARTESIAN_POINT ( 'NONE',  ( -3.000000000000000000, 2.000000000000001800, 0.0000000000000000000 ) ) ;
#1829 = DIRECTION ( 'NONE',  ( 0.0000000000000000000, 1.000000000000000000, -2.891205793294678800E-016 ) ) ;
#1830 = DIRECTION ( 'NONE',  ( 0.0000000000000000000, 2.891205793294678800E-016, 1.000000000000000000 ) ) ;
#1831 = PLANE ( 'NONE',  #522 ) ;
#1832 = CARTESIAN_POINT ( 'NONE',  ( 3.000000000000000000, 2.000000000000001800, 0.0000000000000000000 ) ) ;
#1833 = DIRECTION ( 'NONE',  ( -0.0000000000000000000, 0.0000000000000000000, 1.000000000000000000 ) ) ;
#1834 = DIRECTION ( 'NONE',  ( 1.000000000000000000, 0.0000000000000000000, 0.0000000000000000000 ) ) ;
#1835 = CARTESIAN_POINT ( 'NONE',  ( -0.05000000000000010700, -17.80000000000000400, 0.2499999999999982800 ) ) ;
#1836 = PLANE ( 'NONE',  #523 ) ;
#1837 = DIRECTION ( 'NONE',  ( 1.000000000000000000, 0.0000000000000000000, -0.0000000000000000000 ) ) ;
#1838 = DIRECTION ( 'NONE',  ( -0.0000000000000000000, 0.0000000000000000000, -1.000000000000000000 ) ) ;
#1839 = CARTESIAN_POINT ( 'NONE',  ( -0.05000000000000708700, -17.80000000000000400, 1.749999999999998200 ) ) ;
#1840 = PLANE ( 'NONE',  #524 ) ;
#1841 = DIRECTION ( 'NONE',  ( 0.0000000000000000000, 0.0000000000000000000, -1.000000000000000000 ) ) ;
#1842 = DIRECTION ( 'NONE',  ( -1.000000000000000000, 0.0000000000000000000, -0.0000000000000000000 ) ) ;
#1843 = CARTESIAN_POINT ( 'NONE',  ( -0.05000000000000708700, -17.80000000000000400, 1.749999999999998200 ) ) ;
#1844 = PLANE ( 'NONE',  #525 ) ;
#1845 = DIRECTION ( 'NONE',  ( 0.0000000000000000000, 1.000000000000000000, 0.0000000000000000000 ) ) ;
#1846 = DIRECTION ( 'NONE',  ( 0.0000000000000000000, -0.0000000000000000000, 1.000000000000000000 ) ) ;
#1847 = CARTESIAN_POINT ( 'NONE',  ( 0.4499999999999929100, -17.80000000000000400, 1.749999999999998200 ) ) ;
#1848 = PLANE ( 'NONE',  #526 ) ;
#1849 = DIRECTION ( 'NONE',  ( 1.000000000000000000, 0.0000000000000000000, -0.0000000000000000000 ) ) ;
#1850 = DIRECTION ( 'NONE',  ( -0.0000000000000000000, 0.0000000000000000000, -1.000000000000000000 ) ) ;
#1851 = CARTESIAN_POINT ( 'NONE',  ( -0.05000000000000708700, -17.80000000000000400, 2.249999999999998700 ) ) ;
#1852 = PLANE ( 'NONE',  #527 ) ;
#1853 = DIRECTION ( 'NONE',  ( -0.0000000000000000000, 0.0000000000000000000, 1.000000000000000000 ) ) ;
#1854 = DIRECTION ( 'NONE',  ( 1.000000000000000000, 0.0000000000000000000, 0.0000000000000000000 ) ) ;
#1855 = CARTESIAN_POINT ( 'NONE',  ( -0.05000000000000708700, -17.80000000000000400, 2.249999999999998700 ) ) ;
#1856 = PLANE ( 'NONE',  #528 ) ;
#1857 = DIRECTION ( 'NONE',  ( -1.000000000000000000, 0.0000000000000000000, 0.0000000000000000000 ) ) ;
#1858 = DIRECTION ( 'NONE',  ( 0.0000000000000000000, 0.0000000000000000000, 1.000000000000000000 ) ) ;
#1859 = CARTESIAN_POINT ( 'NONE',  ( -0.05000000000001406800, -17.80000000000000400, 3.749999999999998200 ) ) ;
#1860 = PLANE ( 'NONE',  #529 ) ;
#1861 = DIRECTION ( 'NONE',  ( 0.0000000000000000000, 0.0000000000000000000, -1.000000000000000000 ) ) ;
#1862 = DIRECTION ( 'NONE',  ( -1.000000000000000000, 0.0000000000000000000, -0.0000000000000000000 ) ) ;
#1863 = CARTESIAN_POINT ( 'NONE',  ( -0.05000000000001406800, -17.80000000000000400, 3.749999999999998200 ) ) ;
#1864 = PLANE ( 'NONE',  #530 ) ;
#1865 = DIRECTION ( 'NONE',  ( 0.0000000000000000000, 1.000000000000000000, 0.0000000000000000000 ) ) ;
#1866 = DIRECTION ( 'NONE',  ( 0.0000000000000000000, -0.0000000000000000000, 1.000000000000000000 ) ) ;
#1867 = CARTESIAN_POINT ( 'NONE',  ( 0.4499999999999859100, -17.80000000000000400, 3.749999999999998700 ) ) ;
#1868 = PLANE ( 'NONE',  #531 ) ;
#1869 = DIRECTION ( 'NONE',  ( 1.000000000000000000, 0.0000000000000000000, -0.0000000000000000000 ) ) ;
#1870 = DIRECTION ( 'NONE',  ( -0.0000000000000000000, 0.0000000000000000000, -1.000000000000000000 ) ) ;
#1871 = CARTESIAN_POINT ( 'NONE',  ( -0.05000000000001406800, -17.80000000000000400, 4.249999999999998200 ) ) ;
#1872 = PLANE ( 'NONE',  #532 ) ;
#1873 = DIRECTION ( 'NONE',  ( -8.673617379884035500E-016, 0.0000000000000000000, 1.000000000000000000 ) ) ;
#1874 = DIRECTION ( 'NONE',  ( 1.000000000000000000, 0.0000000000000000000, 8.673617379884035500E-016 ) ) ;
#1875 = CARTESIAN_POINT ( 'NONE',  ( -0.05000000000001406800, -17.80000000000000400, 4.249999999999998200 ) ) ;
#1876 = PLANE ( 'NONE',  #533 ) ;
#1877 = DIRECTION ( 'NONE',  ( -1.000000000000000000, 0.0000000000000000000, 0.0000000000000000000 ) ) ;
#1878 = DIRECTION ( 'NONE',  ( 0.0000000000000000000, 0.0000000000000000000, 1.000000000000000000 ) ) ;
#1879 = CARTESIAN_POINT ( 'NONE',  ( -0.05000000000002105500, -17.80000000000000400, 5.749999999999998200 ) ) ;
#1881 = EDGE_CURVE ( 'NONE', #2568, #2569, #1025, .T. ) ;
#1880 = PLANE ( 'NONE',  #534 ) ;
#1882 = DIRECTION ( 'NONE',  ( 0.0000000000000000000, 0.0000000000000000000, -1.000000000000000000 ) ) ;
#1883 = DIRECTION ( 'NONE',  ( -1.000000000000000000, 0.0000000000000000000, -0.0000000000000000000 ) ) ;
#1884 = CARTESIAN_POINT ( 'NONE',  ( -0.05000000000002105500, -17.80000000000000400, 5.749999999999998200 ) ) ;
#1885 = PLANE ( 'NONE',  #535 ) ;
#1886 = DIRECTION ( 'NONE',  ( 0.0000000000000000000, 1.000000000000000000, 0.0000000000000000000 ) ) ;
#1887 = DIRECTION ( 'NONE',  ( 0.0000000000000000000, -0.0000000000000000000, 1.000000000000000000 ) ) ;
#1888 = CARTESIAN_POINT ( 'NONE',  ( 0.4499999999999789700, -17.80000000000000400, 5.749999999999998200 ) ) ;
#1889 = PLANE ( 'NONE',  #536 ) ;
#1890 = DIRECTION ( 'NONE',  ( 1.000000000000000000, 0.0000000000000000000, -0.0000000000000000000 ) ) ;
#1891 = DIRECTION ( 'NONE',  ( -0.0000000000000000000, 0.0000000000000000000, -1.000000000000000000 ) ) ;
#1892 = CARTESIAN_POINT ( 'NONE',  ( -0.05000000000002105500, -17.80000000000000400, 6.249999999999998200 ) ) ;
#1893 = PLANE ( 'NONE',  #537 ) ;
#1894 = DIRECTION ( 'NONE',  ( -0.0000000000000000000, 0.0000000000000000000, 1.000000000000000000 ) ) ;
#1895 = DIRECTION ( 'NONE',  ( 1.000000000000000000, 0.0000000000000000000, 0.0000000000000000000 ) ) ;
#1896 = EDGE_CURVE ( 'NONE', #2533, #2531, #1027, .T. ) ;
#1897 = CARTESIAN_POINT ( 'NONE',  ( -0.05000000000002105500, -17.80000000000000400, 6.249999999999998200 ) ) ;
#1898 = PLANE ( 'NONE',  #538 ) ;
#1899 = DIRECTION ( 'NONE',  ( -1.000000000000000000, 0.0000000000000000000, 0.0000000000000000000 ) ) ;
#1900 = DIRECTION ( 'NONE',  ( 0.0000000000000000000, 0.0000000000000000000, 1.000000000000000000 ) ) ;
#1901 = CARTESIAN_POINT ( 'NONE',  ( -2.949999999999999700, -14.20000000000000100, 0.2499999999999993600 ) ) ;
#1902 = PLANE ( 'NONE',  #539 ) ;
#1903 = DIRECTION ( 'NONE',  ( 0.0000000000000000000, 0.0000000000000000000, -1.000000000000000000 ) ) ;
#1904 = DIRECTION ( 'NONE',  ( -1.000000000000000000, 0.0000000000000000000, -0.0000000000000000000 ) ) ;
#1905 = CARTESIAN_POINT ( 'NONE',  ( -2.949999999999999700, -20.40000000000000200, 0.2500000000000002200 ) ) ;
#1906 = PLANE ( 'NONE',  #540 ) ;
#1907 = DIRECTION ( 'NONE',  ( 0.0000000000000000000, 1.000000000000000000, 0.0000000000000000000 ) ) ;
#1908 = DIRECTION ( 'NONE',  ( 0.0000000000000000000, -0.0000000000000000000, 1.000000000000000000 ) ) ;
#1909 = CARTESIAN_POINT ( 'NONE',  ( -2.949999999999999700, -14.20000000000000100, 0.2499999999999993600 ) ) ;
#1910 = PLANE ( 'NONE',  #541 ) ;
#1911 = DIRECTION ( 'NONE',  ( 1.000000000000000000, -0.0000000000000000000, 0.0000000000000000000 ) ) ;
#1912 = DIRECTION ( 'NONE',  ( 0.0000000000000000000, 0.0000000000000000000, -1.000000000000000000 ) ) ;
#1913 = CARTESIAN_POINT ( 'NONE',  ( -2.949999999999999700, -20.40000000000000200, 5.750000000000001800 ) ) ;
#1914 = PLANE ( 'NONE',  #542 ) ;
#1915 = DIRECTION ( 'NONE',  ( 0.0000000000000000000, -1.398970545142586300E-016, -1.000000000000000000 ) ) ;
#1916 = DIRECTION ( 'NONE',  ( 0.0000000000000000000, 1.000000000000000000, -1.398970545142586300E-016 ) ) ;
#1917 = CARTESIAN_POINT ( 'NONE',  ( -1.849999999999999900, -14.20000000000000100, 0.5499999999999983800 ) ) ;
#1918 = AXIS2_PLACEMENT_3D ( 'NONE', #2296, #2294, #2293 ) ;
#1919 = PLANE ( 'NONE',  #543 ) ;
#1920 = DIRECTION ( 'NONE',  ( 0.0000000000000000000, 1.000000000000000000, 0.0000000000000000000 ) ) ;
#1921 = DIRECTION ( 'NONE',  ( 0.0000000000000000000, -0.0000000000000000000, 1.000000000000000000 ) ) ;
#1922 = CARTESIAN_POINT ( 'NONE',  ( -1.849999999999999900, -14.20000000000000100, 5.449999999999999300 ) ) ;
#1923 = PLANE ( 'NONE',  #544 ) ;
#1924 = DIRECTION ( 'NONE',  ( -0.0000000000000000000, 5.595882180570345200E-016, 1.000000000000000000 ) ) ;
#1925 = DIRECTION ( 'NONE',  ( 0.0000000000000000000, -1.000000000000000000, 5.595882180570345200E-016 ) ) ;
#1926 = CARTESIAN_POINT ( 'NONE',  ( -2.449999999999999700, -15.80000000000000100, 2.199999999999999300 ) ) ;
#1927 = PLANE ( 'NONE',  #545 ) ;
#1928 = DIRECTION ( 'NONE',  ( 0.0000000000000000000, -1.232047923278982000E-016, -1.000000000000000000 ) ) ;
#1929 = DIRECTION ( 'NONE',  ( 0.0000000000000000000, 1.000000000000000000, -1.232047923278982000E-016 ) ) ;
#1930 = DIRECTION ( 'NONE',  ( 0.0000000000000000000, 0.0000000000000000000, -1.000000000000000000 ) ) ;
#1931 = PLANE ( 'NONE',  #546 ) ;
#1932 = DIRECTION ( 'NONE',  ( -0.0000000000000000000, 1.971276677246371300E-016, 1.000000000000000000 ) ) ;
#1933 = DIRECTION ( 'NONE',  ( 0.0000000000000000000, -1.000000000000000000, 1.971276677246371300E-016 ) ) ;
#1934 = CARTESIAN_POINT ( 'NONE',  ( 0.0000000000000000000, -5.574516600406092900, -7.000000000000000000 ) ) ;
#1935 = DIRECTION ( 'NONE',  ( -0.0000000000000000000, -1.000000000000000000, -0.0000000000000000000 ) ) ;
#1936 = DIRECTION ( 'NONE',  ( 0.0000000000000000000, -2.356961244533703400E-016, 1.000000000000000000 ) ) ;
#1937 = DIRECTION ( 'NONE',  ( 0.0000000000000000000, -1.000000000000000000, -2.356961244533703400E-016 ) ) ;
#1938 = DIRECTION ( 'NONE',  ( 0.0000000000000000000, 0.0000000000000000000, -1.000000000000000000 ) ) ;
#1939 = CARTESIAN_POINT ( 'NONE',  ( -2.950000000000002000, -18.60000000000000100, -2.000000000000000000 ) ) ;
#1940 = DIRECTION ( 'NONE',  ( -0.0000000000000000000, -1.000000000000000000, -0.0000000000000000000 ) ) ;
#1941 = CARTESIAN_POINT ( 'NONE',  ( 0.0000000000000000000, -5.574516600406092900, 13.00000000000000500 ) ) ;
#1942 = PLANE ( 'NONE',  #550 ) ;
#1943 = CARTESIAN_POINT ( 'NONE',  ( -1.849999999999999900, -18.60000000000000100, 0.5499999999999989300 ) ) ;
#1944 = PLANE ( 'NONE',  #549 ) ;
#1945 = CARTESIAN_POINT ( 'NONE',  ( -2.949999999999999700, -14.20000000000000100, 0.2499999999999993600 ) ) ;
#1946 = DIRECTION ( 'NONE',  ( -1.000000000000000000, 0.0000000000000000000, 0.0000000000000000000 ) ) ;
#1947 = DIRECTION ( 'NONE',  ( 0.0000000000000000000, 0.0000000000000000000, 1.000000000000000000 ) ) ;
#1948 = PLANE ( 'NONE',  #552 ) ;
#1949 = PLANE ( 'NONE',  #551 ) ;
#1950 = DIRECTION ( 'NONE',  ( 1.000000000000000000, -0.0000000000000000000, 0.0000000000000000000 ) ) ;
#1951 = DIRECTION ( 'NONE',  ( 0.0000000000000000000, 0.0000000000000000000, -1.000000000000000000 ) ) ;
#1952 = PLANE ( 'NONE',  #553 ) ;
#1953 = CARTESIAN_POINT ( 'NONE',  ( -3.000000000000000000, 2.000000000000001800, 0.0000000000000000000 ) ) ;
#1954 = DIRECTION ( 'NONE',  ( -1.000000000000000000, 0.0000000000000000000, -1.301042606982605300E-016 ) ) ;
#1955 = DIRECTION ( 'NONE',  ( -1.301042606982605300E-016, 0.0000000000000000000, 1.000000000000000000 ) ) ;
#1956 = CARTESIAN_POINT ( 'NONE',  ( -1.150000000000000100, -14.60000000000000100, 7.199999999999999300 ) ) ;
#1957 = DIRECTION ( 'NONE',  ( 0.0000000000000000000, 0.0000000000000000000, -1.000000000000000000 ) ) ;
#1958 = DIRECTION ( 'NONE',  ( 0.0000000000000000000, 1.000000000000000000, 0.0000000000000000000 ) ) ;
#1959 = DIRECTION ( 'NONE',  ( 0.0000000000000000000, -0.0000000000000000000, 1.000000000000000000 ) ) ;
#1960 = CARTESIAN_POINT ( 'NONE',  ( 0.0000000000000000000, -5.574516600406092900, 13.00000000000000500 ) ) ;
#1961 = DIRECTION ( 'NONE',  ( -0.0000000000000000000, -1.000000000000000000, -0.0000000000000000000 ) ) ;
#1962 = DIRECTION ( 'NONE',  ( 1.000000000000000000, 0.0000000000000000000, -0.0000000000000000000 ) ) ;
#1963 = DIRECTION ( 'NONE',  ( -0.0000000000000000000, 0.0000000000000000000, -1.000000000000000000 ) ) ;
#1964 = DIRECTION ( 'NONE',  ( 0.0000000000000000000, 0.0000000000000000000, -1.000000000000000000 ) ) ;
#1965 = CARTESIAN_POINT ( 'NONE',  ( -3.000000000000000000, 1.999999999999999100, 9.700000000000001100 ) ) ;
#1966 = DIRECTION ( 'NONE',  ( -0.0000000000000000000, -1.000000000000000000, -0.0000000000000000000 ) ) ;
#1967 = CARTESIAN_POINT ( 'NONE',  ( 0.0000000000000000000, -5.574516600406092900, -7.000000000000000000 ) ) ;
#1968 = CARTESIAN_POINT ( 'NONE',  ( -3.000000000000000000, -20.40000000000000200, -3.700000000000000200 ) ) ;
#1969 = PLANE ( 'NONE',  #556 ) ;
#1970 = CARTESIAN_POINT ( 'NONE',  ( -3.000000000000000000, 1.999999999999999100, 9.700000000000001100 ) ) ;
#1971 = PLANE ( 'NONE',  #557 ) ;
#1972 = DIRECTION ( 'NONE',  ( 0.0000000000000000000, -1.548860246407863600E-016, 1.000000000000000000 ) ) ;
#1973 = DIRECTION ( 'NONE',  ( 0.0000000000000000000, -1.000000000000000000, -1.548860246407863600E-016 ) ) ;
#1974 =( NAMED_UNIT ( * ) PLANE_ANGLE_UNIT ( ) SI_UNIT ( $, .RADIAN. ) );
#1975 = PLANE ( 'NONE',  #558 ) ;
#1976 = DIRECTION ( 'NONE',  ( 0.0000000000000000000, -1.548860246407863600E-016, 1.000000000000000000 ) ) ;
#1977 = DIRECTION ( 'NONE',  ( 0.0000000000000000000, -1.000000000000000000, -1.548860246407863600E-016 ) ) ;
#1978 =( LENGTH_UNIT ( ) NAMED_UNIT ( * ) SI_UNIT ( .MILLI., .METRE. ) );
#1979 = DIRECTION ( 'NONE',  ( 0.0000000000000000000, 0.0000000000000000000, -1.000000000000000000 ) ) ;
#1980 = DIRECTION ( 'NONE',  ( -1.000000000000000000, 0.0000000000000000000, -0.0000000000000000000 ) ) ;
#1981 =( NAMED_UNIT ( * ) SI_UNIT ( $, .STERADIAN. ) SOLID_ANGLE_UNIT ( ) );
#1982 = CARTESIAN_POINT ( 'NONE',  ( 0.0000000000000000000, 0.0000000000000000000, 0.0000000000000000000 ) ) ;
#1983 = DIRECTION ( 'NONE',  ( 0.0000000000000000000, 0.0000000000000000000, 1.000000000000000000 ) ) ;
#1984 = DIRECTION ( 'NONE',  ( 1.000000000000000000, 0.0000000000000000000, 0.0000000000000000000 ) ) ;
#1985 = APPLICATION_CONTEXT ( 'configuration controlled 3d designs of mechanical parts and assemblies' ) ;
#1986 = APPLICATION_PROTOCOL_DEFINITION ( 'international standard', 'config_control_design', 1994, #1985 ) ;
#1987 = MECHANICAL_CONTEXT ( 'NONE', #1985, 'mechanical' ) ;
#1988 = PERSON_AND_ORGANIZATION_ROLE ( 'design_owner' ) ;
#1989 = APPLICATION_CONTEXT ( 'configuration controlled 3d designs of mechanical parts and assemblies' ) ;
#1990 = APPLICATION_PROTOCOL_DEFINITION ( 'international standard', 'config_control_design', 1994, #1989 ) ;
#1991 = APPROVAL_STATUS ( 'not_yet_approved' ) ;
#1992 = APPROVAL_ROLE ( '' ) ;
#1993 = PERSON_AND_ORGANIZATION_ROLE ( 'creator' ) ;
#1994 = DATE_TIME_ROLE ( 'creation_date' ) ;
#1995 = APPROVAL_STATUS ( 'not_yet_approved' ) ;
#1996 = APPROVAL_ROLE ( '' ) ;
#1997 = PERSON_AND_ORGANIZATION_ROLE ( 'creator' ) ;
#1998 = PERSON_AND_ORGANIZATION_ROLE ( 'design_supplier' ) ;
#1999 = SECURITY_CLASSIFICATION_LEVEL ( 'unclassified' ) ;
#2000 = PERSON_AND_ORGANIZATION_ROLE ( 'classification_officer' ) ;
#2001 = DATE_TIME_ROLE ( 'classification_date' ) ;
#2002 = APPROVAL_STATUS ( 'not_yet_approved' ) ;
#2003 = APPROVAL_ROLE ( '' ) ;
#2004 = EDGE_CURVE ( 'NONE', #2473, #2489, #1029, .T. ) ;
#2005 = LOCAL_TIME ( 16, 43, 2.000000000000000000, #1228 ) ;
#2006 = CALENDAR_DATE ( 2015, 7, 8 ) ;
#2007 = DATE_AND_TIME ( #2006, #2005 ) ;
#2008 = PERSON_AND_ORGANIZATION ( #2948, #1204 ) ;
#2009 = APPROVAL_PERSON_ORGANIZATION ( #2008, #573, #2003 ) ;
#2010 = COORDINATED_UNIVERSAL_TIME_OFFSET ( 9, 0, .AHEAD. ) ;
#2011 = LOCAL_TIME ( 16, 43, 2.000000000000000000, #2010 ) ;
#2012 = CALENDAR_DATE ( 2015, 7, 8 ) ;
#2013 = DATE_AND_TIME ( #2012, #2011 ) ;
#2014 = APPROVAL_DATE_TIME ( #2013, #573 ) ;
#2015 = EDGE_LOOP ( 'NONE', ( #3234, #3235, #3236, #3237, #3238, #3239 ) ) ;
#2016 = EDGE_LOOP ( 'NONE', ( #3376, #3377, #3378, #3379 ) ) ;
#2017 = EDGE_LOOP ( 'NONE', ( #3230, #3231, #3232, #3233 ) ) ;
#2018 = EDGE_LOOP ( 'NONE', ( #2966, #2965, #2964, #2963 ) ) ;
#2019 = EDGE_LOOP ( 'NONE', ( #2960, #2949, #3228, #3229 ) ) ;
#2020 = EDGE_LOOP ( 'NONE', ( #3296, #3297, #3298, #3375 ) ) ;
#2021 = EDGE_LOOP ( 'NONE', ( #3270, #3271, #3272, #3273 ) ) ;
#2022 = EDGE_LOOP ( 'NONE', ( #3240, #3241, #3242, #3243, #3244, #3245, #3246, #3247 ) ) ;
#2023 = EDGE_LOOP ( 'NONE', ( #3380, #3381, #3382, #3383 ) ) ;
#2024 = EDGE_LOOP ( 'NONE', ( #3292, #3293, #3294, #3295 ) ) ;
#2025 = EDGE_LOOP ( 'NONE', ( #3266, #3267, #3268, #3269 ) ) ;
#2026 = EDGE_LOOP ( 'NONE', ( #3274, #3275, #3276, #3277 ) ) ;
#2027 = EDGE_LOOP ( 'NONE', ( #3254, #3255, #3256, #3257 ) ) ;
#2028 = EDGE_LOOP ( 'NONE', ( #3278, #3279, #3280, #3281, #3282, #3283, #3284, #3285, #3286, #3287, #3288, #3289, #3290, #3291 ) ) ;
#2029 = EDGE_LOOP ( 'NONE', ( #3384, #3385, #3386, #3387 ) ) ;
#2030 = EDGE_LOOP ( 'NONE', ( #3388, #3389, #3390, #3391 ) ) ;
#2031 = EDGE_LOOP ( 'NONE', ( #3416, #3417, #3418, #3419 ) ) ;
#2032 = EDGE_LOOP ( 'NONE', ( #3400, #3401, #3402, #3403 ) ) ;
#2033 = EDGE_LOOP ( 'NONE', ( #3420, #3421, #3422, #3423 ) ) ;
#2034 = EDGE_LOOP ( 'NONE', ( #3303, #3304, #3305, #3306 ) ) ;
#2035 = EDGE_LOOP ( 'NONE', ( #3448, #3449, #3450, #3451 ) ) ;
#2036 = EDGE_LOOP ( 'NONE', ( #3432, #3433, #3434, #3435 ) ) ;
#2037 = EDGE_LOOP ( 'NONE', ( #3460, #3461, #3462, #3463 ) ) ;
#2038 = EDGE_LOOP ( 'NONE', ( #3404, #3405, #3406, #3407 ) ) ;
#2039 = EDGE_LOOP ( 'NONE', ( #3424, #3425, #3426, #3427 ) ) ;
#2040 = EDGE_LOOP ( 'NONE', ( #3428, #3429, #3430, #3431 ) ) ;
#2041 = EDGE_LOOP ( 'NONE', ( #3412, #3413, #3414, #3415 ) ) ;
#2042 = EDGE_LOOP ( 'NONE', ( #3440, #3441, #3442, #3443 ) ) ;
#2043 = EDGE_LOOP ( 'NONE', ( #3396, #3397, #3398, #3399 ) ) ;
#2044 = EDGE_LOOP ( 'NONE', ( #3319, #3320, #3321, #3322 ) ) ;
#2045 = EDGE_LOOP ( 'NONE', ( #3408, #3409, #3410, #3411 ) ) ;
#2046 = EDGE_LOOP ( 'NONE', ( #3392, #3393, #3394, #3395 ) ) ;
#2047 = EDGE_LOOP ( 'NONE', ( #3482, #3483, #3484, #3485 ) ) ;
#2048 = EDGE_LOOP ( 'NONE', ( #3494, #3495, #3496, #3497 ) ) ;
#2049 = EDGE_LOOP ( 'NONE', ( #3351, #3352, #3353, #3354 ) ) ;
#2050 = EDGE_LOOP ( 'NONE', ( #3311, #3312, #3313, #3314 ) ) ;
#2051 = EDGE_LOOP ( 'NONE', ( #3477, #3478, #3479, #3480, #3481 ) ) ;
#2052 = EDGE_LOOP ( 'NONE', ( #3486, #3487, #3488, #3489 ) ) ;
#2053 = EDGE_LOOP ( 'NONE', ( #3490, #3491, #3492, #3493 ) ) ;
#2054 = EDGE_LOOP ( 'NONE', ( #3469, #3470, #3471, #3472, #3473, #3474, #3475, #3476 ) ) ;
#2055 = EDGE_LOOP ( 'NONE', ( #3498, #3499, #3500, #3501 ) ) ;
#2056 = EDGE_LOOP ( 'NONE', ( #3456, #3457, #3458, #3459 ) ) ;
#2057 = EDGE_LOOP ( 'NONE', ( #3444, #3445, #3446, #3447 ) ) ;
#2058 = EDGE_LOOP ( 'NONE', ( #3339, #3340, #3341, #3342 ) ) ;
#2059 = EDGE_LOOP ( 'NONE', ( #3452, #3453, #3454, #3455 ) ) ;
#2060 = EDGE_LOOP ( 'NONE', ( #3464, #3465, #3466, #3467, #3468 ) ) ;
#2061 = EDGE_LOOP ( 'NONE', ( #3436, #3437, #3438, #3439 ) ) ;
#2062 = EDGE_LOOP ( 'NONE', ( #3367, #3368, #3369, #3370 ) ) ;
#2063 = EDGE_LOOP ( 'NONE', ( #3363, #3364, #3365, #3366 ) ) ;
#2064 = EDGE_LOOP ( 'NONE', ( #3371, #3372, #3373, #3374 ) ) ;
#2065 = EDGE_LOOP ( 'NONE', ( #3355, #3356, #3357, #3358 ) ) ;
#2066 = EDGE_LOOP ( 'NONE', ( #3359, #3360, #3361, #3362 ) ) ;
#2067 = EDGE_LOOP ( 'NONE', ( #3343, #3344, #3345, #3346 ) ) ;
#2068 = EDGE_LOOP ( 'NONE', ( #3335, #3336, #3337, #3338 ) ) ;
#2069 = EDGE_LOOP ( 'NONE', ( #3347, #3348, #3349, #3350 ) ) ;
#2070 = EDGE_LOOP ( 'NONE', ( #3327, #3328, #3329, #3330 ) ) ;
#2071 = EDGE_LOOP ( 'NONE', ( #3331, #3332, #3333, #3334 ) ) ;
#2072 = EDGE_LOOP ( 'NONE', ( #3323, #3324, #3325, #3326 ) ) ;
#2073 = EDGE_LOOP ( 'NONE', ( #3307, #3308, #3309, #3310 ) ) ;
#2074 = EDGE_LOOP ( 'NONE', ( #3315, #3316, #3317, #3318 ) ) ;
#2075 = ORIENTED_EDGE ( 'NONE', *, *, #51, .F. ) ;
#2076 = ORIENTED_EDGE ( 'NONE', *, *, #28, .F. ) ;
#2077 = ORIENTED_EDGE ( 'NONE', *, *, #2952, .T. ) ;
#2078 = ORIENTED_EDGE ( 'NONE', *, *, #28, .T. ) ;
#2079 = ORIENTED_EDGE ( 'NONE', *, *, #46, .F. ) ;
#2080 = ORIENTED_EDGE ( 'NONE', *, *, #35, .F. ) ;
#2081 = ORIENTED_EDGE ( 'NONE', *, *, #2962, .T. ) ;
#2082 = ORIENTED_EDGE ( 'NONE', *, *, #37, .T. ) ;
#2083 = ORIENTED_EDGE ( 'NONE', *, *, #39, .T. ) ;
#2084 = ORIENTED_EDGE ( 'NONE', *, *, #41, .T. ) ;
#2085 = ORIENTED_EDGE ( 'NONE', *, *, #43, .T. ) ;
#2086 = ORIENTED_EDGE ( 'NONE', *, *, #45, .T. ) ;
#2087 = ORIENTED_EDGE ( 'NONE', *, *, #47, .T. ) ;
#2088 = ORIENTED_EDGE ( 'NONE', *, *, #30, .T. ) ;
#2089 = ORIENTED_EDGE ( 'NONE', *, *, #33, .T. ) ;
#2090 = ORIENTED_EDGE ( 'NONE', *, *, #47, .F. ) ;
#2091 = ORIENTED_EDGE ( 'NONE', *, *, #42, .F. ) ;
#2092 = ORIENTED_EDGE ( 'NONE', *, *, #185, .T. ) ;
#2093 = ORIENTED_EDGE ( 'NONE', *, *, #42, .T. ) ;
#2094 = ORIENTED_EDGE ( 'NONE', *, *, #45, .F. ) ;
#2095 = ORIENTED_EDGE ( 'NONE', *, *, #40, .F. ) ;
#2096 = ORIENTED_EDGE ( 'NONE', *, *, #192, .T. ) ;
#2097 = ORIENTED_EDGE ( 'NONE', *, *, #40, .T. ) ;
#2098 = ORIENTED_EDGE ( 'NONE', *, *, #43, .F. ) ;
#2099 = ORIENTED_EDGE ( 'NONE', *, *, #38, .F. ) ;
#2100 = ORIENTED_EDGE ( 'NONE', *, *, #189, .T. ) ;
#2101 = ORIENTED_EDGE ( 'NONE', *, *, #38, .T. ) ;
#2102 = ORIENTED_EDGE ( 'NONE', *, *, #41, .F. ) ;
#2103 = ORIENTED_EDGE ( 'NONE', *, *, #36, .F. ) ;
#2104 = ORIENTED_EDGE ( 'NONE', *, *, #186, .T. ) ;
#2105 = ORIENTED_EDGE ( 'NONE', *, *, #36, .T. ) ;
#2106 = ORIENTED_EDGE ( 'NONE', *, *, #39, .F. ) ;
#2107 = ORIENTED_EDGE ( 'NONE', *, *, #34, .F. ) ;
#2108 = ORIENTED_EDGE ( 'NONE', *, *, #191, .T. ) ;
#2109 = ORIENTED_EDGE ( 'NONE', *, *, #34, .T. ) ;
#2110 = ORIENTED_EDGE ( 'NONE', *, *, #37, .F. ) ;
#2111 = ORIENTED_EDGE ( 'NONE', *, *, #188, .T. ) ;
#2112 = ORIENTED_EDGE ( 'NONE', *, *, #32, .T. ) ;
#2113 = ORIENTED_EDGE ( 'NONE', *, *, #32, .F. ) ;
#2114 = ORIENTED_EDGE ( 'NONE', *, *, #30, .F. ) ;
#2115 = ORIENTED_EDGE ( 'NONE', *, *, #33, .F. ) ;
#2116 = ORIENTED_EDGE ( 'NONE', *, *, #187, .T. ) ;
#2117 = ORIENTED_EDGE ( 'NONE', *, *, #183, .T. ) ;
#2118 = ORIENTED_EDGE ( 'NONE', *, *, #193, .T. ) ;
#2119 = ORIENTED_EDGE ( 'NONE', *, *, #29, .T. ) ;
#2120 = ORIENTED_EDGE ( 'NONE', *, *, #178, .T. ) ;
#2121 = ORIENTED_EDGE ( 'NONE', *, *, #176, .T. ) ;
#2122 = ORIENTED_EDGE ( 'NONE', *, *, #196, .T. ) ;
#2123 = ORIENTED_EDGE ( 'NONE', *, *, #31, .T. ) ;
#2124 = ORIENTED_EDGE ( 'NONE', *, *, #205, .T. ) ;
#2125 = ORIENTED_EDGE ( 'NONE', *, *, #1, .T. ) ;
#2126 = ORIENTED_EDGE ( 'NONE', *, *, #2954, .T. ) ;
#2127 = ORIENTED_EDGE ( 'NONE', *, *, #26, .F. ) ;
#2128 = ORIENTED_EDGE ( 'NONE', *, *, #24, .T. ) ;
#2129 = ORIENTED_EDGE ( 'NONE', *, *, #182, .F. ) ;
#2130 = ORIENTED_EDGE ( 'NONE', *, *, #24, .F. ) ;
#2131 = ORIENTED_EDGE ( 'NONE', *, *, #23, .F. ) ;
#2132 = ORIENTED_EDGE ( 'NONE', *, *, #27, .F. ) ;
#2133 = ORIENTED_EDGE ( 'NONE', *, *, #25, .T. ) ;
#2134 = ORIENTED_EDGE ( 'NONE', *, *, #15, .T. ) ;
#2135 = ORIENTED_EDGE ( 'NONE', *, *, #16, .T. ) ;
#2136 = ORIENTED_EDGE ( 'NONE', *, *, #22, .T. ) ;
#2137 = ORIENTED_EDGE ( 'NONE', *, *, #19, .F. ) ;
#2138 = ORIENTED_EDGE ( 'NONE', *, *, #222, .T. ) ;
#2139 = ORIENTED_EDGE ( 'NONE', *, *, #201, .F. ) ;
#2140 = ORIENTED_EDGE ( 'NONE', *, *, #183, .F. ) ;
#2141 = ORIENTED_EDGE ( 'NONE', *, *, #182, .T. ) ;
#2142 = ORIENTED_EDGE ( 'NONE', *, *, #185, .F. ) ;
#2143 = ORIENTED_EDGE ( 'NONE', *, *, #192, .F. ) ;
#2144 = ORIENTED_EDGE ( 'NONE', *, *, #189, .F. ) ;
#2145 = ORIENTED_EDGE ( 'NONE', *, *, #186, .F. ) ;
#2146 = ORIENTED_EDGE ( 'NONE', *, *, #191, .F. ) ;
#2147 = ORIENTED_EDGE ( 'NONE', *, *, #188, .F. ) ;
#2148 = ORIENTED_EDGE ( 'NONE', *, *, #187, .F. ) ;
#2149 = ORIENTED_EDGE ( 'NONE', *, *, #193, .F. ) ;
#2150 = ORIENTED_EDGE ( 'NONE', *, *, #201, .T. ) ;
#2151 = ORIENTED_EDGE ( 'NONE', *, *, #216, .T. ) ;
#2152 = ORIENTED_EDGE ( 'NONE', *, *, #190, .F. ) ;
#2153 = ORIENTED_EDGE ( 'NONE', *, *, #194, .F. ) ;
#2154 = ORIENTED_EDGE ( 'NONE', *, *, #205, .F. ) ;
#2155 = ORIENTED_EDGE ( 'NONE', *, *, #199, .T. ) ;
#2156 = ORIENTED_EDGE ( 'NONE', *, *, #208, .T. ) ;
#2157 = ORIENTED_EDGE ( 'NONE', *, *, #195, .T. ) ;
#2158 = ORIENTED_EDGE ( 'NONE', *, *, #210, .T. ) ;
#2159 = ORIENTED_EDGE ( 'NONE', *, *, #198, .T. ) ;
#2160 = ORIENTED_EDGE ( 'NONE', *, *, #196, .F. ) ;
#2161 = ORIENTED_EDGE ( 'NONE', *, *, #200, .T. ) ;
#2162 = ORIENTED_EDGE ( 'NONE', *, *, #147, .T. ) ;
#2163 = ORIENTED_EDGE ( 'NONE', *, *, #203, .T. ) ;
#2164 = ORIENTED_EDGE ( 'NONE', *, *, #184, .F. ) ;
#2165 = ORIENTED_EDGE ( 'NONE', *, *, #202, .T. ) ;
#2166 = ORIENTED_EDGE ( 'NONE', *, *, #154, .T. ) ;
#2167 = ORIENTED_EDGE ( 'NONE', *, *, #204, .T. ) ;
#2168 = ORIENTED_EDGE ( 'NONE', *, *, #158, .F. ) ;
#2169 = ORIENTED_EDGE ( 'NONE', *, *, #2951, .F. ) ;
#2170 = ORIENTED_EDGE ( 'NONE', *, *, #2952, .F. ) ;
#2171 = ORIENTED_EDGE ( 'NONE', *, *, #2962, .F. ) ;
#2172 = ORIENTED_EDGE ( 'NONE', *, *, #132, .F. ) ;
#2173 = ORIENTED_EDGE ( 'NONE', *, *, #160, .F. ) ;
#2174 = ORIENTED_EDGE ( 'NONE', *, *, #161, .F. ) ;
#2175 = ORIENTED_EDGE ( 'NONE', *, *, #164, .F. ) ;
#2176 = ORIENTED_EDGE ( 'NONE', *, *, #162, .F. ) ;
#2177 = ORIENTED_EDGE ( 'NONE', *, *, #163, .F. ) ;
#2178 = ORIENTED_EDGE ( 'NONE', *, *, #165, .F. ) ;
#2179 = ORIENTED_EDGE ( 'NONE', *, *, #166, .F. ) ;
#2180 = ORIENTED_EDGE ( 'NONE', *, *, #167, .F. ) ;
#2181 = CARTESIAN_POINT ( 'NONE',  ( -0.5999999999999997600, 1.949999999999999300, -2.199999999999999700 ) ) ;
#2182 = DIRECTION ( 'NONE',  ( -1.000000000000000000, 3.516331370223259700E-016, -0.0000000000000000000 ) ) ;
#2183 = DIRECTION ( 'NONE',  ( -1.000000000000000000, 3.516331370223259700E-016, -0.0000000000000000000 ) ) ;
#2184 = DIRECTION ( 'NONE',  ( 1.000000000000000000, -0.0000000000000000000, -0.0000000000000000000 ) ) ;
#2185 = CARTESIAN_POINT ( 'NONE',  ( 3.500000000000001300, -10.10000000000000000, 9.700000000000001100 ) ) ;
#2186 = CARTESIAN_POINT ( 'NONE',  ( 8.391829923454011500, -15.40000000000000200, -8.699999999999999300 ) ) ;
#2187 = CARTESIAN_POINT ( 'NONE',  ( -0.05000000000002105500, -17.80000000000000400, 6.249999999999998200 ) ) ;
#2188 = DIRECTION ( 'NONE',  ( -1.000000000000000000, -0.0000000000000000000, -0.0000000000000000000 ) ) ;
#2189 = CARTESIAN_POINT ( 'NONE',  ( -2.949999999999999700, -14.20000000000000100, 5.749999999999998200 ) ) ;
#2190 = DIRECTION ( 'NONE',  ( -0.0000000000000000000, -0.0000000000000000000, 1.000000000000000000 ) ) ;
#2191 = CARTESIAN_POINT ( 'NONE',  ( -0.3999999999999998600, -0.5999999999999998700, -0.1000000000000000100 ) ) ;
#2192 = DIRECTION ( 'NONE',  ( -0.0000000000000000000, 1.000000000000000000, -0.0000000000000000000 ) ) ;
#2193 = CARTESIAN_POINT ( 'NONE',  ( -2.949999999999999700, -14.20000000000000100, 0.2499999999999993600 ) ) ;
#2194 = DIRECTION ( 'NONE',  ( -0.0000000000000000000, 1.000000000000000000, -0.0000000000000000000 ) ) ;
#2195 = CARTESIAN_POINT ( 'NONE',  ( 0.4499999999999789700, -17.80000000000000400, 6.249999999999998200 ) ) ;
#2196 = DIRECTION ( 'NONE',  ( -0.0000000000000000000, -0.0000000000000000000, -1.000000000000000000 ) ) ;
#2197 = DIRECTION ( 'NONE',  ( 0.0000000000000000000, 0.0000000000000000000, 1.000000000000000000 ) ) ;
#2198 = CARTESIAN_POINT ( 'NONE',  ( -2.449999999999999700, -15.80000000000000100, 3.799999999999999400 ) ) ;
#2199 = DIRECTION ( 'NONE',  ( 1.000000000000000000, -0.0000000000000000000, -0.0000000000000000000 ) ) ;
#2200 = CARTESIAN_POINT ( 'NONE',  ( 0.4499999999999789700, -17.80000000000000400, 5.749999999999998200 ) ) ;
#2201 = DIRECTION ( 'NONE',  ( 1.000000000000000000, 0.0000000000000000000, 0.0000000000000000000 ) ) ;
#2202 = CARTESIAN_POINT ( 'NONE',  ( -2.449999999999999700, -15.80000000000000100, 3.799999999999999400 ) ) ;
#2203 = DIRECTION ( 'NONE',  ( 1.000000000000000000, -0.0000000000000000000, -0.0000000000000000000 ) ) ;
#2204 = CARTESIAN_POINT ( 'NONE',  ( -0.05000000000002105500, -17.80000000000000400, 5.749999999999998200 ) ) ;
#2205 = DIRECTION ( 'NONE',  ( -0.0000000000000000000, -0.0000000000000000000, 1.000000000000000000 ) ) ;
#2206 = CARTESIAN_POINT ( 'NONE',  ( -2.449999999999999700, -17.64000000000000400, 3.799999999999999400 ) ) ;
#2207 = DIRECTION ( 'NONE',  ( 1.000000000000000000, -0.0000000000000000000, -0.0000000000000000000 ) ) ;
#2208 = VERTEX_POINT ( 'NONE', #1240 ) ;
#2209 = CARTESIAN_POINT ( 'NONE',  ( -0.3999999999999998600, -0.5999999999999980900, 5.999999999999999100 ) ) ;
#2210 = DIRECTION ( 'NONE',  ( -0.0000000000000000000, 1.000000000000000000, -1.971276677246371300E-016 ) ) ;
#2211 = CARTESIAN_POINT ( 'NONE',  ( -2.949999999999999700, -14.20000000000000100, 5.449999999999999300 ) ) ;
#2212 = DIRECTION ( 'NONE',  ( -0.0000000000000000000, -0.0000000000000000000, 1.000000000000000000 ) ) ;
#2213 = CARTESIAN_POINT ( 'NONE',  ( 0.4000000000000001900, 0.5999999999999999800, -0.1000000000000000100 ) ) ;
#2214 = DIRECTION ( 'NONE',  ( 0.0000000000000000000, -1.000000000000000000, 0.0000000000000000000 ) ) ;
#2215 = CARTESIAN_POINT ( 'NONE',  ( -0.3999999999999998600, 0.5999999999999998700, -0.1000000000000000100 ) ) ;
#2216 = DIRECTION ( 'NONE',  ( -1.000000000000000000, -1.355252715606880500E-016, -0.0000000000000000000 ) ) ;
#2217 = CARTESIAN_POINT ( 'NONE',  ( -2.449999999999999700, -17.64000000000000400, 2.199999999999998800 ) ) ;
#2218 = DIRECTION ( 'NONE',  ( -0.0000000000000000000, -0.0000000000000000000, 1.000000000000000000 ) ) ;
#2219 = CARTESIAN_POINT ( 'NONE',  ( 0.4000000000000001900, 0.6000000000000016400, 5.999999999999999100 ) ) ;
#2220 = DIRECTION ( 'NONE',  ( -0.0000000000000000000, -0.0000000000000000000, 1.000000000000000000 ) ) ;
#2221 = CARTESIAN_POINT ( 'NONE',  ( -0.3999999999999998600, 0.5999999999999998700, -0.1000000000000000100 ) ) ;
#2222 = DIRECTION ( 'NONE',  ( -1.445602896647339400E-016, -2.891205793294678800E-016, -1.000000000000000000 ) ) ;
#2223 = CARTESIAN_POINT ( 'NONE',  ( -2.500000000000000000, -6.700000000000001100, 8.673617379883996000E-017 ) ) ;
#2224 = DIRECTION ( 'NONE',  ( -1.445602896647339400E-016, 2.891205793294678800E-016, 1.000000000000000000 ) ) ;
#2225 = CARTESIAN_POINT ( 'NONE',  ( -0.3999999999999998600, 0.6000000000000015300, 6.099999999999999600 ) ) ;
#2226 = DIRECTION ( 'NONE',  ( -0.0000000000000000000, -0.0000000000000000000, 1.000000000000000000 ) ) ;
#2227 = CARTESIAN_POINT ( 'NONE',  ( 2.500000000000000000, -7.400000000000003000, 2.139492287038063500E-015 ) ) ;
#2228 = DIRECTION ( 'NONE',  ( -1.000000000000000000, -1.355252715606880500E-016, -0.0000000000000000000 ) ) ;
#2229 = CARTESIAN_POINT ( 'NONE',  ( -0.3999999999999998600, 0.6000000000000015300, 5.999999999999999100 ) ) ;
#2230 = DIRECTION ( 'NONE',  ( -1.000000000000000000, -0.0000000000000000000, -0.0000000000000000000 ) ) ;
#2231 = CARTESIAN_POINT ( 'NONE',  ( -1.849999999999999900, -14.20000000000000100, 5.449999999999999300 ) ) ;
#2232 = DIRECTION ( 'NONE',  ( -0.0000000000000000000, -0.0000000000000000000, -1.000000000000000000 ) ) ;
#2233 = CARTESIAN_POINT ( 'NONE',  ( -0.3999999999999998600, 0.5999999999999998700, -0.1000000000000000100 ) ) ;
#2234 = DIRECTION ( 'NONE',  ( 0.0000000000000000000, 0.0000000000000000000, 1.000000000000000000 ) ) ;
#2235 = CARTESIAN_POINT ( 'NONE',  ( -2.449999999999999700, -15.80000000000000100, 2.199999999999999300 ) ) ;
#2236 = DIRECTION ( 'NONE',  ( 1.000000000000000000, -0.0000000000000000000, -0.0000000000000000000 ) ) ;
#2237 = CARTESIAN_POINT ( 'NONE',  ( -2.449999999999999700, -15.80000000000000100, 2.199999999999999300 ) ) ;
#2238 = DIRECTION ( 'NONE',  ( 1.000000000000000000, -0.0000000000000000000, -0.0000000000000000000 ) ) ;
#2239 = CARTESIAN_POINT ( 'NONE',  ( 3.500000000000001300, -10.10000000000000000, -3.700000000000000200 ) ) ;
#2240 = VERTEX_POINT ( 'NONE', #1245 ) ;
#2241 = VERTEX_POINT ( 'NONE', #1243 ) ;
#2242 = DIRECTION ( 'NONE',  ( 1.000000000000000000, -0.0000000000000000000, -0.0000000000000000000 ) ) ;
#2243 = CARTESIAN_POINT ( 'NONE',  ( -2.449999999999999700, -17.64000000000000400, 2.199999999999998800 ) ) ;
#2244 = DIRECTION ( 'NONE',  ( -4.688441826964344300E-016, -1.000000000000000000, 0.0000000000000000000 ) ) ;
#2245 = CARTESIAN_POINT ( 'NONE',  ( 3.500000000000001300, -10.10000000000000000, 16.00000000000000000 ) ) ;
#2246 = DIRECTION ( 'NONE',  ( 3.516331370223258200E-016, 1.000000000000000000, -0.0000000000000000000 ) ) ;
#2247 = CARTESIAN_POINT ( 'NONE',  ( 3.500000000000001300, -10.10000000000000000, 9.700000000000001100 ) ) ;
#2248 = DIRECTION ( 'NONE',  ( -9.664888634964884100E-031, -2.061428720173045200E-015, 1.000000000000000000 ) ) ;
#2249 = CARTESIAN_POINT ( 'NONE',  ( 3.500000000000000400, -12.20000000000000300, 14.69999999999999400 ) ) ;
#2250 = DIRECTION ( 'NONE',  ( 1.000000000000000000, -0.0000000000000000000, -0.0000000000000000000 ) ) ;
#2251 = CARTESIAN_POINT ( 'NONE',  ( -3.499999999999999600, -10.10000000000000000, -10.00000000000000000 ) ) ;
#2252 = DIRECTION ( 'NONE',  ( -4.688441826964344300E-016, -1.000000000000000000, 0.0000000000000000000 ) ) ;
#2253 = CARTESIAN_POINT ( 'NONE',  ( 3.500000000000001300, -10.10000000000000000, -10.00000000000000000 ) ) ;
#2254 = DIRECTION ( 'NONE',  ( -0.0000000000000000000, -0.0000000000000000000, 1.000000000000000000 ) ) ;
#2255 = CARTESIAN_POINT ( 'NONE',  ( 3.499999999999997800, -17.49999999999999600, 9.700000000000001100 ) ) ;
#2256 = DIRECTION ( 'NONE',  ( 0.0000000000000000000, -5.153571800432618900E-016, 1.000000000000000000 ) ) ;
#2257 = CARTESIAN_POINT ( 'NONE',  ( 3.500000000000000400, -12.20000000000000300, 14.69999999999999400 ) ) ;
#2258 = DIRECTION ( 'NONE',  ( -4.688441826964344300E-016, -1.000000000000000000, 0.0000000000000000000 ) ) ;
#2259 = CARTESIAN_POINT ( 'NONE',  ( -3.500000000000001300, -15.39999999999999900, -8.699999999999999300 ) ) ;
#2260 = DIRECTION ( 'NONE',  ( -4.336808689942009800E-016, -1.000000000000000000, 8.673617379884019700E-016 ) ) ;
#2261 = DIRECTION ( 'NONE',  ( 1.000000000000000000, -4.688441826964344300E-016, -0.0000000000000000000 ) ) ;
#2262 = DIRECTION ( 'NONE',  ( -0.0000000000000000000, -5.153571800432618900E-016, -1.000000000000000000 ) ) ;
#2263 = CARTESIAN_POINT ( 'NONE',  ( -3.500000000000000400, -12.19999999999999800, -8.699999999999999300 ) ) ;
#2264 = DIRECTION ( 'NONE',  ( -2.710505431213760100E-016, -1.000000000000000000, 0.0000000000000000000 ) ) ;
#2265 = CARTESIAN_POINT ( 'NONE',  ( -3.500000000000000400, -12.19999999999999800, -8.699999999999999300 ) ) ;
#2266 = DIRECTION ( 'NONE',  ( -1.000000000000000000, 0.0000000000000000000, 0.0000000000000000000 ) ) ;
#2267 = CARTESIAN_POINT ( 'NONE',  ( 3.499999999999997800, -17.49999999999999600, -3.700000000000000200 ) ) ;
#2268 = DIRECTION ( 'NONE',  ( -3.252606517456514800E-016, -1.000000000000000000, 0.0000000000000000000 ) ) ;
#2269 = DIRECTION ( 'NONE',  ( -1.000000000000000000, 3.516331370223259200E-016, 0.0000000000000000000 ) ) ;
#2270 = CARTESIAN_POINT ( 'NONE',  ( 3.500000000000001300, -10.10000000000000000, 9.700000000000001100 ) ) ;
#2271 = DIRECTION ( 'NONE',  ( -0.0000000000000000000, -0.0000000000000000000, 1.000000000000000000 ) ) ;
#2272 = CARTESIAN_POINT ( 'NONE',  ( -3.500000000000000900, -13.79999999999999700, -9.000000000000000000 ) ) ;
#2273 = DIRECTION ( 'NONE',  ( 0.0000000000000000000, 0.0000000000000000000, -1.000000000000000000 ) ) ;
#2274 = DIRECTION ( 'NONE',  ( 0.0000000000000000000, -1.000000000000000000, 0.0000000000000000000 ) ) ;
#2275 = CARTESIAN_POINT ( 'NONE',  ( 3.499999999999999600, -13.79999999999999700, 14.99999999999999800 ) ) ;
#2276 = DIRECTION ( 'NONE',  ( -0.0000000000000000000, -0.0000000000000000000, 1.000000000000000000 ) ) ;
#2277 = CARTESIAN_POINT ( 'NONE',  ( -3.500000000000002200, -17.49999999999999600, -10.00000000000000000 ) ) ;
#2278 = DIRECTION ( 'NONE',  ( -1.000000000000000000, 0.0000000000000000000, 0.0000000000000000000 ) ) ;
#2279 = CARTESIAN_POINT ( 'NONE',  ( 3.499999999999997800, -17.49999999999999600, -10.00000000000000000 ) ) ;
#2280 = DIRECTION ( 'NONE',  ( 0.4472135954999578200, 0.0000000000000000000, -0.8944271909999158600 ) ) ;
#2281 = CARTESIAN_POINT ( 'NONE',  ( 0.0000000000000000000, -17.49999999999999600, -7.000000000000000000 ) ) ;
#2282 = DIRECTION ( 'NONE',  ( -4.688441826964344300E-016, -1.000000000000000000, 0.0000000000000000000 ) ) ;
#2283 = CARTESIAN_POINT ( 'NONE',  ( -3.499999999999999600, -10.10000000000000000, -10.00000000000000000 ) ) ;
#2284 = CARTESIAN_POINT ( 'NONE',  ( 4.336808689942017700E-016, 1.950000000000002000, 8.599999999999999600 ) ) ;
#2285 = DIRECTION ( 'NONE',  ( -9.664888634964884100E-031, -2.061428720173045200E-015, -1.000000000000000000 ) ) ;
#2286 = CARTESIAN_POINT ( 'NONE',  ( 3.500000000000001300, -10.10000000000000000, -10.00000000000000000 ) ) ;
#2287 = DIRECTION ( 'NONE',  ( 2.416222158741223700E-031, 5.153571800432619900E-016, -1.000000000000000000 ) ) ;
#2288 = CARTESIAN_POINT ( 'NONE',  ( 3.499999999999998700, -15.40000000000000000, -8.699999999999999300 ) ) ;
#2289 = DIRECTION ( 'NONE',  ( -0.0000000000000000000, -0.0000000000000000000, 1.000000000000000000 ) ) ;
#2290 = CARTESIAN_POINT ( 'NONE',  ( 3.499999999999998700, -15.39999999999999700, 14.69999999999999400 ) ) ;
#2291 = DIRECTION ( 'NONE',  ( 2.416222158741223700E-031, 5.153571800432619900E-016, 1.000000000000000000 ) ) ;
#2292 = CARTESIAN_POINT ( 'NONE',  ( 3.500000000000001300, -10.10000000000000000, -10.00000000000000000 ) ) ;
#2293 = DIRECTION ( 'NONE',  ( -4.336808689942017700E-016, -1.000000000000000000, 0.0000000000000000000 ) ) ;
#2294 = DIRECTION ( 'NONE',  ( 1.000000000000000000, -4.688441826964344300E-016, -0.0000000000000000000 ) ) ;
#2295 = DIRECTION ( 'NONE',  ( -1.000000000000000000, 0.0000000000000000000, 0.0000000000000000000 ) ) ;
#2296 = CARTESIAN_POINT ( 'NONE',  ( 3.499999999999999600, -13.79999999999999900, -9.000000000000000000 ) ) ;
#2297 = DIRECTION ( 'NONE',  ( -0.0000000000000000000, -0.0000000000000000000, 1.000000000000000000 ) ) ;
#2298 = CARTESIAN_POINT ( 'NONE',  ( 3.500000000000000400, -12.19999999999999900, -8.699999999999999300 ) ) ;
#2299 = CARTESIAN_POINT ( 'NONE',  ( 3.499999999999997800, -17.49999999999999600, -3.700000000000000200 ) ) ;
#2300 = DIRECTION ( 'NONE',  ( -4.688441826964344300E-016, -1.000000000000000000, 0.0000000000000000000 ) ) ;
#2301 = CARTESIAN_POINT ( 'NONE',  ( 3.500000000000001300, -10.10000000000000000, -3.700000000000000200 ) ) ;
#2302 = DIRECTION ( 'NONE',  ( -1.000000000000000000, 0.0000000000000000000, 0.0000000000000000000 ) ) ;
#2303 = CARTESIAN_POINT ( 'NONE',  ( 3.499999999999997800, -17.49999999999999600, -10.00000000000000000 ) ) ;
#2304 = DIRECTION ( 'NONE',  ( 1.000000000000000000, -0.0000000000000000000, -0.0000000000000000000 ) ) ;
#2305 = CARTESIAN_POINT ( 'NONE',  ( 3.500000000000001300, -10.10000000000000000, -3.700000000000000200 ) ) ;
#2306 = DIRECTION ( 'NONE',  ( -1.355252715606880000E-016, 0.0000000000000000000, -1.000000000000000000 ) ) ;
#2307 = CARTESIAN_POINT ( 'NONE',  ( 0.6000000000000002000, 1.950000000000002000, 7.399999999999999500 ) ) ;
#2308 = DIRECTION ( 'NONE',  ( -0.0000000000000000000, 1.000000000000000000, -0.0000000000000000000 ) ) ;
#2309 = CARTESIAN_POINT ( 'NONE',  ( 0.6000000000000002000, 1.950000000000002000, 7.399999999999999500 ) ) ;
#2310 = DIRECTION ( 'NONE',  ( -1.000000000000000000, 0.0000000000000000000, 0.0000000000000000000 ) ) ;
#2311 = CARTESIAN_POINT ( 'NONE',  ( 0.4000000000000001900, 1.950000000000002000, 7.399999999999999500 ) ) ;
#2312 = DIRECTION ( 'NONE',  ( -0.0000000000000000000, 1.000000000000000000, -0.0000000000000000000 ) ) ;
#2313 = CARTESIAN_POINT ( 'NONE',  ( 0.4000000000000001900, 1.950000000000002000, 7.399999999999999500 ) ) ;
#2314 = DIRECTION ( 'NONE',  ( 1.355252715606880000E-016, 0.0000000000000000000, 1.000000000000000000 ) ) ;
#2315 = CARTESIAN_POINT ( 'NONE',  ( 0.4000000000000001300, 1.950000000000002000, 6.999999999999999100 ) ) ;
#2316 = DIRECTION ( 'NONE',  ( -0.0000000000000000000, 1.000000000000000000, -0.0000000000000000000 ) ) ;
#2317 = CARTESIAN_POINT ( 'NONE',  ( 0.4000000000000001300, 1.950000000000002000, 6.999999999999999100 ) ) ;
#2318 = DIRECTION ( 'NONE',  ( -1.000000000000000000, 0.0000000000000000000, 0.0000000000000000000 ) ) ;
#2319 = CARTESIAN_POINT ( 'NONE',  ( -0.3999999999999999100, 1.950000000000002000, 6.999999999999999100 ) ) ;
#2320 = DIRECTION ( 'NONE',  ( -0.0000000000000000000, 1.000000000000000000, -0.0000000000000000000 ) ) ;
#2321 = CARTESIAN_POINT ( 'NONE',  ( -0.3999999999999998600, 1.950000000000002000, 7.399999999999999500 ) ) ;
#2322 = DIRECTION ( 'NONE',  ( 3.516331370223258200E-016, 1.000000000000000000, -0.0000000000000000000 ) ) ;
#2323 = CARTESIAN_POINT ( 'NONE',  ( -0.3999999999999999100, 1.950000000000002000, 6.999999999999999100 ) ) ;
#2324 = DIRECTION ( 'NONE',  ( -0.0000000000000000000, 1.000000000000000000, -0.0000000000000000000 ) ) ;
#2325 = CARTESIAN_POINT ( 'NONE',  ( -0.3999999999999998600, 1.950000000000002000, 7.399999999999999500 ) ) ;
#2326 = DIRECTION ( 'NONE',  ( 0.4472135954999578200, 0.0000000000000000000, -0.8944271909999158600 ) ) ;
#2327 = CARTESIAN_POINT ( 'NONE',  ( -3.499999999999999600, -10.10000000000000000, -3.700000000000000200 ) ) ;
#2328 = DIRECTION ( 'NONE',  ( 0.4472135954999580900, 0.0000000000000000000, 0.8944271909999157400 ) ) ;
#2329 = CARTESIAN_POINT ( 'NONE',  ( -0.5999999999999997600, 1.950000000000002000, 7.399999999999999500 ) ) ;
#2330 = DIRECTION ( 'NONE',  ( -1.000000000000000000, 0.0000000000000000000, 0.0000000000000000000 ) ) ;
#2331 = CARTESIAN_POINT ( 'NONE',  ( 4.336808689942017700E-016, 1.949999999999999300, -1.000000000000000000 ) ) ;
#2332 = DIRECTION ( 'NONE',  ( 4.688441826964344300E-016, 1.000000000000000000, 0.0000000000000000000 ) ) ;
#2333 = CARTESIAN_POINT ( 'NONE',  ( 3.500000000000000400, -12.19999999999999900, -8.699999999999999300 ) ) ;
#2334 = DIRECTION ( 'NONE',  ( -1.355252715606880000E-016, 0.0000000000000000000, -1.000000000000000000 ) ) ;
#2335 = CARTESIAN_POINT ( 'NONE',  ( 0.6000000000000002000, 1.949999999999999300, -2.199999999999999700 ) ) ;
#2336 = DIRECTION ( 'NONE',  ( -0.0000000000000000000, 1.000000000000000000, -0.0000000000000000000 ) ) ;
#2337 = CARTESIAN_POINT ( 'NONE',  ( 0.6000000000000002000, 1.949999999999999300, -2.199999999999999700 ) ) ;
#2338 = DIRECTION ( 'NONE',  ( -1.000000000000000000, 0.0000000000000000000, 0.0000000000000000000 ) ) ;
#2339 = CARTESIAN_POINT ( 'NONE',  ( 0.4000000000000001900, 1.949999999999999300, -2.199999999999999700 ) ) ;
#2340 = DIRECTION ( 'NONE',  ( -0.0000000000000000000, 1.000000000000000000, -0.0000000000000000000 ) ) ;
#2341 = CARTESIAN_POINT ( 'NONE',  ( 0.4000000000000001900, 1.949999999999999300, -2.199999999999999700 ) ) ;
#2342 = DIRECTION ( 'NONE',  ( 1.355252715606880000E-016, 0.0000000000000000000, 1.000000000000000000 ) ) ;
#2343 = CARTESIAN_POINT ( 'NONE',  ( 0.4000000000000001300, 1.949999999999999300, -2.600000000000000100 ) ) ;
#2344 = DIRECTION ( 'NONE',  ( -0.0000000000000000000, 1.000000000000000000, -0.0000000000000000000 ) ) ;
#2345 = CARTESIAN_POINT ( 'NONE',  ( 0.4000000000000001300, 1.949999999999999300, -2.600000000000000100 ) ) ;
#2346 = DIRECTION ( 'NONE',  ( -1.000000000000000000, 0.0000000000000000000, 0.0000000000000000000 ) ) ;
#2347 = CARTESIAN_POINT ( 'NONE',  ( -0.3999999999999999100, 1.949999999999999300, -2.600000000000000100 ) ) ;
#2348 = DIRECTION ( 'NONE',  ( -0.0000000000000000000, 1.000000000000000000, -0.0000000000000000000 ) ) ;
#2349 = CARTESIAN_POINT ( 'NONE',  ( -0.3999999999999998600, 1.949999999999999300, -2.199999999999999700 ) ) ;
#2350 = DIRECTION ( 'NONE',  ( -0.0000000000000000000, 1.000000000000000000, -0.0000000000000000000 ) ) ;
#2351 = CARTESIAN_POINT ( 'NONE',  ( -0.3999999999999999100, 1.949999999999999300, -2.600000000000000100 ) ) ;
#2352 = DIRECTION ( 'NONE',  ( -0.0000000000000000000, 1.000000000000000000, -0.0000000000000000000 ) ) ;
#2353 = CARTESIAN_POINT ( 'NONE',  ( 4.336808689942017700E-016, 1.950000000000002000, 8.599999999999999600 ) ) ;
#2354 = DIRECTION ( 'NONE',  ( -0.0000000000000000000, 1.000000000000000000, -0.0000000000000000000 ) ) ;
#2355 = CARTESIAN_POINT ( 'NONE',  ( -0.3999999999999998600, 1.949999999999999300, -2.199999999999999700 ) ) ;
#2356 = DIRECTION ( 'NONE',  ( -0.0000000000000000000, 1.000000000000000000, -0.0000000000000000000 ) ) ;
#2357 = CARTESIAN_POINT ( 'NONE',  ( -0.5999999999999997600, 1.949999999999999300, -2.199999999999999700 ) ) ;
#2358 = DIRECTION ( 'NONE',  ( 0.0000000000000000000, -1.000000000000000000, -1.548860246407863600E-016 ) ) ;
#2359 = CARTESIAN_POINT ( 'NONE',  ( 4.336808689942017700E-016, 1.949999999999999300, -1.000000000000000000 ) ) ;
#2360 = DIRECTION ( 'NONE',  ( 0.4472135954999580900, 0.0000000000000000000, 0.8944271909999157400 ) ) ;
#2361 = CARTESIAN_POINT ( 'NONE',  ( -0.5999999999999997600, 1.949999999999999300, -2.199999999999999700 ) ) ;
#2362 = DIRECTION ( 'NONE',  ( 0.0000000000000000000, 1.000000000000000000, 0.0000000000000000000 ) ) ;
#2363 = CARTESIAN_POINT ( 'NONE',  ( 3.000000000000000000, 1.999999999999999100, 9.700000000000001100 ) ) ;
#2364 = DIRECTION ( 'NONE',  ( -0.0000000000000000000, 1.000000000000000000, -0.0000000000000000000 ) ) ;
#2365 = CARTESIAN_POINT ( 'NONE',  ( 3.000000000000000000, -20.40000000000000200, -3.700000000000000200 ) ) ;
#2366 = DIRECTION ( 'NONE',  ( -0.0000000000000000000, 1.000000000000000000, -2.891205793294678800E-016 ) ) ;
#2367 = CARTESIAN_POINT ( 'NONE',  ( 2.500000000000000000, -7.400000000000003000, 2.139492287038063500E-015 ) ) ;
#2368 = DIRECTION ( 'NONE',  ( -0.0000000000000000000, -2.891205793294679300E-016, -1.000000000000000000 ) ) ;
#2369 = CARTESIAN_POINT ( 'NONE',  ( 3.000000000000000000, -7.400000000000003000, 2.717733445696999500E-015 ) ) ;
#2370 = DIRECTION ( 'NONE',  ( 0.7071067811865480200, -0.7071067811865470200, 0.0000000000000000000 ) ) ;
#2371 = CARTESIAN_POINT ( 'NONE',  ( 2.500000000000000000, -6.700000000000001100, 0.0000000000000000000 ) ) ;
#2372 = DIRECTION ( 'NONE',  ( 0.0000000000000000000, -1.000000000000000000, 0.0000000000000000000 ) ) ;
#2373 = CARTESIAN_POINT ( 'NONE',  ( 3.000000000000000000, 2.000000000000001800, 0.0000000000000000000 ) ) ;
#2374 = VERTEX_POINT ( 'NONE', #1246 ) ;
#2375 = DIRECTION ( 'NONE',  ( -1.000000000000000000, 0.0000000000000000000, -1.156482317317872700E-015 ) ) ;
#2376 = CARTESIAN_POINT ( 'NONE',  ( 3.000000000000000000, -7.400000000000003000, 2.717733445696999500E-015 ) ) ;
#2377 = VERTEX_POINT ( 'NONE', #2181 ) ;
#2378 = VERTEX_POINT ( 'NONE', #1247 ) ;
#2379 = DIRECTION ( 'NONE',  ( -0.0000000000000000000, 1.000000000000000000, -2.891205793294678800E-016 ) ) ;
#2380 = CARTESIAN_POINT ( 'NONE',  ( -0.5999999999999997600, 1.950000000000002000, 7.399999999999999500 ) ) ;
#2381 = DIRECTION ( 'NONE',  ( 0.0000000000000000000, -1.000000000000000000, 0.0000000000000000000 ) ) ;
#2382 = VERTEX_POINT ( 'NONE', #1244 ) ;
#2383 = VERTEX_POINT ( 'NONE', #1248 ) ;
#2384 = CARTESIAN_POINT ( 'NONE',  ( -2.500000000000000000, -7.400000000000003000, 2.139492287038063500E-015 ) ) ;
#2385 = DIRECTION ( 'NONE',  ( 1.000000000000000000, -1.355252715606880300E-016, 0.0000000000000000000 ) ) ;
#2386 = VERTEX_POINT ( 'NONE', #1231 ) ;
#2387 = CARTESIAN_POINT ( 'NONE',  ( -0.3999999999999998600, -0.5999999999999998700, 0.0000000000000000000 ) ) ;
#2388 = VERTEX_POINT ( 'NONE', #1249 ) ;
#2389 = DIRECTION ( 'NONE',  ( -1.000000000000000000, -0.0000000000000000000, 1.156482317317872700E-015 ) ) ;
#2390 = CARTESIAN_POINT ( 'NONE',  ( -0.3999999999999998600, 0.5999999999999998700, 0.0000000000000000000 ) ) ;
#2391 = VERTEX_POINT ( 'NONE', #1250 ) ;
#2392 = DIRECTION ( 'NONE',  ( -1.000000000000000000, -1.355252715606880500E-016, -0.0000000000000000000 ) ) ;
#2393 = CARTESIAN_POINT ( 'NONE',  ( -0.3999999999999998600, 0.5999999999999998700, 0.0000000000000000000 ) ) ;
#2394 = VERTEX_POINT ( 'NONE', #1251 ) ;
#2395 = VERTEX_POINT ( 'NONE', #1252 ) ;
#2396 = VERTEX_POINT ( 'NONE', #1253 ) ;
#2397 = DIRECTION ( 'NONE',  ( 1.445602896647339400E-016, 2.891205793294678800E-016, 1.000000000000000000 ) ) ;
#2398 = CARTESIAN_POINT ( 'NONE',  ( -2.200000000000001100, -6.400000000000001200, 6.000000000000000900 ) ) ;
#2399 = DIRECTION ( 'NONE',  ( 0.7071067811865474600, 0.7071067811865474600, 0.0000000000000000000 ) ) ;
#2400 = VERTEX_POINT ( 'NONE', #1254 ) ;
#2401 = CARTESIAN_POINT ( 'NONE',  ( -3.000000000000000000, -7.400000000000003000, 2.717733445696999500E-015 ) ) ;
#2402 = DIRECTION ( 'NONE',  ( 1.000000000000000000, 0.0000000000000000000, 0.0000000000000000000 ) ) ;
#2403 = VERTEX_POINT ( 'NONE', #1255 ) ;
#2404 = CARTESIAN_POINT ( 'NONE',  ( -2.500000000000000000, -6.700000000000001100, 0.0000000000000000000 ) ) ;
#2405 = VERTEX_POINT ( 'NONE', #1256 ) ;
#2406 = DIRECTION ( 'NONE',  ( -4.517509052022935300E-017, 1.000000000000000000, -0.0000000000000000000 ) ) ;
#2407 = CARTESIAN_POINT ( 'NONE',  ( -3.000000000000000000, -6.400000000000003000, 0.0000000000000000000 ) ) ;
#2408 = DIRECTION ( 'NONE',  ( 1.000000000000000000, 0.0000000000000000000, 0.0000000000000000000 ) ) ;
#2409 = VERTEX_POINT ( 'NONE', #1257 ) ;
#2410 = CARTESIAN_POINT ( 'NONE',  ( -3.000000000000000000, -7.400000000000001200, 6.000000000000000900 ) ) ;
#2411 = VERTEX_POINT ( 'NONE', #1258 ) ;
#2412 = DIRECTION ( 'NONE',  ( 1.445602896647339400E-016, -2.891205793294678800E-016, -1.000000000000000000 ) ) ;
#2413 = CARTESIAN_POINT ( 'NONE',  ( 2.200000000000001500, -6.400000000000003000, 1.807003620809175400E-015 ) ) ;
#2414 = VERTEX_POINT ( 'NONE', #1259 ) ;
#2415 = VERTEX_POINT ( 'NONE', #1260 ) ;
#2416 = DIRECTION ( 'NONE',  ( -0.7071067811865474600, -0.7071067811865474600, 0.0000000000000000000 ) ) ;
#2417 = VERTEX_POINT ( 'NONE', #1261 ) ;
#2418 = VERTEX_POINT ( 'NONE', #1262 ) ;
#2419 = CARTESIAN_POINT ( 'NONE',  ( 0.4000000000000001900, 0.5999999999999999800, 0.0000000000000000000 ) ) ;
#2420 = DIRECTION ( 'NONE',  ( -0.0000000000000000000, 1.000000000000000000, -2.891205793294678800E-016 ) ) ;
#2421 = CARTESIAN_POINT ( 'NONE',  ( -2.500000000000000400, -6.700000000000001100, 5.999999999999998200 ) ) ;
#2422 = VERTEX_POINT ( 'NONE', #1263 ) ;
#2423 = DIRECTION ( 'NONE',  ( 1.000000000000000000, -0.0000000000000000000, -0.0000000000000000000 ) ) ;
#2424 = CARTESIAN_POINT ( 'NONE',  ( -2.499999999999999100, -7.400000000000001200, 6.000000000000000900 ) ) ;
#2425 = DIRECTION ( 'NONE',  ( 1.000000000000000000, 0.0000000000000000000, 0.0000000000000000000 ) ) ;
#2426 = VERTEX_POINT ( 'NONE', #1264 ) ;
#2427 = CARTESIAN_POINT ( 'NONE',  ( -3.000000000000000000, -6.400000000000001200, 5.999999999999998200 ) ) ;
#2428 = VERTEX_POINT ( 'NONE', #1265 ) ;
#2429 = VERTEX_POINT ( 'NONE', #1266 ) ;
#2430 = DIRECTION ( 'NONE',  ( -1.000000000000000000, -1.355252715606880500E-016, -0.0000000000000000000 ) ) ;
#2431 = VERTEX_POINT ( 'NONE', #1267 ) ;
#2432 = CARTESIAN_POINT ( 'NONE',  ( -0.3999999999999998600, 0.6000000000000015300, 5.999999999999999100 ) ) ;
#2433 = VERTEX_POINT ( 'NONE', #1268 ) ;
#2434 = DIRECTION ( 'NONE',  ( -0.7071067811865480200, 0.7071067811865470200, 0.0000000000000000000 ) ) ;
#2435 = CARTESIAN_POINT ( 'NONE',  ( 2.500000000000000400, -6.700000000000000200, 5.999999999999998200 ) ) ;
#2436 = VERTEX_POINT ( 'NONE', #1269 ) ;
#2437 = VERTEX_POINT ( 'NONE', #1270 ) ;
#2438 = DIRECTION ( 'NONE',  ( 1.000000000000000000, -1.355252715606880300E-016, 0.0000000000000000000 ) ) ;
#2439 = VERTEX_POINT ( 'NONE', #1271 ) ;
#2440 = CARTESIAN_POINT ( 'NONE',  ( -0.3999999999999998600, -0.5999999999999980900, 5.999999999999999100 ) ) ;
#2441 = VERTEX_POINT ( 'NONE', #1272 ) ;
#2442 = DIRECTION ( 'NONE',  ( 0.0000000000000000000, -1.000000000000000000, 0.0000000000000000000 ) ) ;
#2443 = CARTESIAN_POINT ( 'NONE',  ( 3.000000000000000000, -7.400000000000001200, 6.000000000000000900 ) ) ;
#2444 = VERTEX_POINT ( 'NONE', #1273 ) ;
#2445 = DIRECTION ( 'NONE',  ( 1.000000000000000000, 0.0000000000000000000, 0.0000000000000000000 ) ) ;
#2446 = CARTESIAN_POINT ( 'NONE',  ( -0.3999999999999998600, 0.6000000000000015300, 5.999999999999999100 ) ) ;
#2447 = VERTEX_POINT ( 'NONE', #1274 ) ;
#2448 = VERTEX_POINT ( 'NONE', #1275 ) ;
#2449 = CARTESIAN_POINT ( 'NONE',  ( -3.000000000000000000, 1.999999999999999100, 5.999999999999998200 ) ) ;
#2450 = DIRECTION ( 'NONE',  ( 0.0000000000000000000, 0.0000000000000000000, 1.000000000000000000 ) ) ;
#2451 = VERTEX_POINT ( 'NONE', #1276 ) ;
#2452 = VERTEX_POINT ( 'NONE', #1277 ) ;
#2453 = VERTEX_POINT ( 'NONE', #1278 ) ;
#2454 = VERTEX_POINT ( 'NONE', #1279 ) ;
#2455 = VERTEX_POINT ( 'NONE', #1280 ) ;
#2456 = VERTEX_POINT ( 'NONE', #1281 ) ;
#2457 = VERTEX_POINT ( 'NONE', #1282 ) ;
#2458 = VERTEX_POINT ( 'NONE', #1283 ) ;
#2459 = VERTEX_POINT ( 'NONE', #1284 ) ;
#2460 = VERTEX_POINT ( 'NONE', #1285 ) ;
#2461 = VERTEX_POINT ( 'NONE', #1286 ) ;
#2462 = VERTEX_POINT ( 'NONE', #1287 ) ;
#2463 = VERTEX_POINT ( 'NONE', #1288 ) ;
#2464 = VERTEX_POINT ( 'NONE', #1289 ) ;
#2465 = VERTEX_POINT ( 'NONE', #1290 ) ;
#2466 = VERTEX_POINT ( 'NONE', #1291 ) ;
#2467 = VERTEX_POINT ( 'NONE', #1292 ) ;
#2468 = VERTEX_POINT ( 'NONE', #1293 ) ;
#2469 = VERTEX_POINT ( 'NONE', #1294 ) ;
#2470 = VERTEX_POINT ( 'NONE', #1295 ) ;
#2471 = VERTEX_POINT ( 'NONE', #1296 ) ;
#2472 = VERTEX_POINT ( 'NONE', #1297 ) ;
#2473 = VERTEX_POINT ( 'NONE', #1298 ) ;
#2474 = VERTEX_POINT ( 'NONE', #1299 ) ;
#2475 = VERTEX_POINT ( 'NONE', #1300 ) ;
#2476 = VERTEX_POINT ( 'NONE', #1301 ) ;
#2477 = VERTEX_POINT ( 'NONE', #1302 ) ;
#2478 = VERTEX_POINT ( 'NONE', #1303 ) ;
#2479 = VERTEX_POINT ( 'NONE', #1304 ) ;
#2480 = VERTEX_POINT ( 'NONE', #1305 ) ;
#2481 = VERTEX_POINT ( 'NONE', #1306 ) ;
#2482 = VERTEX_POINT ( 'NONE', #1307 ) ;
#2483 = VERTEX_POINT ( 'NONE', #1308 ) ;
#2484 = VERTEX_POINT ( 'NONE', #1309 ) ;
#2485 = VERTEX_POINT ( 'NONE', #1310 ) ;
#2486 = VERTEX_POINT ( 'NONE', #1311 ) ;
#2487 = VERTEX_POINT ( 'NONE', #1312 ) ;
#2488 = VERTEX_POINT ( 'NONE', #1313 ) ;
#2489 = VERTEX_POINT ( 'NONE', #1314 ) ;
#2490 = VERTEX_POINT ( 'NONE', #1315 ) ;
#2491 = VERTEX_POINT ( 'NONE', #1316 ) ;
#2492 = VERTEX_POINT ( 'NONE', #1317 ) ;
#2493 = VERTEX_POINT ( 'NONE', #1318 ) ;
#2494 = VERTEX_POINT ( 'NONE', #1319 ) ;
#2495 = VERTEX_POINT ( 'NONE', #1320 ) ;
#2496 = VERTEX_POINT ( 'NONE', #1321 ) ;
#2497 = VERTEX_POINT ( 'NONE', #1322 ) ;
#2498 = VERTEX_POINT ( 'NONE', #1323 ) ;
#2499 = VERTEX_POINT ( 'NONE', #1324 ) ;
#2500 = VERTEX_POINT ( 'NONE', #1325 ) ;
#2501 = VERTEX_POINT ( 'NONE', #1326 ) ;
#2502 = VERTEX_POINT ( 'NONE', #1327 ) ;
#2503 = VERTEX_POINT ( 'NONE', #1328 ) ;
#2504 = VERTEX_POINT ( 'NONE', #1329 ) ;
#2505 = VERTEX_POINT ( 'NONE', #1330 ) ;
#2506 = VERTEX_POINT ( 'NONE', #1331 ) ;
#2507 = VERTEX_POINT ( 'NONE', #1332 ) ;
#2508 = VERTEX_POINT ( 'NONE', #1333 ) ;
#2509 = VERTEX_POINT ( 'NONE', #1334 ) ;
#2510 = VERTEX_POINT ( 'NONE', #1335 ) ;
#2511 = VERTEX_POINT ( 'NONE', #1336 ) ;
#2512 = VERTEX_POINT ( 'NONE', #1337 ) ;
#2513 = VERTEX_POINT ( 'NONE', #1338 ) ;
#2514 = VERTEX_POINT ( 'NONE', #1339 ) ;
#2515 = VERTEX_POINT ( 'NONE', #1340 ) ;
#2516 = VERTEX_POINT ( 'NONE', #1341 ) ;
#2517 = VERTEX_POINT ( 'NONE', #1342 ) ;
#2518 = VERTEX_POINT ( 'NONE', #1343 ) ;
#2519 = VERTEX_POINT ( 'NONE', #1344 ) ;
#2520 = VERTEX_POINT ( 'NONE', #1345 ) ;
#2521 = VERTEX_POINT ( 'NONE', #1346 ) ;
#2522 = VERTEX_POINT ( 'NONE', #1347 ) ;
#2523 = VERTEX_POINT ( 'NONE', #1348 ) ;
#2524 = VERTEX_POINT ( 'NONE', #1349 ) ;
#2525 = VERTEX_POINT ( 'NONE', #1350 ) ;
#2526 = VERTEX_POINT ( 'NONE', #1351 ) ;
#2527 = VERTEX_POINT ( 'NONE', #1352 ) ;
#2528 = VERTEX_POINT ( 'NONE', #1353 ) ;
#2529 = VERTEX_POINT ( 'NONE', #1354 ) ;
#2530 = VERTEX_POINT ( 'NONE', #1355 ) ;
#2531 = VERTEX_POINT ( 'NONE', #1356 ) ;
#2532 = VERTEX_POINT ( 'NONE', #1357 ) ;
#2533 = VERTEX_POINT ( 'NONE', #1358 ) ;
#2534 = VERTEX_POINT ( 'NONE', #1359 ) ;
#2535 = VERTEX_POINT ( 'NONE', #1360 ) ;
#2536 = VERTEX_POINT ( 'NONE', #1361 ) ;
#2537 = VERTEX_POINT ( 'NONE', #1362 ) ;
#2538 = VERTEX_POINT ( 'NONE', #1363 ) ;
#2539 = VERTEX_POINT ( 'NONE', #1364 ) ;
#2540 = VERTEX_POINT ( 'NONE', #1365 ) ;
#2541 = VERTEX_POINT ( 'NONE', #1366 ) ;
#2542 = VERTEX_POINT ( 'NONE', #1367 ) ;
#2543 = VERTEX_POINT ( 'NONE', #1368 ) ;
#2544 = VERTEX_POINT ( 'NONE', #1369 ) ;
#2545 = VERTEX_POINT ( 'NONE', #1370 ) ;
#2546 = VERTEX_POINT ( 'NONE', #1371 ) ;
#2547 = VERTEX_POINT ( 'NONE', #1372 ) ;
#2548 = VERTEX_POINT ( 'NONE', #1373 ) ;
#2549 = VERTEX_POINT ( 'NONE', #1374 ) ;
#2550 = VERTEX_POINT ( 'NONE', #1375 ) ;
#2551 = VERTEX_POINT ( 'NONE', #1376 ) ;
#2552 = VERTEX_POINT ( 'NONE', #1377 ) ;
#2553 = VERTEX_POINT ( 'NONE', #1378 ) ;
#2554 = EDGE_CURVE ( 'NONE', #2527, #2534, #1031, .T. ) ;
#2555 = VERTEX_POINT ( 'NONE', #1379 ) ;
#2556 = VERTEX_POINT ( 'NONE', #1384 ) ;
#2557 = VERTEX_POINT ( 'NONE', #1380 ) ;
#2558 = VERTEX_POINT ( 'NONE', #1385 ) ;
#2559 = VERTEX_POINT ( 'NONE', #1386 ) ;
#2560 = VERTEX_POINT ( 'NONE', #1387 ) ;
#2561 = VERTEX_POINT ( 'NONE', #1383 ) ;
#2562 = VERTEX_POINT ( 'NONE', #1388 ) ;
#2563 = VERTEX_POINT ( 'NONE', #1389 ) ;
#2564 = VERTEX_POINT ( 'NONE', #1390 ) ;
#2565 = VERTEX_POINT ( 'NONE', #1391 ) ;
#2566 = VERTEX_POINT ( 'NONE', #1392 ) ;
#2567 = VERTEX_POINT ( 'NONE', #1393 ) ;
#2568 = VERTEX_POINT ( 'NONE', #1394 ) ;
#2569 = VERTEX_POINT ( 'NONE', #1395 ) ;
#2570 = VERTEX_POINT ( 'NONE', #1396 ) ;
#2571 = VERTEX_POINT ( 'NONE', #1397 ) ;
#2572 = VERTEX_POINT ( 'NONE', #1398 ) ;
#2573 = VERTEX_POINT ( 'NONE', #1399 ) ;
#2574 = VERTEX_POINT ( 'NONE', #1400 ) ;
#2575 = VERTEX_POINT ( 'NONE', #1401 ) ;
#2576 = VERTEX_POINT ( 'NONE', #1402 ) ;
#2577 = VERTEX_POINT ( 'NONE', #1403 ) ;
#2578 = VERTEX_POINT ( 'NONE', #1404 ) ;
#2579 = VERTEX_POINT ( 'NONE', #1405 ) ;
#2580 = VERTEX_POINT ( 'NONE', #1406 ) ;
#2581 = VERTEX_POINT ( 'NONE', #1407 ) ;
#2582 = CARTESIAN_POINT ( 'NONE',  ( 0.4000000000000001900, 0.6000000000000016400, 5.999999999999999100 ) ) ;
#2583 = VERTEX_POINT ( 'NONE', #1408 ) ;
#2584 = VERTEX_POINT ( 'NONE', #1409 ) ;
#2585 = VERTEX_POINT ( 'NONE', #1410 ) ;
#2586 = VERTEX_POINT ( 'NONE', #1411 ) ;
#2587 = VERTEX_POINT ( 'NONE', #1412 ) ;
#2588 = VERTEX_POINT ( 'NONE', #1413 ) ;
#2589 = VERTEX_POINT ( 'NONE', #1414 ) ;
#2590 = VERTEX_POINT ( 'NONE', #1415 ) ;
#2591 = VERTEX_POINT ( 'NONE', #1416 ) ;
#2592 = VERTEX_POINT ( 'NONE', #1417 ) ;
#2593 = VERTEX_POINT ( 'NONE', #1418 ) ;
#2594 = VERTEX_POINT ( 'NONE', #1419 ) ;
#2595 = VERTEX_POINT ( 'NONE', #1420 ) ;
#2596 = VERTEX_POINT ( 'NONE', #1421 ) ;
#2597 = VERTEX_POINT ( 'NONE', #1422 ) ;
#2598 = CARTESIAN_POINT ( 'NONE',  ( 3.000000000000000000, 1.999999999999999100, 5.999999999999998200 ) ) ;
#2599 = VERTEX_POINT ( 'NONE', #1423 ) ;
#2600 = DIRECTION ( 'NONE',  ( -4.517509052022935300E-017, 1.000000000000000000, -0.0000000000000000000 ) ) ;
#2601 = VERTEX_POINT ( 'NONE', #1424 ) ;
#2602 = VERTEX_POINT ( 'NONE', #1425 ) ;
#2603 = VERTEX_POINT ( 'NONE', #1426 ) ;
#2604 = VERTEX_POINT ( 'NONE', #1427 ) ;
#2605 = VERTEX_POINT ( 'NONE', #1428 ) ;
#2606 = VERTEX_POINT ( 'NONE', #1429 ) ;
#2607 = VERTEX_POINT ( 'NONE', #1430 ) ;
#2608 = VERTEX_POINT ( 'NONE', #1431 ) ;
#2609 = VERTEX_POINT ( 'NONE', #1432 ) ;
#2610 = VERTEX_POINT ( 'NONE', #1433 ) ;
#2611 = VERTEX_POINT ( 'NONE', #1434 ) ;
#2612 = VERTEX_POINT ( 'NONE', #1435 ) ;
#2613 = VERTEX_POINT ( 'NONE', #1436 ) ;
#2614 = VERTEX_POINT ( 'NONE', #1437 ) ;
#2615 = VERTEX_POINT ( 'NONE', #1438 ) ;
#2616 = VERTEX_POINT ( 'NONE', #1439 ) ;
#2617 = VERTEX_POINT ( 'NONE', #1440 ) ;
#2618 = VERTEX_POINT ( 'NONE', #1441 ) ;
#2619 = VERTEX_POINT ( 'NONE', #1442 ) ;
#2620 = VERTEX_POINT ( 'NONE', #1443 ) ;
#2621 = VERTEX_POINT ( 'NONE', #1444 ) ;
#2622 = VERTEX_POINT ( 'NONE', #1445 ) ;
#2623 = VERTEX_POINT ( 'NONE', #1446 ) ;
#2624 = VERTEX_POINT ( 'NONE', #1447 ) ;
#2625 = VERTEX_POINT ( 'NONE', #1448 ) ;
#2626 = VERTEX_POINT ( 'NONE', #1449 ) ;
#2627 = VERTEX_POINT ( 'NONE', #1450 ) ;
#2628 = VERTEX_POINT ( 'NONE', #1451 ) ;
#2629 = VERTEX_POINT ( 'NONE', #1452 ) ;
#2630 = VERTEX_POINT ( 'NONE', #1453 ) ;
#2631 = VERTEX_POINT ( 'NONE', #1454 ) ;
#2632 = VERTEX_POINT ( 'NONE', #1455 ) ;
#2633 = VERTEX_POINT ( 'NONE', #1456 ) ;
#2634 = VERTEX_POINT ( 'NONE', #1457 ) ;
#2635 = VERTEX_POINT ( 'NONE', #1458 ) ;
#2636 = VERTEX_POINT ( 'NONE', #1459 ) ;
#2637 = VERTEX_POINT ( 'NONE', #1460 ) ;
#2638 = VERTEX_POINT ( 'NONE', #1461 ) ;
#2639 = VERTEX_POINT ( 'NONE', #1462 ) ;
#2640 = VERTEX_POINT ( 'NONE', #1463 ) ;
#2641 = DESIGN_CONTEXT ( 'detailed design', #1989, 'design' ) ;
#2642 = PRODUCT_DEFINITION_SHAPE ( 'NONE', 'NONE',  #560 ) ;
#2643 = DIRECTION ( 'NONE',  ( -0.0000000000000000000, -0.0000000000000000000, -1.000000000000000000 ) ) ;
#2644 = DIRECTION ( 'NONE',  ( -1.000000000000000000, -0.0000000000000000000, -0.0000000000000000000 ) ) ;
#2645 = DIRECTION ( 'NONE',  ( -0.0000000000000000000, -1.000000000000000000, -0.0000000000000000000 ) ) ;
#2646 = CARTESIAN_POINT ( 'NONE',  ( -3.000000000000000000, 2.000000000000000000, -3.700000000000000200 ) ) ;
#2647 = DIRECTION ( 'NONE',  ( 0.0000000000000000000, 1.000000000000000000, 0.0000000000000000000 ) ) ;
#2648 = CARTESIAN_POINT ( 'NONE',  ( -0.05000000000000010700, -14.60000000000000100, 0.2499999999999982800 ) ) ;
#2649 = CARTESIAN_POINT ( 'NONE',  ( -0.05000000000000708700, -14.60000000000000100, 1.749999999999998200 ) ) ;
#2650 = DIRECTION ( 'NONE',  ( 0.0000000000000000000, 0.0000000000000000000, 1.000000000000000000 ) ) ;
#2651 = DIRECTION ( 'NONE',  ( 0.0000000000000000000, 1.000000000000000000, 0.0000000000000000000 ) ) ;
#2652 = CARTESIAN_POINT ( 'NONE',  ( -3.000000000000000000, -20.40000000000000200, -3.700000000000000200 ) ) ;
#2653 = DIRECTION ( 'NONE',  ( 0.0000000000000000000, -1.000000000000000000, 0.0000000000000000000 ) ) ;
#2654 = CARTESIAN_POINT ( 'NONE',  ( -3.000000000000000000, 2.000000000000001800, 0.0000000000000000000 ) ) ;
#2655 = DIRECTION ( 'NONE',  ( 0.0000000000000000000, 2.891205793294679300E-016, 1.000000000000000000 ) ) ;
#2656 = CARTESIAN_POINT ( 'NONE',  ( -3.000000000000000000, -7.400000000000003000, 2.717733445696999500E-015 ) ) ;
#2657 = CARTESIAN_POINT ( 'NONE',  ( 0.0000000000000000000, -5.574516600406092900, 11.40000000000000400 ) ) ;
#2658 = DIRECTION ( 'NONE',  ( 1.000000000000000000, 0.0000000000000000000, 8.673617379884035500E-016 ) ) ;
#2659 = DIRECTION ( 'NONE',  ( 0.0000000000000000000, 1.000000000000000000, 0.0000000000000000000 ) ) ;
#2660 = CARTESIAN_POINT ( 'NONE',  ( -3.000000000000000000, -20.40000000000000200, -3.700000000000000200 ) ) ;
#2661 = DIRECTION ( 'NONE',  ( 0.0000000000000000000, 0.0000000000000000000, -1.000000000000000000 ) ) ;
#2662 = CARTESIAN_POINT ( 'NONE',  ( -3.000000000000000000, -20.40000000000000200, -3.700000000000000200 ) ) ;
#2663 = CARTESIAN_POINT ( 'NONE',  ( -0.05000000000001406800, -14.60000000000000100, 3.749999999999998200 ) ) ;
#2664 = DIRECTION ( 'NONE',  ( 0.0000000000000000000, -1.000000000000000000, 2.090028284309406500E-016 ) ) ;
#2665 = CARTESIAN_POINT ( 'NONE',  ( -3.000000000000000000, -20.40000000000000200, 9.699999999999997500 ) ) ;
#2666 = DIRECTION ( 'NONE',  ( -0.0000000000000000000, -1.470104640658310800E-016, -1.000000000000000000 ) ) ;
#2667 = CARTESIAN_POINT ( 'NONE',  ( -3.000000000000000000, -12.10000000000000300, -2.900000000000001700 ) ) ;
#2668 = DIRECTION ( 'NONE',  ( -0.0000000000000000000, 1.000000000000000000, -0.0000000000000000000 ) ) ;
#2669 = CARTESIAN_POINT ( 'NONE',  ( -3.000000000000000000, -12.10000000000000100, 8.900000000000002100 ) ) ;
#2670 = DIRECTION ( 'NONE',  ( 0.0000000000000000000, 0.0000000000000000000, -1.000000000000000000 ) ) ;
#2671 = CARTESIAN_POINT ( 'NONE',  ( -3.000000000000000000, -20.40000000000000200, 9.699999999999997500 ) ) ;
#2672 = DIRECTION ( 'NONE',  ( 0.0000000000000000000, 0.0000000000000000000, 1.000000000000000000 ) ) ;
#2673 = DIRECTION ( 'NONE',  ( -3.516331370223259700E-016, -1.000000000000000000, 5.153571800432619900E-016 ) ) ;
#2674 = DIRECTION ( 'NONE',  ( 0.0000000000000000000, -1.000000000000000000, -1.548860246407863600E-016 ) ) ;
#2675 = CARTESIAN_POINT ( 'NONE',  ( -3.000000000000000000, -12.10000000000000300, -2.900000000000001700 ) ) ;
#2676 = DIRECTION ( 'NONE',  ( 0.0000000000000000000, -1.000000000000000000, -1.548860246407863600E-016 ) ) ;
#2677 = CARTESIAN_POINT ( 'NONE',  ( -3.000000000000000000, 1.999999999999999100, 9.700000000000001100 ) ) ;
#2678 = CARTESIAN_POINT ( 'NONE',  ( 0.0000000000000000000, -12.19999999999999800, -7.000000000000000000 ) ) ;
#2679 = DIRECTION ( 'NONE',  ( 0.0000000000000000000, -1.000000000000000000, -1.548860246407863600E-016 ) ) ;
#2680 = CARTESIAN_POINT ( 'NONE',  ( -3.000000000000000000, 1.999999999999999100, 9.700000000000001100 ) ) ;
#2681 = DIRECTION ( 'NONE',  ( -0.0000000000000000000, -0.0000000000000000000, -1.000000000000000000 ) ) ;
#2682 = DIRECTION ( 'NONE',  ( 0.0000000000000000000, 0.0000000000000000000, 1.000000000000000000 ) ) ;
#2683 = CARTESIAN_POINT ( 'NONE',  ( -0.05000000000000010700, -14.60000000000000100, -0.2500000000000017200 ) ) ;
#2684 = CARTESIAN_POINT ( 'NONE',  ( -3.000000000000000000, 1.999999999999999100, 5.999999999999998200 ) ) ;
#2685 = DIRECTION ( 'NONE',  ( 0.0000000000000000000, 1.000000000000000000, 0.0000000000000000000 ) ) ;
#2686 = CARTESIAN_POINT ( 'NONE',  ( -3.000000000000000000, -6.400000000000001200, 5.999999999999998200 ) ) ;
#2687 = CARTESIAN_POINT ( 'NONE',  ( 0.4499999999999859100, -14.60000000000000100, 3.749999999999998700 ) ) ;
#2688 = DIRECTION ( 'NONE',  ( 0.0000000000000000000, -1.000000000000000000, -1.548860246407863600E-016 ) ) ;
#2689 = CARTESIAN_POINT ( 'NONE',  ( 3.000000000000000000, 1.999999999999999100, 9.700000000000001100 ) ) ;
#2690 = DIRECTION ( 'NONE',  ( -0.0000000000000000000, -0.0000000000000000000, -1.000000000000000000 ) ) ;
#2691 = CARTESIAN_POINT ( 'NONE',  ( -1.849999999999999900, -15.80000000000000100, 2.199999999999999300 ) ) ;
#2692 = DIRECTION ( 'NONE',  ( 0.0000000000000000000, 0.0000000000000000000, -1.000000000000000000 ) ) ;
#2693 = DIRECTION ( 'NONE',  ( -0.0000000000000000000, -0.0000000000000000000, -1.000000000000000000 ) ) ;
#2694 = DIRECTION ( 'NONE',  ( 0.0000000000000000000, 1.000000000000000000, 0.0000000000000000000 ) ) ;
#2695 = DIRECTION ( 'NONE',  ( 0.0000000000000000000, 0.0000000000000000000, -1.000000000000000000 ) ) ;
#2696 = DIRECTION ( 'NONE',  ( 0.0000000000000000000, 1.000000000000000000, 0.0000000000000000000 ) ) ;
#2697 = CARTESIAN_POINT ( 'NONE',  ( -3.000000000000000000, 1.999999999999999100, 9.700000000000001100 ) ) ;
#2698 = DIRECTION ( 'NONE',  ( 0.0000000000000000000, -2.168404344971007700E-015, 1.000000000000000000 ) ) ;
#2699 = DIRECTION ( 'NONE',  ( -3.516331370223259700E-016, -1.000000000000000000, -2.061428720173045600E-015 ) ) ;
#2700 = CARTESIAN_POINT ( 'NONE',  ( 0.0000000000000000000, -10.10000000000000000, 13.00000000000000500 ) ) ;
#2701 = CARTESIAN_POINT ( 'NONE',  ( 0.0000000000000000000, -12.19999999999999900, 13.00000000000000500 ) ) ;
#2702 = DIRECTION ( 'NONE',  ( 1.000000000000000000, 0.0000000000000000000, 0.0000000000000000000 ) ) ;
#2703 = DIRECTION ( 'NONE',  ( 1.301042606982605600E-016, -0.0000000000000000000, -1.000000000000000000 ) ) ;
#2704 = CARTESIAN_POINT ( 'NONE',  ( -3.000000000000000000, 2.000000000000000000, -3.700000000000000200 ) ) ;
#2705 = CARTESIAN_POINT ( 'NONE',  ( -2.949999999999999700, -14.20000000000000100, 0.2499999999999993600 ) ) ;
#2706 = CARTESIAN_POINT ( 'NONE',  ( 0.0000000000000000000, -10.10000000000000000, -7.000000000000000000 ) ) ;
#2707 = DIRECTION ( 'NONE',  ( -0.0000000000000000000, -1.000000000000000000, -0.0000000000000000000 ) ) ;
#2708 = DIRECTION ( 'NONE',  ( 0.0000000000000000000, 0.0000000000000000000, 1.000000000000000000 ) ) ;
#2709 = DIRECTION ( 'NONE',  ( -3.516331370223259700E-016, -1.000000000000000000, 5.153571800432619900E-016 ) ) ;
#2710 = CARTESIAN_POINT ( 'NONE',  ( -2.950000000000002000, -20.40000000000000200, -2.000000000000000000 ) ) ;
#2711 = CARTESIAN_POINT ( 'NONE',  ( 0.0000000000000000000, -12.19999999999999800, -7.000000000000000000 ) ) ;
#2712 = DIRECTION ( 'NONE',  ( -0.0000000000000000000, -1.000000000000000000, 1.398970545142586300E-016 ) ) ;
#2713 = DIRECTION ( 'NONE',  ( 1.000000000000000000, -0.0000000000000000000, -0.0000000000000000000 ) ) ;
#2714 = CARTESIAN_POINT ( 'NONE',  ( 3.500000000000001300, -10.10000000000000000, 9.700000000000001100 ) ) ;
#2715 = CARTESIAN_POINT ( 'NONE',  ( 1.959434878635764700E-016, -5.574516600406092900, -5.400000000000000400 ) ) ;
#2716 = DIRECTION ( 'NONE',  ( -1.000000000000000000, 0.0000000000000000000, 0.0000000000000000000 ) ) ;
#2717 = CARTESIAN_POINT ( 'NONE',  ( 3.499999999999997800, -17.49999999999999600, 9.700000000000001100 ) ) ;
#2718 = DIRECTION ( 'NONE',  ( 0.0000000000000000000, -2.168404344971007700E-015, -1.000000000000000000 ) ) ;
#2719 = DIRECTION ( 'NONE',  ( 0.0000000000000000000, -1.000000000000000000, 1.232047923278982000E-016 ) ) ;
#2720 = CARTESIAN_POINT ( 'NONE',  ( -1.849999999999999900, -14.20000000000000100, 0.5499999999999983800 ) ) ;
#2721 = DIRECTION ( 'NONE',  ( 3.516331370223259700E-016, 1.000000000000000000, -2.061428720173045600E-015 ) ) ;
#2722 = DIRECTION ( 'NONE',  ( 0.0000000000000000000, -1.000000000000000000, -1.548860246407863600E-016 ) ) ;
#2723 = DIRECTION ( 'NONE',  ( 1.000000000000000000, 0.0000000000000000000, 0.0000000000000000000 ) ) ;
#2724 = CARTESIAN_POINT ( 'NONE',  ( 0.0000000000000000000, -15.39999999999999700, 13.00000000000000500 ) ) ;
#2725 = CARTESIAN_POINT ( 'NONE',  ( 3.000000000000000000, 1.999999999999999100, 9.700000000000001100 ) ) ;
#2726 = DIRECTION ( 'NONE',  ( 0.0000000000000000000, 0.0000000000000000000, -1.000000000000000000 ) ) ;
#2727 = DIRECTION ( 'NONE',  ( 0.0000000000000000000, 1.000000000000000000, 0.0000000000000000000 ) ) ;
#2728 = DIRECTION ( 'NONE',  ( 1.000000000000000000, 0.0000000000000000000, 0.0000000000000000000 ) ) ;
#2729 = CARTESIAN_POINT ( 'NONE',  ( -3.000000000000000000, 1.999999999999999100, 9.700000000000001100 ) ) ;
#2730 = CARTESIAN_POINT ( 'NONE',  ( 0.0000000000000000000, -10.10000000000000000, -7.000000000000000000 ) ) ;
#2731 = DIRECTION ( 'NONE',  ( 0.0000000000000000000, 1.000000000000000000, 0.0000000000000000000 ) ) ;
#2732 = CARTESIAN_POINT ( 'NONE',  ( 3.000000000000000000, -20.40000000000000200, -3.700000000000000200 ) ) ;
#2733 = DIRECTION ( 'NONE',  ( -1.000000000000000000, -0.0000000000000000000, -0.0000000000000000000 ) ) ;
#2734 = DIRECTION ( 'NONE',  ( -1.000000000000000000, 0.0000000000000000000, 0.0000000000000000000 ) ) ;
#2735 = CARTESIAN_POINT ( 'NONE',  ( 0.6000000000000002000, 1.999999999999999100, -2.199999999999999700 ) ) ;
#2736 = DIRECTION ( 'NONE',  ( 1.355252715606880000E-016, 0.0000000000000000000, 1.000000000000000000 ) ) ;
#2737 = CARTESIAN_POINT ( 'NONE',  ( -0.3999999999999999100, 1.999999999999999100, -2.600000000000000100 ) ) ;
#2738 = CARTESIAN_POINT ( 'NONE',  ( -2.949999999999999700, -14.20000000000000100, 0.2499999999999993600 ) ) ;
#2739 = DIRECTION ( 'NONE',  ( 1.000000000000000000, -0.0000000000000000000, -0.0000000000000000000 ) ) ;
#2740 = CARTESIAN_POINT ( 'NONE',  ( 3.500000000000001300, -10.10000000000000000, -3.700000000000000200 ) ) ;
#2741 = DIRECTION ( 'NONE',  ( -1.355252715606880000E-016, 0.0000000000000000000, -1.000000000000000000 ) ) ;
#2742 = DIRECTION ( 'NONE',  ( 0.0000000000000000000, -1.000000000000000000, 0.0000000000000000000 ) ) ;
#2743 = CARTESIAN_POINT ( 'NONE',  ( 0.4000000000000001900, 1.999999999999999100, -2.199999999999999700 ) ) ;
#2744 = CARTESIAN_POINT ( 'NONE',  ( -0.3999999999999998600, 0.6000000000000015300, 6.099999999999999600 ) ) ;
#2745 = DIRECTION ( 'NONE',  ( -1.000000000000000000, 0.0000000000000000000, 0.0000000000000000000 ) ) ;
#2746 = CARTESIAN_POINT ( 'NONE',  ( -0.3999999999999998600, 1.999999999999999100, -2.199999999999999700 ) ) ;
#2747 = DIRECTION ( 'NONE',  ( 0.4472135954999580900, 0.0000000000000000000, 0.8944271909999157400 ) ) ;
#2748 = CARTESIAN_POINT ( 'NONE',  ( -0.5999999999999997600, 1.999999999999999100, -2.199999999999999700 ) ) ;
#2749 = DIRECTION ( 'NONE',  ( -1.000000000000000000, 0.0000000000000000000, 0.0000000000000000000 ) ) ;
#2750 = DIRECTION ( 'NONE',  ( 1.000000000000000000, -1.355252715606880300E-016, 0.0000000000000000000 ) ) ;
#2751 = CARTESIAN_POINT ( 'NONE',  ( 0.4000000000000001300, 1.999999999999999100, -2.600000000000000100 ) ) ;
#2752 = DIRECTION ( 'NONE',  ( 0.4472135954999578200, 0.0000000000000000000, -0.8944271909999158600 ) ) ;
#2753 = CARTESIAN_POINT ( 'NONE',  ( 4.336808689942017700E-016, 1.999999999999999100, -1.000000000000000000 ) ) ;
#2754 = CARTESIAN_POINT ( 'NONE',  ( -2.949999999999999700, -20.40000000000000200, 0.2500000000000002200 ) ) ;
#2755 = DIRECTION ( 'NONE',  ( -1.000000000000000000, -0.0000000000000000000, -0.0000000000000000000 ) ) ;
#2756 = DIRECTION ( 'NONE',  ( -0.0000000000000000000, -1.000000000000000000, -0.0000000000000000000 ) ) ;
#2757 = CARTESIAN_POINT ( 'NONE',  ( 1.959434878635764700E-016, -5.574516600406092900, -5.400000000000000400 ) ) ;
#2758 = DIRECTION ( 'NONE',  ( 0.0000000000000000000, 4.688441826964343300E-016, 1.000000000000000000 ) ) ;
#2759 = CARTESIAN_POINT ( 'NONE',  ( -3.000000000000000000, -20.40000000000000200, 9.699999999999997500 ) ) ;
#2760 = DIRECTION ( 'NONE',  ( 1.000000000000000000, 0.0000000000000000000, 0.0000000000000000000 ) ) ;
#2761 = CARTESIAN_POINT ( 'NONE',  ( -3.000000000000000000, 2.000000000000001800, 0.0000000000000000000 ) ) ;
#2762 = DIRECTION ( 'NONE',  ( 0.7071067811865474600, 0.0000000000000000000, -0.7071067811865474600 ) ) ;
#2763 = CARTESIAN_POINT ( 'NONE',  ( -1.849999999999999900, -14.20000000000000100, 0.5499999999999983800 ) ) ;
#2764 = CARTESIAN_POINT ( 'NONE',  ( -1.150000000000000100, -14.60000000000000100, 7.199999999999999300 ) ) ;
#2765 = CARTESIAN_POINT ( 'NONE',  ( 3.000000000000000000, 2.000000000000000000, -3.700000000000000200 ) ) ;
#2766 = DIRECTION ( 'NONE',  ( 1.301042606982605600E-016, -0.0000000000000000000, -1.000000000000000000 ) ) ;
#2767 = CARTESIAN_POINT ( 'NONE',  ( -2.950000000000002000, -20.40000000000000200, -2.000000000000000000 ) ) ;
#2768 = DIRECTION ( 'NONE',  ( 1.000000000000000000, 0.0000000000000000000, 0.0000000000000000000 ) ) ;
#2769 = CARTESIAN_POINT ( 'NONE',  ( -3.000000000000000000, -20.40000000000000200, -3.700000000000000200 ) ) ;
#2770 = DIRECTION ( 'NONE',  ( -4.517509052022935300E-017, 1.000000000000000000, -0.0000000000000000000 ) ) ;
#2771 = DIRECTION ( 'NONE',  ( 0.0000000000000000000, 1.000000000000000000, 0.0000000000000000000 ) ) ;
#2772 = CARTESIAN_POINT ( 'NONE',  ( 3.000000000000000000, -20.40000000000000200, -3.700000000000000200 ) ) ;
#2773 = DIRECTION ( 'NONE',  ( -1.000000000000000000, 0.0000000000000000000, 0.0000000000000000000 ) ) ;
#2774 = CARTESIAN_POINT ( 'NONE',  ( 3.499999999999997800, -17.49999999999999600, -3.700000000000000200 ) ) ;
#2775 = DIRECTION ( 'NONE',  ( 0.0000000000000000000, 0.0000000000000000000, -1.000000000000000000 ) ) ;
#2776 = CARTESIAN_POINT ( 'NONE',  ( -0.3999999999999998600, -0.5999999999999998700, -0.1000000000000000100 ) ) ;
#2777 = CARTESIAN_POINT ( 'NONE',  ( 3.000000000000000000, -20.40000000000000200, 9.699999999999997500 ) ) ;
#2778 = DIRECTION ( 'NONE',  ( 0.0000000000000000000, 0.0000000000000000000, 1.000000000000000000 ) ) ;
#2779 = CARTESIAN_POINT ( 'NONE',  ( -3.500000000000000000, -20.40000000000000200, -2.899999999999999900 ) ) ;
#2780 = DIRECTION ( 'NONE',  ( -0.0000000000000000000, -0.0000000000000000000, 1.000000000000000000 ) ) ;
#2781 = DIRECTION ( 'NONE',  ( -1.000000000000000000, -0.0000000000000000000, -0.0000000000000000000 ) ) ;
#2782 = CARTESIAN_POINT ( 'NONE',  ( -9.299999999999995400, -20.40000000000000200, 3.400000000000000400 ) ) ;
#2783 = CARTESIAN_POINT ( 'NONE',  ( 0.4000000000000002400, -0.5999999999999982000, 5.999999999999999100 ) ) ;
#2784 = DIRECTION ( 'NONE',  ( -0.7071067811865474600, 0.0000000000000000000, -0.7071067811865474600 ) ) ;
#2785 = CARTESIAN_POINT ( 'NONE',  ( -2.949999999999999700, -20.40000000000000200, 0.2500000000000002200 ) ) ;
#2786 = DIRECTION ( 'NONE',  ( -1.000000000000000000, -0.0000000000000000000, -0.0000000000000000000 ) ) ;
#2787 = CARTESIAN_POINT ( 'NONE',  ( -2.600000000000000500, -20.40000000000000200, 9.299999999999997200 ) ) ;
#2788 = DIRECTION ( 'NONE',  ( 0.0000000000000000000, 0.0000000000000000000, 1.000000000000000000 ) ) ;
#2789 = DIRECTION ( 'NONE',  ( -1.445602896647339400E-016, -2.891205793294678800E-016, -1.000000000000000000 ) ) ;
#2790 = CARTESIAN_POINT ( 'NONE',  ( -2.949999999999999700, -20.40000000000000200, 5.750000000000001800 ) ) ;
#2791 = DIRECTION ( 'NONE',  ( -1.000000000000000000, -0.0000000000000000000, 5.028183988338571400E-016 ) ) ;
#2792 = CARTESIAN_POINT ( 'NONE',  ( -3.500000000000000000, -20.40000000000000200, -2.899999999999999900 ) ) ;
#2793 = CARTESIAN_POINT ( 'NONE',  ( -2.500000000000000000, -7.400000000000003000, 2.139492287038063500E-015 ) ) ;
#2794 = DIRECTION ( 'NONE',  ( -1.301042606982605800E-016, 0.0000000000000000000, 1.000000000000000000 ) ) ;
#2795 = CARTESIAN_POINT ( 'NONE',  ( -2.950000000000003300, -20.40000000000000200, 7.999999999999998200 ) ) ;
#2796 = DIRECTION ( 'NONE',  ( -1.000000000000000000, -0.0000000000000000000, -0.0000000000000000000 ) ) ;
#2797 = CARTESIAN_POINT ( 'NONE',  ( -1.150000000000000100, -20.40000000000000200, 7.199999999999999300 ) ) ;
#2798 = DIRECTION ( 'NONE',  ( 0.0000000000000000000, 0.0000000000000000000, 1.000000000000000000 ) ) ;
#2799 = DIRECTION ( 'NONE',  ( -4.517509052022935300E-017, 1.000000000000000000, -0.0000000000000000000 ) ) ;
#2800 = CARTESIAN_POINT ( 'NONE',  ( 0.4999999999999982800, -20.40000000000000200, -2.000000000000000000 ) ) ;
#2801 = DIRECTION ( 'NONE',  ( -1.000000000000000000, -0.0000000000000000000, -0.0000000000000000000 ) ) ;
#2802 = CARTESIAN_POINT ( 'NONE',  ( 1.550000000000000000, -20.40000000000000200, -1.200000000000002200 ) ) ;
#2803 = CARTESIAN_POINT ( 'NONE',  ( 0.4000000000000001900, 0.5999999999999999800, -0.1000000000000000100 ) ) ;
#2804 = DIRECTION ( 'NONE',  ( -1.445602896647339200E-016, 0.0000000000000000000, 1.000000000000000000 ) ) ;
#2805 = CARTESIAN_POINT ( 'NONE',  ( 1.549999999999999400, -20.40000000000000200, 5.999999999999998200 ) ) ;
#2806 = DIRECTION ( 'NONE',  ( 1.000000000000000000, 0.0000000000000000000, 0.0000000000000000000 ) ) ;
#2807 = CARTESIAN_POINT ( 'NONE',  ( 2.350000000000000100, -20.40000000000000200, -1.734723475976807100E-015 ) ) ;
#2808 = DIRECTION ( 'NONE',  ( 0.0000000000000000000, 0.0000000000000000000, 1.000000000000000000 ) ) ;
#2809 = DIRECTION ( 'NONE',  ( -0.0000000000000000000, -0.0000000000000000000, 1.000000000000000000 ) ) ;
#2810 = CARTESIAN_POINT ( 'NONE',  ( 1.550000000000000000, -20.40000000000000200, -1.734723475976807100E-015 ) ) ;
#2811 = DIRECTION ( 'NONE',  ( 1.000000000000000000, 0.0000000000000000000, 0.0000000000000000000 ) ) ;
#2812 = CARTESIAN_POINT ( 'NONE',  ( 1.550000000000000000, -20.40000000000000200, -1.200000000000002200 ) ) ;
#2813 = CARTESIAN_POINT ( 'NONE',  ( 0.4000000000000002400, -0.5999999999999999800, -0.1000000000000000100 ) ) ;
#2814 = DIRECTION ( 'NONE',  ( -1.301042606982605800E-016, 0.0000000000000000000, 1.000000000000000000 ) ) ;
#2815 = CARTESIAN_POINT ( 'NONE',  ( 0.4999999999999982800, -20.40000000000000200, -2.000000000000000000 ) ) ;
#2816 = DIRECTION ( 'NONE',  ( 1.000000000000000000, 0.0000000000000000000, 0.0000000000000000000 ) ) ;
#2817 = CARTESIAN_POINT ( 'NONE',  ( -1.150000000000000100, -20.40000000000000200, -1.200000000000002200 ) ) ;
#2818 = DIRECTION ( 'NONE',  ( 0.0000000000000000000, 0.0000000000000000000, 1.000000000000000000 ) ) ;
#2819 = CARTESIAN_POINT ( 'NONE',  ( 1.550000000000000000, -14.60000000000000100, -1.200000000000002200 ) ) ;
#2820 = DIRECTION ( 'NONE',  ( -0.0000000000000000000, -1.000000000000000000, -0.0000000000000000000 ) ) ;
#2821 = CARTESIAN_POINT ( 'NONE',  ( 1.959434878635765500E-016, -5.574516600406092900, 14.60000000000000500 ) ) ;
#2822 = DIRECTION ( 'NONE',  ( 0.0000000000000000000, -1.000000000000000000, -2.356961244533703400E-016 ) ) ;
#2823 = CARTESIAN_POINT ( 'NONE',  ( -1.849999999999999900, -15.80000000000000100, 2.199999999999999300 ) ) ;
#2824 = DIRECTION ( 'NONE',  ( 1.301042606982605600E-016, -0.0000000000000000000, -1.000000000000000000 ) ) ;
#2825 = CARTESIAN_POINT ( 'NONE',  ( 0.4000000000000001900, 0.6000000000000016400, 6.099999999999999600 ) ) ;
#2826 = CARTESIAN_POINT ( 'NONE',  ( -2.950000000000002000, -18.60000000000000100, -2.000000000000000000 ) ) ;
#2827 = DIRECTION ( 'NONE',  ( 0.0000000000000000000, 0.0000000000000000000, 1.000000000000000000 ) ) ;
#2828 = DIRECTION ( 'NONE',  ( 0.0000000000000000000, 1.000000000000000000, -5.595882180570345200E-016 ) ) ;
#2829 = CARTESIAN_POINT ( 'NONE',  ( -2.950000000000002000, -20.40000000000000200, -2.000000000000000000 ) ) ;
#2830 = DIRECTION ( 'NONE',  ( -0.0000000000000000000, -1.000000000000000000, -0.0000000000000000000 ) ) ;
#2831 = CARTESIAN_POINT ( 'NONE',  ( -1.849999999999999900, -17.64000000000000400, 2.199999999999998800 ) ) ;
#2832 = CARTESIAN_POINT ( 'NONE',  ( -2.949999999999999700, -20.40000000000000200, 5.750000000000001800 ) ) ;
#2833 = DIRECTION ( 'NONE',  ( -0.0000000000000000000, -1.000000000000000000, -0.0000000000000000000 ) ) ;
#2834 = CARTESIAN_POINT ( 'NONE',  ( 0.0000000000000000000, -5.574516600406092900, 11.40000000000000400 ) ) ;
#2835 = DIRECTION ( 'NONE',  ( 0.0000000000000000000, 0.0000000000000000000, 1.000000000000000000 ) ) ;
#2836 = CARTESIAN_POINT ( 'NONE',  ( -2.950000000000002000, -18.60000000000000100, -2.000000000000000000 ) ) ;
#2837 = DIRECTION ( 'NONE',  ( 1.301042606982605600E-016, -0.0000000000000000000, -1.000000000000000000 ) ) ;
#2838 = DIRECTION ( 'NONE',  ( 0.0000000000000000000, -1.000000000000000000, -2.356961244533703400E-016 ) ) ;
#2839 = CARTESIAN_POINT ( 'NONE',  ( 0.4499999999999999000, -14.60000000000000100, -0.2500000000000016700 ) ) ;
#2840 = DIRECTION ( 'NONE',  ( -1.000000000000000000, -0.0000000000000000000, -0.0000000000000000000 ) ) ;
#2841 = CARTESIAN_POINT ( 'NONE',  ( -2.950000000000002000, -18.60000000000000100, -2.000000000000000000 ) ) ;
#2842 = CARTESIAN_POINT ( 'NONE',  ( -2.449999999999999700, -15.80000000000000100, 2.199999999999999300 ) ) ;
#2843 = DIRECTION ( 'NONE',  ( 0.0000000000000000000, -2.168404344971007700E-015, 1.000000000000000000 ) ) ;
#2844 = DIRECTION ( 'NONE',  ( -3.516331370223259700E-016, -1.000000000000000000, -2.061428720173045600E-015 ) ) ;
#2845 = CARTESIAN_POINT ( 'NONE',  ( 0.0000000000000000000, -12.19999999999999900, 13.00000000000000500 ) ) ;
#2846 = DIRECTION ( 'NONE',  ( 1.000000000000000000, 0.0000000000000000000, 1.084202172485504400E-016 ) ) ;
#2847 = CARTESIAN_POINT ( 'NONE',  ( -0.05000000000001406800, -14.60000000000000100, 4.249999999999998200 ) ) ;
#2848 = DIRECTION ( 'NONE',  ( -0.0000000000000000000, -1.000000000000000000, -0.0000000000000000000 ) ) ;
#2849 = DIRECTION ( 'NONE',  ( -1.445602896647339400E-016, 2.891205793294678800E-016, 1.000000000000000000 ) ) ;
#2850 = CARTESIAN_POINT ( 'NONE',  ( 0.0000000000000000000, -5.574516600406092900, -8.599999999999999600 ) ) ;
#2851 = DIRECTION ( 'NONE',  ( -1.820120285144187000E-032, -1.000000000000000000, 1.398970545142586300E-016 ) ) ;
#2852 = CARTESIAN_POINT ( 'NONE',  ( -2.950000000000002400, -18.60000000000000100, 0.2499999999999997800 ) ) ;
#2853 = CARTESIAN_POINT ( 'NONE',  ( 2.499999999999999100, -6.699999999999999300, 6.000000000000000900 ) ) ;
#2854 = DIRECTION ( 'NONE',  ( 0.0000000000000000000, -1.000000000000000000, 1.232047923278982000E-016 ) ) ;
#2855 = CARTESIAN_POINT ( 'NONE',  ( -0.05000000000000010700, -14.60000000000000100, -0.2500000000000017200 ) ) ;
#2856 = DIRECTION ( 'NONE',  ( 0.0000000000000000000, 0.0000000000000000000, 1.000000000000000000 ) ) ;
#2857 = CARTESIAN_POINT ( 'NONE',  ( -1.849999999999999900, -18.60000000000000100, 0.5499999999999989300 ) ) ;
#2858 = DIRECTION ( 'NONE',  ( -0.0000000000000000000, -1.000000000000000000, -0.0000000000000000000 ) ) ;
#2859 = DIRECTION ( 'NONE',  ( 1.000000000000000000, -1.355252715606880300E-016, 0.0000000000000000000 ) ) ;
#2860 = CARTESIAN_POINT ( 'NONE',  ( -2.949999999999999700, -14.20000000000000100, 0.5499999999999983800 ) ) ;
#2861 = DIRECTION ( 'NONE',  ( -0.0000000000000000000, -0.0000000000000000000, -1.000000000000000000 ) ) ;
#2862 = CARTESIAN_POINT ( 'NONE',  ( -0.05000000000001406800, -14.60000000000000100, 3.749999999999998200 ) ) ;
#2863 = CARTESIAN_POINT ( 'NONE',  ( -0.3999999999999998600, -0.5999999999999980900, 6.099999999999999600 ) ) ;
#2864 = DIRECTION ( 'NONE',  ( 0.0000000000000000000, 0.0000000000000000000, -1.000000000000000000 ) ) ;
#2865 = DIRECTION ( 'NONE',  ( 0.0000000000000000000, -1.000000000000000000, 0.0000000000000000000 ) ) ;
#2866 = DIRECTION ( 'NONE',  ( -1.000000000000000000, -0.0000000000000000000, -0.0000000000000000000 ) ) ;
#2867 = CARTESIAN_POINT ( 'NONE',  ( 0.0000000000000000000, -17.49999999999999600, 13.00000000000000500 ) ) ;
#2868 = DIRECTION ( 'NONE',  ( -1.000000000000000000, -0.0000000000000000000, -0.0000000000000000000 ) ) ;
#2869 = CARTESIAN_POINT ( 'NONE',  ( 0.0000000000000000000, -5.574516600406092900, -8.599999999999999600 ) ) ;
#2870 = ORIENTED_EDGE ( 'NONE', *, *, #168, .F. ) ;
#2871 = ORIENTED_EDGE ( 'NONE', *, *, #169, .F. ) ;
#2872 = ORIENTED_EDGE ( 'NONE', *, *, #170, .F. ) ;
#2873 = ORIENTED_EDGE ( 'NONE', *, *, #195, .F. ) ;
#2874 = ORIENTED_EDGE ( 'NONE', *, *, #174, .T. ) ;
#2875 = ORIENTED_EDGE ( 'NONE', *, *, #180, .F. ) ;
#2876 = ORIENTED_EDGE ( 'NONE', *, *, #172, .F. ) ;
#2877 = ORIENTED_EDGE ( 'NONE', *, *, #171, .F. ) ;
#2878 = ORIENTED_EDGE ( 'NONE', *, *, #173, .T. ) ;
#2879 = ORIENTED_EDGE ( 'NONE', *, *, #179, .T. ) ;
#2880 = ORIENTED_EDGE ( 'NONE', *, *, #176, .F. ) ;
#2881 = ORIENTED_EDGE ( 'NONE', *, *, #181, .T. ) ;
#2882 = ORIENTED_EDGE ( 'NONE', *, *, #219, .T. ) ;
#2883 = ORIENTED_EDGE ( 'NONE', *, *, #178, .F. ) ;
#2884 = ORIENTED_EDGE ( 'NONE', *, *, #177, .F. ) ;
#2885 = ORIENTED_EDGE ( 'NONE', *, *, #175, .F. ) ;
#2886 = ORIENTED_EDGE ( 'NONE', *, *, #179, .F. ) ;
#2887 = ORIENTED_EDGE ( 'NONE', *, *, #215, .T. ) ;
#2888 = ORIENTED_EDGE ( 'NONE', *, *, #211, .T. ) ;
#2889 = ADVANCED_FACE ( 'NONE', ( #1034 ), #1023, .F. ) ;
#2890 = ADVANCED_FACE ( 'NONE', ( #1020 ), #1037, .F. ) ;
#2891 = ADVANCED_FACE ( 'NONE', ( #1035 ), #1472, .F. ) ;
#2892 = ADVANCED_FACE ( 'NONE', ( #986 ), #1474, .T. ) ;
#2893 = ADVANCED_FACE ( 'NONE', ( #1033 ), #1478, .T. ) ;
#2894 = ADVANCED_FACE ( 'NONE', ( #1036 ), #1482, .T. ) ;
#2895 = ADVANCED_FACE ( 'NONE', ( #1038 ), #1486, .T. ) ;
#2896 = ADVANCED_FACE ( 'NONE', ( #1039 ), #1490, .F. ) ;
#2897 = ADVANCED_FACE ( 'NONE', ( #1040 ), #1494, .F. ) ;
#2898 = ADVANCED_FACE ( 'NONE', ( #1041 ), #1498, .F. ) ;
#2899 = ADVANCED_FACE ( 'NONE', ( #1042 ), #1502, .F. ) ;
#2900 = ADVANCED_FACE ( 'NONE', ( #1043 ), #1506, .F. ) ;
#2901 = ADVANCED_FACE ( 'NONE', ( #1044 ), #1510, .F. ) ;
#2902 = ADVANCED_FACE ( 'NONE', ( #1045 ), #1514, .F. ) ;
#2903 = ADVANCED_FACE ( 'NONE', ( #1046 ), #1518, .F. ) ;
#2904 = ADVANCED_FACE ( 'NONE', ( #1047 ), #1522, .F. ) ;
#2905 = ADVANCED_FACE ( 'NONE', ( #1048 ), #1526, .F. ) ;
#2906 = ADVANCED_FACE ( 'NONE', ( #1049 ), #1530, .F. ) ;
#2907 = ADVANCED_FACE ( 'NONE', ( #1050 ), #1534, .F. ) ;
#2908 = ADVANCED_FACE ( 'NONE', ( #1051 ), #1538, .F. ) ;
#2909 = ADVANCED_FACE ( 'NONE', ( #1052 ), #1542, .F. ) ;
#2910 = ADVANCED_FACE ( 'NONE', ( #1053 ), #1546, .F. ) ;
#2911 = ADVANCED_FACE ( 'NONE', ( #1054 ), #1550, .F. ) ;
#2912 = ADVANCED_FACE ( 'NONE', ( #1055 ), #1554, .F. ) ;
#2913 = ADVANCED_FACE ( 'NONE', ( #1056 ), #1558, .F. ) ;
#2914 = ADVANCED_FACE ( 'NONE', ( #1057 ), #1562, .F. ) ;
#2915 = ADVANCED_FACE ( 'NONE', ( #1058 ), #1566, .F. ) ;
#2916 = ADVANCED_FACE ( 'NONE', ( #1059 ), #1570, .F. ) ;
#2917 = ADVANCED_FACE ( 'NONE', ( #1060 ), #1574, .F. ) ;
#2918 = ADVANCED_FACE ( 'NONE', ( #1061 ), #1578, .F. ) ;
#2919 = ADVANCED_FACE ( 'NONE', ( #1062 ), #1582, .F. ) ;
#2920 = ADVANCED_FACE ( 'NONE', ( #1063 ), #1586, .F. ) ;
#2921 = ADVANCED_FACE ( 'NONE', ( #1064 ), #1590, .F. ) ;
#2922 = ADVANCED_FACE ( 'NONE', ( #1065 ), #1594, .F. ) ;
#2923 = ADVANCED_FACE ( 'NONE', ( #1066 ), #1598, .F. ) ;
#2924 = ADVANCED_FACE ( 'NONE', ( #1067 ), #1602, .F. ) ;
#2925 = ADVANCED_FACE ( 'NONE', ( #1068 ), #1606, .F. ) ;
#2926 = ADVANCED_FACE ( 'NONE', ( #1069 ), #1610, .F. ) ;
#2927 = ADVANCED_FACE ( 'NONE', ( #1070 ), #1614, .F. ) ;
#2928 = ADVANCED_FACE ( 'NONE', ( #1071 ), #1618, .F. ) ;
#2929 = ADVANCED_FACE ( 'NONE', ( #1072 ), #1622, .F. ) ;
#2930 = ADVANCED_FACE ( 'NONE', ( #1073, #1077 ), #1625, .F. ) ;
#2931 = ADVANCED_FACE ( 'NONE', ( #1075, #1074 ), #1621, .F. ) ;
#2932 = ADVANCED_FACE ( 'NONE', ( #1076, #1078 ), #1630, .F. ) ;
#2933 = ADVANCED_FACE ( 'NONE', ( #1079, #1080 ), #1634, .F. ) ;
#2934 = ADVANCED_FACE ( 'NONE', ( #1081 ), #1641, .T. ) ;
#2935 = ADVANCED_FACE ( 'NONE', ( #1084 ), #1646, .F. ) ;
#2936 = ADVANCED_FACE ( 'NONE', ( #1083 ), #1650, .T. ) ;
#2937 = ADVANCED_FACE ( 'NONE', ( #1085, #1088 ), #1653, .F. ) ;
#2938 = ADVANCED_FACE ( 'NONE', ( #1086, #1082 ), #1649, .F. ) ;
#2939 = ADVANCED_FACE ( 'NONE', ( #1087, #1089 ), #1658, .F. ) ;
#2940 = ADVANCED_FACE ( 'NONE', ( #1090, #1091 ), #1662, .F. ) ;
#2941 = ADVANCED_FACE ( 'NONE', ( #1092 ), #1669, .T. ) ;
#2942 = ADVANCED_FACE ( 'NONE', ( #1095 ), #1674, .F. ) ;
#2943 = ADVANCED_FACE ( 'NONE', ( #1094 ), #1099, .F. ) ;
#2944 = MANIFOLD_SOLID_BREP ( '–ÊŽæ‚è2', #3132 ) ;
#2945 = ADVANCED_BREP_SHAPE_REPRESENTATION ( 'pm-k65', ( #2944, #432 ), #1202 ) ;
#2946 = UNCERTAINTY_MEASURE_WITH_UNIT (LENGTH_MEASURE( 1.000000000000000100E-005 ), #1978, 'distance_accuracy_value', 'NONE');
#2947 = PRODUCT ( 'pm-k65', 'pm-k65', '', ( #1987 ) ) ;
#2948 = PERSON ( 'UNSPECIFIED', 'UNSPECIFIED', 'UNSPECIFIED', ('UNSPECIFIED'), ('UNSPECIFIED'), ('UNSPECIFIED') ) ;
#2949 = ORIENTED_EDGE ( 'NONE', *, *, #212, .T. ) ;
#2950 = EDGE_CURVE ( 'NONE', #2531, #2530, #1096, .T. ) ;
#2951 = EDGE_CURVE ( 'NONE', #2530, #2528, #1101, .T. ) ;
#2952 = EDGE_CURVE ( 'NONE', #2528, #2525, #1103, .T. ) ;
#2953 = EDGE_CURVE ( 'NONE', #2534, #2533, #1105, .T. ) ;
#2954 = EDGE_CURVE ( 'NONE', #2544, #2536, #1107, .T. ) ;
#2955 = DIRECTION ( 'NONE',  ( -1.000000000000000000, 3.516331370223259700E-016, -0.0000000000000000000 ) ) ;
#2956 = CARTESIAN_POINT ( 'NONE',  ( 8.391829923454011500, -12.20000000000000500, 14.69999999999999400 ) ) ;
#2957 = CARTESIAN_POINT ( 'NONE',  ( 8.391829923454011500, -12.19999999999999900, -5.333939444035328500 ) ) ;
#2958 = DIRECTION ( 'NONE',  ( -1.000000000000000000, 3.516331370223259700E-016, -0.0000000000000000000 ) ) ;
#2959 = CARTESIAN_POINT ( 'NONE',  ( 8.391829923454011500, -12.19999999999999800, 11.33393944403532000 ) ) ;
#2960 = ORIENTED_EDGE ( 'NONE', *, *, #173, .F. ) ;
#2961 = EDGE_CURVE ( 'NONE', #2477, #2611, #1097, .T. ) ;
#2962 = EDGE_CURVE ( 'NONE', #2525, #2527, #1111, .T. ) ;
#2963 = ORIENTED_EDGE ( 'NONE', *, *, #213, .T. ) ;
#2964 = ORIENTED_EDGE ( 'NONE', *, *, #378, .F. ) ;
#2965 = ORIENTED_EDGE ( 'NONE', *, *, #394, .F. ) ;
#2966 = ORIENTED_EDGE ( 'NONE', *, *, #379, .T. ) ;
#2967 = ORIENTED_EDGE ( 'NONE', *, *, #214, .T. ) ;
#2968 = ORIENTED_EDGE ( 'NONE', *, *, #379, .F. ) ;
#2969 = DIRECTION ( 'NONE',  ( -1.445602896647339200E-016, 0.0000000000000000000, 1.000000000000000000 ) ) ;
#2970 = CARTESIAN_POINT ( 'NONE',  ( 2.350000000000000100, -19.10000000000000100, -1.734723475976807100E-015 ) ) ;
#2971 = DIRECTION ( 'NONE',  ( 0.0000000000000000000, 0.0000000000000000000, -1.000000000000000000 ) ) ;
#2972 = DIRECTION ( 'NONE',  ( 1.000000000000000000, 0.0000000000000000000, 0.0000000000000000000 ) ) ;
#2973 = DIRECTION ( 'NONE',  ( 0.0000000000000000000, 1.000000000000000000, 0.0000000000000000000 ) ) ;
#2974 = CARTESIAN_POINT ( 'NONE',  ( 1.550000000000000000, -14.60000000000000100, 7.199999999999999300 ) ) ;
#2975 = DIRECTION ( 'NONE',  ( 1.000000000000000000, 0.0000000000000000000, 0.0000000000000000000 ) ) ;
#2976 = CARTESIAN_POINT ( 'NONE',  ( 1.550000000000000000, -19.10000000000000100, -1.734723475976807100E-015 ) ) ;
#2977 = DIRECTION ( 'NONE',  ( -0.0000000000000000000, -1.000000000000000000, -0.0000000000000000000 ) ) ;
#2978 = DIRECTION ( 'NONE',  ( -1.301042606982605800E-016, 0.0000000000000000000, 1.000000000000000000 ) ) ;
#2979 = CARTESIAN_POINT ( 'NONE',  ( 0.4999999999999982800, -18.60000000000000100, -2.000000000000000000 ) ) ;
#2980 = DIRECTION ( 'NONE',  ( -1.000000000000000000, -0.0000000000000000000, -0.0000000000000000000 ) ) ;
#2981 = CARTESIAN_POINT ( 'NONE',  ( -1.849999999999999900, -18.60000000000000100, 0.5499999999999989300 ) ) ;
#2982 = DIRECTION ( 'NONE',  ( -0.0000000000000000000, -1.000000000000000000, -0.0000000000000000000 ) ) ;
#2983 = CARTESIAN_POINT ( 'NONE',  ( 0.4999999999999982800, -18.60000000000000100, -2.000000000000000000 ) ) ;
#2984 = DIRECTION ( 'NONE',  ( -0.0000000000000000000, -0.0000000000000000000, -1.000000000000000000 ) ) ;
#2985 = DIRECTION ( 'NONE',  ( -1.301042606982605800E-016, 0.0000000000000000000, 1.000000000000000000 ) ) ;
#2986 = CARTESIAN_POINT ( 'NONE',  ( 0.4999999999999982800, -18.60000000000000100, -2.000000000000000000 ) ) ;
#2987 = DIRECTION ( 'NONE',  ( -1.000000000000000000, -0.0000000000000000000, 5.028183988338571400E-016 ) ) ;
#2988 = CARTESIAN_POINT ( 'NONE',  ( -2.950000000000003300, -18.60000000000000100, 7.999999999999998200 ) ) ;
#2989 = DIRECTION ( 'NONE',  ( 1.301042606982605600E-016, -0.0000000000000000000, -1.000000000000000000 ) ) ;
#2990 = CARTESIAN_POINT ( 'NONE',  ( -2.950000000000002000, -18.60000000000000100, -2.000000000000000000 ) ) ;
#2991 = DIRECTION ( 'NONE',  ( 1.301042606982605600E-016, -0.0000000000000000000, -1.000000000000000000 ) ) ;
#2992 = CARTESIAN_POINT ( 'NONE',  ( -2.950000000000002000, -18.60000000000000100, -2.000000000000000000 ) ) ;
#2993 = CARTESIAN_POINT ( 'NONE',  ( 0.0000000000000000000, -10.10000000000000000, 13.00000000000000500 ) ) ;
#2994 = DIRECTION ( 'NONE',  ( 0.0000000000000000000, 0.0000000000000000000, 1.000000000000000000 ) ) ;
#2995 = DIRECTION ( 'NONE',  ( -0.0000000000000000000, -0.0000000000000000000, -1.000000000000000000 ) ) ;
#2996 = CARTESIAN_POINT ( 'NONE',  ( -0.05000000000000010700, -17.80000000000000400, -0.2500000000000017200 ) ) ;
#2997 = CARTESIAN_POINT ( 'NONE',  ( -1.150000000000000100, -14.60000000000000100, -1.200000000000002200 ) ) ;
#2998 = DIRECTION ( 'NONE',  ( 0.0000000000000000000, 1.000000000000000000, -5.595882180570345200E-016 ) ) ;
#2999 = CARTESIAN_POINT ( 'NONE',  ( -2.949999999999999700, -20.40000000000000200, 5.750000000000001800 ) ) ;
#3000 = DIRECTION ( 'NONE',  ( -0.0000000000000000000, 1.000000000000000000, -0.0000000000000000000 ) ) ;
#3001 = CARTESIAN_POINT ( 'NONE',  ( -0.05000000000000010700, -17.80000000000000400, -0.2500000000000017200 ) ) ;
#3002 = CARTESIAN_POINT ( 'NONE',  ( -1.150000000000000100, -14.60000000000000100, -1.200000000000002200 ) ) ;
#3003 = DIRECTION ( 'NONE',  ( -0.0000000000000000000, -1.000000000000000000, -0.0000000000000000000 ) ) ;
#3004 = CARTESIAN_POINT ( 'NONE',  ( -2.950000000000003300, -18.60000000000000100, 7.999999999999998200 ) ) ;
#3005 = DIRECTION ( 'NONE',  ( 0.0000000000000000000, 0.0000000000000000000, 1.000000000000000000 ) ) ;
#3006 = DIRECTION ( 'NONE',  ( -0.0000000000000000000, -0.0000000000000000000, -1.000000000000000000 ) ) ;
#3007 = CARTESIAN_POINT ( 'NONE',  ( 0.4499999999999999000, -17.80000000000000400, -0.2500000000000016700 ) ) ;
#3008 = DIRECTION ( 'NONE',  ( -0.0000000000000000000, 1.000000000000000000, -0.0000000000000000000 ) ) ;
#3009 = CARTESIAN_POINT ( 'NONE',  ( -0.05000000000000010700, -17.80000000000000400, 0.2499999999999982800 ) ) ;
#3010 = CARTESIAN_POINT ( 'NONE',  ( 0.4499999999999789700, -14.60000000000000100, 5.749999999999998200 ) ) ;
#3011 = DIRECTION ( 'NONE',  ( -0.0000000000000000000, 1.000000000000000000, -0.0000000000000000000 ) ) ;
#3012 = DIRECTION ( 'NONE',  ( 1.000000000000000000, 0.0000000000000000000, 0.0000000000000000000 ) ) ;
#3013 = CARTESIAN_POINT ( 'NONE',  ( 0.4499999999999999000, -17.80000000000000400, -0.2500000000000016700 ) ) ;
#3014 = DIRECTION ( 'NONE',  ( 1.000000000000000000, 0.0000000000000000000, 1.084202172485504400E-016 ) ) ;
#3015 = CARTESIAN_POINT ( 'NONE',  ( -0.05000000000000010700, -17.80000000000000400, -0.2500000000000017200 ) ) ;
#3016 = DIRECTION ( 'NONE',  ( -0.0000000000000000000, 1.000000000000000000, -0.0000000000000000000 ) ) ;
#3017 = CARTESIAN_POINT ( 'NONE',  ( -0.05000000000000708700, -14.60000000000000100, 1.749999999999998200 ) ) ;
#3018 = CARTESIAN_POINT ( 'NONE',  ( 0.4499999999999999000, -17.80000000000000400, 0.2499999999999982800 ) ) ;
#3019 = DIRECTION ( 'NONE',  ( 0.0000000000000000000, 0.0000000000000000000, 1.000000000000000000 ) ) ;
#3020 = CARTESIAN_POINT ( 'NONE',  ( 0.4499999999999929100, -17.80000000000000400, 1.749999999999998200 ) ) ;
#3021 = DIRECTION ( 'NONE',  ( -0.0000000000000000000, 1.000000000000000000, -0.0000000000000000000 ) ) ;
#3022 = CARTESIAN_POINT ( 'NONE',  ( -0.05000000000000708700, -17.80000000000000400, 1.749999999999998200 ) ) ;
#3023 = DIRECTION ( 'NONE',  ( 0.0000000000000000000, 0.0000000000000000000, -1.000000000000000000 ) ) ;
#3024 = DIRECTION ( 'NONE',  ( -0.0000000000000000000, 1.000000000000000000, -0.0000000000000000000 ) ) ;
#3025 = DIRECTION ( 'NONE',  ( 3.516331370223259700E-016, 1.000000000000000000, 5.153571800432619900E-016 ) ) ;
#3026 = CARTESIAN_POINT ( 'NONE',  ( -2.950000000000002000, -18.60000000000000100, -2.000000000000000000 ) ) ;
#3027 = DIRECTION ( 'NONE',  ( -1.000000000000000000, -0.0000000000000000000, -0.0000000000000000000 ) ) ;
#3028 = CARTESIAN_POINT ( 'NONE',  ( -0.05000000000000010700, -17.80000000000000400, 0.2499999999999982800 ) ) ;
#3029 = DIRECTION ( 'NONE',  ( -0.0000000000000000000, -0.0000000000000000000, -1.000000000000000000 ) ) ;
#3030 = CARTESIAN_POINT ( 'NONE',  ( -0.05000000000000708700, -17.80000000000000400, 1.749999999999998200 ) ) ;
#3031 = DIRECTION ( 'NONE',  ( -0.0000000000000000000, 1.000000000000000000, -0.0000000000000000000 ) ) ;
#3032 = CARTESIAN_POINT ( 'NONE',  ( 0.4499999999999929100, -17.80000000000000400, 1.749999999999998200 ) ) ;
#3033 = DIRECTION ( 'NONE',  ( -0.0000000000000000000, -0.0000000000000000000, -1.000000000000000000 ) ) ;
#3034 = DIRECTION ( 'NONE',  ( 1.000000000000000000, 0.0000000000000000000, 0.0000000000000000000 ) ) ;
#3035 = CARTESIAN_POINT ( 'NONE',  ( -0.05000000000000708700, -17.80000000000000400, 1.749999999999998200 ) ) ;
#3036 = DIRECTION ( 'NONE',  ( -0.0000000000000000000, 1.000000000000000000, -0.0000000000000000000 ) ) ;
#3037 = CARTESIAN_POINT ( 'NONE',  ( 0.4499999999999929100, -17.80000000000000400, 2.249999999999998700 ) ) ;
#3038 = DIRECTION ( 'NONE',  ( 0.0000000000000000000, 0.0000000000000000000, 1.000000000000000000 ) ) ;
#3039 = CARTESIAN_POINT ( 'NONE',  ( 0.4499999999999859100, -17.80000000000000400, 3.749999999999998700 ) ) ;
#3040 = DIRECTION ( 'NONE',  ( -0.0000000000000000000, 1.000000000000000000, -0.0000000000000000000 ) ) ;
#3041 = CARTESIAN_POINT ( 'NONE',  ( -0.05000000000001406800, -17.80000000000000400, 3.749999999999998200 ) ) ;
#3042 = DIRECTION ( 'NONE',  ( -0.0000000000000000000, 1.000000000000000000, -0.0000000000000000000 ) ) ;
#3043 = CARTESIAN_POINT ( 'NONE',  ( 0.0000000000000000000, -15.39999999999999900, -7.000000000000000000 ) ) ;
#3044 = CARTESIAN_POINT ( 'NONE',  ( -0.05000000000000708700, -17.80000000000000400, 2.249999999999998700 ) ) ;
#3045 = DIRECTION ( 'NONE',  ( -1.000000000000000000, -0.0000000000000000000, -0.0000000000000000000 ) ) ;
#3046 = CARTESIAN_POINT ( 'NONE',  ( -0.05000000000000708700, -17.80000000000000400, 2.249999999999998700 ) ) ;
#3047 = DIRECTION ( 'NONE',  ( -0.0000000000000000000, -0.0000000000000000000, -1.000000000000000000 ) ) ;
#3048 = CARTESIAN_POINT ( 'NONE',  ( -0.05000000000001406800, -17.80000000000000400, 3.749999999999998200 ) ) ;
#3049 = DIRECTION ( 'NONE',  ( 1.000000000000000000, 0.0000000000000000000, 0.0000000000000000000 ) ) ;
#3050 = CARTESIAN_POINT ( 'NONE',  ( -0.05000000000002105500, -14.60000000000000100, 5.749999999999998200 ) ) ;
#3051 = DIRECTION ( 'NONE',  ( -0.0000000000000000000, 1.000000000000000000, -0.0000000000000000000 ) ) ;
#3052 = CARTESIAN_POINT ( 'NONE',  ( 0.4499999999999859100, -17.80000000000000400, 3.749999999999998700 ) ) ;
#3053 = DIRECTION ( 'NONE',  ( 1.000000000000000000, 0.0000000000000000000, 8.673617379884035500E-016 ) ) ;
#3054 = CARTESIAN_POINT ( 'NONE',  ( -0.05000000000001406800, -17.80000000000000400, 3.749999999999998200 ) ) ;
#3055 = CARTESIAN_POINT ( 'NONE',  ( -0.05000000000002105500, -14.60000000000000100, 5.749999999999998200 ) ) ;
#3056 = DIRECTION ( 'NONE',  ( -0.0000000000000000000, 1.000000000000000000, -0.0000000000000000000 ) ) ;
#3057 = CARTESIAN_POINT ( 'NONE',  ( 0.4499999999999859100, -17.80000000000000400, 4.249999999999998200 ) ) ;
#3058 = DIRECTION ( 'NONE',  ( -0.0000000000000000000, 1.000000000000000000, -0.0000000000000000000 ) ) ;
#3059 = CARTESIAN_POINT ( 'NONE',  ( -0.05000000000002105500, -17.80000000000000400, 5.749999999999998200 ) ) ;
#3060 = DIRECTION ( 'NONE',  ( -0.0000000000000000000, 1.000000000000000000, -0.0000000000000000000 ) ) ;
#3061 = CARTESIAN_POINT ( 'NONE',  ( -0.05000000000001406800, -17.80000000000000400, 4.249999999999998200 ) ) ;
#3062 = DIRECTION ( 'NONE',  ( -1.000000000000000000, -0.0000000000000000000, -0.0000000000000000000 ) ) ;
#3063 = CARTESIAN_POINT ( 'NONE',  ( -0.05000000000001406800, -17.80000000000000400, 4.249999999999998200 ) ) ;
#3064 = CARTESIAN_POINT ( 'NONE',  ( -1.849999999999999900, -14.20000000000000100, 0.5499999999999983800 ) ) ;
#3065 = DIRECTION ( 'NONE',  ( -0.0000000000000000000, -0.0000000000000000000, -1.000000000000000000 ) ) ;
#3066 = CARTESIAN_POINT ( 'NONE',  ( -0.05000000000002105500, -17.80000000000000400, 5.749999999999998200 ) ) ;
#3067 = DIRECTION ( 'NONE',  ( 0.0000000000000000000, 0.0000000000000000000, 1.000000000000000000 ) ) ;
#3068 = DIRECTION ( 'NONE',  ( -0.0000000000000000000, 1.000000000000000000, -0.0000000000000000000 ) ) ;
#3069 = CARTESIAN_POINT ( 'NONE',  ( 0.4499999999999789700, -17.80000000000000400, 5.749999999999998200 ) ) ;
#3070 = CARTESIAN_POINT ( 'NONE',  ( 0.4499999999999929100, -14.60000000000000100, 1.749999999999998200 ) ) ;
#3071 = DIRECTION ( 'NONE',  ( 0.0000000000000000000, 0.0000000000000000000, -1.000000000000000000 ) ) ;
#3072 = DIRECTION ( 'NONE',  ( 0.0000000000000000000, -1.000000000000000000, 0.0000000000000000000 ) ) ;
#3073 = DIRECTION ( 'NONE',  ( -0.0000000000000000000, 1.000000000000000000, -0.0000000000000000000 ) ) ;
#3074 = CARTESIAN_POINT ( 'NONE',  ( -1.849999999999999900, -15.80000000000000100, 3.799999999999999400 ) ) ;
#3075 = DIRECTION ( 'NONE',  ( -0.0000000000000000000, -1.000000000000000000, -0.0000000000000000000 ) ) ;
#3076 = CARTESIAN_POINT ( 'NONE',  ( 1.959434878635765500E-016, -5.574516600406092900, 14.60000000000000500 ) ) ;
#3077 = DIRECTION ( 'NONE',  ( 0.0000000000000000000, 4.688441826964343300E-016, 1.000000000000000000 ) ) ;
#3078 = DIRECTION ( 'NONE',  ( 1.000000000000000000, 0.0000000000000000000, 0.0000000000000000000 ) ) ;
#3079 = CARTESIAN_POINT ( 'NONE',  ( 0.0000000000000000000, -17.49999999999999600, -7.000000000000000000 ) ) ;
#3080 = DIRECTION ( 'NONE',  ( -1.000000000000000000, -0.0000000000000000000, -0.0000000000000000000 ) ) ;
#3081 = CARTESIAN_POINT ( 'NONE',  ( -0.05000000000000708700, -14.60000000000000100, 2.249999999999998700 ) ) ;
#3082 = CARTESIAN_POINT ( 'NONE',  ( -0.05000000000002105500, -17.80000000000000400, 6.249999999999998200 ) ) ;
#3083 = DIRECTION ( 'NONE',  ( -1.000000000000000000, -0.0000000000000000000, -0.0000000000000000000 ) ) ;
#3084 = CARTESIAN_POINT ( 'NONE',  ( -0.05000000000002105500, -14.60000000000000100, 6.249999999999998200 ) ) ;
#3085 = ORIENTED_EDGE ( 'NONE', *, *, #181, .F. ) ;
#3086 = ORIENTED_EDGE ( 'NONE', *, *, #175, .T. ) ;
#3087 = ORIENTED_EDGE ( 'NONE', *, *, #395, .T. ) ;
#3088 = ORIENTED_EDGE ( 'NONE', *, *, #394, .T. ) ;
#3089 = ORIENTED_EDGE ( 'NONE', *, *, #401, .T. ) ;
#3090 = ORIENTED_EDGE ( 'NONE', *, *, #171, .T. ) ;
#3091 = ORIENTED_EDGE ( 'NONE', *, *, #393, .F. ) ;
#3092 = ORIENTED_EDGE ( 'NONE', *, *, #396, .F. ) ;
#3093 = ORIENTED_EDGE ( 'NONE', *, *, #398, .F. ) ;
#3094 = ORIENTED_EDGE ( 'NONE', *, *, #405, .F. ) ;
#3095 = ORIENTED_EDGE ( 'NONE', *, *, #389, .T. ) ;
#3096 = ORIENTED_EDGE ( 'NONE', *, *, #392, .T. ) ;
#3097 = ORIENTED_EDGE ( 'NONE', *, *, #82, .T. ) ;
#3098 = ORIENTED_EDGE ( 'NONE', *, *, #403, .F. ) ;
#3099 = ORIENTED_EDGE ( 'NONE', *, *, #391, .T. ) ;
#3100 = ORIENTED_EDGE ( 'NONE', *, *, #404, .T. ) ;
#3101 = ORIENTED_EDGE ( 'NONE', *, *, #78, .T. ) ;
#3102 = ORIENTED_EDGE ( 'NONE', *, *, #409, .F. ) ;
#3103 = ORIENTED_EDGE ( 'NONE', *, *, #129, .F. ) ;
#3104 = ORIENTED_EDGE ( 'NONE', *, *, #392, .F. ) ;
#3105 = ORIENTED_EDGE ( 'NONE', *, *, #390, .T. ) ;
#3106 = ORIENTED_EDGE ( 'NONE', *, *, #403, .T. ) ;
#3107 = ORIENTED_EDGE ( 'NONE', *, *, #67, .T. ) ;
#3108 = ORIENTED_EDGE ( 'NONE', *, *, #149, .F. ) ;
#3109 = ORIENTED_EDGE ( 'NONE', *, *, #202, .F. ) ;
#3110 = ORIENTED_EDGE ( 'NONE', *, *, #404, .F. ) ;
#3111 = ORIENTED_EDGE ( 'NONE', *, *, #387, .T. ) ;
#3112 = ORIENTED_EDGE ( 'NONE', *, *, #405, .T. ) ;
#3113 = ORIENTED_EDGE ( 'NONE', *, *, #84, .T. ) ;
#3114 = ORIENTED_EDGE ( 'NONE', *, *, #408, .F. ) ;
#3115 = ORIENTED_EDGE ( 'NONE', *, *, #76, .T. ) ;
#3116 = ORIENTED_EDGE ( 'NONE', *, *, #402, .T. ) ;
#3117 = ORIENTED_EDGE ( 'NONE', *, *, #44, .T. ) ;
#3118 = ORIENTED_EDGE ( 'NONE', *, *, #406, .F. ) ;
#3119 = ORIENTED_EDGE ( 'NONE', *, *, #74, .T. ) ;
#3120 = ORIENTED_EDGE ( 'NONE', *, *, #400, .T. ) ;
#3121 = ORIENTED_EDGE ( 'NONE', *, *, #63, .T. ) ;
#3122 = ORIENTED_EDGE ( 'NONE', *, *, #410, .F. ) ;
#3123 = ORIENTED_EDGE ( 'NONE', *, *, #227, .F. ) ;
#3124 = ORIENTED_EDGE ( 'NONE', *, *, #400, .F. ) ;
#3125 = ORIENTED_EDGE ( 'NONE', *, *, #80, .T. ) ;
#3126 = ORIENTED_EDGE ( 'NONE', *, *, #408, .T. ) ;
#3127 = ORIENTED_EDGE ( 'NONE', *, *, #66, .T. ) ;
#3128 = ORIENTED_EDGE ( 'NONE', *, *, #136, .F. ) ;
#3129 = ORIENTED_EDGE ( 'NONE', *, *, #200, .F. ) ;
#3130 = ORIENTED_EDGE ( 'NONE', *, *, #402, .F. ) ;
#3131 = ORIENTED_EDGE ( 'NONE', *, *, #77, .T. ) ;
#3132 = CLOSED_SHELL ( 'NONE', ( #2889, #2890, #3966, #3967, #3968, #3969, #3970, #3971, #3972, #3973, #3974, #3975, #3976, #3977, #3934, #3935, #3936, #3937, #3938, #3939, #3940, #3941, #2913, #2914, #2915, #2916, #2917, #2918, #2919, #2920, #2921, #2922, #2923, #2924, #2925, #2926, #2927, #2928, #2929, #2930, #2931, #2932, #2933, #2934, #2935, #2936, #2937, #2938, #2939, #2940, #2941, #2942, #2943, #3906, #3907, #3908, #3909, #3910, #3911, #3912, #3913, #2891, #2892, #2893, #2894, #2895, #2896, #2897, #2898, #2899, #2900, #2901, #2902, #2903, #2904, #2905, #2906, #2907, #2908, #2909, #2910, #2911, #2912, #3942, #3943, #3944, #3945, #3946, #3947, #3948, #3949, #3950, #3951, #3952, #3953, #3954, #3955, #3956, #3957, #3958, #3959, #3960, #3961, #3962, #3963, #3964, #3965, #3914, #3915, #3916, #3917, #3918, #3919, #3920, #3921, #3922, #3923, #3924, #3925, #3926, #3927, #3928, #3929, #3930, #3931, #3932, #3933 ) ) ;
#3133 = LINE ( 'NONE', #2209, #593 ) ;
#3134 = ORIENTED_EDGE ( 'NONE', *, *, #214, .F. ) ;
#3135 = ORIENTED_EDGE ( 'NONE', *, *, #213, .F. ) ;
#3136 = ORIENTED_EDGE ( 'NONE', *, *, #211, .F. ) ;
#3137 = ORIENTED_EDGE ( 'NONE', *, *, #212, .F. ) ;
#3138 = ORIENTED_EDGE ( 'NONE', *, *, #210, .F. ) ;
#3139 = EDGE_LOOP ( 'NONE', ( #3566, #3567, #3568, #3569 ) ) ;
#3140 = EDGE_LOOP ( 'NONE', ( #3511, #3512, #3513, #3514 ) ) ;
#3141 = EDGE_LOOP ( 'NONE', ( #3586, #3587, #3588, #3589, #3590, #3591, #3592, #3134, #3135, #3137, #3136, #3138, #3299, #3301, #3300, #3302 ) ) ;
#3142 = EDGE_LOOP ( 'NONE', ( #3554, #3558, #3552, #3556 ) ) ;
#3143 = EDGE_LOOP ( 'NONE', ( #3547, #3550, #3548, #3549 ) ) ;
#3144 = EDGE_LOOP ( 'NONE', ( #3574, #3575, #3576, #3577 ) ) ;
#3145 = EDGE_LOOP ( 'NONE', ( #3551, #3546, #3545, #3544 ) ) ;
#3146 = EDGE_LOOP ( 'NONE', ( #2160, #2159, #2158, #2157 ) ) ;
#3147 = EDGE_LOOP ( 'NONE', ( #2148, #2147, #2146, #2145, #2144, #2143, #2142 ) ) ;
#3148 = EDGE_LOOP ( 'NONE', ( #2164, #2163, #2162, #2161 ) ) ;
#3149 = EDGE_LOOP ( 'NONE', ( #3570, #3571, #3572, #3573 ) ) ;
#3150 = EDGE_LOOP ( 'NONE', ( #2156, #2155, #2154, #2153 ) ) ;
#3151 = EDGE_LOOP ( 'NONE', ( #2171, #2170, #2169, #3503, #3504, #3505, #3506 ) ) ;
#3152 = EDGE_LOOP ( 'NONE', ( #2168, #2167, #2166, #2165 ) ) ;
#3153 = EDGE_LOOP ( 'NONE', ( #2874, #2885, #2881, #2887, #2879, #2880, #2873, #2888, #2878, #2877, #2876, #2875, #2872, #2871, #2870, #2180, #2179, #2178, #2175, #2177, #2176, #2174, #2173, #2172 ) ) ;
#3154 = EDGE_LOOP ( 'NONE', ( #3578, #3579, #3580, #3581 ) ) ;
#3155 = EDGE_LOOP ( 'NONE', ( #3582, #3583, #3584, #3585 ) ) ;
#3156 = EDGE_LOOP ( 'NONE', ( #2104, #2103, #2102, #2101 ) ) ;
#3157 = EDGE_LOOP ( 'NONE', ( #2884, #2883, #2886, #2882 ) ) ;
#3158 = EDGE_LOOP ( 'NONE', ( #2141, #2140, #2139, #2138 ) ) ;
#3159 = EDGE_LOOP ( 'NONE', ( #2128, #2127, #2126, #2125, #2124, #2123, #2122, #2121, #2120, #2119, #2118, #2117 ) ) ;
#3160 = EDGE_LOOP ( 'NONE', ( #3529, #3530, #3531, #3532 ) ) ;
#3161 = EDGE_LOOP ( 'NONE', ( #2108, #2107, #2106, #2105 ) ) ;
#3162 = EDGE_LOOP ( 'NONE', ( #3507, #3508, #3509, #3510 ) ) ;
#3163 = EDGE_LOOP ( 'NONE', ( #3525, #3526, #3527, #3528 ) ) ;
#3164 = EDGE_LOOP ( 'NONE', ( #3515, #3516, #3517, #3518, #3519, #3520, #3521, #3522, #3523, #3524 ) ) ;
#3165 = EDGE_LOOP ( 'NONE', ( #2100, #2099, #2098, #2097 ) ) ;
#3166 = EDGE_LOOP ( 'NONE', ( #2111, #2113, #2110, #2109 ) ) ;
#3167 = EDGE_LOOP ( 'NONE', ( #3533, #2137, #2136, #2135, #2134, #2133, #2132, #2131, #2130, #2129 ) ) ;
#3168 = EDGE_LOOP ( 'NONE', ( #2116, #2115, #2114, #2112 ) ) ;
#3169 = EDGE_LOOP ( 'NONE', ( #3625, #3626, #3627, #3628 ) ) ;
#3170 = EDGE_LOOP ( 'NONE', ( #3598, #3599, #3600, #3601 ) ) ;
#3171 = EDGE_LOOP ( 'NONE', ( #3594, #3595, #3596, #3597 ) ) ;
#3172 = EDGE_LOOP ( 'NONE', ( #2096, #2095, #2094, #2093 ) ) ;
#3173 = EDGE_LOOP ( 'NONE', ( #2092, #2091, #2090, #2089 ) ) ;
#3174 = EDGE_LOOP ( 'NONE', ( #2077, #2076, #2075, #3593 ) ) ;
#3175 = EDGE_LOOP ( 'NONE', ( #2081, #2080, #2079, #2078 ) ) ;
#3176 = EDGE_LOOP ( 'NONE', ( #2088, #2087, #2086, #2085, #2084, #2083, #2082 ) ) ;
#3177 = EDGE_LOOP ( 'NONE', ( #3621, #3622, #3623, #3624 ) ) ;
#3178 = EDGE_LOOP ( 'NONE', ( #3701, #3702, #3703, #3704 ) ) ;
#3179 = EDGE_LOOP ( 'NONE', ( #3602, #3603, #3604, #3605 ) ) ;
#3180 = EDGE_LOOP ( 'NONE', ( #3606, #3607, #3608, #3609 ) ) ;
#3181 = EDGE_LOOP ( 'NONE', ( #3610, #3611, #3612, #3613 ) ) ;
#3182 = EDGE_LOOP ( 'NONE', ( #3641, #3642, #3643, #3644 ) ) ;
#3183 = EDGE_LOOP ( 'NONE', ( #3657, #3658, #3659, #3660 ) ) ;
#3184 = EDGE_LOOP ( 'NONE', ( #3614, #3615, #3616, #3617, #3618, #3619, #3620 ) ) ;
#3185 = EDGE_LOOP ( 'NONE', ( #3665, #3666, #3667, #3668 ) ) ;
#3186 = EDGE_LOOP ( 'NONE', ( #3633, #3634 ) ) ;
#3187 = EDGE_LOOP ( 'NONE', ( #3629, #3630, #3631, #3632 ) ) ;
#3188 = ORIENTED_EDGE ( 'NONE', *, *, #395, .F. ) ;
#3189 = EDGE_LOOP ( 'NONE', ( #3649, #3650 ) ) ;
#3190 = EDGE_LOOP ( 'NONE', ( #3127, #3126, #3125, #3124 ) ) ;
#3191 = EDGE_LOOP ( 'NONE', ( #3635, #3636, #3637, #3638, #3639, #3640 ) ) ;
#3192 = EDGE_LOOP ( 'NONE', ( #3645, #3646, #3647, #3648 ) ) ;
#3193 = EDGE_LOOP ( 'NONE', ( #3669, #3670, #3671, #3672 ) ) ;
#3194 = EDGE_LOOP ( 'NONE', ( #3117, #3116, #3115, #3114 ) ) ;
#3195 = EDGE_LOOP ( 'NONE', ( #3693, #3694 ) ) ;
#3196 = EDGE_LOOP ( 'NONE', ( #3539, #3538, #3537, #3536 ) ) ;
#3197 = EDGE_LOOP ( 'NONE', ( #3121, #3120, #3119, #3118 ) ) ;
#3198 = EDGE_LOOP ( 'NONE', ( #3673, #3674, #3675, #3676 ) ) ;
#3199 = EDGE_LOOP ( 'NONE', ( #3713, #3714, #3715, #3716 ) ) ;
#3200 = EDGE_LOOP ( 'NONE', ( #3661, #3662, #3663, #3664 ) ) ;
#3201 = EDGE_LOOP ( 'NONE', ( #3562, #3563, #3564, #3565 ) ) ;
#3202 = EDGE_LOOP ( 'NONE', ( #3101, #3100, #3099, #3098 ) ) ;
#3203 = EDGE_LOOP ( 'NONE', ( #2152, #2151, #2150, #2149 ) ) ;
#3204 = EDGE_LOOP ( 'NONE', ( #3689, #3690, #3691, #3692 ) ) ;
#3205 = EDGE_LOOP ( 'NONE', ( #3107, #3106, #3105, #3104 ) ) ;
#3206 = EDGE_LOOP ( 'NONE', ( #3129, #3128 ) ) ;
#3207 = EDGE_LOOP ( 'NONE', ( #3555, #3559, #3560, #3561 ) ) ;
#3208 = EDGE_LOOP ( 'NONE', ( #3679, #3680, #3681, #3682, #3683, #3684 ) ) ;
#3209 = EDGE_LOOP ( 'NONE', ( #3651, #3652, #3653, #3654, #3655, #3656 ) ) ;
#3210 = EDGE_LOOP ( 'NONE', ( #3535, #3534, #3553, #3557 ) ) ;
#3211 = EDGE_LOOP ( 'NONE', ( #3695, #3696, #3697, #3698, #3699, #3700 ) ) ;
#3212 = EDGE_LOOP ( 'NONE', ( #3717, #3718, #3131, #3130 ) ) ;
#3213 = EDGE_LOOP ( 'NONE', ( #3543, #3542, #3541, #3540 ) ) ;
#3214 = EDGE_LOOP ( 'NONE', ( #3677, #3678 ) ) ;
#3215 = EDGE_LOOP ( 'NONE', ( #3685, #3686, #3687, #3688 ) ) ;
#3216 = EDGE_LOOP ( 'NONE', ( #3113, #3112, #3111, #3110 ) ) ;
#3217 = EDGE_LOOP ( 'NONE', ( #3123, #3122 ) ) ;
#3218 = EDGE_LOOP ( 'NONE', ( #3709, #3710, #3711, #3712 ) ) ;
#3219 = EDGE_LOOP ( 'NONE', ( #3705, #3706, #3707, #3708 ) ) ;
#3220 = EDGE_LOOP ( 'NONE', ( #3109, #3108 ) ) ;
#3221 = EDGE_LOOP ( 'NONE', ( #3093, #3092, #3091, #3090, #3089, #3088, #3087, #3086 ) ) ;
#3222 = EDGE_LOOP ( 'NONE', ( #3097, #3096, #3095, #3094 ) ) ;
#3223 = EDGE_LOOP ( 'NONE', ( #3103, #3102 ) ) ;
#3224 = EDGE_LOOP ( 'NONE', ( #3085, #3188, #2968, #2967 ) ) ;
#3225 = EDGE_LOOP ( 'NONE', ( #3262, #3263, #3264, #3265 ) ) ;
#3226 = EDGE_LOOP ( 'NONE', ( #3258, #3259, #3260, #3261 ) ) ;
#3227 = EDGE_LOOP ( 'NONE', ( #3248, #3249, #3250, #3251, #3252, #3253 ) ) ;
#3228 = ORIENTED_EDGE ( 'NONE', *, *, #378, .T. ) ;
#3229 = ORIENTED_EDGE ( 'NONE', *, *, #401, .F. ) ;
#3230 = ORIENTED_EDGE ( 'NONE', *, *, #291, .T. ) ;
#3231 = ORIENTED_EDGE ( 'NONE', *, *, #397, .T. ) ;
#3232 = ORIENTED_EDGE ( 'NONE', *, *, #380, .F. ) ;
#3233 = ORIENTED_EDGE ( 'NONE', *, *, #231, .F. ) ;
#3234 = ORIENTED_EDGE ( 'NONE', *, *, #168, .T. ) ;
#3235 = ORIENTED_EDGE ( 'NONE', *, *, #290, .T. ) ;
#3236 = ORIENTED_EDGE ( 'NONE', *, *, #381, .T. ) ;
#3237 = ORIENTED_EDGE ( 'NONE', *, *, #291, .F. ) ;
#3238 = ORIENTED_EDGE ( 'NONE', *, *, #224, .F. ) ;
#3239 = ORIENTED_EDGE ( 'NONE', *, *, #292, .T. ) ;
#3240 = ORIENTED_EDGE ( 'NONE', *, *, #285, .F. ) ;
#3241 = ORIENTED_EDGE ( 'NONE', *, *, #286, .T. ) ;
#3242 = ORIENTED_EDGE ( 'NONE', *, *, #167, .T. ) ;
#3243 = ORIENTED_EDGE ( 'NONE', *, *, #292, .F. ) ;
#3244 = ORIENTED_EDGE ( 'NONE', *, *, #159, .F. ) ;
#3245 = ORIENTED_EDGE ( 'NONE', *, *, #284, .T. ) ;
#3246 = ORIENTED_EDGE ( 'NONE', *, *, #163, .T. ) ;
#3247 = ORIENTED_EDGE ( 'NONE', *, *, #287, .F. ) ;
#3248 = ORIENTED_EDGE ( 'NONE', *, *, #281, .T. ) ;
#3249 = ORIENTED_EDGE ( 'NONE', *, *, #282, .T. ) ;
#3250 = ORIENTED_EDGE ( 'NONE', *, *, #162, .T. ) ;
#3251 = ORIENTED_EDGE ( 'NONE', *, *, #284, .F. ) ;
#3252 = ORIENTED_EDGE ( 'NONE', *, *, #235, .F. ) ;
#3253 = ORIENTED_EDGE ( 'NONE', *, *, #380, .T. ) ;
#3254 = ORIENTED_EDGE ( 'NONE', *, *, #166, .T. ) ;
#3255 = ORIENTED_EDGE ( 'NONE', *, *, #286, .F. ) ;
#3256 = ORIENTED_EDGE ( 'NONE', *, *, #289, .F. ) ;
#3257 = ORIENTED_EDGE ( 'NONE', *, *, #280, .T. ) ;
#3258 = ORIENTED_EDGE ( 'NONE', *, *, #165, .T. ) ;
#3259 = ORIENTED_EDGE ( 'NONE', *, *, #280, .F. ) ;
#3260 = ORIENTED_EDGE ( 'NONE', *, *, #278, .F. ) ;
#3261 = ORIENTED_EDGE ( 'NONE', *, *, #279, .T. ) ;
#3262 = ORIENTED_EDGE ( 'NONE', *, *, #164, .T. ) ;
#3263 = ORIENTED_EDGE ( 'NONE', *, *, #279, .F. ) ;
#3264 = ORIENTED_EDGE ( 'NONE', *, *, #276, .F. ) ;
#3265 = ORIENTED_EDGE ( 'NONE', *, *, #287, .T. ) ;
#3266 = ORIENTED_EDGE ( 'NONE', *, *, #285, .T. ) ;
#3267 = ORIENTED_EDGE ( 'NONE', *, *, #276, .T. ) ;
#3268 = ORIENTED_EDGE ( 'NONE', *, *, #278, .T. ) ;
#3269 = ORIENTED_EDGE ( 'NONE', *, *, #289, .T. ) ;
#3270 = ORIENTED_EDGE ( 'NONE', *, *, #169, .T. ) ;
#3271 = ORIENTED_EDGE ( 'NONE', *, *, #283, .F. ) ;
#3272 = ORIENTED_EDGE ( 'NONE', *, *, #275, .F. ) ;
#3273 = ORIENTED_EDGE ( 'NONE', *, *, #290, .F. ) ;
#3274 = ORIENTED_EDGE ( 'NONE', *, *, #272, .F. ) ;
#3275 = ORIENTED_EDGE ( 'NONE', *, *, #273, .T. ) ;
#3276 = ORIENTED_EDGE ( 'NONE', *, *, #161, .T. ) ;
#3277 = ORIENTED_EDGE ( 'NONE', *, *, #282, .F. ) ;
#3278 = ORIENTED_EDGE ( 'NONE', *, *, #144, .F. ) ;
#3279 = ORIENTED_EDGE ( 'NONE', *, *, #274, .T. ) ;
#3280 = ORIENTED_EDGE ( 'NONE', *, *, #151, .T. ) ;
#3281 = ORIENTED_EDGE ( 'NONE', *, *, #156, .T. ) ;
#3282 = ORIENTED_EDGE ( 'NONE', *, *, #277, .T. ) ;
#3283 = ORIENTED_EDGE ( 'NONE', *, *, #272, .T. ) ;
#3284 = ORIENTED_EDGE ( 'NONE', *, *, #281, .F. ) ;
#3285 = ORIENTED_EDGE ( 'NONE', *, *, #397, .F. ) ;
#3286 = ORIENTED_EDGE ( 'NONE', *, *, #381, .F. ) ;
#3287 = ORIENTED_EDGE ( 'NONE', *, *, #275, .T. ) ;
#3288 = ORIENTED_EDGE ( 'NONE', *, *, #271, .T. ) ;
#3289 = ORIENTED_EDGE ( 'NONE', *, *, #269, .T. ) ;
#3290 = ORIENTED_EDGE ( 'NONE', *, *, #270, .T. ) ;
#3291 = ORIENTED_EDGE ( 'NONE', *, *, #288, .F. ) ;
#3292 = ORIENTED_EDGE ( 'NONE', *, *, #180, .T. ) ;
#3293 = ORIENTED_EDGE ( 'NONE', *, *, #267, .T. ) ;
#3294 = ORIENTED_EDGE ( 'NONE', *, *, #269, .F. ) ;
#3295 = ORIENTED_EDGE ( 'NONE', *, *, #265, .T. ) ;
#3296 = ORIENTED_EDGE ( 'NONE', *, *, #170, .T. ) ;
#3297 = ORIENTED_EDGE ( 'NONE', *, *, #265, .F. ) ;
#3298 = ORIENTED_EDGE ( 'NONE', *, *, #271, .F. ) ;
#3299 = ORIENTED_EDGE ( 'NONE', *, *, #209, .F. ) ;
#3300 = ORIENTED_EDGE ( 'NONE', *, *, #207, .F. ) ;
#3301 = ORIENTED_EDGE ( 'NONE', *, *, #208, .F. ) ;
#3302 = ORIENTED_EDGE ( 'NONE', *, *, #206, .F. ) ;
#3303 = ORIENTED_EDGE ( 'NONE', *, *, #134, .T. ) ;
#3304 = ORIENTED_EDGE ( 'NONE', *, *, #89, .F. ) ;
#3305 = ORIENTED_EDGE ( 'NONE', *, *, #91, .F. ) ;
#3306 = ORIENTED_EDGE ( 'NONE', *, *, #107, .T. ) ;
#3307 = ORIENTED_EDGE ( 'NONE', *, *, #116, .T. ) ;
#3308 = ORIENTED_EDGE ( 'NONE', *, *, #90, .T. ) ;
#3309 = ORIENTED_EDGE ( 'NONE', *, *, #110, .T. ) ;
#3310 = ORIENTED_EDGE ( 'NONE', *, *, #91, .T. ) ;
#3311 = ORIENTED_EDGE ( 'NONE', *, *, #21, .T. ) ;
#3312 = ORIENTED_EDGE ( 'NONE', *, *, #111, .F. ) ;
#3313 = ORIENTED_EDGE ( 'NONE', *, *, #100, .F. ) ;
#3314 = ORIENTED_EDGE ( 'NONE', *, *, #97, .T. ) ;
#3315 = ORIENTED_EDGE ( 'NONE', *, *, #18, .T. ) ;
#3316 = ORIENTED_EDGE ( 'NONE', *, *, #97, .F. ) ;
#3317 = ORIENTED_EDGE ( 'NONE', *, *, #93, .F. ) ;
#3318 = ORIENTED_EDGE ( 'NONE', *, *, #101, .T. ) ;
#3319 = ORIENTED_EDGE ( 'NONE', *, *, #14, .T. ) ;
#3320 = ORIENTED_EDGE ( 'NONE', *, *, #101, .F. ) ;
#3321 = ORIENTED_EDGE ( 'NONE', *, *, #120, .F. ) ;
#3322 = ORIENTED_EDGE ( 'NONE', *, *, #119, .T. ) ;
#3323 = ORIENTED_EDGE ( 'NONE', *, *, #20, .T. ) ;
#3324 = ORIENTED_EDGE ( 'NONE', *, *, #119, .F. ) ;
#3325 = ORIENTED_EDGE ( 'NONE', *, *, #125, .F. ) ;
#3326 = ORIENTED_EDGE ( 'NONE', *, *, #111, .T. ) ;
#3327 = ORIENTED_EDGE ( 'NONE', *, *, #100, .T. ) ;
#3328 = ORIENTED_EDGE ( 'NONE', *, *, #125, .T. ) ;
#3329 = ORIENTED_EDGE ( 'NONE', *, *, #120, .T. ) ;
#3330 = ORIENTED_EDGE ( 'NONE', *, *, #93, .T. ) ;
#3331 = ORIENTED_EDGE ( 'NONE', *, *, #126, .T. ) ;
#3332 = ORIENTED_EDGE ( 'NONE', *, *, #104, .F. ) ;
#3333 = ORIENTED_EDGE ( 'NONE', *, *, #4, .F. ) ;
#3334 = ORIENTED_EDGE ( 'NONE', *, *, #94, .T. ) ;
#3335 = ORIENTED_EDGE ( 'NONE', *, *, #99, .T. ) ;
#3336 = ORIENTED_EDGE ( 'NONE', *, *, #94, .F. ) ;
#3337 = ORIENTED_EDGE ( 'NONE', *, *, #7, .F. ) ;
#3338 = ORIENTED_EDGE ( 'NONE', *, *, #98, .T. ) ;
#3339 = ORIENTED_EDGE ( 'NONE', *, *, #123, .T. ) ;
#3340 = ORIENTED_EDGE ( 'NONE', *, *, #98, .F. ) ;
#3341 = ORIENTED_EDGE ( 'NONE', *, *, #2, .F. ) ;
#3342 = ORIENTED_EDGE ( 'NONE', *, *, #122, .T. ) ;
#3343 = ORIENTED_EDGE ( 'NONE', *, *, #114, .T. ) ;
#3344 = ORIENTED_EDGE ( 'NONE', *, *, #122, .F. ) ;
#3345 = ORIENTED_EDGE ( 'NONE', *, *, #5, .F. ) ;
#3346 = ORIENTED_EDGE ( 'NONE', *, *, #104, .T. ) ;
#3347 = ORIENTED_EDGE ( 'NONE', *, *, #126, .F. ) ;
#3348 = ORIENTED_EDGE ( 'NONE', *, *, #99, .F. ) ;
#3349 = ORIENTED_EDGE ( 'NONE', *, *, #123, .F. ) ;
#3350 = ORIENTED_EDGE ( 'NONE', *, *, #114, .F. ) ;
#3351 = ORIENTED_EDGE ( 'NONE', *, *, #10, .T. ) ;
#3352 = ORIENTED_EDGE ( 'NONE', *, *, #96, .T. ) ;
#3353 = ORIENTED_EDGE ( 'NONE', *, *, #22, .F. ) ;
#3354 = ORIENTED_EDGE ( 'NONE', *, *, #121, .F. ) ;
#3355 = ORIENTED_EDGE ( 'NONE', *, *, #217, .T. ) ;
#3356 = ORIENTED_EDGE ( 'NONE', *, *, #13, .T. ) ;
#3357 = ORIENTED_EDGE ( 'NONE', *, *, #121, .T. ) ;
#3358 = ORIENTED_EDGE ( 'NONE', *, *, #19, .T. ) ;
#3359 = ORIENTED_EDGE ( 'NONE', *, *, #27, .T. ) ;
#3360 = ORIENTED_EDGE ( 'NONE', *, *, #115, .T. ) ;
#3361 = ORIENTED_EDGE ( 'NONE', *, *, #377, .F. ) ;
#3362 = ORIENTED_EDGE ( 'NONE', *, *, #95, .F. ) ;
#3363 = ORIENTED_EDGE ( 'NONE', *, *, #23, .T. ) ;
#3364 = ORIENTED_EDGE ( 'NONE', *, *, #95, .T. ) ;
#3365 = ORIENTED_EDGE ( 'NONE', *, *, #9, .T. ) ;
#3366 = ORIENTED_EDGE ( 'NONE', *, *, #26, .T. ) ;
#3367 = ORIENTED_EDGE ( 'NONE', *, *, #25, .F. ) ;
#3368 = ORIENTED_EDGE ( 'NONE', *, *, #12, .F. ) ;
#3369 = ORIENTED_EDGE ( 'NONE', *, *, #6, .F. ) ;
#3370 = ORIENTED_EDGE ( 'NONE', *, *, #115, .F. ) ;
#3371 = ORIENTED_EDGE ( 'NONE', *, *, #11, .F. ) ;
#3372 = ORIENTED_EDGE ( 'NONE', *, *, #17, .F. ) ;
#3373 = ORIENTED_EDGE ( 'NONE', *, *, #16, .F. ) ;
#3374 = ORIENTED_EDGE ( 'NONE', *, *, #96, .F. ) ;
#3375 = ORIENTED_EDGE ( 'NONE', *, *, #283, .T. ) ;
#3376 = ORIENTED_EDGE ( 'NONE', *, *, #160, .T. ) ;
#3377 = ORIENTED_EDGE ( 'NONE', *, *, #273, .F. ) ;
#3378 = ORIENTED_EDGE ( 'NONE', *, *, #277, .F. ) ;
#3379 = ORIENTED_EDGE ( 'NONE', *, *, #153, .T. ) ;
#3380 = ORIENTED_EDGE ( 'NONE', *, *, #135, .T. ) ;
#3381 = ORIENTED_EDGE ( 'NONE', *, *, #266, .F. ) ;
#3382 = ORIENTED_EDGE ( 'NONE', *, *, #268, .F. ) ;
#3383 = ORIENTED_EDGE ( 'NONE', *, *, #263, .T. ) ;
#3384 = ORIENTED_EDGE ( 'NONE', *, *, #148, .T. ) ;
#3385 = ORIENTED_EDGE ( 'NONE', *, *, #262, .F. ) ;
#3386 = ORIENTED_EDGE ( 'NONE', *, *, #261, .F. ) ;
#3387 = ORIENTED_EDGE ( 'NONE', *, *, #266, .T. ) ;
#3388 = ORIENTED_EDGE ( 'NONE', *, *, #152, .T. ) ;
#3389 = ORIENTED_EDGE ( 'NONE', *, *, #260, .F. ) ;
#3390 = ORIENTED_EDGE ( 'NONE', *, *, #264, .F. ) ;
#3391 = ORIENTED_EDGE ( 'NONE', *, *, #262, .T. ) ;
#3392 = ORIENTED_EDGE ( 'NONE', *, *, #140, .T. ) ;
#3393 = ORIENTED_EDGE ( 'NONE', *, *, #263, .F. ) ;
#3394 = ORIENTED_EDGE ( 'NONE', *, *, #256, .F. ) ;
#3395 = ORIENTED_EDGE ( 'NONE', *, *, #260, .T. ) ;
#3396 = ORIENTED_EDGE ( 'NONE', *, *, #268, .T. ) ;
#3397 = ORIENTED_EDGE ( 'NONE', *, *, #261, .T. ) ;
#3398 = ORIENTED_EDGE ( 'NONE', *, *, #264, .T. ) ;
#3399 = ORIENTED_EDGE ( 'NONE', *, *, #256, .T. ) ;
#3400 = ORIENTED_EDGE ( 'NONE', *, *, #221, .T. ) ;
#3401 = ORIENTED_EDGE ( 'NONE', *, *, #258, .F. ) ;
#3402 = ORIENTED_EDGE ( 'NONE', *, *, #255, .F. ) ;
#3403 = ORIENTED_EDGE ( 'NONE', *, *, #257, .T. ) ;
#3404 = ORIENTED_EDGE ( 'NONE', *, *, #228, .T. ) ;
#3405 = ORIENTED_EDGE ( 'NONE', *, *, #254, .F. ) ;
#3406 = ORIENTED_EDGE ( 'NONE', *, *, #253, .F. ) ;
#3407 = ORIENTED_EDGE ( 'NONE', *, *, #258, .T. ) ;
#3408 = ORIENTED_EDGE ( 'NONE', *, *, #223, .T. ) ;
#3409 = ORIENTED_EDGE ( 'NONE', *, *, #252, .F. ) ;
#3410 = ORIENTED_EDGE ( 'NONE', *, *, #259, .F. ) ;
#3411 = ORIENTED_EDGE ( 'NONE', *, *, #254, .T. ) ;
#3412 = ORIENTED_EDGE ( 'NONE', *, *, #234, .T. ) ;
#3413 = ORIENTED_EDGE ( 'NONE', *, *, #257, .F. ) ;
#3414 = ORIENTED_EDGE ( 'NONE', *, *, #248, .F. ) ;
#3415 = ORIENTED_EDGE ( 'NONE', *, *, #252, .T. ) ;
#3416 = ORIENTED_EDGE ( 'NONE', *, *, #255, .T. ) ;
#3417 = ORIENTED_EDGE ( 'NONE', *, *, #253, .T. ) ;
#3418 = ORIENTED_EDGE ( 'NONE', *, *, #259, .T. ) ;
#3419 = ORIENTED_EDGE ( 'NONE', *, *, #248, .T. ) ;
#3420 = ORIENTED_EDGE ( 'NONE', *, *, #142, .T. ) ;
#3421 = ORIENTED_EDGE ( 'NONE', *, *, #250, .F. ) ;
#3422 = ORIENTED_EDGE ( 'NONE', *, *, #247, .F. ) ;
#3423 = ORIENTED_EDGE ( 'NONE', *, *, #249, .T. ) ;
#3424 = ORIENTED_EDGE ( 'NONE', *, *, #137, .T. ) ;
#3425 = ORIENTED_EDGE ( 'NONE', *, *, #246, .F. ) ;
#3426 = ORIENTED_EDGE ( 'NONE', *, *, #245, .F. ) ;
#3427 = ORIENTED_EDGE ( 'NONE', *, *, #250, .T. ) ;
#3428 = ORIENTED_EDGE ( 'NONE', *, *, #138, .T. ) ;
#3429 = ORIENTED_EDGE ( 'NONE', *, *, #244, .F. ) ;
#3430 = ORIENTED_EDGE ( 'NONE', *, *, #251, .F. ) ;
#3431 = ORIENTED_EDGE ( 'NONE', *, *, #246, .T. ) ;
#3432 = ORIENTED_EDGE ( 'NONE', *, *, #150, .T. ) ;
#3433 = ORIENTED_EDGE ( 'NONE', *, *, #249, .F. ) ;
#3434 = ORIENTED_EDGE ( 'NONE', *, *, #241, .F. ) ;
#3435 = ORIENTED_EDGE ( 'NONE', *, *, #244, .T. ) ;
#3436 = ORIENTED_EDGE ( 'NONE', *, *, #247, .T. ) ;
#3437 = ORIENTED_EDGE ( 'NONE', *, *, #245, .T. ) ;
#3438 = ORIENTED_EDGE ( 'NONE', *, *, #251, .T. ) ;
#3439 = ORIENTED_EDGE ( 'NONE', *, *, #241, .T. ) ;
#3440 = ORIENTED_EDGE ( 'NONE', *, *, #229, .T. ) ;
#3441 = ORIENTED_EDGE ( 'NONE', *, *, #243, .F. ) ;
#3442 = ORIENTED_EDGE ( 'NONE', *, *, #240, .F. ) ;
#3443 = ORIENTED_EDGE ( 'NONE', *, *, #242, .T. ) ;
#3444 = ORIENTED_EDGE ( 'NONE', *, *, #225, .T. ) ;
#3445 = ORIENTED_EDGE ( 'NONE', *, *, #239, .F. ) ;
#3446 = ORIENTED_EDGE ( 'NONE', *, *, #106, .F. ) ;
#3447 = ORIENTED_EDGE ( 'NONE', *, *, #243, .T. ) ;
#3448 = ORIENTED_EDGE ( 'NONE', *, *, #230, .T. ) ;
#3449 = ORIENTED_EDGE ( 'NONE', *, *, #109, .F. ) ;
#3450 = ORIENTED_EDGE ( 'NONE', *, *, #108, .F. ) ;
#3451 = ORIENTED_EDGE ( 'NONE', *, *, #239, .T. ) ;
#3452 = ORIENTED_EDGE ( 'NONE', *, *, #233, .T. ) ;
#3453 = ORIENTED_EDGE ( 'NONE', *, *, #242, .F. ) ;
#3454 = ORIENTED_EDGE ( 'NONE', *, *, #113, .F. ) ;
#3455 = ORIENTED_EDGE ( 'NONE', *, *, #109, .T. ) ;
#3456 = ORIENTED_EDGE ( 'NONE', *, *, #240, .T. ) ;
#3457 = ORIENTED_EDGE ( 'NONE', *, *, #106, .T. ) ;
#3458 = ORIENTED_EDGE ( 'NONE', *, *, #108, .T. ) ;
#3459 = ORIENTED_EDGE ( 'NONE', *, *, #113, .T. ) ;
#3460 = ORIENTED_EDGE ( 'NONE', *, *, #118, .T. ) ;
#3461 = ORIENTED_EDGE ( 'NONE', *, *, #102, .F. ) ;
#3462 = ORIENTED_EDGE ( 'NONE', *, *, #270, .F. ) ;
#3463 = ORIENTED_EDGE ( 'NONE', *, *, #117, .T. ) ;
#3464 = ORIENTED_EDGE ( 'NONE', *, *, #398, .T. ) ;
#3465 = ORIENTED_EDGE ( 'NONE', *, *, #174, .F. ) ;
#3466 = ORIENTED_EDGE ( 'NONE', *, *, #146, .F. ) ;
#3467 = ORIENTED_EDGE ( 'NONE', *, *, #130, .F. ) ;
#3468 = ORIENTED_EDGE ( 'NONE', *, *, #127, .T. ) ;
#3469 = ORIENTED_EDGE ( 'NONE', *, *, #396, .T. ) ;
#3470 = ORIENTED_EDGE ( 'NONE', *, *, #127, .F. ) ;
#3471 = ORIENTED_EDGE ( 'NONE', *, *, #133, .F. ) ;
#3472 = ORIENTED_EDGE ( 'NONE', *, *, #124, .F. ) ;
#3473 = ORIENTED_EDGE ( 'NONE', *, *, #226, .F. ) ;
#3474 = ORIENTED_EDGE ( 'NONE', *, *, #92, .T. ) ;
#3475 = ORIENTED_EDGE ( 'NONE', *, *, #118, .F. ) ;
#3476 = ORIENTED_EDGE ( 'NONE', *, *, #112, .T. ) ;
#3477 = ORIENTED_EDGE ( 'NONE', *, *, #393, .T. ) ;
#3478 = ORIENTED_EDGE ( 'NONE', *, *, #112, .F. ) ;
#3479 = ORIENTED_EDGE ( 'NONE', *, *, #117, .F. ) ;
#3480 = ORIENTED_EDGE ( 'NONE', *, *, #267, .F. ) ;
#3481 = ORIENTED_EDGE ( 'NONE', *, *, #172, .T. ) ;
#3482 = ORIENTED_EDGE ( 'NONE', *, *, #145, .T. ) ;
#3483 = ORIENTED_EDGE ( 'NONE', *, *, #274, .F. ) ;
#3484 = ORIENTED_EDGE ( 'NONE', *, *, #197, .F. ) ;
#3485 = ORIENTED_EDGE ( 'NONE', *, *, #124, .T. ) ;
#3486 = ORIENTED_EDGE ( 'NONE', *, *, #102, .T. ) ;
#3487 = ORIENTED_EDGE ( 'NONE', *, *, #92, .F. ) ;
#3488 = ORIENTED_EDGE ( 'NONE', *, *, #1881, .F. ) ;
#3489 = ORIENTED_EDGE ( 'NONE', *, *, #288, .T. ) ;
#3490 = ORIENTED_EDGE ( 'NONE', *, *, #157, .T. ) ;
#3491 = ORIENTED_EDGE ( 'NONE', *, *, #103, .F. ) ;
#3492 = ORIENTED_EDGE ( 'NONE', *, *, #116, .F. ) ;
#3493 = ORIENTED_EDGE ( 'NONE', *, *, #89, .T. ) ;
#3494 = ORIENTED_EDGE ( 'NONE', *, *, #155, .T. ) ;
#3495 = ORIENTED_EDGE ( 'NONE', *, *, #105, .F. ) ;
#3496 = ORIENTED_EDGE ( 'NONE', *, *, #90, .F. ) ;
#3497 = ORIENTED_EDGE ( 'NONE', *, *, #103, .T. ) ;
#3498 = ORIENTED_EDGE ( 'NONE', *, *, #237, .T. ) ;
#3499 = ORIENTED_EDGE ( 'NONE', *, *, #107, .F. ) ;
#3500 = ORIENTED_EDGE ( 'NONE', *, *, #110, .F. ) ;
#3501 = ORIENTED_EDGE ( 'NONE', *, *, #105, .T. ) ;
#3502 = LINE ( 'NONE', #2582, #3723 ) ;
#3503 = ORIENTED_EDGE ( 'NONE', *, *, #2950, .F. ) ;
#3504 = ORIENTED_EDGE ( 'NONE', *, *, #1896, .F. ) ;
#3505 = ORIENTED_EDGE ( 'NONE', *, *, #2953, .F. ) ;
#3506 = ORIENTED_EDGE ( 'NONE', *, *, #2554, .F. ) ;
#3507 = ORIENTED_EDGE ( 'NONE', *, *, #194, .T. ) ;
#3508 = ORIENTED_EDGE ( 'NONE', *, *, #1, .F. ) ;
#3509 = ORIENTED_EDGE ( 'NONE', *, *, #3, .F. ) ;
#3510 = ORIENTED_EDGE ( 'NONE', *, *, #207, .T. ) ;
#3511 = ORIENTED_EDGE ( 'NONE', *, *, #4, .T. ) ;
#3512 = ORIENTED_EDGE ( 'NONE', *, *, #5, .T. ) ;
#3513 = ORIENTED_EDGE ( 'NONE', *, *, #2, .T. ) ;
#3514 = ORIENTED_EDGE ( 'NONE', *, *, #7, .T. ) ;
#3515 = ORIENTED_EDGE ( 'NONE', *, *, #3, .T. ) ;
#3516 = ORIENTED_EDGE ( 'NONE', *, *, #2954, .F. ) ;
#3517 = ORIENTED_EDGE ( 'NONE', *, *, #9, .F. ) ;
#3518 = ORIENTED_EDGE ( 'NONE', *, *, #377, .T. ) ;
#3519 = ORIENTED_EDGE ( 'NONE', *, *, #6, .T. ) ;
#3520 = ORIENTED_EDGE ( 'NONE', *, *, #8, .F. ) ;
#3521 = ORIENTED_EDGE ( 'NONE', *, *, #11, .T. ) ;
#3522 = ORIENTED_EDGE ( 'NONE', *, *, #10, .F. ) ;
#3523 = ORIENTED_EDGE ( 'NONE', *, *, #13, .F. ) ;
#3524 = ORIENTED_EDGE ( 'NONE', *, *, #206, .T. ) ;
#3525 = ORIENTED_EDGE ( 'NONE', *, *, #8, .T. ) ;
#3526 = ORIENTED_EDGE ( 'NONE', *, *, #12, .T. ) ;
#3527 = ORIENTED_EDGE ( 'NONE', *, *, #15, .F. ) ;
#3528 = ORIENTED_EDGE ( 'NONE', *, *, #17, .T. ) ;
#3529 = ORIENTED_EDGE ( 'NONE', *, *, #21, .F. ) ;
#3530 = ORIENTED_EDGE ( 'NONE', *, *, #18, .F. ) ;
#3531 = ORIENTED_EDGE ( 'NONE', *, *, #14, .F. ) ;
#3532 = ORIENTED_EDGE ( 'NONE', *, *, #20, .F. ) ;
#3533 = ORIENTED_EDGE ( 'NONE', *, *, #218, .T. ) ;
#3534 = ORIENTED_EDGE ( 'NONE', *, *, #144, .T. ) ;
#3535 = ORIENTED_EDGE ( 'NONE', *, *, #197, .T. ) ;
#3536 = ORIENTED_EDGE ( 'NONE', *, *, #154, .F. ) ;
#3537 = ORIENTED_EDGE ( 'NONE', *, *, #149, .T. ) ;
#3538 = ORIENTED_EDGE ( 'NONE', *, *, #158, .T. ) ;
#3539 = ORIENTED_EDGE ( 'NONE', *, *, #232, .T. ) ;
#3540 = ORIENTED_EDGE ( 'NONE', *, *, #147, .F. ) ;
#3541 = ORIENTED_EDGE ( 'NONE', *, *, #136, .T. ) ;
#3542 = ORIENTED_EDGE ( 'NONE', *, *, #184, .T. ) ;
#3543 = ORIENTED_EDGE ( 'NONE', *, *, #128, .T. ) ;
#3544 = ORIENTED_EDGE ( 'NONE', *, *, #143, .F. ) ;
#3545 = ORIENTED_EDGE ( 'NONE', *, *, #238, .T. ) ;
#3546 = ORIENTED_EDGE ( 'NONE', *, *, #131, .T. ) ;
#3547 = ORIENTED_EDGE ( 'NONE', *, *, #129, .T. ) ;
#3548 = ORIENTED_EDGE ( 'NONE', *, *, #141, .T. ) ;
#3549 = ORIENTED_EDGE ( 'NONE', *, *, #139, .F. ) ;
#3550 = ORIENTED_EDGE ( 'NONE', *, *, #236, .T. ) ;
#3551 = ORIENTED_EDGE ( 'NONE', *, *, #227, .T. ) ;
#3552 = ORIENTED_EDGE ( 'NONE', *, *, #134, .F. ) ;
#3553 = ORIENTED_EDGE ( 'NONE', *, *, #1881, .T. ) ;
#3554 = ORIENTED_EDGE ( 'NONE', *, *, #155, .F. ) ;
#3555 = ORIENTED_EDGE ( 'NONE', *, *, #151, .F. ) ;
#3556 = ORIENTED_EDGE ( 'NONE', *, *, #237, .F. ) ;
#3557 = ORIENTED_EDGE ( 'NONE', *, *, #226, .T. ) ;
#3558 = ORIENTED_EDGE ( 'NONE', *, *, #157, .F. ) ;
#3559 = ORIENTED_EDGE ( 'NONE', *, *, #145, .F. ) ;
#3560 = ORIENTED_EDGE ( 'NONE', *, *, #133, .T. ) ;
#3561 = ORIENTED_EDGE ( 'NONE', *, *, #130, .T. ) ;
#3562 = ORIENTED_EDGE ( 'NONE', *, *, #156, .F. ) ;
#3563 = ORIENTED_EDGE ( 'NONE', *, *, #146, .T. ) ;
#3564 = ORIENTED_EDGE ( 'NONE', *, *, #132, .T. ) ;
#3565 = ORIENTED_EDGE ( 'NONE', *, *, #153, .F. ) ;
#3566 = ORIENTED_EDGE ( 'NONE', *, *, #142, .F. ) ;
#3567 = ORIENTED_EDGE ( 'NONE', *, *, #150, .F. ) ;
#3568 = ORIENTED_EDGE ( 'NONE', *, *, #138, .F. ) ;
#3569 = ORIENTED_EDGE ( 'NONE', *, *, #137, .F. ) ;
#3570 = ORIENTED_EDGE ( 'NONE', *, *, #135, .F. ) ;
#3571 = ORIENTED_EDGE ( 'NONE', *, *, #140, .F. ) ;
#3572 = ORIENTED_EDGE ( 'NONE', *, *, #152, .F. ) ;
#3573 = ORIENTED_EDGE ( 'NONE', *, *, #148, .F. ) ;
#3574 = ORIENTED_EDGE ( 'NONE', *, *, #231, .T. ) ;
#3575 = ORIENTED_EDGE ( 'NONE', *, *, #235, .T. ) ;
#3576 = ORIENTED_EDGE ( 'NONE', *, *, #159, .T. ) ;
#3577 = ORIENTED_EDGE ( 'NONE', *, *, #224, .T. ) ;
#3578 = ORIENTED_EDGE ( 'NONE', *, *, #221, .F. ) ;
#3579 = ORIENTED_EDGE ( 'NONE', *, *, #234, .F. ) ;
#3580 = ORIENTED_EDGE ( 'NONE', *, *, #223, .F. ) ;
#3581 = ORIENTED_EDGE ( 'NONE', *, *, #228, .F. ) ;
#3582 = ORIENTED_EDGE ( 'NONE', *, *, #229, .F. ) ;
#3583 = ORIENTED_EDGE ( 'NONE', *, *, #233, .F. ) ;
#3584 = ORIENTED_EDGE ( 'NONE', *, *, #230, .F. ) ;
#3585 = ORIENTED_EDGE ( 'NONE', *, *, #225, .F. ) ;
#3586 = ORIENTED_EDGE ( 'NONE', *, *, #217, .F. ) ;
#3587 = ORIENTED_EDGE ( 'NONE', *, *, #218, .F. ) ;
#3588 = ORIENTED_EDGE ( 'NONE', *, *, #222, .F. ) ;
#3589 = ORIENTED_EDGE ( 'NONE', *, *, #216, .F. ) ;
#3590 = ORIENTED_EDGE ( 'NONE', *, *, #220, .F. ) ;
#3591 = ORIENTED_EDGE ( 'NONE', *, *, #219, .F. ) ;
#3592 = ORIENTED_EDGE ( 'NONE', *, *, #215, .F. ) ;
#3593 = ORIENTED_EDGE ( 'NONE', *, *, #48, .T. ) ;
#3594 = ORIENTED_EDGE ( 'NONE', *, *, #2951, .T. ) ;
#3595 = ORIENTED_EDGE ( 'NONE', *, *, #48, .F. ) ;
#3596 = ORIENTED_EDGE ( 'NONE', *, *, #53, .F. ) ;
#3597 = ORIENTED_EDGE ( 'NONE', *, *, #50, .T. ) ;
#3598 = ORIENTED_EDGE ( 'NONE', *, *, #2950, .T. ) ;
#3599 = ORIENTED_EDGE ( 'NONE', *, *, #50, .F. ) ;
#3600 = ORIENTED_EDGE ( 'NONE', *, *, #55, .F. ) ;
#3601 = ORIENTED_EDGE ( 'NONE', *, *, #52, .T. ) ;
#3602 = ORIENTED_EDGE ( 'NONE', *, *, #1896, .T. ) ;
#3603 = ORIENTED_EDGE ( 'NONE', *, *, #52, .F. ) ;
#3604 = ORIENTED_EDGE ( 'NONE', *, *, #57, .F. ) ;
#3605 = ORIENTED_EDGE ( 'NONE', *, *, #54, .T. ) ;
#3606 = ORIENTED_EDGE ( 'NONE', *, *, #2953, .T. ) ;
#3607 = ORIENTED_EDGE ( 'NONE', *, *, #54, .F. ) ;
#3608 = ORIENTED_EDGE ( 'NONE', *, *, #59, .F. ) ;
#3609 = ORIENTED_EDGE ( 'NONE', *, *, #56, .T. ) ;
#3610 = ORIENTED_EDGE ( 'NONE', *, *, #2554, .T. ) ;
#3611 = ORIENTED_EDGE ( 'NONE', *, *, #56, .F. ) ;
#3612 = ORIENTED_EDGE ( 'NONE', *, *, #69, .F. ) ;
#3613 = ORIENTED_EDGE ( 'NONE', *, *, #35, .T. ) ;
#3614 = ORIENTED_EDGE ( 'NONE', *, *, #46, .T. ) ;
#3615 = ORIENTED_EDGE ( 'NONE', *, *, #69, .T. ) ;
#3616 = ORIENTED_EDGE ( 'NONE', *, *, #59, .T. ) ;
#3617 = ORIENTED_EDGE ( 'NONE', *, *, #57, .T. ) ;
#3618 = ORIENTED_EDGE ( 'NONE', *, *, #55, .T. ) ;
#3619 = ORIENTED_EDGE ( 'NONE', *, *, #53, .T. ) ;
#3620 = ORIENTED_EDGE ( 'NONE', *, *, #51, .T. ) ;
#3621 = ORIENTED_EDGE ( 'NONE', *, *, #62, .F. ) ;
#3622 = ORIENTED_EDGE ( 'NONE', *, *, #220, .T. ) ;
#3623 = ORIENTED_EDGE ( 'NONE', *, *, #58, .F. ) ;
#3624 = ORIENTED_EDGE ( 'NONE', *, *, #49, .F. ) ;
#3625 = ORIENTED_EDGE ( 'NONE', *, *, #63, .F. ) ;
#3626 = ORIENTED_EDGE ( 'NONE', *, *, #64, .F. ) ;
#3627 = ORIENTED_EDGE ( 'NONE', *, *, #44, .F. ) ;
#3628 = ORIENTED_EDGE ( 'NONE', *, *, #66, .F. ) ;
#3629 = ORIENTED_EDGE ( 'NONE', *, *, #60, .T. ) ;
#3630 = ORIENTED_EDGE ( 'NONE', *, *, #61, .F. ) ;
#3631 = ORIENTED_EDGE ( 'NONE', *, *, #68, .F. ) ;
#3632 = ORIENTED_EDGE ( 'NONE', *, *, #65, .T. ) ;
#3633 = ORIENTED_EDGE ( 'NONE', *, *, #72, .F. ) ;
#3634 = ORIENTED_EDGE ( 'NONE', *, *, #238, .F. ) ;
#3635 = ORIENTED_EDGE ( 'NONE', *, *, #75, .T. ) ;
#3636 = ORIENTED_EDGE ( 'NONE', *, *, #177, .T. ) ;
#3637 = ORIENTED_EDGE ( 'NONE', *, *, #62, .T. ) ;
#3638 = ORIENTED_EDGE ( 'NONE', *, *, #71, .F. ) ;
#3639 = ORIENTED_EDGE ( 'NONE', *, *, #70, .F. ) ;
#3640 = ORIENTED_EDGE ( 'NONE', *, *, #61, .T. ) ;
#3641 = ORIENTED_EDGE ( 'NONE', *, *, #76, .F. ) ;
#3642 = ORIENTED_EDGE ( 'NONE', *, *, #77, .F. ) ;
#3643 = ORIENTED_EDGE ( 'NONE', *, *, #74, .F. ) ;
#3644 = ORIENTED_EDGE ( 'NONE', *, *, #80, .F. ) ;
#3645 = ORIENTED_EDGE ( 'NONE', *, *, #49, .T. ) ;
#3646 = ORIENTED_EDGE ( 'NONE', *, *, #73, .F. ) ;
#3647 = ORIENTED_EDGE ( 'NONE', *, *, #85, .F. ) ;
#3648 = ORIENTED_EDGE ( 'NONE', *, *, #71, .T. ) ;
#3649 = ORIENTED_EDGE ( 'NONE', *, *, #128, .F. ) ;
#3650 = ORIENTED_EDGE ( 'NONE', *, *, #203, .F. ) ;
#3651 = ORIENTED_EDGE ( 'NONE', *, *, #58, .T. ) ;
#3652 = ORIENTED_EDGE ( 'NONE', *, *, #190, .T. ) ;
#3653 = ORIENTED_EDGE ( 'NONE', *, *, #88, .T. ) ;
#3654 = ORIENTED_EDGE ( 'NONE', *, *, #65, .F. ) ;
#3655 = ORIENTED_EDGE ( 'NONE', *, *, #83, .F. ) ;
#3656 = ORIENTED_EDGE ( 'NONE', *, *, #73, .T. ) ;
#3657 = ORIENTED_EDGE ( 'NONE', *, *, #68, .T. ) ;
#3658 = ORIENTED_EDGE ( 'NONE', *, *, #70, .T. ) ;
#3659 = ORIENTED_EDGE ( 'NONE', *, *, #85, .T. ) ;
#3660 = ORIENTED_EDGE ( 'NONE', *, *, #83, .T. ) ;
#3661 = ORIENTED_EDGE ( 'NONE', *, *, #29, .F. ) ;
#3662 = ORIENTED_EDGE ( 'NONE', *, *, #75, .F. ) ;
#3663 = ORIENTED_EDGE ( 'NONE', *, *, #60, .F. ) ;
#3664 = ORIENTED_EDGE ( 'NONE', *, *, #88, .F. ) ;
#3665 = ORIENTED_EDGE ( 'NONE', *, *, #31, .F. ) ;
#3666 = ORIENTED_EDGE ( 'NONE', *, *, #87, .T. ) ;
#3667 = ORIENTED_EDGE ( 'NONE', *, *, #79, .T. ) ;
#3668 = ORIENTED_EDGE ( 'NONE', *, *, #2961, .T. ) ;
#3669 = ORIENTED_EDGE ( 'NONE', *, *, #84, .F. ) ;
#3670 = ORIENTED_EDGE ( 'NONE', *, *, #78, .F. ) ;
#3671 = ORIENTED_EDGE ( 'NONE', *, *, #67, .F. ) ;
#3672 = ORIENTED_EDGE ( 'NONE', *, *, #82, .F. ) ;
#3673 = ORIENTED_EDGE ( 'NONE', *, *, #86, .T. ) ;
#3674 = ORIENTED_EDGE ( 'NONE', *, *, #81, .F. ) ;
#3675 = ORIENTED_EDGE ( 'NONE', *, *, #79, .F. ) ;
#3676 = ORIENTED_EDGE ( 'NONE', *, *, #2004, .T. ) ;
#3677 = ORIENTED_EDGE ( 'NONE', *, *, #383, .F. ) ;
#3678 = ORIENTED_EDGE ( 'NONE', *, *, #141, .F. ) ;
#3679 = ORIENTED_EDGE ( 'NONE', *, *, #382, .T. ) ;
#3680 = ORIENTED_EDGE ( 'NONE', *, *, #385, .F. ) ;
#3681 = ORIENTED_EDGE ( 'NONE', *, *, #384, .F. ) ;
#3682 = ORIENTED_EDGE ( 'NONE', *, *, #198, .F. ) ;
#3683 = ORIENTED_EDGE ( 'NONE', *, *, #2961, .F. ) ;
#3684 = ORIENTED_EDGE ( 'NONE', *, *, #81, .T. ) ;
#3685 = ORIENTED_EDGE ( 'NONE', *, *, #390, .F. ) ;
#3686 = ORIENTED_EDGE ( 'NONE', *, *, #391, .F. ) ;
#3687 = ORIENTED_EDGE ( 'NONE', *, *, #387, .F. ) ;
#3688 = ORIENTED_EDGE ( 'NONE', *, *, #389, .F. ) ;
#3689 = ORIENTED_EDGE ( 'NONE', *, *, #386, .T. ) ;
#3690 = ORIENTED_EDGE ( 'NONE', *, *, #388, .F. ) ;
#3691 = ORIENTED_EDGE ( 'NONE', *, *, #411, .F. ) ;
#3692 = ORIENTED_EDGE ( 'NONE', *, *, #385, .T. ) ;
#3693 = ORIENTED_EDGE ( 'NONE', *, *, #232, .F. ) ;
#3694 = ORIENTED_EDGE ( 'NONE', *, *, #204, .F. ) ;
#3695 = ORIENTED_EDGE ( 'NONE', *, *, #399, .T. ) ;
#3696 = ORIENTED_EDGE ( 'NONE', *, *, #2004, .F. ) ;
#3697 = ORIENTED_EDGE ( 'NONE', *, *, #87, .F. ) ;
#3698 = ORIENTED_EDGE ( 'NONE', *, *, #199, .F. ) ;
#3699 = ORIENTED_EDGE ( 'NONE', *, *, #407, .F. ) ;
#3700 = ORIENTED_EDGE ( 'NONE', *, *, #388, .T. ) ;
#3701 = ORIENTED_EDGE ( 'NONE', *, *, #407, .T. ) ;
#3702 = ORIENTED_EDGE ( 'NONE', *, *, #209, .T. ) ;
#3703 = ORIENTED_EDGE ( 'NONE', *, *, #384, .T. ) ;
#3704 = ORIENTED_EDGE ( 'NONE', *, *, #411, .T. ) ;
#3705 = ORIENTED_EDGE ( 'NONE', *, *, #86, .F. ) ;
#3706 = ORIENTED_EDGE ( 'NONE', *, *, #399, .F. ) ;
#3707 = ORIENTED_EDGE ( 'NONE', *, *, #386, .F. ) ;
#3708 = ORIENTED_EDGE ( 'NONE', *, *, #382, .F. ) ;
#3709 = ORIENTED_EDGE ( 'NONE', *, *, #131, .F. ) ;
#3710 = ORIENTED_EDGE ( 'NONE', *, *, #410, .T. ) ;
#3711 = ORIENTED_EDGE ( 'NONE', *, *, #143, .T. ) ;
#3712 = ORIENTED_EDGE ( 'NONE', *, *, #72, .T. ) ;
#3713 = ORIENTED_EDGE ( 'NONE', *, *, #236, .F. ) ;
#3714 = ORIENTED_EDGE ( 'NONE', *, *, #409, .T. ) ;
#3715 = ORIENTED_EDGE ( 'NONE', *, *, #139, .T. ) ;
#3716 = ORIENTED_EDGE ( 'NONE', *, *, #383, .T. ) ;
#3717 = ORIENTED_EDGE ( 'NONE', *, *, #64, .T. ) ;
#3718 = ORIENTED_EDGE ( 'NONE', *, *, #406, .T. ) ;
#3719 = LINE ( 'NONE', #2449, #3725 ) ;
#3720 = LINE ( 'NONE', #2446, #3727 ) ;
#3721 = LINE ( 'NONE', #2598, #3722 ) ;
#3722 = VECTOR ( 'NONE', #2450, 1000.000000000000000 ) ;
#3723 = VECTOR ( 'NONE', #2600, 1000.000000000000000 ) ;
#3724 = LINE ( 'NONE', #2443, #3737 ) ;
#3725 = VECTOR ( 'NONE', #2445, 1000.000000000000000 ) ;
#3726 = LINE ( 'NONE', #2424, #3739 ) ;
#3727 = VECTOR ( 'NONE', #2442, 1000.000000000000000 ) ;
#3728 = LINE ( 'NONE', #2421, #3741 ) ;
#3729 = LINE ( 'NONE', #2440, #3730 ) ;
#3730 = VECTOR ( 'NONE', #2438, 1000.000000000000000 ) ;
#3731 = LINE ( 'NONE', #2435, #3732 ) ;
#3732 = VECTOR ( 'NONE', #2434, 1000.000000000000000 ) ;
#3733 = LINE ( 'NONE', #2432, #3734 ) ;
#3734 = VECTOR ( 'NONE', #2430, 1000.000000000000000 ) ;
#3735 = LINE ( 'NONE', #2427, #3736 ) ;
#3736 = VECTOR ( 'NONE', #2425, 1000.000000000000000 ) ;
#3737 = VECTOR ( 'NONE', #2423, 1000.000000000000000 ) ;
#3738 = LINE ( 'NONE', #2419, #3747 ) ;
#3739 = VECTOR ( 'NONE', #2420, 1000.000000000000000 ) ;
#3740 = LINE ( 'NONE', #2407, #3749 ) ;
#3741 = VECTOR ( 'NONE', #2416, 1000.000000000000100 ) ;
#3742 = LINE ( 'NONE', #2404, #3751 ) ;
#3743 = LINE ( 'NONE', #2413, #3744 ) ;
#3744 = VECTOR ( 'NONE', #2412, 1000.000000000000000 ) ;
#3745 = LINE ( 'NONE', #2410, #3746 ) ;
#3746 = VECTOR ( 'NONE', #2408, 1000.000000000000000 ) ;
#3747 = VECTOR ( 'NONE', #2406, 1000.000000000000000 ) ;
#3748 = LINE ( 'NONE', #2401, #3757 ) ;
#3749 = VECTOR ( 'NONE', #2402, 1000.000000000000000 ) ;
#3750 = LINE ( 'NONE', #2390, #3761 ) ;
#3751 = VECTOR ( 'NONE', #2399, 1000.000000000000100 ) ;
#3752 = LINE ( 'NONE', #2384, #3763 ) ;
#3753 = LINE ( 'NONE', #2398, #3754 ) ;
#3754 = VECTOR ( 'NONE', #2397, 1000.000000000000000 ) ;
#3755 = LINE ( 'NONE', #2393, #3756 ) ;
#3756 = VECTOR ( 'NONE', #2392, 1000.000000000000000 ) ;
#3757 = VECTOR ( 'NONE', #2389, 1000.000000000000000 ) ;
#3758 = LINE ( 'NONE', #2380, #3775 ) ;
#3759 = LINE ( 'NONE', #2387, #3760 ) ;
#3760 = VECTOR ( 'NONE', #2385, 1000.000000000000000 ) ;
#3761 = VECTOR ( 'NONE', #2381, 1000.000000000000000 ) ;
#3762 = LINE ( 'NONE', #2365, #3777 ) ;
#3763 = VECTOR ( 'NONE', #2379, 1000.000000000000000 ) ;
#3764 = LINE ( 'NONE', #2363, #3781 ) ;
#3765 = LINE ( 'NONE', #2376, #3766 ) ;
#3766 = VECTOR ( 'NONE', #2375, 1000.000000000000000 ) ;
#3767 = LINE ( 'NONE', #2373, #3768 ) ;
#3768 = VECTOR ( 'NONE', #2372, 1000.000000000000000 ) ;
#3769 = LINE ( 'NONE', #2371, #3770 ) ;
#3770 = VECTOR ( 'NONE', #2370, 1000.000000000000000 ) ;
#3771 = LINE ( 'NONE', #2369, #3772 ) ;
#3772 = VECTOR ( 'NONE', #2368, 1000.000000000000000 ) ;
#3773 = LINE ( 'NONE', #2367, #3774 ) ;
#3774 = VECTOR ( 'NONE', #2366, 1000.000000000000000 ) ;
#3775 = VECTOR ( 'NONE', #2364, 1000.000000000000000 ) ;
#3776 = LINE ( 'NONE', #2359, #3785 ) ;
#3777 = VECTOR ( 'NONE', #2362, 1000.000000000000000 ) ;
#3778 = LINE ( 'NONE', #2355, #3787 ) ;
#3779 = LINE ( 'NONE', #2361, #3780 ) ;
#3780 = VECTOR ( 'NONE', #2360, 1000.000000000000100 ) ;
#3781 = VECTOR ( 'NONE', #2358, 1000.000000000000000 ) ;
#3782 = LINE ( 'NONE', #2353, #3789 ) ;
#3783 = LINE ( 'NONE', #2357, #3784 ) ;
#3784 = VECTOR ( 'NONE', #2356, 1000.000000000000000 ) ;
#3785 = VECTOR ( 'NONE', #2354, 1000.000000000000000 ) ;
#3786 = LINE ( 'NONE', #2351, #3791 ) ;
#3787 = VECTOR ( 'NONE', #2352, 1000.000000000000000 ) ;
#3788 = LINE ( 'NONE', #2349, #3793 ) ;
#3789 = VECTOR ( 'NONE', #2350, 1000.000000000000000 ) ;
#3790 = LINE ( 'NONE', #2347, #3797 ) ;
#3791 = VECTOR ( 'NONE', #2348, 1000.000000000000000 ) ;
#3792 = LINE ( 'NONE', #2343, #3801 ) ;
#3793 = VECTOR ( 'NONE', #2346, 1000.000000000000000 ) ;
#3794 = LINE ( 'NONE', #2339, #3805 ) ;
#3795 = LINE ( 'NONE', #2345, #3796 ) ;
#3796 = VECTOR ( 'NONE', #2344, 1000.000000000000000 ) ;
#3797 = VECTOR ( 'NONE', #2342, 1000.000000000000000 ) ;
#3798 = LINE ( 'NONE', #2335, #3809 ) ;
#3799 = LINE ( 'NONE', #2341, #3800 ) ;
#3800 = VECTOR ( 'NONE', #2340, 1000.000000000000000 ) ;
#3801 = VECTOR ( 'NONE', #2338, 1000.000000000000000 ) ;
#3802 = LINE ( 'NONE', #2331, #3813 ) ;
#3803 = LINE ( 'NONE', #2337, #3804 ) ;
#3804 = VECTOR ( 'NONE', #2336, 1000.000000000000000 ) ;
#3805 = VECTOR ( 'NONE', #2334, 1000.000000000000000 ) ;
#3806 = LINE ( 'NONE', #2327, #3817 ) ;
#3807 = LINE ( 'NONE', #2333, #3808 ) ;
#3808 = VECTOR ( 'NONE', #2332, 1000.000000000000000 ) ;
#3809 = VECTOR ( 'NONE', #2330, 1000.000000000000000 ) ;
#3810 = LINE ( 'NONE', #2323, #3819 ) ;
#3811 = LINE ( 'NONE', #2329, #3812 ) ;
#3812 = VECTOR ( 'NONE', #2328, 1000.000000000000100 ) ;
#3813 = VECTOR ( 'NONE', #2326, 1000.000000000000100 ) ;
#3814 = LINE ( 'NONE', #2321, #3821 ) ;
#3815 = LINE ( 'NONE', #2325, #3816 ) ;
#3816 = VECTOR ( 'NONE', #2324, 1000.000000000000000 ) ;
#3817 = VECTOR ( 'NONE', #2322, 1000.000000000000000 ) ;
#3818 = LINE ( 'NONE', #2319, #3825 ) ;
#3819 = VECTOR ( 'NONE', #2320, 1000.000000000000000 ) ;
#3820 = LINE ( 'NONE', #2315, #3829 ) ;
#3821 = VECTOR ( 'NONE', #2318, 1000.000000000000000 ) ;
#3822 = LINE ( 'NONE', #2311, #3833 ) ;
#3823 = LINE ( 'NONE', #2317, #3824 ) ;
#3824 = VECTOR ( 'NONE', #2316, 1000.000000000000000 ) ;
#3825 = VECTOR ( 'NONE', #2314, 1000.000000000000000 ) ;
#3826 = LINE ( 'NONE', #2307, #3837 ) ;
#3827 = LINE ( 'NONE', #2313, #3828 ) ;
#3828 = VECTOR ( 'NONE', #2312, 1000.000000000000000 ) ;
#3829 = VECTOR ( 'NONE', #2310, 1000.000000000000000 ) ;
#3830 = LINE ( 'NONE', #2303, #3841 ) ;
#3831 = LINE ( 'NONE', #2309, #3832 ) ;
#3832 = VECTOR ( 'NONE', #2308, 1000.000000000000000 ) ;
#3833 = VECTOR ( 'NONE', #2306, 1000.000000000000000 ) ;
#3834 = LINE ( 'NONE', #2299, #3843 ) ;
#3835 = LINE ( 'NONE', #2305, #3836 ) ;
#3836 = VECTOR ( 'NONE', #2304, 1000.000000000000000 ) ;
#3837 = VECTOR ( 'NONE', #2302, 1000.000000000000000 ) ;
#3838 = LINE ( 'NONE', #2286, #3854 ) ;
#3839 = LINE ( 'NONE', #2301, #3840 ) ;
#3840 = VECTOR ( 'NONE', #2300, 1000.000000000000000 ) ;
#3841 = VECTOR ( 'NONE', #2297, 1000.000000000000000 ) ;
#3842 = VECTOR ( 'NONE', #2291, 1000.000000000000000 ) ;
#3843 = VECTOR ( 'NONE', #2295, 1000.000000000000000 ) ;
#3844 = LINE ( 'NONE', #2292, #3848 ) ;
#3845 = LINE ( 'NONE', #2290, #3852 ) ;
#3846 = LINE ( 'NONE', #2298, #3842 ) ;
#3847 = CIRCLE ( 'NONE', #1918, 4.000000000000000000 ) ;
#3848 = VECTOR ( 'NONE', #2289, 1000.000000000000000 ) ;
#3849 = LINE ( 'NONE', #2284, #3856 ) ;
#3850 = LINE ( 'NONE', #2288, #3851 ) ;
#3851 = VECTOR ( 'NONE', #2287, 1000.000000000000000 ) ;
#3852 = VECTOR ( 'NONE', #2285, 1000.000000000000000 ) ;
#3853 = VECTOR ( 'NONE', #2258, 1000.000000000000000 ) ;
#3854 = VECTOR ( 'NONE', #2282, 1000.000000000000000 ) ;
#3855 = VECTOR ( 'NONE', #2271, 1000.000000000000000 ) ;
#3856 = VECTOR ( 'NONE', #2280, 1000.000000000000100 ) ;
#3857 = VECTOR ( 'NONE', #2266, 1000.000000000000000 ) ;
#3858 = LINE ( 'NONE', #2279, #3859 ) ;
#3859 = VECTOR ( 'NONE', #2278, 1000.000000000000000 ) ;
#3860 = LINE ( 'NONE', #2277, #3861 ) ;
#3861 = VECTOR ( 'NONE', #2276, 1000.000000000000000 ) ;
#3862 = LINE ( 'NONE', #2267, #3857 ) ;
#3863 = LINE ( 'NONE', #2283, #3855 ) ;
#3864 = CIRCLE ( 'NONE', #414, 1.599999999999999900 ) ;
#3865 = LINE ( 'NONE', #2259, #3875 ) ;
#3866 = LINE ( 'NONE', #2253, #3881 ) ;
#3867 = CIRCLE ( 'NONE', #415, 3.999999999999998200 ) ;
#3868 = LINE ( 'NONE', #2265, #3869 ) ;
#3869 = VECTOR ( 'NONE', #2264, 1000.000000000000000 ) ;
#3870 = LINE ( 'NONE', #2263, #3871 ) ;
#3871 = VECTOR ( 'NONE', #2262, 1000.000000000000000 ) ;
#3872 = LINE ( 'NONE', #2257, #3879 ) ;
#3873 = LINE ( 'NONE', #2270, #3853 ) ;
#3874 = CIRCLE ( 'NONE', #416, 4.000000000000007100 ) ;
#3875 = VECTOR ( 'NONE', #2256, 1000.000000000000000 ) ;
#3876 = LINE ( 'NONE', #2251, #3885 ) ;
#3877 = LINE ( 'NONE', #2255, #3878 ) ;
#3878 = VECTOR ( 'NONE', #2254, 1000.000000000000000 ) ;
#3879 = VECTOR ( 'NONE', #2252, 1000.000000000000000 ) ;
#3880 = LINE ( 'NONE', #2247, #3889 ) ;
#3881 = VECTOR ( 'NONE', #2250, 1000.000000000000000 ) ;
#3882 = LINE ( 'NONE', #2243, #3895 ) ;
#3883 = LINE ( 'NONE', #2249, #3884 ) ;
#3884 = VECTOR ( 'NONE', #2248, 1000.000000000000000 ) ;
#3885 = VECTOR ( 'NONE', #2246, 1000.000000000000000 ) ;
#3886 = LINE ( 'NONE', #2235, #3897 ) ;
#3887 = LINE ( 'NONE', #2245, #3888 ) ;
#3888 = VECTOR ( 'NONE', #2244, 1000.000000000000000 ) ;
#3889 = VECTOR ( 'NONE', #2242, 1000.000000000000000 ) ;
#3890 = LINE ( 'NONE', #2233, #3901 ) ;
#3891 = LINE ( 'NONE', #2239, #3892 ) ;
#3892 = VECTOR ( 'NONE', #2238, 1000.000000000000000 ) ;
#3893 = LINE ( 'NONE', #2237, #3894 ) ;
#3894 = VECTOR ( 'NONE', #2236, 1000.000000000000000 ) ;
#3895 = VECTOR ( 'NONE', #2234, 1000.000000000000000 ) ;
#3896 = LINE ( 'NONE', #2229, #3903 ) ;
#3897 = VECTOR ( 'NONE', #2232, 1000.000000000000000 ) ;
#3898 = LINE ( 'NONE', #2227, #3905 ) ;
#3899 = LINE ( 'NONE', #2231, #3900 ) ;
#3900 = VECTOR ( 'NONE', #2230, 1000.000000000000000 ) ;
#3901 = VECTOR ( 'NONE', #2228, 1000.000000000000000 ) ;
#3902 = LINE ( 'NONE', #2225, #583 ) ;
#3903 = VECTOR ( 'NONE', #2226, 1000.000000000000000 ) ;
#3904 = LINE ( 'NONE', #2217, #591 ) ;
#3905 = VECTOR ( 'NONE', #2224, 1000.000000000000000 ) ;
#3906 = ADVANCED_FACE ( 'NONE', ( #1100 ), #1114, .F. ) ;
#3907 = ADVANCED_FACE ( 'NONE', ( #1113, #1116 ), #1701, .F. ) ;
#3908 = ADVANCED_FACE ( 'NONE', ( #1110, #1115 ), #1695, .F. ) ;
#3909 = ADVANCED_FACE ( 'NONE', ( #1098 ), #1121, .F. ) ;
#3910 = ADVANCED_FACE ( 'NONE', ( #1119 ), #1711, .F. ) ;
#3911 = ADVANCED_FACE ( 'NONE', ( #1118, #1123 ), #1710, .F. ) ;
#3912 = ADVANCED_FACE ( 'NONE', ( #1117, #1120 ), #1712, .F. ) ;
#3913 = ADVANCED_FACE ( 'NONE', ( #1122 ), #1128, .F. ) ;
#3914 = ADVANCED_FACE ( 'NONE', ( #1126 ), #1726, .F. ) ;
#3915 = ADVANCED_FACE ( 'NONE', ( #1125 ), #1728, .F. ) ;
#3916 = ADVANCED_FACE ( 'NONE', ( #1127 ), #1732, .F. ) ;
#3917 = ADVANCED_FACE ( 'NONE', ( #1124 ), #1736, .T. ) ;
#3918 = ADVANCED_FACE ( 'NONE', ( #1129 ), #1740, .F. ) ;
#3919 = ADVANCED_FACE ( 'NONE', ( #1130 ), #1744, .F. ) ;
#3920 = ADVANCED_FACE ( 'NONE', ( #1131 ), #1748, .F. ) ;
#3921 = ADVANCED_FACE ( 'NONE', ( #1132 ), #1752, .F. ) ;
#3922 = ADVANCED_FACE ( 'NONE', ( #1133 ), #1756, .T. ) ;
#3923 = ADVANCED_FACE ( 'NONE', ( #1134 ), #1760, .F. ) ;
#3924 = ADVANCED_FACE ( 'NONE', ( #1135 ), #1764, .F. ) ;
#3925 = ADVANCED_FACE ( 'NONE', ( #1136 ), #1768, .F. ) ;
#3926 = ADVANCED_FACE ( 'NONE', ( #1137 ), #1772, .F. ) ;
#3927 = ADVANCED_FACE ( 'NONE', ( #1138 ), #1776, .F. ) ;
#3928 = ADVANCED_FACE ( 'NONE', ( #1139 ), #1780, .F. ) ;
#3929 = ADVANCED_FACE ( 'NONE', ( #1140 ), #1784, .T. ) ;
#3930 = ADVANCED_FACE ( 'NONE', ( #1141 ), #1788, .F. ) ;
#3931 = ADVANCED_FACE ( 'NONE', ( #1142 ), #1792, .T. ) ;
#3932 = ADVANCED_FACE ( 'NONE', ( #1143 ), #1796, .T. ) ;
#3933 = ADVANCED_FACE ( 'NONE', ( #1144 ), #1800, .T. ) ;
#3934 = ADVANCED_FACE ( 'NONE', ( #1145, #1149 ), #1803, .T. ) ;
#3935 = ADVANCED_FACE ( 'NONE', ( #1147 ), #1807, .T. ) ;
#3936 = ADVANCED_FACE ( 'NONE', ( #1150 ), #1812, .T. ) ;
#3937 = ADVANCED_FACE ( 'NONE', ( #1148, #1153 ), #1815, .T. ) ;
#3938 = ADVANCED_FACE ( 'NONE', ( #1146, #1151 ), #1811, .T. ) ;
#3939 = ADVANCED_FACE ( 'NONE', ( #1152 ), #1823, .T. ) ;
#3940 = ADVANCED_FACE ( 'NONE', ( #1156, #1158 ), #1827, .T. ) ;
#3941 = ADVANCED_FACE ( 'NONE', ( #1157 ), #1831, .T. ) ;
#3942 = ADVANCED_FACE ( 'NONE', ( #1159 ), #1836, .F. ) ;
#3943 = ADVANCED_FACE ( 'NONE', ( #1154 ), #1840, .F. ) ;
#3944 = ADVANCED_FACE ( 'NONE', ( #1160 ), #1844, .F. ) ;
#3945 = ADVANCED_FACE ( 'NONE', ( #1155 ), #1848, .F. ) ;
#3946 = ADVANCED_FACE ( 'NONE', ( #1161 ), #1852, .F. ) ;
#3947 = ADVANCED_FACE ( 'NONE', ( #1162 ), #1856, .F. ) ;
#3948 = ADVANCED_FACE ( 'NONE', ( #1163 ), #1860, .F. ) ;
#3949 = ADVANCED_FACE ( 'NONE', ( #1164 ), #1864, .F. ) ;
#3950 = ADVANCED_FACE ( 'NONE', ( #1165 ), #1868, .F. ) ;
#3951 = ADVANCED_FACE ( 'NONE', ( #1166 ), #1872, .F. ) ;
#3952 = ADVANCED_FACE ( 'NONE', ( #1167 ), #1876, .F. ) ;
#3953 = ADVANCED_FACE ( 'NONE', ( #1168 ), #1880, .F. ) ;
#3954 = ADVANCED_FACE ( 'NONE', ( #1169 ), #1885, .F. ) ;
#3955 = ADVANCED_FACE ( 'NONE', ( #1170 ), #1889, .F. ) ;
#3956 = ADVANCED_FACE ( 'NONE', ( #1171 ), #1893, .F. ) ;
#3957 = ADVANCED_FACE ( 'NONE', ( #1172 ), #1898, .F. ) ;
#3958 = ADVANCED_FACE ( 'NONE', ( #1173 ), #1902, .F. ) ;
#3959 = ADVANCED_FACE ( 'NONE', ( #1174 ), #1906, .F. ) ;
#3960 = ADVANCED_FACE ( 'NONE', ( #1175 ), #1910, .F. ) ;
#3961 = ADVANCED_FACE ( 'NONE', ( #1176 ), #1914, .F. ) ;
#3962 = ADVANCED_FACE ( 'NONE', ( #1177 ), #1919, .F. ) ;
#3963 = ADVANCED_FACE ( 'NONE', ( #1178 ), #1923, .F. ) ;
#3964 = ADVANCED_FACE ( 'NONE', ( #1179 ), #1927, .F. ) ;
#3965 = ADVANCED_FACE ( 'NONE', ( #1180 ), #1931, .F. ) ;
#3966 = ADVANCED_FACE ( 'NONE', ( #1181 ), #1186, .F. ) ;
#3967 = ADVANCED_FACE ( 'NONE', ( #1182 ), #1188, .F. ) ;
#3968 = ADVANCED_FACE ( 'NONE', ( #1183, #1189 ), #1944, .T. ) ;
#3969 = ADVANCED_FACE ( 'NONE', ( #1185 ), #1942, .F. ) ;
#3970 = ADVANCED_FACE ( 'NONE', ( #1190 ), #1949, .F. ) ;
#3971 = ADVANCED_FACE ( 'NONE', ( #1187, #1193, #1195, #1197, #1191 ), #1948, .F. ) ;
#3972 = ADVANCED_FACE ( 'NONE', ( #1198 ), #1952, .F. ) ;
#3973 = ADVANCED_FACE ( 'NONE', ( #1192 ), #1200, .F. ) ;
#3974 = ADVANCED_FACE ( 'NONE', ( #1194 ), #1201, .F. ) ;
#3975 = ADVANCED_FACE ( 'NONE', ( #1184 ), #1969, .T. ) ;
#3976 = ADVANCED_FACE ( 'NONE', ( #1196 ), #1971, .T. ) ;
#3977 = ADVANCED_FACE ( 'NONE', ( #1199 ), #1975, .T. ) ;
ENDSEC;
END-ISO-10303-21;
