ISO-10303-21;
HEADER;
FILE_DESCRIPTION (( 'STEP AP203' ),
    '1' );
FILE_NAME ('EX-15E.STEP',
    '2005-09-05T07:22:59',
    ( 'êÏìáó«âp' ),
    ( ' ' ),
    'SwSTEP 2.0',
    'SolidWorks 2004251',
    '' );
FILE_SCHEMA (( 'CONFIG_CONTROL_DESIGN' ));
ENDSEC;

DATA;
#1 = ORIENTED_EDGE ( 'NONE', *, *, #20, .T. ) ;
#2 = EDGE_LOOP ( 'NONE', ( #1, #406, #407, #329 ) ) ;
#3 = ADVANCED_FACE ( 'NONE', ( #888 ), #887, .F. ) ;
#4 = VERTEX_POINT ( 'NONE', #886 ) ;
#5 = EDGE_CURVE ( 'NONE', #4, #28, #952, .T. ) ;
#6 = ORIENTED_EDGE ( 'NONE', *, *, #5, .T. ) ;
#7 = EDGE_CURVE ( 'NONE', #4, #9, #948, .T. ) ;
#8 = ORIENTED_EDGE ( 'NONE', *, *, #7, .F. ) ;
#9 = VERTEX_POINT ( 'NONE', #944 ) ;
#10 = ORIENTED_EDGE ( 'NONE', *, *, #11, .F. ) ;
#11 = EDGE_CURVE ( 'NONE', #9, #22, #943, .T. ) ;
#12 = ORIENTED_EDGE ( 'NONE', *, *, #27, .T. ) ;
#13 = ADVANCED_FACE ( 'NONE', ( #939 ), #938, .F. ) ;
#14 = ORIENTED_EDGE ( 'NONE', *, *, #291, .T. ) ;
#15 = EDGE_LOOP ( 'NONE', ( #340, #341 ) ) ;
#16 = ADVANCED_FACE ( 'NONE', ( #933 ), #932, .F. ) ;
#17 = ORIENTED_EDGE ( 'NONE', *, *, #159, .T. ) ;
#18 = ORIENTED_EDGE ( 'NONE', *, *, #94, .F. ) ;
#19 = EDGE_LOOP ( 'NONE', ( #12, #10, #8, #6 ) ) ;
#20 = EDGE_CURVE ( 'NONE', #87, #28, #926, .T. ) ;
#21 = VERTEX_POINT ( 'NONE', #1007 ) ;
#22 = VERTEX_POINT ( 'NONE', #1006 ) ;
#23 = VERTEX_POINT ( 'NONE', #1005 ) ;
#24 = EDGE_CURVE ( 'NONE', #22, #23, #1004, .T. ) ;
#25 = ORIENTED_EDGE ( 'NONE', *, *, #24, .F. ) ;
#26 = ORIENTED_EDGE ( 'NONE', *, *, #27, .F. ) ;
#27 = EDGE_CURVE ( 'NONE', #28, #22, #1000, .T. ) ;
#28 = VERTEX_POINT ( 'NONE', #996 ) ;
#29 = ORIENTED_EDGE ( 'NONE', *, *, #85, .F. ) ;
#30 = ORIENTED_EDGE ( 'NONE', *, *, #20, .F. ) ;
#31 = ORIENTED_EDGE ( 'NONE', *, *, #32, .F. ) ;
#32 = EDGE_CURVE ( 'NONE', #47, #106, #995, .T. ) ;
#33 = ORIENTED_EDGE ( 'NONE', *, *, #129, .T. ) ;
#34 = ADVANCED_FACE ( 'NONE', ( #991, #990, #989, #988, #987 ), #986, .F. ) ;
#35 = EDGE_LOOP ( 'NONE', ( #25, #26, #30, #29 ) ) ;
#36 = VERTEX_POINT ( 'NONE', #981 ) ;
#37 = ORIENTED_EDGE ( 'NONE', *, *, #161, .F. ) ;
#38 = ORIENTED_EDGE ( 'NONE', *, *, #40, .T. ) ;
#39 = VERTEX_POINT ( 'NONE', #980 ) ;
#40 = EDGE_CURVE ( 'NONE', #41, #39, #979, .T. ) ;
#41 = VERTEX_POINT ( 'NONE', #975 ) ;
#42 = EDGE_CURVE ( 'NONE', #41, #127, #1040, .T. ) ;
#43 = ORIENTED_EDGE ( 'NONE', *, *, #44, .T. ) ;
#44 = EDGE_CURVE ( 'NONE', #39, #99, #1036, .T. ) ;
#45 = ORIENTED_EDGE ( 'NONE', *, *, #42, .F. ) ;
#46 = VERTEX_POINT ( 'NONE', #1032 ) ;
#47 = VERTEX_POINT ( 'NONE', #1031 ) ;
#48 = ORIENTED_EDGE ( 'NONE', *, *, #49, .F. ) ;
#49 = EDGE_CURVE ( 'NONE', #50, #47, #1030, .T. ) ;
#50 = VERTEX_POINT ( 'NONE', #1026 ) ;
#51 = ORIENTED_EDGE ( 'NONE', *, *, #52, .T. ) ;
#52 = EDGE_CURVE ( 'NONE', #50, #123, #1025, .T. ) ;
#53 = EDGE_LOOP ( 'NONE', ( #92, #93 ) ) ;
#54 = ORIENTED_EDGE ( 'NONE', *, *, #55, .F. ) ;
#55 = EDGE_CURVE ( 'NONE', #56, #69, #1021, .T. ) ;
#56 = VERTEX_POINT ( 'NONE', #1016 ) ;
#57 = ORIENTED_EDGE ( 'NONE', *, *, #58, .F. ) ;
#58 = EDGE_CURVE ( 'NONE', #65, #56, #1015, .T. ) ;
#59 = ADVANCED_FACE ( 'NONE', ( #1011 ), #1010, .F. ) ;
#60 = EDGE_LOOP ( 'NONE', ( #131, #135, #138, #141 ) ) ;
#61 = MANIFOLD_SOLID_BREP ( 'NONE', #346 ) ;
#62 = ADVANCED_FACE ( 'NONE', ( #1073 ), #1070, .F. ) ;
#63 = ORIENTED_EDGE ( 'NONE', *, *, #64, .T. ) ;
#64 = EDGE_CURVE ( 'NONE', #65, #66, #1064, .T. ) ;
#65 = VERTEX_POINT ( 'NONE', #1060 ) ;
#66 = VERTEX_POINT ( 'NONE', #1059 ) ;
#67 = ORIENTED_EDGE ( 'NONE', *, *, #68, .T. ) ;
#68 = EDGE_CURVE ( 'NONE', #66, #69, #1058, .T. ) ;
#69 = VERTEX_POINT ( 'NONE', #1054 ) ;
#70 = ORIENTED_EDGE ( 'NONE', *, *, #71, .F. ) ;
#71 = EDGE_CURVE ( 'NONE', #21, #77, #1053, .T. ) ;
#72 = EDGE_LOOP ( 'NONE', ( #73, #74 ) ) ;
#73 = ORIENTED_EDGE ( 'NONE', *, *, #55, .T. ) ;
#74 = ORIENTED_EDGE ( 'NONE', *, *, #217, .T. ) ;
#75 = ORIENTED_EDGE ( 'NONE', *, *, #476, .F. ) ;
#76 = EDGE_CURVE ( 'NONE', #77, #80, #1049, .T. ) ;
#77 = VERTEX_POINT ( 'NONE', #1045 ) ;
#78 = ORIENTED_EDGE ( 'NONE', *, *, #76, .F. ) ;
#79 = EDGE_CURVE ( 'NONE', #80, #36, #1044, .T. ) ;
#80 = VERTEX_POINT ( 'NONE', #1105 ) ;
#81 = ORIENTED_EDGE ( 'NONE', *, *, #79, .F. ) ;
#82 = EDGE_CURVE ( 'NONE', #36, #21, #1104, .T. ) ;
#83 = ORIENTED_EDGE ( 'NONE', *, *, #82, .F. ) ;
#84 = VERTEX_POINT ( 'NONE', #1100 ) ;
#85 = EDGE_CURVE ( 'NONE', #23, #87, #1099, .T. ) ;
#86 = EDGE_LOOP ( 'NONE', ( #83, #81, #78, #70 ) ) ;
#87 = VERTEX_POINT ( 'NONE', #1095 ) ;
#88 = EDGE_CURVE ( 'NONE', #169, #123, #1094, .T. ) ;
#89 = ORIENTED_EDGE ( 'NONE', *, *, #52, .F. ) ;
#90 = ADVANCED_FACE ( 'NONE', ( #1090 ), #1089, .F. ) ;
#91 = EDGE_LOOP ( 'NONE', ( #45, #38, #43, #37, #31, #33 ) ) ;
#92 = ORIENTED_EDGE ( 'NONE', *, *, #156, .T. ) ;
#93 = ORIENTED_EDGE ( 'NONE', *, *, #94, .T. ) ;
#94 = EDGE_CURVE ( 'NONE', #154, #157, #1084, .T. ) ;
#95 = ADVANCED_FACE ( 'NONE', ( #1079 ), #1078, .F. ) ;
#96 = EDGE_LOOP ( 'NONE', ( #97, #101, #104, #107 ) ) ;
#97 = ORIENTED_EDGE ( 'NONE', *, *, #98, .T. ) ;
#98 = EDGE_CURVE ( 'NONE', #99, #100, #1138, .T. ) ;
#99 = VERTEX_POINT ( 'NONE', #1134 ) ;
#100 = VERTEX_POINT ( 'NONE', #1133 ) ;
#101 = ORIENTED_EDGE ( 'NONE', *, *, #102, .T. ) ;
#102 = EDGE_CURVE ( 'NONE', #100, #103, #1132, .T. ) ;
#103 = VERTEX_POINT ( 'NONE', #1128 ) ;
#104 = ORIENTED_EDGE ( 'NONE', *, *, #105, .F. ) ;
#105 = EDGE_CURVE ( 'NONE', #106, #103, #1127, .T. ) ;
#106 = VERTEX_POINT ( 'NONE', #1123 ) ;
#107 = ORIENTED_EDGE ( 'NONE', *, *, #161, .T. ) ;
#108 = ORIENTED_EDGE ( 'NONE', *, *, #109, .T. ) ;
#109 = EDGE_CURVE ( 'NONE', #145, #110, #1122, .T. ) ;
#110 = VERTEX_POINT ( 'NONE', #1117 ) ;
#111 = ORIENTED_EDGE ( 'NONE', *, *, #112, .T. ) ;
#112 = EDGE_CURVE ( 'NONE', #110, #113, #1116, .T. ) ;
#113 = VERTEX_POINT ( 'NONE', #1112 ) ;
#114 = ORIENTED_EDGE ( 'NONE', *, *, #115, .F. ) ;
#115 = EDGE_CURVE ( 'NONE', #116, #113, #1110, .T. ) ;
#116 = VERTEX_POINT ( 'NONE', #1111 ) ;
#117 = ORIENTED_EDGE ( 'NONE', *, *, #118, .F. ) ;
#118 = EDGE_CURVE ( 'NONE', #145, #116, #1170, .T. ) ;
#119 = ADVANCED_FACE ( 'NONE', ( #1166, #1165 ), #1164, .F. ) ;
#120 = EDGE_LOOP ( 'NONE', ( #121, #125, #128, #48, #51 ) ) ;
#121 = ORIENTED_EDGE ( 'NONE', *, *, #122, .T. ) ;
#122 = EDGE_CURVE ( 'NONE', #123, #124, #1159, .T. ) ;
#123 = VERTEX_POINT ( 'NONE', #1155 ) ;
#124 = VERTEX_POINT ( 'NONE', #1154 ) ;
#125 = ORIENTED_EDGE ( 'NONE', *, *, #126, .F. ) ;
#126 = EDGE_CURVE ( 'NONE', #127, #124, #1153, .T. ) ;
#127 = VERTEX_POINT ( 'NONE', #1149 ) ;
#128 = ORIENTED_EDGE ( 'NONE', *, *, #129, .F. ) ;
#129 = EDGE_CURVE ( 'NONE', #47, #127, #1148, .T. ) ;
#130 = EDGE_LOOP ( 'NONE', ( #230, #231, #232, #235 ) ) ;
#131 = ORIENTED_EDGE ( 'NONE', *, *, #132, .T. ) ;
#132 = EDGE_CURVE ( 'NONE', #133, #134, #1144, .T. ) ;
#133 = VERTEX_POINT ( 'NONE', #1139 ) ;
#134 = VERTEX_POINT ( 'NONE', #1203 ) ;
#135 = ORIENTED_EDGE ( 'NONE', *, *, #136, .T. ) ;
#136 = EDGE_CURVE ( 'NONE', #134, #137, #1202, .T. ) ;
#137 = VERTEX_POINT ( 'NONE', #1198 ) ;
#138 = ORIENTED_EDGE ( 'NONE', *, *, #139, .F. ) ;
#139 = EDGE_CURVE ( 'NONE', #140, #137, #1197, .T. ) ;
#140 = VERTEX_POINT ( 'NONE', #1192 ) ;
#141 = ORIENTED_EDGE ( 'NONE', *, *, #142, .F. ) ;
#142 = EDGE_CURVE ( 'NONE', #133, #140, #1191, .T. ) ;
#143 = ADVANCED_FACE ( 'NONE', ( #1187 ), #1186, .T. ) ;
#144 = EDGE_LOOP ( 'NONE', ( #108, #111, #114, #117 ) ) ;
#145 = VERTEX_POINT ( 'NONE', #1181 ) ;
#146 = ADVANCED_FACE ( 'NONE', ( #1180 ), #1179, .F. ) ;
#147 = EDGE_LOOP ( 'NONE', ( #148, #152, #155, #158 ) ) ;
#148 = ORIENTED_EDGE ( 'NONE', *, *, #149, .T. ) ;
#149 = EDGE_CURVE ( 'NONE', #150, #151, #1178, .T. ) ;
#150 = VERTEX_POINT ( 'NONE', #1235 ) ;
#151 = VERTEX_POINT ( 'NONE', #1234 ) ;
#152 = ORIENTED_EDGE ( 'NONE', *, *, #153, .T. ) ;
#153 = EDGE_CURVE ( 'NONE', #151, #154, #1233, .T. ) ;
#154 = VERTEX_POINT ( 'NONE', #1229 ) ;
#155 = ORIENTED_EDGE ( 'NONE', *, *, #156, .F. ) ;
#156 = EDGE_CURVE ( 'NONE', #157, #154, #1228, .T. ) ;
#157 = VERTEX_POINT ( 'NONE', #1223 ) ;
#158 = ORIENTED_EDGE ( 'NONE', *, *, #159, .F. ) ;
#159 = EDGE_CURVE ( 'NONE', #150, #157, #1222, .T. ) ;
#160 = EDGE_LOOP ( 'NONE', ( #63, #67, #54, #57 ) ) ;
#161 = EDGE_CURVE ( 'NONE', #106, #99, #1218, .T. ) ;
#162 = ADVANCED_FACE ( 'NONE', ( #1214 ), #1213, .F. ) ;
#163 = EDGE_LOOP ( 'NONE', ( #164, #167, #170, #89 ) ) ;
#164 = ORIENTED_EDGE ( 'NONE', *, *, #165, .F. ) ;
#165 = EDGE_CURVE ( 'NONE', #166, #50, #1207, .T. ) ;
#166 = VERTEX_POINT ( 'NONE', #1267 ) ;
#167 = ORIENTED_EDGE ( 'NONE', *, *, #168, .F. ) ;
#168 = EDGE_CURVE ( 'NONE', #169, #166, #1266, .T. ) ;
#169 = VERTEX_POINT ( 'NONE', #1262 ) ;
#170 = ORIENTED_EDGE ( 'NONE', *, *, #88, .T. ) ;
#171 = EDGE_LOOP ( 'NONE', ( #172, #173 ) ) ;
#172 = ORIENTED_EDGE ( 'NONE', *, *, #109, .F. ) ;
#173 = ORIENTED_EDGE ( 'NONE', *, *, #247, .F. ) ;
#174 = ORIENTED_EDGE ( 'NONE', *, *, #98, .F. ) ;
#175 = ORIENTED_EDGE ( 'NONE', *, *, #44, .F. ) ;
#176 = ORIENTED_EDGE ( 'NONE', *, *, #177, .F. ) ;
#177 = EDGE_CURVE ( 'NONE', #178, #39, #1261, .T. ) ;
#178 = VERTEX_POINT ( 'NONE', #1257 ) ;
#179 = ORIENTED_EDGE ( 'NONE', *, *, #180, .F. ) ;
#180 = EDGE_CURVE ( 'NONE', #181, #178, #1256, .T. ) ;
#181 = VERTEX_POINT ( 'NONE', #1252 ) ;
#182 = ORIENTED_EDGE ( 'NONE', *, *, #183, .F. ) ;
#183 = EDGE_CURVE ( 'NONE', #124, #181, #1251, .T. ) ;
#184 = ORIENTED_EDGE ( 'NONE', *, *, #122, .F. ) ;
#185 = ORIENTED_EDGE ( 'NONE', *, *, #88, .F. ) ;
#186 = ORIENTED_EDGE ( 'NONE', *, *, #233, .T. ) ;
#187 = ORIENTED_EDGE ( 'NONE', *, *, #177, .T. ) ;
#188 = ORIENTED_EDGE ( 'NONE', *, *, #40, .F. ) ;
#189 = ORIENTED_EDGE ( 'NONE', *, *, #190, .F. ) ;
#190 = EDGE_CURVE ( 'NONE', #234, #41, #1247, .T. ) ;
#191 = ADVANCED_FACE ( 'NONE', ( #1243 ), #1242, .T. ) ;
#192 = EDGE_LOOP ( 'NONE', ( #193, #194, #195, #270 ) ) ;
#193 = ORIENTED_EDGE ( 'NONE', *, *, #42, .T. ) ;
#194 = ORIENTED_EDGE ( 'NONE', *, *, #205, .T. ) ;
#195 = ORIENTED_EDGE ( 'NONE', *, *, #236, .T. ) ;
#196 = EDGE_LOOP ( 'NONE', ( #272, #274, #275, #276 ) ) ;
#197 = ADVANCED_FACE ( 'NONE', ( #1237 ), #1300, .F. ) ;
#198 = EDGE_LOOP ( 'NONE', ( #199, #200, #201, #204 ) ) ;
#199 = ORIENTED_EDGE ( 'NONE', *, *, #126, .T. ) ;
#200 = ORIENTED_EDGE ( 'NONE', *, *, #183, .T. ) ;
#201 = ORIENTED_EDGE ( 'NONE', *, *, #202, .F. ) ;
#202 = EDGE_CURVE ( 'NONE', #203, #181, #1295, .T. ) ;
#203 = VERTEX_POINT ( 'NONE', #1291 ) ;
#204 = ORIENTED_EDGE ( 'NONE', *, *, #205, .F. ) ;
#205 = EDGE_CURVE ( 'NONE', #127, #203, #1290, .T. ) ;
#206 = ADVANCED_FACE ( 'NONE', ( #1286, #1285 ), #1284, .F. ) ;
#207 = EDGE_LOOP ( 'NONE', ( #208, #209 ) ) ;
#208 = ORIENTED_EDGE ( 'NONE', *, *, #115, .T. ) ;
#209 = ORIENTED_EDGE ( 'NONE', *, *, #210, .T. ) ;
#210 = EDGE_CURVE ( 'NONE', #113, #116, #1279, .T. ) ;
#211 = EDGE_LOOP ( 'NONE', ( #212, #215, #174, #175, #176, #179, #182, #184, #185 ) ) ;
#212 = ORIENTED_EDGE ( 'NONE', *, *, #213, .F. ) ;
#213 = EDGE_CURVE ( 'NONE', #214, #169, #1274, .T. ) ;
#214 = VERTEX_POINT ( 'NONE', #1270 ) ;
#215 = ORIENTED_EDGE ( 'NONE', *, *, #216, .F. ) ;
#216 = EDGE_CURVE ( 'NONE', #100, #214, #1269, .T. ) ;
#217 = EDGE_CURVE ( 'NONE', #69, #56, #1330, .T. ) ;
#218 = EDGE_LOOP ( 'NONE', ( #219, #220 ) ) ;
#219 = ORIENTED_EDGE ( 'NONE', *, *, #139, .T. ) ;
#220 = ORIENTED_EDGE ( 'NONE', *, *, #221, .T. ) ;
#221 = EDGE_CURVE ( 'NONE', #137, #140, #1325, .T. ) ;
#222 = EDGE_LOOP ( 'NONE', ( #223, #226, #228, #229, #239, #240 ) ) ;
#223 = ORIENTED_EDGE ( 'NONE', *, *, #224, .T. ) ;
#224 = EDGE_CURVE ( 'NONE', #103, #225, #1320, .T. ) ;
#225 = VERTEX_POINT ( 'NONE', #1316 ) ;
#226 = ORIENTED_EDGE ( 'NONE', *, *, #227, .T. ) ;
#227 = EDGE_CURVE ( 'NONE', #225, #166, #1315, .T. ) ;
#228 = ORIENTED_EDGE ( 'NONE', *, *, #165, .T. ) ;
#229 = ORIENTED_EDGE ( 'NONE', *, *, #49, .T. ) ;
#230 = ORIENTED_EDGE ( 'NONE', *, *, #202, .T. ) ;
#231 = ORIENTED_EDGE ( 'NONE', *, *, #180, .T. ) ;
#232 = ORIENTED_EDGE ( 'NONE', *, *, #233, .F. ) ;
#233 = EDGE_CURVE ( 'NONE', #234, #178, #1311, .T. ) ;
#234 = VERTEX_POINT ( 'NONE', #1307 ) ;
#235 = ORIENTED_EDGE ( 'NONE', *, *, #236, .F. ) ;
#236 = EDGE_CURVE ( 'NONE', #203, #234, #1306, .T. ) ;
#237 = ADVANCED_FACE ( 'NONE', ( #1302 ), #1301, .F. ) ;
#238 = EDGE_LOOP ( 'NONE', ( #186, #187, #188, #189 ) ) ;
#239 = ORIENTED_EDGE ( 'NONE', *, *, #32, .T. ) ;
#240 = ORIENTED_EDGE ( 'NONE', *, *, #105, .T. ) ;
#241 = ADVANCED_FACE ( 'NONE', ( #1363, #1362, #1361 ), #1360, .T. ) ;
#242 = ORIENTED_EDGE ( 'NONE', *, *, #224, .F. ) ;
#243 = ADVANCED_FACE ( 'NONE', ( #1355 ), #1354, .T. ) ;
#244 = EDGE_LOOP ( 'NONE', ( #245, #246, #248, #249 ) ) ;
#245 = ORIENTED_EDGE ( 'NONE', *, *, #112, .F. ) ;
#246 = ORIENTED_EDGE ( 'NONE', *, *, #247, .T. ) ;
#247 = EDGE_CURVE ( 'NONE', #110, #145, #1353, .T. ) ;
#248 = ORIENTED_EDGE ( 'NONE', *, *, #118, .T. ) ;
#249 = ORIENTED_EDGE ( 'NONE', *, *, #210, .F. ) ;
#250 = ADVANCED_FACE ( 'NONE', ( #1344 ), #1343, .F. ) ;
#251 = EDGE_LOOP ( 'NONE', ( #326, #259, #260, #261 ) ) ;
#252 = ORIENTED_EDGE ( 'NONE', *, *, #79, .T. ) ;
#253 = ORIENTED_EDGE ( 'NONE', *, *, #254, .F. ) ;
#254 = EDGE_CURVE ( 'NONE', #255, #36, #1338, .T. ) ;
#255 = VERTEX_POINT ( 'NONE', #1334 ) ;
#256 = ORIENTED_EDGE ( 'NONE', *, *, #257, .F. ) ;
#257 = EDGE_CURVE ( 'NONE', #258, #255, #1333, .T. ) ;
#258 = VERTEX_POINT ( 'NONE', #1397 ) ;
#259 = ORIENTED_EDGE ( 'NONE', *, *, #289, .T. ) ;
#260 = ORIENTED_EDGE ( 'NONE', *, *, #142, .T. ) ;
#261 = ORIENTED_EDGE ( 'NONE', *, *, #221, .F. ) ;
#262 = ADVANCED_FACE ( 'NONE', ( #1396 ), #1393, .F. ) ;
#263 = EDGE_LOOP ( 'NONE', ( #264, #265, #266, #267 ) ) ;
#264 = ORIENTED_EDGE ( 'NONE', *, *, #68, .F. ) ;
#265 = ORIENTED_EDGE ( 'NONE', *, *, #285, .T. ) ;
#266 = ORIENTED_EDGE ( 'NONE', *, *, #58, .T. ) ;
#267 = ORIENTED_EDGE ( 'NONE', *, *, #217, .F. ) ;
#268 = ADVANCED_FACE ( 'NONE', ( #1394 ), #1389, .F. ) ;
#269 = EDGE_LOOP ( 'NONE', ( #252, #253, #256, #320 ) ) ;
#270 = ORIENTED_EDGE ( 'NONE', *, *, #190, .T. ) ;
#271 = ADVANCED_FACE ( 'NONE', ( #1384 ), #1383, .F. ) ;
#272 = ORIENTED_EDGE ( 'NONE', *, *, #273, .F. ) ;
#273 = EDGE_CURVE ( 'NONE', #214, #225, #1378, .T. ) ;
#274 = ORIENTED_EDGE ( 'NONE', *, *, #213, .T. ) ;
#275 = ORIENTED_EDGE ( 'NONE', *, *, #168, .T. ) ;
#276 = ORIENTED_EDGE ( 'NONE', *, *, #227, .F. ) ;
#277 = ADVANCED_FACE ( 'NONE', ( #1374 ), #1373, .F. ) ;
#278 = EDGE_LOOP ( 'NONE', ( #279, #280, #281, #242 ) ) ;
#279 = ORIENTED_EDGE ( 'NONE', *, *, #102, .F. ) ;
#280 = ORIENTED_EDGE ( 'NONE', *, *, #216, .T. ) ;
#281 = ORIENTED_EDGE ( 'NONE', *, *, #273, .T. ) ;
#282 = EDGE_LOOP ( 'NONE', ( #283, #284 ) ) ;
#283 = ORIENTED_EDGE ( 'NONE', *, *, #64, .F. ) ;
#284 = ORIENTED_EDGE ( 'NONE', *, *, #285, .F. ) ;
#285 = EDGE_CURVE ( 'NONE', #66, #65, #1368, .T. ) ;
#286 = EDGE_LOOP ( 'NONE', ( #287, #288 ) ) ;
#287 = ORIENTED_EDGE ( 'NONE', *, *, #132, .F. ) ;
#288 = ORIENTED_EDGE ( 'NONE', *, *, #289, .F. ) ;
#289 = EDGE_CURVE ( 'NONE', #134, #133, #1430, .T. ) ;
#290 = ORIENTED_EDGE ( 'NONE', *, *, #291, .F. ) ;
#291 = EDGE_CURVE ( 'NONE', #339, #258, #1425, .T. ) ;
#292 = ORIENTED_EDGE ( 'NONE', *, *, #293, .T. ) ;
#293 = EDGE_CURVE ( 'NONE', #339, #77, #1421, .T. ) ;
#294 = ADVANCED_FACE ( 'NONE', ( #1417 ), #1416, .F. ) ;
#295 = EDGE_LOOP ( 'NONE', ( #296, #297, #298, #301 ) ) ;
#296 = ORIENTED_EDGE ( 'NONE', *, *, #71, .T. ) ;
#297 = ORIENTED_EDGE ( 'NONE', *, *, #293, .F. ) ;
#298 = ORIENTED_EDGE ( 'NONE', *, *, #299, .F. ) ;
#299 = EDGE_CURVE ( 'NONE', #300, #339, #1411, .T. ) ;
#300 = VERTEX_POINT ( 'NONE', #1407 ) ;
#301 = ORIENTED_EDGE ( 'NONE', *, *, #302, .T. ) ;
#302 = EDGE_CURVE ( 'NONE', #300, #21, #1406, .T. ) ;
#303 = ADVANCED_FACE ( 'NONE', ( #1402 ), #1401, .F. ) ;
#304 = EDGE_LOOP ( 'NONE', ( #356, #357, #358, #360 ) ) ;
#305 = ORIENTED_EDGE ( 'NONE', *, *, #306, .F. ) ;
#306 = EDGE_CURVE ( 'NONE', #349, #355, #1462, .T. ) ;
#307 = ADVANCED_FACE ( 'NONE', ( #1458 ), #1457, .T. ) ;
#308 = EDGE_LOOP ( 'NONE', ( #309, #313, #316, #319 ) ) ;
#309 = ORIENTED_EDGE ( 'NONE', *, *, #310, .F. ) ;
#310 = EDGE_CURVE ( 'NONE', #311, #312, #1451, .T. ) ;
#311 = VERTEX_POINT ( 'NONE', #1447 ) ;
#312 = VERTEX_POINT ( 'NONE', #1446 ) ;
#313 = ORIENTED_EDGE ( 'NONE', *, *, #314, .T. ) ;
#314 = EDGE_CURVE ( 'NONE', #311, #315, #1445, .T. ) ;
#315 = VERTEX_POINT ( 'NONE', #1441 ) ;
#316 = ORIENTED_EDGE ( 'NONE', *, *, #317, .T. ) ;
#317 = EDGE_CURVE ( 'NONE', #315, #318, #1439, .T. ) ;
#318 = VERTEX_POINT ( 'NONE', #1440 ) ;
#319 = ORIENTED_EDGE ( 'NONE', *, *, #404, .F. ) ;
#320 = ORIENTED_EDGE ( 'NONE', *, *, #321, .T. ) ;
#321 = EDGE_CURVE ( 'NONE', #258, #80, #1501, .T. ) ;
#322 = EDGE_LOOP ( 'NONE', ( #324, #325, #290, #292 ) ) ;
#323 = ADVANCED_FACE ( 'NONE', ( #1497 ), #1496, .F. ) ;
#324 = ORIENTED_EDGE ( 'NONE', *, *, #76, .T. ) ;
#325 = ORIENTED_EDGE ( 'NONE', *, *, #321, .F. ) ;
#326 = ORIENTED_EDGE ( 'NONE', *, *, #136, .F. ) ;
#327 = ADVANCED_FACE ( 'NONE', ( #1491 ), #1490, .F. ) ;
#328 = VERTEX_POINT ( 'NONE', #1485 ) ;
#329 = ORIENTED_EDGE ( 'NONE', *, *, #330, .T. ) ;
#330 = EDGE_CURVE ( 'NONE', #328, #87, #1484, .T. ) ;
#331 = ADVANCED_FACE ( 'NONE', ( #1480 ), #1479, .F. ) ;
#332 = EDGE_LOOP ( 'NONE', ( #333, #334, #335, #973 ) ) ;
#333 = ORIENTED_EDGE ( 'NONE', *, *, #85, .T. ) ;
#334 = ORIENTED_EDGE ( 'NONE', *, *, #330, .F. ) ;
#335 = ORIENTED_EDGE ( 'NONE', *, *, #336, .F. ) ;
#336 = EDGE_CURVE ( 'NONE', #337, #328, #1474, .T. ) ;
#337 = VERTEX_POINT ( 'NONE', #1470 ) ;
#338 = EDGE_LOOP ( 'NONE', ( #971, #969, #970, #968 ) ) ;
#339 = VERTEX_POINT ( 'NONE', #1469 ) ;
#340 = ORIENTED_EDGE ( 'NONE', *, *, #149, .F. ) ;
#341 = ORIENTED_EDGE ( 'NONE', *, *, #972, .F. ) ;
#342 = MANIFOLD_SOLID_BREP ( 'NONE', #675 ) ;
#343 = ADVANCED_FACE ( 'NONE', ( #1468 ), #1531, .F. ) ;
#344 = EDGE_LOOP ( 'NONE', ( #347, #350, #353, #305 ) ) ;
#345 = VERTEX_POINT ( 'NONE', #1527 ) ;
#346 = CLOSED_SHELL ( 'NONE', ( #13, #974, #34, #3, #966, #331, #95, #59, #62, #294, #268, #303, #119, #323, #162, #277, #262, #90, #327, #271, #241, #361, #146, #197, #961, #191, #237, #206, #16, #143, #243, #250 ) ) ;
#347 = ORIENTED_EDGE ( 'NONE', *, *, #348, .F. ) ;
#348 = EDGE_CURVE ( 'NONE', #345, #349, #1526, .T. ) ;
#349 = VERTEX_POINT ( 'NONE', #1521 ) ;
#350 = ORIENTED_EDGE ( 'NONE', *, *, #351, .T. ) ;
#351 = EDGE_CURVE ( 'NONE', #345, #352, #1520, .T. ) ;
#352 = VERTEX_POINT ( 'NONE', #1516 ) ;
#353 = ORIENTED_EDGE ( 'NONE', *, *, #354, .T. ) ;
#354 = EDGE_CURVE ( 'NONE', #352, #355, #1515, .T. ) ;
#355 = VERTEX_POINT ( 'NONE', #1510 ) ;
#356 = ORIENTED_EDGE ( 'NONE', *, *, #82, .T. ) ;
#357 = ORIENTED_EDGE ( 'NONE', *, *, #302, .F. ) ;
#358 = ORIENTED_EDGE ( 'NONE', *, *, #359, .F. ) ;
#359 = EDGE_CURVE ( 'NONE', #255, #300, #1509, .T. ) ;
#360 = ORIENTED_EDGE ( 'NONE', *, *, #254, .T. ) ;
#361 = ADVANCED_FACE ( 'NONE', ( #1505 ), #1504, .T. ) ;
#362 = EDGE_LOOP ( 'NONE', ( #363, #364, #365, #14 ) ) ;
#363 = ORIENTED_EDGE ( 'NONE', *, *, #257, .T. ) ;
#364 = ORIENTED_EDGE ( 'NONE', *, *, #359, .T. ) ;
#365 = ORIENTED_EDGE ( 'NONE', *, *, #299, .T. ) ;
#366 = VERTEX_POINT ( 'NONE', #1562 ) ;
#367 = ORIENTED_EDGE ( 'NONE', *, *, #368, .F. ) ;
#368 = EDGE_CURVE ( 'NONE', #369, #366, #1561, .T. ) ;
#369 = VERTEX_POINT ( 'NONE', #1557 ) ;
#370 = VERTEX_POINT ( 'NONE', #1556 ) ;
#371 = EDGE_CURVE ( 'NONE', #403, #390, #1555, .T. ) ;
#372 = ADVANCED_FACE ( 'NONE', ( #1551 ), #1550, .T. ) ;
#373 = EDGE_LOOP ( 'NONE', ( #374, #378, #381, #384 ) ) ;
#374 = ORIENTED_EDGE ( 'NONE', *, *, #375, .F. ) ;
#375 = EDGE_CURVE ( 'NONE', #376, #377, #1544, .T. ) ;
#376 = VERTEX_POINT ( 'NONE', #1540 ) ;
#377 = VERTEX_POINT ( 'NONE', #1539 ) ;
#378 = ORIENTED_EDGE ( 'NONE', *, *, #379, .T. ) ;
#379 = EDGE_CURVE ( 'NONE', #376, #380, #1538, .T. ) ;
#380 = VERTEX_POINT ( 'NONE', #1534 ) ;
#381 = ORIENTED_EDGE ( 'NONE', *, *, #382, .T. ) ;
#382 = EDGE_CURVE ( 'NONE', #380, #383, #1533, .T. ) ;
#383 = VERTEX_POINT ( 'NONE', #1591 ) ;
#384 = ORIENTED_EDGE ( 'NONE', *, *, #385, .F. ) ;
#385 = EDGE_CURVE ( 'NONE', #377, #383, #1590, .T. ) ;
#386 = EDGE_LOOP ( 'NONE', ( #441, #445, #448, #367, #395, #397, #426, #429 ) ) ;
#387 = ORIENTED_EDGE ( 'NONE', *, *, #388, .T. ) ;
#388 = EDGE_CURVE ( 'NONE', #394, #389, #1586, .T. ) ;
#389 = VERTEX_POINT ( 'NONE', #1582 ) ;
#390 = VERTEX_POINT ( 'NONE', #1581 ) ;
#391 = ADVANCED_FACE ( 'NONE', ( #1580 ), #1578, .T. ) ;
#392 = EDGE_LOOP ( 'NONE', ( #393, #387, #399, #401 ) ) ;
#393 = ORIENTED_EDGE ( 'NONE', *, *, #402, .F. ) ;
#394 = VERTEX_POINT ( 'NONE', #1574 ) ;
#395 = ORIENTED_EDGE ( 'NONE', *, *, #396, .F. ) ;
#396 = EDGE_CURVE ( 'NONE', #370, #369, #1573, .T. ) ;
#397 = ORIENTED_EDGE ( 'NONE', *, *, #398, .T. ) ;
#398 = EDGE_CURVE ( 'NONE', #370, #425, #1568, .T. ) ;
#399 = ORIENTED_EDGE ( 'NONE', *, *, #400, .T. ) ;
#400 = EDGE_CURVE ( 'NONE', #389, #390, #1628, .T. ) ;
#401 = ORIENTED_EDGE ( 'NONE', *, *, #371, .F. ) ;
#402 = EDGE_CURVE ( 'NONE', #394, #403, #1623, .T. ) ;
#403 = VERTEX_POINT ( 'NONE', #1618 ) ;
#404 = EDGE_CURVE ( 'NONE', #312, #318, #1617, .T. ) ;
#405 = ORIENTED_EDGE ( 'NONE', *, *, #478, .T. ) ;
#406 = ORIENTED_EDGE ( 'NONE', *, *, #5, .F. ) ;
#407 = ORIENTED_EDGE ( 'NONE', *, *, #408, .F. ) ;
#408 = EDGE_CURVE ( 'NONE', #328, #4, #1613, .T. ) ;
#409 = EDGE_LOOP ( 'NONE', ( #410, #412 ) ) ;
#410 = ORIENTED_EDGE ( 'NONE', *, *, #411, .F. ) ;
#411 = EDGE_CURVE ( 'NONE', #318, #315, #1609, .T. ) ;
#412 = ORIENTED_EDGE ( 'NONE', *, *, #317, .F. ) ;
#413 = ADVANCED_FACE ( 'NONE', ( #1604, #1603, #1602 ), #1601, .T. ) ;
#414 = EDGE_LOOP ( 'NONE', ( #415, #417 ) ) ;
#415 = ORIENTED_EDGE ( 'NONE', *, *, #416, .F. ) ;
#416 = EDGE_CURVE ( 'NONE', #383, #380, #1596, .T. ) ;
#417 = ORIENTED_EDGE ( 'NONE', *, *, #382, .F. ) ;
#418 = EDGE_LOOP ( 'NONE', ( #419, #423, #405, #456 ) ) ;
#419 = ORIENTED_EDGE ( 'NONE', *, *, #420, .F. ) ;
#420 = EDGE_CURVE ( 'NONE', #421, #422, #1659, .T. ) ;
#421 = VERTEX_POINT ( 'NONE', #1655 ) ;
#422 = VERTEX_POINT ( 'NONE', #1654 ) ;
#423 = ORIENTED_EDGE ( 'NONE', *, *, #424, .T. ) ;
#424 = EDGE_CURVE ( 'NONE', #421, #84, #1653, .T. ) ;
#425 = VERTEX_POINT ( 'NONE', #1649 ) ;
#426 = ORIENTED_EDGE ( 'NONE', *, *, #427, .F. ) ;
#427 = EDGE_CURVE ( 'NONE', #428, #425, #1648, .T. ) ;
#428 = VERTEX_POINT ( 'NONE', #1643 ) ;
#429 = ORIENTED_EDGE ( 'NONE', *, *, #430, .T. ) ;
#430 = EDGE_CURVE ( 'NONE', #428, #444, #1642, .T. ) ;
#431 = ADVANCED_FACE ( 'NONE', ( #1638 ), #1637, .T. ) ;
#432 = EDGE_LOOP ( 'NONE', ( #433, #436, #438 ) ) ;
#433 = ORIENTED_EDGE ( 'NONE', *, *, #434, .F. ) ;
#434 = EDGE_CURVE ( 'NONE', #435, #444, #1632, .T. ) ;
#435 = VERTEX_POINT ( 'NONE', #1694 ) ;
#436 = ORIENTED_EDGE ( 'NONE', *, *, #437, .T. ) ;
#437 = EDGE_CURVE ( 'NONE', #435, #443, #1693, .T. ) ;
#438 = ORIENTED_EDGE ( 'NONE', *, *, #442, .T. ) ;
#439 = EDGE_LOOP ( 'NONE', ( #480, #484, #487, #490 ) ) ;
#440 = ADVANCED_FACE ( 'NONE', ( #1688 ), #1687, .T. ) ;
#441 = ORIENTED_EDGE ( 'NONE', *, *, #442, .F. ) ;
#442 = EDGE_CURVE ( 'NONE', #443, #444, #1681, .T. ) ;
#443 = VERTEX_POINT ( 'NONE', #1677 ) ;
#444 = VERTEX_POINT ( 'NONE', #1676 ) ;
#445 = ORIENTED_EDGE ( 'NONE', *, *, #446, .T. ) ;
#446 = EDGE_CURVE ( 'NONE', #443, #447, #1675, .T. ) ;
#447 = VERTEX_POINT ( 'NONE', #1671 ) ;
#448 = ORIENTED_EDGE ( 'NONE', *, *, #449, .T. ) ;
#449 = EDGE_CURVE ( 'NONE', #447, #366, #1670, .T. ) ;
#450 = VERTEX_POINT ( 'NONE', #1665 ) ;
#451 = VERTEX_POINT ( 'NONE', #1664 ) ;
#452 = ORIENTED_EDGE ( 'NONE', *, *, #453, .F. ) ;
#453 = EDGE_CURVE ( 'NONE', #454, #451, #1727, .T. ) ;
#454 = VERTEX_POINT ( 'NONE', #1723 ) ;
#455 = EDGE_LOOP ( 'NONE', ( #477, #524 ) ) ;
#456 = ORIENTED_EDGE ( 'NONE', *, *, #476, .T. ) ;
#457 = ORIENTED_EDGE ( 'NONE', *, *, #458, .T. ) ;
#458 = EDGE_CURVE ( 'NONE', #475, #459, #1722, .T. ) ;
#459 = VERTEX_POINT ( 'NONE', #1718 ) ;
#460 = ORIENTED_EDGE ( 'NONE', *, *, #461, .F. ) ;
#461 = EDGE_CURVE ( 'NONE', #422, #459, #1717, .T. ) ;
#462 = ORIENTED_EDGE ( 'NONE', *, *, #463, .F. ) ;
#463 = EDGE_CURVE ( 'NONE', #464, #454, #1713, .T. ) ;
#464 = VERTEX_POINT ( 'NONE', #1709 ) ;
#465 = ORIENTED_EDGE ( 'NONE', *, *, #466, .T. ) ;
#466 = EDGE_CURVE ( 'NONE', #464, #450, #1708, .T. ) ;
#467 = EDGE_LOOP ( 'NONE', ( #468, #470 ) ) ;
#468 = ORIENTED_EDGE ( 'NONE', *, *, #469, .F. ) ;
#469 = EDGE_CURVE ( 'NONE', #366, #447, #1704, .T. ) ;
#470 = ORIENTED_EDGE ( 'NONE', *, *, #449, .F. ) ;
#471 = ADVANCED_FACE ( 'NONE', ( #1699, #1698 ), #1697, .T. ) ;
#472 = EDGE_LOOP ( 'NONE', ( #473, #457, #460, #75, #561, #551, #563, #565 ) ) ;
#473 = ORIENTED_EDGE ( 'NONE', *, *, #474, .F. ) ;
#474 = EDGE_CURVE ( 'NONE', #475, #486, #1758, .T. ) ;
#475 = VERTEX_POINT ( 'NONE', #1754 ) ;
#476 = EDGE_CURVE ( 'NONE', #46, #422, #1753, .T. ) ;
#477 = ORIENTED_EDGE ( 'NONE', *, *, #523, .F. ) ;
#478 = EDGE_CURVE ( 'NONE', #84, #46, #1749, .T. ) ;
#479 = ADVANCED_FACE ( 'NONE', ( #1745, #1744 ), #1743, .F. ) ;
#480 = ORIENTED_EDGE ( 'NONE', *, *, #481, .F. ) ;
#481 = EDGE_CURVE ( 'NONE', #482, #483, #1738, .T. ) ;
#482 = VERTEX_POINT ( 'NONE', #1734 ) ;
#483 = VERTEX_POINT ( 'NONE', #1733 ) ;
#484 = ORIENTED_EDGE ( 'NONE', *, *, #485, .T. ) ;
#485 = EDGE_CURVE ( 'NONE', #482, #486, #1731, .T. ) ;
#486 = VERTEX_POINT ( 'NONE', #1792 ) ;
#487 = ORIENTED_EDGE ( 'NONE', *, *, #488, .F. ) ;
#488 = EDGE_CURVE ( 'NONE', #489, #486, #1791, .T. ) ;
#489 = VERTEX_POINT ( 'NONE', #1787 ) ;
#490 = ORIENTED_EDGE ( 'NONE', *, *, #491, .F. ) ;
#491 = EDGE_CURVE ( 'NONE', #483, #489, #1786, .T. ) ;
#492 = ORIENTED_EDGE ( 'NONE', *, *, #573, .T. ) ;
#493 = VERTEX_POINT ( 'NONE', #1782 ) ;
#494 = ADVANCED_FACE ( 'NONE', ( #1781 ), #1780, .T. ) ;
#495 = EDGE_CURVE ( 'NONE', #483, #507, #1775, .T. ) ;
#496 = ORIENTED_EDGE ( 'NONE', *, *, #501, .T. ) ;
#497 = EDGE_LOOP ( 'NONE', ( #503, #498, #499, #496, #570, #574, #492, #568 ) ) ;
#498 = ORIENTED_EDGE ( 'NONE', *, *, #481, .T. ) ;
#499 = ORIENTED_EDGE ( 'NONE', *, *, #495, .T. ) ;
#500 = ORIENTED_EDGE ( 'NONE', *, *, #501, .F. ) ;
#501 = EDGE_CURVE ( 'NONE', #507, #493, #1771, .T. ) ;
#502 = EDGE_CURVE ( 'NONE', #504, #482, #1767, .T. ) ;
#503 = ORIENTED_EDGE ( 'NONE', *, *, #502, .T. ) ;
#504 = VERTEX_POINT ( 'NONE', #1762 ) ;
#505 = ADVANCED_FACE ( 'NONE', ( #1761 ), #1763, .T. ) ;
#506 = EDGE_CURVE ( 'NONE', #507, #560, #1819, .T. ) ;
#507 = VERTEX_POINT ( 'NONE', #1815 ) ;
#508 = EDGE_CURVE ( 'NONE', #555, #516, #1814, .T. ) ;
#509 = ORIENTED_EDGE ( 'NONE', *, *, #562, .T. ) ;
#510 = ORIENTED_EDGE ( 'NONE', *, *, #514, .F. ) ;
#511 = ORIENTED_EDGE ( 'NONE', *, *, #506, .T. ) ;
#512 = EDGE_LOOP ( 'NONE', ( #511, #509, #510, #500 ) ) ;
#513 = ORIENTED_EDGE ( 'NONE', *, *, #508, .F. ) ;
#514 = EDGE_CURVE ( 'NONE', #493, #550, #1810, .T. ) ;
#515 = VERTEX_POINT ( 'NONE', #1806 ) ;
#516 = VERTEX_POINT ( 'NONE', #1805 ) ;
#517 = EDGE_CURVE ( 'NONE', #516, #558, #1804, .T. ) ;
#518 = ORIENTED_EDGE ( 'NONE', *, *, #751, .F. ) ;
#519 = ORIENTED_EDGE ( 'NONE', *, *, #823, .F. ) ;
#520 = ORIENTED_EDGE ( 'NONE', *, *, #757, .T. ) ;
#521 = ORIENTED_EDGE ( 'NONE', *, *, #844, .T. ) ;
#522 = CLOSED_SHELL ( 'NONE', ( #856, #895, #685, #792, #726, #842, #908, #736, #820, #781, #758, #865, #677, #859, #922, #868, #884, #873, #848, #891 ) ) ;
#523 = EDGE_CURVE ( 'NONE', #390, #389, #1800, .T. ) ;
#524 = ORIENTED_EDGE ( 'NONE', *, *, #400, .F. ) ;
#525 = ADVANCED_FACE ( 'NONE', ( #1795, #1794, #1793 ), #1860, .F. ) ;
#526 = EDGE_LOOP ( 'NONE', ( #527, #529 ) ) ;
#527 = ORIENTED_EDGE ( 'NONE', *, *, #528, .F. ) ;
#528 = EDGE_CURVE ( 'NONE', #355, #352, #1855, .T. ) ;
#529 = ORIENTED_EDGE ( 'NONE', *, *, #354, .F. ) ;
#530 = EDGE_LOOP ( 'NONE', ( #531, #452, #462, #465 ) ) ;
#531 = ORIENTED_EDGE ( 'NONE', *, *, #532, .T. ) ;
#532 = EDGE_CURVE ( 'NONE', #450, #451, #1849, .T. ) ;
#533 = EDGE_LOOP ( 'NONE', ( #588, #589, #590, #591 ) ) ;
#534 = EDGE_LOOP ( 'NONE', ( #540, #549, #613, #543 ) ) ;
#535 = ADVANCED_FACE ( 'NONE', ( #1845 ), #1844, .T. ) ;
#536 = ORIENTED_EDGE ( 'NONE', *, *, #548, .F. ) ;
#537 = ORIENTED_EDGE ( 'NONE', *, *, #538, .T. ) ;
#538 = EDGE_CURVE ( 'NONE', #572, #459, #1839, .T. ) ;
#539 = ADVANCED_FACE ( 'NONE', ( #1835 ), #1834, .F. ) ;
#540 = ORIENTED_EDGE ( 'NONE', *, *, #478, .F. ) ;
#541 = ORIENTED_EDGE ( 'NONE', *, *, #458, .F. ) ;
#542 = EDGE_LOOP ( 'NONE', ( #536, #600, #537, #541 ) ) ;
#543 = ORIENTED_EDGE ( 'NONE', *, *, #567, .T. ) ;
#544 = ADVANCED_FACE ( 'NONE', ( #1829 ), #1828, .F. ) ;
#545 = ORIENTED_EDGE ( 'NONE', *, *, #485, .F. ) ;
#546 = ORIENTED_EDGE ( 'NONE', *, *, #502, .F. ) ;
#547 = ORIENTED_EDGE ( 'NONE', *, *, #548, .T. ) ;
#548 = EDGE_CURVE ( 'NONE', #504, #475, #1891, .T. ) ;
#549 = ORIENTED_EDGE ( 'NONE', *, *, #571, .F. ) ;
#550 = VERTEX_POINT ( 'NONE', #1887 ) ;
#551 = ORIENTED_EDGE ( 'NONE', *, *, #562, .F. ) ;
#552 = ORIENTED_EDGE ( 'NONE', *, *, #553, .F. ) ;
#553 = EDGE_CURVE ( 'NONE', #554, #555, #1886, .T. ) ;
#554 = VERTEX_POINT ( 'NONE', #1882 ) ;
#555 = VERTEX_POINT ( 'NONE', #1881 ) ;
#556 = ORIENTED_EDGE ( 'NONE', *, *, #557, .T. ) ;
#557 = EDGE_CURVE ( 'NONE', #554, #558, #1880, .T. ) ;
#558 = VERTEX_POINT ( 'NONE', #1876 ) ;
#559 = ORIENTED_EDGE ( 'NONE', *, *, #517, .F. ) ;
#560 = VERTEX_POINT ( 'NONE', #1875 ) ;
#561 = ORIENTED_EDGE ( 'NONE', *, *, #567, .F. ) ;
#562 = EDGE_CURVE ( 'NONE', #560, #550, #1874, .T. ) ;
#563 = ORIENTED_EDGE ( 'NONE', *, *, #564, .F. ) ;
#564 = EDGE_CURVE ( 'NONE', #489, #560, #1870, .T. ) ;
#565 = ORIENTED_EDGE ( 'NONE', *, *, #488, .T. ) ;
#566 = EDGE_LOOP ( 'NONE', ( #552, #556, #559, #513 ) ) ;
#567 = EDGE_CURVE ( 'NONE', #550, #46, #1865, .T. ) ;
#568 = ORIENTED_EDGE ( 'NONE', *, *, #569, .F. ) ;
#569 = EDGE_CURVE ( 'NONE', #504, #572, #1866, .T. ) ;
#570 = ORIENTED_EDGE ( 'NONE', *, *, #571, .T. ) ;
#571 = EDGE_CURVE ( 'NONE', #493, #84, #1921, .T. ) ;
#572 = VERTEX_POINT ( 'NONE', #1917 ) ;
#573 = EDGE_CURVE ( 'NONE', #421, #572, #1916, .T. ) ;
#574 = ORIENTED_EDGE ( 'NONE', *, *, #424, .F. ) ;
#575 = EDGE_CURVE ( 'NONE', #454, #558, #1912, .T. ) ;
#576 = ORIENTED_EDGE ( 'NONE', *, *, #453, .T. ) ;
#577 = ORIENTED_EDGE ( 'NONE', *, *, #578, .T. ) ;
#578 = EDGE_CURVE ( 'NONE', #451, #516, #1908, .T. ) ;
#579 = ADVANCED_FACE ( 'NONE', ( #1904 ), #1903, .F. ) ;
#580 = EDGE_LOOP ( 'NONE', ( #581, #582, #584, #585 ) ) ;
#581 = ORIENTED_EDGE ( 'NONE', *, *, #553, .T. ) ;
#582 = ORIENTED_EDGE ( 'NONE', *, *, #583, .T. ) ;
#583 = EDGE_CURVE ( 'NONE', #555, #450, #1898, .T. ) ;
#584 = ORIENTED_EDGE ( 'NONE', *, *, #466, .F. ) ;
#585 = ORIENTED_EDGE ( 'NONE', *, *, #586, .F. ) ;
#586 = EDGE_CURVE ( 'NONE', #554, #464, #1894, .T. ) ;
#587 = EDGE_LOOP ( 'NONE', ( #633, #634, #635, #636 ) ) ;
#588 = ORIENTED_EDGE ( 'NONE', *, *, #538, .F. ) ;
#589 = ORIENTED_EDGE ( 'NONE', *, *, #573, .F. ) ;
#590 = ORIENTED_EDGE ( 'NONE', *, *, #420, .T. ) ;
#591 = ORIENTED_EDGE ( 'NONE', *, *, #461, .T. ) ;
#592 = ADVANCED_FACE ( 'NONE', ( #1956 ), #1955, .F. ) ;
#593 = EDGE_LOOP ( 'NONE', ( #594, #595, #596, #597 ) ) ;
#594 = ORIENTED_EDGE ( 'NONE', *, *, #506, .F. ) ;
#595 = ORIENTED_EDGE ( 'NONE', *, *, #495, .F. ) ;
#596 = ORIENTED_EDGE ( 'NONE', *, *, #491, .T. ) ;
#597 = ORIENTED_EDGE ( 'NONE', *, *, #564, .T. ) ;
#598 = ADVANCED_FACE ( 'NONE', ( #1950 ), #1949, .F. ) ;
#599 = EDGE_LOOP ( 'NONE', ( #545, #546, #547, #648 ) ) ;
#600 = ORIENTED_EDGE ( 'NONE', *, *, #569, .T. ) ;
#601 = ORIENTED_EDGE ( 'NONE', *, *, #583, .F. ) ;
#602 = ADVANCED_FACE ( 'NONE', ( #1944 ), #1943, .T. ) ;
#603 = EDGE_LOOP ( 'NONE', ( #604, #605, #606, #609, #642, #644, #646, #647 ) ) ;
#604 = ORIENTED_EDGE ( 'NONE', *, *, #446, .F. ) ;
#605 = ORIENTED_EDGE ( 'NONE', *, *, #437, .F. ) ;
#606 = ORIENTED_EDGE ( 'NONE', *, *, #607, .T. ) ;
#607 = EDGE_CURVE ( 'NONE', #435, #608, #1942, .T. ) ;
#608 = VERTEX_POINT ( 'NONE', #1934 ) ;
#609 = ORIENTED_EDGE ( 'NONE', *, *, #610, .F. ) ;
#610 = EDGE_CURVE ( 'NONE', #611, #608, #1933, .T. ) ;
#611 = VERTEX_POINT ( 'NONE', #1928 ) ;
#612 = VERTEX_POINT ( 'NONE', #1927 ) ;
#613 = ORIENTED_EDGE ( 'NONE', *, *, #514, .T. ) ;
#614 = VERTEX_POINT ( 'NONE', #1926 ) ;
#615 = VERTEX_POINT ( 'NONE', #1925 ) ;
#616 = ORIENTED_EDGE ( 'NONE', *, *, #617, .T. ) ;
#617 = EDGE_CURVE ( 'NONE', #614, #515, #1924, .T. ) ;
#618 = ADVANCED_FACE ( 'NONE', ( #1987 ), #1986, .T. ) ;
#619 = EDGE_LOOP ( 'NONE', ( #620, #622, #623 ) ) ;
#620 = ORIENTED_EDGE ( 'NONE', *, *, #621, .F. ) ;
#621 = EDGE_CURVE ( 'NONE', #370, #612, #1981, .T. ) ;
#622 = ORIENTED_EDGE ( 'NONE', *, *, #396, .T. ) ;
#623 = ORIENTED_EDGE ( 'NONE', *, *, #645, .T. ) ;
#624 = ADVANCED_FACE ( 'NONE', ( #1977 ), #1975, .T. ) ;
#625 = EDGE_LOOP ( 'NONE', ( #626, #627, #629, #630 ) ) ;
#626 = ORIENTED_EDGE ( 'NONE', *, *, #379, .F. ) ;
#627 = ORIENTED_EDGE ( 'NONE', *, *, #628, .F. ) ;
#628 = EDGE_CURVE ( 'NONE', #377, #376, #1970, .T. ) ;
#629 = ORIENTED_EDGE ( 'NONE', *, *, #385, .T. ) ;
#630 = ORIENTED_EDGE ( 'NONE', *, *, #416, .T. ) ;
#631 = EDGE_LOOP ( 'NONE', ( #653, #654 ) ) ;
#632 = ADVANCED_FACE ( 'NONE', ( #1966 ), #1965, .T. ) ;
#633 = ORIENTED_EDGE ( 'NONE', *, *, #586, .T. ) ;
#634 = ORIENTED_EDGE ( 'NONE', *, *, #463, .T. ) ;
#635 = ORIENTED_EDGE ( 'NONE', *, *, #575, .T. ) ;
#636 = ORIENTED_EDGE ( 'NONE', *, *, #557, .F. ) ;
#637 = ADVANCED_FACE ( 'NONE', ( #1960 ), #1959, .F. ) ;
#638 = EDGE_LOOP ( 'NONE', ( #639, #640, #641, #601 ) ) ;
#639 = ORIENTED_EDGE ( 'NONE', *, *, #508, .T. ) ;
#640 = ORIENTED_EDGE ( 'NONE', *, *, #578, .F. ) ;
#641 = ORIENTED_EDGE ( 'NONE', *, *, #532, .F. ) ;
#642 = ORIENTED_EDGE ( 'NONE', *, *, #643, .T. ) ;
#643 = EDGE_CURVE ( 'NONE', #611, #612, #2022, .T. ) ;
#644 = ORIENTED_EDGE ( 'NONE', *, *, #645, .F. ) ;
#645 = EDGE_CURVE ( 'NONE', #369, #612, #2018, .T. ) ;
#646 = ORIENTED_EDGE ( 'NONE', *, *, #368, .T. ) ;
#647 = ORIENTED_EDGE ( 'NONE', *, *, #469, .T. ) ;
#648 = ORIENTED_EDGE ( 'NONE', *, *, #474, .T. ) ;
#649 = ADVANCED_FACE ( 'NONE', ( #2013 ), #2012, .F. ) ;
#650 = EDGE_LOOP ( 'NONE', ( #651, #652, #576, #577 ) ) ;
#651 = ORIENTED_EDGE ( 'NONE', *, *, #517, .T. ) ;
#652 = ORIENTED_EDGE ( 'NONE', *, *, #575, .F. ) ;
#653 = ORIENTED_EDGE ( 'NONE', *, *, #628, .T. ) ;
#654 = ORIENTED_EDGE ( 'NONE', *, *, #375, .T. ) ;
#655 = ADVANCED_FACE ( 'NONE', ( #2007 ), #2006, .T. ) ;
#656 = EDGE_LOOP ( 'NONE', ( #657, #658, #660, #661 ) ) ;
#657 = ORIENTED_EDGE ( 'NONE', *, *, #388, .F. ) ;
#658 = ORIENTED_EDGE ( 'NONE', *, *, #659, .F. ) ;
#659 = EDGE_CURVE ( 'NONE', #403, #394, #2000, .T. ) ;
#660 = ORIENTED_EDGE ( 'NONE', *, *, #371, .T. ) ;
#661 = ORIENTED_EDGE ( 'NONE', *, *, #523, .T. ) ;
#662 = ADVANCED_FACE ( 'NONE', ( #1996 ), #1994, .T. ) ;
#663 = EDGE_LOOP ( 'NONE', ( #712, #713 ) ) ;
#664 = ORIENTED_EDGE ( 'NONE', *, *, #607, .F. ) ;
#665 = ADVANCED_FACE ( 'NONE', ( #2055 ), #2054, .F. ) ;
#666 = EDGE_LOOP ( 'NONE', ( #667, #668, #669, #670 ) ) ;
#667 = ORIENTED_EDGE ( 'NONE', *, *, #621, .T. ) ;
#668 = ORIENTED_EDGE ( 'NONE', *, *, #643, .F. ) ;
#669 = ORIENTED_EDGE ( 'NONE', *, *, #691, .F. ) ;
#670 = ORIENTED_EDGE ( 'NONE', *, *, #398, .F. ) ;
#671 = ORIENTED_EDGE ( 'NONE', *, *, #672, .F. ) ;
#672 = EDGE_CURVE ( 'NONE', #673, #674, #2049, .T. ) ;
#673 = VERTEX_POINT ( 'NONE', #2044 ) ;
#674 = VERTEX_POINT ( 'NONE', #2043 ) ;
#675 = CLOSED_SHELL ( 'NONE', ( #665, #602, #440, #711, #618, #431, #695, #525, #632, #701, #343, #579, #649, #637, #471, #707, #535, #592, #598, #544, #479, #539, #505, #413, #494, #307, #714, #391, #655, #372, #624, #721, #662, #725 ) ) ;
#676 = MANIFOLD_SOLID_BREP ( 'NONE', #522 ) ;
#677 = ADVANCED_FACE ( 'NONE', ( #2042 ), #2040, .F. ) ;
#678 = EDGE_LOOP ( 'NONE', ( #671, #750, #753, #756 ) ) ;
#679 = EDGE_CURVE ( 'NONE', #762, #765, #2036, .T. ) ;
#680 = ORIENTED_EDGE ( 'NONE', *, *, #681, .T. ) ;
#681 = EDGE_CURVE ( 'NONE', #765, #682, #2032, .T. ) ;
#682 = VERTEX_POINT ( 'NONE', #2027 ) ;
#683 = ORIENTED_EDGE ( 'NONE', *, *, #684, .F. ) ;
#684 = EDGE_CURVE ( 'NONE', #763, #682, #2026, .T. ) ;
#685 = ADVANCED_FACE ( 'NONE', ( #2087 ), #2086, .F. ) ;
#686 = EDGE_LOOP ( 'NONE', ( #687, #616, #769, #846 ) ) ;
#687 = ORIENTED_EDGE ( 'NONE', *, *, #688, .F. ) ;
#688 = EDGE_CURVE ( 'NONE', #614, #615, #2085, .T. ) ;
#689 = ORIENTED_EDGE ( 'NONE', *, *, #427, .T. ) ;
#690 = ORIENTED_EDGE ( 'NONE', *, *, #691, .T. ) ;
#691 = EDGE_CURVE ( 'NONE', #425, #611, #2076, .T. ) ;
#692 = ORIENTED_EDGE ( 'NONE', *, *, #610, .T. ) ;
#693 = ORIENTED_EDGE ( 'NONE', *, *, #694, .T. ) ;
#694 = EDGE_CURVE ( 'NONE', #608, #428, #2072, .T. ) ;
#695 = ADVANCED_FACE ( 'NONE', ( #2068 ), #2067, .F. ) ;
#696 = EDGE_LOOP ( 'NONE', ( #697, #698, #699, #664 ) ) ;
#697 = ORIENTED_EDGE ( 'NONE', *, *, #434, .T. ) ;
#698 = ORIENTED_EDGE ( 'NONE', *, *, #430, .F. ) ;
#699 = ORIENTED_EDGE ( 'NONE', *, *, #694, .F. ) ;
#700 = ORIENTED_EDGE ( 'NONE', *, *, #310, .T. ) ;
#701 = ADVANCED_FACE ( 'NONE', ( #2062 ), #2061, .F. ) ;
#702 = ORIENTED_EDGE ( 'NONE', *, *, #351, .F. ) ;
#703 = ORIENTED_EDGE ( 'NONE', *, *, #704, .F. ) ;
#704 = EDGE_CURVE ( 'NONE', #349, #345, #2124, .T. ) ;
#705 = ORIENTED_EDGE ( 'NONE', *, *, #306, .T. ) ;
#706 = ORIENTED_EDGE ( 'NONE', *, *, #528, .T. ) ;
#707 = ADVANCED_FACE ( 'NONE', ( #2120 ), #2119, .T. ) ;
#708 = EDGE_LOOP ( 'NONE', ( #709, #710 ) ) ;
#709 = ORIENTED_EDGE ( 'NONE', *, *, #704, .T. ) ;
#710 = ORIENTED_EDGE ( 'NONE', *, *, #348, .T. ) ;
#711 = ADVANCED_FACE ( 'NONE', ( #2114 ), #2113, .T. ) ;
#712 = ORIENTED_EDGE ( 'NONE', *, *, #659, .T. ) ;
#713 = ORIENTED_EDGE ( 'NONE', *, *, #402, .T. ) ;
#714 = ADVANCED_FACE ( 'NONE', ( #2108 ), #2107, .T. ) ;
#715 = EDGE_LOOP ( 'NONE', ( #716, #717, #719, #720 ) ) ;
#716 = ORIENTED_EDGE ( 'NONE', *, *, #314, .F. ) ;
#717 = ORIENTED_EDGE ( 'NONE', *, *, #718, .F. ) ;
#718 = EDGE_CURVE ( 'NONE', #312, #311, #2106, .T. ) ;
#719 = ORIENTED_EDGE ( 'NONE', *, *, #404, .T. ) ;
#720 = ORIENTED_EDGE ( 'NONE', *, *, #411, .T. ) ;
#721 = ADVANCED_FACE ( 'NONE', ( #2097 ), #2095, .T. ) ;
#722 = EDGE_LOOP ( 'NONE', ( #723, #700 ) ) ;
#723 = ORIENTED_EDGE ( 'NONE', *, *, #718, .T. ) ;
#724 = EDGE_LOOP ( 'NONE', ( #702, #703, #705, #706 ) ) ;
#725 = ADVANCED_FACE ( 'NONE', ( #2096 ), #2155, .T. ) ;
#726 = ADVANCED_FACE ( 'NONE', ( #2150 ), #2149, .F. ) ;
#727 = EDGE_LOOP ( 'NONE', ( #813, #836, #833, #829 ) ) ;
#728 = EDGE_CURVE ( 'NONE', #729, #747, #2144, .T. ) ;
#729 = VERTEX_POINT ( 'NONE', #2140 ) ;
#730 = ORIENTED_EDGE ( 'NONE', *, *, #731, .T. ) ;
#731 = EDGE_CURVE ( 'NONE', #729, #732, #2139, .T. ) ;
#732 = VERTEX_POINT ( 'NONE', #2135 ) ;
#733 = EDGE_CURVE ( 'NONE', #778, #776, #2134, .T. ) ;
#734 = ORIENTED_EDGE ( 'NONE', *, *, #735, .F. ) ;
#735 = EDGE_CURVE ( 'NONE', #772, #778, #2129, .T. ) ;
#736 = ADVANCED_FACE ( 'NONE', ( #2125 ), #2187, .F. ) ;
#737 = EDGE_LOOP ( 'NONE', ( #738, #742, #745, #748, #730, #779 ) ) ;
#738 = ORIENTED_EDGE ( 'NONE', *, *, #739, .F. ) ;
#739 = EDGE_CURVE ( 'NONE', #740, #741, #2182, .T. ) ;
#740 = VERTEX_POINT ( 'NONE', #2178 ) ;
#741 = VERTEX_POINT ( 'NONE', #2177 ) ;
#742 = ORIENTED_EDGE ( 'NONE', *, *, #743, .F. ) ;
#743 = EDGE_CURVE ( 'NONE', #744, #740, #2176, .T. ) ;
#744 = VERTEX_POINT ( 'NONE', #2172 ) ;
#745 = ORIENTED_EDGE ( 'NONE', *, *, #746, .F. ) ;
#746 = EDGE_CURVE ( 'NONE', #747, #744, #2171, .T. ) ;
#747 = VERTEX_POINT ( 'NONE', #2167 ) ;
#748 = ORIENTED_EDGE ( 'NONE', *, *, #728, .F. ) ;
#749 = EDGE_CURVE ( 'NONE', #515, #770, #2166, .T. ) ;
#750 = ORIENTED_EDGE ( 'NONE', *, *, #751, .T. ) ;
#751 = EDGE_CURVE ( 'NONE', #673, #752, #2161, .T. ) ;
#752 = VERTEX_POINT ( 'NONE', #2156 ) ;
#753 = ORIENTED_EDGE ( 'NONE', *, *, #754, .T. ) ;
#754 = EDGE_CURVE ( 'NONE', #752, #755, #2157, .T. ) ;
#755 = VERTEX_POINT ( 'NONE', #2215 ) ;
#756 = ORIENTED_EDGE ( 'NONE', *, *, #757, .F. ) ;
#757 = EDGE_CURVE ( 'NONE', #674, #755, #2214, .T. ) ;
#758 = ADVANCED_FACE ( 'NONE', ( #2210 ), #2208, .F. ) ;
#759 = EDGE_LOOP ( 'NONE', ( #760, #764, #680, #683 ) ) ;
#760 = ORIENTED_EDGE ( 'NONE', *, *, #761, .F. ) ;
#761 = EDGE_CURVE ( 'NONE', #762, #763, #2203, .T. ) ;
#762 = VERTEX_POINT ( 'NONE', #2199 ) ;
#763 = VERTEX_POINT ( 'NONE', #2198 ) ;
#764 = ORIENTED_EDGE ( 'NONE', *, *, #679, .T. ) ;
#765 = VERTEX_POINT ( 'NONE', #2197 ) ;
#766 = EDGE_LOOP ( 'NONE', ( #689, #690, #692, #693 ) ) ;
#767 = EDGE_LOOP ( 'NONE', ( #768, #774, #777, #734 ) ) ;
#768 = ORIENTED_EDGE ( 'NONE', *, *, #771, .T. ) ;
#769 = ORIENTED_EDGE ( 'NONE', *, *, #749, .T. ) ;
#770 = VERTEX_POINT ( 'NONE', #2196 ) ;
#771 = EDGE_CURVE ( 'NONE', #772, #773, #2195, .T. ) ;
#772 = VERTEX_POINT ( 'NONE', #2190 ) ;
#773 = VERTEX_POINT ( 'NONE', #2189 ) ;
#774 = ORIENTED_EDGE ( 'NONE', *, *, #775, .T. ) ;
#775 = EDGE_CURVE ( 'NONE', #773, #776, #2188, .T. ) ;
#776 = VERTEX_POINT ( 'NONE', #2251 ) ;
#777 = ORIENTED_EDGE ( 'NONE', *, *, #733, .F. ) ;
#778 = VERTEX_POINT ( 'NONE', #2250 ) ;
#779 = ORIENTED_EDGE ( 'NONE', *, *, #780, .T. ) ;
#780 = EDGE_CURVE ( 'NONE', #732, #741, #2249, .T. ) ;
#781 = ADVANCED_FACE ( 'NONE', ( #2245 ), #2244, .F. ) ;
#782 = EDGE_LOOP ( 'NONE', ( #783, #786, #787, #790 ) ) ;
#783 = ORIENTED_EDGE ( 'NONE', *, *, #784, .T. ) ;
#784 = EDGE_CURVE ( 'NONE', #785, #732, #2239, .T. ) ;
#785 = VERTEX_POINT ( 'NONE', #2235 ) ;
#786 = ORIENTED_EDGE ( 'NONE', *, *, #731, .F. ) ;
#787 = ORIENTED_EDGE ( 'NONE', *, *, #788, .F. ) ;
#788 = EDGE_CURVE ( 'NONE', #789, #729, #2234, .T. ) ;
#789 = VERTEX_POINT ( 'NONE', #2230 ) ;
#790 = ORIENTED_EDGE ( 'NONE', *, *, #791, .T. ) ;
#791 = EDGE_CURVE ( 'NONE', #789, #785, #2229, .T. ) ;
#792 = ADVANCED_FACE ( 'NONE', ( #2225, #2224 ), #2223, .F. ) ;
#793 = EDGE_LOOP ( 'NONE', ( #794, #796 ) ) ;
#794 = ORIENTED_EDGE ( 'NONE', *, *, #795, .F. ) ;
#795 = EDGE_CURVE ( 'NONE', #770, #515, #2284, .T. ) ;
#796 = ORIENTED_EDGE ( 'NONE', *, *, #749, .F. ) ;
#797 = EDGE_LOOP ( 'NONE', ( #798, #802, #805, #807, #808 ) ) ;
#798 = ORIENTED_EDGE ( 'NONE', *, *, #799, .T. ) ;
#799 = EDGE_CURVE ( 'NONE', #800, #801, #2279, .T. ) ;
#800 = VERTEX_POINT ( 'NONE', #2275 ) ;
#801 = VERTEX_POINT ( 'NONE', #2274 ) ;
#802 = ORIENTED_EDGE ( 'NONE', *, *, #803, .F. ) ;
#803 = EDGE_CURVE ( 'NONE', #804, #801, #2273, .T. ) ;
#804 = VERTEX_POINT ( 'NONE', #2269 ) ;
#805 = ORIENTED_EDGE ( 'NONE', *, *, #806, .F. ) ;
#806 = EDGE_CURVE ( 'NONE', #747, #804, #2268, .T. ) ;
#807 = ORIENTED_EDGE ( 'NONE', *, *, #746, .T. ) ;
#808 = ORIENTED_EDGE ( 'NONE', *, *, #809, .T. ) ;
#809 = EDGE_CURVE ( 'NONE', #744, #800, #2264, .T. ) ;
#810 = VERTEX_POINT ( 'NONE', #2260 ) ;
#811 = ORIENTED_EDGE ( 'NONE', *, *, #812, .F. ) ;
#812 = EDGE_CURVE ( 'NONE', #878, #800, #2259, .T. ) ;
#813 = ORIENTED_EDGE ( 'NONE', *, *, #835, .T. ) ;
#814 = ORIENTED_EDGE ( 'NONE', *, *, #761, .T. ) ;
#815 = ORIENTED_EDGE ( 'NONE', *, *, #784, .F. ) ;
#816 = ORIENTED_EDGE ( 'NONE', *, *, #835, .F. ) ;
#817 = ORIENTED_EDGE ( 'NONE', *, *, #799, .F. ) ;
#818 = ORIENTED_EDGE ( 'NONE', *, *, #806, .T. ) ;
#819 = ORIENTED_EDGE ( 'NONE', *, *, #834, .T. ) ;
#820 = ADVANCED_FACE ( 'NONE', ( #2319, #2318, #2317 ), #2316, .F. ) ;
#821 = EDGE_LOOP ( 'NONE', ( #822, #824 ) ) ;
#822 = ORIENTED_EDGE ( 'NONE', *, *, #823, .T. ) ;
#823 = EDGE_CURVE ( 'NONE', #674, #673, #2311, .T. ) ;
#824 = ORIENTED_EDGE ( 'NONE', *, *, #672, .T. ) ;
#825 = EDGE_LOOP ( 'NONE', ( #826, #814 ) ) ;
#826 = ORIENTED_EDGE ( 'NONE', *, *, #827, .T. ) ;
#827 = EDGE_CURVE ( 'NONE', #763, #762, #2306, .T. ) ;
#828 = EDGE_LOOP ( 'NONE', ( #815, #816, #817, #811, #879, #881, #883 ) ) ;
#829 = ORIENTED_EDGE ( 'NONE', *, *, #803, .T. ) ;
#830 = EDGE_LOOP ( 'NONE', ( #843, #845 ) ) ;
#831 = ORIENTED_EDGE ( 'NONE', *, *, #788, .T. ) ;
#832 = ORIENTED_EDGE ( 'NONE', *, *, #728, .T. ) ;
#833 = ORIENTED_EDGE ( 'NONE', *, *, #834, .F. ) ;
#834 = EDGE_CURVE ( 'NONE', #804, #789, #2301, .T. ) ;
#835 = EDGE_CURVE ( 'NONE', #801, #785, #2297, .T. ) ;
#836 = ORIENTED_EDGE ( 'NONE', *, *, #791, .F. ) ;
#837 = EDGE_LOOP ( 'NONE', ( #838, #840 ) ) ;
#838 = ORIENTED_EDGE ( 'NONE', *, *, #839, .F. ) ;
#839 = EDGE_CURVE ( 'NONE', #682, #765, #2293, .T. ) ;
#840 = ORIENTED_EDGE ( 'NONE', *, *, #681, .F. ) ;
#841 = EDGE_LOOP ( 'NONE', ( #831, #832, #818, #819 ) ) ;
#842 = ADVANCED_FACE ( 'NONE', ( #2288, #2287, #2286 ), #2352, .T. ) ;
#843 = ORIENTED_EDGE ( 'NONE', *, *, #844, .F. ) ;
#844 = EDGE_CURVE ( 'NONE', #755, #752, #2347, .T. ) ;
#845 = ORIENTED_EDGE ( 'NONE', *, *, #754, .F. ) ;
#846 = ORIENTED_EDGE ( 'NONE', *, *, #847, .F. ) ;
#847 = EDGE_CURVE ( 'NONE', #615, #770, #2342, .T. ) ;
#848 = ADVANCED_FACE ( 'NONE', ( #2338 ), #2337, .T. ) ;
#849 = EDGE_LOOP ( 'NONE', ( #850, #851 ) ) ;
#850 = ORIENTED_EDGE ( 'NONE', *, *, #733, .T. ) ;
#851 = ORIENTED_EDGE ( 'NONE', *, *, #852, .T. ) ;
#852 = EDGE_CURVE ( 'NONE', #776, #778, #2331, .T. ) ;
#853 = EDGE_LOOP ( 'NONE', ( #854, #902, #903, #906 ) ) ;
#854 = ORIENTED_EDGE ( 'NONE', *, *, #918, .T. ) ;
#855 = ORIENTED_EDGE ( 'NONE', *, *, #795, .T. ) ;
#856 = ADVANCED_FACE ( 'NONE', ( #2327 ), #2325, .T. ) ;
#857 = ORIENTED_EDGE ( 'NONE', *, *, #899, .T. ) ;
#858 = ORIENTED_EDGE ( 'NONE', *, *, #688, .T. ) ;
#859 = ADVANCED_FACE ( 'NONE', ( #2326 ), #2383, .F. ) ;
#860 = EDGE_LOOP ( 'NONE', ( #861, #862, #863, #864 ) ) ;
#861 = ORIENTED_EDGE ( 'NONE', *, *, #679, .F. ) ;
#862 = ORIENTED_EDGE ( 'NONE', *, *, #827, .F. ) ;
#863 = ORIENTED_EDGE ( 'NONE', *, *, #684, .T. ) ;
#864 = ORIENTED_EDGE ( 'NONE', *, *, #839, .T. ) ;
#865 = ADVANCED_FACE ( 'NONE', ( #2384 ), #2379, .F. ) ;
#866 = EDGE_LOOP ( 'NONE', ( #518, #519, #520, #521 ) ) ;
#867 = EDGE_CURVE ( 'NONE', #905, #744, #2378, .T. ) ;
#868 = ADVANCED_FACE ( 'NONE', ( #2370 ), #2369, .T. ) ;
#869 = ORIENTED_EDGE ( 'NONE', *, *, #743, .T. ) ;
#870 = ORIENTED_EDGE ( 'NONE', *, *, #921, .T. ) ;
#871 = ORIENTED_EDGE ( 'NONE', *, *, #907, .T. ) ;
#872 = ORIENTED_EDGE ( 'NONE', *, *, #867, .T. ) ;
#873 = ADVANCED_FACE ( 'NONE', ( #2364 ), #2363, .T. ) ;
#874 = EDGE_LOOP ( 'NONE', ( #875, #876, #889, #890 ) ) ;
#875 = ORIENTED_EDGE ( 'NONE', *, *, #775, .F. ) ;
#876 = ORIENTED_EDGE ( 'NONE', *, *, #877, .T. ) ;
#877 = EDGE_CURVE ( 'NONE', #773, #772, #2357, .T. ) ;
#878 = VERTEX_POINT ( 'NONE', #2353 ) ;
#879 = ORIENTED_EDGE ( 'NONE', *, *, #880, .F. ) ;
#880 = EDGE_CURVE ( 'NONE', #810, #878, #2417, .T. ) ;
#881 = ORIENTED_EDGE ( 'NONE', *, *, #882, .F. ) ;
#882 = EDGE_CURVE ( 'NONE', #741, #810, #2413, .T. ) ;
#883 = ORIENTED_EDGE ( 'NONE', *, *, #780, .F. ) ;
#884 = ADVANCED_FACE ( 'NONE', ( #2409 ), #2408, .F. ) ;
#885 = EDGE_LOOP ( 'NONE', ( #915, #916, #917, #920 ) ) ;
#886 = CARTESIAN_POINT ( 'NONE',  ( 3.799999999999999800, 6.749999999999999100, 2.149999999999999900 ) ) ;
#887 = PLANE ( 'NONE',  #956 ) ;
#888 = FACE_OUTER_BOUND ( 'NONE', #2, .T. ) ;
#889 = ORIENTED_EDGE ( 'NONE', *, *, #735, .T. ) ;
#890 = ORIENTED_EDGE ( 'NONE', *, *, #852, .F. ) ;
#891 = ADVANCED_FACE ( 'NONE', ( #2403 ), #2402, .F. ) ;
#892 = EDGE_LOOP ( 'NONE', ( #893, #894 ) ) ;
#893 = ORIENTED_EDGE ( 'NONE', *, *, #771, .F. ) ;
#894 = ORIENTED_EDGE ( 'NONE', *, *, #877, .F. ) ;
#895 = ADVANCED_FACE ( 'NONE', ( #2397 ), #2396, .F. ) ;
#896 = EDGE_LOOP ( 'NONE', ( #897, #898, #900, #855 ) ) ;
#897 = ORIENTED_EDGE ( 'NONE', *, *, #617, .F. ) ;
#898 = ORIENTED_EDGE ( 'NONE', *, *, #899, .F. ) ;
#899 = EDGE_CURVE ( 'NONE', #615, #614, #2390, .T. ) ;
#900 = ORIENTED_EDGE ( 'NONE', *, *, #847, .T. ) ;
#901 = EDGE_LOOP ( 'NONE', ( #857, #858 ) ) ;
#902 = ORIENTED_EDGE ( 'NONE', *, *, #880, .T. ) ;
#903 = ORIENTED_EDGE ( 'NONE', *, *, #904, .F. ) ;
#904 = EDGE_CURVE ( 'NONE', #905, #878, #2386, .T. ) ;
#905 = VERTEX_POINT ( 'NONE', #2450 ) ;
#906 = ORIENTED_EDGE ( 'NONE', *, *, #907, .F. ) ;
#907 = EDGE_CURVE ( 'NONE', #919, #905, #2449, .T. ) ;
#908 = ADVANCED_FACE ( 'NONE', ( #2445 ), #2444, .F. ) ;
#909 = EDGE_LOOP ( 'NONE', ( #910, #911, #912, #913 ) ) ;
#910 = ORIENTED_EDGE ( 'NONE', *, *, #904, .T. ) ;
#911 = ORIENTED_EDGE ( 'NONE', *, *, #812, .T. ) ;
#912 = ORIENTED_EDGE ( 'NONE', *, *, #809, .F. ) ;
#913 = ORIENTED_EDGE ( 'NONE', *, *, #867, .F. ) ;
#914 = EDGE_LOOP ( 'NONE', ( #869, #870, #871, #872 ) ) ;
#915 = ORIENTED_EDGE ( 'NONE', *, *, #739, .T. ) ;
#916 = ORIENTED_EDGE ( 'NONE', *, *, #882, .T. ) ;
#917 = ORIENTED_EDGE ( 'NONE', *, *, #918, .F. ) ;
#918 = EDGE_CURVE ( 'NONE', #919, #810, #2439, .T. ) ;
#919 = VERTEX_POINT ( 'NONE', #2435 ) ;
#920 = ORIENTED_EDGE ( 'NONE', *, *, #921, .F. ) ;
#921 = EDGE_CURVE ( 'NONE', #740, #919, #2434, .T. ) ;
#922 = ADVANCED_FACE ( 'NONE', ( #2430, #2429 ), #2428, .F. ) ;
#923 = DIRECTION ( 'NONE',  ( -1.000000000000000000, 0.0000000000000000000, 0.0000000000000000000 ) ) ;
#924 = VECTOR ( 'NONE', #923, 1000.000000000000000 ) ;
#925 = CARTESIAN_POINT ( 'NONE',  ( 3.799999999999999800, 6.749999999999999100, 2.250000000000000000 ) ) ;
#926 = LINE ( 'NONE', #925, #924 ) ;
#927 = COORDINATED_UNIVERSAL_TIME_OFFSET ( 9, 0, .AHEAD. ) ;
#928 = DIRECTION ( 'NONE',  ( 0.0000000000000000000, 0.0000000000000000000, -1.000000000000000000 ) ) ;
#929 = DIRECTION ( 'NONE',  ( 1.000000000000000000, 0.0000000000000000000, 0.0000000000000000000 ) ) ;
#930 = CARTESIAN_POINT ( 'NONE',  ( 0.1000000000000000100, 0.0000000000000000000, 0.0000000000000000000 ) ) ;
#931 = AXIS2_PLACEMENT_3D ( 'NONE', #930, #929, #928 ) ;
#932 = PLANE ( 'NONE',  #931 ) ;
#933 = FACE_OUTER_BOUND ( 'NONE', #15, .T. ) ;
#934 = DIRECTION ( 'NONE',  ( 2.409338161078899700E-016, -1.000000000000000000, 0.0000000000000000000 ) ) ;
#935 = DIRECTION ( 'NONE',  ( -1.000000000000000000, -2.409338161078899700E-016, 0.0000000000000000000 ) ) ;
#936 = CARTESIAN_POINT ( 'NONE',  ( 3.799999999999999800, 6.749999999999999100, 2.149999999999999900 ) ) ;
#937 = AXIS2_PLACEMENT_3D ( 'NONE', #936, #935, #934 ) ;
#938 = PLANE ( 'NONE',  #937 ) ;
#939 = FACE_OUTER_BOUND ( 'NONE', #19, .T. ) ;
#940 = DIRECTION ( 'NONE',  ( 0.0000000000000000000, 0.0000000000000000000, 1.000000000000000000 ) ) ;
#941 = VECTOR ( 'NONE', #940, 1000.000000000000000 ) ;
#942 = CARTESIAN_POINT ( 'NONE',  ( 3.800000000000000300, 4.949999999999999300, 2.149999999999999900 ) ) ;
#943 = LINE ( 'NONE', #942, #941 ) ;
#944 = CARTESIAN_POINT ( 'NONE',  ( 3.800000000000000300, 4.949999999999999300, 2.149999999999999900 ) ) ;
#945 = DIRECTION ( 'NONE',  ( 2.409338161078899700E-016, -1.000000000000000000, 0.0000000000000000000 ) ) ;
#946 = VECTOR ( 'NONE', #945, 1000.000000000000000 ) ;
#947 = CARTESIAN_POINT ( 'NONE',  ( 3.799999999999999800, 6.749999999999999100, 2.149999999999999900 ) ) ;
#948 = LINE ( 'NONE', #947, #946 ) ;
#949 = DIRECTION ( 'NONE',  ( 0.0000000000000000000, 0.0000000000000000000, 1.000000000000000000 ) ) ;
#950 = VECTOR ( 'NONE', #949, 1000.000000000000000 ) ;
#951 = CARTESIAN_POINT ( 'NONE',  ( 3.799999999999999800, 6.749999999999999100, 2.149999999999999900 ) ) ;
#952 = LINE ( 'NONE', #951, #950 ) ;
#953 = DIRECTION ( 'NONE',  ( 0.0000000000000000000, 0.0000000000000000000, 1.000000000000000000 ) ) ;
#954 = DIRECTION ( 'NONE',  ( 0.0000000000000000000, 1.000000000000000000, 0.0000000000000000000 ) ) ;
#955 = CARTESIAN_POINT ( 'NONE',  ( 3.799999999999999800, 6.749999999999999100, 2.149999999999999900 ) ) ;
#956 = AXIS2_PLACEMENT_3D ( 'NONE', #955, #954, #953 ) ;
#957 = ORIENTED_EDGE ( 'NONE', *, *, #972, .T. ) ;
#958 = ORIENTED_EDGE ( 'NONE', *, *, #153, .F. ) ;
#959 = EDGE_LOOP ( 'NONE', ( #958, #957, #17, #18 ) ) ;
#960 = ORIENTED_EDGE ( 'NONE', *, *, #336, .T. ) ;
#961 = ADVANCED_FACE ( 'NONE', ( #2423 ), #2422, .F. ) ;
#962 = ORIENTED_EDGE ( 'NONE', *, *, #408, .T. ) ;
#963 = ORIENTED_EDGE ( 'NONE', *, *, #967, .T. ) ;
#964 = ORIENTED_EDGE ( 'NONE', *, *, #7, .T. ) ;
#965 = EDGE_LOOP ( 'NONE', ( #964, #963, #960, #962 ) ) ;
#966 = ADVANCED_FACE ( 'NONE', ( #2421 ), #2478, .T. ) ;
#967 = EDGE_CURVE ( 'NONE', #9, #337, #2473, .T. ) ;
#968 = ORIENTED_EDGE ( 'NONE', *, *, #11, .T. ) ;
#969 = ORIENTED_EDGE ( 'NONE', *, *, #1850, .F. ) ;
#970 = ORIENTED_EDGE ( 'NONE', *, *, #967, .F. ) ;
#971 = ORIENTED_EDGE ( 'NONE', *, *, #24, .T. ) ;
#972 = EDGE_CURVE ( 'NONE', #151, #150, #2469, .T. ) ;
#973 = ORIENTED_EDGE ( 'NONE', *, *, #1850, .T. ) ;
#974 = ADVANCED_FACE ( 'NONE', ( #2464 ), #2463, .F. ) ;
#975 = CARTESIAN_POINT ( 'NONE',  ( 7.000000000000000000, -8.750000000000000000, 1.950000000000000200 ) ) ;
#976 = DIRECTION ( 'NONE',  ( 0.0000000000000000000, 0.0000000000000000000, -1.000000000000000000 ) ) ;
#977 = VECTOR ( 'NONE', #976, 1000.000000000000000 ) ;
#978 = CARTESIAN_POINT ( 'NONE',  ( 7.000000000000000000, -8.750000000000000000, 1.950000000000000200 ) ) ;
#979 = LINE ( 'NONE', #978, #977 ) ;
#980 = CARTESIAN_POINT ( 'NONE',  ( 7.000000000000000000, -8.750000000000000000, -2.250000000000000000 ) ) ;
#981 = CARTESIAN_POINT ( 'NONE',  ( 1.000000000000000900, 4.949999999999999300, 2.250000000000000000 ) ) ;
#982 = DIRECTION ( 'NONE',  ( -1.000000000000000000, 0.0000000000000000000, 0.0000000000000000000 ) ) ;
#983 = DIRECTION ( 'NONE',  ( 0.0000000000000000000, 0.0000000000000000000, -1.000000000000000000 ) ) ;
#984 = CARTESIAN_POINT ( 'NONE',  ( 10.00000000000000400, -8.750000000000000000, 2.250000000000000000 ) ) ;
#985 = AXIS2_PLACEMENT_3D ( 'NONE', #984, #983, #982 ) ;
#986 = PLANE ( 'NONE',  #985 ) ;
#987 = FACE_OUTER_BOUND ( 'NONE', #222, .T. ) ;
#988 = FACE_BOUND ( 'NONE', #218, .T. ) ;
#989 = FACE_BOUND ( 'NONE', #72, .T. ) ;
#990 = FACE_BOUND ( 'NONE', #86, .T. ) ;
#991 = FACE_BOUND ( 'NONE', #35, .T. ) ;
#992 = DIRECTION ( 'NONE',  ( 1.000000000000000000, 1.734723475976806800E-016, 0.0000000000000000000 ) ) ;
#993 = VECTOR ( 'NONE', #992, 1000.000000000000000 ) ;
#994 = CARTESIAN_POINT ( 'NONE',  ( 10.00000000000000400, -8.750000000000000000, 2.250000000000000000 ) ) ;
#995 = LINE ( 'NONE', #994, #993 ) ;
#996 = CARTESIAN_POINT ( 'NONE',  ( 3.799999999999999800, 6.749999999999999100, 2.250000000000000000 ) ) ;
#997 = DIRECTION ( 'NONE',  ( 2.409338161078899700E-016, -1.000000000000000000, 0.0000000000000000000 ) ) ;
#998 = VECTOR ( 'NONE', #997, 1000.000000000000000 ) ;
#999 = CARTESIAN_POINT ( 'NONE',  ( 3.799999999999999800, 6.749999999999999100, 2.250000000000000000 ) ) ;
#1000 = LINE ( 'NONE', #999, #998 ) ;
#1001 = DIRECTION ( 'NONE',  ( 1.000000000000000000, 0.0000000000000000000, 0.0000000000000000000 ) ) ;
#1002 = VECTOR ( 'NONE', #1001, 1000.000000000000000 ) ;
#1003 = CARTESIAN_POINT ( 'NONE',  ( 3.800000000000000300, 4.949999999999999300, 2.250000000000000000 ) ) ;
#1004 = LINE ( 'NONE', #1003, #1002 ) ;
#1005 = CARTESIAN_POINT ( 'NONE',  ( 5.799999999999999800, 4.949999999999999300, 2.250000000000000000 ) ) ;
#1006 = CARTESIAN_POINT ( 'NONE',  ( 3.800000000000000300, 4.949999999999999300, 2.250000000000000000 ) ) ;
#1007 = CARTESIAN_POINT ( 'NONE',  ( 3.000000000000000000, 4.949999999999999300, 2.250000000000000000 ) ) ;
#1008 = CARTESIAN_POINT ( 'NONE',  ( 8.250000000000003600, 3.999999999999998200, -2.250049999999999900 ) ) ;
#1009 = AXIS2_PLACEMENT_3D ( 'NONE', #1008, #1072, #1071 ) ;
#1010 = CYLINDRICAL_SURFACE ( 'NONE', #1009, 1.100000000000000300 ) ;
#1011 = FACE_OUTER_BOUND ( 'NONE', #60, .T. ) ;
#1012 = DIRECTION ( 'NONE',  ( 0.0000000000000000000, 0.0000000000000000000, 1.000000000000000000 ) ) ;
#1013 = VECTOR ( 'NONE', #1012, 1000.000000000000000 ) ;
#1014 = CARTESIAN_POINT ( 'NONE',  ( 9.350000000000005000, -7.000000000000000900, -2.250050000000000300 ) ) ;
#1015 = LINE ( 'NONE', #1014, #1013 ) ;
#1016 = CARTESIAN_POINT ( 'NONE',  ( 9.350000000000005000, -7.000000000000000900, 2.250000000000000000 ) ) ;
#1017 = DIRECTION ( 'NONE',  ( -1.000000000000000000, 0.0000000000000000000, 0.0000000000000000000 ) ) ;
#1018 = DIRECTION ( 'NONE',  ( 0.0000000000000000000, 0.0000000000000000000, -1.000000000000000000 ) ) ;
#1019 = CARTESIAN_POINT ( 'NONE',  ( 8.250000000000003600, -7.000000000000000900, 2.250000000000000000 ) ) ;
#1020 = AXIS2_PLACEMENT_3D ( 'NONE', #1019, #1018, #1017 ) ;
#1021 = CIRCLE ( 'NONE', #1020, 1.100000000000001200 ) ;
#1022 = DIRECTION ( 'NONE',  ( 0.0000000000000000000, 0.0000000000000000000, -1.000000000000000000 ) ) ;
#1023 = VECTOR ( 'NONE', #1022, 1000.000000000000000 ) ;
#1024 = CARTESIAN_POINT ( 'NONE',  ( 0.0000000000000000000, 7.249999999999999100, 2.250000000000000000 ) ) ;
#1025 = LINE ( 'NONE', #1024, #1023 ) ;
#1026 = CARTESIAN_POINT ( 'NONE',  ( 0.0000000000000000000, 7.249999999999999100, 2.250000000000000000 ) ) ;
#1027 = DIRECTION ( 'NONE',  ( 1.084202172485504200E-016, -1.000000000000000000, 0.0000000000000000000 ) ) ;
#1028 = VECTOR ( 'NONE', #1027, 1000.000000000000000 ) ;
#1029 = CARTESIAN_POINT ( 'NONE',  ( 0.0000000000000000000, 7.249999999999999100, 2.250000000000000000 ) ) ;
#1030 = LINE ( 'NONE', #1029, #1028 ) ;
#1031 = CARTESIAN_POINT ( 'NONE',  ( 1.734723475976806700E-015, -8.750000000000001800, 2.250000000000000000 ) ) ;
#1032 = CARTESIAN_POINT ( 'NONE',  ( -3.711757213943292800, 0.0000000000000000000, 3.500000000000000000 ) ) ;
#1033 = DIRECTION ( 'NONE',  ( 1.000000000000000000, 1.734723475976806800E-016, 0.0000000000000000000 ) ) ;
#1034 = VECTOR ( 'NONE', #1033, 1000.000000000000000 ) ;
#1035 = CARTESIAN_POINT ( 'NONE',  ( 10.00000000000000400, -8.750000000000000000, -2.250000000000000000 ) ) ;
#1036 = LINE ( 'NONE', #1035, #1034 ) ;
#1037 = DIRECTION ( 'NONE',  ( -1.000000000000000000, 0.0000000000000000000, 0.0000000000000000000 ) ) ;
#1038 = VECTOR ( 'NONE', #1037, 1000.000000000000000 ) ;
#1039 = CARTESIAN_POINT ( 'NONE',  ( 7.000000000000000000, -8.750000000000000000, 1.950000000000000200 ) ) ;
#1040 = LINE ( 'NONE', #1039, #1038 ) ;
#1041 = DIRECTION ( 'NONE',  ( 1.204669080539449800E-016, -1.000000000000000000, 0.0000000000000000000 ) ) ;
#1042 = VECTOR ( 'NONE', #1041, 1000.000000000000000 ) ;
#1043 = CARTESIAN_POINT ( 'NONE',  ( 1.000000000000000000, 6.749999999999999100, 2.250000000000000000 ) ) ;
#1044 = LINE ( 'NONE', #1043, #1042 ) ;
#1045 = CARTESIAN_POINT ( 'NONE',  ( 3.000000000000000000, 6.749999999999999100, 2.250000000000000000 ) ) ;
#1046 = DIRECTION ( 'NONE',  ( -1.000000000000000000, 0.0000000000000000000, 0.0000000000000000000 ) ) ;
#1047 = VECTOR ( 'NONE', #1046, 1000.000000000000000 ) ;
#1048 = CARTESIAN_POINT ( 'NONE',  ( 1.000000000000000000, 6.749999999999999100, 2.250000000000000000 ) ) ;
#1049 = LINE ( 'NONE', #1048, #1047 ) ;
#1050 = DIRECTION ( 'NONE',  ( 0.0000000000000000000, 1.000000000000000000, 0.0000000000000000000 ) ) ;
#1051 = VECTOR ( 'NONE', #1050, 1000.000000000000000 ) ;
#1052 = CARTESIAN_POINT ( 'NONE',  ( 3.000000000000000000, 6.749999999999999100, 2.250000000000000000 ) ) ;
#1053 = LINE ( 'NONE', #1052, #1051 ) ;
#1054 = CARTESIAN_POINT ( 'NONE',  ( 7.150000000000003000, -7.000000000000000900, 2.250000000000000000 ) ) ;
#1055 = DIRECTION ( 'NONE',  ( 0.0000000000000000000, 0.0000000000000000000, 1.000000000000000000 ) ) ;
#1056 = VECTOR ( 'NONE', #1055, 1000.000000000000000 ) ;
#1057 = CARTESIAN_POINT ( 'NONE',  ( 7.150000000000003000, -7.000000000000000900, -2.250050000000000300 ) ) ;
#1058 = LINE ( 'NONE', #1057, #1056 ) ;
#1059 = CARTESIAN_POINT ( 'NONE',  ( 7.150000000000003000, -7.000000000000000900, -2.250000000000000400 ) ) ;
#1060 = CARTESIAN_POINT ( 'NONE',  ( 9.350000000000005000, -7.000000000000000900, -2.250000000000000400 ) ) ;
#1061 = DIRECTION ( 'NONE',  ( -1.000000000000000000, 0.0000000000000000000, 0.0000000000000000000 ) ) ;
#1062 = DIRECTION ( 'NONE',  ( 0.0000000000000000000, 0.0000000000000000000, -1.000000000000000000 ) ) ;
#1063 = AXIS2_PLACEMENT_3D ( 'NONE', #1069, #1062, #1061 ) ;
#1064 = CIRCLE ( 'NONE', #1063, 1.100000000000001200 ) ;
#1065 = DIRECTION ( 'NONE',  ( 1.000000000000000000, 0.0000000000000000000, 0.0000000000000000000 ) ) ;
#1066 = DIRECTION ( 'NONE',  ( 0.0000000000000000000, 0.0000000000000000000, 1.000000000000000000 ) ) ;
#1067 = CARTESIAN_POINT ( 'NONE',  ( 8.250000000000003600, -7.000000000000000900, -2.250050000000000300 ) ) ;
#1068 = AXIS2_PLACEMENT_3D ( 'NONE', #1067, #1066, #1065 ) ;
#1069 = CARTESIAN_POINT ( 'NONE',  ( 8.250000000000003600, -7.000000000000000900, -2.250000000000000400 ) ) ;
#1070 = CYLINDRICAL_SURFACE ( 'NONE', #1068, 1.100000000000000300 ) ;
#1071 = DIRECTION ( 'NONE',  ( 1.000000000000000000, 0.0000000000000000000, 0.0000000000000000000 ) ) ;
#1072 = DIRECTION ( 'NONE',  ( 0.0000000000000000000, 0.0000000000000000000, 1.000000000000000000 ) ) ;
#1073 = FACE_OUTER_BOUND ( 'NONE', #160, .T. ) ;
#1074 = DIRECTION ( 'NONE',  ( 2.168404344971008900E-016, -1.000000000000000000, 0.0000000000000000000 ) ) ;
#1075 = DIRECTION ( 'NONE',  ( -1.000000000000000000, -2.168404344971008900E-016, 0.0000000000000000000 ) ) ;
#1076 = CARTESIAN_POINT ( 'NONE',  ( 10.00000000000000000, 7.249999999999999100, 2.250000000000000000 ) ) ;
#1077 = AXIS2_PLACEMENT_3D ( 'NONE', #1076, #1075, #1074 ) ;
#1078 = PLANE ( 'NONE',  #1077 ) ;
#1079 = FACE_OUTER_BOUND ( 'NONE', #96, .T. ) ;
#1080 = DIRECTION ( 'NONE',  ( 0.0000000000000000000, 0.0000000000000000000, -1.000000000000000000 ) ) ;
#1081 = DIRECTION ( 'NONE',  ( 1.000000000000000000, 0.0000000000000000000, 0.0000000000000000000 ) ) ;
#1082 = CARTESIAN_POINT ( 'NONE',  ( 0.0000000000000000000, 0.0000000000000000000, 0.0000000000000000000 ) ) ;
#1083 = AXIS2_PLACEMENT_3D ( 'NONE', #1082, #1081, #1080 ) ;
#1084 = CIRCLE ( 'NONE', #1083, 1.000000000000000000 ) ;
#1085 = DIRECTION ( 'NONE',  ( -1.000000000000000000, -1.734723475976806800E-016, 0.0000000000000000000 ) ) ;
#1086 = DIRECTION ( 'NONE',  ( -1.734723475976806800E-016, 1.000000000000000000, 0.0000000000000000000 ) ) ;
#1087 = CARTESIAN_POINT ( 'NONE',  ( 10.00000000000000400, -8.750000000000000000, 2.250000000000000000 ) ) ;
#1088 = AXIS2_PLACEMENT_3D ( 'NONE', #1087, #1086, #1085 ) ;
#1089 = PLANE ( 'NONE',  #1088 ) ;
#1090 = FACE_OUTER_BOUND ( 'NONE', #91, .T. ) ;
#1091 = DIRECTION ( 'NONE',  ( -1.000000000000000000, 0.0000000000000000000, 0.0000000000000000000 ) ) ;
#1092 = VECTOR ( 'NONE', #1091, 1000.000000000000000 ) ;
#1093 = CARTESIAN_POINT ( 'NONE',  ( 10.00000000000000000, 7.249999999999999100, -2.250000000000000000 ) ) ;
#1094 = LINE ( 'NONE', #1093, #1092 ) ;
#1095 = CARTESIAN_POINT ( 'NONE',  ( 5.799999999999999800, 6.749999999999999100, 2.250000000000000000 ) ) ;
#1096 = DIRECTION ( 'NONE',  ( 0.0000000000000000000, 1.000000000000000000, 0.0000000000000000000 ) ) ;
#1097 = VECTOR ( 'NONE', #1096, 1000.000000000000000 ) ;
#1098 = CARTESIAN_POINT ( 'NONE',  ( 5.799999999999999800, 6.749999999999999100, 2.250000000000000000 ) ) ;
#1099 = LINE ( 'NONE', #1098, #1097 ) ;
#1100 = CARTESIAN_POINT ( 'NONE',  ( -3.711757213943292400, 0.0000000000000000000, -3.500000000000000000 ) ) ;
#1101 = DIRECTION ( 'NONE',  ( 1.000000000000000000, 0.0000000000000000000, 0.0000000000000000000 ) ) ;
#1102 = VECTOR ( 'NONE', #1101, 1000.000000000000000 ) ;
#1103 = CARTESIAN_POINT ( 'NONE',  ( 1.000000000000000200, 4.949999999999999300, 2.250000000000000000 ) ) ;
#1104 = LINE ( 'NONE', #1103, #1102 ) ;
#1105 = CARTESIAN_POINT ( 'NONE',  ( 1.000000000000000000, 6.749999999999999100, 2.250000000000000000 ) ) ;
#1106 = DIRECTION ( 'NONE',  ( 0.0000000000000000000, 0.0000000000000000000, 1.000000000000000000 ) ) ;
#1107 = DIRECTION ( 'NONE',  ( 0.0000000000000000000, 1.000000000000000000, 0.0000000000000000000 ) ) ;
#1108 = CARTESIAN_POINT ( 'NONE',  ( 3.499999999999997800, -13.25000000000000000, 0.0000000000000000000 ) ) ;
#1109 = AXIS2_PLACEMENT_3D ( 'NONE', #1108, #1107, #1106 ) ;
#1110 = CIRCLE ( 'NONE', #1109, 1.250000000000000000 ) ;
#1111 = CARTESIAN_POINT ( 'NONE',  ( 3.499999999999997800, -13.25000000000000000, 1.250000000000000000 ) ) ;
#1112 = CARTESIAN_POINT ( 'NONE',  ( 3.499999999999997800, -13.25000000000000000, -1.250000000000000000 ) ) ;
#1113 = DIRECTION ( 'NONE',  ( 0.0000000000000000000, 1.000000000000000000, 0.0000000000000000000 ) ) ;
#1114 = VECTOR ( 'NONE', #1113, 1000.000000000000000 ) ;
#1115 = CARTESIAN_POINT ( 'NONE',  ( 3.499999999999997800, -38.25000000000000000, -1.250000000000000000 ) ) ;
#1116 = LINE ( 'NONE', #1115, #1114 ) ;
#1117 = CARTESIAN_POINT ( 'NONE',  ( 3.499999999999997800, -38.25000000000000000, -1.250000000000000000 ) ) ;
#1118 = DIRECTION ( 'NONE',  ( 0.0000000000000000000, 0.0000000000000000000, 1.000000000000000000 ) ) ;
#1119 = DIRECTION ( 'NONE',  ( 0.0000000000000000000, 1.000000000000000000, 0.0000000000000000000 ) ) ;
#1120 = CARTESIAN_POINT ( 'NONE',  ( 3.499999999999997800, -38.25000000000000000, 0.0000000000000000000 ) ) ;
#1121 = AXIS2_PLACEMENT_3D ( 'NONE', #1120, #1119, #1118 ) ;
#1122 = CIRCLE ( 'NONE', #1121, 1.250000000000000000 ) ;
#1123 = CARTESIAN_POINT ( 'NONE',  ( 10.00000000000000400, -8.750000000000000000, 2.250000000000000000 ) ) ;
#1124 = DIRECTION ( 'NONE',  ( -2.168404344971008900E-016, 1.000000000000000000, 0.0000000000000000000 ) ) ;
#1125 = VECTOR ( 'NONE', #1124, 1000.000000000000000 ) ;
#1126 = CARTESIAN_POINT ( 'NONE',  ( 10.00000000000000000, 7.249999999999999100, 2.250000000000000000 ) ) ;
#1127 = LINE ( 'NONE', #1126, #1125 ) ;
#1128 = CARTESIAN_POINT ( 'NONE',  ( 10.00000000000000400, 5.749999999999998200, 2.250000000000000400 ) ) ;
#1129 = DIRECTION ( 'NONE',  ( 0.0000000000000000000, 0.0000000000000000000, 1.000000000000000000 ) ) ;
#1130 = VECTOR ( 'NONE', #1129, 1000.000000000000000 ) ;
#1131 = CARTESIAN_POINT ( 'NONE',  ( 10.00000000000000400, 5.749999999999998200, -2.250049999999999900 ) ) ;
#1132 = LINE ( 'NONE', #1131, #1130 ) ;
#1133 = CARTESIAN_POINT ( 'NONE',  ( 10.00000000000000000, 5.749999999999998200, -2.250000000000000000 ) ) ;
#1134 = CARTESIAN_POINT ( 'NONE',  ( 10.00000000000000400, -8.750000000000000000, -2.250000000000000000 ) ) ;
#1135 = DIRECTION ( 'NONE',  ( -2.168404344971008900E-016, 1.000000000000000000, 0.0000000000000000000 ) ) ;
#1136 = VECTOR ( 'NONE', #1135, 1000.000000000000000 ) ;
#1137 = CARTESIAN_POINT ( 'NONE',  ( 10.00000000000000000, 7.249999999999999100, -2.250000000000000000 ) ) ;
#1138 = LINE ( 'NONE', #1137, #1136 ) ;
#1139 = CARTESIAN_POINT ( 'NONE',  ( 9.350000000000005000, 3.999999999999998200, -2.250000000000000000 ) ) ;
#1140 = DIRECTION ( 'NONE',  ( -1.000000000000000000, 0.0000000000000000000, 0.0000000000000000000 ) ) ;
#1141 = DIRECTION ( 'NONE',  ( 0.0000000000000000000, 0.0000000000000000000, -1.000000000000000000 ) ) ;
#1142 = CARTESIAN_POINT ( 'NONE',  ( 8.250000000000003600, 3.999999999999998200, -2.250000000000000000 ) ) ;
#1143 = AXIS2_PLACEMENT_3D ( 'NONE', #1142, #1141, #1140 ) ;
#1144 = CIRCLE ( 'NONE', #1143, 1.100000000000001200 ) ;
#1145 = DIRECTION ( 'NONE',  ( 0.0000000000000000000, 0.0000000000000000000, -1.000000000000000000 ) ) ;
#1146 = VECTOR ( 'NONE', #1145, 1000.000000000000000 ) ;
#1147 = CARTESIAN_POINT ( 'NONE',  ( 1.734723475976806700E-015, -8.750000000000001800, 2.250000000000000000 ) ) ;
#1148 = LINE ( 'NONE', #1147, #1146 ) ;
#1149 = CARTESIAN_POINT ( 'NONE',  ( 0.0000000000000000000, -8.750000000000000000, 1.950000000000000200 ) ) ;
#1150 = DIRECTION ( 'NONE',  ( 0.0000000000000000000, 0.0000000000000000000, -1.000000000000000000 ) ) ;
#1151 = VECTOR ( 'NONE', #1150, 1000.000000000000000 ) ;
#1152 = CARTESIAN_POINT ( 'NONE',  ( 0.0000000000000000000, -8.750000000000000000, 1.950000000000000200 ) ) ;
#1153 = LINE ( 'NONE', #1152, #1151 ) ;
#1154 = CARTESIAN_POINT ( 'NONE',  ( 1.734723475976806700E-015, -8.750000000000001800, -2.250000000000000000 ) ) ;
#1155 = CARTESIAN_POINT ( 'NONE',  ( 0.0000000000000000000, 7.249999999999999100, -2.250000000000000000 ) ) ;
#1156 = DIRECTION ( 'NONE',  ( 1.084202172485504200E-016, -1.000000000000000000, 0.0000000000000000000 ) ) ;
#1157 = VECTOR ( 'NONE', #1156, 1000.000000000000000 ) ;
#1158 = CARTESIAN_POINT ( 'NONE',  ( 0.0000000000000000000, 7.249999999999999100, -2.250000000000000000 ) ) ;
#1159 = LINE ( 'NONE', #1158, #1157 ) ;
#1160 = DIRECTION ( 'NONE',  ( -1.084202172485504100E-016, 1.000000000000000000, 0.0000000000000000000 ) ) ;
#1161 = DIRECTION ( 'NONE',  ( 1.000000000000000000, 1.084202172485504100E-016, 0.0000000000000000000 ) ) ;
#1162 = CARTESIAN_POINT ( 'NONE',  ( 0.0000000000000000000, 7.249999999999999100, 2.250000000000000000 ) ) ;
#1163 = AXIS2_PLACEMENT_3D ( 'NONE', #1162, #1161, #1160 ) ;
#1164 = PLANE ( 'NONE',  #1163 ) ;
#1165 = FACE_BOUND ( 'NONE', #53, .T. ) ;
#1166 = FACE_OUTER_BOUND ( 'NONE', #120, .T. ) ;
#1167 = DIRECTION ( 'NONE',  ( 0.0000000000000000000, 1.000000000000000000, 0.0000000000000000000 ) ) ;
#1168 = VECTOR ( 'NONE', #1167, 1000.000000000000000 ) ;
#1169 = CARTESIAN_POINT ( 'NONE',  ( 3.499999999999997800, -38.25000000000000000, 1.250000000000000000 ) ) ;
#1170 = LINE ( 'NONE', #1169, #1168 ) ;
#1171 = DIRECTION ( 'NONE',  ( 1.000000000000000000, 0.0000000000000000000, 0.0000000000000000000 ) ) ;
#1172 = CARTESIAN_POINT ( 'NONE',  ( 0.1000000000000000100, 0.0000000000000000000, 0.0000000000000000000 ) ) ;
#1173 = AXIS2_PLACEMENT_3D ( 'NONE', #1172, #1171, #1236 ) ;
#1174 = DIRECTION ( 'NONE',  ( 0.0000000000000000000, 0.0000000000000000000, 1.000000000000000000 ) ) ;
#1175 = DIRECTION ( 'NONE',  ( -1.000000000000000000, 0.0000000000000000000, 0.0000000000000000000 ) ) ;
#1176 = CARTESIAN_POINT ( 'NONE',  ( 0.1000000000000000100, 0.0000000000000000000, 0.0000000000000000000 ) ) ;
#1177 = AXIS2_PLACEMENT_3D ( 'NONE', #1176, #1175, #1174 ) ;
#1178 = CIRCLE ( 'NONE', #1173, 1.000000000000000000 ) ;
#1179 = CYLINDRICAL_SURFACE ( 'NONE', #1177, 1.000000000000000000 ) ;
#1180 = FACE_OUTER_BOUND ( 'NONE', #147, .T. ) ;
#1181 = CARTESIAN_POINT ( 'NONE',  ( 3.499999999999997800, -38.25000000000000000, 1.250000000000000000 ) ) ;
#1182 = DIRECTION ( 'NONE',  ( 0.0000000000000000000, 0.0000000000000000000, 1.000000000000000000 ) ) ;
#1183 = DIRECTION ( 'NONE',  ( 0.0000000000000000000, 1.000000000000000000, 0.0000000000000000000 ) ) ;
#1184 = CARTESIAN_POINT ( 'NONE',  ( 3.499999999999997800, -38.25000000000000000, 0.0000000000000000000 ) ) ;
#1185 = AXIS2_PLACEMENT_3D ( 'NONE', #1184, #1183, #1182 ) ;
#1186 = CYLINDRICAL_SURFACE ( 'NONE', #1185, 1.250000000000000000 ) ;
#1187 = FACE_OUTER_BOUND ( 'NONE', #144, .T. ) ;
#1188 = DIRECTION ( 'NONE',  ( 0.0000000000000000000, 0.0000000000000000000, 1.000000000000000000 ) ) ;
#1189 = VECTOR ( 'NONE', #1188, 1000.000000000000000 ) ;
#1190 = CARTESIAN_POINT ( 'NONE',  ( 9.350000000000005000, 3.999999999999998200, -2.250049999999999900 ) ) ;
#1191 = LINE ( 'NONE', #1190, #1189 ) ;
#1192 = CARTESIAN_POINT ( 'NONE',  ( 9.350000000000005000, 3.999999999999998200, 2.250000000000000400 ) ) ;
#1193 = DIRECTION ( 'NONE',  ( -1.000000000000000000, 0.0000000000000000000, 0.0000000000000000000 ) ) ;
#1194 = DIRECTION ( 'NONE',  ( 0.0000000000000000000, 0.0000000000000000000, -1.000000000000000000 ) ) ;
#1195 = CARTESIAN_POINT ( 'NONE',  ( 8.250000000000003600, 3.999999999999998200, 2.250000000000000400 ) ) ;
#1196 = AXIS2_PLACEMENT_3D ( 'NONE', #1195, #1194, #1193 ) ;
#1197 = CIRCLE ( 'NONE', #1196, 1.100000000000001200 ) ;
#1198 = CARTESIAN_POINT ( 'NONE',  ( 7.150000000000003000, 3.999999999999998200, 2.250000000000000400 ) ) ;
#1199 = DIRECTION ( 'NONE',  ( 0.0000000000000000000, 0.0000000000000000000, 1.000000000000000000 ) ) ;
#1200 = VECTOR ( 'NONE', #1199, 1000.000000000000000 ) ;
#1201 = CARTESIAN_POINT ( 'NONE',  ( 7.150000000000003000, 3.999999999999998200, -2.250049999999999900 ) ) ;
#1202 = LINE ( 'NONE', #1201, #1200 ) ;
#1203 = CARTESIAN_POINT ( 'NONE',  ( 7.150000000000003000, 3.999999999999998200, -2.250000000000000000 ) ) ;
#1204 = DIRECTION ( 'NONE',  ( -1.000000000000000000, 0.0000000000000000000, 0.0000000000000000000 ) ) ;
#1205 = VECTOR ( 'NONE', #1204, 1000.000000000000000 ) ;
#1206 = CARTESIAN_POINT ( 'NONE',  ( 10.00000000000000000, 7.249999999999999100, 2.250000000000000000 ) ) ;
#1207 = LINE ( 'NONE', #1206, #1205 ) ;
#1208 = DIRECTION ( 'NONE',  ( 0.0000000000000000000, 0.0000000000000000000, 1.000000000000000000 ) ) ;
#1209 = DIRECTION ( 'NONE',  ( 0.0000000000000000000, 0.0000000000000000000, -1.000000000000000000 ) ) ;
#1210 = DIRECTION ( 'NONE',  ( 0.0000000000000000000, -1.000000000000000000, 0.0000000000000000000 ) ) ;
#1211 = CARTESIAN_POINT ( 'NONE',  ( 10.00000000000000000, 7.249999999999999100, 2.250000000000000000 ) ) ;
#1212 = AXIS2_PLACEMENT_3D ( 'NONE', #1211, #1210, #1209 ) ;
#1213 = PLANE ( 'NONE',  #1212 ) ;
#1214 = FACE_OUTER_BOUND ( 'NONE', #163, .T. ) ;
#1215 = DIRECTION ( 'NONE',  ( 0.0000000000000000000, 0.0000000000000000000, -1.000000000000000000 ) ) ;
#1216 = VECTOR ( 'NONE', #1215, 1000.000000000000000 ) ;
#1217 = CARTESIAN_POINT ( 'NONE',  ( 10.00000000000000400, -8.750000000000000000, 2.250000000000000000 ) ) ;
#1218 = LINE ( 'NONE', #1217, #1216 ) ;
#1219 = DIRECTION ( 'NONE',  ( -1.000000000000000000, 0.0000000000000000000, 0.0000000000000000000 ) ) ;
#1220 = VECTOR ( 'NONE', #1219, 1000.000000000000000 ) ;
#1221 = CARTESIAN_POINT ( 'NONE',  ( 0.1000000000000000100, 0.0000000000000000000, 1.000000000000000000 ) ) ;
#1222 = LINE ( 'NONE', #1221, #1220 ) ;
#1223 = CARTESIAN_POINT ( 'NONE',  ( 0.0000000000000000000, 0.0000000000000000000, 1.000000000000000000 ) ) ;
#1224 = DIRECTION ( 'NONE',  ( 0.0000000000000000000, 0.0000000000000000000, -1.000000000000000000 ) ) ;
#1225 = DIRECTION ( 'NONE',  ( 1.000000000000000000, 0.0000000000000000000, 0.0000000000000000000 ) ) ;
#1226 = CARTESIAN_POINT ( 'NONE',  ( 0.0000000000000000000, 0.0000000000000000000, 0.0000000000000000000 ) ) ;
#1227 = AXIS2_PLACEMENT_3D ( 'NONE', #1226, #1225, #1224 ) ;
#1228 = CIRCLE ( 'NONE', #1227, 1.000000000000000000 ) ;
#1229 = CARTESIAN_POINT ( 'NONE',  ( 0.0000000000000000000, 1.224606353822377300E-016, -1.000000000000000000 ) ) ;
#1230 = DIRECTION ( 'NONE',  ( -1.000000000000000000, 0.0000000000000000000, 0.0000000000000000000 ) ) ;
#1231 = VECTOR ( 'NONE', #1230, 1000.000000000000000 ) ;
#1232 = CARTESIAN_POINT ( 'NONE',  ( 0.1000000000000000100, 1.224606353822377300E-016, -1.000000000000000000 ) ) ;
#1233 = LINE ( 'NONE', #1232, #1231 ) ;
#1234 = CARTESIAN_POINT ( 'NONE',  ( 0.1000000000000000100, 1.224606353822377300E-016, -1.000000000000000000 ) ) ;
#1235 = CARTESIAN_POINT ( 'NONE',  ( 0.1000000000000000100, 0.0000000000000000000, 1.000000000000000000 ) ) ;
#1236 = DIRECTION ( 'NONE',  ( 0.0000000000000000000, 0.0000000000000000000, -1.000000000000000000 ) ) ;
#1237 = FACE_OUTER_BOUND ( 'NONE', #198, .T. ) ;
#1238 = DIRECTION ( 'NONE',  ( 1.000000000000000000, 0.0000000000000000000, 0.0000000000000000000 ) ) ;
#1239 = DIRECTION ( 'NONE',  ( 0.0000000000000000000, 0.0000000000000000000, 1.000000000000000000 ) ) ;
#1240 = CARTESIAN_POINT ( 'NONE',  ( 5.810221930991053700E-017, -8.750000000000000000, 1.950000000000000200 ) ) ;
#1241 = AXIS2_PLACEMENT_3D ( 'NONE', #1240, #1239, #1238 ) ;
#1242 = PLANE ( 'NONE',  #1241 ) ;
#1243 = FACE_OUTER_BOUND ( 'NONE', #192, .T. ) ;
#1244 = DIRECTION ( 'NONE',  ( 0.2588190451025176900, 0.9659258262890690900, 0.0000000000000000000 ) ) ;
#1245 = VECTOR ( 'NONE', #1244, 1000.000000000000100 ) ;
#1246 = CARTESIAN_POINT ( 'NONE',  ( 5.794228634059964000, -13.25000000000000000, 1.950000000000000200 ) ) ;
#1247 = LINE ( 'NONE', #1246, #1245 ) ;
#1248 = DIRECTION ( 'NONE',  ( 0.2588190451025176300, -0.9659258262890692000, 0.0000000000000000000 ) ) ;
#1249 = VECTOR ( 'NONE', #1248, 1000.000000000000000 ) ;
#1250 = CARTESIAN_POINT ( 'NONE',  ( 0.0000000000000000000, -8.750000000000000000, -2.250000000000000000 ) ) ;
#1251 = LINE ( 'NONE', #1250, #1249 ) ;
#1252 = CARTESIAN_POINT ( 'NONE',  ( 1.205771365940036200, -13.25000000000000000, -2.250000000000000000 ) ) ;
#1253 = DIRECTION ( 'NONE',  ( 1.000000000000000000, 0.0000000000000000000, 0.0000000000000000000 ) ) ;
#1254 = VECTOR ( 'NONE', #1253, 1000.000000000000000 ) ;
#1255 = CARTESIAN_POINT ( 'NONE',  ( 1.205771365940036200, -13.25000000000000000, -2.250000000000000000 ) ) ;
#1256 = LINE ( 'NONE', #1255, #1254 ) ;
#1257 = CARTESIAN_POINT ( 'NONE',  ( 5.794228634059964000, -13.25000000000000000, -2.250000000000000000 ) ) ;
#1258 = DIRECTION ( 'NONE',  ( 0.2588190451025176900, 0.9659258262890690900, 0.0000000000000000000 ) ) ;
#1259 = VECTOR ( 'NONE', #1258, 1000.000000000000100 ) ;
#1260 = CARTESIAN_POINT ( 'NONE',  ( 5.794228634059964000, -13.25000000000000000, -2.250000000000000000 ) ) ;
#1261 = LINE ( 'NONE', #1260, #1259 ) ;
#1262 = CARTESIAN_POINT ( 'NONE',  ( 6.450000000000000200, 7.249999999999999100, -2.250000000000000000 ) ) ;
#1263 = DIRECTION ( 'NONE',  ( 0.0000000000000000000, 0.0000000000000000000, 1.000000000000000000 ) ) ;
#1264 = VECTOR ( 'NONE', #1263, 1000.000000000000000 ) ;
#1265 = CARTESIAN_POINT ( 'NONE',  ( 6.450000000000000200, 7.249999999999999100, -2.250049999999999900 ) ) ;
#1266 = LINE ( 'NONE', #1265, #1264 ) ;
#1267 = CARTESIAN_POINT ( 'NONE',  ( 6.450000000000000200, 7.249999999999999100, 2.250000000000000400 ) ) ;
#1268 = CARTESIAN_POINT ( 'NONE',  ( 10.00000000000000400, 5.749999999999998200, -2.250000000000000000 ) ) ;
#1269 = LINE ( 'NONE', #1268, #1332 ) ;
#1270 = CARTESIAN_POINT ( 'NONE',  ( 6.450000000000000200, 5.749999999999998200, -2.250000000000000000 ) ) ;
#1271 = DIRECTION ( 'NONE',  ( 0.0000000000000000000, 1.000000000000000000, 0.0000000000000000000 ) ) ;
#1272 = VECTOR ( 'NONE', #1271, 1000.000000000000000 ) ;
#1273 = CARTESIAN_POINT ( 'NONE',  ( 6.450000000000000200, -8.750000000000000000, -2.250000000000000000 ) ) ;
#1274 = LINE ( 'NONE', #1273, #1272 ) ;
#1275 = DIRECTION ( 'NONE',  ( 0.0000000000000000000, 0.0000000000000000000, 1.000000000000000000 ) ) ;
#1276 = DIRECTION ( 'NONE',  ( 0.0000000000000000000, 1.000000000000000000, 0.0000000000000000000 ) ) ;
#1277 = CARTESIAN_POINT ( 'NONE',  ( 3.499999999999997800, -13.25000000000000000, 0.0000000000000000000 ) ) ;
#1278 = AXIS2_PLACEMENT_3D ( 'NONE', #1277, #1276, #1275 ) ;
#1279 = CIRCLE ( 'NONE', #1278, 1.250000000000000000 ) ;
#1280 = DIRECTION ( 'NONE',  ( 0.0000000000000000000, 0.0000000000000000000, 1.000000000000000000 ) ) ;
#1281 = DIRECTION ( 'NONE',  ( 0.0000000000000000000, 1.000000000000000000, 0.0000000000000000000 ) ) ;
#1282 = CARTESIAN_POINT ( 'NONE',  ( 1.205771365940036200, -13.25000000000000000, 1.950000000000000200 ) ) ;
#1283 = AXIS2_PLACEMENT_3D ( 'NONE', #1282, #1281, #1280 ) ;
#1284 = PLANE ( 'NONE',  #1283 ) ;
#1285 = FACE_OUTER_BOUND ( 'NONE', #130, .T. ) ;
#1286 = FACE_BOUND ( 'NONE', #207, .T. ) ;
#1287 = DIRECTION ( 'NONE',  ( 0.2588190451025176300, -0.9659258262890692000, 0.0000000000000000000 ) ) ;
#1288 = VECTOR ( 'NONE', #1287, 1000.000000000000000 ) ;
#1289 = CARTESIAN_POINT ( 'NONE',  ( 0.0000000000000000000, -8.750000000000000000, 1.950000000000000200 ) ) ;
#1290 = LINE ( 'NONE', #1289, #1288 ) ;
#1291 = CARTESIAN_POINT ( 'NONE',  ( 1.205771365940036200, -13.25000000000000000, 1.950000000000000200 ) ) ;
#1292 = DIRECTION ( 'NONE',  ( 0.0000000000000000000, 0.0000000000000000000, -1.000000000000000000 ) ) ;
#1293 = VECTOR ( 'NONE', #1292, 1000.000000000000000 ) ;
#1294 = CARTESIAN_POINT ( 'NONE',  ( 1.205771365940036200, -13.25000000000000000, 1.950000000000000200 ) ) ;
#1295 = LINE ( 'NONE', #1294, #1293 ) ;
#1296 = DIRECTION ( 'NONE',  ( -0.2588190451025176300, 0.9659258262890692000, 0.0000000000000000000 ) ) ;
#1297 = DIRECTION ( 'NONE',  ( 0.9659258262890692000, 0.2588190451025176300, 0.0000000000000000000 ) ) ;
#1298 = CARTESIAN_POINT ( 'NONE',  ( 0.0000000000000000000, -8.750000000000000000, 1.950000000000000200 ) ) ;
#1299 = AXIS2_PLACEMENT_3D ( 'NONE', #1298, #1297, #1296 ) ;
#1300 = PLANE ( 'NONE',  #1299 ) ;
#1301 = PLANE ( 'NONE',  #1367 ) ;
#1302 = FACE_OUTER_BOUND ( 'NONE', #238, .T. ) ;
#1303 = DIRECTION ( 'NONE',  ( 1.000000000000000000, 0.0000000000000000000, 0.0000000000000000000 ) ) ;
#1304 = VECTOR ( 'NONE', #1303, 1000.000000000000000 ) ;
#1305 = CARTESIAN_POINT ( 'NONE',  ( 1.205771365940036200, -13.25000000000000000, 1.950000000000000200 ) ) ;
#1306 = LINE ( 'NONE', #1305, #1304 ) ;
#1307 = CARTESIAN_POINT ( 'NONE',  ( 5.794228634059964000, -13.25000000000000000, 1.950000000000000200 ) ) ;
#1308 = DIRECTION ( 'NONE',  ( 0.0000000000000000000, 0.0000000000000000000, -1.000000000000000000 ) ) ;
#1309 = VECTOR ( 'NONE', #1308, 1000.000000000000000 ) ;
#1310 = CARTESIAN_POINT ( 'NONE',  ( 5.794228634059964000, -13.25000000000000000, 1.950000000000000200 ) ) ;
#1311 = LINE ( 'NONE', #1310, #1309 ) ;
#1312 = DIRECTION ( 'NONE',  ( 0.0000000000000000000, 1.000000000000000000, 0.0000000000000000000 ) ) ;
#1313 = VECTOR ( 'NONE', #1312, 1000.000000000000000 ) ;
#1314 = CARTESIAN_POINT ( 'NONE',  ( 6.450000000000000200, -8.750000000000000000, 2.250000000000000000 ) ) ;
#1315 = LINE ( 'NONE', #1314, #1313 ) ;
#1316 = CARTESIAN_POINT ( 'NONE',  ( 6.450000000000000200, 5.749999999999998200, 2.250000000000000400 ) ) ;
#1317 = DIRECTION ( 'NONE',  ( -1.000000000000000000, 0.0000000000000000000, 0.0000000000000000000 ) ) ;
#1318 = VECTOR ( 'NONE', #1317, 1000.000000000000000 ) ;
#1319 = CARTESIAN_POINT ( 'NONE',  ( 10.00000000000000400, 5.749999999999998200, 2.250000000000000000 ) ) ;
#1320 = LINE ( 'NONE', #1319, #1318 ) ;
#1321 = DIRECTION ( 'NONE',  ( -1.000000000000000000, 0.0000000000000000000, 0.0000000000000000000 ) ) ;
#1322 = DIRECTION ( 'NONE',  ( 0.0000000000000000000, 0.0000000000000000000, -1.000000000000000000 ) ) ;
#1323 = CARTESIAN_POINT ( 'NONE',  ( 8.250000000000003600, 3.999999999999998200, 2.250000000000000400 ) ) ;
#1324 = AXIS2_PLACEMENT_3D ( 'NONE', #1323, #1322, #1321 ) ;
#1325 = CIRCLE ( 'NONE', #1324, 1.100000000000001200 ) ;
#1326 = DIRECTION ( 'NONE',  ( -1.000000000000000000, 0.0000000000000000000, 0.0000000000000000000 ) ) ;
#1327 = DIRECTION ( 'NONE',  ( 0.0000000000000000000, 0.0000000000000000000, -1.000000000000000000 ) ) ;
#1328 = CARTESIAN_POINT ( 'NONE',  ( 8.250000000000003600, -7.000000000000000900, 2.250000000000000000 ) ) ;
#1329 = AXIS2_PLACEMENT_3D ( 'NONE', #1328, #1327, #1326 ) ;
#1330 = CIRCLE ( 'NONE', #1329, 1.100000000000001200 ) ;
#1331 = DIRECTION ( 'NONE',  ( -1.000000000000000000, 0.0000000000000000000, 0.0000000000000000000 ) ) ;
#1332 = VECTOR ( 'NONE', #1331, 1000.000000000000000 ) ;
#1333 = LINE ( 'NONE', #1400, #1399 ) ;
#1334 = CARTESIAN_POINT ( 'NONE',  ( 1.000000000000000200, 4.949999999999999300, 2.149999999999999900 ) ) ;
#1335 = DIRECTION ( 'NONE',  ( 0.0000000000000000000, 0.0000000000000000000, 1.000000000000000000 ) ) ;
#1336 = VECTOR ( 'NONE', #1335, 1000.000000000000000 ) ;
#1337 = CARTESIAN_POINT ( 'NONE',  ( 1.000000000000000200, 4.949999999999999300, 2.149999999999999900 ) ) ;
#1338 = LINE ( 'NONE', #1337, #1336 ) ;
#1339 = DIRECTION ( 'NONE',  ( 0.0000000000000000000, 0.0000000000000000000, 1.000000000000000000 ) ) ;
#1340 = DIRECTION ( 'NONE',  ( 0.0000000000000000000, 1.000000000000000000, 0.0000000000000000000 ) ) ;
#1341 = CARTESIAN_POINT ( 'NONE',  ( 3.499999999999997800, -38.25000000000000000, 0.0000000000000000000 ) ) ;
#1342 = AXIS2_PLACEMENT_3D ( 'NONE', #1341, #1340, #1339 ) ;
#1343 = PLANE ( 'NONE',  #1342 ) ;
#1344 = FACE_OUTER_BOUND ( 'NONE', #171, .T. ) ;
#1345 = DIRECTION ( 'NONE',  ( 0.0000000000000000000, 0.0000000000000000000, 1.000000000000000000 ) ) ;
#1346 = DIRECTION ( 'NONE',  ( 0.0000000000000000000, 1.000000000000000000, 0.0000000000000000000 ) ) ;
#1347 = CARTESIAN_POINT ( 'NONE',  ( 3.499999999999997800, -38.25000000000000000, 0.0000000000000000000 ) ) ;
#1348 = AXIS2_PLACEMENT_3D ( 'NONE', #1347, #1346, #1345 ) ;
#1349 = DIRECTION ( 'NONE',  ( 0.0000000000000000000, 0.0000000000000000000, 1.000000000000000000 ) ) ;
#1350 = DIRECTION ( 'NONE',  ( 0.0000000000000000000, 1.000000000000000000, 0.0000000000000000000 ) ) ;
#1351 = CARTESIAN_POINT ( 'NONE',  ( 3.499999999999997800, -38.25000000000000000, 0.0000000000000000000 ) ) ;
#1352 = AXIS2_PLACEMENT_3D ( 'NONE', #1351, #1350, #1349 ) ;
#1353 = CIRCLE ( 'NONE', #1348, 1.250000000000000000 ) ;
#1354 = CYLINDRICAL_SURFACE ( 'NONE', #1352, 1.250000000000000000 ) ;
#1355 = FACE_OUTER_BOUND ( 'NONE', #244, .T. ) ;
#1356 = DIRECTION ( 'NONE',  ( -1.000000000000000000, 0.0000000000000000000, 0.0000000000000000000 ) ) ;
#1357 = DIRECTION ( 'NONE',  ( 0.0000000000000000000, 0.0000000000000000000, -1.000000000000000000 ) ) ;
#1358 = CARTESIAN_POINT ( 'NONE',  ( 10.00000000000000400, -8.750000000000000000, -2.250000000000000000 ) ) ;
#1359 = AXIS2_PLACEMENT_3D ( 'NONE', #1358, #1357, #1356 ) ;
#1360 = PLANE ( 'NONE',  #1359 ) ;
#1361 = FACE_OUTER_BOUND ( 'NONE', #211, .T. ) ;
#1362 = FACE_BOUND ( 'NONE', #286, .T. ) ;
#1363 = FACE_BOUND ( 'NONE', #282, .T. ) ;
#1364 = DIRECTION ( 'NONE',  ( -0.2588190451025176900, -0.9659258262890690900, 0.0000000000000000000 ) ) ;
#1365 = DIRECTION ( 'NONE',  ( -0.9659258262890692000, 0.2588190451025177400, 0.0000000000000000000 ) ) ;
#1366 = CARTESIAN_POINT ( 'NONE',  ( 5.794228634059964000, -13.25000000000000000, 1.950000000000000200 ) ) ;
#1367 = AXIS2_PLACEMENT_3D ( 'NONE', #1366, #1365, #1364 ) ;
#1368 = CIRCLE ( 'NONE', #1434, 1.100000000000001200 ) ;
#1369 = DIRECTION ( 'NONE',  ( 0.0000000000000000000, 0.0000000000000000000, -1.000000000000000000 ) ) ;
#1370 = DIRECTION ( 'NONE',  ( 0.0000000000000000000, -1.000000000000000000, 0.0000000000000000000 ) ) ;
#1371 = CARTESIAN_POINT ( 'NONE',  ( 6.450000000000000200, 5.749999999999998200, -2.250049999999999900 ) ) ;
#1372 = AXIS2_PLACEMENT_3D ( 'NONE', #1371, #1370, #1369 ) ;
#1373 = PLANE ( 'NONE',  #1372 ) ;
#1374 = FACE_OUTER_BOUND ( 'NONE', #278, .T. ) ;
#1375 = DIRECTION ( 'NONE',  ( 0.0000000000000000000, 0.0000000000000000000, 1.000000000000000000 ) ) ;
#1376 = VECTOR ( 'NONE', #1375, 1000.000000000000000 ) ;
#1377 = CARTESIAN_POINT ( 'NONE',  ( 6.450000000000000200, 5.749999999999998200, -2.250049999999999900 ) ) ;
#1378 = LINE ( 'NONE', #1377, #1376 ) ;
#1379 = DIRECTION ( 'NONE',  ( 0.0000000000000000000, 0.0000000000000000000, 1.000000000000000000 ) ) ;
#1380 = DIRECTION ( 'NONE',  ( -1.000000000000000000, 0.0000000000000000000, 0.0000000000000000000 ) ) ;
#1381 = CARTESIAN_POINT ( 'NONE',  ( 6.450000000000000200, 7.249999999999999100, -2.250049999999999900 ) ) ;
#1382 = AXIS2_PLACEMENT_3D ( 'NONE', #1381, #1380, #1379 ) ;
#1383 = PLANE ( 'NONE',  #1382 ) ;
#1384 = FACE_OUTER_BOUND ( 'NONE', #196, .T. ) ;
#1385 = DIRECTION ( 'NONE',  ( 1.204669080539449800E-016, -1.000000000000000000, 0.0000000000000000000 ) ) ;
#1386 = DIRECTION ( 'NONE',  ( -1.000000000000000000, -1.204669080539449800E-016, 0.0000000000000000000 ) ) ;
#1387 = CARTESIAN_POINT ( 'NONE',  ( 1.000000000000000000, 6.749999999999999100, 2.149999999999999900 ) ) ;
#1388 = AXIS2_PLACEMENT_3D ( 'NONE', #1387, #1386, #1385 ) ;
#1389 = PLANE ( 'NONE',  #1388 ) ;
#1390 = DIRECTION ( 'NONE',  ( 1.000000000000000000, 0.0000000000000000000, 0.0000000000000000000 ) ) ;
#1391 = DIRECTION ( 'NONE',  ( 0.0000000000000000000, 0.0000000000000000000, 1.000000000000000000 ) ) ;
#1392 = AXIS2_PLACEMENT_3D ( 'NONE', #1395, #1391, #1390 ) ;
#1393 = CYLINDRICAL_SURFACE ( 'NONE', #1392, 1.100000000000000300 ) ;
#1394 = FACE_OUTER_BOUND ( 'NONE', #269, .T. ) ;
#1395 = CARTESIAN_POINT ( 'NONE',  ( 8.250000000000003600, -7.000000000000000900, -2.250050000000000300 ) ) ;
#1396 = FACE_OUTER_BOUND ( 'NONE', #263, .T. ) ;
#1397 = CARTESIAN_POINT ( 'NONE',  ( 1.000000000000000000, 6.749999999999999100, 2.149999999999999900 ) ) ;
#1398 = DIRECTION ( 'NONE',  ( 1.204669080539449800E-016, -1.000000000000000000, 0.0000000000000000000 ) ) ;
#1399 = VECTOR ( 'NONE', #1398, 1000.000000000000000 ) ;
#1400 = CARTESIAN_POINT ( 'NONE',  ( 1.000000000000000000, 6.749999999999999100, 2.149999999999999900 ) ) ;
#1401 = PLANE ( 'NONE',  #1466 ) ;
#1402 = FACE_OUTER_BOUND ( 'NONE', #304, .T. ) ;
#1403 = DIRECTION ( 'NONE',  ( 0.0000000000000000000, 0.0000000000000000000, 1.000000000000000000 ) ) ;
#1404 = VECTOR ( 'NONE', #1403, 1000.000000000000000 ) ;
#1405 = CARTESIAN_POINT ( 'NONE',  ( 3.000000000000000000, 4.949999999999999300, 2.149999999999999900 ) ) ;
#1406 = LINE ( 'NONE', #1405, #1404 ) ;
#1407 = CARTESIAN_POINT ( 'NONE',  ( 3.000000000000000000, 4.949999999999999300, 2.149999999999999900 ) ) ;
#1408 = DIRECTION ( 'NONE',  ( 0.0000000000000000000, 1.000000000000000000, 0.0000000000000000000 ) ) ;
#1409 = VECTOR ( 'NONE', #1408, 1000.000000000000000 ) ;
#1410 = CARTESIAN_POINT ( 'NONE',  ( 3.000000000000000000, 6.749999999999999100, 2.149999999999999900 ) ) ;
#1411 = LINE ( 'NONE', #1410, #1409 ) ;
#1412 = DIRECTION ( 'NONE',  ( 0.0000000000000000000, 0.0000000000000000000, -1.000000000000000000 ) ) ;
#1413 = DIRECTION ( 'NONE',  ( 1.000000000000000000, 0.0000000000000000000, 0.0000000000000000000 ) ) ;
#1414 = CARTESIAN_POINT ( 'NONE',  ( 3.000000000000000000, 6.749999999999999100, 2.149999999999999900 ) ) ;
#1415 = AXIS2_PLACEMENT_3D ( 'NONE', #1414, #1413, #1412 ) ;
#1416 = PLANE ( 'NONE',  #1415 ) ;
#1417 = FACE_OUTER_BOUND ( 'NONE', #295, .T. ) ;
#1418 = DIRECTION ( 'NONE',  ( 0.0000000000000000000, 0.0000000000000000000, 1.000000000000000000 ) ) ;
#1419 = VECTOR ( 'NONE', #1418, 1000.000000000000000 ) ;
#1420 = CARTESIAN_POINT ( 'NONE',  ( 3.000000000000000000, 6.749999999999999100, 2.149999999999999900 ) ) ;
#1421 = LINE ( 'NONE', #1420, #1419 ) ;
#1422 = DIRECTION ( 'NONE',  ( -1.000000000000000000, 0.0000000000000000000, 0.0000000000000000000 ) ) ;
#1423 = VECTOR ( 'NONE', #1422, 1000.000000000000000 ) ;
#1424 = CARTESIAN_POINT ( 'NONE',  ( 1.000000000000000000, 6.749999999999999100, 2.149999999999999900 ) ) ;
#1425 = LINE ( 'NONE', #1424, #1423 ) ;
#1426 = DIRECTION ( 'NONE',  ( -1.000000000000000000, 0.0000000000000000000, 0.0000000000000000000 ) ) ;
#1427 = DIRECTION ( 'NONE',  ( 0.0000000000000000000, 0.0000000000000000000, -1.000000000000000000 ) ) ;
#1428 = CARTESIAN_POINT ( 'NONE',  ( 8.250000000000003600, 3.999999999999998200, -2.250000000000000000 ) ) ;
#1429 = AXIS2_PLACEMENT_3D ( 'NONE', #1428, #1427, #1426 ) ;
#1430 = CIRCLE ( 'NONE', #1429, 1.100000000000001200 ) ;
#1431 = DIRECTION ( 'NONE',  ( -1.000000000000000000, 0.0000000000000000000, 0.0000000000000000000 ) ) ;
#1432 = DIRECTION ( 'NONE',  ( 0.0000000000000000000, 0.0000000000000000000, -1.000000000000000000 ) ) ;
#1433 = CARTESIAN_POINT ( 'NONE',  ( 8.250000000000003600, -7.000000000000000900, -2.250000000000000400 ) ) ;
#1434 = AXIS2_PLACEMENT_3D ( 'NONE', #1433, #1432, #1431 ) ;
#1435 = DIRECTION ( 'NONE',  ( 0.0000000000000000000, 0.0000000000000000000, 1.000000000000000000 ) ) ;
#1436 = DIRECTION ( 'NONE',  ( 0.0000000000000000000, -1.000000000000000000, 0.0000000000000000000 ) ) ;
#1437 = CARTESIAN_POINT ( 'NONE',  ( 0.0000000000000000000, -38.00000000000000000, 0.0000000000000000000 ) ) ;
#1438 = AXIS2_PLACEMENT_3D ( 'NONE', #1437, #1436, #1435 ) ;
#1439 = CIRCLE ( 'NONE', #1438, 1.899999999999999700 ) ;
#1440 = CARTESIAN_POINT ( 'NONE',  ( 0.0000000000000000000, -38.00000000000000000, 1.899999999999999700 ) ) ;
#1441 = CARTESIAN_POINT ( 'NONE',  ( 2.326752072262516500E-016, -38.00000000000000000, -1.899999999999999700 ) ) ;
#1442 = DIRECTION ( 'NONE',  ( 0.0000000000000000000, 1.000000000000000000, 0.0000000000000000000 ) ) ;
#1443 = VECTOR ( 'NONE', #1442, 1000.000000000000000 ) ;
#1444 = CARTESIAN_POINT ( 'NONE',  ( 2.326752072262516500E-016, -76.00000000000000000, -1.899999999999999700 ) ) ;
#1445 = LINE ( 'NONE', #1444, #1443 ) ;
#1446 = CARTESIAN_POINT ( 'NONE',  ( 0.0000000000000000000, -76.00000000000000000, 1.899999999999999700 ) ) ;
#1447 = CARTESIAN_POINT ( 'NONE',  ( 2.326752072262516500E-016, -76.00000000000000000, -1.899999999999999700 ) ) ;
#1448 = DIRECTION ( 'NONE',  ( 0.0000000000000000000, 0.0000000000000000000, -1.000000000000000000 ) ) ;
#1449 = DIRECTION ( 'NONE',  ( 0.0000000000000000000, -1.000000000000000000, 0.0000000000000000000 ) ) ;
#1450 = AXIS2_PLACEMENT_3D ( 'NONE', #1456, #1449, #1448 ) ;
#1451 = CIRCLE ( 'NONE', #1450, 1.899999999999999700 ) ;
#1452 = DIRECTION ( 'NONE',  ( 0.0000000000000000000, 0.0000000000000000000, 1.000000000000000000 ) ) ;
#1453 = DIRECTION ( 'NONE',  ( 0.0000000000000000000, 1.000000000000000000, 0.0000000000000000000 ) ) ;
#1454 = CARTESIAN_POINT ( 'NONE',  ( 0.0000000000000000000, -76.00000000000000000, 0.0000000000000000000 ) ) ;
#1455 = AXIS2_PLACEMENT_3D ( 'NONE', #1454, #1453, #1452 ) ;
#1456 = CARTESIAN_POINT ( 'NONE',  ( 0.0000000000000000000, -76.00000000000000000, 0.0000000000000000000 ) ) ;
#1457 = CYLINDRICAL_SURFACE ( 'NONE', #1455, 1.899999999999999700 ) ;
#1458 = FACE_OUTER_BOUND ( 'NONE', #308, .T. ) ;
#1459 = DIRECTION ( 'NONE',  ( 0.0000000000000000000, 0.0000000000000000000, 1.000000000000000000 ) ) ;
#1460 = VECTOR ( 'NONE', #1459, 1000.000000000000000 ) ;
#1461 = CARTESIAN_POINT ( 'NONE',  ( 1.000000000000000200, -19.19999999999999900, 3.300000000000001200 ) ) ;
#1462 = LINE ( 'NONE', #1461, #1460 ) ;
#1463 = DIRECTION ( 'NONE',  ( 0.0000000000000000000, 0.0000000000000000000, -1.000000000000000000 ) ) ;
#1464 = DIRECTION ( 'NONE',  ( 0.0000000000000000000, -1.000000000000000000, 0.0000000000000000000 ) ) ;
#1465 = CARTESIAN_POINT ( 'NONE',  ( 1.000000000000000200, 4.949999999999999300, 2.149999999999999900 ) ) ;
#1466 = AXIS2_PLACEMENT_3D ( 'NONE', #1465, #1464, #1463 ) ;
#1467 = PERSON_AND_ORGANIZATION_ROLE ( 'creator' ) ;
#1468 = FACE_OUTER_BOUND ( 'NONE', #344, .T. ) ;
#1469 = CARTESIAN_POINT ( 'NONE',  ( 3.000000000000000000, 6.749999999999999100, 2.149999999999999900 ) ) ;
#1470 = CARTESIAN_POINT ( 'NONE',  ( 5.799999999999999800, 4.949999999999999300, 2.149999999999999900 ) ) ;
#1471 = DIRECTION ( 'NONE',  ( 0.0000000000000000000, 1.000000000000000000, 0.0000000000000000000 ) ) ;
#1472 = VECTOR ( 'NONE', #1471, 1000.000000000000000 ) ;
#1473 = CARTESIAN_POINT ( 'NONE',  ( 5.799999999999999800, 6.749999999999999100, 2.149999999999999900 ) ) ;
#1474 = LINE ( 'NONE', #1473, #1472 ) ;
#1475 = DIRECTION ( 'NONE',  ( 0.0000000000000000000, 0.0000000000000000000, -1.000000000000000000 ) ) ;
#1476 = DIRECTION ( 'NONE',  ( 1.000000000000000000, 0.0000000000000000000, 0.0000000000000000000 ) ) ;
#1477 = CARTESIAN_POINT ( 'NONE',  ( 5.799999999999999800, 6.749999999999999100, 2.149999999999999900 ) ) ;
#1478 = AXIS2_PLACEMENT_3D ( 'NONE', #1477, #1476, #1475 ) ;
#1479 = PLANE ( 'NONE',  #1478 ) ;
#1480 = FACE_OUTER_BOUND ( 'NONE', #332, .T. ) ;
#1481 = DIRECTION ( 'NONE',  ( 0.0000000000000000000, 0.0000000000000000000, 1.000000000000000000 ) ) ;
#1482 = VECTOR ( 'NONE', #1481, 1000.000000000000000 ) ;
#1483 = CARTESIAN_POINT ( 'NONE',  ( 5.799999999999999800, 6.749999999999999100, 2.149999999999999900 ) ) ;
#1484 = LINE ( 'NONE', #1483, #1482 ) ;
#1485 = CARTESIAN_POINT ( 'NONE',  ( 5.799999999999999800, 6.749999999999999100, 2.149999999999999900 ) ) ;
#1486 = DIRECTION ( 'NONE',  ( 1.000000000000000000, 0.0000000000000000000, 0.0000000000000000000 ) ) ;
#1487 = DIRECTION ( 'NONE',  ( 0.0000000000000000000, 0.0000000000000000000, 1.000000000000000000 ) ) ;
#1488 = CARTESIAN_POINT ( 'NONE',  ( 8.250000000000003600, 3.999999999999998200, -2.250049999999999900 ) ) ;
#1489 = AXIS2_PLACEMENT_3D ( 'NONE', #1488, #1487, #1486 ) ;
#1490 = CYLINDRICAL_SURFACE ( 'NONE', #1489, 1.100000000000000300 ) ;
#1491 = FACE_OUTER_BOUND ( 'NONE', #251, .T. ) ;
#1492 = DIRECTION ( 'NONE',  ( 0.0000000000000000000, 0.0000000000000000000, 1.000000000000000000 ) ) ;
#1493 = DIRECTION ( 'NONE',  ( 0.0000000000000000000, 1.000000000000000000, 0.0000000000000000000 ) ) ;
#1494 = CARTESIAN_POINT ( 'NONE',  ( 1.000000000000000000, 6.749999999999999100, 2.149999999999999900 ) ) ;
#1495 = AXIS2_PLACEMENT_3D ( 'NONE', #1494, #1493, #1492 ) ;
#1496 = PLANE ( 'NONE',  #1495 ) ;
#1497 = FACE_OUTER_BOUND ( 'NONE', #322, .T. ) ;
#1498 = DIRECTION ( 'NONE',  ( 0.0000000000000000000, 0.0000000000000000000, 1.000000000000000000 ) ) ;
#1499 = VECTOR ( 'NONE', #1498, 1000.000000000000000 ) ;
#1500 = CARTESIAN_POINT ( 'NONE',  ( 1.000000000000000000, 6.749999999999999100, 2.149999999999999900 ) ) ;
#1501 = LINE ( 'NONE', #1500, #1499 ) ;
#1502 = CARTESIAN_POINT ( 'NONE',  ( 1.000000000000000200, 4.949999999999999300, 2.149999999999999900 ) ) ;
#1503 = AXIS2_PLACEMENT_3D ( 'NONE', #1502, #1564, #1563 ) ;
#1504 = PLANE ( 'NONE',  #1503 ) ;
#1505 = FACE_OUTER_BOUND ( 'NONE', #362, .T. ) ;
#1506 = DIRECTION ( 'NONE',  ( 1.000000000000000000, 0.0000000000000000000, 0.0000000000000000000 ) ) ;
#1507 = VECTOR ( 'NONE', #1506, 1000.000000000000000 ) ;
#1508 = CARTESIAN_POINT ( 'NONE',  ( 1.000000000000000200, 4.949999999999999300, 2.149999999999999900 ) ) ;
#1509 = LINE ( 'NONE', #1508, #1507 ) ;
#1510 = CARTESIAN_POINT ( 'NONE',  ( 1.000000000000000200, -19.19999999999999900, 3.400000000000001200 ) ) ;
#1511 = DIRECTION ( 'NONE',  ( 1.000000000000000000, 0.0000000000000000000, 0.0000000000000000000 ) ) ;
#1512 = DIRECTION ( 'NONE',  ( 0.0000000000000000000, 0.0000000000000000000, 1.000000000000000000 ) ) ;
#1513 = CARTESIAN_POINT ( 'NONE',  ( 0.0000000000000000000, -19.19999999999999900, 3.400000000000001200 ) ) ;
#1514 = AXIS2_PLACEMENT_3D ( 'NONE', #1513, #1512, #1511 ) ;
#1515 = CIRCLE ( 'NONE', #1514, 1.000000000000000200 ) ;
#1516 = CARTESIAN_POINT ( 'NONE',  ( -1.000000000000000200, -19.19999999999999900, 3.400000000000001200 ) ) ;
#1517 = DIRECTION ( 'NONE',  ( 0.0000000000000000000, 0.0000000000000000000, 1.000000000000000000 ) ) ;
#1518 = VECTOR ( 'NONE', #1517, 1000.000000000000000 ) ;
#1519 = CARTESIAN_POINT ( 'NONE',  ( -1.000000000000000200, -19.19999999999999900, 3.300000000000001200 ) ) ;
#1520 = LINE ( 'NONE', #1519, #1518 ) ;
#1521 = CARTESIAN_POINT ( 'NONE',  ( 1.000000000000000200, -19.19999999999999900, 3.300000000000001200 ) ) ;
#1522 = DIRECTION ( 'NONE',  ( 1.000000000000000000, 0.0000000000000000000, 0.0000000000000000000 ) ) ;
#1523 = DIRECTION ( 'NONE',  ( 0.0000000000000000000, 0.0000000000000000000, 1.000000000000000000 ) ) ;
#1524 = CARTESIAN_POINT ( 'NONE',  ( 0.0000000000000000000, -19.19999999999999900, 3.300000000000001200 ) ) ;
#1525 = AXIS2_PLACEMENT_3D ( 'NONE', #1524, #1523, #1522 ) ;
#1526 = CIRCLE ( 'NONE', #1525, 1.000000000000000200 ) ;
#1527 = CARTESIAN_POINT ( 'NONE',  ( -1.000000000000000200, -19.19999999999999900, 3.300000000000001200 ) ) ;
#1528 = DIRECTION ( 'NONE',  ( 1.000000000000000000, 0.0000000000000000000, 0.0000000000000000000 ) ) ;
#1529 = DIRECTION ( 'NONE',  ( 0.0000000000000000000, 0.0000000000000000000, 1.000000000000000000 ) ) ;
#1530 = AXIS2_PLACEMENT_3D ( 'NONE', #1532, #1529, #1528 ) ;
#1531 = CYLINDRICAL_SURFACE ( 'NONE', #1530, 1.000000000000000200 ) ;
#1532 = CARTESIAN_POINT ( 'NONE',  ( 0.0000000000000000000, -19.19999999999999900, 3.300000000000001200 ) ) ;
#1533 = CIRCLE ( 'NONE', #1595, 1.250000000000000000 ) ;
#1534 = CARTESIAN_POINT ( 'NONE',  ( 1.500000000000000700, 0.0000000000000000000, 1.250000000000000000 ) ) ;
#1535 = DIRECTION ( 'NONE',  ( 0.0000000000000000000, -1.000000000000000000, 0.0000000000000000000 ) ) ;
#1536 = VECTOR ( 'NONE', #1535, 1000.000000000000000 ) ;
#1537 = CARTESIAN_POINT ( 'NONE',  ( 1.500000000000000700, 25.00000000000000000, 1.250000000000000000 ) ) ;
#1538 = LINE ( 'NONE', #1537, #1536 ) ;
#1539 = CARTESIAN_POINT ( 'NONE',  ( 1.500000000000000400, 25.00000000000000000, -1.250000000000000000 ) ) ;
#1540 = CARTESIAN_POINT ( 'NONE',  ( 1.500000000000000700, 25.00000000000000000, 1.250000000000000000 ) ) ;
#1541 = DIRECTION ( 'NONE',  ( 0.0000000000000000000, 0.0000000000000000000, 1.000000000000000000 ) ) ;
#1542 = DIRECTION ( 'NONE',  ( 0.0000000000000000000, 1.000000000000000000, 0.0000000000000000000 ) ) ;
#1543 = AXIS2_PLACEMENT_3D ( 'NONE', #1549, #1542, #1541 ) ;
#1544 = CIRCLE ( 'NONE', #1543, 1.250000000000000000 ) ;
#1545 = DIRECTION ( 'NONE',  ( 0.0000000000000000000, 0.0000000000000000000, -1.000000000000000000 ) ) ;
#1546 = DIRECTION ( 'NONE',  ( 0.0000000000000000000, -1.000000000000000000, 0.0000000000000000000 ) ) ;
#1547 = CARTESIAN_POINT ( 'NONE',  ( 1.500000000000000400, 25.00000000000000000, 0.0000000000000000000 ) ) ;
#1548 = AXIS2_PLACEMENT_3D ( 'NONE', #1547, #1546, #1545 ) ;
#1549 = CARTESIAN_POINT ( 'NONE',  ( 1.500000000000000400, 25.00000000000000000, 0.0000000000000000000 ) ) ;
#1550 = CYLINDRICAL_SURFACE ( 'NONE', #1548, 1.250000000000000000 ) ;
#1551 = FACE_OUTER_BOUND ( 'NONE', #373, .T. ) ;
#1552 = DIRECTION ( 'NONE',  ( 0.0000000000000000000, -1.000000000000000000, 0.0000000000000000000 ) ) ;
#1553 = VECTOR ( 'NONE', #1552, 1000.000000000000000 ) ;
#1554 = CARTESIAN_POINT ( 'NONE',  ( -1.499999999999999600, 25.00000000000000000, -1.250000000000000000 ) ) ;
#1555 = LINE ( 'NONE', #1554, #1553 ) ;
#1556 = CARTESIAN_POINT ( 'NONE',  ( 1.127547588570160500, -13.54814152073804800, 4.000000000000000900 ) ) ;
#1557 = CARTESIAN_POINT ( 'NONE',  ( -2.000000000000000400, -15.20000000000000100, 4.000000000000000900 ) ) ;
#1558 = DIRECTION ( 'NONE',  ( 0.0000000000000000000, 0.0000000000000000000, -1.000000000000000000 ) ) ;
#1559 = VECTOR ( 'NONE', #1558, 1000.000000000000000 ) ;
#1560 = CARTESIAN_POINT ( 'NONE',  ( -2.000000000000000400, -15.20000000000000100, 4.000000000000000900 ) ) ;
#1561 = LINE ( 'NONE', #1560, #1559 ) ;
#1562 = CARTESIAN_POINT ( 'NONE',  ( -2.000000000000000400, -15.20000000000000100, 3.399999999999999500 ) ) ;
#1563 = DIRECTION ( 'NONE',  ( 1.000000000000000000, 0.0000000000000000000, 0.0000000000000000000 ) ) ;
#1564 = DIRECTION ( 'NONE',  ( 0.0000000000000000000, 0.0000000000000000000, 1.000000000000000000 ) ) ;
#1565 = DIRECTION ( 'NONE',  ( 0.0000000000000000000, 0.0000000000000000000, -1.000000000000000000 ) ) ;
#1566 = VECTOR ( 'NONE', #1565, 1000.000000000000000 ) ;
#1567 = CARTESIAN_POINT ( 'NONE',  ( 1.127547588570160000, -13.54814152073804800, 4.000000000000000900 ) ) ;
#1568 = LINE ( 'NONE', #1567, #1566 ) ;
#1569 = DIRECTION ( 'NONE',  ( 1.000000000000000000, 0.0000000000000000000, 0.0000000000000000000 ) ) ;
#1570 = DIRECTION ( 'NONE',  ( 0.0000000000000000000, 0.0000000000000000000, 1.000000000000000000 ) ) ;
#1571 = CARTESIAN_POINT ( 'NONE',  ( 0.0000000000000000000, -15.20000000000000100, 4.000000000000000900 ) ) ;
#1572 = AXIS2_PLACEMENT_3D ( 'NONE', #1571, #1570, #1569 ) ;
#1573 = CIRCLE ( 'NONE', #1572, 2.000000000000000400 ) ;
#1574 = CARTESIAN_POINT ( 'NONE',  ( -1.499999999999999300, 25.00000000000000000, 1.250000000000000000 ) ) ;
#1575 = DIRECTION ( 'NONE',  ( 0.0000000000000000000, 0.0000000000000000000, -1.000000000000000000 ) ) ;
#1576 = DIRECTION ( 'NONE',  ( 0.0000000000000000000, -1.000000000000000000, 0.0000000000000000000 ) ) ;
#1577 = AXIS2_PLACEMENT_3D ( 'NONE', #1579, #1576, #1575 ) ;
#1578 = CYLINDRICAL_SURFACE ( 'NONE', #1577, 1.250000000000000000 ) ;
#1579 = CARTESIAN_POINT ( 'NONE',  ( -1.499999999999999600, 25.00000000000000000, 0.0000000000000000000 ) ) ;
#1580 = FACE_OUTER_BOUND ( 'NONE', #392, .T. ) ;
#1581 = CARTESIAN_POINT ( 'NONE',  ( -1.499999999999999600, 0.0000000000000000000, -1.250000000000000000 ) ) ;
#1582 = CARTESIAN_POINT ( 'NONE',  ( -1.499999999999999300, 0.0000000000000000000, 1.250000000000000000 ) ) ;
#1583 = DIRECTION ( 'NONE',  ( 0.0000000000000000000, -1.000000000000000000, 0.0000000000000000000 ) ) ;
#1584 = VECTOR ( 'NONE', #1583, 1000.000000000000000 ) ;
#1585 = CARTESIAN_POINT ( 'NONE',  ( -1.499999999999999300, 25.00000000000000000, 1.250000000000000000 ) ) ;
#1586 = LINE ( 'NONE', #1585, #1584 ) ;
#1587 = DIRECTION ( 'NONE',  ( 0.0000000000000000000, -1.000000000000000000, 0.0000000000000000000 ) ) ;
#1588 = VECTOR ( 'NONE', #1587, 1000.000000000000000 ) ;
#1589 = CARTESIAN_POINT ( 'NONE',  ( 1.500000000000000400, 25.00000000000000000, -1.250000000000000000 ) ) ;
#1590 = LINE ( 'NONE', #1589, #1588 ) ;
#1591 = CARTESIAN_POINT ( 'NONE',  ( 1.500000000000000400, 0.0000000000000000000, -1.250000000000000000 ) ) ;
#1592 = DIRECTION ( 'NONE',  ( 0.0000000000000000000, 0.0000000000000000000, 1.000000000000000000 ) ) ;
#1593 = DIRECTION ( 'NONE',  ( 0.0000000000000000000, 1.000000000000000000, 0.0000000000000000000 ) ) ;
#1594 = CARTESIAN_POINT ( 'NONE',  ( 1.500000000000000400, 0.0000000000000000000, 0.0000000000000000000 ) ) ;
#1595 = AXIS2_PLACEMENT_3D ( 'NONE', #1594, #1593, #1592 ) ;
#1596 = CIRCLE ( 'NONE', #1663, 1.250000000000000000 ) ;
#1597 = DIRECTION ( 'NONE',  ( 0.0000000000000000000, 0.0000000000000000000, 1.000000000000000000 ) ) ;
#1598 = DIRECTION ( 'NONE',  ( 0.0000000000000000000, 1.000000000000000000, 0.0000000000000000000 ) ) ;
#1599 = CARTESIAN_POINT ( 'NONE',  ( -4.000000000000000000, 0.0000000000000000000, 3.500000000000000000 ) ) ;
#1600 = AXIS2_PLACEMENT_3D ( 'NONE', #1599, #1598, #1597 ) ;
#1601 = PLANE ( 'NONE',  #1600 ) ;
#1602 = FACE_BOUND ( 'NONE', #455, .T. ) ;
#1603 = FACE_OUTER_BOUND ( 'NONE', #418, .T. ) ;
#1604 = FACE_BOUND ( 'NONE', #414, .T. ) ;
#1605 = DIRECTION ( 'NONE',  ( 0.0000000000000000000, 0.0000000000000000000, 1.000000000000000000 ) ) ;
#1606 = DIRECTION ( 'NONE',  ( 0.0000000000000000000, -1.000000000000000000, 0.0000000000000000000 ) ) ;
#1607 = CARTESIAN_POINT ( 'NONE',  ( 0.0000000000000000000, -38.00000000000000000, 0.0000000000000000000 ) ) ;
#1608 = AXIS2_PLACEMENT_3D ( 'NONE', #1607, #1606, #1605 ) ;
#1609 = CIRCLE ( 'NONE', #1608, 1.899999999999999700 ) ;
#1610 = DIRECTION ( 'NONE',  ( -1.000000000000000000, 0.0000000000000000000, 0.0000000000000000000 ) ) ;
#1611 = VECTOR ( 'NONE', #1610, 1000.000000000000000 ) ;
#1612 = CARTESIAN_POINT ( 'NONE',  ( 3.799999999999999800, 6.749999999999999100, 2.149999999999999900 ) ) ;
#1613 = LINE ( 'NONE', #1612, #1611 ) ;
#1614 = DIRECTION ( 'NONE',  ( 0.0000000000000000000, 1.000000000000000000, 0.0000000000000000000 ) ) ;
#1615 = VECTOR ( 'NONE', #1614, 1000.000000000000000 ) ;
#1616 = CARTESIAN_POINT ( 'NONE',  ( 0.0000000000000000000, -76.00000000000000000, 1.899999999999999700 ) ) ;
#1617 = LINE ( 'NONE', #1616, #1615 ) ;
#1618 = CARTESIAN_POINT ( 'NONE',  ( -1.499999999999999600, 25.00000000000000000, -1.250000000000000000 ) ) ;
#1619 = DIRECTION ( 'NONE',  ( 0.0000000000000000000, 0.0000000000000000000, 1.000000000000000000 ) ) ;
#1620 = DIRECTION ( 'NONE',  ( 0.0000000000000000000, 1.000000000000000000, 0.0000000000000000000 ) ) ;
#1621 = CARTESIAN_POINT ( 'NONE',  ( -1.499999999999999600, 25.00000000000000000, 0.0000000000000000000 ) ) ;
#1622 = AXIS2_PLACEMENT_3D ( 'NONE', #1621, #1620, #1619 ) ;
#1623 = CIRCLE ( 'NONE', #1622, 1.250000000000000000 ) ;
#1624 = DIRECTION ( 'NONE',  ( 0.0000000000000000000, 0.0000000000000000000, 1.000000000000000000 ) ) ;
#1625 = DIRECTION ( 'NONE',  ( 0.0000000000000000000, 1.000000000000000000, 0.0000000000000000000 ) ) ;
#1626 = CARTESIAN_POINT ( 'NONE',  ( -1.499999999999999600, 0.0000000000000000000, 0.0000000000000000000 ) ) ;
#1627 = AXIS2_PLACEMENT_3D ( 'NONE', #1626, #1625, #1624 ) ;
#1628 = CIRCLE ( 'NONE', #1627, 1.250000000000000000 ) ;
#1629 = DIRECTION ( 'NONE',  ( 0.6812846416405822200, 0.7320186043159445700, 0.0000000000000000000 ) ) ;
#1630 = VECTOR ( 'NONE', #1629, 1000.000000000000000 ) ;
#1631 = CARTESIAN_POINT ( 'NONE',  ( 0.2196055812947818900, -15.40438539249217500, 4.000000000000000900 ) ) ;
#1632 = LINE ( 'NONE', #1631, #1630 ) ;
#1633 = DIRECTION ( 'NONE',  ( 1.000000000000000000, 0.0000000000000000000, 0.0000000000000000000 ) ) ;
#1634 = DIRECTION ( 'NONE',  ( 0.0000000000000000000, 0.0000000000000000000, 1.000000000000000000 ) ) ;
#1635 = CARTESIAN_POINT ( 'NONE',  ( 0.0000000000000000000, -15.20000000000000100, 4.000000000000000900 ) ) ;
#1636 = AXIS2_PLACEMENT_3D ( 'NONE', #1635, #1634, #1633 ) ;
#1637 = PLANE ( 'NONE',  #1636 ) ;
#1638 = FACE_OUTER_BOUND ( 'NONE', #432, .T. ) ;
#1639 = DIRECTION ( 'NONE',  ( 0.0000000000000000000, 0.0000000000000000000, 1.000000000000000000 ) ) ;
#1640 = VECTOR ( 'NONE', #1639, 1000.000000000000000 ) ;
#1641 = CARTESIAN_POINT ( 'NONE',  ( 1.566758751159726100, -13.95691230572239600, 4.000000000000000900 ) ) ;
#1642 = LINE ( 'NONE', #1641, #1640 ) ;
#1643 = CARTESIAN_POINT ( 'NONE',  ( 1.566758751159726300, -13.95691230572239600, 3.900000000000001200 ) ) ;
#1644 = DIRECTION ( 'NONE',  ( 1.000000000000000000, 0.0000000000000000000, 0.0000000000000000000 ) ) ;
#1645 = DIRECTION ( 'NONE',  ( 0.0000000000000000000, 0.0000000000000000000, 1.000000000000000000 ) ) ;
#1646 = CARTESIAN_POINT ( 'NONE',  ( 0.0000000000000000000, -15.20000000000000100, 3.900000000000001200 ) ) ;
#1647 = AXIS2_PLACEMENT_3D ( 'NONE', #1646, #1645, #1644 ) ;
#1648 = CIRCLE ( 'NONE', #1647, 2.000000000000000400 ) ;
#1649 = CARTESIAN_POINT ( 'NONE',  ( 1.127547588570160000, -13.54814152073804800, 3.900000000000001200 ) ) ;
#1650 = DIRECTION ( 'NONE',  ( -1.000000000000000000, 0.0000000000000000000, 0.0000000000000000000 ) ) ;
#1651 = VECTOR ( 'NONE', #1650, 1000.000000000000000 ) ;
#1652 = CARTESIAN_POINT ( 'NONE',  ( -4.000000000000000000, 0.0000000000000000000, -3.500000000000000000 ) ) ;
#1653 = LINE ( 'NONE', #1652, #1651 ) ;
#1654 = CARTESIAN_POINT ( 'NONE',  ( 3.711757213943311000, -2.670140429933953200E-017, 3.500000000000000000 ) ) ;
#1655 = CARTESIAN_POINT ( 'NONE',  ( 3.711757213943310600, 0.0000000000000000000, -3.500000000000000000 ) ) ;
#1656 = DIRECTION ( 'NONE',  ( 0.0000000000000000000, 0.0000000000000000000, 1.000000000000000000 ) ) ;
#1657 = VECTOR ( 'NONE', #1656, 1000.000000000000000 ) ;
#1658 = CARTESIAN_POINT ( 'NONE',  ( 3.711757213943311000, -2.670140429933953200E-017, -3.500000000000000000 ) ) ;
#1659 = LINE ( 'NONE', #1658, #1657 ) ;
#1660 = DIRECTION ( 'NONE',  ( 0.0000000000000000000, 0.0000000000000000000, 1.000000000000000000 ) ) ;
#1661 = DIRECTION ( 'NONE',  ( 0.0000000000000000000, 1.000000000000000000, 0.0000000000000000000 ) ) ;
#1662 = CARTESIAN_POINT ( 'NONE',  ( 1.500000000000000400, 0.0000000000000000000, 0.0000000000000000000 ) ) ;
#1663 = AXIS2_PLACEMENT_3D ( 'NONE', #1662, #1661, #1660 ) ;
#1664 = CARTESIAN_POINT ( 'NONE',  ( 3.000000000000000000, -7.650000000000000400, 3.400000000000000400 ) ) ;
#1665 = CARTESIAN_POINT ( 'NONE',  ( 3.000000000000000000, -30.34999999999999800, 3.399999999999997700 ) ) ;
#1666 = DIRECTION ( 'NONE',  ( 0.0000000000000000000, 1.000000000000000000, 2.168404344971008900E-016 ) ) ;
#1667 = DIRECTION ( 'NONE',  ( 0.0000000000000000000, -1.146293045799652500E-016, 1.000000000000000000 ) ) ;
#1668 = CARTESIAN_POINT ( 'NONE',  ( 0.0000000000000000000, -15.20000000000000100, 3.399999999999999500 ) ) ;
#1669 = AXIS2_PLACEMENT_3D ( 'NONE', #1668, #1667, #1666 ) ;
#1670 = CIRCLE ( 'NONE', #1669, 2.000000000000000000 ) ;
#1671 = CARTESIAN_POINT ( 'NONE',  ( 2.000000000000000400, -15.20000000000000100, 3.399999999999999500 ) ) ;
#1672 = DIRECTION ( 'NONE',  ( 0.0000000000000000000, 0.0000000000000000000, -1.000000000000000000 ) ) ;
#1673 = VECTOR ( 'NONE', #1672, 1000.000000000000000 ) ;
#1674 = CARTESIAN_POINT ( 'NONE',  ( 2.000000000000000400, -15.20000000000000100, 4.000000000000000900 ) ) ;
#1675 = LINE ( 'NONE', #1674, #1673 ) ;
#1676 = CARTESIAN_POINT ( 'NONE',  ( 1.566758751159727000, -13.95691230572239400, 4.000000000000000900 ) ) ;
#1677 = CARTESIAN_POINT ( 'NONE',  ( 2.000000000000000400, -15.20000000000000100, 4.000000000000000900 ) ) ;
#1678 = DIRECTION ( 'NONE',  ( 1.000000000000000000, 0.0000000000000000000, 0.0000000000000000000 ) ) ;
#1679 = DIRECTION ( 'NONE',  ( 0.0000000000000000000, 0.0000000000000000000, 1.000000000000000000 ) ) ;
#1680 = AXIS2_PLACEMENT_3D ( 'NONE', #1686, #1679, #1678 ) ;
#1681 = CIRCLE ( 'NONE', #1680, 2.000000000000000400 ) ;
#1682 = DIRECTION ( 'NONE',  ( -1.000000000000000000, 0.0000000000000000000, 0.0000000000000000000 ) ) ;
#1683 = DIRECTION ( 'NONE',  ( 0.0000000000000000000, 0.0000000000000000000, -1.000000000000000000 ) ) ;
#1684 = CARTESIAN_POINT ( 'NONE',  ( 0.0000000000000000000, -15.20000000000000100, 4.000000000000000900 ) ) ;
#1685 = AXIS2_PLACEMENT_3D ( 'NONE', #1684, #1683, #1682 ) ;
#1686 = CARTESIAN_POINT ( 'NONE',  ( 0.0000000000000000000, -15.20000000000000100, 4.000000000000000900 ) ) ;
#1687 = CYLINDRICAL_SURFACE ( 'NONE', #1685, 2.000000000000000400 ) ;
#1688 = FACE_OUTER_BOUND ( 'NONE', #386, .T. ) ;
#1689 = DIRECTION ( 'NONE',  ( 1.000000000000000000, 0.0000000000000000000, 0.0000000000000000000 ) ) ;
#1690 = DIRECTION ( 'NONE',  ( 0.0000000000000000000, 0.0000000000000000000, 1.000000000000000000 ) ) ;
#1691 = CARTESIAN_POINT ( 'NONE',  ( 0.0000000000000000000, -15.20000000000000100, 4.000000000000000900 ) ) ;
#1692 = AXIS2_PLACEMENT_3D ( 'NONE', #1691, #1690, #1689 ) ;
#1693 = CIRCLE ( 'NONE', #1692, 2.000000000000000400 ) ;
#1694 = CARTESIAN_POINT ( 'NONE',  ( -1.127547588570161600, -16.85185847926195300, 4.000000000000000900 ) ) ;
#1695 = CARTESIAN_POINT ( 'NONE',  ( -4.000000000000000000, -38.00000000000000000, 3.500000000000000000 ) ) ;
#1696 = AXIS2_PLACEMENT_3D ( 'NONE', #1695, #1760, #1759 ) ;
#1697 = PLANE ( 'NONE',  #1696 ) ;
#1698 = FACE_BOUND ( 'NONE', #566, .T. ) ;
#1699 = FACE_OUTER_BOUND ( 'NONE', #472, .T. ) ;
#1700 = DIRECTION ( 'NONE',  ( 0.0000000000000000000, 1.000000000000000000, 2.168404344971008900E-016 ) ) ;
#1701 = DIRECTION ( 'NONE',  ( 0.0000000000000000000, -1.146293045799652500E-016, 1.000000000000000000 ) ) ;
#1702 = CARTESIAN_POINT ( 'NONE',  ( 0.0000000000000000000, -15.20000000000000100, 3.399999999999999500 ) ) ;
#1703 = AXIS2_PLACEMENT_3D ( 'NONE', #1702, #1701, #1700 ) ;
#1704 = CIRCLE ( 'NONE', #1703, 2.000000000000000000 ) ;
#1705 = DIRECTION ( 'NONE',  ( 1.000000000000000000, 0.0000000000000000000, 0.0000000000000000000 ) ) ;
#1706 = VECTOR ( 'NONE', #1705, 1000.000000000000000 ) ;
#1707 = CARTESIAN_POINT ( 'NONE',  ( -3.000000000000000000, -30.34999999999999800, 3.399999999999997700 ) ) ;
#1708 = LINE ( 'NONE', #1707, #1706 ) ;
#1709 = CARTESIAN_POINT ( 'NONE',  ( -3.000000000000000000, -30.34999999999999800, 3.399999999999997700 ) ) ;
#1710 = DIRECTION ( 'NONE',  ( 0.0000000000000000000, 1.000000000000000000, 1.146293045799652500E-016 ) ) ;
#1711 = VECTOR ( 'NONE', #1710, 1000.000000000000000 ) ;
#1712 = CARTESIAN_POINT ( 'NONE',  ( -3.000000000000000000, -7.650000000000000400, 3.400000000000000400 ) ) ;
#1713 = LINE ( 'NONE', #1712, #1711 ) ;
#1714 = DIRECTION ( 'NONE',  ( 0.05233595624293704100, -0.9986295347545742800, 0.0000000000000000000 ) ) ;
#1715 = VECTOR ( 'NONE', #1714, 1000.000000000000000 ) ;
#1716 = CARTESIAN_POINT ( 'NONE',  ( 3.711757213943311000, -2.670140429933953200E-017, 3.500000000000000000 ) ) ;
#1717 = LINE ( 'NONE', #1716, #1715 ) ;
#1718 = CARTESIAN_POINT ( 'NONE',  ( 4.000000000000000000, -5.500000000000000000, 3.500000000000000000 ) ) ;
#1719 = DIRECTION ( 'NONE',  ( 0.0000000000000000000, 1.000000000000000000, 0.0000000000000000000 ) ) ;
#1720 = VECTOR ( 'NONE', #1719, 1000.000000000000000 ) ;
#1721 = CARTESIAN_POINT ( 'NONE',  ( 4.000000000000000000, -38.00000000000000000, 3.500000000000000000 ) ) ;
#1722 = LINE ( 'NONE', #1721, #1720 ) ;
#1723 = CARTESIAN_POINT ( 'NONE',  ( -3.000000000000000000, -7.650000000000000400, 3.400000000000000400 ) ) ;
#1724 = DIRECTION ( 'NONE',  ( 1.000000000000000000, 0.0000000000000000000, 0.0000000000000000000 ) ) ;
#1725 = VECTOR ( 'NONE', #1724, 1000.000000000000000 ) ;
#1726 = CARTESIAN_POINT ( 'NONE',  ( -3.000000000000000000, -7.650000000000000400, 3.400000000000000400 ) ) ;
#1727 = LINE ( 'NONE', #1726, #1725 ) ;
#1728 = DIRECTION ( 'NONE',  ( 0.0000000000000000000, 0.0000000000000000000, 1.000000000000000000 ) ) ;
#1729 = VECTOR ( 'NONE', #1728, 1000.000000000000000 ) ;
#1730 = CARTESIAN_POINT ( 'NONE',  ( 3.030201606103483800, -38.00000000000000000, -3.500000000000000000 ) ) ;
#1731 = LINE ( 'NONE', #1730, #1729 ) ;
#1732 = PERSON_AND_ORGANIZATION ( #2641, #2640 ) ;
#1733 = CARTESIAN_POINT ( 'NONE',  ( -3.030201606103422900, -38.00000000000000000, -3.500000000000000000 ) ) ;
#1734 = CARTESIAN_POINT ( 'NONE',  ( 3.030201606103483800, -38.00000000000000000, -3.500000000000000000 ) ) ;
#1735 = DIRECTION ( 'NONE',  ( -1.000000000000000000, 0.0000000000000000000, 0.0000000000000000000 ) ) ;
#1736 = VECTOR ( 'NONE', #1735, 1000.000000000000000 ) ;
#1737 = CARTESIAN_POINT ( 'NONE',  ( -4.000000000000000000, -38.00000000000000000, -3.500000000000000000 ) ) ;
#1738 = LINE ( 'NONE', #1737, #1736 ) ;
#1739 = DIRECTION ( 'NONE',  ( 0.0000000000000000000, 0.0000000000000000000, 1.000000000000000000 ) ) ;
#1740 = DIRECTION ( 'NONE',  ( 0.0000000000000000000, 1.000000000000000000, 0.0000000000000000000 ) ) ;
#1741 = CARTESIAN_POINT ( 'NONE',  ( -4.000000000000000000, -38.00000000000000000, 3.500000000000000000 ) ) ;
#1742 = AXIS2_PLACEMENT_3D ( 'NONE', #1741, #1740, #1739 ) ;
#1743 = PLANE ( 'NONE',  #1742 ) ;
#1744 = FACE_BOUND ( 'NONE', #409, .T. ) ;
#1745 = FACE_OUTER_BOUND ( 'NONE', #439, .T. ) ;
#1746 = DIRECTION ( 'NONE',  ( 0.0000000000000000000, 0.0000000000000000000, 1.000000000000000000 ) ) ;
#1747 = VECTOR ( 'NONE', #1746, 1000.000000000000000 ) ;
#1748 = CARTESIAN_POINT ( 'NONE',  ( -3.711757213943292400, 0.0000000000000000000, -3.500000000000000000 ) ) ;
#1749 = LINE ( 'NONE', #1748, #1747 ) ;
#1750 = DIRECTION ( 'NONE',  ( 1.000000000000000000, 0.0000000000000000000, 0.0000000000000000000 ) ) ;
#1751 = VECTOR ( 'NONE', #1750, 1000.000000000000000 ) ;
#1752 = CARTESIAN_POINT ( 'NONE',  ( -4.000000000000000000, 0.0000000000000000000, 3.500000000000000000 ) ) ;
#1753 = LINE ( 'NONE', #1752, #1751 ) ;
#1754 = CARTESIAN_POINT ( 'NONE',  ( 4.000000000000000000, -32.50000000000000000, 3.500000000000000000 ) ) ;
#1755 = DIRECTION ( 'NONE',  ( -0.1736481776669232500, -0.9848077530122092400, 0.0000000000000000000 ) ) ;
#1756 = VECTOR ( 'NONE', #1755, 1000.000000000000200 ) ;
#1757 = CARTESIAN_POINT ( 'NONE',  ( 3.030201606103483800, -38.00000000000000000, 3.500000000000000000 ) ) ;
#1758 = LINE ( 'NONE', #1757, #1756 ) ;
#1759 = DIRECTION ( 'NONE',  ( 1.000000000000000000, 0.0000000000000000000, 0.0000000000000000000 ) ) ;
#1760 = DIRECTION ( 'NONE',  ( 0.0000000000000000000, 0.0000000000000000000, 1.000000000000000000 ) ) ;
#1761 = FACE_OUTER_BOUND ( 'NONE', #512, .T. ) ;
#1762 = CARTESIAN_POINT ( 'NONE',  ( 4.000000000000000000, -32.50000000000000000, -3.500000000000000000 ) ) ;
#1763 = PLANE ( 'NONE',  #1823 ) ;
#1764 = DIRECTION ( 'NONE',  ( -0.1736481776669232500, -0.9848077530122092400, 0.0000000000000000000 ) ) ;
#1765 = VECTOR ( 'NONE', #1764, 1000.000000000000200 ) ;
#1766 = CARTESIAN_POINT ( 'NONE',  ( 3.030201606103483800, -38.00000000000000000, -3.500000000000000000 ) ) ;
#1767 = LINE ( 'NONE', #1766, #1765 ) ;
#1768 = DIRECTION ( 'NONE',  ( 0.0000000000000000000, 1.000000000000000000, 0.0000000000000000000 ) ) ;
#1769 = VECTOR ( 'NONE', #1768, 1000.000000000000000 ) ;
#1770 = CARTESIAN_POINT ( 'NONE',  ( -4.000000000000000000, -38.00000000000000000, -3.500000000000000000 ) ) ;
#1771 = LINE ( 'NONE', #1770, #1769 ) ;
#1772 = DIRECTION ( 'NONE',  ( -0.1736481776669339400, 0.9848077530122073500, 0.0000000000000000000 ) ) ;
#1773 = VECTOR ( 'NONE', #1772, 1000.000000000000200 ) ;
#1774 = CARTESIAN_POINT ( 'NONE',  ( -3.030201606103422500, -38.00000000000000000, -3.500000000000000000 ) ) ;
#1775 = LINE ( 'NONE', #1774, #1773 ) ;
#1776 = DIRECTION ( 'NONE',  ( -1.000000000000000000, 0.0000000000000000000, 0.0000000000000000000 ) ) ;
#1777 = DIRECTION ( 'NONE',  ( 0.0000000000000000000, 0.0000000000000000000, -1.000000000000000000 ) ) ;
#1778 = CARTESIAN_POINT ( 'NONE',  ( -4.000000000000000000, -38.00000000000000000, -3.500000000000000000 ) ) ;
#1779 = AXIS2_PLACEMENT_3D ( 'NONE', #1778, #1777, #1776 ) ;
#1780 = PLANE ( 'NONE',  #1779 ) ;
#1781 = FACE_OUTER_BOUND ( 'NONE', #497, .T. ) ;
#1782 = CARTESIAN_POINT ( 'NONE',  ( -4.000000000000000000, -5.500000000000000000, -3.500000000000000000 ) ) ;
#1783 = DIRECTION ( 'NONE',  ( 0.0000000000000000000, 0.0000000000000000000, 1.000000000000000000 ) ) ;
#1784 = VECTOR ( 'NONE', #1783, 1000.000000000000000 ) ;
#1785 = CARTESIAN_POINT ( 'NONE',  ( -3.030201606103422500, -38.00000000000000000, -3.500000000000000000 ) ) ;
#1786 = LINE ( 'NONE', #1785, #1784 ) ;
#1787 = CARTESIAN_POINT ( 'NONE',  ( -3.030201606103422500, -38.00000000000000000, 3.500000000000000000 ) ) ;
#1788 = DIRECTION ( 'NONE',  ( 1.000000000000000000, 0.0000000000000000000, 0.0000000000000000000 ) ) ;
#1789 = VECTOR ( 'NONE', #1788, 1000.000000000000000 ) ;
#1790 = CARTESIAN_POINT ( 'NONE',  ( -4.000000000000000000, -38.00000000000000000, 3.500000000000000000 ) ) ;
#1791 = LINE ( 'NONE', #1790, #1789 ) ;
#1792 = CARTESIAN_POINT ( 'NONE',  ( 3.030201606103483800, -38.00000000000000000, 3.500000000000000000 ) ) ;
#1793 = FACE_BOUND ( 'NONE', #467, .T. ) ;
#1794 = FACE_OUTER_BOUND ( 'NONE', #530, .T. ) ;
#1795 = FACE_BOUND ( 'NONE', #526, .T. ) ;
#1796 = DIRECTION ( 'NONE',  ( 0.0000000000000000000, 0.0000000000000000000, 1.000000000000000000 ) ) ;
#1797 = DIRECTION ( 'NONE',  ( 0.0000000000000000000, 1.000000000000000000, 0.0000000000000000000 ) ) ;
#1798 = CARTESIAN_POINT ( 'NONE',  ( -1.499999999999999600, 0.0000000000000000000, 0.0000000000000000000 ) ) ;
#1799 = AXIS2_PLACEMENT_3D ( 'NONE', #1798, #1797, #1796 ) ;
#1800 = CIRCLE ( 'NONE', #1799, 1.250000000000000000 ) ;
#1801 = DIRECTION ( 'NONE',  ( -1.000000000000000000, 0.0000000000000000000, 0.0000000000000000000 ) ) ;
#1802 = VECTOR ( 'NONE', #1801, 1000.000000000000000 ) ;
#1803 = CARTESIAN_POINT ( 'NONE',  ( -4.000000000000000000, -7.650000000000000400, 3.500000000000000000 ) ) ;
#1804 = LINE ( 'NONE', #1803, #1802 ) ;
#1805 = CARTESIAN_POINT ( 'NONE',  ( 3.000000000000000000, -7.650000000000000400, 3.500000000000000000 ) ) ;
#1806 = CARTESIAN_POINT ( 'NONE',  ( 0.0000000000000000000, 1.224606353822377300E-016, 1.000000000000000000 ) ) ;
#1807 = DIRECTION ( 'NONE',  ( 0.0000000000000000000, 0.0000000000000000000, 1.000000000000000000 ) ) ;
#1808 = VECTOR ( 'NONE', #1807, 1000.000000000000000 ) ;
#1809 = CARTESIAN_POINT ( 'NONE',  ( -4.000000000000000000, -5.500000000000000000, -3.500000000000000000 ) ) ;
#1810 = LINE ( 'NONE', #1809, #1808 ) ;
#1811 = DIRECTION ( 'NONE',  ( 0.0000000000000000000, 1.000000000000000000, 0.0000000000000000000 ) ) ;
#1812 = VECTOR ( 'NONE', #1811, 1000.000000000000000 ) ;
#1813 = CARTESIAN_POINT ( 'NONE',  ( 3.000000000000000000, -38.00000000000000000, 3.500000000000000000 ) ) ;
#1814 = LINE ( 'NONE', #1813, #1812 ) ;
#1815 = CARTESIAN_POINT ( 'NONE',  ( -4.000000000000000000, -32.50000000000000000, -3.500000000000000000 ) ) ;
#1816 = DIRECTION ( 'NONE',  ( 0.0000000000000000000, 0.0000000000000000000, 1.000000000000000000 ) ) ;
#1817 = VECTOR ( 'NONE', #1816, 1000.000000000000000 ) ;
#1818 = CARTESIAN_POINT ( 'NONE',  ( -4.000000000000000000, -32.50000000000000000, -3.500000000000000000 ) ) ;
#1819 = LINE ( 'NONE', #1818, #1817 ) ;
#1820 = DIRECTION ( 'NONE',  ( 0.0000000000000000000, 0.0000000000000000000, 1.000000000000000000 ) ) ;
#1821 = DIRECTION ( 'NONE',  ( -1.000000000000000000, 0.0000000000000000000, 0.0000000000000000000 ) ) ;
#1822 = CARTESIAN_POINT ( 'NONE',  ( -4.000000000000000000, -38.00000000000000000, -3.500000000000000000 ) ) ;
#1823 = AXIS2_PLACEMENT_3D ( 'NONE', #1822, #1821, #1820 ) ;
#1824 = DIRECTION ( 'NONE',  ( 0.05233595624293704800, -0.9986295347545742800, 0.0000000000000000000 ) ) ;
#1825 = DIRECTION ( 'NONE',  ( -0.9986295347545742800, -0.05233595624293704800, 0.0000000000000000000 ) ) ;
#1826 = CARTESIAN_POINT ( 'NONE',  ( 3.711757213943311000, -2.670140429933953200E-017, -3.500000000000000000 ) ) ;
#1827 = AXIS2_PLACEMENT_3D ( 'NONE', #1826, #1825, #1824 ) ;
#1828 = PLANE ( 'NONE',  #1827 ) ;
#1829 = FACE_OUTER_BOUND ( 'NONE', #533, .T. ) ;
#1830 = DIRECTION ( 'NONE',  ( 0.05233595624294041400, 0.9986295347545740600, 0.0000000000000000000 ) ) ;
#1831 = DIRECTION ( 'NONE',  ( 0.9986295347545740600, -0.05233595624294041400, 0.0000000000000000000 ) ) ;
#1832 = CARTESIAN_POINT ( 'NONE',  ( -3.711757213943292400, 0.0000000000000000000, -3.500000000000000000 ) ) ;
#1833 = AXIS2_PLACEMENT_3D ( 'NONE', #1832, #1831, #1830 ) ;
#1834 = PLANE ( 'NONE',  #1833 ) ;
#1835 = FACE_OUTER_BOUND ( 'NONE', #534, .T. ) ;
#1836 = DIRECTION ( 'NONE',  ( 0.0000000000000000000, 0.0000000000000000000, 1.000000000000000000 ) ) ;
#1837 = VECTOR ( 'NONE', #1836, 1000.000000000000000 ) ;
#1838 = CARTESIAN_POINT ( 'NONE',  ( 4.000000000000000000, -5.500000000000000000, -3.500000000000000000 ) ) ;
#1839 = LINE ( 'NONE', #1838, #1837 ) ;
#1840 = DIRECTION ( 'NONE',  ( 0.0000000000000000000, 0.0000000000000000000, -1.000000000000000000 ) ) ;
#1841 = DIRECTION ( 'NONE',  ( 1.000000000000000000, 0.0000000000000000000, 0.0000000000000000000 ) ) ;
#1842 = CARTESIAN_POINT ( 'NONE',  ( 4.000000000000000000, -38.00000000000000000, -3.500000000000000000 ) ) ;
#1843 = AXIS2_PLACEMENT_3D ( 'NONE', #1842, #1841, #1840 ) ;
#1844 = PLANE ( 'NONE',  #1843 ) ;
#1845 = FACE_OUTER_BOUND ( 'NONE', #542, .T. ) ;
#1846 = DIRECTION ( 'NONE',  ( 0.0000000000000000000, 1.000000000000000000, 1.146293045799652500E-016 ) ) ;
#1847 = VECTOR ( 'NONE', #1846, 1000.000000000000000 ) ;
#1848 = CARTESIAN_POINT ( 'NONE',  ( 3.000000000000000000, -7.650000000000000400, 3.400000000000000400 ) ) ;
#1849 = LINE ( 'NONE', #1848, #1847 ) ;
#1850 = EDGE_CURVE ( 'NONE', #337, #23, #2458, .T. ) ;
#1851 = DIRECTION ( 'NONE',  ( 1.000000000000000000, 0.0000000000000000000, 0.0000000000000000000 ) ) ;
#1852 = DIRECTION ( 'NONE',  ( 0.0000000000000000000, 0.0000000000000000000, 1.000000000000000000 ) ) ;
#1853 = CARTESIAN_POINT ( 'NONE',  ( 0.0000000000000000000, -19.19999999999999900, 3.400000000000001200 ) ) ;
#1854 = AXIS2_PLACEMENT_3D ( 'NONE', #1853, #1852, #1851 ) ;
#1855 = CIRCLE ( 'NONE', #1854, 1.000000000000000200 ) ;
#1856 = DIRECTION ( 'NONE',  ( 0.0000000000000000000, 1.000000000000000000, 1.146293045799652500E-016 ) ) ;
#1857 = DIRECTION ( 'NONE',  ( 0.0000000000000000000, 1.146293045799652500E-016, -1.000000000000000000 ) ) ;
#1858 = CARTESIAN_POINT ( 'NONE',  ( -3.000000000000000000, -7.650000000000000400, 3.400000000000000400 ) ) ;
#1859 = AXIS2_PLACEMENT_3D ( 'NONE', #1858, #1857, #1856 ) ;
#1860 = PLANE ( 'NONE',  #1859 ) ;
#1861 = CARTESIAN_POINT ( 'NONE',  ( 4.000000000000000000, -38.00000000000000000, -3.500000000000000000 ) ) ;
#1862 = DIRECTION ( 'NONE',  ( 0.05233595624294042800, 0.9986295347545741700, 0.0000000000000000000 ) ) ;
#1863 = VECTOR ( 'NONE', #1862, 999.9999999999998900 ) ;
#1864 = CARTESIAN_POINT ( 'NONE',  ( -3.711757213943292400, 0.0000000000000000000, 3.500000000000000000 ) ) ;
#1865 = LINE ( 'NONE', #1864, #1863 ) ;
#1866 = LINE ( 'NONE', #1861, #1923 ) ;
#1867 = DIRECTION ( 'NONE',  ( -0.1736481776669339400, 0.9848077530122073500, 0.0000000000000000000 ) ) ;
#1868 = VECTOR ( 'NONE', #1867, 1000.000000000000200 ) ;
#1869 = CARTESIAN_POINT ( 'NONE',  ( -3.030201606103422500, -38.00000000000000000, 3.500000000000000000 ) ) ;
#1870 = LINE ( 'NONE', #1869, #1868 ) ;
#1871 = DIRECTION ( 'NONE',  ( 0.0000000000000000000, 1.000000000000000000, 0.0000000000000000000 ) ) ;
#1872 = VECTOR ( 'NONE', #1871, 1000.000000000000000 ) ;
#1873 = CARTESIAN_POINT ( 'NONE',  ( -4.000000000000000000, -38.00000000000000000, 3.500000000000000000 ) ) ;
#1874 = LINE ( 'NONE', #1873, #1872 ) ;
#1875 = CARTESIAN_POINT ( 'NONE',  ( -4.000000000000000000, -32.50000000000000000, 3.500000000000000000 ) ) ;
#1876 = CARTESIAN_POINT ( 'NONE',  ( -3.000000000000000000, -7.650000000000000400, 3.500000000000000000 ) ) ;
#1877 = DIRECTION ( 'NONE',  ( 0.0000000000000000000, 1.000000000000000000, 0.0000000000000000000 ) ) ;
#1878 = VECTOR ( 'NONE', #1877, 1000.000000000000000 ) ;
#1879 = CARTESIAN_POINT ( 'NONE',  ( -3.000000000000000000, -38.00000000000000000, 3.500000000000000000 ) ) ;
#1880 = LINE ( 'NONE', #1879, #1878 ) ;
#1881 = CARTESIAN_POINT ( 'NONE',  ( 3.000000000000000000, -30.35000000000000100, 3.500000000000000000 ) ) ;
#1882 = CARTESIAN_POINT ( 'NONE',  ( -3.000000000000000000, -30.34999999999999800, 3.500000000000000000 ) ) ;
#1883 = DIRECTION ( 'NONE',  ( 1.000000000000000000, 0.0000000000000000000, 0.0000000000000000000 ) ) ;
#1884 = VECTOR ( 'NONE', #1883, 1000.000000000000000 ) ;
#1885 = CARTESIAN_POINT ( 'NONE',  ( -4.000000000000000000, -30.34999999999999800, 3.500000000000000000 ) ) ;
#1886 = LINE ( 'NONE', #1885, #1884 ) ;
#1887 = CARTESIAN_POINT ( 'NONE',  ( -4.000000000000000000, -5.500000000000000000, 3.500000000000000000 ) ) ;
#1888 = DIRECTION ( 'NONE',  ( 0.0000000000000000000, 0.0000000000000000000, 1.000000000000000000 ) ) ;
#1889 = VECTOR ( 'NONE', #1888, 1000.000000000000000 ) ;
#1890 = CARTESIAN_POINT ( 'NONE',  ( 4.000000000000000000, -32.50000000000000000, -3.500000000000000000 ) ) ;
#1891 = LINE ( 'NONE', #1890, #1889 ) ;
#1892 = VECTOR ( 'NONE', #1957, 1000.000000000000000 ) ;
#1893 = CARTESIAN_POINT ( 'NONE',  ( -3.000000000000000000, -30.34999999999999800, 3.399999999999997700 ) ) ;
#1894 = LINE ( 'NONE', #1893, #1892 ) ;
#1895 = DIRECTION ( 'NONE',  ( 0.0000000000000000000, 0.0000000000000000000, -1.000000000000000000 ) ) ;
#1896 = VECTOR ( 'NONE', #1895, 1000.000000000000000 ) ;
#1897 = CARTESIAN_POINT ( 'NONE',  ( 3.000000000000000000, -30.34999999999999800, 3.399999999999997700 ) ) ;
#1898 = LINE ( 'NONE', #1897, #1896 ) ;
#1899 = DIRECTION ( 'NONE',  ( 0.0000000000000000000, 0.0000000000000000000, -1.000000000000000000 ) ) ;
#1900 = DIRECTION ( 'NONE',  ( 0.0000000000000000000, -1.000000000000000000, 0.0000000000000000000 ) ) ;
#1901 = CARTESIAN_POINT ( 'NONE',  ( -3.000000000000000000, -30.34999999999999800, 3.399999999999997700 ) ) ;
#1902 = AXIS2_PLACEMENT_3D ( 'NONE', #1901, #1900, #1899 ) ;
#1903 = PLANE ( 'NONE',  #1902 ) ;
#1904 = FACE_OUTER_BOUND ( 'NONE', #580, .T. ) ;
#1905 = DIRECTION ( 'NONE',  ( 0.0000000000000000000, 0.0000000000000000000, 1.000000000000000000 ) ) ;
#1906 = VECTOR ( 'NONE', #1905, 1000.000000000000000 ) ;
#1907 = CARTESIAN_POINT ( 'NONE',  ( 3.000000000000000000, -7.650000000000000400, 3.400000000000000400 ) ) ;
#1908 = LINE ( 'NONE', #1907, #1906 ) ;
#1909 = DIRECTION ( 'NONE',  ( 0.0000000000000000000, 0.0000000000000000000, 1.000000000000000000 ) ) ;
#1910 = VECTOR ( 'NONE', #1909, 1000.000000000000000 ) ;
#1911 = CARTESIAN_POINT ( 'NONE',  ( -3.000000000000000000, -7.650000000000000400, 3.400000000000000400 ) ) ;
#1912 = LINE ( 'NONE', #1911, #1910 ) ;
#1913 = DIRECTION ( 'NONE',  ( 0.05233595624293704100, -0.9986295347545742800, 0.0000000000000000000 ) ) ;
#1914 = VECTOR ( 'NONE', #1913, 1000.000000000000000 ) ;
#1915 = CARTESIAN_POINT ( 'NONE',  ( 3.711757213943311000, -2.670140429933953200E-017, -3.500000000000000000 ) ) ;
#1916 = LINE ( 'NONE', #1915, #1914 ) ;
#1917 = CARTESIAN_POINT ( 'NONE',  ( 4.000000000000000000, -5.500000000000000000, -3.500000000000000000 ) ) ;
#1918 = DIRECTION ( 'NONE',  ( 0.05233595624294042800, 0.9986295347545741700, 0.0000000000000000000 ) ) ;
#1919 = VECTOR ( 'NONE', #1918, 999.9999999999998900 ) ;
#1920 = CARTESIAN_POINT ( 'NONE',  ( -3.711757213943292400, 0.0000000000000000000, -3.500000000000000000 ) ) ;
#1921 = LINE ( 'NONE', #1920, #1919 ) ;
#1922 = DIRECTION ( 'NONE',  ( 0.0000000000000000000, 1.000000000000000000, 0.0000000000000000000 ) ) ;
#1923 = VECTOR ( 'NONE', #1922, 1000.000000000000000 ) ;
#1924 = LINE ( 'NONE', #1990, #1989 ) ;
#1925 = CARTESIAN_POINT ( 'NONE',  ( -0.1000000000000000100, 0.0000000000000000000, -1.000000000000000000 ) ) ;
#1926 = CARTESIAN_POINT ( 'NONE',  ( -0.1000000000000000100, 1.224606353822377300E-016, 1.000000000000000000 ) ) ;
#1927 = CARTESIAN_POINT ( 'NONE',  ( -1.566758751159727600, -16.44308769427760800, 4.000000000000000900 ) ) ;
#1928 = CARTESIAN_POINT ( 'NONE',  ( -1.566758751159727000, -16.44308769427760800, 3.900000000000001200 ) ) ;
#1929 = DIRECTION ( 'NONE',  ( 1.000000000000000000, 0.0000000000000000000, 0.0000000000000000000 ) ) ;
#1930 = DIRECTION ( 'NONE',  ( 0.0000000000000000000, 0.0000000000000000000, 1.000000000000000000 ) ) ;
#1931 = CARTESIAN_POINT ( 'NONE',  ( 0.0000000000000000000, -15.20000000000000100, 3.900000000000001200 ) ) ;
#1932 = AXIS2_PLACEMENT_3D ( 'NONE', #1931, #1930, #1929 ) ;
#1933 = CIRCLE ( 'NONE', #1932, 2.000000000000000400 ) ;
#1934 = CARTESIAN_POINT ( 'NONE',  ( -1.127547588570162500, -16.85185847926195600, 3.900000000000001200 ) ) ;
#1935 = DIRECTION ( 'NONE',  ( 0.0000000000000000000, 0.0000000000000000000, -1.000000000000000000 ) ) ;
#1936 = VECTOR ( 'NONE', #1935, 1000.000000000000000 ) ;
#1937 = CARTESIAN_POINT ( 'NONE',  ( -1.127547588570162200, -16.85185847926195300, 4.000000000000000900 ) ) ;
#1938 = DIRECTION ( 'NONE',  ( -1.000000000000000000, 0.0000000000000000000, 0.0000000000000000000 ) ) ;
#1939 = DIRECTION ( 'NONE',  ( 0.0000000000000000000, 0.0000000000000000000, -1.000000000000000000 ) ) ;
#1940 = CARTESIAN_POINT ( 'NONE',  ( 0.0000000000000000000, -15.20000000000000100, 4.000000000000000900 ) ) ;
#1941 = AXIS2_PLACEMENT_3D ( 'NONE', #1940, #1939, #1938 ) ;
#1942 = LINE ( 'NONE', #1937, #1936 ) ;
#1943 = CYLINDRICAL_SURFACE ( 'NONE', #1941, 2.000000000000000400 ) ;
#1944 = FACE_OUTER_BOUND ( 'NONE', #603, .T. ) ;
#1945 = DIRECTION ( 'NONE',  ( -0.1736481776669232500, -0.9848077530122092400, 0.0000000000000000000 ) ) ;
#1946 = DIRECTION ( 'NONE',  ( -0.9848077530122093500, 0.1736481776669232800, 0.0000000000000000000 ) ) ;
#1947 = CARTESIAN_POINT ( 'NONE',  ( 3.030201606103483800, -38.00000000000000000, -3.500000000000000000 ) ) ;
#1948 = AXIS2_PLACEMENT_3D ( 'NONE', #1947, #1946, #1945 ) ;
#1949 = PLANE ( 'NONE',  #1948 ) ;
#1950 = FACE_OUTER_BOUND ( 'NONE', #599, .T. ) ;
#1951 = DIRECTION ( 'NONE',  ( -0.1736481776669339400, 0.9848077530122073500, 0.0000000000000000000 ) ) ;
#1952 = DIRECTION ( 'NONE',  ( 0.9848077530122074700, 0.1736481776669339700, 0.0000000000000000000 ) ) ;
#1953 = CARTESIAN_POINT ( 'NONE',  ( -3.030201606103422500, -38.00000000000000000, -3.500000000000000000 ) ) ;
#1954 = AXIS2_PLACEMENT_3D ( 'NONE', #1953, #1952, #1951 ) ;
#1955 = PLANE ( 'NONE',  #1954 ) ;
#1956 = FACE_OUTER_BOUND ( 'NONE', #593, .T. ) ;
#1957 = DIRECTION ( 'NONE',  ( 0.0000000000000000000, 0.0000000000000000000, -1.000000000000000000 ) ) ;
#1958 = CARTESIAN_POINT ( 'NONE',  ( 3.000000000000000000, -7.650000000000000400, 3.400000000000000400 ) ) ;
#1959 = PLANE ( 'NONE',  #2025 ) ;
#1960 = FACE_OUTER_BOUND ( 'NONE', #638, .T. ) ;
#1961 = DIRECTION ( 'NONE',  ( 0.0000000000000000000, 0.0000000000000000000, -1.000000000000000000 ) ) ;
#1962 = DIRECTION ( 'NONE',  ( 1.000000000000000000, 0.0000000000000000000, 0.0000000000000000000 ) ) ;
#1963 = CARTESIAN_POINT ( 'NONE',  ( -3.000000000000000000, -7.650000000000000400, 3.400000000000000400 ) ) ;
#1964 = AXIS2_PLACEMENT_3D ( 'NONE', #1963, #1962, #1961 ) ;
#1965 = PLANE ( 'NONE',  #1964 ) ;
#1966 = FACE_OUTER_BOUND ( 'NONE', #587, .T. ) ;
#1967 = DIRECTION ( 'NONE',  ( 0.0000000000000000000, 0.0000000000000000000, 1.000000000000000000 ) ) ;
#1968 = DIRECTION ( 'NONE',  ( 0.0000000000000000000, 1.000000000000000000, 0.0000000000000000000 ) ) ;
#1969 = AXIS2_PLACEMENT_3D ( 'NONE', #1976, #1968, #1967 ) ;
#1970 = CIRCLE ( 'NONE', #1969, 1.250000000000000000 ) ;
#1971 = DIRECTION ( 'NONE',  ( 0.0000000000000000000, 0.0000000000000000000, -1.000000000000000000 ) ) ;
#1972 = DIRECTION ( 'NONE',  ( 0.0000000000000000000, -1.000000000000000000, 0.0000000000000000000 ) ) ;
#1973 = CARTESIAN_POINT ( 'NONE',  ( 1.500000000000000400, 25.00000000000000000, 0.0000000000000000000 ) ) ;
#1974 = AXIS2_PLACEMENT_3D ( 'NONE', #1973, #1972, #1971 ) ;
#1975 = CYLINDRICAL_SURFACE ( 'NONE', #1974, 1.250000000000000000 ) ;
#1976 = CARTESIAN_POINT ( 'NONE',  ( 1.500000000000000400, 25.00000000000000000, 0.0000000000000000000 ) ) ;
#1977 = FACE_OUTER_BOUND ( 'NONE', #625, .T. ) ;
#1978 = DIRECTION ( 'NONE',  ( -0.6812846416405820000, -0.7320186043159447900, 0.0000000000000000000 ) ) ;
#1979 = VECTOR ( 'NONE', #1978, 1000.000000000000000 ) ;
#1980 = CARTESIAN_POINT ( 'NONE',  ( -0.2196055812947833900, -14.99561460750782900, 4.000000000000000900 ) ) ;
#1981 = LINE ( 'NONE', #1980, #1979 ) ;
#1982 = DIRECTION ( 'NONE',  ( 1.000000000000000000, 0.0000000000000000000, 0.0000000000000000000 ) ) ;
#1983 = DIRECTION ( 'NONE',  ( 0.0000000000000000000, 0.0000000000000000000, 1.000000000000000000 ) ) ;
#1984 = CARTESIAN_POINT ( 'NONE',  ( 0.0000000000000000000, -15.20000000000000100, 4.000000000000000900 ) ) ;
#1985 = AXIS2_PLACEMENT_3D ( 'NONE', #1984, #1983, #1982 ) ;
#1986 = PLANE ( 'NONE',  #1985 ) ;
#1987 = FACE_OUTER_BOUND ( 'NONE', #619, .T. ) ;
#1988 = DIRECTION ( 'NONE',  ( 1.000000000000000000, 0.0000000000000000000, 0.0000000000000000000 ) ) ;
#1989 = VECTOR ( 'NONE', #1988, 1000.000000000000000 ) ;
#1990 = CARTESIAN_POINT ( 'NONE',  ( -0.1000000000000000100, 1.224606353822377300E-016, 1.000000000000000000 ) ) ;
#1991 = DIRECTION ( 'NONE',  ( 0.0000000000000000000, 1.000000000000000000, 0.0000000000000000000 ) ) ;
#1992 = CARTESIAN_POINT ( 'NONE',  ( -1.499999999999999600, 25.00000000000000000, 0.0000000000000000000 ) ) ;
#1993 = AXIS2_PLACEMENT_3D ( 'NONE', #1992, #1991, #1208 ) ;
#1994 = PLANE ( 'NONE',  #1993 ) ;
#1995 = CC_DESIGN_PERSON_AND_ORGANIZATION_ASSIGNMENT ( #1732, #1467, ( #2779 ) ) ;
#1996 = FACE_OUTER_BOUND ( 'NONE', #663, .T. ) ;
#1997 = DIRECTION ( 'NONE',  ( 0.0000000000000000000, 0.0000000000000000000, 1.000000000000000000 ) ) ;
#1998 = DIRECTION ( 'NONE',  ( 0.0000000000000000000, 1.000000000000000000, 0.0000000000000000000 ) ) ;
#1999 = AXIS2_PLACEMENT_3D ( 'NONE', #2005, #1998, #1997 ) ;
#2000 = CIRCLE ( 'NONE', #1999, 1.250000000000000000 ) ;
#2001 = DIRECTION ( 'NONE',  ( 0.0000000000000000000, 0.0000000000000000000, -1.000000000000000000 ) ) ;
#2002 = DIRECTION ( 'NONE',  ( 0.0000000000000000000, -1.000000000000000000, 0.0000000000000000000 ) ) ;
#2003 = CARTESIAN_POINT ( 'NONE',  ( -1.499999999999999600, 25.00000000000000000, 0.0000000000000000000 ) ) ;
#2004 = AXIS2_PLACEMENT_3D ( 'NONE', #2003, #2002, #2001 ) ;
#2005 = CARTESIAN_POINT ( 'NONE',  ( -1.499999999999999600, 25.00000000000000000, 0.0000000000000000000 ) ) ;
#2006 = CYLINDRICAL_SURFACE ( 'NONE', #2004, 1.250000000000000000 ) ;
#2007 = FACE_OUTER_BOUND ( 'NONE', #656, .T. ) ;
#2008 = DIRECTION ( 'NONE',  ( 0.0000000000000000000, 0.0000000000000000000, 1.000000000000000000 ) ) ;
#2009 = DIRECTION ( 'NONE',  ( 0.0000000000000000000, 1.000000000000000000, 0.0000000000000000000 ) ) ;
#2010 = CARTESIAN_POINT ( 'NONE',  ( -3.000000000000000000, -7.650000000000000400, 3.400000000000000400 ) ) ;
#2011 = AXIS2_PLACEMENT_3D ( 'NONE', #2010, #2009, #2008 ) ;
#2012 = PLANE ( 'NONE',  #2011 ) ;
#2013 = FACE_OUTER_BOUND ( 'NONE', #650, .T. ) ;
#2014 = DIRECTION ( 'NONE',  ( 1.000000000000000000, 0.0000000000000000000, 0.0000000000000000000 ) ) ;
#2015 = DIRECTION ( 'NONE',  ( 0.0000000000000000000, 0.0000000000000000000, 1.000000000000000000 ) ) ;
#2016 = CARTESIAN_POINT ( 'NONE',  ( 0.0000000000000000000, -15.20000000000000100, 4.000000000000000900 ) ) ;
#2017 = AXIS2_PLACEMENT_3D ( 'NONE', #2016, #2015, #2014 ) ;
#2018 = CIRCLE ( 'NONE', #2017, 2.000000000000000400 ) ;
#2019 = DIRECTION ( 'NONE',  ( 0.0000000000000000000, 0.0000000000000000000, 1.000000000000000000 ) ) ;
#2020 = VECTOR ( 'NONE', #2019, 1000.000000000000000 ) ;
#2021 = CARTESIAN_POINT ( 'NONE',  ( -1.566758751159727000, -16.44308769427760800, 4.000000000000000900 ) ) ;
#2022 = LINE ( 'NONE', #2021, #2020 ) ;
#2023 = DIRECTION ( 'NONE',  ( 0.0000000000000000000, 0.0000000000000000000, -1.000000000000000000 ) ) ;
#2024 = DIRECTION ( 'NONE',  ( 1.000000000000000000, 0.0000000000000000000, 0.0000000000000000000 ) ) ;
#2025 = AXIS2_PLACEMENT_3D ( 'NONE', #1958, #2024, #2023 ) ;
#2026 = LINE ( 'NONE', #2090, #2089 ) ;
#2027 = CARTESIAN_POINT ( 'NONE',  ( -7.149999999999998600, 4.000000000000000000, 2.250000000000000400 ) ) ;
#2028 = DIRECTION ( 'NONE',  ( 1.000000000000000000, 0.0000000000000000000, 0.0000000000000000000 ) ) ;
#2029 = DIRECTION ( 'NONE',  ( 0.0000000000000000000, 0.0000000000000000000, 1.000000000000000000 ) ) ;
#2030 = CARTESIAN_POINT ( 'NONE',  ( -8.249999999999998200, 4.000000000000000000, 2.250000000000000400 ) ) ;
#2031 = AXIS2_PLACEMENT_3D ( 'NONE', #2030, #2029, #2028 ) ;
#2032 = CIRCLE ( 'NONE', #2031, 1.100000000000000300 ) ;
#2033 = DIRECTION ( 'NONE',  ( 0.0000000000000000000, 0.0000000000000000000, 1.000000000000000000 ) ) ;
#2034 = VECTOR ( 'NONE', #2033, 1000.000000000000000 ) ;
#2035 = CARTESIAN_POINT ( 'NONE',  ( -9.349999999999999600, 4.000000000000000000, -2.250049999999999900 ) ) ;
#2036 = LINE ( 'NONE', #2035, #2034 ) ;
#2037 = DIRECTION ( 'NONE',  ( 1.000000000000000000, 0.0000000000000000000, 0.0000000000000000000 ) ) ;
#2038 = DIRECTION ( 'NONE',  ( 0.0000000000000000000, 0.0000000000000000000, 1.000000000000000000 ) ) ;
#2039 = AXIS2_PLACEMENT_3D ( 'NONE', #2041, #2038, #2037 ) ;
#2040 = CYLINDRICAL_SURFACE ( 'NONE', #2039, 1.100000000000000300 ) ;
#2041 = CARTESIAN_POINT ( 'NONE',  ( -8.249999999999998200, -6.999999999999999100, -2.250049999999999900 ) ) ;
#2042 = FACE_OUTER_BOUND ( 'NONE', #678, .T. ) ;
#2043 = CARTESIAN_POINT ( 'NONE',  ( -7.149999999999998600, -6.999999999999999100, -2.250000000000000000 ) ) ;
#2044 = CARTESIAN_POINT ( 'NONE',  ( -9.349999999999999600, -6.999999999999999100, -2.250000000000000000 ) ) ;
#2045 = DIRECTION ( 'NONE',  ( 1.000000000000000000, 0.0000000000000000000, 0.0000000000000000000 ) ) ;
#2046 = DIRECTION ( 'NONE',  ( 0.0000000000000000000, 0.0000000000000000000, 1.000000000000000000 ) ) ;
#2047 = CARTESIAN_POINT ( 'NONE',  ( -8.249999999999998200, -6.999999999999999100, -2.250000000000000000 ) ) ;
#2048 = AXIS2_PLACEMENT_3D ( 'NONE', #2047, #2046, #2045 ) ;
#2049 = CIRCLE ( 'NONE', #2048, 1.100000000000000300 ) ;
#2050 = DIRECTION ( 'NONE',  ( -0.6812846416405820000, -0.7320186043159447900, 0.0000000000000000000 ) ) ;
#2051 = DIRECTION ( 'NONE',  ( -0.7320186043159447900, 0.6812846416405820000, 0.0000000000000000000 ) ) ;
#2052 = CARTESIAN_POINT ( 'NONE',  ( 1.388104573139976200, -13.26818135646622400, 3.900000000000001200 ) ) ;
#2053 = AXIS2_PLACEMENT_3D ( 'NONE', #2052, #2051, #2050 ) ;
#2054 = PLANE ( 'NONE',  #2053 ) ;
#2055 = FACE_OUTER_BOUND ( 'NONE', #666, .T. ) ;
#2056 = DIRECTION ( 'NONE',  ( 1.000000000000000000, 0.0000000000000000000, 0.0000000000000000000 ) ) ;
#2057 = DIRECTION ( 'NONE',  ( 0.0000000000000000000, 0.0000000000000000000, 1.000000000000000000 ) ) ;
#2058 = CARTESIAN_POINT ( 'NONE',  ( 0.0000000000000000000, -19.19999999999999900, 3.300000000000001200 ) ) ;
#2059 = AXIS2_PLACEMENT_3D ( 'NONE', #2058, #2057, #2056 ) ;
#2060 = CARTESIAN_POINT ( 'NONE',  ( 0.0000000000000000000, -19.19999999999999900, 3.300000000000001200 ) ) ;
#2061 = CYLINDRICAL_SURFACE ( 'NONE', #2059, 1.000000000000000200 ) ;
#2062 = FACE_OUTER_BOUND ( 'NONE', #724, .T. ) ;
#2063 = DIRECTION ( 'NONE',  ( 0.6812846416405822200, 0.7320186043159445700, 0.0000000000000000000 ) ) ;
#2064 = DIRECTION ( 'NONE',  ( 0.7320186043159445700, -0.6812846416405822200, 0.0000000000000000000 ) ) ;
#2065 = CARTESIAN_POINT ( 'NONE',  ( -1.434555083849617500, -17.18172823482817800, 3.900000000000001200 ) ) ;
#2066 = AXIS2_PLACEMENT_3D ( 'NONE', #2065, #2064, #2063 ) ;
#2067 = PLANE ( 'NONE',  #2066 ) ;
#2068 = FACE_OUTER_BOUND ( 'NONE', #696, .T. ) ;
#2069 = DIRECTION ( 'NONE',  ( 0.6812846416405822200, 0.7320186043159445700, 0.0000000000000000000 ) ) ;
#2070 = VECTOR ( 'NONE', #2069, 1000.000000000000100 ) ;
#2071 = CARTESIAN_POINT ( 'NONE',  ( -1.434555083849617500, -17.18172823482817800, 3.900000000000001200 ) ) ;
#2072 = LINE ( 'NONE', #2071, #2070 ) ;
#2073 = DIRECTION ( 'NONE',  ( -0.6812846416405820000, -0.7320186043159447900, 0.0000000000000000000 ) ) ;
#2074 = VECTOR ( 'NONE', #2073, 1000.000000000000000 ) ;
#2075 = CARTESIAN_POINT ( 'NONE',  ( 1.388104573139976200, -13.26818135646622400, 3.900000000000001200 ) ) ;
#2076 = LINE ( 'NONE', #2075, #2074 ) ;
#2077 = DIRECTION ( 'NONE',  ( 0.0000000000000000000, 0.0000000000000000000, -1.000000000000000000 ) ) ;
#2078 = DIRECTION ( 'NONE',  ( 1.000000000000000000, 0.0000000000000000000, 0.0000000000000000000 ) ) ;
#2079 = CARTESIAN_POINT ( 'NONE',  ( -0.1000000000000000100, 0.0000000000000000000, 0.0000000000000000000 ) ) ;
#2080 = AXIS2_PLACEMENT_3D ( 'NONE', #2079, #2078, #2077 ) ;
#2081 = DIRECTION ( 'NONE',  ( 0.0000000000000000000, 0.0000000000000000000, -1.000000000000000000 ) ) ;
#2082 = DIRECTION ( 'NONE',  ( 1.000000000000000000, 0.0000000000000000000, 0.0000000000000000000 ) ) ;
#2083 = CARTESIAN_POINT ( 'NONE',  ( -0.1000000000000000100, 0.0000000000000000000, 0.0000000000000000000 ) ) ;
#2084 = AXIS2_PLACEMENT_3D ( 'NONE', #2083, #2082, #2081 ) ;
#2085 = CIRCLE ( 'NONE', #2080, 1.000000000000000000 ) ;
#2086 = CYLINDRICAL_SURFACE ( 'NONE', #2084, 1.000000000000000000 ) ;
#2087 = FACE_OUTER_BOUND ( 'NONE', #686, .T. ) ;
#2088 = DIRECTION ( 'NONE',  ( 0.0000000000000000000, 0.0000000000000000000, 1.000000000000000000 ) ) ;
#2089 = VECTOR ( 'NONE', #2088, 1000.000000000000000 ) ;
#2090 = CARTESIAN_POINT ( 'NONE',  ( -7.149999999999998600, 4.000000000000000000, -2.250049999999999900 ) ) ;
#2091 = DIRECTION ( 'NONE',  ( 0.0000000000000000000, 0.0000000000000000000, -1.000000000000000000 ) ) ;
#2092 = DIRECTION ( 'NONE',  ( 0.0000000000000000000, -1.000000000000000000, 0.0000000000000000000 ) ) ;
#2093 = CARTESIAN_POINT ( 'NONE',  ( 0.0000000000000000000, -76.00000000000000000, 0.0000000000000000000 ) ) ;
#2094 = AXIS2_PLACEMENT_3D ( 'NONE', #2093, #2092, #2091 ) ;
#2095 = PLANE ( 'NONE',  #2094 ) ;
#2096 = FACE_OUTER_BOUND ( 'NONE', #631, .T. ) ;
#2097 = FACE_OUTER_BOUND ( 'NONE', #722, .T. ) ;
#2098 = DIRECTION ( 'NONE',  ( 0.0000000000000000000, 0.0000000000000000000, -1.000000000000000000 ) ) ;
#2099 = DIRECTION ( 'NONE',  ( 0.0000000000000000000, -1.000000000000000000, 0.0000000000000000000 ) ) ;
#2100 = CARTESIAN_POINT ( 'NONE',  ( 0.0000000000000000000, -76.00000000000000000, 0.0000000000000000000 ) ) ;
#2101 = AXIS2_PLACEMENT_3D ( 'NONE', #2100, #2099, #2098 ) ;
#2102 = DIRECTION ( 'NONE',  ( 0.0000000000000000000, 0.0000000000000000000, 1.000000000000000000 ) ) ;
#2103 = DIRECTION ( 'NONE',  ( 0.0000000000000000000, 1.000000000000000000, 0.0000000000000000000 ) ) ;
#2104 = CARTESIAN_POINT ( 'NONE',  ( 0.0000000000000000000, -76.00000000000000000, 0.0000000000000000000 ) ) ;
#2105 = AXIS2_PLACEMENT_3D ( 'NONE', #2104, #2103, #2102 ) ;
#2106 = CIRCLE ( 'NONE', #2101, 1.899999999999999700 ) ;
#2107 = CYLINDRICAL_SURFACE ( 'NONE', #2105, 1.899999999999999700 ) ;
#2108 = FACE_OUTER_BOUND ( 'NONE', #715, .T. ) ;
#2109 = DIRECTION ( 'NONE',  ( 1.000000000000000000, 0.0000000000000000000, 0.0000000000000000000 ) ) ;
#2110 = DIRECTION ( 'NONE',  ( 0.0000000000000000000, 0.0000000000000000000, 1.000000000000000000 ) ) ;
#2111 = CARTESIAN_POINT ( 'NONE',  ( 1.388104573139976200, -13.26818135646622400, 3.900000000000001200 ) ) ;
#2112 = AXIS2_PLACEMENT_3D ( 'NONE', #2111, #2110, #2109 ) ;
#2113 = PLANE ( 'NONE',  #2112 ) ;
#2114 = FACE_OUTER_BOUND ( 'NONE', #766, .T. ) ;
#2115 = DIRECTION ( 'NONE',  ( 1.000000000000000000, 0.0000000000000000000, 0.0000000000000000000 ) ) ;
#2116 = DIRECTION ( 'NONE',  ( 0.0000000000000000000, 0.0000000000000000000, 1.000000000000000000 ) ) ;
#2117 = CARTESIAN_POINT ( 'NONE',  ( 0.0000000000000000000, -19.19999999999999900, 3.300000000000001200 ) ) ;
#2118 = AXIS2_PLACEMENT_3D ( 'NONE', #2117, #2116, #2115 ) ;
#2119 = PLANE ( 'NONE',  #2118 ) ;
#2120 = FACE_OUTER_BOUND ( 'NONE', #708, .T. ) ;
#2121 = DIRECTION ( 'NONE',  ( 1.000000000000000000, 0.0000000000000000000, 0.0000000000000000000 ) ) ;
#2122 = DIRECTION ( 'NONE',  ( 0.0000000000000000000, 0.0000000000000000000, 1.000000000000000000 ) ) ;
#2123 = AXIS2_PLACEMENT_3D ( 'NONE', #2060, #2122, #2121 ) ;
#2124 = CIRCLE ( 'NONE', #2123, 1.000000000000000200 ) ;
#2125 = FACE_OUTER_BOUND ( 'NONE', #737, .T. ) ;
#2126 = DIRECTION ( 'NONE',  ( 0.0000000000000000000, 1.000000000000000000, 0.0000000000000000000 ) ) ;
#2127 = VECTOR ( 'NONE', #2126, 1000.000000000000000 ) ;
#2128 = CARTESIAN_POINT ( 'NONE',  ( -3.500000000000001300, -38.25000000000000700, 1.250000000000000000 ) ) ;
#2129 = LINE ( 'NONE', #2128, #2127 ) ;
#2130 = DIRECTION ( 'NONE',  ( 0.0000000000000000000, 0.0000000000000000000, 1.000000000000000000 ) ) ;
#2131 = DIRECTION ( 'NONE',  ( 0.0000000000000000000, 1.000000000000000000, 0.0000000000000000000 ) ) ;
#2132 = CARTESIAN_POINT ( 'NONE',  ( -3.500000000000001300, -13.25000000000000200, 0.0000000000000000000 ) ) ;
#2133 = AXIS2_PLACEMENT_3D ( 'NONE', #2132, #2131, #2130 ) ;
#2134 = CIRCLE ( 'NONE', #2133, 1.250000000000000000 ) ;
#2135 = CARTESIAN_POINT ( 'NONE',  ( -9.999999999999994700, -8.750000000000000000, -2.250000000000000000 ) ) ;
#2136 = DIRECTION ( 'NONE',  ( 0.0000000000000000000, 0.0000000000000000000, -1.000000000000000000 ) ) ;
#2137 = VECTOR ( 'NONE', #2136, 1000.000000000000000 ) ;
#2138 = CARTESIAN_POINT ( 'NONE',  ( -9.999999999999994700, -8.750000000000000000, 2.250000000000000000 ) ) ;
#2139 = LINE ( 'NONE', #2138, #2137 ) ;
#2140 = CARTESIAN_POINT ( 'NONE',  ( -9.999999999999994700, -8.750000000000000000, 2.250000000000000000 ) ) ;
#2141 = DIRECTION ( 'NONE',  ( 1.000000000000000000, 0.0000000000000000000, 0.0000000000000000000 ) ) ;
#2142 = VECTOR ( 'NONE', #2141, 1000.000000000000000 ) ;
#2143 = CARTESIAN_POINT ( 'NONE',  ( -9.999999999999994700, -8.750000000000000000, 2.250000000000000000 ) ) ;
#2144 = LINE ( 'NONE', #2143, #2142 ) ;
#2145 = DIRECTION ( 'NONE',  ( 0.0000000000000000000, 0.0000000000000000000, -1.000000000000000000 ) ) ;
#2146 = DIRECTION ( 'NONE',  ( 0.0000000000000000000, -1.000000000000000000, 0.0000000000000000000 ) ) ;
#2147 = CARTESIAN_POINT ( 'NONE',  ( -9.999999999999998200, 5.750000000000000000, 2.250000000000000000 ) ) ;
#2148 = AXIS2_PLACEMENT_3D ( 'NONE', #2147, #2146, #2145 ) ;
#2149 = PLANE ( 'NONE',  #2148 ) ;
#2150 = FACE_OUTER_BOUND ( 'NONE', #727, .T. ) ;
#2151 = DIRECTION ( 'NONE',  ( 0.0000000000000000000, 0.0000000000000000000, 1.000000000000000000 ) ) ;
#2152 = DIRECTION ( 'NONE',  ( 0.0000000000000000000, 1.000000000000000000, 0.0000000000000000000 ) ) ;
#2153 = CARTESIAN_POINT ( 'NONE',  ( 1.500000000000000400, 25.00000000000000000, 0.0000000000000000000 ) ) ;
#2154 = AXIS2_PLACEMENT_3D ( 'NONE', #2153, #2152, #2151 ) ;
#2155 = PLANE ( 'NONE',  #2154 ) ;
#2156 = CARTESIAN_POINT ( 'NONE',  ( -9.349999999999999600, -6.999999999999999100, 2.250000000000000400 ) ) ;
#2157 = CIRCLE ( 'NONE', #2219, 1.100000000000000300 ) ;
#2158 = DIRECTION ( 'NONE',  ( 0.0000000000000000000, 0.0000000000000000000, 1.000000000000000000 ) ) ;
#2159 = VECTOR ( 'NONE', #2158, 1000.000000000000000 ) ;
#2160 = CARTESIAN_POINT ( 'NONE',  ( -9.349999999999999600, -6.999999999999999100, -2.250049999999999900 ) ) ;
#2161 = LINE ( 'NONE', #2160, #2159 ) ;
#2162 = DIRECTION ( 'NONE',  ( 0.0000000000000000000, 0.0000000000000000000, -1.000000000000000000 ) ) ;
#2163 = DIRECTION ( 'NONE',  ( 1.000000000000000000, 0.0000000000000000000, 0.0000000000000000000 ) ) ;
#2164 = CARTESIAN_POINT ( 'NONE',  ( 0.0000000000000000000, 0.0000000000000000000, 0.0000000000000000000 ) ) ;
#2165 = AXIS2_PLACEMENT_3D ( 'NONE', #2164, #2163, #2162 ) ;
#2166 = CIRCLE ( 'NONE', #2165, 1.000000000000000000 ) ;
#2167 = CARTESIAN_POINT ( 'NONE',  ( 0.0000000000000000000, -8.750000000000000000, 2.250000000000000000 ) ) ;
#2168 = DIRECTION ( 'NONE',  ( 0.0000000000000000000, 0.0000000000000000000, -1.000000000000000000 ) ) ;
#2169 = VECTOR ( 'NONE', #2168, 1000.000000000000000 ) ;
#2170 = CARTESIAN_POINT ( 'NONE',  ( 0.0000000000000000000, -8.750000000000000000, 2.250000000000000000 ) ) ;
#2171 = LINE ( 'NONE', #2170, #2169 ) ;
#2172 = CARTESIAN_POINT ( 'NONE',  ( 0.0000000000000000000, -8.750000000000000000, 1.950000000000000200 ) ) ;
#2173 = DIRECTION ( 'NONE',  ( -1.000000000000000000, 0.0000000000000000000, 0.0000000000000000000 ) ) ;
#2174 = VECTOR ( 'NONE', #2173, 1000.000000000000000 ) ;
#2175 = CARTESIAN_POINT ( 'NONE',  ( -7.000000000000000000, -8.750000000000000000, 1.950000000000000200 ) ) ;
#2176 = LINE ( 'NONE', #2175, #2174 ) ;
#2177 = CARTESIAN_POINT ( 'NONE',  ( -7.000000000000000000, -8.750000000000000000, -2.250000000000000000 ) ) ;
#2178 = CARTESIAN_POINT ( 'NONE',  ( -7.000000000000000000, -8.750000000000000000, 1.950000000000000200 ) ) ;
#2179 = DIRECTION ( 'NONE',  ( 0.0000000000000000000, 0.0000000000000000000, -1.000000000000000000 ) ) ;
#2180 = VECTOR ( 'NONE', #2179, 1000.000000000000000 ) ;
#2181 = CARTESIAN_POINT ( 'NONE',  ( -7.000000000000000000, -8.750000000000000000, 1.950000000000000200 ) ) ;
#2182 = LINE ( 'NONE', #2181, #2180 ) ;
#2183 = DIRECTION ( 'NONE',  ( 0.0000000000000000000, 0.0000000000000000000, 1.000000000000000000 ) ) ;
#2184 = DIRECTION ( 'NONE',  ( 0.0000000000000000000, 1.000000000000000000, 0.0000000000000000000 ) ) ;
#2185 = CARTESIAN_POINT ( 'NONE',  ( -9.999999999999994700, -8.750000000000000000, 2.250000000000000000 ) ) ;
#2186 = AXIS2_PLACEMENT_3D ( 'NONE', #2185, #2184, #2183 ) ;
#2187 = PLANE ( 'NONE',  #2186 ) ;
#2188 = LINE ( 'NONE', #2254, #2253 ) ;
#2189 = CARTESIAN_POINT ( 'NONE',  ( -3.500000000000001300, -38.25000000000000700, -1.250000000000000000 ) ) ;
#2190 = CARTESIAN_POINT ( 'NONE',  ( -3.500000000000001300, -38.25000000000000700, 1.250000000000000000 ) ) ;
#2191 = DIRECTION ( 'NONE',  ( 0.0000000000000000000, 0.0000000000000000000, 1.000000000000000000 ) ) ;
#2192 = DIRECTION ( 'NONE',  ( 0.0000000000000000000, 1.000000000000000000, 0.0000000000000000000 ) ) ;
#2193 = CARTESIAN_POINT ( 'NONE',  ( -3.500000000000001300, -38.25000000000000700, 0.0000000000000000000 ) ) ;
#2194 = AXIS2_PLACEMENT_3D ( 'NONE', #2193, #2192, #2191 ) ;
#2195 = CIRCLE ( 'NONE', #2194, 1.250000000000000000 ) ;
#2196 = CARTESIAN_POINT ( 'NONE',  ( 0.0000000000000000000, 0.0000000000000000000, -1.000000000000000000 ) ) ;
#2197 = CARTESIAN_POINT ( 'NONE',  ( -9.349999999999999600, 4.000000000000000000, 2.250000000000000400 ) ) ;
#2198 = CARTESIAN_POINT ( 'NONE',  ( -7.149999999999998600, 4.000000000000000000, -2.250000000000000000 ) ) ;
#2199 = CARTESIAN_POINT ( 'NONE',  ( -9.349999999999999600, 4.000000000000000000, -2.250000000000000000 ) ) ;
#2200 = DIRECTION ( 'NONE',  ( 1.000000000000000000, 0.0000000000000000000, 0.0000000000000000000 ) ) ;
#2201 = DIRECTION ( 'NONE',  ( 0.0000000000000000000, 0.0000000000000000000, 1.000000000000000000 ) ) ;
#2202 = AXIS2_PLACEMENT_3D ( 'NONE', #2209, #2201, #2200 ) ;
#2203 = CIRCLE ( 'NONE', #2202, 1.100000000000000300 ) ;
#2204 = DIRECTION ( 'NONE',  ( 1.000000000000000000, 0.0000000000000000000, 0.0000000000000000000 ) ) ;
#2205 = DIRECTION ( 'NONE',  ( 0.0000000000000000000, 0.0000000000000000000, 1.000000000000000000 ) ) ;
#2206 = CARTESIAN_POINT ( 'NONE',  ( -8.249999999999998200, 4.000000000000000000, -2.250049999999999900 ) ) ;
#2207 = AXIS2_PLACEMENT_3D ( 'NONE', #2206, #2205, #2204 ) ;
#2208 = CYLINDRICAL_SURFACE ( 'NONE', #2207, 1.100000000000000300 ) ;
#2209 = CARTESIAN_POINT ( 'NONE',  ( -8.249999999999998200, 4.000000000000000000, -2.250000000000000000 ) ) ;
#2210 = FACE_OUTER_BOUND ( 'NONE', #759, .T. ) ;
#2211 = DIRECTION ( 'NONE',  ( 0.0000000000000000000, 0.0000000000000000000, 1.000000000000000000 ) ) ;
#2212 = VECTOR ( 'NONE', #2211, 1000.000000000000000 ) ;
#2213 = CARTESIAN_POINT ( 'NONE',  ( -7.149999999999998600, -6.999999999999999100, -2.250049999999999900 ) ) ;
#2214 = LINE ( 'NONE', #2213, #2212 ) ;
#2215 = CARTESIAN_POINT ( 'NONE',  ( -7.149999999999998600, -6.999999999999999100, 2.250000000000000400 ) ) ;
#2216 = DIRECTION ( 'NONE',  ( 1.000000000000000000, 0.0000000000000000000, 0.0000000000000000000 ) ) ;
#2217 = DIRECTION ( 'NONE',  ( 0.0000000000000000000, 0.0000000000000000000, 1.000000000000000000 ) ) ;
#2218 = CARTESIAN_POINT ( 'NONE',  ( -8.249999999999998200, -6.999999999999999100, 2.250000000000000400 ) ) ;
#2219 = AXIS2_PLACEMENT_3D ( 'NONE', #2218, #2217, #2216 ) ;
#2220 = DIRECTION ( 'NONE',  ( -1.000000000000000000, 0.0000000000000000000, 0.0000000000000000000 ) ) ;
#2221 = CARTESIAN_POINT ( 'NONE',  ( 0.0000000000000000000, 5.750000000000000000, 2.250000000000000000 ) ) ;
#2222 = AXIS2_PLACEMENT_3D ( 'NONE', #2221, #2220, #2285 ) ;
#2223 = PLANE ( 'NONE',  #2222 ) ;
#2224 = FACE_OUTER_BOUND ( 'NONE', #797, .T. ) ;
#2225 = FACE_BOUND ( 'NONE', #793, .T. ) ;
#2226 = DIRECTION ( 'NONE',  ( 0.0000000000000000000, 0.0000000000000000000, -1.000000000000000000 ) ) ;
#2227 = VECTOR ( 'NONE', #2226, 1000.000000000000000 ) ;
#2228 = CARTESIAN_POINT ( 'NONE',  ( -9.999999999999998200, 5.750000000000000000, 2.250000000000000000 ) ) ;
#2229 = LINE ( 'NONE', #2228, #2227 ) ;
#2230 = CARTESIAN_POINT ( 'NONE',  ( -9.999999999999998200, 5.750000000000000000, 2.250000000000000000 ) ) ;
#2231 = DIRECTION ( 'NONE',  ( 2.392722035830079000E-016, -1.000000000000000000, 0.0000000000000000000 ) ) ;
#2232 = VECTOR ( 'NONE', #2231, 1000.000000000000000 ) ;
#2233 = CARTESIAN_POINT ( 'NONE',  ( -9.999999999999998200, 5.750000000000000000, 2.250000000000000000 ) ) ;
#2234 = LINE ( 'NONE', #2233, #2232 ) ;
#2235 = CARTESIAN_POINT ( 'NONE',  ( -9.999999999999998200, 5.750000000000000000, -2.250000000000000000 ) ) ;
#2236 = DIRECTION ( 'NONE',  ( 2.392722035830079000E-016, -1.000000000000000000, 0.0000000000000000000 ) ) ;
#2237 = VECTOR ( 'NONE', #2236, 1000.000000000000000 ) ;
#2238 = CARTESIAN_POINT ( 'NONE',  ( -9.999999999999998200, 5.750000000000000000, -2.250000000000000000 ) ) ;
#2239 = LINE ( 'NONE', #2238, #2237 ) ;
#2240 = DIRECTION ( 'NONE',  ( -2.392722035830079000E-016, 1.000000000000000000, 0.0000000000000000000 ) ) ;
#2241 = DIRECTION ( 'NONE',  ( 1.000000000000000000, 2.392722035830079000E-016, 0.0000000000000000000 ) ) ;
#2242 = CARTESIAN_POINT ( 'NONE',  ( -9.999999999999998200, 5.750000000000000000, 2.250000000000000000 ) ) ;
#2243 = AXIS2_PLACEMENT_3D ( 'NONE', #2242, #2241, #2240 ) ;
#2244 = PLANE ( 'NONE',  #2243 ) ;
#2245 = FACE_OUTER_BOUND ( 'NONE', #782, .T. ) ;
#2246 = DIRECTION ( 'NONE',  ( 1.000000000000000000, 0.0000000000000000000, 0.0000000000000000000 ) ) ;
#2247 = VECTOR ( 'NONE', #2246, 1000.000000000000000 ) ;
#2248 = CARTESIAN_POINT ( 'NONE',  ( -9.999999999999994700, -8.750000000000000000, -2.250000000000000000 ) ) ;
#2249 = LINE ( 'NONE', #2248, #2247 ) ;
#2250 = CARTESIAN_POINT ( 'NONE',  ( -3.500000000000001300, -13.25000000000000200, 1.250000000000000000 ) ) ;
#2251 = CARTESIAN_POINT ( 'NONE',  ( -3.500000000000001300, -13.25000000000000200, -1.250000000000000000 ) ) ;
#2252 = DIRECTION ( 'NONE',  ( 0.0000000000000000000, 1.000000000000000000, 0.0000000000000000000 ) ) ;
#2253 = VECTOR ( 'NONE', #2252, 1000.000000000000000 ) ;
#2254 = CARTESIAN_POINT ( 'NONE',  ( -3.500000000000001300, -38.25000000000000700, -1.250000000000000000 ) ) ;
#2255 = PERSON_AND_ORGANIZATION ( #2641, #2640 ) ;
#2256 = DIRECTION ( 'NONE',  ( 0.2588190451025250700, 0.9659258262890670900, 0.0000000000000000000 ) ) ;
#2257 = VECTOR ( 'NONE', #2256, 1000.000000000000200 ) ;
#2258 = CARTESIAN_POINT ( 'NONE',  ( 0.0000000000000000000, -8.750000000000000000, -2.250000000000000000 ) ) ;
#2259 = LINE ( 'NONE', #2258, #2257 ) ;
#2260 = CARTESIAN_POINT ( 'NONE',  ( -5.794228634059927600, -13.25000000000000200, -2.250000000000000000 ) ) ;
#2261 = DIRECTION ( 'NONE',  ( 0.0000000000000000000, 0.0000000000000000000, -1.000000000000000000 ) ) ;
#2262 = VECTOR ( 'NONE', #2261, 1000.000000000000000 ) ;
#2263 = CARTESIAN_POINT ( 'NONE',  ( 0.0000000000000000000, -8.750000000000000000, 1.950000000000000200 ) ) ;
#2264 = LINE ( 'NONE', #2263, #2262 ) ;
#2265 = DIRECTION ( 'NONE',  ( 0.0000000000000000000, 1.000000000000000000, 0.0000000000000000000 ) ) ;
#2266 = VECTOR ( 'NONE', #2265, 1000.000000000000000 ) ;
#2267 = CARTESIAN_POINT ( 'NONE',  ( 0.0000000000000000000, 5.750000000000000000, 2.250000000000000000 ) ) ;
#2268 = LINE ( 'NONE', #2267, #2266 ) ;
#2269 = CARTESIAN_POINT ( 'NONE',  ( 0.0000000000000000000, 5.750000000000000000, 2.250000000000000000 ) ) ;
#2270 = DIRECTION ( 'NONE',  ( 0.0000000000000000000, 0.0000000000000000000, -1.000000000000000000 ) ) ;
#2271 = VECTOR ( 'NONE', #2270, 1000.000000000000000 ) ;
#2272 = CARTESIAN_POINT ( 'NONE',  ( 0.0000000000000000000, 5.750000000000000000, 2.250000000000000000 ) ) ;
#2273 = LINE ( 'NONE', #2272, #2271 ) ;
#2274 = CARTESIAN_POINT ( 'NONE',  ( 0.0000000000000000000, 5.750000000000000000, -2.250000000000000000 ) ) ;
#2275 = CARTESIAN_POINT ( 'NONE',  ( 0.0000000000000000000, -8.750000000000000000, -2.250000000000000000 ) ) ;
#2276 = DIRECTION ( 'NONE',  ( 0.0000000000000000000, 1.000000000000000000, 0.0000000000000000000 ) ) ;
#2277 = VECTOR ( 'NONE', #2276, 1000.000000000000000 ) ;
#2278 = CARTESIAN_POINT ( 'NONE',  ( 0.0000000000000000000, 5.750000000000000000, -2.250000000000000000 ) ) ;
#2279 = LINE ( 'NONE', #2278, #2277 ) ;
#2280 = DIRECTION ( 'NONE',  ( 0.0000000000000000000, 0.0000000000000000000, -1.000000000000000000 ) ) ;
#2281 = DIRECTION ( 'NONE',  ( 1.000000000000000000, 0.0000000000000000000, 0.0000000000000000000 ) ) ;
#2282 = CARTESIAN_POINT ( 'NONE',  ( 0.0000000000000000000, 0.0000000000000000000, 0.0000000000000000000 ) ) ;
#2283 = AXIS2_PLACEMENT_3D ( 'NONE', #2282, #2281, #2280 ) ;
#2284 = CIRCLE ( 'NONE', #2283, 1.000000000000000000 ) ;
#2285 = DIRECTION ( 'NONE',  ( 0.0000000000000000000, 0.0000000000000000000, 1.000000000000000000 ) ) ;
#2286 = FACE_OUTER_BOUND ( 'NONE', #841, .T. ) ;
#2287 = FACE_BOUND ( 'NONE', #837, .T. ) ;
#2288 = FACE_BOUND ( 'NONE', #830, .T. ) ;
#2289 = DIRECTION ( 'NONE',  ( 1.000000000000000000, 0.0000000000000000000, 0.0000000000000000000 ) ) ;
#2290 = DIRECTION ( 'NONE',  ( 0.0000000000000000000, 0.0000000000000000000, 1.000000000000000000 ) ) ;
#2291 = CARTESIAN_POINT ( 'NONE',  ( -8.249999999999998200, 4.000000000000000000, 2.250000000000000400 ) ) ;
#2292 = AXIS2_PLACEMENT_3D ( 'NONE', #2291, #2290, #2289 ) ;
#2293 = CIRCLE ( 'NONE', #2292, 1.100000000000000300 ) ;
#2294 = DIRECTION ( 'NONE',  ( -1.000000000000000000, 0.0000000000000000000, 0.0000000000000000000 ) ) ;
#2295 = VECTOR ( 'NONE', #2294, 1000.000000000000000 ) ;
#2296 = CARTESIAN_POINT ( 'NONE',  ( -9.999999999999998200, 5.750000000000000000, -2.250000000000000000 ) ) ;
#2297 = LINE ( 'NONE', #2296, #2295 ) ;
#2298 = DIRECTION ( 'NONE',  ( -1.000000000000000000, 0.0000000000000000000, 0.0000000000000000000 ) ) ;
#2299 = VECTOR ( 'NONE', #2298, 1000.000000000000000 ) ;
#2300 = CARTESIAN_POINT ( 'NONE',  ( -9.999999999999998200, 5.750000000000000000, 2.250000000000000000 ) ) ;
#2301 = LINE ( 'NONE', #2300, #2299 ) ;
#2302 = DIRECTION ( 'NONE',  ( 1.000000000000000000, 0.0000000000000000000, 0.0000000000000000000 ) ) ;
#2303 = DIRECTION ( 'NONE',  ( 0.0000000000000000000, 0.0000000000000000000, 1.000000000000000000 ) ) ;
#2304 = CARTESIAN_POINT ( 'NONE',  ( -8.249999999999998200, 4.000000000000000000, -2.250000000000000000 ) ) ;
#2305 = AXIS2_PLACEMENT_3D ( 'NONE', #2304, #2303, #2302 ) ;
#2306 = CIRCLE ( 'NONE', #2305, 1.100000000000000300 ) ;
#2307 = DIRECTION ( 'NONE',  ( 1.000000000000000000, 0.0000000000000000000, 0.0000000000000000000 ) ) ;
#2308 = DIRECTION ( 'NONE',  ( 0.0000000000000000000, 0.0000000000000000000, 1.000000000000000000 ) ) ;
#2309 = CARTESIAN_POINT ( 'NONE',  ( -8.249999999999998200, -6.999999999999999100, -2.250000000000000000 ) ) ;
#2310 = AXIS2_PLACEMENT_3D ( 'NONE', #2309, #2308, #2307 ) ;
#2311 = CIRCLE ( 'NONE', #2310, 1.100000000000000300 ) ;
#2312 = DIRECTION ( 'NONE',  ( 1.000000000000000000, 0.0000000000000000000, 0.0000000000000000000 ) ) ;
#2313 = DIRECTION ( 'NONE',  ( 0.0000000000000000000, 0.0000000000000000000, 1.000000000000000000 ) ) ;
#2314 = CARTESIAN_POINT ( 'NONE',  ( -9.999999999999994700, -8.750000000000000000, -2.250000000000000000 ) ) ;
#2315 = AXIS2_PLACEMENT_3D ( 'NONE', #2314, #2313, #2312 ) ;
#2316 = PLANE ( 'NONE',  #2315 ) ;
#2317 = FACE_OUTER_BOUND ( 'NONE', #828, .T. ) ;
#2318 = FACE_BOUND ( 'NONE', #825, .T. ) ;
#2319 = FACE_BOUND ( 'NONE', #821, .T. ) ;
#2320 = CARTESIAN_POINT ( 'NONE',  ( -8.249999999999998200, 4.000000000000000000, -2.250049999999999900 ) ) ;
#2321 = DIRECTION ( 'NONE',  ( 0.0000000000000000000, 0.0000000000000000000, -1.000000000000000000 ) ) ;
#2322 = DIRECTION ( 'NONE',  ( 1.000000000000000000, 0.0000000000000000000, 0.0000000000000000000 ) ) ;
#2323 = CARTESIAN_POINT ( 'NONE',  ( -0.1000000000000000100, 0.0000000000000000000, 0.0000000000000000000 ) ) ;
#2324 = AXIS2_PLACEMENT_3D ( 'NONE', #2323, #2322, #2321 ) ;
#2325 = PLANE ( 'NONE',  #2324 ) ;
#2326 = FACE_OUTER_BOUND ( 'NONE', #860, .T. ) ;
#2327 = FACE_OUTER_BOUND ( 'NONE', #901, .T. ) ;
#2328 = DIRECTION ( 'NONE',  ( 0.0000000000000000000, 0.0000000000000000000, 1.000000000000000000 ) ) ;
#2329 = DIRECTION ( 'NONE',  ( 0.0000000000000000000, 1.000000000000000000, 0.0000000000000000000 ) ) ;
#2330 = AXIS2_PLACEMENT_3D ( 'NONE', #2336, #2329, #2328 ) ;
#2331 = CIRCLE ( 'NONE', #2330, 1.250000000000000000 ) ;
#2332 = DIRECTION ( 'NONE',  ( 0.0000000000000000000, 0.0000000000000000000, 1.000000000000000000 ) ) ;
#2333 = DIRECTION ( 'NONE',  ( 0.0000000000000000000, 1.000000000000000000, 0.0000000000000000000 ) ) ;
#2334 = CARTESIAN_POINT ( 'NONE',  ( -3.500000000000001300, -38.25000000000000700, 0.0000000000000000000 ) ) ;
#2335 = AXIS2_PLACEMENT_3D ( 'NONE', #2334, #2333, #2332 ) ;
#2336 = CARTESIAN_POINT ( 'NONE',  ( -3.500000000000001300, -13.25000000000000200, 0.0000000000000000000 ) ) ;
#2337 = CYLINDRICAL_SURFACE ( 'NONE', #2335, 1.250000000000000000 ) ;
#2338 = FACE_OUTER_BOUND ( 'NONE', #767, .T. ) ;
#2339 = DIRECTION ( 'NONE',  ( 1.000000000000000000, 0.0000000000000000000, 0.0000000000000000000 ) ) ;
#2340 = VECTOR ( 'NONE', #2339, 1000.000000000000000 ) ;
#2341 = CARTESIAN_POINT ( 'NONE',  ( -0.1000000000000000100, 0.0000000000000000000, -1.000000000000000000 ) ) ;
#2342 = LINE ( 'NONE', #2341, #2340 ) ;
#2343 = DIRECTION ( 'NONE',  ( 1.000000000000000000, 0.0000000000000000000, 0.0000000000000000000 ) ) ;
#2344 = DIRECTION ( 'NONE',  ( 0.0000000000000000000, 0.0000000000000000000, 1.000000000000000000 ) ) ;
#2345 = CARTESIAN_POINT ( 'NONE',  ( -8.249999999999998200, -6.999999999999999100, 2.250000000000000400 ) ) ;
#2346 = AXIS2_PLACEMENT_3D ( 'NONE', #2345, #2344, #2343 ) ;
#2347 = CIRCLE ( 'NONE', #2346, 1.100000000000000300 ) ;
#2348 = DIRECTION ( 'NONE',  ( 1.000000000000000000, 0.0000000000000000000, 0.0000000000000000000 ) ) ;
#2349 = DIRECTION ( 'NONE',  ( 0.0000000000000000000, 0.0000000000000000000, 1.000000000000000000 ) ) ;
#2350 = CARTESIAN_POINT ( 'NONE',  ( -9.999999999999994700, -8.750000000000000000, 2.250000000000000000 ) ) ;
#2351 = AXIS2_PLACEMENT_3D ( 'NONE', #2350, #2349, #2348 ) ;
#2352 = PLANE ( 'NONE',  #2351 ) ;
#2353 = CARTESIAN_POINT ( 'NONE',  ( -1.205771365940073700, -13.25000000000000200, -2.250000000000000000 ) ) ;
#2354 = DIRECTION ( 'NONE',  ( 0.0000000000000000000, 0.0000000000000000000, 1.000000000000000000 ) ) ;
#2355 = DIRECTION ( 'NONE',  ( 0.0000000000000000000, 1.000000000000000000, 0.0000000000000000000 ) ) ;
#2356 = AXIS2_PLACEMENT_3D ( 'NONE', #2362, #2355, #2354 ) ;
#2357 = CIRCLE ( 'NONE', #2356, 1.250000000000000000 ) ;
#2358 = DIRECTION ( 'NONE',  ( 0.0000000000000000000, 0.0000000000000000000, 1.000000000000000000 ) ) ;
#2359 = DIRECTION ( 'NONE',  ( 0.0000000000000000000, 1.000000000000000000, 0.0000000000000000000 ) ) ;
#2360 = CARTESIAN_POINT ( 'NONE',  ( -3.500000000000001300, -38.25000000000000700, 0.0000000000000000000 ) ) ;
#2361 = AXIS2_PLACEMENT_3D ( 'NONE', #2360, #2359, #2358 ) ;
#2362 = CARTESIAN_POINT ( 'NONE',  ( -3.500000000000001300, -38.25000000000000700, 0.0000000000000000000 ) ) ;
#2363 = CYLINDRICAL_SURFACE ( 'NONE', #2361, 1.250000000000000000 ) ;
#2364 = FACE_OUTER_BOUND ( 'NONE', #874, .T. ) ;
#2365 = DIRECTION ( 'NONE',  ( 1.000000000000000000, 0.0000000000000000000, 0.0000000000000000000 ) ) ;
#2366 = DIRECTION ( 'NONE',  ( 0.0000000000000000000, 0.0000000000000000000, 1.000000000000000000 ) ) ;
#2367 = CARTESIAN_POINT ( 'NONE',  ( -7.000000000000000000, -8.750000000000000000, 1.950000000000000200 ) ) ;
#2368 = AXIS2_PLACEMENT_3D ( 'NONE', #2367, #2366, #2365 ) ;
#2369 = PLANE ( 'NONE',  #2368 ) ;
#2370 = FACE_OUTER_BOUND ( 'NONE', #914, .T. ) ;
#2371 = DIRECTION ( 'NONE',  ( 0.2588190451025250700, 0.9659258262890670900, 0.0000000000000000000 ) ) ;
#2372 = VECTOR ( 'NONE', #2371, 1000.000000000000200 ) ;
#2373 = CARTESIAN_POINT ( 'NONE',  ( 0.0000000000000000000, -8.750000000000000000, 1.950000000000000200 ) ) ;
#2374 = DIRECTION ( 'NONE',  ( 1.000000000000000000, 0.0000000000000000000, 0.0000000000000000000 ) ) ;
#2375 = DIRECTION ( 'NONE',  ( 0.0000000000000000000, 0.0000000000000000000, 1.000000000000000000 ) ) ;
#2376 = CARTESIAN_POINT ( 'NONE',  ( -8.249999999999998200, -6.999999999999999100, -2.250049999999999900 ) ) ;
#2377 = AXIS2_PLACEMENT_3D ( 'NONE', #2376, #2375, #2374 ) ;
#2378 = LINE ( 'NONE', #2373, #2372 ) ;
#2379 = CYLINDRICAL_SURFACE ( 'NONE', #2377, 1.100000000000000300 ) ;
#2380 = DIRECTION ( 'NONE',  ( 1.000000000000000000, 0.0000000000000000000, 0.0000000000000000000 ) ) ;
#2381 = DIRECTION ( 'NONE',  ( 0.0000000000000000000, 0.0000000000000000000, 1.000000000000000000 ) ) ;
#2382 = AXIS2_PLACEMENT_3D ( 'NONE', #2320, #2381, #2380 ) ;
#2383 = CYLINDRICAL_SURFACE ( 'NONE', #2382, 1.100000000000000300 ) ;
#2384 = FACE_OUTER_BOUND ( 'NONE', #866, .T. ) ;
#2385 = CARTESIAN_POINT ( 'NONE',  ( -1.205771365940073700, -13.25000000000000200, 1.950000000000000200 ) ) ;
#2386 = LINE ( 'NONE', #2385, #2452 ) ;
#2387 = DIRECTION ( 'NONE',  ( 0.0000000000000000000, 0.0000000000000000000, -1.000000000000000000 ) ) ;
#2388 = DIRECTION ( 'NONE',  ( 1.000000000000000000, 0.0000000000000000000, 0.0000000000000000000 ) ) ;
#2389 = AXIS2_PLACEMENT_3D ( 'NONE', #2395, #2388, #2387 ) ;
#2390 = CIRCLE ( 'NONE', #2389, 1.000000000000000000 ) ;
#2391 = DIRECTION ( 'NONE',  ( 0.0000000000000000000, 0.0000000000000000000, -1.000000000000000000 ) ) ;
#2392 = DIRECTION ( 'NONE',  ( 1.000000000000000000, 0.0000000000000000000, 0.0000000000000000000 ) ) ;
#2393 = CARTESIAN_POINT ( 'NONE',  ( -0.1000000000000000100, 0.0000000000000000000, 0.0000000000000000000 ) ) ;
#2394 = AXIS2_PLACEMENT_3D ( 'NONE', #2393, #2392, #2391 ) ;
#2395 = CARTESIAN_POINT ( 'NONE',  ( -0.1000000000000000100, 0.0000000000000000000, 0.0000000000000000000 ) ) ;
#2396 = CYLINDRICAL_SURFACE ( 'NONE', #2394, 1.000000000000000000 ) ;
#2397 = FACE_OUTER_BOUND ( 'NONE', #896, .T. ) ;
#2398 = DIRECTION ( 'NONE',  ( 0.0000000000000000000, 0.0000000000000000000, 1.000000000000000000 ) ) ;
#2399 = DIRECTION ( 'NONE',  ( 0.0000000000000000000, 1.000000000000000000, 0.0000000000000000000 ) ) ;
#2400 = CARTESIAN_POINT ( 'NONE',  ( -3.500000000000001300, -38.25000000000000700, 0.0000000000000000000 ) ) ;
#2401 = AXIS2_PLACEMENT_3D ( 'NONE', #2400, #2399, #2398 ) ;
#2402 = PLANE ( 'NONE',  #2401 ) ;
#2403 = FACE_OUTER_BOUND ( 'NONE', #892, .T. ) ;
#2404 = DIRECTION ( 'NONE',  ( -0.2588190451025249600, 0.9659258262890670900, 0.0000000000000000000 ) ) ;
#2405 = DIRECTION ( 'NONE',  ( 0.9659258262890672000, 0.2588190451025250100, 0.0000000000000000000 ) ) ;
#2406 = CARTESIAN_POINT ( 'NONE',  ( -5.794228634059927600, -13.25000000000000200, 1.950000000000000200 ) ) ;
#2407 = AXIS2_PLACEMENT_3D ( 'NONE', #2406, #2405, #2404 ) ;
#2408 = PLANE ( 'NONE',  #2407 ) ;
#2409 = FACE_OUTER_BOUND ( 'NONE', #885, .T. ) ;
#2410 = DIRECTION ( 'NONE',  ( 0.2588190451025249000, -0.9659258262890670900, 0.0000000000000000000 ) ) ;
#2411 = VECTOR ( 'NONE', #2410, 1000.000000000000200 ) ;
#2412 = CARTESIAN_POINT ( 'NONE',  ( -5.794228634059927600, -13.25000000000000200, -2.250000000000000000 ) ) ;
#2413 = LINE ( 'NONE', #2412, #2411 ) ;
#2414 = DIRECTION ( 'NONE',  ( 1.000000000000000000, 0.0000000000000000000, 0.0000000000000000000 ) ) ;
#2415 = VECTOR ( 'NONE', #2414, 1000.000000000000000 ) ;
#2416 = CARTESIAN_POINT ( 'NONE',  ( -1.205771365940073700, -13.25000000000000200, -2.250000000000000000 ) ) ;
#2417 = LINE ( 'NONE', #2416, #2415 ) ;
#2418 = DIRECTION ( 'NONE',  ( -1.000000000000000000, 0.0000000000000000000, 0.0000000000000000000 ) ) ;
#2419 = CARTESIAN_POINT ( 'NONE',  ( 0.1000000000000000100, 0.0000000000000000000, 0.0000000000000000000 ) ) ;
#2420 = AXIS2_PLACEMENT_3D ( 'NONE', #2419, #2418, #2479 ) ;
#2421 = FACE_OUTER_BOUND ( 'NONE', #965, .T. ) ;
#2422 = CYLINDRICAL_SURFACE ( 'NONE', #2420, 1.000000000000000000 ) ;
#2423 = FACE_OUTER_BOUND ( 'NONE', #959, .T. ) ;
#2424 = DIRECTION ( 'NONE',  ( 0.0000000000000000000, 0.0000000000000000000, 1.000000000000000000 ) ) ;
#2425 = DIRECTION ( 'NONE',  ( 0.0000000000000000000, 1.000000000000000000, 0.0000000000000000000 ) ) ;
#2426 = CARTESIAN_POINT ( 'NONE',  ( -1.205771365940073700, -13.25000000000000200, 1.950000000000000200 ) ) ;
#2427 = AXIS2_PLACEMENT_3D ( 'NONE', #2426, #2425, #2424 ) ;
#2428 = PLANE ( 'NONE',  #2427 ) ;
#2429 = FACE_OUTER_BOUND ( 'NONE', #853, .T. ) ;
#2430 = FACE_BOUND ( 'NONE', #849, .T. ) ;
#2431 = DIRECTION ( 'NONE',  ( 0.2588190451025249000, -0.9659258262890670900, 0.0000000000000000000 ) ) ;
#2432 = VECTOR ( 'NONE', #2431, 1000.000000000000200 ) ;
#2433 = CARTESIAN_POINT ( 'NONE',  ( -5.794228634059927600, -13.25000000000000200, 1.950000000000000200 ) ) ;
#2434 = LINE ( 'NONE', #2433, #2432 ) ;
#2435 = CARTESIAN_POINT ( 'NONE',  ( -5.794228634059927600, -13.25000000000000200, 1.950000000000000200 ) ) ;
#2436 = DIRECTION ( 'NONE',  ( 0.0000000000000000000, 0.0000000000000000000, -1.000000000000000000 ) ) ;
#2437 = VECTOR ( 'NONE', #2436, 1000.000000000000000 ) ;
#2438 = CARTESIAN_POINT ( 'NONE',  ( -5.794228634059927600, -13.25000000000000200, 1.950000000000000200 ) ) ;
#2439 = LINE ( 'NONE', #2438, #2437 ) ;
#2440 = DIRECTION ( 'NONE',  ( -0.2588190451025251200, -0.9659258262890670900, 0.0000000000000000000 ) ) ;
#2441 = DIRECTION ( 'NONE',  ( -0.9659258262890672000, 0.2588190451025251800, 0.0000000000000000000 ) ) ;
#2442 = CARTESIAN_POINT ( 'NONE',  ( 0.0000000000000000000, -8.750000000000000000, 1.950000000000000200 ) ) ;
#2443 = AXIS2_PLACEMENT_3D ( 'NONE', #2442, #2441, #2440 ) ;
#2444 = PLANE ( 'NONE',  #2443 ) ;
#2445 = FACE_OUTER_BOUND ( 'NONE', #909, .T. ) ;
#2446 = DIRECTION ( 'NONE',  ( 1.000000000000000000, 0.0000000000000000000, 0.0000000000000000000 ) ) ;
#2447 = VECTOR ( 'NONE', #2446, 1000.000000000000000 ) ;
#2448 = CARTESIAN_POINT ( 'NONE',  ( -1.205771365940073700, -13.25000000000000200, 1.950000000000000200 ) ) ;
#2449 = LINE ( 'NONE', #2448, #2447 ) ;
#2450 = CARTESIAN_POINT ( 'NONE',  ( -1.205771365940073700, -13.25000000000000200, 1.950000000000000200 ) ) ;
#2451 = DIRECTION ( 'NONE',  ( 0.0000000000000000000, 0.0000000000000000000, -1.000000000000000000 ) ) ;
#2452 = VECTOR ( 'NONE', #2451, 1000.000000000000000 ) ;
#2453 =( LENGTH_UNIT ( ) NAMED_UNIT ( * ) SI_UNIT ( .MILLI., .METRE. ) );
#2454 = SECURITY_CLASSIFICATION_LEVEL ( 'unclassified' ) ;
#2455 = DIRECTION ( 'NONE',  ( 0.0000000000000000000, 0.0000000000000000000, 1.000000000000000000 ) ) ;
#2456 = VECTOR ( 'NONE', #2455, 1000.000000000000000 ) ;
#2457 = CARTESIAN_POINT ( 'NONE',  ( 5.799999999999999800, 4.949999999999999300, 2.149999999999999900 ) ) ;
#2458 = LINE ( 'NONE', #2457, #2456 ) ;
#2459 = DIRECTION ( 'NONE',  ( 0.0000000000000000000, 0.0000000000000000000, -1.000000000000000000 ) ) ;
#2460 = DIRECTION ( 'NONE',  ( 0.0000000000000000000, -1.000000000000000000, 0.0000000000000000000 ) ) ;
#2461 = CARTESIAN_POINT ( 'NONE',  ( 3.800000000000000300, 4.949999999999999300, 2.149999999999999900 ) ) ;
#2462 = AXIS2_PLACEMENT_3D ( 'NONE', #2461, #2460, #2459 ) ;
#2463 = PLANE ( 'NONE',  #2462 ) ;
#2464 = FACE_OUTER_BOUND ( 'NONE', #338, .T. ) ;
#2465 = DIRECTION ( 'NONE',  ( 0.0000000000000000000, 0.0000000000000000000, -1.000000000000000000 ) ) ;
#2466 = DIRECTION ( 'NONE',  ( 1.000000000000000000, 0.0000000000000000000, 0.0000000000000000000 ) ) ;
#2467 = CARTESIAN_POINT ( 'NONE',  ( 0.1000000000000000100, 0.0000000000000000000, 0.0000000000000000000 ) ) ;
#2468 = AXIS2_PLACEMENT_3D ( 'NONE', #2467, #2466, #2465 ) ;
#2469 = CIRCLE ( 'NONE', #2468, 1.000000000000000000 ) ;
#2470 = DIRECTION ( 'NONE',  ( 1.000000000000000000, 0.0000000000000000000, 0.0000000000000000000 ) ) ;
#2471 = VECTOR ( 'NONE', #2470, 1000.000000000000000 ) ;
#2472 = CARTESIAN_POINT ( 'NONE',  ( 3.800000000000000300, 4.949999999999999300, 2.149999999999999900 ) ) ;
#2473 = LINE ( 'NONE', #2472, #2471 ) ;
#2474 = DIRECTION ( 'NONE',  ( 1.000000000000000000, 0.0000000000000000000, 0.0000000000000000000 ) ) ;
#2475 = DIRECTION ( 'NONE',  ( 0.0000000000000000000, 0.0000000000000000000, 1.000000000000000000 ) ) ;
#2476 = CARTESIAN_POINT ( 'NONE',  ( 3.800000000000000300, 4.949999999999999300, 2.149999999999999900 ) ) ;
#2477 = AXIS2_PLACEMENT_3D ( 'NONE', #2476, #2475, #2474 ) ;
#2478 = PLANE ( 'NONE',  #2477 ) ;
#2479 = DIRECTION ( 'NONE',  ( 0.0000000000000000000, 0.0000000000000000000, 1.000000000000000000 ) ) ;
#2480 = UNCERTAINTY_MEASURE_WITH_UNIT (LENGTH_MEASURE( 1.000000000000000100E-005 ), #2483, 'distance_accuracy_value', 'NONE');
#2481 =( NAMED_UNIT ( * ) SI_UNIT ( $, .STERADIAN. ) SOLID_ANGLE_UNIT ( ) );
#2482 =( NAMED_UNIT ( * ) PLANE_ANGLE_UNIT ( ) SI_UNIT ( $, .RADIAN. ) );
#2483 =( LENGTH_UNIT ( ) NAMED_UNIT ( * ) SI_UNIT ( .MILLI., .METRE. ) );
#2484 = PERSON_AND_ORGANIZATION ( #2641, #2640 ) ;
#2485 = SECURITY_CLASSIFICATION ( '', '', #2454 ) ;
#2486 = PERSON_AND_ORGANIZATION_ROLE ( 'design_supplier' ) ;
#2487 = SHAPE_REPRESENTATION_RELATIONSHIP ( 'NONE' , 'NONE' ,  #2488, #2493 ) ;
#2488 = SHAPE_REPRESENTATION ( 'EX-15E_switch_√ﬁÃ´Ÿƒ', ( #2492 ), #2494 ) ;
#2489 = DIRECTION ( 'NONE',  ( 1.000000000000000000, 0.0000000000000000000, 0.0000000000000000000 ) ) ;
#2490 = DIRECTION ( 'NONE',  ( 0.0000000000000000000, 0.0000000000000000000, 1.000000000000000000 ) ) ;
#2491 = CARTESIAN_POINT ( 'NONE',  ( 0.0000000000000000000, 0.0000000000000000000, 0.0000000000000000000 ) ) ;
#2492 = AXIS2_PLACEMENT_3D ( 'NONE', #2491, #2490, #2489 ) ;
#2493 = ADVANCED_BREP_SHAPE_REPRESENTATION ( '', ( #342, #2492 ), #2494 ) ;
#2494 =( GEOMETRIC_REPRESENTATION_CONTEXT ( 3 ) GLOBAL_UNCERTAINTY_ASSIGNED_CONTEXT ( ( #2495 ) ) GLOBAL_UNIT_ASSIGNED_CONTEXT ( ( #2453, #2497, #2496 ) ) REPRESENTATION_CONTEXT ( 'NONE', 'WORKASPACE' ) );
#2495 = UNCERTAINTY_MEASURE_WITH_UNIT (LENGTH_MEASURE( 1.000000000000000100E-005 ), #2453, 'distance_accuracy_value', 'NONE');
#2496 =( NAMED_UNIT ( * ) SI_UNIT ( $, .STERADIAN. ) SOLID_ANGLE_UNIT ( ) );
#2497 =( NAMED_UNIT ( * ) PLANE_ANGLE_UNIT ( ) SI_UNIT ( $, .RADIAN. ) );
#2498 = CC_DESIGN_PERSON_AND_ORGANIZATION_ASSIGNMENT ( #2484, #2499, ( #2485 ) ) ;
#2499 = PERSON_AND_ORGANIZATION_ROLE ( 'classification_officer' ) ;
#2500 = SHAPE_REPRESENTATION_RELATIONSHIP ( 'NONE' , 'NONE' ,  #2501, #2502 ) ;
#2501 = SHAPE_REPRESENTATION ( 'EX-15EP_√ﬁÃ´Ÿƒ', ( #2492 ), #2503 ) ;
#2502 = ADVANCED_BREP_SHAPE_REPRESENTATION ( '', ( #676, #2492 ), #2503 ) ;
#2503 =( GEOMETRIC_REPRESENTATION_CONTEXT ( 3 ) GLOBAL_UNCERTAINTY_ASSIGNED_CONTEXT ( ( #2504 ) ) GLOBAL_UNIT_ASSIGNED_CONTEXT ( ( #2507, #2506, #2505 ) ) REPRESENTATION_CONTEXT ( 'NONE', 'WORKASPACE' ) );
#2504 = UNCERTAINTY_MEASURE_WITH_UNIT (LENGTH_MEASURE( 1.000000000000000100E-005 ), #2507, 'distance_accuracy_value', 'NONE');
#2505 =( NAMED_UNIT ( * ) SI_UNIT ( $, .STERADIAN. ) SOLID_ANGLE_UNIT ( ) );
#2506 =( NAMED_UNIT ( * ) PLANE_ANGLE_UNIT ( ) SI_UNIT ( $, .RADIAN. ) );
#2507 =( LENGTH_UNIT ( ) NAMED_UNIT ( * ) SI_UNIT ( .MILLI., .METRE. ) );
#2508 = CC_DESIGN_PERSON_AND_ORGANIZATION_ASSIGNMENT ( #2255, #2486, ( #2779 ) ) ;
#2509 = SHAPE_REPRESENTATION_RELATIONSHIP ( 'NONE' , 'NONE' ,  #2510, #2511 ) ;
#2510 = SHAPE_REPRESENTATION ( 'EX-15ED_√ﬁÃ´Ÿƒ', ( #2492 ), #2512 ) ;
#2511 = ADVANCED_BREP_SHAPE_REPRESENTATION ( '', ( #61, #2492 ), #2512 ) ;
#2512 =( GEOMETRIC_REPRESENTATION_CONTEXT ( 3 ) GLOBAL_UNCERTAINTY_ASSIGNED_CONTEXT ( ( #2480 ) ) GLOBAL_UNIT_ASSIGNED_CONTEXT ( ( #2483, #2482, #2481 ) ) REPRESENTATION_CONTEXT ( 'NONE', 'WORKASPACE' ) );
#2513 = SHAPE_DEFINITION_REPRESENTATION ( #2720, #2538 ) ;
#2514 = DIRECTION ( 'NONE',  ( 1.000000000000000000, 0.0000000000000000000, 0.0000000000000000000 ) ) ;
#2515 = DIRECTION ( 'NONE',  ( 0.0000000000000000000, 0.0000000000000000000, 1.000000000000000000 ) ) ;
#2516 = AXIS2_PLACEMENT_3D ( 'NONE', #2539, #2515, #2514 ) ;
#2517 =( GEOMETRIC_REPRESENTATION_CONTEXT ( 3 ) GLOBAL_UNCERTAINTY_ASSIGNED_CONTEXT ( ( #2518 ) ) GLOBAL_UNIT_ASSIGNED_CONTEXT ( ( #2521, #2520, #2519 ) ) REPRESENTATION_CONTEXT ( 'NONE', 'WORKASPACE' ) );
#2518 = UNCERTAINTY_MEASURE_WITH_UNIT (LENGTH_MEASURE( 1.000000000000000100E-005 ), #2521, 'distance_accuracy_value', 'NONE');
#2519 =( NAMED_UNIT ( * ) SI_UNIT ( $, .STERADIAN. ) SOLID_ANGLE_UNIT ( ) );
#2520 =( NAMED_UNIT ( * ) PLANE_ANGLE_UNIT ( ) SI_UNIT ( $, .RADIAN. ) );
#2521 =( LENGTH_UNIT ( ) NAMED_UNIT ( * ) SI_UNIT ( .MILLI., .METRE. ) );
#2522 = DIRECTION ( 'NONE',  ( 0.0000000000000000000, 0.0000000000000000000, -1.000000000000000000 ) ) ;
#2523 = DIRECTION ( 'NONE',  ( 1.000000000000000000, 0.0000000000000000000, 0.0000000000000000000 ) ) ;
#2524 = CARTESIAN_POINT ( 'NONE',  ( 0.0000000000000000000, -70.00000000000000000, 0.0000000000000000000 ) ) ;
#2525 = AXIS2_PLACEMENT_3D ( 'NONE', #2524, #2523, #2522 ) ;
#2526 = DIRECTION ( 'NONE',  ( -1.224606353822377300E-016, 0.0000000000000000000, -1.000000000000000000 ) ) ;
#2527 = DIRECTION ( 'NONE',  ( 1.000000000000000000, 0.0000000000000000000, -1.224606353822377300E-016 ) ) ;
#2528 = CARTESIAN_POINT ( 'NONE',  ( 0.0000000000000000000, 0.0000000000000000000, 50.00000000000000000 ) ) ;
#2529 = AXIS2_PLACEMENT_3D ( 'NONE', #2528, #2527, #2526 ) ;
#2530 = DIRECTION ( 'NONE',  ( -1.224606353822377300E-016, 0.0000000000000000000, -1.000000000000000000 ) ) ;
#2531 = DIRECTION ( 'NONE',  ( 1.000000000000000000, 0.0000000000000000000, -1.224606353822377300E-016 ) ) ;
#2532 = CARTESIAN_POINT ( 'NONE',  ( 0.0000000000000000000, 0.0000000000000000000, -50.00000000000000000 ) ) ;
#2533 = AXIS2_PLACEMENT_3D ( 'NONE', #2532, #2531, #2530 ) ;
#2534 = DIRECTION ( 'NONE',  ( 1.000000000000000000, 0.0000000000000000000, 0.0000000000000000000 ) ) ;
#2535 = DIRECTION ( 'NONE',  ( 0.0000000000000000000, 0.0000000000000000000, 1.000000000000000000 ) ) ;
#2536 = CARTESIAN_POINT ( 'NONE',  ( 0.0000000000000000000, 0.0000000000000000000, 0.0000000000000000000 ) ) ;
#2537 = AXIS2_PLACEMENT_3D ( 'NONE', #2536, #2535, #2534 ) ;
#2538 = SHAPE_REPRESENTATION ( 'EX-15E', ( #2516, #2533, #2529, #2525 ), #2517 ) ;
#2539 = CARTESIAN_POINT ( 'NONE',  ( 0.0000000000000000000, 0.0000000000000000000, 0.0000000000000000000 ) ) ;
#2540 = PRODUCT ( 'EX-15EP_√ﬁÃ´Ÿƒ', 'EX-15EP_√ﬁÃ´Ÿƒ', '', ( #2541 ) ) ;
#2541 = MECHANICAL_CONTEXT ( 'NONE', #2543, 'mechanical' ) ;
#2542 = APPLICATION_PROTOCOL_DEFINITION ( 'international standard', 'config_control_design', 1994, #2543 ) ;
#2543 = APPLICATION_CONTEXT ( 'configuration controlled 3d designs of mechanical parts and assemblies' ) ;
#2544 = APPLICATION_PROTOCOL_DEFINITION ( 'international standard', 'config_control_design', 1994, #2545 ) ;
#2545 = APPLICATION_CONTEXT ( 'configuration controlled 3d designs of mechanical parts and assemblies' ) ;
#2546 = CC_DESIGN_PERSON_AND_ORGANIZATION_ASSIGNMENT ( #2548, #2547, ( #2549 ) ) ;
#2547 = PERSON_AND_ORGANIZATION_ROLE ( 'design_owner' ) ;
#2548 = PERSON_AND_ORGANIZATION ( #2641, #2640 ) ;
#2549 = PRODUCT ( 'EX-15E_switch_√ﬁÃ´Ÿƒ', 'EX-15E_switch_√ﬁÃ´Ÿƒ', '', ( #2550 ) ) ;
#2550 = MECHANICAL_CONTEXT ( 'NONE', #2552, 'mechanical' ) ;
#2551 = APPLICATION_PROTOCOL_DEFINITION ( 'international standard', 'config_control_design', 1994, #2552 ) ;
#2552 = APPLICATION_CONTEXT ( 'configuration controlled 3d designs of mechanical parts and assemblies' ) ;
#2553 = COORDINATED_UNIVERSAL_TIME_OFFSET ( 9, 0, .AHEAD. ) ;
#2554 = CC_DESIGN_PERSON_AND_ORGANIZATION_ASSIGNMENT ( #2556, #2555, ( #2568 ) ) ;
#2555 = PERSON_AND_ORGANIZATION_ROLE ( 'creator' ) ;
#2556 = PERSON_AND_ORGANIZATION ( #2641, #2640 ) ;
#2557 = CC_DESIGN_APPROVAL ( #2565, ( #2568 ) ) ;
#2558 = APPROVAL_DATE_TIME ( #2559, #2565 ) ;
#2559 = DATE_AND_TIME ( #2560, #2561 ) ;
#2560 = CALENDAR_DATE ( 2005, 5, 9 ) ;
#2561 = LOCAL_TIME ( 16, 22, 59.00000000000000000, #2562 ) ;
#2562 = COORDINATED_UNIVERSAL_TIME_OFFSET ( 9, 0, .AHEAD. ) ;
#2563 = APPROVAL_PERSON_ORGANIZATION ( #2567, #2565, #2564 ) ;
#2564 = APPROVAL_ROLE ( '' ) ;
#2565 = APPROVAL ( #2566, 'UNSPECIFIED' ) ;
#2566 = APPROVAL_STATUS ( 'not_yet_approved' ) ;
#2567 = PERSON_AND_ORGANIZATION ( #2641, #2640 ) ;
#2568 = PRODUCT_DEFINITION ( 'UNKNOWN', '', #2714, #2569 ) ;
#2569 = DESIGN_CONTEXT ( 'detailed design', #2571, 'design' ) ;
#2570 = APPLICATION_PROTOCOL_DEFINITION ( 'international standard', 'config_control_design', 1994, #2571 ) ;
#2571 = APPLICATION_CONTEXT ( 'configuration controlled 3d designs of mechanical parts and assemblies' ) ;
#2572 = CC_DESIGN_PERSON_AND_ORGANIZATION_ASSIGNMENT ( #2574, #2573, ( #2540 ) ) ;
#2573 = PERSON_AND_ORGANIZATION_ROLE ( 'design_owner' ) ;
#2574 = PERSON_AND_ORGANIZATION ( #2641, #2640 ) ;
#2575 = COORDINATED_UNIVERSAL_TIME_OFFSET ( 9, 0, .AHEAD. ) ;
#2576 = CC_DESIGN_PERSON_AND_ORGANIZATION_ASSIGNMENT ( #2578, #2577, ( #2590 ) ) ;
#2577 = PERSON_AND_ORGANIZATION_ROLE ( 'creator' ) ;
#2578 = PERSON_AND_ORGANIZATION ( #2641, #2640 ) ;
#2579 = CC_DESIGN_APPROVAL ( #2587, ( #2590 ) ) ;
#2580 = APPROVAL_DATE_TIME ( #2581, #2587 ) ;
#2581 = DATE_AND_TIME ( #2582, #2583 ) ;
#2582 = CALENDAR_DATE ( 2005, 5, 9 ) ;
#2583 = LOCAL_TIME ( 16, 22, 59.00000000000000000, #2584 ) ;
#2584 = COORDINATED_UNIVERSAL_TIME_OFFSET ( 9, 0, .AHEAD. ) ;
#2585 = APPROVAL_PERSON_ORGANIZATION ( #2589, #2587, #2586 ) ;
#2586 = APPROVAL_ROLE ( '' ) ;
#2587 = APPROVAL ( #2588, 'UNSPECIFIED' ) ;
#2588 = APPROVAL_STATUS ( 'not_yet_approved' ) ;
#2589 = PERSON_AND_ORGANIZATION ( #2641, #2640 ) ;
#2590 = PRODUCT_DEFINITION ( 'UNKNOWN', '', #2779, #2591 ) ;
#2591 = DESIGN_CONTEXT ( 'detailed design', #2545, 'design' ) ;
#2592 = COORDINATED_UNIVERSAL_TIME_OFFSET ( 9, 0, .AHEAD. ) ;
#2593 = CC_DESIGN_PERSON_AND_ORGANIZATION_ASSIGNMENT ( #2595, #2594, ( #2607 ) ) ;
#2594 = PERSON_AND_ORGANIZATION_ROLE ( 'creator' ) ;
#2595 = PERSON_AND_ORGANIZATION ( #2641, #2640 ) ;
#2596 = CC_DESIGN_APPROVAL ( #2604, ( #2607 ) ) ;
#2597 = APPROVAL_DATE_TIME ( #2598, #2604 ) ;
#2598 = DATE_AND_TIME ( #2599, #2600 ) ;
#2599 = CALENDAR_DATE ( 2005, 5, 9 ) ;
#2600 = LOCAL_TIME ( 16, 22, 59.00000000000000000, #2601 ) ;
#2601 = COORDINATED_UNIVERSAL_TIME_OFFSET ( 9, 0, .AHEAD. ) ;
#2602 = APPROVAL_PERSON_ORGANIZATION ( #2606, #2604, #2603 ) ;
#2603 = APPROVAL_ROLE ( '' ) ;
#2604 = APPROVAL ( #2605, 'UNSPECIFIED' ) ;
#2605 = APPROVAL_STATUS ( 'not_yet_approved' ) ;
#2606 = PERSON_AND_ORGANIZATION ( #2641, #2640 ) ;
#2607 = PRODUCT_DEFINITION ( 'UNKNOWN', '', #2745, #2608 ) ;
#2608 = DESIGN_CONTEXT ( 'detailed design', #2610, 'design' ) ;
#2609 = APPLICATION_PROTOCOL_DEFINITION ( 'international standard', 'config_control_design', 1994, #2610 ) ;
#2610 = APPLICATION_CONTEXT ( 'configuration controlled 3d designs of mechanical parts and assemblies' ) ;
#2611 = SHAPE_DEFINITION_REPRESENTATION ( #2785, #2510 ) ;
#2612 = CC_DESIGN_PERSON_AND_ORGANIZATION_ASSIGNMENT ( #2614, #2613, ( #2615 ) ) ;
#2613 = PERSON_AND_ORGANIZATION_ROLE ( 'design_owner' ) ;
#2614 = PERSON_AND_ORGANIZATION ( #2641, #2640 ) ;
#2615 = PRODUCT ( 'EX-15ED_√ﬁÃ´Ÿƒ', 'EX-15ED_√ﬁÃ´Ÿƒ', '', ( #2616 ) ) ;
#2616 = MECHANICAL_CONTEXT ( 'NONE', #2618, 'mechanical' ) ;
#2617 = APPLICATION_PROTOCOL_DEFINITION ( 'international standard', 'config_control_design', 1994, #2618 ) ;
#2618 = APPLICATION_CONTEXT ( 'configuration controlled 3d designs of mechanical parts and assemblies' ) ;
#2619 = PERSON_AND_ORGANIZATION_ROLE ( 'creator' ) ;
#2620 = PERSON_AND_ORGANIZATION ( #2641, #2640 ) ;
#2621 = CC_DESIGN_APPROVAL ( #2629, ( #2632 ) ) ;
#2622 = APPROVAL_DATE_TIME ( #2623, #2629 ) ;
#2623 = DATE_AND_TIME ( #2624, #2625 ) ;
#2624 = CALENDAR_DATE ( 2005, 5, 9 ) ;
#2625 = LOCAL_TIME ( 16, 22, 59.00000000000000000, #2626 ) ;
#2626 = COORDINATED_UNIVERSAL_TIME_OFFSET ( 9, 0, .AHEAD. ) ;
#2627 = APPROVAL_PERSON_ORGANIZATION ( #2631, #2629, #2628 ) ;
#2628 = APPROVAL_ROLE ( '' ) ;
#2629 = APPROVAL ( #2630, 'UNSPECIFIED' ) ;
#2630 = APPROVAL_STATUS ( 'not_yet_approved' ) ;
#2631 = PERSON_AND_ORGANIZATION ( #2641, #2640 ) ;
#2632 = PRODUCT_DEFINITION ( 'UNKNOWN', '', #2681, #2633 ) ;
#2633 = DESIGN_CONTEXT ( 'detailed design', #2635, 'design' ) ;
#2634 = APPLICATION_PROTOCOL_DEFINITION ( 'international standard', 'config_control_design', 1994, #2635 ) ;
#2635 = APPLICATION_CONTEXT ( 'configuration controlled 3d designs of mechanical parts and assemblies' ) ;
#2636 = SHAPE_DEFINITION_REPRESENTATION ( #2751, #2501 ) ;
#2637 = CC_DESIGN_PERSON_AND_ORGANIZATION_ASSIGNMENT ( #2639, #2638, ( #2642 ) ) ;
#2638 = PERSON_AND_ORGANIZATION_ROLE ( 'design_owner' ) ;
#2639 = PERSON_AND_ORGANIZATION ( #2641, #2640 ) ;
#2640 = ORGANIZATION ( 'UNSPECIFIED', 'UNSPECIFIED', '' ) ;
#2641 = PERSON ( 'UNSPECIFIED', 'UNSPECIFIED', 'UNSPECIFIED', ('UNSPECIFIED'), ('UNSPECIFIED'), ('UNSPECIFIED') ) ;
#2642 = PRODUCT ( 'EX-15E', 'EX-15E', '', ( #2643 ) ) ;
#2643 = MECHANICAL_CONTEXT ( 'NONE', #2645, 'mechanical' ) ;
#2644 = APPLICATION_PROTOCOL_DEFINITION ( 'international standard', 'config_control_design', 1994, #2645 ) ;
#2645 = APPLICATION_CONTEXT ( 'configuration controlled 3d designs of mechanical parts and assemblies' ) ;
#2646 = DATE_AND_TIME ( #2725, #2726 ) ;
#2647 = COORDINATED_UNIVERSAL_TIME_OFFSET ( 9, 0, .AHEAD. ) ;
#2648 = APPROVAL_PERSON_ORGANIZATION ( #2652, #2650, #2649 ) ;
#2649 = APPROVAL_ROLE ( '' ) ;
#2650 = APPROVAL ( #2651, 'UNSPECIFIED' ) ;
#2651 = APPROVAL_STATUS ( 'not_yet_approved' ) ;
#2652 = PERSON_AND_ORGANIZATION ( #2641, #2640 ) ;
#2653 = CC_DESIGN_DATE_AND_TIME_ASSIGNMENT ( #2655, #2654, ( #2662 ) ) ;
#2654 = DATE_TIME_ROLE ( 'classification_date' ) ;
#2655 = DATE_AND_TIME ( #2656, #2657 ) ;
#2656 = CALENDAR_DATE ( 2005, 5, 9 ) ;
#2657 = LOCAL_TIME ( 16, 22, 59.00000000000000000, #2658 ) ;
#2658 = COORDINATED_UNIVERSAL_TIME_OFFSET ( 9, 0, .AHEAD. ) ;
#2659 = CC_DESIGN_PERSON_AND_ORGANIZATION_ASSIGNMENT ( #2661, #2660, ( #2662 ) ) ;
#2660 = PERSON_AND_ORGANIZATION_ROLE ( 'classification_officer' ) ;
#2661 = PERSON_AND_ORGANIZATION ( #2641, #2640 ) ;
#2662 = SECURITY_CLASSIFICATION ( '', '', #2663 ) ;
#2663 = SECURITY_CLASSIFICATION_LEVEL ( 'unclassified' ) ;
#2664 = CC_DESIGN_PERSON_AND_ORGANIZATION_ASSIGNMENT ( #2666, #2665, ( #2681 ) ) ;
#2665 = PERSON_AND_ORGANIZATION_ROLE ( 'design_supplier' ) ;
#2666 = PERSON_AND_ORGANIZATION ( #2641, #2640 ) ;
#2667 = CC_DESIGN_PERSON_AND_ORGANIZATION_ASSIGNMENT ( #2669, #2668, ( #2681 ) ) ;
#2668 = PERSON_AND_ORGANIZATION_ROLE ( 'creator' ) ;
#2669 = PERSON_AND_ORGANIZATION ( #2641, #2640 ) ;
#2670 = CC_DESIGN_APPROVAL ( #2678, ( #2681 ) ) ;
#2671 = APPROVAL_DATE_TIME ( #2672, #2678 ) ;
#2672 = DATE_AND_TIME ( #2673, #2674 ) ;
#2673 = CALENDAR_DATE ( 2005, 5, 9 ) ;
#2674 = LOCAL_TIME ( 16, 22, 59.00000000000000000, #2675 ) ;
#2675 = COORDINATED_UNIVERSAL_TIME_OFFSET ( 9, 0, .AHEAD. ) ;
#2676 = APPROVAL_PERSON_ORGANIZATION ( #2680, #2678, #2677 ) ;
#2677 = APPROVAL_ROLE ( '' ) ;
#2678 = APPROVAL ( #2679, 'UNSPECIFIED' ) ;
#2679 = APPROVAL_STATUS ( 'not_yet_approved' ) ;
#2680 = PERSON_AND_ORGANIZATION ( #2641, #2640 ) ;
#2681 = PRODUCT_DEFINITION_FORMATION_WITH_SPECIFIED_SOURCE ( 'ANY', '', #2642, .NOT_KNOWN. ) ;
#2682 = CC_DESIGN_DATE_AND_TIME_ASSIGNMENT ( #2684, #2683, ( #2632 ) ) ;
#2683 = DATE_TIME_ROLE ( 'creation_date' ) ;
#2684 = DATE_AND_TIME ( #2685, #2686 ) ;
#2685 = CALENDAR_DATE ( 2005, 5, 9 ) ;
#2686 = LOCAL_TIME ( 16, 22, 59.00000000000000000, #2687 ) ;
#2687 = COORDINATED_UNIVERSAL_TIME_OFFSET ( 9, 0, .AHEAD. ) ;
#2688 = CC_DESIGN_PERSON_AND_ORGANIZATION_ASSIGNMENT ( #2620, #2619, ( #2632 ) ) ;
#2689 = CALENDAR_DATE ( 2005, 5, 9 ) ;
#2690 = LOCAL_TIME ( 16, 22, 59.00000000000000000, #2691 ) ;
#2691 = COORDINATED_UNIVERSAL_TIME_OFFSET ( 9, 0, .AHEAD. ) ;
#2692 = CC_DESIGN_PERSON_AND_ORGANIZATION_ASSIGNMENT ( #2694, #2693, ( #2695 ) ) ;
#2693 = PERSON_AND_ORGANIZATION_ROLE ( 'classification_officer' ) ;
#2694 = PERSON_AND_ORGANIZATION ( #2641, #2640 ) ;
#2695 = SECURITY_CLASSIFICATION ( '', '', #2696 ) ;
#2696 = SECURITY_CLASSIFICATION_LEVEL ( 'unclassified' ) ;
#2697 = CC_DESIGN_PERSON_AND_ORGANIZATION_ASSIGNMENT ( #2699, #2698, ( #2714 ) ) ;
#2698 = PERSON_AND_ORGANIZATION_ROLE ( 'design_supplier' ) ;
#2699 = PERSON_AND_ORGANIZATION ( #2641, #2640 ) ;
#2700 = CC_DESIGN_PERSON_AND_ORGANIZATION_ASSIGNMENT ( #2702, #2701, ( #2714 ) ) ;
#2701 = PERSON_AND_ORGANIZATION_ROLE ( 'creator' ) ;
#2702 = PERSON_AND_ORGANIZATION ( #2641, #2640 ) ;
#2703 = CC_DESIGN_APPROVAL ( #2711, ( #2714 ) ) ;
#2704 = APPROVAL_DATE_TIME ( #2705, #2711 ) ;
#2705 = DATE_AND_TIME ( #2706, #2707 ) ;
#2706 = CALENDAR_DATE ( 2005, 5, 9 ) ;
#2707 = LOCAL_TIME ( 16, 22, 59.00000000000000000, #2708 ) ;
#2708 = COORDINATED_UNIVERSAL_TIME_OFFSET ( 9, 0, .AHEAD. ) ;
#2709 = APPROVAL_PERSON_ORGANIZATION ( #2713, #2711, #2710 ) ;
#2710 = APPROVAL_ROLE ( '' ) ;
#2711 = APPROVAL ( #2712, 'UNSPECIFIED' ) ;
#2712 = APPROVAL_STATUS ( 'not_yet_approved' ) ;
#2713 = PERSON_AND_ORGANIZATION ( #2641, #2640 ) ;
#2714 = PRODUCT_DEFINITION_FORMATION_WITH_SPECIFIED_SOURCE ( 'ANY', '', #2540, .NOT_KNOWN. ) ;
#2715 = CC_DESIGN_DATE_AND_TIME_ASSIGNMENT ( #2717, #2716, ( #2568 ) ) ;
#2716 = DATE_TIME_ROLE ( 'creation_date' ) ;
#2717 = DATE_AND_TIME ( #2718, #2719 ) ;
#2718 = CALENDAR_DATE ( 2005, 5, 9 ) ;
#2719 = LOCAL_TIME ( 16, 22, 59.00000000000000000, #2553 ) ;
#2720 = PRODUCT_DEFINITION_SHAPE ( 'NONE', 'NONE',  #2632 ) ;
#2721 = PRODUCT_RELATED_PRODUCT_CATEGORY ( 'detail', '', ( #2642 ) ) ;
#2722 = CC_DESIGN_SECURITY_CLASSIFICATION ( #2662, ( #2681 ) ) ;
#2723 = CC_DESIGN_APPROVAL ( #2650, ( #2662 ) ) ;
#2724 = APPROVAL_DATE_TIME ( #2646, #2650 ) ;
#2725 = CALENDAR_DATE ( 2005, 5, 9 ) ;
#2726 = LOCAL_TIME ( 16, 22, 59.00000000000000000, #2647 ) ;
#2727 = SECURITY_CLASSIFICATION_LEVEL ( 'unclassified' ) ;
#2728 = CC_DESIGN_PERSON_AND_ORGANIZATION_ASSIGNMENT ( #2730, #2729, ( #2745 ) ) ;
#2729 = PERSON_AND_ORGANIZATION_ROLE ( 'design_supplier' ) ;
#2730 = PERSON_AND_ORGANIZATION ( #2641, #2640 ) ;
#2731 = CC_DESIGN_PERSON_AND_ORGANIZATION_ASSIGNMENT ( #2733, #2732, ( #2745 ) ) ;
#2732 = PERSON_AND_ORGANIZATION_ROLE ( 'creator' ) ;
#2733 = PERSON_AND_ORGANIZATION ( #2641, #2640 ) ;
#2734 = CC_DESIGN_APPROVAL ( #2742, ( #2745 ) ) ;
#2735 = APPROVAL_DATE_TIME ( #2736, #2742 ) ;
#2736 = DATE_AND_TIME ( #2737, #2738 ) ;
#2737 = CALENDAR_DATE ( 2005, 5, 9 ) ;
#2738 = LOCAL_TIME ( 16, 22, 59.00000000000000000, #2739 ) ;
#2739 = COORDINATED_UNIVERSAL_TIME_OFFSET ( 9, 0, .AHEAD. ) ;
#2740 = APPROVAL_PERSON_ORGANIZATION ( #2744, #2742, #2741 ) ;
#2741 = APPROVAL_ROLE ( '' ) ;
#2742 = APPROVAL ( #2743, 'UNSPECIFIED' ) ;
#2743 = APPROVAL_STATUS ( 'not_yet_approved' ) ;
#2744 = PERSON_AND_ORGANIZATION ( #2641, #2640 ) ;
#2745 = PRODUCT_DEFINITION_FORMATION_WITH_SPECIFIED_SOURCE ( 'ANY', '', #2615, .NOT_KNOWN. ) ;
#2746 = CC_DESIGN_DATE_AND_TIME_ASSIGNMENT ( #2748, #2747, ( #2607 ) ) ;
#2747 = DATE_TIME_ROLE ( 'creation_date' ) ;
#2748 = DATE_AND_TIME ( #2749, #2750 ) ;
#2749 = CALENDAR_DATE ( 2005, 5, 9 ) ;
#2750 = LOCAL_TIME ( 16, 22, 59.00000000000000000, #2592 ) ;
#2751 = PRODUCT_DEFINITION_SHAPE ( 'NONE', 'NONE',  #2568 ) ;
#2752 = PRODUCT_RELATED_PRODUCT_CATEGORY ( 'detail', '', ( #2540 ) ) ;
#2753 = CC_DESIGN_SECURITY_CLASSIFICATION ( #2695, ( #2714 ) ) ;
#2754 = CC_DESIGN_APPROVAL ( #2762, ( #2695 ) ) ;
#2755 = APPROVAL_DATE_TIME ( #2756, #2762 ) ;
#2756 = DATE_AND_TIME ( #2757, #2758 ) ;
#2757 = CALENDAR_DATE ( 2005, 5, 9 ) ;
#2758 = LOCAL_TIME ( 16, 22, 59.00000000000000000, #2759 ) ;
#2759 = COORDINATED_UNIVERSAL_TIME_OFFSET ( 9, 0, .AHEAD. ) ;
#2760 = APPROVAL_PERSON_ORGANIZATION ( #2764, #2762, #2761 ) ;
#2761 = APPROVAL_ROLE ( '' ) ;
#2762 = APPROVAL ( #2763, 'UNSPECIFIED' ) ;
#2763 = APPROVAL_STATUS ( 'not_yet_approved' ) ;
#2764 = PERSON_AND_ORGANIZATION ( #2641, #2640 ) ;
#2765 = CC_DESIGN_DATE_AND_TIME_ASSIGNMENT ( #2767, #2766, ( #2695 ) ) ;
#2766 = DATE_TIME_ROLE ( 'classification_date' ) ;
#2767 = DATE_AND_TIME ( #2689, #2690 ) ;
#2768 = CC_DESIGN_APPROVAL ( #2776, ( #2779 ) ) ;
#2769 = APPROVAL_DATE_TIME ( #2770, #2776 ) ;
#2770 = DATE_AND_TIME ( #2771, #2772 ) ;
#2771 = CALENDAR_DATE ( 2005, 5, 9 ) ;
#2772 = LOCAL_TIME ( 16, 22, 59.00000000000000000, #2773 ) ;
#2773 = COORDINATED_UNIVERSAL_TIME_OFFSET ( 9, 0, .AHEAD. ) ;
#2774 = APPROVAL_PERSON_ORGANIZATION ( #2778, #2776, #2775 ) ;
#2775 = APPROVAL_ROLE ( '' ) ;
#2776 = APPROVAL ( #2777, 'UNSPECIFIED' ) ;
#2777 = APPROVAL_STATUS ( 'not_yet_approved' ) ;
#2778 = PERSON_AND_ORGANIZATION ( #2641, #2640 ) ;
#2779 = PRODUCT_DEFINITION_FORMATION_WITH_SPECIFIED_SOURCE ( 'ANY', '', #2549, .NOT_KNOWN. ) ;
#2780 = CC_DESIGN_DATE_AND_TIME_ASSIGNMENT ( #2782, #2781, ( #2590 ) ) ;
#2781 = DATE_TIME_ROLE ( 'creation_date' ) ;
#2782 = DATE_AND_TIME ( #2783, #2784 ) ;
#2783 = CALENDAR_DATE ( 2005, 5, 9 ) ;
#2784 = LOCAL_TIME ( 16, 22, 59.00000000000000000, #2575 ) ;
#2785 = PRODUCT_DEFINITION_SHAPE ( 'NONE', 'NONE',  #2607 ) ;
#2786 = PRODUCT_RELATED_PRODUCT_CATEGORY ( 'detail', '', ( #2615 ) ) ;
#2787 = CC_DESIGN_SECURITY_CLASSIFICATION ( #2808, ( #2745 ) ) ;
#2788 = CC_DESIGN_APPROVAL ( #2796, ( #2808 ) ) ;
#2789 = APPROVAL_DATE_TIME ( #2790, #2796 ) ;
#2790 = DATE_AND_TIME ( #2791, #2792 ) ;
#2791 = CALENDAR_DATE ( 2005, 5, 9 ) ;
#2792 = LOCAL_TIME ( 16, 22, 59.00000000000000000, #2793 ) ;
#2793 = COORDINATED_UNIVERSAL_TIME_OFFSET ( 9, 0, .AHEAD. ) ;
#2794 = APPROVAL_PERSON_ORGANIZATION ( #2798, #2796, #2795 ) ;
#2795 = APPROVAL_ROLE ( '' ) ;
#2796 = APPROVAL ( #2797, 'UNSPECIFIED' ) ;
#2797 = APPROVAL_STATUS ( 'not_yet_approved' ) ;
#2798 = PERSON_AND_ORGANIZATION ( #2641, #2640 ) ;
#2799 = CC_DESIGN_DATE_AND_TIME_ASSIGNMENT ( #2801, #2800, ( #2808 ) ) ;
#2800 = DATE_TIME_ROLE ( 'classification_date' ) ;
#2801 = DATE_AND_TIME ( #2802, #2803 ) ;
#2802 = CALENDAR_DATE ( 2005, 5, 9 ) ;
#2803 = LOCAL_TIME ( 16, 22, 59.00000000000000000, #2804 ) ;
#2804 = COORDINATED_UNIVERSAL_TIME_OFFSET ( 9, 0, .AHEAD. ) ;
#2805 = CC_DESIGN_PERSON_AND_ORGANIZATION_ASSIGNMENT ( #2807, #2806, ( #2808 ) ) ;
#2806 = PERSON_AND_ORGANIZATION_ROLE ( 'classification_officer' ) ;
#2807 = PERSON_AND_ORGANIZATION ( #2641, #2640 ) ;
#2808 = SECURITY_CLASSIFICATION ( '', '', #2727 ) ;
#2809 = PERSON_AND_ORGANIZATION ( #2810, #2884 ) ;
#2810 = PERSON ( 'NAUO-PER1', 'UNSPECIFIED', 'UNSPECIFIED', ('UNSPECIFIED'), ('UNSPECIFIED'), ('UNSPECIFIED') ) ;
#2811 = APPROVAL_ROLE ( '' ) ;
#2812 = APPROVAL_DATE_TIME ( #2813, #2822 ) ;
#2813 = DATE_AND_TIME ( #2814, #2815 ) ;
#2814 = CALENDAR_DATE ( 2005, 5, 9 ) ;
#2815 = LOCAL_TIME ( 16, 22, 59.00000000000000000, #2816 ) ;
#2816 = COORDINATED_UNIVERSAL_TIME_OFFSET ( 9, 0, .AHEAD. ) ;
#2817 = DATE_AND_TIME ( #2818, #2819 ) ;
#2818 = CALENDAR_DATE ( 2005, 5, 9 ) ;
#2819 = LOCAL_TIME ( 16, 22, 59.00000000000000000, #2820 ) ;
#2820 = COORDINATED_UNIVERSAL_TIME_OFFSET ( 9, 0, .AHEAD. ) ;
#2821 = CC_DESIGN_APPROVAL ( #2822, ( #2825 ) ) ;
#2822 = APPROVAL ( #2823, 'UNKNOWN' ) ;
#2823 = APPROVAL_STATUS ( 'not_yet_approved' ) ;
#2824 = CC_DESIGN_SECURITY_CLASSIFICATION ( #2825, ( #2827 ) ) ;
#2825 = SECURITY_CLASSIFICATION ( '', '', #2826 ) ;
#2826 = SECURITY_CLASSIFICATION_LEVEL ( 'unclassified' ) ;
#2827 = NEXT_ASSEMBLY_USAGE_OCCURRENCE ( 'NAUO1', ' ', ' ', #2632, #2607, $ ) ;
#2828 = PRODUCT_DEFINITION_SHAPE ( 'NONE', 'NONE',  #2827 ) ;
#2829 =( REPRESENTATION_RELATIONSHIP ('NONE','NONE', #2538, #2510 ) REPRESENTATION_RELATIONSHIP_WITH_TRANSFORMATION ( #2830 )SHAPE_REPRESENTATION_RELATIONSHIP( ) );
#2830 = ITEM_DEFINED_TRANSFORMATION ( 'NONE', 'NONE', #2533,  #2492 ) ;
#2831 = SHAPE_DEFINITION_REPRESENTATION ( #2832, #2488 ) ;
#2832 = PRODUCT_DEFINITION_SHAPE ( 'NONE', 'NONE',  #2590 ) ;
#2833 = PRODUCT_RELATED_PRODUCT_CATEGORY ( 'detail', '', ( #2549 ) ) ;
#2834 = CC_DESIGN_SECURITY_CLASSIFICATION ( #2485, ( #2779 ) ) ;
#2835 = CC_DESIGN_APPROVAL ( #2843, ( #2485 ) ) ;
#2836 = APPROVAL_DATE_TIME ( #2837, #2843 ) ;
#2837 = DATE_AND_TIME ( #2838, #2839 ) ;
#2838 = CALENDAR_DATE ( 2005, 5, 9 ) ;
#2839 = LOCAL_TIME ( 16, 22, 59.00000000000000000, #2840 ) ;
#2840 = COORDINATED_UNIVERSAL_TIME_OFFSET ( 9, 0, .AHEAD. ) ;
#2841 = APPROVAL_PERSON_ORGANIZATION ( #2845, #2843, #2842 ) ;
#2842 = APPROVAL_ROLE ( '' ) ;
#2843 = APPROVAL ( #2844, 'UNSPECIFIED' ) ;
#2844 = APPROVAL_STATUS ( 'not_yet_approved' ) ;
#2845 = PERSON_AND_ORGANIZATION ( #2641, #2640 ) ;
#2846 = CC_DESIGN_DATE_AND_TIME_ASSIGNMENT ( #2848, #2847, ( #2485 ) ) ;
#2847 = DATE_TIME_ROLE ( 'classification_date' ) ;
#2848 = DATE_AND_TIME ( #2849, #2850 ) ;
#2849 = CALENDAR_DATE ( 2005, 5, 9 ) ;
#2850 = LOCAL_TIME ( 16, 22, 59.00000000000000000, #927 ) ;
#2851 = CC_DESIGN_DATE_AND_TIME_ASSIGNMENT ( #2864, #2853, ( #2872 ) ) ;
#2852 = PERSON_AND_ORGANIZATION_ROLE ( 'classification_officer' ) ;
#2853 = DATE_TIME_ROLE ( 'classification_date' ) ;
#2854 = APPROVAL_PERSON_ORGANIZATION ( #2855, #2869, #2858 ) ;
#2855 = PERSON_AND_ORGANIZATION ( #2857, #2856 ) ;
#2856 = ORGANIZATION ( 'NAUO-ORG2', 'UNSPECIFIED', 'UNSPECIFIED' ) ;
#2857 = PERSON ( 'NAUO-PER2', 'UNSPECIFIED', 'UNSPECIFIED', ('UNSPECIFIED'), ('UNSPECIFIED'), ('UNSPECIFIED') ) ;
#2858 = APPROVAL_ROLE ( '' ) ;
#2859 = APPROVAL_DATE_TIME ( #2860, #2869 ) ;
#2860 = DATE_AND_TIME ( #2861, #2862 ) ;
#2861 = CALENDAR_DATE ( 2005, 5, 9 ) ;
#2862 = LOCAL_TIME ( 16, 22, 59.00000000000000000, #2863 ) ;
#2863 = COORDINATED_UNIVERSAL_TIME_OFFSET ( 9, 0, .AHEAD. ) ;
#2864 = DATE_AND_TIME ( #2865, #2866 ) ;
#2865 = CALENDAR_DATE ( 2005, 5, 9 ) ;
#2866 = LOCAL_TIME ( 16, 22, 59.00000000000000000, #2867 ) ;
#2867 = COORDINATED_UNIVERSAL_TIME_OFFSET ( 9, 0, .AHEAD. ) ;
#2868 = CC_DESIGN_APPROVAL ( #2869, ( #2872 ) ) ;
#2869 = APPROVAL ( #2870, 'UNKNOWN' ) ;
#2870 = APPROVAL_STATUS ( 'not_yet_approved' ) ;
#2871 = CC_DESIGN_SECURITY_CLASSIFICATION ( #2872, ( #2874 ) ) ;
#2872 = SECURITY_CLASSIFICATION ( '', '', #2873 ) ;
#2873 = SECURITY_CLASSIFICATION_LEVEL ( 'unclassified' ) ;
#2874 = NEXT_ASSEMBLY_USAGE_OCCURRENCE ( 'NAUO2', ' ', ' ', #2632, #2568, $ ) ;
#2875 = PRODUCT_DEFINITION_SHAPE ( 'NONE', 'NONE',  #2874 ) ;
#2876 =( REPRESENTATION_RELATIONSHIP ('NONE','NONE', #2538, #2501 ) REPRESENTATION_RELATIONSHIP_WITH_TRANSFORMATION ( #2877 )SHAPE_REPRESENTATION_RELATIONSHIP( ) );
#2877 = ITEM_DEFINED_TRANSFORMATION ( 'NONE', 'NONE', #2529,  #2492 ) ;
#2878 = CONTEXT_DEPENDENT_SHAPE_REPRESENTATION ( #2829, #2828 ) ;
#2879 = CC_DESIGN_PERSON_AND_ORGANIZATION_ASSIGNMENT ( #2809, #2881, ( #2825 ) ) ;
#2880 = CC_DESIGN_DATE_AND_TIME_ASSIGNMENT ( #2817, #2882, ( #2825 ) ) ;
#2881 = PERSON_AND_ORGANIZATION_ROLE ( 'classification_officer' ) ;
#2882 = DATE_TIME_ROLE ( 'classification_date' ) ;
#2883 = APPROVAL_PERSON_ORGANIZATION ( #2809, #2822, #2811 ) ;
#2884 = ORGANIZATION ( 'NAUO-ORG1', 'UNSPECIFIED', 'UNSPECIFIED' ) ;
#2885 = CONTEXT_DEPENDENT_SHAPE_REPRESENTATION ( #2912, #2911 ) ;
#2886 = CC_DESIGN_PERSON_AND_ORGANIZATION_ASSIGNMENT ( #2891, #2888, ( #2908 ) ) ;
#2887 = CC_DESIGN_DATE_AND_TIME_ASSIGNMENT ( #2900, #2889, ( #2908 ) ) ;
#2888 = PERSON_AND_ORGANIZATION_ROLE ( 'classification_officer' ) ;
#2889 = DATE_TIME_ROLE ( 'classification_date' ) ;
#2890 = APPROVAL_PERSON_ORGANIZATION ( #2891, #2905, #2894 ) ;
#2891 = PERSON_AND_ORGANIZATION ( #2893, #2892 ) ;
#2892 = ORGANIZATION ( 'NAUO-ORG3', 'UNSPECIFIED', 'UNSPECIFIED' ) ;
#2893 = PERSON ( 'NAUO-PER3', 'UNSPECIFIED', 'UNSPECIFIED', ('UNSPECIFIED'), ('UNSPECIFIED'), ('UNSPECIFIED') ) ;
#2894 = APPROVAL_ROLE ( '' ) ;
#2895 = APPROVAL_DATE_TIME ( #2896, #2905 ) ;
#2896 = DATE_AND_TIME ( #2897, #2898 ) ;
#2897 = CALENDAR_DATE ( 2005, 5, 9 ) ;
#2898 = LOCAL_TIME ( 16, 22, 59.00000000000000000, #2899 ) ;
#2899 = COORDINATED_UNIVERSAL_TIME_OFFSET ( 9, 0, .AHEAD. ) ;
#2900 = DATE_AND_TIME ( #2901, #2902 ) ;
#2901 = CALENDAR_DATE ( 2005, 5, 9 ) ;
#2902 = LOCAL_TIME ( 16, 22, 59.00000000000000000, #2903 ) ;
#2903 = COORDINATED_UNIVERSAL_TIME_OFFSET ( 9, 0, .AHEAD. ) ;
#2904 = CC_DESIGN_APPROVAL ( #2905, ( #2908 ) ) ;
#2905 = APPROVAL ( #2906, 'UNKNOWN' ) ;
#2906 = APPROVAL_STATUS ( 'not_yet_approved' ) ;
#2907 = CC_DESIGN_SECURITY_CLASSIFICATION ( #2908, ( #2910 ) ) ;
#2908 = SECURITY_CLASSIFICATION ( '', '', #2909 ) ;
#2909 = SECURITY_CLASSIFICATION_LEVEL ( 'unclassified' ) ;
#2910 = NEXT_ASSEMBLY_USAGE_OCCURRENCE ( 'NAUO3', ' ', ' ', #2632, #2590, $ ) ;
#2911 = PRODUCT_DEFINITION_SHAPE ( 'NONE', 'NONE',  #2910 ) ;
#2912 =( REPRESENTATION_RELATIONSHIP ('NONE','NONE', #2538, #2488 ) REPRESENTATION_RELATIONSHIP_WITH_TRANSFORMATION ( #2913 )SHAPE_REPRESENTATION_RELATIONSHIP( ) );
#2913 = ITEM_DEFINED_TRANSFORMATION ( 'NONE', 'NONE', #2525,  #2492 ) ;
#2914 = CONTEXT_DEPENDENT_SHAPE_REPRESENTATION ( #2876, #2875 ) ;
#2915 = CC_DESIGN_PERSON_AND_ORGANIZATION_ASSIGNMENT ( #2855, #2852, ( #2872 ) ) ;
ENDSEC;
END-ISO-10303-21;
