ISO-10303-21;
HEADER;
FILE_DESCRIPTION (( 'STEP AP203' ),
    '1' );
FILE_NAME ('ex-z11fa.STEP',
    '2015-06-17T04:49:16',
    ( '' ),
    ( '' ),
    'SwSTEP 2.0',
    'SolidWorks 2010',
    '' );
FILE_SCHEMA (( 'CONFIG_CONTROL_DESIGN' ));
ENDSEC;

DATA;
#1 = VERTEX_POINT ( 'NONE', #911 ) ;
#2 = ORIENTED_EDGE ( 'NONE', *, *, #259, .T. ) ;
#3 = ORIENTED_EDGE ( 'NONE', *, *, #230, .T. ) ;
#4 = ORIENTED_EDGE ( 'NONE', *, *, #253, .F. ) ;
#5 = EDGE_CURVE ( 'NONE', #1, #270, #912, .T. ) ;
#6 = ORIENTED_EDGE ( 'NONE', *, *, #18, .F. ) ;
#7 = ORIENTED_EDGE ( 'NONE', *, *, #37, .T. ) ;
#8 = ORIENTED_EDGE ( 'NONE', *, *, #67, .T. ) ;
#9 = EDGE_LOOP ( 'NONE', ( #576, #571, #574, #83 ) ) ;
#10 = ADVANCED_FACE ( 'NONE', ( #970 ), #909, .F. ) ;
#11 = EDGE_CURVE ( 'NONE', #38, #31, #965, .T. ) ;
#12 = ADVANCED_FACE ( 'NONE', ( #962, #961 ), #966, .F. ) ;
#13 = ORIENTED_EDGE ( 'NONE', *, *, #28, .T. ) ;
#14 = EDGE_CURVE ( 'NONE', #254, #260, #954, .T. ) ;
#15 = EDGE_CURVE ( 'NONE', #77, #54, #947, .T. ) ;
#16 = ORIENTED_EDGE ( 'NONE', *, *, #243, .T. ) ;
#17 = EDGE_CURVE ( 'NONE', #68, #69, #907, .T. ) ;
#18 = EDGE_CURVE ( 'NONE', #197, #77, #940, .T. ) ;
#19 = ORIENTED_EDGE ( 'NONE', *, *, #44, .F. ) ;
#20 = EDGE_CURVE ( 'NONE', #260, #261, #943, .T. ) ;
#21 = ORIENTED_EDGE ( 'NONE', *, *, #5, .T. ) ;
#22 = EDGE_CURVE ( 'NONE', #2970, #36, #991, .T. ) ;
#23 = ORIENTED_EDGE ( 'NONE', *, *, #15, .T. ) ;
#24 = ORIENTED_EDGE ( 'NONE', *, *, #22, .F. ) ;
#25 = ADVANCED_FACE ( 'NONE', ( #941 ), #997, .T. ) ;
#26 = EDGE_CURVE ( 'NONE', #48, #38, #987, .T. ) ;
#27 = EDGE_CURVE ( 'NONE', #922, #918, #986, .T. ) ;
#28 = EDGE_CURVE ( 'NONE', #42, #66, #978, .T. ) ;
#29 = ORIENTED_EDGE ( 'NONE', *, *, #246, .T. ) ;
#30 = ORIENTED_EDGE ( 'NONE', *, *, #62, .T. ) ;
#31 = VERTEX_POINT ( 'NONE', #971 ) ;
#32 = ORIENTED_EDGE ( 'NONE', *, *, #70, .F. ) ;
#33 = EDGE_LOOP ( 'NONE', ( #575, #71 ) ) ;
#34 = ORIENTED_EDGE ( 'NONE', *, *, #118, .F. ) ;
#35 = EDGE_LOOP ( 'NONE', ( #104, #139, #109, #191 ) ) ;
#36 = VERTEX_POINT ( 'NONE', #979 ) ;
#37 = EDGE_CURVE ( 'NONE', #78, #42, #972, .T. ) ;
#38 = VERTEX_POINT ( 'NONE', #1033 ) ;
#39 = ORIENTED_EDGE ( 'NONE', *, *, #11, .F. ) ;
#40 = ORIENTED_EDGE ( 'NONE', *, *, #47, .T. ) ;
#41 = ORIENTED_EDGE ( 'NONE', *, *, #242, .F. ) ;
#42 = VERTEX_POINT ( 'NONE', #1030 ) ;
#43 = EDGE_LOOP ( 'NONE', ( #29, #60, #72, #24, #51, #53, #55, #16, #40, #39, #159, #157, #23, #174, #34, #32, #21, #183, #112, #170 ) ) ;
#44 = EDGE_CURVE ( 'NONE', #292, #66, #1029, .T. ) ;
#45 = ORIENTED_EDGE ( 'NONE', *, *, #75, .F. ) ;
#46 = EDGE_CURVE ( 'NONE', #50, #535, #1023, .T. ) ;
#47 = EDGE_CURVE ( 'NONE', #210, #31, #1014, .T. ) ;
#48 = VERTEX_POINT ( 'NONE', #1024 ) ;
#49 = EDGE_CURVE ( 'NONE', #284, #248, #1004, .T. ) ;
#50 = VERTEX_POINT ( 'NONE', #1019 ) ;
#51 = ORIENTED_EDGE ( 'NONE', *, *, #217, .T. ) ;
#52 = VERTEX_POINT ( 'NONE', #1010 ) ;
#53 = ORIENTED_EDGE ( 'NONE', *, *, #249, .T. ) ;
#54 = VERTEX_POINT ( 'NONE', #1005 ) ;
#55 = ORIENTED_EDGE ( 'NONE', *, *, #49, .T. ) ;
#56 = EDGE_CURVE ( 'NONE', #36, #50, #1007, .T. ) ;
#57 = ORIENTED_EDGE ( 'NONE', *, *, #65, .F. ) ;
#58 = ADVANCED_FACE ( 'NONE', ( #1015 ), #1000, .T. ) ;
#59 = ORIENTED_EDGE ( 'NONE', *, *, #264, .F. ) ;
#60 = ORIENTED_EDGE ( 'NONE', *, *, #46, .F. ) ;
#61 = EDGE_CURVE ( 'NONE', #69, #258, #1054, .T. ) ;
#62 = EDGE_CURVE ( 'NONE', #197, #78, #1050, .T. ) ;
#63 = EDGE_CURVE ( 'NONE', #258, #54, #1045, .T. ) ;
#64 = ORIENTED_EDGE ( 'NONE', *, *, #17, .T. ) ;
#65 = EDGE_CURVE ( 'NONE', #74, #287, #1046, .T. ) ;
#66 = VERTEX_POINT ( 'NONE', #1040 ) ;
#67 = EDGE_CURVE ( 'NONE', #290, #68, #1039, .T. ) ;
#68 = VERTEX_POINT ( 'NONE', #1035 ) ;
#69 = VERTEX_POINT ( 'NONE', #1034 ) ;
#70 = EDGE_CURVE ( 'NONE', #1, #196, #1092, .T. ) ;
#71 = ORIENTED_EDGE ( 'NONE', *, *, #924, .F. ) ;
#72 = ORIENTED_EDGE ( 'NONE', *, *, #56, .F. ) ;
#73 = ORIENTED_EDGE ( 'NONE', *, *, #61, .T. ) ;
#74 = VERTEX_POINT ( 'NONE', #1036 ) ;
#75 = EDGE_CURVE ( 'NONE', #296, #74, #1082, .T. ) ;
#76 = ORIENTED_EDGE ( 'NONE', *, *, #63, .T. ) ;
#77 = VERTEX_POINT ( 'NONE', #1089 ) ;
#78 = VERTEX_POINT ( 'NONE', #1088 ) ;
#79 = ORIENTED_EDGE ( 'NONE', *, *, #14, .F. ) ;
#80 = ORIENTED_EDGE ( 'NONE', *, *, #259, .F. ) ;
#81 = EDGE_CURVE ( 'NONE', #180, #205, #1091, .T. ) ;
#82 = EDGE_LOOP ( 'NONE', ( #141, #123, #136, #111, #131, #179, #137, #188, #134, #163, #87, #143 ) ) ;
#83 = ORIENTED_EDGE ( 'NONE', *, *, #268, .T. ) ;
#84 = ORIENTED_EDGE ( 'NONE', *, *, #155, .T. ) ;
#85 = EDGE_LOOP ( 'NONE', ( #84, #355, #2929, #2915, #2920, #2927 ) ) ;
#86 = ORIENTED_EDGE ( 'NONE', *, *, #61, .F. ) ;
#87 = ORIENTED_EDGE ( 'NONE', *, *, #224, .T. ) ;
#88 = ORIENTED_EDGE ( 'NONE', *, *, #142, .T. ) ;
#89 = EDGE_LOOP ( 'NONE', ( #93, #133, #115, #2922 ) ) ;
#90 = EDGE_LOOP ( 'NONE', ( #114, #88, #149, #176 ) ) ;
#91 = ORIENTED_EDGE ( 'NONE', *, *, #135, .T. ) ;
#92 = ADVANCED_FACE ( 'NONE', ( #1093 ), #1087, .F. ) ;
#93 = ORIENTED_EDGE ( 'NONE', *, *, #152, .F. ) ;
#94 = EDGE_CURVE ( 'NONE', #199, #113, #1071, .T. ) ;
#95 = ADVANCED_FACE ( 'NONE', ( #1077 ), #1063, .F. ) ;
#96 = EDGE_CURVE ( 'NONE', #261, #570, #1061, .T. ) ;
#97 = EDGE_CURVE ( 'NONE', #68, #196, #1123, .T. ) ;
#98 = ORIENTED_EDGE ( 'NONE', *, *, #168, .F. ) ;
#99 = ORIENTED_EDGE ( 'NONE', *, *, #11, .T. ) ;
#100 = ORIENTED_EDGE ( 'NONE', *, *, #37, .F. ) ;
#101 = EDGE_CURVE ( 'NONE', #132, #255, #1124, .T. ) ;
#102 = ORIENTED_EDGE ( 'NONE', *, *, #44, .T. ) ;
#103 = EDGE_LOOP ( 'NONE', ( #99, #171, #193, #173, #177, #160 ) ) ;
#104 = ORIENTED_EDGE ( 'NONE', *, *, #70, .T. ) ;
#105 = ORIENTED_EDGE ( 'NONE', *, *, #26, .T. ) ;
#106 = ORIENTED_EDGE ( 'NONE', *, *, #128, .F. ) ;
#107 = ORIENTED_EDGE ( 'NONE', *, *, #18, .T. ) ;
#108 = EDGE_LOOP ( 'NONE', ( #172, #122, #98, #91 ) ) ;
#109 = ORIENTED_EDGE ( 'NONE', *, *, #67, .F. ) ;
#110 = VERTEX_POINT ( 'NONE', #1118 ) ;
#111 = ORIENTED_EDGE ( 'NONE', *, *, #140, .F. ) ;
#112 = ORIENTED_EDGE ( 'NONE', *, *, #150, .F. ) ;
#113 = VERTEX_POINT ( 'NONE', #1125 ) ;
#114 = ORIENTED_EDGE ( 'NONE', *, *, #81, .F. ) ;
#115 = ORIENTED_EDGE ( 'NONE', *, *, #49, .F. ) ;
#116 = VERTEX_POINT ( 'NONE', #1127 ) ;
#117 = VERTEX_POINT ( 'NONE', #1114 ) ;
#118 = EDGE_CURVE ( 'NONE', #196, #169, #1115, .T. ) ;
#119 = EDGE_CURVE ( 'NONE', #52, #270, #1109, .T. ) ;
#120 = EDGE_CURVE ( 'NONE', #117, #260, #1100, .T. ) ;
#121 = VERTEX_POINT ( 'NONE', #1113 ) ;
#122 = ORIENTED_EDGE ( 'NONE', *, *, #203, .F. ) ;
#123 = ORIENTED_EDGE ( 'NONE', *, *, #130, .T. ) ;
#124 = ORIENTED_EDGE ( 'NONE', *, *, #184, .T. ) ;
#125 = ORIENTED_EDGE ( 'NONE', *, *, #508, .F. ) ;
#126 = ADVANCED_FACE ( 'NONE', ( #1110 ), #1112, .T. ) ;
#127 = EDGE_LOOP ( 'NONE', ( #105, #106, #100, #189 ) ) ;
#128 = EDGE_CURVE ( 'NONE', #42, #38, #1096, .T. ) ;
#129 = ORIENTED_EDGE ( 'NONE', *, *, #147, .F. ) ;
#130 = EDGE_CURVE ( 'NONE', #121, #538, #1149, .T. ) ;
#131 = ORIENTED_EDGE ( 'NONE', *, *, #151, .F. ) ;
#132 = VERTEX_POINT ( 'NONE', #1150 ) ;
#133 = ORIENTED_EDGE ( 'NONE', *, *, #280, .T. ) ;
#134 = ORIENTED_EDGE ( 'NONE', *, *, #168, .T. ) ;
#135 = EDGE_CURVE ( 'NONE', #570, #74, #1152, .T. ) ;
#136 = ORIENTED_EDGE ( 'NONE', *, *, #549, .T. ) ;
#137 = ORIENTED_EDGE ( 'NONE', *, *, #20, .T. ) ;
#138 = EDGE_CURVE ( 'NONE', #77, #48, #1143, .T. ) ;
#139 = ORIENTED_EDGE ( 'NONE', *, *, #97, .F. ) ;
#140 = EDGE_CURVE ( 'NONE', #116, #539, #1137, .T. ) ;
#141 = ORIENTED_EDGE ( 'NONE', *, *, #164, .F. ) ;
#142 = EDGE_CURVE ( 'NONE', #180, #31, #1131, .T. ) ;
#143 = ORIENTED_EDGE ( 'NONE', *, *, #101, .F. ) ;
#144 = ADVANCED_FACE ( 'NONE', ( #1182 ), #1176, .F. ) ;
#145 = ADVANCED_FACE ( 'NONE', ( #1184 ), #1173, .F. ) ;
#146 = ADVANCED_FACE ( 'NONE', ( #1179 ), #1175, .F. ) ;
#147 = EDGE_CURVE ( 'NONE', #69, #169, #1163, .T. ) ;
#148 = ORIENTED_EDGE ( 'NONE', *, *, #118, .T. ) ;
#149 = ORIENTED_EDGE ( 'NONE', *, *, #47, .F. ) ;
#150 = EDGE_CURVE ( 'NONE', #113, #52, #1169, .T. ) ;
#151 = EDGE_CURVE ( 'NONE', #117, #116, #1214, .T. ) ;
#152 = EDGE_CURVE ( 'NONE', #294, #207, #1209, .T. ) ;
#153 = ORIENTED_EDGE ( 'NONE', *, *, #63, .F. ) ;
#154 = ADVANCED_FACE ( 'NONE', ( #1216 ), #1203, .T. ) ;
#155 = EDGE_CURVE ( 'NONE', #110, #180, #1215, .T. ) ;
#156 = EDGE_LOOP ( 'NONE', ( #186, #182, #165, #107 ) ) ;
#157 = ORIENTED_EDGE ( 'NONE', *, *, #138, .F. ) ;
#158 = EDGE_CURVE ( 'NONE', #110, #66, #1207, .T. ) ;
#159 = ORIENTED_EDGE ( 'NONE', *, *, #26, .F. ) ;
#160 = ORIENTED_EDGE ( 'NONE', *, *, #128, .T. ) ;
#161 = EDGE_LOOP ( 'NONE', ( #148, #129, #192, #194 ) ) ;
#162 = ADVANCED_FACE ( 'NONE', ( #1200 ), #1158, .T. ) ;
#163 = ORIENTED_EDGE ( 'NONE', *, *, #273, .T. ) ;
#164 = EDGE_CURVE ( 'NONE', #121, #132, #1186, .T. ) ;
#165 = ORIENTED_EDGE ( 'NONE', *, *, #62, .F. ) ;
#166 = ADVANCED_FACE ( 'NONE', ( #1187 ), #1243, .F. ) ;
#167 = ADVANCED_FACE ( 'NONE', ( #1238 ), #1246, .F. ) ;
#168 = EDGE_CURVE ( 'NONE', #570, #266, #1236, .T. ) ;
#169 = VERTEX_POINT ( 'NONE', #1231 ) ;
#170 = ORIENTED_EDGE ( 'NONE', *, *, #94, .F. ) ;
#171 = ORIENTED_EDGE ( 'NONE', *, *, #142, .F. ) ;
#172 = ORIENTED_EDGE ( 'NONE', *, *, #65, .T. ) ;
#173 = ORIENTED_EDGE ( 'NONE', *, *, #158, .T. ) ;
#174 = ORIENTED_EDGE ( 'NONE', *, *, #184, .F. ) ;
#175 = EDGE_CURVE ( 'NONE', #257, #110, #1228, .T. ) ;
#176 = ORIENTED_EDGE ( 'NONE', *, *, #239, .F. ) ;
#177 = ORIENTED_EDGE ( 'NONE', *, *, #28, .F. ) ;
#178 = ORIENTED_EDGE ( 'NONE', *, *, #175, .F. ) ;
#179 = ORIENTED_EDGE ( 'NONE', *, *, #120, .T. ) ;
#180 = VERTEX_POINT ( 'NONE', #1189 ) ;
#181 = ADVANCED_FACE ( 'NONE', ( #1237 ), #1226, .F. ) ;
#182 = ORIENTED_EDGE ( 'NONE', *, *, #195, .F. ) ;
#183 = ORIENTED_EDGE ( 'NONE', *, *, #119, .F. ) ;
#184 = EDGE_CURVE ( 'NONE', #169, #54, #1276, .T. ) ;
#185 = EDGE_LOOP ( 'NONE', ( #124, #153, #86, #190 ) ) ;
#186 = ORIENTED_EDGE ( 'NONE', *, *, #138, .T. ) ;
#187 = EDGE_LOOP ( 'NONE', ( #2917, #102, #2916, #178 ) ) ;
#188 = ORIENTED_EDGE ( 'NONE', *, *, #96, .T. ) ;
#189 = ORIENTED_EDGE ( 'NONE', *, *, #195, .T. ) ;
#190 = ORIENTED_EDGE ( 'NONE', *, *, #147, .T. ) ;
#191 = ORIENTED_EDGE ( 'NONE', *, *, #215, .T. ) ;
#192 = ORIENTED_EDGE ( 'NONE', *, *, #17, .F. ) ;
#193 = ORIENTED_EDGE ( 'NONE', *, *, #155, .F. ) ;
#194 = ORIENTED_EDGE ( 'NONE', *, *, #97, .T. ) ;
#195 = EDGE_CURVE ( 'NONE', #78, #48, #1233, .T. ) ;
#196 = VERTEX_POINT ( 'NONE', #1221 ) ;
#197 = VERTEX_POINT ( 'NONE', #1272 ) ;
#198 = ORIENTED_EDGE ( 'NONE', *, *, #212, .F. ) ;
#199 = VERTEX_POINT ( 'NONE', #1271 ) ;
#200 = EDGE_CURVE ( 'NONE', #207, #257, #1268, .T. ) ;
#201 = VERTEX_POINT ( 'NONE', #1266 ) ;
#202 = ORIENTED_EDGE ( 'NONE', *, *, #2964, .F. ) ;
#203 = EDGE_CURVE ( 'NONE', #266, #287, #1260, .T. ) ;
#204 = ORIENTED_EDGE ( 'NONE', *, *, #219, .T. ) ;
#205 = VERTEX_POINT ( 'NONE', #1222 ) ;
#206 = ORIENTED_EDGE ( 'NONE', *, *, #540, .F. ) ;
#207 = VERTEX_POINT ( 'NONE', #1256 ) ;
#208 = ORIENTED_EDGE ( 'NONE', *, *, #223, .T. ) ;
#209 = ORIENTED_EDGE ( 'NONE', *, *, #200, .F. ) ;
#210 = VERTEX_POINT ( 'NONE', #1262 ) ;
#211 = ORIENTED_EDGE ( 'NONE', *, *, #239, .T. ) ;
#212 = EDGE_CURVE ( 'NONE', #257, #292, #1253, .T. ) ;
#213 = ORIENTED_EDGE ( 'NONE', *, *, #217, .F. ) ;
#214 = ADVANCED_FACE ( 'NONE', ( #1261 ), #1249, .T. ) ;
#215 = EDGE_CURVE ( 'NONE', #290, #1, #1254, .T. ) ;
#216 = EDGE_CURVE ( 'NONE', #201, #548, #1309, .T. ) ;
#217 = EDGE_CURVE ( 'NONE', #2970, #295, #1303, .T. ) ;
#218 = ORIENTED_EDGE ( 'NONE', *, *, #246, .F. ) ;
#219 = EDGE_CURVE ( 'NONE', #514, #220, #1299, .T. ) ;
#220 = VERTEX_POINT ( 'NONE', #1297 ) ;
#221 = ADVANCED_FACE ( 'NONE', ( #1305 ), #1314, .F. ) ;
#222 = ORIENTED_EDGE ( 'NONE', *, *, #235, .T. ) ;
#223 = EDGE_CURVE ( 'NONE', #225, #295, #1290, .T. ) ;
#224 = EDGE_CURVE ( 'NONE', #225, #255, #1291, .T. ) ;
#225 = VERTEX_POINT ( 'NONE', #1293 ) ;
#226 = ADVANCED_FACE ( 'NONE', ( #1340 ), #1296, .T. ) ;
#227 = ORIENTED_EDGE ( 'NONE', *, *, #543, .T. ) ;
#228 = VERTEX_POINT ( 'NONE', #1292 ) ;
#229 = EDGE_CURVE ( 'NONE', #220, #201, #1283, .T. ) ;
#230 = EDGE_CURVE ( 'NONE', #293, #270, #1339, .T. ) ;
#231 = EDGE_LOOP ( 'NONE', ( #57, #45, #59, #8, #64, #73, #80, #30, #7, #13, #19, #41 ) ) ;
#232 = EDGE_LOOP ( 'NONE', ( #206, #211, #240, #286 ) ) ;
#233 = EDGE_CURVE ( 'NONE', #293, #254, #1338, .T. ) ;
#234 = ORIENTED_EDGE ( 'NONE', *, *, #15, .F. ) ;
#235 = EDGE_CURVE ( 'NONE', #207, #284, #1325, .T. ) ;
#236 = ORIENTED_EDGE ( 'NONE', *, *, #224, .F. ) ;
#237 = ORIENTED_EDGE ( 'NONE', *, *, #465, .F. ) ;
#238 = EDGE_LOOP ( 'NONE', ( #245, #3, #281, #256, #272, #263, #247, #79 ) ) ;
#239 = EDGE_CURVE ( 'NONE', #205, #210, #1335, .T. ) ;
#240 = ORIENTED_EDGE ( 'NONE', *, *, #243, .F. ) ;
#241 = ORIENTED_EDGE ( 'NONE', *, *, #244, .F. ) ;
#242 = EDGE_CURVE ( 'NONE', #287, #292, #1327, .T. ) ;
#243 = EDGE_CURVE ( 'NONE', #248, #210, #1322, .T. ) ;
#244 = EDGE_CURVE ( 'NONE', #255, #228, #1369, .T. ) ;
#245 = ORIENTED_EDGE ( 'NONE', *, *, #233, .F. ) ;
#246 = EDGE_CURVE ( 'NONE', #199, #535, #1316, .T. ) ;
#247 = ORIENTED_EDGE ( 'NONE', *, *, #20, .F. ) ;
#248 = VERTEX_POINT ( 'NONE', #1370 ) ;
#249 = EDGE_CURVE ( 'NONE', #295, #284, #1255, .T. ) ;
#250 = ADVANCED_FACE ( 'NONE', ( #1362 ), #1374, .T. ) ;
#251 = EDGE_CURVE ( 'NONE', #228, #3036, #1352, .T. ) ;
#252 = ORIENTED_EDGE ( 'NONE', *, *, #537, .F. ) ;
#253 = EDGE_CURVE ( 'NONE', #539, #199, #1351, .T. ) ;
#254 = VERTEX_POINT ( 'NONE', #1368 ) ;
#255 = VERTEX_POINT ( 'NONE', #1359 ) ;
#256 = ORIENTED_EDGE ( 'NONE', *, *, #215, .F. ) ;
#257 = VERTEX_POINT ( 'NONE', #1353 ) ;
#258 = VERTEX_POINT ( 'NONE', #1408 ) ;
#259 = EDGE_CURVE ( 'NONE', #197, #258, #1347, .T. ) ;
#260 = VERTEX_POINT ( 'NONE', #1348 ) ;
#261 = VERTEX_POINT ( 'NONE', #1404 ) ;
#262 = ORIENTED_EDGE ( 'NONE', *, *, #273, .F. ) ;
#263 = ORIENTED_EDGE ( 'NONE', *, *, #268, .F. ) ;
#264 = EDGE_CURVE ( 'NONE', #290, #296, #1397, .T. ) ;
#265 = ORIENTED_EDGE ( 'NONE', *, *, #223, .F. ) ;
#266 = VERTEX_POINT ( 'NONE', #1342 ) ;
#267 = EDGE_LOOP ( 'NONE', ( #252, #279, #241, #236, #208, #213 ) ) ;
#268 = EDGE_CURVE ( 'NONE', #261, #296, #1399, .T. ) ;
#269 = ORIENTED_EDGE ( 'NONE', *, *, #242, .T. ) ;
#270 = VERTEX_POINT ( 'NONE', #1407 ) ;
#271 = ORIENTED_EDGE ( 'NONE', *, *, #203, .T. ) ;
#272 = ORIENTED_EDGE ( 'NONE', *, *, #264, .T. ) ;
#273 = EDGE_CURVE ( 'NONE', #266, #225, #1395, .T. ) ;
#274 = ORIENTED_EDGE ( 'NONE', *, *, #249, .F. ) ;
#275 = ORIENTED_EDGE ( 'NONE', *, *, #277, .F. ) ;
#276 = ORIENTED_EDGE ( 'NONE', *, *, #216, .T. ) ;
#277 = EDGE_CURVE ( 'NONE', #512, #500, #1382, .T. ) ;
#278 = EDGE_LOOP ( 'NONE', ( #274, #265, #262, #271, #269, #198, #209, #222 ) ) ;
#279 = ORIENTED_EDGE ( 'NONE', *, *, #251, .F. ) ;
#280 = EDGE_CURVE ( 'NONE', #294, #248, #490, .T. ) ;
#281 = ORIENTED_EDGE ( 'NONE', *, *, #5, .F. ) ;
#282 = ADVANCED_FACE ( 'NONE', ( #1442 ), #1437, .T. ) ;
#283 = ORIENTED_EDGE ( 'NONE', *, *, #229, .T. ) ;
#284 = VERTEX_POINT ( 'NONE', #1438 ) ;
#285 = EDGE_LOOP ( 'NONE', ( #275, #288 ) ) ;
#286 = ORIENTED_EDGE ( 'NONE', *, *, #280, .F. ) ;
#287 = VERTEX_POINT ( 'NONE', #1440 ) ;
#288 = ORIENTED_EDGE ( 'NONE', *, *, #509, .F. ) ;
#289 = EDGE_LOOP ( 'NONE', ( #6, #2, #76, #234 ) ) ;
#290 = VERTEX_POINT ( 'NONE', #1441 ) ;
#291 = ADVANCED_FACE ( 'NONE', ( #1431, #1439 ), #1432, .T. ) ;
#292 = VERTEX_POINT ( 'NONE', #1443 ) ;
#293 = VERTEX_POINT ( 'NONE', #1420 ) ;
#294 = VERTEX_POINT ( 'NONE', #1430 ) ;
#295 = VERTEX_POINT ( 'NONE', #1428 ) ;
#296 = VERTEX_POINT ( 'NONE', #1429 ) ;
#297 = ORIENTED_EDGE ( 'NONE', *, *, #333, .T. ) ;
#298 = ORIENTED_EDGE ( 'NONE', *, *, #299, .F. ) ;
#299 = EDGE_CURVE ( 'NONE', #220, #113, #1417, .T. ) ;
#300 = ORIENTED_EDGE ( 'NONE', *, *, #277, .T. ) ;
#301 = ORIENTED_EDGE ( 'NONE', *, *, #316, .T. ) ;
#302 = ORIENTED_EDGE ( 'NONE', *, *, #94, .T. ) ;
#303 = ORIENTED_EDGE ( 'NONE', *, *, #477, .T. ) ;
#304 = ADVANCED_FACE ( 'NONE', ( #1426 ), #1413, .F. ) ;
#305 = ORIENTED_EDGE ( 'NONE', *, *, #140, .T. ) ;
#306 = ORIENTED_EDGE ( 'NONE', *, *, #309, .F. ) ;
#307 = ADVANCED_FACE ( 'NONE', ( #1411 ), #1474, .F. ) ;
#308 = ORIENTED_EDGE ( 'NONE', *, *, #233, .T. ) ;
#309 = EDGE_CURVE ( 'NONE', #541, #293, #1427, .T. ) ;
#310 = ADVANCED_FACE ( 'NONE', ( #1444 ), #1470, .T. ) ;
#311 = ORIENTED_EDGE ( 'NONE', *, *, #542, .F. ) ;
#312 = ORIENTED_EDGE ( 'NONE', *, *, #299, .T. ) ;
#313 = ORIENTED_EDGE ( 'NONE', *, *, #916, .T. ) ;
#314 = ORIENTED_EDGE ( 'NONE', *, *, #253, .T. ) ;
#315 = ORIENTED_EDGE ( 'NONE', *, *, #119, .T. ) ;
#316 = EDGE_CURVE ( 'NONE', #319, #116, #1464, .T. ) ;
#317 = ORIENTED_EDGE ( 'NONE', *, *, #230, .F. ) ;
#318 = EDGE_LOOP ( 'NONE', ( #317, #306, #311, #332, #297, #315 ) ) ;
#319 = VERTEX_POINT ( 'NONE', #1462 ) ;
#320 = ORIENTED_EDGE ( 'NONE', *, *, #150, .T. ) ;
#321 = EDGE_CURVE ( 'NONE', #319, #534, #1450, .T. ) ;
#322 = ORIENTED_EDGE ( 'NONE', *, *, #130, .F. ) ;
#323 = ORIENTED_EDGE ( 'NONE', *, *, #229, .F. ) ;
#324 = EDGE_LOOP ( 'NONE', ( #320, #328, #323, #312 ) ) ;
#325 = ADVANCED_FACE ( 'NONE', ( #1468 ), #1445, .F. ) ;
#326 = ORIENTED_EDGE ( 'NONE', *, *, #344, .F. ) ;
#327 = ORIENTED_EDGE ( 'NONE', *, *, #348, .F. ) ;
#328 = ORIENTED_EDGE ( 'NONE', *, *, #333, .F. ) ;
#329 = ORIENTED_EDGE ( 'NONE', *, *, #550, .F. ) ;
#330 = EDGE_LOOP ( 'NONE', ( #341, #2977, #2981, #349 ) ) ;
#331 = EDGE_LOOP ( 'NONE', ( #322, #326, #327, #329, #340, #342, #343, #2976 ) ) ;
#332 = ORIENTED_EDGE ( 'NONE', *, *, #216, .F. ) ;
#333 = EDGE_CURVE ( 'NONE', #201, #52, #1452, .T. ) ;
#334 = EDGE_CURVE ( 'NONE', #339, #50, #1419, .T. ) ;
#335 = ORIENTED_EDGE ( 'NONE', *, *, #537, .T. ) ;
#336 = ADVANCED_FACE ( 'NONE', ( #1455 ), #1500, .F. ) ;
#337 = EDGE_LOOP ( 'NONE', ( #2934, #2933, #2982, #335, #2938, #2974 ) ) ;
#338 = EDGE_CURVE ( 'NONE', #339, #511, #1491, .T. ) ;
#339 = VERTEX_POINT ( 'NONE', #1488 ) ;
#340 = ORIENTED_EDGE ( 'NONE', *, *, #338, .F. ) ;
#341 = ORIENTED_EDGE ( 'NONE', *, *, #56, .T. ) ;
#342 = ORIENTED_EDGE ( 'NONE', *, *, #334, .T. ) ;
#343 = ORIENTED_EDGE ( 'NONE', *, *, #46, .T. ) ;
#344 = EDGE_CURVE ( 'NONE', #345, #121, #1484, .T. ) ;
#345 = VERTEX_POINT ( 'NONE', #1492 ) ;
#346 = EDGE_CURVE ( 'NONE', #2975, #339, #1477, .T. ) ;
#347 = EDGE_CURVE ( 'NONE', #2975, #36, #1533, .T. ) ;
#348 = EDGE_CURVE ( 'NONE', #496, #345, #1529, .T. ) ;
#349 = ORIENTED_EDGE ( 'NONE', *, *, #347, .T. ) ;
#350 = EDGE_CURVE ( 'NONE', #913, #921, #1534, .T. ) ;
#351 = ADVANCED_FACE ( 'NONE', ( #1524 ), #1490, .F. ) ;
#352 = ORIENTED_EDGE ( 'NONE', *, *, #350, .T. ) ;
#353 = EDGE_LOOP ( 'NONE', ( #352, #313 ) ) ;
#354 = ORIENTED_EDGE ( 'NONE', *, *, #350, .F. ) ;
#355 = ORIENTED_EDGE ( 'NONE', *, *, #81, .T. ) ;
#356 = ORIENTED_EDGE ( 'NONE', *, *, #27, .T. ) ;
#357 = ADVANCED_FACE ( 'NONE', ( #1516 ), #1520, .T. ) ;
#358 = EDGE_LOOP ( 'NONE', ( #314, #302, #298, #572, #573, #559, #301, #305 ) ) ;
#359 = ORIENTED_EDGE ( 'NONE', *, *, #510, .T. ) ;
#360 = EDGE_LOOP ( 'NONE', ( #372, #393, #390, #374 ) ) ;
#361 = ORIENTED_EDGE ( 'NONE', *, *, #365, .T. ) ;
#362 = ORIENTED_EDGE ( 'NONE', *, *, #367, .T. ) ;
#363 = EDGE_CURVE ( 'NONE', #3033, #3022, #1517, .T. ) ;
#364 = ADVANCED_FACE ( 'NONE', ( #1515 ), #1514, .F. ) ;
#365 = EDGE_CURVE ( 'NONE', #3006, #3033, #1566, .T. ) ;
#366 = VERTEX_POINT ( 'NONE', #1564 ) ;
#367 = EDGE_CURVE ( 'NONE', #2999, #3006, #1478, .T. ) ;
#368 = ORIENTED_EDGE ( 'NONE', *, *, #3007, .T. ) ;
#369 = EDGE_CURVE ( 'NONE', #376, #388, #1559, .T. ) ;
#370 = EDGE_CURVE ( 'NONE', #366, #388, #1548, .T. ) ;
#371 = ORIENTED_EDGE ( 'NONE', *, *, #405, .T. ) ;
#372 = ORIENTED_EDGE ( 'NONE', *, *, #394, .T. ) ;
#373 = EDGE_LOOP ( 'NONE', ( #408, #396, #382, #391 ) ) ;
#374 = ORIENTED_EDGE ( 'NONE', *, *, #377, .T. ) ;
#375 = ORIENTED_EDGE ( 'NONE', *, *, #381, .F. ) ;
#376 = VERTEX_POINT ( 'NONE', #1560 ) ;
#377 = EDGE_CURVE ( 'NONE', #3025, #457, #1555, .T. ) ;
#378 = ADVANCED_FACE ( 'NONE', ( #1556 ), #1538, .F. ) ;
#379 = EDGE_CURVE ( 'NONE', #386, #366, #1602, .T. ) ;
#380 = VERTEX_POINT ( 'NONE', #1599 ) ;
#381 = EDGE_CURVE ( 'NONE', #380, #3025, #1595, .T. ) ;
#382 = ORIENTED_EDGE ( 'NONE', *, *, #397, .F. ) ;
#383 = ORIENTED_EDGE ( 'NONE', *, *, #377, .F. ) ;
#384 = EDGE_LOOP ( 'NONE', ( #371, #557, #558, #413 ) ) ;
#385 = ADVANCED_FACE ( 'NONE', ( #1543 ), #1544, .F. ) ;
#386 = VERTEX_POINT ( 'NONE', #1601 ) ;
#387 = ORIENTED_EDGE ( 'NONE', *, *, #3003, .F. ) ;
#388 = VERTEX_POINT ( 'NONE', #1587 ) ;
#389 = ORIENTED_EDGE ( 'NONE', *, *, #3017, .F. ) ;
#390 = ORIENTED_EDGE ( 'NONE', *, *, #392, .F. ) ;
#391 = ORIENTED_EDGE ( 'NONE', *, *, #379, .T. ) ;
#392 = EDGE_CURVE ( 'NONE', #3025, #386, #1592, .T. ) ;
#393 = ORIENTED_EDGE ( 'NONE', *, *, #379, .F. ) ;
#394 = EDGE_CURVE ( 'NONE', #457, #366, #1576, .T. ) ;
#395 = ORIENTED_EDGE ( 'NONE', *, *, #394, .F. ) ;
#396 = ORIENTED_EDGE ( 'NONE', *, *, #369, .F. ) ;
#397 = EDGE_CURVE ( 'NONE', #386, #376, #1593, .T. ) ;
#398 = ADVANCED_FACE ( 'NONE', ( #1537 ), #1569, .F. ) ;
#399 = ADVANCED_FACE ( 'NONE', ( #1631 ), #1578, .F. ) ;
#400 = ORIENTED_EDGE ( 'NONE', *, *, #679, .T. ) ;
#401 = APPROVAL_STATUS ( 'not_yet_approved' ) ;
#402 = ORIENTED_EDGE ( 'NONE', *, *, #3016, .F. ) ;
#403 = ORIENTED_EDGE ( 'NONE', *, *, #417, .T. ) ;
#404 = ORIENTED_EDGE ( 'NONE', *, *, #392, .T. ) ;
#405 = EDGE_CURVE ( 'NONE', #388, #462, #1617, .T. ) ;
#406 = ORIENTED_EDGE ( 'NONE', *, *, #367, .F. ) ;
#407 = EDGE_LOOP ( 'NONE', ( #414, #421 ) ) ;
#408 = ORIENTED_EDGE ( 'NONE', *, *, #370, .T. ) ;
#409 = ORIENTED_EDGE ( 'NONE', *, *, #412, .F. ) ;
#410 = ORIENTED_EDGE ( 'NONE', *, *, #418, .F. ) ;
#411 = EDGE_LOOP ( 'NONE', ( #406, #409 ) ) ;
#412 = EDGE_CURVE ( 'NONE', #3006, #2999, #1613, .T. ) ;
#413 = ORIENTED_EDGE ( 'NONE', *, *, #369, .T. ) ;
#414 = ORIENTED_EDGE ( 'NONE', *, *, #423, .F. ) ;
#415 = EDGE_LOOP ( 'NONE', ( #402, #410 ) ) ;
#416 = ORIENTED_EDGE ( 'NONE', *, *, #365, .F. ) ;
#417 = EDGE_CURVE ( 'NONE', #376, #380, #1622, .T. ) ;
#418 = EDGE_CURVE ( 'NONE', #3034, #3015, #1625, .T. ) ;
#419 = ADVANCED_FACE ( 'NONE', ( #1609, #1607, #1605 ), #1610, .T. ) ;
#420 = EDGE_CURVE ( 'NONE', #3022, #3033, #1660, .T. ) ;
#421 = ORIENTED_EDGE ( 'NONE', *, *, #3032, .F. ) ;
#422 = EDGE_LOOP ( 'NONE', ( #387, #439, #435, #395 ) ) ;
#423 = EDGE_CURVE ( 'NONE', #3028, #3021, #1647, .T. ) ;
#424 = ADVANCED_FACE ( 'NONE', ( #1642, #1663, #1650 ), #1655, .F. ) ;
#425 = ORIENTED_EDGE ( 'NONE', *, *, #397, .T. ) ;
#426 = ORIENTED_EDGE ( 'NONE', *, *, #381, .T. ) ;
#427 = EDGE_LOOP ( 'NONE', ( #426, #404, #425, #403 ) ) ;
#428 = ORIENTED_EDGE ( 'NONE', *, *, #461, .T. ) ;
#429 = EDGE_CURVE ( 'NONE', #445, #446, #1648, .T. ) ;
#430 = EDGE_LOOP ( 'NONE', ( #434, #618, #621, #624 ) ) ;
#431 = EDGE_LOOP ( 'NONE', ( #416, #432, #428, #449 ) ) ;
#432 = ORIENTED_EDGE ( 'NONE', *, *, #412, .T. ) ;
#433 = ORIENTED_EDGE ( 'NONE', *, *, #418, .T. ) ;
#434 = ORIENTED_EDGE ( 'NONE', *, *, #456, .F. ) ;
#435 = ORIENTED_EDGE ( 'NONE', *, *, #370, .F. ) ;
#436 = ADVANCED_FACE ( 'NONE', ( #1654 ), #1101, .F. ) ;
#437 = EDGE_LOOP ( 'NONE', ( #438, #440 ) ) ;
#438 = ORIENTED_EDGE ( 'NONE', *, *, #420, .F. ) ;
#439 = ORIENTED_EDGE ( 'NONE', *, *, #405, .F. ) ;
#440 = ORIENTED_EDGE ( 'NONE', *, *, #363, .F. ) ;
#441 = CLOSED_SHELL ( 'NONE', ( #459, #364, #378, #398, #385, #399, #419, #424, #436, #455 ) ) ;
#442 = VERTEX_POINT ( 'NONE', #1690 ) ;
#443 = APPROVAL ( #401, 'UNKNOWN' ) ;
#444 = VERTEX_POINT ( 'NONE', #1688 ) ;
#445 = VERTEX_POINT ( 'NONE', #1686 ) ;
#446 = VERTEX_POINT ( 'NONE', #1694 ) ;
#447 = MANIFOLD_SOLID_BREP ( 'ｶｯﾄ - 押し出し3', #817 ) ;
#448 = ORIENTED_EDGE ( 'NONE', *, *, #450, .F. ) ;
#449 = ORIENTED_EDGE ( 'NONE', *, *, #420, .T. ) ;
#450 = EDGE_CURVE ( 'NONE', #612, #613, #1685, .T. ) ;
#451 = ORIENTED_EDGE ( 'NONE', *, *, #423, .T. ) ;
#452 = ORIENTED_EDGE ( 'NONE', *, *, #3030, .T. ) ;
#453 = EDGE_LOOP ( 'NONE', ( #389, #433, #452, #451 ) ) ;
#454 = EDGE_CURVE ( 'NONE', #553, #580, #1684, .T. ) ;
#455 = ADVANCED_FACE ( 'NONE', ( #1683 ), #1678, .F. ) ;
#456 = EDGE_CURVE ( 'NONE', #445, #442, #1693, .T. ) ;
#457 = VERTEX_POINT ( 'NONE', #1667 ) ;
#458 = EDGE_LOOP ( 'NONE', ( #3023, #383, #375, #368 ) ) ;
#459 = ADVANCED_FACE ( 'NONE', ( #1721 ), #1677, .F. ) ;
#460 = ORIENTED_EDGE ( 'NONE', *, *, #363, .T. ) ;
#461 = EDGE_CURVE ( 'NONE', #2999, #3022, #1672, .T. ) ;
#462 = VERTEX_POINT ( 'NONE', #1716 ) ;
#463 = EDGE_LOOP ( 'NONE', ( #237, #204, #283, #276 ) ) ;
#464 = ORIENTED_EDGE ( 'NONE', *, *, #546, .T. ) ;
#465 = EDGE_CURVE ( 'NONE', #514, #548, #1714, .T. ) ;
#466 = ORIENTED_EDGE ( 'NONE', *, *, #474, .T. ) ;
#467 = EDGE_CURVE ( 'NONE', #469, #475, #1720, .T. ) ;
#468 = ORIENTED_EDGE ( 'NONE', *, *, #485, .T. ) ;
#469 = VERTEX_POINT ( 'NONE', #1705 ) ;
#470 = ORIENTED_EDGE ( 'NONE', *, *, #473, .F. ) ;
#471 = ORIENTED_EDGE ( 'NONE', *, *, #492, .T. ) ;
#472 = ORIENTED_EDGE ( 'NONE', *, *, #483, .F. ) ;
#473 = EDGE_CURVE ( 'NONE', #479, #469, #1703, .T. ) ;
#474 = EDGE_CURVE ( 'NONE', #479, #478, #1709, .T. ) ;
#475 = VERTEX_POINT ( 'NONE', #1701 ) ;
#476 = ORIENTED_EDGE ( 'NONE', *, *, #467, .F. ) ;
#477 = EDGE_CURVE ( 'NONE', #913, #922, #1750, .T. ) ;
#478 = VERTEX_POINT ( 'NONE', #1752 ) ;
#479 = VERTEX_POINT ( 'NONE', #1753 ) ;
#480 = EDGE_LOOP ( 'NONE', ( #472, #471, #488, #577 ) ) ;
#481 = VERTEX_POINT ( 'NONE', #1744 ) ;
#482 = VERTEX_POINT ( 'NONE', #1751 ) ;
#483 = EDGE_CURVE ( 'NONE', #481, #482, #1742, .T. ) ;
#484 = ADVANCED_FACE ( 'NONE', ( #1754 ), #1697, .F. ) ;
#485 = EDGE_CURVE ( 'NONE', #478, #475, #1746, .T. ) ;
#486 = ADVANCED_FACE ( 'NONE', ( #1725 ), #1735, .F. ) ;
#487 = EDGE_LOOP ( 'NONE', ( #470, #466, #468, #476 ) ) ;
#488 = ORIENTED_EDGE ( 'NONE', *, *, #585, .T. ) ;
#489 = CARTESIAN_POINT ( 'NONE',  ( -1.375000000000001300, -8.000000000000000000, -7.878780585351224300 ) ) ;
#490 = LINE ( 'NONE', #489, #818 ) ;
#491 = EDGE_LOOP ( 'NONE', ( #506, #527, #516, #507, #498, #519 ) ) ;
#492 = EDGE_CURVE ( 'NONE', #481, #493, #1722, .T. ) ;
#493 = VERTEX_POINT ( 'NONE', #1737 ) ;
#494 = MANIFOLD_SOLID_BREP ( 'ｶｯﾄ - 押し出し2', #926 ) ;
#495 = ORIENTED_EDGE ( 'NONE', *, *, #497, .F. ) ;
#496 = VERTEX_POINT ( 'NONE', #1732 ) ;
#497 = EDGE_CURVE ( 'NONE', #502, #512, #1731, .T. ) ;
#498 = ORIENTED_EDGE ( 'NONE', *, *, #517, .T. ) ;
#499 = VERTEX_POINT ( 'NONE', #1781 ) ;
#500 = VERTEX_POINT ( 'NONE', #1775 ) ;
#501 = VERTEX_POINT ( 'NONE', #1773 ) ;
#502 = VERTEX_POINT ( 'NONE', #1778 ) ;
#503 = ORIENTED_EDGE ( 'NONE', *, *, #509, .T. ) ;
#504 = ORIENTED_EDGE ( 'NONE', *, *, #508, .T. ) ;
#505 = VERTEX_POINT ( 'NONE', #1776 ) ;
#506 = ORIENTED_EDGE ( 'NONE', *, *, #522, .F. ) ;
#507 = ORIENTED_EDGE ( 'NONE', *, *, #518, .T. ) ;
#508 = EDGE_CURVE ( 'NONE', #499, #500, #1771, .T. ) ;
#509 = EDGE_CURVE ( 'NONE', #500, #512, #1770, .T. ) ;
#510 = EDGE_CURVE ( 'NONE', #499, #502, #1702, .T. ) ;
#511 = VERTEX_POINT ( 'NONE', #1766 ) ;
#512 = VERTEX_POINT ( 'NONE', #1755 ) ;
#513 = ORIENTED_EDGE ( 'NONE', *, *, #530, .T. ) ;
#514 = VERTEX_POINT ( 'NONE', #1765 ) ;
#515 = EDGE_LOOP ( 'NONE', ( #513, #536, #524, #533, #544, #464 ) ) ;
#516 = ORIENTED_EDGE ( 'NONE', *, *, #521, .T. ) ;
#517 = EDGE_CURVE ( 'NONE', #520, #511, #1756, .T. ) ;
#518 = EDGE_CURVE ( 'NONE', #529, #520, #1810, .T. ) ;
#519 = ORIENTED_EDGE ( 'NONE', *, *, #550, .T. ) ;
#520 = VERTEX_POINT ( 'NONE', #1762 ) ;
#521 = EDGE_CURVE ( 'NONE', #526, #529, #1757, .T. ) ;
#522 = EDGE_CURVE ( 'NONE', #501, #496, #1804, .T. ) ;
#523 = ADVANCED_FACE ( 'NONE', ( #1806 ), #1805, .F. ) ;
#524 = ORIENTED_EDGE ( 'NONE', *, *, #525, .T. ) ;
#525 = EDGE_CURVE ( 'NONE', #534, #514, #1794, .T. ) ;
#526 = VERTEX_POINT ( 'NONE', #1790 ) ;
#527 = ORIENTED_EDGE ( 'NONE', *, *, #528, .T. ) ;
#528 = EDGE_CURVE ( 'NONE', #501, #526, #1797, .T. ) ;
#529 = VERTEX_POINT ( 'NONE', #1795 ) ;
#530 = EDGE_CURVE ( 'NONE', #505, #547, #1840, .T. ) ;
#531 = ADVANCED_FACE ( 'NONE', ( #1787 ), #1842, .T. ) ;
#532 = EDGE_CURVE ( 'NONE', #547, #534, #1836, .T. ) ;
#533 = ORIENTED_EDGE ( 'NONE', *, *, #465, .T. ) ;
#534 = VERTEX_POINT ( 'NONE', #1812 ) ;
#535 = VERTEX_POINT ( 'NONE', #1834 ) ;
#536 = ORIENTED_EDGE ( 'NONE', *, *, #532, .T. ) ;
#537 = EDGE_CURVE ( 'NONE', #3036, #2970, #1841, .T. ) ;
#538 = VERTEX_POINT ( 'NONE', #1830 ) ;
#539 = VERTEX_POINT ( 'NONE', #1829 ) ;
#540 = EDGE_CURVE ( 'NONE', #205, #294, #1824, .T. ) ;
#541 = VERTEX_POINT ( 'NONE', #1822 ) ;
#542 = EDGE_CURVE ( 'NONE', #548, #541, #1817, .T. ) ;
#543 = EDGE_CURVE ( 'NONE', #538, #535, #1874, .T. ) ;
#544 = ORIENTED_EDGE ( 'NONE', *, *, #542, .T. ) ;
#545 = EDGE_LOOP ( 'NONE', ( #552, #227, #218, #4 ) ) ;
#546 = EDGE_CURVE ( 'NONE', #541, #505, #1828, .T. ) ;
#547 = VERTEX_POINT ( 'NONE', #1823 ) ;
#548 = VERTEX_POINT ( 'NONE', #1870 ) ;
#549 = EDGE_CURVE ( 'NONE', #538, #539, #1864, .T. ) ;
#550 = EDGE_CURVE ( 'NONE', #511, #496, #1859, .T. ) ;
#551 = AXIS2_PLACEMENT_3D ( 'NONE', #581, #1392, #1403 ) ;
#552 = ORIENTED_EDGE ( 'NONE', *, *, #549, .F. ) ;
#553 = VERTEX_POINT ( 'NONE', #1866 ) ;
#554 = EDGE_CURVE ( 'NONE', #565, #794, #1860, .T. ) ;
#555 = ORIENTED_EDGE ( 'NONE', *, *, #528, .F. ) ;
#556 = ORIENTED_EDGE ( 'NONE', *, *, #2997, .F. ) ;
#557 = ORIENTED_EDGE ( 'NONE', *, *, #3007, .F. ) ;
#558 = ORIENTED_EDGE ( 'NONE', *, *, #417, .F. ) ;
#559 = ORIENTED_EDGE ( 'NONE', *, *, #321, .F. ) ;
#560 = ORIENTED_EDGE ( 'NONE', *, *, #566, .T. ) ;
#561 = ADVANCED_FACE ( 'NONE', ( #1865 ), #1818, .F. ) ;
#562 = EDGE_CURVE ( 'NONE', #482, #584, #1849, .T. ) ;
#563 = EDGE_CURVE ( 'NONE', #565, #569, #1848, .T. ) ;
#564 = VERTEX_POINT ( 'NONE', #1854 ) ;
#565 = VERTEX_POINT ( 'NONE', #1905 ) ;
#566 = EDGE_CURVE ( 'NONE', #564, #569, #1897, .T. ) ;
#567 = ORIENTED_EDGE ( 'NONE', *, *, #563, .F. ) ;
#568 = EDGE_LOOP ( 'NONE', ( #560, #567, #578, #797 ) ) ;
#569 = VERTEX_POINT ( 'NONE', #1893 ) ;
#570 = VERTEX_POINT ( 'NONE', #1892 ) ;
#571 = ORIENTED_EDGE ( 'NONE', *, *, #135, .F. ) ;
#572 = ORIENTED_EDGE ( 'NONE', *, *, #219, .F. ) ;
#573 = ORIENTED_EDGE ( 'NONE', *, *, #525, .F. ) ;
#574 = ORIENTED_EDGE ( 'NONE', *, *, #96, .F. ) ;
#575 = ORIENTED_EDGE ( 'NONE', *, *, #27, .F. ) ;
#576 = ORIENTED_EDGE ( 'NONE', *, *, #75, .T. ) ;
#577 = ORIENTED_EDGE ( 'NONE', *, *, #562, .F. ) ;
#578 = ORIENTED_EDGE ( 'NONE', *, *, #790, .F. ) ;
#579 = ADVANCED_FACE ( 'NONE', ( #1901 ), #1899, .T. ) ;
#580 = VERTEX_POINT ( 'NONE', #1886 ) ;
#581 = CARTESIAN_POINT ( 'NONE',  ( -4.400000000000000400, 4.250000000000000000, -3.000024999999999900 ) ) ;
#582 = ORIENTED_EDGE ( 'NONE', *, *, #467, .T. ) ;
#583 = ORIENTED_EDGE ( 'NONE', *, *, #510, .F. ) ;
#584 = VERTEX_POINT ( 'NONE', #1890 ) ;
#585 = EDGE_CURVE ( 'NONE', #493, #584, #1888, .T. ) ;
#586 = VERTEX_POINT ( 'NONE', #1898 ) ;
#587 = VERTEX_POINT ( 'NONE', #1885 ) ;
#588 = ADVANCED_FACE ( 'NONE', ( #1878 ), #1386, .T. ) ;
#589 = ORIENTED_EDGE ( 'NONE', *, *, #599, .T. ) ;
#590 = EDGE_CURVE ( 'NONE', #594, #587, #1391, .T. ) ;
#591 = ORIENTED_EDGE ( 'NONE', *, *, #590, .F. ) ;
#592 = ORIENTED_EDGE ( 'NONE', *, *, #647, .F. ) ;
#593 = ORIENTED_EDGE ( 'NONE', *, *, #598, .T. ) ;
#594 = VERTEX_POINT ( 'NONE', #1387 ) ;
#595 = VERTEX_POINT ( 'NONE', #1632 ) ;
#596 = VERTEX_POINT ( 'NONE', #1887 ) ;
#597 = ORIENTED_EDGE ( 'NONE', *, *, #607, .T. ) ;
#598 = EDGE_CURVE ( 'NONE', #595, #596, #1634, .T. ) ;
#599 = EDGE_CURVE ( 'NONE', #586, #587, #1938, .T. ) ;
#600 = EDGE_CURVE ( 'NONE', #613, #596, #1932, .T. ) ;
#601 = EDGE_LOOP ( 'NONE', ( #602, #666 ) ) ;
#602 = ORIENTED_EDGE ( 'NONE', *, *, #620, .F. ) ;
#603 = ORIENTED_EDGE ( 'NONE', *, *, #604, .T. ) ;
#604 = EDGE_CURVE ( 'NONE', #553, #616, #1941, .T. ) ;
#605 = VERTEX_POINT ( 'NONE', #1931 ) ;
#606 = EDGE_CURVE ( 'NONE', #616, #605, #1927, .T. ) ;
#607 = EDGE_CURVE ( 'NONE', #612, #595, #1925, .T. ) ;
#608 = ORIENTED_EDGE ( 'NONE', *, *, #600, .F. ) ;
#609 = ORIENTED_EDGE ( 'NONE', *, *, #606, .T. ) ;
#610 = EDGE_CURVE ( 'NONE', #580, #605, #1924, .T. ) ;
#611 = EDGE_LOOP ( 'NONE', ( #589, #591, #592, #651 ) ) ;
#612 = VERTEX_POINT ( 'NONE', #1914 ) ;
#613 = VERTEX_POINT ( 'NONE', #1972 ) ;
#614 = ADVANCED_FACE ( 'NONE', ( #1971, #1917 ), #1912, .T. ) ;
#615 = ADVANCED_FACE ( 'NONE', ( #1911 ), #1934, .F. ) ;
#616 = VERTEX_POINT ( 'NONE', #1958 ) ;
#617 = ORIENTED_EDGE ( 'NONE', *, *, #454, .F. ) ;
#618 = ORIENTED_EDGE ( 'NONE', *, *, #429, .T. ) ;
#619 = EDGE_CURVE ( 'NONE', #446, #444, #1961, .T. ) ;
#620 = EDGE_CURVE ( 'NONE', #605, #616, #1957, .T. ) ;
#621 = ORIENTED_EDGE ( 'NONE', *, *, #619, .T. ) ;
#622 = EDGE_CURVE ( 'NONE', #442, #444, #1942, .T. ) ;
#623 = EDGE_LOOP ( 'NONE', ( #617, #603, #609, #625 ) ) ;
#624 = ORIENTED_EDGE ( 'NONE', *, *, #622, .F. ) ;
#625 = ORIENTED_EDGE ( 'NONE', *, *, #610, .F. ) ;
#626 = EDGE_LOOP ( 'NONE', ( #448, #597, #593, #608 ) ) ;
#627 = ORIENTED_EDGE ( 'NONE', *, *, #710, .T. ) ;
#628 = EDGE_LOOP ( 'NONE', ( #692, #662 ) ) ;
#629 = EDGE_CURVE ( 'NONE', #638, #586, #1951, .T. ) ;
#630 = ADVANCED_FACE ( 'NONE', ( #2000 ), #1998, .F. ) ;
#631 = ORIENTED_EDGE ( 'NONE', *, *, #629, .T. ) ;
#632 = ORIENTED_EDGE ( 'NONE', *, *, #712, .T. ) ;
#633 = VERTEX_POINT ( 'NONE', #1999 ) ;
#634 = ORIENTED_EDGE ( 'NONE', *, *, #664, .F. ) ;
#635 = EDGE_CURVE ( 'NONE', #659, #656, #1994, .T. ) ;
#636 = EDGE_LOOP ( 'NONE', ( #655, #642, #641, #709, #627, #661 ) ) ;
#637 = ORIENTED_EDGE ( 'NONE', *, *, #635, .T. ) ;
#638 = VERTEX_POINT ( 'NONE', #1989 ) ;
#639 = EDGE_LOOP ( 'NONE', ( #632, #631, #695, #699, #701, #705, #708, #684, #694, #689 ) ) ;
#640 = ADVANCED_FACE ( 'NONE', ( #1987 ), #1973, .T. ) ;
#641 = ORIENTED_EDGE ( 'NONE', *, *, #645, .T. ) ;
#642 = ORIENTED_EDGE ( 'NONE', *, *, #646, .F. ) ;
#643 = EDGE_CURVE ( 'NONE', #652, #665, #1992, .T. ) ;
#644 = VERTEX_POINT ( 'NONE', #1985 ) ;
#645 = EDGE_CURVE ( 'NONE', #644, #706, #1977, .T. ) ;
#646 = EDGE_CURVE ( 'NONE', #644, #652, #1981, .T. ) ;
#647 = EDGE_CURVE ( 'NONE', #648, #594, #2033, .T. ) ;
#648 = VERTEX_POINT ( 'NONE', #1986 ) ;
#649 = EDGE_LOOP ( 'NONE', ( #660, #663, #634, #637 ) ) ;
#650 = EDGE_CURVE ( 'NONE', #665, #657, #2027, .T. ) ;
#651 = ORIENTED_EDGE ( 'NONE', *, *, #654, .T. ) ;
#652 = VERTEX_POINT ( 'NONE', #1997 ) ;
#653 = EDGE_CURVE ( 'NONE', #656, #657, #2037, .T. ) ;
#654 = EDGE_CURVE ( 'NONE', #648, #586, #2020, .T. ) ;
#655 = ORIENTED_EDGE ( 'NONE', *, *, #643, .F. ) ;
#656 = VERTEX_POINT ( 'NONE', #2029 ) ;
#657 = VERTEX_POINT ( 'NONE', #2017 ) ;
#658 = ADVANCED_FACE ( 'NONE', ( #2012 ), #2028, .T. ) ;
#659 = VERTEX_POINT ( 'NONE', #1978 ) ;
#660 = ORIENTED_EDGE ( 'NONE', *, *, #653, .T. ) ;
#661 = ORIENTED_EDGE ( 'NONE', *, *, #664, .T. ) ;
#662 = ORIENTED_EDGE ( 'NONE', *, *, #619, .F. ) ;
#663 = ORIENTED_EDGE ( 'NONE', *, *, #650, .F. ) ;
#664 = EDGE_CURVE ( 'NONE', #659, #665, #2011, .T. ) ;
#665 = VERTEX_POINT ( 'NONE', #2009 ) ;
#666 = ORIENTED_EDGE ( 'NONE', *, *, #606, .F. ) ;
#667 = ORIENTED_EDGE ( 'NONE', *, *, #672, .F. ) ;
#668 = ORIENTED_EDGE ( 'NONE', *, *, #750, .F. ) ;
#669 = ORIENTED_EDGE ( 'NONE', *, *, #672, .T. ) ;
#670 = ORIENTED_EDGE ( 'NONE', *, *, #679, .F. ) ;
#671 = EDGE_CURVE ( 'NONE', #594, #676, #2002, .T. ) ;
#672 = EDGE_CURVE ( 'NONE', #696, #745, #2059, .T. ) ;
#673 = EDGE_CURVE ( 'NONE', #691, #587, #2054, .T. ) ;
#674 = EDGE_CURVE ( 'NONE', #703, #691, #2018, .T. ) ;
#675 = ORIENTED_EDGE ( 'NONE', *, *, #600, .T. ) ;
#676 = VERTEX_POINT ( 'NONE', #2050 ) ;
#677 = ORIENTED_EDGE ( 'NONE', *, *, #674, .F. ) ;
#678 = EDGE_CURVE ( 'NONE', #686, #703, #2046, .T. ) ;
#679 = EDGE_CURVE ( 'NONE', #676, #745, #2055, .T. ) ;
#680 = ORIENTED_EDGE ( 'NONE', *, *, #678, .F. ) ;
#681 = EDGE_CURVE ( 'NONE', #686, #613, #2092, .T. ) ;
#682 = EDGE_CURVE ( 'NONE', #596, #652, #2087, .T. ) ;
#683 = ORIENTED_EDGE ( 'NONE', *, *, #681, .T. ) ;
#684 = ORIENTED_EDGE ( 'NONE', *, *, #710, .F. ) ;
#685 = EDGE_CURVE ( 'NONE', #697, #633, #2062, .T. ) ;
#686 = VERTEX_POINT ( 'NONE', #2064 ) ;
#687 = EDGE_LOOP ( 'NONE', ( #688, #677, #680, #683, #675, #746, #749, #748, #668, #670, #738, #747 ) ) ;
#688 = ORIENTED_EDGE ( 'NONE', *, *, #673, .F. ) ;
#689 = ORIENTED_EDGE ( 'NONE', *, *, #704, .T. ) ;
#690 = ADVANCED_FACE ( 'NONE', ( #2088, #2082 ), #2079, .T. ) ;
#691 = VERTEX_POINT ( 'NONE', #2080 ) ;
#692 = ORIENTED_EDGE ( 'NONE', *, *, #693, .F. ) ;
#693 = EDGE_CURVE ( 'NONE', #444, #446, #2076, .T. ) ;
#694 = ORIENTED_EDGE ( 'NONE', *, *, #685, .F. ) ;
#695 = ORIENTED_EDGE ( 'NONE', *, *, #654, .F. ) ;
#696 = VERTEX_POINT ( 'NONE', #2074 ) ;
#697 = VERTEX_POINT ( 'NONE', #2073 ) ;
#698 = EDGE_CURVE ( 'NONE', #648, #711, #2068, .T. ) ;
#699 = ORIENTED_EDGE ( 'NONE', *, *, #698, .T. ) ;
#700 = EDGE_CURVE ( 'NONE', #711, #696, #2066, .T. ) ;
#701 = ORIENTED_EDGE ( 'NONE', *, *, #700, .T. ) ;
#702 = EDGE_CURVE ( 'NONE', #696, #656, #2129, .T. ) ;
#703 = VERTEX_POINT ( 'NONE', #2122 ) ;
#704 = EDGE_CURVE ( 'NONE', #697, #713, #2118, .T. ) ;
#705 = ORIENTED_EDGE ( 'NONE', *, *, #702, .T. ) ;
#706 = VERTEX_POINT ( 'NONE', #2116 ) ;
#707 = EDGE_CURVE ( 'NONE', #706, #633, #2113, .T. ) ;
#708 = ORIENTED_EDGE ( 'NONE', *, *, #635, .F. ) ;
#709 = ORIENTED_EDGE ( 'NONE', *, *, #707, .T. ) ;
#710 = EDGE_CURVE ( 'NONE', #633, #659, #2110, .T. ) ;
#711 = VERTEX_POINT ( 'NONE', #2104 ) ;
#712 = EDGE_CURVE ( 'NONE', #713, #638, #2105, .T. ) ;
#713 = VERTEX_POINT ( 'NONE', #2094 ) ;
#714 = EDGE_LOOP ( 'NONE', ( #721, #780, #777, #783, #785, #762 ) ) ;
#715 = ADVANCED_FACE ( 'NONE', ( #2102 ), #2112, .F. ) ;
#716 = ORIENTED_EDGE ( 'NONE', *, *, #712, .F. ) ;
#717 = EDGE_CURVE ( 'NONE', #706, #779, #2157, .T. ) ;
#718 = ORIENTED_EDGE ( 'NONE', *, *, #720, .T. ) ;
#719 = ORIENTED_EDGE ( 'NONE', *, *, #788, .F. ) ;
#720 = EDGE_CURVE ( 'NONE', #713, #703, #2161, .T. ) ;
#721 = ORIENTED_EDGE ( 'NONE', *, *, #678, .T. ) ;
#722 = EDGE_CURVE ( 'NONE', #711, #676, #2147, .T. ) ;
#723 = EDGE_LOOP ( 'NONE', ( #724, #734, #736, #789 ) ) ;
#724 = ORIENTED_EDGE ( 'NONE', *, *, #673, .T. ) ;
#725 = EDGE_LOOP ( 'NONE', ( #729, #730, #728, #732 ) ) ;
#726 = ORIENTED_EDGE ( 'NONE', *, *, #786, .F. ) ;
#727 = ADVANCED_FACE ( 'NONE', ( #2149 ), #2121, .F. ) ;
#728 = ORIENTED_EDGE ( 'NONE', *, *, #698, .F. ) ;
#729 = ORIENTED_EDGE ( 'NONE', *, *, #671, .T. ) ;
#730 = ORIENTED_EDGE ( 'NONE', *, *, #722, .F. ) ;
#731 = EDGE_LOOP ( 'NONE', ( #824, #820, #808, #807 ) ) ;
#732 = ORIENTED_EDGE ( 'NONE', *, *, #647, .T. ) ;
#733 = ORIENTED_EDGE ( 'NONE', *, *, #717, .F. ) ;
#734 = ORIENTED_EDGE ( 'NONE', *, *, #599, .F. ) ;
#735 = ADVANCED_FACE ( 'NONE', ( #2111 ), #2151, .F. ) ;
#736 = ORIENTED_EDGE ( 'NONE', *, *, #629, .F. ) ;
#737 = ORIENTED_EDGE ( 'NONE', *, *, #674, .T. ) ;
#738 = ORIENTED_EDGE ( 'NONE', *, *, #671, .F. ) ;
#739 = ORIENTED_EDGE ( 'NONE', *, *, #653, .F. ) ;
#740 = ADVANCED_FACE ( 'NONE', ( #2190 ), #2195, .F. ) ;
#741 = EDGE_LOOP ( 'NONE', ( #400, #667, #799, #868 ) ) ;
#742 = ORIENTED_EDGE ( 'NONE', *, *, #750, .T. ) ;
#743 = ORIENTED_EDGE ( 'NONE', *, *, #702, .F. ) ;
#744 = ADVANCED_FACE ( 'NONE', ( #2194 ), #2191, .F. ) ;
#745 = VERTEX_POINT ( 'NONE', #2185 ) ;
#746 = ORIENTED_EDGE ( 'NONE', *, *, #682, .T. ) ;
#747 = ORIENTED_EDGE ( 'NONE', *, *, #590, .T. ) ;
#748 = ORIENTED_EDGE ( 'NONE', *, *, #650, .T. ) ;
#749 = ORIENTED_EDGE ( 'NONE', *, *, #643, .T. ) ;
#750 = EDGE_CURVE ( 'NONE', #745, #657, #2192, .T. ) ;
#751 = EDGE_LOOP ( 'NONE', ( #742, #739, #743, #669 ) ) ;
#752 = ADVANCED_FACE ( 'NONE', ( #2186 ), #2193, .T. ) ;
#753 = ADVANCED_FACE ( 'NONE', ( #2168 ), #2162, .T. ) ;
#754 = ORIENTED_EDGE ( 'NONE', *, *, #450, .T. ) ;
#755 = ORIENTED_EDGE ( 'NONE', *, *, #764, .T. ) ;
#756 = ORIENTED_EDGE ( 'NONE', *, *, #681, .F. ) ;
#757 = EDGE_CURVE ( 'NONE', #580, #553, #2177, .T. ) ;
#758 = ADVANCED_FACE ( 'NONE', ( #2221 ), #2217, .T. ) ;
#759 = ORIENTED_EDGE ( 'NONE', *, *, #454, .T. ) ;
#760 = ORIENTED_EDGE ( 'NONE', *, *, #646, .T. ) ;
#761 = EDGE_LOOP ( 'NONE', ( #775, #826, #825, #828 ) ) ;
#762 = ORIENTED_EDGE ( 'NONE', *, *, #786, .T. ) ;
#763 = EDGE_LOOP ( 'NONE', ( #774, #755, #760, #821 ) ) ;
#764 = EDGE_CURVE ( 'NONE', #595, #644, #2169, .T. ) ;
#765 = ADVANCED_FACE ( 'NONE', ( #2209 ), #2208, .T. ) ;
#766 = EDGE_CURVE ( 'NONE', #778, #612, #2203, .T. ) ;
#767 = ORIENTED_EDGE ( 'NONE', *, *, #607, .F. ) ;
#768 = ORIENTED_EDGE ( 'NONE', *, *, #764, .F. ) ;
#769 = ORIENTED_EDGE ( 'NONE', *, *, #645, .F. ) ;
#770 = ORIENTED_EDGE ( 'NONE', *, *, #784, .F. ) ;
#771 = EDGE_LOOP ( 'NONE', ( #726, #772, #754, #756 ) ) ;
#772 = ORIENTED_EDGE ( 'NONE', *, *, #766, .T. ) ;
#773 = ORIENTED_EDGE ( 'NONE', *, *, #766, .F. ) ;
#774 = ORIENTED_EDGE ( 'NONE', *, *, #598, .F. ) ;
#775 = ORIENTED_EDGE ( 'NONE', *, *, #781, .T. ) ;
#776 = ADVANCED_FACE ( 'NONE', ( #2220 ), #2171, .F. ) ;
#777 = ORIENTED_EDGE ( 'NONE', *, *, #704, .F. ) ;
#778 = VERTEX_POINT ( 'NONE', #2218 ) ;
#779 = VERTEX_POINT ( 'NONE', #2196 ) ;
#780 = ORIENTED_EDGE ( 'NONE', *, *, #720, .F. ) ;
#781 = EDGE_CURVE ( 'NONE', #779, #697, #2249, .T. ) ;
#782 = EDGE_LOOP ( 'NONE', ( #733, #769, #768, #767, #773, #770 ) ) ;
#783 = ORIENTED_EDGE ( 'NONE', *, *, #781, .F. ) ;
#784 = EDGE_CURVE ( 'NONE', #779, #778, #2243, .T. ) ;
#785 = ORIENTED_EDGE ( 'NONE', *, *, #784, .T. ) ;
#786 = EDGE_CURVE ( 'NONE', #778, #686, #2238, .T. ) ;
#787 = EDGE_LOOP ( 'NONE', ( #737, #719, #716, #718 ) ) ;
#788 = EDGE_CURVE ( 'NONE', #638, #691, #2251, .T. ) ;
#789 = ORIENTED_EDGE ( 'NONE', *, *, #788, .T. ) ;
#790 = EDGE_CURVE ( 'NONE', #802, #565, #2239, .T. ) ;
#791 = EDGE_CURVE ( 'NONE', #569, #792, #2227, .T. ) ;
#792 = VERTEX_POINT ( 'NONE', #2244 ) ;
#793 = ORIENTED_EDGE ( 'NONE', *, *, #554, .F. ) ;
#794 = VERTEX_POINT ( 'NONE', #2231 ) ;
#795 = ORIENTED_EDGE ( 'NONE', *, *, #791, .T. ) ;
#796 = EDGE_CURVE ( 'NONE', #794, #792, #2284, .T. ) ;
#797 = ORIENTED_EDGE ( 'NONE', *, *, #798, .T. ) ;
#798 = EDGE_CURVE ( 'NONE', #802, #564, #2222, .T. ) ;
#799 = ORIENTED_EDGE ( 'NONE', *, *, #700, .F. ) ;
#800 = ADVANCED_FACE ( 'NONE', ( #2287 ), #2213, .F. ) ;
#801 = ORIENTED_EDGE ( 'NONE', *, *, #796, .F. ) ;
#802 = VERTEX_POINT ( 'NONE', #2223 ) ;
#803 = EDGE_LOOP ( 'NONE', ( #795, #801, #793, #896 ) ) ;
#804 = ORIENTED_EDGE ( 'NONE', *, *, #693, .T. ) ;
#805 = ORIENTED_EDGE ( 'NONE', *, *, #456, .T. ) ;
#806 = ADVANCED_FACE ( 'NONE', ( #2280 ), #2269, .T. ) ;
#807 = ORIENTED_EDGE ( 'NONE', *, *, #620, .T. ) ;
#808 = ORIENTED_EDGE ( 'NONE', *, *, #610, .T. ) ;
#809 = EDGE_LOOP ( 'NONE', ( #811, #814, #827, #804 ) ) ;
#810 = ADVANCED_FACE ( 'NONE', ( #2273 ), #2285, .T. ) ;
#811 = ORIENTED_EDGE ( 'NONE', *, *, #429, .F. ) ;
#812 = ORIENTED_EDGE ( 'NONE', *, *, #757, .T. ) ;
#813 = EDGE_LOOP ( 'NONE', ( #816, #805 ) ) ;
#814 = ORIENTED_EDGE ( 'NONE', *, *, #819, .F. ) ;
#815 = ADVANCED_FACE ( 'NONE', ( #2274 ), #2261, .F. ) ;
#816 = ORIENTED_EDGE ( 'NONE', *, *, #819, .T. ) ;
#817 = CLOSED_SHELL ( 'NONE', ( #615, #579, #614, #588, #658, #640, #630, #690, #740, #744, #727, #735, #715, #776, #765, #753, #758, #823, #752, #810, #815, #806 ) ) ;
#818 = VECTOR ( 'NONE', #1141, 1000.000000000000000 ) ;
#819 = EDGE_CURVE ( 'NONE', #442, #445, #2275, .T. ) ;
#820 = ORIENTED_EDGE ( 'NONE', *, *, #757, .F. ) ;
#821 = ORIENTED_EDGE ( 'NONE', *, *, #682, .F. ) ;
#822 = EDGE_LOOP ( 'NONE', ( #812, #759 ) ) ;
#823 = ADVANCED_FACE ( 'NONE', ( #2314 ), #2272, .T. ) ;
#824 = ORIENTED_EDGE ( 'NONE', *, *, #604, .F. ) ;
#825 = ORIENTED_EDGE ( 'NONE', *, *, #707, .F. ) ;
#826 = ORIENTED_EDGE ( 'NONE', *, *, #685, .T. ) ;
#827 = ORIENTED_EDGE ( 'NONE', *, *, #622, .T. ) ;
#828 = ORIENTED_EDGE ( 'NONE', *, *, #717, .T. ) ;
#829 = ORIENTED_EDGE ( 'NONE', *, *, #876, .F. ) ;
#830 = ORIENTED_EDGE ( 'NONE', *, *, #485, .F. ) ;
#831 = ORIENTED_EDGE ( 'NONE', *, *, #585, .F. ) ;
#832 = ORIENTED_EDGE ( 'NONE', *, *, #904, .F. ) ;
#833 = EDGE_LOOP ( 'NONE', ( #861, #874, #829, #872, #873, #871 ) ) ;
#834 = ORIENTED_EDGE ( 'NONE', *, *, #850, .T. ) ;
#835 = EDGE_CURVE ( 'NONE', #584, #493, #2309, .T. ) ;
#836 = ADVANCED_FACE ( 'NONE', ( #2299, #2258, #2302 ), #2259, .T. ) ;
#837 = ORIENTED_EDGE ( 'NONE', *, *, #866, .T. ) ;
#838 = ORIENTED_EDGE ( 'NONE', *, *, #846, .T. ) ;
#839 = ORIENTED_EDGE ( 'NONE', *, *, #473, .T. ) ;
#840 = EDGE_LOOP ( 'NONE', ( #838, #841 ) ) ;
#841 = ORIENTED_EDGE ( 'NONE', *, *, #483, .T. ) ;
#842 = ORIENTED_EDGE ( 'NONE', *, *, #878, .T. ) ;
#843 = ORIENTED_EDGE ( 'NONE', *, *, #790, .T. ) ;
#844 = EDGE_LOOP ( 'NONE', ( #843, #856, #854, #842, #837, #834 ) ) ;
#845 = EDGE_CURVE ( 'NONE', #469, #479, #2304, .T. ) ;
#846 = EDGE_CURVE ( 'NONE', #482, #481, #2315, .T. ) ;
#847 = ORIENTED_EDGE ( 'NONE', *, *, #798, .F. ) ;
#848 = ORIENTED_EDGE ( 'NONE', *, *, #849, .T. ) ;
#849 = EDGE_CURVE ( 'NONE', #880, #564, #2348, .T. ) ;
#850 = EDGE_CURVE ( 'NONE', #864, #802, #2344, .T. ) ;
#851 = ADVANCED_FACE ( 'NONE', ( #2289, #2343, #2342 ), #2349, .F. ) ;
#852 = EDGE_LOOP ( 'NONE', ( #858, #839 ) ) ;
#853 = ORIENTED_EDGE ( 'NONE', *, *, #850, .F. ) ;
#854 = ORIENTED_EDGE ( 'NONE', *, *, #897, .T. ) ;
#855 = ORIENTED_EDGE ( 'NONE', *, *, #860, .T. ) ;
#856 = ORIENTED_EDGE ( 'NONE', *, *, #554, .T. ) ;
#857 = EDGE_LOOP ( 'NONE', ( #848, #847, #853, #855 ) ) ;
#858 = ORIENTED_EDGE ( 'NONE', *, *, #845, .T. ) ;
#859 = ORIENTED_EDGE ( 'NONE', *, *, #835, .F. ) ;
#860 = EDGE_CURVE ( 'NONE', #864, #880, #2334, .T. ) ;
#861 = ORIENTED_EDGE ( 'NONE', *, *, #566, .F. ) ;
#862 = ORIENTED_EDGE ( 'NONE', *, *, #895, .T. ) ;
#863 = ADVANCED_FACE ( 'NONE', ( #2336 ), #2325, .F. ) ;
#864 = VERTEX_POINT ( 'NONE', #2296 ) ;
#865 = EDGE_LOOP ( 'NONE', ( #832, #830 ) ) ;
#866 = EDGE_CURVE ( 'NONE', #894, #864, #2382, .T. ) ;
#867 = ORIENTED_EDGE ( 'NONE', *, *, #866, .F. ) ;
#868 = ORIENTED_EDGE ( 'NONE', *, *, #722, .T. ) ;
#869 = EDGE_LOOP ( 'NONE', ( #934, #937, #935, #938 ) ) ;
#870 = ADVANCED_FACE ( 'NONE', ( #2329 ), #2324, .F. ) ;
#871 = ORIENTED_EDGE ( 'NONE', *, *, #791, .F. ) ;
#872 = ORIENTED_EDGE ( 'NONE', *, *, #886, .F. ) ;
#873 = ORIENTED_EDGE ( 'NONE', *, *, #891, .F. ) ;
#874 = ORIENTED_EDGE ( 'NONE', *, *, #849, .F. ) ;
#875 = ADVANCED_FACE ( 'NONE', ( #2377 ), #2328, .F. ) ;
#876 = EDGE_CURVE ( 'NONE', #883, #880, #2375, .T. ) ;
#877 = ORIENTED_EDGE ( 'NONE', *, *, #895, .F. ) ;
#878 = EDGE_CURVE ( 'NONE', #889, #894, #2364, .T. ) ;
#879 = ORIENTED_EDGE ( 'NONE', *, *, #878, .F. ) ;
#880 = VERTEX_POINT ( 'NONE', #2368 ) ;
#881 = EDGE_LOOP ( 'NONE', ( #888, #903, #867, #862 ) ) ;
#882 = ORIENTED_EDGE ( 'NONE', *, *, #893, .F. ) ;
#883 = VERTEX_POINT ( 'NONE', #2360 ) ;
#884 = EDGE_LOOP ( 'NONE', ( #898, #877, #879, #901 ) ) ;
#885 = EDGE_LOOP ( 'NONE', ( #899, #882, #892, #900 ) ) ;
#886 = EDGE_CURVE ( 'NONE', #887, #883, #2323, .T. ) ;
#887 = VERTEX_POINT ( 'NONE', #2357 ) ;
#888 = ORIENTED_EDGE ( 'NONE', *, *, #876, .T. ) ;
#889 = VERTEX_POINT ( 'NONE', #2367 ) ;
#890 = ADVANCED_FACE ( 'NONE', ( #2366 ), #2354, .F. ) ;
#891 = EDGE_CURVE ( 'NONE', #792, #887, #2416, .T. ) ;
#892 = ORIENTED_EDGE ( 'NONE', *, *, #897, .F. ) ;
#893 = EDGE_CURVE ( 'NONE', #889, #887, #2407, .T. ) ;
#894 = VERTEX_POINT ( 'NONE', #2413 ) ;
#895 = EDGE_CURVE ( 'NONE', #894, #883, #2408, .T. ) ;
#896 = ORIENTED_EDGE ( 'NONE', *, *, #563, .T. ) ;
#897 = EDGE_CURVE ( 'NONE', #794, #889, #2396, .T. ) ;
#898 = ORIENTED_EDGE ( 'NONE', *, *, #886, .T. ) ;
#899 = ORIENTED_EDGE ( 'NONE', *, *, #891, .T. ) ;
#900 = ORIENTED_EDGE ( 'NONE', *, *, #796, .T. ) ;
#901 = ORIENTED_EDGE ( 'NONE', *, *, #893, .T. ) ;
#902 = ADVANCED_FACE ( 'NONE', ( #2403 ), #2359, .F. ) ;
#903 = ORIENTED_EDGE ( 'NONE', *, *, #860, .F. ) ;
#904 = EDGE_CURVE ( 'NONE', #475, #478, #2384, .T. ) ;
#905 = EDGE_LOOP ( 'NONE', ( #583, #504, #503, #495 ) ) ;
#906 = EDGE_LOOP ( 'NONE', ( #859, #831 ) ) ;
#907 = CIRCLE ( 'NONE', #939, 1.774999999999999700 ) ;
#908 = CARTESIAN_POINT ( 'NONE',  ( 2.074999999999998800, 6.000000000000000000, -3.000000000000000000 ) ) ;
#909 = PLANE ( 'NONE',  #927 ) ;
#910 = CARTESIAN_POINT ( 'NONE',  ( -1.850000000000001900, 6.000000000000000000, 0.0000000000000000000 ) ) ;
#911 = CARTESIAN_POINT ( 'NONE',  ( 2.600000000000000500, 6.000000000000000900, 0.0000000000000000000 ) ) ;
#912 = LINE ( 'NONE', #969, #968 ) ;
#913 = VERTEX_POINT ( 'NONE', #2152 ) ;
#914 = ORIENTED_EDGE ( 'NONE', *, *, #919, .T. ) ;
#915 = ORIENTED_EDGE ( 'NONE', *, *, #477, .F. ) ;
#916 = EDGE_CURVE ( 'NONE', #921, #913, #1879, .T. ) ;
#917 = ADVANCED_FACE ( 'NONE', ( #2392 ), #2358, .T. ) ;
#918 = VERTEX_POINT ( 'NONE', #2385 ) ;
#919 = EDGE_CURVE ( 'NONE', #921, #918, #2142, .T. ) ;
#920 = ORIENTED_EDGE ( 'NONE', *, *, #916, .F. ) ;
#921 = VERTEX_POINT ( 'NONE', #2442 ) ;
#922 = VERTEX_POINT ( 'NONE', #2440 ) ;
#923 = ORIENTED_EDGE ( 'NONE', *, *, #904, .T. ) ;
#924 = EDGE_CURVE ( 'NONE', #918, #922, #2438, .T. ) ;
#925 = MANIFOLD_SOLID_BREP ( 'ｶｯﾄ - 押し出し9', #3018 ) ;
#926 = CLOSED_SHELL ( 'NONE', ( #486, #484, #561, #800, #890, #875, #902, #863, #851, #836, #870, #931 ) ) ;
#927 = AXIS2_PLACEMENT_3D ( 'NONE', #908, #964, #963 ) ;
#928 = EDGE_LOOP ( 'NONE', ( #920, #914, #930, #915 ) ) ;
#929 = ADVANCED_FACE ( 'NONE', ( #2443 ), #2441, .F. ) ;
#930 = ORIENTED_EDGE ( 'NONE', *, *, #924, .T. ) ;
#931 = ADVANCED_FACE ( 'NONE', ( #2437 ), #2427, .F. ) ;
#932 = EDGE_LOOP ( 'NONE', ( #933, #936, #582, #923 ) ) ;
#933 = ORIENTED_EDGE ( 'NONE', *, *, #474, .F. ) ;
#934 = ORIENTED_EDGE ( 'NONE', *, *, #492, .F. ) ;
#935 = ORIENTED_EDGE ( 'NONE', *, *, #562, .T. ) ;
#936 = ORIENTED_EDGE ( 'NONE', *, *, #845, .F. ) ;
#937 = ORIENTED_EDGE ( 'NONE', *, *, #846, .F. ) ;
#938 = ORIENTED_EDGE ( 'NONE', *, *, #835, .T. ) ;
#939 = AXIS2_PLACEMENT_3D ( 'NONE', #955, #999, #998 ) ;
#940 = LINE ( 'NONE', #960, #996 ) ;
#941 = FACE_OUTER_BOUND ( 'NONE', #289, .T. ) ;
#942 = CARTESIAN_POINT ( 'NONE',  ( 2.074999999999998800, 6.000000000000000000, -3.000000000000000000 ) ) ;
#943 = LINE ( 'NONE', #942, #994 ) ;
#944 = DIRECTION ( 'NONE',  ( -1.445602896647339200E-016, 1.000000000000000000, 0.0000000000000000000 ) ) ;
#945 = VECTOR ( 'NONE', #944, 1000.000000000000000 ) ;
#946 = CARTESIAN_POINT ( 'NONE',  ( 6.150000000000000400, -5.999999999999998200, 0.0000000000000000000 ) ) ;
#947 = LINE ( 'NONE', #946, #945 ) ;
#948 = AXIS2_PLACEMENT_3D ( 'NONE', #992, #985, #984 ) ;
#949 = DIRECTION ( 'NONE',  ( -0.0000000000000000000, -0.0000000000000000000, -1.000000000000000000 ) ) ;
#950 = VECTOR ( 'NONE', #949, 1000.000000000000000 ) ;
#951 = CARTESIAN_POINT ( 'NONE',  ( 1.374999999999999800, 6.000000000000000000, -3.000000000000000000 ) ) ;
#952 = DIRECTION ( 'NONE',  ( -1.000000000000000000, 0.0000000000000000000, -0.0000000000000000000 ) ) ;
#953 = DIRECTION ( 'NONE',  ( 0.0000000000000000000, 0.0000000000000000000, -1.000000000000000000 ) ) ;
#954 = LINE ( 'NONE', #951, #950 ) ;
#955 = CARTESIAN_POINT ( 'NONE',  ( 4.375000000000000000, 4.225000000000001400, -2.700000000000000200 ) ) ;
#956 = AXIS2_PLACEMENT_3D ( 'NONE', #910, #953, #952 ) ;
#957 = DIRECTION ( 'NONE',  ( 0.0000000000000000000, -1.000000000000000000, 0.0000000000000000000 ) ) ;
#958 = VECTOR ( 'NONE', #957, 1000.000000000000000 ) ;
#959 = CARTESIAN_POINT ( 'NONE',  ( 2.600000000000000500, -4.225000000000002300, 0.0000000000000000000 ) ) ;
#960 = CARTESIAN_POINT ( 'NONE',  ( 6.150000000000000400, -2.450000000000002000, -2.700000000000000200 ) ) ;
#961 = FACE_OUTER_BOUND ( 'NONE', #43, .T. ) ;
#962 = FACE_BOUND ( 'NONE', #33, .T. ) ;
#963 = DIRECTION ( 'NONE',  ( -0.0000000000000000000, 0.0000000000000000000, 1.000000000000000000 ) ) ;
#964 = DIRECTION ( 'NONE',  ( -1.000000000000000000, 0.0000000000000000000, -0.0000000000000000000 ) ) ;
#965 = LINE ( 'NONE', #959, #958 ) ;
#966 = PLANE ( 'NONE',  #956 ) ;
#967 = DIRECTION ( 'NONE',  ( -1.000000000000000000, -1.084202172485504400E-016, -0.0000000000000000000 ) ) ;
#968 = VECTOR ( 'NONE', #967, 1000.000000000000000 ) ;
#969 = CARTESIAN_POINT ( 'NONE',  ( -1.850000000000001900, 6.000000000000000000, 0.0000000000000000000 ) ) ;
#970 = FACE_OUTER_BOUND ( 'NONE', #9, .T. ) ;
#971 = CARTESIAN_POINT ( 'NONE',  ( 2.600000000000000500, -6.500000000000002700, 0.0000000000000000000 ) ) ;
#972 = CIRCLE ( 'NONE', #1028, 1.774999999999999700 ) ;
#973 = DIRECTION ( 'NONE',  ( 1.000000000000000000, 0.0000000000000000000, 0.0000000000000000000 ) ) ;
#974 = DIRECTION ( 'NONE',  ( 0.0000000000000000000, 0.0000000000000000000, 1.000000000000000000 ) ) ;
#975 = CARTESIAN_POINT ( 'NONE',  ( 0.0000000000000000000, 0.0000000000000000000, 0.0000000000000000000 ) ) ;
#976 = AXIS2_PLACEMENT_3D ( 'NONE', #975, #974, #973 ) ;
#977 = CARTESIAN_POINT ( 'NONE',  ( 2.600000000000000500, -4.225000000000002300, -2.700000000000000200 ) ) ;
#978 = LINE ( 'NONE', #977, #1032 ) ;
#979 = CARTESIAN_POINT ( 'NONE',  ( -1.000000000000000200, 3.350000000000000100, 0.0000000000000000000 ) ) ;
#980 = DIRECTION ( 'NONE',  ( -1.000000000000000000, 0.0000000000000000000, 0.0000000000000000000 ) ) ;
#981 = DIRECTION ( 'NONE',  ( 0.0000000000000000000, 0.0000000000000000000, 1.000000000000000000 ) ) ;
#982 = CARTESIAN_POINT ( 'NONE',  ( 4.375000000000000000, -4.225000000000001400, 0.0000000000000000000 ) ) ;
#983 = AXIS2_PLACEMENT_3D ( 'NONE', #982, #981, #980 ) ;
#984 = DIRECTION ( 'NONE',  ( -1.445602896647339400E-016, 1.000000000000000000, 0.0000000000000000000 ) ) ;
#985 = DIRECTION ( 'NONE',  ( 1.000000000000000000, 1.445602896647339400E-016, -0.0000000000000000000 ) ) ;
#986 = CIRCLE ( 'NONE', #976, 0.2500000000000000000 ) ;
#987 = CIRCLE ( 'NONE', #983, 1.774999999999999700 ) ;
#988 = DIRECTION ( 'NONE',  ( -0.0000000000000000000, -1.000000000000000000, -0.0000000000000000000 ) ) ;
#989 = VECTOR ( 'NONE', #988, 1000.000000000000000 ) ;
#990 = CARTESIAN_POINT ( 'NONE',  ( -1.000000000000000200, 3.350000000000000100, 0.0000000000000000000 ) ) ;
#991 = LINE ( 'NONE', #990, #989 ) ;
#992 = CARTESIAN_POINT ( 'NONE',  ( 6.150000000000000400, -5.999999999999998200, -2.700000000000000200 ) ) ;
#993 = DIRECTION ( 'NONE',  ( 1.000000000000000000, -0.0000000000000000000, -0.0000000000000000000 ) ) ;
#994 = VECTOR ( 'NONE', #993, 1000.000000000000000 ) ;
#995 = DIRECTION ( 'NONE',  ( -0.0000000000000000000, -0.0000000000000000000, 1.000000000000000000 ) ) ;
#996 = VECTOR ( 'NONE', #995, 1000.000000000000000 ) ;
#997 = PLANE ( 'NONE',  #948 ) ;
#998 = DIRECTION ( 'NONE',  ( 1.000000000000000000, 0.0000000000000000000, 0.0000000000000000000 ) ) ;
#999 = DIRECTION ( 'NONE',  ( 0.0000000000000000000, 0.0000000000000000000, 1.000000000000000000 ) ) ;
#1000 = PLANE ( 'NONE',  #1060 ) ;
#1001 = DIRECTION ( 'NONE',  ( 0.3018917046944036800, -0.9533422253507429800, -0.0000000000000000000 ) ) ;
#1002 = VECTOR ( 'NONE', #1001, 1000.000000000000200 ) ;
#1003 = CARTESIAN_POINT ( 'NONE',  ( -1.375000000000001300, -8.000000000000000000, 0.0000000000000000000 ) ) ;
#1004 = LINE ( 'NONE', #1003, #1002 ) ;
#1005 = CARTESIAN_POINT ( 'NONE',  ( 6.150000000000000400, 2.450000000000002000, 0.0000000000000000000 ) ) ;
#1006 = CARTESIAN_POINT ( 'NONE',  ( 0.3249999999999998400, 3.350000000000000100, 0.0000000000000000000 ) ) ;
#1007 = LINE ( 'NONE', #1006, #1059 ) ;
#1008 = DIRECTION ( 'NONE',  ( -0.0000000000000000000, -1.000000000000000000, -0.0000000000000000000 ) ) ;
#1009 = CARTESIAN_POINT ( 'NONE',  ( 2.600000000000000500, 4.225000000000002300, -2.700000000000000200 ) ) ;
#1010 = CARTESIAN_POINT ( 'NONE',  ( 1.749999999999999600, 3.350000000000000100, 0.0000000000000000000 ) ) ;
#1011 = DIRECTION ( 'NONE',  ( 0.3018917046944036300, 0.9533422253507430900, 0.0000000000000000000 ) ) ;
#1012 = VECTOR ( 'NONE', #1011, 1000.000000000000100 ) ;
#1013 = CARTESIAN_POINT ( 'NONE',  ( 2.124999999999998700, -8.000000000000000000, 0.0000000000000000000 ) ) ;
#1014 = LINE ( 'NONE', #1013, #1012 ) ;
#1015 = FACE_OUTER_BOUND ( 'NONE', #231, .T. ) ;
#1016 = DIRECTION ( 'NONE',  ( 0.0000000000000000000, 1.000000000000000000, 0.0000000000000000000 ) ) ;
#1017 = VECTOR ( 'NONE', #1016, 1000.000000000000000 ) ;
#1018 = CARTESIAN_POINT ( 'NONE',  ( 0.3249999999999998400, 3.350000000000000100, 0.0000000000000000000 ) ) ;
#1019 = CARTESIAN_POINT ( 'NONE',  ( 0.3249999999999998400, 3.350000000000000100, 0.0000000000000000000 ) ) ;
#1020 = DIRECTION ( 'NONE',  ( 1.000000000000000000, 2.168404344971007900E-016, 0.0000000000000000000 ) ) ;
#1021 = VECTOR ( 'NONE', #1020, 1000.000000000000000 ) ;
#1022 = CARTESIAN_POINT ( 'NONE',  ( -1.850000000000003600, -6.000000000000000000, -2.700000000000000200 ) ) ;
#1023 = LINE ( 'NONE', #1018, #1017 ) ;
#1024 = CARTESIAN_POINT ( 'NONE',  ( 4.375000000000000000, -2.450000000000001500, 0.0000000000000000000 ) ) ;
#1025 = DIRECTION ( 'NONE',  ( -1.000000000000000000, 0.0000000000000000000, 0.0000000000000000000 ) ) ;
#1026 = DIRECTION ( 'NONE',  ( 0.0000000000000000000, 0.0000000000000000000, 1.000000000000000000 ) ) ;
#1027 = CARTESIAN_POINT ( 'NONE',  ( 4.375000000000000000, -4.225000000000001400, -2.700000000000000200 ) ) ;
#1028 = AXIS2_PLACEMENT_3D ( 'NONE', #1027, #1026, #1025 ) ;
#1029 = LINE ( 'NONE', #1022, #1021 ) ;
#1030 = CARTESIAN_POINT ( 'NONE',  ( 2.600000000000000500, -4.225000000000003200, -2.700000000000000200 ) ) ;
#1031 = DIRECTION ( 'NONE',  ( 0.0000000000000000000, -1.000000000000000000, 0.0000000000000000000 ) ) ;
#1032 = VECTOR ( 'NONE', #1031, 1000.000000000000000 ) ;
#1033 = CARTESIAN_POINT ( 'NONE',  ( 2.600000000000000500, -4.225000000000003200, 0.0000000000000000000 ) ) ;
#1034 = CARTESIAN_POINT ( 'NONE',  ( 4.375000000000000000, 2.450000000000001500, -2.700000000000000200 ) ) ;
#1035 = CARTESIAN_POINT ( 'NONE',  ( 2.600000000000000500, 4.225000000000002300, -2.700000000000000200 ) ) ;
#1036 = CARTESIAN_POINT ( 'NONE',  ( 2.074999999999998800, 4.800000000000000700, -2.700000000000000200 ) ) ;
#1037 = DIRECTION ( 'NONE',  ( -1.000000000000000000, 0.0000000000000000000, 0.0000000000000000000 ) ) ;
#1038 = VECTOR ( 'NONE', #1037, 1000.000000000000000 ) ;
#1039 = LINE ( 'NONE', #1009, #1094 ) ;
#1040 = CARTESIAN_POINT ( 'NONE',  ( 2.600000000000000500, -6.000000000000001800, -2.700000000000000200 ) ) ;
#1041 = CARTESIAN_POINT ( 'NONE',  ( 2.074999999999998800, 4.800000000000000700, -2.700000000000000200 ) ) ;
#1042 = DIRECTION ( 'NONE',  ( -0.0000000000000000000, -0.0000000000000000000, 1.000000000000000000 ) ) ;
#1043 = VECTOR ( 'NONE', #1042, 1000.000000000000000 ) ;
#1044 = CARTESIAN_POINT ( 'NONE',  ( 6.150000000000000400, 2.450000000000002000, -2.700000000000000200 ) ) ;
#1045 = LINE ( 'NONE', #1044, #1043 ) ;
#1046 = LINE ( 'NONE', #1041, #1038 ) ;
#1047 = DIRECTION ( 'NONE',  ( -1.000000000000000000, 2.443272501375785500E-016, -0.0000000000000000000 ) ) ;
#1048 = VECTOR ( 'NONE', #1047, 1000.000000000000000 ) ;
#1049 = CARTESIAN_POINT ( 'NONE',  ( 4.375000000000000000, -2.450000000000001500, -2.700000000000000200 ) ) ;
#1050 = LINE ( 'NONE', #1049, #1048 ) ;
#1051 = DIRECTION ( 'NONE',  ( 1.000000000000000000, 2.443272501375785500E-016, 0.0000000000000000000 ) ) ;
#1052 = VECTOR ( 'NONE', #1051, 1000.000000000000000 ) ;
#1053 = CARTESIAN_POINT ( 'NONE',  ( 4.375000000000000000, 2.450000000000001500, -2.700000000000000200 ) ) ;
#1054 = LINE ( 'NONE', #1053, #1052 ) ;
#1055 = DIRECTION ( 'NONE',  ( -1.000000000000000000, 0.0000000000000000000, -0.0000000000000000000 ) ) ;
#1056 = DIRECTION ( 'NONE',  ( 0.0000000000000000000, 0.0000000000000000000, -1.000000000000000000 ) ) ;
#1057 = CARTESIAN_POINT ( 'NONE',  ( -1.850000000000001900, 6.000000000000000000, -2.700000000000000200 ) ) ;
#1058 = DIRECTION ( 'NONE',  ( 1.000000000000000000, -0.0000000000000000000, -0.0000000000000000000 ) ) ;
#1059 = VECTOR ( 'NONE', #1058, 1000.000000000000000 ) ;
#1060 = AXIS2_PLACEMENT_3D ( 'NONE', #1057, #1056, #1055 ) ;
#1061 = LINE ( 'NONE', #1122, #1121 ) ;
#1062 = DIRECTION ( 'NONE',  ( -1.084202172485504700E-016, 1.000000000000000000, -0.0000000000000000000 ) ) ;
#1063 = PLANE ( 'NONE',  #1076 ) ;
#1064 = DIRECTION ( 'NONE',  ( -0.0000000000000000000, -1.000000000000000000, -0.0000000000000000000 ) ) ;
#1065 = DIRECTION ( 'NONE',  ( 0.0000000000000000000, 0.0000000000000000000, 1.000000000000000000 ) ) ;
#1066 = CARTESIAN_POINT ( 'NONE',  ( 2.600000000000000500, 4.225000000000002300, -2.700000000000000200 ) ) ;
#1067 = DIRECTION ( 'NONE',  ( 0.0000000000000000000, -0.0000000000000000000, 1.000000000000000000 ) ) ;
#1068 = DIRECTION ( 'NONE',  ( 0.0000000000000000000, 1.000000000000000000, 0.0000000000000000000 ) ) ;
#1069 = CARTESIAN_POINT ( 'NONE',  ( 2.074999999999998800, 4.800000000000000700, -3.000000000000000000 ) ) ;
#1070 = AXIS2_PLACEMENT_3D ( 'NONE', #1069, #1068, #1067 ) ;
#1071 = LINE ( 'NONE', #1083, #1074 ) ;
#1072 = DIRECTION ( 'NONE',  ( -0.3018917046944035700, -0.9533422253507430900, 0.0000000000000000000 ) ) ;
#1073 = VECTOR ( 'NONE', #1072, 1000.000000000000000 ) ;
#1074 = VECTOR ( 'NONE', #1064, 1000.000000000000000 ) ;
#1075 = VECTOR ( 'NONE', #1062, 1000.000000000000000 ) ;
#1076 = AXIS2_PLACEMENT_3D ( 'NONE', #1078, #1065, #1126 ) ;
#1077 = FACE_OUTER_BOUND ( 'NONE', #85, .T. ) ;
#1078 = CARTESIAN_POINT ( 'NONE',  ( 6.149999999999996800, -6.000000000000000900, -3.000000000000000000 ) ) ;
#1079 = DIRECTION ( 'NONE',  ( 0.0000000000000000000, -1.000000000000000000, 0.0000000000000000000 ) ) ;
#1080 = VECTOR ( 'NONE', #1079, 1000.000000000000000 ) ;
#1081 = CARTESIAN_POINT ( 'NONE',  ( 2.074999999999998800, 6.000000000000000000, -2.700000000000000200 ) ) ;
#1082 = LINE ( 'NONE', #1081, #1080 ) ;
#1083 = CARTESIAN_POINT ( 'NONE',  ( 0.4249999999999998200, 3.350000000000000100, 0.0000000000000000000 ) ) ;
#1084 = DIRECTION ( 'NONE',  ( -0.0000000000000000000, -1.000000000000000000, -0.0000000000000000000 ) ) ;
#1085 = VECTOR ( 'NONE', #1084, 1000.000000000000000 ) ;
#1086 = CARTESIAN_POINT ( 'NONE',  ( 2.600000000000000500, 4.225000000000002300, 0.0000000000000000000 ) ) ;
#1087 = PLANE ( 'NONE',  #1070 ) ;
#1088 = CARTESIAN_POINT ( 'NONE',  ( 4.375000000000000000, -2.450000000000001500, -2.700000000000000200 ) ) ;
#1089 = CARTESIAN_POINT ( 'NONE',  ( 6.149999999999999500, -2.450000000000000600, 0.0000000000000000000 ) ) ;
#1090 = CARTESIAN_POINT ( 'NONE',  ( 2.124999999999998700, -8.000000000000000000, -3.000000000000000000 ) ) ;
#1091 = LINE ( 'NONE', #1090, #1073 ) ;
#1092 = LINE ( 'NONE', #1086, #1085 ) ;
#1093 = FACE_OUTER_BOUND ( 'NONE', #108, .T. ) ;
#1094 = VECTOR ( 'NONE', #1008, 1000.000000000000000 ) ;
#1095 = CARTESIAN_POINT ( 'NONE',  ( 2.600000000000000500, -4.225000000000003200, -2.700000000000000200 ) ) ;
#1096 = LINE ( 'NONE', #1095, #1157 ) ;
#1097 = DIRECTION ( 'NONE',  ( -1.084202172485504700E-016, 1.000000000000000000, -0.0000000000000000000 ) ) ;
#1098 = VECTOR ( 'NONE', #1097, 1000.000000000000000 ) ;
#1099 = CARTESIAN_POINT ( 'NONE',  ( 1.374999999999999800, 5.899999999999999500, -3.000000000000000000 ) ) ;
#1100 = LINE ( 'NONE', #1099, #1098 ) ;
#1101 = CYLINDRICAL_SURFACE ( 'NONE', #551, 1.100000000000000300 ) ;
#1102 = DIRECTION ( 'NONE',  ( -8.182657905550974600E-017, 1.000000000000000000, -0.0000000000000000000 ) ) ;
#1103 = VECTOR ( 'NONE', #1102, 1000.000000000000000 ) ;
#1104 = CARTESIAN_POINT ( 'NONE',  ( 1.749999999999999300, 6.000000000000000900, 0.0000000000000000000 ) ) ;
#1105 = AXIS2_PLACEMENT_3D ( 'NONE', #1155, #1154, #1153 ) ;
#1106 = DIRECTION ( 'NONE',  ( 1.000000000000000000, 0.0000000000000000000, 0.0000000000000000000 ) ) ;
#1107 = DIRECTION ( 'NONE',  ( 0.0000000000000000000, 0.0000000000000000000, 1.000000000000000000 ) ) ;
#1108 = AXIS2_PLACEMENT_3D ( 'NONE', #1111, #1107, #1106 ) ;
#1109 = LINE ( 'NONE', #1104, #1103 ) ;
#1110 = FACE_OUTER_BOUND ( 'NONE', #89, .T. ) ;
#1111 = CARTESIAN_POINT ( 'NONE',  ( 4.375000000000000000, 4.225000000000001400, 0.0000000000000000000 ) ) ;
#1112 = PLANE ( 'NONE',  #1105 ) ;
#1113 = CARTESIAN_POINT ( 'NONE',  ( 0.3249999999999995700, 5.599999999999999600, -3.000000000000000000 ) ) ;
#1114 = CARTESIAN_POINT ( 'NONE',  ( 1.374999999999999800, 5.599999999999999600, -3.000000000000000000 ) ) ;
#1115 = CIRCLE ( 'NONE', #1108, 1.774999999999999700 ) ;
#1116 = DIRECTION ( 'NONE',  ( -0.0000000000000000000, -0.0000000000000000000, 1.000000000000000000 ) ) ;
#1117 = VECTOR ( 'NONE', #1116, 1000.000000000000000 ) ;
#1118 = CARTESIAN_POINT ( 'NONE',  ( 2.600000000000000500, -6.000000000000001800, -3.000000000000000000 ) ) ;
#1119 = CARTESIAN_POINT ( 'NONE',  ( -0.6249999999999983300, 5.899999999999999500, -3.000000000000000000 ) ) ;
#1120 = DIRECTION ( 'NONE',  ( 0.0000000000000000000, -1.000000000000000000, 0.0000000000000000000 ) ) ;
#1121 = VECTOR ( 'NONE', #1120, 1000.000000000000000 ) ;
#1122 = CARTESIAN_POINT ( 'NONE',  ( 2.074999999999998800, 6.000000000000000000, -3.000000000000000000 ) ) ;
#1123 = LINE ( 'NONE', #1066, #1117 ) ;
#1124 = LINE ( 'NONE', #1119, #1075 ) ;
#1125 = CARTESIAN_POINT ( 'NONE',  ( 0.4250000000000000400, 3.350000000000000100, 0.0000000000000000000 ) ) ;
#1126 = DIRECTION ( 'NONE',  ( 1.000000000000000000, 0.0000000000000000000, -0.0000000000000000000 ) ) ;
#1127 = CARTESIAN_POINT ( 'NONE',  ( 0.4249999999999997700, 5.599999999999999600, -3.000000000000000000 ) ) ;
#1128 = DIRECTION ( 'NONE',  ( 0.0000000000000000000, 0.0000000000000000000, 1.000000000000000000 ) ) ;
#1129 = VECTOR ( 'NONE', #1128, 1000.000000000000000 ) ;
#1130 = CARTESIAN_POINT ( 'NONE',  ( 2.600000000000000500, -6.500000000000002700, -7.878780585351224300 ) ) ;
#1131 = LINE ( 'NONE', #1130, #1129 ) ;
#1132 = DIRECTION ( 'NONE',  ( -1.000000000000000000, 0.0000000000000000000, 0.0000000000000000000 ) ) ;
#1133 = DIRECTION ( 'NONE',  ( 0.0000000000000000000, 0.0000000000000000000, 1.000000000000000000 ) ) ;
#1134 = DIRECTION ( 'NONE',  ( -1.084202172485504700E-016, 1.000000000000000000, -0.0000000000000000000 ) ) ;
#1135 = VECTOR ( 'NONE', #1134, 1000.000000000000000 ) ;
#1136 = CARTESIAN_POINT ( 'NONE',  ( 0.4249999999999998200, 5.899999999999999500, -3.000000000000000000 ) ) ;
#1137 = LINE ( 'NONE', #1136, #1135 ) ;
#1138 = DIRECTION ( 'NONE',  ( -1.000000000000000000, 2.443272501375785500E-016, -0.0000000000000000000 ) ) ;
#1139 = VECTOR ( 'NONE', #1138, 1000.000000000000000 ) ;
#1140 = AXIS2_PLACEMENT_3D ( 'NONE', #1608, #1653, #1649 ) ;
#1141 = DIRECTION ( 'NONE',  ( 0.0000000000000000000, 0.0000000000000000000, 1.000000000000000000 ) ) ;
#1142 = CARTESIAN_POINT ( 'NONE',  ( 4.375000000000000000, -2.450000000000001500, 0.0000000000000000000 ) ) ;
#1143 = LINE ( 'NONE', #1142, #1139 ) ;
#1144 = DIRECTION ( 'NONE',  ( -0.0000000000000000000, -0.0000000000000000000, 1.000000000000000000 ) ) ;
#1145 = VECTOR ( 'NONE', #1144, 1000.000000000000000 ) ;
#1146 = DIRECTION ( 'NONE',  ( -1.084202172485504700E-016, 1.000000000000000000, -0.0000000000000000000 ) ) ;
#1147 = VECTOR ( 'NONE', #1146, 1000.000000000000000 ) ;
#1148 = CARTESIAN_POINT ( 'NONE',  ( 0.3249999999999995700, 5.899999999999999500, -3.000000000000000000 ) ) ;
#1149 = LINE ( 'NONE', #1148, #1147 ) ;
#1150 = CARTESIAN_POINT ( 'NONE',  ( -0.6249999999999983300, 5.599999999999999600, -3.000000000000000000 ) ) ;
#1151 = CARTESIAN_POINT ( 'NONE',  ( 2.074999999999998800, 4.800000000000000700, -3.000000000000000000 ) ) ;
#1152 = LINE ( 'NONE', #1151, #1145 ) ;
#1153 = DIRECTION ( 'NONE',  ( 0.3018917046944036800, -0.9533422253507430900, 0.0000000000000000000 ) ) ;
#1154 = DIRECTION ( 'NONE',  ( -0.9533422253507430900, -0.3018917046944036800, 0.0000000000000000000 ) ) ;
#1155 = CARTESIAN_POINT ( 'NONE',  ( -1.375000000000001300, -8.000000000000000000, -7.878780585351224300 ) ) ;
#1156 = DIRECTION ( 'NONE',  ( -0.0000000000000000000, -0.0000000000000000000, 1.000000000000000000 ) ) ;
#1157 = VECTOR ( 'NONE', #1156, 1000.000000000000000 ) ;
#1158 = PLANE ( 'NONE',  #1188 ) ;
#1159 = DIRECTION ( 'NONE',  ( -0.0000000000000000000, -0.0000000000000000000, 1.000000000000000000 ) ) ;
#1160 = VECTOR ( 'NONE', #1159, 1000.000000000000000 ) ;
#1161 = VECTOR ( 'NONE', #1218, 1000.000000000000000 ) ;
#1162 = DIRECTION ( 'NONE',  ( 1.000000000000000000, 2.443272501375785500E-016, 0.0000000000000000000 ) ) ;
#1163 = LINE ( 'NONE', #1177, #1160 ) ;
#1164 = CARTESIAN_POINT ( 'NONE',  ( 2.124999999999998700, -8.000000000000000000, -7.878780585351224300 ) ) ;
#1165 = DIRECTION ( 'NONE',  ( -0.0000000000000000000, 0.0000000000000000000, 1.000000000000000000 ) ) ;
#1166 = DIRECTION ( 'NONE',  ( -1.000000000000000000, 0.0000000000000000000, -0.0000000000000000000 ) ) ;
#1167 = DIRECTION ( 'NONE',  ( 2.443272501375785500E-016, -1.000000000000000000, 0.0000000000000000000 ) ) ;
#1168 = CARTESIAN_POINT ( 'NONE',  ( 0.4249999999999998200, 3.350000000000000100, 0.0000000000000000000 ) ) ;
#1169 = LINE ( 'NONE', #1168, #1161 ) ;
#1170 = DIRECTION ( 'NONE',  ( 1.000000000000000000, 0.0000000000000000000, 0.0000000000000000000 ) ) ;
#1171 = DIRECTION ( 'NONE',  ( -0.0000000000000000000, -0.0000000000000000000, 1.000000000000000000 ) ) ;
#1172 = CARTESIAN_POINT ( 'NONE',  ( 4.375000000000000000, 4.225000000000001400, -2.700000000000000200 ) ) ;
#1173 = PLANE ( 'NONE',  #1181 ) ;
#1174 = AXIS2_PLACEMENT_3D ( 'NONE', #1172, #1171, #1170 ) ;
#1175 = PLANE ( 'NONE',  #1178 ) ;
#1176 = CYLINDRICAL_SURFACE ( 'NONE', #1174, 1.774999999999999700 ) ;
#1177 = CARTESIAN_POINT ( 'NONE',  ( 4.375000000000000000, 2.450000000000001500, -2.700000000000000200 ) ) ;
#1178 = AXIS2_PLACEMENT_3D ( 'NONE', #1180, #1167, #1162 ) ;
#1179 = FACE_OUTER_BOUND ( 'NONE', #185, .T. ) ;
#1180 = CARTESIAN_POINT ( 'NONE',  ( 4.375000000000000000, 2.450000000000001500, -2.700000000000000200 ) ) ;
#1181 = AXIS2_PLACEMENT_3D ( 'NONE', #1183, #1166, #1165 ) ;
#1182 = FACE_OUTER_BOUND ( 'NONE', #161, .T. ) ;
#1183 = CARTESIAN_POINT ( 'NONE',  ( 2.600000000000000500, -4.225000000000002300, -2.700000000000000200 ) ) ;
#1184 = FACE_OUTER_BOUND ( 'NONE', #103, .T. ) ;
#1185 = DIRECTION ( 'NONE',  ( -1.000000000000000000, 0.0000000000000000000, 0.0000000000000000000 ) ) ;
#1186 = LINE ( 'NONE', #1217, #1245 ) ;
#1187 = FACE_OUTER_BOUND ( 'NONE', #35, .T. ) ;
#1188 = AXIS2_PLACEMENT_3D ( 'NONE', #1202, #1199, #1185 ) ;
#1189 = CARTESIAN_POINT ( 'NONE',  ( 2.600000000000000500, -6.500000000000002700, -3.000000000000000000 ) ) ;
#1190 = AXIS2_PLACEMENT_3D ( 'NONE', #1241, #1240, #1239 ) ;
#1191 = DIRECTION ( 'NONE',  ( 0.0000000000000000000, 0.0000000000000000000, 1.000000000000000000 ) ) ;
#1192 = VECTOR ( 'NONE', #1191, 1000.000000000000000 ) ;
#1193 = DIRECTION ( 'NONE',  ( -0.0000000000000000000, -0.0000000000000000000, 1.000000000000000000 ) ) ;
#1194 = CARTESIAN_POINT ( 'NONE',  ( 4.375000000000000000, -4.225000000000001400, -2.700000000000000200 ) ) ;
#1195 = DIRECTION ( 'NONE',  ( 0.0000000000000000000, -1.000000000000000000, 0.0000000000000000000 ) ) ;
#1196 = VECTOR ( 'NONE', #1195, 1000.000000000000000 ) ;
#1197 = CARTESIAN_POINT ( 'NONE',  ( 2.600000000000000500, -6.500000000000002700, -3.000000000000000000 ) ) ;
#1198 = DIRECTION ( 'NONE',  ( 0.3018917046944035700, 0.9533422253507430900, 0.0000000000000000000 ) ) ;
#1199 = DIRECTION ( 'NONE',  ( 0.0000000000000000000, 0.0000000000000000000, -1.000000000000000000 ) ) ;
#1200 = FACE_OUTER_BOUND ( 'NONE', #82, .T. ) ;
#1201 = DIRECTION ( 'NONE',  ( 0.9533422253507430900, -0.3018917046944035700, 0.0000000000000000000 ) ) ;
#1202 = CARTESIAN_POINT ( 'NONE',  ( -1.850000000000002800, 4.800000000000000700, -3.000000000000000000 ) ) ;
#1203 = PLANE ( 'NONE',  #1210 ) ;
#1204 = DIRECTION ( 'NONE',  ( -0.3018917046944036800, 0.9533422253507430900, 0.0000000000000000000 ) ) ;
#1205 = VECTOR ( 'NONE', #1204, 1000.000000000000000 ) ;
#1206 = CARTESIAN_POINT ( 'NONE',  ( 2.600000000000000500, -6.000000000000001800, -7.878780585351224300 ) ) ;
#1207 = LINE ( 'NONE', #1206, #1192 ) ;
#1208 = CARTESIAN_POINT ( 'NONE',  ( -1.375000000000001300, -8.000000000000000000, -3.000000000000000000 ) ) ;
#1209 = LINE ( 'NONE', #1208, #1205 ) ;
#1210 = AXIS2_PLACEMENT_3D ( 'NONE', #1164, #1201, #1198 ) ;
#1211 = DIRECTION ( 'NONE',  ( -1.000000000000000000, 0.0000000000000000000, 0.0000000000000000000 ) ) ;
#1212 = VECTOR ( 'NONE', #1211, 1000.000000000000000 ) ;
#1213 = CARTESIAN_POINT ( 'NONE',  ( 1.374999999999999800, 5.599999999999999600, -3.000000000000000000 ) ) ;
#1214 = LINE ( 'NONE', #1213, #1212 ) ;
#1215 = LINE ( 'NONE', #1197, #1196 ) ;
#1216 = FACE_OUTER_BOUND ( 'NONE', #90, .T. ) ;
#1217 = CARTESIAN_POINT ( 'NONE',  ( 0.3249999999999995700, 5.599999999999999600, -3.000000000000000000 ) ) ;
#1218 = DIRECTION ( 'NONE',  ( 1.000000000000000000, 0.0000000000000000000, 0.0000000000000000000 ) ) ;
#1219 = DIRECTION ( 'NONE',  ( -1.000000000000000000, 2.443272501375785500E-016, 0.0000000000000000000 ) ) ;
#1220 = DIRECTION ( 'NONE',  ( 2.443272501375785500E-016, 1.000000000000000000, 0.0000000000000000000 ) ) ;
#1221 = CARTESIAN_POINT ( 'NONE',  ( 2.600000000000000500, 4.225000000000002300, 0.0000000000000000000 ) ) ;
#1222 = CARTESIAN_POINT ( 'NONE',  ( 2.124999999999998700, -8.000000000000000000, -3.000000000000000000 ) ) ;
#1223 = DIRECTION ( 'NONE',  ( 1.000000000000000000, -1.949127501097534200E-016, 0.0000000000000000000 ) ) ;
#1224 = AXIS2_PLACEMENT_3D ( 'NONE', #1225, #1220, #1219 ) ;
#1225 = CARTESIAN_POINT ( 'NONE',  ( 4.375000000000000000, -2.450000000000001500, -2.700000000000000200 ) ) ;
#1226 = PLANE ( 'NONE',  #1224 ) ;
#1227 = CARTESIAN_POINT ( 'NONE',  ( 2.600000000000000500, -6.000000000000001800, -3.000000000000000000 ) ) ;
#1228 = LINE ( 'NONE', #1227, #1242 ) ;
#1229 = DIRECTION ( 'NONE',  ( -1.000000000000000000, 0.0000000000000000000, 0.0000000000000000000 ) ) ;
#1230 = VECTOR ( 'NONE', #1229, 1000.000000000000000 ) ;
#1231 = CARTESIAN_POINT ( 'NONE',  ( 4.375000000000000000, 2.450000000000001500, 0.0000000000000000000 ) ) ;
#1232 = DIRECTION ( 'NONE',  ( 1.000000000000000000, 0.0000000000000000000, 0.0000000000000000000 ) ) ;
#1233 = LINE ( 'NONE', #1278, #1270 ) ;
#1234 = CARTESIAN_POINT ( 'NONE',  ( 2.074999999999998800, 4.800000000000000700, -3.000000000000000000 ) ) ;
#1235 = AXIS2_PLACEMENT_3D ( 'NONE', #1194, #1193, #1232 ) ;
#1236 = LINE ( 'NONE', #1234, #1230 ) ;
#1237 = FACE_OUTER_BOUND ( 'NONE', #156, .T. ) ;
#1238 = FACE_OUTER_BOUND ( 'NONE', #127, .T. ) ;
#1239 = DIRECTION ( 'NONE',  ( 0.0000000000000000000, 0.0000000000000000000, 1.000000000000000000 ) ) ;
#1240 = DIRECTION ( 'NONE',  ( -1.000000000000000000, 0.0000000000000000000, 0.0000000000000000000 ) ) ;
#1241 = CARTESIAN_POINT ( 'NONE',  ( 2.600000000000000500, 4.225000000000002300, -2.700000000000000200 ) ) ;
#1242 = VECTOR ( 'NONE', #1223, 1000.000000000000000 ) ;
#1243 = PLANE ( 'NONE',  #1190 ) ;
#1244 = DIRECTION ( 'NONE',  ( -1.000000000000000000, 0.0000000000000000000, 0.0000000000000000000 ) ) ;
#1245 = VECTOR ( 'NONE', #1244, 1000.000000000000000 ) ;
#1246 = CYLINDRICAL_SURFACE ( 'NONE', #1235, 1.774999999999999700 ) ;
#1247 = DIRECTION ( 'NONE',  ( -1.000000000000000000, -1.084202172485504600E-016, 0.0000000000000000000 ) ) ;
#1248 = DIRECTION ( 'NONE',  ( -1.084202172485504600E-016, 1.000000000000000000, 0.0000000000000000000 ) ) ;
#1249 = PLANE ( 'NONE',  #1269 ) ;
#1250 = DIRECTION ( 'NONE',  ( 0.0000000000000000000, 0.0000000000000000000, 1.000000000000000000 ) ) ;
#1251 = VECTOR ( 'NONE', #1250, 1000.000000000000000 ) ;
#1252 = CARTESIAN_POINT ( 'NONE',  ( -1.850000000000003600, -6.000000000000000900, -7.878780585351224300 ) ) ;
#1253 = LINE ( 'NONE', #1252, #1251 ) ;
#1254 = LINE ( 'NONE', #1313, #1312 ) ;
#1255 = LINE ( 'NONE', #1358, #1355 ) ;
#1256 = CARTESIAN_POINT ( 'NONE',  ( -1.850000000000003600, -6.500000000000001800, -3.000000000000000000 ) ) ;
#1257 = DIRECTION ( 'NONE',  ( -0.0000000000000000000, -0.0000000000000000000, 1.000000000000000000 ) ) ;
#1258 = VECTOR ( 'NONE', #1257, 1000.000000000000000 ) ;
#1259 = CARTESIAN_POINT ( 'NONE',  ( -1.850000000000002300, 4.800000000000000700, -3.000000000000000000 ) ) ;
#1260 = LINE ( 'NONE', #1259, #1258 ) ;
#1261 = FACE_OUTER_BOUND ( 'NONE', #545, .T. ) ;
#1262 = CARTESIAN_POINT ( 'NONE',  ( 2.124999999999998700, -8.000000000000000000, 0.0000000000000000000 ) ) ;
#1263 = DIRECTION ( 'NONE',  ( 0.0000000000000000000, 1.000000000000000000, -0.0000000000000000000 ) ) ;
#1264 = VECTOR ( 'NONE', #1263, 1000.000000000000000 ) ;
#1265 = CARTESIAN_POINT ( 'NONE',  ( -1.850000000000001900, 6.000000000000000000, -2.700000000000000200 ) ) ;
#1266 = CARTESIAN_POINT ( 'NONE',  ( 1.749999999999999600, 3.350000000000000100, -0.1000000000000000100 ) ) ;
#1267 = CARTESIAN_POINT ( 'NONE',  ( -1.850000000000003600, -6.500000000000001800, -3.000000000000000000 ) ) ;
#1268 = LINE ( 'NONE', #1267, #1264 ) ;
#1269 = AXIS2_PLACEMENT_3D ( 'NONE', #1265, #1248, #1247 ) ;
#1270 = VECTOR ( 'NONE', #1277, 1000.000000000000000 ) ;
#1271 = CARTESIAN_POINT ( 'NONE',  ( 0.4249999999999998200, 6.000000000000000900, 0.0000000000000000000 ) ) ;
#1272 = CARTESIAN_POINT ( 'NONE',  ( 6.150000000000000400, -2.450000000000002000, -2.700000000000000200 ) ) ;
#1273 = DIRECTION ( 'NONE',  ( 1.000000000000000000, 2.443272501375785500E-016, 0.0000000000000000000 ) ) ;
#1274 = VECTOR ( 'NONE', #1273, 1000.000000000000000 ) ;
#1275 = CARTESIAN_POINT ( 'NONE',  ( 4.375000000000000000, 2.450000000000001500, 0.0000000000000000000 ) ) ;
#1276 = LINE ( 'NONE', #1275, #1274 ) ;
#1277 = DIRECTION ( 'NONE',  ( -0.0000000000000000000, -0.0000000000000000000, 1.000000000000000000 ) ) ;
#1278 = CARTESIAN_POINT ( 'NONE',  ( 4.375000000000000000, -2.450000000000001500, -2.700000000000000200 ) ) ;
#1279 = VECTOR ( 'NONE', #1341, 1000.000000000000000 ) ;
#1280 = CARTESIAN_POINT ( 'NONE',  ( 2.074999999999998800, 6.000000000000000000, -3.000000000000000000 ) ) ;
#1281 = DIRECTION ( 'NONE',  ( -1.084202172485504600E-016, 1.000000000000000000, 0.0000000000000000000 ) ) ;
#1282 = CARTESIAN_POINT ( 'NONE',  ( -1.850000000000001900, 6.000000000000000000, -2.700000000000000200 ) ) ;
#1283 = LINE ( 'NONE', #1333, #1332 ) ;
#1284 = DIRECTION ( 'NONE',  ( 0.0000000000000000000, 0.0000000000000000000, 1.000000000000000000 ) ) ;
#1285 = VECTOR ( 'NONE', #1284, 1000.000000000000000 ) ;
#1286 = CARTESIAN_POINT ( 'NONE',  ( -1.850000000000001900, 6.000000000000000000, -2.700000000000000200 ) ) ;
#1287 = DIRECTION ( 'NONE',  ( -1.000000000000000000, 0.0000000000000000000, -0.0000000000000000000 ) ) ;
#1288 = DIRECTION ( 'NONE',  ( 0.0000000000000000000, 0.0000000000000000000, -1.000000000000000000 ) ) ;
#1289 = CARTESIAN_POINT ( 'NONE',  ( 0.4249999999999998200, 6.000000000000000900, -0.1000000000000000100 ) ) ;
#1290 = LINE ( 'NONE', #1286, #1285 ) ;
#1291 = LINE ( 'NONE', #1280, #1279 ) ;
#1292 = CARTESIAN_POINT ( 'NONE',  ( -0.6249999999999982200, 6.000000000000000000, -2.299999999999999800 ) ) ;
#1293 = CARTESIAN_POINT ( 'NONE',  ( -1.850000000000001900, 6.000000000000000000, -3.000000000000000000 ) ) ;
#1294 = DIRECTION ( 'NONE',  ( -0.0000000000000000000, -1.000000000000000000, -0.0000000000000000000 ) ) ;
#1295 = VECTOR ( 'NONE', #1294, 1000.000000000000000 ) ;
#1296 = PLANE ( 'NONE',  #1310 ) ;
#1297 = CARTESIAN_POINT ( 'NONE',  ( 0.4249999999999998200, 3.350000000000000100, -0.1000000000000000100 ) ) ;
#1298 = CARTESIAN_POINT ( 'NONE',  ( 0.4249999999999998200, 3.350000000000000100, -0.1000000000000000100 ) ) ;
#1299 = LINE ( 'NONE', #1298, #1295 ) ;
#1300 = DIRECTION ( 'NONE',  ( -1.000000000000000000, -1.084202172485504400E-016, -0.0000000000000000000 ) ) ;
#1301 = VECTOR ( 'NONE', #1300, 1000.000000000000000 ) ;
#1302 = CARTESIAN_POINT ( 'NONE',  ( -1.850000000000001900, 6.000000000000000000, 0.0000000000000000000 ) ) ;
#1303 = LINE ( 'NONE', #1302, #1301 ) ;
#1304 = AXIS2_PLACEMENT_3D ( 'NONE', #1289, #1288, #1287 ) ;
#1305 = FACE_OUTER_BOUND ( 'NONE', #463, .T. ) ;
#1306 = DIRECTION ( 'NONE',  ( -8.182657905550974600E-017, 1.000000000000000000, -0.0000000000000000000 ) ) ;
#1307 = VECTOR ( 'NONE', #1306, 1000.000000000000000 ) ;
#1308 = CARTESIAN_POINT ( 'NONE',  ( 1.749999999999999300, 6.000000000000000900, -0.1000000000000000100 ) ) ;
#1309 = LINE ( 'NONE', #1308, #1307 ) ;
#1310 = AXIS2_PLACEMENT_3D ( 'NONE', #1282, #1281, #1336 ) ;
#1311 = DIRECTION ( 'NONE',  ( -0.0000000000000000000, -0.0000000000000000000, 1.000000000000000000 ) ) ;
#1312 = VECTOR ( 'NONE', #1311, 1000.000000000000000 ) ;
#1313 = CARTESIAN_POINT ( 'NONE',  ( 2.600000000000000500, 6.000000000000001800, -2.700000000000000200 ) ) ;
#1314 = PLANE ( 'NONE',  #1304 ) ;
#1315 = VECTOR ( 'NONE', #1375, 1000.000000000000000 ) ;
#1316 = LINE ( 'NONE', #1364, #1361 ) ;
#1317 = DIRECTION ( 'NONE',  ( 0.0000000000000000000, 0.0000000000000000000, 1.000000000000000000 ) ) ;
#1318 = VECTOR ( 'NONE', #1317, 1000.000000000000000 ) ;
#1319 = DIRECTION ( 'NONE',  ( 0.0000000000000000000, 0.0000000000000000000, 1.000000000000000000 ) ) ;
#1320 = VECTOR ( 'NONE', #1319, 1000.000000000000000 ) ;
#1321 = CARTESIAN_POINT ( 'NONE',  ( -1.850000000000003600, -6.500000000000001800, -7.878780585351224300 ) ) ;
#1322 = LINE ( 'NONE', #1373, #1372 ) ;
#1323 = DIRECTION ( 'NONE',  ( -0.5299989400031797100, -0.0000000000000000000, -0.8479983040050880200 ) ) ;
#1324 = VECTOR ( 'NONE', #1323, 1000.000000000000200 ) ;
#1325 = LINE ( 'NONE', #1321, #1320 ) ;
#1326 = CARTESIAN_POINT ( 'NONE',  ( -1.850000000000003600, -6.000000000000000000, -2.700000000000000200 ) ) ;
#1327 = LINE ( 'NONE', #1326, #1315 ) ;
#1328 = DIRECTION ( 'NONE',  ( -0.0000000000000000000, -0.0000000000000000000, 1.000000000000000000 ) ) ;
#1329 = VECTOR ( 'NONE', #1328, 1000.000000000000000 ) ;
#1330 = CARTESIAN_POINT ( 'NONE',  ( 1.749999999999999300, 6.000000000000000900, -0.1000000000000000100 ) ) ;
#1331 = DIRECTION ( 'NONE',  ( 1.000000000000000000, 0.0000000000000000000, 0.0000000000000000000 ) ) ;
#1332 = VECTOR ( 'NONE', #1331, 1000.000000000000000 ) ;
#1333 = CARTESIAN_POINT ( 'NONE',  ( 0.4249999999999998200, 3.350000000000000100, -0.1000000000000000100 ) ) ;
#1334 = CARTESIAN_POINT ( 'NONE',  ( 2.124999999999998700, -8.000000000000000000, -7.878780585351224300 ) ) ;
#1335 = LINE ( 'NONE', #1334, #1318 ) ;
#1336 = DIRECTION ( 'NONE',  ( -1.000000000000000000, -1.084202172485504600E-016, 0.0000000000000000000 ) ) ;
#1337 = CARTESIAN_POINT ( 'NONE',  ( 1.374999999999999800, 6.000000000000000000, -2.299999999999999800 ) ) ;
#1338 = LINE ( 'NONE', #1337, #1324 ) ;
#1339 = LINE ( 'NONE', #1330, #1329 ) ;
#1340 = FACE_OUTER_BOUND ( 'NONE', #267, .T. ) ;
#1341 = DIRECTION ( 'NONE',  ( 1.000000000000000000, -0.0000000000000000000, -0.0000000000000000000 ) ) ;
#1342 = CARTESIAN_POINT ( 'NONE',  ( -1.850000000000002300, 4.800000000000000700, -3.000000000000000000 ) ) ;
#1343 = DIRECTION ( 'NONE',  ( -0.5299989400031824800, -0.0000000000000000000, 0.8479983040050864700 ) ) ;
#1344 = VECTOR ( 'NONE', #1343, 1000.000000000000000 ) ;
#1345 = CARTESIAN_POINT ( 'NONE',  ( -1.000000000000000900, 6.000000000000000000, -1.699999999999999700 ) ) ;
#1346 = CARTESIAN_POINT ( 'NONE',  ( 0.4249999999999998200, 6.000000000000000900, -0.1000000000000000100 ) ) ;
#1347 = LINE ( 'NONE', #1402, #1401 ) ;
#1348 = CARTESIAN_POINT ( 'NONE',  ( 1.374999999999999800, 6.000000000000000000, -3.000000000000000000 ) ) ;
#1349 = DIRECTION ( 'NONE',  ( -1.000000000000000000, -1.084202172485504600E-016, 0.0000000000000000000 ) ) ;
#1350 = DIRECTION ( 'NONE',  ( -1.084202172485504600E-016, 1.000000000000000000, 0.0000000000000000000 ) ) ;
#1351 = LINE ( 'NONE', #1346, #1356 ) ;
#1352 = LINE ( 'NONE', #1345, #1344 ) ;
#1353 = CARTESIAN_POINT ( 'NONE',  ( -1.850000000000003600, -6.000000000000000900, -3.000000000000000000 ) ) ;
#1354 = DIRECTION ( 'NONE',  ( -1.445602896647339200E-016, -1.000000000000000000, -0.0000000000000000000 ) ) ;
#1355 = VECTOR ( 'NONE', #1354, 1000.000000000000000 ) ;
#1356 = VECTOR ( 'NONE', #1409, 1000.000000000000000 ) ;
#1357 = AXIS2_PLACEMENT_3D ( 'NONE', #1363, #1350, #1349 ) ;
#1358 = CARTESIAN_POINT ( 'NONE',  ( -1.850000000000003600, -6.000000000000000000, 0.0000000000000000000 ) ) ;
#1359 = CARTESIAN_POINT ( 'NONE',  ( -0.6249999999999983300, 6.000000000000000000, -3.000000000000000000 ) ) ;
#1360 = DIRECTION ( 'NONE',  ( -1.000000000000000000, -1.084202172485504400E-016, -0.0000000000000000000 ) ) ;
#1361 = VECTOR ( 'NONE', #1360, 1000.000000000000000 ) ;
#1362 = FACE_OUTER_BOUND ( 'NONE', #238, .T. ) ;
#1363 = CARTESIAN_POINT ( 'NONE',  ( -1.850000000000001900, 6.000000000000000000, -2.700000000000000200 ) ) ;
#1364 = CARTESIAN_POINT ( 'NONE',  ( -1.850000000000001900, 6.000000000000000000, 0.0000000000000000000 ) ) ;
#1365 = DIRECTION ( 'NONE',  ( 1.548860246407863300E-016, -0.0000000000000000000, 1.000000000000000000 ) ) ;
#1366 = VECTOR ( 'NONE', #1365, 1000.000000000000000 ) ;
#1367 = CARTESIAN_POINT ( 'NONE',  ( -0.6249999999999982200, 6.000000000000000000, -2.299999999999999800 ) ) ;
#1368 = CARTESIAN_POINT ( 'NONE',  ( 1.374999999999999800, 6.000000000000000000, -2.299999999999999800 ) ) ;
#1369 = LINE ( 'NONE', #1367, #1366 ) ;
#1370 = CARTESIAN_POINT ( 'NONE',  ( -1.375000000000001300, -8.000000000000000000, 0.0000000000000000000 ) ) ;
#1371 = DIRECTION ( 'NONE',  ( 1.000000000000000000, 0.0000000000000000000, 0.0000000000000000000 ) ) ;
#1372 = VECTOR ( 'NONE', #1371, 1000.000000000000000 ) ;
#1373 = CARTESIAN_POINT ( 'NONE',  ( -1.375000000000001300, -8.000000000000000000, 0.0000000000000000000 ) ) ;
#1374 = PLANE ( 'NONE',  #1357 ) ;
#1375 = DIRECTION ( 'NONE',  ( -1.445602896647339200E-016, -1.000000000000000000, -0.0000000000000000000 ) ) ;
#1376 = DIRECTION ( 'NONE',  ( 0.0000000000000000000, 0.0000000000000000000, -1.000000000000000000 ) ) ;
#1377 = DIRECTION ( 'NONE',  ( 0.0000000000000000000, -1.000000000000000000, 0.0000000000000000000 ) ) ;
#1378 = CARTESIAN_POINT ( 'NONE',  ( 0.3749999999999985000, -8.000000000000000000, -1.500000000000000000 ) ) ;
#1379 = AXIS2_PLACEMENT_3D ( 'NONE', #1378, #1377, #1376 ) ;
#1380 = CARTESIAN_POINT ( 'NONE',  ( -6.149999999999998600, 6.000000000000000000, 0.0000000000000000000 ) ) ;
#1381 = DIRECTION ( 'NONE',  ( 0.0000000000000000000, -1.000000000000000000, 0.0000000000000000000 ) ) ;
#1382 = CIRCLE ( 'NONE', #1379, 1.000000000000000000 ) ;
#1383 = DIRECTION ( 'NONE',  ( 3.614007241618349300E-016, 1.000000000000000000, -0.0000000000000000000 ) ) ;
#1384 = VECTOR ( 'NONE', #1383, 1000.000000000000000 ) ;
#1385 = PRODUCT_RELATED_PRODUCT_CATEGORY ( 'detail', '', ( #2732 ) ) ;
#1386 = PLANE ( 'NONE',  #1140 ) ;
#1387 = CARTESIAN_POINT ( 'NONE',  ( -6.149999999999998600, 2.450000000000000600, 0.0000000000000000000 ) ) ;
#1388 = ITEM_DEFINED_TRANSFORMATION ( 'NONE', 'NONE', #2652,  #2609 ) ;
#1389 = DIRECTION ( 'NONE',  ( -0.0000000000000000000, -0.0000000000000000000, 1.000000000000000000 ) ) ;
#1390 = VECTOR ( 'NONE', #1389, 1000.000000000000000 ) ;
#1391 = LINE ( 'NONE', #1380, #1393 ) ;
#1392 = DIRECTION ( 'NONE',  ( -0.0000000000000000000, -0.0000000000000000000, 1.000000000000000000 ) ) ;
#1393 = VECTOR ( 'NONE', #1381, 1000.000000000000000 ) ;
#1394 = CARTESIAN_POINT ( 'NONE',  ( -1.850000000000001900, 6.000000000000000000, -3.000000000000000000 ) ) ;
#1395 = LINE ( 'NONE', #1394, #1384 ) ;
#1396 = CARTESIAN_POINT ( 'NONE',  ( -1.850000000000001900, 6.000000000000000000, -2.700000000000000200 ) ) ;
#1397 = LINE ( 'NONE', #1396, #1406 ) ;
#1398 = CARTESIAN_POINT ( 'NONE',  ( 2.074999999999998800, 6.000000000000000000, -3.000000000000000000 ) ) ;
#1399 = LINE ( 'NONE', #1398, #1390 ) ;
#1400 = DIRECTION ( 'NONE',  ( -1.445602896647339200E-016, 1.000000000000000000, 0.0000000000000000000 ) ) ;
#1401 = VECTOR ( 'NONE', #1400, 1000.000000000000000 ) ;
#1402 = CARTESIAN_POINT ( 'NONE',  ( 6.150000000000000400, -5.999999999999998200, -2.700000000000000200 ) ) ;
#1403 = DIRECTION ( 'NONE',  ( 1.000000000000000000, 0.0000000000000000000, 0.0000000000000000000 ) ) ;
#1404 = CARTESIAN_POINT ( 'NONE',  ( 2.074999999999998800, 6.000000000000000000, -3.000000000000000000 ) ) ;
#1405 = DIRECTION ( 'NONE',  ( -1.000000000000000000, -1.084202172485504400E-016, -0.0000000000000000000 ) ) ;
#1406 = VECTOR ( 'NONE', #1405, 1000.000000000000000 ) ;
#1407 = CARTESIAN_POINT ( 'NONE',  ( 1.749999999999999300, 6.000000000000000900, 0.0000000000000000000 ) ) ;
#1408 = CARTESIAN_POINT ( 'NONE',  ( 6.150000000000000400, 2.450000000000002000, -2.700000000000000200 ) ) ;
#1409 = DIRECTION ( 'NONE',  ( -0.0000000000000000000, -0.0000000000000000000, 1.000000000000000000 ) ) ;
#1410 = AXIS2_PLACEMENT_3D ( 'NONE', #1418, #1414, #1465 ) ;
#1411 = FACE_OUTER_BOUND ( 'NONE', #358, .T. ) ;
#1412 = DIRECTION ( 'NONE',  ( -0.0000000000000000000, -0.0000000000000000000, 1.000000000000000000 ) ) ;
#1413 = PLANE ( 'NONE',  #1421 ) ;
#1414 = DIRECTION ( 'NONE',  ( -1.000000000000000000, 0.0000000000000000000, 0.0000000000000000000 ) ) ;
#1415 = VECTOR ( 'NONE', #1412, 1000.000000000000000 ) ;
#1416 = CARTESIAN_POINT ( 'NONE',  ( 0.4249999999999998200, 3.350000000000000100, -0.1000000000000000100 ) ) ;
#1417 = LINE ( 'NONE', #1416, #1415 ) ;
#1418 = CARTESIAN_POINT ( 'NONE',  ( 0.4249999999999998200, 3.350000000000000100, -0.1000000000000000100 ) ) ;
#1419 = LINE ( 'NONE', #1498, #1497 ) ;
#1420 = CARTESIAN_POINT ( 'NONE',  ( 1.749999999999999600, 6.000000000000000000, -1.700000000000000000 ) ) ;
#1421 = AXIS2_PLACEMENT_3D ( 'NONE', #1473, #1472, #1471 ) ;
#1422 = DIRECTION ( 'NONE',  ( 0.0000000000000000000, -0.0000000000000000000, -1.000000000000000000 ) ) ;
#1423 = DIRECTION ( 'NONE',  ( 0.0000000000000000000, -1.000000000000000000, 0.0000000000000000000 ) ) ;
#1424 = CARTESIAN_POINT ( 'NONE',  ( -1.375000000000001300, -8.000000000000000000, -7.878780585351224300 ) ) ;
#1425 = AXIS2_PLACEMENT_3D ( 'NONE', #1424, #1423, #1422 ) ;
#1426 = FACE_OUTER_BOUND ( 'NONE', #318, .T. ) ;
#1427 = LINE ( 'NONE', #1467, #1466 ) ;
#1428 = CARTESIAN_POINT ( 'NONE',  ( -1.850000000000001900, 6.000000000000000000, 0.0000000000000000000 ) ) ;
#1429 = CARTESIAN_POINT ( 'NONE',  ( 2.074999999999998800, 6.000000000000000000, -2.700000000000000200 ) ) ;
#1430 = CARTESIAN_POINT ( 'NONE',  ( -1.375000000000001300, -8.000000000000000000, -3.000000000000000000 ) ) ;
#1431 = FACE_OUTER_BOUND ( 'NONE', #232, .T. ) ;
#1432 = PLANE ( 'NONE',  #1425 ) ;
#1433 = DIRECTION ( 'NONE',  ( -1.445602896647339400E-016, -1.000000000000000000, 0.0000000000000000000 ) ) ;
#1434 = DIRECTION ( 'NONE',  ( -1.000000000000000000, 1.445602896647339400E-016, 0.0000000000000000000 ) ) ;
#1435 = CARTESIAN_POINT ( 'NONE',  ( -1.850000000000003600, -6.000000000000000000, -2.700000000000000200 ) ) ;
#1436 = AXIS2_PLACEMENT_3D ( 'NONE', #1435, #1434, #1433 ) ;
#1437 = PLANE ( 'NONE',  #1436 ) ;
#1438 = CARTESIAN_POINT ( 'NONE',  ( -1.850000000000003600, -6.500000000000001800, 0.0000000000000000000 ) ) ;
#1439 = FACE_BOUND ( 'NONE', #285, .T. ) ;
#1440 = CARTESIAN_POINT ( 'NONE',  ( -1.850000000000002100, 4.800000000000000700, -2.700000000000000200 ) ) ;
#1441 = CARTESIAN_POINT ( 'NONE',  ( 2.600000000000000500, 6.000000000000001800, -2.700000000000000200 ) ) ;
#1442 = FACE_OUTER_BOUND ( 'NONE', #278, .T. ) ;
#1443 = CARTESIAN_POINT ( 'NONE',  ( -1.850000000000003600, -6.000000000000000000, -2.700000000000000200 ) ) ;
#1444 = FACE_OUTER_BOUND ( 'NONE', #353, .T. ) ;
#1445 = PLANE ( 'NONE',  #1453 ) ;
#1446 = CARTESIAN_POINT ( 'NONE',  ( 0.3249999999999998400, 3.350000000000000100, -0.1000000000000000100 ) ) ;
#1447 = DIRECTION ( 'NONE',  ( 1.355252715606880000E-016, 1.000000000000000000, -0.0000000000000000000 ) ) ;
#1448 = VECTOR ( 'NONE', #1447, 1000.000000000000000 ) ;
#1449 = CARTESIAN_POINT ( 'NONE',  ( 0.4249999999999998200, 6.000000000000000000, -2.900000000000000400 ) ) ;
#1450 = LINE ( 'NONE', #1449, #1448 ) ;
#1451 = DIRECTION ( 'NONE',  ( 0.0000000000000000000, -1.000000000000000000, 0.0000000000000000000 ) ) ;
#1452 = LINE ( 'NONE', #1502, #1499 ) ;
#1453 = AXIS2_PLACEMENT_3D ( 'NONE', #1457, #1451, #1504 ) ;
#1454 = DIRECTION ( 'NONE',  ( -0.0000000000000000000, -0.0000000000000000000, -1.000000000000000000 ) ) ;
#1455 = FACE_OUTER_BOUND ( 'NONE', #331, .T. ) ;
#1456 = VECTOR ( 'NONE', #1454, 1000.000000000000000 ) ;
#1457 = CARTESIAN_POINT ( 'NONE',  ( 0.4249999999999998200, 3.350000000000000100, -0.1000000000000000100 ) ) ;
#1458 = DIRECTION ( 'NONE',  ( 1.000000000000000000, 0.0000000000000000000, -0.0000000000000000000 ) ) ;
#1459 = DIRECTION ( 'NONE',  ( 0.0000000000000000000, 0.0000000000000000000, 1.000000000000000000 ) ) ;
#1460 = CARTESIAN_POINT ( 'NONE',  ( 0.0000000000000000000, 0.0000000000000000000, -0.1000000000000000100 ) ) ;
#1461 = DIRECTION ( 'NONE',  ( -1.084202172485504700E-016, 1.000000000000000000, -0.0000000000000000000 ) ) ;
#1462 = CARTESIAN_POINT ( 'NONE',  ( 0.4249999999999997700, 5.599999999999999600, -2.900000000000000400 ) ) ;
#1463 = CARTESIAN_POINT ( 'NONE',  ( 0.4249999999999997700, 5.599999999999999600, -2.900000000000000400 ) ) ;
#1464 = LINE ( 'NONE', #1463, #1456 ) ;
#1465 = DIRECTION ( 'NONE',  ( 0.0000000000000000000, 0.0000000000000000000, 1.000000000000000000 ) ) ;
#1466 = VECTOR ( 'NONE', #1461, 1000.000000000000000 ) ;
#1467 = CARTESIAN_POINT ( 'NONE',  ( 1.749999999999999600, 5.899999999999999500, -1.700000000000000000 ) ) ;
#1468 = FACE_OUTER_BOUND ( 'NONE', #324, .T. ) ;
#1469 = AXIS2_PLACEMENT_3D ( 'NONE', #1460, #1459, #1458 ) ;
#1470 = PLANE ( 'NONE',  #1469 ) ;
#1471 = DIRECTION ( 'NONE',  ( -8.182657905550974600E-017, 1.000000000000000000, 0.0000000000000000000 ) ) ;
#1472 = DIRECTION ( 'NONE',  ( 1.000000000000000000, 8.182657905550974600E-017, 0.0000000000000000000 ) ) ;
#1473 = CARTESIAN_POINT ( 'NONE',  ( 1.749999999999999300, 6.000000000000000900, -0.1000000000000000100 ) ) ;
#1474 = PLANE ( 'NONE',  #1410 ) ;
#1475 = VECTOR ( 'NONE', #1535, 1000.000000000000000 ) ;
#1476 = CARTESIAN_POINT ( 'NONE',  ( 0.3249999999999998400, 3.350000000000000100, -0.1000000000000000100 ) ) ;
#1477 = LINE ( 'NONE', #1476, #1475 ) ;
#1478 = CIRCLE ( 'NONE', #1565, 1.100000000000000300 ) ;
#1479 = DIRECTION ( 'NONE',  ( -0.0000000000000000000, -0.0000000000000000000, -1.000000000000000000 ) ) ;
#1480 = DIRECTION ( 'NONE',  ( 1.000000000000000000, 0.0000000000000000000, 0.0000000000000000000 ) ) ;
#1481 = AXIS2_PLACEMENT_3D ( 'NONE', #1493, #1523, #1521 ) ;
#1482 = AXIS2_PLACEMENT_3D ( 'NONE', #1494, #1525, #1480 ) ;
#1483 = CARTESIAN_POINT ( 'NONE',  ( 0.3249999999999995700, 5.599999999999999600, -2.900000000000000400 ) ) ;
#1484 = LINE ( 'NONE', #1483, #1503 ) ;
#1485 = DIRECTION ( 'NONE',  ( 0.0000000000000000000, 1.000000000000000000, 0.0000000000000000000 ) ) ;
#1486 = VECTOR ( 'NONE', #1485, 1000.000000000000000 ) ;
#1487 = CARTESIAN_POINT ( 'NONE',  ( 0.3249999999999998400, 3.350000000000000100, -0.1000000000000000100 ) ) ;
#1488 = CARTESIAN_POINT ( 'NONE',  ( 0.3249999999999998400, 3.350000000000000100, -0.1000000000000000100 ) ) ;
#1489 = DIRECTION ( 'NONE',  ( 0.0000000000000000000, 0.0000000000000000000, -1.000000000000000000 ) ) ;
#1490 = CYLINDRICAL_SURFACE ( 'NONE', #1482, 0.2500000000000000000 ) ;
#1491 = LINE ( 'NONE', #1487, #1486 ) ;
#1492 = CARTESIAN_POINT ( 'NONE',  ( 0.3249999999999995700, 5.599999999999999600, -2.900000000000000400 ) ) ;
#1493 = CARTESIAN_POINT ( 'NONE',  ( 0.0000000000000000000, 0.0000000000000000000, -0.1000000000000000100 ) ) ;
#1494 = CARTESIAN_POINT ( 'NONE',  ( 0.0000000000000000000, 0.0000000000000000000, -0.1000000000000000100 ) ) ;
#1495 = AXIS2_PLACEMENT_3D ( 'NONE', #1446, #1505, #1489 ) ;
#1496 = DIRECTION ( 'NONE',  ( -0.0000000000000000000, -0.0000000000000000000, 1.000000000000000000 ) ) ;
#1497 = VECTOR ( 'NONE', #1496, 1000.000000000000000 ) ;
#1498 = CARTESIAN_POINT ( 'NONE',  ( 0.3249999999999998400, 3.350000000000000100, -0.1000000000000000100 ) ) ;
#1499 = VECTOR ( 'NONE', #1501, 1000.000000000000000 ) ;
#1500 = PLANE ( 'NONE',  #1495 ) ;
#1501 = DIRECTION ( 'NONE',  ( -0.0000000000000000000, -0.0000000000000000000, 1.000000000000000000 ) ) ;
#1502 = CARTESIAN_POINT ( 'NONE',  ( 1.749999999999999600, 3.350000000000000100, -0.1000000000000000100 ) ) ;
#1503 = VECTOR ( 'NONE', #1479, 1000.000000000000000 ) ;
#1504 = DIRECTION ( 'NONE',  ( 0.0000000000000000000, -0.0000000000000000000, -1.000000000000000000 ) ) ;
#1505 = DIRECTION ( 'NONE',  ( 1.000000000000000000, -0.0000000000000000000, 0.0000000000000000000 ) ) ;
#1506 = DIRECTION ( 'NONE',  ( 1.000000000000000000, 0.0000000000000000000, 0.0000000000000000000 ) ) ;
#1507 = DIRECTION ( 'NONE',  ( 0.0000000000000000000, 0.0000000000000000000, 1.000000000000000000 ) ) ;
#1508 = CARTESIAN_POINT ( 'NONE',  ( -4.400000000000000400, 4.250000000000000000, -2.700000000000000200 ) ) ;
#1509 = AXIS2_PLACEMENT_3D ( 'NONE', #1508, #1507, #1506 ) ;
#1510 = DIRECTION ( 'NONE',  ( 1.000000000000000000, 0.0000000000000000000, 0.0000000000000000000 ) ) ;
#1511 = DIRECTION ( 'NONE',  ( 0.0000000000000000000, -0.0000000000000000000, -1.000000000000000000 ) ) ;
#1512 = DIRECTION ( 'NONE',  ( 0.0000000000000000000, -1.000000000000000000, 0.0000000000000000000 ) ) ;
#1513 = CARTESIAN_POINT ( 'NONE',  ( 0.3749999999999985000, -58.00000000000000000, -1.500000000000000000 ) ) ;
#1514 = CYLINDRICAL_SURFACE ( 'NONE', #1519, 1.100000000000000300 ) ;
#1515 = FACE_OUTER_BOUND ( 'NONE', #3031, .T. ) ;
#1516 = FACE_OUTER_BOUND ( 'NONE', #2923, .T. ) ;
#1517 = CIRCLE ( 'NONE', #1509, 1.100000000000000300 ) ;
#1518 = DIRECTION ( 'NONE',  ( -0.0000000000000000000, -0.0000000000000000000, 1.000000000000000000 ) ) ;
#1519 = AXIS2_PLACEMENT_3D ( 'NONE', #1567, #1518, #1510 ) ;
#1520 = PLANE ( 'NONE',  #1522 ) ;
#1521 = DIRECTION ( 'NONE',  ( 1.000000000000000000, 0.0000000000000000000, 0.0000000000000000000 ) ) ;
#1522 = AXIS2_PLACEMENT_3D ( 'NONE', #1513, #1512, #1511 ) ;
#1523 = DIRECTION ( 'NONE',  ( 0.0000000000000000000, 0.0000000000000000000, 1.000000000000000000 ) ) ;
#1524 = FACE_OUTER_BOUND ( 'NONE', #2930, .T. ) ;
#1525 = DIRECTION ( 'NONE',  ( -0.0000000000000000000, -0.0000000000000000000, 1.000000000000000000 ) ) ;
#1526 = DIRECTION ( 'NONE',  ( 0.0000000000000000000, -1.000000000000000000, 0.0000000000000000000 ) ) ;
#1527 = VECTOR ( 'NONE', #1526, 1000.000000000000000 ) ;
#1528 = CARTESIAN_POINT ( 'NONE',  ( 0.3249999999999995700, 6.000000000000000000, -2.900000000000000400 ) ) ;
#1529 = LINE ( 'NONE', #1528, #1527 ) ;
#1530 = DIRECTION ( 'NONE',  ( -0.0000000000000000000, -0.0000000000000000000, 1.000000000000000000 ) ) ;
#1531 = VECTOR ( 'NONE', #1530, 1000.000000000000000 ) ;
#1532 = CARTESIAN_POINT ( 'NONE',  ( -1.000000000000000200, 3.350000000000000100, -0.1000000000000000100 ) ) ;
#1533 = LINE ( 'NONE', #1532, #1531 ) ;
#1534 = CIRCLE ( 'NONE', #1481, 0.2500000000000000000 ) ;
#1535 = DIRECTION ( 'NONE',  ( 1.000000000000000000, -0.0000000000000000000, -0.0000000000000000000 ) ) ;
#1536 = AXIS2_PLACEMENT_3D ( 'NONE', #1590, #1585, #1584 ) ;
#1537 = FACE_OUTER_BOUND ( 'NONE', #360, .T. ) ;
#1538 = PLANE ( 'NONE',  #1551 ) ;
#1539 = DIRECTION ( 'NONE',  ( -0.0000000000000000000, -0.0000000000000000000, 1.000000000000000000 ) ) ;
#1540 = VECTOR ( 'NONE', #1539, 1000.000000000000000 ) ;
#1541 = CARTESIAN_POINT ( 'NONE',  ( 1.850000000000000300, -5.999999999999999100, -3.000000000000000000 ) ) ;
#1542 = DIRECTION ( 'NONE',  ( -1.000000000000000000, 1.264902534566421700E-016, 0.0000000000000000000 ) ) ;
#1543 = FACE_OUTER_BOUND ( 'NONE', #373, .T. ) ;
#1544 = PLANE ( 'NONE',  #1536 ) ;
#1545 = DIRECTION ( 'NONE',  ( 1.445602896647339200E-016, 1.000000000000000000, -0.0000000000000000000 ) ) ;
#1546 = VECTOR ( 'NONE', #1545, 1000.000000000000000 ) ;
#1547 = CARTESIAN_POINT ( 'NONE',  ( -6.149999999999998600, 6.000000000000000900, -2.700000000000000200 ) ) ;
#1548 = LINE ( 'NONE', #1547, #1546 ) ;
#1549 = DIRECTION ( 'NONE',  ( -0.0000000000000000000, -0.0000000000000000000, 1.000000000000000000 ) ) ;
#1550 = VECTOR ( 'NONE', #1549, 1000.000000000000000 ) ;
#1551 = AXIS2_PLACEMENT_3D ( 'NONE', #1557, #1542, #1600 ) ;
#1552 = DIRECTION ( 'NONE',  ( -1.000000000000000000, 0.0000000000000000000, 0.0000000000000000000 ) ) ;
#1553 = DIRECTION ( 'NONE',  ( 0.0000000000000000000, 0.0000000000000000000, -1.000000000000000000 ) ) ;
#1554 = CARTESIAN_POINT ( 'NONE',  ( -4.400000000000000400, 4.250000000000000000, -3.000000000000000000 ) ) ;
#1555 = LINE ( 'NONE', #1541, #1540 ) ;
#1556 = FACE_OUTER_BOUND ( 'NONE', #458, .T. ) ;
#1557 = CARTESIAN_POINT ( 'NONE',  ( 1.850000000000001900, 6.000000000000000900, -3.000000000000000000 ) ) ;
#1558 = CARTESIAN_POINT ( 'NONE',  ( -6.149999999999998600, 6.000000000000000900, -3.000000000000000000 ) ) ;
#1559 = LINE ( 'NONE', #1558, #1550 ) ;
#1560 = CARTESIAN_POINT ( 'NONE',  ( -6.149999999999998600, 6.000000000000000900, -3.000000000000000000 ) ) ;
#1561 = DIRECTION ( 'NONE',  ( -0.0000000000000000000, -0.0000000000000000000, 1.000000000000000000 ) ) ;
#1562 = VECTOR ( 'NONE', #1561, 1000.000000000000000 ) ;
#1563 = CARTESIAN_POINT ( 'NONE',  ( -5.500000000000000900, 4.250000000000000000, -3.000024999999999900 ) ) ;
#1564 = CARTESIAN_POINT ( 'NONE',  ( -6.150000000000000400, -6.000000000000000000, -2.700000000000000200 ) ) ;
#1565 = AXIS2_PLACEMENT_3D ( 'NONE', #1554, #1553, #1552 ) ;
#1566 = LINE ( 'NONE', #1563, #1562 ) ;
#1567 = CARTESIAN_POINT ( 'NONE',  ( -4.400000000000000400, 4.250000000000000000, -3.000024999999999900 ) ) ;
#1568 = CARTESIAN_POINT ( 'NONE',  ( -6.149999999999998600, 6.000000000000000900, -3.000000000000000000 ) ) ;
#1569 = PLANE ( 'NONE',  #1583 ) ;
#1570 = DIRECTION ( 'NONE',  ( 0.0000000000000000000, 0.0000000000000000000, -1.000000000000000000 ) ) ;
#1571 = CARTESIAN_POINT ( 'NONE',  ( 1.850000000000000300, -5.999999999999999100, -3.000000000000000000 ) ) ;
#1572 = CARTESIAN_POINT ( 'NONE',  ( 1.850000000000000300, -5.999999999999999100, -3.000000000000000000 ) ) ;
#1573 = DIRECTION ( 'NONE',  ( -1.000000000000000000, -1.084202172485504400E-016, 0.0000000000000000000 ) ) ;
#1574 = VECTOR ( 'NONE', #1573, 1000.000000000000000 ) ;
#1575 = CARTESIAN_POINT ( 'NONE',  ( 1.850000000000000300, -5.999999999999999100, -2.700000000000000200 ) ) ;
#1576 = LINE ( 'NONE', #1575, #1574 ) ;
#1577 = DIRECTION ( 'NONE',  ( -1.084202172485504400E-016, 1.000000000000000000, 0.0000000000000000000 ) ) ;
#1578 = PLANE ( 'NONE',  #1586 ) ;
#1579 = DIRECTION ( 'NONE',  ( -1.000000000000000000, -1.084202172485504400E-016, 0.0000000000000000000 ) ) ;
#1580 = VECTOR ( 'NONE', #1579, 1000.000000000000000 ) ;
#1581 = DIRECTION ( 'NONE',  ( 1.445602896647339200E-016, 1.000000000000000000, -0.0000000000000000000 ) ) ;
#1582 = VECTOR ( 'NONE', #1581, 1000.000000000000000 ) ;
#1583 = AXIS2_PLACEMENT_3D ( 'NONE', #1572, #1577, #1628 ) ;
#1584 = DIRECTION ( 'NONE',  ( 1.445602896647339200E-016, 1.000000000000000000, 0.0000000000000000000 ) ) ;
#1585 = DIRECTION ( 'NONE',  ( 1.000000000000000000, -1.445602896647339200E-016, 0.0000000000000000000 ) ) ;
#1586 = AXIS2_PLACEMENT_3D ( 'NONE', #1630, #1624, #1623 ) ;
#1587 = CARTESIAN_POINT ( 'NONE',  ( -6.149999999999998600, 6.000000000000000900, -2.700000000000000200 ) ) ;
#1588 = DIRECTION ( 'NONE',  ( -1.264902534566421700E-016, -1.000000000000000000, 0.0000000000000000000 ) ) ;
#1589 = VECTOR ( 'NONE', #1588, 1000.000000000000000 ) ;
#1590 = CARTESIAN_POINT ( 'NONE',  ( -6.149999999999998600, 6.000000000000000900, -3.000000000000000000 ) ) ;
#1591 = CARTESIAN_POINT ( 'NONE',  ( 1.850000000000000300, -5.999999999999999100, -3.000000000000000000 ) ) ;
#1592 = LINE ( 'NONE', #1591, #1580 ) ;
#1593 = LINE ( 'NONE', #1568, #1582 ) ;
#1594 = CARTESIAN_POINT ( 'NONE',  ( 1.850000000000001900, 6.000000000000000900, -3.000000000000000000 ) ) ;
#1595 = LINE ( 'NONE', #1594, #1589 ) ;
#1596 = DIRECTION ( 'NONE',  ( -0.0000000000000000000, -0.0000000000000000000, 1.000000000000000000 ) ) ;
#1597 = VECTOR ( 'NONE', #1596, 1000.000000000000000 ) ;
#1598 = CARTESIAN_POINT ( 'NONE',  ( -6.150000000000000400, -6.000000000000000000, -3.000000000000000000 ) ) ;
#1599 = CARTESIAN_POINT ( 'NONE',  ( 1.850000000000001900, 6.000000000000000900, -3.000000000000000000 ) ) ;
#1600 = DIRECTION ( 'NONE',  ( -1.264902534566421700E-016, -1.000000000000000000, 0.0000000000000000000 ) ) ;
#1601 = CARTESIAN_POINT ( 'NONE',  ( -6.150000000000000400, -6.000000000000000000, -3.000000000000000000 ) ) ;
#1602 = LINE ( 'NONE', #1598, #1597 ) ;
#1603 = DIRECTION ( 'NONE',  ( -1.000000000000000000, 0.0000000000000000000, 0.0000000000000000000 ) ) ;
#1604 = DIRECTION ( 'NONE',  ( 0.0000000000000000000, 0.0000000000000000000, -1.000000000000000000 ) ) ;
#1605 = FACE_OUTER_BOUND ( 'NONE', #427, .T. ) ;
#1606 = AXIS2_PLACEMENT_3D ( 'NONE', #1571, #1570, #1656 ) ;
#1607 = FACE_BOUND ( 'NONE', #411, .T. ) ;
#1608 = CARTESIAN_POINT ( 'NONE',  ( -6.149999999999998600, 6.000000000000000000, -2.700000000000000200 ) ) ;
#1609 = FACE_BOUND ( 'NONE', #415, .T. ) ;
#1610 = PLANE ( 'NONE',  #1606 ) ;
#1611 = AXIS2_PLACEMENT_3D ( 'NONE', #1629, #1604, #1603 ) ;
#1612 = DIRECTION ( 'NONE',  ( -1.000000000000000000, 0.0000000000000000000, 0.0000000000000000000 ) ) ;
#1613 = CIRCLE ( 'NONE', #1618, 1.100000000000000300 ) ;
#1614 = DIRECTION ( 'NONE',  ( 1.000000000000000000, -0.0000000000000000000, -0.0000000000000000000 ) ) ;
#1615 = VECTOR ( 'NONE', #1614, 1000.000000000000000 ) ;
#1616 = CARTESIAN_POINT ( 'NONE',  ( 1.850000000000001900, 6.000000000000000900, -2.700000000000000200 ) ) ;
#1617 = LINE ( 'NONE', #1616, #1615 ) ;
#1618 = AXIS2_PLACEMENT_3D ( 'NONE', #1627, #1626, #1612 ) ;
#1619 = DIRECTION ( 'NONE',  ( 1.000000000000000000, -0.0000000000000000000, -0.0000000000000000000 ) ) ;
#1620 = VECTOR ( 'NONE', #1619, 1000.000000000000000 ) ;
#1621 = CARTESIAN_POINT ( 'NONE',  ( 1.850000000000001900, 6.000000000000000900, -3.000000000000000000 ) ) ;
#1622 = LINE ( 'NONE', #1621, #1620 ) ;
#1623 = DIRECTION ( 'NONE',  ( 0.0000000000000000000, 0.0000000000000000000, -1.000000000000000000 ) ) ;
#1624 = DIRECTION ( 'NONE',  ( 0.0000000000000000000, -1.000000000000000000, -0.0000000000000000000 ) ) ;
#1625 = CIRCLE ( 'NONE', #1611, 1.100000000000000300 ) ;
#1626 = DIRECTION ( 'NONE',  ( 0.0000000000000000000, 0.0000000000000000000, -1.000000000000000000 ) ) ;
#1627 = CARTESIAN_POINT ( 'NONE',  ( -4.400000000000000400, 4.250000000000000000, -3.000000000000000000 ) ) ;
#1628 = DIRECTION ( 'NONE',  ( -1.000000000000000000, -1.084202172485504400E-016, 0.0000000000000000000 ) ) ;
#1629 = CARTESIAN_POINT ( 'NONE',  ( -4.400000000000000400, -4.250000000000000000, -3.000000000000000000 ) ) ;
#1630 = CARTESIAN_POINT ( 'NONE',  ( 1.850000000000001900, 6.000000000000000900, -3.000000000000000000 ) ) ;
#1631 = FACE_OUTER_BOUND ( 'NONE', #384, .T. ) ;
#1632 = CARTESIAN_POINT ( 'NONE',  ( 1.375000000000000000, -8.000000000000000000, -3.000000000000000000 ) ) ;
#1633 = CARTESIAN_POINT ( 'NONE',  ( 1.375000000000000400, -8.000000000000000000, -7.878780585351224300 ) ) ;
#1634 = LINE ( 'NONE', #1633, #1641 ) ;
#1635 = DIRECTION ( 'NONE',  ( -0.0000000000000000000, -0.0000000000000000000, 1.000000000000000000 ) ) ;
#1636 = VECTOR ( 'NONE', #1635, 1000.000000000000000 ) ;
#1637 = CARTESIAN_POINT ( 'NONE',  ( -0.2500000000000000000, 3.061616997868383000E-017, -0.1000000000000000100 ) ) ;
#1638 = DIRECTION ( 'NONE',  ( -1.000000000000000000, 0.0000000000000000000, -0.0000000000000000000 ) ) ;
#1639 = DIRECTION ( 'NONE',  ( 0.0000000000000000000, 0.0000000000000000000, 1.000000000000000000 ) ) ;
#1640 = DIRECTION ( 'NONE',  ( 0.0000000000000000000, 0.0000000000000000000, 1.000000000000000000 ) ) ;
#1641 = VECTOR ( 'NONE', #1640, 1000.000000000000000 ) ;
#1642 = FACE_BOUND ( 'NONE', #407, .T. ) ;
#1643 = DIRECTION ( 'NONE',  ( -1.000000000000000000, 0.0000000000000000000, 0.0000000000000000000 ) ) ;
#1644 = DIRECTION ( 'NONE',  ( 0.0000000000000000000, 0.0000000000000000000, 1.000000000000000000 ) ) ;
#1645 = CARTESIAN_POINT ( 'NONE',  ( -4.400000000000000400, -4.250000000000000000, -2.700000000000000200 ) ) ;
#1646 = AXIS2_PLACEMENT_3D ( 'NONE', #1645, #1644, #1643 ) ;
#1647 = CIRCLE ( 'NONE', #1646, 1.100000000000000300 ) ;
#1648 = LINE ( 'NONE', #1637, #1636 ) ;
#1649 = DIRECTION ( 'NONE',  ( 0.0000000000000000000, 0.0000000000000000000, 1.000000000000000000 ) ) ;
#1650 = FACE_OUTER_BOUND ( 'NONE', #422, .T. ) ;
#1651 = DIRECTION ( 'NONE',  ( 1.000000000000000000, 0.0000000000000000000, 0.0000000000000000000 ) ) ;
#1652 = DIRECTION ( 'NONE',  ( 0.0000000000000000000, 0.0000000000000000000, 1.000000000000000000 ) ) ;
#1653 = DIRECTION ( 'NONE',  ( -1.000000000000000000, 0.0000000000000000000, 0.0000000000000000000 ) ) ;
#1654 = FACE_OUTER_BOUND ( 'NONE', #431, .T. ) ;
#1655 = PLANE ( 'NONE',  #1658 ) ;
#1656 = DIRECTION ( 'NONE',  ( -1.000000000000000000, 0.0000000000000000000, -0.0000000000000000000 ) ) ;
#1657 = AXIS2_PLACEMENT_3D ( 'NONE', #1659, #1652, #1651 ) ;
#1658 = AXIS2_PLACEMENT_3D ( 'NONE', #1662, #1661, #1638 ) ;
#1659 = CARTESIAN_POINT ( 'NONE',  ( -4.400000000000000400, 4.250000000000000000, -2.700000000000000200 ) ) ;
#1660 = CIRCLE ( 'NONE', #1657, 1.100000000000000300 ) ;
#1661 = DIRECTION ( 'NONE',  ( 0.0000000000000000000, 0.0000000000000000000, -1.000000000000000000 ) ) ;
#1662 = CARTESIAN_POINT ( 'NONE',  ( 1.850000000000000300, -5.999999999999999100, -2.700000000000000200 ) ) ;
#1663 = FACE_BOUND ( 'NONE', #437, .T. ) ;
#1664 = DIRECTION ( 'NONE',  ( 1.000000000000000000, 0.0000000000000000000, 0.0000000000000000000 ) ) ;
#1665 = DIRECTION ( 'NONE',  ( 0.0000000000000000000, 0.0000000000000000000, 1.000000000000000000 ) ) ;
#1666 = AXIS2_PLACEMENT_3D ( 'NONE', #1670, #1665, #1664 ) ;
#1667 = CARTESIAN_POINT ( 'NONE',  ( 1.850000000000000300, -5.999999999999999100, -2.700000000000000200 ) ) ;
#1668 = DIRECTION ( 'NONE',  ( -0.0000000000000000000, -0.0000000000000000000, 1.000000000000000000 ) ) ;
#1669 = DIRECTION ( 'NONE',  ( 1.000000000000000000, 0.0000000000000000000, 0.0000000000000000000 ) ) ;
#1670 = CARTESIAN_POINT ( 'NONE',  ( 0.0000000000000000000, 0.0000000000000000000, -0.1000000000000000100 ) ) ;
#1671 = CARTESIAN_POINT ( 'NONE',  ( -4.400000000000000400, -4.250000000000000000, -3.000024999999999900 ) ) ;
#1672 = LINE ( 'NONE', #1718, #1715 ) ;
#1673 = DIRECTION ( 'NONE',  ( 0.0000000000000000000, 0.0000000000000000000, -1.000000000000000000 ) ) ;
#1674 = DIRECTION ( 'NONE',  ( 0.0000000000000000000, -1.000000000000000000, 0.0000000000000000000 ) ) ;
#1675 = DIRECTION ( 'NONE',  ( -0.0000000000000000000, -0.0000000000000000000, 1.000000000000000000 ) ) ;
#1676 = CARTESIAN_POINT ( 'NONE',  ( -4.400000000000000400, -4.250000000000000000, -3.000024999999999900 ) ) ;
#1677 = CYLINDRICAL_SURFACE ( 'NONE', #1692, 1.100000000000000300 ) ;
#1678 = CYLINDRICAL_SURFACE ( 'NONE', #1687, 1.100000000000000300 ) ;
#1679 = AXIS2_PLACEMENT_3D ( 'NONE', #1689, #1674, #1673 ) ;
#1680 = DIRECTION ( 'NONE',  ( 0.0000000000000000000, 0.0000000000000000000, 1.000000000000000000 ) ) ;
#1681 = VECTOR ( 'NONE', #1680, 1000.000000000000000 ) ;
#1682 = CARTESIAN_POINT ( 'NONE',  ( -2.124999999999999100, -8.000000000000000000, -7.878780585351224300 ) ) ;
#1683 = FACE_OUTER_BOUND ( 'NONE', #453, .T. ) ;
#1684 = CIRCLE ( 'NONE', #1679, 1.000000000000000000 ) ;
#1685 = LINE ( 'NONE', #1682, #1681 ) ;
#1686 = CARTESIAN_POINT ( 'NONE',  ( -0.2500000000000000000, 3.061616997868383000E-017, -0.1000000000000000100 ) ) ;
#1687 = AXIS2_PLACEMENT_3D ( 'NONE', #1676, #1675, #1669 ) ;
#1688 = CARTESIAN_POINT ( 'NONE',  ( 0.2500000000000000000, 0.0000000000000000000, 0.0000000000000000000 ) ) ;
#1689 = CARTESIAN_POINT ( 'NONE',  ( -0.3750000000000001100, -58.00000000000000000, -1.500000000000000000 ) ) ;
#1690 = CARTESIAN_POINT ( 'NONE',  ( 0.2500000000000000000, 0.0000000000000000000, -0.1000000000000000100 ) ) ;
#1691 = DIRECTION ( 'NONE',  ( 1.000000000000000000, 0.0000000000000000000, 0.0000000000000000000 ) ) ;
#1692 = AXIS2_PLACEMENT_3D ( 'NONE', #1671, #1668, #1691 ) ;
#1693 = CIRCLE ( 'NONE', #1666, 0.2500000000000000000 ) ;
#1694 = CARTESIAN_POINT ( 'NONE',  ( -0.2500000000000000000, 3.061616997868383000E-017, 0.0000000000000000000 ) ) ;
#1695 = DIRECTION ( 'NONE',  ( -0.0000000000000000000, -0.0000000000000000000, 1.000000000000000000 ) ) ;
#1696 = VECTOR ( 'NONE', #1695, 1000.000000000000000 ) ;
#1697 = CYLINDRICAL_SURFACE ( 'NONE', #1736, 1.100000000000000300 ) ;
#1698 = DIRECTION ( 'NONE',  ( 1.000000000000000000, 0.0000000000000000000, 0.0000000000000000000 ) ) ;
#1699 = DIRECTION ( 'NONE',  ( 0.0000000000000000000, 0.0000000000000000000, 1.000000000000000000 ) ) ;
#1700 = CARTESIAN_POINT ( 'NONE',  ( 4.399999999999999500, -4.250000000000000000, -3.000000000000000000 ) ) ;
#1701 = CARTESIAN_POINT ( 'NONE',  ( 5.500000000000000000, -4.250000000000000000, -2.700000000000000200 ) ) ;
#1702 = CIRCLE ( 'NONE', #1761, 1.000000000000000000 ) ;
#1703 = CIRCLE ( 'NONE', #1713, 1.100000000000000300 ) ;
#1704 = DIRECTION ( 'NONE',  ( -0.0000000000000000000, -0.0000000000000000000, 1.000000000000000000 ) ) ;
#1705 = CARTESIAN_POINT ( 'NONE',  ( 5.500000000000000000, -4.250000000000000000, -3.000000000000000000 ) ) ;
#1706 = DIRECTION ( 'NONE',  ( -0.0000000000000000000, -0.0000000000000000000, 1.000000000000000000 ) ) ;
#1707 = VECTOR ( 'NONE', #1706, 1000.000000000000000 ) ;
#1708 = CARTESIAN_POINT ( 'NONE',  ( 3.299999999999998900, -4.250000000000000000, -3.000024999999999900 ) ) ;
#1709 = LINE ( 'NONE', #1708, #1696 ) ;
#1710 = DIRECTION ( 'NONE',  ( 1.000000000000000000, -0.0000000000000000000, 0.0000000000000000000 ) ) ;
#1711 = VECTOR ( 'NONE', #1710, 1000.000000000000000 ) ;
#1712 = CARTESIAN_POINT ( 'NONE',  ( 0.4249999999999998200, 5.899999999999999500, -0.1000000000000000100 ) ) ;
#1713 = AXIS2_PLACEMENT_3D ( 'NONE', #1700, #1699, #1698 ) ;
#1714 = LINE ( 'NONE', #1712, #1711 ) ;
#1715 = VECTOR ( 'NONE', #1717, 1000.000000000000000 ) ;
#1716 = CARTESIAN_POINT ( 'NONE',  ( 1.850000000000001900, 6.000000000000000900, -2.700000000000000200 ) ) ;
#1717 = DIRECTION ( 'NONE',  ( -0.0000000000000000000, -0.0000000000000000000, 1.000000000000000000 ) ) ;
#1718 = CARTESIAN_POINT ( 'NONE',  ( -3.299999999999999800, 4.250000000000000000, -3.000024999999999900 ) ) ;
#1719 = CARTESIAN_POINT ( 'NONE',  ( 5.500000000000000000, -4.250000000000000000, -3.000024999999999900 ) ) ;
#1720 = LINE ( 'NONE', #1719, #1707 ) ;
#1721 = FACE_OUTER_BOUND ( 'NONE', #3012, .T. ) ;
#1722 = LINE ( 'NONE', #1723, #1780 ) ;
#1723 = CARTESIAN_POINT ( 'NONE',  ( 3.299999999999998900, 4.250000000000000000, -3.000024999999999900 ) ) ;
#1724 = AXIS2_PLACEMENT_3D ( 'NONE', #1734, #1704, #1783 ) ;
#1725 = FACE_OUTER_BOUND ( 'NONE', #487, .T. ) ;
#1726 = DIRECTION ( 'NONE',  ( -1.000000000000000000, 0.0000000000000000000, 0.0000000000000000000 ) ) ;
#1727 = DIRECTION ( 'NONE',  ( 0.0000000000000000000, 0.0000000000000000000, 1.000000000000000000 ) ) ;
#1728 = CARTESIAN_POINT ( 'NONE',  ( 4.399999999999999500, -4.250000000000000000, -2.700000000000000200 ) ) ;
#1729 = AXIS2_PLACEMENT_3D ( 'NONE', #1728, #1727, #1726 ) ;
#1730 = CARTESIAN_POINT ( 'NONE',  ( 0.3749999999999985000, -58.00000000000000000, -0.5000000000000000000 ) ) ;
#1731 = LINE ( 'NONE', #1730, #1782 ) ;
#1732 = CARTESIAN_POINT ( 'NONE',  ( 0.3249999999999995700, 5.899999999999999500, -2.900000000000000400 ) ) ;
#1733 = DIRECTION ( 'NONE',  ( 1.000000000000000000, 0.0000000000000000000, 0.0000000000000000000 ) ) ;
#1734 = CARTESIAN_POINT ( 'NONE',  ( 4.399999999999999500, -4.250000000000000000, -3.000024999999999900 ) ) ;
#1735 = CYLINDRICAL_SURFACE ( 'NONE', #1724, 1.100000000000000300 ) ;
#1736 = AXIS2_PLACEMENT_3D ( 'NONE', #1743, #1745, #1733 ) ;
#1737 = CARTESIAN_POINT ( 'NONE',  ( 3.299999999999998900, 4.250000000000000000, -2.700000000000000200 ) ) ;
#1738 = DIRECTION ( 'NONE',  ( 1.000000000000000000, 0.0000000000000000000, 0.0000000000000000000 ) ) ;
#1739 = DIRECTION ( 'NONE',  ( 0.0000000000000000000, 0.0000000000000000000, 1.000000000000000000 ) ) ;
#1740 = CARTESIAN_POINT ( 'NONE',  ( 4.399999999999999500, 4.250000000000000000, -3.000000000000000000 ) ) ;
#1741 = AXIS2_PLACEMENT_3D ( 'NONE', #1740, #1739, #1738 ) ;
#1742 = CIRCLE ( 'NONE', #1741, 1.100000000000000300 ) ;
#1743 = CARTESIAN_POINT ( 'NONE',  ( 4.399999999999999500, 4.250000000000000000, -3.000024999999999900 ) ) ;
#1744 = CARTESIAN_POINT ( 'NONE',  ( 3.299999999999998900, 4.250000000000000000, -3.000000000000000000 ) ) ;
#1745 = DIRECTION ( 'NONE',  ( -0.0000000000000000000, -0.0000000000000000000, 1.000000000000000000 ) ) ;
#1746 = CIRCLE ( 'NONE', #1729, 1.100000000000000300 ) ;
#1747 = DIRECTION ( 'NONE',  ( -0.0000000000000000000, -0.0000000000000000000, 1.000000000000000000 ) ) ;
#1748 = VECTOR ( 'NONE', #1747, 1000.000000000000000 ) ;
#1749 = CARTESIAN_POINT ( 'NONE',  ( 0.2500000000000000000, 0.0000000000000000000, -0.1000000000000000100 ) ) ;
#1750 = LINE ( 'NONE', #1749, #1748 ) ;
#1751 = CARTESIAN_POINT ( 'NONE',  ( 5.500000000000000000, 4.250000000000000000, -3.000000000000000000 ) ) ;
#1752 = CARTESIAN_POINT ( 'NONE',  ( 3.299999999999998900, -4.250000000000000000, -2.700000000000000200 ) ) ;
#1753 = CARTESIAN_POINT ( 'NONE',  ( 3.299999999999998900, -4.250000000000000000, -3.000000000000000000 ) ) ;
#1754 = FACE_OUTER_BOUND ( 'NONE', #480, .T. ) ;
#1755 = CARTESIAN_POINT ( 'NONE',  ( 0.3749999999999985000, -8.000000000000000000, -0.5000000000000000000 ) ) ;
#1756 = LINE ( 'NONE', #1815, #1814 ) ;
#1757 = LINE ( 'NONE', #1816, #1803 ) ;
#1758 = DIRECTION ( 'NONE',  ( 0.0000000000000000000, 0.0000000000000000000, -1.000000000000000000 ) ) ;
#1759 = DIRECTION ( 'NONE',  ( 0.0000000000000000000, -1.000000000000000000, 0.0000000000000000000 ) ) ;
#1760 = CARTESIAN_POINT ( 'NONE',  ( 0.3749999999999985000, -58.00000000000000000, -1.500000000000000000 ) ) ;
#1761 = AXIS2_PLACEMENT_3D ( 'NONE', #1760, #1759, #1758 ) ;
#1762 = CARTESIAN_POINT ( 'NONE',  ( -1.000000000000000200, 5.899999999999999500, -0.1000000000000000100 ) ) ;
#1763 = DIRECTION ( 'NONE',  ( 0.0000000000000000000, 0.0000000000000000000, -1.000000000000000000 ) ) ;
#1764 = DIRECTION ( 'NONE',  ( 0.0000000000000000000, -1.000000000000000000, 0.0000000000000000000 ) ) ;
#1765 = CARTESIAN_POINT ( 'NONE',  ( 0.4249999999999998200, 5.899999999999999500, -0.1000000000000000100 ) ) ;
#1766 = CARTESIAN_POINT ( 'NONE',  ( 0.3249999999999998400, 5.899999999999999500, -0.1000000000000000100 ) ) ;
#1767 = DIRECTION ( 'NONE',  ( -0.0000000000000000000, 1.000000000000000000, -0.0000000000000000000 ) ) ;
#1768 = VECTOR ( 'NONE', #1767, 1000.000000000000000 ) ;
#1769 = CARTESIAN_POINT ( 'NONE',  ( 0.3749999999999986100, -58.00000000000000000, -2.500000000000000000 ) ) ;
#1770 = CIRCLE ( 'NONE', #1777, 1.000000000000000000 ) ;
#1771 = LINE ( 'NONE', #1769, #1768 ) ;
#1772 = CARTESIAN_POINT ( 'NONE',  ( 0.3749999999999985000, -8.000000000000000000, -1.500000000000000000 ) ) ;
#1773 = CARTESIAN_POINT ( 'NONE',  ( -0.6249999999999983300, 5.899999999999999500, -2.900000000000000400 ) ) ;
#1774 = DIRECTION ( 'NONE',  ( -0.0000000000000000000, 1.000000000000000000, -0.0000000000000000000 ) ) ;
#1775 = CARTESIAN_POINT ( 'NONE',  ( 0.3749999999999986100, -8.000000000000000000, -2.500000000000000000 ) ) ;
#1776 = CARTESIAN_POINT ( 'NONE',  ( 1.374999999999999800, 5.899999999999999500, -2.299999999999999800 ) ) ;
#1777 = AXIS2_PLACEMENT_3D ( 'NONE', #1772, #1764, #1763 ) ;
#1778 = CARTESIAN_POINT ( 'NONE',  ( 0.3749999999999985000, -58.00000000000000000, -0.5000000000000000000 ) ) ;
#1779 = DIRECTION ( 'NONE',  ( -0.0000000000000000000, -0.0000000000000000000, 1.000000000000000000 ) ) ;
#1780 = VECTOR ( 'NONE', #1779, 1000.000000000000000 ) ;
#1781 = CARTESIAN_POINT ( 'NONE',  ( 0.3749999999999986100, -58.00000000000000000, -2.500000000000000000 ) ) ;
#1782 = VECTOR ( 'NONE', #1774, 1000.000000000000000 ) ;
#1783 = DIRECTION ( 'NONE',  ( 1.000000000000000000, 0.0000000000000000000, 0.0000000000000000000 ) ) ;
#1784 = CARTESIAN_POINT ( 'NONE',  ( -0.6249999999999982200, 5.899999999999999500, -2.299999999999999800 ) ) ;
#1785 = DIRECTION ( 'NONE',  ( 0.0000000000000000000, 1.000000000000000000, 0.0000000000000000000 ) ) ;
#1786 = CARTESIAN_POINT ( 'NONE',  ( 2.812499999999999100, 5.899999999999999500, 0.0000000000000000000 ) ) ;
#1787 = FACE_OUTER_BOUND ( 'NONE', #515, .T. ) ;
#1788 = DIRECTION ( 'NONE',  ( -0.0000000000000000000, -0.0000000000000000000, 1.000000000000000000 ) ) ;
#1789 = VECTOR ( 'NONE', #1788, 1000.000000000000000 ) ;
#1790 = CARTESIAN_POINT ( 'NONE',  ( -0.6249999999999982200, 5.899999999999999500, -2.299999999999999800 ) ) ;
#1791 = DIRECTION ( 'NONE',  ( 0.0000000000000000000, 0.0000000000000000000, -1.000000000000000000 ) ) ;
#1792 = DIRECTION ( 'NONE',  ( 0.0000000000000000000, -1.000000000000000000, 0.0000000000000000000 ) ) ;
#1793 = CARTESIAN_POINT ( 'NONE',  ( 0.4249999999999998200, 5.899999999999999500, 0.0000000000000000000 ) ) ;
#1794 = LINE ( 'NONE', #1793, #1789 ) ;
#1795 = CARTESIAN_POINT ( 'NONE',  ( -1.000000000000000900, 5.899999999999999500, -1.699999999999999700 ) ) ;
#1796 = AXIS2_PLACEMENT_3D ( 'NONE', #1786, #1785, #1835 ) ;
#1797 = LINE ( 'NONE', #1784, #1844 ) ;
#1798 = DIRECTION ( 'NONE',  ( 1.000000000000000000, 0.0000000000000000000, 0.0000000000000000000 ) ) ;
#1799 = VECTOR ( 'NONE', #1798, 1000.000000000000000 ) ;
#1800 = CARTESIAN_POINT ( 'NONE',  ( 0.3249999999999993400, 5.899999999999999500, -2.900000000000000400 ) ) ;
#1801 = CARTESIAN_POINT ( 'NONE',  ( 0.3249999999999993400, 5.899999999999999500, -3.000000000000000000 ) ) ;
#1802 = DIRECTION ( 'NONE',  ( -0.5299989400031824800, -0.0000000000000000000, 0.8479983040050864700 ) ) ;
#1803 = VECTOR ( 'NONE', #1802, 1000.000000000000000 ) ;
#1804 = LINE ( 'NONE', #1800, #1799 ) ;
#1805 = PLANE ( 'NONE',  #1811 ) ;
#1806 = FACE_OUTER_BOUND ( 'NONE', #491, .T. ) ;
#1807 = DIRECTION ( 'NONE',  ( 6.377659838150027700E-016, -0.0000000000000000000, 1.000000000000000000 ) ) ;
#1808 = VECTOR ( 'NONE', #1807, 1000.000000000000000 ) ;
#1809 = CARTESIAN_POINT ( 'NONE',  ( -0.9999999999999997800, 5.899999999999999500, 0.0000000000000000000 ) ) ;
#1810 = LINE ( 'NONE', #1809, #1808 ) ;
#1811 = AXIS2_PLACEMENT_3D ( 'NONE', #1801, #1792, #1791 ) ;
#1812 = CARTESIAN_POINT ( 'NONE',  ( 0.4249999999999998200, 5.899999999999999500, -2.900000000000000400 ) ) ;
#1813 = DIRECTION ( 'NONE',  ( 1.000000000000000000, 0.0000000000000000000, 0.0000000000000000000 ) ) ;
#1814 = VECTOR ( 'NONE', #1813, 1000.000000000000000 ) ;
#1815 = CARTESIAN_POINT ( 'NONE',  ( 0.3249999999999998400, 5.899999999999999500, -0.1000000000000000100 ) ) ;
#1816 = CARTESIAN_POINT ( 'NONE',  ( -1.000000000000000900, 5.899999999999999500, -1.699999999999999700 ) ) ;
#1817 = LINE ( 'NONE', #1877, #1876 ) ;
#1818 = PLANE ( 'NONE',  #1858 ) ;
#1819 = DIRECTION ( 'NONE',  ( -1.000000000000000000, 0.0000000000000000000, 0.0000000000000000000 ) ) ;
#1820 = VECTOR ( 'NONE', #1819, 1000.000000000000000 ) ;
#1821 = CARTESIAN_POINT ( 'NONE',  ( -1.375000000000001300, -8.000000000000000000, -3.000000000000000000 ) ) ;
#1822 = CARTESIAN_POINT ( 'NONE',  ( 1.749999999999999600, 5.899999999999999500, -1.700000000000000000 ) ) ;
#1823 = CARTESIAN_POINT ( 'NONE',  ( 1.374999999999999800, 5.899999999999999500, -2.900000000000000400 ) ) ;
#1824 = LINE ( 'NONE', #1821, #1820 ) ;
#1825 = DIRECTION ( 'NONE',  ( -0.0000000000000000000, -0.0000000000000000000, 1.000000000000000000 ) ) ;
#1826 = VECTOR ( 'NONE', #1825, 1000.000000000000000 ) ;
#1827 = CARTESIAN_POINT ( 'NONE',  ( -1.000000000000000200, 6.000000000000000900, -0.1000000000000000100 ) ) ;
#1828 = LINE ( 'NONE', #1869, #1868 ) ;
#1829 = CARTESIAN_POINT ( 'NONE',  ( 0.4249999999999998200, 6.000000000000000000, -3.000000000000000000 ) ) ;
#1830 = CARTESIAN_POINT ( 'NONE',  ( 0.3249999999999995700, 6.000000000000000000, -3.000000000000000000 ) ) ;
#1831 = DIRECTION ( 'NONE',  ( -1.000000000000000000, 0.0000000000000000000, 0.0000000000000000000 ) ) ;
#1832 = VECTOR ( 'NONE', #1831, 1000.000000000000000 ) ;
#1833 = CARTESIAN_POINT ( 'NONE',  ( 2.812499999999999100, 5.899999999999999500, -2.900000000000000400 ) ) ;
#1834 = CARTESIAN_POINT ( 'NONE',  ( 0.3249999999999998400, 6.000000000000000900, 0.0000000000000000000 ) ) ;
#1835 = DIRECTION ( 'NONE',  ( 0.0000000000000000000, -0.0000000000000000000, 1.000000000000000000 ) ) ;
#1836 = LINE ( 'NONE', #1833, #1832 ) ;
#1837 = DIRECTION ( 'NONE',  ( -0.0000000000000000000, -0.0000000000000000000, -1.000000000000000000 ) ) ;
#1838 = VECTOR ( 'NONE', #1837, 1000.000000000000000 ) ;
#1839 = CARTESIAN_POINT ( 'NONE',  ( 1.374999999999999800, 5.899999999999999500, -3.000000000000000000 ) ) ;
#1840 = LINE ( 'NONE', #1839, #1838 ) ;
#1841 = LINE ( 'NONE', #1827, #1826 ) ;
#1842 = PLANE ( 'NONE',  #1796 ) ;
#1843 = DIRECTION ( 'NONE',  ( 1.548860246407863300E-016, -0.0000000000000000000, 1.000000000000000000 ) ) ;
#1844 = VECTOR ( 'NONE', #1843, 1000.000000000000000 ) ;
#1845 = DIRECTION ( 'NONE',  ( -2.168404344971008900E-016, -1.000000000000000000, 0.0000000000000000000 ) ) ;
#1846 = DIRECTION ( 'NONE',  ( -1.000000000000000000, 2.168404344971008900E-016, 0.0000000000000000000 ) ) ;
#1847 = CARTESIAN_POINT ( 'NONE',  ( 6.149999999999999500, 6.000000000000000000, -3.000000000000000000 ) ) ;
#1848 = LINE ( 'NONE', #1904, #1903 ) ;
#1849 = LINE ( 'NONE', #1909, #1908 ) ;
#1850 = VECTOR ( 'NONE', #1852, 1000.000000000000000 ) ;
#1851 = AXIS2_PLACEMENT_3D ( 'NONE', #1900, #1891, #1906 ) ;
#1852 = DIRECTION ( 'NONE',  ( -1.000000000000000000, 1.084202172485504400E-016, -0.0000000000000000000 ) ) ;
#1853 = CARTESIAN_POINT ( 'NONE',  ( -1.850000000000003600, -6.000000000000000000, -3.000000000000000000 ) ) ;
#1854 = CARTESIAN_POINT ( 'NONE',  ( 6.149999999999999500, 6.000000000000000000, -2.700000000000000200 ) ) ;
#1855 = DIRECTION ( 'NONE',  ( -9.035018104045869500E-017, 0.0000000000000000000, -1.000000000000000000 ) ) ;
#1856 = VECTOR ( 'NONE', #1855, 1000.000000000000000 ) ;
#1857 = CARTESIAN_POINT ( 'NONE',  ( 0.3249999999999998400, 5.899999999999999500, 0.0000000000000000000 ) ) ;
#1858 = AXIS2_PLACEMENT_3D ( 'NONE', #1847, #1846, #1845 ) ;
#1859 = LINE ( 'NONE', #1857, #1856 ) ;
#1860 = LINE ( 'NONE', #1853, #1850 ) ;
#1861 = DIRECTION ( 'NONE',  ( 1.000000000000000000, -0.0000000000000000000, -0.0000000000000000000 ) ) ;
#1862 = VECTOR ( 'NONE', #1861, 1000.000000000000000 ) ;
#1863 = CARTESIAN_POINT ( 'NONE',  ( 2.074999999999998800, 6.000000000000000000, -3.000000000000000000 ) ) ;
#1864 = LINE ( 'NONE', #1863, #1862 ) ;
#1865 = FACE_OUTER_BOUND ( 'NONE', #568, .T. ) ;
#1866 = CARTESIAN_POINT ( 'NONE',  ( -0.3750000000000000000, -58.00000000000000000, -2.500000000000000000 ) ) ;
#1867 = DIRECTION ( 'NONE',  ( -0.5299989400031797100, -0.0000000000000000000, -0.8479983040050880200 ) ) ;
#1868 = VECTOR ( 'NONE', #1867, 1000.000000000000200 ) ;
#1869 = CARTESIAN_POINT ( 'NONE',  ( 1.374999999999999800, 5.899999999999999500, -2.299999999999999800 ) ) ;
#1870 = CARTESIAN_POINT ( 'NONE',  ( 1.749999999999999600, 5.899999999999999500, -0.1000000000000000100 ) ) ;
#1871 = DIRECTION ( 'NONE',  ( -0.0000000000000000000, -0.0000000000000000000, 1.000000000000000000 ) ) ;
#1872 = VECTOR ( 'NONE', #1871, 1000.000000000000000 ) ;
#1873 = CARTESIAN_POINT ( 'NONE',  ( 0.3249999999999998400, 6.000000000000000900, -0.1000000000000000100 ) ) ;
#1874 = LINE ( 'NONE', #1873, #1872 ) ;
#1875 = DIRECTION ( 'NONE',  ( 0.0000000000000000000, 0.0000000000000000000, -1.000000000000000000 ) ) ;
#1876 = VECTOR ( 'NONE', #1875, 1000.000000000000000 ) ;
#1877 = CARTESIAN_POINT ( 'NONE',  ( 1.749999999999999600, 5.899999999999999500, 0.0000000000000000000 ) ) ;
#1878 = FACE_OUTER_BOUND ( 'NONE', #611, .T. ) ;
#1879 = CIRCLE ( 'NONE', #1884, 0.2500000000000000000 ) ;
#1880 = DIRECTION ( 'NONE',  ( 1.000000000000000000, 0.0000000000000000000, 0.0000000000000000000 ) ) ;
#1881 = DIRECTION ( 'NONE',  ( 0.0000000000000000000, 0.0000000000000000000, 1.000000000000000000 ) ) ;
#1882 = AXIS2_PLACEMENT_3D ( 'NONE', #1910, #1881, #1880 ) ;
#1883 = CARTESIAN_POINT ( 'NONE',  ( 0.0000000000000000000, 0.0000000000000000000, -0.1000000000000000100 ) ) ;
#1884 = AXIS2_PLACEMENT_3D ( 'NONE', #1883, #1639, #2143 ) ;
#1885 = CARTESIAN_POINT ( 'NONE',  ( -6.149999999999998600, -2.450000000000002800, 0.0000000000000000000 ) ) ;
#1886 = CARTESIAN_POINT ( 'NONE',  ( -0.3750000000000001100, -58.00000000000000000, -0.5000000000000000000 ) ) ;
#1887 = CARTESIAN_POINT ( 'NONE',  ( 1.375000000000000400, -8.000000000000000000, 0.0000000000000000000 ) ) ;
#1888 = CIRCLE ( 'NONE', #1882, 1.100000000000000300 ) ;
#1889 =( REPRESENTATION_RELATIONSHIP ('NONE','NONE', #2657, #2628 ) REPRESENTATION_RELATIONSHIP_WITH_TRANSFORMATION ( #1388 )SHAPE_REPRESENTATION_RELATIONSHIP( ) );
#1890 = CARTESIAN_POINT ( 'NONE',  ( 5.500000000000000000, 4.250000000000000000, -2.700000000000000200 ) ) ;
#1891 = DIRECTION ( 'NONE',  ( -0.0000000000000000000, 1.000000000000000000, -0.0000000000000000000 ) ) ;
#1892 = CARTESIAN_POINT ( 'NONE',  ( 2.074999999999998800, 4.800000000000000700, -3.000000000000000000 ) ) ;
#1893 = CARTESIAN_POINT ( 'NONE',  ( 6.149999999999996800, -6.000000000000000900, -2.700000000000000200 ) ) ;
#1894 = DIRECTION ( 'NONE',  ( -2.168404344971008900E-016, -1.000000000000000000, 0.0000000000000000000 ) ) ;
#1895 = VECTOR ( 'NONE', #1894, 1000.000000000000000 ) ;
#1896 = CARTESIAN_POINT ( 'NONE',  ( 6.149999999999999500, 6.000000000000000000, -2.700000000000000200 ) ) ;
#1897 = LINE ( 'NONE', #1896, #1895 ) ;
#1898 = CARTESIAN_POINT ( 'NONE',  ( -6.149999999999998600, -2.450000000000002800, -2.700000000000000200 ) ) ;
#1899 = CYLINDRICAL_SURFACE ( 'NONE', #1851, 1.000000000000000000 ) ;
#1900 = CARTESIAN_POINT ( 'NONE',  ( -0.3750000000000001100, -58.00000000000000000, -1.500000000000000000 ) ) ;
#1901 = FACE_OUTER_BOUND ( 'NONE', #623, .T. ) ;
#1902 = DIRECTION ( 'NONE',  ( -0.0000000000000000000, -0.0000000000000000000, 1.000000000000000000 ) ) ;
#1903 = VECTOR ( 'NONE', #1902, 1000.000000000000000 ) ;
#1904 = CARTESIAN_POINT ( 'NONE',  ( 6.149999999999996800, -6.000000000000000900, -3.000000000000000000 ) ) ;
#1905 = CARTESIAN_POINT ( 'NONE',  ( 6.149999999999996800, -6.000000000000000900, -3.000000000000000000 ) ) ;
#1906 = DIRECTION ( 'NONE',  ( 0.0000000000000000000, 0.0000000000000000000, 1.000000000000000000 ) ) ;
#1907 = DIRECTION ( 'NONE',  ( -0.0000000000000000000, -0.0000000000000000000, 1.000000000000000000 ) ) ;
#1908 = VECTOR ( 'NONE', #1907, 1000.000000000000000 ) ;
#1909 = CARTESIAN_POINT ( 'NONE',  ( 5.500000000000000000, 4.250000000000000000, -3.000024999999999900 ) ) ;
#1910 = CARTESIAN_POINT ( 'NONE',  ( 4.399999999999999500, 4.250000000000000000, -2.700000000000000200 ) ) ;
#1911 = FACE_OUTER_BOUND ( 'NONE', #430, .T. ) ;
#1912 = PLANE ( 'NONE',  #1923 ) ;
#1913 = CARTESIAN_POINT ( 'NONE',  ( -0.3750000000000001100, -58.00000000000000000, -0.5000000000000000000 ) ) ;
#1914 = CARTESIAN_POINT ( 'NONE',  ( -2.124999999999999100, -8.000000000000000000, -3.000000000000000000 ) ) ;
#1915 = DIRECTION ( 'NONE',  ( 1.000000000000000000, 0.0000000000000000000, 0.0000000000000000000 ) ) ;
#1916 = VECTOR ( 'NONE', #1915, 1000.000000000000000 ) ;
#1917 = FACE_BOUND ( 'NONE', #601, .T. ) ;
#1918 = VECTOR ( 'NONE', #1970, 1000.000000000000000 ) ;
#1919 = DIRECTION ( 'NONE',  ( 0.0000000000000000000, 0.0000000000000000000, -1.000000000000000000 ) ) ;
#1920 = DIRECTION ( 'NONE',  ( 0.0000000000000000000, -1.000000000000000000, 0.0000000000000000000 ) ) ;
#1921 = CARTESIAN_POINT ( 'NONE',  ( -0.3750000000000001100, -8.000000000000000000, -1.500000000000000000 ) ) ;
#1922 = CARTESIAN_POINT ( 'NONE',  ( -2.124999999999999100, -8.000000000000000000, -3.000000000000000000 ) ) ;
#1923 = AXIS2_PLACEMENT_3D ( 'NONE', #1967, #1969, #1963 ) ;
#1924 = LINE ( 'NONE', #1913, #1918 ) ;
#1925 = LINE ( 'NONE', #1922, #1916 ) ;
#1926 = VECTOR ( 'NONE', #1939, 1000.000000000000000 ) ;
#1927 = CIRCLE ( 'NONE', #1933, 1.000000000000000000 ) ;
#1928 = DIRECTION ( 'NONE',  ( 1.000000000000000000, 0.0000000000000000000, 0.0000000000000000000 ) ) ;
#1929 = VECTOR ( 'NONE', #1928, 1000.000000000000000 ) ;
#1930 = CARTESIAN_POINT ( 'NONE',  ( -2.124999999999999100, -8.000000000000000000, 0.0000000000000000000 ) ) ;
#1931 = CARTESIAN_POINT ( 'NONE',  ( -0.3750000000000001100, -8.000000000000000000, -0.5000000000000000000 ) ) ;
#1932 = LINE ( 'NONE', #1930, #1929 ) ;
#1933 = AXIS2_PLACEMENT_3D ( 'NONE', #1921, #1920, #1919 ) ;
#1934 = CYLINDRICAL_SURFACE ( 'NONE', #1964, 0.2500000000000000000 ) ;
#1935 = DIRECTION ( 'NONE',  ( -0.0000000000000000000, -0.0000000000000000000, 1.000000000000000000 ) ) ;
#1936 = VECTOR ( 'NONE', #1935, 1000.000000000000000 ) ;
#1937 = CARTESIAN_POINT ( 'NONE',  ( -6.149999999999998600, -2.450000000000002800, -2.700000000000000200 ) ) ;
#1938 = LINE ( 'NONE', #1937, #1936 ) ;
#1939 = DIRECTION ( 'NONE',  ( -0.0000000000000000000, 1.000000000000000000, -0.0000000000000000000 ) ) ;
#1940 = CARTESIAN_POINT ( 'NONE',  ( -0.3750000000000000000, -58.00000000000000000, -2.500000000000000000 ) ) ;
#1941 = LINE ( 'NONE', #1940, #1926 ) ;
#1942 = LINE ( 'NONE', #1953, #1960 ) ;
#1943 = VECTOR ( 'NONE', #1988, 1000.000000000000000 ) ;
#1944 = DIRECTION ( 'NONE',  ( -1.000000000000000000, -4.886545002751574800E-016, 0.0000000000000000000 ) ) ;
#1945 = VECTOR ( 'NONE', #1944, 1000.000000000000000 ) ;
#1946 = DIRECTION ( 'NONE',  ( 0.0000000000000000000, 0.0000000000000000000, -1.000000000000000000 ) ) ;
#1947 = DIRECTION ( 'NONE',  ( 0.0000000000000000000, -1.000000000000000000, 0.0000000000000000000 ) ) ;
#1948 = CARTESIAN_POINT ( 'NONE',  ( -0.3750000000000001100, -8.000000000000000000, -1.500000000000000000 ) ) ;
#1949 = AXIS2_PLACEMENT_3D ( 'NONE', #1948, #1947, #1946 ) ;
#1950 = CARTESIAN_POINT ( 'NONE',  ( -4.375000000000000000, -2.450000000000002000, -2.700000000000000200 ) ) ;
#1951 = LINE ( 'NONE', #1950, #1945 ) ;
#1952 = CARTESIAN_POINT ( 'NONE',  ( -6.149999999999998600, -6.000000000000000000, -2.700000000000000200 ) ) ;
#1953 = CARTESIAN_POINT ( 'NONE',  ( 0.2500000000000000000, 0.0000000000000000000, -0.1000000000000000100 ) ) ;
#1954 = DIRECTION ( 'NONE',  ( 1.000000000000000000, 0.0000000000000000000, 0.0000000000000000000 ) ) ;
#1955 = AXIS2_PLACEMENT_3D ( 'NONE', #1959, #1968, #1954 ) ;
#1956 = AXIS2_PLACEMENT_3D ( 'NONE', #1952, #1996, #1995 ) ;
#1957 = CIRCLE ( 'NONE', #1949, 1.000000000000000000 ) ;
#1958 = CARTESIAN_POINT ( 'NONE',  ( -0.3750000000000000000, -8.000000000000000000, -2.500000000000000000 ) ) ;
#1959 = CARTESIAN_POINT ( 'NONE',  ( 0.0000000000000000000, 0.0000000000000000000, 0.0000000000000000000 ) ) ;
#1960 = VECTOR ( 'NONE', #2001, 1000.000000000000000 ) ;
#1961 = CIRCLE ( 'NONE', #1955, 0.2500000000000000000 ) ;
#1962 = CARTESIAN_POINT ( 'NONE',  ( 0.0000000000000000000, 0.0000000000000000000, -0.1000000000000000100 ) ) ;
#1963 = DIRECTION ( 'NONE',  ( 0.0000000000000000000, -0.0000000000000000000, -1.000000000000000000 ) ) ;
#1964 = AXIS2_PLACEMENT_3D ( 'NONE', #1962, #1966, #1965 ) ;
#1965 = DIRECTION ( 'NONE',  ( 1.000000000000000000, 0.0000000000000000000, 0.0000000000000000000 ) ) ;
#1966 = DIRECTION ( 'NONE',  ( -0.0000000000000000000, -0.0000000000000000000, 1.000000000000000000 ) ) ;
#1967 = CARTESIAN_POINT ( 'NONE',  ( -2.124999999999999100, -8.000000000000000000, -7.878780585351224300 ) ) ;
#1968 = DIRECTION ( 'NONE',  ( 0.0000000000000000000, 0.0000000000000000000, 1.000000000000000000 ) ) ;
#1969 = DIRECTION ( 'NONE',  ( 0.0000000000000000000, -1.000000000000000000, 0.0000000000000000000 ) ) ;
#1970 = DIRECTION ( 'NONE',  ( -0.0000000000000000000, 1.000000000000000000, -0.0000000000000000000 ) ) ;
#1971 = FACE_OUTER_BOUND ( 'NONE', #626, .T. ) ;
#1972 = CARTESIAN_POINT ( 'NONE',  ( -2.124999999999999100, -8.000000000000000000, 0.0000000000000000000 ) ) ;
#1973 = PLANE ( 'NONE',  #1990 ) ;
#1974 = DIRECTION ( 'NONE',  ( -0.0000000000000000000, 1.000000000000000000, 0.0000000000000000000 ) ) ;
#1975 = VECTOR ( 'NONE', #1974, 1000.000000000000000 ) ;
#1976 = CARTESIAN_POINT ( 'NONE',  ( 1.850000000000001900, -6.500000000000001800, -3.000000000000000000 ) ) ;
#1977 = LINE ( 'NONE', #1976, #1975 ) ;
#1978 = CARTESIAN_POINT ( 'NONE',  ( 1.850000000000001900, 6.000000000000000900, -2.700000000000000200 ) ) ;
#1979 = DIRECTION ( 'NONE',  ( -0.0000000000000000000, 1.000000000000000000, -0.0000000000000000000 ) ) ;
#1980 = VECTOR ( 'NONE', #1979, 1000.000000000000000 ) ;
#1981 = LINE ( 'NONE', #2036, #2035 ) ;
#1982 = DIRECTION ( 'NONE',  ( -0.0000000000000000000, 0.0000000000000000000, -1.000000000000000000 ) ) ;
#1983 = DIRECTION ( 'NONE',  ( 1.000000000000000000, 0.0000000000000000000, -0.0000000000000000000 ) ) ;
#1984 = CARTESIAN_POINT ( 'NONE',  ( 1.850000000000001900, 6.000000000000000900, -2.700000000000000200 ) ) ;
#1985 = CARTESIAN_POINT ( 'NONE',  ( 1.850000000000001600, -6.500000000000001800, -3.000000000000000000 ) ) ;
#1986 = CARTESIAN_POINT ( 'NONE',  ( -6.149999999999999500, 2.450000000000001100, -2.700000000000000200 ) ) ;
#1987 = FACE_OUTER_BOUND ( 'NONE', #636, .T. ) ;
#1988 = DIRECTION ( 'NONE',  ( -1.000000000000000000, -1.084202172485504400E-016, -0.0000000000000000000 ) ) ;
#1989 = CARTESIAN_POINT ( 'NONE',  ( -4.375000000000000000, -2.450000000000002000, -2.700000000000000200 ) ) ;
#1990 = AXIS2_PLACEMENT_3D ( 'NONE', #1984, #1983, #1982 ) ;
#1991 = CARTESIAN_POINT ( 'NONE',  ( 1.850000000000001900, 6.000000000000000900, 0.0000000000000000000 ) ) ;
#1992 = LINE ( 'NONE', #1991, #1980 ) ;
#1993 = CARTESIAN_POINT ( 'NONE',  ( -6.149999999999998600, 6.000000000000000000, -2.700000000000000200 ) ) ;
#1994 = LINE ( 'NONE', #1993, #1943 ) ;
#1995 = DIRECTION ( 'NONE',  ( 1.000000000000000000, 0.0000000000000000000, -0.0000000000000000000 ) ) ;
#1996 = DIRECTION ( 'NONE',  ( 0.0000000000000000000, 0.0000000000000000000, 1.000000000000000000 ) ) ;
#1997 = CARTESIAN_POINT ( 'NONE',  ( 1.850000000000001900, -6.500000000000001800, 0.0000000000000000000 ) ) ;
#1998 = PLANE ( 'NONE',  #1956 ) ;
#1999 = CARTESIAN_POINT ( 'NONE',  ( 1.850000000000001900, -6.000000000000000000, -2.700000000000000200 ) ) ;
#2000 = FACE_OUTER_BOUND ( 'NONE', #639, .T. ) ;
#2001 = DIRECTION ( 'NONE',  ( -0.0000000000000000000, -0.0000000000000000000, 1.000000000000000000 ) ) ;
#2002 = LINE ( 'NONE', #2008, #2061 ) ;
#2003 = DIRECTION ( 'NONE',  ( 0.0000000000000000000, 0.0000000000000000000, 1.000000000000000000 ) ) ;
#2004 = DIRECTION ( 'NONE',  ( -1.000000000000000000, -1.084202172485504600E-016, 0.0000000000000000000 ) ) ;
#2005 = DIRECTION ( 'NONE',  ( -1.084202172485504600E-016, 1.000000000000000000, 0.0000000000000000000 ) ) ;
#2006 = CARTESIAN_POINT ( 'NONE',  ( -6.149999999999998600, 6.000000000000000000, -2.700000000000000200 ) ) ;
#2007 = DIRECTION ( 'NONE',  ( 1.000000000000000000, -0.0000000000000000000, -0.0000000000000000000 ) ) ;
#2008 = CARTESIAN_POINT ( 'NONE',  ( -4.375000000000000900, 2.450000000000001100, 0.0000000000000000000 ) ) ;
#2009 = CARTESIAN_POINT ( 'NONE',  ( 1.850000000000001900, 6.000000000000000900, 0.0000000000000000000 ) ) ;
#2010 = CARTESIAN_POINT ( 'NONE',  ( 1.850000000000001900, 6.000000000000000900, -2.700000000000000200 ) ) ;
#2011 = LINE ( 'NONE', #2010, #2023 ) ;
#2012 = FACE_OUTER_BOUND ( 'NONE', #649, .T. ) ;
#2013 = AXIS2_PLACEMENT_3D ( 'NONE', #2006, #2005, #2004 ) ;
#2014 = DIRECTION ( 'NONE',  ( 0.0000000000000000000, -1.000000000000000000, 0.0000000000000000000 ) ) ;
#2015 = VECTOR ( 'NONE', #2014, 1000.000000000000000 ) ;
#2016 = CARTESIAN_POINT ( 'NONE',  ( -6.149999999999998600, 6.000000000000000000, -2.700000000000000200 ) ) ;
#2017 = CARTESIAN_POINT ( 'NONE',  ( -2.600000000000001400, 6.000000000000000000, 0.0000000000000000000 ) ) ;
#2018 = CIRCLE ( 'NONE', #2049, 1.774999999999999700 ) ;
#2019 = VECTOR ( 'NONE', #2021, 1000.000000000000000 ) ;
#2020 = LINE ( 'NONE', #2016, #2015 ) ;
#2021 = DIRECTION ( 'NONE',  ( -0.0000000000000000000, -0.0000000000000000000, 1.000000000000000000 ) ) ;
#2022 = CARTESIAN_POINT ( 'NONE',  ( -2.600000000000001400, 6.000000000000000000, -2.700000000000000200 ) ) ;
#2023 = VECTOR ( 'NONE', #2003, 1000.000000000000000 ) ;
#2024 = DIRECTION ( 'NONE',  ( -1.000000000000000000, -1.084202172485504400E-016, -0.0000000000000000000 ) ) ;
#2025 = VECTOR ( 'NONE', #2024, 1000.000000000000000 ) ;
#2026 = CARTESIAN_POINT ( 'NONE',  ( -6.149999999999998600, 6.000000000000000000, 0.0000000000000000000 ) ) ;
#2027 = LINE ( 'NONE', #2026, #2025 ) ;
#2028 = PLANE ( 'NONE',  #2013 ) ;
#2029 = CARTESIAN_POINT ( 'NONE',  ( -2.600000000000001400, 6.000000000000000000, -2.700000000000000200 ) ) ;
#2030 = DIRECTION ( 'NONE',  ( -0.0000000000000000000, -0.0000000000000000000, 1.000000000000000000 ) ) ;
#2031 = VECTOR ( 'NONE', #2030, 1000.000000000000000 ) ;
#2032 = CARTESIAN_POINT ( 'NONE',  ( -6.149999999999999500, 2.450000000000001100, -2.700000000000000200 ) ) ;
#2033 = LINE ( 'NONE', #2032, #2031 ) ;
#2034 = DIRECTION ( 'NONE',  ( 0.0000000000000000000, 0.0000000000000000000, 1.000000000000000000 ) ) ;
#2035 = VECTOR ( 'NONE', #2034, 1000.000000000000000 ) ;
#2036 = CARTESIAN_POINT ( 'NONE',  ( 1.850000000000001900, -6.500000000000001800, -7.878780585351224300 ) ) ;
#2037 = LINE ( 'NONE', #2022, #2019 ) ;
#2038 = DIRECTION ( 'NONE',  ( 1.000000000000000000, 0.0000000000000000000, 0.0000000000000000000 ) ) ;
#2039 = DIRECTION ( 'NONE',  ( 0.0000000000000000000, 0.0000000000000000000, 1.000000000000000000 ) ) ;
#2040 = VECTOR ( 'NONE', #2081, 1000.000000000000000 ) ;
#2041 = AXIS2_PLACEMENT_3D ( 'NONE', #2093, #2078, #2077 ) ;
#2042 = DIRECTION ( 'NONE',  ( -2.443272501375786400E-016, 1.000000000000000000, -0.0000000000000000000 ) ) ;
#2043 = VECTOR ( 'NONE', #2042, 1000.000000000000000 ) ;
#2044 = CARTESIAN_POINT ( 'NONE',  ( -4.375000000000000900, 4.225000000000000500, 0.0000000000000000000 ) ) ;
#2045 = CARTESIAN_POINT ( 'NONE',  ( -2.600000000000000500, -4.225000000000001400, 0.0000000000000000000 ) ) ;
#2046 = LINE ( 'NONE', #2045, #2043 ) ;
#2047 = DIRECTION ( 'NONE',  ( -1.000000000000000000, 0.0000000000000000000, 0.0000000000000000000 ) ) ;
#2048 = DIRECTION ( 'NONE',  ( 0.0000000000000000000, 0.0000000000000000000, 1.000000000000000000 ) ) ;
#2049 = AXIS2_PLACEMENT_3D ( 'NONE', #2060, #2048, #2047 ) ;
#2050 = CARTESIAN_POINT ( 'NONE',  ( -4.375000000000000900, 2.450000000000000600, 0.0000000000000000000 ) ) ;
#2051 = DIRECTION ( 'NONE',  ( -1.000000000000000000, -4.886545002751574800E-016, 0.0000000000000000000 ) ) ;
#2052 = VECTOR ( 'NONE', #2051, 1000.000000000000000 ) ;
#2053 = CARTESIAN_POINT ( 'NONE',  ( -4.375000000000000000, -2.450000000000002000, 0.0000000000000000000 ) ) ;
#2054 = LINE ( 'NONE', #2053, #2052 ) ;
#2055 = CIRCLE ( 'NONE', #2063, 1.774999999999999700 ) ;
#2056 = DIRECTION ( 'NONE',  ( -0.0000000000000000000, -0.0000000000000000000, 1.000000000000000000 ) ) ;
#2057 = VECTOR ( 'NONE', #2056, 1000.000000000000000 ) ;
#2058 = CARTESIAN_POINT ( 'NONE',  ( -2.600000000000001400, 4.225000000000001400, -2.700000000000000200 ) ) ;
#2059 = LINE ( 'NONE', #2058, #2057 ) ;
#2060 = CARTESIAN_POINT ( 'NONE',  ( -4.375000000000000000, -4.225000000000002300, 0.0000000000000000000 ) ) ;
#2061 = VECTOR ( 'NONE', #2007, 1000.000000000000000 ) ;
#2062 = LINE ( 'NONE', #2083, #2040 ) ;
#2063 = AXIS2_PLACEMENT_3D ( 'NONE', #2044, #2039, #2038 ) ;
#2064 = CARTESIAN_POINT ( 'NONE',  ( -2.600000000000000500, -6.500000000000001800, 0.0000000000000000000 ) ) ;
#2065 = CARTESIAN_POINT ( 'NONE',  ( -2.600000000000001400, 4.225000000000001400, -2.700000000000000200 ) ) ;
#2066 = CIRCLE ( 'NONE', #2075, 1.774999999999999700 ) ;
#2067 = CARTESIAN_POINT ( 'NONE',  ( -4.375000000000000900, 2.450000000000001100, -2.700000000000000200 ) ) ;
#2068 = LINE ( 'NONE', #2067, #2131 ) ;
#2069 = DIRECTION ( 'NONE',  ( 1.000000000000000000, 0.0000000000000000000, 0.0000000000000000000 ) ) ;
#2070 = DIRECTION ( 'NONE',  ( 0.0000000000000000000, 0.0000000000000000000, 1.000000000000000000 ) ) ;
#2071 = CARTESIAN_POINT ( 'NONE',  ( 0.0000000000000000000, 0.0000000000000000000, 0.0000000000000000000 ) ) ;
#2072 = AXIS2_PLACEMENT_3D ( 'NONE', #2071, #2070, #2069 ) ;
#2073 = CARTESIAN_POINT ( 'NONE',  ( -2.600000000000000500, -6.000000000000000000, -2.700000000000000200 ) ) ;
#2074 = CARTESIAN_POINT ( 'NONE',  ( -2.600000000000001400, 4.225000000000001400, -2.700000000000000200 ) ) ;
#2075 = AXIS2_PLACEMENT_3D ( 'NONE', #2125, #2124, #2123 ) ;
#2076 = CIRCLE ( 'NONE', #2072, 0.2500000000000000000 ) ;
#2077 = DIRECTION ( 'NONE',  ( 1.000000000000000000, 0.0000000000000000000, -0.0000000000000000000 ) ) ;
#2078 = DIRECTION ( 'NONE',  ( 0.0000000000000000000, 0.0000000000000000000, 1.000000000000000000 ) ) ;
#2079 = PLANE ( 'NONE',  #2041 ) ;
#2080 = CARTESIAN_POINT ( 'NONE',  ( -4.375000000000000000, -2.450000000000002000, 0.0000000000000000000 ) ) ;
#2081 = DIRECTION ( 'NONE',  ( 1.000000000000000000, -1.084202172485504400E-016, 0.0000000000000000000 ) ) ;
#2082 = FACE_OUTER_BOUND ( 'NONE', #687, .T. ) ;
#2083 = CARTESIAN_POINT ( 'NONE',  ( -6.149999999999998600, -6.000000000000000000, -2.700000000000000200 ) ) ;
#2084 = DIRECTION ( 'NONE',  ( 0.3018917046944031800, 0.9533422253507432000, 0.0000000000000000000 ) ) ;
#2085 = VECTOR ( 'NONE', #2084, 1000.000000000000000 ) ;
#2086 = CARTESIAN_POINT ( 'NONE',  ( 1.375000000000000400, -8.000000000000000000, 0.0000000000000000000 ) ) ;
#2087 = LINE ( 'NONE', #2086, #2085 ) ;
#2088 = FACE_BOUND ( 'NONE', #628, .T. ) ;
#2089 = DIRECTION ( 'NONE',  ( 0.3018917046944031800, -0.9533422253507432000, 0.0000000000000000000 ) ) ;
#2090 = VECTOR ( 'NONE', #2089, 1000.000000000000000 ) ;
#2091 = CARTESIAN_POINT ( 'NONE',  ( -2.600000000000000500, -6.500000000000001800, 0.0000000000000000000 ) ) ;
#2092 = LINE ( 'NONE', #2091, #2090 ) ;
#2093 = CARTESIAN_POINT ( 'NONE',  ( -6.149999999999998600, -6.000000000000000000, 0.0000000000000000000 ) ) ;
#2094 = CARTESIAN_POINT ( 'NONE',  ( -2.600000000000000500, -4.225000000000001400, -2.700000000000000200 ) ) ;
#2095 = SECURITY_CLASSIFICATION_LEVEL ( 'unclassified' ) ;
#2096 = CARTESIAN_POINT ( 'NONE',  ( -0.2500000000000000000, 3.061616997868383000E-017, -0.1000000000000000100 ) ) ;
#2097 = DIRECTION ( 'NONE',  ( -1.000000000000000000, 0.0000000000000000000, 0.0000000000000000000 ) ) ;
#2098 = DIRECTION ( 'NONE',  ( 0.0000000000000000000, 0.0000000000000000000, 1.000000000000000000 ) ) ;
#2099 = CARTESIAN_POINT ( 'NONE',  ( -4.375000000000000000, -4.225000000000002300, -2.700000000000000200 ) ) ;
#2100 = DIRECTION ( 'NONE',  ( -0.0000000000000000000, -0.0000000000000000000, 1.000000000000000000 ) ) ;
#2101 = AXIS2_PLACEMENT_3D ( 'NONE', #2141, #2138, #2137 ) ;
#2102 = FACE_OUTER_BOUND ( 'NONE', #787, .T. ) ;
#2103 = AXIS2_PLACEMENT_3D ( 'NONE', #2160, #2100, #2155 ) ;
#2104 = CARTESIAN_POINT ( 'NONE',  ( -4.375000000000000900, 2.450000000000000600, -2.700000000000000200 ) ) ;
#2105 = CIRCLE ( 'NONE', #2128, 1.774999999999999700 ) ;
#2106 = CARTESIAN_POINT ( 'NONE',  ( 1.850000000000001900, 6.000000000000000900, -2.700000000000000200 ) ) ;
#2107 = DIRECTION ( 'NONE',  ( 0.0000000000000000000, 0.0000000000000000000, 1.000000000000000000 ) ) ;
#2108 = VECTOR ( 'NONE', #2107, 1000.000000000000000 ) ;
#2109 = CARTESIAN_POINT ( 'NONE',  ( 1.850000000000001900, -6.000000000000000000, -7.878780585351224300 ) ) ;
#2110 = LINE ( 'NONE', #2106, #2127 ) ;
#2111 = FACE_OUTER_BOUND ( 'NONE', #723, .T. ) ;
#2112 = CYLINDRICAL_SURFACE ( 'NONE', #2103, 1.774999999999999700 ) ;
#2113 = LINE ( 'NONE', #2109, #2108 ) ;
#2114 = DIRECTION ( 'NONE',  ( -2.443272501375786400E-016, 1.000000000000000000, -0.0000000000000000000 ) ) ;
#2115 = VECTOR ( 'NONE', #2114, 1000.000000000000000 ) ;
#2116 = CARTESIAN_POINT ( 'NONE',  ( 1.850000000000001900, -6.000000000000000000, -3.000000000000000000 ) ) ;
#2117 = CARTESIAN_POINT ( 'NONE',  ( -2.600000000000000500, -4.225000000000001400, -2.700000000000000200 ) ) ;
#2118 = LINE ( 'NONE', #2117, #2115 ) ;
#2119 = DIRECTION ( 'NONE',  ( 0.0000000000000000000, 1.000000000000000000, 0.0000000000000000000 ) ) ;
#2120 = VECTOR ( 'NONE', #2119, 1000.000000000000000 ) ;
#2121 = PLANE ( 'NONE',  #2101 ) ;
#2122 = CARTESIAN_POINT ( 'NONE',  ( -2.600000000000000500, -4.225000000000001400, 0.0000000000000000000 ) ) ;
#2123 = DIRECTION ( 'NONE',  ( 1.000000000000000000, 0.0000000000000000000, 0.0000000000000000000 ) ) ;
#2124 = DIRECTION ( 'NONE',  ( 0.0000000000000000000, 0.0000000000000000000, 1.000000000000000000 ) ) ;
#2125 = CARTESIAN_POINT ( 'NONE',  ( -4.375000000000000900, 4.225000000000000500, -2.700000000000000200 ) ) ;
#2126 = DIRECTION ( 'NONE',  ( -0.0000000000000000000, 1.000000000000000000, -0.0000000000000000000 ) ) ;
#2127 = VECTOR ( 'NONE', #2126, 1000.000000000000000 ) ;
#2128 = AXIS2_PLACEMENT_3D ( 'NONE', #2099, #2098, #2097 ) ;
#2129 = LINE ( 'NONE', #2065, #2120 ) ;
#2130 = DIRECTION ( 'NONE',  ( 1.000000000000000000, -0.0000000000000000000, -0.0000000000000000000 ) ) ;
#2131 = VECTOR ( 'NONE', #2130, 1000.000000000000000 ) ;
#2132 = PRODUCT_DEFINITION_SHAPE ( 'NONE', 'NONE',  #2148 ) ;
#2133 = DIRECTION ( 'NONE',  ( -1.000000000000000000, -4.886545002751574800E-016, 0.0000000000000000000 ) ) ;
#2134 = DIRECTION ( 'NONE',  ( -4.886545002751574800E-016, 1.000000000000000000, 0.0000000000000000000 ) ) ;
#2135 = CARTESIAN_POINT ( 'NONE',  ( -4.375000000000000000, -2.450000000000002000, -2.700000000000000200 ) ) ;
#2136 = AXIS2_PLACEMENT_3D ( 'NONE', #2135, #2134, #2133 ) ;
#2137 = DIRECTION ( 'NONE',  ( 0.0000000000000000000, 0.0000000000000000000, -1.000000000000000000 ) ) ;
#2138 = DIRECTION ( 'NONE',  ( 0.0000000000000000000, -1.000000000000000000, -0.0000000000000000000 ) ) ;
#2139 = DIRECTION ( 'NONE',  ( -0.0000000000000000000, -0.0000000000000000000, 1.000000000000000000 ) ) ;
#2140 = VECTOR ( 'NONE', #2139, 1000.000000000000000 ) ;
#2141 = CARTESIAN_POINT ( 'NONE',  ( -4.375000000000000900, 2.450000000000001100, -2.700000000000000200 ) ) ;
#2142 = LINE ( 'NONE', #2096, #2140 ) ;
#2143 = DIRECTION ( 'NONE',  ( 1.000000000000000000, 0.0000000000000000000, 0.0000000000000000000 ) ) ;
#2144 = DIRECTION ( 'NONE',  ( -0.0000000000000000000, -0.0000000000000000000, 1.000000000000000000 ) ) ;
#2145 = VECTOR ( 'NONE', #2144, 1000.000000000000000 ) ;
#2146 = CARTESIAN_POINT ( 'NONE',  ( -4.375000000000000900, 2.450000000000000600, -2.700000000000000200 ) ) ;
#2147 = LINE ( 'NONE', #2146, #2145 ) ;
#2148 = NEXT_ASSEMBLY_USAGE_OCCURRENCE ( 'NAUO1', ' ', ' ', #2771, #2684, $ ) ;
#2149 = FACE_OUTER_BOUND ( 'NONE', #725, .T. ) ;
#2150 = VECTOR ( 'NONE', #2158, 1000.000000000000000 ) ;
#2151 = PLANE ( 'NONE',  #2136 ) ;
#2152 = CARTESIAN_POINT ( 'NONE',  ( 0.2500000000000000000, 0.0000000000000000000, -0.1000000000000000100 ) ) ;
#2153 = DIRECTION ( 'NONE',  ( -1.000000000000000000, 0.0000000000000000000, 0.0000000000000000000 ) ) ;
#2154 = VECTOR ( 'NONE', #2153, 1000.000000000000000 ) ;
#2155 = DIRECTION ( 'NONE',  ( 1.000000000000000000, 0.0000000000000000000, 0.0000000000000000000 ) ) ;
#2156 = CARTESIAN_POINT ( 'NONE',  ( 1.850000000000001900, -6.000000000000000000, -3.000000000000000000 ) ) ;
#2157 = LINE ( 'NONE', #2156, #2154 ) ;
#2158 = DIRECTION ( 'NONE',  ( -0.0000000000000000000, -0.0000000000000000000, 1.000000000000000000 ) ) ;
#2159 = CARTESIAN_POINT ( 'NONE',  ( -2.600000000000000500, -4.225000000000001400, -2.700000000000000200 ) ) ;
#2160 = CARTESIAN_POINT ( 'NONE',  ( -4.375000000000000000, -4.225000000000002300, -2.700000000000000200 ) ) ;
#2161 = LINE ( 'NONE', #2159, #2150 ) ;
#2162 = PLANE ( 'NONE',  #2166 ) ;
#2163 = DIRECTION ( 'NONE',  ( 0.0000000000000000000, 0.0000000000000000000, 1.000000000000000000 ) ) ;
#2164 = DIRECTION ( 'NONE',  ( -0.0000000000000000000, 1.000000000000000000, -0.0000000000000000000 ) ) ;
#2165 = AXIS2_PLACEMENT_3D ( 'NONE', #2219, #2211, #2210 ) ;
#2166 = AXIS2_PLACEMENT_3D ( 'NONE', #2181, #2189, #2188 ) ;
#2167 = CARTESIAN_POINT ( 'NONE',  ( -0.3750000000000001100, -58.00000000000000000, -1.500000000000000000 ) ) ;
#2168 = FACE_OUTER_BOUND ( 'NONE', #771, .T. ) ;
#2169 = LINE ( 'NONE', #2207, #2206 ) ;
#2170 = DIRECTION ( 'NONE',  ( 0.0000000000000000000, 1.000000000000000000, 0.0000000000000000000 ) ) ;
#2171 = PLANE ( 'NONE',  #2204 ) ;
#2172 = CARTESIAN_POINT ( 'NONE',  ( -0.3750000000000001100, -58.00000000000000000, -1.500000000000000000 ) ) ;
#2173 = DIRECTION ( 'NONE',  ( 1.000000000000000000, 0.0000000000000000000, 0.0000000000000000000 ) ) ;
#2174 = DIRECTION ( 'NONE',  ( -0.0000000000000000000, -0.0000000000000000000, 1.000000000000000000 ) ) ;
#2175 = CARTESIAN_POINT ( 'NONE',  ( -4.375000000000000900, 4.225000000000000500, -2.700000000000000200 ) ) ;
#2176 = AXIS2_PLACEMENT_3D ( 'NONE', #2172, #2164, #2163 ) ;
#2177 = CIRCLE ( 'NONE', #2216, 1.000000000000000000 ) ;
#2178 = AXIS2_PLACEMENT_3D ( 'NONE', #2175, #2174, #2173 ) ;
#2179 = VECTOR ( 'NONE', #2170, 1000.000000000000000 ) ;
#2180 = CARTESIAN_POINT ( 'NONE',  ( -2.600000000000001400, 4.225000000000001400, 0.0000000000000000000 ) ) ;
#2181 = CARTESIAN_POINT ( 'NONE',  ( -2.600000000000000500, -6.500000000000001800, -7.878780585351224300 ) ) ;
#2182 = DIRECTION ( 'NONE',  ( 0.0000000000000000000, 0.0000000000000000000, -1.000000000000000000 ) ) ;
#2183 = DIRECTION ( 'NONE',  ( 1.000000000000000000, -0.0000000000000000000, 0.0000000000000000000 ) ) ;
#2184 = CARTESIAN_POINT ( 'NONE',  ( -2.600000000000001400, 4.225000000000001400, -2.700000000000000200 ) ) ;
#2185 = CARTESIAN_POINT ( 'NONE',  ( -2.600000000000001400, 4.225000000000001400, 0.0000000000000000000 ) ) ;
#2186 = FACE_OUTER_BOUND ( 'NONE', #731, .T. ) ;
#2187 = AXIS2_PLACEMENT_3D ( 'NONE', #2184, #2183, #2182 ) ;
#2188 = DIRECTION ( 'NONE',  ( 0.3018917046944031300, -0.9533422253507432000, 0.0000000000000000000 ) ) ;
#2189 = DIRECTION ( 'NONE',  ( -0.9533422253507433100, -0.3018917046944031800, 0.0000000000000000000 ) ) ;
#2190 = FACE_OUTER_BOUND ( 'NONE', #751, .T. ) ;
#2191 = CYLINDRICAL_SURFACE ( 'NONE', #2178, 1.774999999999999700 ) ;
#2192 = LINE ( 'NONE', #2180, #2179 ) ;
#2193 = CYLINDRICAL_SURFACE ( 'NONE', #2176, 1.000000000000000000 ) ;
#2194 = FACE_OUTER_BOUND ( 'NONE', #741, .T. ) ;
#2195 = PLANE ( 'NONE',  #2187 ) ;
#2196 = CARTESIAN_POINT ( 'NONE',  ( -2.600000000000000500, -6.000000000000000000, -3.000000000000000000 ) ) ;
#2197 = DIRECTION ( 'NONE',  ( 0.3018917046944031300, -0.9533422253507432000, 0.0000000000000000000 ) ) ;
#2198 = VECTOR ( 'NONE', #2197, 1000.000000000000100 ) ;
#2199 = CARTESIAN_POINT ( 'NONE',  ( -2.600000000000000500, -6.500000000000001800, -3.000000000000000000 ) ) ;
#2200 = DIRECTION ( 'NONE',  ( -1.000000000000000000, 0.0000000000000000000, -0.0000000000000000000 ) ) ;
#2201 = DIRECTION ( 'NONE',  ( 0.0000000000000000000, 0.0000000000000000000, -1.000000000000000000 ) ) ;
#2202 = CARTESIAN_POINT ( 'NONE',  ( 1.850000000000000300, -5.999999999999999100, -3.000000000000000000 ) ) ;
#2203 = LINE ( 'NONE', #2199, #2198 ) ;
#2204 = AXIS2_PLACEMENT_3D ( 'NONE', #2254, #2253, #2252 ) ;
#2205 = DIRECTION ( 'NONE',  ( 0.3018917046944031300, 0.9533422253507432000, 0.0000000000000000000 ) ) ;
#2206 = VECTOR ( 'NONE', #2205, 1000.000000000000100 ) ;
#2207 = CARTESIAN_POINT ( 'NONE',  ( 1.375000000000000400, -8.000000000000000000, -3.000000000000000000 ) ) ;
#2208 = PLANE ( 'NONE',  #2212 ) ;
#2209 = FACE_OUTER_BOUND ( 'NONE', #782, .T. ) ;
#2210 = DIRECTION ( 'NONE',  ( 0.3018917046944031300, 0.9533422253507432000, 0.0000000000000000000 ) ) ;
#2211 = DIRECTION ( 'NONE',  ( 0.9533422253507433100, -0.3018917046944031800, 0.0000000000000000000 ) ) ;
#2212 = AXIS2_PLACEMENT_3D ( 'NONE', #2202, #2201, #2200 ) ;
#2213 = PLANE ( 'NONE',  #2276 ) ;
#2214 = DIRECTION ( 'NONE',  ( 0.0000000000000000000, 0.0000000000000000000, -1.000000000000000000 ) ) ;
#2215 = DIRECTION ( 'NONE',  ( 0.0000000000000000000, -1.000000000000000000, 0.0000000000000000000 ) ) ;
#2216 = AXIS2_PLACEMENT_3D ( 'NONE', #2167, #2215, #2214 ) ;
#2217 = PLANE ( 'NONE',  #2165 ) ;
#2218 = CARTESIAN_POINT ( 'NONE',  ( -2.600000000000000500, -6.500000000000001800, -3.000000000000000000 ) ) ;
#2219 = CARTESIAN_POINT ( 'NONE',  ( 1.375000000000000400, -8.000000000000000000, -7.878780585351224300 ) ) ;
#2220 = FACE_OUTER_BOUND ( 'NONE', #714, .T. ) ;
#2221 = FACE_OUTER_BOUND ( 'NONE', #763, .T. ) ;
#2222 = LINE ( 'NONE', #2279, #2278 ) ;
#2223 = CARTESIAN_POINT ( 'NONE',  ( 6.149999999999999500, 6.000000000000000000, -3.000000000000000000 ) ) ;
#2224 = DIRECTION ( 'NONE',  ( -1.000000000000000000, 1.084202172485504400E-016, -0.0000000000000000000 ) ) ;
#2225 = VECTOR ( 'NONE', #2224, 1000.000000000000000 ) ;
#2226 = CARTESIAN_POINT ( 'NONE',  ( -1.850000000000003600, -6.000000000000000000, -2.700000000000000200 ) ) ;
#2227 = LINE ( 'NONE', #2226, #2225 ) ;
#2228 = DIRECTION ( 'NONE',  ( -2.168404344971008900E-016, -1.000000000000000000, 0.0000000000000000000 ) ) ;
#2229 = VECTOR ( 'NONE', #2228, 1000.000000000000000 ) ;
#2230 = CARTESIAN_POINT ( 'NONE',  ( 6.149999999999999500, 6.000000000000000000, -3.000000000000000000 ) ) ;
#2231 = CARTESIAN_POINT ( 'NONE',  ( -1.850000000000003600, -6.000000000000000000, -3.000000000000000000 ) ) ;
#2232 = DIRECTION ( 'NONE',  ( -0.0000000000000000000, -0.0000000000000000000, 1.000000000000000000 ) ) ;
#2233 = VECTOR ( 'NONE', #2232, 1000.000000000000000 ) ;
#2234 = CARTESIAN_POINT ( 'NONE',  ( -4.375000000000000000, -2.450000000000002000, -2.700000000000000200 ) ) ;
#2235 = DIRECTION ( 'NONE',  ( 0.0000000000000000000, 0.0000000000000000000, 1.000000000000000000 ) ) ;
#2236 = VECTOR ( 'NONE', #2235, 1000.000000000000000 ) ;
#2237 = CARTESIAN_POINT ( 'NONE',  ( -2.600000000000000500, -6.500000000000001800, -7.878780585351224300 ) ) ;
#2238 = LINE ( 'NONE', #2237, #2236 ) ;
#2239 = LINE ( 'NONE', #2230, #2229 ) ;
#2240 = DIRECTION ( 'NONE',  ( 0.0000000000000000000, -1.000000000000000000, 0.0000000000000000000 ) ) ;
#2241 = VECTOR ( 'NONE', #2240, 1000.000000000000000 ) ;
#2242 = CARTESIAN_POINT ( 'NONE',  ( -2.600000000000000500, -6.000000000000000000, -3.000000000000000000 ) ) ;
#2243 = LINE ( 'NONE', #2242, #2241 ) ;
#2244 = CARTESIAN_POINT ( 'NONE',  ( -1.850000000000003600, -6.000000000000000000, -2.700000000000000200 ) ) ;
#2245 = CARTESIAN_POINT ( 'NONE',  ( -1.850000000000003600, -6.000000000000000000, -3.000000000000000000 ) ) ;
#2246 = DIRECTION ( 'NONE',  ( 0.0000000000000000000, 0.0000000000000000000, 1.000000000000000000 ) ) ;
#2247 = VECTOR ( 'NONE', #2246, 1000.000000000000000 ) ;
#2248 = CARTESIAN_POINT ( 'NONE',  ( -2.600000000000000500, -6.000000000000000000, -7.878780585351224300 ) ) ;
#2249 = LINE ( 'NONE', #2248, #2247 ) ;
#2250 = DIRECTION ( 'NONE',  ( 1.084202172485504400E-016, 1.000000000000000000, 0.0000000000000000000 ) ) ;
#2251 = LINE ( 'NONE', #2234, #2233 ) ;
#2252 = DIRECTION ( 'NONE',  ( -2.443272501375786900E-016, 1.000000000000000000, 0.0000000000000000000 ) ) ;
#2253 = DIRECTION ( 'NONE',  ( 1.000000000000000000, 2.443272501375786900E-016, 0.0000000000000000000 ) ) ;
#2254 = CARTESIAN_POINT ( 'NONE',  ( -2.600000000000000500, -4.225000000000001400, -2.700000000000000200 ) ) ;
#2255 = AXIS2_PLACEMENT_3D ( 'NONE', #2310, #2306, #2305 ) ;
#2256 = DIRECTION ( 'NONE',  ( 0.0000000000000000000, 0.0000000000000000000, 1.000000000000000000 ) ) ;
#2257 = CARTESIAN_POINT ( 'NONE',  ( 6.149999999999996800, -6.000000000000000900, -2.700000000000000200 ) ) ;
#2258 = FACE_BOUND ( 'NONE', #906, .T. ) ;
#2259 = PLANE ( 'NONE',  #2303 ) ;
#2260 = DIRECTION ( 'NONE',  ( 0.0000000000000000000, -0.0000000000000000000, -1.000000000000000000 ) ) ;
#2261 = CYLINDRICAL_SURFACE ( 'NONE', #2268, 0.2500000000000000000 ) ;
#2262 = DIRECTION ( 'NONE',  ( 1.000000000000000000, 0.0000000000000000000, -0.0000000000000000000 ) ) ;
#2263 = DIRECTION ( 'NONE',  ( 0.0000000000000000000, 0.0000000000000000000, 1.000000000000000000 ) ) ;
#2264 = CARTESIAN_POINT ( 'NONE',  ( 0.0000000000000000000, 0.0000000000000000000, -0.1000000000000000100 ) ) ;
#2265 = AXIS2_PLACEMENT_3D ( 'NONE', #2264, #2263, #2262 ) ;
#2266 = DIRECTION ( 'NONE',  ( 0.0000000000000000000, -1.000000000000000000, 0.0000000000000000000 ) ) ;
#2267 = CARTESIAN_POINT ( 'NONE',  ( -0.3750000000000001100, -58.00000000000000000, -1.500000000000000000 ) ) ;
#2268 = AXIS2_PLACEMENT_3D ( 'NONE', #2318, #2317, #2316 ) ;
#2269 = PLANE ( 'NONE',  #2265 ) ;
#2270 = AXIS2_PLACEMENT_3D ( 'NONE', #2267, #2266, #2260 ) ;
#2271 = DIRECTION ( 'NONE',  ( -1.000000000000000000, 1.084202172485504400E-016, 0.0000000000000000000 ) ) ;
#2272 = PLANE ( 'NONE',  #2255 ) ;
#2273 = FACE_OUTER_BOUND ( 'NONE', #822, .T. ) ;
#2274 = FACE_OUTER_BOUND ( 'NONE', #809, .T. ) ;
#2275 = CIRCLE ( 'NONE', #2286, 0.2500000000000000000 ) ;
#2276 = AXIS2_PLACEMENT_3D ( 'NONE', #2245, #2250, #2271 ) ;
#2277 = DIRECTION ( 'NONE',  ( -0.0000000000000000000, -0.0000000000000000000, 1.000000000000000000 ) ) ;
#2278 = VECTOR ( 'NONE', #2277, 1000.000000000000000 ) ;
#2279 = CARTESIAN_POINT ( 'NONE',  ( 6.149999999999999500, 6.000000000000000000, -3.000000000000000000 ) ) ;
#2280 = FACE_OUTER_BOUND ( 'NONE', #813, .T. ) ;
#2281 = DIRECTION ( 'NONE',  ( -0.0000000000000000000, -0.0000000000000000000, 1.000000000000000000 ) ) ;
#2282 = VECTOR ( 'NONE', #2281, 1000.000000000000000 ) ;
#2283 = CARTESIAN_POINT ( 'NONE',  ( -1.850000000000003600, -6.000000000000000000, -3.000000000000000000 ) ) ;
#2284 = LINE ( 'NONE', #2283, #2282 ) ;
#2285 = PLANE ( 'NONE',  #2270 ) ;
#2286 = AXIS2_PLACEMENT_3D ( 'NONE', #2313, #2312, #2311 ) ;
#2287 = FACE_OUTER_BOUND ( 'NONE', #803, .T. ) ;
#2288 = CARTESIAN_POINT ( 'NONE',  ( 2.074999999999998800, 6.000000000000000000, -3.000000000000000000 ) ) ;
#2289 = FACE_BOUND ( 'NONE', #852, .T. ) ;
#2290 = DIRECTION ( 'NONE',  ( 1.000000000000000000, 0.0000000000000000000, 0.0000000000000000000 ) ) ;
#2291 = DIRECTION ( 'NONE',  ( 0.0000000000000000000, 0.0000000000000000000, 1.000000000000000000 ) ) ;
#2292 = CARTESIAN_POINT ( 'NONE',  ( 4.399999999999999500, -4.250000000000000000, -3.000000000000000000 ) ) ;
#2293 = AXIS2_PLACEMENT_3D ( 'NONE', #2292, #2291, #2290 ) ;
#2294 = AXIS2_PLACEMENT_3D ( 'NONE', #2341, #2332, #2331 ) ;
#2295 = CARTESIAN_POINT ( 'NONE',  ( 4.399999999999999500, 4.250000000000000000, -3.000000000000000000 ) ) ;
#2296 = CARTESIAN_POINT ( 'NONE',  ( 2.074999999999998800, 6.000000000000000000, -3.000000000000000000 ) ) ;
#2297 = DIRECTION ( 'NONE',  ( 1.000000000000000000, 0.0000000000000000000, -0.0000000000000000000 ) ) ;
#2298 = AXIS2_PLACEMENT_3D ( 'NONE', #2371, #2370, #2369 ) ;
#2299 = FACE_BOUND ( 'NONE', #865, .T. ) ;
#2300 = DIRECTION ( 'NONE',  ( 1.000000000000000000, 0.0000000000000000000, 0.0000000000000000000 ) ) ;
#2301 = DIRECTION ( 'NONE',  ( 0.0000000000000000000, 0.0000000000000000000, 1.000000000000000000 ) ) ;
#2302 = FACE_OUTER_BOUND ( 'NONE', #833, .T. ) ;
#2303 = AXIS2_PLACEMENT_3D ( 'NONE', #2257, #2256, #2297 ) ;
#2304 = CIRCLE ( 'NONE', #2293, 1.100000000000000300 ) ;
#2305 = DIRECTION ( 'NONE',  ( 0.0000000000000000000, 0.0000000000000000000, 1.000000000000000000 ) ) ;
#2306 = DIRECTION ( 'NONE',  ( 0.0000000000000000000, 1.000000000000000000, -0.0000000000000000000 ) ) ;
#2307 = CARTESIAN_POINT ( 'NONE',  ( 4.399999999999999500, 4.250000000000000000, -2.700000000000000200 ) ) ;
#2308 = AXIS2_PLACEMENT_3D ( 'NONE', #2307, #2301, #2300 ) ;
#2309 = CIRCLE ( 'NONE', #2308, 1.100000000000000300 ) ;
#2310 = CARTESIAN_POINT ( 'NONE',  ( 1.850000000000001900, -6.000000000000000000, -7.878780585351224300 ) ) ;
#2311 = DIRECTION ( 'NONE',  ( 1.000000000000000000, 0.0000000000000000000, 0.0000000000000000000 ) ) ;
#2312 = DIRECTION ( 'NONE',  ( 0.0000000000000000000, 0.0000000000000000000, 1.000000000000000000 ) ) ;
#2313 = CARTESIAN_POINT ( 'NONE',  ( 0.0000000000000000000, 0.0000000000000000000, -0.1000000000000000100 ) ) ;
#2314 = FACE_OUTER_BOUND ( 'NONE', #761, .T. ) ;
#2315 = CIRCLE ( 'NONE', #2352, 1.100000000000000300 ) ;
#2316 = DIRECTION ( 'NONE',  ( 1.000000000000000000, 0.0000000000000000000, 0.0000000000000000000 ) ) ;
#2317 = DIRECTION ( 'NONE',  ( -0.0000000000000000000, -0.0000000000000000000, 1.000000000000000000 ) ) ;
#2318 = CARTESIAN_POINT ( 'NONE',  ( 0.0000000000000000000, 0.0000000000000000000, -0.1000000000000000100 ) ) ;
#2319 = AXIS2_PLACEMENT_3D ( 'NONE', #2337, #2330, #2376 ) ;
#2320 = DIRECTION ( 'NONE',  ( 0.0000000000000000000, -0.0000000000000000000, -1.000000000000000000 ) ) ;
#2321 = DIRECTION ( 'NONE',  ( 0.0000000000000000000, -1.000000000000000000, 0.0000000000000000000 ) ) ;
#2322 = CARTESIAN_POINT ( 'NONE',  ( 2.074999999999998800, 4.800000000000000700, -2.700000000000000200 ) ) ;
#2323 = LINE ( 'NONE', #2322, #2356 ) ;
#2324 = CYLINDRICAL_SURFACE ( 'NONE', #2319, 1.100000000000000300 ) ;
#2325 = PLANE ( 'NONE',  #2335 ) ;
#2326 = DIRECTION ( 'NONE',  ( -0.0000000000000000000, -0.0000000000000000000, 1.000000000000000000 ) ) ;
#2327 = VECTOR ( 'NONE', #2326, 1000.000000000000000 ) ;
#2328 = PLANE ( 'NONE',  #2298 ) ;
#2329 = FACE_OUTER_BOUND ( 'NONE', #869, .T. ) ;
#2330 = DIRECTION ( 'NONE',  ( -0.0000000000000000000, -0.0000000000000000000, 1.000000000000000000 ) ) ;
#2331 = DIRECTION ( 'NONE',  ( 1.000000000000000000, 0.0000000000000000000, -0.0000000000000000000 ) ) ;
#2332 = DIRECTION ( 'NONE',  ( 0.0000000000000000000, 0.0000000000000000000, 1.000000000000000000 ) ) ;
#2333 = CARTESIAN_POINT ( 'NONE',  ( 2.074999999999998800, 6.000000000000000000, -3.000000000000000000 ) ) ;
#2334 = LINE ( 'NONE', #2333, #2327 ) ;
#2335 = AXIS2_PLACEMENT_3D ( 'NONE', #2288, #2321, #2320 ) ;
#2336 = FACE_OUTER_BOUND ( 'NONE', #857, .T. ) ;
#2337 = CARTESIAN_POINT ( 'NONE',  ( 4.399999999999999500, 4.250000000000000000, -3.000024999999999900 ) ) ;
#2338 = DIRECTION ( 'NONE',  ( 1.000000000000000000, 0.0000000000000000000, 0.0000000000000000000 ) ) ;
#2339 = VECTOR ( 'NONE', #2338, 1000.000000000000000 ) ;
#2340 = CARTESIAN_POINT ( 'NONE',  ( 2.074999999999998800, 6.000000000000000000, -3.000000000000000000 ) ) ;
#2341 = CARTESIAN_POINT ( 'NONE',  ( 6.149999999999996800, -6.000000000000000900, -3.000000000000000000 ) ) ;
#2342 = FACE_OUTER_BOUND ( 'NONE', #844, .T. ) ;
#2343 = FACE_BOUND ( 'NONE', #840, .T. ) ;
#2344 = LINE ( 'NONE', #2340, #2339 ) ;
#2345 = DIRECTION ( 'NONE',  ( 1.000000000000000000, 0.0000000000000000000, 0.0000000000000000000 ) ) ;
#2346 = VECTOR ( 'NONE', #2345, 1000.000000000000000 ) ;
#2347 = CARTESIAN_POINT ( 'NONE',  ( 2.074999999999998800, 6.000000000000000000, -2.700000000000000200 ) ) ;
#2348 = LINE ( 'NONE', #2347, #2346 ) ;
#2349 = PLANE ( 'NONE',  #2294 ) ;
#2350 = DIRECTION ( 'NONE',  ( 1.000000000000000000, 0.0000000000000000000, 0.0000000000000000000 ) ) ;
#2351 = DIRECTION ( 'NONE',  ( 0.0000000000000000000, 0.0000000000000000000, 1.000000000000000000 ) ) ;
#2352 = AXIS2_PLACEMENT_3D ( 'NONE', #2295, #2351, #2350 ) ;
#2353 = AXIS2_PLACEMENT_3D ( 'NONE', #2391, #2390, #2389 ) ;
#2354 = PLANE ( 'NONE',  #2378 ) ;
#2355 = DIRECTION ( 'NONE',  ( 1.000000000000000000, -0.0000000000000000000, -0.0000000000000000000 ) ) ;
#2356 = VECTOR ( 'NONE', #2355, 1000.000000000000000 ) ;
#2357 = CARTESIAN_POINT ( 'NONE',  ( -1.850000000000002100, 4.800000000000000700, -2.700000000000000200 ) ) ;
#2358 = CYLINDRICAL_SURFACE ( 'NONE', #2409, 1.000000000000000000 ) ;
#2359 = PLANE ( 'NONE',  #2353 ) ;
#2360 = CARTESIAN_POINT ( 'NONE',  ( 2.074999999999998800, 4.800000000000000700, -2.700000000000000200 ) ) ;
#2361 = DIRECTION ( 'NONE',  ( 1.000000000000000000, -0.0000000000000000000, -0.0000000000000000000 ) ) ;
#2362 = VECTOR ( 'NONE', #2361, 1000.000000000000000 ) ;
#2363 = CARTESIAN_POINT ( 'NONE',  ( 2.074999999999998800, 4.800000000000000700, -3.000000000000000000 ) ) ;
#2364 = LINE ( 'NONE', #2363, #2362 ) ;
#2365 = CARTESIAN_POINT ( 'NONE',  ( -1.850000000000002100, 4.800000000000000700, -3.000000000000000000 ) ) ;
#2366 = FACE_OUTER_BOUND ( 'NONE', #885, .T. ) ;
#2367 = CARTESIAN_POINT ( 'NONE',  ( -1.850000000000002100, 4.800000000000000700, -3.000000000000000000 ) ) ;
#2368 = CARTESIAN_POINT ( 'NONE',  ( 2.074999999999998800, 6.000000000000000000, -2.700000000000000200 ) ) ;
#2369 = DIRECTION ( 'NONE',  ( 0.0000000000000000000, 0.0000000000000000000, -1.000000000000000000 ) ) ;
#2370 = DIRECTION ( 'NONE',  ( 0.0000000000000000000, -1.000000000000000000, -0.0000000000000000000 ) ) ;
#2371 = CARTESIAN_POINT ( 'NONE',  ( 2.074999999999998800, 4.800000000000000700, -3.000000000000000000 ) ) ;
#2372 = DIRECTION ( 'NONE',  ( -0.0000000000000000000, 1.000000000000000000, -0.0000000000000000000 ) ) ;
#2373 = VECTOR ( 'NONE', #2372, 1000.000000000000000 ) ;
#2374 = CARTESIAN_POINT ( 'NONE',  ( 2.074999999999998800, 6.000000000000000000, -2.700000000000000200 ) ) ;
#2375 = LINE ( 'NONE', #2374, #2373 ) ;
#2376 = DIRECTION ( 'NONE',  ( 1.000000000000000000, 0.0000000000000000000, 0.0000000000000000000 ) ) ;
#2377 = FACE_OUTER_BOUND ( 'NONE', #884, .T. ) ;
#2378 = AXIS2_PLACEMENT_3D ( 'NONE', #2365, #2415, #2414 ) ;
#2379 = DIRECTION ( 'NONE',  ( -0.0000000000000000000, 1.000000000000000000, -0.0000000000000000000 ) ) ;
#2380 = VECTOR ( 'NONE', #2379, 1000.000000000000000 ) ;
#2381 = CARTESIAN_POINT ( 'NONE',  ( 2.074999999999998800, 6.000000000000000000, -3.000000000000000000 ) ) ;
#2382 = LINE ( 'NONE', #2381, #2380 ) ;
#2383 = AXIS2_PLACEMENT_3D ( 'NONE', #2399, #1133, #1132 ) ;
#2384 = CIRCLE ( 'NONE', #2383, 1.100000000000000300 ) ;
#2385 = CARTESIAN_POINT ( 'NONE',  ( -0.2500000000000000000, 3.061616997868383000E-017, 0.0000000000000000000 ) ) ;
#2386 = SHAPE_DEFINITION_REPRESENTATION ( #2387, #2604 ) ;
#2387 = PRODUCT_DEFINITION_SHAPE ( 'NONE', 'NONE',  #2724 ) ;
#2388 = DIRECTION ( 'NONE',  ( 0.0000000000000000000, 0.0000000000000000000, 1.000000000000000000 ) ) ;
#2389 = DIRECTION ( 'NONE',  ( 0.0000000000000000000, 0.0000000000000000000, -1.000000000000000000 ) ) ;
#2390 = DIRECTION ( 'NONE',  ( 1.000000000000000000, 0.0000000000000000000, 0.0000000000000000000 ) ) ;
#2391 = CARTESIAN_POINT ( 'NONE',  ( 2.074999999999998800, 6.000000000000000000, -3.000000000000000000 ) ) ;
#2392 = FACE_OUTER_BOUND ( 'NONE', #905, .T. ) ;
#2393 = DIRECTION ( 'NONE',  ( 1.405447260629357600E-016, 1.000000000000000000, -0.0000000000000000000 ) ) ;
#2394 = VECTOR ( 'NONE', #2393, 1000.000000000000000 ) ;
#2395 = CARTESIAN_POINT ( 'NONE',  ( -1.850000000000002100, 4.800000000000000700, -3.000000000000000000 ) ) ;
#2396 = LINE ( 'NONE', #2395, #2394 ) ;
#2397 = DIRECTION ( 'NONE',  ( -0.0000000000000000000, 1.000000000000000000, -0.0000000000000000000 ) ) ;
#2398 = CARTESIAN_POINT ( 'NONE',  ( 0.3749999999999985000, -58.00000000000000000, -1.500000000000000000 ) ) ;
#2399 = CARTESIAN_POINT ( 'NONE',  ( 4.399999999999999500, -4.250000000000000000, -2.700000000000000200 ) ) ;
#2400 = DIRECTION ( 'NONE',  ( -0.0000000000000000000, -0.0000000000000000000, 1.000000000000000000 ) ) ;
#2401 = VECTOR ( 'NONE', #2400, 1000.000000000000000 ) ;
#2402 = CARTESIAN_POINT ( 'NONE',  ( 2.074999999999998800, 4.800000000000000700, -3.000000000000000000 ) ) ;
#2403 = FACE_OUTER_BOUND ( 'NONE', #881, .T. ) ;
#2404 = DIRECTION ( 'NONE',  ( -0.0000000000000000000, -0.0000000000000000000, 1.000000000000000000 ) ) ;
#2405 = VECTOR ( 'NONE', #2404, 1000.000000000000000 ) ;
#2406 = CARTESIAN_POINT ( 'NONE',  ( -1.850000000000002100, 4.800000000000000700, -3.000000000000000000 ) ) ;
#2407 = LINE ( 'NONE', #2406, #2405 ) ;
#2408 = LINE ( 'NONE', #2402, #2401 ) ;
#2409 = AXIS2_PLACEMENT_3D ( 'NONE', #2398, #2397, #2388 ) ;
#2410 = DIRECTION ( 'NONE',  ( 1.405447260629357600E-016, 1.000000000000000000, -0.0000000000000000000 ) ) ;
#2411 = VECTOR ( 'NONE', #2410, 1000.000000000000000 ) ;
#2412 = CARTESIAN_POINT ( 'NONE',  ( -1.850000000000002100, 4.800000000000000700, -2.700000000000000200 ) ) ;
#2413 = CARTESIAN_POINT ( 'NONE',  ( 2.074999999999998800, 4.800000000000000700, -3.000000000000000000 ) ) ;
#2414 = DIRECTION ( 'NONE',  ( 1.405447260629357600E-016, 1.000000000000000000, 0.0000000000000000000 ) ) ;
#2415 = DIRECTION ( 'NONE',  ( 1.000000000000000000, -1.405447260629357600E-016, 0.0000000000000000000 ) ) ;
#2416 = LINE ( 'NONE', #2412, #2411 ) ;
#2417 = PLANE ( 'NONE',  #2444 ) ;
#2418 = CARTESIAN_POINT ( 'NONE',  ( -1.000000000000000200, 3.350000000000000100, -0.1000000000000000100 ) ) ;
#2419 = DIRECTION ( 'NONE',  ( 1.000000000000000000, 0.0000000000000000000, 0.0000000000000000000 ) ) ;
#2420 = CARTESIAN_POINT ( 'NONE',  ( 2.600000000000000500, -6.000000000000001800, -7.878780585351224300 ) ) ;
#2421 = CIRCLE ( 'NONE', #2471, 1.000000000000000000 ) ;
#2422 = DIRECTION ( 'NONE',  ( -0.0000000000000000000, -0.0000000000000000000, 1.000000000000000000 ) ) ;
#2423 = DIRECTION ( 'NONE',  ( 1.949127501097534200E-016, 1.000000000000000000, -0.0000000000000000000 ) ) ;
#2424 = DIRECTION ( 'NONE',  ( 1.000000000000000000, 0.0000000000000000000, 0.0000000000000000000 ) ) ;
#2425 = DIRECTION ( 'NONE',  ( -0.0000000000000000000, -0.0000000000000000000, 1.000000000000000000 ) ) ;
#2426 = AXIS2_PLACEMENT_3D ( 'NONE', #2445, #2425, #2424 ) ;
#2427 = CYLINDRICAL_SURFACE ( 'NONE', #2430, 1.100000000000000300 ) ;
#2428 = CARTESIAN_POINT ( 'NONE',  ( 4.399999999999999500, -4.250000000000000000, -3.000024999999999900 ) ) ;
#2429 = FACE_OUTER_BOUND ( 'NONE', #337, .T. ) ;
#2430 = AXIS2_PLACEMENT_3D ( 'NONE', #2428, #2422, #2419 ) ;
#2431 = DIRECTION ( 'NONE',  ( 1.000000000000000000, 0.0000000000000000000, 0.0000000000000000000 ) ) ;
#2432 = DIRECTION ( 'NONE',  ( 0.0000000000000000000, 0.0000000000000000000, 1.000000000000000000 ) ) ;
#2433 = CARTESIAN_POINT ( 'NONE',  ( 0.0000000000000000000, 0.0000000000000000000, 0.0000000000000000000 ) ) ;
#2434 = AXIS2_PLACEMENT_3D ( 'NONE', #2433, #2432, #2431 ) ;
#2435 = VECTOR ( 'NONE', #2465, 1000.000000000000000 ) ;
#2436 = FACE_OUTER_BOUND ( 'NONE', #187, .T. ) ;
#2437 = FACE_OUTER_BOUND ( 'NONE', #932, .T. ) ;
#2438 = CIRCLE ( 'NONE', #2434, 0.2500000000000000000 ) ;
#2439 = FACE_OUTER_BOUND ( 'NONE', #2921, .T. ) ;
#2440 = CARTESIAN_POINT ( 'NONE',  ( 0.2500000000000000000, 0.0000000000000000000, 0.0000000000000000000 ) ) ;
#2441 = CYLINDRICAL_SURFACE ( 'NONE', #2426, 0.2500000000000000000 ) ;
#2442 = CARTESIAN_POINT ( 'NONE',  ( -0.2500000000000000000, 3.061616997868383000E-017, -0.1000000000000000100 ) ) ;
#2443 = FACE_OUTER_BOUND ( 'NONE', #928, .T. ) ;
#2444 = AXIS2_PLACEMENT_3D ( 'NONE', #2420, #2423, #2480 ) ;
#2445 = CARTESIAN_POINT ( 'NONE',  ( 0.0000000000000000000, 0.0000000000000000000, -0.1000000000000000100 ) ) ;
#2446 = AXIS2_PLACEMENT_3D ( 'NONE', #2498, #2497, #2487 ) ;
#2447 = AXIS2_PLACEMENT_3D ( 'NONE', #2504, #2500, #2499 ) ;
#2448 = PLANE ( 'NONE',  #2446 ) ;
#2449 = DIRECTION ( 'NONE',  ( 0.0000000000000000000, -1.000000000000000000, 0.0000000000000000000 ) ) ;
#2450 = VECTOR ( 'NONE', #2449, 1000.000000000000000 ) ;
#2451 = CARTESIAN_POINT ( 'NONE',  ( 1.374999999999999800, 6.000000000000000000, -2.900000000000000400 ) ) ;
#2452 = LINE ( 'NONE', #2451, #2450 ) ;
#2453 = FACE_OUTER_BOUND ( 'NONE', #2980, .T. ) ;
#2454 = DIRECTION ( 'NONE',  ( -1.084202172485504700E-016, 1.000000000000000000, -0.0000000000000000000 ) ) ;
#2455 = VECTOR ( 'NONE', #2454, 1000.000000000000000 ) ;
#2456 = CARTESIAN_POINT ( 'NONE',  ( -1.000000000000000900, 5.899999999999999500, -1.699999999999999700 ) ) ;
#2457 = LINE ( 'NONE', #2510, #2509 ) ;
#2458 = PLANE ( 'NONE',  #2447 ) ;
#2459 = DIRECTION ( 'NONE',  ( 0.0000000000000000000, 0.0000000000000000000, 1.000000000000000000 ) ) ;
#2460 = DIRECTION ( 'NONE',  ( -1.000000000000000000, 0.0000000000000000000, 0.0000000000000000000 ) ) ;
#2461 = PLANE ( 'NONE',  #2463 ) ;
#2462 = LINE ( 'NONE', #2456, #2455 ) ;
#2463 = AXIS2_PLACEMENT_3D ( 'NONE', #2508, #2507, #2506 ) ;
#2464 = PLANE ( 'NONE',  #2472 ) ;
#2465 = DIRECTION ( 'NONE',  ( -0.0000000000000000000, -1.000000000000000000, -0.0000000000000000000 ) ) ;
#2466 = CARTESIAN_POINT ( 'NONE',  ( -1.000000000000000200, 3.350000000000000100, -0.1000000000000000100 ) ) ;
#2467 = LINE ( 'NONE', #2466, #2435 ) ;
#2468 = DIRECTION ( 'NONE',  ( 0.0000000000000000000, 0.0000000000000000000, -1.000000000000000000 ) ) ;
#2469 = DIRECTION ( 'NONE',  ( 0.0000000000000000000, -1.000000000000000000, 0.0000000000000000000 ) ) ;
#2470 = CARTESIAN_POINT ( 'NONE',  ( 0.3749999999999985000, -58.00000000000000000, -1.500000000000000000 ) ) ;
#2471 = AXIS2_PLACEMENT_3D ( 'NONE', #2470, #2469, #2468 ) ;
#2472 = AXIS2_PLACEMENT_3D ( 'NONE', #2418, #2460, #2459 ) ;
#2473 = FACE_OUTER_BOUND ( 'NONE', #2973, .T. ) ;
#2474 = DIRECTION ( 'NONE',  ( 0.0000000000000000000, 0.0000000000000000000, 1.000000000000000000 ) ) ;
#2475 = DIRECTION ( 'NONE',  ( -0.0000000000000000000, 1.000000000000000000, -0.0000000000000000000 ) ) ;
#2476 = CARTESIAN_POINT ( 'NONE',  ( 0.3749999999999985000, -58.00000000000000000, -1.500000000000000000 ) ) ;
#2477 = AXIS2_PLACEMENT_3D ( 'NONE', #2476, #2475, #2474 ) ;
#2478 = CARTESIAN_POINT ( 'NONE',  ( 1.374999999999999800, 5.599999999999999600, -2.900000000000000400 ) ) ;
#2479 = CYLINDRICAL_SURFACE ( 'NONE', #2477, 1.000000000000000000 ) ;
#2480 = DIRECTION ( 'NONE',  ( -1.000000000000000000, 1.949127501097534200E-016, 0.0000000000000000000 ) ) ;
#2481 = FACE_OUTER_BOUND ( 'NONE', #2955, .T. ) ;
#2482 = DIRECTION ( 'NONE',  ( 1.548860246407863300E-016, 0.0000000000000000000, 1.000000000000000000 ) ) ;
#2483 = DIRECTION ( 'NONE',  ( -1.000000000000000000, -1.084202172485504700E-016, 1.548860246407863300E-016 ) ) ;
#2484 = CARTESIAN_POINT ( 'NONE',  ( -0.6249999999999982200, 5.899999999999999500, -2.299999999999999800 ) ) ;
#2485 = VECTOR ( 'NONE', #2540, 1000.000000000000000 ) ;
#2486 = AXIS2_PLACEMENT_3D ( 'NONE', #2517, #2516, #2515 ) ;
#2487 = DIRECTION ( 'NONE',  ( -1.084202172485504700E-016, 1.000000000000000000, 0.0000000000000000000 ) ) ;
#2488 = CARTESIAN_POINT ( 'NONE',  ( -0.6249999999999982200, 5.899999999999999500, -2.299999999999999800 ) ) ;
#2489 = LINE ( 'NONE', #2488, #2485 ) ;
#2490 = PLANE ( 'NONE',  #2505 ) ;
#2491 = FACE_OUTER_BOUND ( 'NONE', #2936, .T. ) ;
#2492 = DIRECTION ( 'NONE',  ( -0.0000000000000000000, -0.0000000000000000000, -1.000000000000000000 ) ) ;
#2493 = VECTOR ( 'NONE', #2492, 1000.000000000000000 ) ;
#2494 = CARTESIAN_POINT ( 'NONE',  ( 1.374999999999999800, 5.599999999999999600, -2.900000000000000400 ) ) ;
#2495 = LINE ( 'NONE', #2494, #2493 ) ;
#2496 = FACE_OUTER_BOUND ( 'NONE', #2948, .T. ) ;
#2497 = DIRECTION ( 'NONE',  ( 1.000000000000000000, 1.084202172485504700E-016, -0.0000000000000000000 ) ) ;
#2498 = CARTESIAN_POINT ( 'NONE',  ( 1.374999999999999800, 5.899999999999999500, -3.000000000000000000 ) ) ;
#2499 = DIRECTION ( 'NONE',  ( 1.000000000000000000, 0.0000000000000000000, -0.0000000000000000000 ) ) ;
#2500 = DIRECTION ( 'NONE',  ( 0.0000000000000000000, -0.0000000000000000000, 1.000000000000000000 ) ) ;
#2501 = AXIS2_PLACEMENT_3D ( 'NONE', #2537, #2534, #2533 ) ;
#2502 = CARTESIAN_POINT ( 'NONE',  ( -1.000000000000000000, 6.000000000000000000, 0.0000000000000000000 ) ) ;
#2503 = DIRECTION ( 'NONE',  ( -1.084202172485504700E-016, 1.000000000000000000, -0.0000000000000000000 ) ) ;
#2504 = CARTESIAN_POINT ( 'NONE',  ( 0.3249999999999998400, 6.000000000000000900, -0.1000000000000000100 ) ) ;
#2505 = AXIS2_PLACEMENT_3D ( 'NONE', #2484, #2483, #2482 ) ;
#2506 = DIRECTION ( 'NONE',  ( -0.5299989400031798200, 0.0000000000000000000, -0.8479983040050881300 ) ) ;
#2507 = DIRECTION ( 'NONE',  ( 0.8479983040050881300, 9.194016034663399100E-017, -0.5299989400031798200 ) ) ;
#2508 = CARTESIAN_POINT ( 'NONE',  ( 1.374999999999999800, 5.899999999999999500, -2.299999999999999800 ) ) ;
#2509 = VECTOR ( 'NONE', #2503, 1000.000000000000000 ) ;
#2510 = CARTESIAN_POINT ( 'NONE',  ( 1.374999999999999800, 5.899999999999999500, -2.299999999999999800 ) ) ;
#2511 = LINE ( 'NONE', #2569, #2568 ) ;
#2512 = DIRECTION ( 'NONE',  ( -1.000000000000000000, 0.0000000000000000000, 0.0000000000000000000 ) ) ;
#2513 = VECTOR ( 'NONE', #2512, 1000.000000000000000 ) ;
#2514 = CARTESIAN_POINT ( 'NONE',  ( 1.374999999999999800, 5.599999999999999600, -2.900000000000000400 ) ) ;
#2515 = DIRECTION ( 'NONE',  ( 0.0000000000000000000, 0.0000000000000000000, -1.000000000000000000 ) ) ;
#2516 = DIRECTION ( 'NONE',  ( 0.0000000000000000000, -1.000000000000000000, -0.0000000000000000000 ) ) ;
#2517 = CARTESIAN_POINT ( 'NONE',  ( 0.3249999999999998400, 3.350000000000000100, -0.1000000000000000100 ) ) ;
#2518 = AXIS2_PLACEMENT_3D ( 'NONE', #2571, #2570, #2562 ) ;
#2519 = LINE ( 'NONE', #2514, #2513 ) ;
#2520 = FACE_OUTER_BOUND ( 'NONE', #2992, .T. ) ;
#2521 = DIRECTION ( 'NONE',  ( -1.000000000000000000, 0.0000000000000000000, 0.0000000000000000000 ) ) ;
#2522 = VECTOR ( 'NONE', #2521, 1000.000000000000000 ) ;
#2523 = CARTESIAN_POINT ( 'NONE',  ( 0.3249999999999995700, 5.599999999999999600, -2.900000000000000400 ) ) ;
#2524 = CARTESIAN_POINT ( 'NONE',  ( -0.6249999999999983300, 5.599999999999999600, -2.900000000000000400 ) ) ;
#2525 = PLANE ( 'NONE',  #2518 ) ;
#2526 = PLANE ( 'NONE',  #2486 ) ;
#2527 = FACE_OUTER_BOUND ( 'NONE', #330, .T. ) ;
#2528 = DIRECTION ( 'NONE',  ( 0.0000000000000000000, -0.0000000000000000000, -1.000000000000000000 ) ) ;
#2529 = DIRECTION ( 'NONE',  ( -0.0000000000000000000, 1.000000000000000000, -0.0000000000000000000 ) ) ;
#2530 = CARTESIAN_POINT ( 'NONE',  ( -0.6249999999999983300, 6.000000000000000000, -2.900000000000000400 ) ) ;
#2531 = CARTESIAN_POINT ( 'NONE',  ( -1.000000000000000200, 3.350000000000000100, -0.1000000000000000100 ) ) ;
#2532 = LINE ( 'NONE', #2523, #2522 ) ;
#2533 = DIRECTION ( 'NONE',  ( -0.5299989400031824800, 0.0000000000000000000, 0.8479983040050864700 ) ) ;
#2534 = DIRECTION ( 'NONE',  ( -0.8479983040050864700, -9.194016034663381800E-017, -0.5299989400031824800 ) ) ;
#2535 = DIRECTION ( 'NONE',  ( 0.0000000000000000000, -1.000000000000000000, 0.0000000000000000000 ) ) ;
#2536 = CARTESIAN_POINT ( 'NONE',  ( 1.374999999999999800, 5.599999999999999600, -2.900000000000000400 ) ) ;
#2537 = CARTESIAN_POINT ( 'NONE',  ( -1.000000000000000900, 5.899999999999999500, -1.699999999999999700 ) ) ;
#2538 = FACE_OUTER_BOUND ( 'NONE', #2988, .T. ) ;
#2539 = PLANE ( 'NONE',  #2501 ) ;
#2540 = DIRECTION ( 'NONE',  ( -1.084202172485504700E-016, 1.000000000000000000, -0.0000000000000000000 ) ) ;
#2541 = AXIS2_PLACEMENT_3D ( 'NONE', #2536, #2535, #2528 ) ;
#2542 = PLANE ( 'NONE',  #2541 ) ;
#2543 = DIRECTION ( 'NONE',  ( -0.0000000000000000000, -0.0000000000000000000, 1.000000000000000000 ) ) ;
#2544 = VECTOR ( 'NONE', #2543, 1000.000000000000000 ) ;
#2545 = PLANE ( 'NONE',  #2592 ) ;
#2546 = CARTESIAN_POINT ( 'NONE',  ( -5.500000000000000900, -4.250000000000000000, -2.700000000000000200 ) ) ;
#2547 = CARTESIAN_POINT ( 'NONE',  ( -3.299999999999999800, -4.250000000000000000, -3.000000000000000000 ) ) ;
#2548 = DIRECTION ( 'NONE',  ( -1.264902534566421700E-016, -1.000000000000000000, 0.0000000000000000000 ) ) ;
#2549 = VECTOR ( 'NONE', #2548, 1000.000000000000000 ) ;
#2550 = CARTESIAN_POINT ( 'NONE',  ( -5.500000000000000900, 4.250000000000000000, -3.000000000000000000 ) ) ;
#2551 = DIRECTION ( 'NONE',  ( -1.000000000000000000, 0.0000000000000000000, 0.0000000000000000000 ) ) ;
#2552 = DIRECTION ( 'NONE',  ( -0.0000000000000000000, 0.0000000000000000000, -1.000000000000000000 ) ) ;
#2553 = FACE_OUTER_BOUND ( 'NONE', #2966, .T. ) ;
#2554 = PLANE ( 'NONE',  #2558 ) ;
#2555 = CARTESIAN_POINT ( 'NONE',  ( 1.850000000000001900, 6.000000000000000900, -3.000000000000000000 ) ) ;
#2556 = LINE ( 'NONE', #2555, #2544 ) ;
#2557 = VECTOR ( 'NONE', #2529, 1000.000000000000000 ) ;
#2558 = AXIS2_PLACEMENT_3D ( 'NONE', #2561, #2552, #2551 ) ;
#2559 = FACE_OUTER_BOUND ( 'NONE', #2985, .T. ) ;
#2560 = CARTESIAN_POINT ( 'NONE',  ( -3.299999999999999800, 4.250000000000000000, -3.000000000000000000 ) ) ;
#2561 = CARTESIAN_POINT ( 'NONE',  ( 1.374999999999999800, 5.599999999999999600, -2.900000000000000400 ) ) ;
#2562 = DIRECTION ( 'NONE',  ( -1.000000000000000000, 0.0000000000000000000, 0.0000000000000000000 ) ) ;
#2563 = LINE ( 'NONE', #2530, #2557 ) ;
#2564 = CARTESIAN_POINT ( 'NONE',  ( 1.850000000000001900, 6.000000000000000900, -2.700000000000000200 ) ) ;
#2565 = LINE ( 'NONE', #2564, #2549 ) ;
#2566 = AXIS2_PLACEMENT_3D ( 'NONE', #2596, #2595, #2594 ) ;
#2567 = DIRECTION ( 'NONE',  ( -0.0000000000000000000, -0.0000000000000000000, -1.000000000000000000 ) ) ;
#2568 = VECTOR ( 'NONE', #2567, 1000.000000000000000 ) ;
#2569 = CARTESIAN_POINT ( 'NONE',  ( -0.6249999999999983300, 5.599999999999999600, -2.900000000000000400 ) ) ;
#2570 = DIRECTION ( 'NONE',  ( -0.0000000000000000000, 0.0000000000000000000, -1.000000000000000000 ) ) ;
#2571 = CARTESIAN_POINT ( 'NONE',  ( 0.3249999999999995700, 5.599999999999999600, -2.900000000000000400 ) ) ;
#2572 = CARTESIAN_POINT ( 'NONE',  ( 0.3249999999999995700, 5.599999999999999600, -2.900000000000000400 ) ) ;
#2573 = CARTESIAN_POINT ( 'NONE',  ( -5.500000000000000900, -4.250000000000000000, -3.000000000000000000 ) ) ;
#2574 = DIRECTION ( 'NONE',  ( -1.000000000000000000, 0.0000000000000000000, 0.0000000000000000000 ) ) ;
#2575 = DIRECTION ( 'NONE',  ( 0.0000000000000000000, 0.0000000000000000000, 1.000000000000000000 ) ) ;
#2576 = CARTESIAN_POINT ( 'NONE',  ( -4.400000000000000400, -4.250000000000000000, -2.700000000000000200 ) ) ;
#2577 = CARTESIAN_POINT ( 'NONE',  ( -1.000000000000000900, 6.000000000000000000, -1.699999999999999700 ) ) ;
#2578 =( LENGTH_UNIT ( ) NAMED_UNIT ( * ) SI_UNIT ( .MILLI., .METRE. ) );
#2579 = CARTESIAN_POINT ( 'NONE',  ( -5.500000000000000900, 4.250000000000000000, -2.700000000000000200 ) ) ;
#2580 = DIRECTION ( 'NONE',  ( -0.0000000000000000000, -0.0000000000000000000, 1.000000000000000000 ) ) ;
#2581 = VECTOR ( 'NONE', #2580, 1000.000000000000000 ) ;
#2582 = CARTESIAN_POINT ( 'NONE',  ( -3.299999999999999800, -4.250000000000000000, -3.000024999999999900 ) ) ;
#2583 = CIRCLE ( 'NONE', #2589, 1.100000000000000300 ) ;
#2584 =( LENGTH_UNIT ( ) NAMED_UNIT ( * ) SI_UNIT ( .MILLI., .METRE. ) );
#2585 = CARTESIAN_POINT ( 'NONE',  ( -3.299999999999999800, -4.250000000000000000, -2.700000000000000200 ) ) ;
#2586 = DIRECTION ( 'NONE',  ( 0.0000000000000000000, -0.0000000000000000000, -1.000000000000000000 ) ) ;
#2587 = DIRECTION ( 'NONE',  ( 0.0000000000000000000, -1.000000000000000000, 0.0000000000000000000 ) ) ;
#2588 = CARTESIAN_POINT ( 'NONE',  ( 1.850000000000000300, -5.999999999999999100, -3.000000000000000000 ) ) ;
#2589 = AXIS2_PLACEMENT_3D ( 'NONE', #2576, #2575, #2574 ) ;
#2590 = DIRECTION ( 'NONE',  ( -0.0000000000000000000, -0.0000000000000000000, 1.000000000000000000 ) ) ;
#2591 = VECTOR ( 'NONE', #2590, 1000.000000000000000 ) ;
#2592 = AXIS2_PLACEMENT_3D ( 'NONE', #2572, #2587, #2586 ) ;
#2593 = CARTESIAN_POINT ( 'NONE',  ( -3.299999999999999800, 4.250000000000000000, -2.700000000000000200 ) ) ;
#2594 = DIRECTION ( 'NONE',  ( -1.000000000000000000, 0.0000000000000000000, 0.0000000000000000000 ) ) ;
#2595 = DIRECTION ( 'NONE',  ( 0.0000000000000000000, 0.0000000000000000000, -1.000000000000000000 ) ) ;
#2596 = CARTESIAN_POINT ( 'NONE',  ( -4.400000000000000400, -4.250000000000000000, -3.000000000000000000 ) ) ;
#2597 = CARTESIAN_POINT ( 'NONE',  ( -5.500000000000000900, -4.250000000000000000, -3.000024999999999900 ) ) ;
#2598 = LINE ( 'NONE', #2597, #2591 ) ;
#2599 = CIRCLE ( 'NONE', #2566, 1.100000000000000300 ) ;
#2600 = LINE ( 'NONE', #2582, #2581 ) ;
#2601 = COORDINATED_UNIVERSAL_TIME_OFFSET ( 9, 0, .AHEAD. ) ;
#2602 = CC_DESIGN_APPROVAL ( #2603, ( #2635 ) ) ;
#2603 = APPROVAL ( #2616, 'UNKNOWN' ) ;
#2604 = SHAPE_REPRESENTATION ( 'ex-z11fe', ( #2609 ), #2611 ) ;
#2605 =( NAMED_UNIT ( * ) PLANE_ANGLE_UNIT ( ) SI_UNIT ( $, .RADIAN. ) );
#2606 = DIRECTION ( 'NONE',  ( 1.000000000000000000, 0.0000000000000000000, 0.0000000000000000000 ) ) ;
#2607 = DIRECTION ( 'NONE',  ( 0.0000000000000000000, 0.0000000000000000000, 1.000000000000000000 ) ) ;
#2608 = CARTESIAN_POINT ( 'NONE',  ( 0.0000000000000000000, 0.0000000000000000000, 0.0000000000000000000 ) ) ;
#2609 = AXIS2_PLACEMENT_3D ( 'NONE', #2608, #2607, #2606 ) ;
#2610 = ADVANCED_BREP_SHAPE_REPRESENTATION ( '', ( #3011, #447, #2609 ), #2611 ) ;
#2611 =( GEOMETRIC_REPRESENTATION_CONTEXT ( 3 ) GLOBAL_UNCERTAINTY_ASSIGNED_CONTEXT ( ( #2612 ) ) GLOBAL_UNIT_ASSIGNED_CONTEXT ( ( #2578, #2614, #2615 ) ) REPRESENTATION_CONTEXT ( 'NONE', 'WORKASPACE' ) );
#2612 = UNCERTAINTY_MEASURE_WITH_UNIT (LENGTH_MEASURE( 1.000000000000000100E-005 ), #2578, 'distance_accuracy_value', 'NONE');
#2613 = SHAPE_REPRESENTATION_RELATIONSHIP ( 'NONE' , 'NONE' ,  #2604, #2610 ) ;
#2614 =( NAMED_UNIT ( * ) PLANE_ANGLE_UNIT ( ) SI_UNIT ( $, .RADIAN. ) );
#2615 =( NAMED_UNIT ( * ) SI_UNIT ( $, .STERADIAN. ) SOLID_ANGLE_UNIT ( ) );
#2616 = APPROVAL_STATUS ( 'not_yet_approved' ) ;
#2617 = CC_DESIGN_SECURITY_CLASSIFICATION ( #2818, ( #2697 ) ) ;
#2618 = PERSON ( 'NAUO-PER1', 'UNSPECIFIED', 'UNSPECIFIED', ('UNSPECIFIED'), ('UNSPECIFIED'), ('UNSPECIFIED') ) ;
#2619 = APPROVAL_ROLE ( '' ) ;
#2620 = APPROVAL_DATE_TIME ( #2621, #2603 ) ;
#2621 = DATE_AND_TIME ( #2622, #2623 ) ;
#2622 = CALENDAR_DATE ( 2015, 17, 6 ) ;
#2623 = LOCAL_TIME ( 13, 49, 16.00000000000000000, #2624 ) ;
#2624 = COORDINATED_UNIVERSAL_TIME_OFFSET ( 9, 0, .AHEAD. ) ;
#2625 = DATE_AND_TIME ( #2626, #2627 ) ;
#2626 = CALENDAR_DATE ( 2015, 17, 6 ) ;
#2627 = LOCAL_TIME ( 13, 49, 16.00000000000000000, #2601 ) ;
#2628 = SHAPE_REPRESENTATION ( 'ex-z11fd', ( #2609 ), #2630 ) ;
#2629 = ADVANCED_BREP_SHAPE_REPRESENTATION ( '', ( #494, #925, #2609 ), #2630 ) ;
#2630 =( GEOMETRIC_REPRESENTATION_CONTEXT ( 3 ) GLOBAL_UNCERTAINTY_ASSIGNED_CONTEXT ( ( #2632 ) ) GLOBAL_UNIT_ASSIGNED_CONTEXT ( ( #2584, #2605, #2633 ) ) REPRESENTATION_CONTEXT ( 'NONE', 'WORKASPACE' ) );
#2631 = SHAPE_REPRESENTATION_RELATIONSHIP ( 'NONE' , 'NONE' ,  #2628, #2629 ) ;
#2632 = UNCERTAINTY_MEASURE_WITH_UNIT (LENGTH_MEASURE( 1.000000000000000100E-005 ), #2584, 'distance_accuracy_value', 'NONE');
#2633 =( NAMED_UNIT ( * ) SI_UNIT ( $, .STERADIAN. ) SOLID_ANGLE_UNIT ( ) );
#2634 = CC_DESIGN_SECURITY_CLASSIFICATION ( #2635, ( #2148 ) ) ;
#2635 = SECURITY_CLASSIFICATION ( '', '', #2095 ) ;
#2636 = SHAPE_DEFINITION_REPRESENTATION ( #2790, #2657 ) ;
#2637 = DIRECTION ( 'NONE',  ( 1.000000000000000000, 0.0000000000000000000, 0.0000000000000000000 ) ) ;
#2638 = DIRECTION ( 'NONE',  ( 0.0000000000000000000, 0.0000000000000000000, 1.000000000000000000 ) ) ;
#2639 = CARTESIAN_POINT ( 'NONE',  ( 0.0000000000000000000, 0.0000000000000000000, 0.0000000000000000000 ) ) ;
#2640 =( GEOMETRIC_REPRESENTATION_CONTEXT ( 3 ) GLOBAL_UNCERTAINTY_ASSIGNED_CONTEXT ( ( #2641 ) ) GLOBAL_UNIT_ASSIGNED_CONTEXT ( ( #2644, #2643, #2642 ) ) REPRESENTATION_CONTEXT ( 'NONE', 'WORKASPACE' ) );
#2641 = UNCERTAINTY_MEASURE_WITH_UNIT (LENGTH_MEASURE( 1.000000000000000100E-005 ), #2644, 'distance_accuracy_value', 'NONE');
#2642 =( NAMED_UNIT ( * ) SI_UNIT ( $, .STERADIAN. ) SOLID_ANGLE_UNIT ( ) );
#2643 =( NAMED_UNIT ( * ) PLANE_ANGLE_UNIT ( ) SI_UNIT ( $, .RADIAN. ) );
#2644 =( LENGTH_UNIT ( ) NAMED_UNIT ( * ) SI_UNIT ( .MILLI., .METRE. ) );
#2645 = DIRECTION ( 'NONE',  ( -1.000000000000000000, 0.0000000000000000000, 0.0000000000000000000 ) ) ;
#2646 = DIRECTION ( 'NONE',  ( 0.0000000000000000000, 0.0000000000000000000, -1.000000000000000000 ) ) ;
#2647 = CARTESIAN_POINT ( 'NONE',  ( 0.0000000000000000000, 0.0000000000000000000, 50.00000000000000000 ) ) ;
#2648 = AXIS2_PLACEMENT_3D ( 'NONE', #2647, #2646, #2645 ) ;
#2649 = DIRECTION ( 'NONE',  ( 1.000000000000000000, 0.0000000000000000000, 0.0000000000000000000 ) ) ;
#2650 = DIRECTION ( 'NONE',  ( 0.0000000000000000000, 0.0000000000000000000, 1.000000000000000000 ) ) ;
#2651 = CARTESIAN_POINT ( 'NONE',  ( 0.0000000000000000000, 0.0000000000000000000, 0.0000000000000000000 ) ) ;
#2652 = AXIS2_PLACEMENT_3D ( 'NONE', #2651, #2650, #2649 ) ;
#2653 = DIRECTION ( 'NONE',  ( 1.000000000000000000, 0.0000000000000000000, 0.0000000000000000000 ) ) ;
#2654 = DIRECTION ( 'NONE',  ( 0.0000000000000000000, 0.0000000000000000000, 1.000000000000000000 ) ) ;
#2655 = CARTESIAN_POINT ( 'NONE',  ( 0.0000000000000000000, 0.0000000000000000000, 0.0000000000000000000 ) ) ;
#2656 = AXIS2_PLACEMENT_3D ( 'NONE', #2655, #2654, #2653 ) ;
#2657 = SHAPE_REPRESENTATION ( 'ex-z11fa', ( #2658, #2652, #2648 ), #2640 ) ;
#2658 = AXIS2_PLACEMENT_3D ( 'NONE', #2639, #2638, #2637 ) ;
#2659 = ORGANIZATION ( 'NAUO-ORG1', 'UNSPECIFIED', 'UNSPECIFIED' ) ;
#2660 = DATE_TIME_ROLE ( 'classification_date' ) ;
#2661 = APPLICATION_CONTEXT ( 'configuration controlled 3d designs of mechanical parts and assemblies' ) ;
#2662 = APPROVAL_PERSON_ORGANIZATION ( #2728, #2603, #2619 ) ;
#2663 = CC_DESIGN_DATE_AND_TIME_ASSIGNMENT ( #2625, #2660, ( #2635 ) ) ;
#2664 = APPLICATION_CONTEXT ( 'configuration controlled 3d designs of mechanical parts and assemblies' ) ;
#2665 = ITEM_DEFINED_TRANSFORMATION ( 'NONE', 'NONE', #2648,  #2609 ) ;
#2666 = CONTEXT_DEPENDENT_SHAPE_REPRESENTATION ( #1889, #2132 ) ;
#2667 = APPLICATION_CONTEXT ( 'configuration controlled 3d designs of mechanical parts and assemblies' ) ;
#2668 = LOCAL_TIME ( 13, 49, 16.00000000000000000, #2669 ) ;
#2669 = COORDINATED_UNIVERSAL_TIME_OFFSET ( 9, 0, .AHEAD. ) ;
#2670 = CC_DESIGN_PERSON_AND_ORGANIZATION_ASSIGNMENT ( #2672, #2671, ( #2684 ) ) ;
#2671 = PERSON_AND_ORGANIZATION_ROLE ( 'creator' ) ;
#2672 = PERSON_AND_ORGANIZATION ( #2700, #2778 ) ;
#2673 = CC_DESIGN_APPROVAL ( #2681, ( #2684 ) ) ;
#2674 = APPROVAL_DATE_TIME ( #2675, #2681 ) ;
#2675 = DATE_AND_TIME ( #2676, #2677 ) ;
#2676 = CALENDAR_DATE ( 2015, 17, 6 ) ;
#2677 = LOCAL_TIME ( 13, 49, 16.00000000000000000, #2678 ) ;
#2678 = COORDINATED_UNIVERSAL_TIME_OFFSET ( 9, 0, .AHEAD. ) ;
#2679 = APPROVAL_PERSON_ORGANIZATION ( #2683, #2681, #2680 ) ;
#2680 = APPROVAL_ROLE ( '' ) ;
#2681 = APPROVAL ( #2682, 'UNSPECIFIED' ) ;
#2682 = APPROVAL_STATUS ( 'not_yet_approved' ) ;
#2683 = PERSON_AND_ORGANIZATION ( #2700, #2778 ) ;
#2684 = PRODUCT_DEFINITION ( 'UNKNOWN', '', #2785, #2685 ) ;
#2685 = DESIGN_CONTEXT ( 'detailed design', #2687, 'design' ) ;
#2686 = APPLICATION_PROTOCOL_DEFINITION ( 'international standard', 'config_control_design', 1994, #2687 ) ;
#2687 = APPLICATION_CONTEXT ( 'configuration controlled 3d designs of mechanical parts and assemblies' ) ;
#2688 = SHAPE_DEFINITION_REPRESENTATION ( #2819, #2628 ) ;
#2689 = CC_DESIGN_PERSON_AND_ORGANIZATION_ASSIGNMENT ( #2691, #2690, ( #2692 ) ) ;
#2690 = PERSON_AND_ORGANIZATION_ROLE ( 'design_owner' ) ;
#2691 = PERSON_AND_ORGANIZATION ( #2700, #2778 ) ;
#2692 = PRODUCT ( 'ex-z11fd', 'ex-z11fd', '', ( #2693 ) ) ;
#2693 = MECHANICAL_CONTEXT ( 'NONE', #2661, 'mechanical' ) ;
#2694 = APPLICATION_PROTOCOL_DEFINITION ( 'international standard', 'config_control_design', 1994, #2661 ) ;
#2695 =( REPRESENTATION_RELATIONSHIP ('NONE','NONE', #2657, #2604 ) REPRESENTATION_RELATIONSHIP_WITH_TRANSFORMATION ( #2665 )SHAPE_REPRESENTATION_RELATIONSHIP( ) );
#2696 = SECURITY_CLASSIFICATION_LEVEL ( 'unclassified' ) ;
#2697 = NEXT_ASSEMBLY_USAGE_OCCURRENCE ( 'NAUO2', ' ', ' ', #2771, #2724, $ ) ;
#2698 = PRODUCT_DEFINITION_SHAPE ( 'NONE', 'NONE',  #2697 ) ;
#2699 = PERSON_AND_ORGANIZATION_ROLE ( 'classification_officer' ) ;
#2700 = PERSON ( 'UNSPECIFIED', 'UNSPECIFIED', 'UNSPECIFIED', ('UNSPECIFIED'), ('UNSPECIFIED'), ('UNSPECIFIED') ) ;
#2701 = PRODUCT ( 'ex-z11fa', 'ex-z11fa', '', ( #2702 ) ) ;
#2702 = MECHANICAL_CONTEXT ( 'NONE', #2664, 'mechanical' ) ;
#2703 = APPLICATION_PROTOCOL_DEFINITION ( 'international standard', 'config_control_design', 1994, #2664 ) ;
#2704 = CC_DESIGN_DATE_AND_TIME_ASSIGNMENT ( #2706, #2705, ( #2724 ) ) ;
#2705 = DATE_TIME_ROLE ( 'creation_date' ) ;
#2706 = DATE_AND_TIME ( #2707, #2708 ) ;
#2707 = CALENDAR_DATE ( 2015, 17, 6 ) ;
#2708 = LOCAL_TIME ( 13, 49, 16.00000000000000000, #2709 ) ;
#2709 = COORDINATED_UNIVERSAL_TIME_OFFSET ( 9, 0, .AHEAD. ) ;
#2710 = CC_DESIGN_PERSON_AND_ORGANIZATION_ASSIGNMENT ( #2712, #2711, ( #2724 ) ) ;
#2711 = PERSON_AND_ORGANIZATION_ROLE ( 'creator' ) ;
#2712 = PERSON_AND_ORGANIZATION ( #2700, #2778 ) ;
#2713 = CC_DESIGN_APPROVAL ( #2721, ( #2724 ) ) ;
#2714 = APPROVAL_DATE_TIME ( #2715, #2721 ) ;
#2715 = DATE_AND_TIME ( #2716, #2717 ) ;
#2716 = CALENDAR_DATE ( 2015, 17, 6 ) ;
#2717 = LOCAL_TIME ( 13, 49, 16.00000000000000000, #2718 ) ;
#2718 = COORDINATED_UNIVERSAL_TIME_OFFSET ( 9, 0, .AHEAD. ) ;
#2719 = APPROVAL_PERSON_ORGANIZATION ( #2723, #2721, #2720 ) ;
#2720 = APPROVAL_ROLE ( '' ) ;
#2721 = APPROVAL ( #2722, 'UNSPECIFIED' ) ;
#2722 = APPROVAL_STATUS ( 'not_yet_approved' ) ;
#2723 = PERSON_AND_ORGANIZATION ( #2700, #2778 ) ;
#2724 = PRODUCT_DEFINITION ( 'UNKNOWN', '', #2895, #2725 ) ;
#2725 = DESIGN_CONTEXT ( 'detailed design', #2727, 'design' ) ;
#2726 = APPLICATION_PROTOCOL_DEFINITION ( 'international standard', 'config_control_design', 1994, #2727 ) ;
#2727 = APPLICATION_CONTEXT ( 'configuration controlled 3d designs of mechanical parts and assemblies' ) ;
#2728 = PERSON_AND_ORGANIZATION ( #2618, #2659 ) ;
#2729 = CC_DESIGN_PERSON_AND_ORGANIZATION_ASSIGNMENT ( #2731, #2730, ( #2732 ) ) ;
#2730 = PERSON_AND_ORGANIZATION_ROLE ( 'design_owner' ) ;
#2731 = PERSON_AND_ORGANIZATION ( #2700, #2778 ) ;
#2732 = PRODUCT ( 'ex-z11fe', 'ex-z11fe', '', ( #2733 ) ) ;
#2733 = MECHANICAL_CONTEXT ( 'NONE', #2667, 'mechanical' ) ;
#2734 = APPLICATION_PROTOCOL_DEFINITION ( 'international standard', 'config_control_design', 1994, #2667 ) ;
#2735 = CC_DESIGN_PERSON_AND_ORGANIZATION_ASSIGNMENT ( #2728, #2699, ( #2635 ) ) ;
#2736 = CC_DESIGN_PERSON_AND_ORGANIZATION_ASSIGNMENT ( #2738, #2737, ( #2750 ) ) ;
#2737 = PERSON_AND_ORGANIZATION_ROLE ( 'creator' ) ;
#2738 = PERSON_AND_ORGANIZATION ( #2700, #2778 ) ;
#2739 = CC_DESIGN_APPROVAL ( #2747, ( #2750 ) ) ;
#2740 = APPROVAL_DATE_TIME ( #2741, #2747 ) ;
#2741 = DATE_AND_TIME ( #2742, #2743 ) ;
#2742 = CALENDAR_DATE ( 2015, 17, 6 ) ;
#2743 = LOCAL_TIME ( 13, 49, 16.00000000000000000, #2744 ) ;
#2744 = COORDINATED_UNIVERSAL_TIME_OFFSET ( 9, 0, .AHEAD. ) ;
#2745 = APPROVAL_PERSON_ORGANIZATION ( #2749, #2747, #2746 ) ;
#2746 = APPROVAL_ROLE ( '' ) ;
#2747 = APPROVAL ( #2748, 'UNSPECIFIED' ) ;
#2748 = APPROVAL_STATUS ( 'not_yet_approved' ) ;
#2749 = PERSON_AND_ORGANIZATION ( #2700, #2778 ) ;
#2750 = PRODUCT_DEFINITION_FORMATION_WITH_SPECIFIED_SOURCE ( 'ANY', '', #2701, .NOT_KNOWN. ) ;
#2751 = CC_DESIGN_DATE_AND_TIME_ASSIGNMENT ( #2753, #2752, ( #2771 ) ) ;
#2752 = DATE_TIME_ROLE ( 'creation_date' ) ;
#2753 = DATE_AND_TIME ( #2754, #2755 ) ;
#2754 = CALENDAR_DATE ( 2015, 17, 6 ) ;
#2755 = LOCAL_TIME ( 13, 49, 16.00000000000000000, #2756 ) ;
#2756 = COORDINATED_UNIVERSAL_TIME_OFFSET ( 9, 0, .AHEAD. ) ;
#2757 = CC_DESIGN_PERSON_AND_ORGANIZATION_ASSIGNMENT ( #2759, #2758, ( #2771 ) ) ;
#2758 = PERSON_AND_ORGANIZATION_ROLE ( 'creator' ) ;
#2759 = PERSON_AND_ORGANIZATION ( #2700, #2778 ) ;
#2760 = CC_DESIGN_APPROVAL ( #2768, ( #2771 ) ) ;
#2761 = APPROVAL_DATE_TIME ( #2762, #2768 ) ;
#2762 = DATE_AND_TIME ( #2763, #2764 ) ;
#2763 = CALENDAR_DATE ( 2015, 17, 6 ) ;
#2764 = LOCAL_TIME ( 13, 49, 16.00000000000000000, #2765 ) ;
#2765 = COORDINATED_UNIVERSAL_TIME_OFFSET ( 9, 0, .AHEAD. ) ;
#2766 = APPROVAL_PERSON_ORGANIZATION ( #2770, #2768, #2767 ) ;
#2767 = APPROVAL_ROLE ( '' ) ;
#2768 = APPROVAL ( #2769, 'UNSPECIFIED' ) ;
#2769 = APPROVAL_STATUS ( 'not_yet_approved' ) ;
#2770 = PERSON_AND_ORGANIZATION ( #2700, #2778 ) ;
#2771 = PRODUCT_DEFINITION ( 'UNKNOWN', '', #2750, #2772 ) ;
#2772 = DESIGN_CONTEXT ( 'detailed design', #2774, 'design' ) ;
#2773 = APPLICATION_PROTOCOL_DEFINITION ( 'international standard', 'config_control_design', 1994, #2774 ) ;
#2774 = APPLICATION_CONTEXT ( 'configuration controlled 3d designs of mechanical parts and assemblies' ) ;
#2775 = CC_DESIGN_PERSON_AND_ORGANIZATION_ASSIGNMENT ( #2777, #2776, ( #2701 ) ) ;
#2776 = PERSON_AND_ORGANIZATION_ROLE ( 'design_owner' ) ;
#2777 = PERSON_AND_ORGANIZATION ( #2700, #2778 ) ;
#2778 = ORGANIZATION ( 'UNSPECIFIED', 'UNSPECIFIED', '' ) ;
#2779 = COORDINATED_UNIVERSAL_TIME_OFFSET ( 9, 0, .AHEAD. ) ;
#2780 = APPROVAL_PERSON_ORGANIZATION ( #2784, #2782, #2781 ) ;
#2781 = APPROVAL_ROLE ( '' ) ;
#2782 = APPROVAL ( #2783, 'UNSPECIFIED' ) ;
#2783 = APPROVAL_STATUS ( 'not_yet_approved' ) ;
#2784 = PERSON_AND_ORGANIZATION ( #2700, #2778 ) ;
#2785 = PRODUCT_DEFINITION_FORMATION_WITH_SPECIFIED_SOURCE ( 'ANY', '', #2692, .NOT_KNOWN. ) ;
#2786 = CC_DESIGN_DATE_AND_TIME_ASSIGNMENT ( #2788, #2787, ( #2684 ) ) ;
#2787 = DATE_TIME_ROLE ( 'creation_date' ) ;
#2788 = DATE_AND_TIME ( #2789, #2668 ) ;
#2789 = CALENDAR_DATE ( 2015, 17, 6 ) ;
#2790 = PRODUCT_DEFINITION_SHAPE ( 'NONE', 'NONE',  #2771 ) ;
#2791 = PRODUCT_RELATED_PRODUCT_CATEGORY ( 'detail', '', ( #2701 ) ) ;
#2792 = CC_DESIGN_SECURITY_CLASSIFICATION ( #2813, ( #2750 ) ) ;
#2793 = CC_DESIGN_APPROVAL ( #2801, ( #2813 ) ) ;
#2794 = APPROVAL_DATE_TIME ( #2795, #2801 ) ;
#2795 = DATE_AND_TIME ( #2796, #2797 ) ;
#2796 = CALENDAR_DATE ( 2015, 17, 6 ) ;
#2797 = LOCAL_TIME ( 13, 49, 16.00000000000000000, #2798 ) ;
#2798 = COORDINATED_UNIVERSAL_TIME_OFFSET ( 9, 0, .AHEAD. ) ;
#2799 = APPROVAL_PERSON_ORGANIZATION ( #2803, #2801, #2800 ) ;
#2800 = APPROVAL_ROLE ( '' ) ;
#2801 = APPROVAL ( #2802, 'UNSPECIFIED' ) ;
#2802 = APPROVAL_STATUS ( 'not_yet_approved' ) ;
#2803 = PERSON_AND_ORGANIZATION ( #2700, #2778 ) ;
#2804 = CC_DESIGN_DATE_AND_TIME_ASSIGNMENT ( #2806, #2805, ( #2813 ) ) ;
#2805 = DATE_TIME_ROLE ( 'classification_date' ) ;
#2806 = DATE_AND_TIME ( #2807, #2808 ) ;
#2807 = CALENDAR_DATE ( 2015, 17, 6 ) ;
#2808 = LOCAL_TIME ( 13, 49, 16.00000000000000000, #2809 ) ;
#2809 = COORDINATED_UNIVERSAL_TIME_OFFSET ( 9, 0, .AHEAD. ) ;
#2810 = CC_DESIGN_PERSON_AND_ORGANIZATION_ASSIGNMENT ( #2812, #2811, ( #2813 ) ) ;
#2811 = PERSON_AND_ORGANIZATION_ROLE ( 'classification_officer' ) ;
#2812 = PERSON_AND_ORGANIZATION ( #2700, #2778 ) ;
#2813 = SECURITY_CLASSIFICATION ( '', '', #2814 ) ;
#2814 = SECURITY_CLASSIFICATION_LEVEL ( 'unclassified' ) ;
#2815 = CC_DESIGN_PERSON_AND_ORGANIZATION_ASSIGNMENT ( #2817, #2816, ( #2750 ) ) ;
#2816 = PERSON_AND_ORGANIZATION_ROLE ( 'design_supplier' ) ;
#2817 = PERSON_AND_ORGANIZATION ( #2700, #2778 ) ;
#2818 = SECURITY_CLASSIFICATION ( '', '', #2696 ) ;
#2819 = PRODUCT_DEFINITION_SHAPE ( 'NONE', 'NONE',  #2684 ) ;
#2820 = PRODUCT_RELATED_PRODUCT_CATEGORY ( 'detail', '', ( #2692 ) ) ;
#2821 = CC_DESIGN_SECURITY_CLASSIFICATION ( #2842, ( #2785 ) ) ;
#2822 = CC_DESIGN_APPROVAL ( #2830, ( #2842 ) ) ;
#2823 = APPROVAL_DATE_TIME ( #2824, #2830 ) ;
#2824 = DATE_AND_TIME ( #2825, #2826 ) ;
#2825 = CALENDAR_DATE ( 2015, 17, 6 ) ;
#2826 = LOCAL_TIME ( 13, 49, 16.00000000000000000, #2827 ) ;
#2827 = COORDINATED_UNIVERSAL_TIME_OFFSET ( 9, 0, .AHEAD. ) ;
#2828 = APPROVAL_PERSON_ORGANIZATION ( #2832, #2830, #2829 ) ;
#2829 = APPROVAL_ROLE ( '' ) ;
#2830 = APPROVAL ( #2831, 'UNSPECIFIED' ) ;
#2831 = APPROVAL_STATUS ( 'not_yet_approved' ) ;
#2832 = PERSON_AND_ORGANIZATION ( #2700, #2778 ) ;
#2833 = CC_DESIGN_DATE_AND_TIME_ASSIGNMENT ( #2835, #2834, ( #2842 ) ) ;
#2834 = DATE_TIME_ROLE ( 'classification_date' ) ;
#2835 = DATE_AND_TIME ( #2836, #2837 ) ;
#2836 = CALENDAR_DATE ( 2015, 17, 6 ) ;
#2837 = LOCAL_TIME ( 13, 49, 16.00000000000000000, #2838 ) ;
#2838 = COORDINATED_UNIVERSAL_TIME_OFFSET ( 9, 0, .AHEAD. ) ;
#2839 = CC_DESIGN_PERSON_AND_ORGANIZATION_ASSIGNMENT ( #2841, #2840, ( #2842 ) ) ;
#2840 = PERSON_AND_ORGANIZATION_ROLE ( 'classification_officer' ) ;
#2841 = PERSON_AND_ORGANIZATION ( #2700, #2778 ) ;
#2842 = SECURITY_CLASSIFICATION ( '', '', #2843 ) ;
#2843 = SECURITY_CLASSIFICATION_LEVEL ( 'unclassified' ) ;
#2844 = CC_DESIGN_PERSON_AND_ORGANIZATION_ASSIGNMENT ( #2846, #2845, ( #2785 ) ) ;
#2845 = PERSON_AND_ORGANIZATION_ROLE ( 'design_supplier' ) ;
#2846 = PERSON_AND_ORGANIZATION ( #2700, #2778 ) ;
#2847 = CC_DESIGN_PERSON_AND_ORGANIZATION_ASSIGNMENT ( #2849, #2848, ( #2785 ) ) ;
#2848 = PERSON_AND_ORGANIZATION_ROLE ( 'creator' ) ;
#2849 = PERSON_AND_ORGANIZATION ( #2700, #2778 ) ;
#2850 = CC_DESIGN_APPROVAL ( #2782, ( #2785 ) ) ;
#2851 = APPROVAL_DATE_TIME ( #2852, #2782 ) ;
#2852 = DATE_AND_TIME ( #2853, #2854 ) ;
#2853 = CALENDAR_DATE ( 2015, 17, 6 ) ;
#2854 = LOCAL_TIME ( 13, 49, 16.00000000000000000, #2779 ) ;
#2855 = CC_DESIGN_SECURITY_CLASSIFICATION ( #2876, ( #2895 ) ) ;
#2856 = CC_DESIGN_APPROVAL ( #2864, ( #2876 ) ) ;
#2857 = APPROVAL_DATE_TIME ( #2858, #2864 ) ;
#2858 = DATE_AND_TIME ( #2859, #2860 ) ;
#2859 = CALENDAR_DATE ( 2015, 17, 6 ) ;
#2860 = LOCAL_TIME ( 13, 49, 16.00000000000000000, #2861 ) ;
#2861 = COORDINATED_UNIVERSAL_TIME_OFFSET ( 9, 0, .AHEAD. ) ;
#2862 = APPROVAL_PERSON_ORGANIZATION ( #2866, #2864, #2863 ) ;
#2863 = APPROVAL_ROLE ( '' ) ;
#2864 = APPROVAL ( #2865, 'UNSPECIFIED' ) ;
#2865 = APPROVAL_STATUS ( 'not_yet_approved' ) ;
#2866 = PERSON_AND_ORGANIZATION ( #2700, #2778 ) ;
#2867 = CC_DESIGN_DATE_AND_TIME_ASSIGNMENT ( #2869, #2868, ( #2876 ) ) ;
#2868 = DATE_TIME_ROLE ( 'classification_date' ) ;
#2869 = DATE_AND_TIME ( #2870, #2871 ) ;
#2870 = CALENDAR_DATE ( 2015, 17, 6 ) ;
#2871 = LOCAL_TIME ( 13, 49, 16.00000000000000000, #2872 ) ;
#2872 = COORDINATED_UNIVERSAL_TIME_OFFSET ( 9, 0, .AHEAD. ) ;
#2873 = CC_DESIGN_PERSON_AND_ORGANIZATION_ASSIGNMENT ( #2875, #2874, ( #2876 ) ) ;
#2874 = PERSON_AND_ORGANIZATION_ROLE ( 'classification_officer' ) ;
#2875 = PERSON_AND_ORGANIZATION ( #2700, #2778 ) ;
#2876 = SECURITY_CLASSIFICATION ( '', '', #2877 ) ;
#2877 = SECURITY_CLASSIFICATION_LEVEL ( 'unclassified' ) ;
#2878 = CC_DESIGN_PERSON_AND_ORGANIZATION_ASSIGNMENT ( #2880, #2879, ( #2895 ) ) ;
#2879 = PERSON_AND_ORGANIZATION_ROLE ( 'design_supplier' ) ;
#2880 = PERSON_AND_ORGANIZATION ( #2700, #2778 ) ;
#2881 = CC_DESIGN_PERSON_AND_ORGANIZATION_ASSIGNMENT ( #2883, #2882, ( #2895 ) ) ;
#2882 = PERSON_AND_ORGANIZATION_ROLE ( 'creator' ) ;
#2883 = PERSON_AND_ORGANIZATION ( #2700, #2778 ) ;
#2884 = CC_DESIGN_APPROVAL ( #2892, ( #2895 ) ) ;
#2885 = APPROVAL_DATE_TIME ( #2886, #2892 ) ;
#2886 = DATE_AND_TIME ( #2887, #2888 ) ;
#2887 = CALENDAR_DATE ( 2015, 17, 6 ) ;
#2888 = LOCAL_TIME ( 13, 49, 16.00000000000000000, #2889 ) ;
#2889 = COORDINATED_UNIVERSAL_TIME_OFFSET ( 9, 0, .AHEAD. ) ;
#2890 = APPROVAL_PERSON_ORGANIZATION ( #2894, #2892, #2891 ) ;
#2891 = APPROVAL_ROLE ( '' ) ;
#2892 = APPROVAL ( #2893, 'UNSPECIFIED' ) ;
#2893 = APPROVAL_STATUS ( 'not_yet_approved' ) ;
#2894 = PERSON_AND_ORGANIZATION ( #2700, #2778 ) ;
#2895 = PRODUCT_DEFINITION_FORMATION_WITH_SPECIFIED_SOURCE ( 'ANY', '', #2732, .NOT_KNOWN. ) ;
#2896 = CONTEXT_DEPENDENT_SHAPE_REPRESENTATION ( #2695, #2698 ) ;
#2897 = CC_DESIGN_PERSON_AND_ORGANIZATION_ASSIGNMENT ( #2902, #2899, ( #2818 ) ) ;
#2898 = CC_DESIGN_DATE_AND_TIME_ASSIGNMENT ( #2911, #2900, ( #2818 ) ) ;
#2899 = PERSON_AND_ORGANIZATION_ROLE ( 'classification_officer' ) ;
#2900 = DATE_TIME_ROLE ( 'classification_date' ) ;
#2901 = APPROVAL_PERSON_ORGANIZATION ( #2902, #443, #2905 ) ;
#2902 = PERSON_AND_ORGANIZATION ( #2904, #2903 ) ;
#2903 = ORGANIZATION ( 'NAUO-ORG2', 'UNSPECIFIED', 'UNSPECIFIED' ) ;
#2904 = PERSON ( 'NAUO-PER2', 'UNSPECIFIED', 'UNSPECIFIED', ('UNSPECIFIED'), ('UNSPECIFIED'), ('UNSPECIFIED') ) ;
#2905 = APPROVAL_ROLE ( '' ) ;
#2906 = APPROVAL_DATE_TIME ( #2907, #443 ) ;
#2907 = DATE_AND_TIME ( #2908, #2909 ) ;
#2908 = CALENDAR_DATE ( 2015, 17, 6 ) ;
#2909 = LOCAL_TIME ( 13, 49, 16.00000000000000000, #2910 ) ;
#2910 = COORDINATED_UNIVERSAL_TIME_OFFSET ( 9, 0, .AHEAD. ) ;
#2911 = DATE_AND_TIME ( #2912, #2913 ) ;
#2912 = CALENDAR_DATE ( 2015, 17, 6 ) ;
#2913 = LOCAL_TIME ( 13, 49, 16.00000000000000000, #2914 ) ;
#2914 = COORDINATED_UNIVERSAL_TIME_OFFSET ( 9, 0, .AHEAD. ) ;
#2915 = ORIENTED_EDGE ( 'NONE', *, *, #152, .T. ) ;
#2916 = ORIENTED_EDGE ( 'NONE', *, *, #158, .F. ) ;
#2917 = ORIENTED_EDGE ( 'NONE', *, *, #212, .T. ) ;
#2918 = ORIENTED_EDGE ( 'NONE', *, *, #497, .T. ) ;
#2919 = ADVANCED_FACE ( 'NONE', ( #2436 ), #2417, .T. ) ;
#2920 = ORIENTED_EDGE ( 'NONE', *, *, #200, .T. ) ;
#2921 = EDGE_LOOP ( 'NONE', ( #125, #2924, #2918, #300 ) ) ;
#2922 = ORIENTED_EDGE ( 'NONE', *, *, #235, .F. ) ;
#2923 = EDGE_LOOP ( 'NONE', ( #2931, #359 ) ) ;
#2924 = ORIENTED_EDGE ( 'NONE', *, *, #2928, .F. ) ;
#2925 = ADVANCED_FACE ( 'NONE', ( #2439 ), #2479, .T. ) ;
#2926 = ORIENTED_EDGE ( 'NONE', *, *, #919, .F. ) ;
#2927 = ORIENTED_EDGE ( 'NONE', *, *, #175, .T. ) ;
#2928 = EDGE_CURVE ( 'NONE', #502, #499, #2421, .T. ) ;
#2929 = ORIENTED_EDGE ( 'NONE', *, *, #540, .T. ) ;
#2930 = EDGE_LOOP ( 'NONE', ( #2926, #354, #303, #356 ) ) ;
#2931 = ORIENTED_EDGE ( 'NONE', *, *, #2928, .T. ) ;
#2932 = EDGE_CURVE ( 'NONE', #520, #2975, #2467, .T. ) ;
#2933 = ORIENTED_EDGE ( 'NONE', *, *, #518, .F. ) ;
#2934 = ORIENTED_EDGE ( 'NONE', *, *, #2932, .F. ) ;
#2935 = ADVANCED_FACE ( 'NONE', ( #2429 ), #2464, .F. ) ;
#2936 = EDGE_LOOP ( 'NONE', ( #2949, #2944, #2952, #2951, #2958, #2979 ) ) ;
#2937 = EDGE_CURVE ( 'NONE', #529, #3036, #2462, .T. ) ;
#2938 = ORIENTED_EDGE ( 'NONE', *, *, #22, .T. ) ;
#2939 = EDGE_CURVE ( 'NONE', #547, #2957, #2452, .T. ) ;
#2940 = ORIENTED_EDGE ( 'NONE', *, *, #2945, .F. ) ;
#2941 = ORIENTED_EDGE ( 'NONE', *, *, #346, .T. ) ;
#2942 = ORIENTED_EDGE ( 'NONE', *, *, #546, .F. ) ;
#2943 = ADVANCED_FACE ( 'NONE', ( #2473 ), #2461, .F. ) ;
#2944 = ORIENTED_EDGE ( 'NONE', *, *, #2954, .F. ) ;
#2945 = EDGE_CURVE ( 'NONE', #505, #254, #2457, .T. ) ;
#2946 = ADVANCED_FACE ( 'NONE', ( #2453 ), #2458, .T. ) ;
#2947 = ORIENTED_EDGE ( 'NONE', *, *, #2932, .T. ) ;
#2948 = EDGE_LOOP ( 'NONE', ( #2956, #202, #555, #556, #2990, #2971 ) ) ;
#2949 = ORIENTED_EDGE ( 'NONE', *, *, #120, .F. ) ;
#2950 = ORIENTED_EDGE ( 'NONE', *, *, #251, .T. ) ;
#2951 = ORIENTED_EDGE ( 'NONE', *, *, #530, .F. ) ;
#2952 = ORIENTED_EDGE ( 'NONE', *, *, #2939, .F. ) ;
#2953 = ORIENTED_EDGE ( 'NONE', *, *, #2937, .F. ) ;
#2954 = EDGE_CURVE ( 'NONE', #2957, #117, #2495, .T. ) ;
#2955 = EDGE_LOOP ( 'NONE', ( #2950, #2953, #2963, #2962 ) ) ;
#2956 = ORIENTED_EDGE ( 'NONE', *, *, #244, .T. ) ;
#2957 = VERTEX_POINT ( 'NONE', #2478 ) ;
#2958 = ORIENTED_EDGE ( 'NONE', *, *, #2945, .T. ) ;
#2959 = ADVANCED_FACE ( 'NONE', ( #2491 ), #2448, .F. ) ;
#2960 = ORIENTED_EDGE ( 'NONE', *, *, #309, .T. ) ;
#2961 = ADVANCED_FACE ( 'NONE', ( #2496 ), #2490, .F. ) ;
#2962 = ORIENTED_EDGE ( 'NONE', *, *, #2964, .T. ) ;
#2963 = ORIENTED_EDGE ( 'NONE', *, *, #521, .F. ) ;
#2964 = EDGE_CURVE ( 'NONE', #526, #228, #2489, .T. ) ;
#2965 = ORIENTED_EDGE ( 'NONE', *, *, #316, .F. ) ;
#2966 = EDGE_LOOP ( 'NONE', ( #2996, #3014, #3020, #3013 ) ) ;
#2967 = ADVANCED_FACE ( 'NONE', ( #2481 ), #2539, .F. ) ;
#2968 = ADVANCED_FACE ( 'NONE', ( #2538 ), #2542, .F. ) ;
#2969 = ORIENTED_EDGE ( 'NONE', *, *, #2986, .F. ) ;
#2970 = VERTEX_POINT ( 'NONE', #2502 ) ;
#2971 = ORIENTED_EDGE ( 'NONE', *, *, #101, .T. ) ;
#2972 = EDGE_CURVE ( 'NONE', #345, #2991, #2532, .T. ) ;
#2973 = EDGE_LOOP ( 'NONE', ( #308, #2940, #2942, #2960 ) ) ;
#2974 = ORIENTED_EDGE ( 'NONE', *, *, #347, .F. ) ;
#2975 = VERTEX_POINT ( 'NONE', #2531 ) ;
#2976 = ORIENTED_EDGE ( 'NONE', *, *, #543, .F. ) ;
#2977 = ORIENTED_EDGE ( 'NONE', *, *, #334, .F. ) ;
#2978 = ORIENTED_EDGE ( 'NONE', *, *, #517, .F. ) ;
#2979 = ORIENTED_EDGE ( 'NONE', *, *, #14, .T. ) ;
#2980 = EDGE_LOOP ( 'NONE', ( #2978, #2947, #2941, #2983 ) ) ;
#2981 = ORIENTED_EDGE ( 'NONE', *, *, #346, .F. ) ;
#2982 = ORIENTED_EDGE ( 'NONE', *, *, #2937, .T. ) ;
#2983 = ORIENTED_EDGE ( 'NONE', *, *, #338, .T. ) ;
#2984 = ADVANCED_FACE ( 'NONE', ( #2527 ), #2526, .F. ) ;
#2985 = EDGE_LOOP ( 'NONE', ( #3010, #3005, #3004, #3002 ) ) ;
#2986 = EDGE_CURVE ( 'NONE', #2957, #319, #2519, .T. ) ;
#2987 = EDGE_CURVE ( 'NONE', #2991, #132, #2511, .T. ) ;
#2988 = EDGE_LOOP ( 'NONE', ( #2989, #2965, #2969, #2993 ) ) ;
#2989 = ORIENTED_EDGE ( 'NONE', *, *, #151, .T. ) ;
#2990 = ORIENTED_EDGE ( 'NONE', *, *, #2987, .T. ) ;
#2991 = VERTEX_POINT ( 'NONE', #2524 ) ;
#2992 = EDGE_LOOP ( 'NONE', ( #3008, #2998, #3027, #2995 ) ) ;
#2993 = ORIENTED_EDGE ( 'NONE', *, *, #2954, .T. ) ;
#2994 = ADVANCED_FACE ( 'NONE', ( #2520 ), #2525, .T. ) ;
#2995 = ORIENTED_EDGE ( 'NONE', *, *, #2997, .T. ) ;
#2996 = ORIENTED_EDGE ( 'NONE', *, *, #164, .T. ) ;
#2997 = EDGE_CURVE ( 'NONE', #2991, #501, #2563, .T. ) ;
#2998 = ORIENTED_EDGE ( 'NONE', *, *, #348, .T. ) ;
#2999 = VERTEX_POINT ( 'NONE', #2560 ) ;
#3000 = ADVANCED_FACE ( 'NONE', ( #2559 ), #2554, .T. ) ;
#3001 = ORIENTED_EDGE ( 'NONE', *, *, #3016, .T. ) ;
#3002 = ORIENTED_EDGE ( 'NONE', *, *, #532, .F. ) ;
#3003 = EDGE_CURVE ( 'NONE', #462, #457, #2565, .T. ) ;
#3004 = ORIENTED_EDGE ( 'NONE', *, *, #321, .T. ) ;
#3005 = ORIENTED_EDGE ( 'NONE', *, *, #2986, .T. ) ;
#3006 = VERTEX_POINT ( 'NONE', #2550 ) ;
#3007 = EDGE_CURVE ( 'NONE', #380, #462, #2556, .T. ) ;
#3008 = ORIENTED_EDGE ( 'NONE', *, *, #522, .T. ) ;
#3009 = CC_DESIGN_APPROVAL ( #443, ( #2818 ) ) ;
#3010 = ORIENTED_EDGE ( 'NONE', *, *, #2939, .T. ) ;
#3011 = MANIFOLD_SOLID_BREP ( 'ｶｯﾄ - 押し出し2', #441 ) ;
#3012 = EDGE_LOOP ( 'NONE', ( #3001, #3035, #3029, #3024 ) ) ;
#3013 = ORIENTED_EDGE ( 'NONE', *, *, #344, .T. ) ;
#3014 = ORIENTED_EDGE ( 'NONE', *, *, #2987, .F. ) ;
#3015 = VERTEX_POINT ( 'NONE', #2547 ) ;
#3016 = EDGE_CURVE ( 'NONE', #3015, #3034, #2599, .T. ) ;
#3017 = EDGE_CURVE ( 'NONE', #3034, #3021, #2598, .T. ) ;
#3018 = CLOSED_SHELL ( 'NONE', ( #929, #917, #523, #531, #214, #226, #221, #291, #282, #250, #25, #58, #12, #146, #144, #166, #145, #167, #181, #10, #92, #162, #154, #126, #2919, #95, #2925, #357, #351, #310, #307, #304, #325, #336, #2984, #2935, #2946, #2943, #2959, #2967, #2961, #2968, #3000, #2994, #3019 ) ) ;
#3019 = ADVANCED_FACE ( 'NONE', ( #2553 ), #2545, .F. ) ;
#3020 = ORIENTED_EDGE ( 'NONE', *, *, #2972, .F. ) ;
#3021 = VERTEX_POINT ( 'NONE', #2546 ) ;
#3022 = VERTEX_POINT ( 'NONE', #2593 ) ;
#3023 = ORIENTED_EDGE ( 'NONE', *, *, #3003, .T. ) ;
#3024 = ORIENTED_EDGE ( 'NONE', *, *, #3030, .F. ) ;
#3025 = VERTEX_POINT ( 'NONE', #2588 ) ;
#3026 = ORIENTED_EDGE ( 'NONE', *, *, #461, .F. ) ;
#3027 = ORIENTED_EDGE ( 'NONE', *, *, #2972, .T. ) ;
#3028 = VERTEX_POINT ( 'NONE', #2585 ) ;
#3029 = ORIENTED_EDGE ( 'NONE', *, *, #3032, .T. ) ;
#3030 = EDGE_CURVE ( 'NONE', #3015, #3028, #2600, .T. ) ;
#3031 = EDGE_LOOP ( 'NONE', ( #362, #361, #460, #3026 ) ) ;
#3032 = EDGE_CURVE ( 'NONE', #3021, #3028, #2583, .T. ) ;
#3033 = VERTEX_POINT ( 'NONE', #2579 ) ;
#3034 = VERTEX_POINT ( 'NONE', #2573 ) ;
#3035 = ORIENTED_EDGE ( 'NONE', *, *, #3017, .T. ) ;
#3036 = VERTEX_POINT ( 'NONE', #2577 ) ;
ENDSEC;
END-ISO-10303-21;
