ISO-10303-21;
HEADER;
FILE_DESCRIPTION (( 'STEP AP203' ),
    '1' );
FILE_NAME ('cx-421.STEP',
    '2008-09-10T00:51:18',
    ( ' ' ),
    ( ' ' ),
    'SwSTEP 2.0',
    'SolidWorks 2007',
    '' );
FILE_SCHEMA (( 'CONFIG_CONTROL_DESIGN' ));
ENDSEC;

DATA;
#1 = EDGE_CURVE ( 'NONE', #513, #608, #698, .T. ) ;
#2 = ORIENTED_EDGE ( 'NONE', *, *, #573, .T. ) ;
#3 = ORIENTED_EDGE ( 'NONE', *, *, #83, .T. ) ;
#4 = VERTEX_POINT ( 'NONE', #694 ) ;
#5 = EDGE_CURVE ( 'NONE', #93, #60, #692, .T. ) ;
#6 = ORIENTED_EDGE ( 'NONE', *, *, #7, .F. ) ;
#7 = EDGE_CURVE ( 'NONE', #669, #36, #753, .T. ) ;
#8 = ADVANCED_FACE ( 'NONE', ( #754 ), #748, .T. ) ;
#9 = EDGE_LOOP ( 'NONE', ( #141, #383, #286 ) ) ;
#10 = EDGE_CURVE ( 'NONE', #140, #93, #718, .T. ) ;
#11 = ORIENTED_EDGE ( 'NONE', *, *, #24, .F. ) ;
#12 = ORIENTED_EDGE ( 'NONE', *, *, #592, .F. ) ;
#13 = ORIENTED_EDGE ( 'NONE', *, *, #14, .F. ) ;
#14 = EDGE_CURVE ( 'NONE', #93, #511, #714, .T. ) ;
#15 = ADVANCED_FACE ( 'NONE', ( #710 ), #709, .T. ) ;
#16 = ORIENTED_EDGE ( 'NONE', *, *, #476, .F. ) ;
#17 = ORIENTED_EDGE ( 'NONE', *, *, #21, .F. ) ;
#18 = VERTEX_POINT ( 'NONE', #743 ) ;
#19 = ORIENTED_EDGE ( 'NONE', *, *, #90, .T. ) ;
#20 = ORIENTED_EDGE ( 'NONE', *, *, #24, .T. ) ;
#21 = EDGE_CURVE ( 'NONE', #474, #426, #737, .T. ) ;
#22 = ORIENTED_EDGE ( 'NONE', *, *, #490, .T. ) ;
#23 = ADVANCED_FACE ( 'NONE', ( #898 ), #904, .T. ) ;
#24 = EDGE_CURVE ( 'NONE', #140, #590, #900, .T. ) ;
#25 = ORIENTED_EDGE ( 'NONE', *, *, #21, .T. ) ;
#26 = ORIENTED_EDGE ( 'NONE', *, *, #473, .T. ) ;
#27 = EDGE_CURVE ( 'NONE', #161, #112, #813, .T. ) ;
#28 = EDGE_LOOP ( 'NONE', ( #29, #30, #31, #34, #6 ) ) ;
#29 = ORIENTED_EDGE ( 'NONE', *, *, #766, .F. ) ;
#30 = ORIENTED_EDGE ( 'NONE', *, *, #498, .F. ) ;
#31 = ORIENTED_EDGE ( 'NONE', *, *, #32, .F. ) ;
#32 = EDGE_CURVE ( 'NONE', #33, #485, #843, .T. ) ;
#33 = VERTEX_POINT ( 'NONE', #835 ) ;
#34 = ORIENTED_EDGE ( 'NONE', *, *, #35, .F. ) ;
#35 = EDGE_CURVE ( 'NONE', #36, #33, #823, .T. ) ;
#36 = VERTEX_POINT ( 'NONE', #824 ) ;
#37 = EDGE_LOOP ( 'NONE', ( #131, #99, #47, #53 ) ) ;
#38 = ORIENTED_EDGE ( 'NONE', *, *, #453, .F. ) ;
#39 = ORIENTED_EDGE ( 'NONE', *, *, #101, .F. ) ;
#40 = ADVANCED_FACE ( 'NONE', ( #822 ), #809, .F. ) ;
#41 = ORIENTED_EDGE ( 'NONE', *, *, #42, .F. ) ;
#42 = EDGE_CURVE ( 'NONE', #479, #619, #802, .T. ) ;
#43 = EDGE_CURVE ( 'NONE', #60, #44, #803, .T. ) ;
#44 = VERTEX_POINT ( 'NONE', #929 ) ;
#45 = ORIENTED_EDGE ( 'NONE', *, *, #46, .T. ) ;
#46 = EDGE_CURVE ( 'NONE', #44, #589, #807, .T. ) ;
#47 = ORIENTED_EDGE ( 'NONE', *, *, #593, .F. ) ;
#48 = ORIENTED_EDGE ( 'NONE', *, *, #49, .T. ) ;
#49 = EDGE_CURVE ( 'NONE', #547, #546, #858, .T. ) ;
#50 = ORIENTED_EDGE ( 'NONE', *, *, #538, .T. ) ;
#51 = ORIENTED_EDGE ( 'NONE', *, *, #545, .T. ) ;
#52 = EDGE_LOOP ( 'NONE', ( #132, #98 ) ) ;
#53 = ORIENTED_EDGE ( 'NONE', *, *, #129, .F. ) ;
#54 = EDGE_LOOP ( 'NONE', ( #130, #142 ) ) ;
#55 = ADVANCED_FACE ( 'NONE', ( #859 ), #817, .T. ) ;
#56 = EDGE_LOOP ( 'NONE', ( #57, #58, #61, #45 ) ) ;
#57 = ORIENTED_EDGE ( 'NONE', *, *, #588, .F. ) ;
#58 = ORIENTED_EDGE ( 'NONE', *, *, #59, .F. ) ;
#59 = EDGE_CURVE ( 'NONE', #60, #586, #818, .T. ) ;
#60 = VERTEX_POINT ( 'NONE', #829 ) ;
#61 = ORIENTED_EDGE ( 'NONE', *, *, #43, .T. ) ;
#62 = ADVANCED_FACE ( 'NONE', ( #828, #827, #826 ), #825, .T. ) ;
#63 = EDGE_CURVE ( 'NONE', #553, #550, #923, .T. ) ;
#64 = ORIENTED_EDGE ( 'NONE', *, *, #109, .T. ) ;
#65 = ADVANCED_FACE ( 'NONE', ( #895 ), #894, .F. ) ;
#66 = EDGE_LOOP ( 'NONE', ( #67, #68, #69, #70 ) ) ;
#67 = ORIENTED_EDGE ( 'NONE', *, *, #549, .F. ) ;
#68 = ORIENTED_EDGE ( 'NONE', *, *, #49, .F. ) ;
#69 = ORIENTED_EDGE ( 'NONE', *, *, #611, .T. ) ;
#70 = ORIENTED_EDGE ( 'NONE', *, *, #63, .T. ) ;
#71 = EDGE_CURVE ( 'NONE', #539, #467, #872, .T. ) ;
#72 = EDGE_LOOP ( 'NONE', ( #73, #74, #75, #38, #39 ) ) ;
#73 = ORIENTED_EDGE ( 'NONE', *, *, #439, .F. ) ;
#74 = ORIENTED_EDGE ( 'NONE', *, *, #109, .F. ) ;
#75 = ORIENTED_EDGE ( 'NONE', *, *, #535, .F. ) ;
#76 = ORIENTED_EDGE ( 'NONE', *, *, #501, .F. ) ;
#77 = ORIENTED_EDGE ( 'NONE', *, *, #5, .T. ) ;
#78 = ORIENTED_EDGE ( 'NONE', *, *, #14, .T. ) ;
#79 = EDGE_LOOP ( 'NONE', ( #12, #13, #77, #120 ) ) ;
#80 = ORIENTED_EDGE ( 'NONE', *, *, #81, .F. ) ;
#81 = EDGE_CURVE ( 'NONE', #721, #523, #868, .T. ) ;
#82 = ORIENTED_EDGE ( 'NONE', *, *, #564, .F. ) ;
#83 = EDGE_CURVE ( 'NONE', #571, #4, #863, .T. ) ;
#84 = ORIENTED_EDGE ( 'NONE', *, *, #85, .T. ) ;
#85 = EDGE_CURVE ( 'NONE', #4, #86, #852, .T. ) ;
#86 = VERTEX_POINT ( 'NONE', #848 ) ;
#87 = ORIENTED_EDGE ( 'NONE', *, *, #88, .T. ) ;
#88 = EDGE_CURVE ( 'NONE', #86, #89, #847, .T. ) ;
#89 = VERTEX_POINT ( 'NONE', #917 ) ;
#90 = EDGE_CURVE ( 'NONE', #18, #526, #916, .T. ) ;
#91 = ORIENTED_EDGE ( 'NONE', *, *, #525, .T. ) ;
#92 = ORIENTED_EDGE ( 'NONE', *, *, #10, .T. ) ;
#93 = VERTEX_POINT ( 'NONE', #911 ) ;
#94 = ADVANCED_FACE ( 'NONE', ( #910, #909 ), #908, .T. ) ;
#95 = EDGE_LOOP ( 'NONE', ( #96, #19, #91, #80, #353, #162, #390, #2, #3, #84, #87, #326, #160 ) ) ;
#96 = ORIENTED_EDGE ( 'NONE', *, *, #97, .T. ) ;
#97 = EDGE_CURVE ( 'NONE', #112, #18, #907, .T. ) ;
#98 = ORIENTED_EDGE ( 'NONE', *, *, #614, .T. ) ;
#99 = ORIENTED_EDGE ( 'NONE', *, *, #101, .T. ) ;
#100 = ADVANCED_FACE ( 'NONE', ( #792 ), #791, .F. ) ;
#101 = EDGE_CURVE ( 'NONE', #440, #454, #786, .T. ) ;
#102 = ORIENTED_EDGE ( 'NONE', *, *, #644, .T. ) ;
#103 = ORIENTED_EDGE ( 'NONE', *, *, #495, .T. ) ;
#104 = ADVANCED_FACE ( 'NONE', ( #782, #781, #780 ), #779, .F. ) ;
#105 = EDGE_LOOP ( 'NONE', ( #48, #51 ) ) ;
#106 = ORIENTED_EDGE ( 'NONE', *, *, #478, .F. ) ;
#107 = EDGE_LOOP ( 'NONE', ( #108, #110, #111, #102, #103 ) ) ;
#108 = ORIENTED_EDGE ( 'NONE', *, *, #71, .T. ) ;
#109 = EDGE_CURVE ( 'NONE', #536, #471, #774, .T. ) ;
#110 = ORIENTED_EDGE ( 'NONE', *, *, #540, .T. ) ;
#111 = ORIENTED_EDGE ( 'NONE', *, *, #129, .T. ) ;
#112 = VERTEX_POINT ( 'NONE', #770 ) ;
#113 = ADVANCED_FACE ( 'NONE', ( #769 ), #768, .T. ) ;
#114 = EDGE_LOOP ( 'NONE', ( #16, #17, #22, #117 ) ) ;
#115 = ORIENTED_EDGE ( 'NONE', *, *, #10, .F. ) ;
#116 = ORIENTED_EDGE ( 'NONE', *, *, #139, .F. ) ;
#117 = ORIENTED_EDGE ( 'NONE', *, *, #181, .T. ) ;
#118 = ADVANCED_FACE ( 'NONE', ( #887 ), #882, .T. ) ;
#119 = EDGE_LOOP ( 'NONE', ( #25, #26 ) ) ;
#120 = ORIENTED_EDGE ( 'NONE', *, *, #59, .T. ) ;
#121 = ADVANCED_FACE ( 'NONE', ( #877 ), #875, .T. ) ;
#122 = EDGE_LOOP ( 'NONE', ( #296, #297, #115, #116 ) ) ;
#123 = EDGE_LOOP ( 'NONE', ( #124, #125, #126, #127 ) ) ;
#124 = ORIENTED_EDGE ( 'NONE', *, *, #618, .F. ) ;
#125 = ORIENTED_EDGE ( 'NONE', *, *, #133, .F. ) ;
#126 = ORIENTED_EDGE ( 'NONE', *, *, #481, .T. ) ;
#127 = ORIENTED_EDGE ( 'NONE', *, *, #42, .T. ) ;
#128 = ORIENTED_EDGE ( 'NONE', *, *, #470, .F. ) ;
#129 = EDGE_CURVE ( 'NONE', #557, #451, #1090, .T. ) ;
#130 = ORIENTED_EDGE ( 'NONE', *, *, #63, .F. ) ;
#131 = ORIENTED_EDGE ( 'NONE', *, *, #442, .T. ) ;
#132 = ORIENTED_EDGE ( 'NONE', *, *, #133, .T. ) ;
#133 = EDGE_CURVE ( 'NONE', #616, #615, #1092, .T. ) ;
#134 = ADVANCED_FACE ( 'NONE', ( #1103 ), #1088, .T. ) ;
#135 = EDGE_LOOP ( 'NONE', ( #136, #137, #138, #20 ) ) ;
#136 = ORIENTED_EDGE ( 'NONE', *, *, #561, .F. ) ;
#137 = ORIENTED_EDGE ( 'NONE', *, *, #46, .F. ) ;
#138 = ORIENTED_EDGE ( 'NONE', *, *, #139, .T. ) ;
#139 = EDGE_CURVE ( 'NONE', #44, #140, #1087, .T. ) ;
#140 = VERTEX_POINT ( 'NONE', #1058 ) ;
#141 = ORIENTED_EDGE ( 'NONE', *, *, #221, .T. ) ;
#142 = ORIENTED_EDGE ( 'NONE', *, *, #552, .F. ) ;
#143 = EDGE_LOOP ( 'NONE', ( #41, #106 ) ) ;
#144 = ORIENTED_EDGE ( 'NONE', *, *, #71, .F. ) ;
#145 = ORIENTED_EDGE ( 'NONE', *, *, #146, .F. ) ;
#146 = EDGE_CURVE ( 'NONE', #86, #455, #1061, .T. ) ;
#147 = ORIENTED_EDGE ( 'NONE', *, *, #85, .F. ) ;
#148 = ADVANCED_FACE ( 'NONE', ( #1027 ), #1026, .T. ) ;
#149 = EDGE_LOOP ( 'NONE', ( #230, #231, #232, #413 ) ) ;
#150 = ORIENTED_EDGE ( 'NONE', *, *, #760, .T. ) ;
#151 = EDGE_LOOP ( 'NONE', ( #233, #234, #235, #294, #295, #227 ) ) ;
#152 = ORIENTED_EDGE ( 'NONE', *, *, #562, .T. ) ;
#153 = ADVANCED_FACE ( 'NONE', ( #1030 ), #931, .T. ) ;
#154 = EDGE_LOOP ( 'NONE', ( #155, #156, #145, #147 ) ) ;
#155 = ORIENTED_EDGE ( 'NONE', *, *, #317, .T. ) ;
#156 = ORIENTED_EDGE ( 'NONE', *, *, #437, .T. ) ;
#157 = VERTEX_POINT ( 'NONE', #932 ) ;
#158 = EDGE_CURVE ( 'NONE', #643, #518, #1062, .T. ) ;
#159 = EDGE_CURVE ( 'NONE', #89, #161, #1076, .T. ) ;
#160 = ORIENTED_EDGE ( 'NONE', *, *, #27, .T. ) ;
#161 = VERTEX_POINT ( 'NONE', #1045 ) ;
#162 = ORIENTED_EDGE ( 'NONE', *, *, #420, .F. ) ;
#163 = ADVANCED_FACE ( 'NONE', ( #1044 ), #966, .F. ) ;
#164 = ORIENTED_EDGE ( 'NONE', *, *, #673, .T. ) ;
#165 = ORIENTED_EDGE ( 'NONE', *, *, #733, .T. ) ;
#166 = ORIENTED_EDGE ( 'NONE', *, *, #223, .F. ) ;
#167 = EDGE_CURVE ( 'NONE', #521, #642, #967, .T. ) ;
#168 = ADVANCED_FACE ( 'NONE', ( #1083 ), #1081, .T. ) ;
#169 = ORIENTED_EDGE ( 'NONE', *, *, #239, .F. ) ;
#170 = ADVANCED_FACE ( 'NONE', ( #1082 ), #1100, .T. ) ;
#171 = EDGE_LOOP ( 'NONE', ( #411, #412, #410, #193 ) ) ;
#172 = EDGE_CURVE ( 'NONE', #516, #403, #1067, .T. ) ;
#173 = ADVANCED_FACE ( 'NONE', ( #1063 ), #953, .T. ) ;
#174 = EDGE_LOOP ( 'NONE', ( #175, #369 ) ) ;
#175 = ORIENTED_EDGE ( 'NONE', *, *, #176, .F. ) ;
#176 = EDGE_CURVE ( 'NONE', #402, #403, #954, .T. ) ;
#177 = ADVANCED_FACE ( 'NONE', ( #1023 ), #1021, .T. ) ;
#178 = ORIENTED_EDGE ( 'NONE', *, *, #593, .T. ) ;
#179 = ORIENTED_EDGE ( 'NONE', *, *, #512, .F. ) ;
#180 = ORIENTED_EDGE ( 'NONE', *, *, #181, .F. ) ;
#181 = EDGE_CURVE ( 'NONE', #488, #477, #1074, .T. ) ;
#182 = ORIENTED_EDGE ( 'NONE', *, *, #487, .F. ) ;
#183 = EDGE_LOOP ( 'NONE', ( #629, #558, #438, #441 ) ) ;
#184 = ORIENTED_EDGE ( 'NONE', *, *, #314, .F. ) ;
#185 = VERTEX_POINT ( 'NONE', #1070 ) ;
#186 = EDGE_CURVE ( 'NONE', #185, #428, #996, .T. ) ;
#187 = ORIENTED_EDGE ( 'NONE', *, *, #186, .F. ) ;
#188 = ORIENTED_EDGE ( 'NONE', *, *, #314, .T. ) ;
#189 = CLOSED_SHELL ( 'NONE', ( #509, #600, #424, #429, #543, #612, #482, #609, #567, #646, #720, #668, #667, #683, #757, #594, #628, #627, #468, #100, #62, #104, #40, #65, #55, #134, #386, #23, #121, #15, #113, #118, #94, #8, #387, #163, #289, #288, #228, #279, #323, #153, #148, #177, #415, #168, #359, #198, #194, #170, #398, #173, #370, #263, #274, #340, #336, #191, #210, #259, #266, #301, #302, #311 ) ) ;
#190 = ORIENTED_EDGE ( 'NONE', *, *, #244, .T. ) ;
#191 = ADVANCED_FACE ( 'NONE', ( #991 ), #990, .F. ) ;
#192 = EDGE_LOOP ( 'NONE', ( #248, #249, #250, #251, #253, #209 ) ) ;
#193 = ORIENTED_EDGE ( 'NONE', *, *, #687, .F. ) ;
#194 = ADVANCED_FACE ( 'NONE', ( #981 ), #980, .T. ) ;
#195 = ORIENTED_EDGE ( 'NONE', *, *, #97, .F. ) ;
#196 = EDGE_CURVE ( 'NONE', #161, #703, #979, .T. ) ;
#197 = ORIENTED_EDGE ( 'NONE', *, *, #90, .F. ) ;
#198 = ADVANCED_FACE ( 'NONE', ( #971 ), #1057, .T. ) ;
#199 = ORIENTED_EDGE ( 'NONE', *, *, #200, .F. ) ;
#200 = EDGE_CURVE ( 'NONE', #18, #725, #970, .T. ) ;
#201 = ORIENTED_EDGE ( 'NONE', *, *, #200, .T. ) ;
#202 = ORIENTED_EDGE ( 'NONE', *, *, #724, .T. ) ;
#203 = ORIENTED_EDGE ( 'NONE', *, *, #704, .T. ) ;
#204 = EDGE_LOOP ( 'NONE', ( #190, #298, #308, #309, #188 ) ) ;
#205 = EDGE_LOOP ( 'NONE', ( #208, #187, #206, #300 ) ) ;
#206 = ORIENTED_EDGE ( 'NONE', *, *, #207, .T. ) ;
#207 = EDGE_CURVE ( 'NONE', #185, #33, #1014, .T. ) ;
#208 = ORIENTED_EDGE ( 'NONE', *, *, #484, .F. ) ;
#209 = ORIENTED_EDGE ( 'NONE', *, *, #407, .T. ) ;
#210 = ADVANCED_FACE ( 'NONE', ( #1010 ), #1009, .T. ) ;
#211 = EDGE_LOOP ( 'NONE', ( #212, #213, #341, #342, #343 ) ) ;
#212 = ORIENTED_EDGE ( 'NONE', *, *, #275, .T. ) ;
#213 = ORIENTED_EDGE ( 'NONE', *, *, #252, .T. ) ;
#214 = EDGE_CURVE ( 'NONE', #33, #364, #1004, .T. ) ;
#215 = ORIENTED_EDGE ( 'NONE', *, *, #679, .T. ) ;
#216 = ORIENTED_EDGE ( 'NONE', *, *, #682, .F. ) ;
#217 = ORIENTED_EDGE ( 'NONE', *, *, #339, .F. ) ;
#218 = EDGE_CURVE ( 'NONE', #242, #36, #1000, .T. ) ;
#219 = EDGE_LOOP ( 'NONE', ( #82, #11, #92, #78 ) ) ;
#220 = EDGE_CURVE ( 'NONE', #285, #157, #946, .T. ) ;
#221 = EDGE_CURVE ( 'NONE', #759, #157, #941, .T. ) ;
#222 = ORIENTED_EDGE ( 'NONE', *, *, #223, .T. ) ;
#223 = EDGE_CURVE ( 'NONE', #226, #707, #939, .T. ) ;
#224 = ORIENTED_EDGE ( 'NONE', *, *, #445, .T. ) ;
#225 = ORIENTED_EDGE ( 'NONE', *, *, #287, .T. ) ;
#226 = VERTEX_POINT ( 'NONE', #1033 ) ;
#227 = ORIENTED_EDGE ( 'NONE', *, *, #221, .F. ) ;
#228 = ADVANCED_FACE ( 'NONE', ( #1032 ), #1271, .T. ) ;
#229 = EDGE_LOOP ( 'NONE', ( #374, #414, #393, #361 ) ) ;
#230 = ORIENTED_EDGE ( 'NONE', *, *, #146, .T. ) ;
#231 = ORIENTED_EDGE ( 'NONE', *, *, #512, .T. ) ;
#232 = ORIENTED_EDGE ( 'NONE', *, *, #368, .F. ) ;
#233 = ORIENTED_EDGE ( 'NONE', *, *, #762, .T. ) ;
#234 = ORIENTED_EDGE ( 'NONE', *, *, #645, .T. ) ;
#235 = ORIENTED_EDGE ( 'NONE', *, *, #236, .F. ) ;
#236 = EDGE_CURVE ( 'NONE', #226, #637, #1183, .T. ) ;
#237 = EDGE_LOOP ( 'NONE', ( #385, #241, #152, #281, #224, #238 ) ) ;
#238 = ORIENTED_EDGE ( 'NONE', *, *, #462, .T. ) ;
#239 = EDGE_CURVE ( 'NONE', #157, #729, #1285, .T. ) ;
#240 = ORIENTED_EDGE ( 'NONE', *, *, #520, .T. ) ;
#241 = ORIENTED_EDGE ( 'NONE', *, *, #167, .T. ) ;
#242 = VERTEX_POINT ( 'NONE', #1238 ) ;
#243 = ORIENTED_EDGE ( 'NONE', *, *, #244, .F. ) ;
#244 = EDGE_CURVE ( 'NONE', #245, #242, #1237, .T. ) ;
#245 = VERTEX_POINT ( 'NONE', #1243 ) ;
#246 = ORIENTED_EDGE ( 'NONE', *, *, #265, .T. ) ;
#247 = EDGE_LOOP ( 'NONE', ( #267, #268, #269, #184, #299, #307 ) ) ;
#248 = ORIENTED_EDGE ( 'NONE', *, *, #176, .T. ) ;
#249 = ORIENTED_EDGE ( 'NONE', *, *, #172, .F. ) ;
#250 = ORIENTED_EDGE ( 'NONE', *, *, #345, .F. ) ;
#251 = ORIENTED_EDGE ( 'NONE', *, *, #252, .F. ) ;
#252 = EDGE_CURVE ( 'NONE', #332, #256, #1242, .T. ) ;
#253 = ORIENTED_EDGE ( 'NONE', *, *, #270, .T. ) ;
#254 = ORIENTED_EDGE ( 'NONE', *, *, #255, .F. ) ;
#255 = EDGE_CURVE ( 'NONE', #256, #604, #1163, .T. ) ;
#256 = VERTEX_POINT ( 'NONE', #1158 ) ;
#257 = ORIENTED_EDGE ( 'NONE', *, *, #345, .T. ) ;
#258 = ORIENTED_EDGE ( 'NONE', *, *, #272, .F. ) ;
#259 = ADVANCED_FACE ( 'NONE', ( #1157 ), #1304, .F. ) ;
#260 = EDGE_LOOP ( 'NONE', ( #261, #262, #243, #246 ) ) ;
#261 = ORIENTED_EDGE ( 'NONE', *, *, #7, .T. ) ;
#262 = ORIENTED_EDGE ( 'NONE', *, *, #218, .F. ) ;
#263 = ADVANCED_FACE ( 'NONE', ( #1303 ), #1133, .T. ) ;
#264 = EDGE_LOOP ( 'NONE', ( #258, #334 ) ) ;
#265 = EDGE_CURVE ( 'NONE', #245, #669, #1134, .T. ) ;
#266 = ADVANCED_FACE ( 'NONE', ( #1125 ), #1188, .F. ) ;
#267 = ORIENTED_EDGE ( 'NONE', *, *, #732, .T. ) ;
#268 = ORIENTED_EDGE ( 'NONE', *, *, #719, .F. ) ;
#269 = ORIENTED_EDGE ( 'NONE', *, *, #265, .F. ) ;
#270 = EDGE_CURVE ( 'NONE', #332, #652, #1189, .T. ) ;
#271 = ORIENTED_EDGE ( 'NONE', *, *, #275, .F. ) ;
#272 = EDGE_CURVE ( 'NONE', #363, #364, #1195, .T. ) ;
#273 = ORIENTED_EDGE ( 'NONE', *, *, #81, .T. ) ;
#274 = ADVANCED_FACE ( 'NONE', ( #1191 ), #1190, .F. ) ;
#275 = EDGE_CURVE ( 'NONE', #276, #332, #1107, .T. ) ;
#276 = VERTEX_POINT ( 'NONE', #1168 ) ;
#277 = EDGE_LOOP ( 'NONE', ( #215, #216, #217, #329, #327, #328 ) ) ;
#278 = ORIENTED_EDGE ( 'NONE', *, *, #214, .T. ) ;
#279 = ADVANCED_FACE ( 'NONE', ( #1167 ), #1296, .T. ) ;
#280 = EDGE_LOOP ( 'NONE', ( #350, #351, #291, #322 ) ) ;
#281 = ORIENTED_EDGE ( 'NONE', *, *, #384, .T. ) ;
#282 = ORIENTED_EDGE ( 'NONE', *, *, #417, .T. ) ;
#283 = ORIENTED_EDGE ( 'NONE', *, *, #284, .T. ) ;
#284 = EDGE_CURVE ( 'NONE', #688, #285, #1166, .T. ) ;
#285 = VERTEX_POINT ( 'NONE', #1297 ) ;
#286 = ORIENTED_EDGE ( 'NONE', *, *, #671, .T. ) ;
#287 = EDGE_CURVE ( 'NONE', #285, #226, #1294, .T. ) ;
#288 = ADVANCED_FACE ( 'NONE', ( #1148 ), #1147, .T. ) ;
#289 = ADVANCED_FACE ( 'NONE', ( #1146 ), #1141, .F. ) ;
#290 = EDGE_LOOP ( 'NONE', ( #282, #283, #225, #222, #150, #391 ) ) ;
#291 = ORIENTED_EDGE ( 'NONE', *, *, #292, .F. ) ;
#292 = EDGE_CURVE ( 'NONE', #571, #559, #1136, .T. ) ;
#293 = EDGE_LOOP ( 'NONE', ( #324, #325, #316, #318 ) ) ;
#294 = ORIENTED_EDGE ( 'NONE', *, *, #287, .F. ) ;
#295 = ORIENTED_EDGE ( 'NONE', *, *, #220, .T. ) ;
#296 = ORIENTED_EDGE ( 'NONE', *, *, #43, .F. ) ;
#297 = ORIENTED_EDGE ( 'NONE', *, *, #5, .F. ) ;
#298 = ORIENTED_EDGE ( 'NONE', *, *, #312, .T. ) ;
#299 = ORIENTED_EDGE ( 'NONE', *, *, #492, .T. ) ;
#300 = ORIENTED_EDGE ( 'NONE', *, *, #32, .T. ) ;
#301 = ADVANCED_FACE ( 'NONE', ( #1135 ), #1176, .F. ) ;
#302 = ADVANCED_FACE ( 'NONE', ( #1171 ), #1177, .F. ) ;
#303 = EDGE_LOOP ( 'NONE', ( #304, #310, #305, #306, #313, #315 ) ) ;
#304 = ORIENTED_EDGE ( 'NONE', *, *, #272, .T. ) ;
#305 = ORIENTED_EDGE ( 'NONE', *, *, #207, .F. ) ;
#306 = ORIENTED_EDGE ( 'NONE', *, *, #312, .F. ) ;
#307 = ORIENTED_EDGE ( 'NONE', *, *, #666, .T. ) ;
#308 = ORIENTED_EDGE ( 'NONE', *, *, #186, .T. ) ;
#309 = ORIENTED_EDGE ( 'NONE', *, *, #555, .T. ) ;
#310 = ORIENTED_EDGE ( 'NONE', *, *, #214, .F. ) ;
#311 = ADVANCED_FACE ( 'NONE', ( #1120 ), #1119, .T. ) ;
#312 = EDGE_CURVE ( 'NONE', #242, #185, #1114, .T. ) ;
#313 = ORIENTED_EDGE ( 'NONE', *, *, #218, .T. ) ;
#314 = EDGE_CURVE ( 'NONE', #418, #245, #1255, .T. ) ;
#315 = ORIENTED_EDGE ( 'NONE', *, *, #366, .T. ) ;
#316 = ORIENTED_EDGE ( 'NONE', *, *, #317, .F. ) ;
#317 = EDGE_CURVE ( 'NONE', #4, #597, #1251, .T. ) ;
#318 = ORIENTED_EDGE ( 'NONE', *, *, #83, .F. ) ;
#319 = ORIENTED_EDGE ( 'NONE', *, *, #236, .T. ) ;
#320 = EDGE_LOOP ( 'NONE', ( #76, #389, #382, #352 ) ) ;
#321 = EDGE_LOOP ( 'NONE', ( #164, #165, #166, #319 ) ) ;
#322 = ORIENTED_EDGE ( 'NONE', *, *, #570, .F. ) ;
#323 = ADVANCED_FACE ( 'NONE', ( #1247 ), #1280, .F. ) ;
#324 = ORIENTED_EDGE ( 'NONE', *, *, #292, .T. ) ;
#325 = ORIENTED_EDGE ( 'NONE', *, *, #584, .T. ) ;
#326 = ORIENTED_EDGE ( 'NONE', *, *, #159, .T. ) ;
#327 = ORIENTED_EDGE ( 'NONE', *, *, #423, .T. ) ;
#328 = ORIENTED_EDGE ( 'NONE', *, *, #676, .T. ) ;
#329 = ORIENTED_EDGE ( 'NONE', *, *, #330, .F. ) ;
#330 = EDGE_CURVE ( 'NONE', #605, #276, #1281, .T. ) ;
#331 = ORIENTED_EDGE ( 'NONE', *, *, #270, .F. ) ;
#332 = VERTEX_POINT ( 'NONE', #1272 ) ;
#333 = ORIENTED_EDGE ( 'NONE', *, *, #339, .T. ) ;
#334 = ORIENTED_EDGE ( 'NONE', *, *, #362, .T. ) ;
#335 = EDGE_LOOP ( 'NONE', ( #273, #344, #331, #271, #333 ) ) ;
#336 = ADVANCED_FACE ( 'NONE', ( #1235 ), #1233, .F. ) ;
#337 = EDGE_LOOP ( 'NONE', ( #338, #254, #257, #346, #347 ) ) ;
#338 = ORIENTED_EDGE ( 'NONE', *, *, #607, .F. ) ;
#339 = EDGE_CURVE ( 'NONE', #276, #721, #1229, .T. ) ;
#340 = ADVANCED_FACE ( 'NONE', ( #1263 ), #1262, .F. ) ;
#341 = ORIENTED_EDGE ( 'NONE', *, *, #255, .T. ) ;
#342 = ORIENTED_EDGE ( 'NONE', *, *, #603, .T. ) ;
#343 = ORIENTED_EDGE ( 'NONE', *, *, #330, .T. ) ;
#344 = ORIENTED_EDGE ( 'NONE', *, *, #654, .F. ) ;
#345 = EDGE_CURVE ( 'NONE', #256, #516, #1227, .T. ) ;
#346 = ORIENTED_EDGE ( 'NONE', *, *, #515, .F. ) ;
#347 = ORIENTED_EDGE ( 'NONE', *, *, #1, .T. ) ;
#348 = ORIENTED_EDGE ( 'NONE', *, *, #158, .T. ) ;
#349 = EDGE_LOOP ( 'NONE', ( #388, #348, #240 ) ) ;
#350 = ORIENTED_EDGE ( 'NONE', *, *, #384, .F. ) ;
#351 = ORIENTED_EDGE ( 'NONE', *, *, #542, .F. ) ;
#352 = ORIENTED_EDGE ( 'NONE', *, *, #625, .T. ) ;
#353 = ORIENTED_EDGE ( 'NONE', *, *, #659, .F. ) ;
#354 = EDGE_LOOP ( 'NONE', ( #373, #375, #376, #381 ) ) ;
#355 = ORIENTED_EDGE ( 'NONE', *, *, #377, .T. ) ;
#356 = ORIENTED_EDGE ( 'NONE', *, *, #220, .F. ) ;
#357 = ORIENTED_EDGE ( 'NONE', *, *, #284, .F. ) ;
#358 = EDGE_LOOP ( 'NONE', ( #356, #357, #405, #169 ) ) ;
#359 = ADVANCED_FACE ( 'NONE', ( #1223 ), #1221, .F. ) ;
#360 = EDGE_LOOP ( 'NONE', ( #201, #202, #395, #197 ) ) ;
#361 = ORIENTED_EDGE ( 'NONE', *, *, #159, .F. ) ;
#362 = EDGE_CURVE ( 'NONE', #363, #364, #1216, .T. ) ;
#363 = VERTEX_POINT ( 'NONE', #1212 ) ;
#364 = VERTEX_POINT ( 'NONE', #1211 ) ;
#365 = ORIENTED_EDGE ( 'NONE', *, *, #366, .F. ) ;
#366 = EDGE_CURVE ( 'NONE', #36, #363, #1210, .T. ) ;
#367 = ORIENTED_EDGE ( 'NONE', *, *, #35, .T. ) ;
#368 = EDGE_CURVE ( 'NONE', #89, #623, #1206, .T. ) ;
#369 = ORIENTED_EDGE ( 'NONE', *, *, #401, .T. ) ;
#370 = ADVANCED_FACE ( 'NONE', ( #1202 ), #876, .T. ) ;
#371 = EDGE_LOOP ( 'NONE', ( #372, #365, #367, #278 ) ) ;
#372 = ORIENTED_EDGE ( 'NONE', *, *, #362, .F. ) ;
#373 = ORIENTED_EDGE ( 'NONE', *, *, #196, .T. ) ;
#374 = ORIENTED_EDGE ( 'NONE', *, *, #368, .T. ) ;
#375 = ORIENTED_EDGE ( 'NONE', *, *, #705, .T. ) ;
#376 = ORIENTED_EDGE ( 'NONE', *, *, #377, .F. ) ;
#377 = EDGE_CURVE ( 'NONE', #112, #700, #1451, .T. ) ;
#378 = ORIENTED_EDGE ( 'NONE', *, *, #448, .F. ) ;
#379 = ORIENTED_EDGE ( 'NONE', *, *, #158, .F. ) ;
#380 = ORIENTED_EDGE ( 'NONE', *, *, #596, .F. ) ;
#381 = ORIENTED_EDGE ( 'NONE', *, *, #27, .F. ) ;
#382 = ORIENTED_EDGE ( 'NONE', *, *, #507, .T. ) ;
#383 = ORIENTED_EDGE ( 'NONE', *, *, #239, .T. ) ;
#384 = EDGE_CURVE ( 'NONE', #541, #446, #1375, .T. ) ;
#385 = ORIENTED_EDGE ( 'NONE', *, *, #449, .T. ) ;
#386 = ADVANCED_FACE ( 'NONE', ( #1491 ), #1368, .T. ) ;
#387 = ADVANCED_FACE ( 'NONE', ( #1416 ), #1415, .T. ) ;
#388 = ORIENTED_EDGE ( 'NONE', *, *, #582, .T. ) ;
#389 = ORIENTED_EDGE ( 'NONE', *, *, #493, .F. ) ;
#390 = ORIENTED_EDGE ( 'NONE', *, *, #1, .F. ) ;
#391 = ORIENTED_EDGE ( 'NONE', *, *, #392, .T. ) ;
#392 = EDGE_CURVE ( 'NONE', #663, #685, #1403, .T. ) ;
#393 = ORIENTED_EDGE ( 'NONE', *, *, #196, .F. ) ;
#394 = EDGE_LOOP ( 'NONE', ( #355, #203, #199, #195 ) ) ;
#395 = ORIENTED_EDGE ( 'NONE', *, *, #396, .F. ) ;
#396 = EDGE_CURVE ( 'NONE', #526, #730, #1425, .T. ) ;
#397 = ORIENTED_EDGE ( 'NONE', *, *, #167, .F. ) ;
#398 = ADVANCED_FACE ( 'NONE', ( #1423 ), #1355, .T. ) ;
#399 = EDGE_LOOP ( 'NONE', ( #400, #404, #408, #409 ) ) ;
#400 = ORIENTED_EDGE ( 'NONE', *, *, #401, .F. ) ;
#401 = EDGE_CURVE ( 'NONE', #402, #403, #1351, .T. ) ;
#402 = VERTEX_POINT ( 'NONE', #1406 ) ;
#403 = VERTEX_POINT ( 'NONE', #1405 ) ;
#404 = ORIENTED_EDGE ( 'NONE', *, *, #407, .F. ) ;
#405 = ORIENTED_EDGE ( 'NONE', *, *, #672, .F. ) ;
#406 = EDGE_LOOP ( 'NONE', ( #378, #379, #380, #397 ) ) ;
#407 = EDGE_CURVE ( 'NONE', #652, #402, #1404, .T. ) ;
#408 = ORIENTED_EDGE ( 'NONE', *, *, #651, .F. ) ;
#409 = ORIENTED_EDGE ( 'NONE', *, *, #172, .T. ) ;
#410 = ORIENTED_EDGE ( 'NONE', *, *, #396, .T. ) ;
#411 = ORIENTED_EDGE ( 'NONE', *, *, #392, .F. ) ;
#412 = ORIENTED_EDGE ( 'NONE', *, *, #656, .F. ) ;
#413 = ORIENTED_EDGE ( 'NONE', *, *, #88, .F. ) ;
#414 = ORIENTED_EDGE ( 'NONE', *, *, #578, .T. ) ;
#415 = ADVANCED_FACE ( 'NONE', ( #1362 ), #1361, .T. ) ;
#416 = ORIENTED_EDGE ( 'NONE', *, *, #417, .F. ) ;
#417 = EDGE_CURVE ( 'NONE', #685, #688, #1360, .T. ) ;
#418 = VERTEX_POINT ( 'NONE', #1487 ) ;
#419 = ORIENTED_EDGE ( 'NONE', *, *, #420, .T. ) ;
#420 = EDGE_CURVE ( 'NONE', #608, #421, #1486, .T. ) ;
#421 = VERTEX_POINT ( 'NONE', #1481 ) ;
#422 = ORIENTED_EDGE ( 'NONE', *, *, #423, .F. ) ;
#423 = EDGE_CURVE ( 'NONE', #605, #421, #1480, .T. ) ;
#424 = ADVANCED_FACE ( 'NONE', ( #1476 ), #1475, .T. ) ;
#425 = EDGE_LOOP ( 'NONE', ( #472, #475, #486, #489 ) ) ;
#426 = VERTEX_POINT ( 'NONE', #1470 ) ;
#427 = ORIENTED_EDGE ( 'NONE', *, *, #555, .F. ) ;
#428 = VERTEX_POINT ( 'NONE', #1469 ) ;
#429 = ADVANCED_FACE ( 'NONE', ( #1468 ), #1466, .T. ) ;
#430 = EDGE_LOOP ( 'NONE', ( #431, #500, #503, #506 ) ) ;
#431 = ORIENTED_EDGE ( 'NONE', *, *, #432, .F. ) ;
#432 = EDGE_CURVE ( 'NONE', #433, #434, #1462, .T. ) ;
#433 = VERTEX_POINT ( 'NONE', #1457 ) ;
#434 = VERTEX_POINT ( 'NONE', #1456 ) ;
#435 = MANIFOLD_SOLID_BREP ( 'NONE', #189 ) ;
#436 = EDGE_LOOP ( 'NONE', ( #452, #599, #581, #178 ) ) ;
#437 = EDGE_CURVE ( 'NONE', #597, #455, #1455, .T. ) ;
#438 = ORIENTED_EDGE ( 'NONE', *, *, #439, .T. ) ;
#439 = EDGE_CURVE ( 'NONE', #471, #440, #1400, .T. ) ;
#440 = VERTEX_POINT ( 'NONE', #1396 ) ;
#441 = ORIENTED_EDGE ( 'NONE', *, *, #442, .F. ) ;
#442 = EDGE_CURVE ( 'NONE', #557, #440, #1395, .T. ) ;
#443 = ORIENTED_EDGE ( 'NONE', *, *, #634, .T. ) ;
#444 = ORIENTED_EDGE ( 'NONE', *, *, #445, .F. ) ;
#445 = EDGE_CURVE ( 'NONE', #446, #450, #1499, .T. ) ;
#446 = VERTEX_POINT ( 'NONE', #1494 ) ;
#447 = ORIENTED_EDGE ( 'NONE', *, *, #448, .T. ) ;
#448 = EDGE_CURVE ( 'NONE', #518, #521, #1492, .T. ) ;
#449 = EDGE_CURVE ( 'NONE', #459, #521, #1332, .T. ) ;
#450 = VERTEX_POINT ( 'NONE', #1322 ) ;
#451 = VERTEX_POINT ( 'NONE', #1321 ) ;
#452 = ORIENTED_EDGE ( 'NONE', *, *, #453, .T. ) ;
#453 = EDGE_CURVE ( 'NONE', #454, #598, #1320, .T. ) ;
#454 = VERTEX_POINT ( 'NONE', #1316 ) ;
#455 = VERTEX_POINT ( 'NONE', #1315 ) ;
#456 = EDGE_LOOP ( 'NONE', ( #457, #579 ) ) ;
#457 = ORIENTED_EDGE ( 'NONE', *, *, #493, .T. ) ;
#458 = ORIENTED_EDGE ( 'NONE', *, *, #634, .F. ) ;
#459 = VERTEX_POINT ( 'NONE', #1314 ) ;
#460 = EDGE_CURVE ( 'NONE', #621, #459, #1313, .T. ) ;
#461 = ORIENTED_EDGE ( 'NONE', *, *, #462, .F. ) ;
#462 = EDGE_CURVE ( 'NONE', #450, #459, #1309, .T. ) ;
#463 = ORIENTED_EDGE ( 'NONE', *, *, #460, .T. ) ;
#464 = ORIENTED_EDGE ( 'NONE', *, *, #465, .F. ) ;
#465 = EDGE_CURVE ( 'NONE', #621, #466, #1345, .T. ) ;
#466 = VERTEX_POINT ( 'NONE', #1340 ) ;
#467 = VERTEX_POINT ( 'NONE', #1339 ) ;
#468 = ADVANCED_FACE ( 'NONE', ( #1338 ), #1337, .F. ) ;
#469 = EDGE_LOOP ( 'NONE', ( #128, #144, #50, #64 ) ) ;
#470 = EDGE_CURVE ( 'NONE', #467, #471, #1508, .T. ) ;
#471 = VERTEX_POINT ( 'NONE', #1504 ) ;
#472 = ORIENTED_EDGE ( 'NONE', *, *, #473, .F. ) ;
#473 = EDGE_CURVE ( 'NONE', #426, #474, #1503, .T. ) ;
#474 = VERTEX_POINT ( 'NONE', #1449 ) ;
#475 = ORIENTED_EDGE ( 'NONE', *, *, #476, .T. ) ;
#476 = EDGE_CURVE ( 'NONE', #426, #477, #1448, .T. ) ;
#477 = VERTEX_POINT ( 'NONE', #1444 ) ;
#478 = EDGE_CURVE ( 'NONE', #619, #479, #1443, .T. ) ;
#479 = VERTEX_POINT ( 'NONE', #1438 ) ;
#480 = ORIENTED_EDGE ( 'NONE', *, *, #481, .F. ) ;
#481 = EDGE_CURVE ( 'NONE', #616, #479, #1391, .T. ) ;
#482 = ADVANCED_FACE ( 'NONE', ( #1387 ), #1386, .T. ) ;
#483 = ORIENTED_EDGE ( 'NONE', *, *, #484, .T. ) ;
#484 = EDGE_CURVE ( 'NONE', #428, #485, #1385, .T. ) ;
#485 = VERTEX_POINT ( 'NONE', #1377 ) ;
#486 = ORIENTED_EDGE ( 'NONE', *, *, #487, .T. ) ;
#487 = EDGE_CURVE ( 'NONE', #477, #488, #1437, .T. ) ;
#488 = VERTEX_POINT ( 'NONE', #1432 ) ;
#489 = ORIENTED_EDGE ( 'NONE', *, *, #490, .F. ) ;
#490 = EDGE_CURVE ( 'NONE', #474, #488, #1431, .T. ) ;
#491 = ORIENTED_EDGE ( 'NONE', *, *, #492, .F. ) ;
#492 = EDGE_CURVE ( 'NONE', #418, #499, #1426, .T. ) ;
#493 = EDGE_CURVE ( 'NONE', #434, #433, #1647, .T. ) ;
#494 = ORIENTED_EDGE ( 'NONE', *, *, #495, .F. ) ;
#495 = EDGE_CURVE ( 'NONE', #576, #539, #1596, .T. ) ;
#496 = ORIENTED_EDGE ( 'NONE', *, *, #575, .T. ) ;
#497 = EDGE_LOOP ( 'NONE', ( #587, #560, #563, #591 ) ) ;
#498 = EDGE_CURVE ( 'NONE', #485, #499, #1542, .T. ) ;
#499 = VERTEX_POINT ( 'NONE', #1570 ) ;
#500 = ORIENTED_EDGE ( 'NONE', *, *, #501, .T. ) ;
#501 = EDGE_CURVE ( 'NONE', #433, #502, #1536, .T. ) ;
#502 = VERTEX_POINT ( 'NONE', #1543 ) ;
#503 = ORIENTED_EDGE ( 'NONE', *, *, #504, .T. ) ;
#504 = EDGE_CURVE ( 'NONE', #502, #505, #1546, .T. ) ;
#505 = VERTEX_POINT ( 'NONE', #1537 ) ;
#506 = ORIENTED_EDGE ( 'NONE', *, *, #507, .F. ) ;
#507 = EDGE_CURVE ( 'NONE', #434, #505, #1594, .T. ) ;
#508 = EDGE_LOOP ( 'NONE', ( #544, #548, #551, #610 ) ) ;
#509 = ADVANCED_FACE ( 'NONE', ( #1627 ), #1626, .F. ) ;
#510 = EDGE_LOOP ( 'NONE', ( #427, #483, #556, #491 ) ) ;
#511 = VERTEX_POINT ( 'NONE', #1565 ) ;
#512 = EDGE_CURVE ( 'NONE', #455, #623, #1563, .T. ) ;
#513 = VERTEX_POINT ( 'NONE', #1589 ) ;
#514 = ORIENTED_EDGE ( 'NONE', *, *, #515, .T. ) ;
#515 = EDGE_CURVE ( 'NONE', #513, #516, #1609, .T. ) ;
#516 = VERTEX_POINT ( 'NONE', #1608 ) ;
#517 = EDGE_LOOP ( 'NONE', ( #630, #528, #519, #447, #638, #635 ) ) ;
#518 = VERTEX_POINT ( 'NONE', #1588 ) ;
#519 = ORIENTED_EDGE ( 'NONE', *, *, #520, .F. ) ;
#520 = EDGE_CURVE ( 'NONE', #518, #529, #1611, .T. ) ;
#521 = VERTEX_POINT ( 'NONE', #1610 ) ;
#522 = ORIENTED_EDGE ( 'NONE', *, *, #542, .T. ) ;
#523 = VERTEX_POINT ( 'NONE', #1612 ) ;
#524 = ORIENTED_EDGE ( 'NONE', *, *, #525, .F. ) ;
#525 = EDGE_CURVE ( 'NONE', #526, #523, #1577, .T. ) ;
#526 = VERTEX_POINT ( 'NONE', #1573 ) ;
#527 = ORIENTED_EDGE ( 'NONE', *, *, #656, .T. ) ;
#528 = ORIENTED_EDGE ( 'NONE', *, *, #633, .T. ) ;
#529 = VERTEX_POINT ( 'NONE', #1644 ) ;
#530 = ORIENTED_EDGE ( 'NONE', *, *, #531, .F. ) ;
#531 = EDGE_CURVE ( 'NONE', #637, #621, #1643, .T. ) ;
#532 = ORIENTED_EDGE ( 'NONE', *, *, #645, .F. ) ;
#533 = EDGE_LOOP ( 'NONE', ( #534, #537, #494, #496 ) ) ;
#534 = ORIENTED_EDGE ( 'NONE', *, *, #535, .T. ) ;
#535 = EDGE_CURVE ( 'NONE', #598, #536, #1639, .T. ) ;
#536 = VERTEX_POINT ( 'NONE', #1635 ) ;
#537 = ORIENTED_EDGE ( 'NONE', *, *, #538, .F. ) ;
#538 = EDGE_CURVE ( 'NONE', #539, #536, #1634, .T. ) ;
#539 = VERTEX_POINT ( 'NONE', #1630 ) ;
#540 = EDGE_CURVE ( 'NONE', #467, #557, #1533, .T. ) ;
#541 = VERTEX_POINT ( 'NONE', #1529 ) ;
#542 = EDGE_CURVE ( 'NONE', #559, #541, #1527, .T. ) ;
#543 = ADVANCED_FACE ( 'NONE', ( #1528 ), #1624, .F. ) ;
#544 = ORIENTED_EDGE ( 'NONE', *, *, #545, .F. ) ;
#545 = EDGE_CURVE ( 'NONE', #546, #547, #1584, .T. ) ;
#546 = VERTEX_POINT ( 'NONE', #1579 ) ;
#547 = VERTEX_POINT ( 'NONE', #1578 ) ;
#548 = ORIENTED_EDGE ( 'NONE', *, *, #549, .T. ) ;
#549 = EDGE_CURVE ( 'NONE', #546, #550, #1561, .T. ) ;
#550 = VERTEX_POINT ( 'NONE', #1557 ) ;
#551 = ORIENTED_EDGE ( 'NONE', *, *, #552, .T. ) ;
#552 = EDGE_CURVE ( 'NONE', #550, #553, #1556, .T. ) ;
#553 = VERTEX_POINT ( 'NONE', #1551 ) ;
#554 = EDGE_LOOP ( 'NONE', ( #613, #617, #620, #480 ) ) ;
#555 = EDGE_CURVE ( 'NONE', #428, #418, #1550, .T. ) ;
#556 = ORIENTED_EDGE ( 'NONE', *, *, #498, .T. ) ;
#557 = VERTEX_POINT ( 'NONE', #1524 ) ;
#558 = ORIENTED_EDGE ( 'NONE', *, *, #470, .T. ) ;
#559 = VERTEX_POINT ( 'NONE', #1523 ) ;
#560 = ORIENTED_EDGE ( 'NONE', *, *, #561, .T. ) ;
#561 = EDGE_CURVE ( 'NONE', #589, #590, #1522, .T. ) ;
#562 = EDGE_CURVE ( 'NONE', #642, #541, #1518, .T. ) ;
#563 = ORIENTED_EDGE ( 'NONE', *, *, #564, .T. ) ;
#564 = EDGE_CURVE ( 'NONE', #590, #511, #1514, .T. ) ;
#565 = EDGE_CURVE ( 'NONE', #566, #632, #1672, .T. ) ;
#566 = VERTEX_POINT ( 'NONE', #1671 ) ;
#567 = ADVANCED_FACE ( 'NONE', ( #1655 ), #1768, .T. ) ;
#568 = EDGE_LOOP ( 'NONE', ( #655, #636, #530, #532 ) ) ;
#569 = ORIENTED_EDGE ( 'NONE', *, *, #570, .T. ) ;
#570 = EDGE_CURVE ( 'NONE', #446, #571, #1847, .T. ) ;
#571 = VERTEX_POINT ( 'NONE', #1846 ) ;
#572 = ORIENTED_EDGE ( 'NONE', *, *, #573, .F. ) ;
#573 = EDGE_CURVE ( 'NONE', #513, #571, #1708, .T. ) ;
#574 = ORIENTED_EDGE ( 'NONE', *, *, #584, .F. ) ;
#575 = EDGE_CURVE ( 'NONE', #576, #598, #1670, .T. ) ;
#576 = VERTEX_POINT ( 'NONE', #1666 ) ;
#577 = ORIENTED_EDGE ( 'NONE', *, *, #562, .F. ) ;
#578 = EDGE_CURVE ( 'NONE', #623, #703, #1848, .T. ) ;
#579 = ORIENTED_EDGE ( 'NONE', *, *, #432, .T. ) ;
#580 = EDGE_LOOP ( 'NONE', ( #180, #182 ) ) ;
#581 = ORIENTED_EDGE ( 'NONE', *, *, #644, .F. ) ;
#582 = EDGE_CURVE ( 'NONE', #529, #643, #1835, .T. ) ;
#583 = ORIENTED_EDGE ( 'NONE', *, *, #633, .F. ) ;
#584 = EDGE_CURVE ( 'NONE', #559, #597, #1832, .T. ) ;
#585 = ORIENTED_EDGE ( 'NONE', *, *, #565, .F. ) ;
#586 = VERTEX_POINT ( 'NONE', #1833 ) ;
#587 = ORIENTED_EDGE ( 'NONE', *, *, #588, .T. ) ;
#588 = EDGE_CURVE ( 'NONE', #586, #589, #1659, .T. ) ;
#589 = VERTEX_POINT ( 'NONE', #1774 ) ;
#590 = VERTEX_POINT ( 'NONE', #1773 ) ;
#591 = ORIENTED_EDGE ( 'NONE', *, *, #592, .T. ) ;
#592 = EDGE_CURVE ( 'NONE', #511, #586, #1772, .T. ) ;
#593 = EDGE_CURVE ( 'NONE', #451, #454, #1764, .T. ) ;
#594 = ADVANCED_FACE ( 'NONE', ( #1652, #1651 ), #1649, .T. ) ;
#595 = ORIENTED_EDGE ( 'NONE', *, *, #596, .T. ) ;
#596 = EDGE_CURVE ( 'NONE', #642, #643, #1842, .T. ) ;
#597 = VERTEX_POINT ( 'NONE', #1717 ) ;
#598 = VERTEX_POINT ( 'NONE', #1716 ) ;
#599 = ORIENTED_EDGE ( 'NONE', *, *, #575, .F. ) ;
#600 = ADVANCED_FACE ( 'NONE', ( #1715 ), #1713, .F. ) ;
#601 = EDGE_LOOP ( 'NONE', ( #602, #606, #419, #422 ) ) ;
#602 = ORIENTED_EDGE ( 'NONE', *, *, #603, .F. ) ;
#603 = EDGE_CURVE ( 'NONE', #604, #605, #1687, .T. ) ;
#604 = VERTEX_POINT ( 'NONE', #1682 ) ;
#605 = VERTEX_POINT ( 'NONE', #1681 ) ;
#606 = ORIENTED_EDGE ( 'NONE', *, *, #607, .T. ) ;
#607 = EDGE_CURVE ( 'NONE', #604, #608, #1680, .T. ) ;
#608 = VERTEX_POINT ( 'NONE', #1676 ) ;
#609 = ADVANCED_FACE ( 'NONE', ( #1675 ), #1791, .T. ) ;
#610 = ORIENTED_EDGE ( 'NONE', *, *, #611, .F. ) ;
#611 = EDGE_CURVE ( 'NONE', #547, #553, #1787, .T. ) ;
#612 = ADVANCED_FACE ( 'NONE', ( #1783 ), #1782, .F. ) ;
#613 = ORIENTED_EDGE ( 'NONE', *, *, #614, .F. ) ;
#614 = EDGE_CURVE ( 'NONE', #615, #616, #1777, .T. ) ;
#615 = VERTEX_POINT ( 'NONE', #1740 ) ;
#616 = VERTEX_POINT ( 'NONE', #1739 ) ;
#617 = ORIENTED_EDGE ( 'NONE', *, *, #618, .T. ) ;
#618 = EDGE_CURVE ( 'NONE', #615, #619, #1738, .T. ) ;
#619 = VERTEX_POINT ( 'NONE', #1734 ) ;
#620 = ORIENTED_EDGE ( 'NONE', *, *, #478, .T. ) ;
#621 = VERTEX_POINT ( 'NONE', #1733 ) ;
#622 = EDGE_LOOP ( 'NONE', ( #464, #463, #461, #458 ) ) ;
#623 = VERTEX_POINT ( 'NONE', #1732 ) ;
#624 = ORIENTED_EDGE ( 'NONE', *, *, #625, .F. ) ;
#625 = EDGE_CURVE ( 'NONE', #505, #502, #1731, .T. ) ;
#626 = ORIENTED_EDGE ( 'NONE', *, *, #504, .F. ) ;
#627 = ADVANCED_FACE ( 'NONE', ( #1726, #1725 ), #1723, .F. ) ;
#628 = ADVANCED_FACE ( 'NONE', ( #1724, #1718 ), #1827, .T. ) ;
#629 = ORIENTED_EDGE ( 'NONE', *, *, #540, .F. ) ;
#630 = ORIENTED_EDGE ( 'NONE', *, *, #631, .F. ) ;
#631 = EDGE_CURVE ( 'NONE', #632, #621, #1822, .T. ) ;
#632 = VERTEX_POINT ( 'NONE', #1818 ) ;
#633 = EDGE_CURVE ( 'NONE', #632, #529, #1817, .T. ) ;
#634 = EDGE_CURVE ( 'NONE', #466, #450, #1813, .T. ) ;
#635 = ORIENTED_EDGE ( 'NONE', *, *, #460, .F. ) ;
#636 = ORIENTED_EDGE ( 'NONE', *, *, #631, .T. ) ;
#637 = VERTEX_POINT ( 'NONE', #1809 ) ;
#638 = ORIENTED_EDGE ( 'NONE', *, *, #449, .F. ) ;
#639 = EDGE_LOOP ( 'NONE', ( #624, #626 ) ) ;
#640 = ORIENTED_EDGE ( 'NONE', *, *, #437, .F. ) ;
#641 = ORIENTED_EDGE ( 'NONE', *, *, #582, .F. ) ;
#642 = VERTEX_POINT ( 'NONE', #1808 ) ;
#643 = VERTEX_POINT ( 'NONE', #1807 ) ;
#644 = EDGE_CURVE ( 'NONE', #451, #576, #1806, .T. ) ;
#645 = EDGE_CURVE ( 'NONE', #566, #637, #1801, .T. ) ;
#646 = ADVANCED_FACE ( 'NONE', ( #1802 ), #1697, .T. ) ;
#647 = EDGE_LOOP ( 'NONE', ( #648, #649, #443, #444, #569, #572, #514, #650, #653, #524, #527, #677, #664, #744 ) ) ;
#648 = ORIENTED_EDGE ( 'NONE', *, *, #531, .T. ) ;
#649 = ORIENTED_EDGE ( 'NONE', *, *, #465, .T. ) ;
#650 = ORIENTED_EDGE ( 'NONE', *, *, #651, .T. ) ;
#651 = EDGE_CURVE ( 'NONE', #516, #652, #1693, .T. ) ;
#652 = VERTEX_POINT ( 'NONE', #1692 ) ;
#653 = ORIENTED_EDGE ( 'NONE', *, *, #654, .T. ) ;
#654 = EDGE_CURVE ( 'NONE', #652, #523, #1699, .T. ) ;
#655 = ORIENTED_EDGE ( 'NONE', *, *, #565, .T. ) ;
#656 = EDGE_CURVE ( 'NONE', #526, #663, #1757, .T. ) ;
#657 = ORIENTED_EDGE ( 'NONE', *, *, #658, .F. ) ;
#658 = EDGE_CURVE ( 'NONE', #722, #680, #2024, .T. ) ;
#659 = EDGE_CURVE ( 'NONE', #421, #721, #1849, .T. ) ;
#660 = VERTEX_POINT ( 'NONE', #1870 ) ;
#661 = VERTEX_POINT ( 'NONE', #2034 ) ;
#662 = ORIENTED_EDGE ( 'NONE', *, *, #755, .F. ) ;
#663 = VERTEX_POINT ( 'NONE', #2033 ) ;
#664 = ORIENTED_EDGE ( 'NONE', *, *, #733, .F. ) ;
#665 = ORIENTED_EDGE ( 'NONE', *, *, #666, .F. ) ;
#666 = EDGE_CURVE ( 'NONE', #499, #670, #1854, .T. ) ;
#667 = ADVANCED_FACE ( 'NONE', ( #1896 ), #1894, .T. ) ;
#668 = ADVANCED_FACE ( 'NONE', ( #2022 ), #2021, .T. ) ;
#669 = VERTEX_POINT ( 'NONE', #1873 ) ;
#670 = VERTEX_POINT ( 'NONE', #1928 ) ;
#671 = EDGE_CURVE ( 'NONE', #729, #759, #1927, .T. ) ;
#672 = EDGE_CURVE ( 'NONE', #729, #688, #2030, .T. ) ;
#673 = EDGE_CURVE ( 'NONE', #637, #661, #2025, .T. ) ;
#674 = ORIENTED_EDGE ( 'NONE', *, *, #659, .T. ) ;
#675 = ORIENTED_EDGE ( 'NONE', *, *, #676, .F. ) ;
#676 = EDGE_CURVE ( 'NONE', #421, #722, #2026, .T. ) ;
#677 = ORIENTED_EDGE ( 'NONE', *, *, #760, .F. ) ;
#678 = ORIENTED_EDGE ( 'NONE', *, *, #679, .F. ) ;
#679 = EDGE_CURVE ( 'NONE', #722, #680, #1893, .T. ) ;
#680 = VERTEX_POINT ( 'NONE', #1889 ) ;
#681 = ORIENTED_EDGE ( 'NONE', *, *, #682, .T. ) ;
#682 = EDGE_CURVE ( 'NONE', #721, #680, #1888, .T. ) ;
#683 = ADVANCED_FACE ( 'NONE', ( #1884 ), #1883, .T. ) ;
#684 = EDGE_LOOP ( 'NONE', ( #678, #756 ) ) ;
#685 = VERTEX_POINT ( 'NONE', #1878 ) ;
#686 = ORIENTED_EDGE ( 'NONE', *, *, #687, .T. ) ;
#687 = EDGE_CURVE ( 'NONE', #685, #730, #1984, .T. ) ;
#688 = VERTEX_POINT ( 'NONE', #1983 ) ;
#689 = DIRECTION ( 'NONE',  ( 0.0000000000000000000, -1.084202172485504200E-016, 1.000000000000000000 ) ) ;
#690 = VECTOR ( 'NONE', #689, 1000.000000000000000 ) ;
#691 = CARTESIAN_POINT ( 'NONE',  ( 0.1000000000000000100, -7.499999999999998200, -4.000000000000001800 ) ) ;
#692 = LINE ( 'NONE', #691, #690 ) ;
#693 = CARTESIAN_POINT ( 'NONE',  ( 16.04999999999999700, 1.700000000000000000, 0.0000000000000000000 ) ) ;
#694 = CARTESIAN_POINT ( 'NONE',  ( 12.73062527150308700, 1.700000000000000000, 2.200235294117648200 ) ) ;
#695 = DIRECTION ( 'NONE',  ( 0.0000000000000000000, 0.0000000000000000000, 1.000000000000000000 ) ) ;
#696 = DIRECTION ( 'NONE',  ( 0.0000000000000000000, 1.000000000000000000, 0.0000000000000000000 ) ) ;
#697 = AXIS2_PLACEMENT_3D ( 'NONE', #699, #696, #695 ) ;
#698 = CIRCLE ( 'NONE', #697, 1.100000000000001000 ) ;
#699 = CARTESIAN_POINT ( 'NONE',  ( 12.15000000000000000, 1.700000000000000000, 0.0000000000000000000 ) ) ;
#700 = VERTEX_POINT ( 'NONE', #1982 ) ;
#701 = ORIENTED_EDGE ( 'NONE', *, *, #578, .F. ) ;
#702 = ORIENTED_EDGE ( 'NONE', *, *, #704, .F. ) ;
#703 = VERTEX_POINT ( 'NONE', #1981 ) ;
#704 = EDGE_CURVE ( 'NONE', #700, #725, #1974, .T. ) ;
#705 = EDGE_CURVE ( 'NONE', #703, #700, #1970, .T. ) ;
#706 = ORIENTED_EDGE ( 'NONE', *, *, #705, .F. ) ;
#707 = VERTEX_POINT ( 'NONE', #1965 ) ;
#708 = ORIENTED_EDGE ( 'NONE', *, *, #671, .F. ) ;
#709 = CYLINDRICAL_SURFACE ( 'NONE', #742, 3.199999999999997100 ) ;
#710 = FACE_OUTER_BOUND ( 'NONE', #320, .T. ) ;
#711 = DIRECTION ( 'NONE',  ( -1.000000000000000000, 0.0000000000000000000, 0.0000000000000000000 ) ) ;
#712 = VECTOR ( 'NONE', #711, 1000.000000000000000 ) ;
#713 = CARTESIAN_POINT ( 'NONE',  ( 0.1000000000000000100, -7.499999999999998200, -4.000000000000001800 ) ) ;
#714 = LINE ( 'NONE', #713, #712 ) ;
#715 = DIRECTION ( 'NONE',  ( 0.0000000000000000000, 1.000000000000000000, 1.084202172485504400E-016 ) ) ;
#716 = VECTOR ( 'NONE', #715, 1000.000000000000000 ) ;
#717 = CARTESIAN_POINT ( 'NONE',  ( 0.1000000000000000100, -7.499999999999998200, -4.000000000000001800 ) ) ;
#718 = LINE ( 'NONE', #717, #716 ) ;
#719 = EDGE_CURVE ( 'NONE', #669, #660, #1964, .T. ) ;
#720 = ADVANCED_FACE ( 'NONE', ( #1960 ), #1959, .T. ) ;
#721 = VERTEX_POINT ( 'NONE', #1954 ) ;
#722 = VERTEX_POINT ( 'NONE', #1953 ) ;
#723 = ORIENTED_EDGE ( 'NONE', *, *, #724, .F. ) ;
#724 = EDGE_CURVE ( 'NONE', #725, #730, #1925, .T. ) ;
#725 = VERTEX_POINT ( 'NONE', #1920 ) ;
#726 = EDGE_LOOP ( 'NONE', ( #657, #675, #674, #681 ) ) ;
#727 = ORIENTED_EDGE ( 'NONE', *, *, #766, .T. ) ;
#728 = EDGE_LOOP ( 'NONE', ( #731, #764 ) ) ;
#729 = VERTEX_POINT ( 'NONE', #1919 ) ;
#730 = VERTEX_POINT ( 'NONE', #1918 ) ;
#731 = ORIENTED_EDGE ( 'NONE', *, *, #732, .F. ) ;
#732 = EDGE_CURVE ( 'NONE', #670, #660, #1917, .T. ) ;
#733 = EDGE_CURVE ( 'NONE', #661, #707, #1913, .T. ) ;
#734 = ORIENTED_EDGE ( 'NONE', *, *, #672, .T. ) ;
#735 = CARTESIAN_POINT ( 'NONE',  ( 53.19884194358166200, -64.19884194358203900, 0.0000000000000000000 ) ) ;
#736 = AXIS2_PLACEMENT_3D ( 'NONE', #735, #899, #834 ) ;
#737 = CIRCLE ( 'NONE', #736, 1.850000000000001200 ) ;
#738 = AXIS2_PLACEMENT_3D ( 'NONE', #1101, #1089, #947 ) ;
#739 = DIRECTION ( 'NONE',  ( -0.7071067811865513500, -0.7071067811865436900, 0.0000000000000000000 ) ) ;
#740 = DIRECTION ( 'NONE',  ( -0.7071067811865440200, 0.7071067811865510100, 0.0000000000000000000 ) ) ;
#741 = CARTESIAN_POINT ( 'NONE',  ( 17.84350288425444800, -28.84350288425448700, 0.0000000000000000000 ) ) ;
#742 = AXIS2_PLACEMENT_3D ( 'NONE', #741, #740, #739 ) ;
#743 = CARTESIAN_POINT ( 'NONE',  ( 12.73062527150310400, 1.700000000000000000, -2.200235294117656600 ) ) ;
#744 = ORIENTED_EDGE ( 'NONE', *, *, #673, .F. ) ;
#745 = DIRECTION ( 'NONE',  ( 0.0000000000000000000, 0.0000000000000000000, -1.000000000000000000 ) ) ;
#746 = DIRECTION ( 'NONE',  ( 0.0000000000000000000, -1.000000000000000000, 0.0000000000000000000 ) ) ;
#747 = AXIS2_PLACEMENT_3D ( 'NONE', #749, #746, #745 ) ;
#748 = CYLINDRICAL_SURFACE ( 'NONE', #747, 1.800235294117664900 ) ;
#749 = CARTESIAN_POINT ( 'NONE',  ( 8.050000000000009600, 1.700000000000000000, -2.150000000000033700 ) ) ;
#750 = DIRECTION ( 'NONE',  ( 0.0000000000000000000, 0.0000000000000000000, 1.000000000000000000 ) ) ;
#751 = DIRECTION ( 'NONE',  ( 0.0000000000000000000, 1.000000000000000000, 0.0000000000000000000 ) ) ;
#752 = AXIS2_PLACEMENT_3D ( 'NONE', #693, #751, #750 ) ;
#753 = CIRCLE ( 'NONE', #752, 1.100000000000003000 ) ;
#754 = FACE_OUTER_BOUND ( 'NONE', #9, .T. ) ;
#755 = EDGE_CURVE ( 'NONE', #670, #660, #1909, .T. ) ;
#756 = ORIENTED_EDGE ( 'NONE', *, *, #658, .T. ) ;
#757 = ADVANCED_FACE ( 'NONE', ( #1904, #1903 ), #1901, .F. ) ;
#758 = EDGE_LOOP ( 'NONE', ( #761, #708, #734, #416, #686, #723, #702, #706, #701, #179, #640, #574, #522, #577, #595, #641, #583, #585 ) ) ;
#759 = VERTEX_POINT ( 'NONE', #1902 ) ;
#760 = EDGE_CURVE ( 'NONE', #707, #663, #1946, .T. ) ;
#761 = ORIENTED_EDGE ( 'NONE', *, *, #762, .F. ) ;
#762 = EDGE_CURVE ( 'NONE', #759, #566, #1941, .T. ) ;
#763 = EDGE_LOOP ( 'NONE', ( #662, #665, #727, #765 ) ) ;
#764 = ORIENTED_EDGE ( 'NONE', *, *, #755, .T. ) ;
#765 = ORIENTED_EDGE ( 'NONE', *, *, #719, .T. ) ;
#766 = EDGE_CURVE ( 'NONE', #499, #669, #1937, .T. ) ;
#767 = DIRECTION ( 'NONE',  ( 1.000000000000000000, 0.0000000000000000000, 0.0000000000000000000 ) ) ;
#768 = CYLINDRICAL_SURFACE ( 'NONE', #886, 1.850000000000001200 ) ;
#769 = FACE_OUTER_BOUND ( 'NONE', #114, .T. ) ;
#770 = CARTESIAN_POINT ( 'NONE',  ( 17.30838945350666700, 1.700000000000000000, -2.200235294117657500 ) ) ;
#771 = DIRECTION ( 'NONE',  ( 1.000000000000000000, 0.0000000000000000000, 0.0000000000000000000 ) ) ;
#772 = VECTOR ( 'NONE', #771, 1000.000000000000000 ) ;
#773 = CARTESIAN_POINT ( 'NONE',  ( 5.694419545274054300E-015, -31.00000000000000000, -5.599999999999999600 ) ) ;
#774 = LINE ( 'NONE', #773, #772 ) ;
#775 = DIRECTION ( 'NONE',  ( 1.000000000000000000, 0.0000000000000000000, 0.0000000000000000000 ) ) ;
#776 = DIRECTION ( 'NONE',  ( 0.0000000000000000000, 0.0000000000000000000, 1.000000000000000000 ) ) ;
#777 = CARTESIAN_POINT ( 'NONE',  ( 5.694419545274054300E-015, -31.00000000000000000, -5.599999999999999600 ) ) ;
#778 = AXIS2_PLACEMENT_3D ( 'NONE', #777, #776, #775 ) ;
#779 = PLANE ( 'NONE',  #778 ) ;
#780 = FACE_OUTER_BOUND ( 'NONE', #72, .T. ) ;
#781 = FACE_BOUND ( 'NONE', #52, .T. ) ;
#782 = FACE_BOUND ( 'NONE', #105, .T. ) ;
#783 = DIRECTION ( 'NONE',  ( -1.119176436114069100E-016, 1.000000000000000000, 0.0000000000000000000 ) ) ;
#784 = VECTOR ( 'NONE', #783, 1000.000000000000000 ) ;
#785 = CARTESIAN_POINT ( 'NONE',  ( 20.00000000000000400, 0.0000000000000000000, -5.599999999999999600 ) ) ;
#786 = LINE ( 'NONE', #785, #784 ) ;
#787 = DIRECTION ( 'NONE',  ( 1.119176436114069100E-016, -1.000000000000000000, 0.0000000000000000000 ) ) ;
#788 = DIRECTION ( 'NONE',  ( -1.000000000000000000, -1.119176436114069100E-016, 0.0000000000000000000 ) ) ;
#789 = CARTESIAN_POINT ( 'NONE',  ( 20.00000000000000400, 0.0000000000000000000, 5.599999999999999600 ) ) ;
#790 = AXIS2_PLACEMENT_3D ( 'NONE', #789, #788, #787 ) ;
#791 = PLANE ( 'NONE',  #790 ) ;
#792 = FACE_OUTER_BOUND ( 'NONE', #37, .T. ) ;
#793 = DIRECTION ( 'NONE',  ( -1.000000000000000000, 0.0000000000000000000, 0.0000000000000000000 ) ) ;
#794 = VECTOR ( 'NONE', #793, 1000.000000000000000 ) ;
#795 = CARTESIAN_POINT ( 'NONE',  ( 12.73062527150310600, 1.700000000000000000, -2.200235294117656600 ) ) ;
#796 = DIRECTION ( 'NONE',  ( 0.0000000000000000000, 0.0000000000000000000, 1.000000000000000000 ) ) ;
#797 = DIRECTION ( 'NONE',  ( 0.0000000000000000000, 1.000000000000000000, 0.0000000000000000000 ) ) ;
#798 = DIRECTION ( 'NONE',  ( 1.000000000000000000, 0.0000000000000000000, 0.0000000000000000000 ) ) ;
#799 = DIRECTION ( 'NONE',  ( 0.0000000000000000000, 0.0000000000000000000, 1.000000000000000000 ) ) ;
#800 = CARTESIAN_POINT ( 'NONE',  ( 3.000000000000001800, -2.799999999999999800, 5.600000000000014700 ) ) ;
#801 = AXIS2_PLACEMENT_3D ( 'NONE', #800, #799, #798 ) ;
#802 = CIRCLE ( 'NONE', #801, 1.500000000000000400 ) ;
#803 = LINE ( 'NONE', #889, #888 ) ;
#804 = DIRECTION ( 'NONE',  ( -1.000000000000000000, 0.0000000000000000000, 0.0000000000000000000 ) ) ;
#805 = VECTOR ( 'NONE', #804, 1000.000000000000000 ) ;
#806 = CARTESIAN_POINT ( 'NONE',  ( 0.1000000000000000100, -23.50000000000000000, 3.999999999999996400 ) ) ;
#807 = LINE ( 'NONE', #806, #805 ) ;
#808 = DIRECTION ( 'NONE',  ( 0.0000000000000000000, 1.084202172485504200E-016, -1.000000000000000000 ) ) ;
#809 = CYLINDRICAL_SURFACE ( 'NONE', #821, 1.500000000000000400 ) ;
#810 = DIRECTION ( 'NONE',  ( 0.0000000000000000000, 0.0000000000000000000, 1.000000000000000000 ) ) ;
#811 = DIRECTION ( 'NONE',  ( 0.0000000000000000000, 1.000000000000000000, 0.0000000000000000000 ) ) ;
#812 = AXIS2_PLACEMENT_3D ( 'NONE', #842, #811, #810 ) ;
#813 = CIRCLE ( 'NONE', #839, 1.600235294117656100 ) ;
#814 = DIRECTION ( 'NONE',  ( 0.0000000000000000000, 2.168404344971008900E-016, -1.000000000000000000 ) ) ;
#815 = CARTESIAN_POINT ( 'NONE',  ( 0.1000000000000000100, -7.499999999999999100, 4.000000000000000000 ) ) ;
#816 = AXIS2_PLACEMENT_3D ( 'NONE', #815, #814, #833 ) ;
#817 = PLANE ( 'NONE',  #816 ) ;
#818 = LINE ( 'NONE', #832, #831 ) ;
#819 = DIRECTION ( 'NONE',  ( 0.0000000000000000000, 0.0000000000000000000, 1.000000000000000000 ) ) ;
#820 = CARTESIAN_POINT ( 'NONE',  ( 3.000000000000001800, -2.799999999999999800, -5.599999999999999600 ) ) ;
#821 = AXIS2_PLACEMENT_3D ( 'NONE', #820, #819, #767 ) ;
#822 = FACE_OUTER_BOUND ( 'NONE', #123, .T. ) ;
#823 = CIRCLE ( 'NONE', #841, 1.100000000000001000 ) ;
#824 = CARTESIAN_POINT ( 'NONE',  ( 15.75000000000000000, 1.700000000000000000, -1.058300524425839900 ) ) ;
#825 = PLANE ( 'NONE',  #927 ) ;
#826 = FACE_OUTER_BOUND ( 'NONE', #107, .T. ) ;
#827 = FACE_BOUND ( 'NONE', #143, .T. ) ;
#828 = FACE_BOUND ( 'NONE', #54, .T. ) ;
#829 = CARTESIAN_POINT ( 'NONE',  ( 0.1000000000000000100, -7.499999999999999100, 4.000000000000000000 ) ) ;
#830 = DIRECTION ( 'NONE',  ( -1.000000000000000000, 0.0000000000000000000, 0.0000000000000000000 ) ) ;
#831 = VECTOR ( 'NONE', #830, 1000.000000000000000 ) ;
#832 = CARTESIAN_POINT ( 'NONE',  ( 0.1000000000000000100, -7.499999999999999100, 4.000000000000000000 ) ) ;
#833 = DIRECTION ( 'NONE',  ( 0.0000000000000000000, 1.000000000000000000, 2.168404344971008900E-016 ) ) ;
#834 = DIRECTION ( 'NONE',  ( 0.7071067811865513500, 0.7071067811865438000, 0.0000000000000000000 ) ) ;
#835 = CARTESIAN_POINT ( 'NONE',  ( 15.75000000000000000, 1.700000000000000000, 1.058300524425839900 ) ) ;
#836 = DIRECTION ( 'NONE',  ( 0.0000000000000000000, 0.0000000000000000000, 1.000000000000000000 ) ) ;
#837 = CARTESIAN_POINT ( 'NONE',  ( 16.25000000000000000, 1.700000000000000000, -1.000000000000007800 ) ) ;
#838 = AXIS2_PLACEMENT_3D ( 'NONE', #840, #873, #808 ) ;
#839 = AXIS2_PLACEMENT_3D ( 'NONE', #837, #874, #836 ) ;
#840 = CARTESIAN_POINT ( 'NONE',  ( 0.1000000000000000100, -7.499999999999998200, -4.000000000000001800 ) ) ;
#841 = AXIS2_PLACEMENT_3D ( 'NONE', #846, #845, #844 ) ;
#842 = CARTESIAN_POINT ( 'NONE',  ( 16.04999999999999700, 1.700000000000000000, 0.0000000000000000000 ) ) ;
#843 = CIRCLE ( 'NONE', #812, 1.100000000000003000 ) ;
#844 = DIRECTION ( 'NONE',  ( 0.0000000000000000000, 0.0000000000000000000, 1.000000000000000000 ) ) ;
#845 = DIRECTION ( 'NONE',  ( 0.0000000000000000000, 1.000000000000000000, 0.0000000000000000000 ) ) ;
#846 = CARTESIAN_POINT ( 'NONE',  ( 16.04999999999999700, 1.700000000000000000, 0.0000000000000000000 ) ) ;
#847 = CIRCLE ( 'NONE', #921, 1.600235294117659200 ) ;
#848 = CARTESIAN_POINT ( 'NONE',  ( 17.30838945350664900, 1.700000000000000000, 2.200235294117657100 ) ) ;
#849 = DIRECTION ( 'NONE',  ( 1.000000000000000000, 0.0000000000000000000, 1.745951540621401100E-015 ) ) ;
#850 = VECTOR ( 'NONE', #849, 1000.000000000000000 ) ;
#851 = CARTESIAN_POINT ( 'NONE',  ( 17.45007842880959400, 1.700000000000000000, 2.200235294117656600 ) ) ;
#852 = LINE ( 'NONE', #851, #850 ) ;
#853 = DIRECTION ( 'NONE',  ( 6.122977180069026600E-015, 0.0000000000000000000, 1.000000000000000000 ) ) ;
#854 = DIRECTION ( 'NONE',  ( 1.000000000000000000, 0.0000000000000000000, 0.0000000000000000000 ) ) ;
#855 = DIRECTION ( 'NONE',  ( 0.0000000000000000000, 0.0000000000000000000, 1.000000000000000000 ) ) ;
#856 = CARTESIAN_POINT ( 'NONE',  ( 3.000000000000004900, -28.19999999999999900, -5.599999999999999600 ) ) ;
#857 = AXIS2_PLACEMENT_3D ( 'NONE', #856, #855, #854 ) ;
#858 = CIRCLE ( 'NONE', #857, 1.500000000000000900 ) ;
#859 = FACE_OUTER_BOUND ( 'NONE', #56, .T. ) ;
#860 = DIRECTION ( 'NONE',  ( 0.0000000000000000000, -1.000000000000000000, 0.0000000000000000000 ) ) ;
#861 = CARTESIAN_POINT ( 'NONE',  ( 12.73062527150307400, 1.700000000000000000, 5.599999999999994300 ) ) ;
#862 = AXIS2_PLACEMENT_3D ( 'NONE', #861, #860, #853 ) ;
#863 = CIRCLE ( 'NONE', #862, 3.399764705882345300 ) ;
#864 = DIRECTION ( 'NONE',  ( 0.0000000000000000000, 0.0000000000000000000, 1.000000000000000000 ) ) ;
#865 = DIRECTION ( 'NONE',  ( 0.0000000000000000000, 1.000000000000000000, 0.0000000000000000000 ) ) ;
#866 = CARTESIAN_POINT ( 'NONE',  ( 12.15000000000000000, 1.700000000000000000, 0.0000000000000000000 ) ) ;
#867 = AXIS2_PLACEMENT_3D ( 'NONE', #866, #865, #864 ) ;
#868 = CIRCLE ( 'NONE', #867, 1.100000000000001000 ) ;
#869 = DIRECTION ( 'NONE',  ( 1.000000000000000000, 0.0000000000000000000, 0.0000000000000000000 ) ) ;
#870 = VECTOR ( 'NONE', #869, 1000.000000000000000 ) ;
#871 = CARTESIAN_POINT ( 'NONE',  ( 5.694419545274054300E-015, -31.00000000000000000, 5.599999999999999600 ) ) ;
#872 = LINE ( 'NONE', #871, #870 ) ;
#873 = DIRECTION ( 'NONE',  ( 0.0000000000000000000, -1.000000000000000000, -1.084202172485504200E-016 ) ) ;
#874 = DIRECTION ( 'NONE',  ( 0.0000000000000000000, 1.000000000000000000, 0.0000000000000000000 ) ) ;
#875 = PLANE ( 'NONE',  #738 ) ;
#876 = CYLINDRICAL_SURFACE ( 'NONE', #1366, 1.100000000000002800 ) ;
#877 = FACE_OUTER_BOUND ( 'NONE', #122, .T. ) ;
#878 = DIRECTION ( 'NONE',  ( 0.7071067811865507900, 0.7071067811865441300, 0.0000000000000000000 ) ) ;
#879 = DIRECTION ( 'NONE',  ( 0.7071067811865442400, -0.7071067811865509000, 0.0000000000000000000 ) ) ;
#880 = CARTESIAN_POINT ( 'NONE',  ( 53.19884194358166200, -64.19884194358203900, 0.0000000000000000000 ) ) ;
#881 = AXIS2_PLACEMENT_3D ( 'NONE', #880, #879, #878 ) ;
#882 = PLANE ( 'NONE',  #881 ) ;
#883 = DIRECTION ( 'NONE',  ( -0.7071067811865513500, -0.7071067811865438000, 0.0000000000000000000 ) ) ;
#884 = DIRECTION ( 'NONE',  ( -0.7071067811865441300, 0.7071067811865510100, 0.0000000000000000000 ) ) ;
#885 = CARTESIAN_POINT ( 'NONE',  ( 53.19884194358166200, -64.19884194358203900, 0.0000000000000000000 ) ) ;
#886 = AXIS2_PLACEMENT_3D ( 'NONE', #885, #884, #883 ) ;
#887 = FACE_OUTER_BOUND ( 'NONE', #119, .T. ) ;
#888 = VECTOR ( 'NONE', #930, 1000.000000000000000 ) ;
#889 = CARTESIAN_POINT ( 'NONE',  ( 0.1000000000000000100, -7.499999999999999100, 4.000000000000000000 ) ) ;
#890 = DIRECTION ( 'NONE',  ( 1.000000000000000000, 0.0000000000000000000, 0.0000000000000000000 ) ) ;
#891 = DIRECTION ( 'NONE',  ( 0.0000000000000000000, 0.0000000000000000000, 1.000000000000000000 ) ) ;
#892 = CARTESIAN_POINT ( 'NONE',  ( 3.000000000000004900, -28.19999999999999900, -5.599999999999999600 ) ) ;
#893 = AXIS2_PLACEMENT_3D ( 'NONE', #892, #891, #890 ) ;
#894 = CYLINDRICAL_SURFACE ( 'NONE', #893, 1.500000000000000900 ) ;
#895 = FACE_OUTER_BOUND ( 'NONE', #66, .T. ) ;
#896 = DIRECTION ( 'NONE',  ( 1.000000000000000000, 0.0000000000000000000, 0.0000000000000000000 ) ) ;
#897 = DIRECTION ( 'NONE',  ( 0.0000000000000000000, 0.0000000000000000000, 1.000000000000000000 ) ) ;
#898 = FACE_OUTER_BOUND ( 'NONE', #79, .T. ) ;
#899 = DIRECTION ( 'NONE',  ( 0.7071067811865441300, -0.7071067811865509000, 0.0000000000000000000 ) ) ;
#900 = LINE ( 'NONE', #901, #902 ) ;
#901 = CARTESIAN_POINT ( 'NONE',  ( 0.1000000000000000100, -23.50000000000000000, -4.000000000000003600 ) ) ;
#902 = VECTOR ( 'NONE', #903, 1000.000000000000000 ) ;
#903 = DIRECTION ( 'NONE',  ( -1.000000000000000000, 0.0000000000000000000, 0.0000000000000000000 ) ) ;
#904 = PLANE ( 'NONE',  #838 ) ;
#905 = CARTESIAN_POINT ( 'NONE',  ( 8.050000000000009600, 1.700000000000000000, -2.150000000000033700 ) ) ;
#906 = AXIS2_PLACEMENT_3D ( 'NONE', #905, #797, #796 ) ;
#907 = LINE ( 'NONE', #795, #794 ) ;
#908 = PLANE ( 'NONE',  #906 ) ;
#909 = FACE_BOUND ( 'NONE', #28, .T. ) ;
#910 = FACE_OUTER_BOUND ( 'NONE', #95, .T. ) ;
#911 = CARTESIAN_POINT ( 'NONE',  ( 0.1000000000000000100, -7.499999999999998200, -4.000000000000001800 ) ) ;
#912 = DIRECTION ( 'NONE',  ( 0.0000000000000000000, 0.0000000000000000000, 1.000000000000000000 ) ) ;
#913 = DIRECTION ( 'NONE',  ( 0.0000000000000000000, -1.000000000000000000, 0.0000000000000000000 ) ) ;
#914 = CARTESIAN_POINT ( 'NONE',  ( 12.73062527150311500, 1.700000000000000000, -5.600000000000014700 ) ) ;
#915 = AXIS2_PLACEMENT_3D ( 'NONE', #914, #913, #912 ) ;
#916 = CIRCLE ( 'NONE', #915, 3.399764705882351000 ) ;
#917 = CARTESIAN_POINT ( 'NONE',  ( 17.85023529411765300, 1.700000000000000000, 0.9999999999999991100 ) ) ;
#918 = DIRECTION ( 'NONE',  ( 0.0000000000000000000, 0.0000000000000000000, 1.000000000000000000 ) ) ;
#919 = DIRECTION ( 'NONE',  ( 0.0000000000000000000, 1.000000000000000000, 0.0000000000000000000 ) ) ;
#920 = CARTESIAN_POINT ( 'NONE',  ( 16.24999999999999300, 1.700000000000000000, 0.9999999999999940000 ) ) ;
#921 = AXIS2_PLACEMENT_3D ( 'NONE', #920, #919, #918 ) ;
#922 = AXIS2_PLACEMENT_3D ( 'NONE', #928, #897, #896 ) ;
#923 = CIRCLE ( 'NONE', #922, 1.500000000000000900 ) ;
#924 = DIRECTION ( 'NONE',  ( 1.000000000000000000, 0.0000000000000000000, 0.0000000000000000000 ) ) ;
#925 = DIRECTION ( 'NONE',  ( 0.0000000000000000000, 0.0000000000000000000, 1.000000000000000000 ) ) ;
#926 = CARTESIAN_POINT ( 'NONE',  ( 5.694419545274054300E-015, -31.00000000000000000, 5.599999999999999600 ) ) ;
#927 = AXIS2_PLACEMENT_3D ( 'NONE', #926, #925, #924 ) ;
#928 = CARTESIAN_POINT ( 'NONE',  ( 3.000000000000004900, -28.19999999999999900, 5.600000000000014700 ) ) ;
#929 = CARTESIAN_POINT ( 'NONE',  ( 0.1000000000000000100, -23.50000000000000000, 3.999999999999996400 ) ) ;
#930 = DIRECTION ( 'NONE',  ( 0.0000000000000000000, -1.000000000000000000, -2.168404344971008900E-016 ) ) ;
#931 = PLANE ( 'NONE',  #961 ) ;
#932 = CARTESIAN_POINT ( 'NONE',  ( 7.000671030215894300, 0.7015138626294148400, -3.612790424961756800 ) ) ;
#933 = DIRECTION ( 'NONE',  ( 0.0000000000000000000, -1.000000000000000000, 0.0000000000000000000 ) ) ;
#934 = VECTOR ( 'NONE', #933, 1000.000000000000000 ) ;
#935 = CARTESIAN_POINT ( 'NONE',  ( 7.583555374952887000, 1.700000000000000000, 3.800235294117619000 ) ) ;
#936 = CARTESIAN_POINT ( 'NONE',  ( 6.252508888994932500, 0.003319892797762966000, -2.334266370500484000 ) ) ;
#937 = CARTESIAN_POINT ( 'NONE',  ( 6.250000000000002700, 0.0000000000000000000, -2.179105226109578900 ) ) ;
#938 = AXIS2_PLACEMENT_3D ( 'NONE', #940, #1035, #1034 ) ;
#939 = CIRCLE ( 'NONE', #938, 14.00000000000000500 ) ;
#940 = CARTESIAN_POINT ( 'NONE',  ( 11.94999999999999900, -12.30000000000000600, -3.800235294117678000 ) ) ;
#941 = B_SPLINE_CURVE_WITH_KNOTS ( 'NONE', 3,
 ( #937, #936, #1043, #1042, #1041, #1040, #1039, #1038, #1037, #1036 ),
 .UNSPECIFIED., .F., .F.,
 ( 4, 2, 2, 2, 4 ),
 ( 2.357126526345954500E-016, 0.0004581232415106733400, 0.0009162464830211109600, 0.001374369724531548500, 0.001832492966041986200 ),
 .UNSPECIFIED. ) ;
#942 = CARTESIAN_POINT ( 'NONE',  ( 7.000671030215894300, 0.7015138626294148400, -3.612790424961756800 ) ) ;
#943 = CARTESIAN_POINT ( 'NONE',  ( 7.166787966578329600, 0.8102233182330194100, -3.731953984362943900 ) ) ;
#944 = CARTESIAN_POINT ( 'NONE',  ( 7.366595295075996800, 0.9158703545957059800, -3.800235294117678000 ) ) ;
#945 = CARTESIAN_POINT ( 'NONE',  ( 7.583555374952913700, 0.9978032506908030000, -3.800235294117678000 ) ) ;
#946 = B_SPLINE_CURVE_WITH_KNOTS ( 'NONE', 3,
 ( #945, #944, #943, #942 ),
 .UNSPECIFIED., .F., .F.,
 ( 4, 4 ),
 ( 0.0000000000000000000, 0.0006850035190110754400 ),
 .UNSPECIFIED. ) ;
#947 = DIRECTION ( 'NONE',  ( 0.0000000000000000000, 0.0000000000000000000, 1.000000000000000000 ) ) ;
#948 = CARTESIAN_POINT ( 'NONE',  ( 11.85000000000000100, 1.899999999999999900, -1.058300524425837200 ) ) ;
#949 = DIRECTION ( 'NONE',  ( 0.0000000000000000000, 0.0000000000000000000, 1.000000000000000000 ) ) ;
#950 = DIRECTION ( 'NONE',  ( 0.0000000000000000000, 1.000000000000000000, 0.0000000000000000000 ) ) ;
#951 = CARTESIAN_POINT ( 'NONE',  ( 12.15000000000000000, 1.899999999999999900, 0.0000000000000000000 ) ) ;
#952 = AXIS2_PLACEMENT_3D ( 'NONE', #951, #950, #949 ) ;
#953 = PLANE ( 'NONE',  #952 ) ;
#954 = LINE ( 'NONE', #948, #1025 ) ;
#955 = AXIS2_PLACEMENT_3D ( 'NONE', #1060, #1029, #1028 ) ;
#956 = CARTESIAN_POINT ( 'NONE',  ( 17.45007842880959400, 0.0000000000000000000, 2.600235294117646300 ) ) ;
#957 = CARTESIAN_POINT ( 'NONE',  ( 17.40562023025772500, 0.5668790788244504300, 2.466851981453074900 ) ) ;
#958 = DIRECTION ( 'NONE',  ( 0.0000000000000000000, -0.9734171683335770500, 0.2290393337255431400 ) ) ;
#959 = DIRECTION ( 'NONE',  ( -1.699539204719330500E-015, 0.2290393337255431400, 0.9734171683335770500 ) ) ;
#960 = CARTESIAN_POINT ( 'NONE',  ( 8.050000000000002500, 1.700000000000000000, 2.200235294117640200 ) ) ;
#961 = AXIS2_PLACEMENT_3D ( 'NONE', #960, #959, #958 ) ;
#962 = DIRECTION ( 'NONE',  ( -1.000000000000000000, 0.0000000000000000000, 0.0000000000000000000 ) ) ;
#963 = DIRECTION ( 'NONE',  ( 0.0000000000000000000, 0.0000000000000000000, -1.000000000000000000 ) ) ;
#964 = CARTESIAN_POINT ( 'NONE',  ( 7.330576210960907200, 1.700000000000000000, 3.800235294117619000 ) ) ;
#965 = AXIS2_PLACEMENT_3D ( 'NONE', #964, #963, #962 ) ;
#966 = PLANE ( 'NONE',  #965 ) ;
#967 = LINE ( 'NONE', #935, #934 ) ;
#968 = DIRECTION ( 'NONE',  ( 9.932997728394886900E-016, -0.9734171683335770500, -0.2290393337255431400 ) ) ;
#969 = CARTESIAN_POINT ( 'NONE',  ( 12.73062527150310400, 1.700000000000000000, -2.200235294117656600 ) ) ;
#970 = LINE ( 'NONE', #969, #1056 ) ;
#971 = FACE_OUTER_BOUND ( 'NONE', #171, .T. ) ;
#972 = DIRECTION ( 'NONE',  ( 0.2290393337255431400, -0.9734171683335770500, 1.614112130864169000E-015 ) ) ;
#973 = VECTOR ( 'NONE', #972, 999.9999999999998900 ) ;
#974 = CARTESIAN_POINT ( 'NONE',  ( 17.85023529411765300, 1.700000000000000000, -0.9999999999999967800 ) ) ;
#975 = DIRECTION ( 'NONE',  ( 0.0000000000000000000, 0.0000000000000000000, -1.000000000000000000 ) ) ;
#976 = DIRECTION ( 'NONE',  ( 0.0000000000000000000, -1.000000000000000000, 0.0000000000000000000 ) ) ;
#977 = CARTESIAN_POINT ( 'NONE',  ( 7.583555374952913700, 1.700000000000000000, -2.800235294117678000 ) ) ;
#978 = AXIS2_PLACEMENT_3D ( 'NONE', #977, #976, #975 ) ;
#979 = LINE ( 'NONE', #974, #973 ) ;
#980 = CYLINDRICAL_SURFACE ( 'NONE', #978, 1.000000000000000000 ) ;
#981 = FACE_OUTER_BOUND ( 'NONE', #358, .T. ) ;
#982 = CARTESIAN_POINT ( 'NONE',  ( 7.583555374952887000, 1.700000000000000000, 2.800235294117619000 ) ) ;
#983 = DIRECTION ( 'NONE',  ( 0.0000000000000000000, 0.9734171683335770500, 0.2290393337255431100 ) ) ;
#984 = DIRECTION ( 'NONE',  ( 0.0000000000000000000, 0.2290393337255431100, -0.9734171683335770500 ) ) ;
#985 = CARTESIAN_POINT ( 'NONE',  ( 8.050000000000009600, 1.700000000000000000, -2.200235294117656600 ) ) ;
#986 = DIRECTION ( 'NONE',  ( 0.0000000000000000000, 0.0000000000000000000, 1.000000000000000000 ) ) ;
#987 = DIRECTION ( 'NONE',  ( -1.000000000000000000, 0.0000000000000000000, 0.0000000000000000000 ) ) ;
#988 = CARTESIAN_POINT ( 'NONE',  ( 11.85000000000000100, 1.300000000000000000, -1.058300524425837200 ) ) ;
#989 = AXIS2_PLACEMENT_3D ( 'NONE', #988, #987, #986 ) ;
#990 = PLANE ( 'NONE',  #989 ) ;
#991 = FACE_OUTER_BOUND ( 'NONE', #192, .T. ) ;
#992 = DIRECTION ( 'NONE',  ( 0.0000000000000000000, 0.0000000000000000000, 1.000000000000000000 ) ) ;
#993 = DIRECTION ( 'NONE',  ( 0.0000000000000000000, 1.000000000000000000, 0.0000000000000000000 ) ) ;
#994 = CARTESIAN_POINT ( 'NONE',  ( 16.04999999999999700, 1.300000000000000000, 0.0000000000000000000 ) ) ;
#995 = AXIS2_PLACEMENT_3D ( 'NONE', #994, #993, #992 ) ;
#996 = CIRCLE ( 'NONE', #995, 1.100000000000003000 ) ;
#997 = DIRECTION ( 'NONE',  ( 0.0000000000000000000, 1.000000000000000000, 0.0000000000000000000 ) ) ;
#998 = VECTOR ( 'NONE', #997, 1000.000000000000000 ) ;
#999 = CARTESIAN_POINT ( 'NONE',  ( 15.75000000000000000, 1.300000000000000000, -1.058300524425839900 ) ) ;
#1000 = LINE ( 'NONE', #999, #998 ) ;
#1001 = DIRECTION ( 'NONE',  ( 0.0000000000000000000, 1.000000000000000000, 0.0000000000000000000 ) ) ;
#1002 = VECTOR ( 'NONE', #1001, 1000.000000000000000 ) ;
#1003 = CARTESIAN_POINT ( 'NONE',  ( 15.75000000000000000, 1.300000000000000000, 1.058300524425839900 ) ) ;
#1004 = LINE ( 'NONE', #1003, #1002 ) ;
#1005 = DIRECTION ( 'NONE',  ( 0.0000000000000000000, 0.0000000000000000000, 1.000000000000000000 ) ) ;
#1006 = DIRECTION ( 'NONE',  ( 0.0000000000000000000, 1.000000000000000000, 0.0000000000000000000 ) ) ;
#1007 = CARTESIAN_POINT ( 'NONE',  ( 12.15000000000000000, 1.300000000000000000, 0.0000000000000000000 ) ) ;
#1008 = AXIS2_PLACEMENT_3D ( 'NONE', #1007, #1006, #1005 ) ;
#1009 = PLANE ( 'NONE',  #1008 ) ;
#1010 = FACE_OUTER_BOUND ( 'NONE', #211, .T. ) ;
#1011 = DIRECTION ( 'NONE',  ( 0.0000000000000000000, 1.000000000000000000, 0.0000000000000000000 ) ) ;
#1012 = VECTOR ( 'NONE', #1011, 1000.000000000000000 ) ;
#1013 = CARTESIAN_POINT ( 'NONE',  ( 15.75000000000000000, 1.300000000000000000, 1.058300524425839900 ) ) ;
#1014 = LINE ( 'NONE', #1013, #1012 ) ;
#1015 = CARTESIAN_POINT ( 'NONE',  ( 12.09914581193528300, 1.699205531985813500, -2.262870566174842100 ) ) ;
#1016 = CARTESIAN_POINT ( 'NONE',  ( 11.05136106449417200, 1.712914210256891900, -2.438625214713597200 ) ) ;
#1017 = DIRECTION ( 'NONE',  ( -0.2290393337255431100, 0.9734171683335770500, 0.0000000000000000000 ) ) ;
#1018 = DIRECTION ( 'NONE',  ( 0.9734171683335770500, 0.2290393337255431100, 0.0000000000000000000 ) ) ;
#1019 = CARTESIAN_POINT ( 'NONE',  ( 17.85023529411765300, 1.700000000000000000, -2.150000000000033700 ) ) ;
#1020 = AXIS2_PLACEMENT_3D ( 'NONE', #1019, #1018, #1017 ) ;
#1021 = PLANE ( 'NONE',  #1020 ) ;
#1022 = CARTESIAN_POINT ( 'NONE',  ( 17.84350288425445200, -28.84350288425448700, 0.0000000000000000000 ) ) ;
#1023 = FACE_OUTER_BOUND ( 'NONE', #229, .T. ) ;
#1024 = DIRECTION ( 'NONE',  ( 0.0000000000000000000, 0.0000000000000000000, 1.000000000000000000 ) ) ;
#1025 = VECTOR ( 'NONE', #1024, 1000.000000000000000 ) ;
#1026 = CONICAL_SURFACE ( 'NONE', #955, 1.600235294117659200, 0.2310906671958932500 ) ;
#1027 = FACE_OUTER_BOUND ( 'NONE', #149, .T. ) ;
#1028 = DIRECTION ( 'NONE',  ( 0.0000000000000000000, 0.0000000000000000000, -1.000000000000000000 ) ) ;
#1029 = DIRECTION ( 'NONE',  ( 0.0000000000000000000, -1.000000000000000000, 0.0000000000000000000 ) ) ;
#1030 = FACE_OUTER_BOUND ( 'NONE', #154, .T. ) ;
#1031 = CARTESIAN_POINT ( 'NONE',  ( 16.35000000000000100, 1.300000000000000000, 1.058300524425838600 ) ) ;
#1032 = FACE_OUTER_BOUND ( 'NONE', #321, .T. ) ;
#1033 = CARTESIAN_POINT ( 'NONE',  ( 7.741625102481687100, 1.052512150226178900, -3.800235294117678000 ) ) ;
#1034 = DIRECTION ( 'NONE',  ( 1.000000000000000000, -7.062802723619854500E-015, 0.0000000000000000000 ) ) ;
#1035 = DIRECTION ( 'NONE',  ( 0.0000000000000000000, 0.0000000000000000000, -1.000000000000000000 ) ) ;
#1036 = CARTESIAN_POINT ( 'NONE',  ( 7.000671030215894300, 0.7015138626294148400, -3.612790424961756800 ) ) ;
#1037 = CARTESIAN_POINT ( 'NONE',  ( 6.890564402436564400, 0.6294584068381518000, -3.533805717157759900 ) ) ;
#1038 = CARTESIAN_POINT ( 'NONE',  ( 6.790944778631083700, 0.5538061191804127800, -3.443517951745620000 ) ) ;
#1039 = CARTESIAN_POINT ( 'NONE',  ( 6.615104008012805200, 0.4046788668660629700, -3.245208762804415900 ) ) ;
#1040 = CARTESIAN_POINT ( 'NONE',  ( 6.537558770752276900, 0.3300715804575432000, -3.136021734519383500 ) ) ;
#1041 = CARTESIAN_POINT ( 'NONE',  ( 6.405461735786738100, 0.1914373671305041600, -2.895124976370667500 ) ) ;
#1042 = CARTESIAN_POINT ( 'NONE',  ( 6.352277024739585400, 0.1288946012520785800, -2.766460903474168700 ) ) ;
#1043 = CARTESIAN_POINT ( 'NONE',  ( 6.274969917846536100, 0.03359773195505994000, -2.483999331869848800 ) ) ;
#1044 = FACE_OUTER_BOUND ( 'NONE', #237, .T. ) ;
#1045 = CARTESIAN_POINT ( 'NONE',  ( 17.85023529411765300, 1.700000000000000000, -0.9999999999999967800 ) ) ;
#1046 = DIRECTION ( 'NONE',  ( 0.0000000000000000000, 0.0000000000000000000, -1.000000000000000000 ) ) ;
#1047 = VECTOR ( 'NONE', #1046, 1000.000000000000000 ) ;
#1048 = CARTESIAN_POINT ( 'NONE',  ( 17.85023529411765300, 1.700000000000000000, -0.9999999999999940000 ) ) ;
#1049 = CARTESIAN_POINT ( 'NONE',  ( 20.00000000000000400, 0.0000000000000000000, 5.599999999999999600 ) ) ;
#1050 = CARTESIAN_POINT ( 'NONE',  ( 10.11327697251458000, 1.592452074421002700, -3.008630306375222200 ) ) ;
#1051 = CARTESIAN_POINT ( 'NONE',  ( 9.555561528853202100, 1.493718295220190800, -3.800235294117677100 ) ) ;
#1052 = CARTESIAN_POINT ( 'NONE',  ( 12.15746289374963000, -0.0006979968981712415800, -2.655501200648000100 ) ) ;
#1053 = CARTESIAN_POINT ( 'NONE',  ( 11.34521708699553400, 0.01134605615427680700, -2.810577400677108700 ) ) ;
#1054 = CARTESIAN_POINT ( 'NONE',  ( 10.61801154983344900, -0.09448853461582602800, -3.313518428678636300 ) ) ;
#1055 = CARTESIAN_POINT ( 'NONE',  ( 10.18566890351962500, -0.1812332120565396900, -4.011986972434507400 ) ) ;
#1056 = VECTOR ( 'NONE', #968, 999.9999999999998900 ) ;
#1057 = B_SPLINE_SURFACE_WITH_KNOTS ( 'NONE', 1, 3, ( 
 ( #1055, #1054, #1053, #1052 ),
 ( #1051, #1050, #1016, #1015 ) ),
 .UNSPECIFIED., .F., .F., .F.,
 ( 2, 2 ),
 ( 4, 4 ),
 ( 0.0000000000000000000, 1.000000000000000000 ),
 ( 0.004391995747677388000, 0.007173164388519344400 ),
 .UNSPECIFIED. ) ;
#1058 = CARTESIAN_POINT ( 'NONE',  ( 0.1000000000000000100, -23.50000000000000000, -4.000000000000003600 ) ) ;
#1059 = VECTOR ( 'NONE', #1085, 1000.000000000000000 ) ;
#1060 = CARTESIAN_POINT ( 'NONE',  ( 16.24999999999999300, 1.700000000000000000, 0.9999999999999940000 ) ) ;
#1061 = B_SPLINE_CURVE_WITH_KNOTS ( 'NONE', 3,
 ( #1069, #1068, #957, #956 ),
 .UNSPECIFIED., .F., .F.,
 ( 4, 4 ),
 ( 2.168404344971008900E-019, 0.001752163167551010600 ),
 .UNSPECIFIED. ) ;
#1062 = LINE ( 'NONE', #1079, #1078 ) ;
#1063 = FACE_OUTER_BOUND ( 'NONE', #174, .T. ) ;
#1064 = DIRECTION ( 'NONE',  ( 0.0000000000000000000, 1.000000000000000000, 0.0000000000000000000 ) ) ;
#1065 = VECTOR ( 'NONE', #1064, 1000.000000000000000 ) ;
#1066 = CARTESIAN_POINT ( 'NONE',  ( 11.85000000000000100, 1.300000000000000000, 1.058300524425837200 ) ) ;
#1067 = LINE ( 'NONE', #1066, #1065 ) ;
#1068 = CARTESIAN_POINT ( 'NONE',  ( 17.35875770296813800, 1.133589494770164100, 2.333508354171732500 ) ) ;
#1069 = CARTESIAN_POINT ( 'NONE',  ( 17.30838945350664900, 1.700000000000000000, 2.200235294117657100 ) ) ;
#1070 = CARTESIAN_POINT ( 'NONE',  ( 15.75000000000000000, 1.300000000000000000, 1.058300524425839900 ) ) ;
#1071 = DIRECTION ( 'NONE',  ( 0.7071067811865503500, 0.7071067811865446900, 0.0000000000000000000 ) ) ;
#1072 = DIRECTION ( 'NONE',  ( 0.7071067811865441300, -0.7071067811865509000, 0.0000000000000000000 ) ) ;
#1073 = AXIS2_PLACEMENT_3D ( 'NONE', #1022, #1072, #1071 ) ;
#1074 = CIRCLE ( 'NONE', #1073, 1.849999999999998800 ) ;
#1075 = DIRECTION ( 'NONE',  ( 1.000000000000000000, 0.0000000000000000000, 0.0000000000000000000 ) ) ;
#1076 = LINE ( 'NONE', #1048, #1047 ) ;
#1077 = DIRECTION ( 'NONE',  ( 0.0000000000000000000, 1.000000000000000000, 0.0000000000000000000 ) ) ;
#1078 = VECTOR ( 'NONE', #1077, 1000.000000000000000 ) ;
#1079 = CARTESIAN_POINT ( 'NONE',  ( 7.000671030216006200, 1.700000000000000000, 3.612790424961463700 ) ) ;
#1080 = AXIS2_PLACEMENT_3D ( 'NONE', #985, #984, #983 ) ;
#1081 = PLANE ( 'NONE',  #1080 ) ;
#1082 = FACE_OUTER_BOUND ( 'NONE', #406, .T. ) ;
#1083 = FACE_OUTER_BOUND ( 'NONE', #394, .T. ) ;
#1084 = DIRECTION ( 'NONE',  ( 0.0000000000000000000, 0.0000000000000000000, 1.000000000000000000 ) ) ;
#1085 = DIRECTION ( 'NONE',  ( 0.0000000000000000000, 0.0000000000000000000, -1.000000000000000000 ) ) ;
#1086 = CARTESIAN_POINT ( 'NONE',  ( 0.1000000000000000100, -23.50000000000000000, -4.000000000000003600 ) ) ;
#1087 = LINE ( 'NONE', #1086, #1059 ) ;
#1088 = PLANE ( 'NONE',  #1102 ) ;
#1089 = DIRECTION ( 'NONE',  ( -1.000000000000000000, 0.0000000000000000000, 0.0000000000000000000 ) ) ;
#1090 = LINE ( 'NONE', #1049, #1093 ) ;
#1091 = AXIS2_PLACEMENT_3D ( 'NONE', #1105, #1084, #1075 ) ;
#1092 = CIRCLE ( 'NONE', #1091, 1.500000000000000400 ) ;
#1093 = VECTOR ( 'NONE', #1104, 1000.000000000000000 ) ;
#1094 = DIRECTION ( 'NONE',  ( 0.0000000000000000000, 0.0000000000000000000, 1.000000000000000000 ) ) ;
#1095 = DIRECTION ( 'NONE',  ( 0.0000000000000000000, 1.000000000000000000, 0.0000000000000000000 ) ) ;
#1096 = CARTESIAN_POINT ( 'NONE',  ( 0.1000000000000000100, -23.50000000000000000, -4.000000000000003600 ) ) ;
#1097 = DIRECTION ( 'NONE',  ( 0.0000000000000000000, 0.0000000000000000000, -1.000000000000000000 ) ) ;
#1098 = DIRECTION ( 'NONE',  ( 0.0000000000000000000, -1.000000000000000000, 0.0000000000000000000 ) ) ;
#1099 = AXIS2_PLACEMENT_3D ( 'NONE', #982, #1098, #1097 ) ;
#1100 = CYLINDRICAL_SURFACE ( 'NONE', #1099, 1.000000000000000000 ) ;
#1101 = CARTESIAN_POINT ( 'NONE',  ( 0.1000000000000000100, -7.499999999999999100, 4.000000000000000000 ) ) ;
#1102 = AXIS2_PLACEMENT_3D ( 'NONE', #1096, #1095, #1094 ) ;
#1103 = FACE_OUTER_BOUND ( 'NONE', #135, .T. ) ;
#1104 = DIRECTION ( 'NONE',  ( -1.119176436114069100E-016, 1.000000000000000000, 0.0000000000000000000 ) ) ;
#1105 = CARTESIAN_POINT ( 'NONE',  ( 3.000000000000001800, -2.799999999999999800, -5.599999999999999600 ) ) ;
#1106 = AXIS2_PLACEMENT_3D ( 'NONE', #1112, #1170, #1169 ) ;
#1107 = CIRCLE ( 'NONE', #1106, 1.100000000000001000 ) ;
#1108 = DIRECTION ( 'NONE',  ( 0.0000000000000000000, 0.0000000000000000000, 1.000000000000000000 ) ) ;
#1109 = DIRECTION ( 'NONE',  ( 0.0000000000000000000, 1.000000000000000000, 0.0000000000000000000 ) ) ;
#1110 = CARTESIAN_POINT ( 'NONE',  ( 12.15000000000000000, 1.300000000000000000, 0.0000000000000000000 ) ) ;
#1111 = AXIS2_PLACEMENT_3D ( 'NONE', #1110, #1109, #1108 ) ;
#1112 = CARTESIAN_POINT ( 'NONE',  ( 12.15000000000000000, 1.300000000000000000, 0.0000000000000000000 ) ) ;
#1113 = CARTESIAN_POINT ( 'NONE',  ( 15.75000000000000000, 1.300000000000000000, -1.058300524425839900 ) ) ;
#1114 = LINE ( 'NONE', #1113, #1257 ) ;
#1115 = DIRECTION ( 'NONE',  ( 0.0000000000000000000, 0.0000000000000000000, 1.000000000000000000 ) ) ;
#1116 = DIRECTION ( 'NONE',  ( 0.0000000000000000000, 1.000000000000000000, 0.0000000000000000000 ) ) ;
#1117 = CARTESIAN_POINT ( 'NONE',  ( 16.04999999999999700, 1.300000000000000000, 0.0000000000000000000 ) ) ;
#1118 = AXIS2_PLACEMENT_3D ( 'NONE', #1117, #1116, #1115 ) ;
#1119 = PLANE ( 'NONE',  #1118 ) ;
#1120 = FACE_OUTER_BOUND ( 'NONE', #204, .T. ) ;
#1121 = DIRECTION ( 'NONE',  ( 0.0000000000000000000, 0.0000000000000000000, 1.000000000000000000 ) ) ;
#1122 = DIRECTION ( 'NONE',  ( -1.000000000000000000, 0.0000000000000000000, 0.0000000000000000000 ) ) ;
#1123 = CARTESIAN_POINT ( 'NONE',  ( 15.75000000000000000, 1.300000000000000000, -1.058300524425839900 ) ) ;
#1124 = AXIS2_PLACEMENT_3D ( 'NONE', #1123, #1122, #1121 ) ;
#1125 = FACE_OUTER_BOUND ( 'NONE', #247, .T. ) ;
#1126 = DIRECTION ( 'NONE',  ( 0.0000000000000000000, 1.000000000000000000, 0.0000000000000000000 ) ) ;
#1127 = VECTOR ( 'NONE', #1126, 1000.000000000000000 ) ;
#1128 = CARTESIAN_POINT ( 'NONE',  ( 16.35000000000000100, 1.300000000000000000, -1.058300524425838800 ) ) ;
#1129 = DIRECTION ( 'NONE',  ( 0.0000000000000000000, 0.0000000000000000000, 1.000000000000000000 ) ) ;
#1130 = DIRECTION ( 'NONE',  ( 0.0000000000000000000, 1.000000000000000000, 0.0000000000000000000 ) ) ;
#1131 = CARTESIAN_POINT ( 'NONE',  ( 16.04999999999999700, 1.899999999999999900, 0.0000000000000000000 ) ) ;
#1132 = AXIS2_PLACEMENT_3D ( 'NONE', #1131, #1130, #1129 ) ;
#1133 = PLANE ( 'NONE',  #1132 ) ;
#1134 = LINE ( 'NONE', #1128, #1127 ) ;
#1135 = FACE_OUTER_BOUND ( 'NONE', #205, .T. ) ;
#1136 = B_SPLINE_CURVE_WITH_KNOTS ( 'NONE', 3,
 ( #1181, #1180, #1179, #1178 ),
 .UNSPECIFIED., .F., .F.,
 ( 4, 4 ),
 ( 0.0000000000000000000, 1.000000000000000000 ),
 .UNSPECIFIED. ) ;
#1137 = DIRECTION ( 'NONE',  ( 1.000000000000000000, 0.0000000000000000000, 0.0000000000000000000 ) ) ;
#1138 = DIRECTION ( 'NONE',  ( 0.0000000000000000000, 0.0000000000000000000, 1.000000000000000000 ) ) ;
#1139 = CARTESIAN_POINT ( 'NONE',  ( 7.330576210960914300, 1.700000000000000000, -3.800235294117678000 ) ) ;
#1140 = AXIS2_PLACEMENT_3D ( 'NONE', #1139, #1138, #1137 ) ;
#1141 = PLANE ( 'NONE',  #1140 ) ;
#1142 = DIRECTION ( 'NONE',  ( 1.000000000000000000, 0.0000000000000000000, 0.0000000000000000000 ) ) ;
#1143 = DIRECTION ( 'NONE',  ( 0.0000000000000000000, 0.0000000000000000000, 1.000000000000000000 ) ) ;
#1144 = CARTESIAN_POINT ( 'NONE',  ( 8.643419723378471500, -1.808740453393718100, -3.850000000000000100 ) ) ;
#1145 = AXIS2_PLACEMENT_3D ( 'NONE', #1144, #1143, #1142 ) ;
#1146 = FACE_OUTER_BOUND ( 'NONE', #290, .T. ) ;
#1147 = CYLINDRICAL_SURFACE ( 'NONE', #1145, 2.999999999999999100 ) ;
#1148 = FACE_OUTER_BOUND ( 'NONE', #151, .T. ) ;
#1149 = DIRECTION ( 'NONE',  ( 1.000000000000000000, 5.153574326547766100E-014, 0.0000000000000000000 ) ) ;
#1150 = DIRECTION ( 'NONE',  ( 0.0000000000000000000, 0.0000000000000000000, -1.000000000000000000 ) ) ;
#1151 = CARTESIAN_POINT ( 'NONE',  ( 8.643419723378471500, -1.808740453393718100, -3.800235294117678000 ) ) ;
#1152 = AXIS2_PLACEMENT_3D ( 'NONE', #1151, #1150, #1149 ) ;
#1153 = CARTESIAN_POINT ( 'NONE',  ( 9.478511353871454000, 1.480121330092043500, 3.913563222935578800 ) ) ;
#1154 = CARTESIAN_POINT ( 'NONE',  ( 9.999246055896886500, 1.575246715755542100, 3.104759829403668000 ) ) ;
#1155 = CARTESIAN_POINT ( 'NONE',  ( 10.91400000693635300, 1.702367435116119300, 2.501726570872859800 ) ) ;
#1156 = CARTESIAN_POINT ( 'NONE',  ( 11.94999999999999900, 1.700000000000000000, 2.291069018420893100 ) ) ;
#1157 = FACE_OUTER_BOUND ( 'NONE', #260, .T. ) ;
#1158 = CARTESIAN_POINT ( 'NONE',  ( 11.85000000000000100, 1.300000000000000000, 1.058300524425837200 ) ) ;
#1159 = DIRECTION ( 'NONE',  ( 0.0000000000000000000, 0.0000000000000000000, 1.000000000000000000 ) ) ;
#1160 = DIRECTION ( 'NONE',  ( 0.0000000000000000000, 1.000000000000000000, 0.0000000000000000000 ) ) ;
#1161 = CARTESIAN_POINT ( 'NONE',  ( 12.15000000000000000, 1.300000000000000000, 0.0000000000000000000 ) ) ;
#1162 = AXIS2_PLACEMENT_3D ( 'NONE', #1161, #1160, #1159 ) ;
#1163 = CIRCLE ( 'NONE', #1162, 1.100000000000001000 ) ;
#1164 = VECTOR ( 'NONE', #1295, 1000.000000000000000 ) ;
#1165 = CARTESIAN_POINT ( 'NONE',  ( 7.583555374952913700, 1.700000000000000000, -3.800235294117678000 ) ) ;
#1166 = LINE ( 'NONE', #1165, #1164 ) ;
#1167 = FACE_OUTER_BOUND ( 'NONE', #280, .T. ) ;
#1168 = CARTESIAN_POINT ( 'NONE',  ( 12.45000000000000100, 1.300000000000000000, -1.058300524425837200 ) ) ;
#1169 = DIRECTION ( 'NONE',  ( 0.0000000000000000000, 0.0000000000000000000, 1.000000000000000000 ) ) ;
#1170 = DIRECTION ( 'NONE',  ( 0.0000000000000000000, 1.000000000000000000, 0.0000000000000000000 ) ) ;
#1171 = FACE_OUTER_BOUND ( 'NONE', #303, .T. ) ;
#1172 = DIRECTION ( 'NONE',  ( 0.0000000000000000000, 0.0000000000000000000, 1.000000000000000000 ) ) ;
#1173 = DIRECTION ( 'NONE',  ( 0.0000000000000000000, 1.000000000000000000, 0.0000000000000000000 ) ) ;
#1174 = CARTESIAN_POINT ( 'NONE',  ( 16.04999999999999700, 1.300000000000000000, 0.0000000000000000000 ) ) ;
#1175 = AXIS2_PLACEMENT_3D ( 'NONE', #1174, #1173, #1172 ) ;
#1176 = CYLINDRICAL_SURFACE ( 'NONE', #1175, 1.100000000000003000 ) ;
#1177 = PLANE ( 'NONE',  #1124 ) ;
#1178 = CARTESIAN_POINT ( 'NONE',  ( 12.04184462326494300, 0.0000000000000000000, 2.680381958325687400 ) ) ;
#1179 = CARTESIAN_POINT ( 'NONE',  ( 12.01122974884329700, 0.5666666666666713100, 2.550610978357423300 ) ) ;
#1180 = CARTESIAN_POINT ( 'NONE',  ( 11.98061487442164700, 1.133333333333335500, 2.420839998389158900 ) ) ;
#1181 = CARTESIAN_POINT ( 'NONE',  ( 11.94999999999999900, 1.700000000000000200, 2.291069018420890400 ) ) ;
#1182 = DIRECTION ( 'NONE',  ( 0.0000000000000000000, 0.0000000000000000000, 1.000000000000000000 ) ) ;
#1183 = LINE ( 'NONE', #1268, #1270 ) ;
#1184 = DIRECTION ( 'NONE',  ( 0.0000000000000000000, 0.0000000000000000000, -1.000000000000000000 ) ) ;
#1185 = DIRECTION ( 'NONE',  ( 1.000000000000000000, 0.0000000000000000000, 0.0000000000000000000 ) ) ;
#1186 = CARTESIAN_POINT ( 'NONE',  ( 16.35000000000000100, 1.300000000000000000, -1.058300524425838800 ) ) ;
#1187 = AXIS2_PLACEMENT_3D ( 'NONE', #1186, #1185, #1184 ) ;
#1188 = PLANE ( 'NONE',  #1187 ) ;
#1189 = LINE ( 'NONE', #1198, #1197 ) ;
#1190 = CYLINDRICAL_SURFACE ( 'NONE', #1111, 1.100000000000001000 ) ;
#1191 = FACE_OUTER_BOUND ( 'NONE', #335, .T. ) ;
#1192 = DIRECTION ( 'NONE',  ( 0.0000000000000000000, 0.0000000000000000000, 1.000000000000000000 ) ) ;
#1193 = VECTOR ( 'NONE', #1192, 1000.000000000000000 ) ;
#1194 = CARTESIAN_POINT ( 'NONE',  ( 15.75000000000000000, 1.899999999999999900, -1.058300524425839900 ) ) ;
#1195 = LINE ( 'NONE', #1194, #1193 ) ;
#1196 = DIRECTION ( 'NONE',  ( 0.0000000000000000000, 1.000000000000000000, 0.0000000000000000000 ) ) ;
#1197 = VECTOR ( 'NONE', #1196, 1000.000000000000000 ) ;
#1198 = CARTESIAN_POINT ( 'NONE',  ( 11.85000000000000100, 1.300000000000000000, -1.058300524425837200 ) ) ;
#1199 = APPROVAL_STATUS ( 'not_yet_approved' ) ;
#1200 = DIRECTION ( 'NONE',  ( 0.0000000000000000000, 1.000000000000000000, 0.0000000000000000000 ) ) ;
#1201 = VECTOR ( 'NONE', #1200, 1000.000000000000000 ) ;
#1202 = FACE_OUTER_BOUND ( 'NONE', #371, .T. ) ;
#1203 = DIRECTION ( 'NONE',  ( 0.2290393337255431100, -0.9734171683335770500, 7.449748296296163700E-016 ) ) ;
#1204 = VECTOR ( 'NONE', #1203, 999.9999999999998900 ) ;
#1205 = CARTESIAN_POINT ( 'NONE',  ( 17.85023529411765300, 1.700000000000000000, 0.9999999999999991100 ) ) ;
#1206 = LINE ( 'NONE', #1205, #1204 ) ;
#1207 = DIRECTION ( 'NONE',  ( 0.0000000000000000000, 1.000000000000000000, 0.0000000000000000000 ) ) ;
#1208 = VECTOR ( 'NONE', #1207, 1000.000000000000000 ) ;
#1209 = CARTESIAN_POINT ( 'NONE',  ( 15.75000000000000000, 1.300000000000000000, -1.058300524425839900 ) ) ;
#1210 = LINE ( 'NONE', #1209, #1208 ) ;
#1211 = CARTESIAN_POINT ( 'NONE',  ( 15.75000000000000000, 1.899999999999999900, 1.058300524425839900 ) ) ;
#1212 = CARTESIAN_POINT ( 'NONE',  ( 15.75000000000000000, 1.899999999999999900, -1.058300524425839400 ) ) ;
#1213 = DIRECTION ( 'NONE',  ( 0.0000000000000000000, 0.0000000000000000000, 1.000000000000000000 ) ) ;
#1214 = DIRECTION ( 'NONE',  ( 0.0000000000000000000, 1.000000000000000000, 0.0000000000000000000 ) ) ;
#1215 = AXIS2_PLACEMENT_3D ( 'NONE', #1222, #1214, #1213 ) ;
#1216 = CIRCLE ( 'NONE', #1215, 1.100000000000002800 ) ;
#1217 = DIRECTION ( 'NONE',  ( 0.0000000000000000000, 0.0000000000000000000, 1.000000000000000000 ) ) ;
#1218 = DIRECTION ( 'NONE',  ( 0.0000000000000000000, 1.000000000000000000, 0.0000000000000000000 ) ) ;
#1219 = CARTESIAN_POINT ( 'NONE',  ( 12.73062527150311500, 1.700000000000000000, -5.600000000000014700 ) ) ;
#1220 = AXIS2_PLACEMENT_3D ( 'NONE', #1219, #1218, #1217 ) ;
#1221 = CONICAL_SURFACE ( 'NONE', #1220, 3.399764705882351000, 0.2310906671958928000 ) ;
#1222 = CARTESIAN_POINT ( 'NONE',  ( 16.04999999999999700, 1.899999999999999900, 0.0000000000000000000 ) ) ;
#1223 = FACE_OUTER_BOUND ( 'NONE', #360, .T. ) ;
#1224 = DIRECTION ( 'NONE',  ( 0.0000000000000000000, 1.000000000000000000, 0.0000000000000000000 ) ) ;
#1225 = VECTOR ( 'NONE', #1224, 1000.000000000000000 ) ;
#1226 = CARTESIAN_POINT ( 'NONE',  ( 11.85000000000000100, 1.300000000000000000, 1.058300524425837200 ) ) ;
#1227 = LINE ( 'NONE', #1226, #1225 ) ;
#1228 = CARTESIAN_POINT ( 'NONE',  ( 12.45000000000000100, 1.300000000000000000, -1.058300524425837200 ) ) ;
#1229 = LINE ( 'NONE', #1228, #1265 ) ;
#1230 = DIRECTION ( 'NONE',  ( 0.0000000000000000000, 0.0000000000000000000, 1.000000000000000000 ) ) ;
#1231 = DIRECTION ( 'NONE',  ( 0.0000000000000000000, 1.000000000000000000, 0.0000000000000000000 ) ) ;
#1232 = AXIS2_PLACEMENT_3D ( 'NONE', #1234, #1231, #1230 ) ;
#1233 = CYLINDRICAL_SURFACE ( 'NONE', #1232, 1.100000000000001000 ) ;
#1234 = CARTESIAN_POINT ( 'NONE',  ( 12.15000000000000000, 1.300000000000000000, 0.0000000000000000000 ) ) ;
#1235 = FACE_OUTER_BOUND ( 'NONE', #337, .T. ) ;
#1236 = AXIS2_PLACEMENT_3D ( 'NONE', #1246, #1245, #1244 ) ;
#1237 = CIRCLE ( 'NONE', #1236, 1.100000000000003000 ) ;
#1238 = CARTESIAN_POINT ( 'NONE',  ( 15.75000000000000000, 1.300000000000000000, -1.058300524425839900 ) ) ;
#1239 = DIRECTION ( 'NONE',  ( 0.0000000000000000000, 0.0000000000000000000, 1.000000000000000000 ) ) ;
#1240 = VECTOR ( 'NONE', #1239, 1000.000000000000000 ) ;
#1241 = CARTESIAN_POINT ( 'NONE',  ( 11.85000000000000100, 1.300000000000000000, -1.058300524425837200 ) ) ;
#1242 = LINE ( 'NONE', #1241, #1240 ) ;
#1243 = CARTESIAN_POINT ( 'NONE',  ( 16.35000000000000100, 1.300000000000000000, -1.058300524425838800 ) ) ;
#1244 = DIRECTION ( 'NONE',  ( 0.0000000000000000000, 0.0000000000000000000, 1.000000000000000000 ) ) ;
#1245 = DIRECTION ( 'NONE',  ( 0.0000000000000000000, 1.000000000000000000, 0.0000000000000000000 ) ) ;
#1246 = CARTESIAN_POINT ( 'NONE',  ( 16.04999999999999700, 1.300000000000000000, 0.0000000000000000000 ) ) ;
#1247 = FACE_OUTER_BOUND ( 'NONE', #293, .T. ) ;
#1248 = DIRECTION ( 'NONE',  ( -9.932997728394886900E-016, -0.9734171683335770500, 0.2290393337255431400 ) ) ;
#1249 = VECTOR ( 'NONE', #1248, 999.9999999999998900 ) ;
#1250 = CARTESIAN_POINT ( 'NONE',  ( 12.73062527150308700, 1.700000000000000000, 2.200235294117648200 ) ) ;
#1251 = LINE ( 'NONE', #1250, #1249 ) ;
#1252 = DIRECTION ( 'NONE',  ( 0.0000000000000000000, 0.0000000000000000000, -1.000000000000000000 ) ) ;
#1253 = VECTOR ( 'NONE', #1252, 1000.000000000000000 ) ;
#1254 = CARTESIAN_POINT ( 'NONE',  ( 16.35000000000000100, 1.300000000000000000, -1.058300524425838800 ) ) ;
#1255 = LINE ( 'NONE', #1254, #1253 ) ;
#1256 = DIRECTION ( 'NONE',  ( 0.0000000000000000000, 0.0000000000000000000, 1.000000000000000000 ) ) ;
#1257 = VECTOR ( 'NONE', #1256, 1000.000000000000000 ) ;
#1258 = DIRECTION ( 'NONE',  ( 0.0000000000000000000, 0.0000000000000000000, -1.000000000000000000 ) ) ;
#1259 = DIRECTION ( 'NONE',  ( 1.000000000000000000, 0.0000000000000000000, 0.0000000000000000000 ) ) ;
#1260 = CARTESIAN_POINT ( 'NONE',  ( 12.45000000000000100, 1.300000000000000000, -1.058300524425837200 ) ) ;
#1261 = AXIS2_PLACEMENT_3D ( 'NONE', #1260, #1259, #1258 ) ;
#1262 = PLANE ( 'NONE',  #1261 ) ;
#1263 = FACE_OUTER_BOUND ( 'NONE', #277, .T. ) ;
#1264 = DIRECTION ( 'NONE',  ( 0.0000000000000000000, 1.000000000000000000, 0.0000000000000000000 ) ) ;
#1265 = VECTOR ( 'NONE', #1264, 1000.000000000000000 ) ;
#1266 = DIRECTION ( 'NONE',  ( 1.000000000000000000, 0.0000000000000000000, 0.0000000000000000000 ) ) ;
#1267 = CARTESIAN_POINT ( 'NONE',  ( 11.94999999999999900, -12.30000000000000600, -3.850000000000000100 ) ) ;
#1268 = CARTESIAN_POINT ( 'NONE',  ( 7.741625102481687100, 1.052512150226178900, -3.850000000000000100 ) ) ;
#1269 = DIRECTION ( 'NONE',  ( 0.0000000000000000000, 0.0000000000000000000, 1.000000000000000000 ) ) ;
#1270 = VECTOR ( 'NONE', #1269, 1000.000000000000000 ) ;
#1271 = CYLINDRICAL_SURFACE ( 'NONE', #1298, 14.00000000000000500 ) ;
#1272 = CARTESIAN_POINT ( 'NONE',  ( 11.85000000000000100, 1.300000000000000000, -1.058300524425837200 ) ) ;
#1273 = DIRECTION ( 'NONE',  ( 0.0000000000000000000, 0.0000000000000000000, -1.000000000000000000 ) ) ;
#1274 = VECTOR ( 'NONE', #1273, 1000.000000000000000 ) ;
#1275 = CARTESIAN_POINT ( 'NONE',  ( 12.45000000000000100, 1.300000000000000000, -1.058300524425837200 ) ) ;
#1276 = DIRECTION ( 'NONE',  ( 0.0000000000000000000, 0.0000000000000000000, 1.000000000000000000 ) ) ;
#1277 = DIRECTION ( 'NONE',  ( 0.0000000000000000000, 1.000000000000000000, 0.0000000000000000000 ) ) ;
#1278 = CARTESIAN_POINT ( 'NONE',  ( 12.73062527150307400, 1.700000000000000000, 5.599999999999994300 ) ) ;
#1279 = AXIS2_PLACEMENT_3D ( 'NONE', #1278, #1277, #1276 ) ;
#1280 = CONICAL_SURFACE ( 'NONE', #1279, 3.399764705882345300, 0.2310906671958928000 ) ;
#1281 = LINE ( 'NONE', #1275, #1274 ) ;
#1282 = DIRECTION ( 'NONE',  ( 0.0000000000000000000, -1.000000000000000000, 0.0000000000000000000 ) ) ;
#1283 = VECTOR ( 'NONE', #1282, 1000.000000000000000 ) ;
#1284 = CARTESIAN_POINT ( 'NONE',  ( 7.000671030216038200, 1.700000000000000000, -3.612790424961526400 ) ) ;
#1285 = LINE ( 'NONE', #1284, #1283 ) ;
#1286 = CARTESIAN_POINT ( 'NONE',  ( 10.12593938207789700, -0.1931791171334120400, 4.111981281002536900 ) ) ;
#1287 = CARTESIAN_POINT ( 'NONE',  ( 10.52961444910331900, -0.1096046711576237800, 3.398337813348139700 ) ) ;
#1288 = CARTESIAN_POINT ( 'NONE',  ( 11.23873439263953100, 0.002079960852027112100, 2.866254554090802200 ) ) ;
#1289 = CARTESIAN_POINT ( 'NONE',  ( 12.04184462326494300, 6.722053469410127500E-015, 2.680381958325687400 ) ) ;
#1290 = CARTESIAN_POINT ( 'NONE',  ( 10.13241366235996200, -0.2099121216056666100, 4.113965461583206600 ) ) ;
#1291 = CARTESIAN_POINT ( 'NONE',  ( 10.53491813303538300, -0.1264531850267554300, 3.401273593187584200 ) ) ;
#1292 = CARTESIAN_POINT ( 'NONE',  ( 11.24198173649656100, -0.01492291389061381000, 2.869899833922982000 ) ) ;
#1293 = CARTESIAN_POINT ( 'NONE',  ( 12.04276306949759100, -0.01699999999999321200, 2.684275087724735400 ) ) ;
#1294 = CIRCLE ( 'NONE', #1152, 2.999999999999999100 ) ;
#1295 = DIRECTION ( 'NONE',  ( 0.0000000000000000000, 1.000000000000000000, 0.0000000000000000000 ) ) ;
#1296 = B_SPLINE_SURFACE_WITH_KNOTS ( 'NONE', 1, 3, ( 
 ( #1293, #1292, #1291, #1290 ),
 ( #1289, #1288, #1287, #1286 ),
 ( #1156, #1155, #1154, #1153 ) ),
 .UNSPECIFIED., .F., .F., .F.,
 ( 2, 1, 2 ),
 ( 4, 4 ),
 ( -0.01000000000000000000, 0.0000000000000000000, 1.000000000000000000 ),
 ( 0.004524432349622233200, 0.007305600990464175700 ),
 .UNSPECIFIED. ) ;
#1297 = CARTESIAN_POINT ( 'NONE',  ( 7.583555374952913700, 0.9978032506908030000, -3.800235294117678000 ) ) ;
#1298 = AXIS2_PLACEMENT_3D ( 'NONE', #1267, #1182, #1266 ) ;
#1299 = DIRECTION ( 'NONE',  ( 0.0000000000000000000, 0.0000000000000000000, 1.000000000000000000 ) ) ;
#1300 = DIRECTION ( 'NONE',  ( 0.0000000000000000000, 1.000000000000000000, 0.0000000000000000000 ) ) ;
#1301 = CARTESIAN_POINT ( 'NONE',  ( 16.04999999999999700, 1.300000000000000000, 0.0000000000000000000 ) ) ;
#1302 = AXIS2_PLACEMENT_3D ( 'NONE', #1301, #1300, #1299 ) ;
#1303 = FACE_OUTER_BOUND ( 'NONE', #264, .T. ) ;
#1304 = CYLINDRICAL_SURFACE ( 'NONE', #1302, 1.100000000000003000 ) ;
#1305 = CARTESIAN_POINT ( 'NONE',  ( 17.40562023025774600, 0.5668790788244504300, -2.466851981453073200 ) ) ;
#1306 = CARTESIAN_POINT ( 'NONE',  ( 17.35875770296815500, 1.133589494770164100, -2.333508354171733000 ) ) ;
#1307 = CARTESIAN_POINT ( 'NONE',  ( 10.02383804821233100, 0.4979226145180807900, 3.800235294117619000 ) ) ;
#1308 = CARTESIAN_POINT ( 'NONE',  ( 10.25825117094982600, 0.0000000000000000000, 3.800235294117619000 ) ) ;
#1309 = CIRCLE ( 'NONE', #1349, 14.00000000000000500 ) ;
#1310 = DIRECTION ( 'NONE',  ( 0.0000000000000000000, 0.0000000000000000000, 1.000000000000000000 ) ) ;
#1311 = VECTOR ( 'NONE', #1310, 1000.000000000000000 ) ;
#1312 = CARTESIAN_POINT ( 'NONE',  ( 7.741625102481687100, 1.052512150226178900, -3.850000000000000100 ) ) ;
#1313 = LINE ( 'NONE', #1312, #1311 ) ;
#1314 = CARTESIAN_POINT ( 'NONE',  ( 7.741625102481687100, 1.052512150226178900, 3.800235294117617200 ) ) ;
#1315 = CARTESIAN_POINT ( 'NONE',  ( 17.45007842880959400, 0.0000000000000000000, 2.600235294117646300 ) ) ;
#1316 = CARTESIAN_POINT ( 'NONE',  ( 20.00000000000000400, 0.0000000000000000000, -5.599999999999999600 ) ) ;
#1317 = DIRECTION ( 'NONE',  ( -1.000000000000000000, 0.0000000000000000000, 0.0000000000000000000 ) ) ;
#1318 = VECTOR ( 'NONE', #1317, 1000.000000000000000 ) ;
#1319 = CARTESIAN_POINT ( 'NONE',  ( 1.898139848424684800E-015, 0.0000000000000000000, -5.599999999999999600 ) ) ;
#1320 = LINE ( 'NONE', #1319, #1318 ) ;
#1321 = CARTESIAN_POINT ( 'NONE',  ( 20.00000000000000400, 0.0000000000000000000, 5.599999999999999600 ) ) ;
#1322 = CARTESIAN_POINT ( 'NONE',  ( 9.500000000000003600, 1.483958067260650700, 3.800235294117619000 ) ) ;
#1323 = DIRECTION ( 'NONE',  ( -1.000000000000000000, -4.083828183028734800E-014, 0.0000000000000000000 ) ) ;
#1324 = DIRECTION ( 'NONE',  ( 0.0000000000000000000, 0.0000000000000000000, 1.000000000000000000 ) ) ;
#1325 = CARTESIAN_POINT ( 'NONE',  ( 8.643419723378471500, -1.808740453393718100, 3.800235294117619000 ) ) ;
#1326 = CARTESIAN_POINT ( 'NONE',  ( 7.583555374952887000, 0.9978032506907930100, 3.800235294117619000 ) ) ;
#1327 = CARTESIAN_POINT ( 'NONE',  ( 7.475121246395314500, 0.9568541406364894400, 3.800235294117619000 ) ) ;
#1328 = CARTESIAN_POINT ( 'NONE',  ( 7.370060411263566800, 0.9098481189535965200, 3.782620010946651700 ) ) ;
#1329 = CARTESIAN_POINT ( 'NONE',  ( 7.173848153902852700, 0.8089927579240645500, 3.718276591881188900 ) ) ;
#1330 = CARTESIAN_POINT ( 'NONE',  ( 7.083715835119665600, 0.7558596489741494800, 3.672362403345014400 ) ) ;
#1331 = CARTESIAN_POINT ( 'NONE',  ( 7.000671030216007100, 0.7015138626294636900, 3.612790424961463700 ) ) ;
#1332 = CIRCLE ( 'NONE', #1493, 2.999999999999999100 ) ;
#1333 = DIRECTION ( 'NONE',  ( 0.0000000000000000000, 0.0000000000000000000, 1.000000000000000000 ) ) ;
#1334 = DIRECTION ( 'NONE',  ( 0.0000000000000000000, 1.000000000000000000, 0.0000000000000000000 ) ) ;
#1335 = CARTESIAN_POINT ( 'NONE',  ( 5.694419545274054300E-015, -31.00000000000000000, 5.599999999999999600 ) ) ;
#1336 = AXIS2_PLACEMENT_3D ( 'NONE', #1335, #1334, #1333 ) ;
#1337 = PLANE ( 'NONE',  #1336 ) ;
#1338 = FACE_OUTER_BOUND ( 'NONE', #469, .T. ) ;
#1339 = CARTESIAN_POINT ( 'NONE',  ( 13.00000000000000200, -31.00000000000000000, 5.599999999999999600 ) ) ;
#1340 = CARTESIAN_POINT ( 'NONE',  ( 9.500000000000003600, 1.483958067260650700, 0.8499999999999992000 ) ) ;
#1341 = DIRECTION ( 'NONE',  ( -1.000000000000000000, 0.0000000000000000000, 3.097720492815725800E-017 ) ) ;
#1342 = DIRECTION ( 'NONE',  ( -3.336006684570782100E-017, 0.0000000000000000000, -1.000000000000000000 ) ) ;
#1343 = CARTESIAN_POINT ( 'NONE',  ( 11.94999999999999900, -12.30000000000000600, 0.8500000000000000900 ) ) ;
#1344 = AXIS2_PLACEMENT_3D ( 'NONE', #1343, #1342, #1341 ) ;
#1345 = CIRCLE ( 'NONE', #1344, 14.00000000000000500 ) ;
#1346 = DIRECTION ( 'NONE',  ( -1.000000000000000000, -8.921435019309290900E-015, 0.0000000000000000000 ) ) ;
#1347 = DIRECTION ( 'NONE',  ( 0.0000000000000000000, 0.0000000000000000000, 1.000000000000000000 ) ) ;
#1348 = CARTESIAN_POINT ( 'NONE',  ( 11.94999999999999900, -12.30000000000000600, 3.800235294117619000 ) ) ;
#1349 = AXIS2_PLACEMENT_3D ( 'NONE', #1348, #1347, #1346 ) ;
#1350 = CARTESIAN_POINT ( 'NONE',  ( 16.04999999999999700, 1.899999999999999900, 0.0000000000000000000 ) ) ;
#1351 = CIRCLE ( 'NONE', #1410, 1.100000000000001000 ) ;
#1352 = DIRECTION ( 'NONE',  ( 0.0000000000000000000, 0.0000000000000000000, -1.000000000000000000 ) ) ;
#1353 = DIRECTION ( 'NONE',  ( 0.0000000000000000000, -1.000000000000000000, 0.0000000000000000000 ) ) ;
#1354 = AXIS2_PLACEMENT_3D ( 'NONE', #1424, #1353, #1352 ) ;
#1355 = CYLINDRICAL_SURFACE ( 'NONE', #1354, 1.100000000000001000 ) ;
#1356 = DIRECTION ( 'NONE',  ( 0.0000000000000000000, 0.0000000000000000000, -1.000000000000000000 ) ) ;
#1357 = DIRECTION ( 'NONE',  ( 0.0000000000000000000, -1.000000000000000000, 0.0000000000000000000 ) ) ;
#1358 = CARTESIAN_POINT ( 'NONE',  ( 16.25000000000000000, 1.700000000000000000, -1.000000000000007800 ) ) ;
#1359 = AXIS2_PLACEMENT_3D ( 'NONE', #1358, #1357, #1356 ) ;
#1360 = LINE ( 'NONE', #1490, #1489 ) ;
#1361 = CONICAL_SURFACE ( 'NONE', #1359, 1.600235294117655900, 0.2310906671958922500 ) ;
#1362 = FACE_OUTER_BOUND ( 'NONE', #354, .T. ) ;
#1363 = DIRECTION ( 'NONE',  ( 0.0000000000000000000, 1.000000000000000000, 0.0000000000000000000 ) ) ;
#1364 = VECTOR ( 'NONE', #1363, 1000.000000000000000 ) ;
#1365 = CARTESIAN_POINT ( 'NONE',  ( 11.85000000000000100, 1.300000000000000000, -1.058300524425837200 ) ) ;
#1366 = AXIS2_PLACEMENT_3D ( 'NONE', #1350, #1411, #1420 ) ;
#1367 = AXIS2_PLACEMENT_3D ( 'NONE', #1419, #1418, #1417 ) ;
#1368 = PLANE ( 'NONE',  #1367 ) ;
#1369 = CARTESIAN_POINT ( 'NONE',  ( 9.555206091782395100, 1.493656590518841700, 3.800235294117619000 ) ) ;
#1370 = CARTESIAN_POINT ( 'NONE',  ( 9.789424925474838400, 0.9958452290361622400, 3.800235294117619000 ) ) ;
#1371 = CARTESIAN_POINT ( 'NONE',  ( 10.25839176650548100, 0.0000000000000000000, -3.800235294117678000 ) ) ;
#1372 = CARTESIAN_POINT ( 'NONE',  ( 10.02411502062138900, 0.4979060984067300600, -3.800235294117678000 ) ) ;
#1373 = CARTESIAN_POINT ( 'NONE',  ( 9.789838274737293800, 0.9958121968134604500, -3.800235294117678000 ) ) ;
#1374 = DIRECTION ( 'NONE',  ( 0.0000000000000000000, 0.0000000000000000000, -1.000000000000000000 ) ) ;
#1375 = B_SPLINE_CURVE_WITH_KNOTS ( 'NONE', 3,
 ( #1308, #1307, #1370, #1369 ),
 .UNSPECIFIED., .F., .F.,
 ( 4, 4 ),
 ( 0.0000000000000000000, 1.000000000000000000 ),
 .UNSPECIFIED. ) ;
#1376 = CARTESIAN_POINT ( 'NONE',  ( 17.45007842880961500, 0.0000000000000000000, -2.600235294117647200 ) ) ;
#1377 = CARTESIAN_POINT ( 'NONE',  ( 16.04999999999999700, 1.700000000000000000, 1.100000000000003000 ) ) ;
#1378 = DIRECTION ( 'NONE',  ( 0.0000000000000000000, 1.000000000000000000, 0.0000000000000000000 ) ) ;
#1379 = VECTOR ( 'NONE', #1378, 1000.000000000000000 ) ;
#1380 = CARTESIAN_POINT ( 'NONE',  ( 16.04999999999999700, 1.300000000000000000, 1.100000000000003000 ) ) ;
#1381 = DIRECTION ( 'NONE',  ( 1.000000000000000000, 0.0000000000000000000, 0.0000000000000000000 ) ) ;
#1382 = DIRECTION ( 'NONE',  ( 0.0000000000000000000, 0.0000000000000000000, 1.000000000000000000 ) ) ;
#1383 = CARTESIAN_POINT ( 'NONE',  ( 11.94999999999999900, -12.30000000000000600, -3.850000000000000100 ) ) ;
#1384 = AXIS2_PLACEMENT_3D ( 'NONE', #1383, #1382, #1381 ) ;
#1385 = LINE ( 'NONE', #1380, #1379 ) ;
#1386 = CYLINDRICAL_SURFACE ( 'NONE', #1384, 14.00000000000000500 ) ;
#1387 = FACE_OUTER_BOUND ( 'NONE', #622, .T. ) ;
#1388 = DIRECTION ( 'NONE',  ( 0.0000000000000000000, 0.0000000000000000000, 1.000000000000000000 ) ) ;
#1389 = VECTOR ( 'NONE', #1388, 1000.000000000000000 ) ;
#1390 = CARTESIAN_POINT ( 'NONE',  ( 4.500000000000002700, -2.799999999999999800, -5.599999999999999600 ) ) ;
#1391 = LINE ( 'NONE', #1390, #1389 ) ;
#1392 = DIRECTION ( 'NONE',  ( 0.0000000000000000000, 0.0000000000000000000, -1.000000000000000000 ) ) ;
#1393 = VECTOR ( 'NONE', #1392, 1000.000000000000000 ) ;
#1394 = CARTESIAN_POINT ( 'NONE',  ( 20.00000000000000700, -24.00000000000006800, 55.19297147925204400 ) ) ;
#1395 = LINE ( 'NONE', #1394, #1393 ) ;
#1396 = CARTESIAN_POINT ( 'NONE',  ( 20.00000000000000700, -24.00000000000006800, -5.599999999999987200 ) ) ;
#1397 = DIRECTION ( 'NONE',  ( 0.7071067811865512400, 0.7071067811865439100, 0.0000000000000000000 ) ) ;
#1398 = VECTOR ( 'NONE', #1397, 1000.000000000000000 ) ;
#1399 = CARTESIAN_POINT ( 'NONE',  ( 6.499999999999935200, -37.50000000000000000, -5.599999999999999600 ) ) ;
#1400 = LINE ( 'NONE', #1399, #1398 ) ;
#1401 = DIRECTION ( 'NONE',  ( 1.000000000000000000, 0.0000000000000000000, 1.745951540621401100E-015 ) ) ;
#1402 = CARTESIAN_POINT ( 'NONE',  ( 9.555561528853202100, 1.493718295220190200, -3.800235294117678000 ) ) ;
#1403 = B_SPLINE_CURVE_WITH_KNOTS ( 'NONE', 3,
 ( #1402, #1373, #1372, #1371 ),
 .UNSPECIFIED., .F., .F.,
 ( 4, 4 ),
 ( 0.0000000000000000000, 1.000000000000000000 ),
 .UNSPECIFIED. ) ;
#1404 = LINE ( 'NONE', #1365, #1364 ) ;
#1405 = CARTESIAN_POINT ( 'NONE',  ( 11.85000000000000100, 1.899999999999999900, 1.058300524425837200 ) ) ;
#1406 = CARTESIAN_POINT ( 'NONE',  ( 11.85000000000000100, 1.899999999999999900, -1.058300524425837200 ) ) ;
#1407 = DIRECTION ( 'NONE',  ( 0.0000000000000000000, 0.0000000000000000000, 1.000000000000000000 ) ) ;
#1408 = DIRECTION ( 'NONE',  ( 0.0000000000000000000, 1.000000000000000000, 0.0000000000000000000 ) ) ;
#1409 = CARTESIAN_POINT ( 'NONE',  ( 12.15000000000000000, 1.899999999999999900, 0.0000000000000000000 ) ) ;
#1410 = AXIS2_PLACEMENT_3D ( 'NONE', #1409, #1408, #1407 ) ;
#1411 = DIRECTION ( 'NONE',  ( 0.0000000000000000000, -1.000000000000000000, 0.0000000000000000000 ) ) ;
#1412 = DIRECTION ( 'NONE',  ( 0.0000000000000000000, -1.000000000000000000, 0.0000000000000000000 ) ) ;
#1413 = CARTESIAN_POINT ( 'NONE',  ( 8.049999999999997200, 1.700000000000000000, 2.149999999999964400 ) ) ;
#1414 = AXIS2_PLACEMENT_3D ( 'NONE', #1413, #1412, #1374 ) ;
#1415 = CYLINDRICAL_SURFACE ( 'NONE', #1414, 1.800235294117680900 ) ;
#1416 = FACE_OUTER_BOUND ( 'NONE', #349, .T. ) ;
#1417 = DIRECTION ( 'NONE',  ( 0.0000000000000000000, -1.000000000000000000, -1.084202172485504400E-016 ) ) ;
#1418 = DIRECTION ( 'NONE',  ( 0.0000000000000000000, -1.084202172485504400E-016, 1.000000000000000000 ) ) ;
#1419 = CARTESIAN_POINT ( 'NONE',  ( 0.1000000000000000100, -7.499999999999998200, -4.000000000000001800 ) ) ;
#1420 = DIRECTION ( 'NONE',  ( 0.0000000000000000000, 0.0000000000000000000, -1.000000000000000000 ) ) ;
#1421 = CARTESIAN_POINT ( 'NONE',  ( 12.04184554956022300, 0.0000000000000000000, -2.680381739799247800 ) ) ;
#1422 = CARTESIAN_POINT ( 'NONE',  ( 11.94996285222692300, 1.700134202295584800, -2.290705806380799000 ) ) ;
#1423 = FACE_OUTER_BOUND ( 'NONE', #399, .T. ) ;
#1424 = CARTESIAN_POINT ( 'NONE',  ( 12.15000000000000000, 1.899999999999999900, 0.0000000000000000000 ) ) ;
#1425 = B_SPLINE_CURVE_WITH_KNOTS ( 'NONE', 1,
 ( #1422, #1421 ),
 .UNSPECIFIED., .F., .F.,
 ( 2, 2 ),
 ( 0.0000000000000000000, 1.000000000000000000 ),
 .UNSPECIFIED. ) ;
#1426 = LINE ( 'NONE', #1031, #1201 ) ;
#1427 = APPROVAL ( #1199, 'UNSPECIFIED' ) ;
#1428 = DIRECTION ( 'NONE',  ( -0.7071067811865441300, 0.7071067811865510100, 0.0000000000000000000 ) ) ;
#1429 = VECTOR ( 'NONE', #1428, 1000.000000000000000 ) ;
#1430 = CARTESIAN_POINT ( 'NONE',  ( 51.89069439838654300, -65.50698948877715100, 0.0000000000000000000 ) ) ;
#1431 = LINE ( 'NONE', #1430, #1429 ) ;
#1432 = CARTESIAN_POINT ( 'NONE',  ( 16.53535533905932900, -30.15165042944959900, 0.0000000000000000000 ) ) ;
#1433 = DIRECTION ( 'NONE',  ( 0.7071067811865503500, 0.7071067811865446900, 0.0000000000000000000 ) ) ;
#1434 = DIRECTION ( 'NONE',  ( 0.7071067811865441300, -0.7071067811865509000, 0.0000000000000000000 ) ) ;
#1435 = CARTESIAN_POINT ( 'NONE',  ( 17.84350288425445200, -28.84350288425448700, 0.0000000000000000000 ) ) ;
#1436 = AXIS2_PLACEMENT_3D ( 'NONE', #1435, #1434, #1433 ) ;
#1437 = CIRCLE ( 'NONE', #1436, 1.849999999999998800 ) ;
#1438 = CARTESIAN_POINT ( 'NONE',  ( 4.500000000000002700, -2.799999999999999800, 5.600000000000014700 ) ) ;
#1439 = DIRECTION ( 'NONE',  ( 1.000000000000000000, 0.0000000000000000000, 0.0000000000000000000 ) ) ;
#1440 = DIRECTION ( 'NONE',  ( 0.0000000000000000000, 0.0000000000000000000, 1.000000000000000000 ) ) ;
#1441 = CARTESIAN_POINT ( 'NONE',  ( 3.000000000000001800, -2.799999999999999800, 5.600000000000014700 ) ) ;
#1442 = AXIS2_PLACEMENT_3D ( 'NONE', #1441, #1440, #1439 ) ;
#1443 = CIRCLE ( 'NONE', #1442, 1.500000000000000400 ) ;
#1444 = CARTESIAN_POINT ( 'NONE',  ( 19.15165042944956400, -27.53535533905937900, 2.265596578422602600E-016 ) ) ;
#1445 = DIRECTION ( 'NONE',  ( -0.7071067811865441300, 0.7071067811865510100, 0.0000000000000000000 ) ) ;
#1446 = VECTOR ( 'NONE', #1445, 1000.000000000000000 ) ;
#1447 = CARTESIAN_POINT ( 'NONE',  ( 54.50698948877678200, -62.89069439838693400, 2.265596578422602600E-016 ) ) ;
#1448 = LINE ( 'NONE', #1447, #1446 ) ;
#1449 = CARTESIAN_POINT ( 'NONE',  ( 51.89069439838654300, -65.50698948877715100, 0.0000000000000000000 ) ) ;
#1450 = DIRECTION ( 'NONE',  ( 0.7071067811865513500, 0.7071067811865438000, 0.0000000000000000000 ) ) ;
#1451 = B_SPLINE_CURVE_WITH_KNOTS ( 'NONE', 3,
 ( #1452, #1306, #1305, #1376 ),
 .UNSPECIFIED., .F., .F.,
 ( 4, 4 ),
 ( 0.0000000000000000000, 0.001752163167551010800 ),
 .UNSPECIFIED. ) ;
#1452 = CARTESIAN_POINT ( 'NONE',  ( 17.30838945350666700, 1.700000000000000000, -2.200235294117657500 ) ) ;
#1453 = VECTOR ( 'NONE', #1401, 1000.000000000000000 ) ;
#1454 = CARTESIAN_POINT ( 'NONE',  ( 17.45007842880959400, 0.0000000000000000000, 2.600235294117647200 ) ) ;
#1455 = LINE ( 'NONE', #1454, #1453 ) ;
#1456 = CARTESIAN_POINT ( 'NONE',  ( 15.58076118445748600, -31.10624458405142400, 0.0000000000000000000 ) ) ;
#1457 = CARTESIAN_POINT ( 'NONE',  ( 20.10624458405141000, -26.58076118445754700, 3.918869757271528500E-016 ) ) ;
#1458 = DIRECTION ( 'NONE',  ( 0.7071067811865513500, 0.7071067811865436900, 0.0000000000000000000 ) ) ;
#1459 = DIRECTION ( 'NONE',  ( 0.7071067811865440200, -0.7071067811865511300, 0.0000000000000000000 ) ) ;
#1460 = CARTESIAN_POINT ( 'NONE',  ( 17.84350288425444800, -28.84350288425448700, 0.0000000000000000000 ) ) ;
#1461 = AXIS2_PLACEMENT_3D ( 'NONE', #1460, #1459, #1458 ) ;
#1462 = CIRCLE ( 'NONE', #1461, 3.199999999999997100 ) ;
#1463 = DIRECTION ( 'NONE',  ( -0.7071067811865513500, -0.7071067811865436900, 0.0000000000000000000 ) ) ;
#1464 = AXIS2_PLACEMENT_3D ( 'NONE', #1465, #1467, #1463 ) ;
#1465 = CARTESIAN_POINT ( 'NONE',  ( 17.84350288425444800, -28.84350288425448700, 0.0000000000000000000 ) ) ;
#1466 = CYLINDRICAL_SURFACE ( 'NONE', #1464, 3.199999999999997100 ) ;
#1467 = DIRECTION ( 'NONE',  ( -0.7071067811865440200, 0.7071067811865510100, 0.0000000000000000000 ) ) ;
#1468 = FACE_OUTER_BOUND ( 'NONE', #430, .T. ) ;
#1469 = CARTESIAN_POINT ( 'NONE',  ( 16.04999999999999700, 1.300000000000000000, 1.100000000000003000 ) ) ;
#1470 = CARTESIAN_POINT ( 'NONE',  ( 54.50698948877678200, -62.89069439838693400, 2.265596578422602600E-016 ) ) ;
#1471 = DIRECTION ( 'NONE',  ( -0.7071067811865513500, -0.7071067811865438000, 0.0000000000000000000 ) ) ;
#1472 = DIRECTION ( 'NONE',  ( -0.7071067811865441300, 0.7071067811865510100, 0.0000000000000000000 ) ) ;
#1473 = CARTESIAN_POINT ( 'NONE',  ( 53.19884194358166200, -64.19884194358203900, 0.0000000000000000000 ) ) ;
#1474 = AXIS2_PLACEMENT_3D ( 'NONE', #1473, #1472, #1471 ) ;
#1475 = CYLINDRICAL_SURFACE ( 'NONE', #1474, 1.850000000000001200 ) ;
#1476 = FACE_OUTER_BOUND ( 'NONE', #425, .T. ) ;
#1477 = DIRECTION ( 'NONE',  ( 0.0000000000000000000, 1.000000000000000000, 0.0000000000000000000 ) ) ;
#1478 = VECTOR ( 'NONE', #1477, 1000.000000000000000 ) ;
#1479 = CARTESIAN_POINT ( 'NONE',  ( 12.45000000000000100, 1.300000000000000000, 1.058300524425837200 ) ) ;
#1480 = LINE ( 'NONE', #1479, #1478 ) ;
#1481 = CARTESIAN_POINT ( 'NONE',  ( 12.45000000000000100, 1.700000000000000000, 1.058300524425837200 ) ) ;
#1482 = DIRECTION ( 'NONE',  ( 0.0000000000000000000, 0.0000000000000000000, 1.000000000000000000 ) ) ;
#1483 = DIRECTION ( 'NONE',  ( 0.0000000000000000000, 1.000000000000000000, 0.0000000000000000000 ) ) ;
#1484 = CARTESIAN_POINT ( 'NONE',  ( 12.15000000000000000, 1.700000000000000000, 0.0000000000000000000 ) ) ;
#1485 = AXIS2_PLACEMENT_3D ( 'NONE', #1484, #1483, #1482 ) ;
#1486 = CIRCLE ( 'NONE', #1485, 1.100000000000001000 ) ;
#1487 = CARTESIAN_POINT ( 'NONE',  ( 16.35000000000000100, 1.300000000000000000, 1.058300524425838600 ) ) ;
#1488 = DIRECTION ( 'NONE',  ( -1.000000000000000000, 0.0000000000000000000, 0.0000000000000000000 ) ) ;
#1489 = VECTOR ( 'NONE', #1488, 1000.000000000000000 ) ;
#1490 = CARTESIAN_POINT ( 'NONE',  ( 7.330576210960914300, 0.0000000000000000000, -3.800235294117678000 ) ) ;
#1491 = FACE_OUTER_BOUND ( 'NONE', #219, .T. ) ;
#1492 = B_SPLINE_CURVE_WITH_KNOTS ( 'NONE', 3,
 ( #1331, #1330, #1329, #1328, #1327, #1326 ),
 .UNSPECIFIED., .F., .F.,
 ( 4, 2, 4 ),
 ( 1.110976628180540000E-018, 0.0003426153155703647600, 0.0006852306311407284400 ),
 .UNSPECIFIED. ) ;
#1493 = AXIS2_PLACEMENT_3D ( 'NONE', #1325, #1324, #1323 ) ;
#1494 = CARTESIAN_POINT ( 'NONE',  ( 9.555206091782395100, 1.493656590518841700, 3.800235294117619000 ) ) ;
#1495 = DIRECTION ( 'NONE',  ( -1.000000000000000000, 2.708646798918070400E-013, 0.0000000000000000000 ) ) ;
#1496 = DIRECTION ( 'NONE',  ( 0.0000000000000000000, 0.0000000000000000000, 1.000000000000000000 ) ) ;
#1497 = CARTESIAN_POINT ( 'NONE',  ( 11.94999999999999900, -12.30000000000000600, 3.800235294117619000 ) ) ;
#1498 = AXIS2_PLACEMENT_3D ( 'NONE', #1497, #1496, #1495 ) ;
#1499 = CIRCLE ( 'NONE', #1498, 14.00000000000000500 ) ;
#1500 = DIRECTION ( 'NONE',  ( 0.7071067811865441300, -0.7071067811865509000, 0.0000000000000000000 ) ) ;
#1501 = CARTESIAN_POINT ( 'NONE',  ( 53.19884194358166200, -64.19884194358203900, 0.0000000000000000000 ) ) ;
#1502 = AXIS2_PLACEMENT_3D ( 'NONE', #1501, #1500, #1450 ) ;
#1503 = CIRCLE ( 'NONE', #1502, 1.850000000000001200 ) ;
#1504 = CARTESIAN_POINT ( 'NONE',  ( 13.00000000000000200, -31.00000000000000000, -5.599999999999999600 ) ) ;
#1505 = DIRECTION ( 'NONE',  ( 0.0000000000000000000, 0.0000000000000000000, -1.000000000000000000 ) ) ;
#1506 = VECTOR ( 'NONE', #1505, 1000.000000000000000 ) ;
#1507 = CARTESIAN_POINT ( 'NONE',  ( 13.00000000000000200, -31.00000000000000000, 55.19297147925204400 ) ) ;
#1508 = LINE ( 'NONE', #1507, #1506 ) ;
#1509 = CARTESIAN_POINT ( 'NONE',  ( 17.84350288425444800, -28.84350288425448700, 0.0000000000000000000 ) ) ;
#1510 = DIRECTION ( 'NONE',  ( 0.0000000000000000000, 1.000000000000000000, 1.084202172485504400E-016 ) ) ;
#1511 = VECTOR ( 'NONE', #1510, 1000.000000000000000 ) ;
#1512 = CARTESIAN_POINT ( 'NONE',  ( 0.0000000000000000000, -7.499999999999998200, -4.000000000000001800 ) ) ;
#1513 = APPROVAL_ROLE ( '' ) ;
#1514 = LINE ( 'NONE', #1512, #1511 ) ;
#1515 = DIRECTION ( 'NONE',  ( 1.000000000000000000, 0.0000000000000000000, 0.0000000000000000000 ) ) ;
#1516 = VECTOR ( 'NONE', #1515, 1000.000000000000000 ) ;
#1517 = CARTESIAN_POINT ( 'NONE',  ( 7.330576210960907200, 0.0000000000000000000, 3.800235294117619000 ) ) ;
#1518 = LINE ( 'NONE', #1517, #1516 ) ;
#1519 = DIRECTION ( 'NONE',  ( 0.0000000000000000000, 0.0000000000000000000, -1.000000000000000000 ) ) ;
#1520 = VECTOR ( 'NONE', #1519, 1000.000000000000000 ) ;
#1521 = CARTESIAN_POINT ( 'NONE',  ( 0.0000000000000000000, -23.50000000000000000, -4.000000000000003600 ) ) ;
#1522 = LINE ( 'NONE', #1521, #1520 ) ;
#1523 = CARTESIAN_POINT ( 'NONE',  ( 12.04184462326494300, 0.0000000000000000000, 2.680381958325687400 ) ) ;
#1524 = CARTESIAN_POINT ( 'NONE',  ( 20.00000000000001100, -24.00000000000006400, 5.599999999999999600 ) ) ;
#1525 = DIRECTION ( 'NONE',  ( 0.0000000000000000000, 0.0000000000000000000, 1.000000000000000000 ) ) ;
#1526 = CARTESIAN_POINT ( 'NONE',  ( 16.04999999999999700, 1.700000000000000000, 0.0000000000000000000 ) ) ;
#1527 = B_SPLINE_CURVE_WITH_KNOTS ( 'NONE', 3,
 ( #1623, #1622, #1621, #1620, #1619, #1618 ),
 .UNSPECIFIED., .F., .F.,
 ( 4, 2, 4 ),
 ( 0.0000000000000000000, 0.5000000000000000000, 1.000000000000000000 ),
 .UNSPECIFIED. ) ;
#1528 = FACE_OUTER_BOUND ( 'NONE', #508, .T. ) ;
#1529 = CARTESIAN_POINT ( 'NONE',  ( 10.25825117094982600, 0.0000000000000000000, 3.800235294117619000 ) ) ;
#1530 = DIRECTION ( 'NONE',  ( 0.7071067811865512400, 0.7071067811865439100, 0.0000000000000000000 ) ) ;
#1531 = VECTOR ( 'NONE', #1530, 1000.000000000000000 ) ;
#1532 = CARTESIAN_POINT ( 'NONE',  ( 6.499999999999935200, -37.50000000000000000, 5.599999999999999600 ) ) ;
#1533 = LINE ( 'NONE', #1532, #1531 ) ;
#1534 = VECTOR ( 'NONE', #1595, 999.9999999999998900 ) ;
#1535 = CARTESIAN_POINT ( 'NONE',  ( 20.10624458405141000, -26.58076118445754700, 3.918869757271528500E-016 ) ) ;
#1536 = LINE ( 'NONE', #1535, #1534 ) ;
#1537 = CARTESIAN_POINT ( 'NONE',  ( 14.23725830020305200, -29.76274169979697600, 0.0000000000000000000 ) ) ;
#1538 = DIRECTION ( 'NONE',  ( 0.0000000000000000000, 0.0000000000000000000, 1.000000000000000000 ) ) ;
#1539 = DIRECTION ( 'NONE',  ( 0.0000000000000000000, 1.000000000000000000, 0.0000000000000000000 ) ) ;
#1540 = AXIS2_PLACEMENT_3D ( 'NONE', #1625, #1539, #1538 ) ;
#1541 = DIRECTION ( 'NONE',  ( 0.0000000000000000000, 1.000000000000000000, 0.0000000000000000000 ) ) ;
#1542 = CIRCLE ( 'NONE', #1569, 1.100000000000003000 ) ;
#1543 = CARTESIAN_POINT ( 'NONE',  ( 18.76274169979697600, -25.23725830020310200, 3.918869757271528500E-016 ) ) ;
#1544 = CARTESIAN_POINT ( 'NONE',  ( 16.50000000000001400, -27.50000000000003900, 0.0000000000000000000 ) ) ;
#1545 = AXIS2_PLACEMENT_3D ( 'NONE', #1544, #1646, #1645 ) ;
#1546 = CIRCLE ( 'NONE', #1545, 3.199999999999999700 ) ;
#1547 = DIRECTION ( 'NONE',  ( 0.0000000000000000000, 1.000000000000000000, 0.0000000000000000000 ) ) ;
#1548 = CARTESIAN_POINT ( 'NONE',  ( 16.04999999999999700, 1.300000000000000000, 0.0000000000000000000 ) ) ;
#1549 = AXIS2_PLACEMENT_3D ( 'NONE', #1548, #1547, #1525 ) ;
#1550 = CIRCLE ( 'NONE', #1549, 1.100000000000003000 ) ;
#1551 = CARTESIAN_POINT ( 'NONE',  ( 4.500000000000005300, -28.19999999999999900, 5.600000000000014700 ) ) ;
#1552 = DIRECTION ( 'NONE',  ( 1.000000000000000000, 0.0000000000000000000, 0.0000000000000000000 ) ) ;
#1553 = DIRECTION ( 'NONE',  ( 0.0000000000000000000, 0.0000000000000000000, 1.000000000000000000 ) ) ;
#1554 = CARTESIAN_POINT ( 'NONE',  ( 3.000000000000004900, -28.19999999999999900, 5.600000000000014700 ) ) ;
#1555 = AXIS2_PLACEMENT_3D ( 'NONE', #1554, #1553, #1552 ) ;
#1556 = CIRCLE ( 'NONE', #1555, 1.500000000000000900 ) ;
#1557 = CARTESIAN_POINT ( 'NONE',  ( 1.500000000000004200, -28.19999999999999900, 5.600000000000014700 ) ) ;
#1558 = DIRECTION ( 'NONE',  ( 0.0000000000000000000, 0.0000000000000000000, 1.000000000000000000 ) ) ;
#1559 = VECTOR ( 'NONE', #1558, 1000.000000000000000 ) ;
#1560 = CARTESIAN_POINT ( 'NONE',  ( 1.500000000000004200, -28.19999999999999900, -5.599999999999999600 ) ) ;
#1561 = LINE ( 'NONE', #1560, #1559 ) ;
#1562 = AXIS2_PLACEMENT_3D ( 'NONE', #1592, #1591, #1590 ) ;
#1563 = CIRCLE ( 'NONE', #1562, 2.000235294117650700 ) ;
#1564 = DIRECTION ( 'NONE',  ( 1.224606353822377300E-016, -1.000000000000000000, 0.0000000000000000000 ) ) ;
#1565 = CARTESIAN_POINT ( 'NONE',  ( 0.0000000000000000000, -7.499999999999998200, -4.000000000000001800 ) ) ;
#1566 = DIRECTION ( 'NONE',  ( 0.0000000000000000000, 0.0000000000000000000, 1.000000000000000000 ) ) ;
#1567 = CARTESIAN_POINT ( 'NONE',  ( 1.898139848424684800E-015, 0.0000000000000000000, 5.599999999999999600 ) ) ;
#1568 = AXIS2_PLACEMENT_3D ( 'NONE', #1509, #1571, #1606 ) ;
#1569 = AXIS2_PLACEMENT_3D ( 'NONE', #1526, #1541, #1566 ) ;
#1570 = CARTESIAN_POINT ( 'NONE',  ( 16.35000000000000100, 1.700000000000000000, 1.058300524425838600 ) ) ;
#1571 = DIRECTION ( 'NONE',  ( 0.7071067811865440200, -0.7071067811865511300, 0.0000000000000000000 ) ) ;
#1572 = CARTESIAN_POINT ( 'NONE',  ( 7.000671030216007100, 0.7015138626294636900, 3.612790424961463700 ) ) ;
#1573 = CARTESIAN_POINT ( 'NONE',  ( 11.94996285222692300, 1.700134202295584800, -2.290705806380799000 ) ) ;
#1574 = DIRECTION ( 'NONE',  ( 0.0000000000000000000, 0.0000000000000000000, 1.000000000000000000 ) ) ;
#1575 = VECTOR ( 'NONE', #1574, 1000.000000000000000 ) ;
#1576 = CARTESIAN_POINT ( 'NONE',  ( 11.94999999999999900, 1.700000000000000200, -3.850000000000000100 ) ) ;
#1577 = LINE ( 'NONE', #1576, #1575 ) ;
#1578 = CARTESIAN_POINT ( 'NONE',  ( 4.500000000000005300, -28.19999999999999900, -5.599999999999999600 ) ) ;
#1579 = CARTESIAN_POINT ( 'NONE',  ( 1.500000000000004200, -28.19999999999999900, -5.599999999999999600 ) ) ;
#1580 = DIRECTION ( 'NONE',  ( 1.000000000000000000, 0.0000000000000000000, 0.0000000000000000000 ) ) ;
#1581 = DIRECTION ( 'NONE',  ( 0.0000000000000000000, 0.0000000000000000000, 1.000000000000000000 ) ) ;
#1582 = CARTESIAN_POINT ( 'NONE',  ( 3.000000000000004900, -28.19999999999999900, -5.599999999999999600 ) ) ;
#1583 = AXIS2_PLACEMENT_3D ( 'NONE', #1582, #1581, #1580 ) ;
#1584 = CIRCLE ( 'NONE', #1583, 1.500000000000000900 ) ;
#1585 = DIRECTION ( 'NONE',  ( 1.000000000000000000, 0.0000000000000000000, 0.0000000000000000000 ) ) ;
#1586 = DIRECTION ( 'NONE',  ( 0.0000000000000000000, 0.0000000000000000000, 1.000000000000000000 ) ) ;
#1587 = VECTOR ( 'NONE', #1564, 1000.000000000000000 ) ;
#1588 = CARTESIAN_POINT ( 'NONE',  ( 7.000671030216007100, 0.7015138626294636900, 3.612790424961463700 ) ) ;
#1589 = CARTESIAN_POINT ( 'NONE',  ( 11.94999999999999900, 1.700000000000001100, 1.081665382639197300 ) ) ;
#1590 = DIRECTION ( 'NONE',  ( 0.0000000000000000000, 0.0000000000000000000, 1.000000000000000000 ) ) ;
#1591 = DIRECTION ( 'NONE',  ( 0.0000000000000000000, 1.000000000000000000, 0.0000000000000000000 ) ) ;
#1592 = CARTESIAN_POINT ( 'NONE',  ( 16.24999999999999300, 0.0000000000000000000, 0.9999999999999940000 ) ) ;
#1593 = CARTESIAN_POINT ( 'NONE',  ( 15.58076118445748600, -31.10624458405142400, 0.0000000000000000000 ) ) ;
#1594 = LINE ( 'NONE', #1593, #1629 ) ;
#1595 = DIRECTION ( 'NONE',  ( -0.7071067811865441300, 0.7071067811865510100, 0.0000000000000000000 ) ) ;
#1596 = LINE ( 'NONE', #1567, #1587 ) ;
#1597 = CARTESIAN_POINT ( 'NONE',  ( 6.250000000000002700, 0.0000000000000000000, 2.179105226111349900 ) ) ;
#1598 = CARTESIAN_POINT ( 'NONE',  ( 6.252505015393734500, 0.003314767046582087300, 2.334026809317061500 ) ) ;
#1599 = CARTESIAN_POINT ( 'NONE',  ( 6.275381809733756800, 0.03411757015373125700, 2.485777606384606700 ) ) ;
#1600 = CARTESIAN_POINT ( 'NONE',  ( 6.352338351443297200, 0.1289580274292556300, 2.766409968440588500 ) ) ;
#1601 = CARTESIAN_POINT ( 'NONE',  ( 6.406680930069681400, 0.1927709437641291500, 2.897613814479822000 ) ) ;
#1602 = CARTESIAN_POINT ( 'NONE',  ( 6.537972352974127200, 0.3304509061864965300, 3.136507159541733100 ) ) ;
#1603 = CARTESIAN_POINT ( 'NONE',  ( 6.614780859778603500, 0.4044154522705636900, 3.244871257687472500 ) ) ;
#1604 = CARTESIAN_POINT ( 'NONE',  ( 6.791588630513213200, 0.5543414971915562300, 3.444217090180145700 ) ) ;
#1605 = CARTESIAN_POINT ( 'NONE',  ( 6.891656837913816800, 0.6301733132685970500, 3.534589372952732200 ) ) ;
#1606 = DIRECTION ( 'NONE',  ( 0.7071067811865513500, 0.7071067811865436900, 0.0000000000000000000 ) ) ;
#1607 = CARTESIAN_POINT ( 'NONE',  ( 11.94999999999999900, 1.700000000000001100, 1.081665382639197300 ) ) ;
#1608 = CARTESIAN_POINT ( 'NONE',  ( 11.85000000000000100, 1.699642852587345700, 1.058300524425837200 ) ) ;
#1609 = B_SPLINE_CURVE_WITH_KNOTS ( 'NONE', 3,
 ( #1607, #1615, #1614, #1613 ),
 .UNSPECIFIED., .F., .F.,
 ( 4, 4 ),
 ( 0.0000000000000000000, 0.0001019300510497226700 ),
 .UNSPECIFIED. ) ;
#1610 = CARTESIAN_POINT ( 'NONE',  ( 7.583555374952887000, 0.9978032506907930100, 3.800235294117619000 ) ) ;
#1611 = B_SPLINE_CURVE_WITH_KNOTS ( 'NONE', 3,
 ( #1572, #1605, #1604, #1603, #1602, #1601, #1600, #1599, #1598, #1597 ),
 .UNSPECIFIED., .F., .F.,
 ( 4, 2, 2, 2, 4 ),
 ( 0.0004219618870063806100, 0.0008776725556001664800, 0.001333383224193952300, 0.001789093892787738300, 0.002244804561381524100 ),
 .UNSPECIFIED. ) ;
#1612 = CARTESIAN_POINT ( 'NONE',  ( 11.94999999999950500, 1.700000000000133200, -1.081665382640906800 ) ) ;
#1613 = CARTESIAN_POINT ( 'NONE',  ( 11.85000000000000100, 1.699642852587345700, 1.058300524425837200 ) ) ;
#1614 = CARTESIAN_POINT ( 'NONE',  ( 11.88278061957927900, 1.699877005843431800, 1.067592956628986300 ) ) ;
#1615 = CARTESIAN_POINT ( 'NONE',  ( 11.91610752010529800, 1.699999999999998400, 1.075398660889813800 ) ) ;
#1616 = CARTESIAN_POINT ( 'NONE',  ( 3.000000000000004900, -28.19999999999999900, -5.599999999999999600 ) ) ;
#1617 = AXIS2_PLACEMENT_3D ( 'NONE', #1616, #1586, #1585 ) ;
#1618 = CARTESIAN_POINT ( 'NONE',  ( 10.25825117094982600, 0.0000000000000000000, 3.800235294117619000 ) ) ;
#1619 = CARTESIAN_POINT ( 'NONE',  ( 10.48215088871381100, 0.0000000000000000000, 3.523684997462617700 ) ) ;
#1620 = CARTESIAN_POINT ( 'NONE',  ( 10.74835975163317900, 0.0000000000000000000, 3.288236699527570000 ) ) ;
#1621 = CARTESIAN_POINT ( 'NONE',  ( 11.36539576778269700, 0.0000000000000000000, 2.899544101097385700 ) ) ;
#1622 = CARTESIAN_POINT ( 'NONE',  ( 11.69506893559797200, 0.0000000000000000000, 2.760856987164851200 ) ) ;
#1623 = CARTESIAN_POINT ( 'NONE',  ( 12.04184462326494300, 0.0000000000000000000, 2.680381958325687400 ) ) ;
#1624 = CYLINDRICAL_SURFACE ( 'NONE', #1617, 1.500000000000000900 ) ;
#1625 = CARTESIAN_POINT ( 'NONE',  ( 16.04999999999999700, 1.300000000000000000, 0.0000000000000000000 ) ) ;
#1626 = CYLINDRICAL_SURFACE ( 'NONE', #1540, 1.100000000000003000 ) ;
#1627 = FACE_OUTER_BOUND ( 'NONE', #510, .T. ) ;
#1628 = DIRECTION ( 'NONE',  ( -0.7071067811865441300, 0.7071067811865510100, 0.0000000000000000000 ) ) ;
#1629 = VECTOR ( 'NONE', #1628, 999.9999999999998900 ) ;
#1630 = CARTESIAN_POINT ( 'NONE',  ( 5.694419545274054300E-015, -31.00000000000000000, 5.599999999999999600 ) ) ;
#1631 = DIRECTION ( 'NONE',  ( 0.0000000000000000000, 0.0000000000000000000, -1.000000000000000000 ) ) ;
#1632 = VECTOR ( 'NONE', #1631, 1000.000000000000000 ) ;
#1633 = CARTESIAN_POINT ( 'NONE',  ( 5.694419545274054300E-015, -31.00000000000000000, 5.599999999999999600 ) ) ;
#1634 = LINE ( 'NONE', #1633, #1632 ) ;
#1635 = CARTESIAN_POINT ( 'NONE',  ( 5.694419545274054300E-015, -31.00000000000000000, -5.599999999999999600 ) ) ;
#1636 = DIRECTION ( 'NONE',  ( 1.224606353822377300E-016, -1.000000000000000000, 0.0000000000000000000 ) ) ;
#1637 = VECTOR ( 'NONE', #1636, 1000.000000000000000 ) ;
#1638 = CARTESIAN_POINT ( 'NONE',  ( 1.898139848424684800E-015, 0.0000000000000000000, -5.599999999999999600 ) ) ;
#1639 = LINE ( 'NONE', #1638, #1637 ) ;
#1640 = DIRECTION ( 'NONE',  ( 0.0000000000000000000, 0.0000000000000000000, 1.000000000000000000 ) ) ;
#1641 = VECTOR ( 'NONE', #1640, 1000.000000000000000 ) ;
#1642 = CARTESIAN_POINT ( 'NONE',  ( 7.741625102481687100, 1.052512150226178900, -3.850000000000000100 ) ) ;
#1643 = LINE ( 'NONE', #1642, #1641 ) ;
#1644 = CARTESIAN_POINT ( 'NONE',  ( 6.250000000000002700, 0.0000000000000000000, 2.179105226111349900 ) ) ;
#1645 = DIRECTION ( 'NONE',  ( 0.7071067811865507900, 0.7071067811865442400, 0.0000000000000000000 ) ) ;
#1646 = DIRECTION ( 'NONE',  ( 0.7071067811865440200, -0.7071067811865511300, 0.0000000000000000000 ) ) ;
#1647 = CIRCLE ( 'NONE', #1568, 3.199999999999997100 ) ;
#1648 = AXIS2_PLACEMENT_3D ( 'NONE', #1845, #1844, #1843 ) ;
#1649 = PLANE ( 'NONE',  #1648 ) ;
#1650 = CARTESIAN_POINT ( 'NONE',  ( 7.583555374952887000, 0.0000000000000000000, 2.800235294117619000 ) ) ;
#1651 = FACE_BOUND ( 'NONE', #580, .T. ) ;
#1652 = FACE_OUTER_BOUND ( 'NONE', #456, .T. ) ;
#1653 = DIRECTION ( 'NONE',  ( 0.0000000000000000000, 0.0000000000000000000, -1.000000000000000000 ) ) ;
#1654 = DIRECTION ( 'NONE',  ( 0.0000000000000000000, 0.0000000000000000000, 1.000000000000000000 ) ) ;
#1655 = FACE_OUTER_BOUND ( 'NONE', #568, .T. ) ;
#1656 = DIRECTION ( 'NONE',  ( 0.0000000000000000000, -1.000000000000000000, -2.168404344971008900E-016 ) ) ;
#1657 = VECTOR ( 'NONE', #1656, 1000.000000000000000 ) ;
#1658 = CARTESIAN_POINT ( 'NONE',  ( 0.0000000000000000000, -7.499999999999999100, 4.000000000000000000 ) ) ;
#1659 = LINE ( 'NONE', #1658, #1657 ) ;
#1660 = DIRECTION ( 'NONE',  ( 0.0000000000000000000, 0.0000000000000000000, 1.000000000000000000 ) ) ;
#1661 = DIRECTION ( 'NONE',  ( 0.0000000000000000000, 1.000000000000000000, 0.0000000000000000000 ) ) ;
#1662 = CARTESIAN_POINT ( 'NONE',  ( 8.049999999999997200, 0.0000000000000000000, 2.149999999999964400 ) ) ;
#1663 = AXIS2_PLACEMENT_3D ( 'NONE', #1662, #1661, #1660 ) ;
#1664 = CARTESIAN_POINT ( 'NONE',  ( 12.73062527150307400, 0.0000000000000000000, 5.599999999999994300 ) ) ;
#1665 = CARTESIAN_POINT ( 'NONE',  ( 9.555206091782395100, 1.493656590518841700, 3.800235294117619000 ) ) ;
#1666 = CARTESIAN_POINT ( 'NONE',  ( 1.898139848424684800E-015, 0.0000000000000000000, 5.599999999999999600 ) ) ;
#1667 = DIRECTION ( 'NONE',  ( 0.0000000000000000000, 0.0000000000000000000, -1.000000000000000000 ) ) ;
#1668 = VECTOR ( 'NONE', #1667, 1000.000000000000000 ) ;
#1669 = CARTESIAN_POINT ( 'NONE',  ( 1.898139848424684800E-015, 0.0000000000000000000, 5.599999999999999600 ) ) ;
#1670 = LINE ( 'NONE', #1669, #1668 ) ;
#1671 = CARTESIAN_POINT ( 'NONE',  ( 6.250000000000001800, 0.0000000000000000000, -0.8500000000000009800 ) ) ;
#1672 = LINE ( 'NONE', #1673, #1834 ) ;
#1673 = CARTESIAN_POINT ( 'NONE',  ( 6.250000000000001800, 0.0000000000000000000, -3.850000000000000100 ) ) ;
#1674 = CARTESIAN_POINT ( 'NONE',  ( 8.643419723378471500, -1.808740453393718100, -3.850000000000000100 ) ) ;
#1675 = FACE_OUTER_BOUND ( 'NONE', #517, .T. ) ;
#1676 = CARTESIAN_POINT ( 'NONE',  ( 12.15000000000000000, 1.700000000000000000, 1.100000000000001000 ) ) ;
#1677 = DIRECTION ( 'NONE',  ( 0.0000000000000000000, 1.000000000000000000, 0.0000000000000000000 ) ) ;
#1678 = VECTOR ( 'NONE', #1677, 1000.000000000000000 ) ;
#1679 = CARTESIAN_POINT ( 'NONE',  ( 12.15000000000000000, 1.300000000000000000, 1.100000000000001000 ) ) ;
#1680 = LINE ( 'NONE', #1679, #1678 ) ;
#1681 = CARTESIAN_POINT ( 'NONE',  ( 12.45000000000000100, 1.300000000000000000, 1.058300524425837200 ) ) ;
#1682 = CARTESIAN_POINT ( 'NONE',  ( 12.15000000000000000, 1.300000000000000000, 1.100000000000001000 ) ) ;
#1683 = DIRECTION ( 'NONE',  ( 0.0000000000000000000, 0.0000000000000000000, 1.000000000000000000 ) ) ;
#1684 = DIRECTION ( 'NONE',  ( 0.0000000000000000000, 1.000000000000000000, 0.0000000000000000000 ) ) ;
#1685 = CARTESIAN_POINT ( 'NONE',  ( 12.15000000000000000, 1.300000000000000000, 0.0000000000000000000 ) ) ;
#1686 = AXIS2_PLACEMENT_3D ( 'NONE', #1685, #1684, #1683 ) ;
#1687 = CIRCLE ( 'NONE', #1686, 1.100000000000001000 ) ;
#1688 = DIRECTION ( 'NONE',  ( 0.0000000000000000000, 0.0000000000000000000, 1.000000000000000000 ) ) ;
#1689 = CARTESIAN_POINT ( 'NONE',  ( 11.41559131266329200, 1.690530698783166800, 0.8526530192257693000 ) ) ;
#1690 = CARTESIAN_POINT ( 'NONE',  ( 11.62201359624593700, 1.698014336730517600, 0.9936724537147074700 ) ) ;
#1691 = CARTESIAN_POINT ( 'NONE',  ( 11.85000000000000100, 1.699642852587345700, 1.058300524425837200 ) ) ;
#1692 = CARTESIAN_POINT ( 'NONE',  ( 11.85000000000000100, 1.699642852587345700, -1.058300524425837200 ) ) ;
#1693 = B_SPLINE_CURVE_WITH_KNOTS ( 'NONE', 3,
 ( #1691, #1690, #1689, #1706, #1705, #1704, #1703, #1702, #1701, #1700 ),
 .UNSPECIFIED., .F., .F.,
 ( 4, 2, 2, 2, 4 ),
 ( 0.0001019300510497226700, 0.0008108448327576395600, 0.001519759614465556400, 0.002228674396173473300, 0.002937589177881390200 ),
 .UNSPECIFIED. ) ;
#1694 = DIRECTION ( 'NONE',  ( 1.000000000000000000, 0.0000000000000000000, 0.0000000000000000000 ) ) ;
#1695 = DIRECTION ( 'NONE',  ( 0.0000000000000000000, 0.0000000000000000000, 1.000000000000000000 ) ) ;
#1696 = AXIS2_PLACEMENT_3D ( 'NONE', #1796, #1695, #1694 ) ;
#1697 = CYLINDRICAL_SURFACE ( 'NONE', #1696, 14.00000000000000500 ) ;
#1698 = CARTESIAN_POINT ( 'NONE',  ( 11.85000000000000100, 1.699642852587345700, -1.058300524425837200 ) ) ;
#1699 = B_SPLINE_CURVE_WITH_KNOTS ( 'NONE', 3,
 ( #1698, #1761, #1760, #1759 ),
 .UNSPECIFIED., .F., .F.,
 ( 4, 4 ),
 ( 0.0000000000000000000, 0.0001019315159743715700 ),
 .UNSPECIFIED. ) ;
#1700 = CARTESIAN_POINT ( 'NONE',  ( 11.85000000000000100, 1.699642852587345700, -1.058300524425837200 ) ) ;
#1701 = CARTESIAN_POINT ( 'NONE',  ( 11.61992341007250000, 1.697999406448399000, -0.9930799416280559100 ) ) ;
#1702 = CARTESIAN_POINT ( 'NONE',  ( 11.41681978003226800, 1.690588376788811700, -0.8541716949802632400 ) ) ;
#1703 = CARTESIAN_POINT ( 'NONE',  ( 11.12840703767258800, 1.676617233077433800, -0.4727688005574081100 ) ) ;
#1704 = CARTESIAN_POINT ( 'NONE',  ( 11.05003997851472500, 1.671044054090302400, -0.2384777375491740100 ) ) ;
#1705 = CARTESIAN_POINT ( 'NONE',  ( 11.04996005242285100, 1.671038905334459200, 0.2381087858666914600 ) ) ;
#1706 = CARTESIAN_POINT ( 'NONE',  ( 11.12927845534662000, 1.676657612778418100, 0.4738151744202257500 ) ) ;
#1707 = CARTESIAN_POINT ( 'NONE',  ( 9.821234921106457300, 1.539843344241085000, 3.423661614211571400 ) ) ;
#1708 = LINE ( 'NONE', #1771, #1770 ) ;
#1709 = DIRECTION ( 'NONE',  ( 1.000000000000000000, 0.0000000000000000000, 0.0000000000000000000 ) ) ;
#1710 = DIRECTION ( 'NONE',  ( 0.0000000000000000000, 0.0000000000000000000, 1.000000000000000000 ) ) ;
#1711 = DIRECTION ( 'NONE',  ( 0.0000000000000000000, 1.000000000000000000, 0.0000000000000000000 ) ) ;
#1712 = AXIS2_PLACEMENT_3D ( 'NONE', #1714, #1711, #1688 ) ;
#1713 = CYLINDRICAL_SURFACE ( 'NONE', #1712, 1.100000000000001000 ) ;
#1714 = CARTESIAN_POINT ( 'NONE',  ( 12.15000000000000000, 1.300000000000000000, 0.0000000000000000000 ) ) ;
#1715 = FACE_OUTER_BOUND ( 'NONE', #601, .T. ) ;
#1716 = CARTESIAN_POINT ( 'NONE',  ( 1.898139848424684800E-015, 0.0000000000000000000, -5.599999999999999600 ) ) ;
#1717 = CARTESIAN_POINT ( 'NONE',  ( 12.73062527150308500, 0.0000000000000000000, 2.600235294117638800 ) ) ;
#1718 = FACE_BOUND ( 'NONE', #639, .T. ) ;
#1719 = DIRECTION ( 'NONE',  ( -1.224606353822377300E-016, 1.000000000000000000, 0.0000000000000000000 ) ) ;
#1720 = DIRECTION ( 'NONE',  ( 1.000000000000000000, 1.224606353822377300E-016, 0.0000000000000000000 ) ) ;
#1721 = CARTESIAN_POINT ( 'NONE',  ( 1.898139848424684800E-015, 0.0000000000000000000, 5.599999999999999600 ) ) ;
#1722 = AXIS2_PLACEMENT_3D ( 'NONE', #1721, #1720, #1719 ) ;
#1723 = PLANE ( 'NONE',  #1722 ) ;
#1724 = FACE_OUTER_BOUND ( 'NONE', #183, .T. ) ;
#1725 = FACE_BOUND ( 'NONE', #497, .T. ) ;
#1726 = FACE_OUTER_BOUND ( 'NONE', #533, .T. ) ;
#1727 = DIRECTION ( 'NONE',  ( 0.7071067811865507900, 0.7071067811865442400, 0.0000000000000000000 ) ) ;
#1728 = DIRECTION ( 'NONE',  ( 0.7071067811865440200, -0.7071067811865511300, 0.0000000000000000000 ) ) ;
#1729 = CARTESIAN_POINT ( 'NONE',  ( 16.50000000000001400, -27.50000000000003900, 0.0000000000000000000 ) ) ;
#1730 = AXIS2_PLACEMENT_3D ( 'NONE', #1729, #1728, #1727 ) ;
#1731 = CIRCLE ( 'NONE', #1730, 3.199999999999999700 ) ;
#1732 = CARTESIAN_POINT ( 'NONE',  ( 18.25023529411764400, 0.0000000000000000000, 1.000000000000000000 ) ) ;
#1733 = CARTESIAN_POINT ( 'NONE',  ( 7.741625102481687100, 1.052512150226178900, 0.8499999999999983100 ) ) ;
#1734 = CARTESIAN_POINT ( 'NONE',  ( 1.500000000000001100, -2.799999999999999800, 5.600000000000014700 ) ) ;
#1735 = DIRECTION ( 'NONE',  ( 0.0000000000000000000, 0.0000000000000000000, 1.000000000000000000 ) ) ;
#1736 = VECTOR ( 'NONE', #1735, 1000.000000000000000 ) ;
#1737 = CARTESIAN_POINT ( 'NONE',  ( 1.500000000000001100, -2.799999999999999800, -5.599999999999999600 ) ) ;
#1738 = LINE ( 'NONE', #1737, #1736 ) ;
#1739 = CARTESIAN_POINT ( 'NONE',  ( 4.500000000000002700, -2.799999999999999800, -5.599999999999999600 ) ) ;
#1740 = CARTESIAN_POINT ( 'NONE',  ( 1.500000000000001100, -2.799999999999999800, -5.599999999999999600 ) ) ;
#1741 = DIRECTION ( 'NONE',  ( 1.000000000000000000, 0.0000000000000000000, 0.0000000000000000000 ) ) ;
#1742 = DIRECTION ( 'NONE',  ( 0.0000000000000000000, 0.0000000000000000000, 1.000000000000000000 ) ) ;
#1743 = CARTESIAN_POINT ( 'NONE',  ( 8.643419723378471500, -1.808740453393718100, -3.850000000000000100 ) ) ;
#1744 = AXIS2_PLACEMENT_3D ( 'NONE', #1743, #1710, #1709 ) ;
#1745 = CARTESIAN_POINT ( 'NONE',  ( 9.555561528853202100, 1.493718295220190200, -3.800235294117678000 ) ) ;
#1746 = CARTESIAN_POINT ( 'NONE',  ( 9.821257927856532200, 1.539840281025800100, -3.423403749106305800 ) ) ;
#1747 = CARTESIAN_POINT ( 'NONE',  ( 10.16285426735404200, 1.591839628936844800, -3.102939816399381100 ) ) ;
#1748 = CARTESIAN_POINT ( 'NONE',  ( 11.00048516854570300, 1.674101750404680000, -2.574747175594434000 ) ) ;
#1749 = CARTESIAN_POINT ( 'NONE',  ( 11.45727470251470400, 1.699997385440465700, -2.391941740482246700 ) ) ;
#1750 = CARTESIAN_POINT ( 'NONE',  ( 11.94996285222692300, 1.700134202295584800, -2.290705806380799000 ) ) ;
#1751 = CC_DESIGN_APPROVAL ( #1427, ( #1992 ) ) ;
#1752 = CALENDAR_DATE ( 2008, 10, 9 ) ;
#1753 = LOCAL_TIME ( 9, 51, 18.00000000000000000, #1755 ) ;
#1754 = DATE_AND_TIME ( #1752, #1753 ) ;
#1755 = COORDINATED_UNIVERSAL_TIME_OFFSET ( 9, 0, .AHEAD. ) ;
#1756 = APPROVAL_PERSON_ORGANIZATION ( #1991, #1427, #1513 ) ;
#1757 = B_SPLINE_CURVE_WITH_KNOTS ( 'NONE', 3,
 ( #1750, #1749, #1748, #1747, #1746, #1745 ),
 .UNSPECIFIED., .F., .F.,
 ( 4, 2, 4 ),
 ( 0.0000000000000000000, 0.5000000000000000000, 1.000000000000000000 ),
 .UNSPECIFIED. ) ;
#1758 = APPROVAL_DATE_TIME ( #1754, #1427 ) ;
#1759 = CARTESIAN_POINT ( 'NONE',  ( 11.94999999999950500, 1.700000000000133200, -1.081665382640906800 ) ) ;
#1760 = CARTESIAN_POINT ( 'NONE',  ( 11.91649470141947700, 1.699999999999998800, -1.075470250740121300 ) ) ;
#1761 = CARTESIAN_POINT ( 'NONE',  ( 11.88315937102160000, 1.699879711279890500, -1.067700322570959400 ) ) ;
#1762 = VECTOR ( 'NONE', #1653, 1000.000000000000000 ) ;
#1763 = CARTESIAN_POINT ( 'NONE',  ( 20.00000000000000400, 0.0000000000000000000, 5.599999999999999600 ) ) ;
#1764 = LINE ( 'NONE', #1763, #1762 ) ;
#1765 = DIRECTION ( 'NONE',  ( 0.0000000000000000000, -1.084202172485504200E-016, 1.000000000000000000 ) ) ;
#1766 = VECTOR ( 'NONE', #1765, 1000.000000000000000 ) ;
#1767 = CARTESIAN_POINT ( 'NONE',  ( 0.0000000000000000000, -7.499999999999998200, -4.000000000000001800 ) ) ;
#1768 = CYLINDRICAL_SURFACE ( 'NONE', #1744, 2.999999999999999100 ) ;
#1769 = DIRECTION ( 'NONE',  ( 0.0000000000000000000, 0.0000000000000000000, 1.000000000000000000 ) ) ;
#1770 = VECTOR ( 'NONE', #1769, 1000.000000000000000 ) ;
#1771 = CARTESIAN_POINT ( 'NONE',  ( 11.94999999999999900, 1.700000000000000200, -3.850000000000000100 ) ) ;
#1772 = LINE ( 'NONE', #1767, #1766 ) ;
#1773 = CARTESIAN_POINT ( 'NONE',  ( 0.0000000000000000000, -23.50000000000000000, -4.000000000000003600 ) ) ;
#1774 = CARTESIAN_POINT ( 'NONE',  ( 0.0000000000000000000, -23.50000000000000000, 3.999999999999996400 ) ) ;
#1775 = CARTESIAN_POINT ( 'NONE',  ( 3.000000000000001800, -2.799999999999999800, -5.599999999999999600 ) ) ;
#1776 = AXIS2_PLACEMENT_3D ( 'NONE', #1775, #1742, #1741 ) ;
#1777 = CIRCLE ( 'NONE', #1776, 1.500000000000000400 ) ;
#1778 = DIRECTION ( 'NONE',  ( 1.000000000000000000, 0.0000000000000000000, 0.0000000000000000000 ) ) ;
#1779 = DIRECTION ( 'NONE',  ( 0.0000000000000000000, 0.0000000000000000000, 1.000000000000000000 ) ) ;
#1780 = CARTESIAN_POINT ( 'NONE',  ( 3.000000000000001800, -2.799999999999999800, -5.599999999999999600 ) ) ;
#1781 = AXIS2_PLACEMENT_3D ( 'NONE', #1780, #1779, #1778 ) ;
#1782 = CYLINDRICAL_SURFACE ( 'NONE', #1781, 1.500000000000000400 ) ;
#1783 = FACE_OUTER_BOUND ( 'NONE', #554, .T. ) ;
#1784 = DIRECTION ( 'NONE',  ( 0.0000000000000000000, 0.0000000000000000000, 1.000000000000000000 ) ) ;
#1785 = VECTOR ( 'NONE', #1784, 1000.000000000000000 ) ;
#1786 = CARTESIAN_POINT ( 'NONE',  ( 4.500000000000005300, -28.19999999999999900, -5.599999999999999600 ) ) ;
#1787 = LINE ( 'NONE', #1786, #1785 ) ;
#1788 = DIRECTION ( 'NONE',  ( 1.000000000000000000, 0.0000000000000000000, 0.0000000000000000000 ) ) ;
#1789 = DIRECTION ( 'NONE',  ( 0.0000000000000000000, 0.0000000000000000000, 1.000000000000000000 ) ) ;
#1790 = AXIS2_PLACEMENT_3D ( 'NONE', #1674, #1789, #1788 ) ;
#1791 = CYLINDRICAL_SURFACE ( 'NONE', #1790, 2.999999999999999100 ) ;
#1792 = CARTESIAN_POINT ( 'NONE',  ( 11.94999999999999900, 1.700000000000000200, 2.291069018420890400 ) ) ;
#1793 = CARTESIAN_POINT ( 'NONE',  ( 11.45843257325784000, 1.699999999999998400, 2.391062644718704400 ) ) ;
#1794 = CARTESIAN_POINT ( 'NONE',  ( 11.00174217046197700, 1.674226823875005800, 2.573694799493605700 ) ) ;
#1795 = CARTESIAN_POINT ( 'NONE',  ( 10.16149045819225300, 1.591704065925480900, 3.104236165997582600 ) ) ;
#1796 = CARTESIAN_POINT ( 'NONE',  ( 11.94999999999999900, -12.30000000000000600, -3.850000000000000100 ) ) ;
#1797 = DIRECTION ( 'NONE',  ( -1.000000000000000000, 0.0000000000000000000, 1.084202172485504800E-016 ) ) ;
#1798 = DIRECTION ( 'NONE',  ( -1.000802005371231400E-016, 0.0000000000000000000, -1.000000000000000000 ) ) ;
#1799 = CARTESIAN_POINT ( 'NONE',  ( 8.643419723378471500, -1.808740453393718100, -0.8500000000000005300 ) ) ;
#1800 = AXIS2_PLACEMENT_3D ( 'NONE', #1799, #1798, #1797 ) ;
#1801 = CIRCLE ( 'NONE', #1800, 2.999999999999999100 ) ;
#1802 = FACE_OUTER_BOUND ( 'NONE', #647, .T. ) ;
#1803 = DIRECTION ( 'NONE',  ( -1.000000000000000000, 0.0000000000000000000, 0.0000000000000000000 ) ) ;
#1804 = VECTOR ( 'NONE', #1803, 1000.000000000000000 ) ;
#1805 = CARTESIAN_POINT ( 'NONE',  ( 1.898139848424684800E-015, 0.0000000000000000000, 5.599999999999999600 ) ) ;
#1806 = LINE ( 'NONE', #1805, #1804 ) ;
#1807 = CARTESIAN_POINT ( 'NONE',  ( 7.000671030216006200, 0.0000000000000000000, 3.612790424961462900 ) ) ;
#1808 = CARTESIAN_POINT ( 'NONE',  ( 7.583555374952887000, 0.0000000000000000000, 3.800235294117619000 ) ) ;
#1809 = CARTESIAN_POINT ( 'NONE',  ( 7.741625102481687100, 1.052512150226178900, -0.8500000000000000900 ) ) ;
#1810 = DIRECTION ( 'NONE',  ( 0.0000000000000000000, 0.0000000000000000000, 1.000000000000000000 ) ) ;
#1811 = VECTOR ( 'NONE', #1810, 1000.000000000000000 ) ;
#1812 = CARTESIAN_POINT ( 'NONE',  ( 9.500000000000003600, 1.483958067260650700, -3.850000000000000100 ) ) ;
#1813 = LINE ( 'NONE', #1812, #1811 ) ;
#1814 = DIRECTION ( 'NONE',  ( 0.0000000000000000000, 0.0000000000000000000, 1.000000000000000000 ) ) ;
#1815 = VECTOR ( 'NONE', #1814, 1000.000000000000000 ) ;
#1816 = CARTESIAN_POINT ( 'NONE',  ( 6.250000000000001800, 0.0000000000000000000, -3.850000000000000100 ) ) ;
#1817 = LINE ( 'NONE', #1816, #1815 ) ;
#1818 = CARTESIAN_POINT ( 'NONE',  ( 6.250000000000001800, 0.0000000000000000000, 0.8499999999999983100 ) ) ;
#1819 = DIRECTION ( 'NONE',  ( -1.000000000000000000, 0.0000000000000000000, 3.614007241618349100E-017 ) ) ;
#1820 = DIRECTION ( 'NONE',  ( -3.336006684570782100E-017, 0.0000000000000000000, -1.000000000000000000 ) ) ;
#1821 = AXIS2_PLACEMENT_3D ( 'NONE', #1828, #1820, #1819 ) ;
#1822 = CIRCLE ( 'NONE', #1821, 2.999999999999999100 ) ;
#1823 = DIRECTION ( 'NONE',  ( 0.7071067811865512400, 0.7071067811865439100, 0.0000000000000000000 ) ) ;
#1824 = DIRECTION ( 'NONE',  ( 0.7071067811865439100, -0.7071067811865512400, 0.0000000000000000000 ) ) ;
#1825 = CARTESIAN_POINT ( 'NONE',  ( 20.00000000000000700, -24.00000000000006800, 55.19297147925204400 ) ) ;
#1826 = AXIS2_PLACEMENT_3D ( 'NONE', #1825, #1824, #1823 ) ;
#1827 = PLANE ( 'NONE',  #1826 ) ;
#1828 = CARTESIAN_POINT ( 'NONE',  ( 8.643419723378471500, -1.808740453393718100, 0.8500000000000000900 ) ) ;
#1829 = DIRECTION ( 'NONE',  ( 0.0000000000000000000, 0.0000000000000000000, 1.000000000000000000 ) ) ;
#1830 = DIRECTION ( 'NONE',  ( 0.0000000000000000000, -1.000000000000000000, 0.0000000000000000000 ) ) ;
#1831 = AXIS2_PLACEMENT_3D ( 'NONE', #1664, #1830, #1829 ) ;
#1832 = CIRCLE ( 'NONE', #1831, 2.999764705882354700 ) ;
#1833 = CARTESIAN_POINT ( 'NONE',  ( 2.816594613791467300E-015, -7.499999999999999100, 4.000000000000000000 ) ) ;
#1834 = VECTOR ( 'NONE', #1654, 1000.000000000000000 ) ;
#1835 = CIRCLE ( 'NONE', #1663, 1.800235294117680700 ) ;
#1836 = DIRECTION ( 'NONE',  ( 0.0000000000000000000, 0.0000000000000000000, -1.000000000000000000 ) ) ;
#1837 = VECTOR ( 'NONE', #1836, 1000.000000000000000 ) ;
#1838 = CARTESIAN_POINT ( 'NONE',  ( 18.25023529411764400, 0.0000000000000000000, 1.000000000000000400 ) ) ;
#1839 = DIRECTION ( 'NONE',  ( 0.0000000000000000000, 0.0000000000000000000, -1.000000000000000000 ) ) ;
#1840 = DIRECTION ( 'NONE',  ( 0.0000000000000000000, -1.000000000000000000, 0.0000000000000000000 ) ) ;
#1841 = AXIS2_PLACEMENT_3D ( 'NONE', #1650, #1840, #1839 ) ;
#1842 = CIRCLE ( 'NONE', #1841, 1.000000000000000000 ) ;
#1843 = DIRECTION ( 'NONE',  ( 0.7071067811865511300, 0.7071067811865440200, 0.0000000000000000000 ) ) ;
#1844 = DIRECTION ( 'NONE',  ( 0.7071067811865440200, -0.7071067811865511300, 0.0000000000000000000 ) ) ;
#1845 = CARTESIAN_POINT ( 'NONE',  ( 17.84350288425444800, -28.84350288425448700, 0.0000000000000000000 ) ) ;
#1846 = CARTESIAN_POINT ( 'NONE',  ( 11.94999999999999900, 1.700000000000000200, 2.291069018420890400 ) ) ;
#1847 = B_SPLINE_CURVE_WITH_KNOTS ( 'NONE', 3,
 ( #1665, #1707, #1795, #1794, #1793, #1792 ),
 .UNSPECIFIED., .F., .F.,
 ( 4, 2, 4 ),
 ( 0.0000000000000000000, 0.5000000000000000000, 1.000000000000000000 ),
 .UNSPECIFIED. ) ;
#1848 = LINE ( 'NONE', #1838, #1837 ) ;
#1849 = CIRCLE ( 'NONE', #1869, 1.100000000000001000 ) ;
#1850 = DIRECTION ( 'NONE',  ( 0.0000000000000000000, 0.0000000000000000000, 1.000000000000000000 ) ) ;
#1851 = DIRECTION ( 'NONE',  ( 0.0000000000000000000, 1.000000000000000000, 0.0000000000000000000 ) ) ;
#1852 = VECTOR ( 'NONE', #1851, 1000.000000000000000 ) ;
#1853 = CARTESIAN_POINT ( 'NONE',  ( 16.35000000000000100, 1.300000000000000000, 1.058300524425838600 ) ) ;
#1854 = LINE ( 'NONE', #1853, #1852 ) ;
#1855 = PERSON_AND_ORGANIZATION ( #1863, #1862 ) ;
#1856 = DESIGN_CONTEXT ( 'detailed design', #1858, 'design' ) ;
#1857 = APPLICATION_PROTOCOL_DEFINITION ( 'international standard', 'config_control_design', 1994, #1858 ) ;
#1858 = APPLICATION_CONTEXT ( 'configuration controlled 3d designs of mechanical parts and assemblies' ) ;
#1859 = CC_DESIGN_PERSON_AND_ORGANIZATION_ASSIGNMENT ( #1861, #1860, ( #1864 ) ) ;
#1860 = PERSON_AND_ORGANIZATION_ROLE ( 'design_owner' ) ;
#1861 = PERSON_AND_ORGANIZATION ( #1863, #1862 ) ;
#1862 = ORGANIZATION ( 'UNSPECIFIED', 'UNSPECIFIED', '' ) ;
#1863 = PERSON ( 'UNSPECIFIED', 'UNSPECIFIED', 'UNSPECIFIED', ('UNSPECIFIED'), ('UNSPECIFIED'), ('UNSPECIFIED') ) ;
#1864 = PRODUCT ( 'cx-421', 'cx-421', '', ( #1865 ) ) ;
#1865 = MECHANICAL_CONTEXT ( 'NONE', #1867, 'mechanical' ) ;
#1866 = APPLICATION_PROTOCOL_DEFINITION ( 'international standard', 'config_control_design', 1994, #1867 ) ;
#1867 = APPLICATION_CONTEXT ( 'configuration controlled 3d designs of mechanical parts and assemblies' ) ;
#1868 = CARTESIAN_POINT ( 'NONE',  ( 12.15000000000000000, 1.700000000000000000, 0.0000000000000000000 ) ) ;
#1869 = AXIS2_PLACEMENT_3D ( 'NONE', #1868, #1872, #1871 ) ;
#1870 = CARTESIAN_POINT ( 'NONE',  ( 16.35000000000000100, 1.899999999999999900, -1.058300524425838800 ) ) ;
#1871 = DIRECTION ( 'NONE',  ( 0.0000000000000000000, 0.0000000000000000000, 1.000000000000000000 ) ) ;
#1872 = DIRECTION ( 'NONE',  ( 0.0000000000000000000, 1.000000000000000000, 0.0000000000000000000 ) ) ;
#1873 = CARTESIAN_POINT ( 'NONE',  ( 16.35000000000000100, 1.700000000000000000, -1.058300524425838800 ) ) ;
#1874 = DIRECTION ( 'NONE',  ( 0.0000000000000000000, 0.0000000000000000000, 1.000000000000000000 ) ) ;
#1875 = DIRECTION ( 'NONE',  ( 0.0000000000000000000, 1.000000000000000000, 0.0000000000000000000 ) ) ;
#1876 = CARTESIAN_POINT ( 'NONE',  ( 16.04999999999999700, 1.899999999999999900, 0.0000000000000000000 ) ) ;
#1877 = AXIS2_PLACEMENT_3D ( 'NONE', #1876, #1875, #1874 ) ;
#1878 = CARTESIAN_POINT ( 'NONE',  ( 10.25839176650548100, 0.0000000000000000000, -3.800235294117678000 ) ) ;
#1879 = DIRECTION ( 'NONE',  ( 0.0000000000000000000, 0.0000000000000000000, 1.000000000000000000 ) ) ;
#1880 = DIRECTION ( 'NONE',  ( 0.0000000000000000000, 1.000000000000000000, 0.0000000000000000000 ) ) ;
#1881 = CARTESIAN_POINT ( 'NONE',  ( 12.15000000000000000, 1.899999999999999900, 0.0000000000000000000 ) ) ;
#1882 = AXIS2_PLACEMENT_3D ( 'NONE', #1881, #1880, #1879 ) ;
#1883 = PLANE ( 'NONE',  #1882 ) ;
#1884 = FACE_OUTER_BOUND ( 'NONE', #684, .T. ) ;
#1885 = DIRECTION ( 'NONE',  ( 0.0000000000000000000, 1.000000000000000000, 0.0000000000000000000 ) ) ;
#1886 = VECTOR ( 'NONE', #1885, 1000.000000000000000 ) ;
#1887 = CARTESIAN_POINT ( 'NONE',  ( 12.45000000000000100, 1.300000000000000000, -1.058300524425837200 ) ) ;
#1888 = LINE ( 'NONE', #1887, #1886 ) ;
#1889 = CARTESIAN_POINT ( 'NONE',  ( 12.45000000000000100, 1.899999999999999900, -1.058300524425837200 ) ) ;
#1890 = DIRECTION ( 'NONE',  ( 0.0000000000000000000, 0.0000000000000000000, -1.000000000000000000 ) ) ;
#1891 = VECTOR ( 'NONE', #1890, 1000.000000000000000 ) ;
#1892 = CARTESIAN_POINT ( 'NONE',  ( 12.45000000000000100, 1.899999999999999900, -1.058300524425837200 ) ) ;
#1893 = LINE ( 'NONE', #1892, #1891 ) ;
#1894 = CYLINDRICAL_SURFACE ( 'NONE', #1895, 1.100000000000001000 ) ;
#1895 = AXIS2_PLACEMENT_3D ( 'NONE', #2020, #2019, #2023 ) ;
#1896 = FACE_OUTER_BOUND ( 'NONE', #726, .T. ) ;
#1897 = DIRECTION ( 'NONE',  ( 0.0000000000000000000, 0.0000000000000000000, -1.000000000000000000 ) ) ;
#1898 = DIRECTION ( 'NONE',  ( 0.0000000000000000000, -1.000000000000000000, 0.0000000000000000000 ) ) ;
#1899 = CARTESIAN_POINT ( 'NONE',  ( 1.898139848424684800E-015, 0.0000000000000000000, 5.599999999999999600 ) ) ;
#1900 = AXIS2_PLACEMENT_3D ( 'NONE', #1899, #1898, #1897 ) ;
#1901 = PLANE ( 'NONE',  #1900 ) ;
#1902 = CARTESIAN_POINT ( 'NONE',  ( 6.250000000000002700, 0.0000000000000000000, -2.179105226109578900 ) ) ;
#1903 = FACE_OUTER_BOUND ( 'NONE', #436, .T. ) ;
#1904 = FACE_BOUND ( 'NONE', #758, .T. ) ;
#1905 = DIRECTION ( 'NONE',  ( 0.0000000000000000000, 0.0000000000000000000, 1.000000000000000000 ) ) ;
#1906 = DIRECTION ( 'NONE',  ( 0.0000000000000000000, 1.000000000000000000, 0.0000000000000000000 ) ) ;
#1907 = CARTESIAN_POINT ( 'NONE',  ( 16.04999999999999700, 1.899999999999999900, 0.0000000000000000000 ) ) ;
#1908 = AXIS2_PLACEMENT_3D ( 'NONE', #1907, #1906, #1905 ) ;
#1909 = CIRCLE ( 'NONE', #1908, 1.100000000000002800 ) ;
#1910 = DIRECTION ( 'NONE',  ( 0.0000000000000000000, 0.0000000000000000000, -1.000000000000000000 ) ) ;
#1911 = VECTOR ( 'NONE', #1910, 1000.000000000000000 ) ;
#1912 = CARTESIAN_POINT ( 'NONE',  ( 9.500000000000005300, 1.483958067260648900, -3.850000000000000100 ) ) ;
#1913 = LINE ( 'NONE', #1912, #1911 ) ;
#1914 = DIRECTION ( 'NONE',  ( 0.0000000000000000000, 0.0000000000000000000, -1.000000000000000000 ) ) ;
#1915 = VECTOR ( 'NONE', #1914, 1000.000000000000000 ) ;
#1916 = CARTESIAN_POINT ( 'NONE',  ( 16.35000000000000100, 1.899999999999999900, -1.058300524425838800 ) ) ;
#1917 = LINE ( 'NONE', #1916, #1915 ) ;
#1918 = CARTESIAN_POINT ( 'NONE',  ( 12.04184554956022300, 0.0000000000000000000, -2.680381739799247800 ) ) ;
#1919 = CARTESIAN_POINT ( 'NONE',  ( 7.000671030216038200, 0.0000000000000000000, -3.612790424961526400 ) ) ;
#1920 = CARTESIAN_POINT ( 'NONE',  ( 12.73062527150310600, 0.0000000000000000000, -2.600235294117654300 ) ) ;
#1921 = DIRECTION ( 'NONE',  ( 0.0000000000000000000, 0.0000000000000000000, 1.000000000000000000 ) ) ;
#1922 = DIRECTION ( 'NONE',  ( 0.0000000000000000000, -1.000000000000000000, 0.0000000000000000000 ) ) ;
#1923 = CARTESIAN_POINT ( 'NONE',  ( 12.73062527150311500, 0.0000000000000000000, -5.600000000000014700 ) ) ;
#1924 = AXIS2_PLACEMENT_3D ( 'NONE', #1923, #1922, #1921 ) ;
#1925 = CIRCLE ( 'NONE', #1924, 2.999764705882360000 ) ;
#1926 = AXIS2_PLACEMENT_3D ( 'NONE', #1989, #1988, #1987 ) ;
#1927 = CIRCLE ( 'NONE', #1926, 1.800235294117664900 ) ;
#1928 = CARTESIAN_POINT ( 'NONE',  ( 16.35000000000000100, 1.899999999999999900, 1.058300524425838600 ) ) ;
#1929 = UNCERTAINTY_MEASURE_WITH_UNIT (LENGTH_MEASURE( 1.000000000000000100E-005 ), #1932, 'distance_accuracy_value', 'NONE');
#1930 =( NAMED_UNIT ( * ) SI_UNIT ( $, .STERADIAN. ) SOLID_ANGLE_UNIT ( ) );
#1931 =( NAMED_UNIT ( * ) PLANE_ANGLE_UNIT ( ) SI_UNIT ( $, .RADIAN. ) );
#1932 =( LENGTH_UNIT ( ) NAMED_UNIT ( * ) SI_UNIT ( .MILLI., .METRE. ) );
#1933 = DIRECTION ( 'NONE',  ( 0.0000000000000000000, 0.0000000000000000000, 1.000000000000000000 ) ) ;
#1934 = DIRECTION ( 'NONE',  ( 0.0000000000000000000, 1.000000000000000000, 0.0000000000000000000 ) ) ;
#1935 = CARTESIAN_POINT ( 'NONE',  ( 16.04999999999999700, 1.700000000000000000, 0.0000000000000000000 ) ) ;
#1936 = AXIS2_PLACEMENT_3D ( 'NONE', #1935, #1934, #1933 ) ;
#1937 = CIRCLE ( 'NONE', #1936, 1.100000000000001000 ) ;
#1938 = DIRECTION ( 'NONE',  ( 0.0000000000000000000, 0.0000000000000000000, 1.000000000000000000 ) ) ;
#1939 = VECTOR ( 'NONE', #1938, 1000.000000000000000 ) ;
#1940 = CARTESIAN_POINT ( 'NONE',  ( 6.250000000000001800, 0.0000000000000000000, -3.850000000000000100 ) ) ;
#1941 = LINE ( 'NONE', #1940, #1939 ) ;
#1942 = DIRECTION ( 'NONE',  ( 1.000000000000000000, 2.504197246392232900E-013, 0.0000000000000000000 ) ) ;
#1943 = DIRECTION ( 'NONE',  ( 0.0000000000000000000, 0.0000000000000000000, -1.000000000000000000 ) ) ;
#1944 = CARTESIAN_POINT ( 'NONE',  ( 11.94999999999999900, -12.30000000000000600, -3.800235294117678000 ) ) ;
#1945 = AXIS2_PLACEMENT_3D ( 'NONE', #1944, #1943, #1942 ) ;
#1946 = CIRCLE ( 'NONE', #1945, 14.00000000000000500 ) ;
#1947 = DIRECTION ( 'NONE',  ( 1.000000000000000000, 0.0000000000000000000, 0.0000000000000000000 ) ) ;
#1948 = DIRECTION ( 'NONE',  ( 0.0000000000000000000, 0.0000000000000000000, 1.000000000000000000 ) ) ;
#1949 = CARTESIAN_POINT ( 'NONE',  ( 0.0000000000000000000, 0.0000000000000000000, 0.0000000000000000000 ) ) ;
#1950 = AXIS2_PLACEMENT_3D ( 'NONE', #1949, #1948, #1947 ) ;
#1951 = ADVANCED_BREP_SHAPE_REPRESENTATION ( 'cx-421', ( #435, #1950 ), #1952 ) ;
#1952 =( GEOMETRIC_REPRESENTATION_CONTEXT ( 3 ) GLOBAL_UNCERTAINTY_ASSIGNED_CONTEXT ( ( #1929 ) ) GLOBAL_UNIT_ASSIGNED_CONTEXT ( ( #1932, #1931, #1930 ) ) REPRESENTATION_CONTEXT ( 'NONE', 'WORKASPACE' ) );
#1953 = CARTESIAN_POINT ( 'NONE',  ( 12.45000000000000100, 1.899999999999999900, 1.058300524425837200 ) ) ;
#1954 = CARTESIAN_POINT ( 'NONE',  ( 12.45000000000000100, 1.700000000000000000, -1.058300524425837200 ) ) ;
#1955 = DIRECTION ( 'NONE',  ( 0.0000000000000000000, 0.0000000000000000000, -1.000000000000000000 ) ) ;
#1956 = DIRECTION ( 'NONE',  ( 0.0000000000000000000, -1.000000000000000000, 0.0000000000000000000 ) ) ;
#1957 = CARTESIAN_POINT ( 'NONE',  ( 16.04999999999999700, 1.899999999999999900, 0.0000000000000000000 ) ) ;
#1958 = AXIS2_PLACEMENT_3D ( 'NONE', #1957, #1956, #1955 ) ;
#1959 = CYLINDRICAL_SURFACE ( 'NONE', #1958, 1.100000000000002800 ) ;
#1960 = FACE_OUTER_BOUND ( 'NONE', #763, .T. ) ;
#1961 = DIRECTION ( 'NONE',  ( 0.0000000000000000000, 1.000000000000000000, 0.0000000000000000000 ) ) ;
#1962 = VECTOR ( 'NONE', #1961, 1000.000000000000000 ) ;
#1963 = CARTESIAN_POINT ( 'NONE',  ( 16.35000000000000100, 1.300000000000000000, -1.058300524425838800 ) ) ;
#1964 = LINE ( 'NONE', #1963, #1962 ) ;
#1965 = CARTESIAN_POINT ( 'NONE',  ( 9.500000000000005300, 1.483958067260648900, -3.800235294117678000 ) ) ;
#1966 = DIRECTION ( 'NONE',  ( 0.0000000000000000000, 0.0000000000000000000, 1.000000000000000000 ) ) ;
#1967 = DIRECTION ( 'NONE',  ( 0.0000000000000000000, 1.000000000000000000, 0.0000000000000000000 ) ) ;
#1968 = CARTESIAN_POINT ( 'NONE',  ( 16.25000000000000000, 0.0000000000000000000, -1.000000000000007800 ) ) ;
#1969 = AXIS2_PLACEMENT_3D ( 'NONE', #1968, #1967, #1966 ) ;
#1970 = CIRCLE ( 'NONE', #1969, 2.000235294117645300 ) ;
#1971 = DIRECTION ( 'NONE',  ( -1.000000000000000000, 0.0000000000000000000, 0.0000000000000000000 ) ) ;
#1972 = VECTOR ( 'NONE', #1971, 1000.000000000000000 ) ;
#1973 = CARTESIAN_POINT ( 'NONE',  ( 17.45007842880961500, 0.0000000000000000000, -2.600235294117647200 ) ) ;
#1974 = LINE ( 'NONE', #1973, #1972 ) ;
#1975 = CARTESIAN_POINT ( 'NONE',  ( 12.04184554956022300, 0.0000000000000000000, -2.680381739799247800 ) ) ;
#1976 = CARTESIAN_POINT ( 'NONE',  ( 11.69503382184317400, 0.0000000000000000000, -2.761323622472378900 ) ) ;
#1977 = CARTESIAN_POINT ( 'NONE',  ( 11.36746548635990300, 0.0000000000000000000, -2.898780281752535900 ) ) ;
#1978 = CARTESIAN_POINT ( 'NONE',  ( 10.75069158136070900, 0.0000000000000000000, -3.286198251698017700 ) ) ;
#1979 = CARTESIAN_POINT ( 'NONE',  ( 10.48251323559187600, 0.0000000000000000000, -3.522919339952405200 ) ) ;
#1980 = CARTESIAN_POINT ( 'NONE',  ( 10.25839176650548100, 0.0000000000000000000, -3.800235294117678000 ) ) ;
#1981 = CARTESIAN_POINT ( 'NONE',  ( 18.25023529411764800, 0.0000000000000000000, -0.9999999999999940000 ) ) ;
#1982 = CARTESIAN_POINT ( 'NONE',  ( 17.45007842880961500, 0.0000000000000000000, -2.600235294117647200 ) ) ;
#1983 = CARTESIAN_POINT ( 'NONE',  ( 7.583555374952913700, 0.0000000000000000000, -3.800235294117678000 ) ) ;
#1984 = B_SPLINE_CURVE_WITH_KNOTS ( 'NONE', 3,
 ( #1980, #1979, #1978, #1977, #1976, #1975 ),
 .UNSPECIFIED., .F., .F.,
 ( 4, 2, 4 ),
 ( 0.0000000000000000000, 0.5000000000000000000, 1.000000000000000000 ),
 .UNSPECIFIED. ) ;
#1985 = CARTESIAN_POINT ( 'NONE',  ( 7.583555374952913700, 0.0000000000000000000, -2.800235294117678000 ) ) ;
#1986 = CARTESIAN_POINT ( 'NONE',  ( 11.94999999999999900, -12.30000000000000600, -0.8500000000000005300 ) ) ;
#1987 = DIRECTION ( 'NONE',  ( 0.0000000000000000000, 0.0000000000000000000, 1.000000000000000000 ) ) ;
#1988 = DIRECTION ( 'NONE',  ( 0.0000000000000000000, 1.000000000000000000, 0.0000000000000000000 ) ) ;
#1989 = CARTESIAN_POINT ( 'NONE',  ( 8.050000000000009600, 0.0000000000000000000, -2.150000000000033700 ) ) ;
#1990 = AXIS2_PLACEMENT_3D ( 'NONE', #2032, #2031, #1850 ) ;
#1991 = PERSON_AND_ORGANIZATION ( #1863, #1862 ) ;
#1992 = PRODUCT_DEFINITION_FORMATION_WITH_SPECIFIED_SOURCE ( 'ANY', '', #1864, .NOT_KNOWN. ) ;
#1993 = CC_DESIGN_DATE_AND_TIME_ASSIGNMENT ( #1995, #1994, ( #2012 ) ) ;
#1994 = DATE_TIME_ROLE ( 'creation_date' ) ;
#1995 = DATE_AND_TIME ( #1996, #1997 ) ;
#1996 = CALENDAR_DATE ( 2008, 10, 9 ) ;
#1997 = LOCAL_TIME ( 9, 51, 18.00000000000000000, #1998 ) ;
#1998 = COORDINATED_UNIVERSAL_TIME_OFFSET ( 9, 0, .AHEAD. ) ;
#1999 = CC_DESIGN_PERSON_AND_ORGANIZATION_ASSIGNMENT ( #2001, #2000, ( #2012 ) ) ;
#2000 = PERSON_AND_ORGANIZATION_ROLE ( 'creator' ) ;
#2001 = PERSON_AND_ORGANIZATION ( #1863, #1862 ) ;
#2002 = CC_DESIGN_APPROVAL ( #2010, ( #2012 ) ) ;
#2003 = APPROVAL_DATE_TIME ( #2004, #2010 ) ;
#2004 = DATE_AND_TIME ( #2005, #2006 ) ;
#2005 = CALENDAR_DATE ( 2008, 10, 9 ) ;
#2006 = LOCAL_TIME ( 9, 51, 18.00000000000000000, #2007 ) ;
#2007 = COORDINATED_UNIVERSAL_TIME_OFFSET ( 9, 0, .AHEAD. ) ;
#2008 = APPROVAL_PERSON_ORGANIZATION ( #1855, #2010, #2009 ) ;
#2009 = APPROVAL_ROLE ( '' ) ;
#2010 = APPROVAL ( #2011, 'UNSPECIFIED' ) ;
#2011 = APPROVAL_STATUS ( 'not_yet_approved' ) ;
#2012 = PRODUCT_DEFINITION ( 'UNKNOWN', '', #1992, #1856 ) ;
#2013 = DIRECTION ( 'NONE',  ( 0.0000000000000000000, 1.000000000000000000, 0.0000000000000000000 ) ) ;
#2014 = VECTOR ( 'NONE', #2013, 1000.000000000000000 ) ;
#2015 = CARTESIAN_POINT ( 'NONE',  ( 12.45000000000000100, 1.300000000000000000, 1.058300524425837200 ) ) ;
#2016 = DIRECTION ( 'NONE',  ( -1.000000000000000000, 0.0000000000000000000, 1.006759160165110900E-016 ) ) ;
#2017 = DIRECTION ( 'NONE',  ( -1.000802005371231400E-016, 0.0000000000000000000, -1.000000000000000000 ) ) ;
#2018 = AXIS2_PLACEMENT_3D ( 'NONE', #1986, #2017, #2016 ) ;
#2019 = DIRECTION ( 'NONE',  ( 0.0000000000000000000, -1.000000000000000000, 0.0000000000000000000 ) ) ;
#2020 = CARTESIAN_POINT ( 'NONE',  ( 12.15000000000000000, 1.899999999999999900, 0.0000000000000000000 ) ) ;
#2021 = PLANE ( 'NONE',  #1877 ) ;
#2022 = FACE_OUTER_BOUND ( 'NONE', #728, .T. ) ;
#2023 = DIRECTION ( 'NONE',  ( 0.0000000000000000000, 0.0000000000000000000, -1.000000000000000000 ) ) ;
#2024 = CIRCLE ( 'NONE', #1990, 1.100000000000001000 ) ;
#2025 = CIRCLE ( 'NONE', #2018, 14.00000000000000500 ) ;
#2026 = LINE ( 'NONE', #2015, #2014 ) ;
#2027 = DIRECTION ( 'NONE',  ( 0.0000000000000000000, 0.0000000000000000000, -1.000000000000000000 ) ) ;
#2028 = DIRECTION ( 'NONE',  ( 0.0000000000000000000, -1.000000000000000000, 0.0000000000000000000 ) ) ;
#2029 = AXIS2_PLACEMENT_3D ( 'NONE', #1985, #2028, #2027 ) ;
#2030 = CIRCLE ( 'NONE', #2029, 1.000000000000000000 ) ;
#2031 = DIRECTION ( 'NONE',  ( 0.0000000000000000000, 1.000000000000000000, 0.0000000000000000000 ) ) ;
#2032 = CARTESIAN_POINT ( 'NONE',  ( 12.15000000000000000, 1.899999999999999900, 0.0000000000000000000 ) ) ;
#2033 = CARTESIAN_POINT ( 'NONE',  ( 9.555561528853202100, 1.493718295220190200, -3.800235294117678000 ) ) ;
#2034 = CARTESIAN_POINT ( 'NONE',  ( 9.500000000000005300, 1.483958067260650700, -0.8500000000000003100 ) ) ;
#2035 = PRODUCT_RELATED_PRODUCT_CATEGORY ( 'detail', '', ( #1864 ) ) ;
#2036 = CC_DESIGN_SECURITY_CLASSIFICATION ( #2050, ( #1992 ) ) ;
#2037 = COORDINATED_UNIVERSAL_TIME_OFFSET ( 9, 0, .AHEAD. ) ;
#2038 = PERSON_AND_ORGANIZATION_ROLE ( 'creator' ) ;
#2039 = CC_DESIGN_PERSON_AND_ORGANIZATION_ASSIGNMENT ( #2046, #2038, ( #1992 ) ) ;
#2040 = APPROVAL_ROLE ( '' ) ;
#2041 = APPROVAL_STATUS ( 'not_yet_approved' ) ;
#2042 = PERSON_AND_ORGANIZATION ( #1863, #1862 ) ;
#2043 = DATE_AND_TIME ( #2054, #2055 ) ;
#2044 = CC_DESIGN_PERSON_AND_ORGANIZATION_ASSIGNMENT ( #2049, #2045, ( #2050 ) ) ;
#2045 = PERSON_AND_ORGANIZATION_ROLE ( 'classification_officer' ) ;
#2046 = PERSON_AND_ORGANIZATION ( #1863, #1862 ) ;
#2047 = SHAPE_DEFINITION_REPRESENTATION ( #2048, #1951 ) ;
#2048 = PRODUCT_DEFINITION_SHAPE ( 'NONE', 'NONE',  #2012 ) ;
#2049 = PERSON_AND_ORGANIZATION ( #1863, #1862 ) ;
#2050 = SECURITY_CLASSIFICATION ( '', '', #2051 ) ;
#2051 = SECURITY_CLASSIFICATION_LEVEL ( 'unclassified' ) ;
#2052 = CC_DESIGN_DATE_AND_TIME_ASSIGNMENT ( #2043, #2053, ( #2050 ) ) ;
#2053 = DATE_TIME_ROLE ( 'classification_date' ) ;
#2054 = CALENDAR_DATE ( 2008, 10, 9 ) ;
#2055 = LOCAL_TIME ( 9, 51, 18.00000000000000000, #2037 ) ;
#2056 = CC_DESIGN_PERSON_AND_ORGANIZATION_ASSIGNMENT ( #2058, #2057, ( #1992 ) ) ;
#2057 = PERSON_AND_ORGANIZATION_ROLE ( 'design_supplier' ) ;
#2058 = PERSON_AND_ORGANIZATION ( #1863, #1862 ) ;
#2059 = CC_DESIGN_APPROVAL ( #2066, ( #2050 ) ) ;
#2060 = APPROVAL_DATE_TIME ( #2061, #2066 ) ;
#2061 = DATE_AND_TIME ( #2062, #2063 ) ;
#2062 = CALENDAR_DATE ( 2008, 10, 9 ) ;
#2063 = LOCAL_TIME ( 9, 51, 18.00000000000000000, #2064 ) ;
#2064 = COORDINATED_UNIVERSAL_TIME_OFFSET ( 9, 0, .AHEAD. ) ;
#2065 = APPROVAL_PERSON_ORGANIZATION ( #2042, #2066, #2040 ) ;
#2066 = APPROVAL ( #2041, 'UNSPECIFIED' ) ;
ENDSEC;
END-ISO-10303-21;
