ISO-10303-21;
HEADER;
FILE_DESCRIPTION (( 'STEP AP203' ),
    '1' );
FILE_NAME ('ex-43.STEP',
    '2021-06-02T06:19:38',
    ( '' ),
    ( '' ),
    'SwSTEP 2.0',
    'SolidWorks 2017',
    '' );
FILE_SCHEMA (( 'CONFIG_CONTROL_DESIGN' ));
ENDSEC;

DATA;
#1 = DIRECTION ( 'NONE',  ( 1.000000000000000000, 0.0000000000000000000, 0.0000000000000000000 ) ) ;
#2 = ORIENTED_EDGE ( 'NONE', *, *, #193, .F. ) ;
#3 = ORIENTED_EDGE ( 'NONE', *, *, #989, .F. ) ;
#4 = CARTESIAN_POINT ( 'NONE',  ( -3.299999999999999800, 10.29999999999999700, -0.1000000000000000100 ) ) ;
#5 = ORIENTED_EDGE ( 'NONE', *, *, #688, .T. ) ;
#6 = ORIENTED_EDGE ( 'NONE', *, *, #1848, .F. ) ;
#7 = CARTESIAN_POINT ( 'NONE',  ( 0.0000000000000000000, 7.549999999999999800, -0.2000000000000000100 ) ) ;
#8 = PRODUCT_DEFINITION ( 'UNKNOWN', '', #1444, #1877 ) ;
#9 = EDGE_LOOP ( 'NONE', ( #1905, #1881, #589, #853, #1542, #1252 ) ) ;
#10 = CARTESIAN_POINT ( 'NONE',  ( 2.456648685959793400, 20.81945788793146000, -12.36451127713752000 ) ) ;
#11 = CARTESIAN_POINT ( 'NONE',  ( 3.494348340808793200, 19.96934327022042400, -8.039073766314306400 ) ) ;
#12 = CARTESIAN_POINT ( 'NONE',  ( 3.300000000000000700, 3.099999999999997900, -0.1000000000000000100 ) ) ;
#13 = EDGE_CURVE ( 'NONE', #2382, #681, #60, .T. ) ;
#14 = CARTESIAN_POINT ( 'NONE',  ( -4.347258831363565600E-015, -10.40000000000000000, -11.95000000000000300 ) ) ;
#15 = EDGE_CURVE ( 'NONE', #1396, #517, #1179, .T. ) ;
#16 = EDGE_LOOP ( 'NONE', ( #1914, #1278, #1665, #465 ) ) ;
#17 = ORIENTED_EDGE ( 'NONE', *, *, #2001, .F. ) ;
#18 = CARTESIAN_POINT ( 'NONE',  ( 4.149999999999998600, -8.900000000000002100, -15.65000000000000000 ) ) ;
#19 = ORIENTED_EDGE ( 'NONE', *, *, #556, .F. ) ;
#20 = B_SPLINE_CURVE_WITH_KNOTS ( 'NONE', 3,
 ( #893, #1476, #485, #1677, #872, #2238, #1069, #2414, #104, #2431 ),
 .UNSPECIFIED., .F., .F.,
 ( 4, 2, 2, 2, 4 ),
 ( 6.314488766312914300E-018, 0.0003626875779451204100, 0.0007253751558902345300, 0.001088062733835348700, 0.001450750311780462800 ),
 .UNSPECIFIED. ) ;
#21 = CARTESIAN_POINT ( 'NONE',  ( 1.259109769979337200, 22.10000000000000500, -11.76738468368998800 ) ) ;
#22 = LOCAL_TIME ( 15, 19, 38.00000000000000000, #2466 ) ;
#23 = CARTESIAN_POINT ( 'NONE',  ( 3.482256387222057100, 20.26373016594335800, -8.176348630250936700 ) ) ;
#24 = CARTESIAN_POINT ( 'NONE',  ( 0.0000000000000000000, 0.0000000000000000000, -0.1000000000000000100 ) ) ;
#25 = CARTESIAN_POINT ( 'NONE',  ( 0.0000000000000000000, 19.70000000000000300, -14.20000000000000500 ) ) ;
#26 = FACE_BOUND ( 'NONE', #1984, .T. ) ;
#27 = CARTESIAN_POINT ( 'NONE',  ( 2.544619878067130500, 20.08680085697455900, -12.70615486147382500 ) ) ;
#28 = LINE ( 'NONE', #239, #2075 ) ;
#29 = VECTOR ( 'NONE', #1020, 1000.000000000000000 ) ;
#30 = ORIENTED_EDGE ( 'NONE', *, *, #379, .T. ) ;
#31 = EDGE_CURVE ( 'NONE', #2285, #1084, #1000, .T. ) ;
#32 = CARTESIAN_POINT ( 'NONE',  ( 3.132271564970567000, 21.09613035965698900, -9.329366854943337700 ) ) ;
#33 = DIRECTION ( 'NONE',  ( 0.0000000000000000000, 0.0000000000000000000, 1.000000000000000000 ) ) ;
#34 = CARTESIAN_POINT ( 'NONE',  ( -4.999999999999999100, 20.10000000000000500, -18.00000000000000000 ) ) ;
#35 = EDGE_LOOP ( 'NONE', ( #118, #2045, #377, #1491, #1585, #1535, #1337, #1867, #418, #934, #1283, #2397, #1527, #1694 ) ) ;
#36 = DIRECTION ( 'NONE',  ( 0.0000000000000000000, 0.0000000000000000000, 1.000000000000000000 ) ) ;
#37 = ORIENTED_EDGE ( 'NONE', *, *, #2106, .F. ) ;
#38 = CARTESIAN_POINT ( 'NONE',  ( 3.482256387220811400, 20.26373016594357800, -12.62365136974859300 ) ) ;
#39 = CARTESIAN_POINT ( 'NONE',  ( 2.963577900764792900, -10.39999999999074700, -14.20010395401713100 ) ) ;
#40 = DIRECTION ( 'NONE',  ( -0.0000000000000000000, -1.000000000000000000, -0.0000000000000000000 ) ) ;
#41 = CARTESIAN_POINT ( 'NONE',  ( -2.043504254700678800E-014, -58.89999999999999900, -12.65000000000000200 ) ) ;
#42 = CARTESIAN_POINT ( 'NONE',  ( -3.299999999999998900, -3.100000000000001900, 0.0000000000000000000 ) ) ;
#43 = ADVANCED_FACE ( 'NONE', ( #1610 ), #1133, .T. ) ;
#44 = CARTESIAN_POINT ( 'NONE',  ( 1.469576158976823600E-016, 19.10000000000000100, -15.40000000000000400 ) ) ;
#45 = VERTEX_POINT ( 'NONE', #249 ) ;
#46 = EDGE_LOOP ( 'NONE', ( #463, #2284, #2287, #1556 ) ) ;
#47 = DIRECTION ( 'NONE',  ( 0.0000000000000000000, 1.000000000000000000, 0.0000000000000000000 ) ) ;
#48 = ORIENTED_EDGE ( 'NONE', *, *, #915, .T. ) ;
#49 = CARTESIAN_POINT ( 'NONE',  ( -0.5000000000000000000, 6.123233995736766000E-017, -0.2000000000000000100 ) ) ;
#50 = EDGE_CURVE ( 'NONE', #543, #2394, #421, .T. ) ;
#51 = CARTESIAN_POINT ( 'NONE',  ( -2.463005357377708200, 21.76818049467570800, -11.28545279868837200 ) ) ;
#52 = CIRCLE ( 'NONE', #1559, 0.8999999999999998000 ) ;
#53 = DIRECTION ( 'NONE',  ( 3.469446951953614200E-016, 1.000000000000000000, 0.0000000000000000000 ) ) ;
#54 = ADVANCED_FACE ( 'NONE', ( #574 ), #2354, .F. ) ;
#55 = ORIENTED_EDGE ( 'NONE', *, *, #2288, .T. ) ;
#56 = LINE ( 'NONE', #355, #912 ) ;
#57 = ADVANCED_FACE ( 'NONE', ( #1731 ), #1391, .F. ) ;
#58 = CARTESIAN_POINT ( 'NONE',  ( -3.450000000000000200, 20.10000000000000500, -12.69999999999999900 ) ) ;
#59 = DIRECTION ( 'NONE',  ( 1.000000000000000000, 1.495451272393799000E-016, 0.0000000000000000000 ) ) ;
#60 = CIRCLE ( 'NONE', #2398, 0.5000000000000002200 ) ;
#61 = VECTOR ( 'NONE', #1612, 1000.000000000000000 ) ;
#62 = DIRECTION ( 'NONE',  ( 1.000000000000000000, 0.0000000000000000000, 0.0000000000000000000 ) ) ;
#63 = CARTESIAN_POINT ( 'NONE',  ( -1.889686563742670100, 22.03115833602554800, -11.21299045516545200 ) ) ;
#64 = VECTOR ( 'NONE', #2086, 1000.000000000000000 ) ;
#65 = CYLINDRICAL_SURFACE ( 'NONE', #433, 0.8999999999999998000 ) ;
#66 = EDGE_CURVE ( 'NONE', #2165, #966, #1575, .T. ) ;
#67 = ORIENTED_EDGE ( 'NONE', *, *, #379, .F. ) ;
#68 = CARTESIAN_POINT ( 'NONE',  ( -2.456672209766543400, 22.10000000000000100, -9.605978551036750800 ) ) ;
#69 = DIRECTION ( 'NONE',  ( -1.000000000000000000, 6.086749038515112100E-016, 0.0000000000000000000 ) ) ;
#70 = CARTESIAN_POINT ( 'NONE',  ( -1.259109769979341700, 22.10000000000000100, -11.19402144896324300 ) ) ;
#71 = ORIENTED_EDGE ( 'NONE', *, *, #326, .F. ) ;
#72 = ADVANCED_FACE ( 'NONE', ( #170 ), #656, .F. ) ;
#73 = DIRECTION ( 'NONE',  ( 1.000000000000000000, -0.0000000000000000000, 0.0000000000000000000 ) ) ;
#74 = DIRECTION ( 'NONE',  ( 0.0000000000000000000, -0.0000000000000000000, 1.000000000000000000 ) ) ;
#75 = CARTESIAN_POINT ( 'NONE',  ( -4.150000000000003000, -10.39999999999999900, -15.65000000000000000 ) ) ;
#76 = VERTEX_POINT ( 'NONE', #1618 ) ;
#77 = DIRECTION ( 'NONE',  ( 1.376764663473656500E-016, 0.0000000000000000000, -1.000000000000000000 ) ) ;
#78 = AXIS2_PLACEMENT_3D ( 'NONE', #1222, #2395, #232 ) ;
#79 = ORIENTED_EDGE ( 'NONE', *, *, #2278, .T. ) ;
#80 = EDGE_CURVE ( 'NONE', #1887, #2022, #1386, .T. ) ;
#81 = DIRECTION ( 'NONE',  ( -0.0000000000000000000, -1.000000000000000000, -0.0000000000000000000 ) ) ;
#82 = ORIENTED_EDGE ( 'NONE', *, *, #773, .F. ) ;
#83 = DIRECTION ( 'NONE',  ( 0.0000000000000000000, 1.000000000000000000, 0.0000000000000000000 ) ) ;
#84 = ADVANCED_FACE ( 'NONE', ( #1675 ), #2208, .F. ) ;
#85 = CARTESIAN_POINT ( 'NONE',  ( -1.259109769979336100, 22.10000000000000100, -9.605978551036749000 ) ) ;
#86 = AXIS2_PLACEMENT_3D ( 'NONE', #4, #583, #2345 ) ;
#87 = CALENDAR_DATE ( 2021, 2, 6 ) ;
#88 = CARTESIAN_POINT ( 'NONE',  ( -4.150000000000003900, -8.899999999999998600, -3.050000000000000700 ) ) ;
#89 = PLANE ( 'NONE',  #881 ) ;
#90 = LINE ( 'NONE', #764, #2446 ) ;
#91 = VECTOR ( 'NONE', #2352, 1000.000000000000000 ) ;
#92 = DIRECTION ( 'NONE',  ( -1.000000000000000000, 4.180056568618813000E-016, -0.0000000000000000000 ) ) ;
#93 = CYLINDRICAL_SURFACE ( 'NONE', #1846, 1.199999999999999700 ) ;
#94 = LINE ( 'NONE', #1597, #2047 ) ;
#95 = CARTESIAN_POINT ( 'NONE',  ( -3.161646713939672400, 21.07772858397362700, -8.555922326303823800 ) ) ;
#96 = ADVANCED_FACE ( 'NONE', ( #2497 ), #812, .T. ) ;
#97 = ORIENTED_EDGE ( 'NONE', *, *, #1973, .T. ) ;
#98 = DIRECTION ( 'NONE',  ( 1.000000000000000000, -4.180056568618813000E-016, 0.0000000000000000000 ) ) ;
#99 = ORIENTED_EDGE ( 'NONE', *, *, #675, .T. ) ;
#100 = CARTESIAN_POINT ( 'NONE',  ( -2.171902422753822400, -14.90000000000000400, -14.50884514254415300 ) ) ;
#101 = EDGE_CURVE ( 'NONE', #2241, #2418, #2188, .T. ) ;
#102 = EDGE_CURVE ( 'NONE', #2107, #1440, #794, .T. ) ;
#103 = EDGE_LOOP ( 'NONE', ( #1739, #596, #1312, #2023 ) ) ;
#104 = CARTESIAN_POINT ( 'NONE',  ( 3.450000000000000600, 20.10000000000000900, -11.86762642063935200 ) ) ;
#105 = CARTESIAN_POINT ( 'NONE',  ( 0.0000000000000000000, 19.70000000000000300, -13.45000000000000300 ) ) ;
#106 = DIRECTION ( 'NONE',  ( 0.4539904997395478600, 0.0000000000000000000, 0.8910065241883673400 ) ) ;
#107 = DIRECTION ( 'NONE',  ( -1.000000000000000000, -0.0000000000000000000, -0.0000000000000000000 ) ) ;
#108 = CARTESIAN_POINT ( 'NONE',  ( -0.5227839373669303000, -10.40000000000000200, -15.62544061130690500 ) ) ;
#109 = ORIENTED_EDGE ( 'NONE', *, *, #1628, .F. ) ;
#110 = DIRECTION ( 'NONE',  ( 0.0000000000000000000, 0.0000000000000000000, 1.000000000000000000 ) ) ;
#111 = CARTESIAN_POINT ( 'NONE',  ( 2.868876246606224100, -10.39999999999075100, -9.595480336540813200 ) ) ;
#112 = VERTEX_POINT ( 'NONE', #1206 ) ;
#113 = EDGE_CURVE ( 'NONE', #543, #1083, #2009, .T. ) ;
#114 = ORIENTED_EDGE ( 'NONE', *, *, #1712, .F. ) ;
#115 = VERTEX_POINT ( 'NONE', #1601 ) ;
#116 = VECTOR ( 'NONE', #1619, 1000.000000000000000 ) ;
#117 = CARTESIAN_POINT ( 'NONE',  ( 2.808243568348982600, -14.90000000000000700, -12.03301696876936900 ) ) ;
#118 = ORIENTED_EDGE ( 'NONE', *, *, #1393, .F. ) ;
#119 = CYLINDRICAL_SURFACE ( 'NONE', #2168, 1.850000000000000800 ) ;
#120 = VERTEX_POINT ( 'NONE', #468 ) ;
#121 = APPROVAL_STATUS ( 'not_yet_approved' ) ;
#122 = CARTESIAN_POINT ( 'NONE',  ( -2.305592617455096200, -14.90000000000000400, -14.33745243192756600 ) ) ;
#123 = LINE ( 'NONE', #12, #920 ) ;
#124 = FACE_OUTER_BOUND ( 'NONE', #2085, .T. ) ;
#125 = CARTESIAN_POINT ( 'NONE',  ( 2.122836398595647100, 21.26965221634402800, -8.645417785859196500 ) ) ;
#126 =( LENGTH_UNIT ( ) NAMED_UNIT ( * ) SI_UNIT ( .MILLI., .METRE. ) );
#127 = ORIENTED_EDGE ( 'NONE', *, *, #326, .T. ) ;
#128 = CARTESIAN_POINT ( 'NONE',  ( 3.300000000000000700, -3.100000000000002300, 0.0000000000000000000 ) ) ;
#129 = EDGE_CURVE ( 'NONE', #1381, #290, #2448, .T. ) ;
#130 = CARTESIAN_POINT ( 'NONE',  ( 1.273406277335043600, -14.90000000000000000, -10.08960540609220200 ) ) ;
#131 = AXIS2_PLACEMENT_3D ( 'NONE', #797, #1165, #616 ) ;
#132 = ADVANCED_FACE ( 'NONE', ( #1150 ), #1410, .T. ) ;
#133 = CARTESIAN_POINT ( 'NONE',  ( 0.0000000000000000000, 20.30000000000000100, -14.20000000000000500 ) ) ;
#134 = VERTEX_POINT ( 'NONE', #1422 ) ;
#135 = DATE_TIME_ROLE ( 'creation_date' ) ;
#136 = DIRECTION ( 'NONE',  ( 0.0000000000000000000, 0.0000000000000000000, 1.000000000000000000 ) ) ;
#137 = EDGE_LOOP ( 'NONE', ( #1779, #1766 ) ) ;
#138 = CARTESIAN_POINT ( 'NONE',  ( 1.970502617078394800, 21.38428127332965200, -8.698870192978677800 ) ) ;
#139 = DIRECTION ( 'NONE',  ( -3.469446951953614200E-016, -1.000000000000000000, 0.0000000000000000000 ) ) ;
#140 = PRODUCT_RELATED_PRODUCT_CATEGORY ( 'detail', '', ( #390 ) ) ;
#141 = EDGE_LOOP ( 'NONE', ( #1521, #1371, #1783, #1099, #2095, #1229, #401, #272 ) ) ;
#142 = EDGE_CURVE ( 'NONE', #2260, #805, #28, .T. ) ;
#143 = CARTESIAN_POINT ( 'NONE',  ( 0.6004772226481561700, -14.90000000000000000, -9.853871720560610100 ) ) ;
#144 = LINE ( 'NONE', #1765, #1972 ) ;
#145 = EDGE_CURVE ( 'NONE', #2179, #879, #2138, .T. ) ;
#146 = FACE_OUTER_BOUND ( 'NONE', #1274, .T. ) ;
#147 = ORIENTED_EDGE ( 'NONE', *, *, #1502, .T. ) ;
#148 = EDGE_LOOP ( 'NONE', ( #662, #622, #1687, #554 ) ) ;
#149 = CARTESIAN_POINT ( 'NONE',  ( -3.300000000000000300, 3.099999999999997900, 0.0000000000000000000 ) ) ;
#150 = CYLINDRICAL_SURFACE ( 'NONE', #913, 0.8999999999999998000 ) ;
#151 = PLANE ( 'NONE',  #1958 ) ;
#152 = CARTESIAN_POINT ( 'NONE',  ( 3.333535890729692600, -10.40000000000000700, -10.32193023180115400 ) ) ;
#153 = EDGE_LOOP ( 'NONE', ( #1510, #747 ) ) ;
#154 = ORIENTED_EDGE ( 'NONE', *, *, #2041, .T. ) ;
#155 = EDGE_CURVE ( 'NONE', #1366, #673, #2419, .T. ) ;
#156 = CARTESIAN_POINT ( 'NONE',  ( -1.273406277335053600, -14.90000000000000700, -15.21039459390782700 ) ) ;
#157 = AXIS2_PLACEMENT_3D ( 'NONE', #728, #1689, #532 ) ;
#158 = VERTEX_POINT ( 'NONE', #1651 ) ;
#159 = CARTESIAN_POINT ( 'NONE',  ( -0.6004772226481672700, -14.90000000000000200, -15.44612827943940700 ) ) ;
#160 = CARTESIAN_POINT ( 'NONE',  ( -2.727149969431011700, -14.90000000000000000, -11.82226027989926100 ) ) ;
#161 = ORIENTED_EDGE ( 'NONE', *, *, #2145, .F. ) ;
#162 = ORIENTED_EDGE ( 'NONE', *, *, #1124, .F. ) ;
#163 = AXIS2_PLACEMENT_3D ( 'NONE', #1368, #409, #1166 ) ;
#164 = CIRCLE ( 'NONE', #1314, 0.5000000000000002200 ) ;
#165 = VERTEX_POINT ( 'NONE', #2227 ) ;
#166 = LINE ( 'NONE', #968, #2383 ) ;
#167 = CARTESIAN_POINT ( 'NONE',  ( -1.162080878002216900, -10.40000000000000000, -8.426842220693535200 ) ) ;
#168 = AXIS2_PLACEMENT_3D ( 'NONE', #2325, #579, #586 ) ;
#169 = CARTESIAN_POINT ( 'NONE',  ( 4.149999999999995900, -10.40000000000000200, -3.050000000000000700 ) ) ;
#170 = FACE_OUTER_BOUND ( 'NONE', #352, .T. ) ;
#171 = LINE ( 'NONE', #1045, #640 ) ;
#172 = EDGE_CURVE ( 'NONE', #1108, #2175, #683, .T. ) ;
#173 = DIRECTION ( 'NONE',  ( 1.000000000000000000, 1.495451272393799000E-016, 0.0000000000000000000 ) ) ;
#174 = CIRCLE ( 'NONE', #960, 0.5000000000000002200 ) ;
#175 = LINE ( 'NONE', #1271, #1707 ) ;
#176 = CARTESIAN_POINT ( 'NONE',  ( -2.070482178368467700, -10.40000000000000200, -8.844121488719119700 ) ) ;
#177 = VERTEX_POINT ( 'NONE', #1850 ) ;
#178 = DIRECTION ( 'NONE',  ( 0.0000000000000000000, 0.0000000000000000000, 1.000000000000000000 ) ) ;
#179 = ORIENTED_EDGE ( 'NONE', *, *, #1951, .F. ) ;
#180 = DIRECTION ( 'NONE',  ( 1.000000000000000000, 0.0000000000000000000, 0.0000000000000000000 ) ) ;
#181 = PLANE ( 'NONE',  #86 ) ;
#182 = AXIS2_PLACEMENT_3D ( 'NONE', #1696, #1110, #321 ) ;
#183 = EDGE_CURVE ( 'NONE', #2154, #2107, #1170, .T. ) ;
#184 = PLANE ( 'NONE',  #923 ) ;
#185 = ORIENTED_EDGE ( 'NONE', *, *, #1926, .T. ) ;
#186 = CARTESIAN_POINT ( 'NONE',  ( 1.970502617078382100, 21.38428127332942800, -12.10112980702141900 ) ) ;
#187 = ORIENTED_EDGE ( 'NONE', *, *, #1011, .T. ) ;
#188 = DIRECTION ( 'NONE',  ( 0.0000000000000000000, 0.0000000000000000000, 1.000000000000000000 ) ) ;
#189 = CARTESIAN_POINT ( 'NONE',  ( -3.299999999999999800, 10.29999999999999700, 0.0000000000000000000 ) ) ;
#190 = CARTESIAN_POINT ( 'NONE',  ( -2.613423927233391500, -14.90000000000000200, -13.80265579275169900 ) ) ;
#191 = CARTESIAN_POINT ( 'NONE',  ( 0.2292864522724895600, 19.05751333960710200, -13.90000000000000400 ) ) ;
#192 = CIRCLE ( 'NONE', #1904, 3.700000000000000200 ) ;
#193 = EDGE_CURVE ( 'NONE', #120, #743, #2046, .T. ) ;
#194 = CIRCLE ( 'NONE', #1009, 1.599999999999999900 ) ;
#195 = VECTOR ( 'NONE', #473, 1000.000000000000000 ) ;
#196 = ORIENTED_EDGE ( 'NONE', *, *, #66, .F. ) ;
#197 = CARTESIAN_POINT ( 'NONE',  ( 3.460399954997980900, 20.20624250186721200, -9.084162318632943200 ) ) ;
#198 = DIRECTION ( 'NONE',  ( 0.0000000000000000000, 0.0000000000000000000, 1.000000000000000000 ) ) ;
#199 = CIRCLE ( 'NONE', #1304, 1.599999999999999900 ) ;
#200 = VECTOR ( 'NONE', #1570, 1000.000000000000000 ) ;
#201 = CARTESIAN_POINT ( 'NONE',  ( -4.150000000000003000, -10.39999999999999900, -15.65000000000000000 ) ) ;
#202 = AXIS2_PLACEMENT_3D ( 'NONE', #1382, #2136, #212 ) ;
#203 = CARTESIAN_POINT ( 'NONE',  ( 2.100000000000000100, 20.30000000000000100, -12.59999999999999800 ) ) ;
#204 = CARTESIAN_POINT ( 'NONE',  ( 1.849999999999995200, -14.90000000000000400, -12.65000000000000200 ) ) ;
#205 = ORIENTED_EDGE ( 'NONE', *, *, #897, .T. ) ;
#206 = EDGE_LOOP ( 'NONE', ( #505, #1042, #1284, #2292 ) ) ;
#207 = CARTESIAN_POINT ( 'NONE',  ( -0.5000000000000002200, 7.549999999999999800, -0.2000000000000000100 ) ) ;
#208 = VERTEX_POINT ( 'NONE', #2034 ) ;
#209 = CARTESIAN_POINT ( 'NONE',  ( -4.150000000000002100, -8.899999999999998600, -15.65000000000000000 ) ) ;
#210 = ORIENTED_EDGE ( 'NONE', *, *, #1533, .T. ) ;
#211 =( BOUNDED_SURFACE ( )  B_SPLINE_SURFACE ( 3, 2, ( 
 ( #85, #1623, #817 ),
 ( #460, #2407, #497 ),
 ( #1667, #2070, #280 ),
 ( #2033, #1452, #1254 ),
 ( #1464, #1441, #1857 ),
 ( #301, #899, #502 ),
 ( #475, #95, #1658 ),
 ( #2063, #2243, #273 ),
 ( #2226, #2055, #885 ),
 ( #1077, #1056, #1650 ) ),
 .UNSPECIFIED., .F., .F., .F. ) 
 B_SPLINE_SURFACE_WITH_KNOTS ( ( 4, 2, 2, 2, 4 ),
 ( 3, 3 ),
 ( 3.141592653589793100, 3.571652875330691800, 4.001713097071590400, 4.431773318812489000, 4.861833540553387700 ),
 ( 0.0000000000000000000, 1.000000000000000000 ),
 .UNSPECIFIED. ) 
 GEOMETRIC_REPRESENTATION_ITEM ( )  RATIONAL_B_SPLINE_SURFACE ( (
 ( 1.000000000000000000, 0.8433914458128847200, 1.000000000000000000),
 ( 1.000000000000000000, 0.8434039715424557200, 1.000000000000000000),
 ( 1.000000000000000000, 0.8394965962671870900, 1.000000000000000000),
 ( 1.000000000000000000, 0.8243152408792647800, 1.000000000000000000),
 ( 1.000000000000000000, 0.8130265436250035900, 1.000000000000000000),
 ( 1.000000000000000000, 0.7842795706059609900, 1.000000000000000000),
 ( 1.000000000000000000, 0.7668166218780044800, 1.000000000000000000),
 ( 1.000000000000000000, 0.7278692839315567000, 1.000000000000000000),
 ( 1.000000000000000000, 0.7063975334767150800, 1.000000000000000000),
 ( 1.000000000000000000, 0.6844986592741847400, 1.000000000000000000) ) ) 
 REPRESENTATION_ITEM ( '' )  SURFACE ( )  );
#212 = DIRECTION ( 'NONE',  ( 1.000000000000000000, 0.0000000000000000000, 0.0000000000000000000 ) ) ;
#213 = AXIS2_PLACEMENT_3D ( 'NONE', #1107, #2261, #877 ) ;
#214 = DIRECTION ( 'NONE',  ( 0.0000000000000000000, 1.000000000000000000, 0.0000000000000000000 ) ) ;
#215 = EDGE_CURVE ( 'NONE', #474, #810, #598, .T. ) ;
#216 = ORIENTED_EDGE ( 'NONE', *, *, #1183, .T. ) ;
#217 = CARTESIAN_POINT ( 'NONE',  ( 0.0000000000000000000, 19.10000000000000100, -14.20000000000000500 ) ) ;
#218 = ORIENTED_EDGE ( 'NONE', *, *, #459, .T. ) ;
#219 = DIRECTION ( 'NONE',  ( -0.0000000000000000000, -0.0000000000000000000, 1.000000000000000000 ) ) ;
#220 = DIRECTION ( 'NONE',  ( 0.0000000000000000000, 0.0000000000000000000, -1.000000000000000000 ) ) ;
#221 = CARTESIAN_POINT ( 'NONE',  ( 2.213203557831497500, -10.40000000000000400, -8.969413355727626300 ) ) ;
#222 = PERSON_AND_ORGANIZATION ( #2150, #2350 ) ;
#223 = ADVANCED_FACE ( 'NONE', ( #2157 ), #552, .F. ) ;
#224 = EDGE_LOOP ( 'NONE', ( #398, #2255, #1918, #742 ) ) ;
#225 = CARTESIAN_POINT ( 'NONE',  ( 3.450000000000000200, 20.10000000000000500, -12.69999999999999900 ) ) ;
#226 = CARTESIAN_POINT ( 'NONE',  ( 4.149999999999997700, -10.40000000000000200, -15.65000000000000000 ) ) ;
#227 = DIRECTION ( 'NONE',  ( -1.000000000000000000, 0.0000000000000000000, 0.0000000000000000000 ) ) ;
#228 = LINE ( 'NONE', #105, #2272 ) ;
#229 = CARTESIAN_POINT ( 'NONE',  ( -5.000000000000000900, 13.10000000000000100, -3.000000000000000000 ) ) ;
#230 = CARTESIAN_POINT ( 'NONE',  ( -3.434588414435602500, 19.57244440545957800, -11.89047785314083900 ) ) ;
#231 = ORIENTED_EDGE ( 'NONE', *, *, #1075, .T. ) ;
#232 = DIRECTION ( 'NONE',  ( -1.000000000000000000, 0.0000000000000000000, 0.0000000000000000000 ) ) ;
#233 = LINE ( 'NONE', #294, #263 ) ;
#234 = CIRCLE ( 'NONE', #1131, 1.850000000000000800 ) ;
#235 = DIRECTION ( 'NONE',  ( 9.427844978134822700E-017, -0.0000000000000000000, 1.000000000000000000 ) ) ;
#236 = EDGE_CURVE ( 'NONE', #2154, #45, #2337, .T. ) ;
#237 = CYLINDRICAL_SURFACE ( 'NONE', #2378, 1.850000000000000800 ) ;
#238 = CARTESIAN_POINT ( 'NONE',  ( 3.300000000000000700, 3.099999999999997900, -0.1000000000000000100 ) ) ;
#239 = CARTESIAN_POINT ( 'NONE',  ( 1.347111479062088500E-016, 20.30000000000000100, -13.10000000000000300 ) ) ;
#240 = CARTESIAN_POINT ( 'NONE',  ( 0.2292864522724895600, 19.70000000000000300, -13.90000000000000400 ) ) ;
#241 = CARTESIAN_POINT ( 'NONE',  ( -3.482256387222173000, 20.26373016594370600, -12.62365136974926800 ) ) ;
#242 = ADVANCED_FACE ( 'NONE', ( #1976 ), #93, .F. ) ;
#243 = EDGE_LOOP ( 'NONE', ( #1472, #19, #857, #635 ) ) ;
#244 = DIRECTION ( 'NONE',  ( 1.000000000000000000, -0.0000000000000000000, -0.0000000000000000000 ) ) ;
#245 = CARTESIAN_POINT ( 'NONE',  ( -1.259109769979335900, 22.10000000000000100, -9.032615316310003800 ) ) ;
#246 = EDGE_LOOP ( 'NONE', ( #1126, #629, #255, #1184 ) ) ;
#247 = CARTESIAN_POINT ( 'NONE',  ( -3.450000000000000600, 20.10000000000000900, -8.932373579360643100 ) ) ;
#248 = CARTESIAN_POINT ( 'NONE',  ( 0.0000000000000000000, 20.30000000000000100, -14.20000000000000500 ) ) ;
#249 = CARTESIAN_POINT ( 'NONE',  ( 2.727165844033225400, -14.90000000000000000, -13.47774453555911100 ) ) ;
#250 = AXIS2_PLACEMENT_3D ( 'NONE', #34, #214, #1348 ) ;
#251 = EDGE_CURVE ( 'NONE', #2467, #2196, #1642, .T. ) ;
#252 = CARTESIAN_POINT ( 'NONE',  ( 3.428018528112902100, 20.10000000000000100, -8.812235686446037200 ) ) ;
#253 = VERTEX_POINT ( 'NONE', #2438 ) ;
#254 = ADVANCED_FACE ( 'NONE', ( #607 ), #882, .F. ) ;
#255 = ORIENTED_EDGE ( 'NONE', *, *, #2359, .T. ) ;
#256 = CARTESIAN_POINT ( 'NONE',  ( 5.000000000000003600, -7.499999999999994700, -2.999999999999997300 ) ) ;
#257 = VERTEX_POINT ( 'NONE', #2240 ) ;
#258 = DIRECTION ( 'NONE',  ( 0.0000000000000000000, 0.0000000000000000000, 1.000000000000000000 ) ) ;
#259 = ORIENTED_EDGE ( 'NONE', *, *, #1073, .F. ) ;
#260 = DIRECTION ( 'NONE',  ( -3.469446951953614200E-016, -1.000000000000000000, 0.0000000000000000000 ) ) ;
#261 = CARTESIAN_POINT ( 'NONE',  ( 0.0000000000000000000, 20.30000000000000100, -13.00000000000000500 ) ) ;
#262 = DIRECTION ( 'NONE',  ( -1.000000000000000000, 0.0000000000000000000, 0.0000000000000000000 ) ) ;
#263 = VECTOR ( 'NONE', #1457, 1000.000000000000000 ) ;
#264 = LINE ( 'NONE', #956, #1919 ) ;
#265 = DIRECTION ( 'NONE',  ( -1.000000000000000000, 0.0000000000000000000, 0.0000000000000000000 ) ) ;
#266 = ADVANCED_FACE ( 'NONE', ( #1129 ), #2247, .T. ) ;
#267 = FACE_OUTER_BOUND ( 'NONE', #889, .T. ) ;
#268 = VECTOR ( 'NONE', #2216, 1000.000000000000000 ) ;
#269 = CARTESIAN_POINT ( 'NONE',  ( 3.340652029951594900, 20.10000000000000100, -8.584303158674460500 ) ) ;
#270 = EDGE_CURVE ( 'NONE', #115, #1595, #2474, .T. ) ;
#271 = EDGE_CURVE ( 'NONE', #2113, #1111, #362, .T. ) ;
#272 = ORIENTED_EDGE ( 'NONE', *, *, #1055, .T. ) ;
#273 = CARTESIAN_POINT ( 'NONE',  ( -2.559872152035882500, 20.46131791394231700, -8.268485310299901400 ) ) ;
#274 = CARTESIAN_POINT ( 'NONE',  ( -3.341130687292072700, 21.29260356780432100, -11.41649584957679900 ) ) ;
#275 = CARTESIAN_POINT ( 'NONE',  ( 4.149999999999997700, -10.40000000000000200, -15.65000000000000000 ) ) ;
#276 = ORIENTED_EDGE ( 'NONE', *, *, #2373, .F. ) ;
#277 = DIRECTION ( 'NONE',  ( 1.000000000000000000, -3.469446951953614200E-016, 0.0000000000000000000 ) ) ;
#278 = DIRECTION ( 'NONE',  ( 0.0000000000000000000, 0.0000000000000000000, 1.000000000000000000 ) ) ;
#279 = ADVANCED_FACE ( 'NONE', ( #491 ), #89, .F. ) ;
#280 = CARTESIAN_POINT ( 'NONE',  ( -1.631723329930394600, 21.53967727049093400, -8.771332536501615700 ) ) ;
#281 = CARTESIAN_POINT ( 'NONE',  ( 0.3570783513027784900, -10.39999999999999700, -15.64414520761811500 ) ) ;
#282 = CARTESIAN_POINT ( 'NONE',  ( 2.796128279439395600, -14.89999999999999900, -13.25047722264816700 ) ) ;
#283 = DIRECTION ( 'NONE',  ( 0.0000000000000000000, 1.000000000000000000, 0.0000000000000000000 ) ) ;
#284 = ORIENTED_EDGE ( 'NONE', *, *, #1251, .F. ) ;
#285 = EDGE_CURVE ( 'NONE', #2054, #112, #2252, .T. ) ;
#286 = EDGE_CURVE ( 'NONE', #693, #1193, #705, .T. ) ;
#287 = CARTESIAN_POINT ( 'NONE',  ( -0.3645714472856195800, -14.90000000000000700, -15.48624252903251600 ) ) ;
#288 = CARTESIAN_POINT ( 'NONE',  ( 1.273406277335043600, -14.90000000000000000, -10.08960540609220200 ) ) ;
#289 = CARTESIAN_POINT ( 'NONE',  ( 3.560966016066828800, -10.39999999999075300, -13.02948265859422400 ) ) ;
#290 = VERTEX_POINT ( 'NONE', #1275 ) ;
#291 = DATE_AND_TIME ( #804, #1322 ) ;
#292 = CARTESIAN_POINT ( 'NONE',  ( -1.100000000000000300, 19.70000000000000300, -14.50000000000000400 ) ) ;
#293 = ORIENTED_EDGE ( 'NONE', *, *, #793, .F. ) ;
#294 = CARTESIAN_POINT ( 'NONE',  ( -0.2292864522724940000, 19.05751333960710200, -13.90000000000000400 ) ) ;
#295 = LINE ( 'NONE', #2245, #447 ) ;
#296 = CARTESIAN_POINT ( 'NONE',  ( -4.150000000000003000, -10.39999999999999900, -15.65000000000000000 ) ) ;
#297 = ORIENTED_EDGE ( 'NONE', *, *, #976, .F. ) ;
#298 = CARTESIAN_POINT ( 'NONE',  ( 3.708544771603513800, -10.40000000000000200, -12.25406817457601400 ) ) ;
#299 = ORIENTED_EDGE ( 'NONE', *, *, #1040, .T. ) ;
#300 = VECTOR ( 'NONE', #1928, 1000.000000000000000 ) ;
#301 = CARTESIAN_POINT ( 'NONE',  ( -3.132271564970584300, 21.09613035965696800, -9.329366854943165400 ) ) ;
#302 = CARTESIAN_POINT ( 'NONE',  ( 2.213203557833430600, -10.39999999999075100, -8.969413355725324200 ) ) ;
#303 = CARTESIAN_POINT ( 'NONE',  ( 1.259109769979336500, 21.19999999999999900, -11.19402144896324300 ) ) ;
#304 = VECTOR ( 'NONE', #715, 1000.000000000000000 ) ;
#305 = AXIS2_PLACEMENT_3D ( 'NONE', #637, #47, #1829 ) ;
#306 = CARTESIAN_POINT ( 'NONE',  ( 3.300000000000000700, 3.099999999999997900, -0.1000000000000000100 ) ) ;
#307 = CARTESIAN_POINT ( 'NONE',  ( -0.6004772226481672700, -14.90000000000000200, -15.44612827943940700 ) ) ;
#308 = EDGE_LOOP ( 'NONE', ( #741, #969 ) ) ;
#309 = EDGE_CURVE ( 'NONE', #743, #2054, #233, .T. ) ;
#310 = ORIENTED_EDGE ( 'NONE', *, *, #1628, .T. ) ;
#311 = CARTESIAN_POINT ( 'NONE',  ( 1.259109769979337000, 21.58035643556662500, -8.790301542703762300 ) ) ;
#312 = CARTESIAN_POINT ( 'NONE',  ( -1.100000000000000300, 19.70000000000000300, -13.90000000000000400 ) ) ;
#313 = DIRECTION ( 'NONE',  ( 1.376764663473656500E-016, 0.0000000000000000000, -1.000000000000000000 ) ) ;
#314 = DIRECTION ( 'NONE',  ( 0.0000000000000000000, 1.000000000000000000, 0.0000000000000000000 ) ) ;
#315 = APPROVAL_ROLE ( '' ) ;
#316 = CARTESIAN_POINT ( 'NONE',  ( -2.213203557831508100, -10.40000000000000000, -14.93058664427237800 ) ) ;
#317 = ORIENTED_EDGE ( 'NONE', *, *, #2333, .T. ) ;
#318 = AXIS2_PLACEMENT_3D ( 'NONE', #229, #2011, #1832 ) ;
#319 = CARTESIAN_POINT ( 'NONE',  ( 3.295668061437263300, -10.40000000000000000, -13.63183591019526600 ) ) ;
#320 = ORIENTED_EDGE ( 'NONE', *, *, #1484, .F. ) ;
#321 = DIRECTION ( 'NONE',  ( 0.0000000000000000000, 0.0000000000000000000, 1.000000000000000000 ) ) ;
#322 = CARTESIAN_POINT ( 'NONE',  ( 3.708544771603513800, -10.40000000000000200, -12.25406817457601400 ) ) ;
#323 = EDGE_LOOP ( 'NONE', ( #2435, #284, #1631, #2361 ) ) ;
#324 = AXIS2_PLACEMENT_3D ( 'NONE', #1790, #1600, #445 ) ;
#325 = DIRECTION ( 'NONE',  ( 0.0000000000000000000, -0.0000000000000000000, 1.000000000000000000 ) ) ;
#326 = EDGE_CURVE ( 'NONE', #2493, #1193, #332, .T. ) ;
#327 = FACE_OUTER_BOUND ( 'NONE', #1620, .T. ) ;
#328 = ORIENTED_EDGE ( 'NONE', *, *, #803, .F. ) ;
#329 = FACE_OUTER_BOUND ( 'NONE', #2328, .T. ) ;
#330 = ORIENTED_EDGE ( 'NONE', *, *, #2027, .T. ) ;
#331 = CARTESIAN_POINT ( 'NONE',  ( 5.000000000000000900, 13.10000000000000300, -3.000000000000000000 ) ) ;
#332 = CIRCLE ( 'NONE', #356, 1.100000000000000300 ) ;
#333 = CIRCLE ( 'NONE', #1096, 1.100000000000000300 ) ;
#334 = CARTESIAN_POINT ( 'NONE',  ( 3.200874711563741000, -10.40000000000000200, -10.07153923522245300 ) ) ;
#335 = FACE_OUTER_BOUND ( 'NONE', #1709, .T. ) ;
#336 = CARTESIAN_POINT ( 'NONE',  ( 1.259109769979337400, 21.58035643556662500, -8.790301542703762300 ) ) ;
#337 =( BOUNDED_CURVE ( )  B_SPLINE_CURVE ( 3, ( #676, #1870, #1478, #311 ),
 .UNSPECIFIED., .F., .F. ) 
 B_SPLINE_CURVE_WITH_KNOTS ( ( 4, 4 ),
 ( 4.573204306221739100, 6.283185307179585300 ),
 .UNSPECIFIED. ) 
 CURVE ( )  GEOMETRIC_REPRESENTATION_ITEM ( )  RATIONAL_B_SPLINE_CURVE ( ( 1.000000000000000000, 0.7708171185143415400, 0.7708171185143415400, 1.000000000000000000 ) ) 
 REPRESENTATION_ITEM ( '' )  );
#338 = DIRECTION ( 'NONE',  ( -0.0000000000000000000, -0.0000000000000000000, 1.000000000000000000 ) ) ;
#339 = AXIS2_PLACEMENT_3D ( 'NONE', #1778, #576, #1971 ) ;
#340 = ORIENTED_EDGE ( 'NONE', *, *, #80, .F. ) ;
#341 = EDGE_CURVE ( 'NONE', #253, #2242, #845, .T. ) ;
#342 = PERSON_AND_ORGANIZATION_ROLE ( 'design_supplier' ) ;
#343 = ORIENTED_EDGE ( 'NONE', *, *, #2347, .T. ) ;
#344 = CARTESIAN_POINT ( 'NONE',  ( -1.991540377849588400, -14.90000000000000200, -10.57619506139205300 ) ) ;
#345 = ORIENTED_EDGE ( 'NONE', *, *, #2212, .T. ) ;
#346 = ORIENTED_EDGE ( 'NONE', *, *, #1608, .F. ) ;
#347 = CARTESIAN_POINT ( 'NONE',  ( 0.0000000000000000000, 20.30000000000000100, -13.90000000000000400 ) ) ;
#348 = DIRECTION ( 'NONE',  ( 1.000000000000000000, 1.495451272393799000E-016, 0.0000000000000000000 ) ) ;
#349 = CARTESIAN_POINT ( 'NONE',  ( -0.3337250662534044800, -14.90000000000000600, -9.810793600655637500 ) ) ;
#350 = ORIENTED_EDGE ( 'NONE', *, *, #417, .F. ) ;
#351 = APPROVAL ( #1670, 'UNSPECIFIED' ) ;
#352 = EDGE_LOOP ( 'NONE', ( #2005, #1316, #1349, #37, #1377 ) ) ;
#353 = VERTEX_POINT ( 'NONE', #2037 ) ;
#354 = CARTESIAN_POINT ( 'NONE',  ( -1.956474915315040000, -10.40000000000000200, -15.10551506892099600 ) ) ;
#355 = CARTESIAN_POINT ( 'NONE',  ( -0.5000000000000000000, 6.123233995736766000E-017, -0.2000000000000000100 ) ) ;
#356 = AXIS2_PLACEMENT_3D ( 'NONE', #1661, #283, #1445 ) ;
#357 = CARTESIAN_POINT ( 'NONE',  ( 0.0000000000000000000, 19.10000000000000100, -14.20000000000000500 ) ) ;
#358 = LINE ( 'NONE', #431, #1350 ) ;
#359 = EDGE_CURVE ( 'NONE', #2335, #1629, #194, .T. ) ;
#360 = CARTESIAN_POINT ( 'NONE',  ( 1.405908265364486100, -10.39999999999074400, -15.38136509188808200 ) ) ;
#361 = ORIENTED_EDGE ( 'NONE', *, *, #1502, .F. ) ;
#362 = LINE ( 'NONE', #2402, #758 ) ;
#363 = VECTOR ( 'NONE', #1920, 1000.000000000000000 ) ;
#364 = LINE ( 'NONE', #600, #1865 ) ;
#365 = CARTESIAN_POINT ( 'NONE',  ( 0.3337250662533918200, -14.90000000000000600, -15.48920639934438600 ) ) ;
#366 = CARTESIAN_POINT ( 'NONE',  ( -0.9786886121669518000, -14.90000000000000400, -9.965708356363570900 ) ) ;
#367 = ORIENTED_EDGE ( 'NONE', *, *, #405, .F. ) ;
#368 = CARTESIAN_POINT ( 'NONE',  ( 5.000000000000003600, -5.899999999999995000, -2.999999999999997300 ) ) ;
#369 = EDGE_LOOP ( 'NONE', ( #520, #429, #680, #1599 ) ) ;
#370 = ORIENTED_EDGE ( 'NONE', *, *, #843, .T. ) ;
#371 = EDGE_CURVE ( 'NONE', #45, #1440, #1888, .T. ) ;
#372 = CARTESIAN_POINT ( 'NONE',  ( -2.658171659422616800, -14.89999999999999900, -11.59499778244667700 ) ) ;
#373 = PLANE ( 'NONE',  #1878 ) ;
#374 = ORIENTED_EDGE ( 'NONE', *, *, #1872, .T. ) ;
#375 = CARTESIAN_POINT ( 'NONE',  ( 3.161646713939790600, 21.07772858397295200, -8.555922326303838000 ) ) ;
#376 = CARTESIAN_POINT ( 'NONE',  ( -2.963577900764028200, -10.40000000000000200, -9.699896045983461300 ) ) ;
#377 = ORIENTED_EDGE ( 'NONE', *, *, #1578, .F. ) ;
#378 = CARTESIAN_POINT ( 'NONE',  ( -2.546538042214221900, 20.10000000000000500, -12.69999999999999900 ) ) ;
#379 = EDGE_CURVE ( 'NONE', #938, #1853, #1823, .T. ) ;
#380 = VECTOR ( 'NONE', #1262, 1000.000000000000000 ) ;
#381 = DIRECTION ( 'NONE',  ( -0.0000000000000000000, -0.0000000000000000000, 1.000000000000000000 ) ) ;
#382 = CARTESIAN_POINT ( 'NONE',  ( -3.560966016065387800, -10.40000000000000200, -10.87051734140598000 ) ) ;
#383 = ORIENTED_EDGE ( 'NONE', *, *, #2281, .F. ) ;
#384 = LINE ( 'NONE', #1907, #1886 ) ;
#385 = CARTESIAN_POINT ( 'NONE',  ( 0.0000000000000000000, 19.10000000000000100, -14.20000000000000500 ) ) ;
#386 = DIRECTION ( 'NONE',  ( -1.000000000000000000, 3.469446951953613700E-016, -1.376764663473656500E-016 ) ) ;
#387 = VECTOR ( 'NONE', #2058, 1000.000000000000100 ) ;
#388 = VECTOR ( 'NONE', #1192, 1000.000000000000000 ) ;
#389 = ORIENTED_EDGE ( 'NONE', *, *, #1645, .F. ) ;
#390 = PRODUCT ( 'ex-43', 'ex-43', '', ( #2440 ) ) ;
#391 = DIRECTION ( 'NONE',  ( 0.0000000000000000000, 0.0000000000000000000, 1.000000000000000000 ) ) ;
#392 = FACE_OUTER_BOUND ( 'NONE', #1537, .T. ) ;
#393 = VECTOR ( 'NONE', #442, 1000.000000000000000 ) ;
#394 = CARTESIAN_POINT ( 'NONE',  ( 2.544619878067131000, 20.08680085697456300, -8.093845138526166500 ) ) ;
#395 = ORIENTED_EDGE ( 'NONE', *, *, #617, .T. ) ;
#396 = CARTESIAN_POINT ( 'NONE',  ( -1.058300524425836100, 19.70000000000000300, -14.50000000000000400 ) ) ;
#397 = ORIENTED_EDGE ( 'NONE', *, *, #634, .F. ) ;
#398 = ORIENTED_EDGE ( 'NONE', *, *, #1723, .F. ) ;
#399 = ORIENTED_EDGE ( 'NONE', *, *, #471, .T. ) ;
#400 = CARTESIAN_POINT ( 'NONE',  ( -1.259109769979336100, 21.58035643556662500, -12.00969845729623000 ) ) ;
#401 = ORIENTED_EDGE ( 'NONE', *, *, #1533, .F. ) ;
#402 = DIRECTION ( 'NONE',  ( 0.0000000000000000000, 0.0000000000000000000, 1.000000000000000000 ) ) ;
#403 = EDGE_CURVE ( 'NONE', #1548, #2285, #916, .T. ) ;
#404 = DIRECTION ( 'NONE',  ( 0.0000000000000000000, 0.0000000000000000000, -1.000000000000000000 ) ) ;
#405 = EDGE_CURVE ( 'NONE', #1837, #1366, #779, .T. ) ;
#406 = CARTESIAN_POINT ( 'NONE',  ( -4.150000000000003900, -8.899999999999998600, -3.050000000000000700 ) ) ;
#407 = ORIENTED_EDGE ( 'NONE', *, *, #215, .T. ) ;
#408 = DIRECTION ( 'NONE',  ( -1.000000000000000000, -0.0000000000000000000, -0.0000000000000000000 ) ) ;
#409 = DIRECTION ( 'NONE',  ( 0.0000000000000000000, 0.4226182617406968900, -0.9063077870366511600 ) ) ;
#410 = CARTESIAN_POINT ( 'NONE',  ( -1.259109769979340800, 22.10000000000000500, -11.76738468368998800 ) ) ;
#411 = CARTESIAN_POINT ( 'NONE',  ( -3.299999999999998900, -3.100000000000001900, -0.1000000000000000100 ) ) ;
#412 = ORIENTED_EDGE ( 'NONE', *, *, #1270, .T. ) ;
#413 = EDGE_LOOP ( 'NONE', ( #1582, #1144, #641, #2317 ) ) ;
#414 = CARTESIAN_POINT ( 'NONE',  ( 3.132271564970585200, 21.09613035965696800, -11.47063314505682600 ) ) ;
#415 = CYLINDRICAL_SURFACE ( 'NONE', #1871, 0.5000000000000000000 ) ;
#416 = EDGE_CURVE ( 'NONE', #353, #1219, #2385, .T. ) ;
#417 = EDGE_CURVE ( 'NONE', #1315, #1323, #732, .T. ) ;
#418 = ORIENTED_EDGE ( 'NONE', *, *, #1756, .T. ) ;
#419 = PLANE ( 'NONE',  #339 ) ;
#420 =( BOUNDED_CURVE ( )  B_SPLINE_CURVE ( 3, ( #478, #720, #1109, #522 ),
 .UNSPECIFIED., .F., .F. ) 
 B_SPLINE_CURVE_WITH_KNOTS ( ( 4, 4 ),
 ( 4.435372523804337900E-016, 1.479761548757480900 ),
 .UNSPECIFIED. ) 
 CURVE ( )  GEOMETRIC_REPRESENTATION_ITEM ( )  RATIONAL_B_SPLINE_CURVE ( ( 1.000000000000000000, 0.8256992972506644900, 0.8256992972506644900, 1.000000000000000000 ) ) 
 REPRESENTATION_ITEM ( '' )  );
#421 = CIRCLE ( 'NONE', #1627, 2.099999999999999600 ) ;
#422 = FACE_BOUND ( 'NONE', #1741, .T. ) ;
#423 = DIRECTION ( 'NONE',  ( -1.000000000000000000, 0.0000000000000000000, -0.0000000000000000000 ) ) ;
#424 = AXIS2_PLACEMENT_3D ( 'NONE', #1512, #908, #1421 ) ;
#425 = ADVANCED_FACE ( 'NONE', ( #1240, #2422 ), #2029, .F. ) ;
#426 = FACE_OUTER_BOUND ( 'NONE', #413, .T. ) ;
#427 = DIRECTION ( 'NONE',  ( -1.495451272393799000E-016, 1.000000000000000000, 0.0000000000000000000 ) ) ;
#428 = ORIENTED_EDGE ( 'NONE', *, *, #2105, .T. ) ;
#429 = ORIENTED_EDGE ( 'NONE', *, *, #2236, .F. ) ;
#430 = CARTESIAN_POINT ( 'NONE',  ( -3.341130687292071900, 21.29260356780432100, -9.383504150423192400 ) ) ;
#431 = CARTESIAN_POINT ( 'NONE',  ( 3.299999999999999800, 10.29999999999999700, -0.1000000000000000100 ) ) ;
#432 = CARTESIAN_POINT ( 'NONE',  ( -3.132271564970587500, 21.09613035965696400, -11.47063314505665800 ) ) ;
#433 = AXIS2_PLACEMENT_3D ( 'NONE', #2059, #867, #493 ) ;
#434 = ADVANCED_FACE ( 'NONE', ( #1680 ), #914, .F. ) ;
#435 = ADVANCED_FACE ( 'NONE', ( #1827 ), #2270, .F. ) ;
#436 = DIRECTION ( 'NONE',  ( 0.0000000000000000000, -0.0000000000000000000, 1.000000000000000000 ) ) ;
#437 = EDGE_CURVE ( 'NONE', #1529, #1193, #523, .T. ) ;
#438 = ORIENTED_EDGE ( 'NONE', *, *, #1769, .T. ) ;
#439 = CARTESIAN_POINT ( 'NONE',  ( -1.970502617078376200, 21.38428127332965200, -12.10112980702131400 ) ) ;
#440 = B_SPLINE_CURVE_WITH_KNOTS ( 'NONE', 3,
 ( #1313, #2363, #1048, #2018, #467, #1816, #1617, #1037, #247, #2193 ),
 .UNSPECIFIED., .F., .F.,
 ( 4, 2, 2, 2, 4 ),
 ( 2.168404344971008900E-018, 0.0003626875779451169400, 0.0007253751558902317100, 0.001088062733835346500, 0.001450750311780461300 ),
 .UNSPECIFIED. ) ;
#441 = ORIENTED_EDGE ( 'NONE', *, *, #471, .F. ) ;
#442 = DIRECTION ( 'NONE',  ( -0.0000000000000000000, -0.0000000000000000000, 1.000000000000000000 ) ) ;
#443 = DIRECTION ( 'NONE',  ( 0.0000000000000000000, 1.000000000000000000, 0.0000000000000000000 ) ) ;
#444 = PERSON_AND_ORGANIZATION ( #2150, #2350 ) ;
#445 = DIRECTION ( 'NONE',  ( 1.000000000000000000, 0.0000000000000000000, 0.0000000000000000000 ) ) ;
#446 = CARTESIAN_POINT ( 'NONE',  ( -3.295688082733002800, -10.40000000000000000, -10.26815387474902300 ) ) ;
#447 = VECTOR ( 'NONE', #2050, 1000.000000000000000 ) ;
#448 = DIRECTION ( 'NONE',  ( 0.0000000000000000000, 0.0000000000000000000, 1.000000000000000000 ) ) ;
#449 = CARTESIAN_POINT ( 'NONE',  ( -3.285714089330900500, 20.81232553477095600, -11.54883426880458200 ) ) ;
#450 = ADVANCED_FACE ( 'NONE', ( #392 ), #2262, .F. ) ;
#451 = EDGE_LOOP ( 'NONE', ( #82, #2122, #320, #1884 ) ) ;
#452 = LINE ( 'NONE', #2164, #2274 ) ;
#453 = VERTEX_POINT ( 'NONE', #932 ) ;
#454 = DIRECTION ( 'NONE',  ( -1.000000000000000000, -0.0000000000000000000, -0.0000000000000000000 ) ) ;
#455 = CIRCLE ( 'NONE', #863, 1.599999999999999900 ) ;
#456 = CARTESIAN_POINT ( 'NONE',  ( -2.868876246604149300, -10.40000000000000000, -14.30451966345739100 ) ) ;
#457 = AXIS2_PLACEMENT_3D ( 'NONE', #2019, #2377, #262 ) ;
#458 = LINE ( 'NONE', #1959, #847 ) ;
#459 = EDGE_CURVE ( 'NONE', #2338, #979, #1796, .T. ) ;
#460 = CARTESIAN_POINT ( 'NONE',  ( -1.574568890325478200, 22.10000000000000100, -9.605978551026561600 ) ) ;
#461 = CARTESIAN_POINT ( 'NONE',  ( 0.0000000000000000000, 22.10000000000000100, -9.032615316310003800 ) ) ;
#462 = CARTESIAN_POINT ( 'NONE',  ( 8.673617379884035500E-016, 21.19999999999999900, -11.19402144896324300 ) ) ;
#463 = ORIENTED_EDGE ( 'NONE', *, *, #978, .F. ) ;
#464 = DIRECTION ( 'NONE',  ( 0.0000000000000000000, 0.0000000000000000000, 1.000000000000000000 ) ) ;
#465 = ORIENTED_EDGE ( 'NONE', *, *, #155, .T. ) ;
#466 = ADVANCED_FACE ( 'NONE', ( #426 ), #783, .T. ) ;
#467 = CARTESIAN_POINT ( 'NONE',  ( -3.111140529799164300, 20.10000000000000900, -8.300967070010901900 ) ) ;
#468 = CARTESIAN_POINT ( 'NONE',  ( -1.058300524425836100, 19.70000000000000300, -13.90000000000000400 ) ) ;
#469 = DIRECTION ( 'NONE',  ( 0.0000000000000000000, 1.000000000000000000, 0.0000000000000000000 ) ) ;
#470 = CARTESIAN_POINT ( 'NONE',  ( -5.169475958410885100E-015, -14.90000000000000000, -12.65000000000000900 ) ) ;
#471 = EDGE_CURVE ( 'NONE', #1111, #541, #1153, .T. ) ;
#472 = CARTESIAN_POINT ( 'NONE',  ( 3.028764037251227700, 20.10000000000000900, -8.211591810782820700 ) ) ;
#473 = DIRECTION ( 'NONE',  ( -0.0000000000000000000, -1.000000000000000000, -0.0000000000000000000 ) ) ;
#474 = VERTEX_POINT ( 'NONE', #2257 ) ;
#475 = CARTESIAN_POINT ( 'NONE',  ( -3.285714089330809000, 20.81232553477127900, -9.251165731195406700 ) ) ;
#476 = AXIS2_PLACEMENT_3D ( 'NONE', #1242, #83, #325 ) ;
#477 = CARTESIAN_POINT ( 'NONE',  ( 0.7722871636215219400, -14.90000000000000400, -15.40246034209929200 ) ) ;
#478 = CARTESIAN_POINT ( 'NONE',  ( 1.259109769979337000, 22.10000000000000100, -9.605978551036749000 ) ) ;
#479 = ADVANCED_FACE ( 'NONE', ( #1035 ), #151, .T. ) ;
#480 = ORIENTED_EDGE ( 'NONE', *, *, #2459, .F. ) ;
#481 = DIRECTION ( 'NONE',  ( 0.0000000000000000000, 1.000000000000000000, 0.0000000000000000000 ) ) ;
#482 = CARTESIAN_POINT ( 'NONE',  ( 1.531844026301740100, -14.90000000000000600, -15.06082016730483600 ) ) ;
#483 = EDGE_LOOP ( 'NONE', ( #2118, #702, #1876, #218 ) ) ;
#484 = VECTOR ( 'NONE', #408, 1000.000000000000000 ) ;
#485 = CARTESIAN_POINT ( 'NONE',  ( 2.789608721262877700, 20.10000000000000500, -12.67280567689836300 ) ) ;
#486 = CARTESIAN_POINT ( 'NONE',  ( 1.991540377849578800, -14.90000000000000600, -14.72380493860796200 ) ) ;
#487 = DIRECTION ( 'NONE',  ( -1.577021341797097800E-016, 1.000000000000000000, 0.0000000000000000000 ) ) ;
#488 = ORIENTED_EDGE ( 'NONE', *, *, #15, .F. ) ;
#489 = CARTESIAN_POINT ( 'NONE',  ( 2.422276667486177100, -10.40000000000000400, -14.77459510796324000 ) ) ;
#490 = CC_DESIGN_DATE_AND_TIME_ASSIGNMENT ( #1724, #135, ( #8 ) ) ;
#491 = FACE_OUTER_BOUND ( 'NONE', #529, .T. ) ;
#492 = LINE ( 'NONE', #822, #2503 ) ;
#493 = DIRECTION ( 'NONE',  ( 0.0000000000000000000, 0.0000000000000000000, 1.000000000000000000 ) ) ;
#494 = CARTESIAN_POINT ( 'NONE',  ( -1.956474915315040000, -10.40000000000000200, -15.10551506892099600 ) ) ;
#495 = EDGE_CURVE ( 'NONE', #2260, #541, #1389, .T. ) ;
#496 = ORIENTED_EDGE ( 'NONE', *, *, #193, .T. ) ;
#497 = CARTESIAN_POINT ( 'NONE',  ( -1.445517432001959300, 21.58035643554572800, -8.790301542694017200 ) ) ;
#498 = CARTESIAN_POINT ( 'NONE',  ( -1.259109769979336100, 22.10000000000000100, -11.19402144896324300 ) ) ;
#499 = ORIENTED_EDGE ( 'NONE', *, *, #1373, .F. ) ;
#500 = EDGE_LOOP ( 'NONE', ( #1718, #1148, #162, #480 ) ) ;
#501 = CARTESIAN_POINT ( 'NONE',  ( 0.7722871636215219400, -14.90000000000000400, -15.40246034209929200 ) ) ;
#502 = CARTESIAN_POINT ( 'NONE',  ( -2.365978103383263400, 20.98716073900018100, -8.513689846610242600 ) ) ;
#503 = CARTESIAN_POINT ( 'NONE',  ( -2.422276667486603400, -10.39999999999075100, -9.125404892033252200 ) ) ;
#504 = DIRECTION ( 'NONE',  ( 3.469446951953613700E-016, 1.000000000000000000, -0.0000000000000000000 ) ) ;
#505 = ORIENTED_EDGE ( 'NONE', *, *, #15, .T. ) ;
#506 = CARTESIAN_POINT ( 'NONE',  ( -1.673732241964744000, -14.90000000000000600, -14.96857810001655200 ) ) ;
#507 = ORIENTED_EDGE ( 'NONE', *, *, #403, .T. ) ;
#508 = EDGE_LOOP ( 'NONE', ( #2108, #2031, #515, #1725 ) ) ;
#509 = CARTESIAN_POINT ( 'NONE',  ( 1.956474915315030000, -10.40000000000000600, -8.794484931079010100 ) ) ;
#510 = CARTESIAN_POINT ( 'NONE',  ( -2.107503042935618100, 21.58035643556662500, -8.790301542703762300 ) ) ;
#511 = DIRECTION ( 'NONE',  ( 0.0000000000000000000, 0.0000000000000000000, -1.000000000000000000 ) ) ;
#512 = CARTESIAN_POINT ( 'NONE',  ( 1.058300524425835900, 20.30000000000000100, -13.90000000000000400 ) ) ;
#513 = VECTOR ( 'NONE', #835, 1000.000000000000000 ) ;
#514 = PERSON_AND_ORGANIZATION_ROLE ( 'creator' ) ;
#515 = ORIENTED_EDGE ( 'NONE', *, *, #2061, .F. ) ;
#516 = CARTESIAN_POINT ( 'NONE',  ( -0.2232188408828834300, -10.40000000000000200, -15.65464399274908300 ) ) ;
#517 = VERTEX_POINT ( 'NONE', #128 ) ;
#518 = CARTESIAN_POINT ( 'NONE',  ( 1.815489996030208000, 22.04728585093539200, -9.008034304908324700 ) ) ;
#519 = VECTOR ( 'NONE', #1738, 1000.000000000000000 ) ;
#520 = ORIENTED_EDGE ( 'NONE', *, *, #752, .T. ) ;
#521 = CARTESIAN_POINT ( 'NONE',  ( 0.0000000000000000000, 19.10000000000000100, -13.00000000000000500 ) ) ;
#522 = CARTESIAN_POINT ( 'NONE',  ( 3.450000000000001100, 20.10000000000000500, -9.054887682308118400 ) ) ;
#523 = LINE ( 'NONE', #1103, #2191 ) ;
#524 = LINE ( 'NONE', #631, #848 ) ;
#525 = AXIS2_PLACEMENT_3D ( 'NONE', #41, #1424, #62 ) ;
#526 = EDGE_CURVE ( 'NONE', #76, #979, #1698, .T. ) ;
#527 = PERSON_AND_ORGANIZATION_ROLE ( 'classification_officer' ) ;
#528 = CARTESIAN_POINT ( 'NONE',  ( -0.6376750641416102400, -10.40000000000000200, -8.295353202089421200 ) ) ;
#529 = EDGE_LOOP ( 'NONE', ( #754, #763, #1933, #1798 ) ) ;
#530 = CARTESIAN_POINT ( 'NONE',  ( 1.631723329930373500, 21.53967727049071000, -8.771332536501510900 ) ) ;
#531 = AXIS2_PLACEMENT_3D ( 'NONE', #1978, #753, #220 ) ;
#532 = DIRECTION ( 'NONE',  ( 1.000000000000000000, 0.0000000000000000000, 0.0000000000000000000 ) ) ;
#533 = ORIENTED_EDGE ( 'NONE', *, *, #1195, .F. ) ;
#534 = DIRECTION ( 'NONE',  ( 3.469446951953614200E-016, 1.000000000000000000, 0.0000000000000000000 ) ) ;
#535 = CARTESIAN_POINT ( 'NONE',  ( 2.613423927233380400, -14.90000000000000400, -11.49734420724831800 ) ) ;
#536 = ORIENTED_EDGE ( 'NONE', *, *, #2373, .T. ) ;
#537 = DIRECTION ( 'NONE',  ( -1.000000000000000000, 0.0000000000000000000, 0.0000000000000000000 ) ) ;
#538 = SECURITY_CLASSIFICATION ( '', '', #1692 ) ;
#539 = ORIENTED_EDGE ( 'NONE', *, *, #2314, .T. ) ;
#540 = DIRECTION ( 'NONE',  ( -1.000000000000000000, 3.469446951953614200E-016, 0.0000000000000000000 ) ) ;
#541 = VERTEX_POINT ( 'NONE', #512 ) ;
#542 = CARTESIAN_POINT ( 'NONE',  ( 0.3645714472856093100, -14.90000000000000200, -9.813757470967503900 ) ) ;
#543 = VERTEX_POINT ( 'NONE', #1310 ) ;
#544 = EDGE_CURVE ( 'NONE', #1744, #841, #1467, .T. ) ;
#545 = LINE ( 'NONE', #2392, #116 ) ;
#546 = CARTESIAN_POINT ( 'NONE',  ( 2.456672209766543400, 22.10000000000000100, -11.19402144896324500 ) ) ;
#547 = VECTOR ( 'NONE', #1205, 1000.000000000000000 ) ;
#548 = ORIENTED_EDGE ( 'NONE', *, *, #1471, .F. ) ;
#549 = ORIENTED_EDGE ( 'NONE', *, *, #1987, .F. ) ;
#550 = CARTESIAN_POINT ( 'NONE',  ( -3.155515068921000300, -10.40000000000000200, -9.993525084684973700 ) ) ;
#551 = CARTESIAN_POINT ( 'NONE',  ( -2.727149969431011700, -14.90000000000000000, -11.82226027989926100 ) ) ;
#552 = CYLINDRICAL_SURFACE ( 'NONE', #2443, 1.599999999999999900 ) ;
#553 = LINE ( 'NONE', #1265, #921 ) ;
#554 = ORIENTED_EDGE ( 'NONE', *, *, #1053, .F. ) ;
#555 = EDGE_CURVE ( 'NONE', #979, #2206, #2356, .T. ) ;
#556 = EDGE_CURVE ( 'NONE', #115, #866, #888, .T. ) ;
#557 = CARTESIAN_POINT ( 'NONE',  ( -1.114907550611703900, -10.40000000000000200, -15.49106592511378200 ) ) ;
#558 = CARTESIAN_POINT ( 'NONE',  ( -0.2292864522724940000, 20.30000000000000100, -13.90000000000000400 ) ) ;
#559 = ORIENTED_EDGE ( 'NONE', *, *, #271, .F. ) ;
#560 = DIRECTION ( 'NONE',  ( 0.0000000000000000000, 0.0000000000000000000, 1.000000000000000000 ) ) ;
#561 = CARTESIAN_POINT ( 'NONE',  ( 0.3570783513019242800, -10.39999999999074000, -15.64414520761861200 ) ) ;
#562 = DIRECTION ( 'NONE',  ( -1.000000000000000000, -0.0000000000000000000, 0.0000000000000000000 ) ) ;
#563 = DIRECTION ( 'NONE',  ( 1.000000000000000000, -6.570922257487906300E-017, 0.0000000000000000000 ) ) ;
#564 = ORIENTED_EDGE ( 'NONE', *, *, #1471, .T. ) ;
#565 = DIRECTION ( 'NONE',  ( 1.000000000000000000, 1.495451272393799000E-016, -0.0000000000000000000 ) ) ;
#566 = ORIENTED_EDGE ( 'NONE', *, *, #2288, .F. ) ;
#567 = DIRECTION ( 'NONE',  ( 1.000000000000000000, -3.469446951953614200E-016, 0.0000000000000000000 ) ) ;
#568 = AXIS2_PLACEMENT_3D ( 'NONE', #1566, #402, #1753 ) ;
#569 = DIRECTION ( 'NONE',  ( 1.000000000000000000, 1.495451272393799000E-016, 0.0000000000000000000 ) ) ;
#570 = LINE ( 'NONE', #2417, #777 ) ;
#571 = CARTESIAN_POINT ( 'NONE',  ( -2.853140760533291700, -14.90000000000000200, -12.92295384332072500 ) ) ;
#572 = ORIENTED_EDGE ( 'NONE', *, *, #286, .F. ) ;
#573 = CIRCLE ( 'NONE', #1607, 0.8999999999999998000 ) ;
#574 = FACE_OUTER_BOUND ( 'NONE', #46, .T. ) ;
#575 = VECTOR ( 'NONE', #235, 1000.000000000000000 ) ;
#576 = DIRECTION ( 'NONE',  ( 0.0000000000000000000, 0.0000000000000000000, 1.000000000000000000 ) ) ;
#577 = CIRCLE ( 'NONE', #1434, 1.100000000000000300 ) ;
#578 = LINE ( 'NONE', #1844, #2192 ) ;
#579 = DIRECTION ( 'NONE',  ( 0.0000000000000000000, 0.4226182617406967800, 0.9063077870366512700 ) ) ;
#580 = ORIENTED_EDGE ( 'NONE', *, *, #145, .F. ) ;
#581 = DIRECTION ( 'NONE',  ( -1.000000000000000000, 4.180056568618813000E-016, -0.0000000000000000000 ) ) ;
#582 = ORIENTED_EDGE ( 'NONE', *, *, #145, .T. ) ;
#583 = DIRECTION ( 'NONE',  ( -1.000000000000000000, -1.577021341797097800E-016, 0.0000000000000000000 ) ) ;
#584 = AXIS2_PLACEMENT_3D ( 'NONE', #2275, #1902, #2451 ) ;
#585 = EDGE_CURVE ( 'NONE', #1932, #1408, #1945, .T. ) ;
#586 = DIRECTION ( 'NONE',  ( -1.000000000000000000, 0.0000000000000000000, 0.0000000000000000000 ) ) ;
#587 = B_SPLINE_CURVE_WITH_KNOTS ( 'NONE', 3,
 ( #802, #760, #814, #561, #2298, #1344, #360, #2311, #2112, #39, #768, #2170 ),
 .UNSPECIFIED., .F., .F.,
 ( 4, 2, 2, 2, 2, 4 ),
 ( 0.0000000000000000000, 5.100428372195349200E-005, 0.0007167401733631782000, 0.001382476063004403000, 0.002713947842286852200, 0.004045419621569301900 ),
 .UNSPECIFIED. ) ;
#588 = CARTESIAN_POINT ( 'NONE',  ( -4.150000000000004800, -10.39999999999999900, -3.050000000000000700 ) ) ;
#589 = ORIENTED_EDGE ( 'NONE', *, *, #1393, .T. ) ;
#590 = CARTESIAN_POINT ( 'NONE',  ( 0.0000000000000000000, 20.30000000000000100, -14.20000000000000500 ) ) ;
#591 = CARTESIAN_POINT ( 'NONE',  ( -3.449999999999999700, 20.10000000000000500, -9.054887682308118400 ) ) ;
#592 = ORIENTED_EDGE ( 'NONE', *, *, #437, .T. ) ;
#593 = DIRECTION ( 'NONE',  ( 1.000000000000000000, 0.0000000000000000000, 0.0000000000000000000 ) ) ;
#594 = ORIENTED_EDGE ( 'NONE', *, *, #31, .F. ) ;
#595 = EDGE_CURVE ( 'NONE', #2175, #2179, #364, .T. ) ;
#596 = ORIENTED_EDGE ( 'NONE', *, *, #1114, .T. ) ;
#597 = COORDINATED_UNIVERSAL_TIME_OFFSET ( 9, 0, .AHEAD. ) ;
#598 =( BOUNDED_CURVE ( )  B_SPLINE_CURVE ( 3, ( #1678, #510, #1246, #1690 ),
 .UNSPECIFIED., .F., .T. ) 
 B_SPLINE_CURVE_WITH_KNOTS ( ( 4, 4 ),
 ( 3.141592653589793100, 4.851573654547639300 ),
 .UNSPECIFIED. ) 
 CURVE ( )  GEOMETRIC_REPRESENTATION_ITEM ( )  RATIONAL_B_SPLINE_CURVE ( ( 1.000000000000000000, 0.7708171185143416500, 0.7708171185143416500, 1.000000000000000000 ) ) 
 REPRESENTATION_ITEM ( '' )  );
#599 = CARTESIAN_POINT ( 'NONE',  ( 0.3645714472856093100, -14.90000000000000200, -9.813757470967503900 ) ) ;
#600 = CARTESIAN_POINT ( 'NONE',  ( -3.450000000000000200, 20.10000000000000500, -12.69999999999999900 ) ) ;
#601 = DIRECTION ( 'NONE',  ( 3.469446951953614200E-016, 1.000000000000000000, -0.0000000000000000000 ) ) ;
#602 = AXIS2_PLACEMENT_3D ( 'NONE', #2501, #2313, #1561 ) ;
#603 = DIRECTION ( 'NONE',  ( 0.0000000000000000000, 1.000000000000000000, 0.0000000000000000000 ) ) ;
#604 = LINE ( 'NONE', #521, #2100 ) ;
#605 = ORIENTED_EDGE ( 'NONE', *, *, #2237, .T. ) ;
#606 = CARTESIAN_POINT ( 'NONE',  ( 2.365978103383263900, 20.98716073900018100, -12.28631015338974900 ) ) ;
#607 = FACE_OUTER_BOUND ( 'NONE', #1767, .T. ) ;
#608 = VECTOR ( 'NONE', #1638, 1000.000000000000000 ) ;
#609 = CARTESIAN_POINT ( 'NONE',  ( -4.999999999999999100, 20.10000000000000500, 0.0000000000000000000 ) ) ;
#610 = CARTESIAN_POINT ( 'NONE',  ( -3.295668061437271800, -10.40000000000000000, -10.26816408980474400 ) ) ;
#611 = DIRECTION ( 'NONE',  ( 0.0000000000000000000, 0.0000000000000000000, 1.000000000000000000 ) ) ;
#612 = ORIENTED_EDGE ( 'NONE', *, *, #634, .T. ) ;
#613 = CC_DESIGN_PERSON_AND_ORGANIZATION_ASSIGNMENT ( #1266, #1508, ( #1444 ) ) ;
#614 = ORIENTED_EDGE ( 'NONE', *, *, #417, .T. ) ;
#615 = CARTESIAN_POINT ( 'NONE',  ( -4.999999999999995600, -8.899999999999998600, 0.0000000000000000000 ) ) ;
#616 = DIRECTION ( 'NONE',  ( 0.0000000000000000000, 0.0000000000000000000, 1.000000000000000000 ) ) ;
#617 = EDGE_CURVE ( 'NONE', #1201, #543, #1426, .T. ) ;
#618 = CARTESIAN_POINT ( 'NONE',  ( -3.299999999999999800, 10.29999999999999700, -0.1000000000000000100 ) ) ;
#619 = EDGE_CURVE ( 'NONE', #2196, #1083, #1762, .T. ) ;
#620 = DIRECTION ( 'NONE',  ( 1.000000000000000000, 0.0000000000000000000, 0.0000000000000000000 ) ) ;
#621 = CARTESIAN_POINT ( 'NONE',  ( 0.0000000000000000000, 20.30000000000000100, -13.90000000000000400 ) ) ;
#622 = ORIENTED_EDGE ( 'NONE', *, *, #1848, .T. ) ;
#623 = DIRECTION ( 'NONE',  ( 1.000000000000000000, 1.495451272393799000E-016, -0.0000000000000000000 ) ) ;
#624 = VERTEX_POINT ( 'NONE', #209 ) ;
#625 = CARTESIAN_POINT ( 'NONE',  ( 8.673617379884035500E-016, 21.58035643556662500, -8.790301542703762300 ) ) ;
#626 = DIRECTION ( 'NONE',  ( -1.577021341797097800E-016, 1.000000000000000000, -0.0000000000000000000 ) ) ;
#627 = CARTESIAN_POINT ( 'NONE',  ( -2.989702400147853400, 21.31234189254658100, -12.13467569120310900 ) ) ;
#628 = ADVANCED_FACE ( 'NONE', ( #1921 ), #181, .F. ) ;
#629 = ORIENTED_EDGE ( 'NONE', *, *, #1470, .F. ) ;
#630 = ADVANCED_FACE ( 'NONE', ( #2221 ), #643, .F. ) ;
#631 = CARTESIAN_POINT ( 'NONE',  ( 1.058300524425836100, 20.30000000000000100, -14.50000000000000400 ) ) ;
#632 = LINE ( 'NONE', #2209, #2442 ) ;
#633 = PLANE ( 'NONE',  #476 ) ;
#634 = EDGE_CURVE ( 'NONE', #1911, #257, #1101, .T. ) ;
#635 = ORIENTED_EDGE ( 'NONE', *, *, #341, .T. ) ;
#636 = FACE_OUTER_BOUND ( 'NONE', #821, .T. ) ;
#637 = CARTESIAN_POINT ( 'NONE',  ( 0.0000000000000000000, 19.10000000000000100, -14.20000000000000500 ) ) ;
#638 = CARTESIAN_POINT ( 'NONE',  ( -3.449999999999999700, 20.10000000000000500, -9.054887682308118400 ) ) ;
#639 = VECTOR ( 'NONE', #2173, 1000.000000000000000 ) ;
#640 = VECTOR ( 'NONE', #73, 1000.000000000000000 ) ;
#641 = ORIENTED_EDGE ( 'NONE', *, *, #1484, .T. ) ;
#642 = CARTESIAN_POINT ( 'NONE',  ( -1.259109769979339400, 21.58035643556662500, -12.00969845729623000 ) ) ;
#643 = CYLINDRICAL_SURFACE ( 'NONE', #602, 0.5000000000000002200 ) ;
#644 = LINE ( 'NONE', #1085, #1427 ) ;
#645 = DIRECTION ( 'NONE',  ( 0.8910065241883709000, 0.0000000000000000000, 0.4539904997395408600 ) ) ;
#646 = DIRECTION ( 'NONE',  ( -1.000000000000000000, 0.0000000000000000000, 0.0000000000000000000 ) ) ;
#647 = CARTESIAN_POINT ( 'NONE',  ( -3.333535890729700600, -10.40000000000000200, -13.57806976819884600 ) ) ;
#648 = ADVANCED_FACE ( 'NONE', ( #1243, #1706 ), #1159, .T. ) ;
#649 = ORIENTED_EDGE ( 'NONE', *, *, #1795, .T. ) ;
#650 = ADVANCED_FACE ( 'NONE', ( #2390 ), #1734, .T. ) ;
#651 = DIRECTION ( 'NONE',  ( 0.0000000000000000000, 0.0000000000000000000, 1.000000000000000000 ) ) ;
#652 = CARTESIAN_POINT ( 'NONE',  ( -2.456648685959746300, 20.81945788793117600, -12.36451127713765500 ) ) ;
#653 = AXIS2_PLACEMENT_3D ( 'NONE', #1360, #769, #2130 ) ;
#654 = EDGE_CURVE ( 'NONE', #1366, #453, #123, .T. ) ;
#655 = PLANE ( 'NONE',  #2132 ) ;
#656 = PLANE ( 'NONE',  #750 ) ;
#657 = AXIS2_PLACEMENT_3D ( 'NONE', #590, #1173, #1574 ) ;
#658 = CARTESIAN_POINT ( 'NONE',  ( 3.299999999999999800, 10.29999999999999700, -0.1000000000000000100 ) ) ;
#659 = ORIENTED_EDGE ( 'NONE', *, *, #1722, .T. ) ;
#660 = ADVANCED_FACE ( 'NONE', ( #2125 ), #2320, .F. ) ;
#661 = ADVANCED_BREP_SHAPE_REPRESENTATION ( 'ex-43', ( #2044, #1018 ), #1708 ) ;
#662 = ORIENTED_EDGE ( 'NONE', *, *, #843, .F. ) ;
#663 = CARTESIAN_POINT ( 'NONE',  ( 0.5000000000000002200, 7.549999999999999800, -0.2000000000000000100 ) ) ;
#664 = CARTESIAN_POINT ( 'NONE',  ( -3.299999999999998900, -3.100000000000001900, 0.0000000000000000000 ) ) ;
#665 = LINE ( 'NONE', #240, #878 ) ;
#666 = PLANE ( 'NONE',  #2021 ) ;
#667 = CARTESIAN_POINT ( 'NONE',  ( 0.0000000000000000000, 19.05751333960710200, -13.45000000000000300 ) ) ;
#668 = FACE_OUTER_BOUND ( 'NONE', #2316, .T. ) ;
#669 = CIRCLE ( 'NONE', #324, 0.5000000000000000000 ) ;
#670 = EDGE_LOOP ( 'NONE', ( #539, #2412, #1788, #507, #1051, #374 ) ) ;
#671 = DIRECTION ( 'NONE',  ( 1.000000000000000000, -0.0000000000000000000, -0.0000000000000000000 ) ) ;
#672 = ADVANCED_FACE ( 'NONE', ( #267 ), #1555, .T. ) ;
#673 = VERTEX_POINT ( 'NONE', #919 ) ;
#674 = FACE_OUTER_BOUND ( 'NONE', #1345, .T. ) ;
#675 = EDGE_CURVE ( 'NONE', #1562, #805, #1892, .T. ) ;
#676 = CARTESIAN_POINT ( 'NONE',  ( 2.546538042214220100, 20.10000000000000500, -8.099999999999999600 ) ) ;
#677 = CARTESIAN_POINT ( 'NONE',  ( 3.708544771605272800, -10.39999999999074900, -12.25406817457576400 ) ) ;
#678 = PLANE ( 'NONE',  #1281 ) ;
#679 = ORIENTED_EDGE ( 'NONE', *, *, #2001, .T. ) ;
#680 = ORIENTED_EDGE ( 'NONE', *, *, #2128, .F. ) ;
#681 = VERTEX_POINT ( 'NONE', #1301 ) ;
#682 = DIRECTION ( 'NONE',  ( -1.000000000000000000, -2.098455817713880300E-016, 0.0000000000000000000 ) ) ;
#683 =( BOUNDED_CURVE ( )  B_SPLINE_CURVE ( 3, ( #498, #691, #274, #1453 ),
 .UNSPECIFIED., .F., .T. ) 
 B_SPLINE_CURVE_WITH_KNOTS ( ( 4, 4 ),
 ( 4.928191693115928800E-017, 1.479761548757480700 ),
 .UNSPECIFIED. ) 
 CURVE ( )  GEOMETRIC_REPRESENTATION_ITEM ( )  RATIONAL_B_SPLINE_CURVE ( ( 1.000000000000000000, 0.8256992972506643800, 0.8256992972506643800, 1.000000000000000000 ) ) 
 REPRESENTATION_ITEM ( '' )  );
#684 = CARTESIAN_POINT ( 'NONE',  ( -1.058300524425836100, 20.30000000000000100, -14.50000000000000400 ) ) ;
#685 = ADVANCED_FACE ( 'NONE', ( #1614 ), #2481, .T. ) ;
#686 = EDGE_CURVE ( 'NONE', #805, #1562, #577, .T. ) ;
#687 = CARTESIAN_POINT ( 'NONE',  ( 8.673617379884035500E-016, 20.30000000000000100, -12.60673846836897900 ) ) ;
#688 = EDGE_CURVE ( 'NONE', #1381, #1219, #1334, .T. ) ;
#689 = ORIENTED_EDGE ( 'NONE', *, *, #236, .T. ) ;
#690 = DIRECTION ( 'NONE',  ( 0.0000000000000000000, 0.0000000000000000000, 1.000000000000000000 ) ) ;
#691 = CARTESIAN_POINT ( 'NONE',  ( -2.456672209766544300, 22.10000000000000500, -11.19402144896324300 ) ) ;
#692 = CARTESIAN_POINT ( 'NONE',  ( 2.099999999999999200, 20.10000000000000500, -12.69999999999999900 ) ) ;
#693 = VERTEX_POINT ( 'NONE', #396 ) ;
#694 = DIRECTION ( 'NONE',  ( 1.000000000000000000, 1.495451272393799000E-016, 0.0000000000000000000 ) ) ;
#695 = CARTESIAN_POINT ( 'NONE',  ( 3.534766630084772200, -10.40000000000000200, -10.82372402327618500 ) ) ;
#696 = CARTESIAN_POINT ( 'NONE',  ( -2.171902422753822400, -14.90000000000000400, -14.50884514254415300 ) ) ;
#697 = ORIENTED_EDGE ( 'NONE', *, *, #654, .T. ) ;
#698 = PERSON_AND_ORGANIZATION ( #2150, #2350 ) ;
#699 = CARTESIAN_POINT ( 'NONE',  ( 2.100000000000000100, 20.30000000000000100, -14.19999999999999900 ) ) ;
#700 = CARTESIAN_POINT ( 'NONE',  ( -1.405908265364496300, -10.39999999999074900, -8.518634908109053300 ) ) ;
#701 = CARTESIAN_POINT ( 'NONE',  ( 0.0000000000000000000, 20.30000000000000100, -15.30000000000000400 ) ) ;
#702 = ORIENTED_EDGE ( 'NONE', *, *, #1723, .T. ) ;
#703 = AXIS2_PLACEMENT_3D ( 'NONE', #24, #611, #1755 ) ;
#704 = DIRECTION ( 'NONE',  ( -0.0000000000000000000, 1.000000000000000000, -0.0000000000000000000 ) ) ;
#705 = LINE ( 'NONE', #684, #1758 ) ;
#706 = LINE ( 'NONE', #2405, #1277 ) ;
#707 = CARTESIAN_POINT ( 'NONE',  ( 2.070482178368459700, -10.40000000000000000, -15.05587851128088200 ) ) ;
#708 = VECTOR ( 'NONE', #563, 1000.000000000000000 ) ;
#709 = CYLINDRICAL_SURFACE ( 'NONE', #856, 2.099999999999999600 ) ;
#710 = CARTESIAN_POINT ( 'NONE',  ( 2.720800987637667300, 21.57419285977704600, -9.461094794192103300 ) ) ;
#711 = AXIS2_PLACEMENT_3D ( 'NONE', #357, #1717, #560 ) ;
#712 = DIRECTION ( 'NONE',  ( 0.0000000000000000000, 1.000000000000000000, 0.0000000000000000000 ) ) ;
#713 = DIRECTION ( 'NONE',  ( 0.0000000000000000000, 0.0000000000000000000, 1.000000000000000000 ) ) ;
#714 = ORIENTED_EDGE ( 'NONE', *, *, #2106, .T. ) ;
#715 = DIRECTION ( 'NONE',  ( -1.000000000000000000, 0.0000000000000000000, 0.0000000000000000000 ) ) ;
#716 = CARTESIAN_POINT ( 'NONE',  ( 2.613423927233380400, -14.90000000000000400, -11.49734420724831800 ) ) ;
#717 = CARTESIAN_POINT ( 'NONE',  ( -2.669453406023820600, -10.40000000000000200, -14.52995838057142600 ) ) ;
#718 = CARTESIAN_POINT ( 'NONE',  ( -3.299999999999999800, 10.29999999999999700, -0.1000000000000000100 ) ) ;
#719 = DIRECTION ( 'NONE',  ( 1.000000000000000000, 1.495451272393799000E-016, -0.0000000000000000000 ) ) ;
#720 = CARTESIAN_POINT ( 'NONE',  ( 2.456672209766543900, 22.10000000000000100, -9.605978551036750800 ) ) ;
#721 = DIRECTION ( 'NONE',  ( 1.000000000000000000, 1.495451272393799000E-016, 0.0000000000000000000 ) ) ;
#722 = ORIENTED_EDGE ( 'NONE', *, *, #1822, .T. ) ;
#723 = AXIS2_PLACEMENT_3D ( 'NONE', #470, #1833, #2051 ) ;
#724 = CARTESIAN_POINT ( 'NONE',  ( -2.658171659422616800, -14.89999999999999900, -11.59499778244667700 ) ) ;
#725 = EDGE_CURVE ( 'NONE', #290, #1381, #1358, .T. ) ;
#726 = EDGE_LOOP ( 'NONE', ( #1327, #97, #48, #395, #1043, #564 ) ) ;
#727 = B_SPLINE_SURFACE_WITH_KNOTS ( 'NONE', 3, 1, ( 
 ( #1475, #1729 ),
 ( #1719, #1519 ),
 ( #952, #1340 ),
 ( #2307, #571 ),
 ( #1714, #2282 ),
 ( #1909, #190 ),
 ( #1760, #1590 ),
 ( #647, #1450 ),
 ( #869, #100 ),
 ( #456, #1524 ),
 ( #1328, #2110 ),
 ( #950, #156 ),
 ( #354, #1715 ),
 ( #2289, #159 ),
 ( #557, #1915 ),
 ( #1137, #2478 ),
 ( #2294, #365 ),
 ( #281, #477 ),
 ( #1255, #2049 ),
 ( #874, #1840 ),
 ( #2228, #1653 ),
 ( #1057, #486 ),
 ( #489, #1257 ),
 ( #2036, #2230 ),
 ( #1061, #2409 ),
 ( #1456, #282 ),
 ( #2441, #2264 ),
 ( #322, #1691 ),
 ( #1286, #117 ),
 ( #1873, #716 ),
 ( #695, #1032 ),
 ( #1621, #1814 ),
 ( #1937, #800 ),
 ( #836, #1818 ),
 ( #2357, #1398 ),
 ( #221, #288 ),
 ( #509, #861 ),
 ( #993, #1826 ),
 ( #1052, #599 ),
 ( #789, #782 ),
 ( #940, #1336 ),
 ( #955, #1530 ),
 ( #1329, #366 ),
 ( #167, #2115 ),
 ( #2309, #2290 ),
 ( #176, #1536 ),
 ( #1916, #2111 ),
 ( #376, #2484 ),
 ( #550, #372 ),
 ( #2303, #160 ) ),
 .UNSPECIFIED., .T., .F., .F.,
 ( 4, 2, 2, 2, 2, 2, 2, 2, 2, 2, 2, 2, 2, 2, 2, 2, 2, 2, 2, 2, 2, 2, 2, 2, 4 ),
 ( 2, 2 ),
 ( 0.0000000000000000000, 0.06250000000000000000, 0.1250000000000000000, 0.1562500000000000000, 0.1875000000000000000, 0.2187500000000000000, 0.2500000000000000000, 0.2812500000000000000, 0.3125000000000000000, 0.3437500000000000000, 0.3750000000000000000, 0.4375000000000000000, 0.5000000000000000000, 0.5625000000000000000, 0.6250000000000000000, 0.6562500000000000000, 0.6875000000000000000, 0.7187500000000000000, 0.7500000000000000000, 0.7812500000000000000, 0.8125000000000000000, 0.8437500000000000000, 0.8750000000000000000, 0.9375000000000000000, 1.000000000000000000 ),
 ( 0.0000000000000000000, 1.000000000000000000 ),
 .UNSPECIFIED. ) ;
#728 = CARTESIAN_POINT ( 'NONE',  ( -1.100000000000000300, 19.70000000000000300, -13.90000000000000400 ) ) ;
#729 = DIRECTION ( 'NONE',  ( 1.000000000000000000, -0.0000000000000000000, 0.0000000000000000000 ) ) ;
#730 = CARTESIAN_POINT ( 'NONE',  ( 1.114907550611694100, -10.40000000000000200, -8.408934074886225600 ) ) ;
#731 = VECTOR ( 'NONE', #1674, 1000.000000000000000 ) ;
#732 = LINE ( 'NONE', #2220, #2450 ) ;
#733 = LINE ( 'NONE', #1598, #195 ) ;
#734 = EDGE_LOOP ( 'NONE', ( #2486, #566, #1060, #697 ) ) ;
#735 = CARTESIAN_POINT ( 'NONE',  ( 0.0000000000000000000, 20.30000000000000100, -14.19999999999999900 ) ) ;
#736 = LINE ( 'NONE', #189, #974 ) ;
#737 = LINE ( 'NONE', #830, #2475 ) ;
#738 = CARTESIAN_POINT ( 'NONE',  ( -2.808243568348993200, -14.89999999999999900, -13.26698303123065300 ) ) ;
#739 = EDGE_CURVE ( 'NONE', #2258, #1447, #199, .T. ) ;
#740 = CARTESIAN_POINT ( 'NONE',  ( 1.055002217553323600, -14.90000000000000600, -9.991828340577397300 ) ) ;
#741 = ORIENTED_EDGE ( 'NONE', *, *, #2263, .T. ) ;
#742 = ORIENTED_EDGE ( 'NONE', *, *, #2410, .T. ) ;
#743 = VERTEX_POINT ( 'NONE', #980 ) ;
#744 = DIRECTION ( 'NONE',  ( 0.0000000000000000000, 1.000000000000000000, 0.0000000000000000000 ) ) ;
#745 = CARTESIAN_POINT ( 'NONE',  ( -2.220085422600240700, -14.90000000000000200, -10.83722954669988600 ) ) ;
#746 = CC_DESIGN_PERSON_AND_ORGANIZATION_ASSIGNMENT ( #222, #342, ( #1444 ) ) ;
#747 = ORIENTED_EDGE ( 'NONE', *, *, #371, .F. ) ;
#748 = DIRECTION ( 'NONE',  ( 0.4539904997395408600, -0.0000000000000000000, -0.8910065241883709000 ) ) ;
#749 = ORIENTED_EDGE ( 'NONE', *, *, #989, .T. ) ;
#750 = AXIS2_PLACEMENT_3D ( 'NONE', #75, #1225, #1401 ) ;
#751 = CARTESIAN_POINT ( 'NONE',  ( 0.0000000000000000000, 19.70000000000000300, 0.0000000000000000000 ) ) ;
#752 = EDGE_CURVE ( 'NONE', #1927, #2165, #736, .T. ) ;
#753 = DIRECTION ( 'NONE',  ( 1.000000000000000000, 0.0000000000000000000, 0.0000000000000000000 ) ) ;
#754 = ORIENTED_EDGE ( 'NONE', *, *, #2399, .T. ) ;
#755 = LINE ( 'NONE', #2020, #907 ) ;
#756 = VERTEX_POINT ( 'NONE', #1362 ) ;
#757 = CARTESIAN_POINT ( 'NONE',  ( 0.0000000000000000000, 21.19999999999999900, -9.605978551036749000 ) ) ;
#758 = VECTOR ( 'NONE', #1436, 1000.000000000000000 ) ;
#759 = CIRCLE ( 'NONE', #531, 0.8999999999999998000 ) ;
#760 = CARTESIAN_POINT ( 'NONE',  ( 0.02241594858390296600, -10.39999999999074400, -15.64999672330722200 ) ) ;
#761 = ORIENTED_EDGE ( 'NONE', *, *, #2347, .F. ) ;
#762 = FACE_OUTER_BOUND ( 'NONE', #2102, .T. ) ;
#763 = ORIENTED_EDGE ( 'NONE', *, *, #309, .T. ) ;
#764 = CARTESIAN_POINT ( 'NONE',  ( 0.0000000000000000000, 21.58035643556662500, -8.790301542703762300 ) ) ;
#765 = ORIENTED_EDGE ( 'NONE', *, *, #1560, .T. ) ;
#766 = DIRECTION ( 'NONE',  ( 0.0000000000000000000, 1.000000000000000000, 0.0000000000000000000 ) ) ;
#767 = VERTEX_POINT ( 'NONE', #378 ) ;
#768 = CARTESIAN_POINT ( 'NONE',  ( 3.155515068921909400, -10.39999999999074200, -13.90647491531561300 ) ) ;
#769 = DIRECTION ( 'NONE',  ( -1.000000000000000000, -1.196361017915039500E-016, 0.0000000000000000000 ) ) ;
#770 = DIRECTION ( 'NONE',  ( -0.0000000000000000000, 1.000000000000000000, -0.0000000000000000000 ) ) ;
#771 = ORIENTED_EDGE ( 'NONE', *, *, #1589, .T. ) ;
#772 = ORIENTED_EDGE ( 'NONE', *, *, #1578, .T. ) ;
#773 = EDGE_CURVE ( 'NONE', #2467, #2480, #2079, .T. ) ;
#774 = CARTESIAN_POINT ( 'NONE',  ( 2.559872152035881100, 20.46131791394261500, -8.268485310300041700 ) ) ;
#775 = DIRECTION ( 'NONE',  ( 0.0000000000000000000, 0.0000000000000000000, 1.000000000000000000 ) ) ;
#776 = AXIS2_PLACEMENT_3D ( 'NONE', #1938, #569, #1748 ) ;
#777 = VECTOR ( 'NONE', #1059, 1000.000000000000000 ) ;
#778 = LINE ( 'NONE', #1127, #1637 ) ;
#779 = LINE ( 'NONE', #306, #1305 ) ;
#780 = FACE_OUTER_BOUND ( 'NONE', #1339, .T. ) ;
#781 = CARTESIAN_POINT ( 'NONE',  ( 0.0000000000000000000, 20.30000000000000100, -12.60673846836897900 ) ) ;
#782 = CARTESIAN_POINT ( 'NONE',  ( -0.1026267440409775700, -14.90000000000000700, -9.792264572239735900 ) ) ;
#783 = CYLINDRICAL_SURFACE ( 'NONE', #2504, 2.099999999999999600 ) ;
#784 = FACE_OUTER_BOUND ( 'NONE', #832, .T. ) ;
#785 = CARTESIAN_POINT ( 'NONE',  ( -4.150000000000004800, -10.39999999999999900, -3.050000000000000700 ) ) ;
#786 = CARTESIAN_POINT ( 'NONE',  ( -2.546538042214221000, 20.10000000000000500, -8.099999999999999600 ) ) ;
#787 = CARTESIAN_POINT ( 'NONE',  ( 1.259109769979337200, 22.10000000000000100, -11.19402144896324300 ) ) ;
#788 = EDGE_LOOP ( 'NONE', ( #330, #614, #1198, #147 ) ) ;
#789 = CARTESIAN_POINT ( 'NONE',  ( 0.5227839373669207500, -10.40000000000000200, -8.274559388693107900 ) ) ;
#790 = VERTEX_POINT ( 'NONE', #2505 ) ;
#791 = CARTESIAN_POINT ( 'NONE',  ( -3.300000000000000300, 3.099999999999997900, -0.1000000000000000100 ) ) ;
#792 = DIRECTION ( 'NONE',  ( 1.000000000000000000, 0.0000000000000000000, 0.0000000000000000000 ) ) ;
#793 = EDGE_CURVE ( 'NONE', #517, #453, #458, .T. ) ;
#794 = B_SPLINE_CURVE_WITH_KNOTS ( 'NONE', 1,
 ( #446, #2364 ),
 .UNSPECIFIED., .F., .F.,
 ( 2, 2 ),
 ( 0.0000000000000000000, 1.000000000000000000 ),
 .UNSPECIFIED. ) ;
#795 = CARTESIAN_POINT ( 'NONE',  ( 2.559872152035884300, 20.46131791394231300, -12.53151468970009000 ) ) ;
#796 = CARTESIAN_POINT ( 'NONE',  ( 2.664240493498146700, 20.94018883505984300, -12.30821351191525000 ) ) ;
#797 = CARTESIAN_POINT ( 'NONE',  ( 0.0000000000000000000, 20.10000000000000500, -14.19999999999999900 ) ) ;
#798 = CARTESIAN_POINT ( 'NONE',  ( 0.2292864522724894200, 19.70000000000000300, -13.90000000000000400 ) ) ;
#799 = ORIENTED_EDGE ( 'NONE', *, *, #526, .F. ) ;
#800 = CARTESIAN_POINT ( 'NONE',  ( 2.171902422753807300, -14.90000000000000200, -10.79115485745585600 ) ) ;
#801 = CARTESIAN_POINT ( 'NONE',  ( -4.999999999999995600, -8.899999999999998600, -18.00000000000000000 ) ) ;
#802 = CARTESIAN_POINT ( 'NONE',  ( 8.194776640455213300E-005, -10.40000000000000000, -15.64999642362279500 ) ) ;
#803 = EDGE_CURVE ( 'NONE', #2267, #1108, #2302, .T. ) ;
#804 = CALENDAR_DATE ( 2021, 2, 6 ) ;
#805 = VERTEX_POINT ( 'NONE', #2490 ) ;
#806 = PLANE ( 'NONE',  #1481 ) ;
#807 = LINE ( 'NONE', #658, #1089 ) ;
#808 = CARTESIAN_POINT ( 'NONE',  ( -3.299999999999998900, 4.799999999999998000, -0.1000000000000000100 ) ) ;
#809 = CARTESIAN_POINT ( 'NONE',  ( -3.409705487821350600, 20.55601802965028200, -12.48735530051733600 ) ) ;
#810 = VERTEX_POINT ( 'NONE', #786 ) ;
#811 = CARTESIAN_POINT ( 'NONE',  ( 3.300000000000000700, -3.100000000000002300, -0.1000000000000000100 ) ) ;
#812 = CYLINDRICAL_SURFACE ( 'NONE', #457, 2.200000000000000200 ) ;
#813 = CIRCLE ( 'NONE', #2336, 0.8999999999999998000 ) ;
#814 = CARTESIAN_POINT ( 'NONE',  ( 0.04470048749644973300, -10.39999999999074400, -15.64979677394682300 ) ) ;
#815 = ADVANCED_FACE ( 'NONE', ( #949 ), #1279, .T. ) ;
#816 = FACE_OUTER_BOUND ( 'NONE', #1047, .T. ) ;
#817 = CARTESIAN_POINT ( 'NONE',  ( -1.259109769979336100, 21.58035643556662500, -8.790301542703762300 ) ) ;
#818 = CARTESIAN_POINT ( 'NONE',  ( -3.299999999999998900, 4.799999999999998000, 0.0000000000000000000 ) ) ;
#819 = CARTESIAN_POINT ( 'NONE',  ( 5.000000000000003600, -4.299999999999994500, -2.999999999999997300 ) ) ;
#820 = AXIS2_PLACEMENT_3D ( 'NONE', #1584, #1963, #792 ) ;
#821 = EDGE_LOOP ( 'NONE', ( #2299, #1407, #1931, #79 ) ) ;
#822 = CARTESIAN_POINT ( 'NONE',  ( 0.0000000000000000000, 21.58035643556662500, -12.00969845729623000 ) ) ;
#823 = CARTESIAN_POINT ( 'NONE',  ( -4.240667388863785500E-015, -10.40000000000000000, -5.121909215745840800E-031 ) ) ;
#824 = PLANE ( 'NONE',  #305 ) ;
#825 = DIRECTION ( 'NONE',  ( -0.0000000000000000000, 1.000000000000000000, 0.0000000000000000000 ) ) ;
#826 = AXIS2_PLACEMENT_3D ( 'NONE', #961, #178, #1169 ) ;
#827 = DIRECTION ( 'NONE',  ( 1.000000000000000000, -0.0000000000000000000, -0.0000000000000000000 ) ) ;
#828 = ADVANCED_FACE ( 'NONE', ( #762 ), #1727, .T. ) ;
#829 = ADVANCED_FACE ( 'NONE', ( #2013 ), #1930, .T. ) ;
#830 = CARTESIAN_POINT ( 'NONE',  ( -4.999999999999999100, 20.10000000000000500, -18.00000000000000000 ) ) ;
#831 = DIRECTION ( 'NONE',  ( 0.0000000000000000000, 1.000000000000000000, 0.0000000000000000000 ) ) ;
#832 = EDGE_LOOP ( 'NONE', ( #6, #1626, #2205, #536 ) ) ;
#833 = EDGE_LOOP ( 'NONE', ( #1641, #109, #2048, #891, #2119, #71, #1469, #99 ) ) ;
#834 = DIRECTION ( 'NONE',  ( -1.000000000000000000, -0.0000000000000000000, -0.0000000000000000000 ) ) ;
#835 = DIRECTION ( 'NONE',  ( 1.196361017915039500E-016, -1.000000000000000000, 0.0000000000000000000 ) ) ;
#836 = CARTESIAN_POINT ( 'NONE',  ( 2.868876246604139500, -10.40000000000000400, -9.595480336542619800 ) ) ;
#837 = LINE ( 'NONE', #2323, #2214 ) ;
#838 = CARTESIAN_POINT ( 'NONE',  ( 8.673617379884035500E-016, 21.19999999999999900, -9.605978551036749000 ) ) ;
#839 = AXIS2_PLACEMENT_3D ( 'NONE', #1989, #844, #2194 ) ;
#840 = ADVANCED_FACE ( 'NONE', ( #816 ), #237, .T. ) ;
#841 = VERTEX_POINT ( 'NONE', #1545 ) ;
#842 = LINE ( 'NONE', #2060, #731 ) ;
#843 = EDGE_CURVE ( 'NONE', #1825, #951, #174, .T. ) ;
#844 = DIRECTION ( 'NONE',  ( -0.0000000000000000000, 0.0000000000000000000, 1.000000000000000000 ) ) ;
#845 = LINE ( 'NONE', #854, #2276 ) ;
#846 = FACE_OUTER_BOUND ( 'NONE', #1420, .T. ) ;
#847 = VECTOR ( 'NONE', #770, 1000.000000000000000 ) ;
#848 = VECTOR ( 'NONE', #1239, 1000.000000000000000 ) ;
#849 = ORIENTED_EDGE ( 'NONE', *, *, #1022, .T. ) ;
#850 = VERTEX_POINT ( 'NONE', #970 ) ;
#851 = CARTESIAN_POINT ( 'NONE',  ( -2.727165843961304700, -14.90000000000000000, -11.82225546420374200 ) ) ;
#852 = DIRECTION ( 'NONE',  ( 1.000000000000000000, -0.0000000000000000000, 0.0000000000000000000 ) ) ;
#853 = ORIENTED_EDGE ( 'NONE', *, *, #1951, .T. ) ;
#854 = CARTESIAN_POINT ( 'NONE',  ( 4.149999999999995900, -10.40000000000000200, -3.050000000000000700 ) ) ;
#855 = ADVANCED_FACE ( 'NONE', ( #1495 ), #184, .F. ) ;
#856 = AXIS2_PLACEMENT_3D ( 'NONE', #2374, #81, #2197 ) ;
#857 = ORIENTED_EDGE ( 'NONE', *, *, #1926, .F. ) ;
#858 = EDGE_CURVE ( 'NONE', #898, #1837, #1354, .T. ) ;
#859 = CARTESIAN_POINT ( 'NONE',  ( 0.0000000000000000000, 19.10000000000000100, -15.30000000000000400 ) ) ;
#860 = ORIENTED_EDGE ( 'NONE', *, *, #1073, .T. ) ;
#861 = CARTESIAN_POINT ( 'NONE',  ( 1.055002217553323600, -14.90000000000000600, -9.991828340577397300 ) ) ;
#862 = CARTESIAN_POINT ( 'NONE',  ( -3.300000000000000300, 3.099999999999997900, -0.1000000000000000100 ) ) ;
#863 = AXIS2_PLACEMENT_3D ( 'NONE', #1370, #1579, #1185 ) ;
#864 = CARTESIAN_POINT ( 'NONE',  ( -2.100000000000000100, 20.30000000000000100, -14.19999999999999900 ) ) ;
#865 = DIRECTION ( 'NONE',  ( 0.0000000000000000000, -0.9063077870366511600, 0.4226182617406967200 ) ) ;
#866 = VERTEX_POINT ( 'NONE', #406 ) ;
#867 = DIRECTION ( 'NONE',  ( -1.000000000000000000, 0.0000000000000000000, 0.0000000000000000000 ) ) ;
#868 = CARTESIAN_POINT ( 'NONE',  ( -3.333535890729700600, -10.40000000000000200, -13.57806976819884600 ) ) ;
#869 = CARTESIAN_POINT ( 'NONE',  ( -3.200874711563752100, -10.40000000000000200, -13.82846076477755700 ) ) ;
#870 = ADVANCED_FACE ( 'NONE', ( #2246 ), #1378, .T. ) ;
#871 = EDGE_LOOP ( 'NONE', ( #1455, #2062, #310, #1017, #441, #2139 ) ) ;
#872 = CARTESIAN_POINT ( 'NONE',  ( 3.111140529799167400, 20.10000000000000900, -12.49903292998909000 ) ) ;
#873 = DIRECTION ( 'NONE',  ( 1.000000000000000000, 0.0000000000000000000, 0.0000000000000000000 ) ) ;
#874 = CARTESIAN_POINT ( 'NONE',  ( 1.162080878002207200, -10.39999999999999900, -15.47315777930646900 ) ) ;
#875 = DIRECTION ( 'NONE',  ( 0.0000000000000000000, 0.0000000000000000000, 1.000000000000000000 ) ) ;
#876 = CC_DESIGN_APPROVAL ( #1966, ( #538 ) ) ;
#877 = DIRECTION ( 'NONE',  ( 0.0000000000000000000, 1.000000000000000000, 0.0000000000000000000 ) ) ;
#878 = VECTOR ( 'NONE', #1603, 1000.000000000000000 ) ;
#879 = VERTEX_POINT ( 'NONE', #2160 ) ;
#880 = CARTESIAN_POINT ( 'NONE',  ( 2.796128279439395600, -14.89999999999999900, -13.25047722264816700 ) ) ;
#881 = AXIS2_PLACEMENT_3D ( 'NONE', #667, #2426, #106 ) ;
#882 = CYLINDRICAL_SURFACE ( 'NONE', #213, 1.599999999999999900 ) ;
#883 = FACE_BOUND ( 'NONE', #2066, .T. ) ;
#884 = EDGE_CURVE ( 'NONE', #1629, #2335, #455, .T. ) ;
#885 = CARTESIAN_POINT ( 'NONE',  ( -2.572373022535241500, 20.27112490500751500, -8.179796853706061900 ) ) ;
#886 = CARTESIAN_POINT ( 'NONE',  ( -2.070482178368630200, -10.39999999999074900, -8.844121488715558100 ) ) ;
#887 = CARTESIAN_POINT ( 'NONE',  ( -0.5000000000000002200, 7.549999999999999800, -0.1000000000000000100 ) ) ;
#888 = LINE ( 'NONE', #1770, #2502 ) ;
#889 = EDGE_LOOP ( 'NONE', ( #918, #689, #1912, #1335, #998 ) ) ;
#890 = CARTESIAN_POINT ( 'NONE',  ( 8.673617379884035500E-016, 22.10000000000000100, -9.605978551036749000 ) ) ;
#891 = ORIENTED_EDGE ( 'NONE', *, *, #897, .F. ) ;
#892 = VERTEX_POINT ( 'NONE', #18 ) ;
#893 = CARTESIAN_POINT ( 'NONE',  ( 2.546538042214217900, 20.10000000000000500, -12.69999999999999900 ) ) ;
#894 = CC_DESIGN_PERSON_AND_ORGANIZATION_ASSIGNMENT ( #1485, #514, ( #8 ) ) ;
#895 = CARTESIAN_POINT ( 'NONE',  ( 0.0000000000000000000, 7.549999999999999800, -0.2000000000000000100 ) ) ;
#896 = CARTESIAN_POINT ( 'NONE',  ( -5.169475958410885100E-015, -14.90000000000000000, -12.65000000000000900 ) ) ;
#897 = EDGE_CURVE ( 'NONE', #693, #120, #333, .T. ) ;
#898 = VERTEX_POINT ( 'NONE', #411 ) ;
#899 = CARTESIAN_POINT ( 'NONE',  ( -2.989702400147749900, 21.31234189254694300, -8.665324308796542100 ) ) ;
#900 = APPLICATION_PROTOCOL_DEFINITION ( 'international standard', 'config_control_design', 1994, #2072 ) ;
#901 = ORIENTED_EDGE ( 'NONE', *, *, #172, .T. ) ;
#902 = DIRECTION ( 'NONE',  ( -0.0000000000000000000, -1.000000000000000000, -0.0000000000000000000 ) ) ;
#903 = APPROVAL_PERSON_ORGANIZATION ( #1414, #1966, #1683 ) ;
#904 = CARTESIAN_POINT ( 'NONE',  ( 3.435821053953535200, -10.40000000000000000, -13.35719690507549200 ) ) ;
#905 =( BOUNDED_SURFACE ( )  B_SPLINE_SURFACE ( 3, 2, ( 
 ( #2500, #11, #394 ),
 ( #1365, #23, #1374 ),
 ( #197, #999, #774 ),
 ( #1188, #375, #1164 ),
 ( #32, #1356, #1742 ),
 ( #710, #1693, #125 ),
 ( #1688, #1303, #138 ),
 ( #1095, #518, #530 ),
 ( #2080, #2428, #906 ),
 ( #1294, #1506, #336 ) ),
 .UNSPECIFIED., .F., .F., .T. ) 
 B_SPLINE_SURFACE_WITH_KNOTS ( ( 4, 2, 2, 2, 4 ),
 ( 3, 3 ),
 ( 4.562944420215990800, 4.993004641956890300, 5.423064863697789000, 5.853125085438687600, 6.283185307179586200 ),
 ( 0.0000000000000000000, 1.000000000000000000 ),
 .UNSPECIFIED. ) 
 GEOMETRIC_REPRESENTATION_ITEM ( )  RATIONAL_B_SPLINE_SURFACE ( (
 ( 1.000000000000000000, 0.6844986592741847400, 1.000000000000000000),
 ( 1.000000000000000000, 0.7063975334766727800, 1.000000000000000000),
 ( 1.000000000000000000, 0.7278692839316137600, 1.000000000000000000),
 ( 1.000000000000000000, 0.7668166218779483000, 1.000000000000000000),
 ( 1.000000000000000000, 0.7842795706059609900, 1.000000000000000000),
 ( 1.000000000000000000, 0.8130265436250035900, 1.000000000000000000),
 ( 1.000000000000000000, 0.8243152408792815400, 1.000000000000000000),
 ( 1.000000000000000000, 0.8394965962671705500, 1.000000000000000000),
 ( 1.000000000000000000, 0.8434039715424678200, 1.000000000000000000),
 ( 1.000000000000000000, 0.8433914458128847200, 1.000000000000000000) ) ) 
 REPRESENTATION_ITEM ( '' )  SURFACE ( )  );
#906 = CARTESIAN_POINT ( 'NONE',  ( 1.445517432001973900, 21.58035643554572800, -8.790301542694017200 ) ) ;
#907 = VECTOR ( 'NONE', #1810, 1000.000000000000000 ) ;
#908 = DIRECTION ( 'NONE',  ( 0.0000000000000000000, 1.000000000000000000, 0.0000000000000000000 ) ) ;
#909 = DIRECTION ( 'NONE',  ( -0.0000000000000000000, 1.000000000000000000, -0.0000000000000000000 ) ) ;
#910 =( NAMED_UNIT ( * ) PLANE_ANGLE_UNIT ( ) SI_UNIT ( $, .RADIAN. ) );
#911 = ORIENTED_EDGE ( 'NONE', *, *, #2346, .F. ) ;
#912 = VECTOR ( 'NONE', #1716, 1000.000000000000000 ) ;
#913 = AXIS2_PLACEMENT_3D ( 'NONE', #1004, #1, #2329 ) ;
#914 = PLANE ( 'NONE',  #1685 ) ;
#915 = EDGE_CURVE ( 'NONE', #2480, #1201, #917, .T. ) ;
#916 = LINE ( 'NONE', #1860, #387 ) ;
#917 = LINE ( 'NONE', #203, #363 ) ;
#918 = ORIENTED_EDGE ( 'NONE', *, *, #976, .T. ) ;
#919 = CARTESIAN_POINT ( 'NONE',  ( -3.300000000000000300, 3.099999999999997900, -0.1000000000000000100 ) ) ;
#920 = VECTOR ( 'NONE', #1553, 1000.000000000000000 ) ;
#921 = VECTOR ( 'NONE', #98, 1000.000000000000000 ) ;
#922 = ORIENTED_EDGE ( 'NONE', *, *, #1183, .F. ) ;
#923 = AXIS2_PLACEMENT_3D ( 'NONE', #169, #386, #1532 ) ;
#924 = EDGE_LOOP ( 'NONE', ( #2186, #2101, #761, #749 ) ) ;
#925 = DIRECTION ( 'NONE',  ( 0.0000000000000000000, -1.000000000000000000, 0.0000000000000000000 ) ) ;
#926 = APPLICATION_PROTOCOL_DEFINITION ( 'international standard', 'config_control_design', 1994, #2067 ) ;
#927 = EDGE_LOOP ( 'NONE', ( #959, #1117, #328, #179 ) ) ;
#928 = CARTESIAN_POINT ( 'NONE',  ( 2.171902422753807300, -14.90000000000000200, -10.79115485745585600 ) ) ;
#929 = ORIENTED_EDGE ( 'NONE', *, *, #309, .F. ) ;
#930 = PLANE ( 'NONE',  #1652 ) ;
#931 = AXIS2_PLACEMENT_3D ( 'NONE', #1079, #1466, #2401 ) ;
#932 = CARTESIAN_POINT ( 'NONE',  ( 3.300000000000000700, 3.099999999999997900, 0.0000000000000000000 ) ) ;
#933 = CARTESIAN_POINT ( 'NONE',  ( -2.100000000000000500, 20.10000000000000500, -12.69999999999999900 ) ) ;
#934 = ORIENTED_EDGE ( 'NONE', *, *, #2472, .F. ) ;
#935 = AXIS2_PLACEMENT_3D ( 'NONE', #2201, #825, #436 ) ;
#936 = CARTESIAN_POINT ( 'NONE',  ( 2.213203557831497500, -10.40000000000000400, -8.969413355727626300 ) ) ;
#937 = EDGE_CURVE ( 'NONE', #790, #2054, #2277, .T. ) ;
#938 = VERTEX_POINT ( 'NONE', #615 ) ;
#939 = EDGE_LOOP ( 'NONE', ( #1071, #1343, #231, #941 ) ) ;
#940 = CARTESIAN_POINT ( 'NONE',  ( 0.2232188408828740800, -10.40000000000000200, -8.245356007250919100 ) ) ;
#941 = ORIENTED_EDGE ( 'NONE', *, *, #416, .T. ) ;
#942 = DIRECTION ( 'NONE',  ( 0.0000000000000000000, 0.0000000000000000000, -1.000000000000000000 ) ) ;
#943 = FACE_BOUND ( 'NONE', #1992, .T. ) ;
#944 = ORIENTED_EDGE ( 'NONE', *, *, #1872, .F. ) ;
#945 = FACE_OUTER_BOUND ( 'NONE', #1866, .T. ) ;
#946 = CIRCLE ( 'NONE', #424, 1.199999999999999700 ) ;
#947 = EDGE_CURVE ( 'NONE', #1447, #2258, #1034, .T. ) ;
#948 = EDGE_CURVE ( 'NONE', #879, #474, #759, .T. ) ;
#949 = FACE_OUTER_BOUND ( 'NONE', #103, .T. ) ;
#950 = CARTESIAN_POINT ( 'NONE',  ( -2.213203557831508100, -10.40000000000000000, -14.93058664427237800 ) ) ;
#951 = VERTEX_POINT ( 'NONE', #1720 ) ;
#952 = CARTESIAN_POINT ( 'NONE',  ( -3.560966016065387800, -10.40000000000000200, -10.87051734140598000 ) ) ;
#953 = DIRECTION ( 'NONE',  ( -0.0000000000000000000, 1.000000000000000000, -0.0000000000000000000 ) ) ;
#954 = ORIENTED_EDGE ( 'NONE', *, *, #2163, .T. ) ;
#955 = CARTESIAN_POINT ( 'NONE',  ( -0.3570783513027875900, -10.40000000000000200, -8.255854792381892800 ) ) ;
#956 = CARTESIAN_POINT ( 'NONE',  ( 3.300000000000000700, 4.799999999999998000, -0.1000000000000000100 ) ) ;
#957 = ORIENTED_EDGE ( 'NONE', *, *, #803, .T. ) ;
#958 = DIRECTION ( 'NONE',  ( -1.000000000000000000, -0.0000000000000000000, -0.0000000000000000000 ) ) ;
#959 = ORIENTED_EDGE ( 'NONE', *, *, #1666, .F. ) ;
#960 = AXIS2_PLACEMENT_3D ( 'NONE', #7, #1757, #593 ) ;
#961 = CARTESIAN_POINT ( 'NONE',  ( 0.0000000000000000000, 7.549999999999999800, -0.2000000000000000100 ) ) ;
#962 = CARTESIAN_POINT ( 'NONE',  ( -3.449999999999999700, 20.10000000000000500, -8.099999999999999600 ) ) ;
#963 = COORDINATED_UNIVERSAL_TIME_OFFSET ( 9, 0, .AHEAD. ) ;
#964 = CIRCLE ( 'NONE', #1297, 2.850000000000000100 ) ;
#965 = CARTESIAN_POINT ( 'NONE',  ( -2.100000000000000100, 20.30000000000000100, -12.60673846836897900 ) ) ;
#966 = VERTEX_POINT ( 'NONE', #2178 ) ;
#967 = FACE_OUTER_BOUND ( 'NONE', #1029, .T. ) ;
#968 = CARTESIAN_POINT ( 'NONE',  ( -4.150000000000002100, -8.899999999999998600, -15.65000000000000000 ) ) ;
#969 = ORIENTED_EDGE ( 'NONE', *, *, #1645, .T. ) ;
#970 = CARTESIAN_POINT ( 'NONE',  ( 3.299999999999999800, 10.29999999999999700, -0.1000000000000000100 ) ) ;
#971 = VECTOR ( 'NONE', #1812, 1000.000000000000000 ) ;
#972 = LINE ( 'NONE', #962, #519 ) ;
#973 = CARTESIAN_POINT ( 'NONE',  ( 1.631723329930394800, 21.53967727049093400, -12.02866746349837600 ) ) ;
#974 = VECTOR ( 'NONE', #2137, 1000.000000000000000 ) ;
#975 = VECTOR ( 'NONE', #1646, 1000.000000000000000 ) ;
#976 = EDGE_CURVE ( 'NONE', #2470, #2154, #587, .T. ) ;
#977 = CARTESIAN_POINT ( 'NONE',  ( 8.673617379884035500E-016, 22.10000000000000100, -11.19402144896324300 ) ) ;
#978 = EDGE_CURVE ( 'NONE', #841, #1081, #2386, .T. ) ;
#979 = VERTEX_POINT ( 'NONE', #1156 ) ;
#980 = CARTESIAN_POINT ( 'NONE',  ( -0.2292864522724940000, 19.70000000000000300, -13.90000000000000400 ) ) ;
#981 = ORIENTED_EDGE ( 'NONE', *, *, #1055, .F. ) ;
#982 = CARTESIAN_POINT ( 'NONE',  ( 2.720800987637647800, 21.57419285977706700, -11.33890520580771600 ) ) ;
#983 = CARTESIAN_POINT ( 'NONE',  ( 2.107503042935619400, 21.58035643556662500, -12.00969845729623100 ) ) ;
#984 = ORIENTED_EDGE ( 'NONE', *, *, #129, .T. ) ;
#985 = DIRECTION ( 'NONE',  ( 3.469446951953613700E-016, 1.000000000000000000, -0.0000000000000000000 ) ) ;
#986 = CARTESIAN_POINT ( 'NONE',  ( 5.000000000000004400, -8.900000000000002100, -18.00000000000000000 ) ) ;
#987 = CARTESIAN_POINT ( 'NONE',  ( 1.536183985106303300, 22.09999999998351000, -11.76738468369871500 ) ) ;
#988 = EDGE_LOOP ( 'NONE', ( #1437, #1259, #2141, #1046 ) ) ;
#989 = EDGE_CURVE ( 'NONE', #2077, #966, #264, .T. ) ;
#990 = DIRECTION ( 'NONE',  ( 0.0000000000000000000, -0.0000000000000000000, 1.000000000000000000 ) ) ;
#991 = DIRECTION ( 'NONE',  ( 0.0000000000000000000, 1.000000000000000000, 0.0000000000000000000 ) ) ;
#992 = AXIS2_PLACEMENT_3D ( 'NONE', #1774, #603, #1965 ) ;
#993 = CARTESIAN_POINT ( 'NONE',  ( 1.407196905075485600, -10.39999999999999900, -8.514178946046463600 ) ) ;
#994 = VERTEX_POINT ( 'NONE', #1203 ) ;
#995 = CARTESIAN_POINT ( 'NONE',  ( 1.574568890325479300, 22.10000000000000100, -11.19402144897343000 ) ) ;
#996 = LINE ( 'NONE', #201, #1174 ) ;
#997 = LINE ( 'NONE', #225, #91 ) ;
#998 = ORIENTED_EDGE ( 'NONE', *, *, #2114, .T. ) ;
#999 = CARTESIAN_POINT ( 'NONE',  ( 3.409705487821352400, 20.55601802965064100, -8.312644699482655500 ) ) ;
#1000 = LINE ( 'NONE', #1586, #1861 ) ;
#1001 = FACE_OUTER_BOUND ( 'NONE', #483, .T. ) ;
#1002 = PLANE ( 'NONE',  #250 ) ;
#1003 = ORIENTED_EDGE ( 'NONE', *, *, #2198, .T. ) ;
#1004 = CARTESIAN_POINT ( 'NONE',  ( 0.0000000000000000000, 21.19999999999999900, -9.605978551036749000 ) ) ;
#1005 = ORIENTED_EDGE ( 'NONE', *, *, #948, .F. ) ;
#1006 = ORIENTED_EDGE ( 'NONE', *, *, #1357, .F. ) ;
#1007 = CARTESIAN_POINT ( 'NONE',  ( -0.5000000000000002200, 7.549999999999999800, -0.2000000000000000100 ) ) ;
#1008 = ORIENTED_EDGE ( 'NONE', *, *, #752, .F. ) ;
#1009 = AXIS2_PLACEMENT_3D ( 'NONE', #2232, #694, #2393 ) ;
#1010 = CARTESIAN_POINT ( 'NONE',  ( 1.259109769979337000, 22.10000000000000100, -9.605978551036749000 ) ) ;
#1011 = EDGE_CURVE ( 'NONE', #2162, #1911, #2355, .T. ) ;
#1012 = ADVANCED_FACE ( 'NONE', ( #1862 ), #373, .F. ) ;
#1013 = CARTESIAN_POINT ( 'NONE',  ( -3.276126427542627600, 20.10000000000000900, -12.32037422278888200 ) ) ;
#1014 = DIRECTION ( 'NONE',  ( 0.0000000000000000000, 0.0000000000000000000, 1.000000000000000000 ) ) ;
#1015 = DIRECTION ( 'NONE',  ( -1.000000000000000000, 0.0000000000000000000, 0.0000000000000000000 ) ) ;
#1016 = DIRECTION ( 'NONE',  ( 1.000000000000000000, 0.0000000000000000000, 0.0000000000000000000 ) ) ;
#1017 = ORIENTED_EDGE ( 'NONE', *, *, #495, .T. ) ;
#1018 = AXIS2_PLACEMENT_3D ( 'NONE', #2256, #1100, #1880 ) ;
#1019 = ORIENTED_EDGE ( 'NONE', *, *, #2496, .F. ) ;
#1020 = DIRECTION ( 'NONE',  ( -1.577021341797097800E-016, 1.000000000000000000, -0.0000000000000000000 ) ) ;
#1021 = CARTESIAN_POINT ( 'NONE',  ( -1.259109769979336100, 22.10000000000000100, -11.19402144896324300 ) ) ;
#1022 = EDGE_CURVE ( 'NONE', #810, #1323, #972, .T. ) ;
#1023 = PERSON_AND_ORGANIZATION ( #2150, #2350 ) ;
#1024 = ADVANCED_FACE ( 'NONE', ( #1732 ), #2123, .T. ) ;
#1025 = ADVANCED_FACE ( 'NONE', ( #883, #1547, #1332 ), #1534, .T. ) ;
#1026 = CARTESIAN_POINT ( 'NONE',  ( -5.000000000000000900, 11.50000000000000200, -3.000000000000000000 ) ) ;
#1027 = CARTESIAN_POINT ( 'NONE',  ( -2.100000000000000100, 22.10000000000000100, -11.76738468368998800 ) ) ;
#1028 = DIRECTION ( 'NONE',  ( -0.0000000000000000000, 1.000000000000000000, -0.0000000000000000000 ) ) ;
#1029 = EDGE_LOOP ( 'NONE', ( #67, #499, #1803, #299 ) ) ;
#1030 = FACE_OUTER_BOUND ( 'NONE', #1554, .T. ) ;
#1031 = EDGE_LOOP ( 'NONE', ( #722, #2308, #1091, #1957 ) ) ;
#1032 = CARTESIAN_POINT ( 'NONE',  ( 2.526353369694867000, -14.90000000000000400, -11.31564224296867000 ) ) ;
#1033 = ORIENTED_EDGE ( 'NONE', *, *, #2105, .F. ) ;
#1034 = CIRCLE ( 'NONE', #1743, 1.599999999999999900 ) ;
#1035 = FACE_OUTER_BOUND ( 'NONE', #1320, .T. ) ;
#1036 = CYLINDRICAL_SURFACE ( 'NONE', #2211, 0.5000000000000002200 ) ;
#1037 = CARTESIAN_POINT ( 'NONE',  ( -3.427494715056246500, 20.10000000000000500, -8.810610916269428800 ) ) ;
#1038 = AXIS2_PLACEMENT_3D ( 'NONE', #1438, #260, #2016 ) ;
#1039 = ORIENTED_EDGE ( 'NONE', *, *, #585, .F. ) ;
#1040 = EDGE_CURVE ( 'NONE', #2162, #1853, #1208, .T. ) ;
#1041 = CARTESIAN_POINT ( 'NONE',  ( -3.428018528112901200, 20.10000000000000100, -11.98776431355395300 ) ) ;
#1042 = ORIENTED_EDGE ( 'NONE', *, *, #1769, .F. ) ;
#1043 = ORIENTED_EDGE ( 'NONE', *, *, #50, .T. ) ;
#1044 = CARTESIAN_POINT ( 'NONE',  ( -3.340652029951593600, 20.10000000000000100, -12.21569684132552800 ) ) ;
#1045 = CARTESIAN_POINT ( 'NONE',  ( 0.0000000000000000000, 20.30000000000000100, -12.60673846836897900 ) ) ;
#1046 = ORIENTED_EDGE ( 'NONE', *, *, #739, .T. ) ;
#1047 = EDGE_LOOP ( 'NONE', ( #389, #954, #2477, #1211 ) ) ;
#1048 = CARTESIAN_POINT ( 'NONE',  ( -2.789608721262875100, 20.10000000000000500, -8.127194323101628400 ) ) ;
#1049 = CARTESIAN_POINT ( 'NONE',  ( -2.853140760533291700, -14.90000000000000200, -12.92295384332072500 ) ) ;
#1050 = AXIS2_PLACEMENT_3D ( 'NONE', #303, #852, #1841 ) ;
#1051 = ORIENTED_EDGE ( 'NONE', *, *, #31, .T. ) ;
#1052 = CARTESIAN_POINT ( 'NONE',  ( 1.114907550611694100, -10.40000000000000200, -8.408934074886225600 ) ) ;
#1053 = EDGE_CURVE ( 'NONE', #951, #681, #2498, .T. ) ;
#1054 = CIRCLE ( 'NONE', #2040, 1.199999999999999700 ) ;
#1055 = EDGE_CURVE ( 'NONE', #208, #541, #1423, .T. ) ;
#1056 = CARTESIAN_POINT ( 'NONE',  ( -3.494348340808791900, 19.96934327022042400, -8.039073766314306400 ) ) ;
#1057 = CARTESIAN_POINT ( 'NONE',  ( 2.070482178368459700, -10.40000000000000000, -15.05587851128088200 ) ) ;
#1058 = VECTOR ( 'NONE', #1996, 1000.000000000000000 ) ;
#1059 = DIRECTION ( 'NONE',  ( -1.376764663473656500E-016, -0.0000000000000000000, 1.000000000000000000 ) ) ;
#1060 = ORIENTED_EDGE ( 'NONE', *, *, #155, .F. ) ;
#1061 = CARTESIAN_POINT ( 'NONE',  ( 3.155515068920989200, -10.39999999999999900, -13.90647491531503900 ) ) ;
#1062 = CARTESIAN_POINT ( 'NONE',  ( 0.0000000000000000000, 20.30000000000000100, -14.20000000000000500 ) ) ;
#1063 = ADVANCED_FACE ( 'NONE', ( #2449 ), #655, .T. ) ;
#1064 = VECTOR ( 'NONE', #1199, 1000.000000000000100 ) ;
#1065 = LINE ( 'NONE', #811, #393 ) ;
#1066 = CARTESIAN_POINT ( 'NONE',  ( 0.0000000000000000000, 20.30000000000000100, -15.30000000000000400 ) ) ;
#1067 = CARTESIAN_POINT ( 'NONE',  ( 2.220085422600230000, -14.90000000000000000, -14.46277045330013200 ) ) ;
#1068 = ORIENTED_EDGE ( 'NONE', *, *, #884, .F. ) ;
#1069 = CARTESIAN_POINT ( 'NONE',  ( 3.340638127170183900, 20.10000000000000900, -12.21547332583254800 ) ) ;
#1070 = CARTESIAN_POINT ( 'NONE',  ( 3.603507188021927400, -10.39999999999075100, -11.07502549160851900 ) ) ;
#1071 = ORIENTED_EDGE ( 'NONE', *, *, #688, .F. ) ;
#1072 = CARTESIAN_POINT ( 'NONE',  ( -4.150000000000004800, -10.39999999999999900, -3.050000000000000700 ) ) ;
#1073 = EDGE_CURVE ( 'NONE', #2113, #208, #2253, .T. ) ;
#1074 = DIRECTION ( 'NONE',  ( 0.0000000000000000000, 0.0000000000000000000, 1.000000000000000000 ) ) ;
#1075 = EDGE_CURVE ( 'NONE', #290, #353, #706, .T. ) ;
#1076 = CARTESIAN_POINT ( 'NONE',  ( 2.846521424030660900, -14.90000000000000600, -12.98501012303279200 ) ) ;
#1077 = CARTESIAN_POINT ( 'NONE',  ( -3.434588414435602900, 19.57244440545958500, -8.909522146859155000 ) ) ;
#1078 = DIRECTION ( 'NONE',  ( -1.000000000000000000, -0.0000000000000000000, -0.0000000000000000000 ) ) ;
#1079 = CARTESIAN_POINT ( 'NONE',  ( 0.0000000000000000000, 0.0000000000000000000, -0.1000000000000000100 ) ) ;
#1080 = DIRECTION ( 'NONE',  ( 0.0000000000000000000, 1.000000000000000000, 0.0000000000000000000 ) ) ;
#1081 = VERTEX_POINT ( 'NONE', #1815 ) ;
#1082 = CARTESIAN_POINT ( 'NONE',  ( -3.603507188019899700, -10.39999999999999700, -12.82497450839061400 ) ) ;
#1083 = VERTEX_POINT ( 'NONE', #2375 ) ;
#1084 = VERTEX_POINT ( 'NONE', #1808 ) ;
#1085 = CARTESIAN_POINT ( 'NONE',  ( -2.100000000000000100, 20.30000000000000100, -14.19999999999999900 ) ) ;
#1086 = CARTESIAN_POINT ( 'NONE',  ( -3.155515068922023000, -10.39999999999075100, -9.993525084681682100 ) ) ;
#1087 = DIRECTION ( 'NONE',  ( 1.000000000000000000, 1.577021341797097800E-016, 0.0000000000000000000 ) ) ;
#1088 = CARTESIAN_POINT ( 'NONE',  ( 0.0000000000000000000, 0.0000000000000000000, -0.2000000000000000100 ) ) ;
#1089 = VECTOR ( 'NONE', #1998, 1000.000000000000000 ) ;
#1090 = DATE_TIME_ROLE ( 'classification_date' ) ;
#1091 = ORIENTED_EDGE ( 'NONE', *, *, #459, .F. ) ;
#1092 = CARTESIAN_POINT ( 'NONE',  ( 0.1026267440409669400, -14.89999999999999900, -15.50773542776027900 ) ) ;
#1093 = FACE_OUTER_BOUND ( 'NONE', #1276, .T. ) ;
#1094 =( BOUNDED_CURVE ( )  B_SPLINE_CURVE ( 3, ( #1952, #983, #796, #2155 ),
 .UNSPECIFIED., .F., .F. ) 
 B_SPLINE_CURVE_WITH_KNOTS ( ( 4, 4 ),
 ( 3.141592653589792700, 4.851573654547641100 ),
 .UNSPECIFIED. ) 
 CURVE ( )  GEOMETRIC_REPRESENTATION_ITEM ( )  RATIONAL_B_SPLINE_CURVE ( ( 1.000000000000000000, 0.7708171185143412000, 0.7708171185143412000, 1.000000000000000000 ) ) 
 REPRESENTATION_ITEM ( '' )  );
#1095 = CARTESIAN_POINT ( 'NONE',  ( 1.889686563742758200, 22.03115833602551300, -9.587009544834540300 ) ) ;
#1096 = AXIS2_PLACEMENT_3D ( 'NONE', #25, #1549, #1341 ) ;
#1097 = ORIENTED_EDGE ( 'NONE', *, *, #2163, .F. ) ;
#1098 = FACE_OUTER_BOUND ( 'NONE', #308, .T. ) ;
#1099 = ORIENTED_EDGE ( 'NONE', *, *, #1531, .F. ) ;
#1100 = DIRECTION ( 'NONE',  ( 0.0000000000000000000, 0.0000000000000000000, 1.000000000000000000 ) ) ;
#1101 = LINE ( 'NONE', #2156, #1308 ) ;
#1102 = FACE_OUTER_BOUND ( 'NONE', #1287, .T. ) ;
#1103 = CARTESIAN_POINT ( 'NONE',  ( 0.0000000000000000000, 20.30000000000000100, -14.50000000000000400 ) ) ;
#1104 = CARTESIAN_POINT ( 'NONE',  ( 2.853140760533281000, -14.90000000000000600, -12.37704615667930100 ) ) ;
#1105 = ORIENTED_EDGE ( 'NONE', *, *, #1011, .F. ) ;
#1106 = CARTESIAN_POINT ( 'NONE',  ( -4.150000000000003000, -10.39999999999999900, -15.65000000000000000 ) ) ;
#1107 = CARTESIAN_POINT ( 'NONE',  ( -4.999999999999998200, -5.899999999999996800, -2.999999999999997300 ) ) ;
#1108 = VERTEX_POINT ( 'NONE', #1021 ) ;
#1109 = CARTESIAN_POINT ( 'NONE',  ( 3.341130687292072700, 21.29260356780432100, -9.383504150423192400 ) ) ;
#1110 = DIRECTION ( 'NONE',  ( -1.000000000000000000, 0.0000000000000000000, 0.0000000000000000000 ) ) ;
#1111 = VERTEX_POINT ( 'NONE', #2388 ) ;
#1112 = AXIS2_PLACEMENT_3D ( 'NONE', #217, #1028, #258 ) ;
#1113 = CARTESIAN_POINT ( 'NONE',  ( 1.673732241964734500, -14.90000000000000900, -10.33142189998346600 ) ) ;
#1114 = EDGE_CURVE ( 'NONE', #1605, #1315, #813, .T. ) ;
#1115 = ORIENTED_EDGE ( 'NONE', *, *, #544, .T. ) ;
#1116 = DIRECTION ( 'NONE',  ( 0.0000000000000000000, -0.0000000000000000000, 1.000000000000000000 ) ) ;
#1117 = ORIENTED_EDGE ( 'NONE', *, *, #172, .F. ) ;
#1118 = CARTESIAN_POINT ( 'NONE',  ( 3.341130687292072700, 21.29260356780432100, -11.41649584957679800 ) ) ;
#1119 = CARTESIAN_POINT ( 'NONE',  ( 1.407196905075485600, -10.39999999999999900, -8.514178946046463600 ) ) ;
#1120 = PLANE ( 'NONE',  #2429 ) ;
#1121 = FACE_OUTER_BOUND ( 'NONE', #9, .T. ) ;
#1122 = AXIS2_PLACEMENT_3D ( 'NONE', #1988, #1224, #74 ) ;
#1123 = CARTESIAN_POINT ( 'NONE',  ( 3.450000000000000200, 20.10000000000000500, -11.74511231769187300 ) ) ;
#1124 = EDGE_CURVE ( 'NONE', #2242, #866, #2189, .T. ) ;
#1125 = VECTOR ( 'NONE', #1809, 1000.000000000000000 ) ;
#1126 = ORIENTED_EDGE ( 'NONE', *, *, #1589, .F. ) ;
#1127 = CARTESIAN_POINT ( 'NONE',  ( 0.2292864522724895600, 20.30000000000000100, -13.90000000000000400 ) ) ;
#1128 = CARTESIAN_POINT ( 'NONE',  ( 2.526353369694867000, -14.90000000000000400, -11.31564224296867000 ) ) ;
#1129 = FACE_OUTER_BOUND ( 'NONE', #1142, .T. ) ;
#1130 = VECTOR ( 'NONE', #107, 1000.000000000000000 ) ;
#1131 = AXIS2_PLACEMENT_3D ( 'NONE', #1231, #53, #646 ) ;
#1132 = EDGE_LOOP ( 'NONE', ( #1953, #1573, #343, #1994 ) ) ;
#1133 =( BOUNDED_SURFACE ( )  B_SPLINE_SURFACE ( 3, 2, ( 
 ( #230, #2370, #1221 ),
 ( #1782, #241, #1413 ),
 ( #1593, #809, #2202 ),
 ( #449, #1604, #652 ),
 ( #432, #627, #1383 ),
 ( #2167, #2366, #1210 ),
 ( #51, #1403, #439 ),
 ( #63, #1804, #1974 ),
 ( #2381, #1228, #1772 ),
 ( #70, #410, #642 ) ),
 .UNSPECIFIED., .F., .F., .T. ) 
 B_SPLINE_SURFACE_WITH_KNOTS ( ( 4, 2, 2, 2, 4 ),
 ( 3, 3 ),
 ( 4.562944420215989000, 4.993004641956888500, 5.423064863697787200, 5.853125085438686700, 6.283185307179586200 ),
 ( 0.0000000000000000000, 1.000000000000000000 ),
 .UNSPECIFIED. ) 
 GEOMETRIC_REPRESENTATION_ITEM ( )  RATIONAL_B_SPLINE_SURFACE ( (
 ( 1.000000000000000000, 0.6844986592741841800, 1.000000000000000000),
 ( 1.000000000000000000, 0.7063975334766632300, 1.000000000000000000),
 ( 1.000000000000000000, 0.7278692839316250900, 1.000000000000000000),
 ( 1.000000000000000000, 0.7668166218779369800, 1.000000000000000000),
 ( 1.000000000000000000, 0.7842795706059166900, 1.000000000000000000),
 ( 1.000000000000000000, 0.8130265436250470000, 1.000000000000000000),
 ( 1.000000000000000000, 0.8243152408792814300, 1.000000000000000000),
 ( 1.000000000000000000, 0.8394965962671704400, 1.000000000000000000),
 ( 1.000000000000000000, 0.8434039715424691600, 1.000000000000000000),
 ( 1.000000000000000000, 0.8433914458128843900, 1.000000000000000000) ) ) 
 REPRESENTATION_ITEM ( '' )  SURFACE ( )  );
#1134 = CARTESIAN_POINT ( 'NONE',  ( 3.300000000000000700, 4.799999999999998000, -0.1000000000000000100 ) ) ;
#1135 = ORIENTED_EDGE ( 'NONE', *, *, #270, .T. ) ;
#1136 = CC_DESIGN_APPROVAL ( #1528, ( #1444 ) ) ;
#1137 = CARTESIAN_POINT ( 'NONE',  ( -0.5227839373669303000, -10.40000000000000200, -15.62544061130690500 ) ) ;
#1138 = CARTESIAN_POINT ( 'NONE',  ( 0.0000000000000000000, 0.0000000000000000000, 0.0000000000000000000 ) ) ;
#1139 = AXIS2_PLACEMENT_3D ( 'NONE', #331, #721, #1291 ) ;
#1140 = CARTESIAN_POINT ( 'NONE',  ( -1.405908265364755200, -10.40000000000000200, -8.518634908112591800 ) ) ;
#1141 = EDGE_CURVE ( 'NONE', #158, #1648, #234, .T. ) ;
#1142 = EDGE_LOOP ( 'NONE', ( #1671, #1733, #127 ) ) ;
#1143 = CARTESIAN_POINT ( 'NONE',  ( 5.000000000000000000, 20.10000000000000500, -18.00000000000000000 ) ) ;
#1144 = ORIENTED_EDGE ( 'NONE', *, *, #617, .F. ) ;
#1145 = VERTEX_POINT ( 'NONE', #1417 ) ;
#1146 = DIRECTION ( 'NONE',  ( 0.0000000000000000000, 0.0000000000000000000, -1.000000000000000000 ) ) ;
#1147 = AXIS2_PLACEMENT_3D ( 'NONE', #2028, #875, #2057 ) ;
#1148 = ORIENTED_EDGE ( 'NONE', *, *, #2430, .F. ) ;
#1149 = LINE ( 'NONE', #1764, #2120 ) ;
#1150 = FACE_OUTER_BOUND ( 'NONE', #788, .T. ) ;
#1151 = VECTOR ( 'NONE', #92, 1000.000000000000000 ) ;
#1152 = EDGE_CURVE ( 'NONE', #2017, #2077, #1492, .T. ) ;
#1153 = LINE ( 'NONE', #347, #2280 ) ;
#1154 = LINE ( 'NONE', #2053, #975 ) ;
#1155 = DIRECTION ( 'NONE',  ( 1.000000000000000000, 1.495451272393799000E-016, 0.0000000000000000000 ) ) ;
#1156 = CARTESIAN_POINT ( 'NONE',  ( 1.259109769979336500, 22.10000000000000100, -11.19402144896324300 ) ) ;
#1157 = ORIENTED_EDGE ( 'NONE', *, *, #2114, .F. ) ;
#1158 = CARTESIAN_POINT ( 'NONE',  ( -2.546538042214221900, 20.10000000000000500, -12.69999999999999900 ) ) ;
#1159 = PLANE ( 'NONE',  #202 ) ;
#1160 = CARTESIAN_POINT ( 'NONE',  ( 3.295668061437263300, -10.40000000000000000, -13.63183591019526600 ) ) ;
#1161 = DIRECTION ( 'NONE',  ( 0.0000000000000000000, 1.000000000000000000, 0.0000000000000000000 ) ) ;
#1162 = EDGE_CURVE ( 'NONE', #1108, #879, #1676, .T. ) ;
#1163 = ORIENTED_EDGE ( 'NONE', *, *, #947, .T. ) ;
#1164 = CARTESIAN_POINT ( 'NONE',  ( 2.456648685959790200, 20.81945788793117900, -8.435488722862338300 ) ) ;
#1165 = DIRECTION ( 'NONE',  ( 0.0000000000000000000, 1.000000000000000000, 0.0000000000000000000 ) ) ;
#1166 = DIRECTION ( 'NONE',  ( 1.000000000000000000, 0.0000000000000000000, 0.0000000000000000000 ) ) ;
#1167 = EDGE_LOOP ( 'NONE', ( #1411, #1546, #367, #438 ) ) ;
#1168 = AXIS2_PLACEMENT_3D ( 'NONE', #2032, #831, #464 ) ;
#1169 = DIRECTION ( 'NONE',  ( 1.000000000000000000, 0.0000000000000000000, -0.0000000000000000000 ) ) ;
#1170 = B_SPLINE_CURVE_WITH_KNOTS ( 'NONE', 3,
 ( #2217, #2239, #289, #677, #2424, #1070, #1839, #2056, #1479, #111, #2415, #302, #1260, #1659, #2064, #1465, #1668, #1858, #1272, #1442, #700, #886, #503, #2254, #1086, #2432 ),
 .UNSPECIFIED., .F., .F.,
 ( 4, 2, 2, 2, 2, 2, 2, 2, 2, 2, 2, 2, 4 ),
 ( 0.004045419621569301900, 0.005490369714078673100, 0.006935319806588044300, 0.007657794852842729500, 0.008380269899097415500, 0.009102744945352101600, 0.009825219991606785900, 0.01054769503786147400, 0.01127017008411615800, 0.01199264513037084200, 0.01271512017662553000, 0.01416007026913489900, 0.01560502036164427100 ),
 .UNSPECIFIED. ) ;
#1171 = CARTESIAN_POINT ( 'NONE',  ( 0.0000000000000000000, 7.549999999999999800, -0.2000000000000000100 ) ) ;
#1172 = CIRCLE ( 'NONE', #1050, 0.8999999999999998000 ) ;
#1173 = DIRECTION ( 'NONE',  ( -0.0000000000000000000, -1.000000000000000000, -0.0000000000000000000 ) ) ;
#1174 = VECTOR ( 'NONE', #2159, 1000.000000000000000 ) ;
#1175 = DIRECTION ( 'NONE',  ( 1.577021341797097800E-016, -1.000000000000000000, 0.0000000000000000000 ) ) ;
#1176 = DIRECTION ( 'NONE',  ( 0.0000000000000000000, 0.9063077870366511600, 0.4226182617406968900 ) ) ;
#1177 = LINE ( 'NONE', #149, #1520 ) ;
#1178 = CARTESIAN_POINT ( 'NONE',  ( 2.575982588764659900, 21.69366738422831600, -11.95686069418225600 ) ) ;
#1179 = LINE ( 'NONE', #42, #971 ) ;
#1180 = LINE ( 'NONE', #1448, #1130 ) ;
#1181 = DIRECTION ( 'NONE',  ( 0.0000000000000000000, 1.000000000000000000, 0.0000000000000000000 ) ) ;
#1182 = EDGE_CURVE ( 'NONE', #1887, #1548, #171, .T. ) ;
#1183 = EDGE_CURVE ( 'NONE', #2394, #1493, #733, .T. ) ;
#1184 = ORIENTED_EDGE ( 'NONE', *, *, #1373, .T. ) ;
#1185 = DIRECTION ( 'NONE',  ( 0.0000000000000000000, 1.000000000000000000, 0.0000000000000000000 ) ) ;
#1186 = ORIENTED_EDGE ( 'NONE', *, *, #1756, .F. ) ;
#1187 = CARTESIAN_POINT ( 'NONE',  ( 2.572373022534896000, 20.27112490500754700, -12.62020314629391400 ) ) ;
#1188 = CARTESIAN_POINT ( 'NONE',  ( 3.285714089330996400, 20.81232553477062200, -9.251165731195412100 ) ) ;
#1189 = DIRECTION ( 'NONE',  ( -4.180056568618813000E-016, -1.000000000000000000, -5.754954174995326700E-032 ) ) ;
#1190 = DIRECTION ( 'NONE',  ( 1.000000000000000000, -0.0000000000000000000, -0.0000000000000000000 ) ) ;
#1191 = CARTESIAN_POINT ( 'NONE',  ( 1.259109769979337000, 21.58035643556662500, -12.00969845729623000 ) ) ;
#1192 = DIRECTION ( 'NONE',  ( -1.495451272393799000E-016, 1.000000000000000000, -0.0000000000000000000 ) ) ;
#1193 = VERTEX_POINT ( 'NONE', #2396 ) ;
#1194 = EDGE_CURVE ( 'NONE', #1529, #2493, #2420, .T. ) ;
#1195 = EDGE_CURVE ( 'NONE', #898, #1396, #1306, .T. ) ;
#1196 = ADVANCED_FACE ( 'NONE', ( #1889 ), #633, .T. ) ;
#1197 = DIRECTION ( 'NONE',  ( 1.000000000000000000, 0.0000000000000000000, 0.0000000000000000000 ) ) ;
#1198 = ORIENTED_EDGE ( 'NONE', *, *, #2472, .T. ) ;
#1199 = DIRECTION ( 'NONE',  ( 0.0000000000000000000, -0.9063077870366511600, -0.4226182617406968900 ) ) ;
#1200 = CARTESIAN_POINT ( 'NONE',  ( 1.347111479062088300E-016, 20.30000000000000100, -13.10000000000000300 ) ) ;
#1201 = VERTEX_POINT ( 'NONE', #1507 ) ;
#1202 = VECTOR ( 'NONE', #2408, 1000.000000000000000 ) ;
#1203 = CARTESIAN_POINT ( 'NONE',  ( 1.849999999999980300, -58.89999999999999900, -12.65000000000000200 ) ) ;
#1204 = ORIENTED_EDGE ( 'NONE', *, *, #1588, .T. ) ;
#1205 = DIRECTION ( 'NONE',  ( 1.000000000000000000, 0.0000000000000000000, 0.0000000000000000000 ) ) ;
#1206 = CARTESIAN_POINT ( 'NONE',  ( 0.0000000000000000000, 20.30000000000000100, -13.45000000000000300 ) ) ;
#1207 = VECTOR ( 'NONE', #1843, 1000.000000000000100 ) ;
#1208 = LINE ( 'NONE', #1787, #1759 ) ;
#1209 = CARTESIAN_POINT ( 'NONE',  ( -1.259109769979336100, 21.58035643556662500, -12.00969845729623000 ) ) ;
#1210 = CARTESIAN_POINT ( 'NONE',  ( -2.122836398595605800, 21.26965221634402800, -12.15458221414079700 ) ) ;
#1211 = ORIENTED_EDGE ( 'NONE', *, *, #2212, .F. ) ;
#1212 = ADVANCED_FACE ( 'NONE', ( #1824 ), #1295, .F. ) ;
#1213 = CYLINDRICAL_SURFACE ( 'NONE', #1660, 1.600000000000000800 ) ;
#1214 = FACE_OUTER_BOUND ( 'NONE', #323, .T. ) ;
#1215 = AXIS2_PLACEMENT_3D ( 'NONE', #1317, #1736, #942 ) ;
#1216 = ADVANCED_FACE ( 'NONE', ( #846 ), #119, .T. ) ;
#1217 = CARTESIAN_POINT ( 'NONE',  ( 8.673617379884035500E-016, 22.10000000000000100, 0.0000000000000000000 ) ) ;
#1218 = DIRECTION ( 'NONE',  ( 1.000000000000000000, -4.180056568618813000E-016, 0.0000000000000000000 ) ) ;
#1219 = VERTEX_POINT ( 'NONE', #1899 ) ;
#1220 = CARTESIAN_POINT ( 'NONE',  ( -4.999999999999998200, -7.499999999999996400, -2.999999999999997300 ) ) ;
#1221 = CARTESIAN_POINT ( 'NONE',  ( -2.544619878067130100, 20.08680085697455900, -12.70615486147382500 ) ) ;
#1222 = CARTESIAN_POINT ( 'NONE',  ( -5.169475958410885900E-015, -14.90000000000000400, -12.65000000000000200 ) ) ;
#1223 = ADVANCED_FACE ( 'NONE', ( #2327 ), #930, .T. ) ;
#1224 = DIRECTION ( 'NONE',  ( 0.0000000000000000000, 1.000000000000000000, 0.0000000000000000000 ) ) ;
#1225 = DIRECTION ( 'NONE',  ( 0.0000000000000000000, 0.0000000000000000000, 1.000000000000000000 ) ) ;
#1226 = DIRECTION ( 'NONE',  ( 3.469446951953614200E-016, 1.000000000000000000, 0.0000000000000000000 ) ) ;
#1227 = ORIENTED_EDGE ( 'NONE', *, *, #1152, .F. ) ;
#1228 = CARTESIAN_POINT ( 'NONE',  ( -1.536183985106294400, 22.09999999998351300, -11.76738468369871500 ) ) ;
#1229 = ORIENTED_EDGE ( 'NONE', *, *, #1740, .T. ) ;
#1230 = DIRECTION ( 'NONE',  ( 0.4539904997395408600, 0.0000000000000000000, -0.8910065241883709000 ) ) ;
#1231 = CARTESIAN_POINT ( 'NONE',  ( -5.169475958410885900E-015, -14.90000000000000400, -12.65000000000000200 ) ) ;
#1232 = EDGE_CURVE ( 'NONE', #2418, #1408, #1977, .T. ) ;
#1233 = PLANE ( 'NONE',  #1122 ) ;
#1234 = CARTESIAN_POINT ( 'NONE',  ( 0.0000000000000000000, 20.30000000000000100, -16.29999999999999700 ) ) ;
#1235 = LINE ( 'NONE', #1256, #380 ) ;
#1236 = CARTESIAN_POINT ( 'NONE',  ( 4.149999999999997700, -8.900000000000002100, -3.050000000000000700 ) ) ;
#1237 = ADVANCED_FACE ( 'NONE', ( #422, #1463 ), #2087, .T. ) ;
#1238 = LINE ( 'NONE', #781, #1518 ) ;
#1239 = DIRECTION ( 'NONE',  ( -0.0000000000000000000, -1.000000000000000000, -0.0000000000000000000 ) ) ;
#1240 = FACE_BOUND ( 'NONE', #1849, .T. ) ;
#1241 = VECTOR ( 'NONE', #443, 1000.000000000000000 ) ;
#1242 = CARTESIAN_POINT ( 'NONE',  ( 0.0000000000000000000, 20.30000000000000100, -14.20000000000000500 ) ) ;
#1243 = FACE_BOUND ( 'NONE', #2463, .T. ) ;
#1244 = FACE_OUTER_BOUND ( 'NONE', #1968, .T. ) ;
#1245 = CARTESIAN_POINT ( 'NONE',  ( 1.058300524425836100, 19.70000000000000300, -14.50000000000000400 ) ) ;
#1246 = CARTESIAN_POINT ( 'NONE',  ( -2.664240493498145000, 20.94018883505984300, -8.491786488084743600 ) ) ;
#1247 = DIRECTION ( 'NONE',  ( 2.098455817713880300E-016, -1.000000000000000000, 0.0000000000000000000 ) ) ;
#1248 = DIRECTION ( 'NONE',  ( 0.0000000000000000000, 0.0000000000000000000, -1.000000000000000000 ) ) ;
#1249 = AXIS2_PLACEMENT_3D ( 'NONE', #2223, #2042, #278 ) ;
#1250 = ORIENTED_EDGE ( 'NONE', *, *, #2447, .F. ) ;
#1251 = EDGE_CURVE ( 'NONE', #1595, #624, #1611, .T. ) ;
#1252 = ORIENTED_EDGE ( 'NONE', *, *, #403, .F. ) ;
#1253 = ADVANCED_FACE ( 'NONE', ( #1098 ), #1120, .T. ) ;
#1254 = CARTESIAN_POINT ( 'NONE',  ( -1.970502617078380800, 21.38428127332942800, -8.698870192978573000 ) ) ;
#1255 = CARTESIAN_POINT ( 'NONE',  ( 0.6376750641416014700, -10.40000000000000200, -15.60464679791058300 ) ) ;
#1256 = CARTESIAN_POINT ( 'NONE',  ( -3.449999999999999700, 20.10000000000000500, -8.099999999999999600 ) ) ;
#1257 = CARTESIAN_POINT ( 'NONE',  ( 2.220085422600230000, -14.90000000000000000, -14.46277045330013200 ) ) ;
#1258 = CARTESIAN_POINT ( 'NONE',  ( -4.999999999999995600, -8.899999999999998600, 0.0000000000000000000 ) ) ;
#1259 = ORIENTED_EDGE ( 'NONE', *, *, #359, .F. ) ;
#1260 = CARTESIAN_POINT ( 'NONE',  ( 1.956474915316884100, -10.39999999999075300, -8.794484931076549800 ) ) ;
#1261 = PRODUCT_DEFINITION_SHAPE ( 'NONE', 'NONE',  #8 ) ;
#1262 = DIRECTION ( 'NONE',  ( 1.000000000000000000, 0.0000000000000000000, 0.0000000000000000000 ) ) ;
#1263 = EDGE_LOOP ( 'NONE', ( #1749, #533, #1813, #55 ) ) ;
#1264 = DIRECTION ( 'NONE',  ( 0.0000000000000000000, 1.000000000000000000, 0.0000000000000000000 ) ) ;
#1265 = CARTESIAN_POINT ( 'NONE',  ( -4.150000000000003000, -10.39999999999999900, -15.65000000000000000 ) ) ;
#1266 = PERSON_AND_ORGANIZATION ( #2150, #2350 ) ;
#1267 = CARTESIAN_POINT ( 'NONE',  ( -1.855544113359041800, -14.90000000000000200, -14.82472330223927800 ) ) ;
#1268 = EDGE_LOOP ( 'NONE', ( #2116, #929, #2, #911 ) ) ;
#1269 = FACE_BOUND ( 'NONE', #2321, .T. ) ;
#1270 = EDGE_CURVE ( 'NONE', #1081, #1331, #946, .T. ) ;
#1271 = CARTESIAN_POINT ( 'NONE',  ( -4.999999999999999100, 20.10000000000000500, -18.00000000000000000 ) ) ;
#1272 = CARTESIAN_POINT ( 'NONE',  ( -0.6376750641409089100, -10.39999999999075100, -8.295353202085987500 ) ) ;
#1273 = DIRECTION ( 'NONE',  ( -0.4539904997395478600, 0.0000000000000000000, -0.8910065241883673400 ) ) ;
#1274 = EDGE_LOOP ( 'NONE', ( #1115, #2149 ) ) ;
#1275 = CARTESIAN_POINT ( 'NONE',  ( -5.000000000000000900, 14.70000000000000300, -3.000000000000000000 ) ) ;
#1276 = EDGE_LOOP ( 'NONE', ( #1033, #1006, #2052, #1003 ) ) ;
#1277 = VECTOR ( 'NONE', #2190, 1000.000000000000000 ) ;
#1278 = ORIENTED_EDGE ( 'NONE', *, *, #858, .T. ) ;
#1279 = CYLINDRICAL_SURFACE ( 'NONE', #1910, 0.8999999999999998000 ) ;
#1280 = CARTESIAN_POINT ( 'NONE',  ( -2.100000000000000100, 20.10000000000000500, -14.19999999999999900 ) ) ;
#1281 = AXIS2_PLACEMENT_3D ( 'NONE', #292, #511, #1282 ) ;
#1282 = DIRECTION ( 'NONE',  ( -1.000000000000000000, 0.0000000000000000000, -0.0000000000000000000 ) ) ;
#1283 = ORIENTED_EDGE ( 'NONE', *, *, #1022, .F. ) ;
#1284 = ORIENTED_EDGE ( 'NONE', *, *, #858, .F. ) ;
#1285 = CARTESIAN_POINT ( 'NONE',  ( 0.0000000000000000000, 20.30000000000000100, -14.19999999999999900 ) ) ;
#1286 = CARTESIAN_POINT ( 'NONE',  ( 3.729893609761121300, -10.40000000000000000, -11.80415269066278900 ) ) ;
#1287 = EDGE_LOOP ( 'NONE', ( #1505, #2369, #1900, #17 ) ) ;
#1288 = CARTESIAN_POINT ( 'NONE',  ( 2.422276667486177100, -10.40000000000000400, -14.77459510796324000 ) ) ;
#1289 = CARTESIAN_POINT ( 'NONE',  ( 2.100000000000000100, 20.10000000000000500, -12.59999999999999800 ) ) ;
#1290 =( NAMED_UNIT ( * ) SI_UNIT ( $, .STERADIAN. ) SOLID_ANGLE_UNIT ( ) );
#1291 = DIRECTION ( 'NONE',  ( 0.0000000000000000000, 1.000000000000000000, 0.0000000000000000000 ) ) ;
#1292 = ORIENTED_EDGE ( 'NONE', *, *, #2184, .T. ) ;
#1293 = VERTEX_POINT ( 'NONE', #718 ) ;
#1294 = CARTESIAN_POINT ( 'NONE',  ( 1.259109769979337900, 22.10000000000000100, -9.605978551036749000 ) ) ;
#1295 = PLANE ( 'NONE',  #157 ) ;
#1296 = CARTESIAN_POINT ( 'NONE',  ( 0.0000000000000000000, 19.10000000000000100, -14.20000000000000500 ) ) ;
#1297 = AXIS2_PLACEMENT_3D ( 'NONE', #1412, #1226, #69 ) ;
#1298 = EDGE_CURVE ( 'NONE', #2437, #1396, #1177, .T. ) ;
#1299 = FACE_OUTER_BOUND ( 'NONE', #16, .T. ) ;
#1300 = PERSON_AND_ORGANIZATION_ROLE ( 'design_owner' ) ;
#1301 = CARTESIAN_POINT ( 'NONE',  ( 0.5000000000000002200, 7.549999999999999800, -0.1000000000000000100 ) ) ;
#1302 = FACE_OUTER_BOUND ( 'NONE', #141, .T. ) ;
#1303 = CARTESIAN_POINT ( 'NONE',  ( 2.333655267383822000, 21.84574836636245000, -8.914055832446115000 ) ) ;
#1304 = AXIS2_PLACEMENT_3D ( 'NONE', #1538, #1155, #766 ) ;
#1305 = VECTOR ( 'NONE', #704, 1000.000000000000000 ) ;
#1306 = LINE ( 'NONE', #2004, #2010 ) ;
#1307 = CARTESIAN_POINT ( 'NONE',  ( -2.043504254700678800E-014, -58.89999999999999900, -12.65000000000000200 ) ) ;
#1308 = VECTOR ( 'NONE', #33, 1000.000000000000000 ) ;
#1309 = CIRCLE ( 'NONE', #1821, 2.099999999999999600 ) ;
#1310 = CARTESIAN_POINT ( 'NONE',  ( 0.0000000000000000000, 20.30000000000000100, -16.29999999999999700 ) ) ;
#1311 = CARTESIAN_POINT ( 'NONE',  ( -1.531844026301750300, -14.90000000000000400, -10.23917983269518400 ) ) ;
#1312 = ORIENTED_EDGE ( 'NONE', *, *, #2027, .F. ) ;
#1313 = CARTESIAN_POINT ( 'NONE',  ( -2.546538042214221000, 20.10000000000000500, -8.099999999999999600 ) ) ;
#1314 = AXIS2_PLACEMENT_3D ( 'NONE', #895, #713, #2268 ) ;
#1315 = VERTEX_POINT ( 'NONE', #625 ) ;
#1316 = ORIENTED_EDGE ( 'NONE', *, *, #1361, .F. ) ;
#1317 = CARTESIAN_POINT ( 'NONE',  ( 0.0000000000000000000, 20.30000000000000100, -14.20000000000000500 ) ) ;
#1318 = CARTESIAN_POINT ( 'NONE',  ( -3.155515068921000300, -10.40000000000000200, -9.993525084684973700 ) ) ;
#1319 = EDGE_CURVE ( 'NONE', #810, #2179, #440, .T. ) ;
#1320 = EDGE_LOOP ( 'NONE', ( #2015, #2117 ) ) ;
#1321 = DIRECTION ( 'NONE',  ( 0.0000000000000000000, 1.000000000000000000, 0.0000000000000000000 ) ) ;
#1322 = LOCAL_TIME ( 15, 19, 38.00000000000000000, #2068 ) ;
#1323 = VERTEX_POINT ( 'NONE', #2200 ) ;
#1324 = SHAPE_DEFINITION_REPRESENTATION ( #1261, #661 ) ;
#1325 = EDGE_CURVE ( 'NONE', #1605, #2338, #1387, .T. ) ;
#1326 = EDGE_CURVE ( 'NONE', #1744, #1331, #604, .T. ) ;
#1327 = ORIENTED_EDGE ( 'NONE', *, *, #1182, .T. ) ;
#1328 = CARTESIAN_POINT ( 'NONE',  ( -2.669453406023820600, -10.40000000000000200, -14.52995838057142600 ) ) ;
#1329 = CARTESIAN_POINT ( 'NONE',  ( -0.6376750641416102400, -10.40000000000000200, -8.295353202089421200 ) ) ;
#1330 = CARTESIAN_POINT ( 'NONE',  ( -3.299999999999998900, -3.100000000000001900, -0.1000000000000000100 ) ) ;
#1331 = VERTEX_POINT ( 'NONE', #261 ) ;
#1332 = FACE_OUTER_BOUND ( 'NONE', #1730, .T. ) ;
#1333 = CARTESIAN_POINT ( 'NONE',  ( -3.299999999999998900, -3.100000000000001900, -0.1000000000000000100 ) ) ;
#1334 = LINE ( 'NONE', #2296, #64 ) ;
#1335 = ORIENTED_EDGE ( 'NONE', *, *, #102, .F. ) ;
#1336 = CARTESIAN_POINT ( 'NONE',  ( -0.3337250662534044800, -14.90000000000000600, -9.810793600655637500 ) ) ;
#1337 = ORIENTED_EDGE ( 'NONE', *, *, #1451, .T. ) ;
#1338 = DIRECTION ( 'NONE',  ( 1.000000000000000000, 0.0000000000000000000, 0.0000000000000000000 ) ) ;
#1339 = EDGE_LOOP ( 'NONE', ( #2233, #5, #154, #1353 ) ) ;
#1340 = CARTESIAN_POINT ( 'NONE',  ( -2.846521424030672000, -14.90000000000000700, -12.31498987696724300 ) ) ;
#1341 = DIRECTION ( 'NONE',  ( 0.0000000000000000000, 0.0000000000000000000, 1.000000000000000000 ) ) ;
#1342 = AXIS2_PLACEMENT_3D ( 'NONE', #1587, #565, #427 ) ;
#1343 = ORIENTED_EDGE ( 'NONE', *, *, #725, .F. ) ;
#1344 = CARTESIAN_POINT ( 'NONE',  ( 1.162080878001803300, -10.39999999999074200, -15.47315777930710500 ) ) ;
#1345 = EDGE_LOOP ( 'NONE', ( #2351, #799, #1432, #944 ) ) ;
#1346 = ORIENTED_EDGE ( 'NONE', *, *, #13, .F. ) ;
#1347 = CARTESIAN_POINT ( 'NONE',  ( -2.796128279439407100, -14.90000000000000000, -12.04952277735184500 ) ) ;
#1348 = DIRECTION ( 'NONE',  ( 0.0000000000000000000, -0.0000000000000000000, 1.000000000000000000 ) ) ;
#1349 = ORIENTED_EDGE ( 'NONE', *, *, #1560, .F. ) ;
#1350 = VECTOR ( 'NONE', #626, 1000.000000000000000 ) ;
#1351 = ORIENTED_EDGE ( 'NONE', *, *, #1541, .F. ) ;
#1352 = LINE ( 'NONE', #618, #1419 ) ;
#1353 = ORIENTED_EDGE ( 'NONE', *, *, #1075, .F. ) ;
#1354 = LINE ( 'NONE', #1330, #708 ) ;
#1355 = VECTOR ( 'NONE', #1439, 1000.000000000000000 ) ;
#1356 = CARTESIAN_POINT ( 'NONE',  ( 2.989702400147707700, 21.31234189254694300, -8.665324308796718000 ) ) ;
#1357 = EDGE_CURVE ( 'NONE', #2418, #2241, #669, .T. ) ;
#1358 = CIRCLE ( 'NONE', #776, 1.600000000000000800 ) ;
#1359 = VECTOR ( 'NONE', #2024, 1000.000000000000000 ) ;
#1360 = CARTESIAN_POINT ( 'NONE',  ( -4.999999999999999100, 20.10000000000000500, -18.00000000000000000 ) ) ;
#1361 = EDGE_CURVE ( 'NONE', #2444, #892, #2043, .T. ) ;
#1362 = CARTESIAN_POINT ( 'NONE',  ( 2.546538042214220100, 20.10000000000000500, -8.099999999999999600 ) ) ;
#1363 = CARTESIAN_POINT ( 'NONE',  ( 3.434588414435602900, 19.57244440545957800, -11.89047785314083900 ) ) ;
#1364 = ORIENTED_EDGE ( 'NONE', *, *, #2306, .F. ) ;
#1365 = CARTESIAN_POINT ( 'NONE',  ( 3.481556185540827900, 19.88438346166922300, -8.995475529598975200 ) ) ;
#1366 = VERTEX_POINT ( 'NONE', #238 ) ;
#1367 = CARTESIAN_POINT ( 'NONE',  ( -2.727149969431011700, -14.90000000000000000, -11.82226027989926100 ) ) ;
#1368 = CARTESIAN_POINT ( 'NONE',  ( 0.0000000000000000000, 22.10000000000000100, -11.76738468368998800 ) ) ;
#1369 = ORIENTED_EDGE ( 'NONE', *, *, #884, .T. ) ;
#1370 = CARTESIAN_POINT ( 'NONE',  ( -4.999999999999998200, -5.899999999999996800, -2.999999999999997300 ) ) ;
#1371 = ORIENTED_EDGE ( 'NONE', *, *, #142, .T. ) ;
#1372 = CARTESIAN_POINT ( 'NONE',  ( 2.333655267383801600, 21.84574836636150500, -11.88594416755401700 ) ) ;
#1373 = EDGE_CURVE ( 'NONE', #1632, #938, #1704, .T. ) ;
#1374 = CARTESIAN_POINT ( 'NONE',  ( 2.572373022535167800, 20.27112490500729400, -8.179796853705957100 ) ) ;
#1375 = DIRECTION ( 'NONE',  ( 9.427844978134821400E-017, 0.0000000000000000000, 1.000000000000000000 ) ) ;
#1376 = CARTESIAN_POINT ( 'NONE',  ( -3.299999999999998900, 4.799999999999998000, 0.0000000000000000000 ) ) ;
#1377 = ORIENTED_EDGE ( 'NONE', *, *, #1251, .T. ) ;
#1378 = PLANE ( 'NONE',  #992 ) ;
#1379 = B_SPLINE_CURVE_WITH_KNOTS ( 'NONE', 3,
 ( #2384, #2213, #1041, #1044, #1013, #1405, #2367, #1797 ),
 .UNSPECIFIED., .F., .F.,
 ( 4, 2, 2, 4 ),
 ( 0.0000000000000000000, 0.0003627281002061356900, 0.0007254562004122713900, 0.001450912400824541900 ),
 .UNSPECIFIED. ) ;
#1380 = LOCAL_TIME ( 15, 19, 38.00000000000000000, #597 ) ;
#1381 = VERTEX_POINT ( 'NONE', #1026 ) ;
#1382 = CARTESIAN_POINT ( 'NONE',  ( 0.0000000000000000000, 0.0000000000000000000, -0.1000000000000000100 ) ) ;
#1383 = CARTESIAN_POINT ( 'NONE',  ( -2.365978103383265600, 20.98716073900024900, -12.28631015338972100 ) ) ;
#1384 = CC_DESIGN_APPROVAL ( #351, ( #8 ) ) ;
#1385 = CARTESIAN_POINT ( 'NONE',  ( 3.494348340808794100, 19.96934327022041300, -12.76092623368568500 ) ) ;
#1386 = LINE ( 'NONE', #1027, #1064 ) ;
#1387 = LINE ( 'NONE', #2400, #547 ) ;
#1388 = CARTESIAN_POINT ( 'NONE',  ( -1.259109769979336300, 19.90000000000000200, -12.69999999999999900 ) ) ;
#1389 = CIRCLE ( 'NONE', #2266, 1.100000000000000300 ) ;
#1390 = CARTESIAN_POINT ( 'NONE',  ( -5.000000000000000900, 13.10000000000000100, -3.000000000000000000 ) ) ;
#1391 = PLANE ( 'NONE',  #839 ) ;
#1392 = DIRECTION ( 'NONE',  ( -1.000000000000000000, -0.0000000000000000000, -0.0000000000000000000 ) ) ;
#1393 = EDGE_CURVE ( 'NONE', #2022, #767, #2153, .T. ) ;
#1394 = VERTEX_POINT ( 'NONE', #1245 ) ;
#1395 = DIRECTION ( 'NONE',  ( 0.0000000000000000000, 1.000000000000000000, 0.0000000000000000000 ) ) ;
#1396 = VERTEX_POINT ( 'NONE', #664 ) ;
#1397 = CARTESIAN_POINT ( 'NONE',  ( -3.299999999999998900, 4.799999999999998000, -0.1000000000000000100 ) ) ;
#1398 = CARTESIAN_POINT ( 'NONE',  ( 1.673732241964734500, -14.90000000000000900, -10.33142189998346600 ) ) ;
#1399 = ADVANCED_FACE ( 'NONE', ( #1639 ), #1681, .T. ) ;
#1400 = DIRECTION ( 'NONE',  ( 2.098455817713880300E-016, -1.000000000000000000, 0.0000000000000000000 ) ) ;
#1401 = DIRECTION ( 'NONE',  ( 1.000000000000000000, 0.0000000000000000000, -0.0000000000000000000 ) ) ;
#1402 = CARTESIAN_POINT ( 'NONE',  ( 8.673617379884035500E-016, 21.58035643556662500, -12.00969845729623000 ) ) ;
#1403 = CARTESIAN_POINT ( 'NONE',  ( -2.333655267383783400, 21.84574836636178900, -11.88594416755404600 ) ) ;
#1404 = CC_DESIGN_DATE_AND_TIME_ASSIGNMENT ( #2439, #1090, ( #538 ) ) ;
#1405 = CARTESIAN_POINT ( 'NONE',  ( -3.028764037251226800, 20.10000000000000900, -12.58840818921717500 ) ) ;
#1406 = CARTESIAN_POINT ( 'NONE',  ( -4.150000000000003900, -8.899999999999998600, -3.050000000000000700 ) ) ;
#1407 = ORIENTED_EDGE ( 'NONE', *, *, #183, .T. ) ;
#1408 = VERTEX_POINT ( 'NONE', #1433 ) ;
#1409 = DIRECTION ( 'NONE',  ( 0.0000000000000000000, 0.0000000000000000000, 1.000000000000000000 ) ) ;
#1410 = PLANE ( 'NONE',  #2025 ) ;
#1411 = ORIENTED_EDGE ( 'NONE', *, *, #793, .T. ) ;
#1412 = CARTESIAN_POINT ( 'NONE',  ( -5.169475958410885100E-015, -14.90000000000000000, -12.65000000000000900 ) ) ;
#1413 = CARTESIAN_POINT ( 'NONE',  ( -2.572373022535294800, 20.27112490500727700, -12.62020314629404200 ) ) ;
#1414 = PERSON_AND_ORGANIZATION ( #2150, #2350 ) ;
#1415 = ADVANCED_FACE ( 'NONE', ( #26, #146 ), #824, .T. ) ;
#1416 = CIRCLE ( 'NONE', #1428, 1.199999999999999700 ) ;
#1417 = CARTESIAN_POINT ( 'NONE',  ( 1.259109769979337000, 21.58035643556662500, -8.790301542703762300 ) ) ;
#1418 = EDGE_LOOP ( 'NONE', ( #1186, #1019, #1292, #361 ) ) ;
#1419 = VECTOR ( 'NONE', #1175, 1000.000000000000000 ) ;
#1420 = EDGE_LOOP ( 'NONE', ( #1097, #1474, #345, #1499 ) ) ;
#1421 = DIRECTION ( 'NONE',  ( 0.0000000000000000000, 0.0000000000000000000, 1.000000000000000000 ) ) ;
#1422 = CARTESIAN_POINT ( 'NONE',  ( 2.546538042214217900, 20.10000000000000500, -12.69999999999999900 ) ) ;
#1423 = LINE ( 'NONE', #1776, #1241 ) ;
#1424 = DIRECTION ( 'NONE',  ( -3.469446951953614200E-016, -1.000000000000000000, 0.0000000000000000000 ) ) ;
#1425 = DIRECTION ( 'NONE',  ( 0.0000000000000000000, 0.0000000000000000000, 1.000000000000000000 ) ) ;
#1426 = CIRCLE ( 'NONE', #2461, 2.099999999999999600 ) ;
#1427 = VECTOR ( 'NONE', #110, 1000.000000000000000 ) ;
#1428 = AXIS2_PLACEMENT_3D ( 'NONE', #248, #469, #448 ) ;
#1429 = EDGE_CURVE ( 'NONE', #1629, #1447, #2222, .T. ) ;
#1430 = DIRECTION ( 'NONE',  ( 1.000000000000000000, 0.0000000000000000000, 0.0000000000000000000 ) ) ;
#1431 = ADVANCED_FACE ( 'NONE', ( #1001 ), #1233, .T. ) ;
#1432 = ORIENTED_EDGE ( 'NONE', *, *, #1451, .F. ) ;
#1433 = CARTESIAN_POINT ( 'NONE',  ( 0.5000000000000000000, 0.0000000000000000000, -0.1000000000000000100 ) ) ;
#1434 = AXIS2_PLACEMENT_3D ( 'NONE', #2291, #2271, #136 ) ;
#1435 = ORIENTED_EDGE ( 'NONE', *, *, #1588, .F. ) ;
#1436 = DIRECTION ( 'NONE',  ( -0.0000000000000000000, 1.000000000000000000, -0.0000000000000000000 ) ) ;
#1437 = ORIENTED_EDGE ( 'NONE', *, *, #1429, .F. ) ;
#1438 = CARTESIAN_POINT ( 'NONE',  ( -2.043504254700678800E-014, -58.89999999999999900, -12.65000000000000200 ) ) ;
#1439 = DIRECTION ( 'NONE',  ( 1.000000000000000000, 0.0000000000000000000, 0.0000000000000000000 ) ) ;
#1440 = VERTEX_POINT ( 'NONE', #851 ) ;
#1441 = CARTESIAN_POINT ( 'NONE',  ( -2.575982588764735800, 21.69366738422832300, -8.843139305817739900 ) ) ;
#1442 = CARTESIAN_POINT ( 'NONE',  ( -1.162080878001813300, -10.39999999999074700, -8.426842220690018000 ) ) ;
#1443 = PLANE ( 'NONE',  #2468 ) ;
#1444 = PRODUCT_DEFINITION_FORMATION_WITH_SPECIFIED_SOURCE ( 'ANY', '', #390, .NOT_KNOWN. ) ;
#1445 = DIRECTION ( 'NONE',  ( 0.0000000000000000000, 0.0000000000000000000, 1.000000000000000000 ) ) ;
#1446 = ADVANCED_FACE ( 'NONE', ( #1763 ), #211, .T. ) ;
#1447 = VERTEX_POINT ( 'NONE', #256 ) ;
#1448 = CARTESIAN_POINT ( 'NONE',  ( -4.999999999999999100, 20.10000000000000500, 0.0000000000000000000 ) ) ;
#1449 = CARTESIAN_POINT ( 'NONE',  ( 2.808243568348982600, -14.90000000000000700, -12.03301696876936900 ) ) ;
#1450 = CARTESIAN_POINT ( 'NONE',  ( -2.305592617455096200, -14.90000000000000400, -14.33745243192756600 ) ) ;
#1451 = EDGE_CURVE ( 'NONE', #134, #76, #20, .T. ) ;
#1452 = CARTESIAN_POINT ( 'NONE',  ( -2.333655267383844700, 21.84574836636150500, -8.914055832445976400 ) ) ;
#1453 = CARTESIAN_POINT ( 'NONE',  ( -3.450000000000000200, 20.10000000000000500, -11.74511231769187300 ) ) ;
#1454 = CARTESIAN_POINT ( 'NONE',  ( 2.100000000000000100, 20.30000000000000100, -12.60673846836897900 ) ) ;
#1455 = ORIENTED_EDGE ( 'NONE', *, *, #285, .F. ) ;
#1456 = CARTESIAN_POINT ( 'NONE',  ( 3.435821053953535200, -10.40000000000000000, -13.35719690507549200 ) ) ;
#1457 = DIRECTION ( 'NONE',  ( -0.0000000000000000000, 1.000000000000000000, -0.0000000000000000000 ) ) ;
#1458 = CIRCLE ( 'NONE', #703, 0.5000000000000000000 ) ;
#1459 = DIRECTION ( 'NONE',  ( 1.000000000000000000, -3.469446951953614200E-016, 0.0000000000000000000 ) ) ;
#1460 = ORIENTED_EDGE ( 'NONE', *, *, #1162, .F. ) ;
#1461 = CARTESIAN_POINT ( 'NONE',  ( -1.055002217553334900, -14.89999999999999700, -15.30817165942261600 ) ) ;
#1462 = VECTOR ( 'NONE', #77, 1000.000000000000000 ) ;
#1463 = FACE_OUTER_BOUND ( 'NONE', #726, .T. ) ;
#1464 = CARTESIAN_POINT ( 'NONE',  ( -2.720800987637647300, 21.57419285977706700, -9.461094794192275600 ) ) ;
#1465 = CARTESIAN_POINT ( 'NONE',  ( 0.5227839373682069400, -10.39999999999074900, -8.274559388689986900 ) ) ;
#1466 = DIRECTION ( 'NONE',  ( 0.0000000000000000000, 0.0000000000000000000, 1.000000000000000000 ) ) ;
#1467 = CIRCLE ( 'NONE', #1773, 1.199999999999999700 ) ;
#1468 = CARTESIAN_POINT ( 'NONE',  ( 0.0000000000000000000, 20.30000000000000100, -13.45000000000000300 ) ) ;
#1469 = ORIENTED_EDGE ( 'NONE', *, *, #1531, .T. ) ;
#1470 = EDGE_CURVE ( 'NONE', #1581, #1956, #175, .T. ) ;
#1471 = EDGE_CURVE ( 'NONE', #2394, #1887, #644, .T. ) ;
#1472 = ORIENTED_EDGE ( 'NONE', *, *, #1124, .T. ) ;
#1473 = CARTESIAN_POINT ( 'NONE',  ( 3.155515068920989200, -10.39999999999999900, -13.90647491531503900 ) ) ;
#1474 = ORIENTED_EDGE ( 'NONE', *, *, #2263, .F. ) ;
#1475 = CARTESIAN_POINT ( 'NONE',  ( -3.295668061437271800, -10.40000000000000000, -10.26816408980474400 ) ) ;
#1476 = CARTESIAN_POINT ( 'NONE',  ( 2.669266155951307800, 20.09999999999999400, -12.69999999999998000 ) ) ;
#1477 = ORIENTED_EDGE ( 'NONE', *, *, #2089, .T. ) ;
#1478 = CARTESIAN_POINT ( 'NONE',  ( 2.107503042935619000, 21.58035643556662500, -8.790301542703764100 ) ) ;
#1479 = CARTESIAN_POINT ( 'NONE',  ( 3.200874711565857100, -10.39999999999074900, -10.07153923522097100 ) ) ;
#1480 = CARTESIAN_POINT ( 'NONE',  ( 3.299999999999999800, 10.29999999999999700, -0.1000000000000000100 ) ) ;
#1481 = AXIS2_PLACEMENT_3D ( 'NONE', #1979, #1197, #1789 ) ;
#1482 = EDGE_LOOP ( 'NONE', ( #1157, #2092, #297, #765, #2358, #185, #1135, #714 ) ) ;
#1483 = DIRECTION ( 'NONE',  ( -1.885568995626964500E-016, 0.0000000000000000000, -1.000000000000000000 ) ) ;
#1484 = EDGE_CURVE ( 'NONE', #1201, #2196, #2014, .T. ) ;
#1485 = PERSON_AND_ORGANIZATION ( #2150, #2350 ) ;
#1486 = CARTESIAN_POINT ( 'NONE',  ( -2.613423927233391500, -14.90000000000000200, -13.80265579275169900 ) ) ;
#1487 = AXIS2_PLACEMENT_3D ( 'NONE', #1388, #2492, #180 ) ;
#1488 = APPROVAL_PERSON_ORGANIZATION ( #698, #351, #1868 ) ;
#1489 = DIRECTION ( 'NONE',  ( 1.000000000000000000, 0.0000000000000000000, 0.0000000000000000000 ) ) ;
#1490 = VECTOR ( 'NONE', #2319, 1000.000000000000000 ) ;
#1491 = ORIENTED_EDGE ( 'NONE', *, *, #619, .F. ) ;
#1492 = LINE ( 'NONE', #1397, #2076 ) ;
#1493 = VERTEX_POINT ( 'NONE', #1280 ) ;
#1494 = CARTESIAN_POINT ( 'NONE',  ( 3.534766630084772200, -10.40000000000000200, -10.82372402327618500 ) ) ;
#1495 = FACE_OUTER_BOUND ( 'NONE', #2250, .T. ) ;
#1496 = VECTOR ( 'NONE', #834, 1000.000000000000000 ) ;
#1497 = CARTESIAN_POINT ( 'NONE',  ( 0.5000000000000000000, 0.0000000000000000000, -0.2000000000000000100 ) ) ;
#1498 = CC_DESIGN_PERSON_AND_ORGANIZATION_ASSIGNMENT ( #1728, #1300, ( #390 ) ) ;
#1499 = ORIENTED_EDGE ( 'NONE', *, *, #1697, .F. ) ;
#1500 = DIRECTION ( 'NONE',  ( 0.0000000000000000000, 0.0000000000000000000, 1.000000000000000000 ) ) ;
#1501 = ORIENTED_EDGE ( 'NONE', *, *, #1361, .T. ) ;
#1502 = EDGE_CURVE ( 'NONE', #756, #1145, #337, .T. ) ;
#1503 = CARTESIAN_POINT ( 'NONE',  ( 2.305592617455079800, -14.90000000000000200, -10.96254756807244000 ) ) ;
#1504 = EDGE_CURVE ( 'NONE', #1981, #1927, #1576, .T. ) ;
#1505 = ORIENTED_EDGE ( 'NONE', *, *, #1114, .F. ) ;
#1506 = CARTESIAN_POINT ( 'NONE',  ( 1.259109769979337700, 22.10000000000000500, -9.032615316310005600 ) ) ;
#1507 = CARTESIAN_POINT ( 'NONE',  ( 2.100000000000000100, 20.30000000000000100, -14.19999999999999900 ) ) ;
#1508 = PERSON_AND_ORGANIZATION_ROLE ( 'creator' ) ;
#1509 = CARTESIAN_POINT ( 'NONE',  ( 0.5227839373669207500, -10.40000000000000200, -8.274559388693107900 ) ) ;
#1510 = ORIENTED_EDGE ( 'NONE', *, *, #2278, .F. ) ;
#1511 = EDGE_LOOP ( 'NONE', ( #1008, #1923, #114, #196 ) ) ;
#1512 = CARTESIAN_POINT ( 'NONE',  ( 0.0000000000000000000, 20.30000000000000100, -14.20000000000000500 ) ) ;
#1513 = ORIENTED_EDGE ( 'NONE', *, *, #1270, .F. ) ;
#1514 = DIRECTION ( 'NONE',  ( 1.000000000000000000, 0.0000000000000000000, -0.0000000000000000000 ) ) ;
#1515 = EDGE_CURVE ( 'NONE', #1632, #2162, #578, .T. ) ;
#1516 = CARTESIAN_POINT ( 'NONE',  ( 5.000000000000000900, 13.10000000000000300, -3.000000000000000000 ) ) ;
#1517 = CARTESIAN_POINT ( 'NONE',  ( -3.295668061437271800, -10.40000000000000000, -10.26816408980474400 ) ) ;
#1518 = VECTOR ( 'NONE', #1752, 1000.000000000000000 ) ;
#1519 = CARTESIAN_POINT ( 'NONE',  ( -2.796128279439407100, -14.90000000000000000, -12.04952277735184500 ) ) ;
#1520 = VECTOR ( 'NONE', #1400, 1000.000000000000000 ) ;
#1521 = ORIENTED_EDGE ( 'NONE', *, *, #495, .F. ) ;
#1522 = VECTOR ( 'NONE', #873, 1000.000000000000000 ) ;
#1523 = FACE_OUTER_BOUND ( 'NONE', #1167, .T. ) ;
#1524 = CARTESIAN_POINT ( 'NONE',  ( -1.855544113359041800, -14.90000000000000200, -14.82472330223927800 ) ) ;
#1525 = DIRECTION ( 'NONE',  ( -0.0000000000000000000, -0.0000000000000000000, 1.000000000000000000 ) ) ;
#1526 = DIRECTION ( 'NONE',  ( 0.0000000000000000000, -0.0000000000000000000, 1.000000000000000000 ) ) ;
#1527 = ORIENTED_EDGE ( 'NONE', *, *, #595, .F. ) ;
#1528 = APPROVAL ( #2084, 'UNSPECIFIED' ) ;
#1529 = VERTEX_POINT ( 'NONE', #2404 ) ;
#1530 = CARTESIAN_POINT ( 'NONE',  ( -0.7722871636215336000, -14.90000000000000400, -9.897539657900727800 ) ) ;
#1531 = EDGE_CURVE ( 'NONE', #2493, #1562, #1946, .T. ) ;
#1532 = DIRECTION ( 'NONE',  ( -3.469446951953613700E-016, -1.000000000000000000, 0.0000000000000000000 ) ) ;
#1533 = EDGE_CURVE ( 'NONE', #208, #1394, #2331, .T. ) ;
#1534 = PLANE ( 'NONE',  #1342 ) ;
#1535 = ORIENTED_EDGE ( 'NONE', *, *, #2314, .F. ) ;
#1536 = CARTESIAN_POINT ( 'NONE',  ( -1.991540377849588400, -14.90000000000000200, -10.57619506139205300 ) ) ;
#1537 = EDGE_LOOP ( 'NONE', ( #340, #548, #216, #649 ) ) ;
#1538 = CARTESIAN_POINT ( 'NONE',  ( 5.000000000000003600, -5.899999999999995000, -2.999999999999997300 ) ) ;
#1539 = DIRECTION ( 'NONE',  ( -0.0000000000000000000, -0.0000000000000000000, 1.000000000000000000 ) ) ;
#1540 = CARTESIAN_POINT ( 'NONE',  ( 5.000000000000000000, 20.10000000000000500, -18.00000000000000000 ) ) ;
#1541 = EDGE_CURVE ( 'NONE', #1853, #257, #1154, .T. ) ;
#1542 = ORIENTED_EDGE ( 'NONE', *, *, #1684, .T. ) ;
#1543 = LINE ( 'NONE', #808, #1941 ) ;
#1544 = CARTESIAN_POINT ( 'NONE',  ( 0.0000000000000000000, 0.0000000000000000000, -0.2000000000000000100 ) ) ;
#1545 = CARTESIAN_POINT ( 'NONE',  ( 1.469576158976823800E-016, 19.10000000000000100, -15.40000000000000400 ) ) ;
#1546 = ORIENTED_EDGE ( 'NONE', *, *, #654, .F. ) ;
#1547 = FACE_BOUND ( 'NONE', #137, .T. ) ;
#1548 = VERTEX_POINT ( 'NONE', #687 ) ;
#1549 = DIRECTION ( 'NONE',  ( 0.0000000000000000000, 1.000000000000000000, 0.0000000000000000000 ) ) ;
#1550 = VECTOR ( 'NONE', #1176, 1000.000000000000100 ) ;
#1551 = CIRCLE ( 'NONE', #1038, 1.850000000000000800 ) ;
#1552 = CARTESIAN_POINT ( 'NONE',  ( -1.100000000000000300, 19.70000000000000300, -14.50000000000000400 ) ) ;
#1553 = DIRECTION ( 'NONE',  ( -0.0000000000000000000, -0.0000000000000000000, 1.000000000000000000 ) ) ;
#1554 = EDGE_LOOP ( 'NONE', ( #771, #30, #2372, #1204 ) ) ;
#1555 = B_SPLINE_SURFACE_WITH_KNOTS ( 'NONE', 3, 1, ( 
 ( #610, #1367 ),
 ( #1780, #1347 ),
 ( #382, #1745 ),
 ( #1630, #1049 ),
 ( #1633, #738 ),
 ( #1082, #1486 ),
 ( #2259, #1855 ),
 ( #868, #122 ),
 ( #2411, #696 ),
 ( #2251, #1267 ),
 ( #717, #506 ),
 ( #316, #1647 ),
 ( #494, #1461 ),
 ( #2427, #307 ),
 ( #1686, #287 ),
 ( #108, #1092 ),
 ( #516, #2421 ),
 ( #2436, #501 ),
 ( #2078, #1657 ),
 ( #2235, #1672 ),
 ( #1869, #482 ),
 ( #707, #2069 ),
 ( #1288, #1067 ),
 ( #1845, #1664 ),
 ( #1473, #1875 ),
 ( #904, #880 ),
 ( #2265, #1076 ),
 ( #298, #1104 ),
 ( #2445, #1449 ),
 ( #2098, #535 ),
 ( #1494, #1128 ),
 ( #152, #1503 ),
 ( #334, #928 ),
 ( #2473, #1917 ),
 ( #1896, #1113 ),
 ( #936, #130 ),
 ( #1711, #740 ),
 ( #1119, #143 ),
 ( #730, #542 ),
 ( #1509, #2452 ),
 ( #1908, #349 ),
 ( #1699, #2460 ),
 ( #528, #2286 ),
 ( #2279, #2091 ),
 ( #1140, #1311 ),
 ( #1885, #344 ),
 ( #2464, #745 ),
 ( #1705, #1903 ),
 ( #1318, #724 ),
 ( #1517, #551 ) ),
 .UNSPECIFIED., .T., .F., .F.,
 ( 4, 2, 2, 2, 2, 2, 2, 2, 2, 2, 2, 2, 2, 2, 2, 2, 2, 2, 2, 2, 2, 2, 2, 2, 4 ),
 ( 2, 2 ),
 ( 0.0000000000000000000, 0.06250000000000000000, 0.1250000000000000000, 0.1562500000000000000, 0.1875000000000000000, 0.2187500000000000000, 0.2500000000000000000, 0.2812500000000000000, 0.3125000000000000000, 0.3437500000000000000, 0.3750000000000000000, 0.4375000000000000000, 0.5000000000000000000, 0.5625000000000000000, 0.6250000000000000000, 0.6562500000000000000, 0.6875000000000000000, 0.7187500000000000000, 0.7500000000000000000, 0.7812500000000000000, 0.8125000000000000000, 0.8437500000000000000, 0.8750000000000000000, 0.9375000000000000000, 1.000000000000000000 ),
 ( 0.0000000000000000000, 1.000000000000000000 ),
 .UNSPECIFIED. ) ;
#1556 = ORIENTED_EDGE ( 'NONE', *, *, #2281, .T. ) ;
#1557 = CARTESIAN_POINT ( 'NONE',  ( 3.460399954998178100, 20.20624250186651900, -11.71583768136705400 ) ) ;
#1558 = UNCERTAINTY_MEASURE_WITH_UNIT (LENGTH_MEASURE( 1.000000000000000100E-005 ), #126, 'distance_accuracy_value', 'NONE');
#1559 = AXIS2_PLACEMENT_3D ( 'NONE', #462, #827, #651 ) ;
#1560 = EDGE_CURVE ( 'NONE', #2470, #2444, #553, .T. ) ;
#1561 = DIRECTION ( 'NONE',  ( 1.000000000000000000, 0.0000000000000000000, 0.0000000000000000000 ) ) ;
#1562 = VERTEX_POINT ( 'NONE', #859 ) ;
#1563 = CARTESIAN_POINT ( 'NONE',  ( -3.300000000000000300, 3.099999999999997900, 0.0000000000000000000 ) ) ;
#1564 = ORIENTED_EDGE ( 'NONE', *, *, #2459, .T. ) ;
#1565 = DIRECTION ( 'NONE',  ( 1.000000000000000000, 1.495451272393799000E-016, -0.0000000000000000000 ) ) ;
#1566 = CARTESIAN_POINT ( 'NONE',  ( 0.0000000000000000000, 0.0000000000000000000, -0.1000000000000000100 ) ) ;
#1567 = DIRECTION ( 'NONE',  ( 1.000000000000000000, -4.688441826964343300E-016, 0.0000000000000000000 ) ) ;
#1568 = APPROVAL_DATE_TIME ( #291, #1966 ) ;
#1569 = CC_DESIGN_SECURITY_CLASSIFICATION ( #538, ( #1444 ) ) ;
#1570 = DIRECTION ( 'NONE',  ( -1.000000000000000000, -0.0000000000000000000, -0.0000000000000000000 ) ) ;
#1571 = FACE_OUTER_BOUND ( 'NONE', #1418, .T. ) ;
#1572 = VECTOR ( 'NONE', #2207, 1000.000000000000000 ) ;
#1573 = ORIENTED_EDGE ( 'NONE', *, *, #1152, .T. ) ;
#1574 = DIRECTION ( 'NONE',  ( 0.0000000000000000000, 0.0000000000000000000, -1.000000000000000000 ) ) ;
#1575 = LINE ( 'NONE', #818, #639 ) ;
#1576 = LINE ( 'NONE', #1838, #1496 ) ;
#1577 = DIRECTION ( 'NONE',  ( 0.0000000000000000000, 0.0000000000000000000, -1.000000000000000000 ) ) ;
#1578 = EDGE_CURVE ( 'NONE', #1083, #1493, #1309, .T. ) ;
#1579 = DIRECTION ( 'NONE',  ( 1.000000000000000000, 1.495451272393799000E-016, 0.0000000000000000000 ) ) ;
#1580 = CARTESIAN_POINT ( 'NONE',  ( 2.122836398595604000, 21.26965221634409200, -12.15458221414076500 ) ) ;
#1581 = VERTEX_POINT ( 'NONE', #1656 ) ;
#1582 = ORIENTED_EDGE ( 'NONE', *, *, #113, .F. ) ;
#1583 = DIRECTION ( 'NONE',  ( -0.0000000000000000000, 1.000000000000000000, 0.0000000000000000000 ) ) ;
#1584 = CARTESIAN_POINT ( 'NONE',  ( 0.0000000000000000000, 0.0000000000000000000, -0.2000000000000000100 ) ) ;
#1585 = ORIENTED_EDGE ( 'NONE', *, *, #251, .F. ) ;
#1586 = CARTESIAN_POINT ( 'NONE',  ( 0.0000000000000000000, 21.58035643556662500, -12.00969845729623000 ) ) ;
#1587 = CARTESIAN_POINT ( 'NONE',  ( 5.000000000000000000, 20.10000000000000500, -18.00000000000000000 ) ) ;
#1588 = EDGE_CURVE ( 'NONE', #257, #1956, #1180, .T. ) ;
#1589 = EDGE_CURVE ( 'NONE', #1956, #938, #2391, .T. ) ;
#1590 = CARTESIAN_POINT ( 'NONE',  ( -2.526353369694879900, -14.90000000000000400, -13.98435775703134000 ) ) ;
#1591 = DIRECTION ( 'NONE',  ( 0.0000000000000000000, 1.000000000000000000, 0.0000000000000000000 ) ) ;
#1592 = ORIENTED_EDGE ( 'NONE', *, *, #2359, .F. ) ;
#1593 = CARTESIAN_POINT ( 'NONE',  ( -3.460399954998078200, 20.20624250186687500, -11.71583768136705000 ) ) ;
#1594 = ADVANCED_FACE ( 'NONE', ( #124 ), #65, .T. ) ;
#1595 = VERTEX_POINT ( 'NONE', #296 ) ;
#1596 = ADVANCED_FACE ( 'NONE', ( #1214 ), #1949, .F. ) ;
#1597 = CARTESIAN_POINT ( 'NONE',  ( -2.100000000000000100, 20.10000000000000500, -14.19999999999999900 ) ) ;
#1598 = CARTESIAN_POINT ( 'NONE',  ( -2.100000000000000100, 20.30000000000000100, -14.19999999999999900 ) ) ;
#1599 = ORIENTED_EDGE ( 'NONE', *, *, #2476, .T. ) ;
#1600 = DIRECTION ( 'NONE',  ( 0.0000000000000000000, 0.0000000000000000000, 1.000000000000000000 ) ) ;
#1601 = CARTESIAN_POINT ( 'NONE',  ( -4.150000000000004800, -10.39999999999999900, -3.050000000000000700 ) ) ;
#1602 = COORDINATED_UNIVERSAL_TIME_OFFSET ( 9, 0, .AHEAD. ) ;
#1603 = DIRECTION ( 'NONE',  ( -0.4539904997395408600, 0.0000000000000000000, 0.8910065241883709000 ) ) ;
#1604 = CARTESIAN_POINT ( 'NONE',  ( -3.161646713939789200, 21.07772858397330000, -12.24407767369615400 ) ) ;
#1605 = VERTEX_POINT ( 'NONE', #890 ) ;
#1606 = LINE ( 'NONE', #2471, #2073 ) ;
#1607 = AXIS2_PLACEMENT_3D ( 'NONE', #2315, #1947, #404 ) ;
#1608 = EDGE_CURVE ( 'NONE', #453, #2437, #1615, .T. ) ;
#1609 = CARTESIAN_POINT ( 'NONE',  ( 2.546538042214220100, 20.10000000000000500, -8.099999999999999600 ) ) ;
#1610 = FACE_OUTER_BOUND ( 'NONE', #927, .T. ) ;
#1611 = LINE ( 'NONE', #1106, #1943 ) ;
#1612 = DIRECTION ( 'NONE',  ( -0.0000000000000000000, -0.0000000000000000000, 1.000000000000000000 ) ) ;
#1613 = ADVANCED_FACE ( 'NONE', ( #674 ), #2324, .T. ) ;
#1614 = FACE_OUTER_BOUND ( 'NONE', #1964, .T. ) ;
#1615 = LINE ( 'NONE', #1563, #200 ) ;
#1616 = ADVANCED_FACE ( 'NONE', ( #1102 ), #150, .T. ) ;
#1617 = CARTESIAN_POINT ( 'NONE',  ( -3.340638127170183900, 20.10000000000000900, -8.584526674167447500 ) ) ;
#1618 = CARTESIAN_POINT ( 'NONE',  ( 3.450000000000000200, 20.10000000000000500, -11.74511231769187300 ) ) ;
#1619 = DIRECTION ( 'NONE',  ( 3.469446951953614200E-016, 1.000000000000000000, -0.0000000000000000000 ) ) ;
#1620 = EDGE_LOOP ( 'NONE', ( #592, #572, #1777, #2231 ) ) ;
#1621 = CARTESIAN_POINT ( 'NONE',  ( 3.333535890729692600, -10.40000000000000700, -10.32193023180115400 ) ) ;
#1622 = DIRECTION ( 'NONE',  ( -4.180056568618813000E-016, -1.000000000000000000, -5.754954174995326700E-032 ) ) ;
#1623 = CARTESIAN_POINT ( 'NONE',  ( -1.259109769979336100, 22.10000000000000500, -9.032615316310005600 ) ) ;
#1624 = ADVANCED_FACE ( 'NONE', ( #784 ), #1036, .F. ) ;
#1625 = CARTESIAN_POINT ( 'NONE',  ( 3.450000000000002400, 20.10000000000000100, -8.932274133268009600 ) ) ;
#1626 = ORIENTED_EDGE ( 'NONE', *, *, #2483, .F. ) ;
#1627 = AXIS2_PLACEMENT_3D ( 'NONE', #2348, #1395, #36 ) ;
#1628 = EDGE_CURVE ( 'NONE', #790, #2260, #2126, .T. ) ;
#1629 = VERTEX_POINT ( 'NONE', #1750 ) ;
#1630 = CARTESIAN_POINT ( 'NONE',  ( -3.708544771603523600, -10.39999999999999500, -11.64593182542399300 ) ) ;
#1631 = ORIENTED_EDGE ( 'NONE', *, *, #270, .F. ) ;
#1632 = VERTEX_POINT ( 'NONE', #801 ) ;
#1633 = CARTESIAN_POINT ( 'NONE',  ( -3.729893609761130600, -10.40000000000000200, -12.09584730933722300 ) ) ;
#1634 = CARTESIAN_POINT ( 'NONE',  ( 3.276126427542627600, 20.10000000000000900, -8.479625777211108300 ) ) ;
#1635 = CARTESIAN_POINT ( 'NONE',  ( -1.100000000000000300, 19.70000000000000300, -13.90000000000000400 ) ) ;
#1636 = ADVANCED_FACE ( 'NONE', ( #1244 ), #2140, .F. ) ;
#1637 = VECTOR ( 'NONE', #748, 1000.000000000000000 ) ;
#1638 = DIRECTION ( 'NONE',  ( -0.0000000000000000000, -1.000000000000000000, -0.0000000000000000000 ) ) ;
#1639 = FACE_OUTER_BOUND ( 'NONE', #2465, .T. ) ;
#1640 = CARTESIAN_POINT ( 'NONE',  ( -3.300000000000000300, 3.099999999999997900, -0.1000000000000000100 ) ) ;
#1641 = ORIENTED_EDGE ( 'NONE', *, *, #142, .F. ) ;
#1642 = LINE ( 'NONE', #1289, #2300 ) ;
#1643 = LINE ( 'NONE', #2177, #29 ) ;
#1644 = AXIS2_PLACEMENT_3D ( 'NONE', #1516, #348, #744 ) ;
#1645 = EDGE_CURVE ( 'NONE', #994, #177, #1551, .T. ) ;
#1646 = DIRECTION ( 'NONE',  ( -1.495451272393799000E-016, 1.000000000000000000, -0.0000000000000000000 ) ) ;
#1647 = CARTESIAN_POINT ( 'NONE',  ( -1.273406277335053600, -14.90000000000000700, -15.21039459390782700 ) ) ;
#1648 = VERTEX_POINT ( 'NONE', #204 ) ;
#1649 = VERTEX_POINT ( 'NONE', #2203 ) ;
#1650 = CARTESIAN_POINT ( 'NONE',  ( -2.544619878067130100, 20.08680085697456300, -8.093845138526168300 ) ) ;
#1651 = CARTESIAN_POINT ( 'NONE',  ( -1.850000000000005900, -14.90000000000000400, -12.65000000000000200 ) ) ;
#1652 = AXIS2_PLACEMENT_3D ( 'NONE', #2454, #2283, #1489 ) ;
#1653 = CARTESIAN_POINT ( 'NONE',  ( 1.531844026301740100, -14.90000000000000600, -15.06082016730483600 ) ) ;
#1654 = ORIENTED_EDGE ( 'NONE', *, *, #2198, .F. ) ;
#1655 = DIRECTION ( 'NONE',  ( 0.0000000000000000000, -0.0000000000000000000, 1.000000000000000000 ) ) ;
#1656 = CARTESIAN_POINT ( 'NONE',  ( -4.999999999999999100, 20.10000000000000500, -18.00000000000000000 ) ) ;
#1657 = CARTESIAN_POINT ( 'NONE',  ( 0.9786886121669392500, -14.90000000000000400, -15.33429164363644800 ) ) ;
#1658 = CARTESIAN_POINT ( 'NONE',  ( -2.456648685959792000, 20.81945788793146300, -8.435488722862471500 ) ) ;
#1659 = CARTESIAN_POINT ( 'NONE',  ( 1.407196905077144700, -10.39999999999074600, -8.514178946043708500 ) ) ;
#1660 = AXIS2_PLACEMENT_3D ( 'NONE', #1390, #623, #1591 ) ;
#1661 = CARTESIAN_POINT ( 'NONE',  ( 0.0000000000000000000, 20.30000000000000100, -14.20000000000000500 ) ) ;
#1662 = ORIENTED_EDGE ( 'NONE', *, *, #1515, .F. ) ;
#1663 = DIRECTION ( 'NONE',  ( -0.0000000000000000000, -1.000000000000000000, -0.0000000000000000000 ) ) ;
#1664 = CARTESIAN_POINT ( 'NONE',  ( 2.552508275450875000, -14.90000000000000600, -13.95369379217468600 ) ) ;
#1665 = ORIENTED_EDGE ( 'NONE', *, *, #405, .T. ) ;
#1666 = EDGE_CURVE ( 'NONE', #2175, #767, #1379, .T. ) ;
#1667 = CARTESIAN_POINT ( 'NONE',  ( -1.889686563742513500, 22.03115833602562600, -9.587009544834520700 ) ) ;
#1668 = CARTESIAN_POINT ( 'NONE',  ( 0.2232188408840194700, -10.39999999999074900, -8.245356007247700300 ) ) ;
#1669 = LINE ( 'NONE', #88, #1700 ) ;
#1670 = APPROVAL_STATUS ( 'not_yet_approved' ) ;
#1671 = ORIENTED_EDGE ( 'NONE', *, *, #437, .F. ) ;
#1672 = CARTESIAN_POINT ( 'NONE',  ( 1.358467043507048500, -14.90000000000000400, -15.16347155623921900 ) ) ;
#1673 = FACE_BOUND ( 'NONE', #2387, .T. ) ;
#1674 = DIRECTION ( 'NONE',  ( -1.376764663473656500E-016, -0.0000000000000000000, 1.000000000000000000 ) ) ;
#1675 = FACE_OUTER_BOUND ( 'NONE', #508, .T. ) ;
#1676 = LINE ( 'NONE', #245, #575 ) ;
#1677 = CARTESIAN_POINT ( 'NONE',  ( 3.010755968750387500, 20.09999999999999800, -12.57248433878993600 ) ) ;
#1678 = CARTESIAN_POINT ( 'NONE',  ( -1.259109769979335900, 21.58035643556662500, -8.790301542703762300 ) ) ;
#1679 = CARTESIAN_POINT ( 'NONE',  ( -3.299999999999999800, 10.29999999999999700, -0.1000000000000000100 ) ) ;
#1680 = FACE_OUTER_BOUND ( 'NONE', #2312, .T. ) ;
#1681 = CYLINDRICAL_SURFACE ( 'NONE', #2456, 0.8999999999999998000 ) ;
#1682 = DIRECTION ( 'NONE',  ( 0.0000000000000000000, -0.0000000000000000000, -1.000000000000000000 ) ) ;
#1683 = APPROVAL_ROLE ( '' ) ;
#1684 = EDGE_CURVE ( 'NONE', #2267, #2285, #492, .T. ) ;
#1685 = AXIS2_PLACEMENT_3D ( 'NONE', #1894, #925, #1682 ) ;
#1686 = CARTESIAN_POINT ( 'NONE',  ( -1.114907550611703900, -10.40000000000000200, -15.49106592511378200 ) ) ;
#1687 = ORIENTED_EDGE ( 'NONE', *, *, #13, .T. ) ;
#1688 = CARTESIAN_POINT ( 'NONE',  ( 2.463005357377614500, 21.76818049467575400, -9.514547201311620100 ) ) ;
#1689 = DIRECTION ( 'NONE',  ( -0.0000000000000000000, 0.0000000000000000000, 1.000000000000000000 ) ) ;
#1690 = CARTESIAN_POINT ( 'NONE',  ( -2.546538042214221000, 20.10000000000000500, -8.099999999999999600 ) ) ;
#1691 = CARTESIAN_POINT ( 'NONE',  ( 2.853140760533281000, -14.90000000000000600, -12.37704615667930100 ) ) ;
#1692 = SECURITY_CLASSIFICATION_LEVEL ( 'unclassified' ) ;
#1693 = CARTESIAN_POINT ( 'NONE',  ( 2.575982588764778900, 21.69366738422832300, -8.843139305817572900 ) ) ;
#1694 = ORIENTED_EDGE ( 'NONE', *, *, #1666, .T. ) ;
#1695 = ORIENTED_EDGE ( 'NONE', *, *, #947, .F. ) ;
#1696 = CARTESIAN_POINT ( 'NONE',  ( 2.100000000000000100, 20.30000000000000100, -12.59999999999999800 ) ) ;
#1697 = EDGE_CURVE ( 'NONE', #1648, #158, #1893, .T. ) ;
#1698 =( BOUNDED_CURVE ( )  B_SPLINE_CURVE ( 3, ( #1123, #1118, #546, #2458 ),
 .UNSPECIFIED., .F., .F. ) 
 B_SPLINE_CURVE_WITH_KNOTS ( ( 4, 4 ),
 ( 1.661831104832313100, 3.141592653589793600 ),
 .UNSPECIFIED. ) 
 CURVE ( )  GEOMETRIC_REPRESENTATION_ITEM ( )  RATIONAL_B_SPLINE_CURVE ( ( 1.000000000000000000, 0.8256992972506644900, 0.8256992972506644900, 1.000000000000000000 ) ) 
 REPRESENTATION_ITEM ( '' )  );
#1699 = CARTESIAN_POINT ( 'NONE',  ( -0.3570783513027875900, -10.40000000000000200, -8.255854792381892800 ) ) ;
#1700 = VECTOR ( 'NONE', #313, 1000.000000000000000 ) ;
#1701 = CARTESIAN_POINT ( 'NONE',  ( -2.043504254700678800E-014, -58.89999999999999900, -12.65000000000000200 ) ) ;
#1702 = LINE ( 'NONE', #2341, #1490 ) ;
#1703 = CARTESIAN_POINT ( 'NONE',  ( 0.0000000000000000000, 22.10000000000000100, -11.19402144896324300 ) ) ;
#1704 = LINE ( 'NONE', #1800, #1058 ) ;
#1705 = CARTESIAN_POINT ( 'NONE',  ( -2.963577900764028200, -10.40000000000000200, -9.699896045983461300 ) ) ;
#1706 = FACE_OUTER_BOUND ( 'NONE', #1132, .T. ) ;
#1707 = VECTOR ( 'NONE', #690, 1000.000000000000000 ) ;
#1708 =( GEOMETRIC_REPRESENTATION_CONTEXT ( 3 ) GLOBAL_UNCERTAINTY_ASSIGNED_CONTEXT ( ( #1558 ) ) GLOBAL_UNIT_ASSIGNED_CONTEXT ( ( #126, #910, #1290 ) ) REPRESENTATION_CONTEXT ( 'NONE', 'WORKASPACE' ) );
#1709 = EDGE_LOOP ( 'NONE', ( #2499, #1925, #772, #922 ) ) ;
#1710 = EDGE_LOOP ( 'NONE', ( #2406, #2362, #1005, #580 ) ) ;
#1711 = CARTESIAN_POINT ( 'NONE',  ( 1.956474915315030000, -10.40000000000000600, -8.794484931079010100 ) ) ;
#1712 = EDGE_CURVE ( 'NONE', #966, #1981, #1643, .T. ) ;
#1713 = ORIENTED_EDGE ( 'NONE', *, *, #1232, .F. ) ;
#1714 = CARTESIAN_POINT ( 'NONE',  ( -3.729893609761130600, -10.40000000000000200, -12.09584730933722300 ) ) ;
#1715 = CARTESIAN_POINT ( 'NONE',  ( -1.055002217553334900, -14.89999999999999700, -15.30817165942261600 ) ) ;
#1716 = DIRECTION ( 'NONE',  ( -0.0000000000000000000, -0.0000000000000000000, 1.000000000000000000 ) ) ;
#1717 = DIRECTION ( 'NONE',  ( 0.0000000000000000000, 1.000000000000000000, 0.0000000000000000000 ) ) ;
#1718 = ORIENTED_EDGE ( 'NONE', *, *, #2181, .F. ) ;
#1719 = CARTESIAN_POINT ( 'NONE',  ( -3.435821053953543200, -10.39999999999999700, -10.54280309492451200 ) ) ;
#1720 = CARTESIAN_POINT ( 'NONE',  ( 0.5000000000000002200, 7.549999999999999800, -0.2000000000000000100 ) ) ;
#1721 = ORIENTED_EDGE ( 'NONE', *, *, #2306, .T. ) ;
#1722 = EDGE_CURVE ( 'NONE', #1911, #1581, #737, .T. ) ;
#1723 = EDGE_CURVE ( 'NONE', #2206, #1605, #2158, .T. ) ;
#1724 = DATE_AND_TIME ( #2349, #2148 ) ;
#1725 = ORIENTED_EDGE ( 'NONE', *, *, #2304, .T. ) ;
#1726 = DIRECTION ( 'NONE',  ( 1.000000000000000000, 0.0000000000000000000, -0.0000000000000000000 ) ) ;
#1727 = PLANE ( 'NONE',  #168 ) ;
#1728 = PERSON_AND_ORGANIZATION ( #2150, #2350 ) ;
#1729 = CARTESIAN_POINT ( 'NONE',  ( -2.727149969431011700, -14.90000000000000000, -11.82226027989926100 ) ) ;
#1730 = EDGE_LOOP ( 'NONE', ( #1351, #2457, #187, #612 ) ) ;
#1731 = FACE_OUTER_BOUND ( 'NONE', #2340, .T. ) ;
#1732 = FACE_OUTER_BOUND ( 'NONE', #1940, .T. ) ;
#1733 = ORIENTED_EDGE ( 'NONE', *, *, #1194, .T. ) ;
#1734 = CYLINDRICAL_SURFACE ( 'NONE', #657, 1.100000000000000300 ) ;
#1735 = VECTOR ( 'NONE', #381, 1000.000000000000000 ) ;
#1736 = DIRECTION ( 'NONE',  ( -0.0000000000000000000, -1.000000000000000000, -0.0000000000000000000 ) ) ;
#1737 = DIRECTION ( 'NONE',  ( 0.0000000000000000000, 0.0000000000000000000, -1.000000000000000000 ) ) ;
#1738 = DIRECTION ( 'NONE',  ( 1.000000000000000000, 0.0000000000000000000, 0.0000000000000000000 ) ) ;
#1739 = ORIENTED_EDGE ( 'NONE', *, *, #1325, .F. ) ;
#1740 = EDGE_CURVE ( 'NONE', #1529, #1394, #524, .T. ) ;
#1741 = EDGE_LOOP ( 'NONE', ( #383, #1513 ) ) ;
#1742 = CARTESIAN_POINT ( 'NONE',  ( 2.365978103383221700, 20.98716073900024900, -8.513689846610272800 ) ) ;
#1743 = AXIS2_PLACEMENT_3D ( 'NONE', #368, #173, #2487 ) ;
#1744 = VERTEX_POINT ( 'NONE', #1991 ) ;
#1745 = CARTESIAN_POINT ( 'NONE',  ( -2.846521424030672000, -14.90000000000000700, -12.31498987696724300 ) ) ;
#1746 = DIRECTION ( 'NONE',  ( 1.000000000000000000, -4.180056568618813000E-016, 0.0000000000000000000 ) ) ;
#1747 = ORIENTED_EDGE ( 'NONE', *, *, #101, .F. ) ;
#1749 = ORIENTED_EDGE ( 'NONE', *, *, #1298, .T. ) ;
#1748 = DIRECTION ( 'NONE',  ( 0.0000000000000000000, 1.000000000000000000, 0.0000000000000000000 ) ) ;
#1750 = CARTESIAN_POINT ( 'NONE',  ( -4.999999999999998200, -7.499999999999996400, -2.999999999999997300 ) ) ;
#1751 = CYLINDRICAL_SURFACE ( 'NONE', #318, 1.600000000000000800 ) ;
#1752 = DIRECTION ( 'NONE',  ( 1.000000000000000000, -0.0000000000000000000, 0.0000000000000000000 ) ) ;
#1753 = DIRECTION ( 'NONE',  ( 1.000000000000000000, 0.0000000000000000000, 0.0000000000000000000 ) ) ;
#1754 = FACE_OUTER_BOUND ( 'NONE', #246, .T. ) ;
#1755 = DIRECTION ( 'NONE',  ( 1.000000000000000000, 0.0000000000000000000, 0.0000000000000000000 ) ) ;
#1756 = EDGE_CURVE ( 'NONE', #165, #756, #1960, .T. ) ;
#1757 = DIRECTION ( 'NONE',  ( 0.0000000000000000000, 0.0000000000000000000, 1.000000000000000000 ) ) ;
#1758 = VECTOR ( 'NONE', #1080, 1000.000000000000000 ) ;
#1759 = VECTOR ( 'NONE', #1014, 1000.000000000000000 ) ;
#1760 = CARTESIAN_POINT ( 'NONE',  ( -3.534766630084781100, -10.40000000000000400, -13.07627597672382100 ) ) ;
#1761 = CARTESIAN_POINT ( 'NONE',  ( 1.445517432001961900, 21.58035643554572800, -12.00969845730597500 ) ) ;
#1762 = CIRCLE ( 'NONE', #131, 2.099999999999999600 ) ;
#1763 = FACE_OUTER_BOUND ( 'NONE', #1710, .T. ) ;
#1764 = CARTESIAN_POINT ( 'NONE',  ( -4.150000000000004800, -10.39999999999999900, -3.050000000000000700 ) ) ;
#1765 = CARTESIAN_POINT ( 'NONE',  ( 1.849999999999980300, -58.89999999999999900, -12.65000000000000200 ) ) ;
#1766 = ORIENTED_EDGE ( 'NONE', *, *, #2041, .F. ) ;
#1767 = EDGE_LOOP ( 'NONE', ( #1068, #2365, #1163, #2082 ) ) ;
#1768 = CARTESIAN_POINT ( 'NONE',  ( 2.989702400147845800, 21.31234189254693600, -12.13467569120345000 ) ) ;
#1769 = EDGE_CURVE ( 'NONE', #1837, #517, #1065, .T. ) ;
#1770 = CARTESIAN_POINT ( 'NONE',  ( -4.150000000000004800, -10.39999999999999900, -3.050000000000000700 ) ) ;
#1771 = CARTESIAN_POINT ( 'NONE',  ( -3.450000000000000200, 20.10000000000000500, -11.74511231769187300 ) ) ;
#1772 = CARTESIAN_POINT ( 'NONE',  ( -1.445517432001959000, 21.58035643554572800, -12.00969845730597500 ) ) ;
#1773 = AXIS2_PLACEMENT_3D ( 'NONE', #1954, #1181, #198 ) ;
#1774 = CARTESIAN_POINT ( 'NONE',  ( 0.0000000000000000000, 22.10000000000000100, 0.0000000000000000000 ) ) ;
#1775 = CARTESIAN_POINT ( 'NONE',  ( 3.161646713939587600, 21.07772858397363100, -12.24407767369616600 ) ) ;
#1776 = CARTESIAN_POINT ( 'NONE',  ( 1.058300524425836100, 20.30000000000000100, -13.90000000000000400 ) ) ;
#1777 = ORIENTED_EDGE ( 'NONE', *, *, #1863, .F. ) ;
#1778 = CARTESIAN_POINT ( 'NONE',  ( 0.0000000000000000000, 0.0000000000000000000, -18.00000000000000000 ) ) ;
#1779 = ORIENTED_EDGE ( 'NONE', *, *, #416, .F. ) ;
#1780 = CARTESIAN_POINT ( 'NONE',  ( -3.435821053953543200, -10.39999999999999700, -10.54280309492451200 ) ) ;
#1781 = PLANE ( 'NONE',  #653 ) ;
#1782 = CARTESIAN_POINT ( 'NONE',  ( -3.481556185540879900, 19.88438346166956400, -11.80452447040144100 ) ) ;
#1783 = ORIENTED_EDGE ( 'NONE', *, *, #686, .T. ) ;
#1784 = DATE_AND_TIME ( #87, #2182 ) ;
#1785 = AXIS2_PLACEMENT_3D ( 'NONE', #2097, #2479, #567 ) ;
#1786 = VECTOR ( 'NONE', #1392, 1000.000000000000000 ) ;
#1787 = CARTESIAN_POINT ( 'NONE',  ( 5.000000000000004400, -8.900000000000002100, -18.00000000000000000 ) ) ;
#1788 = ORIENTED_EDGE ( 'NONE', *, *, #1973, .F. ) ;
#1789 = DIRECTION ( 'NONE',  ( 0.0000000000000000000, 0.0000000000000000000, -1.000000000000000000 ) ) ;
#1790 = CARTESIAN_POINT ( 'NONE',  ( 0.0000000000000000000, 0.0000000000000000000, -0.2000000000000000100 ) ) ;
#1791 = CARTESIAN_POINT ( 'NONE',  ( -1.259109769979335900, 22.10000000000000100, -9.605978551036749000 ) ) ;
#1792 = AXIS2_PLACEMENT_3D ( 'NONE', #896, #534, #540 ) ;
#1793 = VECTOR ( 'NONE', #1997, 1000.000000000000000 ) ;
#1794 = VECTOR ( 'NONE', #953, 1000.000000000000000 ) ;
#1795 = EDGE_CURVE ( 'NONE', #1493, #2022, #94, .T. ) ;
#1796 = LINE ( 'NONE', #2433, #2330 ) ;
#1797 = CARTESIAN_POINT ( 'NONE',  ( -2.546538042214221900, 20.10000000000000500, -12.69999999999999900 ) ) ;
#1798 = ORIENTED_EDGE ( 'NONE', *, *, #2237, .F. ) ;
#1799 = EDGE_LOOP ( 'NONE', ( #1835, #346, #293, #488 ) ) ;
#1800 = CARTESIAN_POINT ( 'NONE',  ( -4.999999999999995600, -8.899999999999998600, -18.00000000000000000 ) ) ;
#1801 = DIRECTION ( 'NONE',  ( 0.0000000000000000000, 0.4226182617406967800, 0.9063077870366512700 ) ) ;
#1802 = CARTESIAN_POINT ( 'NONE',  ( -4.999999999999998200, -4.299999999999996300, -2.999999999999997300 ) ) ;
#1803 = ORIENTED_EDGE ( 'NONE', *, *, #1515, .T. ) ;
#1804 = CARTESIAN_POINT ( 'NONE',  ( -1.815489996030250900, 22.04728585093604200, -11.79196569509150900 ) ) ;
#1805 = ADVANCED_FACE ( 'NONE', ( #335 ), #709, .T. ) ;
#1806 = ADVANCED_FACE ( 'NONE', ( #1523 ), #806, .F. ) ;
#1807 = DIRECTION ( 'NONE',  ( 0.0000000000000000000, 0.0000000000000000000, 1.000000000000000000 ) ) ;
#1808 = CARTESIAN_POINT ( 'NONE',  ( 1.259109769979336500, 21.58035643556662500, -12.00969845729623000 ) ) ;
#1809 = DIRECTION ( 'NONE',  ( -1.000000000000000000, -0.0000000000000000000, -0.0000000000000000000 ) ) ;
#1810 = DIRECTION ( 'NONE',  ( -0.0000000000000000000, -1.000000000000000000, -0.0000000000000000000 ) ) ;
#1811 = ORIENTED_EDGE ( 'NONE', *, *, #725, .T. ) ;
#1812 = DIRECTION ( 'NONE',  ( 1.000000000000000000, -6.570922257487906300E-017, 0.0000000000000000000 ) ) ;
#1813 = ORIENTED_EDGE ( 'NONE', *, *, #1906, .F. ) ;
#1814 = CARTESIAN_POINT ( 'NONE',  ( 2.305592617455079800, -14.90000000000000200, -10.96254756807244000 ) ) ;
#1815 = CARTESIAN_POINT ( 'NONE',  ( 1.469576158976823800E-016, 20.30000000000000100, -15.40000000000000400 ) ) ;
#1816 = CARTESIAN_POINT ( 'NONE',  ( -3.275386507905368600, 20.10000000000000500, -8.478709864520160600 ) ) ;
#1817 = CARTESIAN_POINT ( 'NONE',  ( -4.999999999999999100, 20.10000000000000500, -18.00000000000000000 ) ) ;
#1818 = CARTESIAN_POINT ( 'NONE',  ( 1.855544113359030500, -14.90000000000000200, -10.47527669776073200 ) ) ;
#1819 = EDGE_LOOP ( 'NONE', ( #2482, #370 ) ) ;
#1820 = CYLINDRICAL_SURFACE ( 'NONE', #1215, 1.100000000000000300 ) ;
#1821 = AXIS2_PLACEMENT_3D ( 'NONE', #1864, #481, #1074 ) ;
#1822 = EDGE_CURVE ( 'NONE', #165, #76, #997, .T. ) ;
#1823 = LINE ( 'NONE', #1258, #2326 ) ;
#1824 = FACE_OUTER_BOUND ( 'NONE', #1268, .T. ) ;
#1825 = VERTEX_POINT ( 'NONE', #1007 ) ;
#1826 = CARTESIAN_POINT ( 'NONE',  ( 0.6004772226481561700, -14.90000000000000000, -9.853871720560610100 ) ) ;
#1827 = FACE_OUTER_BOUND ( 'NONE', #451, .T. ) ;
#1828 = VECTOR ( 'NONE', #1663, 1000.000000000000000 ) ;
#1829 = DIRECTION ( 'NONE',  ( 0.0000000000000000000, -0.0000000000000000000, 1.000000000000000000 ) ) ;
#1830 = CARTESIAN_POINT ( 'NONE',  ( -5.000000000000000900, 13.10000000000000100, -3.000000000000000000 ) ) ;
#1831 = AXIS2_PLACEMENT_3D ( 'NONE', #751, #1321, #1526 ) ;
#1832 = DIRECTION ( 'NONE',  ( 0.0000000000000000000, 1.000000000000000000, 0.0000000000000000000 ) ) ;
#1833 = DIRECTION ( 'NONE',  ( 3.469446951953614200E-016, 1.000000000000000000, 0.0000000000000000000 ) ) ;
#1834 = ADVANCED_FACE ( 'NONE', ( #780 ), #1213, .F. ) ;
#1835 = ORIENTED_EDGE ( 'NONE', *, *, #1298, .F. ) ;
#1836 = CARTESIAN_POINT ( 'NONE',  ( 2.792218551991103100, 20.10000000000000500, -8.100000000000015600 ) ) ;
#1837 = VERTEX_POINT ( 'NONE', #2172 ) ;
#1838 = CARTESIAN_POINT ( 'NONE',  ( -3.299999999999999800, 10.29999999999999700, 0.0000000000000000000 ) ) ;
#1839 = CARTESIAN_POINT ( 'NONE',  ( 3.534766630086846100, -10.39999999999075100, -10.82372402327517400 ) ) ;
#1840 = CARTESIAN_POINT ( 'NONE',  ( 1.358467043507048500, -14.90000000000000400, -15.16347155623921900 ) ) ;
#1841 = DIRECTION ( 'NONE',  ( 0.0000000000000000000, 0.0000000000000000000, -1.000000000000000000 ) ) ;
#1842 = CC_DESIGN_PERSON_AND_ORGANIZATION_ASSIGNMENT ( #444, #527, ( #538 ) ) ;
#1843 = DIRECTION ( 'NONE',  ( 0.4539904997395478000, -0.0000000000000000000, 0.8910065241883673400 ) ) ;
#1844 = CARTESIAN_POINT ( 'NONE',  ( -4.999999999999995600, -8.899999999999998600, -18.00000000000000000 ) ) ;
#1845 = CARTESIAN_POINT ( 'NONE',  ( 2.963577900764020200, -10.40000000000000200, -14.20010395401654600 ) ) ;
#1846 = AXIS2_PLACEMENT_3D ( 'NONE', #1296, #909, #2071 ) ;
#1847 = ADVANCED_FACE ( 'NONE', ( #945 ), #419, .F. ) ;
#1848 = EDGE_CURVE ( 'NONE', #1825, #2382, #2219, .T. ) ;
#1849 = EDGE_LOOP ( 'NONE', ( #2030, #1950 ) ) ;
#1850 = CARTESIAN_POINT ( 'NONE',  ( -1.850000000000021000, -58.89999999999999900, -12.65000000000000200 ) ) ;
#1851 = CARTESIAN_POINT ( 'NONE',  ( 0.5000000000000000000, 0.0000000000000000000, -0.2000000000000000100 ) ) ;
#1852 = CARTESIAN_POINT ( 'NONE',  ( -4.999999999999999100, 20.10000000000000500, 0.0000000000000000000 ) ) ;
#1853 = VERTEX_POINT ( 'NONE', #2135 ) ;
#1854 = DATE_AND_TIME ( #2096, #1380 ) ;
#1855 = CARTESIAN_POINT ( 'NONE',  ( -2.526353369694879900, -14.90000000000000400, -13.98435775703134000 ) ) ;
#1856 = LINE ( 'NONE', #1990, #2379 ) ;
#1857 = CARTESIAN_POINT ( 'NONE',  ( -2.122836398595603100, 21.26965221634409200, -8.645417785859224900 ) ) ;
#1858 = CARTESIAN_POINT ( 'NONE',  ( -0.3570783513019337700, -10.39999999999074900, -8.255854792378519500 ) ) ;
#1859 = ORIENTED_EDGE ( 'NONE', *, *, #675, .F. ) ;
#1860 = CARTESIAN_POINT ( 'NONE',  ( 8.673617379884035500E-016, 22.10000000000000100, -11.76738468368998800 ) ) ;
#1861 = VECTOR ( 'NONE', #1190, 1000.000000000000000 ) ;
#1862 = FACE_OUTER_BOUND ( 'NONE', #206, .T. ) ;
#1863 = EDGE_CURVE ( 'NONE', #1394, #693, #2215, .T. ) ;
#1864 = CARTESIAN_POINT ( 'NONE',  ( 0.0000000000000000000, 20.10000000000000500, -14.19999999999999900 ) ) ;
#1865 = VECTOR ( 'NONE', #1375, 1000.000000000000000 ) ;
#1866 = EDGE_LOOP ( 'NONE', ( #1592, #2488, #1105, #1662 ) ) ;
#1867 = ORIENTED_EDGE ( 'NONE', *, *, #1822, .F. ) ;
#1868 = APPROVAL_ROLE ( '' ) ;
#1869 = CARTESIAN_POINT ( 'NONE',  ( 1.405908265364745200, -10.40000000000000000, -15.38136509188742300 ) ) ;
#1870 = CARTESIAN_POINT ( 'NONE',  ( 2.664240493498146300, 20.94018883505985300, -8.491786488084743600 ) ) ;
#1871 = AXIS2_PLACEMENT_3D ( 'NONE', #1544, #1525, #2121 ) ;
#1872 = EDGE_CURVE ( 'NONE', #1084, #134, #1094, .T. ) ;
#1873 = CARTESIAN_POINT ( 'NONE',  ( 3.603507188019891200, -10.40000000000000400, -11.07502549160938800 ) ) ;
#1874 = ORIENTED_EDGE ( 'NONE', *, *, #359, .T. ) ;
#1875 = CARTESIAN_POINT ( 'NONE',  ( 2.658171659422604800, -14.90000000000000200, -13.70500221755333700 ) ) ;
#1876 = ORIENTED_EDGE ( 'NONE', *, *, #1325, .T. ) ;
#1877 = DESIGN_CONTEXT ( 'detailed design', #2067, 'design' ) ;
#1878 = AXIS2_PLACEMENT_3D ( 'NONE', #1333, #2124, #1986 ) ;
#1879 = CARTESIAN_POINT ( 'NONE',  ( -4.999999999999998200, -5.899999999999996800, -2.999999999999997300 ) ) ;
#1880 = DIRECTION ( 'NONE',  ( 1.000000000000000000, 0.0000000000000000000, 0.0000000000000000000 ) ) ;
#1881 = ORIENTED_EDGE ( 'NONE', *, *, #80, .T. ) ;
#1882 = DIRECTION ( 'NONE',  ( 0.0000000000000000000, 0.0000000000000000000, -1.000000000000000000 ) ) ;
#1883 = FACE_OUTER_BOUND ( 'NONE', #939, .T. ) ;
#1884 = ORIENTED_EDGE ( 'NONE', *, *, #915, .F. ) ;
#1885 = CARTESIAN_POINT ( 'NONE',  ( -2.070482178368467700, -10.40000000000000200, -8.844121488719119700 ) ) ;
#1886 = VECTOR ( 'NONE', #1936, 1000.000000000000000 ) ;
#1887 = VERTEX_POINT ( 'NONE', #965 ) ;
#1888 = CIRCLE ( 'NONE', #723, 2.850000000000000100 ) ;
#1889 = FACE_OUTER_BOUND ( 'NONE', #871, .T. ) ;
#1890 = ORIENTED_EDGE ( 'NONE', *, *, #1863, .T. ) ;
#1891 = DIRECTION ( 'NONE',  ( 3.469446951953614200E-016, 1.000000000000000000, -0.0000000000000000000 ) ) ;
#1892 = CIRCLE ( 'NONE', #711, 1.100000000000000300 ) ;
#1893 = CIRCLE ( 'NONE', #78, 1.850000000000000800 ) ;
#1894 = CARTESIAN_POINT ( 'NONE',  ( -3.299999999999998900, 4.799999999999998000, -0.1000000000000000100 ) ) ;
#1895 = AXIS2_PLACEMENT_3D ( 'NONE', #2180, #2368, #1016 ) ;
#1896 = CARTESIAN_POINT ( 'NONE',  ( 2.669453406023810400, -10.40000000000000200, -9.370041619428574700 ) ) ;
#1897 = EDGE_CURVE ( 'NONE', #2335, #2258, #452, .T. ) ;
#1898 = ORIENTED_EDGE ( 'NONE', *, *, #2399, .F. ) ;
#1899 = CARTESIAN_POINT ( 'NONE',  ( 5.000000000000000900, 11.50000000000000400, -3.000000000000000000 ) ) ;
#1900 = ORIENTED_EDGE ( 'NONE', *, *, #948, .T. ) ;
#1901 = ORIENTED_EDGE ( 'NONE', *, *, #66, .T. ) ;
#1902 = DIRECTION ( 'NONE',  ( 1.000000000000000000, 0.0000000000000000000, 0.0000000000000000000 ) ) ;
#1903 = CARTESIAN_POINT ( 'NONE',  ( -2.552508275450887000, -14.89999999999999900, -11.34630620782533800 ) ) ;
#1904 = AXIS2_PLACEMENT_3D ( 'NONE', #14, #1189, #1567 ) ;
#1905 = ORIENTED_EDGE ( 'NONE', *, *, #1182, .F. ) ;
#1906 = EDGE_CURVE ( 'NONE', #673, #898, #1702, .T. ) ;
#1907 = CARTESIAN_POINT ( 'NONE',  ( 0.0000000000000000000, 21.58035643556662500, -8.790301542703762300 ) ) ;
#1908 = CARTESIAN_POINT ( 'NONE',  ( 0.2232188408828740800, -10.40000000000000200, -8.245356007250919100 ) ) ;
#1909 = CARTESIAN_POINT ( 'NONE',  ( -3.603507188019899700, -10.39999999999999700, -12.82497450839061400 ) ) ;
#1910 = AXIS2_PLACEMENT_3D ( 'NONE', #757, #1338, #1146 ) ;
#1911 = VERTEX_POINT ( 'NONE', #1540 ) ;
#1912 = ORIENTED_EDGE ( 'NONE', *, *, #371, .T. ) ;
#1913 = CIRCLE ( 'NONE', #1147, 0.5000000000000002200 ) ;
#1914 = ORIENTED_EDGE ( 'NONE', *, *, #1906, .T. ) ;
#1915 = CARTESIAN_POINT ( 'NONE',  ( -0.3645714472856195800, -14.90000000000000700, -15.48624252903251600 ) ) ;
#1916 = CARTESIAN_POINT ( 'NONE',  ( -2.422276667486187800, -10.40000000000000400, -9.125404892036773000 ) ) ;
#1917 = CARTESIAN_POINT ( 'NONE',  ( 1.855544113359030500, -14.90000000000000200, -10.47527669776073200 ) ) ;
#1918 = ORIENTED_EDGE ( 'NONE', *, *, #1162, .T. ) ;
#1919 = VECTOR ( 'NONE', #1539, 1000.000000000000000 ) ;
#1920 = DIRECTION ( 'NONE',  ( 0.0000000000000000000, 0.0000000000000000000, -1.000000000000000000 ) ) ;
#1921 = FACE_OUTER_BOUND ( 'NONE', #369, .T. ) ;
#1922 = AXIS2_PLACEMENT_3D ( 'NONE', #1138, #1929, #1726 ) ;
#1923 = ORIENTED_EDGE ( 'NONE', *, *, #1504, .F. ) ;
#1924 = CARTESIAN_POINT ( 'NONE',  ( -3.299999999999998900, 4.799999999999998000, -0.1000000000000000100 ) ) ;
#1925 = ORIENTED_EDGE ( 'NONE', *, *, #113, .T. ) ;
#1926 = EDGE_CURVE ( 'NONE', #253, #115, #1149, .T. ) ;
#1927 = VERTEX_POINT ( 'NONE', #2129 ) ;
#1928 = DIRECTION ( 'NONE',  ( 1.000000000000000000, -0.0000000000000000000, 0.0000000000000000000 ) ) ;
#1929 = DIRECTION ( 'NONE',  ( 0.0000000000000000000, 0.0000000000000000000, 1.000000000000000000 ) ) ;
#1930 = PLANE ( 'NONE',  #826 ) ;
#1931 = ORIENTED_EDGE ( 'NONE', *, *, #102, .T. ) ;
#1932 = VERTEX_POINT ( 'NONE', #1944 ) ;
#1933 = ORIENTED_EDGE ( 'NONE', *, *, #285, .T. ) ;
#1934 = AXIS2_PLACEMENT_3D ( 'NONE', #1830, #59, #2353 ) ;
#1935 = APPROVAL_DATE_TIME ( #1854, #1528 ) ;
#1936 = DIRECTION ( 'NONE',  ( -1.000000000000000000, -0.0000000000000000000, 0.0000000000000000000 ) ) ;
#1937 = CARTESIAN_POINT ( 'NONE',  ( 3.200874711563741000, -10.40000000000000200, -10.07153923522245300 ) ) ;
#1938 = CARTESIAN_POINT ( 'NONE',  ( -5.000000000000000900, 13.10000000000000100, -3.000000000000000000 ) ) ;
#1939 = CIRCLE ( 'NONE', #525, 1.850000000000000800 ) ;
#1940 = EDGE_LOOP ( 'NONE', ( #1460, #901, #2269, #582 ) ) ;
#1941 = VECTOR ( 'NONE', #2183, 1000.000000000000000 ) ;
#1942 = VECTOR ( 'NONE', #1078, 1000.000000000000000 ) ;
#1943 = VECTOR ( 'NONE', #2094, 1000.000000000000000 ) ;
#1944 = CARTESIAN_POINT ( 'NONE',  ( -0.5000000000000000000, 6.123233995736766000E-017, -0.1000000000000000100 ) ) ;
#1945 = CIRCLE ( 'NONE', #568, 0.5000000000000000000 ) ;
#1946 = LINE ( 'NONE', #1066, #1828 ) ;
#1947 = DIRECTION ( 'NONE',  ( 1.000000000000000000, 0.0000000000000000000, 0.0000000000000000000 ) ) ;
#1948 = CARTESIAN_POINT ( 'NONE',  ( -2.043504254700678800E-014, -58.89999999999999900, -12.65000000000000200 ) ) ;
#1949 = PLANE ( 'NONE',  #2127 ) ;
#1950 = ORIENTED_EDGE ( 'NONE', *, *, #1697, .T. ) ;
#1951 = EDGE_CURVE ( 'NONE', #767, #2267, #2434, .T. ) ;
#1952 = CARTESIAN_POINT ( 'NONE',  ( 1.259109769979336500, 21.58035643556662500, -12.00969845729623000 ) ) ;
#1953 = ORIENTED_EDGE ( 'NONE', *, *, #2128, .T. ) ;
#1954 = CARTESIAN_POINT ( 'NONE',  ( 0.0000000000000000000, 19.10000000000000100, -14.20000000000000500 ) ) ;
#1955 = PLANE ( 'NONE',  #2000 ) ;
#1956 = VERTEX_POINT ( 'NONE', #609 ) ;
#1957 = ORIENTED_EDGE ( 'NONE', *, *, #2496, .T. ) ;
#1958 = AXIS2_PLACEMENT_3D ( 'NONE', #1088, #2074, #1514 ) ;
#1959 = CARTESIAN_POINT ( 'NONE',  ( 3.300000000000000700, 3.099999999999997900, 0.0000000000000000000 ) ) ;
#1960 = B_SPLINE_CURVE_WITH_KNOTS ( 'NONE', 3,
 ( #2002, #1625, #252, #269, #1634, #472, #1836, #1609 ),
 .UNSPECIFIED., .F., .F.,
 ( 4, 2, 2, 4 ),
 ( 0.0000000000000000000, 0.0003627281002061360200, 0.0007254562004122720400, 0.001450912400824543200 ),
 .UNSPECIFIED. ) ;
#1961 = CARTESIAN_POINT ( 'NONE',  ( 2.463005357377872500, 21.76818049467563300, -11.28545279868835000 ) ) ;
#1962 = CARTESIAN_POINT ( 'NONE',  ( -2.107503042935619400, 21.58035643556662800, -12.00969845729623000 ) ) ;
#1963 = DIRECTION ( 'NONE',  ( -0.0000000000000000000, -0.0000000000000000000, 1.000000000000000000 ) ) ;
#1964 = EDGE_LOOP ( 'NONE', ( #496, #1898, #1364, #860, #210, #1890, #205 ) ) ;
#1965 = DIRECTION ( 'NONE',  ( 0.0000000000000000000, -0.0000000000000000000, 1.000000000000000000 ) ) ;
#1966 = APPROVAL ( #121, 'UNSPECIFIED' ) ;
#1967 = CARTESIAN_POINT ( 'NONE',  ( 3.285714089330808600, 20.81232553477128300, -11.54883426880458500 ) ) ;
#1968 = EDGE_LOOP ( 'NONE', ( #1721, #605, #1477, #559 ) ) ;
#1969 = APPROVAL_PERSON_ORGANIZATION ( #1023, #1528, #315 ) ;
#1970 = ORIENTED_EDGE ( 'NONE', *, *, #978, .T. ) ;
#1971 = DIRECTION ( 'NONE',  ( 1.000000000000000000, 0.0000000000000000000, -0.0000000000000000000 ) ) ;
#1972 = VECTOR ( 'NONE', #601, 1000.000000000000000 ) ;
#1973 = EDGE_CURVE ( 'NONE', #1548, #2480, #1238, .T. ) ;
#1974 = CARTESIAN_POINT ( 'NONE',  ( -1.631723329930395300, 21.53967727049071000, -12.02866746349848100 ) ) ;
#1975 = DIRECTION ( 'NONE',  ( 1.000000000000000000, 0.0000000000000000000, 0.0000000000000000000 ) ) ;
#1976 = FACE_OUTER_BOUND ( 'NONE', #2131, .T. ) ;
#1977 = LINE ( 'NONE', #1497, #2301 ) ;
#1978 = CARTESIAN_POINT ( 'NONE',  ( -1.259109769979335900, 21.19999999999999900, -9.605978551036749000 ) ) ;
#1979 = CARTESIAN_POINT ( 'NONE',  ( 3.300000000000000700, 3.099999999999997900, -0.1000000000000000100 ) ) ;
#1980 = DIRECTION ( 'NONE',  ( 0.0000000000000000000, 1.000000000000000000, 0.0000000000000000000 ) ) ;
#1981 = VERTEX_POINT ( 'NONE', #2142 ) ;
#1982 = CARTESIAN_POINT ( 'NONE',  ( 0.0000000000000000000, 7.549999999999999800, -0.1000000000000000100 ) ) ;
#1983 = ADVANCED_FACE ( 'NONE', ( #1571 ), #905, .T. ) ;
#1984 = EDGE_LOOP ( 'NONE', ( #1859, #2423 ) ) ;
#1985 = CARTESIAN_POINT ( 'NONE',  ( 0.0000000000000000000, 20.30000000000000100, -14.20000000000000500 ) ) ;
#1986 = DIRECTION ( 'NONE',  ( 1.000000000000000000, -6.570922257487906300E-017, 0.0000000000000000000 ) ) ;
#1987 = EDGE_CURVE ( 'NONE', #2444, #253, #842, .T. ) ;
#1988 = CARTESIAN_POINT ( 'NONE',  ( 0.0000000000000000000, 22.10000000000000100, 0.0000000000000000000 ) ) ;
#1989 = CARTESIAN_POINT ( 'NONE',  ( -1.100000000000000300, 19.70000000000000300, -13.90000000000000400 ) ) ;
#1990 = CARTESIAN_POINT ( 'NONE',  ( -3.300000000000000300, 3.099999999999997900, -0.1000000000000000100 ) ) ;
#1991 = CARTESIAN_POINT ( 'NONE',  ( 0.0000000000000000000, 19.10000000000000100, -13.00000000000000500 ) ) ;
#1992 = EDGE_LOOP ( 'NONE', ( #1874, #1369 ) ) ;
#1993 = ADVANCED_FACE ( 'NONE', ( #636 ), #727, .T. ) ;
#1994 = ORIENTED_EDGE ( 'NONE', *, *, #2061, .T. ) ;
#1995 = ADVANCED_FACE ( 'NONE', ( #1302 ), #1820, .T. ) ;
#1996 = DIRECTION ( 'NONE',  ( 0.0000000000000000000, 0.0000000000000000000, 1.000000000000000000 ) ) ;
#1997 = DIRECTION ( 'NONE',  ( -0.0000000000000000000, -1.000000000000000000, -0.0000000000000000000 ) ) ;
#1998 = DIRECTION ( 'NONE',  ( -0.0000000000000000000, -0.0000000000000000000, 1.000000000000000000 ) ) ;
#1999 = CALENDAR_DATE ( 2021, 2, 6 ) ;
#2000 = AXIS2_PLACEMENT_3D ( 'NONE', #785, #1577, #423 ) ;
#2001 = EDGE_CURVE ( 'NONE', #1315, #474, #90, .T. ) ;
#2002 = CARTESIAN_POINT ( 'NONE',  ( 3.450000000000001100, 20.10000000000000500, -9.054887682308118400 ) ) ;
#2003 = LINE ( 'NONE', #1817, #513 ) ;
#2004 = CARTESIAN_POINT ( 'NONE',  ( -3.299999999999998900, -3.100000000000001900, -0.1000000000000000100 ) ) ;
#2005 = ORIENTED_EDGE ( 'NONE', *, *, #2181, .T. ) ;
#2006 = FACE_BOUND ( 'NONE', #500, .T. ) ;
#2007 = ORIENTED_EDGE ( 'NONE', *, *, #739, .F. ) ;
#2008 = DIRECTION ( 'NONE',  ( -0.0000000000000000000, 1.000000000000000000, -0.0000000000000000000 ) ) ;
#2009 = LINE ( 'NONE', #1234, #1793 ) ;
#2010 = VECTOR ( 'NONE', #2224, 1000.000000000000000 ) ;
#2011 = DIRECTION ( 'NONE',  ( 1.000000000000000000, 1.495451272393799000E-016, -0.0000000000000000000 ) ) ;
#2012 = ADVANCED_FACE ( 'NONE', ( #967, #2006 ), #2295, .T. ) ;
#2013 = FACE_OUTER_BOUND ( 'NONE', #1819, .T. ) ;
#2014 = LINE ( 'NONE', #699, #608 ) ;
#2015 = ORIENTED_EDGE ( 'NONE', *, *, #1357, .T. ) ;
#2016 = DIRECTION ( 'NONE',  ( 1.000000000000000000, 0.0000000000000000000, 0.0000000000000000000 ) ) ;
#2017 = VERTEX_POINT ( 'NONE', #1924 ) ;
#2018 = CARTESIAN_POINT ( 'NONE',  ( -3.010755968750385800, 20.09999999999999800, -8.227515661210050600 ) ) ;
#2019 = CARTESIAN_POINT ( 'NONE',  ( 1.259109769979336300, 19.90000000000000200, -12.69999999999999900 ) ) ;
#2020 = CARTESIAN_POINT ( 'NONE',  ( -1.058300524425836100, 20.30000000000000100, -13.90000000000000400 ) ) ;
#2021 = AXIS2_PLACEMENT_3D ( 'NONE', #1480, #1087, #487 ) ;
#2022 = VERTEX_POINT ( 'NONE', #933 ) ;
#2023 = ORIENTED_EDGE ( 'NONE', *, *, #2184, .F. ) ;
#2024 = DIRECTION ( 'NONE',  ( 0.0000000000000000000, -0.0000000000000000000, 1.000000000000000000 ) ) ;
#2025 = AXIS2_PLACEMENT_3D ( 'NONE', #461, #1801, #227 ) ;
#2026 = ADVANCED_FACE ( 'NONE', ( #1093 ), #415, .F. ) ;
#2027 = EDGE_CURVE ( 'NONE', #1145, #1315, #384, .T. ) ;
#2028 = CARTESIAN_POINT ( 'NONE',  ( 0.0000000000000000000, 7.549999999999999800, -0.1000000000000000100 ) ) ;
#2029 = PLANE ( 'NONE',  #1792 ) ;
#2030 = ORIENTED_EDGE ( 'NONE', *, *, #1141, .T. ) ;
#2031 = ORIENTED_EDGE ( 'NONE', *, *, #2476, .F. ) ;
#2032 = CARTESIAN_POINT ( 'NONE',  ( 0.0000000000000000000, 20.30000000000000100, -14.20000000000000500 ) ) ;
#2033 = CARTESIAN_POINT ( 'NONE',  ( -2.463005357377871200, 21.76818049467563300, -9.514547201311641400 ) ) ;
#2034 = CARTESIAN_POINT ( 'NONE',  ( 1.058300524425836100, 19.70000000000000300, -13.90000000000000400 ) ) ;
#2035 = PLANE ( 'NONE',  #931 ) ;
#2036 = CARTESIAN_POINT ( 'NONE',  ( 2.963577900764020200, -10.40000000000000200, -14.20010395401654600 ) ) ;
#2037 = CARTESIAN_POINT ( 'NONE',  ( 5.000000000000000900, 14.70000000000000500, -3.000000000000000000 ) ) ;
#2038 = ADVANCED_FACE ( 'NONE', ( #2152, #2039, #1030 ), #2489, .T. ) ;
#2039 = FACE_BOUND ( 'NONE', #1511, .T. ) ;
#2040 = AXIS2_PLACEMENT_3D ( 'NONE', #385, #991, #775 ) ;
#2041 = EDGE_CURVE ( 'NONE', #1219, #353, #2494, .T. ) ;
#2042 = DIRECTION ( 'NONE',  ( 0.0000000000000000000, 1.000000000000000000, 0.0000000000000000000 ) ) ;
#2043 = LINE ( 'NONE', #226, #1572 ) ;
#2044 = MANIFOLD_SOLID_BREP ( '∂Øƒ - âüÇµèoÇµ5', #2109 ) ;
#2045 = ORIENTED_EDGE ( 'NONE', *, *, #1795, .F. ) ;
#2046 = LINE ( 'NONE', #312, #1522 ) ;
#2047 = VECTOR ( 'NONE', #1807, 1000.000000000000000 ) ;
#2048 = ORIENTED_EDGE ( 'NONE', *, *, #2346, .T. ) ;
#2049 = CARTESIAN_POINT ( 'NONE',  ( 0.9786886121669392500, -14.90000000000000400, -15.33429164363644800 ) ) ;
#2050 = DIRECTION ( 'NONE',  ( 1.000000000000000000, 0.0000000000000000000, 0.0000000000000000000 ) ) ;
#2051 = DIRECTION ( 'NONE',  ( -1.000000000000000000, 6.086749038515112100E-016, 0.0000000000000000000 ) ) ;
#2052 = ORIENTED_EDGE ( 'NONE', *, *, #1232, .T. ) ;
#2053 = CARTESIAN_POINT ( 'NONE',  ( 5.000000000000000000, 20.10000000000000500, 0.0000000000000000000 ) ) ;
#2054 = VERTEX_POINT ( 'NONE', #558 ) ;
#2055 = CARTESIAN_POINT ( 'NONE',  ( -3.482256387222071300, 20.26373016594403600, -8.176348630250565500 ) ) ;
#2056 = CARTESIAN_POINT ( 'NONE',  ( 3.333535890731806900, -10.39999999999075400, -10.32193023179983800 ) ) ;
#2057 = DIRECTION ( 'NONE',  ( 1.000000000000000000, 0.0000000000000000000, 0.0000000000000000000 ) ) ;
#2058 = DIRECTION ( 'NONE',  ( 0.0000000000000000000, 0.9063077870366511600, 0.4226182617406968900 ) ) ;
#2059 = CARTESIAN_POINT ( 'NONE',  ( 0.0000000000000000000, 21.19999999999999900, -11.19402144896324300 ) ) ;
#2060 = CARTESIAN_POINT ( 'NONE',  ( 4.149999999999995900, -10.40000000000000200, -3.050000000000000700 ) ) ;
#2061 = EDGE_CURVE ( 'NONE', #850, #1293, #1606, .T. ) ;
#2062 = ORIENTED_EDGE ( 'NONE', *, *, #937, .F. ) ;
#2063 = CARTESIAN_POINT ( 'NONE',  ( -3.460399954998173200, 20.20624250186653700, -9.084162318632937900 ) ) ;
#2064 = CARTESIAN_POINT ( 'NONE',  ( 1.114907550613237100, -10.39999999999074900, -8.408934074883337200 ) ) ;
#2065 = CARTESIAN_POINT ( 'NONE',  ( 8.194776640455213300E-005, -10.40000000000000000, -15.64999642362279500 ) ) ;
#2066 = EDGE_LOOP ( 'NONE', ( #2007, #1695 ) ) ;
#2067 = APPLICATION_CONTEXT ( 'configuration controlled 3d designs of mechanical parts and assemblies' ) ;
#2068 = COORDINATED_UNIVERSAL_TIME_OFFSET ( 9, 0, .AHEAD. ) ;
#2069 = CARTESIAN_POINT ( 'NONE',  ( 1.991540377849578800, -14.90000000000000600, -14.72380493860796200 ) ) ;
#2070 = CARTESIAN_POINT ( 'NONE',  ( -1.815489996030205600, 22.04728585093630900, -9.008034304908457900 ) ) ;
#2071 = DIRECTION ( 'NONE',  ( 0.0000000000000000000, 0.0000000000000000000, 1.000000000000000000 ) ) ;
#2072 = APPLICATION_CONTEXT ( 'configuration controlled 3d designs of mechanical parts and assemblies' ) ;
#2073 = VECTOR ( 'NONE', #958, 1000.000000000000000 ) ;
#2074 = DIRECTION ( 'NONE',  ( 0.0000000000000000000, 0.0000000000000000000, 1.000000000000000000 ) ) ;
#2075 = VECTOR ( 'NONE', #40, 1000.000000000000000 ) ;
#2076 = VECTOR ( 'NONE', #1430, 1000.000000000000000 ) ;
#2077 = VERTEX_POINT ( 'NONE', #1134 ) ;
#2078 = CARTESIAN_POINT ( 'NONE',  ( 0.6376750641416014700, -10.40000000000000200, -15.60464679791058300 ) ) ;
#2079 = LINE ( 'NONE', #2305, #1550 ) ;
#2080 = CARTESIAN_POINT ( 'NONE',  ( 1.574568890325288400, 22.10000000000000100, -9.605978551026561600 ) ) ;
#2081 = CARTESIAN_POINT ( 'NONE',  ( 2.727165844033225400, -14.90000000000000000, -13.47774453555911100 ) ) ;
#2082 = ORIENTED_EDGE ( 'NONE', *, *, #1897, .F. ) ;
#2083 = DIRECTION ( 'NONE',  ( -1.000000000000000000, 0.0000000000000000000, 0.0000000000000000000 ) ) ;
#2084 = APPROVAL_STATUS ( 'not_yet_approved' ) ;
#2085 = EDGE_LOOP ( 'NONE', ( #594, #317, #2176, #1250 ) ) ;
#2086 = DIRECTION ( 'NONE',  ( 1.000000000000000000, 1.495451272393799000E-016, -0.0000000000000000000 ) ) ;
#2087 = PLANE ( 'NONE',  #2416 ) ;
#2088 = AXIS2_PLACEMENT_3D ( 'NONE', #191, #645, #1230 ) ;
#2089 = EDGE_CURVE ( 'NONE', #112, #1111, #778, .T. ) ;
#2090 = ORIENTED_EDGE ( 'NONE', *, *, #341, .F. ) ;
#2091 = CARTESIAN_POINT ( 'NONE',  ( -1.358467043507059800, -14.90000000000000400, -10.13652844376079900 ) ) ;
#2092 = ORIENTED_EDGE ( 'NONE', *, *, #183, .F. ) ;
#2093 = AXIS2_PLACEMENT_3D ( 'NONE', #791, #1583, #990 ) ;
#2094 = DIRECTION ( 'NONE',  ( 3.469446951953613700E-016, 1.000000000000000000, -0.0000000000000000000 ) ) ;
#2095 = ORIENTED_EDGE ( 'NONE', *, *, #1194, .F. ) ;
#2096 = CALENDAR_DATE ( 2021, 2, 6 ) ;
#2097 = CARTESIAN_POINT ( 'NONE',  ( -4.999999999999995600, -8.899999999999998600, -18.00000000000000000 ) ) ;
#2098 = CARTESIAN_POINT ( 'NONE',  ( 3.603507188019891200, -10.40000000000000400, -11.07502549160938800 ) ) ;
#2099 = FACE_BOUND ( 'NONE', #35, .T. ) ;
#2100 = VECTOR ( 'NONE', #2008, 1000.000000000000000 ) ;
#2101 = ORIENTED_EDGE ( 'NONE', *, *, #2304, .F. ) ;
#2102 = EDGE_LOOP ( 'NONE', ( #350, #679, #407, #849 ) ) ;
#2103 = VECTOR ( 'NONE', #2234, 1000.000000000000000 ) ;
#2104 = CARTESIAN_POINT ( 'NONE',  ( -3.295688082733002800, -10.40000000000000000, -10.26815387474902300 ) ) ;
#2105 = EDGE_CURVE ( 'NONE', #2241, #1932, #56, .T. ) ;
#2106 = EDGE_CURVE ( 'NONE', #1595, #2470, #996, .T. ) ;
#2107 = VERTEX_POINT ( 'NONE', #2104 ) ;
#2108 = ORIENTED_EDGE ( 'NONE', *, *, #1504, .T. ) ;
#2109 = CLOSED_SHELL ( 'NONE', ( #1995, #242, #1805, #840, #672, #630, #2185, #254, #1834, #1212, #266, #1223, #2199, #2171, #1594, #1431, #815, #132, #2012, #2210, #1025, #1847, #2038, #2360, #223, #1596, #72, #855, #2187, #1063, #870, #828, #96, #1024, #628, #84, #2389, #434, #648, #2413, #660, #1806, #1012, #2403, #2026, #479, #1624, #829, #1446, #1616, #1983, #43, #1399, #1613, #425, #1993, #1253, #1216, #466, #450, #435, #1237, #54, #1415, #650, #1196, #685, #2371, #57, #279, #1636 ) ) ;
#2110 = CARTESIAN_POINT ( 'NONE',  ( -1.673732241964744000, -14.90000000000000600, -14.96857810001655200 ) ) ;
#2111 = CARTESIAN_POINT ( 'NONE',  ( -2.220085422600240700, -14.90000000000000200, -10.83722954669988600 ) ) ;
#2112 = CARTESIAN_POINT ( 'NONE',  ( 2.422276667486593600, -10.39999999999074900, -14.77459510796388100 ) ) ;
#2113 = VERTEX_POINT ( 'NONE', #798 ) ;
#2114 = EDGE_CURVE ( 'NONE', #2107, #2470, #192, .T. ) ;
#2115 = CARTESIAN_POINT ( 'NONE',  ( -1.358467043507059800, -14.90000000000000400, -10.13652844376079900 ) ) ;
#2116 = ORIENTED_EDGE ( 'NONE', *, *, #937, .T. ) ;
#2117 = ORIENTED_EDGE ( 'NONE', *, *, #101, .T. ) ;
#2118 = ORIENTED_EDGE ( 'NONE', *, *, #555, .T. ) ;
#2119 = ORIENTED_EDGE ( 'NONE', *, *, #286, .T. ) ;
#2120 = VECTOR ( 'NONE', #581, 1000.000000000000000 ) ;
#2121 = DIRECTION ( 'NONE',  ( 1.000000000000000000, 0.0000000000000000000, 0.0000000000000000000 ) ) ;
#2122 = ORIENTED_EDGE ( 'NONE', *, *, #251, .T. ) ;
#2123 = CYLINDRICAL_SURFACE ( 'NONE', #1487, 2.200000000000000200 ) ;
#2124 = DIRECTION ( 'NONE',  ( -6.570922257487906300E-017, -1.000000000000000000, 0.0000000000000000000 ) ) ;
#2125 = FACE_OUTER_BOUND ( 'NONE', #734, .T. ) ;
#2126 = CIRCLE ( 'NONE', #2332, 1.100000000000000300 ) ;
#2127 = AXIS2_PLACEMENT_3D ( 'NONE', #588, #2151, #2134 ) ;
#2128 = EDGE_CURVE ( 'NONE', #1293, #2017, #1352, .T. ) ;
#2129 = CARTESIAN_POINT ( 'NONE',  ( -3.299999999999999800, 10.29999999999999700, 0.0000000000000000000 ) ) ;
#2130 = DIRECTION ( 'NONE',  ( 1.196361017915039500E-016, -1.000000000000000000, 0.0000000000000000000 ) ) ;
#2131 = EDGE_LOOP ( 'NONE', ( #161, #1970, #412, #2425 ) ) ;
#2132 = AXIS2_PLACEMENT_3D ( 'NONE', #823, #1622, #1218 ) ;
#2133 = DIRECTION ( 'NONE',  ( 1.000000000000000000, -0.0000000000000000000, 0.0000000000000000000 ) ) ;
#2134 = DIRECTION ( 'NONE',  ( 3.469446951953613700E-016, 1.000000000000000000, 0.0000000000000000000 ) ) ;
#2135 = CARTESIAN_POINT ( 'NONE',  ( 5.000000000000004400, -8.900000000000002100, 0.0000000000000000000 ) ) ;
#2136 = DIRECTION ( 'NONE',  ( -0.0000000000000000000, 0.0000000000000000000, 1.000000000000000000 ) ) ;
#2137 = DIRECTION ( 'NONE',  ( 1.577021341797097800E-016, -1.000000000000000000, 0.0000000000000000000 ) ) ;
#2138 =( BOUNDED_CURVE ( )  B_SPLINE_CURVE ( 3, ( #638, #430, #68, #1791 ),
 .UNSPECIFIED., .F., .T. ) 
 B_SPLINE_CURVE_WITH_KNOTS ( ( 4, 4 ),
 ( 1.661831104832312900, 3.141592653589793100 ),
 .UNSPECIFIED. ) 
 CURVE ( )  GEOMETRIC_REPRESENTATION_ITEM ( )  RATIONAL_B_SPLINE_CURVE ( ( 1.000000000000000000, 0.8256992972506644900, 0.8256992972506644900, 1.000000000000000000 ) ) 
 REPRESENTATION_ITEM ( '' )  );
#2139 = ORIENTED_EDGE ( 'NONE', *, *, #2089, .F. ) ;
#2140 = PLANE ( 'NONE',  #2088 ) ;
#2141 = ORIENTED_EDGE ( 'NONE', *, *, #1897, .T. ) ;
#2142 = CARTESIAN_POINT ( 'NONE',  ( 3.299999999999999800, 10.29999999999999700, 0.0000000000000000000 ) ) ;
#2143 = CARTESIAN_POINT ( 'NONE',  ( 0.0000000000000000000, 20.30000000000000100, -14.19999999999999900 ) ) ;
#2144 = AXIS2_PLACEMENT_3D ( 'NONE', #1062, #1264, #1655 ) ;
#2145 = EDGE_CURVE ( 'NONE', #841, #1744, #1054, .T. ) ;
#2146 = CARTESIAN_POINT ( 'NONE',  ( -1.259109769979336100, 21.19999999999999900, -11.19402144896324300 ) ) ;
#2147 = ORIENTED_EDGE ( 'NONE', *, *, #2249, .F. ) ;
#2148 = LOCAL_TIME ( 15, 19, 38.00000000000000000, #963 ) ;
#2149 = ORIENTED_EDGE ( 'NONE', *, *, #2145, .T. ) ;
#2150 = PERSON ( 'UNSPECIFIED', 'UNSPECIFIED', 'UNSPECIFIED', ('UNSPECIFIED'), ('UNSPECIFIED'), ('UNSPECIFIED') ) ;
#2151 = DIRECTION ( 'NONE',  ( 1.000000000000000000, -3.469446951953613700E-016, 1.376764663473656500E-016 ) ) ;
#2152 = FACE_BOUND ( 'NONE', #1799, .T. ) ;
#2153 = LINE ( 'NONE', #58, #1125 ) ;
#2154 = VERTEX_POINT ( 'NONE', #1160 ) ;
#2155 = CARTESIAN_POINT ( 'NONE',  ( 2.546538042214217900, 20.10000000000000500, -12.69999999999999900 ) ) ;
#2156 = CARTESIAN_POINT ( 'NONE',  ( 5.000000000000000000, 20.10000000000000500, -18.00000000000000000 ) ) ;
#2157 = FACE_OUTER_BOUND ( 'NONE', #988, .T. ) ;
#2158 = LINE ( 'NONE', #1217, #1359 ) ;
#2159 = DIRECTION ( 'NONE',  ( 1.000000000000000000, -4.180056568618813000E-016, 0.0000000000000000000 ) ) ;
#2160 = CARTESIAN_POINT ( 'NONE',  ( -1.259109769979335900, 22.10000000000000100, -9.605978551036749000 ) ) ;
#2161 = CARTESIAN_POINT ( 'NONE',  ( 3.481556185540917200, 19.88438346166981000, -11.80452447040142900 ) ) ;
#2162 = VERTEX_POINT ( 'NONE', #986 ) ;
#2163 = EDGE_CURVE ( 'NONE', #994, #1648, #144, .T. ) ;
#2164 = CARTESIAN_POINT ( 'NONE',  ( -4.999999999999998200, -4.299999999999996300, -2.999999999999997300 ) ) ;
#2165 = VERTEX_POINT ( 'NONE', #1376 ) ;
#2166 = PLANE ( 'NONE',  #163 ) ;
#2167 = CARTESIAN_POINT ( 'NONE',  ( -2.720800987637650900, 21.57419285977706400, -11.33890520580789000 ) ) ;
#2168 = AXIS2_PLACEMENT_3D ( 'NONE', #1701, #1891, #537 ) ;
#2169 = CARTESIAN_POINT ( 'NONE',  ( 3.409705487821594900, 20.55601802964989100, -12.48735530051735100 ) ) ;
#2170 = CARTESIAN_POINT ( 'NONE',  ( 3.295668061437263300, -10.40000000000000000, -13.63183591019526600 ) ) ;
#2171 = ADVANCED_FACE ( 'NONE', ( #1121 ), #2166, .T. ) ;
#2172 = CARTESIAN_POINT ( 'NONE',  ( 3.300000000000000700, -3.100000000000002300, -0.1000000000000000100 ) ) ;
#2173 = DIRECTION ( 'NONE',  ( 1.000000000000000000, 0.0000000000000000000, 0.0000000000000000000 ) ) ;
#2174 = DIRECTION ( 'NONE',  ( -0.0000000000000000000, -0.0000000000000000000, 1.000000000000000000 ) ) ;
#2175 = VERTEX_POINT ( 'NONE', #1771 ) ;
#2176 = ORIENTED_EDGE ( 'NONE', *, *, #555, .F. ) ;
#2177 = CARTESIAN_POINT ( 'NONE',  ( 3.299999999999999800, 10.29999999999999700, 0.0000000000000000000 ) ) ;
#2178 = CARTESIAN_POINT ( 'NONE',  ( 3.300000000000000700, 4.799999999999998000, 0.0000000000000000000 ) ) ;
#2179 = VERTEX_POINT ( 'NONE', #591 ) ;
#2180 = CARTESIAN_POINT ( 'NONE',  ( 0.0000000000000000000, 0.0000000000000000000, -0.2000000000000000100 ) ) ;
#2181 = EDGE_CURVE ( 'NONE', #624, #892, #166, .T. ) ;
#2182 = LOCAL_TIME ( 15, 19, 38.00000000000000000, #1602 ) ;
#2183 = DIRECTION ( 'NONE',  ( -0.0000000000000000000, -0.0000000000000000000, 1.000000000000000000 ) ) ;
#2184 = EDGE_CURVE ( 'NONE', #2338, #1145, #573, .T. ) ;
#2185 = ADVANCED_FACE ( 'NONE', ( #329 ), #2322, .F. ) ;
#2186 = ORIENTED_EDGE ( 'NONE', *, *, #1712, .T. ) ;
#2187 = ADVANCED_FACE ( 'NONE', ( #2469 ), #1955, .F. ) ;
#2188 = CIRCLE ( 'NONE', #1895, 0.5000000000000000000 ) ;
#2189 = LINE ( 'NONE', #1406, #1151 ) ;
#2190 = DIRECTION ( 'NONE',  ( 1.000000000000000000, 1.495451272393799000E-016, -0.0000000000000000000 ) ) ;
#2191 = VECTOR ( 'NONE', #2083, 1000.000000000000000 ) ;
#2192 = VECTOR ( 'NONE', #1459, 1000.000000000000000 ) ;
#2193 = CARTESIAN_POINT ( 'NONE',  ( -3.449999999999999700, 20.10000000000000500, -9.054887682308118400 ) ) ;
#2194 = DIRECTION ( 'NONE',  ( 1.000000000000000000, 0.0000000000000000000, 0.0000000000000000000 ) ) ;
#2195 = CARTESIAN_POINT ( 'NONE',  ( -3.450000000000000200, 20.10000000000000500, -12.69999999999999900 ) ) ;
#2196 = VERTEX_POINT ( 'NONE', #2342 ) ;
#2197 = DIRECTION ( 'NONE',  ( 0.0000000000000000000, 0.0000000000000000000, -1.000000000000000000 ) ) ;
#2198 = EDGE_CURVE ( 'NONE', #1408, #1932, #1458, .T. ) ;
#2199 = ADVANCED_FACE ( 'NONE', ( #668, #2099 ), #1002, .T. ) ;
#2200 = CARTESIAN_POINT ( 'NONE',  ( 8.673617379884035500E-016, 20.10000000000000500, -8.099999999999999600 ) ) ;
#2201 = CARTESIAN_POINT ( 'NONE',  ( -3.299999999999999800, 10.29999999999999700, -0.1000000000000000100 ) ) ;
#2202 = CARTESIAN_POINT ( 'NONE',  ( -2.559872152035926000, 20.46131791394261200, -12.53151468969995200 ) ) ;
#2203 = CARTESIAN_POINT ( 'NONE',  ( 1.626303258728256700E-016, 19.70000000000000300, -13.45000000000000300 ) ) ;
#2204 = DIRECTION ( 'NONE',  ( 0.0000000000000000000, 0.0000000000000000000, 1.000000000000000000 ) ) ;
#2205 = ORIENTED_EDGE ( 'NONE', *, *, #1053, .T. ) ;
#2206 = VERTEX_POINT ( 'NONE', #977 ) ;
#2207 = DIRECTION ( 'NONE',  ( 3.469446951953613700E-016, 1.000000000000000000, -0.0000000000000000000 ) ) ;
#2208 = PLANE ( 'NONE',  #935 ) ;
#2209 = CARTESIAN_POINT ( 'NONE',  ( 0.0000000000000000000, 19.05751333960710200, -13.45000000000000300 ) ) ;
#2210 = ADVANCED_FACE ( 'NONE', ( #943, #1673, #1754 ), #1781, .T. ) ;
#2211 = AXIS2_PLACEMENT_3D ( 'NONE', #1171, #219, #1975 ) ;
#2212 = EDGE_CURVE ( 'NONE', #177, #158, #545, .T. ) ;
#2213 = CARTESIAN_POINT ( 'NONE',  ( -3.450000000000000600, 20.10000000000000100, -11.86772586673198600 ) ) ;
#2214 = VECTOR ( 'NONE', #265, 1000.000000000000000 ) ;
#2215 = LINE ( 'NONE', #1552, #484 ) ;
#2216 = DIRECTION ( 'NONE',  ( 1.000000000000000000, 1.495451272393799000E-016, -0.0000000000000000000 ) ) ;
#2217 = CARTESIAN_POINT ( 'NONE',  ( 3.295668061437263300, -10.40000000000000000, -13.63183591019526600 ) ) ;
#2218 = AXIS2_PLACEMENT_3D ( 'NONE', #2146, #2133, #1737 ) ;
#2219 = LINE ( 'NONE', #207, #1735 ) ;
#2220 = CARTESIAN_POINT ( 'NONE',  ( 8.673617379884035500E-016, 22.10000000000000100, -9.032615316310003800 ) ) ;
#2221 = FACE_OUTER_BOUND ( 'NONE', #148, .T. ) ;
#2222 = LINE ( 'NONE', #1220, #268 ) ;
#2223 = CARTESIAN_POINT ( 'NONE',  ( 0.0000000000000000000, 19.70000000000000300, -14.20000000000000500 ) ) ;
#2224 = DIRECTION ( 'NONE',  ( -0.0000000000000000000, -0.0000000000000000000, 1.000000000000000000 ) ) ;
#2225 = ORIENTED_EDGE ( 'NONE', *, *, #585, .T. ) ;
#2226 = CARTESIAN_POINT ( 'NONE',  ( -3.481556185540918100, 19.88438346166983100, -8.995475529598429900 ) ) ;
#2227 = CARTESIAN_POINT ( 'NONE',  ( 3.450000000000001100, 20.10000000000000500, -9.054887682308118400 ) ) ;
#2228 = CARTESIAN_POINT ( 'NONE',  ( 1.405908265364745200, -10.40000000000000000, -15.38136509188742300 ) ) ;
#2229 = CARTESIAN_POINT ( 'NONE',  ( -3.300000000000000300, 3.099999999999997900, 0.0000000000000000000 ) ) ;
#2230 = CARTESIAN_POINT ( 'NONE',  ( 2.552508275450875000, -14.90000000000000600, -13.95369379217468600 ) ) ;
#2231 = ORIENTED_EDGE ( 'NONE', *, *, #1740, .F. ) ;
#2232 = CARTESIAN_POINT ( 'NONE',  ( -4.999999999999998200, -5.899999999999996800, -2.999999999999997300 ) ) ;
#2233 = ORIENTED_EDGE ( 'NONE', *, *, #129, .F. ) ;
#2234 = DIRECTION ( 'NONE',  ( 1.196361017915039500E-016, -1.000000000000000000, 0.0000000000000000000 ) ) ;
#2235 = CARTESIAN_POINT ( 'NONE',  ( 1.162080878002207200, -10.39999999999999900, -15.47315777930646900 ) ) ;
#2236 = EDGE_CURVE ( 'NONE', #2017, #2165, #1543, .T. ) ;
#2237 = EDGE_CURVE ( 'NONE', #1649, #112, #632, .T. ) ;
#2238 = CARTESIAN_POINT ( 'NONE',  ( 3.275386507905371700, 20.10000000000000500, -12.32129013547982900 ) ) ;
#2239 = CARTESIAN_POINT ( 'NONE',  ( 3.435821053954783100, -10.39999999999074700, -13.35719690507589000 ) ) ;
#2240 = CARTESIAN_POINT ( 'NONE',  ( 5.000000000000000000, 20.10000000000000500, 0.0000000000000000000 ) ) ;
#2241 = VERTEX_POINT ( 'NONE', #49 ) ;
#2242 = VERTEX_POINT ( 'NONE', #1236 ) ;
#2243 = CARTESIAN_POINT ( 'NONE',  ( -3.409705487821502100, 20.55601802964988800, -8.312644699482641300 ) ) ;
#2244 = APPROVAL_DATE_TIME ( #1784, #351 ) ;
#2245 = CARTESIAN_POINT ( 'NONE',  ( 0.0000000000000000000, 22.10000000000000100, -9.605978551036749000 ) ) ;
#2246 = FACE_OUTER_BOUND ( 'NONE', #224, .T. ) ;
#2247 = PLANE ( 'NONE',  #2144 ) ;
#2248 = FACE_OUTER_BOUND ( 'NONE', #1263, .T. ) ;
#2249 = EDGE_CURVE ( 'NONE', #2206, #1108, #837, .T. ) ;
#2250 = EDGE_LOOP ( 'NONE', ( #1564, #2090, #549, #1501 ) ) ;
#2251 = CARTESIAN_POINT ( 'NONE',  ( -2.868876246604149300, -10.40000000000000000, -14.30451966345739100 ) ) ;
#2252 = LINE ( 'NONE', #1468, #1207 ) ;
#2253 = LINE ( 'NONE', #1635, #1355 ) ;
#2254 = CARTESIAN_POINT ( 'NONE',  ( -2.963577900764874200, -10.39999999999074900, -9.699896045980077400 ) ) ;
#2255 = ORIENTED_EDGE ( 'NONE', *, *, #2249, .T. ) ;
#2256 = CARTESIAN_POINT ( 'NONE',  ( 0.0000000000000000000, 0.0000000000000000000, 0.0000000000000000000 ) ) ;
#2257 = CARTESIAN_POINT ( 'NONE',  ( -1.259109769979335900, 21.58035643556662500, -8.790301542703762300 ) ) ;
#2258 = VERTEX_POINT ( 'NONE', #819 ) ;
#2259 = CARTESIAN_POINT ( 'NONE',  ( -3.534766630084781100, -10.40000000000000400, -13.07627597672382100 ) ) ;
#2260 = VERTEX_POINT ( 'NONE', #1200 ) ;
#2261 = DIRECTION ( 'NONE',  ( 1.000000000000000000, 1.495451272393799000E-016, -0.0000000000000000000 ) ) ;
#2262 = PLANE ( 'NONE',  #584 ) ;
#2263 = EDGE_CURVE ( 'NONE', #177, #994, #1939, .T. ) ;
#2264 = CARTESIAN_POINT ( 'NONE',  ( 2.846521424030660900, -14.90000000000000600, -12.98501012303279200 ) ) ;
#2265 = CARTESIAN_POINT ( 'NONE',  ( 3.560966016065379300, -10.40000000000000600, -13.02948265859402900 ) ) ;
#2266 = AXIS2_PLACEMENT_3D ( 'NONE', #133, #314, #1500 ) ;
#2267 = VERTEX_POINT ( 'NONE', #1209 ) ;
#2268 = DIRECTION ( 'NONE',  ( 1.000000000000000000, 0.0000000000000000000, 0.0000000000000000000 ) ) ;
#2269 = ORIENTED_EDGE ( 'NONE', *, *, #595, .T. ) ;
#2270 = PLANE ( 'NONE',  #182 ) ;
#2271 = DIRECTION ( 'NONE',  ( 0.0000000000000000000, 1.000000000000000000, 0.0000000000000000000 ) ) ;
#2272 = VECTOR ( 'NONE', #1273, 1000.000000000000200 ) ;
#2273 = DIRECTION ( 'NONE',  ( 0.0000000000000000000, 1.000000000000000000, 0.0000000000000000000 ) ) ;
#2274 = VECTOR ( 'NONE', #1565, 1000.000000000000000 ) ;
#2275 = CARTESIAN_POINT ( 'NONE',  ( -2.100000000000000100, 20.30000000000000100, -14.19999999999999900 ) ) ;
#2276 = VECTOR ( 'NONE', #504, 1000.000000000000000 ) ;
#2277 = LINE ( 'NONE', #621, #300 ) ;
#2278 = EDGE_CURVE ( 'NONE', #1440, #45, #964, .T. ) ;
#2279 = CARTESIAN_POINT ( 'NONE',  ( -1.162080878002216900, -10.40000000000000000, -8.426842220693535200 ) ) ;
#2280 = VECTOR ( 'NONE', #729, 1000.000000000000000 ) ;
#2281 = EDGE_CURVE ( 'NONE', #1331, #1081, #1416, .T. ) ;
#2282 = CARTESIAN_POINT ( 'NONE',  ( -2.808243568348993200, -14.89999999999999900, -13.26698303123065300 ) ) ;
#2283 = DIRECTION ( 'NONE',  ( 0.0000000000000000000, 0.4226182617406968900, -0.9063077870366511600 ) ) ;
#2284 = ORIENTED_EDGE ( 'NONE', *, *, #544, .F. ) ;
#2285 = VERTEX_POINT ( 'NONE', #1402 ) ;
#2286 = CARTESIAN_POINT ( 'NONE',  ( -0.9786886121669518000, -14.90000000000000400, -9.965708356363570900 ) ) ;
#2287 = ORIENTED_EDGE ( 'NONE', *, *, #1326, .T. ) ;
#2288 = EDGE_CURVE ( 'NONE', #673, #2437, #1856, .T. ) ;
#2289 = CARTESIAN_POINT ( 'NONE',  ( -1.407196905075494900, -10.39999999999999700, -15.38582105395353800 ) ) ;
#2290 = CARTESIAN_POINT ( 'NONE',  ( -1.531844026301750300, -14.90000000000000400, -10.23917983269518400 ) ) ;
#2291 = CARTESIAN_POINT ( 'NONE',  ( 0.0000000000000000000, 19.10000000000000100, -14.20000000000000500 ) ) ;
#2292 = ORIENTED_EDGE ( 'NONE', *, *, #1195, .T. ) ;
#2293 = ORIENTED_EDGE ( 'NONE', *, *, #1684, .F. ) ;
#2294 = CARTESIAN_POINT ( 'NONE',  ( -0.2232188408828834300, -10.40000000000000200, -15.65464399274908300 ) ) ;
#2295 = PLANE ( 'NONE',  #1785 ) ;
#2296 = CARTESIAN_POINT ( 'NONE',  ( -5.000000000000000900, 11.50000000000000200, -3.000000000000000000 ) ) ;
#2297 = LINE ( 'NONE', #2195, #1786 ) ;
#2298 = CARTESIAN_POINT ( 'NONE',  ( 0.6376750641409000300, -10.39999999999074700, -15.60464679791114100 ) ) ;
#2299 = ORIENTED_EDGE ( 'NONE', *, *, #236, .F. ) ;
#2300 = VECTOR ( 'NONE', #1248, 1000.000000000000000 ) ;
#2301 = VECTOR ( 'NONE', #338, 1000.000000000000000 ) ;
#2302 = CIRCLE ( 'NONE', #2218, 0.8999999999999998000 ) ;
#2303 = CARTESIAN_POINT ( 'NONE',  ( -3.295668061437271800, -10.40000000000000000, -10.26816408980474400 ) ) ;
#2304 = EDGE_CURVE ( 'NONE', #850, #1981, #807, .T. ) ;
#2305 = CARTESIAN_POINT ( 'NONE',  ( 2.100000000000000100, 22.10000000000000100, -11.76738468368998800 ) ) ;
#2306 = EDGE_CURVE ( 'NONE', #2113, #1649, #665, .T. ) ;
#2307 = CARTESIAN_POINT ( 'NONE',  ( -3.708544771603523600, -10.39999999999999500, -11.64593182542399300 ) ) ;
#2308 = ORIENTED_EDGE ( 'NONE', *, *, #526, .T. ) ;
#2309 = CARTESIAN_POINT ( 'NONE',  ( -1.405908265364755200, -10.40000000000000200, -8.518634908112591800 ) ) ;
#2310 = DIRECTION ( 'NONE',  ( 3.469446951953614200E-016, 1.000000000000000000, -0.0000000000000000000 ) ) ;
#2311 = CARTESIAN_POINT ( 'NONE',  ( 2.070482178368622300, -10.39999999999074400, -15.05587851128156600 ) ) ;
#2312 = EDGE_LOOP ( 'NONE', ( #1901, #3, #1227, #2344 ) ) ;
#2313 = DIRECTION ( 'NONE',  ( -0.0000000000000000000, -0.0000000000000000000, 1.000000000000000000 ) ) ;
#2314 = EDGE_CURVE ( 'NONE', #134, #2467, #2297, .T. ) ;
#2315 = CARTESIAN_POINT ( 'NONE',  ( 1.259109769979337000, 21.19999999999999900, -9.605978551036749000 ) ) ;
#2316 = EDGE_LOOP ( 'NONE', ( #1435, #397, #659, #2453 ) ) ;
#2317 = ORIENTED_EDGE ( 'NONE', *, *, #619, .T. ) ;
#2318 = FACE_OUTER_BOUND ( 'NONE', #924, .T. ) ;
#2319 = DIRECTION ( 'NONE',  ( 2.098455817713880300E-016, -1.000000000000000000, 0.0000000000000000000 ) ) ;
#2320 = PLANE ( 'NONE',  #2093 ) ;
#2321 = EDGE_LOOP ( 'NONE', ( #1654, #1039 ) ) ;
#2322 = CYLINDRICAL_SURFACE ( 'NONE', #820, 0.5000000000000000000 ) ;
#2323 = CARTESIAN_POINT ( 'NONE',  ( 0.0000000000000000000, 22.10000000000000100, -11.19402144896324300 ) ) ;
#2324 =( BOUNDED_SURFACE ( )  B_SPLINE_SURFACE ( 3, 2, ( 
 ( #787, #21, #1191 ),
 ( #995, #987, #1761 ),
 ( #2343, #2339, #973 ),
 ( #1961, #1372, #186 ),
 ( #982, #1178, #1580 ),
 ( #414, #1768, #606 ),
 ( #1967, #1775, #10 ),
 ( #1557, #2169, #795 ),
 ( #2161, #38, #1187 ),
 ( #1363, #1385, #27 ) ),
 .UNSPECIFIED., .F., .F., .F. ) 
 B_SPLINE_SURFACE_WITH_KNOTS ( ( 4, 2, 2, 2, 4 ),
 ( 3, 3 ),
 ( 3.141592653589793100, 3.571652875330692600, 4.001713097071592200, 4.431773318812490800, 4.861833540553390300 ),
 ( 0.0000000000000000000, 1.000000000000000000 ),
 .UNSPECIFIED. ) 
 GEOMETRIC_REPRESENTATION_ITEM ( )  RATIONAL_B_SPLINE_SURFACE ( (
 ( 1.000000000000000000, 0.8433914458128843900, 1.000000000000000000),
 ( 1.000000000000000000, 0.8434039715424646000, 1.000000000000000000),
 ( 1.000000000000000000, 0.8394965962671765400, 1.000000000000000000),
 ( 1.000000000000000000, 0.8243152408792753200, 1.000000000000000000),
 ( 1.000000000000000000, 0.8130265436250367900, 1.000000000000000000),
 ( 1.000000000000000000, 0.7842795706059284600, 1.000000000000000000),
 ( 1.000000000000000000, 0.7668166218779926000, 1.000000000000000000),
 ( 1.000000000000000000, 0.7278692839315673600, 1.000000000000000000),
 ( 1.000000000000000000, 0.7063975334767062000, 1.000000000000000000),
 ( 1.000000000000000000, 0.6844986592741841800, 1.000000000000000000) ) ) 
 REPRESENTATION_ITEM ( '' )  SURFACE ( )  );
#2325 = CARTESIAN_POINT ( 'NONE',  ( 0.0000000000000000000, 22.10000000000000100, -9.032615316310003800 ) ) ;
#2326 = VECTOR ( 'NONE', #277, 1000.000000000000000 ) ;
#2327 = FACE_OUTER_BOUND ( 'NONE', #670, .T. ) ;
#2328 = EDGE_LOOP ( 'NONE', ( #1747, #428, #2225, #1713 ) ) ;
#2329 = DIRECTION ( 'NONE',  ( 0.0000000000000000000, 0.0000000000000000000, -1.000000000000000000 ) ) ;
#2330 = VECTOR ( 'NONE', #1483, 1000.000000000000000 ) ;
#2331 = CIRCLE ( 'NONE', #1249, 1.100000000000000300 ) ;
#2332 = AXIS2_PLACEMENT_3D ( 'NONE', #1985, #1161, #391 ) ;
#2333 = EDGE_CURVE ( 'NONE', #2285, #2206, #52, .T. ) ;
#2334 = CARTESIAN_POINT ( 'NONE',  ( -2.664240493498146700, 20.94018883505984300, -12.30821351191524800 ) ) ;
#2335 = VERTEX_POINT ( 'NONE', #1802 ) ;
#2336 = AXIS2_PLACEMENT_3D ( 'NONE', #838, #671, #2204 ) ;
#2337 = B_SPLINE_CURVE_WITH_KNOTS ( 'NONE', 1,
 ( #319, #2081 ),
 .UNSPECIFIED., .F., .F.,
 ( 2, 2 ),
 ( 0.0000000000000000000, 1.000000000000000000 ),
 .UNSPECIFIED. ) ;
#2338 = VERTEX_POINT ( 'NONE', #1010 ) ;
#2339 = CARTESIAN_POINT ( 'NONE',  ( 1.815489996030244200, 22.04728585093630500, -11.79196569509153700 ) ) ;
#2340 = EDGE_LOOP ( 'NONE', ( #259, #2455, #399, #981 ) ) ;
#2341 = CARTESIAN_POINT ( 'NONE',  ( -3.300000000000000300, 3.099999999999997900, -0.1000000000000000100 ) ) ;
#2342 = CARTESIAN_POINT ( 'NONE',  ( 2.100000000000000100, 20.10000000000000500, -14.19999999999999900 ) ) ;
#2343 = CARTESIAN_POINT ( 'NONE',  ( 1.889686563742514000, 22.03115833602562600, -11.21299045516547300 ) ) ;
#2344 = ORIENTED_EDGE ( 'NONE', *, *, #2236, .T. ) ;
#2345 = DIRECTION ( 'NONE',  ( 1.577021341797097800E-016, -1.000000000000000000, 0.0000000000000000000 ) ) ;
#2346 = EDGE_CURVE ( 'NONE', #790, #120, #755, .T. ) ;
#2347 = EDGE_CURVE ( 'NONE', #2077, #850, #358, .T. ) ;
#2348 = CARTESIAN_POINT ( 'NONE',  ( 0.0000000000000000000, 20.30000000000000100, -14.19999999999999900 ) ) ;
#2349 = CALENDAR_DATE ( 2021, 2, 6 ) ;
#2350 = ORGANIZATION ( 'UNSPECIFIED', 'UNSPECIFIED', '' ) ;
#2351 = ORIENTED_EDGE ( 'NONE', *, *, #2447, .T. ) ;
#2352 = DIRECTION ( 'NONE',  ( -1.885568995626964300E-016, -0.0000000000000000000, -1.000000000000000000 ) ) ;
#2353 = DIRECTION ( 'NONE',  ( 0.0000000000000000000, 1.000000000000000000, 0.0000000000000000000 ) ) ;
#2354 = CYLINDRICAL_SURFACE ( 'NONE', #1112, 1.199999999999999700 ) ;
#2355 = LINE ( 'NONE', #1143, #388 ) ;
#2356 = LINE ( 'NONE', #1703, #304 ) ;
#2357 = CARTESIAN_POINT ( 'NONE',  ( 2.669453406023810400, -10.40000000000000200, -9.370041619428574700 ) ) ;
#2358 = ORIENTED_EDGE ( 'NONE', *, *, #1987, .T. ) ;
#2359 = EDGE_CURVE ( 'NONE', #1581, #1632, #2003, .T. ) ;
#2360 = ADVANCED_FACE ( 'NONE', ( #1883 ), #1751, .F. ) ;
#2361 = ORIENTED_EDGE ( 'NONE', *, *, #556, .T. ) ;
#2362 = ORIENTED_EDGE ( 'NONE', *, *, #215, .F. ) ;
#2363 = CARTESIAN_POINT ( 'NONE',  ( -2.669266155951306900, 20.09999999999999400, -8.100000000000012100 ) ) ;
#2364 = CARTESIAN_POINT ( 'NONE',  ( -2.727165843961304700, -14.90000000000000000, -11.82225546420374200 ) ) ;
#2365 = ORIENTED_EDGE ( 'NONE', *, *, #1429, .T. ) ;
#2366 = CARTESIAN_POINT ( 'NONE',  ( -2.575982588764665200, 21.69366738422864700, -11.95686069418259300 ) ) ;
#2367 = CARTESIAN_POINT ( 'NONE',  ( -2.792218551991101400, 20.10000000000000500, -12.69999999999998000 ) ) ;
#2368 = DIRECTION ( 'NONE',  ( 0.0000000000000000000, 0.0000000000000000000, 1.000000000000000000 ) ) ;
#2369 = ORIENTED_EDGE ( 'NONE', *, *, #2410, .F. ) ;
#2370 = CARTESIAN_POINT ( 'NONE',  ( -3.494348340808793200, 19.96934327022041300, -12.76092623368568500 ) ) ;
#2371 = ADVANCED_FACE ( 'NONE', ( #327 ), #678, .F. ) ;
#2372 = ORIENTED_EDGE ( 'NONE', *, *, #1541, .T. ) ;
#2373 = EDGE_CURVE ( 'NONE', #681, #2382, #1913, .T. ) ;
#2374 = CARTESIAN_POINT ( 'NONE',  ( 0.0000000000000000000, 20.30000000000000100, -14.19999999999999900 ) ) ;
#2375 = CARTESIAN_POINT ( 'NONE',  ( 0.0000000000000000000, 20.10000000000000500, -16.29999999999999700 ) ) ;
#2376 = CARTESIAN_POINT ( 'NONE',  ( 0.0000000000000000000, 21.19999999999999900, -11.19402144896324300 ) ) ;
#2377 = DIRECTION ( 'NONE',  ( -1.885568995626964500E-016, 0.0000000000000000000, -1.000000000000000000 ) ) ;
#2378 = AXIS2_PLACEMENT_3D ( 'NONE', #1948, #2310, #2485 ) ;
#2379 = VECTOR ( 'NONE', #2174, 1000.000000000000000 ) ;
#2380 = DIRECTION ( 'NONE',  ( -0.0000000000000000000, 1.000000000000000000, -0.0000000000000000000 ) ) ;
#2381 = CARTESIAN_POINT ( 'NONE',  ( -1.574568890325358300, 22.10000000000000100, -11.19402144897343000 ) ) ;
#2382 = VERTEX_POINT ( 'NONE', #887 ) ;
#2383 = VECTOR ( 'NONE', #1746, 1000.000000000000000 ) ;
#2384 = CARTESIAN_POINT ( 'NONE',  ( -3.450000000000000200, 20.10000000000000500, -11.74511231769187300 ) ) ;
#2385 = CIRCLE ( 'NONE', #1139, 1.600000000000000800 ) ;
#2386 = LINE ( 'NONE', #44, #1794 ) ;
#2387 = EDGE_LOOP ( 'NONE', ( #1811, #984 ) ) ;
#2388 = CARTESIAN_POINT ( 'NONE',  ( 0.2292864522724895600, 20.30000000000000100, -13.90000000000000400 ) ) ;
#2389 = ADVANCED_FACE ( 'NONE', ( #2318 ), #666, .F. ) ;
#2390 = FACE_OUTER_BOUND ( 'NONE', #833, .T. ) ;
#2391 = LINE ( 'NONE', #1852, #2103 ) ;
#2392 = CARTESIAN_POINT ( 'NONE',  ( -1.850000000000021200, -58.89999999999999900, -12.65000000000000200 ) ) ;
#2393 = DIRECTION ( 'NONE',  ( 0.0000000000000000000, 1.000000000000000000, 0.0000000000000000000 ) ) ;
#2394 = VERTEX_POINT ( 'NONE', #864 ) ;
#2395 = DIRECTION ( 'NONE',  ( 3.469446951953614200E-016, 1.000000000000000000, 0.0000000000000000000 ) ) ;
#2396 = CARTESIAN_POINT ( 'NONE',  ( -1.058300524425836100, 20.30000000000000100, -14.50000000000000400 ) ) ;
#2397 = ORIENTED_EDGE ( 'NONE', *, *, #1319, .T. ) ;
#2398 = AXIS2_PLACEMENT_3D ( 'NONE', #1982, #1425, #620 ) ;
#2399 = EDGE_CURVE ( 'NONE', #1649, #743, #228, .T. ) ;
#2400 = CARTESIAN_POINT ( 'NONE',  ( 0.0000000000000000000, 22.10000000000000100, -9.605978551036749000 ) ) ;
#2401 = DIRECTION ( 'NONE',  ( 1.000000000000000000, 0.0000000000000000000, -0.0000000000000000000 ) ) ;
#2402 = CARTESIAN_POINT ( 'NONE',  ( 0.2292864522724895600, 19.05751333960710200, -13.90000000000000400 ) ) ;
#2403 = ADVANCED_FACE ( 'NONE', ( #1269, #1299 ), #2035, .T. ) ;
#2404 = CARTESIAN_POINT ( 'NONE',  ( 1.058300524425835900, 20.30000000000000100, -14.50000000000000400 ) ) ;
#2405 = CARTESIAN_POINT ( 'NONE',  ( -5.000000000000000900, 14.70000000000000300, -3.000000000000000000 ) ) ;
#2406 = ORIENTED_EDGE ( 'NONE', *, *, #1319, .F. ) ;
#2407 = CARTESIAN_POINT ( 'NONE',  ( -1.536183985106335500, 22.09999999998351300, -9.032615316301111400 ) ) ;
#2408 = DIRECTION ( 'NONE',  ( -0.0000000000000000000, -0.0000000000000000000, 1.000000000000000000 ) ) ;
#2409 = CARTESIAN_POINT ( 'NONE',  ( 2.658171659422604800, -14.90000000000000200, -13.70500221755333700 ) ) ;
#2410 = EDGE_CURVE ( 'NONE', #879, #1605, #295, .T. ) ;
#2411 = CARTESIAN_POINT ( 'NONE',  ( -3.200874711563752100, -10.40000000000000200, -13.82846076477755700 ) ) ;
#2412 = ORIENTED_EDGE ( 'NONE', *, *, #773, .T. ) ;
#2413 = ADVANCED_FACE ( 'NONE', ( #2248 ), #1443, .F. ) ;
#2414 = CARTESIAN_POINT ( 'NONE',  ( 3.427494715056246900, 20.10000000000000500, -11.98938908373056700 ) ) ;
#2415 = CARTESIAN_POINT ( 'NONE',  ( 2.669453406025858600, -10.39999999999075100, -9.370041619426599400 ) ) ;
#2416 = AXIS2_PLACEMENT_3D ( 'NONE', #735, #2273, #1116 ) ;
#2417 = CARTESIAN_POINT ( 'NONE',  ( 4.149999999999996800, -8.900000000000002100, -3.050000000000000700 ) ) ;
#2418 = VERTEX_POINT ( 'NONE', #1851 ) ;
#2419 = LINE ( 'NONE', #862, #1942 ) ;
#2420 = CIRCLE ( 'NONE', #1168, 1.100000000000000300 ) ;
#2421 = CARTESIAN_POINT ( 'NONE',  ( 0.3337250662533918200, -14.90000000000000600, -15.48920639934438600 ) ) ;
#2422 = FACE_OUTER_BOUND ( 'NONE', #153, .T. ) ;
#2423 = ORIENTED_EDGE ( 'NONE', *, *, #686, .F. ) ;
#2424 = CARTESIAN_POINT ( 'NONE',  ( 3.729893609763016600, -10.39999999999074700, -11.80415269066231900 ) ) ;
#2425 = ORIENTED_EDGE ( 'NONE', *, *, #1326, .F. ) ;
#2426 = DIRECTION ( 'NONE',  ( -0.8910065241883673400, 0.0000000000000000000, 0.4539904997395478600 ) ) ;
#2427 = CARTESIAN_POINT ( 'NONE',  ( -1.407196905075494900, -10.39999999999999700, -15.38582105395353800 ) ) ;
#2428 = CARTESIAN_POINT ( 'NONE',  ( 1.536183985106322600, 22.09999999998351300, -9.032615316301113100 ) ) ;
#2429 = AXIS2_PLACEMENT_3D ( 'NONE', #1307, #139, #2462 ) ;
#2430 = EDGE_CURVE ( 'NONE', #866, #624, #1669, .T. ) ;
#2431 = CARTESIAN_POINT ( 'NONE',  ( 3.450000000000000200, 20.10000000000000500, -11.74511231769187300 ) ) ;
#2432 = CARTESIAN_POINT ( 'NONE',  ( -3.295688082733002800, -10.40000000000000000, -10.26815387474902300 ) ) ;
#2433 = CARTESIAN_POINT ( 'NONE',  ( 1.259109769979336500, 22.10000000000000100, -11.76738468368998800 ) ) ;
#2434 =( BOUNDED_CURVE ( )  B_SPLINE_CURVE ( 3, ( #1158, #2334, #1962, #400 ),
 .UNSPECIFIED., .F., .F. ) 
 B_SPLINE_CURVE_WITH_KNOTS ( ( 4, 4 ),
 ( 4.573204306221737300, 6.283185307179586200 ),
 .UNSPECIFIED. ) 
 CURVE ( )  GEOMETRIC_REPRESENTATION_ITEM ( )  RATIONAL_B_SPLINE_CURVE ( ( 1.000000000000000000, 0.7708171185143408700, 0.7708171185143408700, 1.000000000000000000 ) ) 
 REPRESENTATION_ITEM ( '' )  );
#2435 = ORIENTED_EDGE ( 'NONE', *, *, #2430, .T. ) ;
#2436 = CARTESIAN_POINT ( 'NONE',  ( 0.3570783513027784900, -10.39999999999999700, -15.64414520761811500 ) ) ;
#2437 = VERTEX_POINT ( 'NONE', #2229 ) ;
#2438 = CARTESIAN_POINT ( 'NONE',  ( 4.149999999999995900, -10.40000000000000200, -3.050000000000000700 ) ) ;
#2439 = DATE_AND_TIME ( #1999, #22 ) ;
#2440 = MECHANICAL_CONTEXT ( 'NONE', #2072, 'mechanical' ) ;
#2441 = CARTESIAN_POINT ( 'NONE',  ( 3.560966016065379300, -10.40000000000000600, -13.02948265859402900 ) ) ;
#2442 = VECTOR ( 'NONE', #2380, 1000.000000000000000 ) ;
#2443 = AXIS2_PLACEMENT_3D ( 'NONE', #1879, #719, #712 ) ;
#2444 = VERTEX_POINT ( 'NONE', #275 ) ;
#2445 = CARTESIAN_POINT ( 'NONE',  ( 3.729893609761121300, -10.40000000000000000, -11.80415269066278900 ) ) ;
#2446 = VECTOR ( 'NONE', #562, 1000.000000000000000 ) ;
#2447 = EDGE_CURVE ( 'NONE', #1084, #979, #1172, .T. ) ;
#2448 = CIRCLE ( 'NONE', #1934, 1.600000000000000800 ) ;
#2449 = FACE_OUTER_BOUND ( 'NONE', #1482, .T. ) ;
#2450 = VECTOR ( 'NONE', #865, 1000.000000000000200 ) ;
#2451 = DIRECTION ( 'NONE',  ( 0.0000000000000000000, 0.0000000000000000000, -1.000000000000000000 ) ) ;
#2452 = CARTESIAN_POINT ( 'NONE',  ( -0.1026267440409775700, -14.90000000000000700, -9.792264572239735900 ) ) ;
#2453 = ORIENTED_EDGE ( 'NONE', *, *, #1470, .T. ) ;
#2454 = CARTESIAN_POINT ( 'NONE',  ( 0.0000000000000000000, 22.10000000000000100, -11.76738468368998800 ) ) ;
#2455 = ORIENTED_EDGE ( 'NONE', *, *, #271, .T. ) ;
#2456 = AXIS2_PLACEMENT_3D ( 'NONE', #2376, #1015, #1409 ) ;
#2457 = ORIENTED_EDGE ( 'NONE', *, *, #1040, .F. ) ;
#2458 = CARTESIAN_POINT ( 'NONE',  ( 1.259109769979336500, 22.10000000000000100, -11.19402144896324300 ) ) ;
#2459 = EDGE_CURVE ( 'NONE', #892, #2242, #570, .T. ) ;
#2460 = CARTESIAN_POINT ( 'NONE',  ( -0.7722871636215336000, -14.90000000000000400, -9.897539657900727800 ) ) ;
#2461 = AXIS2_PLACEMENT_3D ( 'NONE', #2143, #1980, #188 ) ;
#2462 = DIRECTION ( 'NONE',  ( 1.000000000000000000, -3.469446951953614200E-016, 0.0000000000000000000 ) ) ;
#2463 = EDGE_LOOP ( 'NONE', ( #276, #1346 ) ) ;
#2464 = CARTESIAN_POINT ( 'NONE',  ( -2.422276667486187800, -10.40000000000000400, -9.125404892036773000 ) ) ;
#2465 = EDGE_LOOP ( 'NONE', ( #2495, #2293, #957, #2147 ) ) ;
#2466 = COORDINATED_UNIVERSAL_TIME_OFFSET ( 9, 0, .AHEAD. ) ;
#2467 = VERTEX_POINT ( 'NONE', #692 ) ;
#2468 = AXIS2_PLACEMENT_3D ( 'NONE', #1640, #682, #1247 ) ;
#2469 = FACE_OUTER_BOUND ( 'NONE', #243, .T. ) ;
#2470 = VERTEX_POINT ( 'NONE', #2065 ) ;
#2471 = CARTESIAN_POINT ( 'NONE',  ( -3.299999999999999800, 10.29999999999999700, -0.1000000000000000100 ) ) ;
#2472 = EDGE_CURVE ( 'NONE', #1323, #756, #1235, .T. ) ;
#2473 = CARTESIAN_POINT ( 'NONE',  ( 2.868876246604139500, -10.40000000000000400, -9.595480336542619800 ) ) ;
#2474 = LINE ( 'NONE', #1072, #1462 ) ;
#2475 = VECTOR ( 'NONE', #454, 1000.000000000000000 ) ;
#2476 = EDGE_CURVE ( 'NONE', #1293, #1927, #2491, .T. ) ;
#2477 = ORIENTED_EDGE ( 'NONE', *, *, #1141, .F. ) ;
#2478 = CARTESIAN_POINT ( 'NONE',  ( 0.1026267440409669400, -14.89999999999999900, -15.50773542776027900 ) ) ;
#2479 = DIRECTION ( 'NONE',  ( -3.469446951953614200E-016, -1.000000000000000000, 0.0000000000000000000 ) ) ;
#2480 = VERTEX_POINT ( 'NONE', #1454 ) ;
#2481 = PLANE ( 'NONE',  #1831 ) ;
#2482 = ORIENTED_EDGE ( 'NONE', *, *, #2483, .T. ) ;
#2483 = EDGE_CURVE ( 'NONE', #951, #1825, #164, .T. ) ;
#2484 = CARTESIAN_POINT ( 'NONE',  ( -2.552508275450887000, -14.89999999999999900, -11.34630620782533800 ) ) ;
#2485 = DIRECTION ( 'NONE',  ( -1.000000000000000000, 0.0000000000000000000, 0.0000000000000000000 ) ) ;
#2486 = ORIENTED_EDGE ( 'NONE', *, *, #1608, .T. ) ;
#2487 = DIRECTION ( 'NONE',  ( 0.0000000000000000000, 1.000000000000000000, 0.0000000000000000000 ) ) ;
#2488 = ORIENTED_EDGE ( 'NONE', *, *, #1722, .F. ) ;
#2489 = PLANE ( 'NONE',  #1922 ) ;
#2490 = CARTESIAN_POINT ( 'NONE',  ( 1.347111479062088300E-016, 19.10000000000000100, -13.10000000000000300 ) ) ;
#2491 = LINE ( 'NONE', #1679, #1202 ) ;
#2492 = DIRECTION ( 'NONE',  ( 9.427844978134822700E-017, -0.0000000000000000000, 1.000000000000000000 ) ) ;
#2493 = VERTEX_POINT ( 'NONE', #701 ) ;
#2494 = CIRCLE ( 'NONE', #1644, 1.600000000000000800 ) ;
#2495 = ORIENTED_EDGE ( 'NONE', *, *, #2333, .F. ) ;
#2496 = EDGE_CURVE ( 'NONE', #2338, #165, #420, .T. ) ;
#2497 = FACE_OUTER_BOUND ( 'NONE', #1031, .T. ) ;
#2498 = LINE ( 'NONE', #663, #61 ) ;
#2499 = ORIENTED_EDGE ( 'NONE', *, *, #50, .F. ) ;
#2500 = CARTESIAN_POINT ( 'NONE',  ( 3.434588414435603800, 19.57244440545958500, -8.909522146859153200 ) ) ;
#2501 = CARTESIAN_POINT ( 'NONE',  ( 0.0000000000000000000, 7.549999999999999800, -0.2000000000000000100 ) ) ;
#2502 = VECTOR ( 'NONE', #985, 1000.000000000000000 ) ;
#2503 = VECTOR ( 'NONE', #244, 1000.000000000000000 ) ;
#2504 = AXIS2_PLACEMENT_3D ( 'NONE', #1285, #902, #1882 ) ;
#2505 = CARTESIAN_POINT ( 'NONE',  ( -1.058300524425836100, 20.30000000000000100, -13.90000000000000400 ) ) ;
ENDSEC;
END-ISO-10303-21;
