ISO-10303-21;
HEADER;
FILE_DESCRIPTION (( 'STEP AP203' ),
    '1' );
FILE_NAME ('EX-15.STEP',
    '2005-09-05T07:08:38',
    ( 'êÏìáó«âp' ),
    ( ' ' ),
    'SwSTEP 2.0',
    'SolidWorks 2004251',
    '' );
FILE_SCHEMA (( 'CONFIG_CONTROL_DESIGN' ));
ENDSEC;

DATA;
#1 = ORIENTED_EDGE ( 'NONE', *, *, #45, .F. ) ;
#2 = EDGE_LOOP ( 'NONE', ( #1, #119 ) ) ;
#3 = ORIENTED_EDGE ( 'NONE', *, *, #255, .T. ) ;
#4 = ORIENTED_EDGE ( 'NONE', *, *, #311, .T. ) ;
#5 = EDGE_LOOP ( 'NONE', ( #4, #435, #436, #437 ) ) ;
#6 = ORIENTED_EDGE ( 'NONE', *, *, #7, .T. ) ;
#7 = EDGE_CURVE ( 'NONE', #86, #8, #1160, .T. ) ;
#8 = VERTEX_POINT ( 'NONE', #1156 ) ;
#9 = ORIENTED_EDGE ( 'NONE', *, *, #10, .T. ) ;
#10 = EDGE_CURVE ( 'NONE', #8, #11, #1155, .T. ) ;
#11 = VERTEX_POINT ( 'NONE', #1150 ) ;
#12 = ORIENTED_EDGE ( 'NONE', *, *, #13, .T. ) ;
#13 = EDGE_CURVE ( 'NONE', #79, #14, #1149, .T. ) ;
#14 = VERTEX_POINT ( 'NONE', #1144 ) ;
#15 = ORIENTED_EDGE ( 'NONE', *, *, #16, .F. ) ;
#16 = EDGE_CURVE ( 'NONE', #39, #14, #1143, .T. ) ;
#17 = ADVANCED_FACE ( 'NONE', ( #1139 ), #1138, .T. ) ;
#18 = EDGE_LOOP ( 'NONE', ( #19, #63, #66, #69 ) ) ;
#19 = ORIENTED_EDGE ( 'NONE', *, *, #20, .F. ) ;
#20 = EDGE_CURVE ( 'NONE', #21, #62, #1137, .T. ) ;
#21 = VERTEX_POINT ( 'NONE', #1128 ) ;
#22 = MANIFOLD_SOLID_BREP ( 'NONE', #693 ) ;
#23 = ADVANCED_FACE ( 'NONE', ( #1127 ), #1126, .F. ) ;
#24 = EDGE_LOOP ( 'NONE', ( #25, #29, #32, #35 ) ) ;
#25 = ORIENTED_EDGE ( 'NONE', *, *, #26, .F. ) ;
#26 = EDGE_CURVE ( 'NONE', #27, #28, #1188, .T. ) ;
#27 = VERTEX_POINT ( 'NONE', #1183 ) ;
#28 = VERTEX_POINT ( 'NONE', #1182 ) ;
#29 = ORIENTED_EDGE ( 'NONE', *, *, #30, .T. ) ;
#30 = EDGE_CURVE ( 'NONE', #27, #31, #1181, .T. ) ;
#31 = VERTEX_POINT ( 'NONE', #1177 ) ;
#32 = ORIENTED_EDGE ( 'NONE', *, *, #33, .T. ) ;
#33 = EDGE_CURVE ( 'NONE', #31, #34, #1176, .T. ) ;
#34 = VERTEX_POINT ( 'NONE', #1171 ) ;
#35 = ORIENTED_EDGE ( 'NONE', *, *, #36, .F. ) ;
#36 = EDGE_CURVE ( 'NONE', #28, #34, #1170, .T. ) ;
#37 = ADVANCED_FACE ( 'NONE', ( #1166 ), #1165, .T. ) ;
#38 = VERTEX_POINT ( 'NONE', #1222 ) ;
#39 = VERTEX_POINT ( 'NONE', #1221 ) ;
#40 = ORIENTED_EDGE ( 'NONE', *, *, #78, .T. ) ;
#41 = VERTEX_POINT ( 'NONE', #1220 ) ;
#42 = ORIENTED_EDGE ( 'NONE', *, *, #43, .F. ) ;
#43 = EDGE_CURVE ( 'NONE', #38, #39, #1219, .T. ) ;
#44 = EDGE_LOOP ( 'NONE', ( #42, #40, #12, #15 ) ) ;
#45 = EDGE_CURVE ( 'NONE', #14, #79, #1214, .T. ) ;
#46 = VERTEX_POINT ( 'NONE', #1209 ) ;
#47 = ORIENTED_EDGE ( 'NONE', *, *, #3459, .F. ) ;
#48 = ORIENTED_EDGE ( 'NONE', *, *, #49, .F. ) ;
#49 = EDGE_CURVE ( 'NONE', #50, #46, #1208, .T. ) ;
#50 = VERTEX_POINT ( 'NONE', #1203 ) ;
#51 = EDGE_LOOP ( 'NONE', ( #3463, #3460, #3461 ) ) ;
#52 = ORIENTED_EDGE ( 'NONE', *, *, #53, .T. ) ;
#53 = EDGE_CURVE ( 'NONE', #3453, #46, #1202, .T. ) ;
#54 = EDGE_CURVE ( 'NONE', #55, #11, #1198, .T. ) ;
#55 = VERTEX_POINT ( 'NONE', #1194 ) ;
#56 = ORIENTED_EDGE ( 'NONE', *, *, #54, .F. ) ;
#57 = EDGE_CURVE ( 'NONE', #75, #58, #1193, .T. ) ;
#58 = VERTEX_POINT ( 'NONE', #1252 ) ;
#59 = ORIENTED_EDGE ( 'NONE', *, *, #60, .T. ) ;
#60 = EDGE_CURVE ( 'NONE', #58, #61, #1251, .T. ) ;
#61 = VERTEX_POINT ( 'NONE', #1246 ) ;
#62 = VERTEX_POINT ( 'NONE', #1245 ) ;
#63 = ORIENTED_EDGE ( 'NONE', *, *, #64, .T. ) ;
#64 = EDGE_CURVE ( 'NONE', #21, #65, #1244, .T. ) ;
#65 = VERTEX_POINT ( 'NONE', #1240 ) ;
#66 = ORIENTED_EDGE ( 'NONE', *, *, #67, .T. ) ;
#67 = EDGE_CURVE ( 'NONE', #65, #68, #1239, .T. ) ;
#68 = VERTEX_POINT ( 'NONE', #1234 ) ;
#69 = ORIENTED_EDGE ( 'NONE', *, *, #70, .F. ) ;
#70 = EDGE_CURVE ( 'NONE', #62, #68, #1233, .T. ) ;
#71 = ADVANCED_FACE ( 'NONE', ( #1229 ), #1228, .T. ) ;
#72 = EDGE_LOOP ( 'NONE', ( #73, #77, #59, #80 ) ) ;
#73 = ORIENTED_EDGE ( 'NONE', *, *, #74, .F. ) ;
#74 = EDGE_CURVE ( 'NONE', #75, #76, #1223, .T. ) ;
#75 = VERTEX_POINT ( 'NONE', #1284 ) ;
#76 = VERTEX_POINT ( 'NONE', #1283 ) ;
#77 = ORIENTED_EDGE ( 'NONE', *, *, #57, .T. ) ;
#78 = EDGE_CURVE ( 'NONE', #38, #79, #1282, .T. ) ;
#79 = VERTEX_POINT ( 'NONE', #1278 ) ;
#80 = ORIENTED_EDGE ( 'NONE', *, *, #81, .F. ) ;
#81 = EDGE_CURVE ( 'NONE', #76, #61, #1277, .T. ) ;
#82 = ADVANCED_FACE ( 'NONE', ( #1273 ), #1272, .T. ) ;
#83 = EDGE_LOOP ( 'NONE', ( #84, #6, #9, #56, #47, #52, #48, #3472 ) ) ;
#84 = ORIENTED_EDGE ( 'NONE', *, *, #85, .F. ) ;
#85 = EDGE_CURVE ( 'NONE', #86, #87, #1266, .T. ) ;
#86 = VERTEX_POINT ( 'NONE', #1262 ) ;
#87 = VERTEX_POINT ( 'NONE', #1261 ) ;
#88 = VERTEX_POINT ( 'NONE', #1260 ) ;
#89 = EDGE_LOOP ( 'NONE', ( #90, #94, #97, #100 ) ) ;
#90 = ORIENTED_EDGE ( 'NONE', *, *, #91, .T. ) ;
#91 = EDGE_CURVE ( 'NONE', #92, #93, #1259, .T. ) ;
#92 = VERTEX_POINT ( 'NONE', #1318 ) ;
#93 = VERTEX_POINT ( 'NONE', #1317 ) ;
#94 = ORIENTED_EDGE ( 'NONE', *, *, #95, .F. ) ;
#95 = EDGE_CURVE ( 'NONE', #96, #93, #1316, .T. ) ;
#96 = VERTEX_POINT ( 'NONE', #1312 ) ;
#97 = ORIENTED_EDGE ( 'NONE', *, *, #98, .F. ) ;
#98 = EDGE_CURVE ( 'NONE', #99, #96, #1311, .T. ) ;
#99 = VERTEX_POINT ( 'NONE', #1307 ) ;
#100 = ORIENTED_EDGE ( 'NONE', *, *, #101, .T. ) ;
#101 = EDGE_CURVE ( 'NONE', #99, #92, #1306, .T. ) ;
#102 = EDGE_LOOP ( 'NONE', ( #103, #160 ) ) ;
#103 = ORIENTED_EDGE ( 'NONE', *, *, #104, .F. ) ;
#104 = EDGE_CURVE ( 'NONE', #11, #8, #1302, .T. ) ;
#105 = ORIENTED_EDGE ( 'NONE', *, *, #106, .T. ) ;
#106 = EDGE_CURVE ( 'NONE', #3471, #107, #1297, .T. ) ;
#107 = VERTEX_POINT ( 'NONE', #1293 ) ;
#108 = ORIENTED_EDGE ( 'NONE', *, *, #109, .T. ) ;
#109 = EDGE_CURVE ( 'NONE', #107, #3474, #1292, .T. ) ;
#110 = EDGE_LOOP ( 'NONE', ( #111, #113 ) ) ;
#111 = ORIENTED_EDGE ( 'NONE', *, *, #112, .F. ) ;
#112 = EDGE_CURVE ( 'NONE', #68, #65, #1354, .T. ) ;
#113 = ORIENTED_EDGE ( 'NONE', *, *, #67, .F. ) ;
#114 = ADVANCED_FACE ( 'NONE', ( #1349, #1348, #1347 ), #1346, .F. ) ;
#115 = EDGE_LOOP ( 'NONE', ( #116, #118 ) ) ;
#116 = ORIENTED_EDGE ( 'NONE', *, *, #117, .F. ) ;
#117 = EDGE_CURVE ( 'NONE', #34, #31, #1341, .T. ) ;
#118 = ORIENTED_EDGE ( 'NONE', *, *, #33, .F. ) ;
#119 = ORIENTED_EDGE ( 'NONE', *, *, #13, .F. ) ;
#120 = ADVANCED_FACE ( 'NONE', ( #1336, #1335, #1334 ), #1333, .T. ) ;
#121 = EDGE_LOOP ( 'NONE', ( #122, #124 ) ) ;
#122 = ORIENTED_EDGE ( 'NONE', *, *, #123, .F. ) ;
#123 = EDGE_CURVE ( 'NONE', #61, #58, #1328, .T. ) ;
#124 = ORIENTED_EDGE ( 'NONE', *, *, #60, .F. ) ;
#125 = EDGE_LOOP ( 'NONE', ( #126, #3475, #105, #108 ) ) ;
#126 = ORIENTED_EDGE ( 'NONE', *, *, #127, .F. ) ;
#127 = EDGE_CURVE ( 'NONE', #3476, #3474, #1323, .T. ) ;
#128 = ORIENTED_EDGE ( 'NONE', *, *, #129, .T. ) ;
#129 = EDGE_CURVE ( 'NONE', #130, #3457, #1319, .T. ) ;
#130 = VERTEX_POINT ( 'NONE', #1381 ) ;
#131 = ORIENTED_EDGE ( 'NONE', *, *, #3455, .T. ) ;
#132 = ORIENTED_EDGE ( 'NONE', *, *, #133, .T. ) ;
#133 = EDGE_CURVE ( 'NONE', #3469, #204, #1380, .T. ) ;
#134 = ORIENTED_EDGE ( 'NONE', *, *, #210, .T. ) ;
#135 = ORIENTED_EDGE ( 'NONE', *, *, #136, .T. ) ;
#136 = EDGE_CURVE ( 'NONE', #208, #3471, #1376, .T. ) ;
#137 = ORIENTED_EDGE ( 'NONE', *, *, #3473, .F. ) ;
#138 = ORIENTED_EDGE ( 'NONE', *, *, #139, .T. ) ;
#139 = EDGE_CURVE ( 'NONE', #3476, #140, #1372, .T. ) ;
#140 = VERTEX_POINT ( 'NONE', #1368 ) ;
#141 = ORIENTED_EDGE ( 'NONE', *, *, #142, .F. ) ;
#142 = EDGE_CURVE ( 'NONE', #143, #41, #1367, .T. ) ;
#143 = VERTEX_POINT ( 'NONE', #1363 ) ;
#144 = ORIENTED_EDGE ( 'NONE', *, *, #145, .F. ) ;
#145 = EDGE_CURVE ( 'NONE', #157, #143, #1362, .T. ) ;
#146 = EDGE_CURVE ( 'NONE', #88, #107, #1358, .T. ) ;
#147 = ORIENTED_EDGE ( 'NONE', *, *, #148, .F. ) ;
#148 = EDGE_CURVE ( 'NONE', #149, #88, #1419, .T. ) ;
#149 = VERTEX_POINT ( 'NONE', #1415 ) ;
#150 = ORIENTED_EDGE ( 'NONE', *, *, #151, .F. ) ;
#151 = EDGE_CURVE ( 'NONE', #3482, #149, #1414, .T. ) ;
#152 = ORIENTED_EDGE ( 'NONE', *, *, #3480, .T. ) ;
#153 = EDGE_LOOP ( 'NONE', ( #154, #158, #141, #144 ) ) ;
#154 = ORIENTED_EDGE ( 'NONE', *, *, #155, .F. ) ;
#155 = EDGE_CURVE ( 'NONE', #156, #157, #1410, .T. ) ;
#156 = VERTEX_POINT ( 'NONE', #1406 ) ;
#157 = VERTEX_POINT ( 'NONE', #1405 ) ;
#158 = ORIENTED_EDGE ( 'NONE', *, *, #159, .T. ) ;
#159 = EDGE_CURVE ( 'NONE', #156, #41, #1404, .T. ) ;
#160 = ORIENTED_EDGE ( 'NONE', *, *, #10, .F. ) ;
#161 = ADVANCED_FACE ( 'NONE', ( #1400, #1399 ), #1398, .T. ) ;
#162 = EDGE_LOOP ( 'NONE', ( #163, #166, #169, #171, #172, #147, #150, #152 ) ) ;
#163 = ORIENTED_EDGE ( 'NONE', *, *, #164, .F. ) ;
#164 = EDGE_CURVE ( 'NONE', #165, #3483, #1393, .T. ) ;
#165 = VERTEX_POINT ( 'NONE', #1389 ) ;
#166 = ORIENTED_EDGE ( 'NONE', *, *, #167, .T. ) ;
#167 = EDGE_CURVE ( 'NONE', #165, #168, #1388, .T. ) ;
#168 = VERTEX_POINT ( 'NONE', #1450 ) ;
#169 = ORIENTED_EDGE ( 'NONE', *, *, #170, .F. ) ;
#170 = EDGE_CURVE ( 'NONE', #3474, #168, #1449, .T. ) ;
#171 = ORIENTED_EDGE ( 'NONE', *, *, #109, .F. ) ;
#172 = ORIENTED_EDGE ( 'NONE', *, *, #146, .F. ) ;
#173 = EDGE_CURVE ( 'NONE', #174, #251, #1445, .T. ) ;
#174 = VERTEX_POINT ( 'NONE', #1440 ) ;
#175 = ORIENTED_EDGE ( 'NONE', *, *, #176, .F. ) ;
#176 = EDGE_CURVE ( 'NONE', #248, #174, #1439, .T. ) ;
#177 = ADVANCED_FACE ( 'NONE', ( #1435 ), #1434, .F. ) ;
#178 = EDGE_LOOP ( 'NONE', ( #179, #235, #237, #240 ) ) ;
#179 = ORIENTED_EDGE ( 'NONE', *, *, #180, .F. ) ;
#180 = EDGE_CURVE ( 'NONE', #181, #182, #1429, .T. ) ;
#181 = VERTEX_POINT ( 'NONE', #1425 ) ;
#182 = VERTEX_POINT ( 'NONE', #1424 ) ;
#183 = VERTEX_POINT ( 'NONE', #1423 ) ;
#184 = EDGE_CURVE ( 'NONE', #185, #186, #1422, .T. ) ;
#185 = VERTEX_POINT ( 'NONE', #1481 ) ;
#186 = VERTEX_POINT ( 'NONE', #1480 ) ;
#187 = ORIENTED_EDGE ( 'NONE', *, *, #188, .T. ) ;
#188 = EDGE_CURVE ( 'NONE', #185, #189, #1479, .T. ) ;
#189 = VERTEX_POINT ( 'NONE', #1475 ) ;
#190 = ORIENTED_EDGE ( 'NONE', *, *, #191, .F. ) ;
#191 = EDGE_CURVE ( 'NONE', #192, #189, #1474, .T. ) ;
#192 = VERTEX_POINT ( 'NONE', #1469 ) ;
#193 = ORIENTED_EDGE ( 'NONE', *, *, #194, .F. ) ;
#194 = EDGE_CURVE ( 'NONE', #186, #192, #1468, .T. ) ;
#195 = ADVANCED_FACE ( 'NONE', ( #1464 ), #1462, .F. ) ;
#196 = EDGE_LOOP ( 'NONE', ( #197, #249, #252, #175 ) ) ;
#197 = ORIENTED_EDGE ( 'NONE', *, *, #198, .F. ) ;
#198 = EDGE_CURVE ( 'NONE', #199, #248, #1457, .T. ) ;
#199 = VERTEX_POINT ( 'NONE', #1453 ) ;
#200 = ADVANCED_FACE ( 'NONE', ( #1452 ), #1451, .T. ) ;
#201 = EDGE_LOOP ( 'NONE', ( #202, #205, #206, #209 ) ) ;
#202 = ORIENTED_EDGE ( 'NONE', *, *, #203, .T. ) ;
#203 = EDGE_CURVE ( 'NONE', #204, #149, #1514, .T. ) ;
#204 = VERTEX_POINT ( 'NONE', #1510 ) ;
#205 = ORIENTED_EDGE ( 'NONE', *, *, #148, .T. ) ;
#206 = ORIENTED_EDGE ( 'NONE', *, *, #207, .F. ) ;
#207 = EDGE_CURVE ( 'NONE', #208, #88, #1509, .T. ) ;
#208 = VERTEX_POINT ( 'NONE', #1505 ) ;
#209 = ORIENTED_EDGE ( 'NONE', *, *, #210, .F. ) ;
#210 = EDGE_CURVE ( 'NONE', #204, #208, #1504, .T. ) ;
#211 = ADVANCED_FACE ( 'NONE', ( #1500 ), #1499, .T. ) ;
#212 = EDGE_LOOP ( 'NONE', ( #128, #131, #132, #134, #135, #137, #138, #1064 ) ) ;
#213 = VERTEX_POINT ( 'NONE', #1494 ) ;
#214 = ORIENTED_EDGE ( 'NONE', *, *, #215, .F. ) ;
#215 = EDGE_CURVE ( 'NONE', #293, #213, #1493, .T. ) ;
#216 = ADVANCED_FACE ( 'NONE', ( #1489 ), #1488, .F. ) ;
#217 = EDGE_LOOP ( 'NONE', ( #218, #277, #280, #283, #286, #289, #263, #265 ) ) ;
#218 = ORIENTED_EDGE ( 'NONE', *, *, #219, .F. ) ;
#219 = EDGE_CURVE ( 'NONE', #220, #181, #1550, .T. ) ;
#220 = VERTEX_POINT ( 'NONE', #1546 ) ;
#221 = ORIENTED_EDGE ( 'NONE', *, *, #222, .F. ) ;
#222 = EDGE_CURVE ( 'NONE', #251, #174, #1544, .T. ) ;
#223 = ADVANCED_FACE ( 'NONE', ( #1545 ), #1537, .F. ) ;
#224 = EDGE_LOOP ( 'NONE', ( #225, #226, #228, #229 ) ) ;
#225 = ORIENTED_EDGE ( 'NONE', *, *, #188, .F. ) ;
#226 = ORIENTED_EDGE ( 'NONE', *, *, #227, .F. ) ;
#227 = EDGE_CURVE ( 'NONE', #186, #185, #1533, .T. ) ;
#228 = ORIENTED_EDGE ( 'NONE', *, *, #194, .T. ) ;
#229 = ORIENTED_EDGE ( 'NONE', *, *, #230, .F. ) ;
#230 = EDGE_CURVE ( 'NONE', #189, #192, #1529, .T. ) ;
#231 = ADVANCED_FACE ( 'NONE', ( #1524 ), #1523, .F. ) ;
#232 = EDGE_LOOP ( 'NONE', ( #233, #294, #297, #214 ) ) ;
#233 = ORIENTED_EDGE ( 'NONE', *, *, #234, .F. ) ;
#234 = EDGE_CURVE ( 'NONE', #292, #293, #1582, .T. ) ;
#235 = ORIENTED_EDGE ( 'NONE', *, *, #236, .T. ) ;
#236 = EDGE_CURVE ( 'NONE', #181, #183, #1578, .T. ) ;
#237 = ORIENTED_EDGE ( 'NONE', *, *, #238, .T. ) ;
#238 = EDGE_CURVE ( 'NONE', #183, #239, #1574, .T. ) ;
#239 = VERTEX_POINT ( 'NONE', #1570 ) ;
#240 = ORIENTED_EDGE ( 'NONE', *, *, #241, .F. ) ;
#241 = EDGE_CURVE ( 'NONE', #182, #239, #1569, .T. ) ;
#242 = ADVANCED_FACE ( 'NONE', ( #1565 ), #1564, .F. ) ;
#243 = EDGE_LOOP ( 'NONE', ( #244, #245, #247, #221 ) ) ;
#244 = ORIENTED_EDGE ( 'NONE', *, *, #250, .F. ) ;
#245 = ORIENTED_EDGE ( 'NONE', *, *, #246, .F. ) ;
#246 = EDGE_CURVE ( 'NONE', #248, #199, #1563, .T. ) ;
#247 = ORIENTED_EDGE ( 'NONE', *, *, #176, .T. ) ;
#248 = VERTEX_POINT ( 'NONE', #1554 ) ;
#249 = ORIENTED_EDGE ( 'NONE', *, *, #250, .T. ) ;
#250 = EDGE_CURVE ( 'NONE', #199, #251, #1552, .T. ) ;
#251 = VERTEX_POINT ( 'NONE', #1612 ) ;
#252 = ORIENTED_EDGE ( 'NONE', *, *, #173, .F. ) ;
#253 = EDGE_LOOP ( 'NONE', ( #254, #257, #260, #262, #522, #323 ) ) ;
#254 = ORIENTED_EDGE ( 'NONE', *, *, #255, .F. ) ;
#255 = EDGE_CURVE ( 'NONE', #256, #288, #1611, .T. ) ;
#256 = VERTEX_POINT ( 'NONE', #1607 ) ;
#257 = ORIENTED_EDGE ( 'NONE', *, *, #258, .T. ) ;
#258 = EDGE_CURVE ( 'NONE', #256, #259, #1606, .T. ) ;
#259 = VERTEX_POINT ( 'NONE', #1602 ) ;
#260 = ORIENTED_EDGE ( 'NONE', *, *, #261, .F. ) ;
#261 = EDGE_CURVE ( 'NONE', #274, #259, #1601, .T. ) ;
#262 = ORIENTED_EDGE ( 'NONE', *, *, #273, .T. ) ;
#263 = ORIENTED_EDGE ( 'NONE', *, *, #264, .T. ) ;
#264 = EDGE_CURVE ( 'NONE', #291, #183, #1597, .T. ) ;
#265 = ORIENTED_EDGE ( 'NONE', *, *, #236, .F. ) ;
#266 = ADVANCED_FACE ( 'NONE', ( #1593 ), #1592, .F. ) ;
#267 = EDGE_LOOP ( 'NONE', ( #268, #272, #275, #335, #336 ) ) ;
#268 = ORIENTED_EDGE ( 'NONE', *, *, #269, .T. ) ;
#269 = EDGE_CURVE ( 'NONE', #270, #271, #1587, .T. ) ;
#270 = VERTEX_POINT ( 'NONE', #1583 ) ;
#271 = VERTEX_POINT ( 'NONE', #1644 ) ;
#272 = ORIENTED_EDGE ( 'NONE', *, *, #273, .F. ) ;
#273 = EDGE_CURVE ( 'NONE', #274, #271, #1643, .T. ) ;
#274 = VERTEX_POINT ( 'NONE', #1639 ) ;
#275 = ORIENTED_EDGE ( 'NONE', *, *, #276, .F. ) ;
#276 = EDGE_CURVE ( 'NONE', #293, #274, #1638, .T. ) ;
#277 = ORIENTED_EDGE ( 'NONE', *, *, #278, .T. ) ;
#278 = EDGE_CURVE ( 'NONE', #220, #279, #1634, .T. ) ;
#279 = VERTEX_POINT ( 'NONE', #1630 ) ;
#280 = ORIENTED_EDGE ( 'NONE', *, *, #281, .F. ) ;
#281 = EDGE_CURVE ( 'NONE', #282, #279, #1629, .T. ) ;
#282 = VERTEX_POINT ( 'NONE', #1625 ) ;
#283 = ORIENTED_EDGE ( 'NONE', *, *, #284, .F. ) ;
#284 = EDGE_CURVE ( 'NONE', #285, #282, #1624, .T. ) ;
#285 = VERTEX_POINT ( 'NONE', #1620 ) ;
#286 = ORIENTED_EDGE ( 'NONE', *, *, #287, .F. ) ;
#287 = EDGE_CURVE ( 'NONE', #288, #285, #1619, .T. ) ;
#288 = VERTEX_POINT ( 'NONE', #1615 ) ;
#289 = ORIENTED_EDGE ( 'NONE', *, *, #290, .T. ) ;
#290 = EDGE_CURVE ( 'NONE', #288, #291, #1679, .T. ) ;
#291 = VERTEX_POINT ( 'NONE', #1675 ) ;
#292 = VERTEX_POINT ( 'NONE', #1674 ) ;
#293 = VERTEX_POINT ( 'NONE', #1673 ) ;
#294 = ORIENTED_EDGE ( 'NONE', *, *, #295, .F. ) ;
#295 = EDGE_CURVE ( 'NONE', #296, #292, #1672, .T. ) ;
#296 = VERTEX_POINT ( 'NONE', #1668 ) ;
#297 = ORIENTED_EDGE ( 'NONE', *, *, #298, .F. ) ;
#298 = EDGE_CURVE ( 'NONE', #213, #296, #1667, .T. ) ;
#299 = ADVANCED_FACE ( 'NONE', ( #1663, #1662, #1661 ), #1660, .F. ) ;
#300 = EDGE_LOOP ( 'NONE', ( #301, #302 ) ) ;
#301 = ORIENTED_EDGE ( 'NONE', *, *, #246, .T. ) ;
#302 = ORIENTED_EDGE ( 'NONE', *, *, #198, .T. ) ;
#303 = EDGE_LOOP ( 'NONE', ( #304, #305 ) ) ;
#304 = ORIENTED_EDGE ( 'NONE', *, *, #227, .T. ) ;
#305 = ORIENTED_EDGE ( 'NONE', *, *, #184, .T. ) ;
#306 = EDGE_LOOP ( 'NONE', ( #307, #308, #364, #365, #368, #371, #373 ) ) ;
#307 = ORIENTED_EDGE ( 'NONE', *, *, #264, .F. ) ;
#308 = ORIENTED_EDGE ( 'NONE', *, *, #322, .F. ) ;
#309 = ORIENTED_EDGE ( 'NONE', *, *, #261, .T. ) ;
#310 = ORIENTED_EDGE ( 'NONE', *, *, #311, .F. ) ;
#311 = EDGE_CURVE ( 'NONE', #312, #259, #1655, .T. ) ;
#312 = VERTEX_POINT ( 'NONE', #1651 ) ;
#313 = ORIENTED_EDGE ( 'NONE', *, *, #314, .F. ) ;
#314 = EDGE_CURVE ( 'NONE', #315, #312, #1650, .T. ) ;
#315 = VERTEX_POINT ( 'NONE', #1645 ) ;
#316 = ORIENTED_EDGE ( 'NONE', *, *, #317, .F. ) ;
#317 = EDGE_CURVE ( 'NONE', #282, #315, #1712, .T. ) ;
#318 = ORIENTED_EDGE ( 'NONE', *, *, #281, .T. ) ;
#319 = ORIENTED_EDGE ( 'NONE', *, *, #320, .F. ) ;
#320 = EDGE_CURVE ( 'NONE', #495, #279, #1708, .T. ) ;
#321 = ORIENTED_EDGE ( 'NONE', *, *, #494, .F. ) ;
#322 = EDGE_CURVE ( 'NONE', #271, #291, #1704, .T. ) ;
#323 = ORIENTED_EDGE ( 'NONE', *, *, #290, .F. ) ;
#324 = ADVANCED_FACE ( 'NONE', ( #1700, #1699 ), #1698, .T. ) ;
#325 = EDGE_LOOP ( 'NONE', ( #326, #328 ) ) ;
#326 = ORIENTED_EDGE ( 'NONE', *, *, #327, .F. ) ;
#327 = EDGE_CURVE ( 'NONE', #537, #611, #1693, .T. ) ;
#328 = ORIENTED_EDGE ( 'NONE', *, *, #536, .F. ) ;
#329 = EDGE_LOOP ( 'NONE', ( #330, #333, #334, #309, #310, #313, #316, #318, #319, #321, #378 ) ) ;
#330 = ORIENTED_EDGE ( 'NONE', *, *, #331, .F. ) ;
#331 = EDGE_CURVE ( 'NONE', #292, #332, #1688, .T. ) ;
#332 = VERTEX_POINT ( 'NONE', #1684 ) ;
#333 = ORIENTED_EDGE ( 'NONE', *, *, #234, .T. ) ;
#334 = ORIENTED_EDGE ( 'NONE', *, *, #276, .T. ) ;
#335 = ORIENTED_EDGE ( 'NONE', *, *, #215, .T. ) ;
#336 = ORIENTED_EDGE ( 'NONE', *, *, #337, .T. ) ;
#337 = EDGE_CURVE ( 'NONE', #213, #270, #1683, .T. ) ;
#338 = ADVANCED_FACE ( 'NONE', ( #1745 ), #1744, .F. ) ;
#339 = ORIENTED_EDGE ( 'NONE', *, *, #369, .T. ) ;
#340 = ORIENTED_EDGE ( 'NONE', *, *, #341, .F. ) ;
#341 = EDGE_CURVE ( 'NONE', #342, #367, #1739, .T. ) ;
#342 = VERTEX_POINT ( 'NONE', #1735 ) ;
#343 = ORIENTED_EDGE ( 'NONE', *, *, #344, .F. ) ;
#344 = EDGE_CURVE ( 'NONE', #377, #342, #1734, .T. ) ;
#345 = ORIENTED_EDGE ( 'NONE', *, *, #352, .T. ) ;
#346 = ADVANCED_FACE ( 'NONE', ( #1730 ), #1729, .F. ) ;
#347 = EDGE_LOOP ( 'NONE', ( #348, #349, #350, #406 ) ) ;
#348 = ORIENTED_EDGE ( 'NONE', *, *, #366, .T. ) ;
#349 = ORIENTED_EDGE ( 'NONE', *, *, #337, .F. ) ;
#350 = ORIENTED_EDGE ( 'NONE', *, *, #405, .F. ) ;
#351 = ORIENTED_EDGE ( 'NONE', *, *, #352, .F. ) ;
#352 = EDGE_CURVE ( 'NONE', #377, #370, #1724, .T. ) ;
#353 = ORIENTED_EDGE ( 'NONE', *, *, #354, .F. ) ;
#354 = EDGE_CURVE ( 'NONE', #296, #377, #1720, .T. ) ;
#355 = ORIENTED_EDGE ( 'NONE', *, *, #356, .T. ) ;
#356 = EDGE_CURVE ( 'NONE', #296, #182, #1716, .T. ) ;
#357 = ORIENTED_EDGE ( 'NONE', *, *, #241, .T. ) ;
#358 = ADVANCED_FACE ( 'NONE', ( #1778, #1777 ), #1776, .F. ) ;
#359 = EDGE_LOOP ( 'NONE', ( #360, #361 ) ) ;
#360 = ORIENTED_EDGE ( 'NONE', *, *, #622, .T. ) ;
#361 = ORIENTED_EDGE ( 'NONE', *, *, #362, .T. ) ;
#362 = EDGE_CURVE ( 'NONE', #523, #623, #1771, .T. ) ;
#363 = EDGE_LOOP ( 'NONE', ( #339, #340, #343, #345 ) ) ;
#364 = ORIENTED_EDGE ( 'NONE', *, *, #269, .F. ) ;
#365 = ORIENTED_EDGE ( 'NONE', *, *, #366, .F. ) ;
#366 = EDGE_CURVE ( 'NONE', #367, #270, #1766, .T. ) ;
#367 = VERTEX_POINT ( 'NONE', #1762 ) ;
#368 = ORIENTED_EDGE ( 'NONE', *, *, #369, .F. ) ;
#369 = EDGE_CURVE ( 'NONE', #370, #367, #1761, .T. ) ;
#370 = VERTEX_POINT ( 'NONE', #1757 ) ;
#371 = ORIENTED_EDGE ( 'NONE', *, *, #372, .F. ) ;
#372 = EDGE_CURVE ( 'NONE', #239, #370, #1756, .T. ) ;
#373 = ORIENTED_EDGE ( 'NONE', *, *, #238, .F. ) ;
#374 = ADVANCED_FACE ( 'NONE', ( #1752 ), #1751, .F. ) ;
#375 = EDGE_LOOP ( 'NONE', ( #376, #351, #353, #355, #357 ) ) ;
#376 = ORIENTED_EDGE ( 'NONE', *, *, #372, .T. ) ;
#377 = VERTEX_POINT ( 'NONE', #1746 ) ;
#378 = ORIENTED_EDGE ( 'NONE', *, *, #379, .F. ) ;
#379 = EDGE_CURVE ( 'NONE', #332, #573, #1810, .T. ) ;
#380 = ORIENTED_EDGE ( 'NONE', *, *, #287, .T. ) ;
#381 = ORIENTED_EDGE ( 'NONE', *, *, #382, .T. ) ;
#382 = EDGE_CURVE ( 'NONE', #285, #401, #1805, .T. ) ;
#383 = EDGE_LOOP ( 'NONE', ( #384, #385 ) ) ;
#384 = ORIENTED_EDGE ( 'NONE', *, *, #191, .T. ) ;
#385 = ORIENTED_EDGE ( 'NONE', *, *, #230, .T. ) ;
#386 = ADVANCED_FACE ( 'NONE', ( #1801 ), #1800, .F. ) ;
#387 = EDGE_LOOP ( 'NONE', ( #388, #389, #447, #448 ) ) ;
#388 = ORIENTED_EDGE ( 'NONE', *, *, #314, .T. ) ;
#389 = ORIENTED_EDGE ( 'NONE', *, *, #390, .F. ) ;
#390 = EDGE_CURVE ( 'NONE', #402, #312, #1799, .T. ) ;
#391 = ORIENTED_EDGE ( 'NONE', *, *, #625, .T. ) ;
#392 = ORIENTED_EDGE ( 'NONE', *, *, #362, .F. ) ;
#393 = ADVANCED_FACE ( 'NONE', ( #1791 ), #1790, .F. ) ;
#394 = EDGE_LOOP ( 'NONE', ( #395, #396 ) ) ;
#395 = ORIENTED_EDGE ( 'NONE', *, *, #501, .F. ) ;
#396 = ORIENTED_EDGE ( 'NONE', *, *, #417, .F. ) ;
#397 = ADVANCED_FACE ( 'NONE', ( #1785, #1784 ), #1783, .T. ) ;
#398 = EDGE_LOOP ( 'NONE', ( #399, #403, #3, #380, #381 ) ) ;
#399 = ORIENTED_EDGE ( 'NONE', *, *, #400, .T. ) ;
#400 = EDGE_CURVE ( 'NONE', #401, #402, #1844, .T. ) ;
#401 = VERTEX_POINT ( 'NONE', #1839 ) ;
#402 = VERTEX_POINT ( 'NONE', #1838 ) ;
#403 = ORIENTED_EDGE ( 'NONE', *, *, #404, .T. ) ;
#404 = EDGE_CURVE ( 'NONE', #402, #256, #1837, .T. ) ;
#405 = EDGE_CURVE ( 'NONE', #342, #213, #1833, .T. ) ;
#406 = ORIENTED_EDGE ( 'NONE', *, *, #341, .T. ) ;
#407 = ADVANCED_FACE ( 'NONE', ( #1829 ), #1828, .F. ) ;
#408 = EDGE_LOOP ( 'NONE', ( #409, #410, #411, #412 ) ) ;
#409 = ORIENTED_EDGE ( 'NONE', *, *, #298, .T. ) ;
#410 = ORIENTED_EDGE ( 'NONE', *, *, #354, .T. ) ;
#411 = ORIENTED_EDGE ( 'NONE', *, *, #344, .T. ) ;
#412 = ORIENTED_EDGE ( 'NONE', *, *, #405, .T. ) ;
#413 = ADVANCED_FACE ( 'NONE', ( #1823 ), #1822, .T. ) ;
#414 = EDGE_LOOP ( 'NONE', ( #415, #416, #391, #392 ) ) ;
#415 = ORIENTED_EDGE ( 'NONE', *, *, #526, .F. ) ;
#416 = ORIENTED_EDGE ( 'NONE', *, *, #417, .T. ) ;
#417 = EDGE_CURVE ( 'NONE', #503, #502, #1816, .T. ) ;
#418 = ORIENTED_EDGE ( 'NONE', *, *, #295, .T. ) ;
#419 = ADVANCED_FACE ( 'NONE', ( #1812 ), #1553, .F. ) ;
#420 = EDGE_LOOP ( 'NONE', ( #421, #422, #474, #475 ) ) ;
#421 = ORIENTED_EDGE ( 'NONE', *, *, #320, .T. ) ;
#422 = ORIENTED_EDGE ( 'NONE', *, *, #278, .F. ) ;
#423 = ORIENTED_EDGE ( 'NONE', *, *, #180, .T. ) ;
#424 = ORIENTED_EDGE ( 'NONE', *, *, #425, .T. ) ;
#425 = EDGE_CURVE ( 'NONE', #182, #442, #1872, .T. ) ;
#426 = EDGE_LOOP ( 'NONE', ( #427, #428 ) ) ;
#427 = ORIENTED_EDGE ( 'NONE', *, *, #173, .T. ) ;
#428 = ORIENTED_EDGE ( 'NONE', *, *, #222, .T. ) ;
#429 = ADVANCED_FACE ( 'NONE', ( #1868 ), #1866, .F. ) ;
#430 = EDGE_LOOP ( 'NONE', ( #431, #432, #433, #487 ) ) ;
#431 = ORIENTED_EDGE ( 'NONE', *, *, #572, .F. ) ;
#432 = ORIENTED_EDGE ( 'NONE', *, *, #441, .F. ) ;
#433 = ORIENTED_EDGE ( 'NONE', *, *, #434, .T. ) ;
#434 = EDGE_CURVE ( 'NONE', #442, #332, #1867, .T. ) ;
#435 = ORIENTED_EDGE ( 'NONE', *, *, #258, .F. ) ;
#436 = ORIENTED_EDGE ( 'NONE', *, *, #404, .F. ) ;
#437 = ORIENTED_EDGE ( 'NONE', *, *, #390, .T. ) ;
#438 = ADVANCED_FACE ( 'NONE', ( #1858, #1857 ), #1856, .T. ) ;
#439 = EDGE_LOOP ( 'NONE', ( #440, #443, #444, #446, #423, #424 ) ) ;
#440 = ORIENTED_EDGE ( 'NONE', *, *, #441, .T. ) ;
#441 = EDGE_CURVE ( 'NONE', #442, #544, #1851, .T. ) ;
#442 = VERTEX_POINT ( 'NONE', #1846 ) ;
#443 = ORIENTED_EDGE ( 'NONE', *, *, #543, .T. ) ;
#444 = ORIENTED_EDGE ( 'NONE', *, *, #445, .T. ) ;
#445 = EDGE_CURVE ( 'NONE', #545, #220, #1845, .T. ) ;
#446 = ORIENTED_EDGE ( 'NONE', *, *, #219, .T. ) ;
#447 = ORIENTED_EDGE ( 'NONE', *, *, #400, .F. ) ;
#448 = ORIENTED_EDGE ( 'NONE', *, *, #449, .T. ) ;
#449 = EDGE_CURVE ( 'NONE', #401, #315, #1908, .T. ) ;
#450 = ADVANCED_FACE ( 'NONE', ( #1904 ), #1903, .F. ) ;
#451 = EDGE_LOOP ( 'NONE', ( #452, #453, #454, #455 ) ) ;
#452 = ORIENTED_EDGE ( 'NONE', *, *, #317, .T. ) ;
#453 = ORIENTED_EDGE ( 'NONE', *, *, #449, .F. ) ;
#454 = ORIENTED_EDGE ( 'NONE', *, *, #382, .F. ) ;
#455 = ORIENTED_EDGE ( 'NONE', *, *, #284, .T. ) ;
#456 = ADVANCED_FACE ( 'NONE', ( #1898 ), #1897, .F. ) ;
#457 = ADVANCED_FACE ( 'NONE', ( #1892 ), #1891, .F. ) ;
#458 = EDGE_LOOP ( 'NONE', ( #534, #532, #533, #527, #528 ) ) ;
#459 = ORIENTED_EDGE ( 'NONE', *, *, #768, .F. ) ;
#460 = ORIENTED_EDGE ( 'NONE', *, *, #858, .T. ) ;
#461 = ADVANCED_FACE ( 'NONE', ( #1886 ), #1885, .F. ) ;
#462 = EDGE_LOOP ( 'NONE', ( #460, #464, #466, #465 ) ) ;
#463 = ORIENTED_EDGE ( 'NONE', *, *, #730, .F. ) ;
#464 = ORIENTED_EDGE ( 'NONE', *, *, #1036, .F. ) ;
#465 = ORIENTED_EDGE ( 'NONE', *, *, #884, .T. ) ;
#466 = ORIENTED_EDGE ( 'NONE', *, *, #471, .F. ) ;
#467 = EDGE_LOOP ( 'NONE', ( #463, #459 ) ) ;
#468 = ORIENTED_EDGE ( 'NONE', *, *, #822, .T. ) ;
#469 = ORIENTED_EDGE ( 'NONE', *, *, #887, .T. ) ;
#470 = ORIENTED_EDGE ( 'NONE', *, *, #471, .T. ) ;
#471 = EDGE_CURVE ( 'NONE', #885, #1034, #1880, .T. ) ;
#472 = EDGE_CURVE ( 'NONE', #823, #953, #1944, .T. ) ;
#473 = CLOSED_SHELL ( 'NONE', ( #419, #438, #324, #540, #216, #242, #195, #488, #177, #429, #231, #386, #266, #338, #476, #450, #456, #594, #397, #299, #374, #407, #346, #483, #223, #626, #358, #498, #413, #393 ) ) ;
#474 = ORIENTED_EDGE ( 'NONE', *, *, #445, .F. ) ;
#475 = ORIENTED_EDGE ( 'NONE', *, *, #497, .T. ) ;
#476 = ADVANCED_FACE ( 'NONE', ( #1940 ), #1937, .F. ) ;
#477 = EDGE_LOOP ( 'NONE', ( #478, #479, #481, #482 ) ) ;
#478 = ORIENTED_EDGE ( 'NONE', *, *, #610, .F. ) ;
#479 = ORIENTED_EDGE ( 'NONE', *, *, #480, .F. ) ;
#480 = EDGE_CURVE ( 'NONE', #608, #591, #1938, .T. ) ;
#481 = ORIENTED_EDGE ( 'NONE', *, *, #539, .T. ) ;
#482 = ORIENTED_EDGE ( 'NONE', *, *, #327, .T. ) ;
#483 = ADVANCED_FACE ( 'NONE', ( #1929 ), #1928, .T. ) ;
#484 = EDGE_LOOP ( 'NONE', ( #485, #486 ) ) ;
#485 = ORIENTED_EDGE ( 'NONE', *, *, #480, .T. ) ;
#486 = ORIENTED_EDGE ( 'NONE', *, *, #590, .T. ) ;
#487 = ORIENTED_EDGE ( 'NONE', *, *, #379, .T. ) ;
#488 = ADVANCED_FACE ( 'NONE', ( #1923 ), #1922, .F. ) ;
#489 = EDGE_LOOP ( 'NONE', ( #490, #491, #492, #493, #418 ) ) ;
#490 = ORIENTED_EDGE ( 'NONE', *, *, #331, .T. ) ;
#491 = ORIENTED_EDGE ( 'NONE', *, *, #434, .F. ) ;
#492 = ORIENTED_EDGE ( 'NONE', *, *, #425, .F. ) ;
#493 = ORIENTED_EDGE ( 'NONE', *, *, #356, .F. ) ;
#494 = EDGE_CURVE ( 'NONE', #573, #495, #1917, .T. ) ;
#495 = VERTEX_POINT ( 'NONE', #1912 ) ;
#496 = ORIENTED_EDGE ( 'NONE', *, *, #497, .F. ) ;
#497 = EDGE_CURVE ( 'NONE', #545, #495, #1977, .T. ) ;
#498 = ADVANCED_FACE ( 'NONE', ( #1973 ), #1972, .T. ) ;
#499 = EDGE_LOOP ( 'NONE', ( #500, #504, #621, #624 ) ) ;
#500 = ORIENTED_EDGE ( 'NONE', *, *, #501, .T. ) ;
#501 = EDGE_CURVE ( 'NONE', #502, #503, #1966, .T. ) ;
#502 = VERTEX_POINT ( 'NONE', #1962 ) ;
#503 = VERTEX_POINT ( 'NONE', #1961 ) ;
#504 = ORIENTED_EDGE ( 'NONE', *, *, #526, .T. ) ;
#505 = ORIENTED_EDGE ( 'NONE', *, *, #507, .F. ) ;
#506 = EDGE_CURVE ( 'NONE', #509, #974, #1960, .T. ) ;
#507 = EDGE_CURVE ( 'NONE', #509, #511, #1956, .T. ) ;
#508 = ORIENTED_EDGE ( 'NONE', *, *, #506, .T. ) ;
#509 = VERTEX_POINT ( 'NONE', #1952 ) ;
#510 = EDGE_CURVE ( 'NONE', #511, #973, #1951, .T. ) ;
#511 = VERTEX_POINT ( 'NONE', #1947 ) ;
#512 = ORIENTED_EDGE ( 'NONE', *, *, #510, .F. ) ;
#513 = ORIENTED_EDGE ( 'NONE', *, *, #751, .T. ) ;
#514 = ORIENTED_EDGE ( 'NONE', *, *, #864, .T. ) ;
#515 = ADVANCED_FACE ( 'NONE', ( #1946 ), #1945, .F. ) ;
#516 = ORIENTED_EDGE ( 'NONE', *, *, #524, .T. ) ;
#517 = EDGE_LOOP ( 'NONE', ( #514, #512, #505, #508 ) ) ;
#518 = ORIENTED_EDGE ( 'NONE', *, *, #757, .T. ) ;
#519 = EDGE_LOOP ( 'NONE', ( #516, #513 ) ) ;
#520 = ADVANCED_FACE ( 'NONE', ( #2009 ), #2004, .T. ) ;
#521 = ORIENTED_EDGE ( 'NONE', *, *, #817, .T. ) ;
#522 = ORIENTED_EDGE ( 'NONE', *, *, #322, .T. ) ;
#523 = VERTEX_POINT ( 'NONE', #1999 ) ;
#524 = EDGE_CURVE ( 'NONE', #694, #690, #1998, .T. ) ;
#525 = ORIENTED_EDGE ( 'NONE', *, *, #524, .F. ) ;
#526 = EDGE_CURVE ( 'NONE', #503, #523, #1993, .T. ) ;
#527 = ORIENTED_EDGE ( 'NONE', *, *, #966, .F. ) ;
#528 = ORIENTED_EDGE ( 'NONE', *, *, #982, .T. ) ;
#529 = ADVANCED_FACE ( 'NONE', ( #1989 ), #1987, .T. ) ;
#530 = EDGE_LOOP ( 'NONE', ( #531, #525, #518, #521 ) ) ;
#531 = ORIENTED_EDGE ( 'NONE', *, *, #696, .F. ) ;
#532 = ORIENTED_EDGE ( 'NONE', *, *, #952, .T. ) ;
#533 = ORIENTED_EDGE ( 'NONE', *, *, #851, .T. ) ;
#534 = ORIENTED_EDGE ( 'NONE', *, *, #472, .T. ) ;
#535 = ORIENTED_EDGE ( 'NONE', *, *, #536, .T. ) ;
#536 = EDGE_CURVE ( 'NONE', #611, #537, #1982, .T. ) ;
#537 = VERTEX_POINT ( 'NONE', #1978 ) ;
#538 = ORIENTED_EDGE ( 'NONE', *, *, #539, .F. ) ;
#539 = EDGE_CURVE ( 'NONE', #608, #537, #2042, .T. ) ;
#540 = ADVANCED_FACE ( 'NONE', ( #2038 ), #2037, .F. ) ;
#541 = EDGE_LOOP ( 'NONE', ( #542, #571, #574, #496 ) ) ;
#542 = ORIENTED_EDGE ( 'NONE', *, *, #543, .F. ) ;
#543 = EDGE_CURVE ( 'NONE', #544, #545, #2032, .T. ) ;
#544 = VERTEX_POINT ( 'NONE', #2027 ) ;
#545 = VERTEX_POINT ( 'NONE', #2026 ) ;
#546 = ORIENTED_EDGE ( 'NONE', *, *, #567, .F. ) ;
#547 = ORIENTED_EDGE ( 'NONE', *, *, #548, .F. ) ;
#548 = EDGE_CURVE ( 'NONE', #549, #565, #2025, .T. ) ;
#549 = VERTEX_POINT ( 'NONE', #2021 ) ;
#550 = ORIENTED_EDGE ( 'NONE', *, *, #551, .T. ) ;
#551 = EDGE_CURVE ( 'NONE', #549, #742, #2020, .T. ) ;
#552 = ADVANCED_FACE ( 'NONE', ( #2016 ), #2015, .F. ) ;
#553 = EDGE_LOOP ( 'NONE', ( #554, #555, #556, #558 ) ) ;
#554 = ORIENTED_EDGE ( 'NONE', *, *, #891, .T. ) ;
#555 = ORIENTED_EDGE ( 'NONE', *, *, #551, .F. ) ;
#556 = ORIENTED_EDGE ( 'NONE', *, *, #557, .F. ) ;
#557 = EDGE_CURVE ( 'NONE', #637, #549, #2010, .T. ) ;
#558 = ORIENTED_EDGE ( 'NONE', *, *, #636, .T. ) ;
#559 = EDGE_LOOP ( 'NONE', ( #585, #586, #587, #588 ) ) ;
#560 = ADVANCED_FACE ( 'NONE', ( #2072 ), #2071, .F. ) ;
#561 = ORIENTED_EDGE ( 'NONE', *, *, #782, .T. ) ;
#562 = ORIENTED_EDGE ( 'NONE', *, *, #642, .F. ) ;
#563 = ORIENTED_EDGE ( 'NONE', *, *, #564, .F. ) ;
#564 = EDGE_CURVE ( 'NONE', #565, #640, #2066, .T. ) ;
#565 = VERTEX_POINT ( 'NONE', #2062 ) ;
#566 = ORIENTED_EDGE ( 'NONE', *, *, #567, .T. ) ;
#567 = EDGE_CURVE ( 'NONE', #565, #783, #2061, .T. ) ;
#568 = ADVANCED_FACE ( 'NONE', ( #2057 ), #2056, .F. ) ;
#569 = EDGE_LOOP ( 'NONE', ( #570, #546, #547, #550 ) ) ;
#570 = ORIENTED_EDGE ( 'NONE', *, *, #741, .T. ) ;
#571 = ORIENTED_EDGE ( 'NONE', *, *, #572, .T. ) ;
#572 = EDGE_CURVE ( 'NONE', #544, #573, #2051, .T. ) ;
#573 = VERTEX_POINT ( 'NONE', #2047 ) ;
#574 = ORIENTED_EDGE ( 'NONE', *, *, #494, .T. ) ;
#575 = EDGE_LOOP ( 'NONE', ( #576, #577, #578, #596 ) ) ;
#576 = ORIENTED_EDGE ( 'NONE', *, *, #976, .T. ) ;
#577 = ORIENTED_EDGE ( 'NONE', *, *, #649, .F. ) ;
#578 = ORIENTED_EDGE ( 'NONE', *, *, #579, .F. ) ;
#579 = EDGE_CURVE ( 'NONE', #580, #647, #2046, .T. ) ;
#580 = VERTEX_POINT ( 'NONE', #2110 ) ;
#581 = ADVANCED_FACE ( 'NONE', ( #2109 ), #2108, .F. ) ;
#582 = EDGE_LOOP ( 'NONE', ( #583, #644, #645, #648 ) ) ;
#583 = ORIENTED_EDGE ( 'NONE', *, *, #876, .T. ) ;
#584 = ADVANCED_FACE ( 'NONE', ( #2103 ), #2102, .F. ) ;
#585 = ORIENTED_EDGE ( 'NONE', *, *, #639, .T. ) ;
#586 = ORIENTED_EDGE ( 'NONE', *, *, #557, .T. ) ;
#587 = ORIENTED_EDGE ( 'NONE', *, *, #548, .T. ) ;
#588 = ORIENTED_EDGE ( 'NONE', *, *, #564, .T. ) ;
#589 = ORIENTED_EDGE ( 'NONE', *, *, #590, .F. ) ;
#590 = EDGE_CURVE ( 'NONE', #591, #608, #2097, .T. ) ;
#591 = VERTEX_POINT ( 'NONE', #2092 ) ;
#592 = CLOSED_SHELL ( 'NONE', ( #880, #801, #461, #775, #899, #1037, #1049, #943, #819, #994, #948, #581, #959, #568, #457, #937, #560, #1004, #552, #980, #758, #871, #632, #515, #598, #650, #744, #746, #788, #1025, #835, #1012, #846, #605, #986, #584, #1011, #529, #689, #520 ) ) ;
#593 = MANIFOLD_SOLID_BREP ( 'NONE', #473 ) ;
#594 = ADVANCED_FACE ( 'NONE', ( #2091 ), #2089, .F. ) ;
#595 = EDGE_LOOP ( 'NONE', ( #589, #609, #535, #538 ) ) ;
#596 = ORIENTED_EDGE ( 'NONE', *, *, #597, .T. ) ;
#597 = EDGE_CURVE ( 'NONE', #580, #892, #2085, .T. ) ;
#598 = ADVANCED_FACE ( 'NONE', ( #2081 ), #2080, .F. ) ;
#599 = EDGE_LOOP ( 'NONE', ( #600, #601, #602, #604 ) ) ;
#600 = ORIENTED_EDGE ( 'NONE', *, *, #934, .T. ) ;
#601 = ORIENTED_EDGE ( 'NONE', *, *, #597, .F. ) ;
#602 = ORIENTED_EDGE ( 'NONE', *, *, #603, .F. ) ;
#603 = EDGE_CURVE ( 'NONE', #511, #580, #2143, .T. ) ;
#604 = ORIENTED_EDGE ( 'NONE', *, *, #510, .T. ) ;
#605 = ADVANCED_FACE ( 'NONE', ( #2139 ), #2138, .T. ) ;
#606 = EDGE_LOOP ( 'NONE', ( #607, #629, #630, #631 ) ) ;
#607 = ORIENTED_EDGE ( 'NONE', *, *, #507, .T. ) ;
#608 = VERTEX_POINT ( 'NONE', #2133 ) ;
#609 = ORIENTED_EDGE ( 'NONE', *, *, #610, .T. ) ;
#610 = EDGE_CURVE ( 'NONE', #591, #611, #2132, .T. ) ;
#611 = VERTEX_POINT ( 'NONE', #2128 ) ;
#612 = ORIENTED_EDGE ( 'NONE', *, *, #680, .T. ) ;
#613 = ORIENTED_EDGE ( 'NONE', *, *, #57, .F. ) ;
#614 = EDGE_LOOP ( 'NONE', ( #612, #676 ) ) ;
#615 = ORIENTED_EDGE ( 'NONE', *, *, #54, .T. ) ;
#616 = ADVANCED_FACE ( 'NONE', ( #2127 ), #2126, .T. ) ;
#617 = ORIENTED_EDGE ( 'NONE', *, *, #104, .T. ) ;
#618 = EDGE_LOOP ( 'NONE', ( #683, #686, #682 ) ) ;
#619 = ORIENTED_EDGE ( 'NONE', *, *, #1033, .T. ) ;
#620 = ORIENTED_EDGE ( 'NONE', *, *, #472, .F. ) ;
#621 = ORIENTED_EDGE ( 'NONE', *, *, #622, .F. ) ;
#622 = EDGE_CURVE ( 'NONE', #623, #523, #2121, .T. ) ;
#623 = VERTEX_POINT ( 'NONE', #2116 ) ;
#624 = ORIENTED_EDGE ( 'NONE', *, *, #625, .F. ) ;
#625 = EDGE_CURVE ( 'NONE', #502, #623, #2115, .T. ) ;
#626 = ADVANCED_FACE ( 'NONE', ( #2111 ), #2173, .F. ) ;
#627 = EDGE_LOOP ( 'NONE', ( #628, #187, #190, #193 ) ) ;
#628 = ORIENTED_EDGE ( 'NONE', *, *, #184, .F. ) ;
#629 = ORIENTED_EDGE ( 'NONE', *, *, #603, .T. ) ;
#630 = ORIENTED_EDGE ( 'NONE', *, *, #579, .T. ) ;
#631 = ORIENTED_EDGE ( 'NONE', *, *, #646, .T. ) ;
#632 = ADVANCED_FACE ( 'NONE', ( #2172 ), #2167, .F. ) ;
#633 = EDGE_LOOP ( 'NONE', ( #634, #635, #638, #641 ) ) ;
#634 = ORIENTED_EDGE ( 'NONE', *, *, #778, .T. ) ;
#635 = ORIENTED_EDGE ( 'NONE', *, *, #636, .F. ) ;
#636 = EDGE_CURVE ( 'NONE', #637, #780, #2162, .T. ) ;
#637 = VERTEX_POINT ( 'NONE', #2158 ) ;
#638 = ORIENTED_EDGE ( 'NONE', *, *, #639, .F. ) ;
#639 = EDGE_CURVE ( 'NONE', #640, #637, #2157, .T. ) ;
#640 = VERTEX_POINT ( 'NONE', #2153 ) ;
#641 = ORIENTED_EDGE ( 'NONE', *, *, #642, .T. ) ;
#642 = EDGE_CURVE ( 'NONE', #640, #779, #2152, .T. ) ;
#643 = EDGE_LOOP ( 'NONE', ( #561, #562, #563, #566 ) ) ;
#644 = ORIENTED_EDGE ( 'NONE', *, *, #506, .F. ) ;
#645 = ORIENTED_EDGE ( 'NONE', *, *, #646, .F. ) ;
#646 = EDGE_CURVE ( 'NONE', #647, #509, #2148, .T. ) ;
#647 = VERTEX_POINT ( 'NONE', #2144 ) ;
#648 = ORIENTED_EDGE ( 'NONE', *, *, #649, .T. ) ;
#649 = EDGE_CURVE ( 'NONE', #647, #877, #2206, .T. ) ;
#650 = ADVANCED_FACE ( 'NONE', ( #2202 ), #2200, .F. ) ;
#651 = ADVANCED_FACE ( 'NONE', ( #2201 ), #2193, .F. ) ;
#652 = ORIENTED_EDGE ( 'NONE', *, *, #729, .F. ) ;
#653 = ORIENTED_EDGE ( 'NONE', *, *, #43, .T. ) ;
#654 = EDGE_LOOP ( 'NONE', ( #726, #723, #719, #721 ) ) ;
#655 = ORIENTED_EDGE ( 'NONE', *, *, #671, .T. ) ;
#656 = ORIENTED_EDGE ( 'NONE', *, *, #64, .F. ) ;
#657 = ADVANCED_FACE ( 'NONE', ( #2189 ), #2188, .T. ) ;
#658 = EDGE_LOOP ( 'NONE', ( #656, #666, #668, #664 ) ) ;
#659 = EDGE_LOOP ( 'NONE', ( #660, #661 ) ) ;
#660 = ORIENTED_EDGE ( 'NONE', *, *, #667, .T. ) ;
#661 = ORIENTED_EDGE ( 'NONE', *, *, #20, .T. ) ;
#662 = ORIENTED_EDGE ( 'NONE', *, *, #16, .T. ) ;
#663 = ORIENTED_EDGE ( 'NONE', *, *, #45, .T. ) ;
#664 = ORIENTED_EDGE ( 'NONE', *, *, #112, .T. ) ;
#665 = ADVANCED_FACE ( 'NONE', ( #2183 ), #2187, .T. ) ;
#666 = ORIENTED_EDGE ( 'NONE', *, *, #667, .F. ) ;
#667 = EDGE_CURVE ( 'NONE', #62, #21, #2178, .T. ) ;
#668 = ORIENTED_EDGE ( 'NONE', *, *, #70, .T. ) ;
#669 = ORIENTED_EDGE ( 'NONE', *, *, #78, .F. ) ;
#670 = ORIENTED_EDGE ( 'NONE', *, *, #671, .F. ) ;
#671 = EDGE_CURVE ( 'NONE', #39, #38, #2241, .T. ) ;
#672 = ADVANCED_FACE ( 'NONE', ( #2236 ), #2235, .T. ) ;
#673 = EDGE_LOOP ( 'NONE', ( #655, #653 ) ) ;
#674 = EDGE_LOOP ( 'NONE', ( #669, #670, #662, #663 ) ) ;
#675 = ADVANCED_FACE ( 'NONE', ( #2230 ), #2229, .T. ) ;
#676 = ORIENTED_EDGE ( 'NONE', *, *, #74, .T. ) ;
#677 = ORIENTED_EDGE ( 'NONE', *, *, #81, .T. ) ;
#678 = ORIENTED_EDGE ( 'NONE', *, *, #123, .T. ) ;
#679 = ORIENTED_EDGE ( 'NONE', *, *, #680, .F. ) ;
#680 = EDGE_CURVE ( 'NONE', #76, #75, #2223, .T. ) ;
#681 = EDGE_CURVE ( 'NONE', #3453, #1074, #2219, .T. ) ;
#682 = ORIENTED_EDGE ( 'NONE', *, *, #1117, .T. ) ;
#683 = ORIENTED_EDGE ( 'NONE', *, *, #681, .F. ) ;
#684 = EDGE_LOOP ( 'NONE', ( #613, #679, #677, #678 ) ) ;
#685 = ADVANCED_FACE ( 'NONE', ( #2215 ), #2214, .T. ) ;
#686 = ORIENTED_EDGE ( 'NONE', *, *, #3459, .T. ) ;
#687 = ADVANCED_FACE ( 'NONE', ( #2208 ), #2207, .T. ) ;
#688 = ORIENTED_EDGE ( 'NONE', *, *, #1115, .F. ) ;
#689 = ADVANCED_FACE ( 'NONE', ( #2270 ), #2269, .T. ) ;
#690 = VERTEX_POINT ( 'NONE', #2264 ) ;
#691 = ORIENTED_EDGE ( 'NONE', *, *, #53, .F. ) ;
#692 = MANIFOLD_SOLID_BREP ( 'NONE', #592 ) ;
#693 = CLOSED_SHELL ( 'NONE', ( #1124, #1076, #161, #114, #1084, #1118, #1101, #3454, #120, #1094, #1015, #1088, #1061, #200, #1065, #651, #82, #23, #211, #675, #37, #71, #17, #685, #657, #616, #760, #714, #3467, #704, #722, #672, #687, #665 ) ) ;
#694 = VERTEX_POINT ( 'NONE', #2263 ) ;
#695 = ORIENTED_EDGE ( 'NONE', *, *, #696, .T. ) ;
#696 = EDGE_CURVE ( 'NONE', #690, #752, #2262, .T. ) ;
#697 = ORIENTED_EDGE ( 'NONE', *, *, #681, .T. ) ;
#698 = ORIENTED_EDGE ( 'NONE', *, *, #699, .T. ) ;
#699 = EDGE_CURVE ( 'NONE', #764, #700, #2258, .T. ) ;
#700 = VERTEX_POINT ( 'NONE', #2254 ) ;
#701 = ORIENTED_EDGE ( 'NONE', *, *, #702, .T. ) ;
#702 = EDGE_CURVE ( 'NONE', #700, #703, #2253, .T. ) ;
#703 = VERTEX_POINT ( 'NONE', #2248 ) ;
#704 = ADVANCED_FACE ( 'NONE', ( #2247 ), #2246, .T. ) ;
#705 = ORIENTED_EDGE ( 'NONE', *, *, #49, .T. ) ;
#706 = ORIENTED_EDGE ( 'NONE', *, *, #707, .T. ) ;
#707 = EDGE_CURVE ( 'NONE', #46, #1073, #2307, .T. ) ;
#708 = ORIENTED_EDGE ( 'NONE', *, *, #3465, .T. ) ;
#709 = ORIENTED_EDGE ( 'NONE', *, *, #3466, .F. ) ;
#710 = ORIENTED_EDGE ( 'NONE', *, *, #715, .F. ) ;
#711 = ORIENTED_EDGE ( 'NONE', *, *, #715, .T. ) ;
#712 = EDGE_LOOP ( 'NONE', ( #705, #706, #713, #711 ) ) ;
#713 = ORIENTED_EDGE ( 'NONE', *, *, #1072, .T. ) ;
#714 = ADVANCED_FACE ( 'NONE', ( #2303 ), #2302, .F. ) ;
#715 = EDGE_CURVE ( 'NONE', #1070, #50, #2297, .T. ) ;
#716 = EDGE_LOOP ( 'NONE', ( #708, #709, #710, #761 ) ) ;
#717 = ORIENTED_EDGE ( 'NONE', *, *, #724, .T. ) ;
#718 = ORIENTED_EDGE ( 'NONE', *, *, #26, .T. ) ;
#719 = ORIENTED_EDGE ( 'NONE', *, *, #36, .T. ) ;
#720 = EDGE_LOOP ( 'NONE', ( #717, #718 ) ) ;
#721 = ORIENTED_EDGE ( 'NONE', *, *, #117, .T. ) ;
#722 = ADVANCED_FACE ( 'NONE', ( #2293 ), #2292, .T. ) ;
#723 = ORIENTED_EDGE ( 'NONE', *, *, #724, .F. ) ;
#724 = EDGE_CURVE ( 'NONE', #28, #27, #2287, .T. ) ;
#725 = ORIENTED_EDGE ( 'NONE', *, *, #891, .F. ) ;
#726 = ORIENTED_EDGE ( 'NONE', *, *, #30, .F. ) ;
#727 = VERTEX_POINT ( 'NONE', #2282 ) ;
#728 = EDGE_CURVE ( 'NONE', #743, #797, #2281, .T. ) ;
#729 = EDGE_CURVE ( 'NONE', #765, #703, #2276, .T. ) ;
#730 = EDGE_CURVE ( 'NONE', #731, #732, #2338, .T. ) ;
#731 = VERTEX_POINT ( 'NONE', #2333 ) ;
#732 = VERTEX_POINT ( 'NONE', #2332 ) ;
#733 = VERTEX_POINT ( 'NONE', #2331 ) ;
#734 = EDGE_CURVE ( 'NONE', #797, #805, #2330, .T. ) ;
#735 = ORIENTED_EDGE ( 'NONE', *, *, #745, .F. ) ;
#736 = EDGE_LOOP ( 'NONE', ( #747, #806, #784, #786 ) ) ;
#737 = ORIENTED_EDGE ( 'NONE', *, *, #734, .T. ) ;
#738 = EDGE_LOOP ( 'NONE', ( #837, #737, #739, #735 ) ) ;
#739 = ORIENTED_EDGE ( 'NONE', *, *, #748, .F. ) ;
#740 = ORIENTED_EDGE ( 'NONE', *, *, #741, .F. ) ;
#741 = EDGE_CURVE ( 'NONE', #742, #783, #2326, .T. ) ;
#742 = VERTEX_POINT ( 'NONE', #2322 ) ;
#743 = VERTEX_POINT ( 'NONE', #2321 ) ;
#744 = ADVANCED_FACE ( 'NONE', ( #2320 ), #2318, .F. ) ;
#745 = EDGE_CURVE ( 'NONE', #743, #727, #2314, .T. ) ;
#746 = ADVANCED_FACE ( 'NONE', ( #2309 ), #2308, .F. ) ;
#747 = ORIENTED_EDGE ( 'NONE', *, *, #730, .T. ) ;
#748 = EDGE_CURVE ( 'NONE', #727, #805, #2370, .T. ) ;
#749 = EDGE_LOOP ( 'NONE', ( #697, #688, #766, #691 ) ) ;
#750 = ORIENTED_EDGE ( 'NONE', *, *, #751, .F. ) ;
#751 = EDGE_CURVE ( 'NONE', #690, #694, #2362, .T. ) ;
#752 = VERTEX_POINT ( 'NONE', #2357 ) ;
#753 = ORIENTED_EDGE ( 'NONE', *, *, #754, .T. ) ;
#754 = EDGE_CURVE ( 'NONE', #752, #755, #2356, .T. ) ;
#755 = VERTEX_POINT ( 'NONE', #2351 ) ;
#756 = ORIENTED_EDGE ( 'NONE', *, *, #757, .F. ) ;
#757 = EDGE_CURVE ( 'NONE', #694, #755, #2350, .T. ) ;
#758 = ADVANCED_FACE ( 'NONE', ( #2346 ), #2345, .F. ) ;
#759 = EDGE_LOOP ( 'NONE', ( #762, #698, #701, #652 ) ) ;
#760 = ADVANCED_FACE ( 'NONE', ( #2344 ), #2406, .F. ) ;
#761 = ORIENTED_EDGE ( 'NONE', *, *, #1069, .F. ) ;
#762 = ORIENTED_EDGE ( 'NONE', *, *, #763, .F. ) ;
#763 = EDGE_CURVE ( 'NONE', #764, #765, #2401, .T. ) ;
#764 = VERTEX_POINT ( 'NONE', #2396 ) ;
#765 = VERTEX_POINT ( 'NONE', #2395 ) ;
#766 = ORIENTED_EDGE ( 'NONE', *, *, #707, .F. ) ;
#767 = ORIENTED_EDGE ( 'NONE', *, *, #768, .T. ) ;
#768 = EDGE_CURVE ( 'NONE', #732, #731, #2394, .T. ) ;
#769 = ORIENTED_EDGE ( 'NONE', *, *, #734, .F. ) ;
#770 = ORIENTED_EDGE ( 'NONE', *, *, #771, .T. ) ;
#771 = EDGE_CURVE ( 'NONE', #797, #743, #2389, .T. ) ;
#772 = ORIENTED_EDGE ( 'NONE', *, *, #745, .T. ) ;
#773 = ORIENTED_EDGE ( 'NONE', *, *, #774, .F. ) ;
#774 = EDGE_CURVE ( 'NONE', #805, #727, #2384, .T. ) ;
#775 = ADVANCED_FACE ( 'NONE', ( #2379, #2378, #2377, #2376 ), #2375, .T. ) ;
#776 = EDGE_LOOP ( 'NONE', ( #777, #781, #740, #725 ) ) ;
#777 = ORIENTED_EDGE ( 'NONE', *, *, #778, .F. ) ;
#778 = EDGE_CURVE ( 'NONE', #779, #780, #2438, .T. ) ;
#779 = VERTEX_POINT ( 'NONE', #2434 ) ;
#780 = VERTEX_POINT ( 'NONE', #2433 ) ;
#781 = ORIENTED_EDGE ( 'NONE', *, *, #782, .F. ) ;
#782 = EDGE_CURVE ( 'NONE', #783, #779, #2432, .T. ) ;
#783 = VERTEX_POINT ( 'NONE', #2428 ) ;
#784 = ORIENTED_EDGE ( 'NONE', *, *, #785, .F. ) ;
#785 = EDGE_CURVE ( 'NONE', #808, #733, #2427, .T. ) ;
#786 = ORIENTED_EDGE ( 'NONE', *, *, #787, .F. ) ;
#787 = EDGE_CURVE ( 'NONE', #731, #808, #2422, .T. ) ;
#788 = ADVANCED_FACE ( 'NONE', ( #2418, #2417 ), #2416, .F. ) ;
#789 = EDGE_LOOP ( 'NONE', ( #790, #794, #810, #813 ) ) ;
#790 = ORIENTED_EDGE ( 'NONE', *, *, #791, .T. ) ;
#791 = EDGE_CURVE ( 'NONE', #792, #793, #2411, .T. ) ;
#792 = VERTEX_POINT ( 'NONE', #2407 ) ;
#793 = VERTEX_POINT ( 'NONE', #2471 ) ;
#794 = ORIENTED_EDGE ( 'NONE', *, *, #795, .F. ) ;
#795 = EDGE_CURVE ( 'NONE', #796, #793, #2470, .T. ) ;
#796 = VERTEX_POINT ( 'NONE', #2466 ) ;
#797 = VERTEX_POINT ( 'NONE', #2465 ) ;
#798 = ORIENTED_EDGE ( 'NONE', *, *, #787, .T. ) ;
#799 = ORIENTED_EDGE ( 'NONE', *, *, #800, .F. ) ;
#800 = EDGE_CURVE ( 'NONE', #733, #808, #2464, .T. ) ;
#801 = ADVANCED_FACE ( 'NONE', ( #2459 ), #2458, .T. ) ;
#802 = EDGE_LOOP ( 'NONE', ( #803, #827, #830, #833 ) ) ;
#803 = ORIENTED_EDGE ( 'NONE', *, *, #804, .F. ) ;
#804 = EDGE_CURVE ( 'NONE', #825, #826, #2453, .T. ) ;
#805 = VERTEX_POINT ( 'NONE', #2449 ) ;
#806 = ORIENTED_EDGE ( 'NONE', *, *, #807, .T. ) ;
#807 = EDGE_CURVE ( 'NONE', #732, #733, #2448, .T. ) ;
#808 = VERTEX_POINT ( 'NONE', #2444 ) ;
#809 = EDGE_LOOP ( 'NONE', ( #890, #875, #975, #933 ) ) ;
#810 = ORIENTED_EDGE ( 'NONE', *, *, #811, .F. ) ;
#811 = EDGE_CURVE ( 'NONE', #812, #796, #2443, .T. ) ;
#812 = VERTEX_POINT ( 'NONE', #2439 ) ;
#813 = ORIENTED_EDGE ( 'NONE', *, *, #814, .T. ) ;
#814 = EDGE_CURVE ( 'NONE', #812, #792, #2503, .T. ) ;
#815 = EDGE_LOOP ( 'NONE', ( #816, #818 ) ) ;
#816 = ORIENTED_EDGE ( 'NONE', *, *, #817, .F. ) ;
#817 = EDGE_CURVE ( 'NONE', #755, #752, #2499, .T. ) ;
#818 = ORIENTED_EDGE ( 'NONE', *, *, #754, .F. ) ;
#819 = ADVANCED_FACE ( 'NONE', ( #2494 ), #2493, .F. ) ;
#820 = EDGE_LOOP ( 'NONE', ( #821, #838, #841, #844 ) ) ;
#821 = ORIENTED_EDGE ( 'NONE', *, *, #822, .F. ) ;
#822 = EDGE_CURVE ( 'NONE', #823, #824, #2488, .T. ) ;
#823 = VERTEX_POINT ( 'NONE', #2484 ) ;
#824 = VERTEX_POINT ( 'NONE', #2483 ) ;
#825 = VERTEX_POINT ( 'NONE', #2482 ) ;
#826 = VERTEX_POINT ( 'NONE', #2481 ) ;
#827 = ORIENTED_EDGE ( 'NONE', *, *, #828, .F. ) ;
#828 = EDGE_CURVE ( 'NONE', #829, #825, #2480, .T. ) ;
#829 = VERTEX_POINT ( 'NONE', #2476 ) ;
#830 = ORIENTED_EDGE ( 'NONE', *, *, #831, .T. ) ;
#831 = EDGE_CURVE ( 'NONE', #829, #832, #2475, .T. ) ;
#832 = VERTEX_POINT ( 'NONE', #2535 ) ;
#833 = ORIENTED_EDGE ( 'NONE', *, *, #834, .F. ) ;
#834 = EDGE_CURVE ( 'NONE', #826, #832, #2534, .T. ) ;
#835 = ADVANCED_FACE ( 'NONE', ( #2530 ), #2529, .F. ) ;
#836 = EDGE_LOOP ( 'NONE', ( #769, #770, #772, #773 ) ) ;
#837 = ORIENTED_EDGE ( 'NONE', *, *, #728, .T. ) ;
#838 = ORIENTED_EDGE ( 'NONE', *, *, #839, .T. ) ;
#839 = EDGE_CURVE ( 'NONE', #823, #840, #2528, .T. ) ;
#840 = VERTEX_POINT ( 'NONE', #2520 ) ;
#841 = ORIENTED_EDGE ( 'NONE', *, *, #842, .T. ) ;
#842 = EDGE_CURVE ( 'NONE', #840, #843, #2519, .T. ) ;
#843 = VERTEX_POINT ( 'NONE', #2515 ) ;
#844 = ORIENTED_EDGE ( 'NONE', *, *, #845, .F. ) ;
#845 = EDGE_CURVE ( 'NONE', #824, #843, #2514, .T. ) ;
#846 = ADVANCED_FACE ( 'NONE', ( #2510 ), #2509, .F. ) ;
#847 = EDGE_LOOP ( 'NONE', ( #848, #767, #798, #799 ) ) ;
#848 = ORIENTED_EDGE ( 'NONE', *, *, #807, .F. ) ;
#849 = EDGE_LOOP ( 'NONE', ( #850, #854, #857, #860, #907, #909, #912, #915, #918, #893 ) ) ;
#850 = ORIENTED_EDGE ( 'NONE', *, *, #851, .F. ) ;
#851 = EDGE_CURVE ( 'NONE', #852, #853, #2504, .T. ) ;
#852 = VERTEX_POINT ( 'NONE', #2563 ) ;
#853 = VERTEX_POINT ( 'NONE', #2562 ) ;
#854 = ORIENTED_EDGE ( 'NONE', *, *, #855, .F. ) ;
#855 = EDGE_CURVE ( 'NONE', #856, #852, #2561, .T. ) ;
#856 = VERTEX_POINT ( 'NONE', #2556 ) ;
#857 = ORIENTED_EDGE ( 'NONE', *, *, #858, .F. ) ;
#858 = EDGE_CURVE ( 'NONE', #859, #856, #2555, .T. ) ;
#859 = VERTEX_POINT ( 'NONE', #2551 ) ;
#860 = ORIENTED_EDGE ( 'NONE', *, *, #861, .T. ) ;
#861 = EDGE_CURVE ( 'NONE', #859, #862, #2550, .T. ) ;
#862 = VERTEX_POINT ( 'NONE', #2546 ) ;
#863 = VERTEX_POINT ( 'NONE', #2545 ) ;
#864 = EDGE_CURVE ( 'NONE', #974, #973, #2544, .T. ) ;
#865 = ORIENTED_EDGE ( 'NONE', *, *, #831, .F. ) ;
#866 = ORIENTED_EDGE ( 'NONE', *, *, #867, .F. ) ;
#867 = EDGE_CURVE ( 'NONE', #868, #829, #2540, .T. ) ;
#868 = VERTEX_POINT ( 'NONE', #2536 ) ;
#869 = ORIENTED_EDGE ( 'NONE', *, *, #870, .T. ) ;
#870 = EDGE_CURVE ( 'NONE', #868, #862, #2601, .T. ) ;
#871 = ADVANCED_FACE ( 'NONE', ( #2597 ), #2596, .F. ) ;
#872 = EDGE_LOOP ( 'NONE', ( #873, #955, #956, #958 ) ) ;
#873 = ORIENTED_EDGE ( 'NONE', *, *, #874, .T. ) ;
#874 = EDGE_CURVE ( 'NONE', #914, #906, #2591, .T. ) ;
#875 = ORIENTED_EDGE ( 'NONE', *, *, #876, .F. ) ;
#876 = EDGE_CURVE ( 'NONE', #877, #974, #2587, .T. ) ;
#877 = VERTEX_POINT ( 'NONE', #2583 ) ;
#878 = ORIENTED_EDGE ( 'NONE', *, *, #785, .T. ) ;
#879 = ORIENTED_EDGE ( 'NONE', *, *, #800, .T. ) ;
#880 = ADVANCED_FACE ( 'NONE', ( #2582 ), #2581, .F. ) ;
#881 = EDGE_LOOP ( 'NONE', ( #882, #883, #886, #888, #889, #865, #866, #869 ) ) ;
#882 = ORIENTED_EDGE ( 'NONE', *, *, #861, .F. ) ;
#883 = ORIENTED_EDGE ( 'NONE', *, *, #884, .F. ) ;
#884 = EDGE_CURVE ( 'NONE', #885, #859, #2576, .T. ) ;
#885 = VERTEX_POINT ( 'NONE', #2572 ) ;
#886 = ORIENTED_EDGE ( 'NONE', *, *, #887, .F. ) ;
#887 = EDGE_CURVE ( 'NONE', #824, #885, #2570, .T. ) ;
#888 = ORIENTED_EDGE ( 'NONE', *, *, #845, .T. ) ;
#889 = ORIENTED_EDGE ( 'NONE', *, *, #971, .T. ) ;
#890 = ORIENTED_EDGE ( 'NONE', *, *, #864, .F. ) ;
#891 = EDGE_CURVE ( 'NONE', #780, #742, #2571, .T. ) ;
#892 = VERTEX_POINT ( 'NONE', #2630 ) ;
#893 = ORIENTED_EDGE ( 'NONE', *, *, #894, .T. ) ;
#894 = EDGE_CURVE ( 'NONE', #920, #853, #2629, .T. ) ;
#895 = EDGE_LOOP ( 'NONE', ( #896, #898 ) ) ;
#896 = ORIENTED_EDGE ( 'NONE', *, *, #897, .F. ) ;
#897 = EDGE_CURVE ( 'NONE', #703, #700, #2625, .T. ) ;
#898 = ORIENTED_EDGE ( 'NONE', *, *, #702, .F. ) ;
#899 = ADVANCED_FACE ( 'NONE', ( #2620, #2619, #2618 ), #2617, .F. ) ;
#900 = EDGE_LOOP ( 'NONE', ( #901, #902 ) ) ;
#901 = ORIENTED_EDGE ( 'NONE', *, *, #748, .T. ) ;
#902 = ORIENTED_EDGE ( 'NONE', *, *, #774, .T. ) ;
#903 = EDGE_LOOP ( 'NONE', ( #904, #969, #970, #972, #921, #923, #924, #927, #930 ) ) ;
#904 = ORIENTED_EDGE ( 'NONE', *, *, #905, .T. ) ;
#905 = EDGE_CURVE ( 'NONE', #906, #826, #2612, .T. ) ;
#906 = VERTEX_POINT ( 'NONE', #2608 ) ;
#907 = ORIENTED_EDGE ( 'NONE', *, *, #908, .F. ) ;
#908 = EDGE_CURVE ( 'NONE', #863, #862, #2607, .T. ) ;
#909 = ORIENTED_EDGE ( 'NONE', *, *, #910, .F. ) ;
#910 = EDGE_CURVE ( 'NONE', #911, #863, #2602, .T. ) ;
#911 = VERTEX_POINT ( 'NONE', #2662 ) ;
#912 = ORIENTED_EDGE ( 'NONE', *, *, #913, .T. ) ;
#913 = EDGE_CURVE ( 'NONE', #911, #914, #2661, .T. ) ;
#914 = VERTEX_POINT ( 'NONE', #2657 ) ;
#915 = ORIENTED_EDGE ( 'NONE', *, *, #916, .T. ) ;
#916 = EDGE_CURVE ( 'NONE', #914, #917, #2656, .T. ) ;
#917 = VERTEX_POINT ( 'NONE', #2652 ) ;
#918 = ORIENTED_EDGE ( 'NONE', *, *, #919, .T. ) ;
#919 = EDGE_CURVE ( 'NONE', #917, #920, #2651, .T. ) ;
#920 = VERTEX_POINT ( 'NONE', #2647 ) ;
#921 = ORIENTED_EDGE ( 'NONE', *, *, #922, .F. ) ;
#922 = EDGE_CURVE ( 'NONE', #793, #840, #2646, .T. ) ;
#923 = ORIENTED_EDGE ( 'NONE', *, *, #791, .F. ) ;
#924 = ORIENTED_EDGE ( 'NONE', *, *, #925, .F. ) ;
#925 = EDGE_CURVE ( 'NONE', #926, #792, #2642, .T. ) ;
#926 = VERTEX_POINT ( 'NONE', #2638 ) ;
#927 = ORIENTED_EDGE ( 'NONE', *, *, #928, .F. ) ;
#928 = EDGE_CURVE ( 'NONE', #929, #926, #2637, .T. ) ;
#929 = VERTEX_POINT ( 'NONE', #2698 ) ;
#930 = ORIENTED_EDGE ( 'NONE', *, *, #931, .F. ) ;
#931 = EDGE_CURVE ( 'NONE', #906, #929, #2697, .T. ) ;
#932 = EDGE_LOOP ( 'NONE', ( #878, #879 ) ) ;
#933 = ORIENTED_EDGE ( 'NONE', *, *, #934, .F. ) ;
#934 = EDGE_CURVE ( 'NONE', #973, #892, #2693, .T. ) ;
#935 = ORIENTED_EDGE ( 'NONE', *, *, #839, .F. ) ;
#936 = ORIENTED_EDGE ( 'NONE', *, *, #982, .F. ) ;
#937 = ADVANCED_FACE ( 'NONE', ( #2689 ), #2688, .F. ) ;
#938 = ORIENTED_EDGE ( 'NONE', *, *, #910, .T. ) ;
#939 = ORIENTED_EDGE ( 'NONE', *, *, #940, .F. ) ;
#940 = EDGE_CURVE ( 'NONE', #1045, #863, #2683, .T. ) ;
#941 = EDGE_CURVE ( 'NONE', #1045, #868, #2679, .T. ) ;
#942 = ORIENTED_EDGE ( 'NONE', *, *, #940, .T. ) ;
#943 = ADVANCED_FACE ( 'NONE', ( #2675, #2674 ), #2673, .T. ) ;
#944 = ORIENTED_EDGE ( 'NONE', *, *, #941, .T. ) ;
#945 = ORIENTED_EDGE ( 'NONE', *, *, #867, .T. ) ;
#946 = ORIENTED_EDGE ( 'NONE', *, *, #828, .T. ) ;
#947 = ORIENTED_EDGE ( 'NONE', *, *, #1000, .T. ) ;
#948 = ADVANCED_FACE ( 'NONE', ( #2668 ), #2666, .F. ) ;
#949 = EDGE_LOOP ( 'NONE', ( #950, #951, #1032, #1035 ) ) ;
#950 = ORIENTED_EDGE ( 'NONE', *, *, #855, .T. ) ;
#951 = ORIENTED_EDGE ( 'NONE', *, *, #952, .F. ) ;
#952 = EDGE_CURVE ( 'NONE', #953, #852, #2729, .T. ) ;
#953 = VERTEX_POINT ( 'NONE', #2725 ) ;
#954 = EDGE_LOOP ( 'NONE', ( #992, #1020, #1022, #1023, #1024 ) ) ;
#955 = ORIENTED_EDGE ( 'NONE', *, *, #931, .T. ) ;
#956 = ORIENTED_EDGE ( 'NONE', *, *, #957, .F. ) ;
#957 = EDGE_CURVE ( 'NONE', #917, #929, #2724, .T. ) ;
#958 = ORIENTED_EDGE ( 'NONE', *, *, #916, .F. ) ;
#959 = ADVANCED_FACE ( 'NONE', ( #2720 ), #2719, .F. ) ;
#960 = EDGE_LOOP ( 'NONE', ( #961, #965, #967, #968 ) ) ;
#961 = ORIENTED_EDGE ( 'NONE', *, *, #962, .F. ) ;
#962 = EDGE_CURVE ( 'NONE', #963, #964, #2714, .T. ) ;
#963 = VERTEX_POINT ( 'NONE', #2710 ) ;
#964 = VERTEX_POINT ( 'NONE', #2709 ) ;
#965 = ORIENTED_EDGE ( 'NONE', *, *, #966, .T. ) ;
#966 = EDGE_CURVE ( 'NONE', #963, #853, #2708, .T. ) ;
#967 = ORIENTED_EDGE ( 'NONE', *, *, #894, .F. ) ;
#968 = ORIENTED_EDGE ( 'NONE', *, *, #1044, .T. ) ;
#969 = ORIENTED_EDGE ( 'NONE', *, *, #834, .T. ) ;
#970 = ORIENTED_EDGE ( 'NONE', *, *, #971, .F. ) ;
#971 = EDGE_CURVE ( 'NONE', #843, #832, #2704, .T. ) ;
#972 = ORIENTED_EDGE ( 'NONE', *, *, #842, .F. ) ;
#973 = VERTEX_POINT ( 'NONE', #2700 ) ;
#974 = VERTEX_POINT ( 'NONE', #2699 ) ;
#975 = ORIENTED_EDGE ( 'NONE', *, *, #976, .F. ) ;
#976 = EDGE_CURVE ( 'NONE', #892, #877, #2763, .T. ) ;
#977 = EDGE_LOOP ( 'NONE', ( #978, #979 ) ) ;
#978 = ORIENTED_EDGE ( 'NONE', *, *, #1008, .T. ) ;
#979 = ORIENTED_EDGE ( 'NONE', *, *, #763, .T. ) ;
#980 = ADVANCED_FACE ( 'NONE', ( #2759 ), #2758, .F. ) ;
#981 = EDGE_LOOP ( 'NONE', ( #938, #939, #1046, #1048 ) ) ;
#982 = EDGE_CURVE ( 'NONE', #963, #823, #2757, .T. ) ;
#983 = ORIENTED_EDGE ( 'NONE', *, *, #984, .F. ) ;
#984 = EDGE_CURVE ( 'NONE', #796, #963, #2749, .T. ) ;
#985 = ORIENTED_EDGE ( 'NONE', *, *, #795, .T. ) ;
#986 = ADVANCED_FACE ( 'NONE', ( #2745 ), #2744, .T. ) ;
#987 = EDGE_LOOP ( 'NONE', ( #988, #989, #990, #993 ) ) ;
#988 = ORIENTED_EDGE ( 'NONE', *, *, #1030, .T. ) ;
#989 = ORIENTED_EDGE ( 'NONE', *, *, #811, .T. ) ;
#990 = ORIENTED_EDGE ( 'NONE', *, *, #984, .T. ) ;
#991 = EDGE_LOOP ( 'NONE', ( #995, #996, #999, #1001, #1002, #1003 ) ) ;
#992 = ORIENTED_EDGE ( 'NONE', *, *, #928, .T. ) ;
#993 = ORIENTED_EDGE ( 'NONE', *, *, #962, .T. ) ;
#994 = ADVANCED_FACE ( 'NONE', ( #2739 ), #2738, .T. ) ;
#995 = ORIENTED_EDGE ( 'NONE', *, *, #913, .F. ) ;
#996 = ORIENTED_EDGE ( 'NONE', *, *, #997, .F. ) ;
#997 = EDGE_CURVE ( 'NONE', #998, #911, #2733, .T. ) ;
#998 = VERTEX_POINT ( 'NONE', #2794 ) ;
#999 = ORIENTED_EDGE ( 'NONE', *, *, #1000, .F. ) ;
#1000 = EDGE_CURVE ( 'NONE', #825, #998, #2793, .T. ) ;
#1001 = ORIENTED_EDGE ( 'NONE', *, *, #804, .T. ) ;
#1002 = ORIENTED_EDGE ( 'NONE', *, *, #905, .F. ) ;
#1003 = ORIENTED_EDGE ( 'NONE', *, *, #874, .F. ) ;
#1004 = ADVANCED_FACE ( 'NONE', ( #2789 ), #2788, .F. ) ;
#1005 = EDGE_LOOP ( 'NONE', ( #1006, #1007, #1009, #1010 ) ) ;
#1006 = ORIENTED_EDGE ( 'NONE', *, *, #699, .F. ) ;
#1007 = ORIENTED_EDGE ( 'NONE', *, *, #1008, .F. ) ;
#1008 = EDGE_CURVE ( 'NONE', #765, #764, #2782, .T. ) ;
#1009 = ORIENTED_EDGE ( 'NONE', *, *, #729, .T. ) ;
#1010 = ORIENTED_EDGE ( 'NONE', *, *, #897, .T. ) ;
#1011 = ADVANCED_FACE ( 'NONE', ( #2778 ), #2777, .T. ) ;
#1012 = ADVANCED_FACE ( 'NONE', ( #2772 ), #2771, .F. ) ;
#1013 = EDGE_LOOP ( 'NONE', ( #1014, #935, #936, #983, #985 ) ) ;
#1014 = ORIENTED_EDGE ( 'NONE', *, *, #922, .T. ) ;
#1015 = ADVANCED_FACE ( 'NONE', ( #2766 ), #2765, .F. ) ;
#1016 = EDGE_LOOP ( 'NONE', ( #1017, #1018, #1019, #1075 ) ) ;
#1017 = ORIENTED_EDGE ( 'NONE', *, *, #3470, .F. ) ;
#1018 = ORIENTED_EDGE ( 'NONE', *, *, #129, .F. ) ;
#1019 = ORIENTED_EDGE ( 'NONE', *, *, #1059, .T. ) ;
#1020 = ORIENTED_EDGE ( 'NONE', *, *, #1021, .F. ) ;
#1021 = EDGE_CURVE ( 'NONE', #964, #926, #2828, .T. ) ;
#1022 = ORIENTED_EDGE ( 'NONE', *, *, #1044, .F. ) ;
#1023 = ORIENTED_EDGE ( 'NONE', *, *, #919, .F. ) ;
#1024 = ORIENTED_EDGE ( 'NONE', *, *, #957, .T. ) ;
#1025 = ADVANCED_FACE ( 'NONE', ( #2824 ), #2823, .F. ) ;
#1026 = EDGE_LOOP ( 'NONE', ( #1027, #1028, #1029, #1031 ) ) ;
#1027 = ORIENTED_EDGE ( 'NONE', *, *, #925, .T. ) ;
#1028 = ORIENTED_EDGE ( 'NONE', *, *, #814, .F. ) ;
#1029 = ORIENTED_EDGE ( 'NONE', *, *, #1030, .F. ) ;
#1030 = EDGE_CURVE ( 'NONE', #964, #812, #2818, .T. ) ;
#1031 = ORIENTED_EDGE ( 'NONE', *, *, #1021, .T. ) ;
#1032 = ORIENTED_EDGE ( 'NONE', *, *, #1033, .F. ) ;
#1033 = EDGE_CURVE ( 'NONE', #1034, #953, #2814, .T. ) ;
#1034 = VERTEX_POINT ( 'NONE', #2809 ) ;
#1035 = ORIENTED_EDGE ( 'NONE', *, *, #1036, .T. ) ;
#1036 = EDGE_CURVE ( 'NONE', #1034, #856, #2808, .T. ) ;
#1037 = ADVANCED_FACE ( 'NONE', ( #2804, #2803 ), #2802, .T. ) ;
#1038 = EDGE_LOOP ( 'NONE', ( #619, #620, #468, #469, #470 ) ) ;
#1039 = EDGE_LOOP ( 'NONE', ( #1040, #1041 ) ) ;
#1040 = ORIENTED_EDGE ( 'NONE', *, *, #728, .F. ) ;
#1041 = ORIENTED_EDGE ( 'NONE', *, *, #771, .F. ) ;
#1042 = EDGE_LOOP ( 'NONE', ( #1043, #944, #945, #946, #947 ) ) ;
#1043 = ORIENTED_EDGE ( 'NONE', *, *, #1047, .T. ) ;
#1044 = EDGE_CURVE ( 'NONE', #920, #964, #2863, .T. ) ;
#1045 = VERTEX_POINT ( 'NONE', #2859 ) ;
#1046 = ORIENTED_EDGE ( 'NONE', *, *, #1047, .F. ) ;
#1047 = EDGE_CURVE ( 'NONE', #998, #1045, #2858, .T. ) ;
#1048 = ORIENTED_EDGE ( 'NONE', *, *, #997, .T. ) ;
#1049 = ADVANCED_FACE ( 'NONE', ( #2853 ), #2852, .F. ) ;
#1050 = EDGE_LOOP ( 'NONE', ( #1051, #1052, #1053, #942 ) ) ;
#1051 = ORIENTED_EDGE ( 'NONE', *, *, #908, .T. ) ;
#1052 = ORIENTED_EDGE ( 'NONE', *, *, #870, .F. ) ;
#1053 = ORIENTED_EDGE ( 'NONE', *, *, #941, .F. ) ;
#1054 = ORIENTED_EDGE ( 'NONE', *, *, #145, .T. ) ;
#1055 = ORIENTED_EDGE ( 'NONE', *, *, #1083, .F. ) ;
#1056 = ORIENTED_EDGE ( 'NONE', *, *, #91, .F. ) ;
#1057 = ORIENTED_EDGE ( 'NONE', *, *, #1110, .F. ) ;
#1058 = EDGE_LOOP ( 'NONE', ( #1066, #1067, #1068, #1071, #1114, #1116, #615, #617 ) ) ;
#1059 = EDGE_CURVE ( 'NONE', #130, #165, #2847, .T. ) ;
#1060 = ORIENTED_EDGE ( 'NONE', *, *, #167, .F. ) ;
#1061 = ADVANCED_FACE ( 'NONE', ( #2843 ), #2842, .F. ) ;
#1062 = EDGE_CURVE ( 'NONE', #130, #140, #2837, .T. ) ;
#1063 = ORIENTED_EDGE ( 'NONE', *, *, #1059, .F. ) ;
#1064 = ORIENTED_EDGE ( 'NONE', *, *, #1062, .F. ) ;
#1065 = ADVANCED_FACE ( 'NONE', ( #2833 ), #2832, .T. ) ;
#1066 = ORIENTED_EDGE ( 'NONE', *, *, #7, .F. ) ;
#1067 = ORIENTED_EDGE ( 'NONE', *, *, #3462, .F. ) ;
#1068 = ORIENTED_EDGE ( 'NONE', *, *, #1069, .T. ) ;
#1069 = EDGE_CURVE ( 'NONE', #3464, #1070, #2898, .T. ) ;
#1070 = VERTEX_POINT ( 'NONE', #2890 ) ;
#1071 = ORIENTED_EDGE ( 'NONE', *, *, #1072, .F. ) ;
#1072 = EDGE_CURVE ( 'NONE', #1073, #1070, #2889, .T. ) ;
#1073 = VERTEX_POINT ( 'NONE', #2884 ) ;
#1074 = VERTEX_POINT ( 'NONE', #2883 ) ;
#1075 = ORIENTED_EDGE ( 'NONE', *, *, #164, .T. ) ;
#1076 = ADVANCED_FACE ( 'NONE', ( #2882 ), #2881, .F. ) ;
#1077 = EDGE_LOOP ( 'NONE', ( #1078, #1079, #1081, #1082 ) ) ;
#1078 = ORIENTED_EDGE ( 'NONE', *, *, #142, .T. ) ;
#1079 = ORIENTED_EDGE ( 'NONE', *, *, #1080, .F. ) ;
#1080 = EDGE_CURVE ( 'NONE', #96, #41, #2876, .T. ) ;
#1081 = ORIENTED_EDGE ( 'NONE', *, *, #95, .T. ) ;
#1082 = ORIENTED_EDGE ( 'NONE', *, *, #1083, .T. ) ;
#1083 = EDGE_CURVE ( 'NONE', #93, #143, #2872, .T. ) ;
#1084 = ADVANCED_FACE ( 'NONE', ( #2868 ), #2867, .F. ) ;
#1085 = EDGE_LOOP ( 'NONE', ( #1086, #1087, #1111, #1112 ) ) ;
#1086 = ORIENTED_EDGE ( 'NONE', *, *, #155, .T. ) ;
#1087 = ORIENTED_EDGE ( 'NONE', *, *, #1110, .T. ) ;
#1088 = ADVANCED_FACE ( 'NONE', ( #2928 ), #2927, .F. ) ;
#1089 = ORIENTED_EDGE ( 'NONE', *, *, #203, .F. ) ;
#1090 = ORIENTED_EDGE ( 'NONE', *, *, #133, .F. ) ;
#1091 = ORIENTED_EDGE ( 'NONE', *, *, #3478, .T. ) ;
#1092 = ORIENTED_EDGE ( 'NONE', *, *, #151, .T. ) ;
#1093 = ORIENTED_EDGE ( 'NONE', *, *, #146, .T. ) ;
#1094 = ADVANCED_FACE ( 'NONE', ( #2922 ), #2921, .F. ) ;
#1095 = EDGE_LOOP ( 'NONE', ( #1096, #1097, #1098, #1099 ) ) ;
#1096 = ORIENTED_EDGE ( 'NONE', *, *, #1108, .F. ) ;
#1097 = ORIENTED_EDGE ( 'NONE', *, *, #139, .F. ) ;
#1098 = ORIENTED_EDGE ( 'NONE', *, *, #127, .T. ) ;
#1099 = ORIENTED_EDGE ( 'NONE', *, *, #170, .T. ) ;
#1100 = EDGE_LOOP ( 'NONE', ( #1089, #1090, #1091, #1092 ) ) ;
#1101 = ADVANCED_FACE ( 'NONE', ( #2916 ), #2915, .T. ) ;
#1102 = EDGE_LOOP ( 'NONE', ( #1063, #1106, #1107, #1060 ) ) ;
#1103 = EDGE_LOOP ( 'NONE', ( #1104, #1105, #1109, #1093 ) ) ;
#1104 = ORIENTED_EDGE ( 'NONE', *, *, #106, .F. ) ;
#1105 = ORIENTED_EDGE ( 'NONE', *, *, #136, .F. ) ;
#1106 = ORIENTED_EDGE ( 'NONE', *, *, #1062, .T. ) ;
#1107 = ORIENTED_EDGE ( 'NONE', *, *, #1108, .T. ) ;
#1108 = EDGE_CURVE ( 'NONE', #140, #168, #2910, .T. ) ;
#1109 = ORIENTED_EDGE ( 'NONE', *, *, #207, .T. ) ;
#1110 = EDGE_CURVE ( 'NONE', #157, #92, #2906, .T. ) ;
#1111 = ORIENTED_EDGE ( 'NONE', *, *, #101, .F. ) ;
#1112 = ORIENTED_EDGE ( 'NONE', *, *, #1113, .F. ) ;
#1113 = EDGE_CURVE ( 'NONE', #156, #99, #2902, .T. ) ;
#1114 = ORIENTED_EDGE ( 'NONE', *, *, #1115, .T. ) ;
#1115 = EDGE_CURVE ( 'NONE', #1073, #1074, #2964, .T. ) ;
#1116 = ORIENTED_EDGE ( 'NONE', *, *, #1117, .F. ) ;
#1117 = EDGE_CURVE ( 'NONE', #55, #1074, #2960, .T. ) ;
#1118 = ADVANCED_FACE ( 'NONE', ( #2955 ), #2954, .T. ) ;
#1119 = EDGE_LOOP ( 'NONE', ( #1120, #1121, #1122, #1123 ) ) ;
#1120 = ORIENTED_EDGE ( 'NONE', *, *, #1113, .T. ) ;
#1121 = ORIENTED_EDGE ( 'NONE', *, *, #98, .T. ) ;
#1122 = ORIENTED_EDGE ( 'NONE', *, *, #1080, .T. ) ;
#1123 = ORIENTED_EDGE ( 'NONE', *, *, #159, .F. ) ;
#1124 = ADVANCED_FACE ( 'NONE', ( #2949 ), #2948, .F. ) ;
#1125 = EDGE_LOOP ( 'NONE', ( #1054, #1055, #1056, #1057 ) ) ;
#1126 = CYLINDRICAL_SURFACE ( 'NONE', #1192, 0.7500000000000008900 ) ;
#1127 = FACE_OUTER_BOUND ( 'NONE', #24, .T. ) ;
#1128 = CARTESIAN_POINT ( 'NONE',  ( -1.499999999999998400, 25.00000000000000000, 1.250000000000001100 ) ) ;
#1129 = DIRECTION ( 'NONE',  ( 0.0000000000000000000, 0.0000000000000000000, 1.000000000000000000 ) ) ;
#1130 = DIRECTION ( 'NONE',  ( 0.0000000000000000000, 1.000000000000000000, 0.0000000000000000000 ) ) ;
#1131 = CARTESIAN_POINT ( 'NONE',  ( -1.499999999999998700, 25.00000000000000000, 0.0000000000000000000 ) ) ;
#1132 = AXIS2_PLACEMENT_3D ( 'NONE', #1131, #1130, #1129 ) ;
#1133 = DIRECTION ( 'NONE',  ( 0.0000000000000000000, 0.0000000000000000000, -1.000000000000000000 ) ) ;
#1134 = DIRECTION ( 'NONE',  ( 0.0000000000000000000, -1.000000000000000000, 0.0000000000000000000 ) ) ;
#1135 = CARTESIAN_POINT ( 'NONE',  ( -1.499999999999998700, 25.00000000000000000, 0.0000000000000000000 ) ) ;
#1136 = AXIS2_PLACEMENT_3D ( 'NONE', #1135, #1134, #1133 ) ;
#1137 = CIRCLE ( 'NONE', #1132, 1.250000000000001100 ) ;
#1138 = CYLINDRICAL_SURFACE ( 'NONE', #1136, 1.250000000000001100 ) ;
#1139 = FACE_OUTER_BOUND ( 'NONE', #18, .T. ) ;
#1140 = DIRECTION ( 'NONE',  ( 0.0000000000000000000, 1.000000000000000000, 0.0000000000000000000 ) ) ;
#1141 = VECTOR ( 'NONE', #1140, 1000.000000000000000 ) ;
#1142 = CARTESIAN_POINT ( 'NONE',  ( 0.0000000000000000000, -76.00000000000000000, 1.899999999999999900 ) ) ;
#1143 = LINE ( 'NONE', #1142, #1141 ) ;
#1144 = CARTESIAN_POINT ( 'NONE',  ( 0.0000000000000000000, -38.00000000000000000, 1.899999999999999900 ) ) ;
#1145 = DIRECTION ( 'NONE',  ( 0.0000000000000000000, 0.0000000000000000000, 1.000000000000000000 ) ) ;
#1146 = DIRECTION ( 'NONE',  ( 0.0000000000000000000, -1.000000000000000000, 0.0000000000000000000 ) ) ;
#1147 = CARTESIAN_POINT ( 'NONE',  ( 0.0000000000000000000, -38.00000000000000000, 0.0000000000000000000 ) ) ;
#1148 = AXIS2_PLACEMENT_3D ( 'NONE', #1147, #1146, #1145 ) ;
#1149 = CIRCLE ( 'NONE', #1148, 1.899999999999999900 ) ;
#1150 = CARTESIAN_POINT ( 'NONE',  ( -2.000000000000000400, -15.20000000000000100, 3.399999999999998600 ) ) ;
#1151 = DIRECTION ( 'NONE',  ( 0.0000000000000000000, 1.000000000000000000, 0.0000000000000000000 ) ) ;
#1152 = DIRECTION ( 'NONE',  ( 0.0000000000000000000, -7.641953638664349300E-017, 1.000000000000000000 ) ) ;
#1153 = CARTESIAN_POINT ( 'NONE',  ( 0.0000000000000000000, -15.20000000000000100, 3.399999999999998600 ) ) ;
#1154 = AXIS2_PLACEMENT_3D ( 'NONE', #1153, #1152, #1151 ) ;
#1155 = CIRCLE ( 'NONE', #1154, 2.000000000000000000 ) ;
#1156 = CARTESIAN_POINT ( 'NONE',  ( 2.000000000000000400, -15.20000000000000100, 3.399999999999998600 ) ) ;
#1157 = DIRECTION ( 'NONE',  ( 0.0000000000000000000, 0.0000000000000000000, -1.000000000000000000 ) ) ;
#1158 = VECTOR ( 'NONE', #1157, 1000.000000000000000 ) ;
#1159 = CARTESIAN_POINT ( 'NONE',  ( 2.000000000000000400, -15.20000000000000100, 3.999999999999999100 ) ) ;
#1160 = LINE ( 'NONE', #1159, #1158 ) ;
#1161 = DIRECTION ( 'NONE',  ( 0.0000000000000000000, 0.0000000000000000000, 1.000000000000000000 ) ) ;
#1162 = DIRECTION ( 'NONE',  ( 0.0000000000000000000, 1.000000000000000000, 0.0000000000000000000 ) ) ;
#1163 = CARTESIAN_POINT ( 'NONE',  ( 0.0000000000000000000, -76.00000000000000000, 0.0000000000000000000 ) ) ;
#1164 = AXIS2_PLACEMENT_3D ( 'NONE', #1163, #1162, #1161 ) ;
#1165 = CYLINDRICAL_SURFACE ( 'NONE', #1164, 1.899999999999999900 ) ;
#1166 = FACE_OUTER_BOUND ( 'NONE', #44, .T. ) ;
#1167 = DIRECTION ( 'NONE',  ( 0.0000000000000000000, 0.0000000000000000000, 1.000000000000000000 ) ) ;
#1168 = VECTOR ( 'NONE', #1167, 1000.000000000000000 ) ;
#1169 = CARTESIAN_POINT ( 'NONE',  ( 0.7500000000000008900, -19.19999999999999900, 3.299999999999999400 ) ) ;
#1170 = LINE ( 'NONE', #1169, #1168 ) ;
#1171 = CARTESIAN_POINT ( 'NONE',  ( 0.7500000000000008900, -19.19999999999999900, 3.399999999999999500 ) ) ;
#1172 = DIRECTION ( 'NONE',  ( 1.000000000000000000, 0.0000000000000000000, 0.0000000000000000000 ) ) ;
#1173 = DIRECTION ( 'NONE',  ( 0.0000000000000000000, 0.0000000000000000000, 1.000000000000000000 ) ) ;
#1174 = CARTESIAN_POINT ( 'NONE',  ( 0.0000000000000000000, -19.19999999999999900, 3.399999999999999500 ) ) ;
#1175 = AXIS2_PLACEMENT_3D ( 'NONE', #1174, #1173, #1172 ) ;
#1176 = CIRCLE ( 'NONE', #1175, 0.7500000000000008900 ) ;
#1177 = CARTESIAN_POINT ( 'NONE',  ( -0.7500000000000008900, -19.19999999999999900, 3.399999999999999500 ) ) ;
#1178 = DIRECTION ( 'NONE',  ( 0.0000000000000000000, 0.0000000000000000000, 1.000000000000000000 ) ) ;
#1179 = VECTOR ( 'NONE', #1178, 1000.000000000000000 ) ;
#1180 = CARTESIAN_POINT ( 'NONE',  ( -0.7500000000000008900, -19.19999999999999900, 3.299999999999999400 ) ) ;
#1181 = LINE ( 'NONE', #1180, #1179 ) ;
#1182 = CARTESIAN_POINT ( 'NONE',  ( 0.7500000000000008900, -19.19999999999999900, 3.299999999999999400 ) ) ;
#1183 = CARTESIAN_POINT ( 'NONE',  ( -0.7500000000000008900, -19.19999999999999900, 3.299999999999999400 ) ) ;
#1184 = DIRECTION ( 'NONE',  ( 1.000000000000000000, 0.0000000000000000000, 0.0000000000000000000 ) ) ;
#1185 = DIRECTION ( 'NONE',  ( 0.0000000000000000000, 0.0000000000000000000, 1.000000000000000000 ) ) ;
#1186 = CARTESIAN_POINT ( 'NONE',  ( 0.0000000000000000000, -19.19999999999999900, 3.299999999999999400 ) ) ;
#1187 = AXIS2_PLACEMENT_3D ( 'NONE', #1186, #1185, #1184 ) ;
#1188 = CIRCLE ( 'NONE', #1187, 0.7500000000000008900 ) ;
#1189 = DIRECTION ( 'NONE',  ( 1.000000000000000000, 0.0000000000000000000, 0.0000000000000000000 ) ) ;
#1190 = DIRECTION ( 'NONE',  ( 0.0000000000000000000, 0.0000000000000000000, 1.000000000000000000 ) ) ;
#1191 = CARTESIAN_POINT ( 'NONE',  ( 0.0000000000000000000, -19.19999999999999900, 3.299999999999999400 ) ) ;
#1192 = AXIS2_PLACEMENT_3D ( 'NONE', #1191, #1190, #1189 ) ;
#1193 = LINE ( 'NONE', #1255, #1254 ) ;
#1194 = CARTESIAN_POINT ( 'NONE',  ( -2.000000000000000400, -15.20000000000000100, 3.999999999999999100 ) ) ;
#1195 = DIRECTION ( 'NONE',  ( 0.0000000000000000000, 0.0000000000000000000, -1.000000000000000000 ) ) ;
#1196 = VECTOR ( 'NONE', #1195, 1000.000000000000000 ) ;
#1197 = CARTESIAN_POINT ( 'NONE',  ( -2.000000000000000400, -15.20000000000000100, 3.999999999999999100 ) ) ;
#1198 = LINE ( 'NONE', #1197, #1196 ) ;
#1199 = DIRECTION ( 'NONE',  ( 0.0000000000000000000, 0.0000000000000000000, -1.000000000000000000 ) ) ;
#1200 = VECTOR ( 'NONE', #1199, 1000.000000000000000 ) ;
#1201 = CARTESIAN_POINT ( 'NONE',  ( 1.041216884117042800, -13.49240888962562400, 3.999999999999999100 ) ) ;
#1202 = LINE ( 'NONE', #1201, #1200 ) ;
#1203 = CARTESIAN_POINT ( 'NONE',  ( 1.500843549988432100, -13.87808145543754500, 3.899999999999999500 ) ) ;
#1204 = DIRECTION ( 'NONE',  ( 1.000000000000000000, 0.0000000000000000000, 0.0000000000000000000 ) ) ;
#1205 = DIRECTION ( 'NONE',  ( 0.0000000000000000000, 0.0000000000000000000, 1.000000000000000000 ) ) ;
#1206 = CARTESIAN_POINT ( 'NONE',  ( 0.0000000000000000000, -15.20000000000000100, 3.899999999999999500 ) ) ;
#1207 = AXIS2_PLACEMENT_3D ( 'NONE', #1206, #1205, #1204 ) ;
#1208 = CIRCLE ( 'NONE', #1207, 2.000000000000000400 ) ;
#1209 = CARTESIAN_POINT ( 'NONE',  ( 1.041216884117042800, -13.49240888962562400, 3.899999999999999500 ) ) ;
#1210 = DIRECTION ( 'NONE',  ( 0.0000000000000000000, 0.0000000000000000000, 1.000000000000000000 ) ) ;
#1211 = DIRECTION ( 'NONE',  ( 0.0000000000000000000, -1.000000000000000000, 0.0000000000000000000 ) ) ;
#1212 = CARTESIAN_POINT ( 'NONE',  ( 0.0000000000000000000, -38.00000000000000000, 0.0000000000000000000 ) ) ;
#1213 = AXIS2_PLACEMENT_3D ( 'NONE', #1212, #1211, #1210 ) ;
#1214 = CIRCLE ( 'NONE', #1213, 1.899999999999999900 ) ;
#1215 = DIRECTION ( 'NONE',  ( 0.0000000000000000000, 0.0000000000000000000, -1.000000000000000000 ) ) ;
#1216 = DIRECTION ( 'NONE',  ( 0.0000000000000000000, -1.000000000000000000, 0.0000000000000000000 ) ) ;
#1217 = CARTESIAN_POINT ( 'NONE',  ( 0.0000000000000000000, -76.00000000000000000, 0.0000000000000000000 ) ) ;
#1218 = AXIS2_PLACEMENT_3D ( 'NONE', #1217, #1216, #1215 ) ;
#1219 = CIRCLE ( 'NONE', #1218, 1.899999999999999900 ) ;
#1220 = CARTESIAN_POINT ( 'NONE',  ( -3.000000000000000000, -7.650000000000000400, 3.500000000000000000 ) ) ;
#1221 = CARTESIAN_POINT ( 'NONE',  ( 0.0000000000000000000, -76.00000000000000000, 1.899999999999999900 ) ) ;
#1222 = CARTESIAN_POINT ( 'NONE',  ( 2.326752072262516500E-016, -76.00000000000000000, -1.899999999999999900 ) ) ;
#1223 = CIRCLE ( 'NONE', #1288, 1.250000000000001100 ) ;
#1224 = DIRECTION ( 'NONE',  ( 0.0000000000000000000, 0.0000000000000000000, -1.000000000000000000 ) ) ;
#1225 = DIRECTION ( 'NONE',  ( 0.0000000000000000000, -1.000000000000000000, 0.0000000000000000000 ) ) ;
#1226 = CARTESIAN_POINT ( 'NONE',  ( 1.500000000000001300, 25.00000000000000000, 0.0000000000000000000 ) ) ;
#1227 = AXIS2_PLACEMENT_3D ( 'NONE', #1226, #1225, #1224 ) ;
#1228 = CYLINDRICAL_SURFACE ( 'NONE', #1227, 1.250000000000001100 ) ;
#1229 = FACE_OUTER_BOUND ( 'NONE', #72, .T. ) ;
#1230 = DIRECTION ( 'NONE',  ( 0.0000000000000000000, -1.000000000000000000, 0.0000000000000000000 ) ) ;
#1231 = VECTOR ( 'NONE', #1230, 1000.000000000000000 ) ;
#1232 = CARTESIAN_POINT ( 'NONE',  ( -1.499999999999998700, 25.00000000000000000, -1.250000000000001100 ) ) ;
#1233 = LINE ( 'NONE', #1232, #1231 ) ;
#1234 = CARTESIAN_POINT ( 'NONE',  ( -1.499999999999998700, 0.0000000000000000000, -1.250000000000001100 ) ) ;
#1235 = DIRECTION ( 'NONE',  ( 0.0000000000000000000, 0.0000000000000000000, 1.000000000000000000 ) ) ;
#1236 = DIRECTION ( 'NONE',  ( 0.0000000000000000000, 1.000000000000000000, 0.0000000000000000000 ) ) ;
#1237 = CARTESIAN_POINT ( 'NONE',  ( -1.499999999999998700, 0.0000000000000000000, 0.0000000000000000000 ) ) ;
#1238 = AXIS2_PLACEMENT_3D ( 'NONE', #1237, #1236, #1235 ) ;
#1239 = CIRCLE ( 'NONE', #1238, 1.250000000000001100 ) ;
#1240 = CARTESIAN_POINT ( 'NONE',  ( -1.499999999999998400, 0.0000000000000000000, 1.250000000000001100 ) ) ;
#1241 = DIRECTION ( 'NONE',  ( 0.0000000000000000000, -1.000000000000000000, 0.0000000000000000000 ) ) ;
#1242 = VECTOR ( 'NONE', #1241, 1000.000000000000000 ) ;
#1243 = CARTESIAN_POINT ( 'NONE',  ( -1.499999999999998400, 25.00000000000000000, 1.250000000000001100 ) ) ;
#1244 = LINE ( 'NONE', #1243, #1242 ) ;
#1245 = CARTESIAN_POINT ( 'NONE',  ( -1.499999999999998700, 25.00000000000000000, -1.250000000000001100 ) ) ;
#1246 = CARTESIAN_POINT ( 'NONE',  ( 1.500000000000001300, 0.0000000000000000000, -1.250000000000001100 ) ) ;
#1247 = DIRECTION ( 'NONE',  ( 0.0000000000000000000, 0.0000000000000000000, 1.000000000000000000 ) ) ;
#1248 = DIRECTION ( 'NONE',  ( 0.0000000000000000000, 1.000000000000000000, 0.0000000000000000000 ) ) ;
#1249 = CARTESIAN_POINT ( 'NONE',  ( 1.500000000000001300, 0.0000000000000000000, 0.0000000000000000000 ) ) ;
#1250 = AXIS2_PLACEMENT_3D ( 'NONE', #1249, #1248, #1247 ) ;
#1251 = CIRCLE ( 'NONE', #1250, 1.250000000000001100 ) ;
#1252 = CARTESIAN_POINT ( 'NONE',  ( 1.500000000000001600, 0.0000000000000000000, 1.250000000000001100 ) ) ;
#1253 = DIRECTION ( 'NONE',  ( 0.0000000000000000000, -1.000000000000000000, 0.0000000000000000000 ) ) ;
#1254 = VECTOR ( 'NONE', #1253, 1000.000000000000000 ) ;
#1255 = CARTESIAN_POINT ( 'NONE',  ( 1.500000000000001600, 25.00000000000000000, 1.250000000000001100 ) ) ;
#1256 = DIRECTION ( 'NONE',  ( 0.0000000000000000000, 1.000000000000000000, 7.641953638664349300E-017 ) ) ;
#1257 = VECTOR ( 'NONE', #1256, 1000.000000000000000 ) ;
#1258 = CARTESIAN_POINT ( 'NONE',  ( 3.000000000000000000, -7.650000000000000400, 3.399999999999999000 ) ) ;
#1259 = LINE ( 'NONE', #1258, #1257 ) ;
#1260 = CARTESIAN_POINT ( 'NONE',  ( -4.000000000000000000, -5.500000000000000000, 3.500000000000000000 ) ) ;
#1261 = CARTESIAN_POINT ( 'NONE',  ( 1.500843549988431800, -13.87808145543754500, 3.999999999999999100 ) ) ;
#1262 = CARTESIAN_POINT ( 'NONE',  ( 2.000000000000000400, -15.20000000000000100, 3.999999999999999100 ) ) ;
#1263 = DIRECTION ( 'NONE',  ( 1.000000000000000000, 0.0000000000000000000, 0.0000000000000000000 ) ) ;
#1264 = DIRECTION ( 'NONE',  ( 0.0000000000000000000, 0.0000000000000000000, 1.000000000000000000 ) ) ;
#1265 = AXIS2_PLACEMENT_3D ( 'NONE', #1271, #1264, #1263 ) ;
#1266 = CIRCLE ( 'NONE', #1265, 2.000000000000000400 ) ;
#1267 = DIRECTION ( 'NONE',  ( -1.000000000000000000, 0.0000000000000000000, 0.0000000000000000000 ) ) ;
#1268 = DIRECTION ( 'NONE',  ( 0.0000000000000000000, 0.0000000000000000000, -1.000000000000000000 ) ) ;
#1269 = CARTESIAN_POINT ( 'NONE',  ( 0.0000000000000000000, -15.20000000000000100, 3.999999999999999100 ) ) ;
#1270 = AXIS2_PLACEMENT_3D ( 'NONE', #1269, #1268, #1267 ) ;
#1271 = CARTESIAN_POINT ( 'NONE',  ( 0.0000000000000000000, -15.20000000000000100, 3.999999999999999100 ) ) ;
#1272 = CYLINDRICAL_SURFACE ( 'NONE', #1270, 2.000000000000000400 ) ;
#1273 = FACE_OUTER_BOUND ( 'NONE', #83, .T. ) ;
#1274 = DIRECTION ( 'NONE',  ( 0.0000000000000000000, -1.000000000000000000, 0.0000000000000000000 ) ) ;
#1275 = VECTOR ( 'NONE', #1274, 1000.000000000000000 ) ;
#1276 = CARTESIAN_POINT ( 'NONE',  ( 1.500000000000001300, 25.00000000000000000, -1.250000000000001100 ) ) ;
#1277 = LINE ( 'NONE', #1276, #1275 ) ;
#1278 = CARTESIAN_POINT ( 'NONE',  ( 2.326752072262516500E-016, -38.00000000000000000, -1.899999999999999900 ) ) ;
#1279 = DIRECTION ( 'NONE',  ( 0.0000000000000000000, 1.000000000000000000, 0.0000000000000000000 ) ) ;
#1280 = VECTOR ( 'NONE', #1279, 1000.000000000000000 ) ;
#1281 = CARTESIAN_POINT ( 'NONE',  ( 2.326752072262516500E-016, -76.00000000000000000, -1.899999999999999900 ) ) ;
#1282 = LINE ( 'NONE', #1281, #1280 ) ;
#1283 = CARTESIAN_POINT ( 'NONE',  ( 1.500000000000001300, 25.00000000000000000, -1.250000000000001100 ) ) ;
#1284 = CARTESIAN_POINT ( 'NONE',  ( 1.500000000000001600, 25.00000000000000000, 1.250000000000001100 ) ) ;
#1285 = DIRECTION ( 'NONE',  ( 0.0000000000000000000, 0.0000000000000000000, 1.000000000000000000 ) ) ;
#1286 = DIRECTION ( 'NONE',  ( 0.0000000000000000000, 1.000000000000000000, 0.0000000000000000000 ) ) ;
#1287 = CARTESIAN_POINT ( 'NONE',  ( 1.500000000000001300, 25.00000000000000000, 0.0000000000000000000 ) ) ;
#1288 = AXIS2_PLACEMENT_3D ( 'NONE', #1287, #1286, #1285 ) ;
#1289 = DIRECTION ( 'NONE',  ( 1.000000000000000000, 0.0000000000000000000, -1.084202172485504400E-016 ) ) ;
#1290 = VECTOR ( 'NONE', #1289, 1000.000000000000000 ) ;
#1291 = CARTESIAN_POINT ( 'NONE',  ( -3.999999999999998200, 0.0000000000000000000, 3.500000000000000000 ) ) ;
#1292 = LINE ( 'NONE', #1291, #1290 ) ;
#1293 = CARTESIAN_POINT ( 'NONE',  ( -3.711757213943292800, 0.0000000000000000000, 3.500000000000000000 ) ) ;
#1294 = DIRECTION ( 'NONE',  ( 0.0000000000000000000, 0.0000000000000000000, 1.000000000000000000 ) ) ;
#1295 = VECTOR ( 'NONE', #1294, 1000.000000000000000 ) ;
#1296 = CARTESIAN_POINT ( 'NONE',  ( -3.711757213943292400, 0.0000000000000000000, -3.500000000000000900 ) ) ;
#1297 = LINE ( 'NONE', #1296, #1295 ) ;
#1298 = DIRECTION ( 'NONE',  ( 0.0000000000000000000, 1.000000000000000000, 0.0000000000000000000 ) ) ;
#1299 = DIRECTION ( 'NONE',  ( 0.0000000000000000000, -7.641953638664349300E-017, 1.000000000000000000 ) ) ;
#1300 = CARTESIAN_POINT ( 'NONE',  ( 0.0000000000000000000, -15.20000000000000100, 3.399999999999998600 ) ) ;
#1301 = AXIS2_PLACEMENT_3D ( 'NONE', #1300, #1299, #1298 ) ;
#1302 = CIRCLE ( 'NONE', #1301, 2.000000000000000000 ) ;
#1303 = DIRECTION ( 'NONE',  ( 1.000000000000000000, 0.0000000000000000000, 0.0000000000000000000 ) ) ;
#1304 = VECTOR ( 'NONE', #1303, 1000.000000000000000 ) ;
#1305 = CARTESIAN_POINT ( 'NONE',  ( -3.000000000000000000, -30.34999999999999800, 3.399999999999997200 ) ) ;
#1306 = LINE ( 'NONE', #1305, #1304 ) ;
#1307 = CARTESIAN_POINT ( 'NONE',  ( -3.000000000000000000, -30.34999999999999800, 3.399999999999997200 ) ) ;
#1308 = DIRECTION ( 'NONE',  ( 0.0000000000000000000, 1.000000000000000000, 7.641953638664349300E-017 ) ) ;
#1309 = VECTOR ( 'NONE', #1308, 1000.000000000000000 ) ;
#1310 = CARTESIAN_POINT ( 'NONE',  ( -3.000000000000000000, -7.650000000000000400, 3.399999999999999000 ) ) ;
#1311 = LINE ( 'NONE', #1310, #1309 ) ;
#1312 = CARTESIAN_POINT ( 'NONE',  ( -3.000000000000000000, -7.650000000000000400, 3.399999999999999000 ) ) ;
#1313 = DIRECTION ( 'NONE',  ( 1.000000000000000000, 0.0000000000000000000, 0.0000000000000000000 ) ) ;
#1314 = VECTOR ( 'NONE', #1313, 1000.000000000000000 ) ;
#1315 = CARTESIAN_POINT ( 'NONE',  ( -3.000000000000000000, -7.650000000000000400, 3.399999999999999000 ) ) ;
#1316 = LINE ( 'NONE', #1315, #1314 ) ;
#1317 = CARTESIAN_POINT ( 'NONE',  ( 3.000000000000000000, -7.650000000000000400, 3.399999999999999000 ) ) ;
#1318 = CARTESIAN_POINT ( 'NONE',  ( 3.000000000000000000, -30.34999999999999800, 3.399999999999997200 ) ) ;
#1319 = LINE ( 'NONE', #1384, #1383 ) ;
#1320 = DIRECTION ( 'NONE',  ( 0.0000000000000000000, 0.0000000000000000000, 1.000000000000000000 ) ) ;
#1321 = VECTOR ( 'NONE', #1320, 1000.000000000000000 ) ;
#1322 = CARTESIAN_POINT ( 'NONE',  ( 3.711757213943311900, 2.407412430484044800E-032, -3.500000000000000900 ) ) ;
#1323 = LINE ( 'NONE', #1322, #1321 ) ;
#1324 = DIRECTION ( 'NONE',  ( 0.0000000000000000000, 0.0000000000000000000, 1.000000000000000000 ) ) ;
#1325 = DIRECTION ( 'NONE',  ( 0.0000000000000000000, 1.000000000000000000, 0.0000000000000000000 ) ) ;
#1326 = CARTESIAN_POINT ( 'NONE',  ( 1.500000000000001300, 0.0000000000000000000, 0.0000000000000000000 ) ) ;
#1327 = AXIS2_PLACEMENT_3D ( 'NONE', #1326, #1325, #1324 ) ;
#1328 = CIRCLE ( 'NONE', #1327, 1.250000000000001100 ) ;
#1329 = DIRECTION ( 'NONE',  ( 0.0000000000000000000, 0.0000000000000000000, 1.000000000000000000 ) ) ;
#1330 = DIRECTION ( 'NONE',  ( 0.0000000000000000000, 1.000000000000000000, 0.0000000000000000000 ) ) ;
#1331 = CARTESIAN_POINT ( 'NONE',  ( -3.999999999999998200, 0.0000000000000000000, 3.500000000000000000 ) ) ;
#1332 = AXIS2_PLACEMENT_3D ( 'NONE', #1331, #1330, #1329 ) ;
#1333 = PLANE ( 'NONE',  #1332 ) ;
#1334 = FACE_BOUND ( 'NONE', #110, .T. ) ;
#1335 = FACE_OUTER_BOUND ( 'NONE', #125, .T. ) ;
#1336 = FACE_BOUND ( 'NONE', #121, .T. ) ;
#1337 = DIRECTION ( 'NONE',  ( 1.000000000000000000, 0.0000000000000000000, 0.0000000000000000000 ) ) ;
#1338 = DIRECTION ( 'NONE',  ( 0.0000000000000000000, 0.0000000000000000000, 1.000000000000000000 ) ) ;
#1339 = CARTESIAN_POINT ( 'NONE',  ( 0.0000000000000000000, -19.19999999999999900, 3.399999999999999500 ) ) ;
#1340 = AXIS2_PLACEMENT_3D ( 'NONE', #1339, #1338, #1337 ) ;
#1341 = CIRCLE ( 'NONE', #1340, 0.7500000000000008900 ) ;
#1342 = DIRECTION ( 'NONE',  ( 0.0000000000000000000, 1.000000000000000000, 7.641953638664349300E-017 ) ) ;
#1343 = DIRECTION ( 'NONE',  ( 0.0000000000000000000, 7.641953638664349300E-017, -1.000000000000000000 ) ) ;
#1344 = CARTESIAN_POINT ( 'NONE',  ( -3.000000000000000000, -7.650000000000000400, 3.399999999999999000 ) ) ;
#1345 = AXIS2_PLACEMENT_3D ( 'NONE', #1344, #1343, #1342 ) ;
#1346 = PLANE ( 'NONE',  #1345 ) ;
#1347 = FACE_BOUND ( 'NONE', #102, .T. ) ;
#1348 = FACE_OUTER_BOUND ( 'NONE', #89, .T. ) ;
#1349 = FACE_BOUND ( 'NONE', #115, .T. ) ;
#1350 = DIRECTION ( 'NONE',  ( 0.0000000000000000000, 0.0000000000000000000, 1.000000000000000000 ) ) ;
#1351 = DIRECTION ( 'NONE',  ( 0.0000000000000000000, 1.000000000000000000, 0.0000000000000000000 ) ) ;
#1352 = CARTESIAN_POINT ( 'NONE',  ( -1.499999999999998700, 0.0000000000000000000, 0.0000000000000000000 ) ) ;
#1353 = AXIS2_PLACEMENT_3D ( 'NONE', #1352, #1351, #1350 ) ;
#1354 = CIRCLE ( 'NONE', #1353, 1.250000000000001100 ) ;
#1355 = DIRECTION ( 'NONE',  ( 0.05233595624294042800, 0.9986295347545741700, 0.0000000000000000000 ) ) ;
#1356 = VECTOR ( 'NONE', #1355, 999.9999999999998900 ) ;
#1357 = CARTESIAN_POINT ( 'NONE',  ( -3.711757213943292400, 0.0000000000000000000, 3.500000000000000000 ) ) ;
#1358 = LINE ( 'NONE', #1357, #1356 ) ;
#1359 = DIRECTION ( 'NONE',  ( 0.0000000000000000000, 1.000000000000000000, 0.0000000000000000000 ) ) ;
#1360 = VECTOR ( 'NONE', #1359, 1000.000000000000000 ) ;
#1361 = CARTESIAN_POINT ( 'NONE',  ( 3.000000000000000000, -38.00000000000000000, 3.499999999999999100 ) ) ;
#1362 = LINE ( 'NONE', #1361, #1360 ) ;
#1363 = CARTESIAN_POINT ( 'NONE',  ( 3.000000000000000000, -7.650000000000000400, 3.499999999999999100 ) ) ;
#1364 = DIRECTION ( 'NONE',  ( -1.000000000000000000, 0.0000000000000000000, 1.084202172485504600E-016 ) ) ;
#1365 = VECTOR ( 'NONE', #1364, 1000.000000000000000 ) ;
#1366 = CARTESIAN_POINT ( 'NONE',  ( -3.999999999999998200, -7.650000000000000400, 3.500000000000000000 ) ) ;
#1367 = LINE ( 'NONE', #1366, #1365 ) ;
#1368 = CARTESIAN_POINT ( 'NONE',  ( 4.000000000000001800, -5.500000000000000000, -3.500000000000000900 ) ) ;
#1369 = DIRECTION ( 'NONE',  ( 0.05233595624293720100, -0.9986295347545742800, 0.0000000000000000000 ) ) ;
#1370 = VECTOR ( 'NONE', #1369, 1000.000000000000000 ) ;
#1371 = CARTESIAN_POINT ( 'NONE',  ( 3.711757213943311900, 2.407412430484044800E-032, -3.500000000000000900 ) ) ;
#1372 = LINE ( 'NONE', #1371, #1370 ) ;
#1373 = DIRECTION ( 'NONE',  ( 0.05233595624294042800, 0.9986295347545741700, 0.0000000000000000000 ) ) ;
#1374 = VECTOR ( 'NONE', #1373, 999.9999999999998900 ) ;
#1375 = CARTESIAN_POINT ( 'NONE',  ( -3.711757213943292400, 0.0000000000000000000, -3.500000000000000900 ) ) ;
#1376 = LINE ( 'NONE', #1375, #1374 ) ;
#1377 = DIRECTION ( 'NONE',  ( -0.1736481776669339400, 0.9848077530122073500, 0.0000000000000000000 ) ) ;
#1378 = VECTOR ( 'NONE', #1377, 1000.000000000000200 ) ;
#1379 = CARTESIAN_POINT ( 'NONE',  ( -3.030201606103422500, -38.00000000000000000, -3.500000000000000900 ) ) ;
#1380 = LINE ( 'NONE', #1379, #1378 ) ;
#1381 = CARTESIAN_POINT ( 'NONE',  ( 4.000000000000001800, -32.50000000000000000, -3.500000000000000900 ) ) ;
#1382 = DIRECTION ( 'NONE',  ( -0.1736481776669235000, -0.9848077530122092400, 0.0000000000000000000 ) ) ;
#1383 = VECTOR ( 'NONE', #1382, 1000.000000000000100 ) ;
#1384 = CARTESIAN_POINT ( 'NONE',  ( 3.030201606103482900, -38.00000000000000700, -3.500000000000000900 ) ) ;
#1385 = DIRECTION ( 'NONE',  ( 0.0000000000000000000, 1.000000000000000000, 0.0000000000000000000 ) ) ;
#1386 = VECTOR ( 'NONE', #1385, 1000.000000000000000 ) ;
#1387 = CARTESIAN_POINT ( 'NONE',  ( 4.000000000000001800, -38.00000000000000000, 3.499999999999999100 ) ) ;
#1388 = LINE ( 'NONE', #1387, #1386 ) ;
#1389 = CARTESIAN_POINT ( 'NONE',  ( 4.000000000000001800, -32.50000000000000000, 3.500000000000000000 ) ) ;
#1390 = DIRECTION ( 'NONE',  ( -0.1736481776669235000, -0.9848077530122092400, 0.0000000000000000000 ) ) ;
#1391 = VECTOR ( 'NONE', #1390, 1000.000000000000100 ) ;
#1392 = CARTESIAN_POINT ( 'NONE',  ( 3.030201606103482900, -38.00000000000000700, 3.500000000000000000 ) ) ;
#1393 = LINE ( 'NONE', #1392, #1391 ) ;
#1394 = DIRECTION ( 'NONE',  ( 1.000000000000000000, 0.0000000000000000000, -1.084202172485504600E-016 ) ) ;
#1395 = DIRECTION ( 'NONE',  ( 1.084202172485504600E-016, 0.0000000000000000000, 1.000000000000000000 ) ) ;
#1396 = CARTESIAN_POINT ( 'NONE',  ( -3.999999999999998200, -38.00000000000000000, 3.500000000000000000 ) ) ;
#1397 = AXIS2_PLACEMENT_3D ( 'NONE', #1396, #1395, #1394 ) ;
#1398 = PLANE ( 'NONE',  #1397 ) ;
#1399 = FACE_BOUND ( 'NONE', #153, .T. ) ;
#1400 = FACE_OUTER_BOUND ( 'NONE', #162, .T. ) ;
#1401 = DIRECTION ( 'NONE',  ( 0.0000000000000000000, 1.000000000000000000, 0.0000000000000000000 ) ) ;
#1402 = VECTOR ( 'NONE', #1401, 1000.000000000000000 ) ;
#1403 = CARTESIAN_POINT ( 'NONE',  ( -3.000000000000000000, -38.00000000000000000, 3.500000000000000000 ) ) ;
#1404 = LINE ( 'NONE', #1403, #1402 ) ;
#1405 = CARTESIAN_POINT ( 'NONE',  ( 3.000000000000000000, -30.35000000000000100, 3.499999999999999100 ) ) ;
#1406 = CARTESIAN_POINT ( 'NONE',  ( -3.000000000000000000, -30.34999999999999800, 3.500000000000000000 ) ) ;
#1407 = DIRECTION ( 'NONE',  ( 1.000000000000000000, 0.0000000000000000000, -1.084202172485504600E-016 ) ) ;
#1408 = VECTOR ( 'NONE', #1407, 1000.000000000000000 ) ;
#1409 = CARTESIAN_POINT ( 'NONE',  ( -3.999999999999998200, -30.34999999999999800, 3.500000000000000000 ) ) ;
#1410 = LINE ( 'NONE', #1409, #1408 ) ;
#1411 = DIRECTION ( 'NONE',  ( -0.1736481776669339400, 0.9848077530122073500, 0.0000000000000000000 ) ) ;
#1412 = VECTOR ( 'NONE', #1411, 1000.000000000000200 ) ;
#1413 = CARTESIAN_POINT ( 'NONE',  ( -3.030201606103422500, -38.00000000000000000, 3.500000000000000000 ) ) ;
#1414 = LINE ( 'NONE', #1413, #1412 ) ;
#1415 = CARTESIAN_POINT ( 'NONE',  ( -4.000000000000000000, -32.50000000000000000, 3.500000000000000000 ) ) ;
#1416 = DIRECTION ( 'NONE',  ( 0.0000000000000000000, 1.000000000000000000, 0.0000000000000000000 ) ) ;
#1417 = VECTOR ( 'NONE', #1416, 1000.000000000000000 ) ;
#1418 = CARTESIAN_POINT ( 'NONE',  ( -3.999999999999998200, -38.00000000000000000, 3.500000000000000000 ) ) ;
#1419 = LINE ( 'NONE', #1418, #1417 ) ;
#1420 = CARTESIAN_POINT ( 'NONE',  ( -5.500000000000000900, 4.000000000000000000, 0.0000000000000000000 ) ) ;
#1421 = AXIS2_PLACEMENT_3D ( 'NONE', #1420, #1483, #1482 ) ;
#1422 = CIRCLE ( 'NONE', #1421, 1.100000000000000300 ) ;
#1423 = CARTESIAN_POINT ( 'NONE',  ( -7.249999999999999100, -8.750000000000000000, 0.0000000000000000000 ) ) ;
#1424 = CARTESIAN_POINT ( 'NONE',  ( -4.249999999999998200, -8.750000000000000000, 2.100000000000000100 ) ) ;
#1425 = CARTESIAN_POINT ( 'NONE',  ( -7.249999999999999100, -8.750000000000000000, 2.100000000000000100 ) ) ;
#1426 = DIRECTION ( 'NONE',  ( 1.000000000000000000, 0.0000000000000000000, 0.0000000000000000000 ) ) ;
#1427 = VECTOR ( 'NONE', #1426, 1000.000000000000000 ) ;
#1428 = CARTESIAN_POINT ( 'NONE',  ( -7.249999999999999100, -8.750000000000000000, 2.100000000000000100 ) ) ;
#1429 = LINE ( 'NONE', #1428, #1427 ) ;
#1430 = DIRECTION ( 'NONE',  ( 0.0000000000000000000, 0.0000000000000000000, 1.000000000000000000 ) ) ;
#1431 = DIRECTION ( 'NONE',  ( 0.0000000000000000000, 1.000000000000000000, 0.0000000000000000000 ) ) ;
#1432 = CARTESIAN_POINT ( 'NONE',  ( -7.249999999999999100, -8.750000000000000000, 3.500000000000000000 ) ) ;
#1433 = AXIS2_PLACEMENT_3D ( 'NONE', #1432, #1431, #1430 ) ;
#1434 = PLANE ( 'NONE',  #1433 ) ;
#1435 = FACE_OUTER_BOUND ( 'NONE', #178, .T. ) ;
#1436 = DIRECTION ( 'NONE',  ( 0.0000000000000000000, 0.0000000000000000000, 1.000000000000000000 ) ) ;
#1437 = VECTOR ( 'NONE', #1436, 1000.000000000000000 ) ;
#1438 = CARTESIAN_POINT ( 'NONE',  ( -4.400000000000000400, -6.999999999999999100, -4.999999999999999600E-005 ) ) ;
#1439 = LINE ( 'NONE', #1438, #1437 ) ;
#1440 = CARTESIAN_POINT ( 'NONE',  ( -4.400000000000000400, -6.999999999999999100, 2.100000000000000100 ) ) ;
#1441 = DIRECTION ( 'NONE',  ( 1.000000000000000000, 0.0000000000000000000, 0.0000000000000000000 ) ) ;
#1442 = DIRECTION ( 'NONE',  ( 0.0000000000000000000, 0.0000000000000000000, -1.000000000000000000 ) ) ;
#1443 = CARTESIAN_POINT ( 'NONE',  ( -5.500000000000000900, -6.999999999999999100, 2.100000000000000100 ) ) ;
#1444 = AXIS2_PLACEMENT_3D ( 'NONE', #1443, #1442, #1441 ) ;
#1445 = CIRCLE ( 'NONE', #1444, 1.100000000000000300 ) ;
#1446 = DIRECTION ( 'NONE',  ( 0.05233595624293720100, -0.9986295347545742800, 0.0000000000000000000 ) ) ;
#1447 = VECTOR ( 'NONE', #1446, 1000.000000000000000 ) ;
#1448 = CARTESIAN_POINT ( 'NONE',  ( 3.711757213943311900, 2.407412430484044800E-032, 3.500000000000000000 ) ) ;
#1449 = LINE ( 'NONE', #1448, #1447 ) ;
#1450 = CARTESIAN_POINT ( 'NONE',  ( 4.000000000000001800, -5.500000000000000000, 3.500000000000000000 ) ) ;
#1451 = PLANE ( 'NONE',  #1518 ) ;
#1452 = FACE_OUTER_BOUND ( 'NONE', #201, .T. ) ;
#1453 = CARTESIAN_POINT ( 'NONE',  ( -6.600000000000000500, -6.999999999999999100, 0.0000000000000000000 ) ) ;
#1454 = DIRECTION ( 'NONE',  ( 1.000000000000000000, 0.0000000000000000000, 0.0000000000000000000 ) ) ;
#1455 = DIRECTION ( 'NONE',  ( 0.0000000000000000000, 0.0000000000000000000, 1.000000000000000000 ) ) ;
#1456 = AXIS2_PLACEMENT_3D ( 'NONE', #1463, #1455, #1454 ) ;
#1457 = CIRCLE ( 'NONE', #1456, 1.100000000000000300 ) ;
#1458 = DIRECTION ( 'NONE',  ( 1.000000000000000000, 0.0000000000000000000, 0.0000000000000000000 ) ) ;
#1459 = DIRECTION ( 'NONE',  ( 0.0000000000000000000, 0.0000000000000000000, 1.000000000000000000 ) ) ;
#1460 = CARTESIAN_POINT ( 'NONE',  ( -5.500000000000000900, -6.999999999999999100, -4.999999999999999600E-005 ) ) ;
#1461 = AXIS2_PLACEMENT_3D ( 'NONE', #1460, #1459, #1458 ) ;
#1462 = CYLINDRICAL_SURFACE ( 'NONE', #1461, 1.100000000000000300 ) ;
#1463 = CARTESIAN_POINT ( 'NONE',  ( -5.500000000000000900, -6.999999999999999100, 0.0000000000000000000 ) ) ;
#1464 = FACE_OUTER_BOUND ( 'NONE', #196, .T. ) ;
#1465 = DIRECTION ( 'NONE',  ( 0.0000000000000000000, 0.0000000000000000000, 1.000000000000000000 ) ) ;
#1466 = VECTOR ( 'NONE', #1465, 1000.000000000000000 ) ;
#1467 = CARTESIAN_POINT ( 'NONE',  ( -4.400000000000000400, 4.000000000000000000, -4.999999999999999600E-005 ) ) ;
#1468 = LINE ( 'NONE', #1467, #1466 ) ;
#1469 = CARTESIAN_POINT ( 'NONE',  ( -4.400000000000000400, 4.000000000000000000, 2.100000000000000100 ) ) ;
#1470 = DIRECTION ( 'NONE',  ( 1.000000000000000000, 0.0000000000000000000, 0.0000000000000000000 ) ) ;
#1471 = DIRECTION ( 'NONE',  ( 0.0000000000000000000, 0.0000000000000000000, -1.000000000000000000 ) ) ;
#1472 = CARTESIAN_POINT ( 'NONE',  ( -5.500000000000000900, 4.000000000000000000, 2.100000000000000100 ) ) ;
#1473 = AXIS2_PLACEMENT_3D ( 'NONE', #1472, #1471, #1470 ) ;
#1474 = CIRCLE ( 'NONE', #1473, 1.100000000000000300 ) ;
#1475 = CARTESIAN_POINT ( 'NONE',  ( -6.600000000000000500, 4.000000000000000000, 2.100000000000000100 ) ) ;
#1476 = DIRECTION ( 'NONE',  ( 0.0000000000000000000, 0.0000000000000000000, 1.000000000000000000 ) ) ;
#1477 = VECTOR ( 'NONE', #1476, 1000.000000000000000 ) ;
#1478 = CARTESIAN_POINT ( 'NONE',  ( -6.600000000000000500, 4.000000000000000000, -4.999999999999999600E-005 ) ) ;
#1479 = LINE ( 'NONE', #1478, #1477 ) ;
#1480 = CARTESIAN_POINT ( 'NONE',  ( -4.400000000000000400, 4.000000000000000000, 0.0000000000000000000 ) ) ;
#1481 = CARTESIAN_POINT ( 'NONE',  ( -6.600000000000000500, 4.000000000000000000, 0.0000000000000000000 ) ) ;
#1482 = DIRECTION ( 'NONE',  ( 1.000000000000000000, 0.0000000000000000000, 0.0000000000000000000 ) ) ;
#1483 = DIRECTION ( 'NONE',  ( 0.0000000000000000000, 0.0000000000000000000, 1.000000000000000000 ) ) ;
#1484 = DIRECTION ( 'NONE',  ( -5.981805089575197400E-017, 1.000000000000000000, 0.0000000000000000000 ) ) ;
#1485 = DIRECTION ( 'NONE',  ( 1.000000000000000000, 5.981805089575197400E-017, 0.0000000000000000000 ) ) ;
#1486 = CARTESIAN_POINT ( 'NONE',  ( -7.250000000000000000, 5.750000000000000000, 3.500000000000000000 ) ) ;
#1487 = AXIS2_PLACEMENT_3D ( 'NONE', #1486, #1485, #1484 ) ;
#1488 = PLANE ( 'NONE',  #1487 ) ;
#1489 = FACE_OUTER_BOUND ( 'NONE', #217, .T. ) ;
#1490 = DIRECTION ( 'NONE',  ( 0.0000000000000000000, 0.0000000000000000000, -1.000000000000000000 ) ) ;
#1491 = VECTOR ( 'NONE', #1490, 1000.000000000000000 ) ;
#1492 = CARTESIAN_POINT ( 'NONE',  ( 2.750000000000002700, -8.750000000000000000, 3.500000000000000000 ) ) ;
#1493 = LINE ( 'NONE', #1492, #1491 ) ;
#1494 = CARTESIAN_POINT ( 'NONE',  ( 2.750000000000002700, -8.750000000000000000, 3.399999999999999900 ) ) ;
#1495 = DIRECTION ( 'NONE',  ( -1.000000000000000000, 0.0000000000000000000, 1.084202172485504300E-016 ) ) ;
#1496 = DIRECTION ( 'NONE',  ( -1.084202172485504300E-016, 0.0000000000000000000, -1.000000000000000000 ) ) ;
#1497 = CARTESIAN_POINT ( 'NONE',  ( -4.000000000000000000, -38.00000000000000000, -3.500000000000000000 ) ) ;
#1498 = AXIS2_PLACEMENT_3D ( 'NONE', #1497, #1496, #1495 ) ;
#1499 = PLANE ( 'NONE',  #1498 ) ;
#1500 = FACE_OUTER_BOUND ( 'NONE', #212, .T. ) ;
#1501 = DIRECTION ( 'NONE',  ( 0.0000000000000000000, 1.000000000000000000, 0.0000000000000000000 ) ) ;
#1502 = VECTOR ( 'NONE', #1501, 1000.000000000000000 ) ;
#1503 = CARTESIAN_POINT ( 'NONE',  ( -4.000000000000000000, -38.00000000000000000, -3.500000000000000000 ) ) ;
#1504 = LINE ( 'NONE', #1503, #1502 ) ;
#1505 = CARTESIAN_POINT ( 'NONE',  ( -4.000000000000000000, -5.500000000000000000, -3.500000000000000900 ) ) ;
#1506 = DIRECTION ( 'NONE',  ( 0.0000000000000000000, 0.0000000000000000000, 1.000000000000000000 ) ) ;
#1507 = VECTOR ( 'NONE', #1506, 1000.000000000000000 ) ;
#1508 = CARTESIAN_POINT ( 'NONE',  ( -4.000000000000000000, -5.500000000000000000, -3.500000000000000900 ) ) ;
#1509 = LINE ( 'NONE', #1508, #1507 ) ;
#1510 = CARTESIAN_POINT ( 'NONE',  ( -4.000000000000000000, -32.50000000000000000, -3.500000000000000900 ) ) ;
#1511 = DIRECTION ( 'NONE',  ( 0.0000000000000000000, 0.0000000000000000000, 1.000000000000000000 ) ) ;
#1512 = VECTOR ( 'NONE', #1511, 1000.000000000000000 ) ;
#1513 = CARTESIAN_POINT ( 'NONE',  ( -4.000000000000000000, -32.50000000000000000, -3.500000000000000900 ) ) ;
#1514 = LINE ( 'NONE', #1513, #1512 ) ;
#1515 = DIRECTION ( 'NONE',  ( 2.478176394252581600E-016, 0.0000000000000000000, 1.000000000000000000 ) ) ;
#1516 = DIRECTION ( 'NONE',  ( -1.000000000000000000, 0.0000000000000000000, 2.478176394252581600E-016 ) ) ;
#1517 = CARTESIAN_POINT ( 'NONE',  ( -4.000000000000000000, -38.00000000000000000, -3.500000000000000000 ) ) ;
#1518 = AXIS2_PLACEMENT_3D ( 'NONE', #1517, #1516, #1515 ) ;
#1519 = DIRECTION ( 'NONE',  ( 0.0000000000000000000, 0.0000000000000000000, 1.000000000000000000 ) ) ;
#1520 = DIRECTION ( 'NONE',  ( 0.0000000000000000000, 1.000000000000000000, 0.0000000000000000000 ) ) ;
#1521 = CARTESIAN_POINT ( 'NONE',  ( -7.249999999999999100, -8.750000000000000000, 3.500000000000000000 ) ) ;
#1522 = AXIS2_PLACEMENT_3D ( 'NONE', #1521, #1520, #1519 ) ;
#1523 = PLANE ( 'NONE',  #1522 ) ;
#1524 = FACE_OUTER_BOUND ( 'NONE', #232, .T. ) ;
#1525 = DIRECTION ( 'NONE',  ( 1.000000000000000000, 0.0000000000000000000, 0.0000000000000000000 ) ) ;
#1526 = DIRECTION ( 'NONE',  ( 0.0000000000000000000, 0.0000000000000000000, -1.000000000000000000 ) ) ;
#1527 = CARTESIAN_POINT ( 'NONE',  ( -5.500000000000000900, 4.000000000000000000, 2.100000000000000100 ) ) ;
#1528 = AXIS2_PLACEMENT_3D ( 'NONE', #1527, #1526, #1525 ) ;
#1529 = CIRCLE ( 'NONE', #1528, 1.100000000000000300 ) ;
#1530 = DIRECTION ( 'NONE',  ( 1.000000000000000000, 0.0000000000000000000, 0.0000000000000000000 ) ) ;
#1531 = DIRECTION ( 'NONE',  ( 0.0000000000000000000, 0.0000000000000000000, 1.000000000000000000 ) ) ;
#1532 = AXIS2_PLACEMENT_3D ( 'NONE', #1538, #1531, #1530 ) ;
#1533 = CIRCLE ( 'NONE', #1532, 1.100000000000000300 ) ;
#1534 = DIRECTION ( 'NONE',  ( 1.000000000000000000, 0.0000000000000000000, 0.0000000000000000000 ) ) ;
#1535 = DIRECTION ( 'NONE',  ( 0.0000000000000000000, 0.0000000000000000000, 1.000000000000000000 ) ) ;
#1536 = AXIS2_PLACEMENT_3D ( 'NONE', #1539, #1535, #1534 ) ;
#1537 = CYLINDRICAL_SURFACE ( 'NONE', #1536, 1.100000000000000300 ) ;
#1538 = CARTESIAN_POINT ( 'NONE',  ( -5.500000000000000900, 4.000000000000000000, 0.0000000000000000000 ) ) ;
#1539 = CARTESIAN_POINT ( 'NONE',  ( -5.500000000000000900, 4.000000000000000000, -4.999999999999999600E-005 ) ) ;
#1540 = DIRECTION ( 'NONE',  ( 1.000000000000000000, 0.0000000000000000000, 0.0000000000000000000 ) ) ;
#1541 = DIRECTION ( 'NONE',  ( 0.0000000000000000000, 0.0000000000000000000, -1.000000000000000000 ) ) ;
#1542 = CARTESIAN_POINT ( 'NONE',  ( -5.500000000000000900, -6.999999999999999100, 2.100000000000000100 ) ) ;
#1543 = AXIS2_PLACEMENT_3D ( 'NONE', #1542, #1541, #1540 ) ;
#1544 = CIRCLE ( 'NONE', #1543, 1.100000000000000300 ) ;
#1545 = FACE_OUTER_BOUND ( 'NONE', #224, .T. ) ;
#1546 = CARTESIAN_POINT ( 'NONE',  ( -7.249999999999999100, -5.200000000000001100, 2.100000000000000100 ) ) ;
#1547 = DIRECTION ( 'NONE',  ( 0.0000000000000000000, -1.000000000000000000, 0.0000000000000000000 ) ) ;
#1548 = VECTOR ( 'NONE', #1547, 1000.000000000000000 ) ;
#1549 = CARTESIAN_POINT ( 'NONE',  ( -7.249999999999999100, -5.200000000000001100, 2.100000000000000100 ) ) ;
#1550 = LINE ( 'NONE', #1549, #1548 ) ;
#1551 = CARTESIAN_POINT ( 'NONE',  ( -6.600000000000000500, -6.999999999999999100, -4.999999999999999600E-005 ) ) ;
#1552 = LINE ( 'NONE', #1551, #1614 ) ;
#1553 = PLANE ( 'NONE',  #1876 ) ;
#1554 = CARTESIAN_POINT ( 'NONE',  ( -4.400000000000000400, -6.999999999999999100, 0.0000000000000000000 ) ) ;
#1555 = DIRECTION ( 'NONE',  ( 1.000000000000000000, 0.0000000000000000000, 0.0000000000000000000 ) ) ;
#1556 = DIRECTION ( 'NONE',  ( 0.0000000000000000000, 0.0000000000000000000, 1.000000000000000000 ) ) ;
#1557 = CARTESIAN_POINT ( 'NONE',  ( -5.500000000000000900, -6.999999999999999100, 0.0000000000000000000 ) ) ;
#1558 = AXIS2_PLACEMENT_3D ( 'NONE', #1557, #1556, #1555 ) ;
#1559 = DIRECTION ( 'NONE',  ( 1.000000000000000000, 0.0000000000000000000, 0.0000000000000000000 ) ) ;
#1560 = DIRECTION ( 'NONE',  ( 0.0000000000000000000, 0.0000000000000000000, 1.000000000000000000 ) ) ;
#1561 = CARTESIAN_POINT ( 'NONE',  ( -5.500000000000000900, -6.999999999999999100, -4.999999999999999600E-005 ) ) ;
#1562 = AXIS2_PLACEMENT_3D ( 'NONE', #1561, #1560, #1559 ) ;
#1563 = CIRCLE ( 'NONE', #1558, 1.100000000000000300 ) ;
#1564 = CYLINDRICAL_SURFACE ( 'NONE', #1562, 1.100000000000000300 ) ;
#1565 = FACE_OUTER_BOUND ( 'NONE', #243, .T. ) ;
#1566 = DIRECTION ( 'NONE',  ( 0.0000000000000000000, 0.0000000000000000000, -1.000000000000000000 ) ) ;
#1567 = VECTOR ( 'NONE', #1566, 1000.000000000000000 ) ;
#1568 = CARTESIAN_POINT ( 'NONE',  ( -4.249999999999997300, -8.750000000000000000, 3.399999999999999900 ) ) ;
#1569 = LINE ( 'NONE', #1568, #1567 ) ;
#1570 = CARTESIAN_POINT ( 'NONE',  ( -4.249999999999997300, -8.750000000000000000, 0.0000000000000000000 ) ) ;
#1571 = DIRECTION ( 'NONE',  ( 1.000000000000000000, 0.0000000000000000000, 0.0000000000000000000 ) ) ;
#1572 = VECTOR ( 'NONE', #1571, 1000.000000000000000 ) ;
#1573 = CARTESIAN_POINT ( 'NONE',  ( -7.249999999999999100, -8.750000000000000000, 0.0000000000000000000 ) ) ;
#1574 = LINE ( 'NONE', #1573, #1572 ) ;
#1575 = DIRECTION ( 'NONE',  ( 0.0000000000000000000, 0.0000000000000000000, -1.000000000000000000 ) ) ;
#1576 = VECTOR ( 'NONE', #1575, 1000.000000000000000 ) ;
#1577 = CARTESIAN_POINT ( 'NONE',  ( -7.249999999999999100, -8.750000000000000000, 3.500000000000000000 ) ) ;
#1578 = LINE ( 'NONE', #1577, #1576 ) ;
#1579 = DIRECTION ( 'NONE',  ( 1.000000000000000000, 0.0000000000000000000, 0.0000000000000000000 ) ) ;
#1580 = VECTOR ( 'NONE', #1579, 1000.000000000000000 ) ;
#1581 = CARTESIAN_POINT ( 'NONE',  ( -7.249999999999999100, -8.750000000000000000, 3.500000000000000000 ) ) ;
#1582 = LINE ( 'NONE', #1581, #1580 ) ;
#1583 = CARTESIAN_POINT ( 'NONE',  ( 2.750000000000002700, -8.750000000000000000, 0.0000000000000000000 ) ) ;
#1584 = DIRECTION ( 'NONE',  ( -1.794541526872559400E-016, 1.000000000000000000, 0.0000000000000000000 ) ) ;
#1585 = VECTOR ( 'NONE', #1584, 1000.000000000000000 ) ;
#1586 = CARTESIAN_POINT ( 'NONE',  ( 2.750000000000000000, 5.750000000000000000, 0.0000000000000000000 ) ) ;
#1587 = LINE ( 'NONE', #1586, #1585 ) ;
#1588 = DIRECTION ( 'NONE',  ( 1.794541526872559400E-016, -1.000000000000000000, 0.0000000000000000000 ) ) ;
#1589 = DIRECTION ( 'NONE',  ( -1.000000000000000000, -1.794541526872559400E-016, 0.0000000000000000000 ) ) ;
#1590 = CARTESIAN_POINT ( 'NONE',  ( 2.750000000000000000, 5.750000000000000000, 3.500000000000000000 ) ) ;
#1591 = AXIS2_PLACEMENT_3D ( 'NONE', #1590, #1589, #1588 ) ;
#1592 = PLANE ( 'NONE',  #1591 ) ;
#1593 = FACE_OUTER_BOUND ( 'NONE', #267, .T. ) ;
#1594 = DIRECTION ( 'NONE',  ( 5.981805089575197400E-017, -1.000000000000000000, 0.0000000000000000000 ) ) ;
#1595 = VECTOR ( 'NONE', #1594, 1000.000000000000000 ) ;
#1596 = CARTESIAN_POINT ( 'NONE',  ( -7.250000000000000000, 5.750000000000000000, 0.0000000000000000000 ) ) ;
#1597 = LINE ( 'NONE', #1596, #1595 ) ;
#1598 = DIRECTION ( 'NONE',  ( -1.000000000000000000, 0.0000000000000000000, 0.0000000000000000000 ) ) ;
#1599 = VECTOR ( 'NONE', #1598, 1000.000000000000000 ) ;
#1600 = CARTESIAN_POINT ( 'NONE',  ( -7.250000000000000000, 5.750000000000000000, 3.500000000000000000 ) ) ;
#1601 = LINE ( 'NONE', #1600, #1599 ) ;
#1602 = CARTESIAN_POINT ( 'NONE',  ( -3.700000000000000200, 5.750000000000000000, 3.500000000000000000 ) ) ;
#1603 = DIRECTION ( 'NONE',  ( 0.0000000000000000000, 0.0000000000000000000, 1.000000000000000000 ) ) ;
#1604 = VECTOR ( 'NONE', #1603, 1000.000000000000000 ) ;
#1605 = CARTESIAN_POINT ( 'NONE',  ( -3.700000000000000200, 5.750000000000000000, 2.100000000000000100 ) ) ;
#1606 = LINE ( 'NONE', #1605, #1604 ) ;
#1607 = CARTESIAN_POINT ( 'NONE',  ( -3.700000000000000200, 5.750000000000000000, 2.100000000000000100 ) ) ;
#1608 = DIRECTION ( 'NONE',  ( -1.000000000000000000, 0.0000000000000000000, 0.0000000000000000000 ) ) ;
#1609 = VECTOR ( 'NONE', #1608, 1000.000000000000000 ) ;
#1610 = CARTESIAN_POINT ( 'NONE',  ( -3.700000000000000200, 5.750000000000000000, 2.100000000000000100 ) ) ;
#1611 = LINE ( 'NONE', #1610, #1609 ) ;
#1612 = CARTESIAN_POINT ( 'NONE',  ( -6.600000000000000500, -6.999999999999999100, 2.100000000000000100 ) ) ;
#1613 = DIRECTION ( 'NONE',  ( 0.0000000000000000000, 0.0000000000000000000, 1.000000000000000000 ) ) ;
#1614 = VECTOR ( 'NONE', #1613, 1000.000000000000000 ) ;
#1615 = CARTESIAN_POINT ( 'NONE',  ( -7.250000000000000000, 5.750000000000000000, 2.100000000000000100 ) ) ;
#1616 = DIRECTION ( 'NONE',  ( 2.443272501375785500E-016, -1.000000000000000000, 0.0000000000000000000 ) ) ;
#1617 = VECTOR ( 'NONE', #1616, 1000.000000000000000 ) ;
#1618 = CARTESIAN_POINT ( 'NONE',  ( -7.250000000000000000, 5.750000000000000000, 2.100000000000000100 ) ) ;
#1619 = LINE ( 'NONE', #1618, #1617 ) ;
#1620 = CARTESIAN_POINT ( 'NONE',  ( -7.249999999999999100, 2.200000000000000600, 2.100000000000000100 ) ) ;
#1621 = DIRECTION ( 'NONE',  ( 0.0000000000000000000, 0.0000000000000000000, 1.000000000000000000 ) ) ;
#1622 = VECTOR ( 'NONE', #1621, 1000.000000000000000 ) ;
#1623 = CARTESIAN_POINT ( 'NONE',  ( -7.249999999999999100, 2.200000000000000600, 2.100000000000000100 ) ) ;
#1624 = LINE ( 'NONE', #1623, #1622 ) ;
#1625 = CARTESIAN_POINT ( 'NONE',  ( -7.249999999999999100, 2.200000000000000600, 3.500000000000000000 ) ) ;
#1626 = DIRECTION ( 'NONE',  ( 5.981805089575197400E-017, -1.000000000000000000, 0.0000000000000000000 ) ) ;
#1627 = VECTOR ( 'NONE', #1626, 1000.000000000000000 ) ;
#1628 = CARTESIAN_POINT ( 'NONE',  ( -7.250000000000000000, 5.750000000000000000, 3.500000000000000000 ) ) ;
#1629 = LINE ( 'NONE', #1628, #1627 ) ;
#1630 = CARTESIAN_POINT ( 'NONE',  ( -7.249999999999999100, -5.200000000000001100, 3.500000000000000000 ) ) ;
#1631 = DIRECTION ( 'NONE',  ( 0.0000000000000000000, 0.0000000000000000000, 1.000000000000000000 ) ) ;
#1632 = VECTOR ( 'NONE', #1631, 1000.000000000000000 ) ;
#1633 = CARTESIAN_POINT ( 'NONE',  ( -7.249999999999999100, -5.200000000000001100, 2.100000000000000100 ) ) ;
#1634 = LINE ( 'NONE', #1633, #1632 ) ;
#1635 = DIRECTION ( 'NONE',  ( -1.794541526872559400E-016, 1.000000000000000000, 0.0000000000000000000 ) ) ;
#1636 = VECTOR ( 'NONE', #1635, 1000.000000000000000 ) ;
#1637 = CARTESIAN_POINT ( 'NONE',  ( 2.750000000000000000, 5.750000000000000000, 3.500000000000000000 ) ) ;
#1638 = LINE ( 'NONE', #1637, #1636 ) ;
#1639 = CARTESIAN_POINT ( 'NONE',  ( 2.750000000000000000, 5.750000000000000000, 3.500000000000000000 ) ) ;
#1640 = DIRECTION ( 'NONE',  ( 0.0000000000000000000, 0.0000000000000000000, -1.000000000000000000 ) ) ;
#1641 = VECTOR ( 'NONE', #1640, 1000.000000000000000 ) ;
#1642 = CARTESIAN_POINT ( 'NONE',  ( 2.750000000000000000, 5.750000000000000000, 3.500000000000000000 ) ) ;
#1643 = LINE ( 'NONE', #1642, #1641 ) ;
#1644 = CARTESIAN_POINT ( 'NONE',  ( 2.750000000000000000, 5.750000000000000000, 0.0000000000000000000 ) ) ;
#1645 = CARTESIAN_POINT ( 'NONE',  ( -5.500000000000000900, 2.200000000000001100, 3.500000000000000000 ) ) ;
#1646 = DIRECTION ( 'NONE',  ( 1.000000000000000000, 0.0000000000000000000, 0.0000000000000000000 ) ) ;
#1647 = DIRECTION ( 'NONE',  ( 0.0000000000000000000, 0.0000000000000000000, 1.000000000000000000 ) ) ;
#1648 = CARTESIAN_POINT ( 'NONE',  ( -5.500000000000000900, 4.000000000000000000, 3.500000000000000000 ) ) ;
#1649 = AXIS2_PLACEMENT_3D ( 'NONE', #1648, #1647, #1646 ) ;
#1650 = CIRCLE ( 'NONE', #1649, 1.799999999999999600 ) ;
#1651 = CARTESIAN_POINT ( 'NONE',  ( -3.700000000000000600, 4.000000000000000000, 3.500000000000000000 ) ) ;
#1652 = DIRECTION ( 'NONE',  ( 2.478176394252582100E-016, 1.000000000000000000, 0.0000000000000000000 ) ) ;
#1653 = VECTOR ( 'NONE', #1652, 1000.000000000000000 ) ;
#1654 = CARTESIAN_POINT ( 'NONE',  ( -3.700000000000000200, 5.750000000000000000, 3.500000000000000000 ) ) ;
#1655 = LINE ( 'NONE', #1654, #1653 ) ;
#1656 = DIRECTION ( 'NONE',  ( 1.000000000000000000, 0.0000000000000000000, 0.0000000000000000000 ) ) ;
#1657 = DIRECTION ( 'NONE',  ( 0.0000000000000000000, 0.0000000000000000000, 1.000000000000000000 ) ) ;
#1658 = CARTESIAN_POINT ( 'NONE',  ( -7.249999999999999100, -8.750000000000000000, 0.0000000000000000000 ) ) ;
#1659 = AXIS2_PLACEMENT_3D ( 'NONE', #1658, #1657, #1656 ) ;
#1660 = PLANE ( 'NONE',  #1659 ) ;
#1661 = FACE_OUTER_BOUND ( 'NONE', #306, .T. ) ;
#1662 = FACE_BOUND ( 'NONE', #303, .T. ) ;
#1663 = FACE_BOUND ( 'NONE', #300, .T. ) ;
#1664 = DIRECTION ( 'NONE',  ( -1.000000000000000000, 0.0000000000000000000, 0.0000000000000000000 ) ) ;
#1665 = VECTOR ( 'NONE', #1664, 1000.000000000000000 ) ;
#1666 = CARTESIAN_POINT ( 'NONE',  ( -4.249999999999997300, -8.750000000000000000, 3.399999999999999900 ) ) ;
#1667 = LINE ( 'NONE', #1666, #1665 ) ;
#1668 = CARTESIAN_POINT ( 'NONE',  ( -4.249999999999997300, -8.750000000000000000, 3.399999999999999900 ) ) ;
#1669 = DIRECTION ( 'NONE',  ( 0.0000000000000000000, 0.0000000000000000000, 1.000000000000000000 ) ) ;
#1670 = VECTOR ( 'NONE', #1669, 1000.000000000000000 ) ;
#1671 = CARTESIAN_POINT ( 'NONE',  ( -4.249999999999997300, -8.750000000000000000, 2.100000000000000100 ) ) ;
#1672 = LINE ( 'NONE', #1671, #1670 ) ;
#1673 = CARTESIAN_POINT ( 'NONE',  ( 2.750000000000002700, -8.750000000000000000, 3.500000000000000000 ) ) ;
#1674 = CARTESIAN_POINT ( 'NONE',  ( -4.249999999999997300, -8.750000000000000000, 3.500000000000000000 ) ) ;
#1675 = CARTESIAN_POINT ( 'NONE',  ( -7.250000000000000000, 5.750000000000000000, 0.0000000000000000000 ) ) ;
#1676 = DIRECTION ( 'NONE',  ( 0.0000000000000000000, 0.0000000000000000000, -1.000000000000000000 ) ) ;
#1677 = VECTOR ( 'NONE', #1676, 1000.000000000000000 ) ;
#1678 = CARTESIAN_POINT ( 'NONE',  ( -7.250000000000000000, 5.750000000000000000, 3.500000000000000000 ) ) ;
#1679 = LINE ( 'NONE', #1678, #1677 ) ;
#1680 = DIRECTION ( 'NONE',  ( 0.0000000000000000000, 0.0000000000000000000, -1.000000000000000000 ) ) ;
#1681 = VECTOR ( 'NONE', #1680, 1000.000000000000000 ) ;
#1682 = CARTESIAN_POINT ( 'NONE',  ( 2.750000000000002700, -8.750000000000000000, 3.399999999999999900 ) ) ;
#1683 = LINE ( 'NONE', #1682, #1681 ) ;
#1684 = CARTESIAN_POINT ( 'NONE',  ( -4.249999999999997300, -8.295183384698859200, 3.500000000000000000 ) ) ;
#1685 = DIRECTION ( 'NONE',  ( 0.0000000000000000000, 1.000000000000000000, 0.0000000000000000000 ) ) ;
#1686 = VECTOR ( 'NONE', #1685, 1000.000000000000000 ) ;
#1687 = CARTESIAN_POINT ( 'NONE',  ( -4.249999999999997300, -8.295183384698859200, 3.500000000000000000 ) ) ;
#1688 = LINE ( 'NONE', #1687, #1686 ) ;
#1689 = DIRECTION ( 'NONE',  ( 1.000000000000000000, 0.0000000000000000000, 0.0000000000000000000 ) ) ;
#1690 = DIRECTION ( 'NONE',  ( 0.0000000000000000000, 0.0000000000000000000, 1.000000000000000000 ) ) ;
#1691 = CARTESIAN_POINT ( 'NONE',  ( -8.673617379884035500E-016, 0.0000000000000000000, 3.500000000000000000 ) ) ;
#1692 = AXIS2_PLACEMENT_3D ( 'NONE', #1691, #1690, #1689 ) ;
#1693 = CIRCLE ( 'NONE', #1692, 1.000000000000000000 ) ;
#1694 = DIRECTION ( 'NONE',  ( 1.000000000000000000, 0.0000000000000000000, 0.0000000000000000000 ) ) ;
#1695 = DIRECTION ( 'NONE',  ( 0.0000000000000000000, 0.0000000000000000000, 1.000000000000000000 ) ) ;
#1696 = CARTESIAN_POINT ( 'NONE',  ( -7.249999999999999100, -8.750000000000000000, 3.500000000000000000 ) ) ;
#1697 = AXIS2_PLACEMENT_3D ( 'NONE', #1696, #1695, #1694 ) ;
#1698 = PLANE ( 'NONE',  #1697 ) ;
#1699 = FACE_OUTER_BOUND ( 'NONE', #329, .T. ) ;
#1700 = FACE_BOUND ( 'NONE', #325, .T. ) ;
#1701 = DIRECTION ( 'NONE',  ( -1.000000000000000000, 0.0000000000000000000, 0.0000000000000000000 ) ) ;
#1702 = VECTOR ( 'NONE', #1701, 1000.000000000000000 ) ;
#1703 = CARTESIAN_POINT ( 'NONE',  ( -7.250000000000000000, 5.750000000000000000, 0.0000000000000000000 ) ) ;
#1704 = LINE ( 'NONE', #1703, #1702 ) ;
#1705 = DIRECTION ( 'NONE',  ( -1.000000000000000000, 4.956352788505166200E-016, 0.0000000000000000000 ) ) ;
#1706 = VECTOR ( 'NONE', #1705, 1000.000000000000000 ) ;
#1707 = CARTESIAN_POINT ( 'NONE',  ( -5.500000000000000900, -5.200000000000001100, 3.500000000000000000 ) ) ;
#1708 = LINE ( 'NONE', #1707, #1706 ) ;
#1709 = DIRECTION ( 'NONE',  ( 1.000000000000000000, 2.478176394252583100E-016, 0.0000000000000000000 ) ) ;
#1710 = VECTOR ( 'NONE', #1709, 1000.000000000000000 ) ;
#1711 = CARTESIAN_POINT ( 'NONE',  ( -5.500000000000000900, 2.200000000000001100, 3.500000000000000000 ) ) ;
#1712 = LINE ( 'NONE', #1711, #1710 ) ;
#1713 = DIRECTION ( 'NONE',  ( 0.0000000000000000000, 0.0000000000000000000, -1.000000000000000000 ) ) ;
#1714 = VECTOR ( 'NONE', #1713, 1000.000000000000000 ) ;
#1715 = CARTESIAN_POINT ( 'NONE',  ( -4.249999999999997300, -8.750000000000000000, 3.399999999999999900 ) ) ;
#1716 = LINE ( 'NONE', #1715, #1714 ) ;
#1717 = DIRECTION ( 'NONE',  ( 0.2588190451025253500, -0.9659258262890669800, 0.0000000000000000000 ) ) ;
#1718 = VECTOR ( 'NONE', #1717, 1000.000000000000200 ) ;
#1719 = CARTESIAN_POINT ( 'NONE',  ( -3.044228634059923200, -13.25000000000000000, 3.399999999999999900 ) ) ;
#1720 = LINE ( 'NONE', #1719, #1718 ) ;
#1721 = DIRECTION ( 'NONE',  ( 0.0000000000000000000, 0.0000000000000000000, -1.000000000000000000 ) ) ;
#1722 = VECTOR ( 'NONE', #1721, 1000.000000000000000 ) ;
#1723 = CARTESIAN_POINT ( 'NONE',  ( -3.044228634059923200, -13.25000000000000000, 3.399999999999999900 ) ) ;
#1724 = LINE ( 'NONE', #1723, #1722 ) ;
#1725 = DIRECTION ( 'NONE',  ( -0.2588190451025254000, -0.9659258262890669800, 0.0000000000000000000 ) ) ;
#1726 = DIRECTION ( 'NONE',  ( -0.9659258262890670900, 0.2588190451025254600, 0.0000000000000000000 ) ) ;
#1727 = CARTESIAN_POINT ( 'NONE',  ( 2.750000000000002700, -8.750000000000000000, 3.399999999999999900 ) ) ;
#1728 = AXIS2_PLACEMENT_3D ( 'NONE', #1727, #1726, #1725 ) ;
#1729 = PLANE ( 'NONE',  #1728 ) ;
#1730 = FACE_OUTER_BOUND ( 'NONE', #347, .T. ) ;
#1731 = DIRECTION ( 'NONE',  ( 1.000000000000000000, 0.0000000000000000000, 0.0000000000000000000 ) ) ;
#1732 = VECTOR ( 'NONE', #1731, 1000.000000000000000 ) ;
#1733 = CARTESIAN_POINT ( 'NONE',  ( 1.544228634059927800, -13.25000000000000000, 3.399999999999999900 ) ) ;
#1734 = LINE ( 'NONE', #1733, #1732 ) ;
#1735 = CARTESIAN_POINT ( 'NONE',  ( 1.544228634059927800, -13.25000000000000000, 3.399999999999999900 ) ) ;
#1736 = DIRECTION ( 'NONE',  ( 0.0000000000000000000, 0.0000000000000000000, -1.000000000000000000 ) ) ;
#1737 = VECTOR ( 'NONE', #1736, 1000.000000000000000 ) ;
#1738 = CARTESIAN_POINT ( 'NONE',  ( 1.544228634059927800, -13.25000000000000000, 3.399999999999999900 ) ) ;
#1739 = LINE ( 'NONE', #1738, #1737 ) ;
#1740 = DIRECTION ( 'NONE',  ( 0.0000000000000000000, 0.0000000000000000000, -1.000000000000000000 ) ) ;
#1741 = DIRECTION ( 'NONE',  ( 0.0000000000000000000, -1.000000000000000000, 0.0000000000000000000 ) ) ;
#1742 = CARTESIAN_POINT ( 'NONE',  ( -7.250000000000000000, 5.750000000000000000, 3.500000000000000000 ) ) ;
#1743 = AXIS2_PLACEMENT_3D ( 'NONE', #1742, #1741, #1740 ) ;
#1744 = PLANE ( 'NONE',  #1743 ) ;
#1745 = FACE_OUTER_BOUND ( 'NONE', #253, .T. ) ;
#1746 = CARTESIAN_POINT ( 'NONE',  ( -3.044228634059923200, -13.25000000000000000, 3.399999999999999900 ) ) ;
#1747 = DIRECTION ( 'NONE',  ( -0.2588190451025254000, 0.9659258262890669800, 0.0000000000000000000 ) ) ;
#1748 = DIRECTION ( 'NONE',  ( 0.9659258262890670900, 0.2588190451025254600, 0.0000000000000000000 ) ) ;
#1749 = CARTESIAN_POINT ( 'NONE',  ( -3.044228634059923200, -13.25000000000000000, 3.399999999999999900 ) ) ;
#1750 = AXIS2_PLACEMENT_3D ( 'NONE', #1749, #1748, #1747 ) ;
#1751 = PLANE ( 'NONE',  #1750 ) ;
#1752 = FACE_OUTER_BOUND ( 'NONE', #375, .T. ) ;
#1753 = DIRECTION ( 'NONE',  ( 0.2588190451025253500, -0.9659258262890669800, 0.0000000000000000000 ) ) ;
#1754 = VECTOR ( 'NONE', #1753, 1000.000000000000200 ) ;
#1755 = CARTESIAN_POINT ( 'NONE',  ( -3.044228634059923200, -13.25000000000000000, 0.0000000000000000000 ) ) ;
#1756 = LINE ( 'NONE', #1755, #1754 ) ;
#1757 = CARTESIAN_POINT ( 'NONE',  ( -3.044228634059923200, -13.25000000000000000, 0.0000000000000000000 ) ) ;
#1758 = DIRECTION ( 'NONE',  ( 1.000000000000000000, 0.0000000000000000000, 0.0000000000000000000 ) ) ;
#1759 = VECTOR ( 'NONE', #1758, 1000.000000000000000 ) ;
#1760 = CARTESIAN_POINT ( 'NONE',  ( 1.544228634059927800, -13.25000000000000000, 0.0000000000000000000 ) ) ;
#1761 = LINE ( 'NONE', #1760, #1759 ) ;
#1762 = CARTESIAN_POINT ( 'NONE',  ( 1.544228634059927800, -13.25000000000000000, 0.0000000000000000000 ) ) ;
#1763 = DIRECTION ( 'NONE',  ( 0.2588190451025253500, 0.9659258262890669800, 0.0000000000000000000 ) ) ;
#1764 = VECTOR ( 'NONE', #1763, 1000.000000000000200 ) ;
#1765 = CARTESIAN_POINT ( 'NONE',  ( 2.750000000000002700, -8.750000000000000000, 0.0000000000000000000 ) ) ;
#1766 = LINE ( 'NONE', #1765, #1764 ) ;
#1767 = DIRECTION ( 'NONE',  ( 0.0000000000000000000, 0.0000000000000000000, 1.000000000000000000 ) ) ;
#1768 = DIRECTION ( 'NONE',  ( 0.0000000000000000000, 1.000000000000000000, 0.0000000000000000000 ) ) ;
#1769 = CARTESIAN_POINT ( 'NONE',  ( -0.7499999999999976700, -13.25000000000000000, 1.700000000000000000 ) ) ;
#1770 = AXIS2_PLACEMENT_3D ( 'NONE', #1769, #1768, #1767 ) ;
#1771 = CIRCLE ( 'NONE', #1770, 1.250000000000000900 ) ;
#1772 = DIRECTION ( 'NONE',  ( 0.0000000000000000000, 0.0000000000000000000, 1.000000000000000000 ) ) ;
#1773 = DIRECTION ( 'NONE',  ( 0.0000000000000000000, 1.000000000000000000, 0.0000000000000000000 ) ) ;
#1774 = CARTESIAN_POINT ( 'NONE',  ( 1.544228634059927800, -13.25000000000000000, 3.399999999999999900 ) ) ;
#1775 = AXIS2_PLACEMENT_3D ( 'NONE', #1774, #1773, #1772 ) ;
#1776 = PLANE ( 'NONE',  #1775 ) ;
#1777 = FACE_OUTER_BOUND ( 'NONE', #363, .T. ) ;
#1778 = FACE_BOUND ( 'NONE', #359, .T. ) ;
#1779 = DIRECTION ( 'NONE',  ( 1.000000000000000000, 0.0000000000000000000, 0.0000000000000000000 ) ) ;
#1780 = DIRECTION ( 'NONE',  ( 0.0000000000000000000, 0.0000000000000000000, 1.000000000000000000 ) ) ;
#1781 = CARTESIAN_POINT ( 'NONE',  ( -5.500000000000000900, 4.000000000000000000, 2.100000000000000100 ) ) ;
#1782 = AXIS2_PLACEMENT_3D ( 'NONE', #1781, #1780, #1779 ) ;
#1783 = PLANE ( 'NONE',  #1782 ) ;
#1784 = FACE_BOUND ( 'NONE', #383, .T. ) ;
#1785 = FACE_OUTER_BOUND ( 'NONE', #398, .T. ) ;
#1786 = DIRECTION ( 'NONE',  ( 0.0000000000000000000, 0.0000000000000000000, 1.000000000000000000 ) ) ;
#1787 = DIRECTION ( 'NONE',  ( 0.0000000000000000000, 1.000000000000000000, 0.0000000000000000000 ) ) ;
#1788 = CARTESIAN_POINT ( 'NONE',  ( -0.7499999999999976700, -38.25000000000000000, 1.700000000000000000 ) ) ;
#1789 = AXIS2_PLACEMENT_3D ( 'NONE', #1788, #1787, #1786 ) ;
#1790 = PLANE ( 'NONE',  #1789 ) ;
#1791 = FACE_OUTER_BOUND ( 'NONE', #394, .T. ) ;
#1792 = DIRECTION ( 'NONE',  ( 0.0000000000000000000, 0.0000000000000000000, 1.000000000000000000 ) ) ;
#1793 = VECTOR ( 'NONE', #1792, 1000.000000000000000 ) ;
#1794 = CARTESIAN_POINT ( 'NONE',  ( -3.700000000000000600, 4.000000000000000000, 2.100000000000000100 ) ) ;
#1795 = DIRECTION ( 'NONE',  ( 1.000000000000000000, 0.0000000000000000000, 0.0000000000000000000 ) ) ;
#1796 = DIRECTION ( 'NONE',  ( 0.0000000000000000000, 0.0000000000000000000, 1.000000000000000000 ) ) ;
#1797 = CARTESIAN_POINT ( 'NONE',  ( -5.500000000000000900, 4.000000000000000000, 2.100000000000000100 ) ) ;
#1798 = AXIS2_PLACEMENT_3D ( 'NONE', #1797, #1796, #1795 ) ;
#1799 = LINE ( 'NONE', #1794, #1793 ) ;
#1800 = CYLINDRICAL_SURFACE ( 'NONE', #1798, 1.799999999999999600 ) ;
#1801 = FACE_OUTER_BOUND ( 'NONE', #387, .T. ) ;
#1802 = DIRECTION ( 'NONE',  ( 1.000000000000000000, 2.478176394252583100E-016, 0.0000000000000000000 ) ) ;
#1803 = VECTOR ( 'NONE', #1802, 1000.000000000000000 ) ;
#1804 = CARTESIAN_POINT ( 'NONE',  ( -5.500000000000000900, 2.200000000000001100, 2.100000000000000100 ) ) ;
#1805 = LINE ( 'NONE', #1804, #1803 ) ;
#1806 = DIRECTION ( 'NONE',  ( 1.000000000000000000, 0.0000000000000000000, 0.0000000000000000000 ) ) ;
#1807 = DIRECTION ( 'NONE',  ( 0.0000000000000000000, 0.0000000000000000000, 1.000000000000000000 ) ) ;
#1808 = CARTESIAN_POINT ( 'NONE',  ( -5.500000000000000900, -6.999999999999999100, 3.500000000000000000 ) ) ;
#1809 = AXIS2_PLACEMENT_3D ( 'NONE', #1808, #1807, #1806 ) ;
#1810 = CIRCLE ( 'NONE', #1809, 1.799999999999999200 ) ;
#1811 = DIRECTION ( 'NONE',  ( 0.0000000000000000000, 0.0000000000000000000, -1.000000000000000000 ) ) ;
#1812 = FACE_OUTER_BOUND ( 'NONE', #420, .T. ) ;
#1813 = DIRECTION ( 'NONE',  ( 0.0000000000000000000, 0.0000000000000000000, 1.000000000000000000 ) ) ;
#1814 = DIRECTION ( 'NONE',  ( 0.0000000000000000000, 1.000000000000000000, 0.0000000000000000000 ) ) ;
#1815 = AXIS2_PLACEMENT_3D ( 'NONE', #1821, #1814, #1813 ) ;
#1816 = CIRCLE ( 'NONE', #1815, 1.250000000000000900 ) ;
#1817 = DIRECTION ( 'NONE',  ( 0.0000000000000000000, 0.0000000000000000000, 1.000000000000000000 ) ) ;
#1818 = DIRECTION ( 'NONE',  ( 0.0000000000000000000, 1.000000000000000000, 0.0000000000000000000 ) ) ;
#1819 = CARTESIAN_POINT ( 'NONE',  ( -0.7499999999999976700, -38.25000000000000000, 1.700000000000000000 ) ) ;
#1820 = AXIS2_PLACEMENT_3D ( 'NONE', #1819, #1818, #1817 ) ;
#1821 = CARTESIAN_POINT ( 'NONE',  ( -0.7499999999999976700, -38.25000000000000000, 1.700000000000000000 ) ) ;
#1822 = CYLINDRICAL_SURFACE ( 'NONE', #1820, 1.250000000000000900 ) ;
#1823 = FACE_OUTER_BOUND ( 'NONE', #414, .T. ) ;
#1824 = DIRECTION ( 'NONE',  ( -1.000000000000000000, 0.0000000000000000000, 0.0000000000000000000 ) ) ;
#1825 = DIRECTION ( 'NONE',  ( 0.0000000000000000000, 0.0000000000000000000, -1.000000000000000000 ) ) ;
#1826 = CARTESIAN_POINT ( 'NONE',  ( 2.750000000000002700, -8.750000000000000000, 3.399999999999999900 ) ) ;
#1827 = AXIS2_PLACEMENT_3D ( 'NONE', #1826, #1825, #1824 ) ;
#1828 = PLANE ( 'NONE',  #1827 ) ;
#1829 = FACE_OUTER_BOUND ( 'NONE', #408, .T. ) ;
#1830 = DIRECTION ( 'NONE',  ( 0.2588190451025253500, 0.9659258262890669800, 0.0000000000000000000 ) ) ;
#1831 = VECTOR ( 'NONE', #1830, 1000.000000000000200 ) ;
#1832 = CARTESIAN_POINT ( 'NONE',  ( 2.750000000000002700, -8.750000000000000000, 3.399999999999999900 ) ) ;
#1833 = LINE ( 'NONE', #1832, #1831 ) ;
#1834 = DIRECTION ( 'NONE',  ( 2.478176394252582100E-016, 1.000000000000000000, 0.0000000000000000000 ) ) ;
#1835 = VECTOR ( 'NONE', #1834, 1000.000000000000000 ) ;
#1836 = CARTESIAN_POINT ( 'NONE',  ( -3.700000000000000200, 5.750000000000000000, 2.100000000000000100 ) ) ;
#1837 = LINE ( 'NONE', #1836, #1835 ) ;
#1838 = CARTESIAN_POINT ( 'NONE',  ( -3.700000000000000600, 4.000000000000000000, 2.100000000000000100 ) ) ;
#1839 = CARTESIAN_POINT ( 'NONE',  ( -5.500000000000000900, 2.200000000000001100, 2.100000000000000100 ) ) ;
#1840 = DIRECTION ( 'NONE',  ( 1.000000000000000000, 0.0000000000000000000, 0.0000000000000000000 ) ) ;
#1841 = DIRECTION ( 'NONE',  ( 0.0000000000000000000, 0.0000000000000000000, 1.000000000000000000 ) ) ;
#1842 = CARTESIAN_POINT ( 'NONE',  ( -5.500000000000000900, 4.000000000000000000, 2.100000000000000100 ) ) ;
#1843 = AXIS2_PLACEMENT_3D ( 'NONE', #1842, #1841, #1840 ) ;
#1844 = CIRCLE ( 'NONE', #1843, 1.799999999999999600 ) ;
#1845 = LINE ( 'NONE', #1911, #1910 ) ;
#1846 = CARTESIAN_POINT ( 'NONE',  ( -4.249999999999997300, -8.295183384698859200, 2.100000000000000100 ) ) ;
#1847 = DIRECTION ( 'NONE',  ( 1.000000000000000000, 0.0000000000000000000, 0.0000000000000000000 ) ) ;
#1848 = DIRECTION ( 'NONE',  ( 0.0000000000000000000, 0.0000000000000000000, 1.000000000000000000 ) ) ;
#1849 = CARTESIAN_POINT ( 'NONE',  ( -5.500000000000000900, -6.999999999999999100, 2.100000000000000100 ) ) ;
#1850 = AXIS2_PLACEMENT_3D ( 'NONE', #1849, #1848, #1847 ) ;
#1851 = CIRCLE ( 'NONE', #1850, 1.799999999999999200 ) ;
#1852 = DIRECTION ( 'NONE',  ( 1.000000000000000000, 0.0000000000000000000, 0.0000000000000000000 ) ) ;
#1853 = DIRECTION ( 'NONE',  ( 0.0000000000000000000, 0.0000000000000000000, 1.000000000000000000 ) ) ;
#1854 = CARTESIAN_POINT ( 'NONE',  ( -5.500000000000000900, -6.999999999999999100, 2.100000000000000100 ) ) ;
#1855 = AXIS2_PLACEMENT_3D ( 'NONE', #1854, #1853, #1852 ) ;
#1856 = PLANE ( 'NONE',  #1855 ) ;
#1857 = FACE_BOUND ( 'NONE', #426, .T. ) ;
#1858 = FACE_OUTER_BOUND ( 'NONE', #439, .T. ) ;
#1859 = DIRECTION ( 'NONE',  ( 0.0000000000000000000, 0.0000000000000000000, 1.000000000000000000 ) ) ;
#1860 = VECTOR ( 'NONE', #1859, 1000.000000000000000 ) ;
#1861 = CARTESIAN_POINT ( 'NONE',  ( -4.249999999999997300, -8.295183384698859200, 2.100000000000000100 ) ) ;
#1862 = DIRECTION ( 'NONE',  ( 1.000000000000000000, 0.0000000000000000000, 0.0000000000000000000 ) ) ;
#1863 = DIRECTION ( 'NONE',  ( 0.0000000000000000000, 0.0000000000000000000, 1.000000000000000000 ) ) ;
#1864 = CARTESIAN_POINT ( 'NONE',  ( -5.500000000000000900, -6.999999999999999100, 2.100000000000000100 ) ) ;
#1865 = AXIS2_PLACEMENT_3D ( 'NONE', #1864, #1863, #1862 ) ;
#1866 = CYLINDRICAL_SURFACE ( 'NONE', #1865, 1.799999999999999200 ) ;
#1867 = LINE ( 'NONE', #1861, #1860 ) ;
#1868 = FACE_OUTER_BOUND ( 'NONE', #430, .T. ) ;
#1869 = DIRECTION ( 'NONE',  ( 0.0000000000000000000, 1.000000000000000000, 0.0000000000000000000 ) ) ;
#1870 = VECTOR ( 'NONE', #1869, 1000.000000000000000 ) ;
#1871 = CARTESIAN_POINT ( 'NONE',  ( -4.249999999999997300, -8.295183384698859200, 2.100000000000000100 ) ) ;
#1872 = LINE ( 'NONE', #1871, #1870 ) ;
#1873 = DIRECTION ( 'NONE',  ( -1.000000000000000000, 4.956352788505166200E-016, 0.0000000000000000000 ) ) ;
#1874 = DIRECTION ( 'NONE',  ( 4.956352788505166200E-016, 1.000000000000000000, 0.0000000000000000000 ) ) ;
#1875 = CARTESIAN_POINT ( 'NONE',  ( -5.500000000000000900, -5.200000000000001100, 2.100000000000000100 ) ) ;
#1876 = AXIS2_PLACEMENT_3D ( 'NONE', #1875, #1874, #1873 ) ;
#1877 = DIRECTION ( 'NONE',  ( -1.000000000000000000, -4.956352788505164300E-016, 0.0000000000000000000 ) ) ;
#1878 = VECTOR ( 'NONE', #1877, 1000.000000000000000 ) ;
#1879 = CARTESIAN_POINT ( 'NONE',  ( 5.500000000000001800, -5.200000000000001100, 2.100000000000000100 ) ) ;
#1880 = LINE ( 'NONE', #1879, #1878 ) ;
#1881 = DIRECTION ( 'NONE',  ( -1.000000000000000000, -4.956352788505164300E-016, 0.0000000000000000000 ) ) ;
#1882 = DIRECTION ( 'NONE',  ( -4.956352788505164300E-016, 1.000000000000000000, 0.0000000000000000000 ) ) ;
#1883 = CARTESIAN_POINT ( 'NONE',  ( 5.500000000000001800, -5.200000000000001100, 2.100000000000000100 ) ) ;
#1884 = AXIS2_PLACEMENT_3D ( 'NONE', #1883, #1882, #1881 ) ;
#1885 = PLANE ( 'NONE',  #1884 ) ;
#1886 = FACE_OUTER_BOUND ( 'NONE', #462, .T. ) ;
#1887 = DIRECTION ( 'NONE',  ( 1.907058161043886000E-015, -1.000000000000000000, 0.0000000000000000000 ) ) ;
#1888 = DIRECTION ( 'NONE',  ( -1.000000000000000000, -1.907058161043886000E-015, 0.0000000000000000000 ) ) ;
#1889 = CARTESIAN_POINT ( 'NONE',  ( 4.250000000000001800, -8.750000000000001800, -0.9342805001439770100 ) ) ;
#1890 = AXIS2_PLACEMENT_3D ( 'NONE', #1889, #1888, #1887 ) ;
#1891 = PLANE ( 'NONE',  #1890 ) ;
#1892 = FACE_OUTER_BOUND ( 'NONE', #458, .T. ) ;
#1893 = DIRECTION ( 'NONE',  ( 2.478176394252582100E-016, 1.000000000000000000, 0.0000000000000000000 ) ) ;
#1894 = DIRECTION ( 'NONE',  ( 1.000000000000000000, -2.478176394252582100E-016, 0.0000000000000000000 ) ) ;
#1895 = CARTESIAN_POINT ( 'NONE',  ( -3.700000000000000200, 5.750000000000000000, 2.100000000000000100 ) ) ;
#1896 = AXIS2_PLACEMENT_3D ( 'NONE', #1895, #1894, #1893 ) ;
#1897 = PLANE ( 'NONE',  #1896 ) ;
#1898 = FACE_OUTER_BOUND ( 'NONE', #5, .T. ) ;
#1899 = DIRECTION ( 'NONE',  ( 1.000000000000000000, 2.478176394252583100E-016, 0.0000000000000000000 ) ) ;
#1900 = DIRECTION ( 'NONE',  ( 2.478176394252583100E-016, -1.000000000000000000, 0.0000000000000000000 ) ) ;
#1901 = CARTESIAN_POINT ( 'NONE',  ( -5.500000000000000900, 2.200000000000001100, 2.100000000000000100 ) ) ;
#1902 = AXIS2_PLACEMENT_3D ( 'NONE', #1901, #1900, #1899 ) ;
#1903 = PLANE ( 'NONE',  #1902 ) ;
#1904 = FACE_OUTER_BOUND ( 'NONE', #451, .T. ) ;
#1905 = DIRECTION ( 'NONE',  ( 0.0000000000000000000, 0.0000000000000000000, 1.000000000000000000 ) ) ;
#1906 = VECTOR ( 'NONE', #1905, 1000.000000000000000 ) ;
#1907 = CARTESIAN_POINT ( 'NONE',  ( -5.500000000000000900, 2.200000000000001100, 2.100000000000000100 ) ) ;
#1908 = LINE ( 'NONE', #1907, #1906 ) ;
#1909 = DIRECTION ( 'NONE',  ( -1.000000000000000000, 4.956352788505166200E-016, 0.0000000000000000000 ) ) ;
#1910 = VECTOR ( 'NONE', #1909, 1000.000000000000000 ) ;
#1911 = CARTESIAN_POINT ( 'NONE',  ( -5.500000000000000900, -5.200000000000001100, 2.100000000000000100 ) ) ;
#1912 = CARTESIAN_POINT ( 'NONE',  ( -5.500000000000000900, -5.200000000000001100, 3.500000000000000000 ) ) ;
#1913 = DIRECTION ( 'NONE',  ( 1.000000000000000000, 0.0000000000000000000, 0.0000000000000000000 ) ) ;
#1914 = DIRECTION ( 'NONE',  ( 0.0000000000000000000, 0.0000000000000000000, 1.000000000000000000 ) ) ;
#1915 = CARTESIAN_POINT ( 'NONE',  ( -5.500000000000000900, -6.999999999999999100, 3.500000000000000000 ) ) ;
#1916 = AXIS2_PLACEMENT_3D ( 'NONE', #1915, #1914, #1913 ) ;
#1917 = CIRCLE ( 'NONE', #1916, 1.799999999999999200 ) ;
#1918 = DIRECTION ( 'NONE',  ( 0.0000000000000000000, 0.0000000000000000000, -1.000000000000000000 ) ) ;
#1919 = DIRECTION ( 'NONE',  ( 1.000000000000000000, 0.0000000000000000000, 0.0000000000000000000 ) ) ;
#1920 = CARTESIAN_POINT ( 'NONE',  ( -4.249999999999997300, -8.295183384698859200, 2.100000000000000100 ) ) ;
#1921 = AXIS2_PLACEMENT_3D ( 'NONE', #1920, #1919, #1918 ) ;
#1922 = PLANE ( 'NONE',  #1921 ) ;
#1923 = FACE_OUTER_BOUND ( 'NONE', #489, .T. ) ;
#1924 = DIRECTION ( 'NONE',  ( 1.000000000000000000, 0.0000000000000000000, 0.0000000000000000000 ) ) ;
#1925 = DIRECTION ( 'NONE',  ( 0.0000000000000000000, 0.0000000000000000000, 1.000000000000000000 ) ) ;
#1926 = CARTESIAN_POINT ( 'NONE',  ( -8.673617379884035500E-016, 0.0000000000000000000, 3.400000000000000400 ) ) ;
#1927 = AXIS2_PLACEMENT_3D ( 'NONE', #1926, #1925, #1924 ) ;
#1928 = PLANE ( 'NONE',  #1927 ) ;
#1929 = FACE_OUTER_BOUND ( 'NONE', #484, .T. ) ;
#1930 = DIRECTION ( 'NONE',  ( 1.000000000000000000, 0.0000000000000000000, 0.0000000000000000000 ) ) ;
#1931 = DIRECTION ( 'NONE',  ( 0.0000000000000000000, 0.0000000000000000000, 1.000000000000000000 ) ) ;
#1932 = CARTESIAN_POINT ( 'NONE',  ( -8.673617379884035500E-016, 0.0000000000000000000, 3.400000000000000400 ) ) ;
#1933 = AXIS2_PLACEMENT_3D ( 'NONE', #1932, #1931, #1930 ) ;
#1934 = DIRECTION ( 'NONE',  ( 1.000000000000000000, 0.0000000000000000000, 0.0000000000000000000 ) ) ;
#1935 = DIRECTION ( 'NONE',  ( 0.0000000000000000000, 0.0000000000000000000, 1.000000000000000000 ) ) ;
#1936 = AXIS2_PLACEMENT_3D ( 'NONE', #1939, #1935, #1934 ) ;
#1937 = CYLINDRICAL_SURFACE ( 'NONE', #1936, 1.000000000000000000 ) ;
#1938 = CIRCLE ( 'NONE', #1933, 1.000000000000000000 ) ;
#1939 = CARTESIAN_POINT ( 'NONE',  ( -8.673617379884035500E-016, 0.0000000000000000000, 3.400000000000000400 ) ) ;
#1940 = FACE_OUTER_BOUND ( 'NONE', #477, .T. ) ;
#1941 = DIRECTION ( 'NONE',  ( -1.907058161043886000E-015, 1.000000000000000000, 0.0000000000000000000 ) ) ;
#1942 = VECTOR ( 'NONE', #1941, 1000.000000000000000 ) ;
#1943 = CARTESIAN_POINT ( 'NONE',  ( 4.250000000000001800, -8.750000000000001800, 2.100000000000000100 ) ) ;
#1944 = LINE ( 'NONE', #1943, #1942 ) ;
#1945 = PLANE ( 'NONE',  #2008 ) ;
#1946 = FACE_OUTER_BOUND ( 'NONE', #517, .T. ) ;
#1947 = CARTESIAN_POINT ( 'NONE',  ( 2.749999999999999600, 4.950000000000001100, 3.400000000000000400 ) ) ;
#1948 = DIRECTION ( 'NONE',  ( 0.0000000000000000000, 0.0000000000000000000, 1.000000000000000000 ) ) ;
#1949 = VECTOR ( 'NONE', #1948, 1000.000000000000000 ) ;
#1950 = CARTESIAN_POINT ( 'NONE',  ( 2.749999999999999600, 4.950000000000001100, 3.400000000000000400 ) ) ;
#1951 = LINE ( 'NONE', #1950, #1949 ) ;
#1952 = CARTESIAN_POINT ( 'NONE',  ( 0.7499999999999993300, 4.950000000000001100, 3.400000000000000400 ) ) ;
#1953 = DIRECTION ( 'NONE',  ( 1.000000000000000000, 0.0000000000000000000, 0.0000000000000000000 ) ) ;
#1954 = VECTOR ( 'NONE', #1953, 1000.000000000000000 ) ;
#1955 = CARTESIAN_POINT ( 'NONE',  ( 0.7499999999999993300, 4.950000000000001100, 3.400000000000000400 ) ) ;
#1956 = LINE ( 'NONE', #1955, #1954 ) ;
#1957 = DIRECTION ( 'NONE',  ( 0.0000000000000000000, 0.0000000000000000000, 1.000000000000000000 ) ) ;
#1958 = VECTOR ( 'NONE', #1957, 1000.000000000000000 ) ;
#1959 = CARTESIAN_POINT ( 'NONE',  ( 0.7499999999999993300, 4.950000000000001100, 3.400000000000000400 ) ) ;
#1960 = LINE ( 'NONE', #1959, #1958 ) ;
#1961 = CARTESIAN_POINT ( 'NONE',  ( -0.7499999999999975600, -38.25000000000000000, 0.4499999999999990100 ) ) ;
#1962 = CARTESIAN_POINT ( 'NONE',  ( -0.7499999999999976700, -38.25000000000000000, 2.950000000000000600 ) ) ;
#1963 = DIRECTION ( 'NONE',  ( 0.0000000000000000000, 0.0000000000000000000, 1.000000000000000000 ) ) ;
#1964 = DIRECTION ( 'NONE',  ( 0.0000000000000000000, 1.000000000000000000, 0.0000000000000000000 ) ) ;
#1965 = AXIS2_PLACEMENT_3D ( 'NONE', #1971, #1964, #1963 ) ;
#1966 = CIRCLE ( 'NONE', #1965, 1.250000000000000900 ) ;
#1967 = DIRECTION ( 'NONE',  ( 0.0000000000000000000, 0.0000000000000000000, 1.000000000000000000 ) ) ;
#1968 = DIRECTION ( 'NONE',  ( 0.0000000000000000000, 1.000000000000000000, 0.0000000000000000000 ) ) ;
#1969 = CARTESIAN_POINT ( 'NONE',  ( -0.7499999999999976700, -38.25000000000000000, 1.700000000000000000 ) ) ;
#1970 = AXIS2_PLACEMENT_3D ( 'NONE', #1969, #1968, #1967 ) ;
#1971 = CARTESIAN_POINT ( 'NONE',  ( -0.7499999999999976700, -38.25000000000000000, 1.700000000000000000 ) ) ;
#1972 = CYLINDRICAL_SURFACE ( 'NONE', #1970, 1.250000000000000900 ) ;
#1973 = FACE_OUTER_BOUND ( 'NONE', #499, .T. ) ;
#1974 = DIRECTION ( 'NONE',  ( 0.0000000000000000000, 0.0000000000000000000, 1.000000000000000000 ) ) ;
#1975 = VECTOR ( 'NONE', #1974, 1000.000000000000000 ) ;
#1976 = CARTESIAN_POINT ( 'NONE',  ( -5.500000000000000900, -5.200000000000001100, 2.100000000000000100 ) ) ;
#1977 = LINE ( 'NONE', #1976, #1975 ) ;
#1978 = CARTESIAN_POINT ( 'NONE',  ( 0.9999999999999991100, 0.0000000000000000000, 3.500000000000000000 ) ) ;
#1979 = DIRECTION ( 'NONE',  ( 1.000000000000000000, 0.0000000000000000000, 0.0000000000000000000 ) ) ;
#1980 = DIRECTION ( 'NONE',  ( 0.0000000000000000000, 0.0000000000000000000, 1.000000000000000000 ) ) ;
#1981 = AXIS2_PLACEMENT_3D ( 'NONE', #1988, #1980, #1979 ) ;
#1982 = CIRCLE ( 'NONE', #1981, 1.000000000000000000 ) ;
#1983 = DIRECTION ( 'NONE',  ( 0.0000000000000000000, 0.0000000000000000000, 1.000000000000000000 ) ) ;
#1984 = DIRECTION ( 'NONE',  ( 0.0000000000000000000, 1.000000000000000000, 0.0000000000000000000 ) ) ;
#1985 = CARTESIAN_POINT ( 'NONE',  ( 0.7500000000000041100, -38.25000000000000700, 1.700000000000000000 ) ) ;
#1986 = AXIS2_PLACEMENT_3D ( 'NONE', #1985, #1984, #1983 ) ;
#1987 = CYLINDRICAL_SURFACE ( 'NONE', #1986, 1.250000000000000400 ) ;
#1988 = CARTESIAN_POINT ( 'NONE',  ( -8.673617379884035500E-016, 0.0000000000000000000, 3.500000000000000000 ) ) ;
#1989 = FACE_OUTER_BOUND ( 'NONE', #530, .T. ) ;
#1990 = DIRECTION ( 'NONE',  ( 0.0000000000000000000, 1.000000000000000000, 0.0000000000000000000 ) ) ;
#1991 = VECTOR ( 'NONE', #1990, 1000.000000000000000 ) ;
#1992 = CARTESIAN_POINT ( 'NONE',  ( -0.7499999999999975600, -38.25000000000000000, 0.4499999999999990100 ) ) ;
#1993 = LINE ( 'NONE', #1992, #1991 ) ;
#1994 = DIRECTION ( 'NONE',  ( 0.0000000000000000000, 0.0000000000000000000, -1.000000000000000000 ) ) ;
#1995 = DIRECTION ( 'NONE',  ( 0.0000000000000000000, -1.000000000000000000, 0.0000000000000000000 ) ) ;
#1996 = CARTESIAN_POINT ( 'NONE',  ( 0.7500000000000041100, -38.25000000000000700, 1.700000000000000000 ) ) ;
#1997 = AXIS2_PLACEMENT_3D ( 'NONE', #1996, #1995, #1994 ) ;
#1998 = CIRCLE ( 'NONE', #1997, 1.250000000000000200 ) ;
#1999 = CARTESIAN_POINT ( 'NONE',  ( -0.7499999999999975600, -13.25000000000000000, 0.4499999999999990100 ) ) ;
#2000 = DIRECTION ( 'NONE',  ( 0.0000000000000000000, 0.0000000000000000000, -1.000000000000000000 ) ) ;
#2001 = DIRECTION ( 'NONE',  ( 0.0000000000000000000, -1.000000000000000000, 0.0000000000000000000 ) ) ;
#2002 = CARTESIAN_POINT ( 'NONE',  ( 0.7500000000000041100, -38.25000000000000700, 1.700000000000000000 ) ) ;
#2003 = AXIS2_PLACEMENT_3D ( 'NONE', #2002, #2001, #2000 ) ;
#2004 = PLANE ( 'NONE',  #2003 ) ;
#2005 = DIRECTION ( 'NONE',  ( 0.0000000000000000000, 0.0000000000000000000, -1.000000000000000000 ) ) ;
#2006 = DIRECTION ( 'NONE',  ( 0.0000000000000000000, -1.000000000000000000, 0.0000000000000000000 ) ) ;
#2007 = CARTESIAN_POINT ( 'NONE',  ( 0.7499999999999993300, 4.950000000000001100, 3.400000000000000400 ) ) ;
#2008 = AXIS2_PLACEMENT_3D ( 'NONE', #2007, #2006, #2005 ) ;
#2009 = FACE_OUTER_BOUND ( 'NONE', #519, .T. ) ;
#2010 = LINE ( 'NONE', #2075, #2074 ) ;
#2011 = DIRECTION ( 'NONE',  ( 0.0000000000000000000, 0.0000000000000000000, -1.000000000000000000 ) ) ;
#2012 = DIRECTION ( 'NONE',  ( 0.0000000000000000000, -1.000000000000000000, 0.0000000000000000000 ) ) ;
#2013 = CARTESIAN_POINT ( 'NONE',  ( -2.250000000000000900, 4.950000000000001100, 3.400000000000000400 ) ) ;
#2014 = AXIS2_PLACEMENT_3D ( 'NONE', #2013, #2012, #2011 ) ;
#2015 = PLANE ( 'NONE',  #2014 ) ;
#2016 = FACE_OUTER_BOUND ( 'NONE', #553, .T. ) ;
#2017 = DIRECTION ( 'NONE',  ( 0.0000000000000000000, 0.0000000000000000000, 1.000000000000000000 ) ) ;
#2018 = VECTOR ( 'NONE', #2017, 1000.000000000000000 ) ;
#2019 = CARTESIAN_POINT ( 'NONE',  ( -0.2500000000000006700, 4.950000000000001100, 3.400000000000000400 ) ) ;
#2020 = LINE ( 'NONE', #2019, #2018 ) ;
#2021 = CARTESIAN_POINT ( 'NONE',  ( -0.2500000000000006700, 4.950000000000001100, 3.400000000000000400 ) ) ;
#2022 = DIRECTION ( 'NONE',  ( -1.204669080539449800E-016, 1.000000000000000000, 0.0000000000000000000 ) ) ;
#2023 = VECTOR ( 'NONE', #2022, 1000.000000000000000 ) ;
#2024 = CARTESIAN_POINT ( 'NONE',  ( -0.2500000000000008900, 6.750000000000000900, 3.400000000000000400 ) ) ;
#2025 = LINE ( 'NONE', #2024, #2023 ) ;
#2026 = CARTESIAN_POINT ( 'NONE',  ( -5.500000000000000900, -5.200000000000001100, 2.100000000000000100 ) ) ;
#2027 = CARTESIAN_POINT ( 'NONE',  ( -3.700000000000001500, -6.999999999999999100, 2.100000000000000100 ) ) ;
#2028 = DIRECTION ( 'NONE',  ( 1.000000000000000000, 0.0000000000000000000, 0.0000000000000000000 ) ) ;
#2029 = DIRECTION ( 'NONE',  ( 0.0000000000000000000, 0.0000000000000000000, 1.000000000000000000 ) ) ;
#2030 = CARTESIAN_POINT ( 'NONE',  ( -5.500000000000000900, -6.999999999999999100, 2.100000000000000100 ) ) ;
#2031 = AXIS2_PLACEMENT_3D ( 'NONE', #2030, #2029, #2028 ) ;
#2032 = CIRCLE ( 'NONE', #2031, 1.799999999999999200 ) ;
#2033 = DIRECTION ( 'NONE',  ( 1.000000000000000000, 0.0000000000000000000, 0.0000000000000000000 ) ) ;
#2034 = DIRECTION ( 'NONE',  ( 0.0000000000000000000, 0.0000000000000000000, 1.000000000000000000 ) ) ;
#2035 = CARTESIAN_POINT ( 'NONE',  ( -5.500000000000000900, -6.999999999999999100, 2.100000000000000100 ) ) ;
#2036 = AXIS2_PLACEMENT_3D ( 'NONE', #2035, #2034, #2033 ) ;
#2037 = CYLINDRICAL_SURFACE ( 'NONE', #2036, 1.799999999999999200 ) ;
#2038 = FACE_OUTER_BOUND ( 'NONE', #541, .T. ) ;
#2039 = DIRECTION ( 'NONE',  ( 0.0000000000000000000, 0.0000000000000000000, 1.000000000000000000 ) ) ;
#2040 = VECTOR ( 'NONE', #2039, 1000.000000000000000 ) ;
#2041 = CARTESIAN_POINT ( 'NONE',  ( 0.9999999999999991100, 0.0000000000000000000, 3.400000000000000400 ) ) ;
#2042 = LINE ( 'NONE', #2041, #2040 ) ;
#2043 = DIRECTION ( 'NONE',  ( -1.000000000000000000, 0.0000000000000000000, 0.0000000000000000000 ) ) ;
#2044 = VECTOR ( 'NONE', #2043, 1000.000000000000000 ) ;
#2045 = CARTESIAN_POINT ( 'NONE',  ( 0.7499999999999993300, 6.750000000000000900, 3.400000000000000400 ) ) ;
#2046 = LINE ( 'NONE', #2045, #2044 ) ;
#2047 = CARTESIAN_POINT ( 'NONE',  ( -3.700000000000001500, -6.999999999999999100, 3.500000000000000000 ) ) ;
#2048 = DIRECTION ( 'NONE',  ( 0.0000000000000000000, 0.0000000000000000000, 1.000000000000000000 ) ) ;
#2049 = VECTOR ( 'NONE', #2048, 1000.000000000000000 ) ;
#2050 = CARTESIAN_POINT ( 'NONE',  ( -3.700000000000001500, -6.999999999999999100, 2.100000000000000100 ) ) ;
#2051 = LINE ( 'NONE', #2050, #2049 ) ;
#2052 = DIRECTION ( 'NONE',  ( -1.204669080539449800E-016, 1.000000000000000000, 0.0000000000000000000 ) ) ;
#2053 = DIRECTION ( 'NONE',  ( 1.000000000000000000, 1.204669080539449800E-016, 0.0000000000000000000 ) ) ;
#2054 = CARTESIAN_POINT ( 'NONE',  ( -0.2500000000000008900, 6.750000000000000900, 3.400000000000000400 ) ) ;
#2055 = AXIS2_PLACEMENT_3D ( 'NONE', #2054, #2053, #2052 ) ;
#2056 = PLANE ( 'NONE',  #2055 ) ;
#2057 = FACE_OUTER_BOUND ( 'NONE', #569, .T. ) ;
#2058 = DIRECTION ( 'NONE',  ( 0.0000000000000000000, 0.0000000000000000000, 1.000000000000000000 ) ) ;
#2059 = VECTOR ( 'NONE', #2058, 1000.000000000000000 ) ;
#2060 = CARTESIAN_POINT ( 'NONE',  ( -0.2500000000000008900, 6.750000000000000900, 3.400000000000000400 ) ) ;
#2061 = LINE ( 'NONE', #2060, #2059 ) ;
#2062 = CARTESIAN_POINT ( 'NONE',  ( -0.2500000000000008900, 6.750000000000000900, 3.400000000000000400 ) ) ;
#2063 = DIRECTION ( 'NONE',  ( -1.000000000000000000, 0.0000000000000000000, 0.0000000000000000000 ) ) ;
#2064 = VECTOR ( 'NONE', #2063, 1000.000000000000000 ) ;
#2065 = CARTESIAN_POINT ( 'NONE',  ( -2.250000000000000900, 6.750000000000000900, 3.400000000000000400 ) ) ;
#2066 = LINE ( 'NONE', #2065, #2064 ) ;
#2067 = DIRECTION ( 'NONE',  ( 0.0000000000000000000, 0.0000000000000000000, 1.000000000000000000 ) ) ;
#2068 = DIRECTION ( 'NONE',  ( 0.0000000000000000000, 1.000000000000000000, 0.0000000000000000000 ) ) ;
#2069 = CARTESIAN_POINT ( 'NONE',  ( -2.250000000000000900, 6.750000000000000900, 3.400000000000000400 ) ) ;
#2070 = AXIS2_PLACEMENT_3D ( 'NONE', #2069, #2068, #2067 ) ;
#2071 = PLANE ( 'NONE',  #2070 ) ;
#2072 = FACE_OUTER_BOUND ( 'NONE', #643, .T. ) ;
#2073 = DIRECTION ( 'NONE',  ( 1.000000000000000000, 0.0000000000000000000, 0.0000000000000000000 ) ) ;
#2074 = VECTOR ( 'NONE', #2073, 1000.000000000000000 ) ;
#2075 = CARTESIAN_POINT ( 'NONE',  ( -2.250000000000000900, 4.950000000000001100, 3.400000000000000400 ) ) ;
#2076 = DIRECTION ( 'NONE',  ( 1.000000000000000000, 0.0000000000000000000, 0.0000000000000000000 ) ) ;
#2077 = CARTESIAN_POINT ( 'NONE',  ( 2.749999999999999600, 4.950000000000001100, 3.400000000000000400 ) ) ;
#2078 = AXIS2_PLACEMENT_3D ( 'NONE', #2077, #2076, #1811 ) ;
#2079 = AXIS2_PLACEMENT_3D ( 'NONE', #2665, #2664, #2663 ) ;
#2080 = PLANE ( 'NONE',  #2078 ) ;
#2081 = FACE_OUTER_BOUND ( 'NONE', #599, .T. ) ;
#2082 = DIRECTION ( 'NONE',  ( 0.0000000000000000000, 0.0000000000000000000, 1.000000000000000000 ) ) ;
#2083 = VECTOR ( 'NONE', #2082, 1000.000000000000000 ) ;
#2084 = CARTESIAN_POINT ( 'NONE',  ( 2.749999999999999600, 6.750000000000000900, 3.400000000000000400 ) ) ;
#2085 = LINE ( 'NONE', #2084, #2083 ) ;
#2086 = DIRECTION ( 'NONE',  ( 1.000000000000000000, 0.0000000000000000000, 0.0000000000000000000 ) ) ;
#2087 = DIRECTION ( 'NONE',  ( 0.0000000000000000000, 0.0000000000000000000, 1.000000000000000000 ) ) ;
#2088 = AXIS2_PLACEMENT_3D ( 'NONE', #2090, #2087, #2086 ) ;
#2089 = CYLINDRICAL_SURFACE ( 'NONE', #2088, 1.000000000000000000 ) ;
#2090 = CARTESIAN_POINT ( 'NONE',  ( -8.673617379884035500E-016, 0.0000000000000000000, 3.400000000000000400 ) ) ;
#2091 = FACE_OUTER_BOUND ( 'NONE', #595, .T. ) ;
#2092 = CARTESIAN_POINT ( 'NONE',  ( -1.000000000000000900, 1.224606353822377300E-016, 3.400000000000000400 ) ) ;
#2093 = DIRECTION ( 'NONE',  ( 1.000000000000000000, 0.0000000000000000000, 0.0000000000000000000 ) ) ;
#2094 = DIRECTION ( 'NONE',  ( 0.0000000000000000000, 0.0000000000000000000, 1.000000000000000000 ) ) ;
#2095 = CARTESIAN_POINT ( 'NONE',  ( -8.673617379884035500E-016, 0.0000000000000000000, 3.400000000000000400 ) ) ;
#2096 = AXIS2_PLACEMENT_3D ( 'NONE', #2095, #2094, #2093 ) ;
#2097 = CIRCLE ( 'NONE', #2096, 1.000000000000000000 ) ;
#2098 = DIRECTION ( 'NONE',  ( -1.000000000000000000, 0.0000000000000000000, 0.0000000000000000000 ) ) ;
#2099 = DIRECTION ( 'NONE',  ( 0.0000000000000000000, 0.0000000000000000000, -1.000000000000000000 ) ) ;
#2100 = CARTESIAN_POINT ( 'NONE',  ( -2.250000000000000900, 6.750000000000000900, 3.400000000000000400 ) ) ;
#2101 = AXIS2_PLACEMENT_3D ( 'NONE', #2100, #2099, #2098 ) ;
#2102 = PLANE ( 'NONE',  #2101 ) ;
#2103 = FACE_OUTER_BOUND ( 'NONE', #559, .T. ) ;
#2104 = DIRECTION ( 'NONE',  ( 0.0000000000000000000, 0.0000000000000000000, 1.000000000000000000 ) ) ;
#2105 = DIRECTION ( 'NONE',  ( -1.000000000000000000, 0.0000000000000000000, 0.0000000000000000000 ) ) ;
#2106 = CARTESIAN_POINT ( 'NONE',  ( 0.7499999999999993300, 4.950000000000001100, 3.400000000000000400 ) ) ;
#2107 = AXIS2_PLACEMENT_3D ( 'NONE', #2106, #2105, #2104 ) ;
#2108 = PLANE ( 'NONE',  #2107 ) ;
#2109 = FACE_OUTER_BOUND ( 'NONE', #582, .T. ) ;
#2110 = CARTESIAN_POINT ( 'NONE',  ( 2.749999999999999600, 6.750000000000000900, 3.400000000000000400 ) ) ;
#2111 = FACE_OUTER_BOUND ( 'NONE', #627, .T. ) ;
#2112 = DIRECTION ( 'NONE',  ( 0.0000000000000000000, 1.000000000000000000, 0.0000000000000000000 ) ) ;
#2113 = VECTOR ( 'NONE', #2112, 1000.000000000000000 ) ;
#2114 = CARTESIAN_POINT ( 'NONE',  ( -0.7499999999999976700, -38.25000000000000000, 2.950000000000000600 ) ) ;
#2115 = LINE ( 'NONE', #2114, #2113 ) ;
#2116 = CARTESIAN_POINT ( 'NONE',  ( -0.7499999999999976700, -13.25000000000000000, 2.950000000000000600 ) ) ;
#2117 = DIRECTION ( 'NONE',  ( 0.0000000000000000000, 0.0000000000000000000, 1.000000000000000000 ) ) ;
#2118 = DIRECTION ( 'NONE',  ( 0.0000000000000000000, 1.000000000000000000, 0.0000000000000000000 ) ) ;
#2119 = CARTESIAN_POINT ( 'NONE',  ( -0.7499999999999976700, -13.25000000000000000, 1.700000000000000000 ) ) ;
#2120 = AXIS2_PLACEMENT_3D ( 'NONE', #2119, #2118, #2117 ) ;
#2121 = CIRCLE ( 'NONE', #2120, 1.250000000000000900 ) ;
#2122 = DIRECTION ( 'NONE',  ( 1.000000000000000000, 0.0000000000000000000, 0.0000000000000000000 ) ) ;
#2123 = DIRECTION ( 'NONE',  ( 0.0000000000000000000, 0.0000000000000000000, 1.000000000000000000 ) ) ;
#2124 = CARTESIAN_POINT ( 'NONE',  ( 0.0000000000000000000, -15.20000000000000100, 3.999999999999999100 ) ) ;
#2125 = AXIS2_PLACEMENT_3D ( 'NONE', #2124, #2123, #2122 ) ;
#2126 = PLANE ( 'NONE',  #2125 ) ;
#2127 = FACE_OUTER_BOUND ( 'NONE', #618, .T. ) ;
#2128 = CARTESIAN_POINT ( 'NONE',  ( -1.000000000000000900, 1.224606353822377300E-016, 3.500000000000000000 ) ) ;
#2129 = DIRECTION ( 'NONE',  ( 0.0000000000000000000, 0.0000000000000000000, 1.000000000000000000 ) ) ;
#2130 = VECTOR ( 'NONE', #2129, 1000.000000000000000 ) ;
#2131 = CARTESIAN_POINT ( 'NONE',  ( -1.000000000000000900, 1.224606353822377300E-016, 3.400000000000000400 ) ) ;
#2132 = LINE ( 'NONE', #2131, #2130 ) ;
#2133 = CARTESIAN_POINT ( 'NONE',  ( 0.9999999999999991100, 0.0000000000000000000, 3.400000000000000400 ) ) ;
#2134 = DIRECTION ( 'NONE',  ( 1.000000000000000000, 0.0000000000000000000, 0.0000000000000000000 ) ) ;
#2135 = DIRECTION ( 'NONE',  ( 0.0000000000000000000, 0.0000000000000000000, 1.000000000000000000 ) ) ;
#2136 = CARTESIAN_POINT ( 'NONE',  ( 2.749999999999999600, 4.950000000000001100, 3.400000000000000400 ) ) ;
#2137 = AXIS2_PLACEMENT_3D ( 'NONE', #2136, #2135, #2134 ) ;
#2138 = PLANE ( 'NONE',  #2137 ) ;
#2139 = FACE_OUTER_BOUND ( 'NONE', #606, .T. ) ;
#2140 = DIRECTION ( 'NONE',  ( 0.0000000000000000000, 1.000000000000000000, 0.0000000000000000000 ) ) ;
#2141 = VECTOR ( 'NONE', #2140, 1000.000000000000000 ) ;
#2142 = CARTESIAN_POINT ( 'NONE',  ( 2.749999999999999600, 4.950000000000001100, 3.400000000000000400 ) ) ;
#2143 = LINE ( 'NONE', #2142, #2141 ) ;
#2144 = CARTESIAN_POINT ( 'NONE',  ( 0.7499999999999993300, 6.750000000000000900, 3.400000000000000400 ) ) ;
#2145 = DIRECTION ( 'NONE',  ( 0.0000000000000000000, -1.000000000000000000, 0.0000000000000000000 ) ) ;
#2146 = VECTOR ( 'NONE', #2145, 1000.000000000000000 ) ;
#2147 = CARTESIAN_POINT ( 'NONE',  ( 0.7499999999999993300, 4.950000000000001100, 3.400000000000000400 ) ) ;
#2148 = LINE ( 'NONE', #2147, #2146 ) ;
#2149 = DIRECTION ( 'NONE',  ( 0.0000000000000000000, 0.0000000000000000000, 1.000000000000000000 ) ) ;
#2150 = VECTOR ( 'NONE', #2149, 1000.000000000000000 ) ;
#2151 = CARTESIAN_POINT ( 'NONE',  ( -2.250000000000000900, 6.750000000000000900, 3.400000000000000400 ) ) ;
#2152 = LINE ( 'NONE', #2151, #2150 ) ;
#2153 = CARTESIAN_POINT ( 'NONE',  ( -2.250000000000000900, 6.750000000000000900, 3.400000000000000400 ) ) ;
#2154 = DIRECTION ( 'NONE',  ( 0.0000000000000000000, -1.000000000000000000, 0.0000000000000000000 ) ) ;
#2155 = VECTOR ( 'NONE', #2154, 1000.000000000000000 ) ;
#2156 = CARTESIAN_POINT ( 'NONE',  ( -2.250000000000000900, 4.950000000000001100, 3.400000000000000400 ) ) ;
#2157 = LINE ( 'NONE', #2156, #2155 ) ;
#2158 = CARTESIAN_POINT ( 'NONE',  ( -2.250000000000000900, 4.950000000000001100, 3.400000000000000400 ) ) ;
#2159 = DIRECTION ( 'NONE',  ( 0.0000000000000000000, 0.0000000000000000000, 1.000000000000000000 ) ) ;
#2160 = VECTOR ( 'NONE', #2159, 1000.000000000000000 ) ;
#2161 = CARTESIAN_POINT ( 'NONE',  ( -2.250000000000000900, 4.950000000000001100, 3.400000000000000400 ) ) ;
#2162 = LINE ( 'NONE', #2161, #2160 ) ;
#2163 = DIRECTION ( 'NONE',  ( 0.0000000000000000000, 0.0000000000000000000, 1.000000000000000000 ) ) ;
#2164 = DIRECTION ( 'NONE',  ( -1.000000000000000000, 0.0000000000000000000, 0.0000000000000000000 ) ) ;
#2165 = CARTESIAN_POINT ( 'NONE',  ( -2.250000000000000900, 4.950000000000001100, 3.400000000000000400 ) ) ;
#2166 = AXIS2_PLACEMENT_3D ( 'NONE', #2165, #2164, #2163 ) ;
#2167 = PLANE ( 'NONE',  #2166 ) ;
#2168 = DIRECTION ( 'NONE',  ( 1.000000000000000000, 0.0000000000000000000, 0.0000000000000000000 ) ) ;
#2169 = DIRECTION ( 'NONE',  ( 0.0000000000000000000, 0.0000000000000000000, 1.000000000000000000 ) ) ;
#2170 = CARTESIAN_POINT ( 'NONE',  ( -5.500000000000000900, 4.000000000000000000, -4.999999999999999600E-005 ) ) ;
#2171 = AXIS2_PLACEMENT_3D ( 'NONE', #2170, #2169, #2168 ) ;
#2172 = FACE_OUTER_BOUND ( 'NONE', #633, .T. ) ;
#2173 = CYLINDRICAL_SURFACE ( 'NONE', #2171, 1.100000000000000300 ) ;
#2174 = DIRECTION ( 'NONE',  ( 0.0000000000000000000, 0.0000000000000000000, 1.000000000000000000 ) ) ;
#2175 = DIRECTION ( 'NONE',  ( 0.0000000000000000000, 1.000000000000000000, 0.0000000000000000000 ) ) ;
#2176 = CARTESIAN_POINT ( 'NONE',  ( -1.499999999999998700, 25.00000000000000000, 0.0000000000000000000 ) ) ;
#2177 = AXIS2_PLACEMENT_3D ( 'NONE', #2176, #2175, #2174 ) ;
#2178 = CIRCLE ( 'NONE', #2177, 1.250000000000001100 ) ;
#2179 = DIRECTION ( 'NONE',  ( 0.0000000000000000000, 0.0000000000000000000, 1.000000000000000000 ) ) ;
#2180 = DIRECTION ( 'NONE',  ( 0.0000000000000000000, 1.000000000000000000, 0.0000000000000000000 ) ) ;
#2181 = CARTESIAN_POINT ( 'NONE',  ( -1.499999999999998700, 25.00000000000000000, 0.0000000000000000000 ) ) ;
#2182 = AXIS2_PLACEMENT_3D ( 'NONE', #2181, #2180, #2179 ) ;
#2183 = FACE_OUTER_BOUND ( 'NONE', #659, .T. ) ;
#2184 = DIRECTION ( 'NONE',  ( 0.0000000000000000000, 0.0000000000000000000, -1.000000000000000000 ) ) ;
#2185 = DIRECTION ( 'NONE',  ( 0.0000000000000000000, -1.000000000000000000, 0.0000000000000000000 ) ) ;
#2186 = AXIS2_PLACEMENT_3D ( 'NONE', #2194, #2185, #2184 ) ;
#2187 = PLANE ( 'NONE',  #2182 ) ;
#2188 = CYLINDRICAL_SURFACE ( 'NONE', #2186, 1.250000000000001100 ) ;
#2189 = FACE_OUTER_BOUND ( 'NONE', #658, .T. ) ;
#2190 = DIRECTION ( 'NONE',  ( 1.000000000000000000, 0.0000000000000000000, 0.0000000000000000000 ) ) ;
#2191 = DIRECTION ( 'NONE',  ( 0.0000000000000000000, 0.0000000000000000000, 1.000000000000000000 ) ) ;
#2192 = AXIS2_PLACEMENT_3D ( 'NONE', #2195, #2191, #2190 ) ;
#2193 = CYLINDRICAL_SURFACE ( 'NONE', #2192, 0.7500000000000008900 ) ;
#2194 = CARTESIAN_POINT ( 'NONE',  ( -1.499999999999998700, 25.00000000000000000, 0.0000000000000000000 ) ) ;
#2195 = CARTESIAN_POINT ( 'NONE',  ( 0.0000000000000000000, -19.19999999999999900, 3.299999999999999400 ) ) ;
#2196 = DIRECTION ( 'NONE',  ( 0.0000000000000000000, 0.0000000000000000000, 1.000000000000000000 ) ) ;
#2197 = DIRECTION ( 'NONE',  ( 0.0000000000000000000, 1.000000000000000000, 0.0000000000000000000 ) ) ;
#2198 = CARTESIAN_POINT ( 'NONE',  ( 0.7499999999999993300, 6.750000000000000900, 3.400000000000000400 ) ) ;
#2199 = AXIS2_PLACEMENT_3D ( 'NONE', #2198, #2197, #2196 ) ;
#2200 = PLANE ( 'NONE',  #2199 ) ;
#2201 = FACE_OUTER_BOUND ( 'NONE', #654, .T. ) ;
#2202 = FACE_OUTER_BOUND ( 'NONE', #575, .T. ) ;
#2203 = DIRECTION ( 'NONE',  ( 0.0000000000000000000, 0.0000000000000000000, 1.000000000000000000 ) ) ;
#2204 = VECTOR ( 'NONE', #2203, 1000.000000000000000 ) ;
#2205 = CARTESIAN_POINT ( 'NONE',  ( 0.7499999999999993300, 6.750000000000000900, 3.400000000000000400 ) ) ;
#2206 = LINE ( 'NONE', #2205, #2204 ) ;
#2207 = PLANE ( 'NONE',  #2273 ) ;
#2208 = FACE_OUTER_BOUND ( 'NONE', #614, .T. ) ;
#2209 = DIRECTION ( 'NONE',  ( 0.0000000000000000000, 0.0000000000000000000, -1.000000000000000000 ) ) ;
#2210 = DIRECTION ( 'NONE',  ( 0.0000000000000000000, -1.000000000000000000, 0.0000000000000000000 ) ) ;
#2211 = CARTESIAN_POINT ( 'NONE',  ( 1.500000000000001300, 25.00000000000000000, 0.0000000000000000000 ) ) ;
#2212 = AXIS2_PLACEMENT_3D ( 'NONE', #2211, #2210, #2209 ) ;
#2213 = CARTESIAN_POINT ( 'NONE',  ( 1.500000000000001300, 25.00000000000000000, 0.0000000000000000000 ) ) ;
#2214 = CYLINDRICAL_SURFACE ( 'NONE', #2212, 1.250000000000001100 ) ;
#2215 = FACE_OUTER_BOUND ( 'NONE', #684, .T. ) ;
#2216 = DIRECTION ( 'NONE',  ( -0.6427876096865347000, -0.7660444431189819000, 0.0000000000000000000 ) ) ;
#2217 = VECTOR ( 'NONE', #2216, 1000.000000000000000 ) ;
#2218 = CARTESIAN_POINT ( 'NONE',  ( -0.2298133329356945300, -15.00716371709404100, 3.999999999999999100 ) ) ;
#2219 = LINE ( 'NONE', #2218, #2217 ) ;
#2220 = DIRECTION ( 'NONE',  ( 0.0000000000000000000, 0.0000000000000000000, 1.000000000000000000 ) ) ;
#2221 = DIRECTION ( 'NONE',  ( 0.0000000000000000000, 1.000000000000000000, 0.0000000000000000000 ) ) ;
#2222 = AXIS2_PLACEMENT_3D ( 'NONE', #2228, #2221, #2220 ) ;
#2223 = CIRCLE ( 'NONE', #2222, 1.250000000000001100 ) ;
#2224 = DIRECTION ( 'NONE',  ( 0.0000000000000000000, 0.0000000000000000000, 1.000000000000000000 ) ) ;
#2225 = DIRECTION ( 'NONE',  ( 0.0000000000000000000, 1.000000000000000000, 0.0000000000000000000 ) ) ;
#2226 = CARTESIAN_POINT ( 'NONE',  ( 0.0000000000000000000, -76.00000000000000000, 0.0000000000000000000 ) ) ;
#2227 = AXIS2_PLACEMENT_3D ( 'NONE', #2226, #2225, #2224 ) ;
#2228 = CARTESIAN_POINT ( 'NONE',  ( 1.500000000000001300, 25.00000000000000000, 0.0000000000000000000 ) ) ;
#2229 = CYLINDRICAL_SURFACE ( 'NONE', #2227, 1.899999999999999900 ) ;
#2230 = FACE_OUTER_BOUND ( 'NONE', #674, .T. ) ;
#2231 = DIRECTION ( 'NONE',  ( 0.0000000000000000000, 0.0000000000000000000, -1.000000000000000000 ) ) ;
#2232 = DIRECTION ( 'NONE',  ( 0.0000000000000000000, -1.000000000000000000, 0.0000000000000000000 ) ) ;
#2233 = CARTESIAN_POINT ( 'NONE',  ( 0.0000000000000000000, -76.00000000000000000, 0.0000000000000000000 ) ) ;
#2234 = AXIS2_PLACEMENT_3D ( 'NONE', #2233, #2232, #2231 ) ;
#2235 = PLANE ( 'NONE',  #2234 ) ;
#2236 = FACE_OUTER_BOUND ( 'NONE', #673, .T. ) ;
#2237 = DIRECTION ( 'NONE',  ( 0.0000000000000000000, 0.0000000000000000000, -1.000000000000000000 ) ) ;
#2238 = DIRECTION ( 'NONE',  ( 0.0000000000000000000, -1.000000000000000000, 0.0000000000000000000 ) ) ;
#2239 = CARTESIAN_POINT ( 'NONE',  ( 0.0000000000000000000, -76.00000000000000000, 0.0000000000000000000 ) ) ;
#2240 = AXIS2_PLACEMENT_3D ( 'NONE', #2239, #2238, #2237 ) ;
#2241 = CIRCLE ( 'NONE', #2240, 1.899999999999999900 ) ;
#2242 = DIRECTION ( 'NONE',  ( 1.000000000000000000, 0.0000000000000000000, 0.0000000000000000000 ) ) ;
#2243 = DIRECTION ( 'NONE',  ( 0.0000000000000000000, 0.0000000000000000000, 1.000000000000000000 ) ) ;
#2244 = CARTESIAN_POINT ( 'NONE',  ( 1.423677195917811400, -13.03661043901235100, 3.899999999999999500 ) ) ;
#2245 = AXIS2_PLACEMENT_3D ( 'NONE', #2244, #2243, #2242 ) ;
#2246 = PLANE ( 'NONE',  #2245 ) ;
#2247 = FACE_OUTER_BOUND ( 'NONE', #712, .T. ) ;
#2248 = CARTESIAN_POINT ( 'NONE',  ( 1.000000000000000000, 0.0000000000000000000, 3.500000000000000000 ) ) ;
#2249 = DIRECTION ( 'NONE',  ( 1.000000000000000000, 0.0000000000000000000, 0.0000000000000000000 ) ) ;
#2250 = DIRECTION ( 'NONE',  ( 0.0000000000000000000, 0.0000000000000000000, 1.000000000000000000 ) ) ;
#2251 = CARTESIAN_POINT ( 'NONE',  ( 0.0000000000000000000, 0.0000000000000000000, 3.500000000000000000 ) ) ;
#2252 = AXIS2_PLACEMENT_3D ( 'NONE', #2251, #2250, #2249 ) ;
#2253 = CIRCLE ( 'NONE', #2252, 1.000000000000000000 ) ;
#2254 = CARTESIAN_POINT ( 'NONE',  ( -1.000000000000000000, 1.224606353822377300E-016, 3.500000000000000000 ) ) ;
#2255 = DIRECTION ( 'NONE',  ( 0.0000000000000000000, 0.0000000000000000000, 1.000000000000000000 ) ) ;
#2256 = VECTOR ( 'NONE', #2255, 1000.000000000000000 ) ;
#2257 = CARTESIAN_POINT ( 'NONE',  ( -1.000000000000000000, 1.224606353822377300E-016, 3.400000000000000400 ) ) ;
#2258 = LINE ( 'NONE', #2257, #2256 ) ;
#2259 = DIRECTION ( 'NONE',  ( 0.0000000000000000000, 1.000000000000000000, 0.0000000000000000000 ) ) ;
#2260 = VECTOR ( 'NONE', #2259, 1000.000000000000000 ) ;
#2261 = CARTESIAN_POINT ( 'NONE',  ( 0.7500000000000042200, -38.25000000000000700, 0.4499999999999996800 ) ) ;
#2262 = LINE ( 'NONE', #2261, #2260 ) ;
#2263 = CARTESIAN_POINT ( 'NONE',  ( 0.7500000000000041100, -38.25000000000000700, 2.950000000000000200 ) ) ;
#2264 = CARTESIAN_POINT ( 'NONE',  ( 0.7500000000000042200, -38.25000000000000700, 0.4499999999999996800 ) ) ;
#2265 = DIRECTION ( 'NONE',  ( 0.0000000000000000000, 0.0000000000000000000, 1.000000000000000000 ) ) ;
#2266 = DIRECTION ( 'NONE',  ( 0.0000000000000000000, 1.000000000000000000, 0.0000000000000000000 ) ) ;
#2267 = CARTESIAN_POINT ( 'NONE',  ( 0.7500000000000041100, -38.25000000000000700, 1.700000000000000000 ) ) ;
#2268 = AXIS2_PLACEMENT_3D ( 'NONE', #2267, #2266, #2265 ) ;
#2269 = CYLINDRICAL_SURFACE ( 'NONE', #2268, 1.250000000000000400 ) ;
#2270 = FACE_OUTER_BOUND ( 'NONE', #3477, .T. ) ;
#2271 = DIRECTION ( 'NONE',  ( 0.0000000000000000000, 0.0000000000000000000, 1.000000000000000000 ) ) ;
#2272 = DIRECTION ( 'NONE',  ( 0.0000000000000000000, 1.000000000000000000, 0.0000000000000000000 ) ) ;
#2273 = AXIS2_PLACEMENT_3D ( 'NONE', #2213, #2272, #2271 ) ;
#2274 = VECTOR ( 'NONE', #2339, 1000.000000000000000 ) ;
#2275 = CARTESIAN_POINT ( 'NONE',  ( 1.000000000000000000, 0.0000000000000000000, 3.400000000000000400 ) ) ;
#2276 = LINE ( 'NONE', #2275, #2274 ) ;
#2277 = DIRECTION ( 'NONE',  ( 1.000000000000000000, 0.0000000000000000000, 0.0000000000000000000 ) ) ;
#2278 = DIRECTION ( 'NONE',  ( 0.0000000000000000000, 0.0000000000000000000, 1.000000000000000000 ) ) ;
#2279 = CARTESIAN_POINT ( 'NONE',  ( 5.500000000000001800, 4.000000000000000000, 2.100000000000000100 ) ) ;
#2280 = AXIS2_PLACEMENT_3D ( 'NONE', #2279, #2278, #2277 ) ;
#2281 = CIRCLE ( 'NONE', #2280, 1.100000000000000300 ) ;
#2282 = CARTESIAN_POINT ( 'NONE',  ( 4.400000000000001200, 4.000000000000000000, 0.0000000000000000000 ) ) ;
#2283 = DIRECTION ( 'NONE',  ( 1.000000000000000000, 0.0000000000000000000, 0.0000000000000000000 ) ) ;
#2284 = DIRECTION ( 'NONE',  ( 0.0000000000000000000, 0.0000000000000000000, 1.000000000000000000 ) ) ;
#2285 = CARTESIAN_POINT ( 'NONE',  ( 0.0000000000000000000, -19.19999999999999900, 3.299999999999999400 ) ) ;
#2286 = AXIS2_PLACEMENT_3D ( 'NONE', #2285, #2284, #2283 ) ;
#2287 = CIRCLE ( 'NONE', #2286, 0.7500000000000008900 ) ;
#2288 = DIRECTION ( 'NONE',  ( 1.000000000000000000, 0.0000000000000000000, 0.0000000000000000000 ) ) ;
#2289 = DIRECTION ( 'NONE',  ( 0.0000000000000000000, 0.0000000000000000000, 1.000000000000000000 ) ) ;
#2290 = CARTESIAN_POINT ( 'NONE',  ( 0.0000000000000000000, -19.19999999999999900, 3.299999999999999400 ) ) ;
#2291 = AXIS2_PLACEMENT_3D ( 'NONE', #2290, #2289, #2288 ) ;
#2292 = PLANE ( 'NONE',  #2291 ) ;
#2293 = FACE_OUTER_BOUND ( 'NONE', #720, .T. ) ;
#2294 = DIRECTION ( 'NONE',  ( 0.6427876096865347000, 0.7660444431189819000, 0.0000000000000000000 ) ) ;
#2295 = VECTOR ( 'NONE', #2294, 1000.000000000000100 ) ;
#2296 = CARTESIAN_POINT ( 'NONE',  ( -1.561503396751032800, -17.52764443098425700, 3.899999999999999500 ) ) ;
#2297 = LINE ( 'NONE', #2296, #2295 ) ;
#2298 = DIRECTION ( 'NONE',  ( 0.6427876096865347000, 0.7660444431189819000, 0.0000000000000000000 ) ) ;
#2299 = DIRECTION ( 'NONE',  ( 0.7660444431189819000, -0.6427876096865347000, 0.0000000000000000000 ) ) ;
#2300 = CARTESIAN_POINT ( 'NONE',  ( -1.561503396751032800, -17.52764443098425700, 3.899999999999999500 ) ) ;
#2301 = AXIS2_PLACEMENT_3D ( 'NONE', #2300, #2299, #2298 ) ;
#2302 = PLANE ( 'NONE',  #2301 ) ;
#2303 = FACE_OUTER_BOUND ( 'NONE', #716, .T. ) ;
#2304 = DIRECTION ( 'NONE',  ( -0.6427876096865347000, -0.7660444431189819000, 0.0000000000000000000 ) ) ;
#2305 = VECTOR ( 'NONE', #2304, 1000.000000000000100 ) ;
#2306 = CARTESIAN_POINT ( 'NONE',  ( 1.423677195917811400, -13.03661043901235100, 3.899999999999999500 ) ) ;
#2307 = LINE ( 'NONE', #2306, #2305 ) ;
#2308 = CYLINDRICAL_SURFACE ( 'NONE', #2310, 1.100000000000000300 ) ;
#2309 = FACE_OUTER_BOUND ( 'NONE', #736, .T. ) ;
#2310 = AXIS2_PLACEMENT_3D ( 'NONE', #2369, #2368, #2367 ) ;
#2311 = DIRECTION ( 'NONE',  ( 0.0000000000000000000, 0.0000000000000000000, -1.000000000000000000 ) ) ;
#2312 = VECTOR ( 'NONE', #2311, 1000.000000000000000 ) ;
#2313 = CARTESIAN_POINT ( 'NONE',  ( 4.400000000000001200, 4.000000000000000000, 3.500024999999999900 ) ) ;
#2314 = LINE ( 'NONE', #2313, #2312 ) ;
#2315 = DIRECTION ( 'NONE',  ( -1.000000000000000000, 0.0000000000000000000, 0.0000000000000000000 ) ) ;
#2316 = DIRECTION ( 'NONE',  ( 0.0000000000000000000, 0.0000000000000000000, -1.000000000000000000 ) ) ;
#2317 = AXIS2_PLACEMENT_3D ( 'NONE', #2319, #2316, #2315 ) ;
#2318 = CYLINDRICAL_SURFACE ( 'NONE', #2317, 1.100000000000000300 ) ;
#2319 = CARTESIAN_POINT ( 'NONE',  ( 5.500000000000001800, 4.000000000000000000, 3.500024999999999900 ) ) ;
#2320 = FACE_OUTER_BOUND ( 'NONE', #738, .T. ) ;
#2321 = CARTESIAN_POINT ( 'NONE',  ( 4.400000000000001200, 4.000000000000000000, 2.100000000000000100 ) ) ;
#2322 = CARTESIAN_POINT ( 'NONE',  ( -0.2500000000000006700, 4.950000000000001100, 3.500000000000000000 ) ) ;
#2323 = DIRECTION ( 'NONE',  ( -1.204669080539449800E-016, 1.000000000000000000, 0.0000000000000000000 ) ) ;
#2324 = VECTOR ( 'NONE', #2323, 1000.000000000000000 ) ;
#2325 = CARTESIAN_POINT ( 'NONE',  ( -0.2500000000000008900, 6.750000000000000900, 3.500000000000000000 ) ) ;
#2326 = LINE ( 'NONE', #2325, #2324 ) ;
#2327 = DIRECTION ( 'NONE',  ( 0.0000000000000000000, 0.0000000000000000000, -1.000000000000000000 ) ) ;
#2328 = VECTOR ( 'NONE', #2327, 1000.000000000000000 ) ;
#2329 = CARTESIAN_POINT ( 'NONE',  ( 6.600000000000001400, 4.000000000000000000, 3.500024999999999900 ) ) ;
#2330 = LINE ( 'NONE', #2329, #2328 ) ;
#2331 = CARTESIAN_POINT ( 'NONE',  ( 6.600000000000001400, -6.999999999999999100, 0.0000000000000000000 ) ) ;
#2332 = CARTESIAN_POINT ( 'NONE',  ( 6.600000000000001400, -6.999999999999999100, 2.100000000000000100 ) ) ;
#2333 = CARTESIAN_POINT ( 'NONE',  ( 4.400000000000001200, -6.999999999999999100, 2.100000000000000100 ) ) ;
#2334 = DIRECTION ( 'NONE',  ( 1.000000000000000000, 0.0000000000000000000, 0.0000000000000000000 ) ) ;
#2335 = DIRECTION ( 'NONE',  ( 0.0000000000000000000, 0.0000000000000000000, 1.000000000000000000 ) ) ;
#2336 = CARTESIAN_POINT ( 'NONE',  ( 5.500000000000001800, -6.999999999999999100, 2.100000000000000100 ) ) ;
#2337 = AXIS2_PLACEMENT_3D ( 'NONE', #2336, #2335, #2334 ) ;
#2338 = CIRCLE ( 'NONE', #2337, 1.100000000000000300 ) ;
#2339 = DIRECTION ( 'NONE',  ( 0.0000000000000000000, 0.0000000000000000000, 1.000000000000000000 ) ) ;
#2340 = DIRECTION ( 'NONE',  ( 1.000000000000000000, 0.0000000000000000000, 0.0000000000000000000 ) ) ;
#2341 = DIRECTION ( 'NONE',  ( 0.0000000000000000000, 0.0000000000000000000, 1.000000000000000000 ) ) ;
#2342 = CARTESIAN_POINT ( 'NONE',  ( 0.0000000000000000000, 0.0000000000000000000, 3.400000000000000400 ) ) ;
#2343 = AXIS2_PLACEMENT_3D ( 'NONE', #2342, #2341, #2340 ) ;
#2344 = FACE_OUTER_BOUND ( 'NONE', #749, .T. ) ;
#2345 = CYLINDRICAL_SURFACE ( 'NONE', #2343, 1.000000000000000000 ) ;
#2346 = FACE_OUTER_BOUND ( 'NONE', #759, .T. ) ;
#2347 = DIRECTION ( 'NONE',  ( 0.0000000000000000000, 1.000000000000000000, 0.0000000000000000000 ) ) ;
#2348 = VECTOR ( 'NONE', #2347, 1000.000000000000000 ) ;
#2349 = CARTESIAN_POINT ( 'NONE',  ( 0.7500000000000041100, -38.25000000000000700, 2.950000000000000200 ) ) ;
#2350 = LINE ( 'NONE', #2349, #2348 ) ;
#2351 = CARTESIAN_POINT ( 'NONE',  ( 0.7500000000000041100, -13.25000000000000200, 2.950000000000000200 ) ) ;
#2352 = DIRECTION ( 'NONE',  ( 0.0000000000000000000, 0.0000000000000000000, 1.000000000000000000 ) ) ;
#2353 = DIRECTION ( 'NONE',  ( 0.0000000000000000000, -1.000000000000000000, 0.0000000000000000000 ) ) ;
#2354 = CARTESIAN_POINT ( 'NONE',  ( 0.7500000000000041100, -13.25000000000000200, 1.700000000000000000 ) ) ;
#2355 = AXIS2_PLACEMENT_3D ( 'NONE', #2354, #2353, #2352 ) ;
#2356 = CIRCLE ( 'NONE', #2355, 1.250000000000000400 ) ;
#2357 = CARTESIAN_POINT ( 'NONE',  ( 0.7500000000000042200, -13.25000000000000200, 0.4499999999999996800 ) ) ;
#2358 = DIRECTION ( 'NONE',  ( 0.0000000000000000000, 0.0000000000000000000, -1.000000000000000000 ) ) ;
#2359 = DIRECTION ( 'NONE',  ( 0.0000000000000000000, -1.000000000000000000, 0.0000000000000000000 ) ) ;
#2360 = CARTESIAN_POINT ( 'NONE',  ( 0.7500000000000041100, -38.25000000000000700, 1.700000000000000000 ) ) ;
#2361 = AXIS2_PLACEMENT_3D ( 'NONE', #2360, #2359, #2358 ) ;
#2362 = CIRCLE ( 'NONE', #2361, 1.250000000000000200 ) ;
#2363 = DIRECTION ( 'NONE',  ( 1.000000000000000000, 0.0000000000000000000, 0.0000000000000000000 ) ) ;
#2364 = DIRECTION ( 'NONE',  ( 0.0000000000000000000, 0.0000000000000000000, 1.000000000000000000 ) ) ;
#2365 = CARTESIAN_POINT ( 'NONE',  ( 5.500000000000001800, 4.000000000000000000, 0.0000000000000000000 ) ) ;
#2366 = AXIS2_PLACEMENT_3D ( 'NONE', #2365, #2364, #2363 ) ;
#2367 = DIRECTION ( 'NONE',  ( -1.000000000000000000, 0.0000000000000000000, 0.0000000000000000000 ) ) ;
#2368 = DIRECTION ( 'NONE',  ( 0.0000000000000000000, 0.0000000000000000000, -1.000000000000000000 ) ) ;
#2369 = CARTESIAN_POINT ( 'NONE',  ( 5.500000000000001800, -6.999999999999999100, 3.500024999999999900 ) ) ;
#2370 = CIRCLE ( 'NONE', #2366, 1.100000000000000300 ) ;
#2371 = DIRECTION ( 'NONE',  ( 1.000000000000000000, 0.0000000000000000000, 0.0000000000000000000 ) ) ;
#2372 = DIRECTION ( 'NONE',  ( 0.0000000000000000000, 0.0000000000000000000, 1.000000000000000000 ) ) ;
#2373 = CARTESIAN_POINT ( 'NONE',  ( -2.749999999999998700, -8.750000000000000000, 3.500000000000000000 ) ) ;
#2374 = AXIS2_PLACEMENT_3D ( 'NONE', #2373, #2372, #2371 ) ;
#2375 = PLANE ( 'NONE',  #2374 ) ;
#2376 = FACE_BOUND ( 'NONE', #895, .T. ) ;
#2377 = FACE_OUTER_BOUND ( 'NONE', #849, .T. ) ;
#2378 = FACE_BOUND ( 'NONE', #809, .T. ) ;
#2379 = FACE_BOUND ( 'NONE', #776, .T. ) ;
#2380 = DIRECTION ( 'NONE',  ( 1.000000000000000000, 0.0000000000000000000, 0.0000000000000000000 ) ) ;
#2381 = DIRECTION ( 'NONE',  ( 0.0000000000000000000, 0.0000000000000000000, 1.000000000000000000 ) ) ;
#2382 = CARTESIAN_POINT ( 'NONE',  ( 5.500000000000001800, 4.000000000000000000, 0.0000000000000000000 ) ) ;
#2383 = AXIS2_PLACEMENT_3D ( 'NONE', #2382, #2381, #2380 ) ;
#2384 = CIRCLE ( 'NONE', #2383, 1.100000000000000300 ) ;
#2385 = DIRECTION ( 'NONE',  ( 1.000000000000000000, 0.0000000000000000000, 0.0000000000000000000 ) ) ;
#2386 = DIRECTION ( 'NONE',  ( 0.0000000000000000000, 0.0000000000000000000, 1.000000000000000000 ) ) ;
#2387 = CARTESIAN_POINT ( 'NONE',  ( 5.500000000000001800, 4.000000000000000000, 2.100000000000000100 ) ) ;
#2388 = AXIS2_PLACEMENT_3D ( 'NONE', #2387, #2386, #2385 ) ;
#2389 = CIRCLE ( 'NONE', #2388, 1.100000000000000300 ) ;
#2390 = DIRECTION ( 'NONE',  ( 1.000000000000000000, 0.0000000000000000000, 0.0000000000000000000 ) ) ;
#2391 = DIRECTION ( 'NONE',  ( 0.0000000000000000000, 0.0000000000000000000, 1.000000000000000000 ) ) ;
#2392 = CARTESIAN_POINT ( 'NONE',  ( 5.500000000000001800, -6.999999999999999100, 2.100000000000000100 ) ) ;
#2393 = AXIS2_PLACEMENT_3D ( 'NONE', #2392, #2391, #2390 ) ;
#2394 = CIRCLE ( 'NONE', #2393, 1.100000000000000300 ) ;
#2395 = CARTESIAN_POINT ( 'NONE',  ( 1.000000000000000000, 0.0000000000000000000, 3.400000000000000400 ) ) ;
#2396 = CARTESIAN_POINT ( 'NONE',  ( -1.000000000000000000, 1.224606353822377300E-016, 3.400000000000000400 ) ) ;
#2397 = DIRECTION ( 'NONE',  ( 1.000000000000000000, 0.0000000000000000000, 0.0000000000000000000 ) ) ;
#2398 = DIRECTION ( 'NONE',  ( 0.0000000000000000000, 0.0000000000000000000, 1.000000000000000000 ) ) ;
#2399 = CARTESIAN_POINT ( 'NONE',  ( 0.0000000000000000000, 0.0000000000000000000, 3.400000000000000400 ) ) ;
#2400 = AXIS2_PLACEMENT_3D ( 'NONE', #2399, #2398, #2397 ) ;
#2401 = CIRCLE ( 'NONE', #2400, 1.000000000000000000 ) ;
#2402 = DIRECTION ( 'NONE',  ( -0.6427876096865347000, -0.7660444431189819000, 0.0000000000000000000 ) ) ;
#2403 = DIRECTION ( 'NONE',  ( -0.7660444431189819000, 0.6427876096865347000, 0.0000000000000000000 ) ) ;
#2404 = CARTESIAN_POINT ( 'NONE',  ( 1.423677195917811400, -13.03661043901235100, 3.899999999999999500 ) ) ;
#2405 = AXIS2_PLACEMENT_3D ( 'NONE', #2404, #2403, #2402 ) ;
#2406 = PLANE ( 'NONE',  #2405 ) ;
#2407 = CARTESIAN_POINT ( 'NONE',  ( -1.544228634059959400, -13.25000000000000200, 0.0000000000000000000 ) ) ;
#2408 = DIRECTION ( 'NONE',  ( 1.000000000000000000, 0.0000000000000000000, 0.0000000000000000000 ) ) ;
#2409 = VECTOR ( 'NONE', #2408, 1000.000000000000000 ) ;
#2410 = CARTESIAN_POINT ( 'NONE',  ( -1.544228634059959400, -13.25000000000000200, 0.0000000000000000000 ) ) ;
#2411 = LINE ( 'NONE', #2410, #2409 ) ;
#2412 = DIRECTION ( 'NONE',  ( 0.0000000000000000000, 0.0000000000000000000, 1.000000000000000000 ) ) ;
#2413 = DIRECTION ( 'NONE',  ( 0.0000000000000000000, 1.000000000000000000, 0.0000000000000000000 ) ) ;
#2414 = CARTESIAN_POINT ( 'NONE',  ( -1.544228634059959400, -13.25000000000000200, 3.399999999999999900 ) ) ;
#2415 = AXIS2_PLACEMENT_3D ( 'NONE', #2414, #2413, #2412 ) ;
#2416 = PLANE ( 'NONE',  #2415 ) ;
#2417 = FACE_BOUND ( 'NONE', #815, .T. ) ;
#2418 = FACE_OUTER_BOUND ( 'NONE', #789, .T. ) ;
#2419 = DIRECTION ( 'NONE',  ( 0.0000000000000000000, 0.0000000000000000000, -1.000000000000000000 ) ) ;
#2420 = VECTOR ( 'NONE', #2419, 1000.000000000000000 ) ;
#2421 = CARTESIAN_POINT ( 'NONE',  ( 4.400000000000001200, -6.999999999999999100, 3.500024999999999900 ) ) ;
#2422 = LINE ( 'NONE', #2421, #2420 ) ;
#2423 = DIRECTION ( 'NONE',  ( 1.000000000000000000, 0.0000000000000000000, 0.0000000000000000000 ) ) ;
#2424 = DIRECTION ( 'NONE',  ( 0.0000000000000000000, 0.0000000000000000000, 1.000000000000000000 ) ) ;
#2425 = CARTESIAN_POINT ( 'NONE',  ( 5.500000000000001800, -6.999999999999999100, 0.0000000000000000000 ) ) ;
#2426 = AXIS2_PLACEMENT_3D ( 'NONE', #2425, #2424, #2423 ) ;
#2427 = CIRCLE ( 'NONE', #2426, 1.100000000000000300 ) ;
#2428 = CARTESIAN_POINT ( 'NONE',  ( -0.2500000000000008900, 6.750000000000000900, 3.500000000000000000 ) ) ;
#2429 = DIRECTION ( 'NONE',  ( -1.000000000000000000, 0.0000000000000000000, 0.0000000000000000000 ) ) ;
#2430 = VECTOR ( 'NONE', #2429, 1000.000000000000000 ) ;
#2431 = CARTESIAN_POINT ( 'NONE',  ( -2.250000000000000900, 6.750000000000000900, 3.500000000000000000 ) ) ;
#2432 = LINE ( 'NONE', #2431, #2430 ) ;
#2433 = CARTESIAN_POINT ( 'NONE',  ( -2.250000000000000900, 4.950000000000001100, 3.500000000000000000 ) ) ;
#2434 = CARTESIAN_POINT ( 'NONE',  ( -2.250000000000000900, 6.750000000000000900, 3.500000000000000000 ) ) ;
#2435 = DIRECTION ( 'NONE',  ( 0.0000000000000000000, -1.000000000000000000, 0.0000000000000000000 ) ) ;
#2436 = VECTOR ( 'NONE', #2435, 1000.000000000000000 ) ;
#2437 = CARTESIAN_POINT ( 'NONE',  ( -2.250000000000000900, 4.950000000000001100, 3.500000000000000000 ) ) ;
#2438 = LINE ( 'NONE', #2437, #2436 ) ;
#2439 = CARTESIAN_POINT ( 'NONE',  ( -1.544228634059959400, -13.25000000000000200, 3.399999999999999900 ) ) ;
#2440 = DIRECTION ( 'NONE',  ( 1.000000000000000000, 0.0000000000000000000, 0.0000000000000000000 ) ) ;
#2441 = VECTOR ( 'NONE', #2440, 1000.000000000000000 ) ;
#2442 = CARTESIAN_POINT ( 'NONE',  ( -1.544228634059959400, -13.25000000000000200, 3.399999999999999900 ) ) ;
#2443 = LINE ( 'NONE', #2442, #2441 ) ;
#2444 = CARTESIAN_POINT ( 'NONE',  ( 4.400000000000001200, -6.999999999999999100, 0.0000000000000000000 ) ) ;
#2445 = DIRECTION ( 'NONE',  ( 0.0000000000000000000, 0.0000000000000000000, -1.000000000000000000 ) ) ;
#2446 = VECTOR ( 'NONE', #2445, 1000.000000000000000 ) ;
#2447 = CARTESIAN_POINT ( 'NONE',  ( 6.600000000000001400, -6.999999999999999100, 3.500024999999999900 ) ) ;
#2448 = LINE ( 'NONE', #2447, #2446 ) ;
#2449 = CARTESIAN_POINT ( 'NONE',  ( 6.600000000000001400, 4.000000000000000000, 0.0000000000000000000 ) ) ;
#2450 = DIRECTION ( 'NONE',  ( 0.0000000000000000000, 0.0000000000000000000, -1.000000000000000000 ) ) ;
#2451 = VECTOR ( 'NONE', #2450, 1000.000000000000000 ) ;
#2452 = CARTESIAN_POINT ( 'NONE',  ( 3.699999999999999700, 5.750000000000000000, 3.500024999999999900 ) ) ;
#2453 = LINE ( 'NONE', #2452, #2451 ) ;
#2454 = DIRECTION ( 'NONE',  ( 0.0000000000000000000, 0.0000000000000000000, 1.000000000000000000 ) ) ;
#2455 = DIRECTION ( 'NONE',  ( 0.0000000000000000000, 1.000000000000000000, 0.0000000000000000000 ) ) ;
#2456 = CARTESIAN_POINT ( 'NONE',  ( 7.250000000000000900, 5.750000000000000000, 3.500024999999999900 ) ) ;
#2457 = AXIS2_PLACEMENT_3D ( 'NONE', #2456, #2455, #2454 ) ;
#2458 = PLANE ( 'NONE',  #2457 ) ;
#2459 = FACE_OUTER_BOUND ( 'NONE', #802, .T. ) ;
#2460 = DIRECTION ( 'NONE',  ( 1.000000000000000000, 0.0000000000000000000, 0.0000000000000000000 ) ) ;
#2461 = DIRECTION ( 'NONE',  ( 0.0000000000000000000, 0.0000000000000000000, 1.000000000000000000 ) ) ;
#2462 = CARTESIAN_POINT ( 'NONE',  ( 5.500000000000001800, -6.999999999999999100, 0.0000000000000000000 ) ) ;
#2463 = AXIS2_PLACEMENT_3D ( 'NONE', #2462, #2461, #2460 ) ;
#2464 = CIRCLE ( 'NONE', #2463, 1.100000000000000300 ) ;
#2465 = CARTESIAN_POINT ( 'NONE',  ( 6.600000000000001400, 4.000000000000000000, 2.100000000000000100 ) ) ;
#2466 = CARTESIAN_POINT ( 'NONE',  ( 3.044228634059963100, -13.25000000000000200, 3.399999999999999900 ) ) ;
#2467 = DIRECTION ( 'NONE',  ( 0.0000000000000000000, 0.0000000000000000000, -1.000000000000000000 ) ) ;
#2468 = VECTOR ( 'NONE', #2467, 1000.000000000000000 ) ;
#2469 = CARTESIAN_POINT ( 'NONE',  ( 3.044228634059963100, -13.25000000000000200, 3.399999999999999900 ) ) ;
#2470 = LINE ( 'NONE', #2469, #2468 ) ;
#2471 = CARTESIAN_POINT ( 'NONE',  ( 3.044228634059963100, -13.25000000000000200, 0.0000000000000000000 ) ) ;
#2472 = DIRECTION ( 'NONE',  ( 0.0000000000000000000, 0.0000000000000000000, -1.000000000000000000 ) ) ;
#2473 = VECTOR ( 'NONE', #2472, 1000.000000000000000 ) ;
#2474 = CARTESIAN_POINT ( 'NONE',  ( 7.250000000000000900, 5.750000000000000000, 3.500024999999999900 ) ) ;
#2475 = LINE ( 'NONE', #2474, #2473 ) ;
#2476 = CARTESIAN_POINT ( 'NONE',  ( 7.250000000000000900, 5.750000000000000000, 2.100000000000000100 ) ) ;
#2477 = DIRECTION ( 'NONE',  ( -1.000000000000000000, 0.0000000000000000000, 0.0000000000000000000 ) ) ;
#2478 = VECTOR ( 'NONE', #2477, 1000.000000000000000 ) ;
#2479 = CARTESIAN_POINT ( 'NONE',  ( 7.250000000000000900, 5.750000000000000000, 2.100000000000000100 ) ) ;
#2480 = LINE ( 'NONE', #2479, #2478 ) ;
#2481 = CARTESIAN_POINT ( 'NONE',  ( 3.699999999999999700, 5.750000000000000000, 0.0000000000000000000 ) ) ;
#2482 = CARTESIAN_POINT ( 'NONE',  ( 3.700000000000001500, 5.750000000000000000, 2.100000000000000100 ) ) ;
#2483 = CARTESIAN_POINT ( 'NONE',  ( 7.250000000000000900, -8.750000000000000000, 2.100000000000000100 ) ) ;
#2484 = CARTESIAN_POINT ( 'NONE',  ( 4.250000000000001800, -8.750000000000001800, 2.100000000000000100 ) ) ;
#2485 = DIRECTION ( 'NONE',  ( 1.000000000000000000, 0.0000000000000000000, 0.0000000000000000000 ) ) ;
#2486 = VECTOR ( 'NONE', #2485, 1000.000000000000000 ) ;
#2487 = CARTESIAN_POINT ( 'NONE',  ( -2.749999999999998700, -8.750000000000000000, 2.100000000000000100 ) ) ;
#2488 = LINE ( 'NONE', #2487, #2486 ) ;
#2489 = DIRECTION ( 'NONE',  ( 0.0000000000000000000, 0.0000000000000000000, 1.000000000000000000 ) ) ;
#2490 = DIRECTION ( 'NONE',  ( 0.0000000000000000000, 1.000000000000000000, 0.0000000000000000000 ) ) ;
#2491 = CARTESIAN_POINT ( 'NONE',  ( -2.749999999999998700, -8.750000000000000000, 3.500000000000000000 ) ) ;
#2492 = AXIS2_PLACEMENT_3D ( 'NONE', #2491, #2490, #2489 ) ;
#2493 = PLANE ( 'NONE',  #2492 ) ;
#2494 = FACE_OUTER_BOUND ( 'NONE', #820, .T. ) ;
#2495 = DIRECTION ( 'NONE',  ( 0.0000000000000000000, 0.0000000000000000000, 1.000000000000000000 ) ) ;
#2496 = DIRECTION ( 'NONE',  ( 0.0000000000000000000, -1.000000000000000000, 0.0000000000000000000 ) ) ;
#2497 = CARTESIAN_POINT ( 'NONE',  ( 0.7500000000000041100, -13.25000000000000200, 1.700000000000000000 ) ) ;
#2498 = AXIS2_PLACEMENT_3D ( 'NONE', #2497, #2496, #2495 ) ;
#2499 = CIRCLE ( 'NONE', #2498, 1.250000000000000400 ) ;
#2500 = DIRECTION ( 'NONE',  ( 0.0000000000000000000, 0.0000000000000000000, -1.000000000000000000 ) ) ;
#2501 = VECTOR ( 'NONE', #2500, 1000.000000000000000 ) ;
#2502 = CARTESIAN_POINT ( 'NONE',  ( -1.544228634059959400, -13.25000000000000200, 3.399999999999999900 ) ) ;
#2503 = LINE ( 'NONE', #2502, #2501 ) ;
#2504 = LINE ( 'NONE', #2566, #2565 ) ;
#2505 = DIRECTION ( 'NONE',  ( -1.000000000000000000, 0.0000000000000000000, 0.0000000000000000000 ) ) ;
#2506 = DIRECTION ( 'NONE',  ( 0.0000000000000000000, 0.0000000000000000000, -1.000000000000000000 ) ) ;
#2507 = CARTESIAN_POINT ( 'NONE',  ( 5.500000000000001800, -6.999999999999999100, 3.500024999999999900 ) ) ;
#2508 = AXIS2_PLACEMENT_3D ( 'NONE', #2507, #2506, #2505 ) ;
#2509 = CYLINDRICAL_SURFACE ( 'NONE', #2508, 1.100000000000000300 ) ;
#2510 = FACE_OUTER_BOUND ( 'NONE', #847, .T. ) ;
#2511 = DIRECTION ( 'NONE',  ( 0.0000000000000000000, 0.0000000000000000000, -1.000000000000000000 ) ) ;
#2512 = VECTOR ( 'NONE', #2511, 1000.000000000000000 ) ;
#2513 = CARTESIAN_POINT ( 'NONE',  ( 7.250000000000000900, -8.750000000000000000, 3.500000000000000000 ) ) ;
#2514 = LINE ( 'NONE', #2513, #2512 ) ;
#2515 = CARTESIAN_POINT ( 'NONE',  ( 7.250000000000000900, -8.750000000000000000, 0.0000000000000000000 ) ) ;
#2516 = DIRECTION ( 'NONE',  ( 1.000000000000000000, 0.0000000000000000000, 0.0000000000000000000 ) ) ;
#2517 = VECTOR ( 'NONE', #2516, 1000.000000000000000 ) ;
#2518 = CARTESIAN_POINT ( 'NONE',  ( -2.749999999999998700, -8.750000000000000000, 0.0000000000000000000 ) ) ;
#2519 = LINE ( 'NONE', #2518, #2517 ) ;
#2520 = CARTESIAN_POINT ( 'NONE',  ( 4.250000000000001800, -8.750000000000000000, 0.0000000000000000000 ) ) ;
#2521 = DIRECTION ( 'NONE',  ( 0.0000000000000000000, 0.0000000000000000000, -1.000000000000000000 ) ) ;
#2522 = VECTOR ( 'NONE', #2521, 1000.000000000000000 ) ;
#2523 = CARTESIAN_POINT ( 'NONE',  ( 4.250000000000001800, -8.750000000000001800, 3.399999999999999900 ) ) ;
#2524 = DIRECTION ( 'NONE',  ( -1.000000000000000000, 0.0000000000000000000, 0.0000000000000000000 ) ) ;
#2525 = DIRECTION ( 'NONE',  ( 0.0000000000000000000, 0.0000000000000000000, -1.000000000000000000 ) ) ;
#2526 = CARTESIAN_POINT ( 'NONE',  ( 5.500000000000001800, 4.000000000000000000, 3.500024999999999900 ) ) ;
#2527 = AXIS2_PLACEMENT_3D ( 'NONE', #2526, #2525, #2524 ) ;
#2528 = LINE ( 'NONE', #2523, #2522 ) ;
#2529 = CYLINDRICAL_SURFACE ( 'NONE', #2527, 1.100000000000000300 ) ;
#2530 = FACE_OUTER_BOUND ( 'NONE', #836, .T. ) ;
#2531 = DIRECTION ( 'NONE',  ( 1.000000000000000000, 0.0000000000000000000, 0.0000000000000000000 ) ) ;
#2532 = VECTOR ( 'NONE', #2531, 1000.000000000000000 ) ;
#2533 = CARTESIAN_POINT ( 'NONE',  ( 7.250000000000000900, 5.750000000000000000, 0.0000000000000000000 ) ) ;
#2534 = LINE ( 'NONE', #2533, #2532 ) ;
#2535 = CARTESIAN_POINT ( 'NONE',  ( 7.249999999999999100, 5.750000000000000000, 0.0000000000000000000 ) ) ;
#2536 = CARTESIAN_POINT ( 'NONE',  ( 7.250000000000000900, 2.200000000000000200, 2.100000000000000100 ) ) ;
#2537 = DIRECTION ( 'NONE',  ( 0.0000000000000000000, 1.000000000000000000, 0.0000000000000000000 ) ) ;
#2538 = VECTOR ( 'NONE', #2537, 1000.000000000000000 ) ;
#2539 = CARTESIAN_POINT ( 'NONE',  ( 7.250000000000000900, 2.200000000000000200, 2.100000000000000100 ) ) ;
#2540 = LINE ( 'NONE', #2539, #2538 ) ;
#2541 = DIRECTION ( 'NONE',  ( 1.000000000000000000, 0.0000000000000000000, 0.0000000000000000000 ) ) ;
#2542 = VECTOR ( 'NONE', #2541, 1000.000000000000000 ) ;
#2543 = CARTESIAN_POINT ( 'NONE',  ( 0.7499999999999993300, 4.950000000000001100, 3.500000000000000000 ) ) ;
#2544 = LINE ( 'NONE', #2543, #2542 ) ;
#2545 = CARTESIAN_POINT ( 'NONE',  ( 5.500000000000001800, 2.200000000000000200, 3.500000000000000000 ) ) ;
#2546 = CARTESIAN_POINT ( 'NONE',  ( 7.250000000000000900, 2.200000000000000200, 3.500000000000000000 ) ) ;
#2547 = DIRECTION ( 'NONE',  ( -1.084202172485504400E-016, 1.000000000000000000, 0.0000000000000000000 ) ) ;
#2548 = VECTOR ( 'NONE', #2547, 1000.000000000000000 ) ;
#2549 = CARTESIAN_POINT ( 'NONE',  ( 7.249999999999999100, 7.250000000000000000, 3.500000000000000000 ) ) ;
#2550 = LINE ( 'NONE', #2549, #2548 ) ;
#2551 = CARTESIAN_POINT ( 'NONE',  ( 7.250000000000000900, -5.200000000000000200, 3.500000000000000000 ) ) ;
#2552 = DIRECTION ( 'NONE',  ( -1.000000000000000000, -4.956352788505164300E-016, 0.0000000000000000000 ) ) ;
#2553 = VECTOR ( 'NONE', #2552, 1000.000000000000000 ) ;
#2554 = CARTESIAN_POINT ( 'NONE',  ( 5.500000000000001800, -5.200000000000001100, 3.500000000000000000 ) ) ;
#2555 = LINE ( 'NONE', #2554, #2553 ) ;
#2556 = CARTESIAN_POINT ( 'NONE',  ( 5.500000000000001800, -5.200000000000001100, 3.500000000000000000 ) ) ;
#2557 = DIRECTION ( 'NONE',  ( 1.000000000000000000, 0.0000000000000000000, 0.0000000000000000000 ) ) ;
#2558 = DIRECTION ( 'NONE',  ( 0.0000000000000000000, 0.0000000000000000000, 1.000000000000000000 ) ) ;
#2559 = CARTESIAN_POINT ( 'NONE',  ( 5.500000000000001800, -6.999999999999999100, 3.500000000000000000 ) ) ;
#2560 = AXIS2_PLACEMENT_3D ( 'NONE', #2559, #2558, #2557 ) ;
#2561 = CIRCLE ( 'NONE', #2560, 1.799999999999999600 ) ;
#2562 = CARTESIAN_POINT ( 'NONE',  ( 4.250000000000001800, -8.750000000000001800, 3.500000000000000000 ) ) ;
#2563 = CARTESIAN_POINT ( 'NONE',  ( 4.250000000000000900, -8.295183384698859200, 3.500000000000000000 ) ) ;
#2564 = DIRECTION ( 'NONE',  ( 1.907058161043886000E-015, -1.000000000000000000, 0.0000000000000000000 ) ) ;
#2565 = VECTOR ( 'NONE', #2564, 1000.000000000000000 ) ;
#2566 = CARTESIAN_POINT ( 'NONE',  ( 4.250000000000001800, -8.750000000000001800, 3.500000000000000000 ) ) ;
#2567 = DIRECTION ( 'NONE',  ( 0.0000000000000000000, 1.000000000000000000, 0.0000000000000000000 ) ) ;
#2568 = VECTOR ( 'NONE', #2567, 1000.000000000000000 ) ;
#2569 = CARTESIAN_POINT ( 'NONE',  ( 7.250000000000000900, -8.750000000000000000, 2.100000000000000100 ) ) ;
#2570 = LINE ( 'NONE', #2569, #2568 ) ;
#2571 = LINE ( 'NONE', #2633, #2632 ) ;
#2572 = CARTESIAN_POINT ( 'NONE',  ( 7.250000000000000900, -5.200000000000000200, 2.100000000000000100 ) ) ;
#2573 = DIRECTION ( 'NONE',  ( 0.0000000000000000000, 0.0000000000000000000, 1.000000000000000000 ) ) ;
#2574 = VECTOR ( 'NONE', #2573, 1000.000000000000000 ) ;
#2575 = CARTESIAN_POINT ( 'NONE',  ( 7.250000000000000900, -5.200000000000000200, 2.100000000000000100 ) ) ;
#2576 = LINE ( 'NONE', #2575, #2574 ) ;
#2577 = DIRECTION ( 'NONE',  ( 1.084202172485504400E-016, -1.000000000000000000, 0.0000000000000000000 ) ) ;
#2578 = DIRECTION ( 'NONE',  ( -1.000000000000000000, -1.084202172485504400E-016, 0.0000000000000000000 ) ) ;
#2579 = CARTESIAN_POINT ( 'NONE',  ( 7.249999999999999100, 7.250000000000000000, 3.500000000000000000 ) ) ;
#2580 = AXIS2_PLACEMENT_3D ( 'NONE', #2579, #2578, #2577 ) ;
#2581 = PLANE ( 'NONE',  #2580 ) ;
#2582 = FACE_OUTER_BOUND ( 'NONE', #881, .T. ) ;
#2583 = CARTESIAN_POINT ( 'NONE',  ( 0.7499999999999993300, 6.750000000000000900, 3.500000000000000000 ) ) ;
#2584 = DIRECTION ( 'NONE',  ( 0.0000000000000000000, -1.000000000000000000, 0.0000000000000000000 ) ) ;
#2585 = VECTOR ( 'NONE', #2584, 1000.000000000000000 ) ;
#2586 = CARTESIAN_POINT ( 'NONE',  ( 0.7499999999999993300, 4.950000000000001100, 3.500000000000000000 ) ) ;
#2587 = LINE ( 'NONE', #2586, #2585 ) ;
#2588 = DIRECTION ( 'NONE',  ( 0.0000000000000000000, 0.0000000000000000000, -1.000000000000000000 ) ) ;
#2589 = VECTOR ( 'NONE', #2588, 1000.000000000000000 ) ;
#2590 = CARTESIAN_POINT ( 'NONE',  ( 3.699999999999999300, 7.250000000000000000, 3.500024999999999900 ) ) ;
#2591 = LINE ( 'NONE', #2590, #2589 ) ;
#2592 = DIRECTION ( 'NONE',  ( 0.0000000000000000000, 0.0000000000000000000, -1.000000000000000000 ) ) ;
#2593 = DIRECTION ( 'NONE',  ( 0.0000000000000000000, -1.000000000000000000, 0.0000000000000000000 ) ) ;
#2594 = CARTESIAN_POINT ( 'NONE',  ( -2.750000000000000900, 7.250000000000000000, 3.500000000000000000 ) ) ;
#2595 = AXIS2_PLACEMENT_3D ( 'NONE', #2594, #2593, #2592 ) ;
#2596 = PLANE ( 'NONE',  #2595 ) ;
#2597 = FACE_OUTER_BOUND ( 'NONE', #872, .T. ) ;
#2598 = DIRECTION ( 'NONE',  ( 0.0000000000000000000, 0.0000000000000000000, 1.000000000000000000 ) ) ;
#2599 = VECTOR ( 'NONE', #2598, 1000.000000000000000 ) ;
#2600 = CARTESIAN_POINT ( 'NONE',  ( 7.250000000000000900, 2.200000000000000200, 2.100000000000000100 ) ) ;
#2601 = LINE ( 'NONE', #2600, #2599 ) ;
#2602 = CIRCLE ( 'NONE', #2079, 1.800000000000000500 ) ;
#2603 = DIRECTION ( 'NONE',  ( 0.0000000000000000000, -1.000000000000000000, 0.0000000000000000000 ) ) ;
#2604 = DIRECTION ( 'NONE',  ( 1.000000000000000000, 0.0000000000000000000, 0.0000000000000000000 ) ) ;
#2605 = VECTOR ( 'NONE', #2604, 1000.000000000000000 ) ;
#2606 = CARTESIAN_POINT ( 'NONE',  ( 5.500000000000001800, 2.200000000000000200, 3.500000000000000000 ) ) ;
#2607 = LINE ( 'NONE', #2606, #2605 ) ;
#2608 = CARTESIAN_POINT ( 'NONE',  ( 3.699999999999999300, 7.250000000000000000, 0.0000000000000000000 ) ) ;
#2609 = DIRECTION ( 'NONE',  ( 2.891205793294677800E-016, -1.000000000000000000, 0.0000000000000000000 ) ) ;
#2610 = VECTOR ( 'NONE', #2609, 1000.000000000000000 ) ;
#2611 = CARTESIAN_POINT ( 'NONE',  ( 3.699999999999999300, 7.250000000000000000, 0.0000000000000000000 ) ) ;
#2612 = LINE ( 'NONE', #2611, #2610 ) ;
#2613 = DIRECTION ( 'NONE',  ( 1.000000000000000000, 0.0000000000000000000, 0.0000000000000000000 ) ) ;
#2614 = DIRECTION ( 'NONE',  ( 0.0000000000000000000, 0.0000000000000000000, 1.000000000000000000 ) ) ;
#2615 = CARTESIAN_POINT ( 'NONE',  ( -2.749999999999998700, -8.750000000000000000, 0.0000000000000000000 ) ) ;
#2616 = AXIS2_PLACEMENT_3D ( 'NONE', #2615, #2614, #2613 ) ;
#2617 = PLANE ( 'NONE',  #2616 ) ;
#2618 = FACE_BOUND ( 'NONE', #932, .T. ) ;
#2619 = FACE_OUTER_BOUND ( 'NONE', #903, .T. ) ;
#2620 = FACE_BOUND ( 'NONE', #900, .T. ) ;
#2621 = DIRECTION ( 'NONE',  ( 1.000000000000000000, 0.0000000000000000000, 0.0000000000000000000 ) ) ;
#2622 = DIRECTION ( 'NONE',  ( 0.0000000000000000000, 0.0000000000000000000, 1.000000000000000000 ) ) ;
#2623 = CARTESIAN_POINT ( 'NONE',  ( 0.0000000000000000000, 0.0000000000000000000, 3.500000000000000000 ) ) ;
#2624 = AXIS2_PLACEMENT_3D ( 'NONE', #2623, #2622, #2621 ) ;
#2625 = CIRCLE ( 'NONE', #2624, 1.000000000000000000 ) ;
#2626 = DIRECTION ( 'NONE',  ( 1.000000000000000000, 0.0000000000000000000, 0.0000000000000000000 ) ) ;
#2627 = VECTOR ( 'NONE', #2626, 1000.000000000000000 ) ;
#2628 = CARTESIAN_POINT ( 'NONE',  ( -2.749999999999998700, -8.750000000000000000, 3.500000000000000000 ) ) ;
#2629 = LINE ( 'NONE', #2628, #2627 ) ;
#2630 = CARTESIAN_POINT ( 'NONE',  ( 2.749999999999999600, 6.750000000000000900, 3.500000000000000000 ) ) ;
#2631 = DIRECTION ( 'NONE',  ( 1.000000000000000000, 0.0000000000000000000, 0.0000000000000000000 ) ) ;
#2632 = VECTOR ( 'NONE', #2631, 1000.000000000000000 ) ;
#2633 = CARTESIAN_POINT ( 'NONE',  ( -2.250000000000000900, 4.950000000000001100, 3.500000000000000000 ) ) ;
#2634 = DIRECTION ( 'NONE',  ( 1.355252715606880500E-016, -1.000000000000000000, 0.0000000000000000000 ) ) ;
#2635 = VECTOR ( 'NONE', #2634, 1000.000000000000000 ) ;
#2636 = CARTESIAN_POINT ( 'NONE',  ( -2.750000000000000900, 7.250000000000000000, 0.0000000000000000000 ) ) ;
#2637 = LINE ( 'NONE', #2636, #2635 ) ;
#2638 = CARTESIAN_POINT ( 'NONE',  ( -2.749999999999998700, -8.750000000000000000, 0.0000000000000000000 ) ) ;
#2639 = DIRECTION ( 'NONE',  ( 0.2588190451025181300, -0.9659258262890689800, 0.0000000000000000000 ) ) ;
#2640 = VECTOR ( 'NONE', #2639, 1000.000000000000100 ) ;
#2641 = CARTESIAN_POINT ( 'NONE',  ( -2.749999999999998700, -8.750000000000000000, 0.0000000000000000000 ) ) ;
#2642 = LINE ( 'NONE', #2641, #2640 ) ;
#2643 = DIRECTION ( 'NONE',  ( 0.2588190451025181900, 0.9659258262890690900, 0.0000000000000000000 ) ) ;
#2644 = VECTOR ( 'NONE', #2643, 999.9999999999998900 ) ;
#2645 = CARTESIAN_POINT ( 'NONE',  ( 4.250000000000001800, -8.750000000000001800, 0.0000000000000000000 ) ) ;
#2646 = LINE ( 'NONE', #2645, #2644 ) ;
#2647 = CARTESIAN_POINT ( 'NONE',  ( -2.749999999999998700, -8.750000000000000000, 3.500000000000000000 ) ) ;
#2648 = DIRECTION ( 'NONE',  ( 1.355252715606880500E-016, -1.000000000000000000, 0.0000000000000000000 ) ) ;
#2649 = VECTOR ( 'NONE', #2648, 1000.000000000000000 ) ;
#2650 = CARTESIAN_POINT ( 'NONE',  ( -2.750000000000000900, 7.250000000000000000, 3.500000000000000000 ) ) ;
#2651 = LINE ( 'NONE', #2650, #2649 ) ;
#2652 = CARTESIAN_POINT ( 'NONE',  ( -2.750000000000000900, 7.250000000000000000, 3.500000000000000000 ) ) ;
#2653 = DIRECTION ( 'NONE',  ( -1.000000000000000000, 0.0000000000000000000, 0.0000000000000000000 ) ) ;
#2654 = VECTOR ( 'NONE', #2653, 1000.000000000000000 ) ;
#2655 = CARTESIAN_POINT ( 'NONE',  ( -2.750000000000000900, 7.250000000000000000, 3.500000000000000000 ) ) ;
#2656 = LINE ( 'NONE', #2655, #2654 ) ;
#2657 = CARTESIAN_POINT ( 'NONE',  ( 3.699999999999999300, 7.250000000000000000, 3.500000000000000000 ) ) ;
#2658 = DIRECTION ( 'NONE',  ( -2.891205793294677800E-016, 1.000000000000000000, 0.0000000000000000000 ) ) ;
#2659 = VECTOR ( 'NONE', #2658, 1000.000000000000000 ) ;
#2660 = CARTESIAN_POINT ( 'NONE',  ( 3.700000000000003300, -8.749999999999998200, 3.500000000000000000 ) ) ;
#2661 = LINE ( 'NONE', #2660, #2659 ) ;
#2662 = CARTESIAN_POINT ( 'NONE',  ( 3.700000000000001100, 4.000000000000000000, 3.500000000000000000 ) ) ;
#2663 = DIRECTION ( 'NONE',  ( 1.000000000000000000, 0.0000000000000000000, 0.0000000000000000000 ) ) ;
#2664 = DIRECTION ( 'NONE',  ( 0.0000000000000000000, 0.0000000000000000000, 1.000000000000000000 ) ) ;
#2665 = CARTESIAN_POINT ( 'NONE',  ( 5.500000000000001800, 4.000000000000000000, 3.500000000000000000 ) ) ;
#2666 = CYLINDRICAL_SURFACE ( 'NONE', #2667, 1.799999999999999600 ) ;
#2667 = AXIS2_PLACEMENT_3D ( 'NONE', #2732, #2731, #2730 ) ;
#2668 = FACE_OUTER_BOUND ( 'NONE', #949, .T. ) ;
#2669 = DIRECTION ( 'NONE',  ( 1.000000000000000000, 0.0000000000000000000, 0.0000000000000000000 ) ) ;
#2670 = DIRECTION ( 'NONE',  ( 0.0000000000000000000, 0.0000000000000000000, 1.000000000000000000 ) ) ;
#2671 = CARTESIAN_POINT ( 'NONE',  ( 5.500000000000001800, 4.000000000000000000, 2.100000000000000100 ) ) ;
#2672 = AXIS2_PLACEMENT_3D ( 'NONE', #2671, #2670, #2669 ) ;
#2673 = PLANE ( 'NONE',  #2672 ) ;
#2674 = FACE_OUTER_BOUND ( 'NONE', #1042, .T. ) ;
#2675 = FACE_BOUND ( 'NONE', #1039, .T. ) ;
#2676 = DIRECTION ( 'NONE',  ( 1.000000000000000000, 0.0000000000000000000, 0.0000000000000000000 ) ) ;
#2677 = VECTOR ( 'NONE', #2676, 1000.000000000000000 ) ;
#2678 = CARTESIAN_POINT ( 'NONE',  ( 5.500000000000001800, 2.200000000000000200, 2.100000000000000100 ) ) ;
#2679 = LINE ( 'NONE', #2678, #2677 ) ;
#2680 = DIRECTION ( 'NONE',  ( 0.0000000000000000000, 0.0000000000000000000, 1.000000000000000000 ) ) ;
#2681 = VECTOR ( 'NONE', #2680, 1000.000000000000000 ) ;
#2682 = CARTESIAN_POINT ( 'NONE',  ( 5.500000000000001800, 2.200000000000000200, 2.100000000000000100 ) ) ;
#2683 = LINE ( 'NONE', #2682, #2681 ) ;
#2684 = DIRECTION ( 'NONE',  ( -1.355252715606880500E-016, 1.000000000000000000, 0.0000000000000000000 ) ) ;
#2685 = DIRECTION ( 'NONE',  ( 1.000000000000000000, 1.355252715606880500E-016, 0.0000000000000000000 ) ) ;
#2686 = CARTESIAN_POINT ( 'NONE',  ( -2.750000000000000900, 7.250000000000000000, 3.500000000000000000 ) ) ;
#2687 = AXIS2_PLACEMENT_3D ( 'NONE', #2686, #2685, #2684 ) ;
#2688 = PLANE ( 'NONE',  #2687 ) ;
#2689 = FACE_OUTER_BOUND ( 'NONE', #954, .T. ) ;
#2690 = DIRECTION ( 'NONE',  ( 0.0000000000000000000, 1.000000000000000000, 0.0000000000000000000 ) ) ;
#2691 = VECTOR ( 'NONE', #2690, 1000.000000000000000 ) ;
#2692 = CARTESIAN_POINT ( 'NONE',  ( 2.749999999999999600, 4.950000000000001100, 3.500000000000000000 ) ) ;
#2693 = LINE ( 'NONE', #2692, #2691 ) ;
#2694 = DIRECTION ( 'NONE',  ( -1.000000000000000000, 0.0000000000000000000, 0.0000000000000000000 ) ) ;
#2695 = VECTOR ( 'NONE', #2694, 1000.000000000000000 ) ;
#2696 = CARTESIAN_POINT ( 'NONE',  ( -2.750000000000000900, 7.250000000000000000, 0.0000000000000000000 ) ) ;
#2697 = LINE ( 'NONE', #2696, #2695 ) ;
#2698 = CARTESIAN_POINT ( 'NONE',  ( -2.750000000000000900, 7.250000000000000000, 0.0000000000000000000 ) ) ;
#2699 = CARTESIAN_POINT ( 'NONE',  ( 0.7499999999999993300, 4.950000000000001100, 3.500000000000000000 ) ) ;
#2700 = CARTESIAN_POINT ( 'NONE',  ( 2.749999999999999600, 4.950000000000001100, 3.500000000000000000 ) ) ;
#2701 = DIRECTION ( 'NONE',  ( -1.084202172485504400E-016, 1.000000000000000000, 0.0000000000000000000 ) ) ;
#2702 = VECTOR ( 'NONE', #2701, 1000.000000000000000 ) ;
#2703 = CARTESIAN_POINT ( 'NONE',  ( 7.249999999999999100, 7.250000000000000000, 0.0000000000000000000 ) ) ;
#2704 = LINE ( 'NONE', #2703, #2702 ) ;
#2705 = DIRECTION ( 'NONE',  ( 0.0000000000000000000, 0.0000000000000000000, 1.000000000000000000 ) ) ;
#2706 = VECTOR ( 'NONE', #2705, 1000.000000000000000 ) ;
#2707 = CARTESIAN_POINT ( 'NONE',  ( 4.250000000000001800, -8.750000000000001800, -0.9342805001439770100 ) ) ;
#2708 = LINE ( 'NONE', #2707, #2706 ) ;
#2709 = CARTESIAN_POINT ( 'NONE',  ( -2.749999999999998700, -8.750000000000000000, 3.399999999999999900 ) ) ;
#2710 = CARTESIAN_POINT ( 'NONE',  ( 4.250000000000001800, -8.750000000000001800, 3.399999999999999900 ) ) ;
#2711 = DIRECTION ( 'NONE',  ( -1.000000000000000000, 2.478176394252581100E-016, 0.0000000000000000000 ) ) ;
#2712 = VECTOR ( 'NONE', #2711, 1000.000000000000000 ) ;
#2713 = CARTESIAN_POINT ( 'NONE',  ( -2.749999999999998700, -8.750000000000000000, 3.399999999999999900 ) ) ;
#2714 = LINE ( 'NONE', #2713, #2712 ) ;
#2715 = DIRECTION ( 'NONE',  ( 0.0000000000000000000, 0.0000000000000000000, 1.000000000000000000 ) ) ;
#2716 = DIRECTION ( 'NONE',  ( 0.0000000000000000000, 1.000000000000000000, 0.0000000000000000000 ) ) ;
#2717 = CARTESIAN_POINT ( 'NONE',  ( -2.749999999999998700, -8.750000000000000000, 3.500000000000000000 ) ) ;
#2718 = AXIS2_PLACEMENT_3D ( 'NONE', #2717, #2716, #2715 ) ;
#2719 = PLANE ( 'NONE',  #2718 ) ;
#2720 = FACE_OUTER_BOUND ( 'NONE', #960, .T. ) ;
#2721 = DIRECTION ( 'NONE',  ( 0.0000000000000000000, 0.0000000000000000000, -1.000000000000000000 ) ) ;
#2722 = VECTOR ( 'NONE', #2721, 1000.000000000000000 ) ;
#2723 = CARTESIAN_POINT ( 'NONE',  ( -2.750000000000000900, 7.250000000000000000, 3.500000000000000000 ) ) ;
#2724 = LINE ( 'NONE', #2723, #2722 ) ;
#2725 = CARTESIAN_POINT ( 'NONE',  ( 4.250000000000000900, -8.295183384698859200, 2.100000000000000100 ) ) ;
#2726 = DIRECTION ( 'NONE',  ( 0.0000000000000000000, 0.0000000000000000000, 1.000000000000000000 ) ) ;
#2727 = VECTOR ( 'NONE', #2726, 1000.000000000000000 ) ;
#2728 = CARTESIAN_POINT ( 'NONE',  ( 4.250000000000000900, -8.295183384698859200, -0.9342805001439770100 ) ) ;
#2729 = LINE ( 'NONE', #2728, #2727 ) ;
#2730 = DIRECTION ( 'NONE',  ( 1.000000000000000000, 0.0000000000000000000, 0.0000000000000000000 ) ) ;
#2731 = DIRECTION ( 'NONE',  ( 0.0000000000000000000, 0.0000000000000000000, 1.000000000000000000 ) ) ;
#2732 = CARTESIAN_POINT ( 'NONE',  ( 5.500000000000001800, -6.999999999999999100, 2.100000000000000100 ) ) ;
#2733 = LINE ( 'NONE', #2797, #2796 ) ;
#2734 = DIRECTION ( 'NONE',  ( -2.891205793294677800E-016, 1.000000000000000000, 0.0000000000000000000 ) ) ;
#2735 = DIRECTION ( 'NONE',  ( 1.000000000000000000, 2.891205793294677800E-016, 0.0000000000000000000 ) ) ;
#2736 = CARTESIAN_POINT ( 'NONE',  ( 3.699999999999999300, 7.250000000000000000, 3.500024999999999900 ) ) ;
#2737 = AXIS2_PLACEMENT_3D ( 'NONE', #2736, #2735, #2734 ) ;
#2738 = PLANE ( 'NONE',  #2737 ) ;
#2739 = FACE_OUTER_BOUND ( 'NONE', #991, .T. ) ;
#2740 = DIRECTION ( 'NONE',  ( 1.000000000000000000, 0.0000000000000000000, 0.0000000000000000000 ) ) ;
#2741 = DIRECTION ( 'NONE',  ( 0.0000000000000000000, 0.0000000000000000000, 1.000000000000000000 ) ) ;
#2742 = CARTESIAN_POINT ( 'NONE',  ( -1.544228634059959600, -13.25000000000000200, 3.399999999999999900 ) ) ;
#2743 = AXIS2_PLACEMENT_3D ( 'NONE', #2742, #2741, #2740 ) ;
#2744 = PLANE ( 'NONE',  #2743 ) ;
#2745 = FACE_OUTER_BOUND ( 'NONE', #987, .T. ) ;
#2746 = DIRECTION ( 'NONE',  ( 0.2588190451025181900, 0.9659258262890690900, 0.0000000000000000000 ) ) ;
#2747 = VECTOR ( 'NONE', #2746, 999.9999999999998900 ) ;
#2748 = CARTESIAN_POINT ( 'NONE',  ( 4.250000000000001800, -8.750000000000001800, 3.399999999999999900 ) ) ;
#2749 = LINE ( 'NONE', #2748, #2747 ) ;
#2750 = DIRECTION ( 'NONE',  ( 0.0000000000000000000, 0.0000000000000000000, -1.000000000000000000 ) ) ;
#2751 = VECTOR ( 'NONE', #2750, 1000.000000000000000 ) ;
#2752 = CARTESIAN_POINT ( 'NONE',  ( 4.250000000000001800, -8.750000000000001800, 3.399999999999999900 ) ) ;
#2753 = DIRECTION ( 'NONE',  ( 1.000000000000000000, 0.0000000000000000000, 0.0000000000000000000 ) ) ;
#2754 = DIRECTION ( 'NONE',  ( 0.0000000000000000000, 0.0000000000000000000, 1.000000000000000000 ) ) ;
#2755 = CARTESIAN_POINT ( 'NONE',  ( 5.500000000000001800, 4.000000000000000000, 2.100000000000000100 ) ) ;
#2756 = AXIS2_PLACEMENT_3D ( 'NONE', #2755, #2754, #2753 ) ;
#2757 = LINE ( 'NONE', #2752, #2751 ) ;
#2758 = CYLINDRICAL_SURFACE ( 'NONE', #2756, 1.800000000000000500 ) ;
#2759 = FACE_OUTER_BOUND ( 'NONE', #981, .T. ) ;
#2760 = DIRECTION ( 'NONE',  ( -1.000000000000000000, 0.0000000000000000000, 0.0000000000000000000 ) ) ;
#2761 = VECTOR ( 'NONE', #2760, 1000.000000000000000 ) ;
#2762 = CARTESIAN_POINT ( 'NONE',  ( 0.7499999999999993300, 6.750000000000000900, 3.500000000000000000 ) ) ;
#2763 = LINE ( 'NONE', #2762, #2761 ) ;
#2764 = AXIS2_PLACEMENT_3D ( 'NONE', #2831, #2830, #2829 ) ;
#2765 = PLANE ( 'NONE',  #2764 ) ;
#2766 = FACE_OUTER_BOUND ( 'NONE', #1016, .T. ) ;
#2767 = DIRECTION ( 'NONE',  ( -0.2588190451025181900, -0.9659258262890690900, 0.0000000000000000000 ) ) ;
#2768 = DIRECTION ( 'NONE',  ( -0.9659258262890690900, 0.2588190451025181900, 0.0000000000000000000 ) ) ;
#2769 = CARTESIAN_POINT ( 'NONE',  ( 4.250000000000001800, -8.750000000000001800, 3.399999999999999900 ) ) ;
#2770 = AXIS2_PLACEMENT_3D ( 'NONE', #2769, #2768, #2767 ) ;
#2771 = PLANE ( 'NONE',  #2770 ) ;
#2772 = FACE_OUTER_BOUND ( 'NONE', #1013, .T. ) ;
#2773 = DIRECTION ( 'NONE',  ( 1.000000000000000000, 0.0000000000000000000, 0.0000000000000000000 ) ) ;
#2774 = DIRECTION ( 'NONE',  ( 0.0000000000000000000, 0.0000000000000000000, 1.000000000000000000 ) ) ;
#2775 = CARTESIAN_POINT ( 'NONE',  ( 0.0000000000000000000, 0.0000000000000000000, 3.400000000000000400 ) ) ;
#2776 = AXIS2_PLACEMENT_3D ( 'NONE', #2775, #2774, #2773 ) ;
#2777 = PLANE ( 'NONE',  #2776 ) ;
#2778 = FACE_OUTER_BOUND ( 'NONE', #977, .T. ) ;
#2779 = DIRECTION ( 'NONE',  ( 1.000000000000000000, 0.0000000000000000000, 0.0000000000000000000 ) ) ;
#2780 = DIRECTION ( 'NONE',  ( 0.0000000000000000000, 0.0000000000000000000, 1.000000000000000000 ) ) ;
#2781 = AXIS2_PLACEMENT_3D ( 'NONE', #2787, #2780, #2779 ) ;
#2782 = CIRCLE ( 'NONE', #2781, 1.000000000000000000 ) ;
#2783 = DIRECTION ( 'NONE',  ( 1.000000000000000000, 0.0000000000000000000, 0.0000000000000000000 ) ) ;
#2784 = DIRECTION ( 'NONE',  ( 0.0000000000000000000, 0.0000000000000000000, 1.000000000000000000 ) ) ;
#2785 = CARTESIAN_POINT ( 'NONE',  ( 0.0000000000000000000, 0.0000000000000000000, 3.400000000000000400 ) ) ;
#2786 = AXIS2_PLACEMENT_3D ( 'NONE', #2785, #2784, #2783 ) ;
#2787 = CARTESIAN_POINT ( 'NONE',  ( 0.0000000000000000000, 0.0000000000000000000, 3.400000000000000400 ) ) ;
#2788 = CYLINDRICAL_SURFACE ( 'NONE', #2786, 1.000000000000000000 ) ;
#2789 = FACE_OUTER_BOUND ( 'NONE', #1005, .T. ) ;
#2790 = DIRECTION ( 'NONE',  ( -2.478176394252582100E-016, -1.000000000000000000, 0.0000000000000000000 ) ) ;
#2791 = VECTOR ( 'NONE', #2790, 1000.000000000000000 ) ;
#2792 = CARTESIAN_POINT ( 'NONE',  ( 3.700000000000001100, 4.000000000000000000, 2.100000000000000100 ) ) ;
#2793 = LINE ( 'NONE', #2792, #2791 ) ;
#2794 = CARTESIAN_POINT ( 'NONE',  ( 3.700000000000001100, 4.000000000000000000, 2.100000000000000100 ) ) ;
#2795 = DIRECTION ( 'NONE',  ( 0.0000000000000000000, 0.0000000000000000000, 1.000000000000000000 ) ) ;
#2796 = VECTOR ( 'NONE', #2795, 1000.000000000000000 ) ;
#2797 = CARTESIAN_POINT ( 'NONE',  ( 3.700000000000001100, 4.000000000000000000, 2.100000000000000100 ) ) ;
#2798 = DIRECTION ( 'NONE',  ( 1.000000000000000000, 0.0000000000000000000, 0.0000000000000000000 ) ) ;
#2799 = DIRECTION ( 'NONE',  ( 0.0000000000000000000, 0.0000000000000000000, 1.000000000000000000 ) ) ;
#2800 = CARTESIAN_POINT ( 'NONE',  ( 5.500000000000001800, -6.999999999999999100, 2.100000000000000100 ) ) ;
#2801 = AXIS2_PLACEMENT_3D ( 'NONE', #2800, #2799, #2798 ) ;
#2802 = PLANE ( 'NONE',  #2801 ) ;
#2803 = FACE_BOUND ( 'NONE', #467, .T. ) ;
#2804 = FACE_OUTER_BOUND ( 'NONE', #1038, .T. ) ;
#2805 = DIRECTION ( 'NONE',  ( 0.0000000000000000000, 0.0000000000000000000, 1.000000000000000000 ) ) ;
#2806 = VECTOR ( 'NONE', #2805, 1000.000000000000000 ) ;
#2807 = CARTESIAN_POINT ( 'NONE',  ( 5.500000000000001800, -5.200000000000001100, 2.100000000000000100 ) ) ;
#2808 = LINE ( 'NONE', #2807, #2806 ) ;
#2809 = CARTESIAN_POINT ( 'NONE',  ( 5.500000000000001800, -5.200000000000001100, 2.100000000000000100 ) ) ;
#2810 = DIRECTION ( 'NONE',  ( 1.000000000000000000, 0.0000000000000000000, 0.0000000000000000000 ) ) ;
#2811 = DIRECTION ( 'NONE',  ( 0.0000000000000000000, 0.0000000000000000000, 1.000000000000000000 ) ) ;
#2812 = CARTESIAN_POINT ( 'NONE',  ( 5.500000000000001800, -6.999999999999999100, 2.100000000000000100 ) ) ;
#2813 = AXIS2_PLACEMENT_3D ( 'NONE', #2812, #2811, #2810 ) ;
#2814 = CIRCLE ( 'NONE', #2813, 1.799999999999999600 ) ;
#2815 = DIRECTION ( 'NONE',  ( 0.2588190451025181300, -0.9659258262890689800, 0.0000000000000000000 ) ) ;
#2816 = VECTOR ( 'NONE', #2815, 1000.000000000000100 ) ;
#2817 = CARTESIAN_POINT ( 'NONE',  ( -2.749999999999998700, -8.750000000000000000, 3.399999999999999900 ) ) ;
#2818 = LINE ( 'NONE', #2817, #2816 ) ;
#2819 = DIRECTION ( 'NONE',  ( -0.2588190451025181300, 0.9659258262890689800, 0.0000000000000000000 ) ) ;
#2820 = DIRECTION ( 'NONE',  ( 0.9659258262890689800, 0.2588190451025181300, 0.0000000000000000000 ) ) ;
#2821 = CARTESIAN_POINT ( 'NONE',  ( -2.749999999999998700, -8.750000000000000000, 3.399999999999999900 ) ) ;
#2822 = AXIS2_PLACEMENT_3D ( 'NONE', #2821, #2820, #2819 ) ;
#2823 = PLANE ( 'NONE',  #2822 ) ;
#2824 = FACE_OUTER_BOUND ( 'NONE', #1026, .T. ) ;
#2825 = DIRECTION ( 'NONE',  ( 0.0000000000000000000, 0.0000000000000000000, -1.000000000000000000 ) ) ;
#2826 = VECTOR ( 'NONE', #2825, 1000.000000000000000 ) ;
#2827 = CARTESIAN_POINT ( 'NONE',  ( -2.749999999999998700, -8.750000000000000000, 3.399999999999999900 ) ) ;
#2828 = LINE ( 'NONE', #2827, #2826 ) ;
#2829 = DIRECTION ( 'NONE',  ( -0.1736481776669235000, -0.9848077530122093500, 0.0000000000000000000 ) ) ;
#2830 = DIRECTION ( 'NONE',  ( -0.9848077530122093500, 0.1736481776669235000, 0.0000000000000000000 ) ) ;
#2831 = CARTESIAN_POINT ( 'NONE',  ( 3.030201606103482900, -38.00000000000000700, -3.500000000000000900 ) ) ;
#2832 = CYLINDRICAL_SURFACE ( 'NONE', #2897, 2.000000000000000400 ) ;
#2833 = FACE_OUTER_BOUND ( 'NONE', #1058, .T. ) ;
#2834 = DIRECTION ( 'NONE',  ( 0.0000000000000000000, 1.000000000000000000, 0.0000000000000000000 ) ) ;
#2835 = VECTOR ( 'NONE', #2834, 1000.000000000000000 ) ;
#2836 = CARTESIAN_POINT ( 'NONE',  ( 4.000000000000001800, -38.00000000000000000, -3.500000000000000900 ) ) ;
#2837 = LINE ( 'NONE', #2836, #2835 ) ;
#2838 = DIRECTION ( 'NONE',  ( 0.05233595624294042100, 0.9986295347545740600, 0.0000000000000000000 ) ) ;
#2839 = DIRECTION ( 'NONE',  ( 0.9986295347545740600, -0.05233595624294042100, 0.0000000000000000000 ) ) ;
#2840 = CARTESIAN_POINT ( 'NONE',  ( -3.711757213943292400, 0.0000000000000000000, -3.500000000000000900 ) ) ;
#2841 = AXIS2_PLACEMENT_3D ( 'NONE', #2840, #2839, #2838 ) ;
#2842 = PLANE ( 'NONE',  #2841 ) ;
#2843 = FACE_OUTER_BOUND ( 'NONE', #1103, .T. ) ;
#2844 = DIRECTION ( 'NONE',  ( 0.0000000000000000000, 0.0000000000000000000, 1.000000000000000000 ) ) ;
#2845 = VECTOR ( 'NONE', #2844, 1000.000000000000000 ) ;
#2846 = CARTESIAN_POINT ( 'NONE',  ( 4.000000000000001800, -32.50000000000000000, -3.500000000000000900 ) ) ;
#2847 = LINE ( 'NONE', #2846, #2845 ) ;
#2848 = DIRECTION ( 'NONE',  ( 0.0000000000000000000, 0.0000000000000000000, -1.000000000000000000 ) ) ;
#2849 = DIRECTION ( 'NONE',  ( 0.0000000000000000000, -1.000000000000000000, 0.0000000000000000000 ) ) ;
#2850 = CARTESIAN_POINT ( 'NONE',  ( 5.500000000000001800, 2.200000000000000200, 2.100000000000000100 ) ) ;
#2851 = AXIS2_PLACEMENT_3D ( 'NONE', #2850, #2849, #2848 ) ;
#2852 = PLANE ( 'NONE',  #2851 ) ;
#2853 = FACE_OUTER_BOUND ( 'NONE', #1050, .T. ) ;
#2854 = DIRECTION ( 'NONE',  ( 1.000000000000000000, 0.0000000000000000000, 0.0000000000000000000 ) ) ;
#2855 = DIRECTION ( 'NONE',  ( 0.0000000000000000000, 0.0000000000000000000, 1.000000000000000000 ) ) ;
#2856 = CARTESIAN_POINT ( 'NONE',  ( 5.500000000000001800, 4.000000000000000000, 2.100000000000000100 ) ) ;
#2857 = AXIS2_PLACEMENT_3D ( 'NONE', #2856, #2855, #2854 ) ;
#2858 = CIRCLE ( 'NONE', #2857, 1.800000000000000500 ) ;
#2859 = CARTESIAN_POINT ( 'NONE',  ( 5.500000000000001800, 2.200000000000000200, 2.100000000000000100 ) ) ;
#2860 = DIRECTION ( 'NONE',  ( 0.0000000000000000000, 0.0000000000000000000, -1.000000000000000000 ) ) ;
#2861 = VECTOR ( 'NONE', #2860, 1000.000000000000000 ) ;
#2862 = CARTESIAN_POINT ( 'NONE',  ( -2.749999999999998700, -8.750000000000000000, 3.500000000000000000 ) ) ;
#2863 = LINE ( 'NONE', #2862, #2861 ) ;
#2864 = CARTESIAN_POINT ( 'NONE',  ( -3.000000000000000000, -30.34999999999999800, 3.399999999999997200 ) ) ;
#2865 = AXIS2_PLACEMENT_3D ( 'NONE', #2864, #2603, #2929 ) ;
#2866 =( REPRESENTATION_RELATIONSHIP ('NONE','NONE', #3049, #3020 ) REPRESENTATION_RELATIONSHIP_WITH_TRANSFORMATION ( #3415 )SHAPE_REPRESENTATION_RELATIONSHIP( ) );
#2867 = PLANE ( 'NONE',  #2865 ) ;
#2868 = FACE_OUTER_BOUND ( 'NONE', #1085, .T. ) ;
#2869 = DIRECTION ( 'NONE',  ( 0.0000000000000000000, 0.0000000000000000000, 1.000000000000000000 ) ) ;
#2870 = VECTOR ( 'NONE', #2869, 1000.000000000000000 ) ;
#2871 = CARTESIAN_POINT ( 'NONE',  ( 3.000000000000000000, -7.650000000000000400, 3.399999999999999000 ) ) ;
#2872 = LINE ( 'NONE', #2871, #2870 ) ;
#2873 = DIRECTION ( 'NONE',  ( 0.0000000000000000000, 0.0000000000000000000, 1.000000000000000000 ) ) ;
#2874 = VECTOR ( 'NONE', #2873, 1000.000000000000000 ) ;
#2875 = CARTESIAN_POINT ( 'NONE',  ( -3.000000000000000000, -7.650000000000000400, 3.399999999999999000 ) ) ;
#2876 = LINE ( 'NONE', #2875, #2874 ) ;
#2877 = DIRECTION ( 'NONE',  ( 0.0000000000000000000, 0.0000000000000000000, 1.000000000000000000 ) ) ;
#2878 = DIRECTION ( 'NONE',  ( 0.0000000000000000000, 1.000000000000000000, 0.0000000000000000000 ) ) ;
#2879 = CARTESIAN_POINT ( 'NONE',  ( -3.000000000000000000, -7.650000000000000400, 3.399999999999999000 ) ) ;
#2880 = AXIS2_PLACEMENT_3D ( 'NONE', #2879, #2878, #2877 ) ;
#2881 = PLANE ( 'NONE',  #2880 ) ;
#2882 = FACE_OUTER_BOUND ( 'NONE', #1077, .T. ) ;
#2883 = CARTESIAN_POINT ( 'NONE',  ( -1.500843549988431400, -16.52191854456245700, 3.999999999999999100 ) ) ;
#2884 = CARTESIAN_POINT ( 'NONE',  ( -1.500843549988431800, -16.52191854456245700, 3.899999999999999500 ) ) ;
#2885 = DIRECTION ( 'NONE',  ( 1.000000000000000000, 0.0000000000000000000, 0.0000000000000000000 ) ) ;
#2886 = DIRECTION ( 'NONE',  ( 0.0000000000000000000, 0.0000000000000000000, 1.000000000000000000 ) ) ;
#2887 = CARTESIAN_POINT ( 'NONE',  ( 0.0000000000000000000, -15.20000000000000100, 3.899999999999999500 ) ) ;
#2888 = AXIS2_PLACEMENT_3D ( 'NONE', #2887, #2886, #2885 ) ;
#2889 = CIRCLE ( 'NONE', #2888, 2.000000000000000400 ) ;
#2890 = CARTESIAN_POINT ( 'NONE',  ( -1.041216884117042600, -16.90759111037438000, 3.899999999999999500 ) ) ;
#2891 = DIRECTION ( 'NONE',  ( 0.0000000000000000000, 0.0000000000000000000, -1.000000000000000000 ) ) ;
#2892 = VECTOR ( 'NONE', #2891, 1000.000000000000000 ) ;
#2893 = CARTESIAN_POINT ( 'NONE',  ( -1.041216884117042600, -16.90759111037438000, 3.999999999999999100 ) ) ;
#2894 = DIRECTION ( 'NONE',  ( -1.000000000000000000, 0.0000000000000000000, 0.0000000000000000000 ) ) ;
#2895 = DIRECTION ( 'NONE',  ( 0.0000000000000000000, 0.0000000000000000000, -1.000000000000000000 ) ) ;
#2896 = CARTESIAN_POINT ( 'NONE',  ( 0.0000000000000000000, -15.20000000000000100, 3.999999999999999100 ) ) ;
#2897 = AXIS2_PLACEMENT_3D ( 'NONE', #2896, #2895, #2894 ) ;
#2898 = LINE ( 'NONE', #2893, #2892 ) ;
#2899 = DIRECTION ( 'NONE',  ( 0.0000000000000000000, 0.0000000000000000000, -1.000000000000000000 ) ) ;
#2900 = VECTOR ( 'NONE', #2899, 1000.000000000000000 ) ;
#2901 = CARTESIAN_POINT ( 'NONE',  ( -3.000000000000000000, -30.34999999999999800, 3.399999999999997200 ) ) ;
#2902 = LINE ( 'NONE', #2901, #2900 ) ;
#2903 = DIRECTION ( 'NONE',  ( 0.0000000000000000000, 0.0000000000000000000, -1.000000000000000000 ) ) ;
#2904 = VECTOR ( 'NONE', #2903, 1000.000000000000000 ) ;
#2905 = CARTESIAN_POINT ( 'NONE',  ( 3.000000000000000000, -30.34999999999999800, 3.399999999999997200 ) ) ;
#2906 = LINE ( 'NONE', #2905, #2904 ) ;
#2907 = DIRECTION ( 'NONE',  ( 0.0000000000000000000, 0.0000000000000000000, 1.000000000000000000 ) ) ;
#2908 = VECTOR ( 'NONE', #2907, 1000.000000000000000 ) ;
#2909 = CARTESIAN_POINT ( 'NONE',  ( 4.000000000000001800, -5.500000000000000000, -3.500000000000000900 ) ) ;
#2910 = LINE ( 'NONE', #2909, #2908 ) ;
#2911 = DIRECTION ( 'NONE',  ( 0.0000000000000000000, 0.0000000000000000000, -1.000000000000000000 ) ) ;
#2912 = DIRECTION ( 'NONE',  ( 1.000000000000000000, 0.0000000000000000000, 0.0000000000000000000 ) ) ;
#2913 = CARTESIAN_POINT ( 'NONE',  ( 4.000000000000001800, -38.00000000000000000, -3.500000000000000900 ) ) ;
#2914 = AXIS2_PLACEMENT_3D ( 'NONE', #2913, #2912, #2911 ) ;
#2915 = PLANE ( 'NONE',  #2914 ) ;
#2916 = FACE_OUTER_BOUND ( 'NONE', #1102, .T. ) ;
#2917 = DIRECTION ( 'NONE',  ( 0.05233595624293719400, -0.9986295347545742800, 0.0000000000000000000 ) ) ;
#2918 = DIRECTION ( 'NONE',  ( -0.9986295347545742800, -0.05233595624293719400, 0.0000000000000000000 ) ) ;
#2919 = CARTESIAN_POINT ( 'NONE',  ( 3.711757213943311900, 2.407412430484044800E-032, -3.500000000000000900 ) ) ;
#2920 = AXIS2_PLACEMENT_3D ( 'NONE', #2919, #2918, #2917 ) ;
#2921 = PLANE ( 'NONE',  #2920 ) ;
#2922 = FACE_OUTER_BOUND ( 'NONE', #1095, .T. ) ;
#2923 = DIRECTION ( 'NONE',  ( -0.1736481776669339100, 0.9848077530122073500, 0.0000000000000000000 ) ) ;
#2924 = DIRECTION ( 'NONE',  ( 0.9848077530122074700, 0.1736481776669339400, 0.0000000000000000000 ) ) ;
#2925 = CARTESIAN_POINT ( 'NONE',  ( -3.030201606103422500, -38.00000000000000000, -3.500000000000000900 ) ) ;
#2926 = AXIS2_PLACEMENT_3D ( 'NONE', #2925, #2924, #2923 ) ;
#2927 = PLANE ( 'NONE',  #2926 ) ;
#2928 = FACE_OUTER_BOUND ( 'NONE', #1100, .T. ) ;
#2929 = DIRECTION ( 'NONE',  ( 0.0000000000000000000, 0.0000000000000000000, -1.000000000000000000 ) ) ;
#2930 = CARTESIAN_POINT ( 'NONE',  ( 3.030201606103482900, -38.00000000000000700, -3.500000000000000900 ) ) ;
#2931 = CIRCLE ( 'NONE', #2997, 2.000000000000000400 ) ;
#2932 = DIRECTION ( 'NONE',  ( -1.000000000000000000, 0.0000000000000000000, 1.084202172485504200E-016 ) ) ;
#2933 = VECTOR ( 'NONE', #2932, 1000.000000000000000 ) ;
#2934 = CARTESIAN_POINT ( 'NONE',  ( -4.000000000000000000, -38.00000000000000000, -3.500000000000000000 ) ) ;
#2935 = LINE ( 'NONE', #2934, #2933 ) ;
#2936 = DIRECTION ( 'NONE',  ( 0.0000000000000000000, 0.0000000000000000000, 1.000000000000000000 ) ) ;
#2937 = DIRECTION ( 'NONE',  ( 0.0000000000000000000, 1.000000000000000000, 0.0000000000000000000 ) ) ;
#2938 = CARTESIAN_POINT ( 'NONE',  ( -3.999999999999998200, -38.00000000000000000, 3.500000000000000000 ) ) ;
#2939 = AXIS2_PLACEMENT_3D ( 'NONE', #2938, #2937, #2936 ) ;
#2940 = PLANE ( 'NONE',  #2939 ) ;
#2941 = FACE_BOUND ( 'NONE', #2, .T. ) ;
#2942 = FACE_OUTER_BOUND ( 'NONE', #3456, .T. ) ;
#2943 = CARTESIAN_POINT ( 'NONE',  ( 1.041216884117042600, -13.49240888962562400, 3.999999999999999100 ) ) ;
#2944 = DIRECTION ( 'NONE',  ( 0.0000000000000000000, 0.0000000000000000000, -1.000000000000000000 ) ) ;
#2945 = DIRECTION ( 'NONE',  ( 1.000000000000000000, 0.0000000000000000000, 0.0000000000000000000 ) ) ;
#2946 = CARTESIAN_POINT ( 'NONE',  ( 3.000000000000000000, -7.650000000000000400, 3.399999999999999000 ) ) ;
#2947 = AXIS2_PLACEMENT_3D ( 'NONE', #2946, #2945, #2944 ) ;
#2948 = PLANE ( 'NONE',  #2947 ) ;
#2949 = FACE_OUTER_BOUND ( 'NONE', #1125, .T. ) ;
#2950 = DIRECTION ( 'NONE',  ( 0.0000000000000000000, 0.0000000000000000000, -1.000000000000000000 ) ) ;
#2951 = DIRECTION ( 'NONE',  ( 1.000000000000000000, 0.0000000000000000000, 0.0000000000000000000 ) ) ;
#2952 = CARTESIAN_POINT ( 'NONE',  ( -3.000000000000000000, -7.650000000000000400, 3.399999999999999000 ) ) ;
#2953 = AXIS2_PLACEMENT_3D ( 'NONE', #2952, #2951, #2950 ) ;
#2954 = PLANE ( 'NONE',  #2953 ) ;
#2955 = FACE_OUTER_BOUND ( 'NONE', #1119, .T. ) ;
#2956 = DIRECTION ( 'NONE',  ( 1.000000000000000000, 0.0000000000000000000, 0.0000000000000000000 ) ) ;
#2957 = DIRECTION ( 'NONE',  ( 0.0000000000000000000, 0.0000000000000000000, 1.000000000000000000 ) ) ;
#2958 = CARTESIAN_POINT ( 'NONE',  ( 0.0000000000000000000, -15.20000000000000100, 3.999999999999999100 ) ) ;
#2959 = AXIS2_PLACEMENT_3D ( 'NONE', #2958, #2957, #2956 ) ;
#2960 = CIRCLE ( 'NONE', #2959, 2.000000000000000400 ) ;
#2961 = DIRECTION ( 'NONE',  ( 0.0000000000000000000, 0.0000000000000000000, 1.000000000000000000 ) ) ;
#2962 = VECTOR ( 'NONE', #2961, 1000.000000000000000 ) ;
#2963 = CARTESIAN_POINT ( 'NONE',  ( -1.500843549988431800, -16.52191854456245700, 3.999999999999999100 ) ) ;
#2964 = LINE ( 'NONE', #2963, #2962 ) ;
#2965 = VECTOR ( 'NONE', #3017, 1000.000000000000000 ) ;
#2966 = CARTESIAN_POINT ( 'NONE',  ( -4.000000000000000000, 0.0000000000000000000, -3.500000000000000000 ) ) ;
#2967 = LINE ( 'NONE', #2966, #2965 ) ;
#2968 = CARTESIAN_POINT ( 'NONE',  ( -3.711757213943292400, 0.0000000000000000000, -3.500000000000000900 ) ) ;
#2969 = DIRECTION ( 'NONE',  ( 0.0000000000000000000, 0.0000000000000000000, 1.000000000000000000 ) ) ;
#2970 = VECTOR ( 'NONE', #2969, 1000.000000000000000 ) ;
#2971 = CARTESIAN_POINT ( 'NONE',  ( 3.030201606103482900, -38.00000000000000700, -3.500000000000000900 ) ) ;
#2972 = LINE ( 'NONE', #2971, #2970 ) ;
#2973 = CARTESIAN_POINT ( 'NONE',  ( -3.030201606103422900, -38.00000000000000000, -3.500000000000000000 ) ) ;
#2974 = DIRECTION ( 'NONE',  ( 1.000000000000000000, 0.0000000000000000000, 0.0000000000000000000 ) ) ;
#2975 = DIRECTION ( 'NONE',  ( 0.0000000000000000000, 0.0000000000000000000, 1.000000000000000000 ) ) ;
#2976 = CARTESIAN_POINT ( 'NONE',  ( 0.0000000000000000000, -15.20000000000000100, 3.999999999999999100 ) ) ;
#2977 = AXIS2_PLACEMENT_3D ( 'NONE', #2976, #2975, #2974 ) ;
#2978 = PLANE ( 'NONE',  #2977 ) ;
#2979 = FACE_OUTER_BOUND ( 'NONE', #51, .T. ) ;
#2980 = DIRECTION ( 'NONE',  ( 0.0000000000000000000, 0.0000000000000000000, 1.000000000000000000 ) ) ;
#2981 = VECTOR ( 'NONE', #2980, 1000.000000000000000 ) ;
#2982 = CARTESIAN_POINT ( 'NONE',  ( 1.500843549988432100, -13.87808145543754500, 3.999999999999999100 ) ) ;
#2983 = LINE ( 'NONE', #2982, #2981 ) ;
#2984 = DIRECTION ( 'NONE',  ( 0.6427876096865347000, 0.7660444431189819000, 0.0000000000000000000 ) ) ;
#2985 = VECTOR ( 'NONE', #2984, 1000.000000000000000 ) ;
#2986 = CARTESIAN_POINT ( 'NONE',  ( 0.2298133329356948400, -15.39283628290596300, 3.999999999999999100 ) ) ;
#2987 = LINE ( 'NONE', #2986, #2985 ) ;
#2988 = CARTESIAN_POINT ( 'NONE',  ( -1.041216884117042800, -16.90759111037438000, 3.999999999999999100 ) ) ;
#2989 = DIRECTION ( 'NONE',  ( 1.000000000000000000, 0.0000000000000000000, 0.0000000000000000000 ) ) ;
#2990 = DIRECTION ( 'NONE',  ( 0.0000000000000000000, 0.0000000000000000000, 1.000000000000000000 ) ) ;
#2991 = CARTESIAN_POINT ( 'NONE',  ( 0.0000000000000000000, -15.20000000000000100, 3.999999999999999100 ) ) ;
#2992 = AXIS2_PLACEMENT_3D ( 'NONE', #2991, #2990, #2989 ) ;
#2993 = CIRCLE ( 'NONE', #2992, 2.000000000000000400 ) ;
#2994 = DIRECTION ( 'NONE',  ( 1.000000000000000000, 0.0000000000000000000, 0.0000000000000000000 ) ) ;
#2995 = DIRECTION ( 'NONE',  ( 0.0000000000000000000, 0.0000000000000000000, 1.000000000000000000 ) ) ;
#2996 = CARTESIAN_POINT ( 'NONE',  ( 0.0000000000000000000, -15.20000000000000100, 3.999999999999999100 ) ) ;
#2997 = AXIS2_PLACEMENT_3D ( 'NONE', #2996, #2995, #2994 ) ;
#2998 = AXIS2_PLACEMENT_3D ( 'NONE', #3032, #3031, #3030 ) ;
#2999 = ADVANCED_BREP_SHAPE_REPRESENTATION ( '', ( #22, #2998 ), #3000 ) ;
#3000 =( GEOMETRIC_REPRESENTATION_CONTEXT ( 3 ) GLOBAL_UNCERTAINTY_ASSIGNED_CONTEXT ( ( #3001 ) ) GLOBAL_UNIT_ASSIGNED_CONTEXT ( ( #3004, #3003, #3002 ) ) REPRESENTATION_CONTEXT ( 'NONE', 'WORKASPACE' ) );
#3001 = UNCERTAINTY_MEASURE_WITH_UNIT (LENGTH_MEASURE( 1.000000000000000100E-005 ), #3004, 'distance_accuracy_value', 'NONE');
#3002 =( NAMED_UNIT ( * ) SI_UNIT ( $, .STERADIAN. ) SOLID_ANGLE_UNIT ( ) );
#3003 =( NAMED_UNIT ( * ) PLANE_ANGLE_UNIT ( ) SI_UNIT ( $, .RADIAN. ) );
#3004 =( LENGTH_UNIT ( ) NAMED_UNIT ( * ) SI_UNIT ( .MILLI., .METRE. ) );
#3005 = CARTESIAN_POINT ( 'NONE',  ( 3.030201606103482900, -38.00000000000000000, 3.499999999999999100 ) ) ;
#3006 = CARTESIAN_POINT ( 'NONE',  ( -3.030201606103422500, -38.00000000000000000, 3.500000000000000000 ) ) ;
#3007 = DIRECTION ( 'NONE',  ( 1.000000000000000000, 0.0000000000000000000, -1.084202172485504400E-016 ) ) ;
#3008 = VECTOR ( 'NONE', #3007, 1000.000000000000000 ) ;
#3009 = CARTESIAN_POINT ( 'NONE',  ( -3.999999999999998200, -38.00000000000000000, 3.500000000000000000 ) ) ;
#3010 = LINE ( 'NONE', #3009, #3008 ) ;
#3011 = DIRECTION ( 'NONE',  ( 0.0000000000000000000, 0.0000000000000000000, 1.000000000000000000 ) ) ;
#3012 = VECTOR ( 'NONE', #3011, 1000.000000000000000 ) ;
#3013 = CARTESIAN_POINT ( 'NONE',  ( -3.030201606103422500, -38.00000000000000000, -3.500000000000000900 ) ) ;
#3014 = LINE ( 'NONE', #3013, #3012 ) ;
#3015 = CARTESIAN_POINT ( 'NONE',  ( 3.711757213943312400, 0.0000000000000000000, -3.500000000000000900 ) ) ;
#3016 = CARTESIAN_POINT ( 'NONE',  ( 3.711757213943311900, 2.407412430484044800E-032, 3.500000000000000000 ) ) ;
#3017 = DIRECTION ( 'NONE',  ( -1.000000000000000000, 0.0000000000000000000, 1.084202172485504200E-016 ) ) ;
#3018 = SHAPE_REPRESENTATION_RELATIONSHIP ( 'NONE' , 'NONE' ,  #3020, #3021 ) ;
#3019 = DIRECTION ( 'NONE',  ( 0.0000000000000000000, 0.0000000000000000000, 1.000000000000000000 ) ) ;
#3020 = SHAPE_REPRESENTATION ( 'EX-15D_√ﬁÃ´Ÿƒ', ( #2998 ), #3022 ) ;
#3021 = ADVANCED_BREP_SHAPE_REPRESENTATION ( '', ( #692, #2998 ), #3022 ) ;
#3022 =( GEOMETRIC_REPRESENTATION_CONTEXT ( 3 ) GLOBAL_UNCERTAINTY_ASSIGNED_CONTEXT ( ( #3023 ) ) GLOBAL_UNIT_ASSIGNED_CONTEXT ( ( #3026, #3025, #3024 ) ) REPRESENTATION_CONTEXT ( 'NONE', 'WORKASPACE' ) );
#3023 = UNCERTAINTY_MEASURE_WITH_UNIT (LENGTH_MEASURE( 1.000000000000000100E-005 ), #3026, 'distance_accuracy_value', 'NONE');
#3024 =( NAMED_UNIT ( * ) SI_UNIT ( $, .STERADIAN. ) SOLID_ANGLE_UNIT ( ) );
#3025 =( NAMED_UNIT ( * ) PLANE_ANGLE_UNIT ( ) SI_UNIT ( $, .RADIAN. ) );
#3026 =( LENGTH_UNIT ( ) NAMED_UNIT ( * ) SI_UNIT ( .MILLI., .METRE. ) );
#3027 = CARTESIAN_POINT ( 'NONE',  ( 0.0000000000000000000, 0.0000000000000000000, 0.0000000000000000000 ) ) ;
#3028 = SHAPE_REPRESENTATION_RELATIONSHIP ( 'NONE' , 'NONE' ,  #3029, #2999 ) ;
#3029 = SHAPE_REPRESENTATION ( 'EX-15_switch_√ﬁÃ´Ÿƒ', ( #2998 ), #3000 ) ;
#3030 = DIRECTION ( 'NONE',  ( 1.000000000000000000, 0.0000000000000000000, 0.0000000000000000000 ) ) ;
#3031 = DIRECTION ( 'NONE',  ( 0.0000000000000000000, 0.0000000000000000000, 1.000000000000000000 ) ) ;
#3032 = CARTESIAN_POINT ( 'NONE',  ( 0.0000000000000000000, 0.0000000000000000000, 0.0000000000000000000 ) ) ;
#3033 = DIRECTION ( 'NONE',  ( -1.000000000000000000, 0.0000000000000000000, -1.224606353822377300E-016 ) ) ;
#3034 = DIRECTION ( 'NONE',  ( 1.224606353822377300E-016, 0.0000000000000000000, -1.000000000000000000 ) ) ;
#3035 = CARTESIAN_POINT ( 'NONE',  ( 0.0000000000000000000, 0.0000000000000000000, 50.00000000000000000 ) ) ;
#3036 = AXIS2_PLACEMENT_3D ( 'NONE', #3035, #3034, #3033 ) ;
#3037 = DIRECTION ( 'NONE',  ( 1.000000000000000000, 0.0000000000000000000, 0.0000000000000000000 ) ) ;
#3038 = DIRECTION ( 'NONE',  ( 0.0000000000000000000, 0.0000000000000000000, 1.000000000000000000 ) ) ;
#3039 = CARTESIAN_POINT ( 'NONE',  ( 0.0000000000000000000, 0.0000000000000000000, -50.00000000000000000 ) ) ;
#3040 = AXIS2_PLACEMENT_3D ( 'NONE', #3039, #3038, #3037 ) ;
#3041 = DIRECTION ( 'NONE',  ( 0.0000000000000000000, 0.0000000000000000000, -1.000000000000000000 ) ) ;
#3042 = DIRECTION ( 'NONE',  ( 1.000000000000000000, 0.0000000000000000000, 0.0000000000000000000 ) ) ;
#3043 = CARTESIAN_POINT ( 'NONE',  ( 0.0000000000000000000, -70.00000000000000000, 0.0000000000000000000 ) ) ;
#3044 = AXIS2_PLACEMENT_3D ( 'NONE', #3043, #3042, #3041 ) ;
#3045 = DIRECTION ( 'NONE',  ( 1.000000000000000000, 0.0000000000000000000, 0.0000000000000000000 ) ) ;
#3046 = DIRECTION ( 'NONE',  ( 0.0000000000000000000, 0.0000000000000000000, 1.000000000000000000 ) ) ;
#3047 = CARTESIAN_POINT ( 'NONE',  ( 0.0000000000000000000, 0.0000000000000000000, 0.0000000000000000000 ) ) ;
#3048 = AXIS2_PLACEMENT_3D ( 'NONE', #3047, #3046, #3045 ) ;
#3049 = SHAPE_REPRESENTATION ( 'EX-15', ( #3054, #3044, #3040, #3036 ), #3078 ) ;
#3050 = CC_DESIGN_SECURITY_CLASSIFICATION ( #3051, ( #3076 ) ) ;
#3051 = SECURITY_CLASSIFICATION ( '', '', #3052 ) ;
#3052 = SECURITY_CLASSIFICATION_LEVEL ( 'unclassified' ) ;
#3053 = DIRECTION ( 'NONE',  ( 1.000000000000000000, 0.0000000000000000000, 0.0000000000000000000 ) ) ;
#3054 = AXIS2_PLACEMENT_3D ( 'NONE', #3027, #3019, #3053 ) ;
#3055 = SHAPE_REPRESENTATION_RELATIONSHIP ( 'NONE' , 'NONE' ,  #3056, #3057 ) ;
#3056 = SHAPE_REPRESENTATION ( 'EX-15P_√ﬁÃ´Ÿƒ', ( #2998 ), #3058 ) ;
#3057 = ADVANCED_BREP_SHAPE_REPRESENTATION ( '', ( #593, #2998 ), #3058 ) ;
#3058 =( GEOMETRIC_REPRESENTATION_CONTEXT ( 3 ) GLOBAL_UNCERTAINTY_ASSIGNED_CONTEXT ( ( #3059 ) ) GLOBAL_UNIT_ASSIGNED_CONTEXT ( ( #3062, #3061, #3060 ) ) REPRESENTATION_CONTEXT ( 'NONE', 'WORKASPACE' ) );
#3059 = UNCERTAINTY_MEASURE_WITH_UNIT (LENGTH_MEASURE( 1.000000000000000100E-005 ), #3062, 'distance_accuracy_value', 'NONE');
#3060 =( NAMED_UNIT ( * ) SI_UNIT ( $, .STERADIAN. ) SOLID_ANGLE_UNIT ( ) );
#3061 =( NAMED_UNIT ( * ) PLANE_ANGLE_UNIT ( ) SI_UNIT ( $, .RADIAN. ) );
#3062 =( LENGTH_UNIT ( ) NAMED_UNIT ( * ) SI_UNIT ( .MILLI., .METRE. ) );
#3063 = CC_DESIGN_PERSON_AND_ORGANIZATION_ASSIGNMENT ( #3068, #3065, ( #3092 ) ) ;
#3064 = CC_DESIGN_DATE_AND_TIME_ASSIGNMENT ( #3084, #3066, ( #3092 ) ) ;
#3065 = PERSON_AND_ORGANIZATION_ROLE ( 'classification_officer' ) ;
#3066 = DATE_TIME_ROLE ( 'classification_date' ) ;
#3067 = APPROVAL_PERSON_ORGANIZATION ( #3068, #3089, #3071 ) ;
#3068 = PERSON_AND_ORGANIZATION ( #3070, #3069 ) ;
#3069 = ORGANIZATION ( 'NAUO-ORG3', 'UNSPECIFIED', 'UNSPECIFIED' ) ;
#3070 = PERSON ( 'NAUO-PER3', 'UNSPECIFIED', 'UNSPECIFIED', ('UNSPECIFIED'), ('UNSPECIFIED'), ('UNSPECIFIED') ) ;
#3071 = APPROVAL_ROLE ( '' ) ;
#3072 = APPROVAL_DATE_TIME ( #3073, #3089 ) ;
#3073 = DATE_AND_TIME ( #3074, #3075 ) ;
#3074 = CALENDAR_DATE ( 2005, 5, 9 ) ;
#3075 = LOCAL_TIME ( 16, 8, 38.00000000000000000, #3083 ) ;
#3076 = NEXT_ASSEMBLY_USAGE_OCCURRENCE ( 'NAUO1', ' ', ' ', #3183, #3371, $ ) ;
#3077 = PRODUCT_DEFINITION_SHAPE ( 'NONE', 'NONE',  #3076 ) ;
#3078 =( GEOMETRIC_REPRESENTATION_CONTEXT ( 3 ) GLOBAL_UNCERTAINTY_ASSIGNED_CONTEXT ( ( #3079 ) ) GLOBAL_UNIT_ASSIGNED_CONTEXT ( ( #3082, #3081, #3080 ) ) REPRESENTATION_CONTEXT ( 'NONE', 'WORKASPACE' ) );
#3079 = UNCERTAINTY_MEASURE_WITH_UNIT (LENGTH_MEASURE( 1.000000000000000100E-005 ), #3082, 'distance_accuracy_value', 'NONE');
#3080 =( NAMED_UNIT ( * ) SI_UNIT ( $, .STERADIAN. ) SOLID_ANGLE_UNIT ( ) );
#3081 =( NAMED_UNIT ( * ) PLANE_ANGLE_UNIT ( ) SI_UNIT ( $, .RADIAN. ) );
#3082 =( LENGTH_UNIT ( ) NAMED_UNIT ( * ) SI_UNIT ( .MILLI., .METRE. ) );
#3083 = COORDINATED_UNIVERSAL_TIME_OFFSET ( 9, 0, .AHEAD. ) ;
#3084 = DATE_AND_TIME ( #3085, #3086 ) ;
#3085 = CALENDAR_DATE ( 2005, 5, 9 ) ;
#3086 = LOCAL_TIME ( 16, 8, 38.00000000000000000, #3087 ) ;
#3087 = COORDINATED_UNIVERSAL_TIME_OFFSET ( 9, 0, .AHEAD. ) ;
#3088 = CC_DESIGN_APPROVAL ( #3089, ( #3092 ) ) ;
#3089 = APPROVAL ( #3090, 'UNKNOWN' ) ;
#3090 = APPROVAL_STATUS ( 'not_yet_approved' ) ;
#3091 = CC_DESIGN_SECURITY_CLASSIFICATION ( #3092, ( #3094 ) ) ;
#3092 = SECURITY_CLASSIFICATION ( '', '', #3093 ) ;
#3093 = SECURITY_CLASSIFICATION_LEVEL ( 'unclassified' ) ;
#3094 = NEXT_ASSEMBLY_USAGE_OCCURRENCE ( 'NAUO2', ' ', ' ', #3183, #3278, $ ) ;
#3095 = PRODUCT_DEFINITION_SHAPE ( 'NONE', 'NONE',  #3094 ) ;
#3096 =( REPRESENTATION_RELATIONSHIP ('NONE','NONE', #3049, #3056 ) REPRESENTATION_RELATIONSHIP_WITH_TRANSFORMATION ( #3097 )SHAPE_REPRESENTATION_RELATIONSHIP( ) );
#3097 = ITEM_DEFINED_TRANSFORMATION ( 'NONE', 'NONE', #3036,  #2998 ) ;
#3098 = CONTEXT_DEPENDENT_SHAPE_REPRESENTATION ( #2866, #3077 ) ;
#3099 = CC_DESIGN_PERSON_AND_ORGANIZATION_ASSIGNMENT ( #3104, #3101, ( #3051 ) ) ;
#3100 = CC_DESIGN_DATE_AND_TIME_ASSIGNMENT ( #3113, #3102, ( #3051 ) ) ;
#3101 = PERSON_AND_ORGANIZATION_ROLE ( 'classification_officer' ) ;
#3102 = DATE_TIME_ROLE ( 'classification_date' ) ;
#3103 = APPROVAL_PERSON_ORGANIZATION ( #3104, #3118, #3107 ) ;
#3104 = PERSON_AND_ORGANIZATION ( #3106, #3105 ) ;
#3105 = ORGANIZATION ( 'NAUO-ORG2', 'UNSPECIFIED', 'UNSPECIFIED' ) ;
#3106 = PERSON ( 'NAUO-PER2', 'UNSPECIFIED', 'UNSPECIFIED', ('UNSPECIFIED'), ('UNSPECIFIED'), ('UNSPECIFIED') ) ;
#3107 = APPROVAL_ROLE ( '' ) ;
#3108 = APPROVAL_DATE_TIME ( #3109, #3118 ) ;
#3109 = DATE_AND_TIME ( #3110, #3111 ) ;
#3110 = CALENDAR_DATE ( 2005, 5, 9 ) ;
#3111 = LOCAL_TIME ( 16, 8, 38.00000000000000000, #3112 ) ;
#3112 = COORDINATED_UNIVERSAL_TIME_OFFSET ( 9, 0, .AHEAD. ) ;
#3113 = DATE_AND_TIME ( #3114, #3115 ) ;
#3114 = CALENDAR_DATE ( 2005, 5, 9 ) ;
#3115 = LOCAL_TIME ( 16, 8, 38.00000000000000000, #3116 ) ;
#3116 = COORDINATED_UNIVERSAL_TIME_OFFSET ( 9, 0, .AHEAD. ) ;
#3117 = CC_DESIGN_APPROVAL ( #3118, ( #3051 ) ) ;
#3118 = APPROVAL ( #3119, 'UNKNOWN' ) ;
#3119 = APPROVAL_STATUS ( 'not_yet_approved' ) ;
#3120 = APPLICATION_CONTEXT ( 'configuration controlled 3d designs of mechanical parts and assemblies' ) ;
#3121 = SHAPE_DEFINITION_REPRESENTATION ( #3396, #3020 ) ;
#3122 = CC_DESIGN_PERSON_AND_ORGANIZATION_ASSIGNMENT ( #3124, #3123, ( #3125 ) ) ;
#3123 = PERSON_AND_ORGANIZATION_ROLE ( 'design_owner' ) ;
#3124 = PERSON_AND_ORGANIZATION ( #3192, #3191 ) ;
#3125 = PRODUCT ( 'EX-15D_√ﬁÃ´Ÿƒ', 'EX-15D_√ﬁÃ´Ÿƒ', '', ( #3126 ) ) ;
#3126 = MECHANICAL_CONTEXT ( 'NONE', #3128, 'mechanical' ) ;
#3127 = APPLICATION_PROTOCOL_DEFINITION ( 'international standard', 'config_control_design', 1994, #3128 ) ;
#3128 = APPLICATION_CONTEXT ( 'configuration controlled 3d designs of mechanical parts and assemblies' ) ;
#3129 = COORDINATED_UNIVERSAL_TIME_OFFSET ( 9, 0, .AHEAD. ) ;
#3130 = CC_DESIGN_PERSON_AND_ORGANIZATION_ASSIGNMENT ( #3132, #3131, ( #3144 ) ) ;
#3131 = PERSON_AND_ORGANIZATION_ROLE ( 'creator' ) ;
#3132 = PERSON_AND_ORGANIZATION ( #3192, #3191 ) ;
#3133 = CC_DESIGN_APPROVAL ( #3141, ( #3144 ) ) ;
#3134 = APPROVAL_DATE_TIME ( #3135, #3141 ) ;
#3135 = DATE_AND_TIME ( #3136, #3137 ) ;
#3136 = CALENDAR_DATE ( 2005, 5, 9 ) ;
#3137 = LOCAL_TIME ( 16, 8, 38.00000000000000000, #3138 ) ;
#3138 = COORDINATED_UNIVERSAL_TIME_OFFSET ( 9, 0, .AHEAD. ) ;
#3139 = APPROVAL_PERSON_ORGANIZATION ( #3143, #3141, #3140 ) ;
#3140 = APPROVAL_ROLE ( '' ) ;
#3141 = APPROVAL ( #3142, 'UNSPECIFIED' ) ;
#3142 = APPROVAL_STATUS ( 'not_yet_approved' ) ;
#3143 = PERSON_AND_ORGANIZATION ( #3192, #3191 ) ;
#3144 = PRODUCT_DEFINITION ( 'UNKNOWN', '', #3389, #3145 ) ;
#3145 = DESIGN_CONTEXT ( 'detailed design', #3147, 'design' ) ;
#3146 = APPLICATION_PROTOCOL_DEFINITION ( 'international standard', 'config_control_design', 1994, #3147 ) ;
#3147 = APPLICATION_CONTEXT ( 'configuration controlled 3d designs of mechanical parts and assemblies' ) ;
#3148 = SHAPE_DEFINITION_REPRESENTATION ( #3424, #3029 ) ;
#3149 = CC_DESIGN_PERSON_AND_ORGANIZATION_ASSIGNMENT ( #3151, #3150, ( #3152 ) ) ;
#3150 = PERSON_AND_ORGANIZATION_ROLE ( 'design_owner' ) ;
#3151 = PERSON_AND_ORGANIZATION ( #3192, #3191 ) ;
#3152 = PRODUCT ( 'EX-15_switch_√ﬁÃ´Ÿƒ', 'EX-15_switch_√ﬁÃ´Ÿƒ', '', ( #3153 ) ) ;
#3153 = MECHANICAL_CONTEXT ( 'NONE', #3155, 'mechanical' ) ;
#3154 = APPLICATION_PROTOCOL_DEFINITION ( 'international standard', 'config_control_design', 1994, #3155 ) ;
#3155 = APPLICATION_CONTEXT ( 'configuration controlled 3d designs of mechanical parts and assemblies' ) ;
#3156 = PERSON ( 'NAUO-PER1', 'UNSPECIFIED', 'UNSPECIFIED', ('UNSPECIFIED'), ('UNSPECIFIED'), ('UNSPECIFIED') ) ;
#3157 = APPROVAL_ROLE ( '' ) ;
#3158 = APPROVAL_DATE_TIME ( #3159, #3293 ) ;
#3159 = DATE_AND_TIME ( #3160, #3161 ) ;
#3160 = CALENDAR_DATE ( 2005, 5, 9 ) ;
#3161 = LOCAL_TIME ( 16, 8, 38.00000000000000000, #3162 ) ;
#3162 = COORDINATED_UNIVERSAL_TIME_OFFSET ( 9, 0, .AHEAD. ) ;
#3163 = CALENDAR_DATE ( 2005, 5, 9 ) ;
#3164 = LOCAL_TIME ( 16, 8, 38.00000000000000000, #3165 ) ;
#3165 = COORDINATED_UNIVERSAL_TIME_OFFSET ( 9, 0, .AHEAD. ) ;
#3166 = DATE_AND_TIME ( #3245, #3167 ) ;
#3167 = LOCAL_TIME ( 16, 8, 38.00000000000000000, #3168 ) ;
#3168 = COORDINATED_UNIVERSAL_TIME_OFFSET ( 9, 0, .AHEAD. ) ;
#3169 = CC_DESIGN_PERSON_AND_ORGANIZATION_ASSIGNMENT ( #3171, #3170, ( #3183 ) ) ;
#3170 = PERSON_AND_ORGANIZATION_ROLE ( 'creator' ) ;
#3171 = PERSON_AND_ORGANIZATION ( #3192, #3191 ) ;
#3172 = CC_DESIGN_APPROVAL ( #3180, ( #3183 ) ) ;
#3173 = APPROVAL_DATE_TIME ( #3174, #3180 ) ;
#3174 = DATE_AND_TIME ( #3175, #3176 ) ;
#3175 = CALENDAR_DATE ( 2005, 5, 9 ) ;
#3176 = LOCAL_TIME ( 16, 8, 38.00000000000000000, #3177 ) ;
#3177 = COORDINATED_UNIVERSAL_TIME_OFFSET ( 9, 0, .AHEAD. ) ;
#3178 = APPROVAL_PERSON_ORGANIZATION ( #3182, #3180, #3179 ) ;
#3179 = APPROVAL_ROLE ( '' ) ;
#3180 = APPROVAL ( #3181, 'UNSPECIFIED' ) ;
#3181 = APPROVAL_STATUS ( 'not_yet_approved' ) ;
#3182 = PERSON_AND_ORGANIZATION ( #3192, #3191 ) ;
#3183 = PRODUCT_DEFINITION ( 'UNKNOWN', '', #3241, #3184 ) ;
#3184 = DESIGN_CONTEXT ( 'detailed design', #3186, 'design' ) ;
#3185 = APPLICATION_PROTOCOL_DEFINITION ( 'international standard', 'config_control_design', 1994, #3186 ) ;
#3186 = APPLICATION_CONTEXT ( 'configuration controlled 3d designs of mechanical parts and assemblies' ) ;
#3187 = SHAPE_DEFINITION_REPRESENTATION ( #3289, #3049 ) ;
#3188 = CC_DESIGN_PERSON_AND_ORGANIZATION_ASSIGNMENT ( #3190, #3189, ( #3193 ) ) ;
#3189 = PERSON_AND_ORGANIZATION_ROLE ( 'design_owner' ) ;
#3190 = PERSON_AND_ORGANIZATION ( #3192, #3191 ) ;
#3191 = ORGANIZATION ( 'UNSPECIFIED', 'UNSPECIFIED', '' ) ;
#3192 = PERSON ( 'UNSPECIFIED', 'UNSPECIFIED', 'UNSPECIFIED', ('UNSPECIFIED'), ('UNSPECIFIED'), ('UNSPECIFIED') ) ;
#3193 = PRODUCT ( 'EX-15', 'EX-15', '', ( #3194 ) ) ;
#3194 = MECHANICAL_CONTEXT ( 'NONE', #3196, 'mechanical' ) ;
#3195 = APPLICATION_PROTOCOL_DEFINITION ( 'international standard', 'config_control_design', 1994, #3196 ) ;
#3196 = APPLICATION_CONTEXT ( 'configuration controlled 3d designs of mechanical parts and assemblies' ) ;
#3197 = SECURITY_CLASSIFICATION ( '', '', #3198 ) ;
#3198 = SECURITY_CLASSIFICATION_LEVEL ( 'unclassified' ) ;
#3199 = NEXT_ASSEMBLY_USAGE_OCCURRENCE ( 'NAUO3', ' ', ' ', #3183, #3144, $ ) ;
#3200 = PRODUCT_DEFINITION_SHAPE ( 'NONE', 'NONE',  #3199 ) ;
#3201 = CC_DESIGN_SECURITY_CLASSIFICATION ( #3222, ( #3241 ) ) ;
#3202 = CC_DESIGN_APPROVAL ( #3210, ( #3222 ) ) ;
#3203 = APPROVAL_DATE_TIME ( #3204, #3210 ) ;
#3204 = DATE_AND_TIME ( #3205, #3206 ) ;
#3205 = CALENDAR_DATE ( 2005, 5, 9 ) ;
#3206 = LOCAL_TIME ( 16, 8, 38.00000000000000000, #3207 ) ;
#3207 = COORDINATED_UNIVERSAL_TIME_OFFSET ( 9, 0, .AHEAD. ) ;
#3208 = APPROVAL_PERSON_ORGANIZATION ( #3212, #3210, #3209 ) ;
#3209 = APPROVAL_ROLE ( '' ) ;
#3210 = APPROVAL ( #3211, 'UNSPECIFIED' ) ;
#3211 = APPROVAL_STATUS ( 'not_yet_approved' ) ;
#3212 = PERSON_AND_ORGANIZATION ( #3192, #3191 ) ;
#3213 = CC_DESIGN_DATE_AND_TIME_ASSIGNMENT ( #3215, #3214, ( #3222 ) ) ;
#3214 = DATE_TIME_ROLE ( 'classification_date' ) ;
#3215 = DATE_AND_TIME ( #3216, #3217 ) ;
#3216 = CALENDAR_DATE ( 2005, 5, 9 ) ;
#3217 = LOCAL_TIME ( 16, 8, 38.00000000000000000, #3218 ) ;
#3218 = COORDINATED_UNIVERSAL_TIME_OFFSET ( 9, 0, .AHEAD. ) ;
#3219 = CC_DESIGN_PERSON_AND_ORGANIZATION_ASSIGNMENT ( #3221, #3220, ( #3222 ) ) ;
#3220 = PERSON_AND_ORGANIZATION_ROLE ( 'classification_officer' ) ;
#3221 = PERSON_AND_ORGANIZATION ( #3192, #3191 ) ;
#3222 = SECURITY_CLASSIFICATION ( '', '', #3223 ) ;
#3223 = SECURITY_CLASSIFICATION_LEVEL ( 'unclassified' ) ;
#3224 = CC_DESIGN_PERSON_AND_ORGANIZATION_ASSIGNMENT ( #3226, #3225, ( #3241 ) ) ;
#3225 = PERSON_AND_ORGANIZATION_ROLE ( 'design_supplier' ) ;
#3226 = PERSON_AND_ORGANIZATION ( #3192, #3191 ) ;
#3227 = CC_DESIGN_PERSON_AND_ORGANIZATION_ASSIGNMENT ( #3229, #3228, ( #3241 ) ) ;
#3228 = PERSON_AND_ORGANIZATION_ROLE ( 'creator' ) ;
#3229 = PERSON_AND_ORGANIZATION ( #3192, #3191 ) ;
#3230 = CC_DESIGN_APPROVAL ( #3238, ( #3241 ) ) ;
#3231 = APPROVAL_DATE_TIME ( #3232, #3238 ) ;
#3232 = DATE_AND_TIME ( #3233, #3234 ) ;
#3233 = CALENDAR_DATE ( 2005, 5, 9 ) ;
#3234 = LOCAL_TIME ( 16, 8, 38.00000000000000000, #3235 ) ;
#3235 = COORDINATED_UNIVERSAL_TIME_OFFSET ( 9, 0, .AHEAD. ) ;
#3236 = APPROVAL_PERSON_ORGANIZATION ( #3240, #3238, #3237 ) ;
#3237 = APPROVAL_ROLE ( '' ) ;
#3238 = APPROVAL ( #3239, 'UNSPECIFIED' ) ;
#3239 = APPROVAL_STATUS ( 'not_yet_approved' ) ;
#3240 = PERSON_AND_ORGANIZATION ( #3192, #3191 ) ;
#3241 = PRODUCT_DEFINITION_FORMATION_WITH_SPECIFIED_SOURCE ( 'ANY', '', #3193, .NOT_KNOWN. ) ;
#3242 = ITEM_DEFINED_TRANSFORMATION ( 'NONE', 'NONE', #3044,  #2998 ) ;
#3243 = CC_DESIGN_DATE_AND_TIME_ASSIGNMENT ( #3166, #3244, ( #3183 ) ) ;
#3244 = DATE_TIME_ROLE ( 'creation_date' ) ;
#3245 = CALENDAR_DATE ( 2005, 5, 9 ) ;
#3246 = CC_DESIGN_APPROVAL ( #3254, ( #3257 ) ) ;
#3247 = APPROVAL_DATE_TIME ( #3248, #3254 ) ;
#3248 = DATE_AND_TIME ( #3249, #3250 ) ;
#3249 = CALENDAR_DATE ( 2005, 5, 9 ) ;
#3250 = LOCAL_TIME ( 16, 8, 38.00000000000000000, #3251 ) ;
#3251 = COORDINATED_UNIVERSAL_TIME_OFFSET ( 9, 0, .AHEAD. ) ;
#3252 = APPROVAL_PERSON_ORGANIZATION ( #3256, #3254, #3253 ) ;
#3253 = APPROVAL_ROLE ( '' ) ;
#3254 = APPROVAL ( #3255, 'UNSPECIFIED' ) ;
#3255 = APPROVAL_STATUS ( 'not_yet_approved' ) ;
#3256 = PERSON_AND_ORGANIZATION ( #3192, #3191 ) ;
#3257 = PRODUCT_DEFINITION_FORMATION_WITH_SPECIFIED_SOURCE ( 'ANY', '', #3286, .NOT_KNOWN. ) ;
#3258 = CC_DESIGN_DATE_AND_TIME_ASSIGNMENT ( #3260, #3259, ( #3278 ) ) ;
#3259 = DATE_TIME_ROLE ( 'creation_date' ) ;
#3260 = DATE_AND_TIME ( #3261, #3262 ) ;
#3261 = CALENDAR_DATE ( 2005, 5, 9 ) ;
#3262 = LOCAL_TIME ( 16, 8, 38.00000000000000000, #3263 ) ;
#3263 = COORDINATED_UNIVERSAL_TIME_OFFSET ( 9, 0, .AHEAD. ) ;
#3264 = CC_DESIGN_PERSON_AND_ORGANIZATION_ASSIGNMENT ( #3266, #3265, ( #3278 ) ) ;
#3265 = PERSON_AND_ORGANIZATION_ROLE ( 'creator' ) ;
#3266 = PERSON_AND_ORGANIZATION ( #3192, #3191 ) ;
#3267 = CC_DESIGN_APPROVAL ( #3275, ( #3278 ) ) ;
#3268 = APPROVAL_DATE_TIME ( #3269, #3275 ) ;
#3269 = DATE_AND_TIME ( #3270, #3271 ) ;
#3270 = CALENDAR_DATE ( 2005, 5, 9 ) ;
#3271 = LOCAL_TIME ( 16, 8, 38.00000000000000000, #3272 ) ;
#3272 = COORDINATED_UNIVERSAL_TIME_OFFSET ( 9, 0, .AHEAD. ) ;
#3273 = APPROVAL_PERSON_ORGANIZATION ( #3277, #3275, #3274 ) ;
#3274 = APPROVAL_ROLE ( '' ) ;
#3275 = APPROVAL ( #3276, 'UNSPECIFIED' ) ;
#3276 = APPROVAL_STATUS ( 'not_yet_approved' ) ;
#3277 = PERSON_AND_ORGANIZATION ( #3192, #3191 ) ;
#3278 = PRODUCT_DEFINITION ( 'UNKNOWN', '', #3257, #3279 ) ;
#3279 = DESIGN_CONTEXT ( 'detailed design', #3281, 'design' ) ;
#3280 = APPLICATION_PROTOCOL_DEFINITION ( 'international standard', 'config_control_design', 1994, #3281 ) ;
#3281 = APPLICATION_CONTEXT ( 'configuration controlled 3d designs of mechanical parts and assemblies' ) ;
#3282 = SHAPE_DEFINITION_REPRESENTATION ( #3296, #3056 ) ;
#3283 = CC_DESIGN_PERSON_AND_ORGANIZATION_ASSIGNMENT ( #3285, #3284, ( #3286 ) ) ;
#3284 = PERSON_AND_ORGANIZATION_ROLE ( 'design_owner' ) ;
#3285 = PERSON_AND_ORGANIZATION ( #3192, #3191 ) ;
#3286 = PRODUCT ( 'EX-15P_√ﬁÃ´Ÿƒ', 'EX-15P_√ﬁÃ´Ÿƒ', '', ( #3287 ) ) ;
#3287 = MECHANICAL_CONTEXT ( 'NONE', #3120, 'mechanical' ) ;
#3288 = APPLICATION_PROTOCOL_DEFINITION ( 'international standard', 'config_control_design', 1994, #3120 ) ;
#3289 = PRODUCT_DEFINITION_SHAPE ( 'NONE', 'NONE',  #3183 ) ;
#3290 = PRODUCT_RELATED_PRODUCT_CATEGORY ( 'detail', '', ( #3193 ) ) ;
#3291 = DATE_AND_TIME ( #3163, #3164 ) ;
#3292 = CC_DESIGN_APPROVAL ( #3293, ( #3197 ) ) ;
#3293 = APPROVAL ( #3294, 'UNKNOWN' ) ;
#3294 = APPROVAL_STATUS ( 'not_yet_approved' ) ;
#3295 = CC_DESIGN_SECURITY_CLASSIFICATION ( #3197, ( #3199 ) ) ;
#3296 = PRODUCT_DEFINITION_SHAPE ( 'NONE', 'NONE',  #3278 ) ;
#3297 = PRODUCT_RELATED_PRODUCT_CATEGORY ( 'detail', '', ( #3286 ) ) ;
#3298 = CC_DESIGN_SECURITY_CLASSIFICATION ( #3319, ( #3257 ) ) ;
#3299 = CC_DESIGN_APPROVAL ( #3307, ( #3319 ) ) ;
#3300 = APPROVAL_DATE_TIME ( #3301, #3307 ) ;
#3301 = DATE_AND_TIME ( #3302, #3303 ) ;
#3302 = CALENDAR_DATE ( 2005, 5, 9 ) ;
#3303 = LOCAL_TIME ( 16, 8, 38.00000000000000000, #3304 ) ;
#3304 = COORDINATED_UNIVERSAL_TIME_OFFSET ( 9, 0, .AHEAD. ) ;
#3305 = APPROVAL_PERSON_ORGANIZATION ( #3309, #3307, #3306 ) ;
#3306 = APPROVAL_ROLE ( '' ) ;
#3307 = APPROVAL ( #3308, 'UNSPECIFIED' ) ;
#3308 = APPROVAL_STATUS ( 'not_yet_approved' ) ;
#3309 = PERSON_AND_ORGANIZATION ( #3192, #3191 ) ;
#3310 = CC_DESIGN_DATE_AND_TIME_ASSIGNMENT ( #3312, #3311, ( #3319 ) ) ;
#3311 = DATE_TIME_ROLE ( 'classification_date' ) ;
#3312 = DATE_AND_TIME ( #3313, #3314 ) ;
#3313 = CALENDAR_DATE ( 2005, 5, 9 ) ;
#3314 = LOCAL_TIME ( 16, 8, 38.00000000000000000, #3315 ) ;
#3315 = COORDINATED_UNIVERSAL_TIME_OFFSET ( 9, 0, .AHEAD. ) ;
#3316 = CC_DESIGN_PERSON_AND_ORGANIZATION_ASSIGNMENT ( #3318, #3317, ( #3319 ) ) ;
#3317 = PERSON_AND_ORGANIZATION_ROLE ( 'classification_officer' ) ;
#3318 = PERSON_AND_ORGANIZATION ( #3192, #3191 ) ;
#3319 = SECURITY_CLASSIFICATION ( '', '', #3320 ) ;
#3320 = SECURITY_CLASSIFICATION_LEVEL ( 'unclassified' ) ;
#3321 = CC_DESIGN_PERSON_AND_ORGANIZATION_ASSIGNMENT ( #3323, #3322, ( #3257 ) ) ;
#3322 = PERSON_AND_ORGANIZATION_ROLE ( 'design_supplier' ) ;
#3323 = PERSON_AND_ORGANIZATION ( #3192, #3191 ) ;
#3324 = CC_DESIGN_PERSON_AND_ORGANIZATION_ASSIGNMENT ( #3326, #3325, ( #3257 ) ) ;
#3325 = PERSON_AND_ORGANIZATION_ROLE ( 'creator' ) ;
#3326 = PERSON_AND_ORGANIZATION ( #3192, #3191 ) ;
#3327 = COORDINATED_UNIVERSAL_TIME_OFFSET ( 9, 0, .AHEAD. ) ;
#3328 = CC_DESIGN_PERSON_AND_ORGANIZATION_ASSIGNMENT ( #3330, #3329, ( #3331 ) ) ;
#3329 = PERSON_AND_ORGANIZATION_ROLE ( 'classification_officer' ) ;
#3330 = PERSON_AND_ORGANIZATION ( #3192, #3191 ) ;
#3331 = SECURITY_CLASSIFICATION ( '', '', #3332 ) ;
#3332 = SECURITY_CLASSIFICATION_LEVEL ( 'unclassified' ) ;
#3333 = CC_DESIGN_PERSON_AND_ORGANIZATION_ASSIGNMENT ( #3335, #3334, ( #3350 ) ) ;
#3334 = PERSON_AND_ORGANIZATION_ROLE ( 'design_supplier' ) ;
#3335 = PERSON_AND_ORGANIZATION ( #3192, #3191 ) ;
#3336 = CC_DESIGN_PERSON_AND_ORGANIZATION_ASSIGNMENT ( #3338, #3337, ( #3350 ) ) ;
#3337 = PERSON_AND_ORGANIZATION_ROLE ( 'creator' ) ;
#3338 = PERSON_AND_ORGANIZATION ( #3192, #3191 ) ;
#3339 = CC_DESIGN_APPROVAL ( #3347, ( #3350 ) ) ;
#3340 = APPROVAL_DATE_TIME ( #3341, #3347 ) ;
#3341 = DATE_AND_TIME ( #3342, #3343 ) ;
#3342 = CALENDAR_DATE ( 2005, 5, 9 ) ;
#3343 = LOCAL_TIME ( 16, 8, 38.00000000000000000, #3344 ) ;
#3344 = COORDINATED_UNIVERSAL_TIME_OFFSET ( 9, 0, .AHEAD. ) ;
#3345 = APPROVAL_PERSON_ORGANIZATION ( #3349, #3347, #3346 ) ;
#3346 = APPROVAL_ROLE ( '' ) ;
#3347 = APPROVAL ( #3348, 'UNSPECIFIED' ) ;
#3348 = APPROVAL_STATUS ( 'not_yet_approved' ) ;
#3349 = PERSON_AND_ORGANIZATION ( #3192, #3191 ) ;
#3350 = PRODUCT_DEFINITION_FORMATION_WITH_SPECIFIED_SOURCE ( 'ANY', '', #3125, .NOT_KNOWN. ) ;
#3351 = CC_DESIGN_DATE_AND_TIME_ASSIGNMENT ( #3353, #3352, ( #3371 ) ) ;
#3352 = DATE_TIME_ROLE ( 'creation_date' ) ;
#3353 = DATE_AND_TIME ( #3354, #3355 ) ;
#3354 = CALENDAR_DATE ( 2005, 5, 9 ) ;
#3355 = LOCAL_TIME ( 16, 8, 38.00000000000000000, #3356 ) ;
#3356 = COORDINATED_UNIVERSAL_TIME_OFFSET ( 9, 0, .AHEAD. ) ;
#3357 = CC_DESIGN_PERSON_AND_ORGANIZATION_ASSIGNMENT ( #3359, #3358, ( #3371 ) ) ;
#3358 = PERSON_AND_ORGANIZATION_ROLE ( 'creator' ) ;
#3359 = PERSON_AND_ORGANIZATION ( #3192, #3191 ) ;
#3360 = CC_DESIGN_APPROVAL ( #3368, ( #3371 ) ) ;
#3361 = APPROVAL_DATE_TIME ( #3362, #3368 ) ;
#3362 = DATE_AND_TIME ( #3363, #3364 ) ;
#3363 = CALENDAR_DATE ( 2005, 5, 9 ) ;
#3364 = LOCAL_TIME ( 16, 8, 38.00000000000000000, #3365 ) ;
#3365 = COORDINATED_UNIVERSAL_TIME_OFFSET ( 9, 0, .AHEAD. ) ;
#3366 = APPROVAL_PERSON_ORGANIZATION ( #3370, #3368, #3367 ) ;
#3367 = APPROVAL_ROLE ( '' ) ;
#3368 = APPROVAL ( #3369, 'UNSPECIFIED' ) ;
#3369 = APPROVAL_STATUS ( 'not_yet_approved' ) ;
#3370 = PERSON_AND_ORGANIZATION ( #3192, #3191 ) ;
#3371 = PRODUCT_DEFINITION ( 'UNKNOWN', '', #3350, #3372 ) ;
#3372 = DESIGN_CONTEXT ( 'detailed design', #3374, 'design' ) ;
#3373 = APPLICATION_PROTOCOL_DEFINITION ( 'international standard', 'config_control_design', 1994, #3374 ) ;
#3374 = APPLICATION_CONTEXT ( 'configuration controlled 3d designs of mechanical parts and assemblies' ) ;
#3375 = CC_DESIGN_PERSON_AND_ORGANIZATION_ASSIGNMENT ( #3377, #3376, ( #3389 ) ) ;
#3376 = PERSON_AND_ORGANIZATION_ROLE ( 'creator' ) ;
#3377 = PERSON_AND_ORGANIZATION ( #3192, #3191 ) ;
#3378 = CC_DESIGN_APPROVAL ( #3386, ( #3389 ) ) ;
#3379 = APPROVAL_DATE_TIME ( #3380, #3386 ) ;
#3380 = DATE_AND_TIME ( #3381, #3382 ) ;
#3381 = CALENDAR_DATE ( 2005, 5, 9 ) ;
#3382 = LOCAL_TIME ( 16, 8, 38.00000000000000000, #3383 ) ;
#3383 = COORDINATED_UNIVERSAL_TIME_OFFSET ( 9, 0, .AHEAD. ) ;
#3384 = APPROVAL_PERSON_ORGANIZATION ( #3388, #3386, #3385 ) ;
#3385 = APPROVAL_ROLE ( '' ) ;
#3386 = APPROVAL ( #3387, 'UNSPECIFIED' ) ;
#3387 = APPROVAL_STATUS ( 'not_yet_approved' ) ;
#3388 = PERSON_AND_ORGANIZATION ( #3192, #3191 ) ;
#3389 = PRODUCT_DEFINITION_FORMATION_WITH_SPECIFIED_SOURCE ( 'ANY', '', #3152, .NOT_KNOWN. ) ;
#3390 =( REPRESENTATION_RELATIONSHIP ('NONE','NONE', #3049, #3029 ) REPRESENTATION_RELATIONSHIP_WITH_TRANSFORMATION ( #3242 )SHAPE_REPRESENTATION_RELATIONSHIP( ) );
#3391 = CC_DESIGN_DATE_AND_TIME_ASSIGNMENT ( #3393, #3392, ( #3144 ) ) ;
#3392 = DATE_TIME_ROLE ( 'creation_date' ) ;
#3393 = DATE_AND_TIME ( #3394, #3395 ) ;
#3394 = CALENDAR_DATE ( 2005, 5, 9 ) ;
#3395 = LOCAL_TIME ( 16, 8, 38.00000000000000000, #3129 ) ;
#3396 = PRODUCT_DEFINITION_SHAPE ( 'NONE', 'NONE',  #3371 ) ;
#3397 = PRODUCT_RELATED_PRODUCT_CATEGORY ( 'detail', '', ( #3125 ) ) ;
#3398 = CC_DESIGN_SECURITY_CLASSIFICATION ( #3331, ( #3350 ) ) ;
#3399 = CC_DESIGN_APPROVAL ( #3407, ( #3331 ) ) ;
#3400 = APPROVAL_DATE_TIME ( #3401, #3407 ) ;
#3401 = DATE_AND_TIME ( #3402, #3403 ) ;
#3402 = CALENDAR_DATE ( 2005, 5, 9 ) ;
#3403 = LOCAL_TIME ( 16, 8, 38.00000000000000000, #3404 ) ;
#3404 = COORDINATED_UNIVERSAL_TIME_OFFSET ( 9, 0, .AHEAD. ) ;
#3405 = APPROVAL_PERSON_ORGANIZATION ( #3409, #3407, #3406 ) ;
#3406 = APPROVAL_ROLE ( '' ) ;
#3407 = APPROVAL ( #3408, 'UNSPECIFIED' ) ;
#3408 = APPROVAL_STATUS ( 'not_yet_approved' ) ;
#3409 = PERSON_AND_ORGANIZATION ( #3192, #3191 ) ;
#3410 = CC_DESIGN_DATE_AND_TIME_ASSIGNMENT ( #3412, #3411, ( #3331 ) ) ;
#3411 = DATE_TIME_ROLE ( 'classification_date' ) ;
#3412 = DATE_AND_TIME ( #3413, #3414 ) ;
#3413 = CALENDAR_DATE ( 2005, 5, 9 ) ;
#3414 = LOCAL_TIME ( 16, 8, 38.00000000000000000, #3327 ) ;
#3415 = ITEM_DEFINED_TRANSFORMATION ( 'NONE', 'NONE', #3040,  #2998 ) ;
#3416 = CONTEXT_DEPENDENT_SHAPE_REPRESENTATION ( #3390, #3200 ) ;
#3417 = CC_DESIGN_PERSON_AND_ORGANIZATION_ASSIGNMENT ( #3422, #3419, ( #3197 ) ) ;
#3418 = CC_DESIGN_DATE_AND_TIME_ASSIGNMENT ( #3291, #3420, ( #3197 ) ) ;
#3419 = PERSON_AND_ORGANIZATION_ROLE ( 'classification_officer' ) ;
#3420 = DATE_TIME_ROLE ( 'classification_date' ) ;
#3421 = APPROVAL_PERSON_ORGANIZATION ( #3422, #3293, #3157 ) ;
#3422 = PERSON_AND_ORGANIZATION ( #3156, #3423 ) ;
#3423 = ORGANIZATION ( 'NAUO-ORG1', 'UNSPECIFIED', 'UNSPECIFIED' ) ;
#3424 = PRODUCT_DEFINITION_SHAPE ( 'NONE', 'NONE',  #3144 ) ;
#3425 = PRODUCT_RELATED_PRODUCT_CATEGORY ( 'detail', '', ( #3152 ) ) ;
#3426 = CC_DESIGN_SECURITY_CLASSIFICATION ( #3447, ( #3389 ) ) ;
#3427 = CC_DESIGN_APPROVAL ( #3435, ( #3447 ) ) ;
#3428 = APPROVAL_DATE_TIME ( #3429, #3435 ) ;
#3429 = DATE_AND_TIME ( #3430, #3431 ) ;
#3430 = CALENDAR_DATE ( 2005, 5, 9 ) ;
#3431 = LOCAL_TIME ( 16, 8, 38.00000000000000000, #3432 ) ;
#3432 = COORDINATED_UNIVERSAL_TIME_OFFSET ( 9, 0, .AHEAD. ) ;
#3433 = APPROVAL_PERSON_ORGANIZATION ( #3437, #3435, #3434 ) ;
#3434 = APPROVAL_ROLE ( '' ) ;
#3435 = APPROVAL ( #3436, 'UNSPECIFIED' ) ;
#3436 = APPROVAL_STATUS ( 'not_yet_approved' ) ;
#3437 = PERSON_AND_ORGANIZATION ( #3192, #3191 ) ;
#3438 = CC_DESIGN_DATE_AND_TIME_ASSIGNMENT ( #3440, #3439, ( #3447 ) ) ;
#3439 = DATE_TIME_ROLE ( 'classification_date' ) ;
#3440 = DATE_AND_TIME ( #3441, #3442 ) ;
#3441 = CALENDAR_DATE ( 2005, 5, 9 ) ;
#3442 = LOCAL_TIME ( 16, 8, 38.00000000000000000, #3443 ) ;
#3443 = COORDINATED_UNIVERSAL_TIME_OFFSET ( 9, 0, .AHEAD. ) ;
#3444 = CC_DESIGN_PERSON_AND_ORGANIZATION_ASSIGNMENT ( #3446, #3445, ( #3447 ) ) ;
#3445 = PERSON_AND_ORGANIZATION_ROLE ( 'classification_officer' ) ;
#3446 = PERSON_AND_ORGANIZATION ( #3192, #3191 ) ;
#3447 = SECURITY_CLASSIFICATION ( '', '', #3448 ) ;
#3448 = SECURITY_CLASSIFICATION_LEVEL ( 'unclassified' ) ;
#3449 = CC_DESIGN_PERSON_AND_ORGANIZATION_ASSIGNMENT ( #3451, #3450, ( #3389 ) ) ;
#3450 = PERSON_AND_ORGANIZATION_ROLE ( 'design_supplier' ) ;
#3451 = PERSON_AND_ORGANIZATION ( #3192, #3191 ) ;
#3452 = CONTEXT_DEPENDENT_SHAPE_REPRESENTATION ( #3096, #3095 ) ;
#3453 = VERTEX_POINT ( 'NONE', #2943 ) ;
#3454 = ADVANCED_FACE ( 'NONE', ( #2942, #2941 ), #2940, .F. ) ;
#3455 = EDGE_CURVE ( 'NONE', #3457, #3469, #2935, .T. ) ;
#3456 = EDGE_LOOP ( 'NONE', ( #3458, #3468, #3481, #3479 ) ) ;
#3457 = VERTEX_POINT ( 'NONE', #2930 ) ;
#3458 = ORIENTED_EDGE ( 'NONE', *, *, #3455, .F. ) ;
#3459 = EDGE_CURVE ( 'NONE', #3453, #55, #2931, .T. ) ;
#3460 = ORIENTED_EDGE ( 'NONE', *, *, #3462, .T. ) ;
#3461 = ORIENTED_EDGE ( 'NONE', *, *, #85, .T. ) ;
#3462 = EDGE_CURVE ( 'NONE', #3464, #86, #2993, .T. ) ;
#3463 = ORIENTED_EDGE ( 'NONE', *, *, #3465, .F. ) ;
#3464 = VERTEX_POINT ( 'NONE', #2988 ) ;
#3465 = EDGE_CURVE ( 'NONE', #3464, #87, #2987, .T. ) ;
#3466 = EDGE_CURVE ( 'NONE', #50, #87, #2983, .T. ) ;
#3467 = ADVANCED_FACE ( 'NONE', ( #2979 ), #2978, .T. ) ;
#3468 = ORIENTED_EDGE ( 'NONE', *, *, #3470, .T. ) ;
#3469 = VERTEX_POINT ( 'NONE', #2973 ) ;
#3470 = EDGE_CURVE ( 'NONE', #3457, #3483, #2972, .T. ) ;
#3471 = VERTEX_POINT ( 'NONE', #2968 ) ;
#3472 = ORIENTED_EDGE ( 'NONE', *, *, #3466, .T. ) ;
#3473 = EDGE_CURVE ( 'NONE', #3476, #3471, #2967, .T. ) ;
#3474 = VERTEX_POINT ( 'NONE', #3016 ) ;
#3475 = ORIENTED_EDGE ( 'NONE', *, *, #3473, .T. ) ;
#3476 = VERTEX_POINT ( 'NONE', #3015 ) ;
#3477 = EDGE_LOOP ( 'NONE', ( #750, #695, #753, #756 ) ) ;
#3478 = EDGE_CURVE ( 'NONE', #3469, #3482, #3014, .T. ) ;
#3479 = ORIENTED_EDGE ( 'NONE', *, *, #3478, .F. ) ;
#3480 = EDGE_CURVE ( 'NONE', #3482, #3483, #3010, .T. ) ;
#3481 = ORIENTED_EDGE ( 'NONE', *, *, #3480, .F. ) ;
#3482 = VERTEX_POINT ( 'NONE', #3006 ) ;
#3483 = VERTEX_POINT ( 'NONE', #3005 ) ;
ENDSEC;
END-ISO-10303-21;
