ISO-10303-21;
HEADER;
FILE_DESCRIPTION (( 'STEP AP203' ),
    '1' );
FILE_NAME ('pm-y65.STEP',
    '2015-08-07T08:20:41',
    ( '' ),
    ( '' ),
    'SwSTEP 2.0',
    'SolidWorks 2010',
    '' );
FILE_SCHEMA (( 'CONFIG_CONTROL_DESIGN' ));
ENDSEC;

DATA;
#1 = DATE_AND_TIME ( #1943, #1942 ) ;
#2 = PERSON_AND_ORGANIZATION ( #3309, #1917 ) ;
#3 = APPROVAL_PERSON_ORGANIZATION ( #2, #2623, #1615 ) ;
#4 = COORDINATED_UNIVERSAL_TIME_OFFSET ( 9, 0, .AHEAD. ) ;
#5 = LOCAL_TIME ( 17, 20, 41.00000000000000000, #4 ) ;
#6 = CALENDAR_DATE ( 2015, 7, 8 ) ;
#7 = DATE_AND_TIME ( #6, #5 ) ;
#8 = APPROVAL_DATE_TIME ( #7, #2623 ) ;
#9 = ORIENTED_EDGE ( 'NONE', *, *, #3148, .F. ) ;
#10 = ORIENTED_EDGE ( 'NONE', *, *, #1690, .F. ) ;
#11 = ORIENTED_EDGE ( 'NONE', *, *, #3137, .T. ) ;
#12 = ORIENTED_EDGE ( 'NONE', *, *, #3097, .T. ) ;
#13 = ORIENTED_EDGE ( 'NONE', *, *, #3140, .F. ) ;
#14 = ORIENTED_EDGE ( 'NONE', *, *, #3133, .F. ) ;
#15 = ORIENTED_EDGE ( 'NONE', *, *, #3138, .T. ) ;
#16 = ORIENTED_EDGE ( 'NONE', *, *, #3099, .T. ) ;
#17 = ORIENTED_EDGE ( 'NONE', *, *, #3142, .F. ) ;
#18 = ORIENTED_EDGE ( 'NONE', *, *, #3124, .F. ) ;
#19 = ORIENTED_EDGE ( 'NONE', *, *, #3119, .T. ) ;
#20 = ORIENTED_EDGE ( 'NONE', *, *, #3086, .T. ) ;
#21 = ORIENTED_EDGE ( 'NONE', *, *, #3119, .F. ) ;
#22 = ORIENTED_EDGE ( 'NONE', *, *, #3127, .F. ) ;
#23 = ORIENTED_EDGE ( 'NONE', *, *, #3140, .T. ) ;
#24 = ORIENTED_EDGE ( 'NONE', *, *, #3133, .T. ) ;
#25 = ORIENTED_EDGE ( 'NONE', *, *, #3127, .T. ) ;
#26 = ORIENTED_EDGE ( 'NONE', *, *, #3124, .T. ) ;
#27 = ORIENTED_EDGE ( 'NONE', *, *, #3139, .T. ) ;
#28 = ORIENTED_EDGE ( 'NONE', *, *, #3160, .F. ) ;
#29 = EDGE_CURVE ( 'NONE', #996, #981, #1224, .T. ) ;
#30 = EDGE_LOOP ( 'NONE', ( #68, #69, #70, #71 ) ) ;
#31 = EDGE_LOOP ( 'NONE', ( #56, #57, #58, #59 ) ) ;
#32 = EDGE_LOOP ( 'NONE', ( #830, #831, #832, #833 ) ) ;
#33 = EDGE_LOOP ( 'NONE', ( #951, #953, #956, #958 ) ) ;
#34 = EDGE_LOOP ( 'NONE', ( #859, #860, #861, #862, #863, #864, #865 ) ) ;
#35 = EDGE_LOOP ( 'NONE', ( #826, #827, #828, #829 ) ) ;
#36 = EDGE_LOOP ( 'NONE', ( #883, #884 ) ) ;
#37 = EDGE_LOOP ( 'NONE', ( #885, #846, #847, #848, #849, #850 ) ) ;
#38 = EDGE_LOOP ( 'NONE', ( #60, #61, #62, #63 ) ) ;
#39 = EDGE_LOOP ( 'NONE', ( #64, #65, #66, #67 ) ) ;
#40 = EDGE_LOOP ( 'NONE', ( #838, #839, #840, #841 ) ) ;
#41 = EDGE_LOOP ( 'NONE', ( #2220, #2221, #2222, #2223 ) ) ;
#42 = EDGE_LOOP ( 'NONE', ( #842, #843, #844, #845 ) ) ;
#43 = EDGE_LOOP ( 'NONE', ( #2281, #2282, #2283, #2284 ) ) ;
#44 = EDGE_LOOP ( 'NONE', ( #2285, #2286, #2287, #2288 ) ) ;
#45 = EDGE_LOOP ( 'NONE', ( #2300, #2213, #2214, #2215 ) ) ;
#46 = EDGE_LOOP ( 'NONE', ( #2296, #2297, #2298, #2299 ) ) ;
#47 = EDGE_LOOP ( 'NONE', ( #2289, #2290, #2291, #2292, #2293, #2294, #2295 ) ) ;
#48 = EDGE_LOOP ( 'NONE', ( #2216, #2217, #2218, #2219 ) ) ;
#49 = EDGE_LOOP ( 'NONE', ( #2224, #2225, #2226, #2227 ) ) ;
#50 = ORIENTED_EDGE ( 'NONE', *, *, #1743, .T. ) ;
#51 = ORIENTED_EDGE ( 'NONE', *, *, #3131, .T. ) ;
#52 = ORIENTED_EDGE ( 'NONE', *, *, #1744, .T. ) ;
#53 = ORIENTED_EDGE ( 'NONE', *, *, #1747, .F. ) ;
#54 = ORIENTED_EDGE ( 'NONE', *, *, #3321, .F. ) ;
#55 = ORIENTED_EDGE ( 'NONE', *, *, #1748, .T. ) ;
#56 = ORIENTED_EDGE ( 'NONE', *, *, #1726, .T. ) ;
#57 = ORIENTED_EDGE ( 'NONE', *, *, #1748, .F. ) ;
#58 = ORIENTED_EDGE ( 'NONE', *, *, #3311, .F. ) ;
#59 = ORIENTED_EDGE ( 'NONE', *, *, #1742, .T. ) ;
#60 = ORIENTED_EDGE ( 'NONE', *, *, #1724, .T. ) ;
#61 = ORIENTED_EDGE ( 'NONE', *, *, #1742, .F. ) ;
#62 = ORIENTED_EDGE ( 'NONE', *, *, #3219, .F. ) ;
#63 = ORIENTED_EDGE ( 'NONE', *, *, #1727, .T. ) ;
#64 = ORIENTED_EDGE ( 'NONE', *, *, #1721, .T. ) ;
#65 = ORIENTED_EDGE ( 'NONE', *, *, #1727, .F. ) ;
#66 = ORIENTED_EDGE ( 'NONE', *, *, #1673, .F. ) ;
#67 = ORIENTED_EDGE ( 'NONE', *, *, #1747, .T. ) ;
#68 = ORIENTED_EDGE ( 'NONE', *, *, #1744, .F. ) ;
#69 = ORIENTED_EDGE ( 'NONE', *, *, #1726, .F. ) ;
#70 = ORIENTED_EDGE ( 'NONE', *, *, #1724, .F. ) ;
#71 = ORIENTED_EDGE ( 'NONE', *, *, #1721, .F. ) ;
#72 = VERTEX_POINT ( 'NONE', #74 ) ;
#73 = CARTESIAN_POINT ( 'NONE',  ( -5.999999999999999100, -6.949999999999999300, 0.1999999999999987900 ) ) ;
#74 = CARTESIAN_POINT ( 'NONE',  ( -10.40000000000000000, -10.40000000000000000, -2.000000000000001300 ) ) ;
#75 = DIRECTION ( 'NONE',  ( 0.0000000000000000000, -1.000000000000000000, 0.0000000000000000000 ) ) ;
#76 = EDGE_CURVE ( 'NONE', #1009, #959, #1222, .T. ) ;
#77 = FACE_OUTER_BOUND ( 'NONE', #3323, .T. ) ;
#78 = FACE_OUTER_BOUND ( 'NONE', #294, .T. ) ;
#79 = FACE_OUTER_BOUND ( 'NONE', #763, .T. ) ;
#80 = FACE_OUTER_BOUND ( 'NONE', #290, .T. ) ;
#81 = FACE_BOUND ( 'NONE', #278, .T. ) ;
#82 = FACE_OUTER_BOUND ( 'NONE', #292, .T. ) ;
#83 = FACE_OUTER_BOUND ( 'NONE', #747, .T. ) ;
#84 = FACE_OUTER_BOUND ( 'NONE', #764, .T. ) ;
#85 = FACE_OUTER_BOUND ( 'NONE', #755, .T. ) ;
#86 = FACE_OUTER_BOUND ( 'NONE', #758, .T. ) ;
#87 = FACE_BOUND ( 'NONE', #757, .T. ) ;
#88 = FACE_OUTER_BOUND ( 'NONE', #748, .T. ) ;
#89 = FACE_BOUND ( 'NONE', #754, .T. ) ;
#90 = FACE_OUTER_BOUND ( 'NONE', #756, .T. ) ;
#91 = FACE_OUTER_BOUND ( 'NONE', #752, .T. ) ;
#92 = FACE_OUTER_BOUND ( 'NONE', #760, .T. ) ;
#93 = FACE_OUTER_BOUND ( 'NONE', #749, .T. ) ;
#94 = FACE_OUTER_BOUND ( 'NONE', #759, .T. ) ;
#95 = FACE_OUTER_BOUND ( 'NONE', #753, .T. ) ;
#96 = FACE_OUTER_BOUND ( 'NONE', #744, .T. ) ;
#97 = FACE_OUTER_BOUND ( 'NONE', #743, .T. ) ;
#98 = FACE_OUTER_BOUND ( 'NONE', #772, .T. ) ;
#99 = FACE_OUTER_BOUND ( 'NONE', #31, .T. ) ;
#100 = FACE_OUTER_BOUND ( 'NONE', #38, .T. ) ;
#101 = FACE_OUTER_BOUND ( 'NONE', #39, .T. ) ;
#102 = FACE_OUTER_BOUND ( 'NONE', #30, .T. ) ;
#103 = FACE_OUTER_BOUND ( 'NONE', #35, .T. ) ;
#104 = FACE_OUTER_BOUND ( 'NONE', #32, .T. ) ;
#105 = FACE_OUTER_BOUND ( 'NONE', #767, .T. ) ;
#106 = FACE_OUTER_BOUND ( 'NONE', #40, .T. ) ;
#107 = FACE_OUTER_BOUND ( 'NONE', #42, .T. ) ;
#108 = FACE_OUTER_BOUND ( 'NONE', #43, .T. ) ;
#109 = FACE_OUTER_BOUND ( 'NONE', #44, .T. ) ;
#110 = FACE_OUTER_BOUND ( 'NONE', #47, .T. ) ;
#111 = FACE_OUTER_BOUND ( 'NONE', #46, .T. ) ;
#112 = FACE_OUTER_BOUND ( 'NONE', #45, .T. ) ;
#113 = FACE_OUTER_BOUND ( 'NONE', #48, .T. ) ;
#114 = FACE_OUTER_BOUND ( 'NONE', #41, .T. ) ;
#115 = FACE_OUTER_BOUND ( 'NONE', #49, .T. ) ;
#116 = FACE_OUTER_BOUND ( 'NONE', #296, .T. ) ;
#117 = FACE_OUTER_BOUND ( 'NONE', #298, .T. ) ;
#118 = FACE_OUTER_BOUND ( 'NONE', #288, .T. ) ;
#119 = FACE_OUTER_BOUND ( 'NONE', #3325, .T. ) ;
#120 = FACE_OUTER_BOUND ( 'NONE', #3322, .T. ) ;
#121 = FACE_OUTER_BOUND ( 'NONE', #3324, .T. ) ;
#122 = FACE_OUTER_BOUND ( 'NONE', #280, .T. ) ;
#123 = FACE_OUTER_BOUND ( 'NONE', #383, .T. ) ;
#124 = FACE_OUTER_BOUND ( 'NONE', #282, .T. ) ;
#125 = FACE_BOUND ( 'NONE', #269, .T. ) ;
#126 = FACE_OUTER_BOUND ( 'NONE', #766, .T. ) ;
#127 = FACE_OUTER_BOUND ( 'NONE', #391, .T. ) ;
#128 = FACE_OUTER_BOUND ( 'NONE', #761, .T. ) ;
#129 = FACE_OUTER_BOUND ( 'NONE', #390, .T. ) ;
#130 = FACE_BOUND ( 'NONE', #386, .T. ) ;
#131 = FACE_OUTER_BOUND ( 'NONE', #275, .T. ) ;
#132 = FACE_BOUND ( 'NONE', #36, .T. ) ;
#133 = FACE_OUTER_BOUND ( 'NONE', #274, .T. ) ;
#134 = FACE_OUTER_BOUND ( 'NONE', #37, .T. ) ;
#135 = FACE_BOUND ( 'NONE', #34, .T. ) ;
#136 = FACE_BOUND ( 'NONE', #389, .T. ) ;
#137 = FACE_OUTER_BOUND ( 'NONE', #284, .T. ) ;
#138 = FACE_OUTER_BOUND ( 'NONE', #286, .T. ) ;
#139 = LINE ( 'NONE', #475, #369 ) ;
#140 = LINE ( 'NONE', #2524, #143 ) ;
#141 = LINE ( 'NONE', #2527, #144 ) ;
#142 = LINE ( 'NONE', #477, #3228 ) ;
#143 = VECTOR ( 'NONE', #2525, 1000.000000000000000 ) ;
#144 = VECTOR ( 'NONE', #2528, 1000.000000000000000 ) ;
#145 = LINE ( 'NONE', #2529, #146 ) ;
#146 = VECTOR ( 'NONE', #2530, 1000.000000000000000 ) ;
#147 = LINE ( 'NONE', #2531, #148 ) ;
#148 = VECTOR ( 'NONE', #2532, 1000.000000000000000 ) ;
#149 = LINE ( 'NONE', #2533, #150 ) ;
#150 = VECTOR ( 'NONE', #2534, 1000.000000000000000 ) ;
#151 = LINE ( 'NONE', #471, #152 ) ;
#152 = VECTOR ( 'NONE', #472, 1000.000000000000000 ) ;
#153 = CIRCLE ( 'NONE', #3195, 1.750000000000000000 ) ;
#154 = LINE ( 'NONE', #2526, #158 ) ;
#155 = CIRCLE ( 'NONE', #3194, 2.000000000000000000 ) ;
#156 = LINE ( 'NONE', #473, #157 ) ;
#157 = VECTOR ( 'NONE', #474, 1000.000000000000000 ) ;
#158 = VECTOR ( 'NONE', #476, 1000.000000000000000 ) ;
#159 = DIRECTION ( 'NONE',  ( 0.0000000000000000000, 0.0000000000000000000, -1.000000000000000000 ) ) ;
#160 = CARTESIAN_POINT ( 'NONE',  ( 6.999999999999999100, -17.84974746830583200, -2.250000000000001300 ) ) ;
#161 = DIRECTION ( 'NONE',  ( 0.4472135954999578200, 0.0000000000000000000, -0.8944271909999158600 ) ) ;
#162 = CARTESIAN_POINT ( 'NONE',  ( -3.000000000000000000, 2.000000000000000000, -3.700000000000000200 ) ) ;
#163 = DIRECTION ( 'NONE',  ( -0.0000000000000000000, 1.000000000000000000, -0.0000000000000000000 ) ) ;
#164 = CARTESIAN_POINT ( 'NONE',  ( -9.440000000000001300, -8.050000000000000700, 2.199999999999999300 ) ) ;
#165 = DIRECTION ( 'NONE',  ( 1.000000000000000000, 0.0000000000000000000, 0.0000000000000000000 ) ) ;
#166 = CARTESIAN_POINT ( 'NONE',  ( -3.000000000000000000, -6.899999999999999500, 9.700000000000001100 ) ) ;
#167 = DIRECTION ( 'NONE',  ( 0.0000000000000000000, 0.0000000000000000000, 1.000000000000000000 ) ) ;
#168 = CARTESIAN_POINT ( 'NONE',  ( -2.999999999999999100, -6.899999999999999500, 9.700000000000001100 ) ) ;
#169 = DIRECTION ( 'NONE',  ( 0.0000000000000000000, 0.0000000000000000000, -1.000000000000000000 ) ) ;
#170 = CARTESIAN_POINT ( 'NONE',  ( -3.000000000000000000, -7.400000000000001200, 6.000000000000000900 ) ) ;
#171 = DIRECTION ( 'NONE',  ( -0.0000000000000000000, 1.000000000000000000, -2.891205793294678800E-016 ) ) ;
#172 = CARTESIAN_POINT ( 'NONE',  ( -0.5999999999999997600, 1.999999999999999100, -2.199999999999999700 ) ) ;
#173 = DIRECTION ( 'NONE',  ( 0.4472135954999580900, 0.0000000000000000000, 0.8944271909999157400 ) ) ;
#174 = CARTESIAN_POINT ( 'NONE',  ( -3.000000000000000000, 2.000000000000001800, 0.0000000000000000000 ) ) ;
#175 = DIRECTION ( 'NONE',  ( 0.0000000000000000000, 0.0000000000000000000, -1.000000000000000000 ) ) ;
#176 = CARTESIAN_POINT ( 'NONE',  ( -5.999999999999998200, -6.949999999999999300, 5.450000000000000200 ) ) ;
#177 = DIRECTION ( 'NONE',  ( 1.000000000000000000, -0.0000000000000000000, -1.971276677246371300E-016 ) ) ;
#178 = CARTESIAN_POINT ( 'NONE',  ( -10.40000000000000000, -6.949999999999998400, -2.000000000000001800 ) ) ;
#179 = DIRECTION ( 'NONE',  ( 0.0000000000000000000, -1.000000000000000000, 0.0000000000000000000 ) ) ;
#180 = CARTESIAN_POINT ( 'NONE',  ( 3.000000000000000000, -12.90000000000000000, -3.700000000000000200 ) ) ;
#181 = DIRECTION ( 'NONE',  ( -0.0000000000000000000, -8.673617379884035500E-017, -1.000000000000000000 ) ) ;
#182 = CARTESIAN_POINT ( 'NONE',  ( -6.399999999999999500, -10.30000000000000100, -0.2500000000000007200 ) ) ;
#183 = CARTESIAN_POINT ( 'NONE',  ( 6.999999999999999100, -10.40000000000000000, -2.250000000000001800 ) ) ;
#184 = DIRECTION ( 'NONE',  ( 0.0000000000000000000, 1.000000000000000000, 0.0000000000000000000 ) ) ;
#185 = CARTESIAN_POINT ( 'NONE',  ( 3.000000000000000000, -10.40000000000000000, 9.699999999999999300 ) ) ;
#186 = CARTESIAN_POINT ( 'NONE',  ( -12.19999999999999900, -12.90000000000000000, 9.699999999999999300 ) ) ;
#187 = DIRECTION ( 'NONE',  ( 0.0000000000000000000, 0.0000000000000000000, 1.000000000000000000 ) ) ;
#188 = CARTESIAN_POINT ( 'NONE',  ( 0.3999999999999997400, -0.5999999999999980900, 5.999999999999998200 ) ) ;
#189 = CARTESIAN_POINT ( 'NONE',  ( 0.4000000000000000800, -0.5999999999999999800, 0.0000000000000000000 ) ) ;
#190 = CARTESIAN_POINT ( 'NONE',  ( -0.3999999999999997400, -0.5999999999999998700, 0.0000000000000000000 ) ) ;
#191 = CARTESIAN_POINT ( 'NONE',  ( -2.499999999999999100, -6.700000000000002800, 6.000000000000000900 ) ) ;
#192 = CARTESIAN_POINT ( 'NONE',  ( -6.399999999999999500, -10.30000000000000100, 1.749999999999999300 ) ) ;
#193 = CARTESIAN_POINT ( 'NONE',  ( -6.399999999999999500, -10.30000000000000100, -0.2500000000000007200 ) ) ;
#194 = CARTESIAN_POINT ( 'NONE',  ( 8.499999999999998200, -10.40000000000000000, 9.699999999999999300 ) ) ;
#195 = CARTESIAN_POINT ( 'NONE',  ( 8.500000000000000000, -12.90000000000000000, -3.700000000000000200 ) ) ;
#196 = CARTESIAN_POINT ( 'NONE',  ( -12.19999999999999900, -6.899999999999999500, -3.700000000000002000 ) ) ;
#197 = CARTESIAN_POINT ( 'NONE',  ( -3.000000000000000000, 1.999999999999999100, 9.700000000000001100 ) ) ;
#198 = CARTESIAN_POINT ( 'NONE',  ( 1.517883041479706200E-015, 2.000000000000001300, -1.000000000000000000 ) ) ;
#199 = CARTESIAN_POINT ( 'NONE',  ( -6.399999999999999500, -8.749999999999998200, -1.200000000000000600 ) ) ;
#200 = CARTESIAN_POINT ( 'NONE',  ( -0.4000000000000000800, -0.5999999999999982000, 5.999999999999999100 ) ) ;
#201 = CARTESIAN_POINT ( 'NONE',  ( -6.399999999999999500, -9.799999999999998900, -0.2500000000000006700 ) ) ;
#202 = CARTESIAN_POINT ( 'NONE',  ( -6.399999999999999500, -10.30000000000000100, 0.2499999999999995300 ) ) ;
#203 = CARTESIAN_POINT ( 'NONE',  ( 0.6000000000000002000, 1.999999999999999100, -2.199999999999999700 ) ) ;
#204 = CARTESIAN_POINT ( 'NONE',  ( -6.399999999999999500, -9.799999999999998900, 0.2499999999999993600 ) ) ;
#205 = CARTESIAN_POINT ( 'NONE',  ( -3.000000000000000000, -6.899999999999999500, 1.445602896647330500E-016 ) ) ;
#206 = CARTESIAN_POINT ( 'NONE',  ( -0.3999999999999998600, 1.999999999999999100, -2.199999999999999700 ) ) ;
#207 = CARTESIAN_POINT ( 'NONE',  ( -6.399999999999999500, -10.30000000000000100, 3.749999999999999600 ) ) ;
#208 = CARTESIAN_POINT ( 'NONE',  ( 0.4000000000000001900, 1.999999999999999100, -2.199999999999999700 ) ) ;
#209 = CARTESIAN_POINT ( 'NONE',  ( -6.399999999999999500, -10.30000000000000100, 4.249999999999999100 ) ) ;
#210 = CARTESIAN_POINT ( 'NONE',  ( -12.19999999999999900, -12.90000000000000000, -3.700000000000000200 ) ) ;
#211 = CARTESIAN_POINT ( 'NONE',  ( -2.499999999999999100, -7.400000000000001200, 6.000000000000000900 ) ) ;
#212 = CARTESIAN_POINT ( 'NONE',  ( 3.000000000000000000, 2.000000000000001800, 0.0000000000000000000 ) ) ;
#213 = CARTESIAN_POINT ( 'NONE',  ( -10.40000000000000000, -8.050000000000000700, 0.5499999999999983800 ) ) ;
#214 = CARTESIAN_POINT ( 'NONE',  ( -10.40000000000000000, -8.050000000000000700, 5.450000000000001100 ) ) ;
#215 = CARTESIAN_POINT ( 'NONE',  ( -7.600000000000000500, -8.050000000000000700, 2.199999999999999300 ) ) ;
#216 = CARTESIAN_POINT ( 'NONE',  ( -5.999999999999998200, -6.949999999999999300, 5.450000000000000200 ) ) ;
#217 = CARTESIAN_POINT ( 'NONE',  ( 3.000000000000000000, -10.40000000000000000, -3.700000000000000200 ) ) ;
#218 = CARTESIAN_POINT ( 'NONE',  ( -6.399999999999999500, -10.30000000000000100, 2.249999999999999600 ) ) ;
#219 = CARTESIAN_POINT ( 'NONE',  ( -0.3999999999999999100, 1.999999999999999100, 6.999999999999999100 ) ) ;
#220 = CARTESIAN_POINT ( 'NONE',  ( 3.000000000000000000, 1.999999999999999100, 9.700000000000001100 ) ) ;
#221 = CARTESIAN_POINT ( 'NONE',  ( 10.49999999999999800, -12.90000000000000000, -1.700000000000000200 ) ) ;
#222 = CARTESIAN_POINT ( 'NONE',  ( -12.19999999999999900, -6.949999999999999300, 5.800000000000000700 ) ) ;
#223 = CARTESIAN_POINT ( 'NONE',  ( 0.4000000000000001900, 1.999999999999999100, 7.399999999999999500 ) ) ;
#224 = CARTESIAN_POINT ( 'NONE',  ( 2.500000000000000900, -6.700000000000002800, 6.000000000000000000 ) ) ;
#225 = CARTESIAN_POINT ( 'NONE',  ( 7.000000000000000000, -12.90000000000000000, 4.749999999999999100 ) ) ;
#226 = CARTESIAN_POINT ( 'NONE',  ( -12.19999999999999900, -6.899999999999999500, -2.900000000000001700 ) ) ;
#227 = CARTESIAN_POINT ( 'NONE',  ( -0.3999999999999998600, 1.999999999999999100, 7.399999999999999500 ) ) ;
#228 = CARTESIAN_POINT ( 'NONE',  ( -3.000000000000000000, 2.000000000000000000, -3.700000000000000200 ) ) ;
#229 = CARTESIAN_POINT ( 'NONE',  ( -10.40000000000000000, -6.949999999999997500, 7.999999999999998200 ) ) ;
#230 = CARTESIAN_POINT ( 'NONE',  ( 8.499999999999998200, -10.40000000000000000, -3.700000000000000200 ) ) ;
#231 = CARTESIAN_POINT ( 'NONE',  ( -5.999999999999998200, -6.949999999999999300, 5.799999999999999800 ) ) ;
#232 = CARTESIAN_POINT ( 'NONE',  ( -10.40000000000000000, -6.949999999999999300, 5.450000000000001100 ) ) ;
#233 = CARTESIAN_POINT ( 'NONE',  ( -5.999999999999998200, -8.050000000000000700, 5.450000000000000200 ) ) ;
#234 = CARTESIAN_POINT ( 'NONE',  ( -6.399999999999999500, -9.799999999999998900, 2.249999999999999600 ) ) ;
#235 = CARTESIAN_POINT ( 'NONE',  ( -6.399999999999999500, -11.44999999999999900, -1.200000000000000800 ) ) ;
#236 = CARTESIAN_POINT ( 'NONE',  ( -0.5999999999999997600, 1.999999999999999100, 7.399999999999999500 ) ) ;
#237 = CARTESIAN_POINT ( 'NONE',  ( 1.084202172485504400E-015, 1.999999999999999100, 8.599999999999999600 ) ) ;
#238 = CARTESIAN_POINT ( 'NONE',  ( -3.000000000000000000, -6.899999999999999500, 6.000000000000000900 ) ) ;
#239 = CARTESIAN_POINT ( 'NONE',  ( 0.6000000000000002000, 1.999999999999999100, 7.399999999999999500 ) ) ;
#240 = CARTESIAN_POINT ( 'NONE',  ( 0.4000000000000001300, 1.999999999999999100, -2.600000000000000100 ) ) ;
#241 = CARTESIAN_POINT ( 'NONE',  ( 3.000000000000000000, 1.999999999999999100, 5.999999999999998200 ) ) ;
#242 = CARTESIAN_POINT ( 'NONE',  ( 0.4000000000000001300, 1.999999999999999100, 6.999999999999999100 ) ) ;
#243 = CARTESIAN_POINT ( 'NONE',  ( -6.399999999999999500, -9.799999999999998900, 5.750000000000000000 ) ) ;
#244 = CARTESIAN_POINT ( 'NONE',  ( -3.000000000000000000, 1.999999999999999100, 5.999999999999998200 ) ) ;
#245 = CARTESIAN_POINT ( 'NONE',  ( -10.40000000000000000, -8.749999999999998200, -1.200000000000000600 ) ) ;
#246 = CARTESIAN_POINT ( 'NONE',  ( 2.200000000000002400, -6.400000000000001200, 5.999999999999998200 ) ) ;
#247 = CARTESIAN_POINT ( 'NONE',  ( -3.899999999999997200, -6.899999999999999500, 8.899999999999998600 ) ) ;
#248 = ORIENTED_EDGE ( 'NONE', *, *, #1656, .T. ) ;
#249 = ORIENTED_EDGE ( 'NONE', *, *, #3134, .T. ) ;
#250 = ORIENTED_EDGE ( 'NONE', *, *, #3147, .F. ) ;
#251 = ORIENTED_EDGE ( 'NONE', *, *, #3136, .F. ) ;
#252 = ORIENTED_EDGE ( 'NONE', *, *, #3164, .T. ) ;
#253 = ORIENTED_EDGE ( 'NONE', *, *, #3169, .T. ) ;
#254 = ORIENTED_EDGE ( 'NONE', *, *, #3137, .F. ) ;
#255 = ORIENTED_EDGE ( 'NONE', *, *, #1700, .F. ) ;
#256 = ORIENTED_EDGE ( 'NONE', *, *, #1645, .T. ) ;
#257 = ORIENTED_EDGE ( 'NONE', *, *, #3173, .T. ) ;
#258 = ORIENTED_EDGE ( 'NONE', *, *, #3135, .T. ) ;
#259 = ORIENTED_EDGE ( 'NONE', *, *, #3155, .F. ) ;
#260 = ORIENTED_EDGE ( 'NONE', *, *, #1642, .F. ) ;
#261 = ORIENTED_EDGE ( 'NONE', *, *, #1693, .F. ) ;
#262 = ORIENTED_EDGE ( 'NONE', *, *, #3148, .T. ) ;
#263 = ORIENTED_EDGE ( 'NONE', *, *, #3171, .T. ) ;
#264 = ORIENTED_EDGE ( 'NONE', *, *, #3138, .F. ) ;
#265 = ORIENTED_EDGE ( 'NONE', *, *, #3139, .F. ) ;
#266 = ORIENTED_EDGE ( 'NONE', *, *, #3142, .T. ) ;
#267 = ORIENTED_EDGE ( 'NONE', *, *, #1780, .T. ) ;
#268 = EDGE_LOOP ( 'NONE', ( #3342, #2238, #377, #3346 ) ) ;
#269 = EDGE_LOOP ( 'NONE', ( #787, #790, #1200, #1635, #866, #867, #868 ) ) ;
#270 = EDGE_LOOP ( 'NONE', ( #818, #686, #2233, #3347 ) ) ;
#271 = EDGE_LOOP ( 'NONE', ( #375, #376, #824, #823 ) ) ;
#272 = EDGE_LOOP ( 'NONE', ( #1435, #379, #373, #374 ) ) ;
#273 = EDGE_LOOP ( 'NONE', ( #689, #381, #817, #685 ) ) ;
#274 = EDGE_LOOP ( 'NONE', ( #851, #852, #853, #854, #855, #856, #857, #858 ) ) ;
#275 = EDGE_LOOP ( 'NONE', ( #1367, #1368, #1369, #1497 ) ) ;
#276 = EDGE_LOOP ( 'NONE', ( #3345, #2236, #380, #692 ) ) ;
#278 = EDGE_LOOP ( 'NONE', ( #1495, #1498, #1499, #1489 ) ) ;
#277 = VECTOR ( 'NONE', #2324, 1000.000000000000000 ) ;
#280 = EDGE_LOOP ( 'NONE', ( #1215, #1214, #1213, #1212 ) ) ;
#279 = LINE ( 'NONE', #2325, #281 ) ;
#282 = EDGE_LOOP ( 'NONE', ( #1201, #789, #791, #788 ) ) ;
#281 = VECTOR ( 'NONE', #2326, 1000.000000000000000 ) ;
#284 = EDGE_LOOP ( 'NONE', ( #1219, #1218, #1217, #1216 ) ) ;
#283 = LINE ( 'NONE', #2327, #285 ) ;
#286 = EDGE_LOOP ( 'NONE', ( #3343, #2235, #2237, #1220 ) ) ;
#285 = VECTOR ( 'NONE', #2328, 1000.000000000000000 ) ;
#288 = EDGE_LOOP ( 'NONE', ( #2127, #2128, #2129, #2130, #2131, #2132, #2133 ) ) ;
#287 = LINE ( 'NONE', #2329, #289 ) ;
#290 = EDGE_LOOP ( 'NONE', ( #1622, #1623, #1624, #1625 ) ) ;
#289 = VECTOR ( 'NONE', #2330, 1000.000000000000000 ) ;
#292 = EDGE_LOOP ( 'NONE', ( #1626, #1627, #1628, #1629 ) ) ;
#291 = LINE ( 'NONE', #2331, #293 ) ;
#294 = EDGE_LOOP ( 'NONE', ( #1618, #1619, #1620, #1621 ) ) ;
#293 = VECTOR ( 'NONE', #2332, 1000.000000000000000 ) ;
#296 = EDGE_LOOP ( 'NONE', ( #2228, #2229, #2230, #2231 ) ) ;
#295 = LINE ( 'NONE', #2333, #297 ) ;
#298 = EDGE_LOOP ( 'NONE', ( #2232, #2124, #2125, #2126 ) ) ;
#297 = VECTOR ( 'NONE', #2334, 1000.000000000000000 ) ;
#299 = LINE ( 'NONE', #2335, #300 ) ;
#300 = VECTOR ( 'NONE', #2336, 1000.000000000000000 ) ;
#301 = LINE ( 'NONE', #2338, #302 ) ;
#302 = VECTOR ( 'NONE', #2339, 1000.000000000000000 ) ;
#303 = VECTOR ( 'NONE', #2341, 1000.000000000000000 ) ;
#304 = FACE_OUTER_BOUND ( 'NONE', #273, .T. ) ;
#305 = LINE ( 'NONE', #2343, #306 ) ;
#306 = VECTOR ( 'NONE', #2344, 1000.000000000000000 ) ;
#307 = FACE_BOUND ( 'NONE', #268, .T. ) ;
#308 = FACE_OUTER_BOUND ( 'NONE', #271, .T. ) ;
#309 = FACE_OUTER_BOUND ( 'NONE', #746, .T. ) ;
#310 = FACE_BOUND ( 'NONE', #384, .T. ) ;
#311 = FACE_BOUND ( 'NONE', #387, .T. ) ;
#312 = FACE_OUTER_BOUND ( 'NONE', #388, .T. ) ;
#313 = FACE_OUTER_BOUND ( 'NONE', #276, .T. ) ;
#314 = FACE_OUTER_BOUND ( 'NONE', #742, .T. ) ;
#315 = FACE_BOUND ( 'NONE', #272, .T. ) ;
#316 = FACE_OUTER_BOUND ( 'NONE', #270, .T. ) ;
#317 = FACE_OUTER_BOUND ( 'NONE', #750, .T. ) ;
#318 = CYLINDRICAL_SURFACE ( 'NONE', #3187, 1.749999999999999800 ) ;
#319 = FACE_OUTER_BOUND ( 'NONE', #738, .T. ) ;
#320 = CYLINDRICAL_SURFACE ( 'NONE', #3188, 1.750000000000000000 ) ;
#321 = FACE_OUTER_BOUND ( 'NONE', #740, .T. ) ;
#322 = FACE_OUTER_BOUND ( 'NONE', #751, .T. ) ;
#323 = FACE_OUTER_BOUND ( 'NONE', #735, .T. ) ;
#324 = FACE_OUTER_BOUND ( 'NONE', #741, .T. ) ;
#325 = FACE_OUTER_BOUND ( 'NONE', #745, .T. ) ;
#326 = FACE_OUTER_BOUND ( 'NONE', #736, .T. ) ;
#327 = FACE_OUTER_BOUND ( 'NONE', #734, .T. ) ;
#328 = FACE_OUTER_BOUND ( 'NONE', #815, .T. ) ;
#329 = FACE_OUTER_BOUND ( 'NONE', #733, .T. ) ;
#330 = FACE_OUTER_BOUND ( 'NONE', #816, .T. ) ;
#331 = FACE_OUTER_BOUND ( 'NONE', #814, .T. ) ;
#332 = FACE_OUTER_BOUND ( 'NONE', #739, .T. ) ;
#333 = FACE_OUTER_BOUND ( 'NONE', #813, .T. ) ;
#334 = FACE_OUTER_BOUND ( 'NONE', #737, .T. ) ;
#335 = FACE_OUTER_BOUND ( 'NONE', #810, .T. ) ;
#336 = FACE_OUTER_BOUND ( 'NONE', #807, .T. ) ;
#337 = FACE_OUTER_BOUND ( 'NONE', #812, .T. ) ;
#338 = FACE_OUTER_BOUND ( 'NONE', #808, .T. ) ;
#339 = FACE_OUTER_BOUND ( 'NONE', #809, .T. ) ;
#340 = FACE_OUTER_BOUND ( 'NONE', #811, .T. ) ;
#341 = FACE_OUTER_BOUND ( 'NONE', #806, .T. ) ;
#342 = CYLINDRICAL_SURFACE ( 'NONE', #3208, 2.000000000000000000 ) ;
#343 = FACE_OUTER_BOUND ( 'NONE', #805, .T. ) ;
#344 = CYLINDRICAL_SURFACE ( 'NONE', #3209, 2.000000000000000000 ) ;
#345 = FACE_OUTER_BOUND ( 'NONE', #804, .T. ) ;
#346 = CYLINDRICAL_SURFACE ( 'NONE', #3210, 1.750000000000000000 ) ;
#347 = FACE_OUTER_BOUND ( 'NONE', #801, .T. ) ;
#348 = CYLINDRICAL_SURFACE ( 'NONE', #3211, 1.749999999999999800 ) ;
#349 = FACE_OUTER_BOUND ( 'NONE', #798, .T. ) ;
#350 = FACE_OUTER_BOUND ( 'NONE', #803, .T. ) ;
#351 = FACE_OUTER_BOUND ( 'NONE', #799, .T. ) ;
#352 = FACE_OUTER_BOUND ( 'NONE', #800, .T. ) ;
#353 = FACE_OUTER_BOUND ( 'NONE', #796, .T. ) ;
#354 = FACE_OUTER_BOUND ( 'NONE', #793, .T. ) ;
#355 = FACE_OUTER_BOUND ( 'NONE', #802, .T. ) ;
#356 = FACE_OUTER_BOUND ( 'NONE', #794, .T. ) ;
#357 = FACE_OUTER_BOUND ( 'NONE', #795, .T. ) ;
#358 = FACE_OUTER_BOUND ( 'NONE', #773, .T. ) ;
#359 = FACE_OUTER_BOUND ( 'NONE', #770, .T. ) ;
#360 = FACE_OUTER_BOUND ( 'NONE', #797, .T. ) ;
#361 = FACE_OUTER_BOUND ( 'NONE', #765, .T. ) ;
#362 = FACE_OUTER_BOUND ( 'NONE', #774, .T. ) ;
#363 = FACE_OUTER_BOUND ( 'NONE', #771, .T. ) ;
#364 = FACE_OUTER_BOUND ( 'NONE', #762, .T. ) ;
#365 = FACE_OUTER_BOUND ( 'NONE', #792, .T. ) ;
#366 = FACE_OUTER_BOUND ( 'NONE', #33, .T. ) ;
#367 = FACE_OUTER_BOUND ( 'NONE', #769, .T. ) ;
#368 = FACE_OUTER_BOUND ( 'NONE', #768, .T. ) ;
#369 = VECTOR ( 'NONE', #478, 1000.000000000000000 ) ;
#370 = LINE ( 'NONE', #485, #3230 ) ;
#371 = LINE ( 'NONE', #487, #3232 ) ;
#372 = ORIENTED_EDGE ( 'NONE', *, *, #1653, .T. ) ;
#373 = ORIENTED_EDGE ( 'NONE', *, *, #1696, .F. ) ;
#374 = ORIENTED_EDGE ( 'NONE', *, *, #1685, .F. ) ;
#375 = ORIENTED_EDGE ( 'NONE', *, *, #1680, .F. ) ;
#376 = ORIENTED_EDGE ( 'NONE', *, *, #903, .F. ) ;
#377 = ORIENTED_EDGE ( 'NONE', *, *, #897, .F. ) ;
#378 = ORIENTED_EDGE ( 'NONE', *, *, #1692, .F. ) ;
#379 = ORIENTED_EDGE ( 'NONE', *, *, #1687, .F. ) ;
#380 = ORIENTED_EDGE ( 'NONE', *, *, #1693, .T. ) ;
#381 = ORIENTED_EDGE ( 'NONE', *, *, #1701, .T. ) ;
#382 = ORIENTED_EDGE ( 'NONE', *, *, #1699, .F. ) ;
#383 = EDGE_LOOP ( 'NONE', ( #1211, #1210, #1209, #1208, #1207, #1206, #1205, #1204, #1203, #1202 ) ) ;
#384 = EDGE_LOOP ( 'NONE', ( #822, #1436, #690, #3344 ) ) ;
#385 = EDGE_LOOP ( 'NONE', ( #687, #1434, #382, #378 ) ) ;
#386 = EDGE_LOOP ( 'NONE', ( #881, #882 ) ) ;
#387 = EDGE_LOOP ( 'NONE', ( #688, #2234, #820, #821 ) ) ;
#388 = EDGE_LOOP ( 'NONE', ( #819, #825, #372, #691 ) ) ;
#389 = EDGE_LOOP ( 'NONE', ( #1352, #1353, #1354, #1355 ) ) ;
#390 = EDGE_LOOP ( 'NONE', ( #869, #870, #871, #872 ) ) ;
#391 = EDGE_LOOP ( 'NONE', ( #873, #874, #875, #876, #877, #878, #879, #880 ) ) ;
#392 = CARTESIAN_POINT ( 'NONE',  ( 3.000000000000000000, -7.400000000000002100, 6.000000000000000000 ) ) ;
#393 = CARTESIAN_POINT ( 'NONE',  ( -7.600000000000000500, -8.050000000000000700, 3.799999999999998900 ) ) ;
#394 = CARTESIAN_POINT ( 'NONE',  ( -12.19999999999999800, -6.899999999999999500, 8.899999999999998600 ) ) ;
#395 = CARTESIAN_POINT ( 'NONE',  ( -6.399999999999999500, -11.44999999999999800, 7.199999999999999300 ) ) ;
#396 = CARTESIAN_POINT ( 'NONE',  ( 7.000000000000000000, -12.90000000000000000, 8.249999999999998200 ) ) ;
#397 = CARTESIAN_POINT ( 'NONE',  ( 0.4000000000000000200, 0.6000000000000016400, 5.999999999999999100 ) ) ;
#398 = CARTESIAN_POINT ( 'NONE',  ( -12.19999999999999900, -6.949999999999997500, 7.999999999999998200 ) ) ;
#399 = CARTESIAN_POINT ( 'NONE',  ( 10.49999999999999800, -12.90000000000000000, 7.699999999999998400 ) ) ;
#400 = CARTESIAN_POINT ( 'NONE',  ( -3.000000000000000000, 2.000000000000001800, 0.0000000000000000000 ) ) ;
#401 = CARTESIAN_POINT ( 'NONE',  ( -12.19999999999999900, -6.899999999999999500, 9.700000000000001100 ) ) ;
#402 = CARTESIAN_POINT ( 'NONE',  ( -3.000000000000000000, -6.899999999999998600, 9.699999999999999300 ) ) ;
#403 = CARTESIAN_POINT ( 'NONE',  ( -6.399999999999999500, -10.30000000000000100, 6.249999999999999100 ) ) ;
#404 = CARTESIAN_POINT ( 'NONE',  ( -3.000000000000000000, -6.899999999999999500, -3.700000000000002000 ) ) ;
#405 = CARTESIAN_POINT ( 'NONE',  ( -6.399999999999999500, -9.799999999999998900, 4.249999999999999100 ) ) ;
#406 = CARTESIAN_POINT ( 'NONE',  ( -2.200000000000001100, -6.400000000000001200, 5.999999999999998200 ) ) ;
#407 = CARTESIAN_POINT ( 'NONE',  ( 2.500000000000000900, -7.400000000000001200, 6.000000000000000000 ) ) ;
#408 = CARTESIAN_POINT ( 'NONE',  ( -10.90000000000000000, -12.25000000000000000, -8.673617379884035500E-016 ) ) ;
#409 = CARTESIAN_POINT ( 'NONE',  ( -12.19999999999999900, -6.899999999999999500, -3.700000000000002000 ) ) ;
#410 = CARTESIAN_POINT ( 'NONE',  ( -10.90000000000000000, -12.25000000000000000, 5.999999999999999100 ) ) ;
#411 = CARTESIAN_POINT ( 'NONE',  ( 6.999999999999999100, -12.90000000000000000, -0.5000000000000013300 ) ) ;
#412 = CARTESIAN_POINT ( 'NONE',  ( 0.4000000000000001300, 1.999999999999999100, -2.600000000000000100 ) ) ;
#413 = DIRECTION ( 'NONE',  ( 1.000000000000000000, -0.0000000000000000000, -0.0000000000000000000 ) ) ;
#414 = DIRECTION ( 'NONE',  ( -0.0000000000000000000, 1.000000000000000000, -0.0000000000000000000 ) ) ;
#415 = DIRECTION ( 'NONE',  ( 0.0000000000000000000, 0.0000000000000000000, -1.000000000000000000 ) ) ;
#416 = CARTESIAN_POINT ( 'NONE',  ( -12.19999999999999900, -6.899999999999999500, 9.700000000000001100 ) ) ;
#417 = DIRECTION ( 'NONE',  ( -1.000000000000000000, 0.0000000000000000000, 0.0000000000000000000 ) ) ;
#418 = CARTESIAN_POINT ( 'NONE',  ( -3.000000000000000000, -6.400000000000001200, 5.999999999999998200 ) ) ;
#419 = DIRECTION ( 'NONE',  ( 0.0000000000000000000, 0.0000000000000000000, -1.000000000000000000 ) ) ;
#420 = CARTESIAN_POINT ( 'NONE',  ( 0.4000000000000001900, 1.999999999999999100, -2.199999999999999700 ) ) ;
#421 = DIRECTION ( 'NONE',  ( 0.0000000000000000000, 1.000000000000000000, 0.0000000000000000000 ) ) ;
#422 = CARTESIAN_POINT ( 'NONE',  ( -3.000000000000000000, 2.000000000000001800, 0.0000000000000000000 ) ) ;
#423 = DIRECTION ( 'NONE',  ( 1.000000000000000000, 0.0000000000000000000, 0.0000000000000000000 ) ) ;
#424 = CARTESIAN_POINT ( 'NONE',  ( -6.399999999999999500, -8.749999999999998200, 7.200000000000001100 ) ) ;
#425 = DIRECTION ( 'NONE',  ( -1.355252715606880000E-016, 0.0000000000000000000, -1.000000000000000000 ) ) ;
#426 = CARTESIAN_POINT ( 'NONE',  ( -12.19999999999999900, -6.949999999999998400, -2.000000000000001800 ) ) ;
#427 = DIRECTION ( 'NONE',  ( -1.000000000000000000, -0.0000000000000000000, -0.0000000000000000000 ) ) ;
#428 = CARTESIAN_POINT ( 'NONE',  ( 0.6000000000000002000, 1.999999999999999100, -2.199999999999999700 ) ) ;
#429 = DIRECTION ( 'NONE',  ( -0.0000000000000000000, -8.673617379884035500E-017, -1.000000000000000000 ) ) ;
#430 = CARTESIAN_POINT ( 'NONE',  ( -10.40000000000000000, -8.749999999999998200, -1.200000000000000600 ) ) ;
#431 = DIRECTION ( 'NONE',  ( 0.0000000000000000000, 2.065146995210484400E-016, 1.000000000000000000 ) ) ;
#432 = CARTESIAN_POINT ( 'NONE',  ( -6.399999999999999500, -8.749999999999998200, -1.200000000000000600 ) ) ;
#433 = DIRECTION ( 'NONE',  ( -1.000000000000000000, -0.0000000000000000000, -0.0000000000000000000 ) ) ;
#434 = CARTESIAN_POINT ( 'NONE',  ( -12.19999999999999900, -6.899999999999999500, 9.700000000000001100 ) ) ;
#435 = DIRECTION ( 'NONE',  ( -1.000000000000000000, 0.0000000000000000000, 0.0000000000000000000 ) ) ;
#436 = CARTESIAN_POINT ( 'NONE',  ( -12.19999999999999900, -6.899999999999999500, -2.900000000000001200 ) ) ;
#437 = DIRECTION ( 'NONE',  ( 0.0000000000000000000, 0.0000000000000000000, -1.000000000000000000 ) ) ;
#438 = CARTESIAN_POINT ( 'NONE',  ( 7.000000000000000000, -17.84974746830583200, 4.749999999999999100 ) ) ;
#439 = DIRECTION ( 'NONE',  ( -0.0000000000000000000, 1.000000000000000000, -0.0000000000000000000 ) ) ;
#440 = CARTESIAN_POINT ( 'NONE',  ( 7.000000000000000000, -17.84974746830583200, 8.249999999999998200 ) ) ;
#441 = DIRECTION ( 'NONE',  ( -1.000000000000000000, -0.0000000000000000000, 5.225070710773516200E-017 ) ) ;
#442 = CARTESIAN_POINT ( 'NONE',  ( -3.000000000000000000, 1.999999999999999100, 9.700000000000001100 ) ) ;
#443 = DIRECTION ( 'NONE',  ( -0.0000000000000000000, 1.000000000000000000, -0.0000000000000000000 ) ) ;
#444 = CARTESIAN_POINT ( 'NONE',  ( 7.000000000000000000, -12.90000000000000000, 6.499999999999999100 ) ) ;
#445 = DIRECTION ( 'NONE',  ( -0.0000000000000000000, 1.000000000000000000, -0.0000000000000000000 ) ) ;
#446 = DIRECTION ( 'NONE',  ( 0.0000000000000000000, 0.0000000000000000000, -1.000000000000000000 ) ) ;
#447 = CARTESIAN_POINT ( 'NONE',  ( 0.4000000000000001300, 1.999999999999999100, 6.999999999999999100 ) ) ;
#448 = DIRECTION ( 'NONE',  ( 0.0000000000000000000, -1.000000000000000000, -1.164243943608595400E-016 ) ) ;
#449 = CARTESIAN_POINT ( 'NONE',  ( 7.000000000000000000, -10.40000000000000000, 6.499999999999999100 ) ) ;
#450 = DIRECTION ( 'NONE',  ( 0.0000000000000000000, 1.000000000000000000, 0.0000000000000000000 ) ) ;
#451 = DIRECTION ( 'NONE',  ( 0.0000000000000000000, 0.0000000000000000000, 1.000000000000000000 ) ) ;
#452 = CARTESIAN_POINT ( 'NONE',  ( -0.3999999999999998600, 1.999999999999999100, -2.199999999999999700 ) ) ;
#453 = DIRECTION ( 'NONE',  ( -1.000000000000000000, 0.0000000000000000000, 0.0000000000000000000 ) ) ;
#454 = CARTESIAN_POINT ( 'NONE',  ( -12.19999999999999800, -6.899999999999999500, 8.899999999999998600 ) ) ;
#455 = DIRECTION ( 'NONE',  ( -1.000000000000000000, 0.0000000000000000000, 0.0000000000000000000 ) ) ;
#456 = CARTESIAN_POINT ( 'NONE',  ( -3.899999999999998600, -6.899999999999999500, -2.900000000000001700 ) ) ;
#457 = DIRECTION ( 'NONE',  ( 1.000000000000000000, 0.0000000000000000000, 0.0000000000000000000 ) ) ;
#458 = CARTESIAN_POINT ( 'NONE',  ( -0.3999999999999998600, 1.999999999999999100, 7.399999999999999500 ) ) ;
#459 = DIRECTION ( 'NONE',  ( -1.102578480493733400E-016, -0.0000000000000000000, -1.000000000000000000 ) ) ;
#460 = CARTESIAN_POINT ( 'NONE',  ( -6.399999999999999500, -9.799999999999998900, -0.2500000000000006700 ) ) ;
#461 = DIRECTION ( 'NONE',  ( -1.000000000000000000, 0.0000000000000000000, 0.0000000000000000000 ) ) ;
#462 = CARTESIAN_POINT ( 'NONE',  ( -0.3999999999999999100, 1.999999999999999100, 6.999999999999999100 ) ) ;
#463 = DIRECTION ( 'NONE',  ( -0.0000000000000000000, -0.0000000000000000000, -1.000000000000000000 ) ) ;
#464 = CARTESIAN_POINT ( 'NONE',  ( 0.6000000000000002000, 1.999999999999999100, 7.399999999999999500 ) ) ;
#465 = CARTESIAN_POINT ( 'NONE',  ( -6.399999999999999500, -9.799999999999998900, 1.749999999999999300 ) ) ;
#466 = DIRECTION ( 'NONE',  ( 0.0000000000000000000, 1.000000000000000000, 0.0000000000000000000 ) ) ;
#467 = DIRECTION ( 'NONE',  ( 0.0000000000000000000, 0.0000000000000000000, 1.000000000000000000 ) ) ;
#468 = CARTESIAN_POINT ( 'NONE',  ( 8.499999999999998200, -10.40000000000000000, -1.700000000000000200 ) ) ;
#469 = DIRECTION ( 'NONE',  ( -0.0000000000000000000, 1.000000000000000000, -0.0000000000000000000 ) ) ;
#470 = DIRECTION ( 'NONE',  ( 0.0000000000000000000, 0.0000000000000000000, -1.000000000000000000 ) ) ;
#471 = CARTESIAN_POINT ( 'NONE',  ( 10.49999999999999800, -10.40000000000000000, 9.699999999999999300 ) ) ;
#472 = DIRECTION ( 'NONE',  ( -0.0000000000000000000, -0.0000000000000000000, 1.000000000000000000 ) ) ;
#473 = CARTESIAN_POINT ( 'NONE',  ( -12.19999999999999900, -6.949999999999997500, 7.999999999999998200 ) ) ;
#474 = DIRECTION ( 'NONE',  ( -0.0000000000000000000, 1.000000000000000000, -0.0000000000000000000 ) ) ;
#475 = CARTESIAN_POINT ( 'NONE',  ( -9.599999999999999600, -10.30000000000000100, 4.249999999999999100 ) ) ;
#476 = DIRECTION ( 'NONE',  ( 1.000000000000000000, -0.0000000000000000000, -0.0000000000000000000 ) ) ;
#477 = CARTESIAN_POINT ( 'NONE',  ( -7.600000000000000500, -7.450000000000000200, 3.799999999999998900 ) ) ;
#478 = DIRECTION ( 'NONE',  ( 1.000000000000000000, -0.0000000000000000000, -0.0000000000000000000 ) ) ;
#479 = CARTESIAN_POINT ( 'NONE',  ( -9.599999999999999600, -10.30000000000000100, 5.749999999999999100 ) ) ;
#480 = DIRECTION ( 'NONE',  ( 1.000000000000000000, -0.0000000000000000000, -0.0000000000000000000 ) ) ;
#481 = CARTESIAN_POINT ( 'NONE',  ( -9.599999999999999600, -9.799999999999998900, 3.749999999999999600 ) ) ;
#482 = DIRECTION ( 'NONE',  ( -0.0000000000000000000, -0.0000000000000000000, -1.000000000000000000 ) ) ;
#483 = CARTESIAN_POINT ( 'NONE',  ( -12.19999999999999900, -12.25000000000000000, -8.673617379884035500E-016 ) ) ;
#484 = DIRECTION ( 'NONE',  ( 0.0000000000000000000, 0.0000000000000000000, 1.000000000000000000 ) ) ;
#485 = CARTESIAN_POINT ( 'NONE',  ( -12.19999999999999900, -6.949999999999999300, 5.800000000000000700 ) ) ;
#486 = DIRECTION ( 'NONE',  ( 1.000000000000000000, -0.0000000000000000000, -0.0000000000000000000 ) ) ;
#487 = CARTESIAN_POINT ( 'NONE',  ( -2.500000000000000000, -6.700000000000004600, 0.0000000000000000000 ) ) ;
#488 = DIRECTION ( 'NONE',  ( -0.0000000000000000000, 1.000000000000000000, -0.0000000000000000000 ) ) ;
#489 = CARTESIAN_POINT ( 'NONE',  ( -7.600000000000000500, -7.450000000000000200, 2.199999999999999300 ) ) ;
#490 = DIRECTION ( 'NONE',  ( 0.7071067811865434600, 0.7071067811865516800, 0.0000000000000000000 ) ) ;
#491 = CARTESIAN_POINT ( 'NONE',  ( -9.599999999999999600, -9.799999999999998900, -0.2500000000000006700 ) ) ;
#492 = DIRECTION ( 'NONE',  ( 0.0000000000000000000, -1.000000000000000000, -1.084202172485503400E-016 ) ) ;
#493 = CARTESIAN_POINT ( 'NONE',  ( -9.599999999999999600, -10.30000000000000100, 0.2499999999999995300 ) ) ;
#494 = DIRECTION ( 'NONE',  ( 1.000000000000000000, -0.0000000000000000000, -0.0000000000000000000 ) ) ;
#495 = CARTESIAN_POINT ( 'NONE',  ( -9.599999999999999600, -10.30000000000000100, -0.2500000000000007200 ) ) ;
#496 = DIRECTION ( 'NONE',  ( 0.0000000000000000000, 0.0000000000000000000, 1.000000000000000000 ) ) ;
#497 = CARTESIAN_POINT ( 'NONE',  ( -9.599999999999999600, -9.799999999999998900, 0.2499999999999993600 ) ) ;
#498 = DIRECTION ( 'NONE',  ( 1.000000000000000000, -0.0000000000000000000, -0.0000000000000000000 ) ) ;
#499 = CARTESIAN_POINT ( 'NONE',  ( -9.440000000000001300, -7.450000000000000200, 2.199999999999999300 ) ) ;
#500 = DIRECTION ( 'NONE',  ( -0.0000000000000000000, -1.000000000000000000, -0.0000000000000000000 ) ) ;
#501 = CARTESIAN_POINT ( 'NONE',  ( -5.999999999999999100, -8.050000000000000700, 0.5499999999999982700 ) ) ;
#502 = DIRECTION ( 'NONE',  ( -0.0000000000000000000, 1.000000000000000000, -0.0000000000000000000 ) ) ;
#503 = CARTESIAN_POINT ( 'NONE',  ( -9.599999999999999600, -9.799999999999998900, 3.749999999999999600 ) ) ;
#504 = DIRECTION ( 'NONE',  ( -1.000000000000000000, 0.0000000000000000000, 0.0000000000000000000 ) ) ;
#505 = CARTESIAN_POINT ( 'NONE',  ( -12.19999999999999900, -11.44999999999999900, -8.673617379884035500E-016 ) ) ;
#506 = DIRECTION ( 'NONE',  ( 0.0000000000000000000, -1.000000000000000000, 0.0000000000000000000 ) ) ;
#507 = CARTESIAN_POINT ( 'NONE',  ( -5.999999999999999100, -6.949999999999999300, 0.1999999999999987900 ) ) ;
#508 = DIRECTION ( 'NONE',  ( 0.0000000000000000000, -1.000000000000000000, 0.0000000000000000000 ) ) ;
#509 = CARTESIAN_POINT ( 'NONE',  ( -12.19999999999999900, -11.44999999999999900, 5.999999999999999100 ) ) ;
#510 = DIRECTION ( 'NONE',  ( -0.0000000000000000000, 1.000000000000000000, -0.0000000000000000000 ) ) ;
#511 = CARTESIAN_POINT ( 'NONE',  ( 10.49999999999999800, -12.90000000000000000, 7.699999999999998400 ) ) ;
#512 = DIRECTION ( 'NONE',  ( -1.548860246407863300E-016, -0.0000000000000000000, -1.000000000000000000 ) ) ;
#513 = CARTESIAN_POINT ( 'NONE',  ( -5.999999999999999100, -6.949999999999999300, 0.1999999999999987900 ) ) ;
#514 = DIRECTION ( 'NONE',  ( 0.0000000000000000000, -1.000000000000000000, -1.164243943608595400E-016 ) ) ;
#515 = CARTESIAN_POINT ( 'NONE',  ( -5.999999999999998200, -8.050000000000000700, 5.450000000000000200 ) ) ;
#516 = DIRECTION ( 'NONE',  ( -0.0000000000000000000, 1.000000000000000000, -0.0000000000000000000 ) ) ;
#517 = CARTESIAN_POINT ( 'NONE',  ( -9.440000000000001300, -7.450000000000000200, 2.199999999999999300 ) ) ;
#518 = DIRECTION ( 'NONE',  ( -1.000000000000000000, 0.0000000000000000000, 1.398970545142586500E-016 ) ) ;
#519 = CARTESIAN_POINT ( 'NONE',  ( -7.600000000000000500, -7.450000000000000200, 2.199999999999999300 ) ) ;
#520 = DIRECTION ( 'NONE',  ( -0.0000000000000000000, -1.000000000000000000, -0.0000000000000000000 ) ) ;
#521 = CARTESIAN_POINT ( 'NONE',  ( -10.40000000000000000, -6.949999999999998400, -2.000000000000001800 ) ) ;
#522 = DIRECTION ( 'NONE',  ( 0.0000000000000000000, 0.0000000000000000000, 1.000000000000000000 ) ) ;
#523 = CARTESIAN_POINT ( 'NONE',  ( -5.999999999999999100, -6.949999999999999300, 0.5499999999999982700 ) ) ;
#524 = DIRECTION ( 'NONE',  ( -1.000000000000000000, 0.0000000000000000000, 2.464095846557964400E-017 ) ) ;
#525 = CARTESIAN_POINT ( 'NONE',  ( -7.600000000000000500, -7.450000000000000200, 2.199999999999999300 ) ) ;
#526 = DIRECTION ( 'NONE',  ( -0.0000000000000000000, -0.0000000000000000000, -1.000000000000000000 ) ) ;
#527 = CARTESIAN_POINT ( 'NONE',  ( -7.600000000000000500, -7.450000000000000200, 3.799999999999998900 ) ) ;
#528 = DIRECTION ( 'NONE',  ( -0.0000000000000000000, -1.000000000000000000, -0.0000000000000000000 ) ) ;
#529 = CARTESIAN_POINT ( 'NONE',  ( -10.40000000000000000, -6.949999999999998400, -2.000000000000001800 ) ) ;
#530 = DIRECTION ( 'NONE',  ( -1.000000000000000000, -0.0000000000000000000, -0.0000000000000000000 ) ) ;
#531 = CARTESIAN_POINT ( 'NONE',  ( -2.500000000000000000, -7.400000000000003000, 2.139492287038063500E-015 ) ) ;
#532 = DIRECTION ( 'NONE',  ( -0.0000000000000000000, -8.673617379884035500E-017, -1.000000000000000000 ) ) ;
#533 = CARTESIAN_POINT ( 'NONE',  ( -10.40000000000000000, -8.050000000000000700, 5.450000000000001100 ) ) ;
#534 = DIRECTION ( 'NONE',  ( -0.0000000000000000000, 1.000000000000000000, -0.0000000000000000000 ) ) ;
#535 = CARTESIAN_POINT ( 'NONE',  ( -9.599999999999999600, -9.799999999999998900, 6.249999999999999100 ) ) ;
#536 = DIRECTION ( 'NONE',  ( -0.0000000000000000000, 1.000000000000000000, -0.0000000000000000000 ) ) ;
#537 = CARTESIAN_POINT ( 'NONE',  ( -5.999999999999998200, -6.949999999999999300, 5.799999999999999800 ) ) ;
#538 = DIRECTION ( 'NONE',  ( -0.0000000000000000000, 1.000000000000000000, -2.891205793294678800E-016 ) ) ;
#539 = CARTESIAN_POINT ( 'NONE',  ( -10.40000000000000000, -6.949999999999998400, -2.000000000000001800 ) ) ;
#540 = DIRECTION ( 'NONE',  ( 0.0000000000000000000, -1.000000000000000000, 1.257045997084642600E-016 ) ) ;
#541 = CARTESIAN_POINT ( 'NONE',  ( -10.40000000000000000, -6.949999999999997500, 7.999999999999998200 ) ) ;
#542 = DIRECTION ( 'NONE',  ( -0.0000000000000000000, 1.000000000000000000, -0.0000000000000000000 ) ) ;
#543 = CARTESIAN_POINT ( 'NONE',  ( -10.40000000000000000, -6.949999999999998400, 0.1999999999999992300 ) ) ;
#544 = DIRECTION ( 'NONE',  ( -1.000000000000000000, 1.213413523429458300E-032, 1.398970545142586500E-016 ) ) ;
#545 = CARTESIAN_POINT ( 'NONE',  ( -10.40000000000000000, -10.40000000000000000, -2.000000000000001300 ) ) ;
#546 = DIRECTION ( 'NONE',  ( -0.0000000000000000000, 1.000000000000000000, -0.0000000000000000000 ) ) ;
#547 = CARTESIAN_POINT ( 'NONE',  ( -9.599999999999999600, -9.799999999999998900, 6.249999999999999100 ) ) ;
#548 = DIRECTION ( 'NONE',  ( 1.000000000000000000, -0.0000000000000000000, -0.0000000000000000000 ) ) ;
#549 = CARTESIAN_POINT ( 'NONE',  ( -10.90000000000000000, -12.25000000000000000, 5.999999999999999100 ) ) ;
#550 = DIRECTION ( 'NONE',  ( -1.000000000000000000, -0.0000000000000000000, -0.0000000000000000000 ) ) ;
#551 = CARTESIAN_POINT ( 'NONE',  ( -10.40000000000000000, -8.050000000000000700, 0.5499999999999983800 ) ) ;
#552 = DIRECTION ( 'NONE',  ( -0.0000000000000000000, 1.000000000000000000, -0.0000000000000000000 ) ) ;
#553 = CARTESIAN_POINT ( 'NONE',  ( -10.40000000000000000, -10.40000000000000000, -2.000000000000001300 ) ) ;
#554 = DIRECTION ( 'NONE',  ( 0.0000000000000000000, 1.734723475976807100E-016, 1.000000000000000000 ) ) ;
#555 = CARTESIAN_POINT ( 'NONE',  ( -5.999999999999999100, -6.949999999999999300, 0.1999999999999987900 ) ) ;
#556 = DIRECTION ( 'NONE',  ( -0.0000000000000000000, 1.000000000000000000, -0.0000000000000000000 ) ) ;
#557 = CARTESIAN_POINT ( 'NONE',  ( -10.90000000000000000, -11.44999999999999900, 5.999999999999999100 ) ) ;
#558 = DIRECTION ( 'NONE',  ( -1.000000000000000000, -0.0000000000000000000, -0.0000000000000000000 ) ) ;
#559 = CARTESIAN_POINT ( 'NONE',  ( -10.40000000000000000, -10.39999999999999900, 7.999999999999998200 ) ) ;
#560 = DIRECTION ( 'NONE',  ( -0.0000000000000000000, 1.000000000000000000, -0.0000000000000000000 ) ) ;
#561 = CARTESIAN_POINT ( 'NONE',  ( -10.90000000000000000, -12.25000000000000000, -8.673617379884035500E-016 ) ) ;
#562 = DIRECTION ( 'NONE',  ( -1.000000000000000000, -0.0000000000000000000, -0.0000000000000000000 ) ) ;
#563 = CARTESIAN_POINT ( 'NONE',  ( -2.200000000000001100, -6.400000000000001200, 6.000000000000000900 ) ) ;
#564 = DIRECTION ( 'NONE',  ( 1.445602896647339400E-016, 2.891205793294678800E-016, 1.000000000000000000 ) ) ;
#565 = CARTESIAN_POINT ( 'NONE',  ( -10.40000000000000000, -8.749999999999998200, -1.200000000000000600 ) ) ;
#566 = DIRECTION ( 'NONE',  ( 0.0000000000000000000, 0.0000000000000000000, 1.000000000000000000 ) ) ;
#567 = CARTESIAN_POINT ( 'NONE',  ( -10.40000000000000000, -6.949999999999998400, -2.000000000000001800 ) ) ;
#568 = DIRECTION ( 'NONE',  ( -0.0000000000000000000, -8.673617379884035500E-017, -1.000000000000000000 ) ) ;
#569 = CARTESIAN_POINT ( 'NONE',  ( -0.4000000000000000800, -0.5999999999999999800, -0.1000000000000000100 ) ) ;
#570 = DIRECTION ( 'NONE',  ( -0.0000000000000000000, -0.0000000000000000000, 1.000000000000000000 ) ) ;
#571 = CARTESIAN_POINT ( 'NONE',  ( -9.599999999999999600, -9.799999999999998900, 4.249999999999999100 ) ) ;
#572 = DIRECTION ( 'NONE',  ( 1.000000000000000000, -0.0000000000000000000, -0.0000000000000000000 ) ) ;
#573 = CARTESIAN_POINT ( 'NONE',  ( -0.4000000000000000200, 0.5999999999999999800, -0.1000000000000000100 ) ) ;
#574 = DIRECTION ( 'NONE',  ( -1.000000000000000000, -0.0000000000000000000, -0.0000000000000000000 ) ) ;
#575 = CARTESIAN_POINT ( 'NONE',  ( -6.999999999999979600, -3.799999999999997600, 0.1999999999999879400 ) ) ;
#576 = DIRECTION ( 'NONE',  ( -0.5773502691896239500, 0.5773502691896279500, 0.5773502691896254000 ) ) ;
#577 = CARTESIAN_POINT ( 'NONE',  ( -10.90000000000000000, -11.44999999999999900, -8.673617379884035500E-016 ) ) ;
#578 = DIRECTION ( 'NONE',  ( 0.0000000000000000000, -1.000000000000000000, 0.0000000000000000000 ) ) ;
#579 = CARTESIAN_POINT ( 'NONE',  ( -4.233333333333329800, -6.566666666666664700, 8.566666666666666400 ) ) ;
#580 = DIRECTION ( 'NONE',  ( -0.5773502691896245100, 0.5773502691896285100, -0.5773502691896245100 ) ) ;
#581 = DIRECTION ( 'NONE',  ( -1.000000000000000000, -0.0000000000000000000, -0.0000000000000000000 ) ) ;
#582 = CARTESIAN_POINT ( 'NONE',  ( -6.399999999999999500, -10.39999999999999900, 7.200000000000000200 ) ) ;
#583 = DIRECTION ( 'NONE',  ( 1.000000000000000000, 0.0000000000000000000, 0.0000000000000000000 ) ) ;
#584 = CARTESIAN_POINT ( 'NONE',  ( -6.399999999999999500, -11.44999999999999800, 7.199999999999999300 ) ) ;
#585 = DIRECTION ( 'NONE',  ( 0.0000000000000000000, 1.000000000000000000, 8.031127203596326900E-017 ) ) ;
#586 = CARTESIAN_POINT ( 'NONE',  ( -6.399999999999999500, -11.44999999999999900, -1.200000000000000800 ) ) ;
#587 = DIRECTION ( 'NONE',  ( -1.000000000000000000, -0.0000000000000000000, -0.0000000000000000000 ) ) ;
#588 = CARTESIAN_POINT ( 'NONE',  ( -10.90000000000000000, -11.44999999999999900, -8.673617379884035500E-016 ) ) ;
#589 = DIRECTION ( 'NONE',  ( -1.000000000000000000, -0.0000000000000000000, -0.0000000000000000000 ) ) ;
#590 = CARTESIAN_POINT ( 'NONE',  ( -10.90000000000000000, -11.44999999999999900, -8.673617379884035500E-016 ) ) ;
#591 = DIRECTION ( 'NONE',  ( -0.0000000000000000000, -0.0000000000000000000, -1.000000000000000000 ) ) ;
#592 = CARTESIAN_POINT ( 'NONE',  ( -10.90000000000000000, -12.25000000000000000, -8.673617379884035500E-016 ) ) ;
#593 = DIRECTION ( 'NONE',  ( -1.000000000000000000, -0.0000000000000000000, -0.0000000000000000000 ) ) ;
#594 = CARTESIAN_POINT ( 'NONE',  ( -9.599999999999999600, -10.30000000000000100, 5.749999999999999100 ) ) ;
#595 = DIRECTION ( 'NONE',  ( 0.0000000000000000000, 0.0000000000000000000, 1.000000000000000000 ) ) ;
#596 = CARTESIAN_POINT ( 'NONE',  ( -10.90000000000000000, -11.44999999999999900, 5.999999999999999100 ) ) ;
#597 = DIRECTION ( 'NONE',  ( -1.000000000000000000, -0.0000000000000000000, -0.0000000000000000000 ) ) ;
#598 = CARTESIAN_POINT ( 'NONE',  ( -9.599999999999999600, -9.799999999999998900, 2.249999999999999600 ) ) ;
#599 = DIRECTION ( 'NONE',  ( -0.0000000000000000000, 1.000000000000000000, -0.0000000000000000000 ) ) ;
#600 = CARTESIAN_POINT ( 'NONE',  ( -5.999999999999999100, -6.399999999999999500, 0.1999999999999987900 ) ) ;
#601 = DIRECTION ( 'NONE',  ( -1.548860246407863300E-016, -0.0000000000000000000, -1.000000000000000000 ) ) ;
#602 = CARTESIAN_POINT ( 'NONE',  ( -0.4000000000000000200, 0.5999999999999999800, -0.1000000000000000100 ) ) ;
#603 = LINE ( 'NONE', #2180, #644 ) ;
#604 = LINE ( 'NONE', #2150, #605 ) ;
#605 = VECTOR ( 'NONE', #2151, 1000.000000000000000 ) ;
#606 = LINE ( 'NONE', #2152, #607 ) ;
#607 = VECTOR ( 'NONE', #2153, 1000.000000000000000 ) ;
#608 = LINE ( 'NONE', #2154, #609 ) ;
#609 = VECTOR ( 'NONE', #2155, 1000.000000000000000 ) ;
#610 = LINE ( 'NONE', #2156, #611 ) ;
#611 = VECTOR ( 'NONE', #2157, 1000.000000000000000 ) ;
#612 = LINE ( 'NONE', #2158, #613 ) ;
#613 = VECTOR ( 'NONE', #2159, 1000.000000000000000 ) ;
#614 = LINE ( 'NONE', #2160, #615 ) ;
#615 = VECTOR ( 'NONE', #2161, 1000.000000000000100 ) ;
#616 = LINE ( 'NONE', #2162, #617 ) ;
#617 = VECTOR ( 'NONE', #2163, 1000.000000000000000 ) ;
#618 = VECTOR ( 'NONE', #2165, 1000.000000000000000 ) ;
#619 = LINE ( 'NONE', #2190, #646 ) ;
#620 = LINE ( 'NONE', #2166, #621 ) ;
#621 = VECTOR ( 'NONE', #2167, 1000.000000000000000 ) ;
#622 = LINE ( 'NONE', #2168, #623 ) ;
#623 = VECTOR ( 'NONE', #2169, 1000.000000000000000 ) ;
#624 = LINE ( 'NONE', #2170, #625 ) ;
#625 = VECTOR ( 'NONE', #2171, 1000.000000000000100 ) ;
#626 = LINE ( 'NONE', #2172, #627 ) ;
#627 = VECTOR ( 'NONE', #2173, 1000.000000000000000 ) ;
#628 = LINE ( 'NONE', #2174, #629 ) ;
#629 = VECTOR ( 'NONE', #2175, 1000.000000000000000 ) ;
#630 = LINE ( 'NONE', #2176, #631 ) ;
#631 = VECTOR ( 'NONE', #2177, 1000.000000000000000 ) ;
#632 = LINE ( 'NONE', #2178, #633 ) ;
#633 = VECTOR ( 'NONE', #2179, 1000.000000000000000 ) ;
#634 = VECTOR ( 'NONE', #2181, 1000.000000000000100 ) ;
#635 = LINE ( 'NONE', #2192, #650 ) ;
#636 = LINE ( 'NONE', #2182, #637 ) ;
#637 = VECTOR ( 'NONE', #2183, 1000.000000000000100 ) ;
#638 = LINE ( 'NONE', #2184, #639 ) ;
#639 = VECTOR ( 'NONE', #2185, 1000.000000000000000 ) ;
#640 = LINE ( 'NONE', #2186, #641 ) ;
#641 = VECTOR ( 'NONE', #2187, 1000.000000000000000 ) ;
#642 = LINE ( 'NONE', #2188, #643 ) ;
#643 = VECTOR ( 'NONE', #2189, 1000.000000000000000 ) ;
#644 = VECTOR ( 'NONE', #2191, 1000.000000000000000 ) ;
#645 = LINE ( 'NONE', #2196, #654 ) ;
#646 = VECTOR ( 'NONE', #2193, 1000.000000000000000 ) ;
#647 = LINE ( 'NONE', #2200, #656 ) ;
#648 = LINE ( 'NONE', #2194, #649 ) ;
#649 = VECTOR ( 'NONE', #2195, 1000.000000000000000 ) ;
#650 = VECTOR ( 'NONE', #2197, 1000.000000000000000 ) ;
#651 = LINE ( 'NONE', #2202, #660 ) ;
#652 = LINE ( 'NONE', #2198, #653 ) ;
#653 = VECTOR ( 'NONE', #2199, 1000.000000000000000 ) ;
#654 = VECTOR ( 'NONE', #2201, 1000.000000000000000 ) ;
#655 = LINE ( 'NONE', #2207, #668 ) ;
#656 = VECTOR ( 'NONE', #2203, 1000.000000000000000 ) ;
#657 = VECTOR ( 'NONE', #2310, 1000.000000000000000 ) ;
#658 = LINE ( 'NONE', #2205, #659 ) ;
#659 = VECTOR ( 'NONE', #2206, 1000.000000000000000 ) ;
#660 = VECTOR ( 'NONE', #2208, 1000.000000000000000 ) ;
#661 = LINE ( 'NONE', #2309, #657 ) ;
#662 = LINE ( 'NONE', #2209, #663 ) ;
#663 = VECTOR ( 'NONE', #2210, 1000.000000000000000 ) ;
#664 = LINE ( 'NONE', #1346, #665 ) ;
#665 = VECTOR ( 'NONE', #2301, 1000.000000000000000 ) ;
#666 = LINE ( 'NONE', #2303, #667 ) ;
#667 = VECTOR ( 'NONE', #2304, 1000.000000000000000 ) ;
#668 = VECTOR ( 'NONE', #2204, 1000.000000000000000 ) ;
#669 = LINE ( 'NONE', #2313, #671 ) ;
#670 = LINE ( 'NONE', #2319, #303 ) ;
#671 = VECTOR ( 'NONE', #2314, 1000.000000000000000 ) ;
#672 = CIRCLE ( 'NONE', #3176, 1.749999999999999800 ) ;
#673 = FACE_BOUND ( 'NONE', #385, .T. ) ;
#674 = LINE ( 'NONE', #2306, #680 ) ;
#675 = CIRCLE ( 'NONE', #3182, 2.000000000000000000 ) ;
#676 = LINE ( 'NONE', #2315, #677 ) ;
#677 = VECTOR ( 'NONE', #2316, 1000.000000000000000 ) ;
#678 = LINE ( 'NONE', #2317, #679 ) ;
#679 = VECTOR ( 'NONE', #2318, 1000.000000000000000 ) ;
#680 = VECTOR ( 'NONE', #2320, 1000.000000000000000 ) ;
#681 = LINE ( 'NONE', #479, #3223 ) ;
#682 = LINE ( 'NONE', #2321, #683 ) ;
#683 = VECTOR ( 'NONE', #2322, 1000.000000000000000 ) ;
#684 = LINE ( 'NONE', #2323, #277 ) ;
#685 = ORIENTED_EDGE ( 'NONE', *, *, #1683, .T. ) ;
#686 = ORIENTED_EDGE ( 'NONE', *, *, #894, .T. ) ;
#687 = ORIENTED_EDGE ( 'NONE', *, *, #1698, .F. ) ;
#688 = ORIENTED_EDGE ( 'NONE', *, *, #907, .F. ) ;
#689 = ORIENTED_EDGE ( 'NONE', *, *, #1684, .T. ) ;
#690 = ORIENTED_EDGE ( 'NONE', *, *, #1703, .F. ) ;
#691 = ORIENTED_EDGE ( 'NONE', *, *, #1650, .F. ) ;
#692 = ORIENTED_EDGE ( 'NONE', *, *, #1686, .T. ) ;
#693 = ORIENTED_EDGE ( 'NONE', *, *, #3123, .T. ) ;
#694 = ORIENTED_EDGE ( 'NONE', *, *, #3163, .T. ) ;
#695 = ORIENTED_EDGE ( 'NONE', *, *, #3164, .F. ) ;
#696 = ORIENTED_EDGE ( 'NONE', *, *, #3077, .T. ) ;
#697 = ORIENTED_EDGE ( 'NONE', *, *, #3125, .F. ) ;
#698 = ORIENTED_EDGE ( 'NONE', *, *, #3121, .F. ) ;
#699 = ORIENTED_EDGE ( 'NONE', *, *, #3135, .F. ) ;
#700 = ORIENTED_EDGE ( 'NONE', *, *, #3104, .T. ) ;
#701 = ORIENTED_EDGE ( 'NONE', *, *, #897, .T. ) ;
#702 = ORIENTED_EDGE ( 'NONE', *, *, #1776, .F. ) ;
#703 = ORIENTED_EDGE ( 'NONE', *, *, #3105, .F. ) ;
#704 = ORIENTED_EDGE ( 'NONE', *, *, #3094, .T. ) ;
#705 = ORIENTED_EDGE ( 'NONE', *, *, #1695, .T. ) ;
#706 = ORIENTED_EDGE ( 'NONE', *, *, #3108, .F. ) ;
#707 = ORIENTED_EDGE ( 'NONE', *, *, #3087, .F. ) ;
#708 = ORIENTED_EDGE ( 'NONE', *, *, #1776, .T. ) ;
#709 = ORIENTED_EDGE ( 'NONE', *, *, #3107, .T. ) ;
#710 = ORIENTED_EDGE ( 'NONE', *, *, #3096, .T. ) ;
#711 = ORIENTED_EDGE ( 'NONE', *, *, #3105, .T. ) ;
#712 = ORIENTED_EDGE ( 'NONE', *, *, #3087, .T. ) ;
#713 = ORIENTED_EDGE ( 'NONE', *, *, #1675, .F. ) ;
#714 = ORIENTED_EDGE ( 'NONE', *, *, #1681, .F. ) ;
#715 = ORIENTED_EDGE ( 'NONE', *, *, #3079, .F. ) ;
#716 = ORIENTED_EDGE ( 'NONE', *, *, #1764, .F. ) ;
#717 = ORIENTED_EDGE ( 'NONE', *, *, #1765, .F. ) ;
#718 = ORIENTED_EDGE ( 'NONE', *, *, #1691, .F. ) ;
#719 = ORIENTED_EDGE ( 'NONE', *, *, #892, .F. ) ;
#720 = ORIENTED_EDGE ( 'NONE', *, *, #3101, .F. ) ;
#721 = ORIENTED_EDGE ( 'NONE', *, *, #894, .F. ) ;
#722 = ORIENTED_EDGE ( 'NONE', *, *, #1672, .F. ) ;
#723 = ORIENTED_EDGE ( 'NONE', *, *, #3314, .T. ) ;
#724 = ORIENTED_EDGE ( 'NONE', *, *, #3078, .T. ) ;
#725 = ORIENTED_EDGE ( 'NONE', *, *, #1648, .F. ) ;
#726 = ORIENTED_EDGE ( 'NONE', *, *, #1674, .F. ) ;
#727 = ORIENTED_EDGE ( 'NONE', *, *, #1650, .T. ) ;
#728 = ORIENTED_EDGE ( 'NONE', *, *, #1763, .T. ) ;
#729 = ORIENTED_EDGE ( 'NONE', *, *, #3318, .T. ) ;
#730 = ORIENTED_EDGE ( 'NONE', *, *, #3075, .F. ) ;
#731 = ORIENTED_EDGE ( 'NONE', *, *, #3090, .F. ) ;
#732 = ORIENTED_EDGE ( 'NONE', *, *, #3082, .T. ) ;
#733 = EDGE_LOOP ( 'NONE', ( #1414, #1415, #1416, #1417 ) ) ;
#734 = EDGE_LOOP ( 'NONE', ( #1404, #1405, #1406, #1407, #1408 ) ) ;
#735 = EDGE_LOOP ( 'NONE', ( #1388, #1389, #1390, #1391 ) ) ;
#736 = EDGE_LOOP ( 'NONE', ( #1396, #1397, #1398, #1399, #1400, #1401, #1402, #1403 ) ) ;
#737 = EDGE_LOOP ( 'NONE', ( #701, #702, #703, #704 ) ) ;
#738 = EDGE_LOOP ( 'NONE', ( #1384, #1385, #1386, #1387 ) ) ;
#739 = EDGE_LOOP ( 'NONE', ( #1426, #1427, #1428, #1429 ) ) ;
#740 = EDGE_LOOP ( 'NONE', ( #24, #25, #26, #27 ) ) ;
#741 = EDGE_LOOP ( 'NONE', ( #696, #697, #698, #699 ) ) ;
#742 = EDGE_LOOP ( 'NONE', ( #28, #693, #694, #695 ) ) ;
#743 = EDGE_LOOP ( 'NONE', ( #12, #13, #14, #15 ) ) ;
#744 = EDGE_LOOP ( 'NONE', ( #263, #264, #265, #266, #267, #9, #10, #11 ) ) ;
#745 = EDGE_LOOP ( 'NONE', ( #1392, #1393, #1394, #1395 ) ) ;
#746 = EDGE_LOOP ( 'NONE', ( #20, #21, #22, #23 ) ) ;
#747 = EDGE_LOOP ( 'NONE', ( #3341, #248, #249, #250 ) ) ;
#748 = EDGE_LOOP ( 'NONE', ( #3337, #3338, #3339, #3340 ) ) ;
#749 = EDGE_LOOP ( 'NONE', ( #3333, #3334, #3335, #3336 ) ) ;
#750 = EDGE_LOOP ( 'NONE', ( #16, #17, #18, #19 ) ) ;
#751 = EDGE_LOOP ( 'NONE', ( #1370, #1371, #1372, #1373, #1374, #1375, #1376, #1377, #1378, #1379, #1380, #1381, #1382, #1383 ) ) ;
#752 = EDGE_LOOP ( 'NONE', ( #1471, #1470, #1469, #1468, #1467, #1466 ) ) ;
#753 = EDGE_LOOP ( 'NONE', ( #257, #258, #259, #260, #261, #262 ) ) ;
#754 = EDGE_LOOP ( 'NONE', ( #1473, #1472 ) ) ;
#755 = EDGE_LOOP ( 'NONE', ( #1437, #3326, #3327, #3328, #3329, #3330, #3331, #3332 ) ) ;
#756 = EDGE_LOOP ( 'NONE', ( #1465, #1464, #1463, #1462 ) ) ;
#757 = EDGE_LOOP ( 'NONE', ( #1476, #1474 ) ) ;
#758 = EDGE_LOOP ( 'NONE', ( #1490, #1494, #1486, #1492, #1496, #1491, #1500, #1488, #1487, #1485, #1484 ) ) ;
#759 = EDGE_LOOP ( 'NONE', ( #251, #252, #253, #254, #255, #256 ) ) ;
#760 = EDGE_LOOP ( 'NONE', ( #1461, #1460, #1459, #1458, #1457, #1456, #1454, #1453, #1455, #1452, #1451, #1450, #1449, #1448, #1447, #1446, #1445, #1444, #1443, #1442, #1441, #1440, #1439, #1438 ) ) ;
#761 = EDGE_LOOP ( 'NONE', ( #1356, #1357, #1358, #1359, #1360, #1361, #1362, #1363, #1364, #1365, #1366 ) ) ;
#762 = EDGE_LOOP ( 'NONE', ( #938, #939, #940, #941 ) ) ;
#763 = EDGE_LOOP ( 'NONE', ( #783, #784, #50, #51 ) ) ;
#764 = EDGE_LOOP ( 'NONE', ( #1483, #1482, #1481, #1480, #1479, #1478, #1475, #1477 ) ) ;
#765 = EDGE_LOOP ( 'NONE', ( #926, #927, #928, #929 ) ) ;
#766 = EDGE_LOOP ( 'NONE', ( #1348, #1349, #1350, #1351 ) ) ;
#767 = EDGE_LOOP ( 'NONE', ( #834, #835, #836, #837 ) ) ;
#768 = EDGE_LOOP ( 'NONE', ( #779, #780, #781, #782 ) ) ;
#769 = EDGE_LOOP ( 'NONE', ( #775, #776, #777, #778 ) ) ;
#770 = EDGE_LOOP ( 'NONE', ( #918, #919, #920, #921 ) ) ;
#771 = EDGE_LOOP ( 'NONE', ( #934, #935, #936, #937 ) ) ;
#772 = EDGE_LOOP ( 'NONE', ( #52, #53, #54, #55 ) ) ;
#773 = EDGE_LOOP ( 'NONE', ( #914, #915, #916, #917 ) ) ;
#774 = EDGE_LOOP ( 'NONE', ( #930, #931, #932, #933 ) ) ;
#775 = ORIENTED_EDGE ( 'NONE', *, *, #3076, .T. ) ;
#776 = ORIENTED_EDGE ( 'NONE', *, *, #1736, .F. ) ;
#777 = ORIENTED_EDGE ( 'NONE', *, *, #1743, .F. ) ;
#778 = ORIENTED_EDGE ( 'NONE', *, *, #1749, .T. ) ;
#779 = ORIENTED_EDGE ( 'NONE', *, *, #1768, .T. ) ;
#780 = ORIENTED_EDGE ( 'NONE', *, *, #1749, .F. ) ;
#781 = ORIENTED_EDGE ( 'NONE', *, *, #1710, .F. ) ;
#782 = ORIENTED_EDGE ( 'NONE', *, *, #3129, .T. ) ;
#783 = ORIENTED_EDGE ( 'NONE', *, *, #3172, .T. ) ;
#784 = ORIENTED_EDGE ( 'NONE', *, *, #1710, .T. ) ;
#785 = VECTOR ( 'NONE', #431, 1000.000000000000000 ) ;
#786 = CLOSED_SHELL ( 'NONE', ( #1786, #1787, #1784, #1785, #1783, #3071, #3072, #3061, #3062, #3063, #3064, #3065, #3066, #3067, #3068, #3069, #3070, #3024, #3025, #3026, #3027, #3028, #3029, #3030, #3031, #3032, #3033, #3034, #3035, #3036, #1788, #1789, #2973, #2974, #2975, #2976, #2977, #2978, #2979, #2980, #2981, #2982, #2983, #2984, #2985, #2986, #2987, #2988, #2989, #2990, #2991, #2992, #2993, #2994, #2995, #2996, #2997, #2998, #2999, #3000, #3001, #3002, #3003, #3004, #3005, #3006, #3007, #3008, #3009, #3010, #3011, #3012, #3013, #3014, #3015, #3016, #3017, #3018, #3019, #3037, #3038, #3039, #3040, #3041, #3042, #3043, #3044, #3045, #3046, #3047, #3048, #3049, #3050, #3051, #3052, #3053, #3054, #3055, #3056, #3057, #3058, #3059, #3060, #3020, #3021, #3022, #3023 ) ) ;
#787 = ORIENTED_EDGE ( 'NONE', *, *, #900, .F. ) ;
#788 = ORIENTED_EDGE ( 'NONE', *, *, #76, .F. ) ;
#789 = ORIENTED_EDGE ( 'NONE', *, *, #898, .F. ) ;
#790 = ORIENTED_EDGE ( 'NONE', *, *, #1654, .F. ) ;
#791 = ORIENTED_EDGE ( 'NONE', *, *, #1652, .F. ) ;
#792 = EDGE_LOOP ( 'NONE', ( #942, #945, #947, #949 ) ) ;
#793 = EDGE_LOOP ( 'NONE', ( #2271, #2272, #2273, #2274 ) ) ;
#794 = EDGE_LOOP ( 'NONE', ( #2279, #2280, #908, #909 ) ) ;
#795 = EDGE_LOOP ( 'NONE', ( #910, #911, #912, #913 ) ) ;
#796 = EDGE_LOOP ( 'NONE', ( #2267, #2268, #2269, #2270 ) ) ;
#797 = EDGE_LOOP ( 'NONE', ( #922, #923, #924, #925 ) ) ;
#798 = EDGE_LOOP ( 'NONE', ( #2251, #2252, #2253, #2254 ) ) ;
#799 = EDGE_LOOP ( 'NONE', ( #2259, #2260, #2261, #2262 ) ) ;
#800 = EDGE_LOOP ( 'NONE', ( #2263, #2264, #2265, #2266 ) ) ;
#801 = EDGE_LOOP ( 'NONE', ( #2247, #2248, #2249, #2250 ) ) ;
#802 = EDGE_LOOP ( 'NONE', ( #2275, #2276, #2277, #2278 ) ) ;
#803 = EDGE_LOOP ( 'NONE', ( #2255, #2256, #2257, #2258 ) ) ;
#804 = EDGE_LOOP ( 'NONE', ( #2243, #2244, #2245, #2246 ) ) ;
#805 = EDGE_LOOP ( 'NONE', ( #2239, #2240, #2241, #2242 ) ) ;
#806 = EDGE_LOOP ( 'NONE', ( #729, #730, #731, #732 ) ) ;
#807 = EDGE_LOOP ( 'NONE', ( #709, #710, #711, #712 ) ) ;
#808 = EDGE_LOOP ( 'NONE', ( #717, #718, #719, #720 ) ) ;
#809 = EDGE_LOOP ( 'NONE', ( #721, #722, #723, #724 ) ) ;
#810 = EDGE_LOOP ( 'NONE', ( #705, #706, #707, #708 ) ) ;
#811 = EDGE_LOOP ( 'NONE', ( #725, #726, #727, #728 ) ) ;
#812 = EDGE_LOOP ( 'NONE', ( #713, #714, #715, #716 ) ) ;
#813 = EDGE_LOOP ( 'NONE', ( #1430, #1431, #1199, #700 ) ) ;
#814 = EDGE_LOOP ( 'NONE', ( #1422, #1423, #1424, #1425 ) ) ;
#815 = EDGE_LOOP ( 'NONE', ( #1409, #1410, #1411, #1412, #1413 ) ) ;
#816 = EDGE_LOOP ( 'NONE', ( #1418, #1419, #1420, #1421 ) ) ;
#817 = ORIENTED_EDGE ( 'NONE', *, *, #1694, .T. ) ;
#818 = ORIENTED_EDGE ( 'NONE', *, *, #1636, .F. ) ;
#819 = ORIENTED_EDGE ( 'NONE', *, *, #1651, .F. ) ;
#820 = ORIENTED_EDGE ( 'NONE', *, *, #1659, .F. ) ;
#821 = ORIENTED_EDGE ( 'NONE', *, *, #1709, .F. ) ;
#822 = ORIENTED_EDGE ( 'NONE', *, *, #1708, .F. ) ;
#823 = ORIENTED_EDGE ( 'NONE', *, *, #1669, .F. ) ;
#824 = ORIENTED_EDGE ( 'NONE', *, *, #1697, .F. ) ;
#825 = ORIENTED_EDGE ( 'NONE', *, *, #1648, .T. ) ;
#826 = ORIENTED_EDGE ( 'NONE', *, *, #900, .T. ) ;
#827 = ORIENTED_EDGE ( 'NONE', *, *, #1718, .F. ) ;
#828 = ORIENTED_EDGE ( 'NONE', *, *, #1740, .F. ) ;
#829 = ORIENTED_EDGE ( 'NONE', *, *, #1725, .T. ) ;
#830 = ORIENTED_EDGE ( 'NONE', *, *, #1654, .T. ) ;
#831 = ORIENTED_EDGE ( 'NONE', *, *, #1725, .F. ) ;
#832 = ORIENTED_EDGE ( 'NONE', *, *, #1720, .F. ) ;
#833 = ORIENTED_EDGE ( 'NONE', *, *, #1719, .T. ) ;
#834 = ORIENTED_EDGE ( 'NONE', *, *, #1682, .T. ) ;
#835 = ORIENTED_EDGE ( 'NONE', *, *, #1719, .F. ) ;
#836 = ORIENTED_EDGE ( 'NONE', *, *, #1717, .F. ) ;
#837 = ORIENTED_EDGE ( 'NONE', *, *, #1716, .T. ) ;
#838 = ORIENTED_EDGE ( 'NONE', *, *, #1637, .T. ) ;
#839 = ORIENTED_EDGE ( 'NONE', *, *, #1716, .F. ) ;
#840 = ORIENTED_EDGE ( 'NONE', *, *, #1714, .F. ) ;
#841 = ORIENTED_EDGE ( 'NONE', *, *, #1715, .T. ) ;
#842 = ORIENTED_EDGE ( 'NONE', *, *, #1641, .T. ) ;
#843 = ORIENTED_EDGE ( 'NONE', *, *, #1715, .F. ) ;
#844 = ORIENTED_EDGE ( 'NONE', *, *, #1712, .F. ) ;
#845 = ORIENTED_EDGE ( 'NONE', *, *, #1713, .T. ) ;
#846 = ORIENTED_EDGE ( 'NONE', *, *, #1675, .T. ) ;
#847 = ORIENTED_EDGE ( 'NONE', *, *, #1677, .F. ) ;
#848 = ORIENTED_EDGE ( 'NONE', *, *, #892, .T. ) ;
#849 = ORIENTED_EDGE ( 'NONE', *, *, #1676, .F. ) ;
#850 = ORIENTED_EDGE ( 'NONE', *, *, #1671, .F. ) ;
#851 = ORIENTED_EDGE ( 'NONE', *, *, #1676, .T. ) ;
#852 = ORIENTED_EDGE ( 'NONE', *, *, #1691, .T. ) ;
#853 = ORIENTED_EDGE ( 'NONE', *, *, #1666, .T. ) ;
#854 = ORIENTED_EDGE ( 'NONE', *, *, #1662, .F. ) ;
#855 = ORIENTED_EDGE ( 'NONE', *, *, #1667, .F. ) ;
#856 = ORIENTED_EDGE ( 'NONE', *, *, #1652, .T. ) ;
#857 = ORIENTED_EDGE ( 'NONE', *, *, #889, .F. ) ;
#858 = ORIENTED_EDGE ( 'NONE', *, *, #1664, .F. ) ;
#859 = ORIENTED_EDGE ( 'NONE', *, *, #1663, .F. ) ;
#860 = ORIENTED_EDGE ( 'NONE', *, *, #1658, .F. ) ;
#861 = ORIENTED_EDGE ( 'NONE', *, *, #1660, .F. ) ;
#862 = ORIENTED_EDGE ( 'NONE', *, *, #1655, .F. ) ;
#863 = ORIENTED_EDGE ( 'NONE', *, *, #1665, .F. ) ;
#864 = ORIENTED_EDGE ( 'NONE', *, *, #1661, .F. ) ;
#865 = ORIENTED_EDGE ( 'NONE', *, *, #1670, .F. ) ;
#866 = ORIENTED_EDGE ( 'NONE', *, *, #1641, .F. ) ;
#867 = ORIENTED_EDGE ( 'NONE', *, *, #1646, .F. ) ;
#868 = ORIENTED_EDGE ( 'NONE', *, *, #893, .F. ) ;
#869 = ORIENTED_EDGE ( 'NONE', *, *, #1640, .T. ) ;
#870 = ORIENTED_EDGE ( 'NONE', *, *, #1702, .F. ) ;
#871 = ORIENTED_EDGE ( 'NONE', *, *, #895, .F. ) ;
#872 = ORIENTED_EDGE ( 'NONE', *, *, #1697, .T. ) ;
#873 = ORIENTED_EDGE ( 'NONE', *, *, #1679, .F. ) ;
#874 = ORIENTED_EDGE ( 'NONE', *, *, #1681, .T. ) ;
#875 = ORIENTED_EDGE ( 'NONE', *, *, #3315, .F. ) ;
#876 = ORIENTED_EDGE ( 'NONE', *, *, #1678, .F. ) ;
#877 = ORIENTED_EDGE ( 'NONE', *, *, #1493, .T. ) ;
#878 = ORIENTED_EDGE ( 'NONE', *, *, #1669, .T. ) ;
#879 = ORIENTED_EDGE ( 'NONE', *, *, #895, .T. ) ;
#880 = ORIENTED_EDGE ( 'NONE', *, *, #906, .F. ) ;
#881 = ORIENTED_EDGE ( 'NONE', *, *, #1674, .T. ) ;
#882 = ORIENTED_EDGE ( 'NONE', *, *, #1651, .T. ) ;
#883 = ORIENTED_EDGE ( 'NONE', *, *, #1672, .T. ) ;
#884 = ORIENTED_EDGE ( 'NONE', *, *, #1636, .T. ) ;
#885 = ORIENTED_EDGE ( 'NONE', *, *, #3315, .T. ) ;
#886 = EDGE_CURVE ( 'NONE', #2029, #996, #1228, .T. ) ;
#887 = EDGE_CURVE ( 'NONE', #1028, #954, #1229, .T. ) ;
#888 = AXIS2_PLACEMENT_3D ( 'NONE', #411, #414, #415 ) ;
#889 = EDGE_CURVE ( 'NONE', #1023, #1024, #1225, .T. ) ;
#890 = EDGE_CURVE ( 'NONE', #987, #2029, #1227, .T. ) ;
#891 = AXIS2_PLACEMENT_3D ( 'NONE', #2640, #2650, #2651 ) ;
#892 = EDGE_CURVE ( 'NONE', #1021, #2028, #1238, .T. ) ;
#893 = EDGE_CURVE ( 'NONE', #961, #968, #1237, .T. ) ;
#894 = EDGE_CURVE ( 'NONE', #2023, #952, #1236, .T. ) ;
#895 = EDGE_CURVE ( 'NONE', #993, #2025, #1235, .T. ) ;
#896 = AXIS2_PLACEMENT_3D ( 'NONE', #1043, #75, #159 ) ;
#897 = EDGE_CURVE ( 'NONE', #2035, #2037, #1232, .T. ) ;
#898 = EDGE_CURVE ( 'NONE', #1024, #1003, #1240, .T. ) ;
#899 = EDGE_CURVE ( 'NONE', #2042, #1003, #1247, .T. ) ;
#900 = EDGE_CURVE ( 'NONE', #2036, #961, #1249, .T. ) ;
#901 = EDGE_CURVE ( 'NONE', #1003, #970, #1242, .T. ) ;
#902 = EDGE_CURVE ( 'NONE', #997, #981, #1253, .T. ) ;
#903 = EDGE_CURVE ( 'NONE', #1022, #970, #1244, .T. ) ;
#904 = AXIS2_PLACEMENT_3D ( 'NONE', #2636, #2646, #2647 ) ;
#905 = EDGE_CURVE ( 'NONE', #994, #2029, #1246, .T. ) ;
#906 = EDGE_CURVE ( 'NONE', #982, #2025, #1252, .T. ) ;
#907 = EDGE_CURVE ( 'NONE', #967, #966, #1256, .T. ) ;
#908 = ORIENTED_EDGE ( 'NONE', *, *, #1774, .F. ) ;
#909 = ORIENTED_EDGE ( 'NONE', *, *, #1762, .T. ) ;
#910 = ORIENTED_EDGE ( 'NONE', *, *, #1707, .T. ) ;
#911 = ORIENTED_EDGE ( 'NONE', *, *, #3130, .F. ) ;
#912 = ORIENTED_EDGE ( 'NONE', *, *, #1761, .F. ) ;
#913 = ORIENTED_EDGE ( 'NONE', *, *, #3083, .T. ) ;
#914 = ORIENTED_EDGE ( 'NONE', *, *, #1703, .T. ) ;
#915 = ORIENTED_EDGE ( 'NONE', *, *, #1769, .F. ) ;
#916 = ORIENTED_EDGE ( 'NONE', *, *, #3085, .F. ) ;
#917 = ORIENTED_EDGE ( 'NONE', *, *, #3130, .T. ) ;
#918 = ORIENTED_EDGE ( 'NONE', *, *, #3098, .T. ) ;
#919 = ORIENTED_EDGE ( 'NONE', *, *, #1774, .T. ) ;
#920 = ORIENTED_EDGE ( 'NONE', *, *, #1761, .T. ) ;
#921 = ORIENTED_EDGE ( 'NONE', *, *, #3085, .T. ) ;
#922 = ORIENTED_EDGE ( 'NONE', *, *, #3319, .T. ) ;
#923 = ORIENTED_EDGE ( 'NONE', *, *, #3084, .F. ) ;
#924 = ORIENTED_EDGE ( 'NONE', *, *, #3166, .F. ) ;
#925 = ORIENTED_EDGE ( 'NONE', *, *, #3165, .T. ) ;
#926 = ORIENTED_EDGE ( 'NONE', *, *, #1698, .T. ) ;
#927 = ORIENTED_EDGE ( 'NONE', *, *, #3170, .F. ) ;
#928 = ORIENTED_EDGE ( 'NONE', *, *, #3141, .F. ) ;
#929 = ORIENTED_EDGE ( 'NONE', *, *, #3084, .T. ) ;
#930 = ORIENTED_EDGE ( 'NONE', *, *, #1692, .T. ) ;
#931 = ORIENTED_EDGE ( 'NONE', *, *, #3118, .F. ) ;
#932 = ORIENTED_EDGE ( 'NONE', *, *, #3112, .F. ) ;
#933 = ORIENTED_EDGE ( 'NONE', *, *, #3170, .T. ) ;
#934 = ORIENTED_EDGE ( 'NONE', *, *, #1699, .T. ) ;
#935 = ORIENTED_EDGE ( 'NONE', *, *, #3165, .F. ) ;
#936 = ORIENTED_EDGE ( 'NONE', *, *, #3168, .F. ) ;
#937 = ORIENTED_EDGE ( 'NONE', *, *, #3118, .T. ) ;
#938 = ORIENTED_EDGE ( 'NONE', *, *, #3166, .T. ) ;
#939 = ORIENTED_EDGE ( 'NONE', *, *, #3141, .T. ) ;
#940 = ORIENTED_EDGE ( 'NONE', *, *, #3112, .T. ) ;
#941 = ORIENTED_EDGE ( 'NONE', *, *, #3168, .T. ) ;
#942 = ORIENTED_EDGE ( 'NONE', *, *, #1778, .T. ) ;
#943 = VERTEX_POINT ( 'NONE', #186 ) ;
#945 = ORIENTED_EDGE ( 'NONE', *, *, #3129, .F. ) ;
#944 = VERTEX_POINT ( 'NONE', #190 ) ;
#946 = VERTEX_POINT ( 'NONE', #185 ) ;
#947 = ORIENTED_EDGE ( 'NONE', *, *, #3172, .F. ) ;
#948 = VERTEX_POINT ( 'NONE', #188 ) ;
#949 = ORIENTED_EDGE ( 'NONE', *, *, #3145, .T. ) ;
#950 = VERTEX_POINT ( 'NONE', #192 ) ;
#951 = ORIENTED_EDGE ( 'NONE', *, *, #1777, .T. ) ;
#952 = VERTEX_POINT ( 'NONE', #183 ) ;
#953 = ORIENTED_EDGE ( 'NONE', *, *, #3145, .F. ) ;
#954 = VERTEX_POINT ( 'NONE', #191 ) ;
#956 = ORIENTED_EDGE ( 'NONE', *, *, #3131, .F. ) ;
#955 = VERTEX_POINT ( 'NONE', #195 ) ;
#957 = VERTEX_POINT ( 'NONE', #196 ) ;
#958 = ORIENTED_EDGE ( 'NONE', *, *, #1736, .T. ) ;
#959 = VERTEX_POINT ( 'NONE', #197 ) ;
#960 = VERTEX_POINT ( 'NONE', #194 ) ;
#961 = VERTEX_POINT ( 'NONE', #198 ) ;
#962 = VERTEX_POINT ( 'NONE', #199 ) ;
#963 = VERTEX_POINT ( 'NONE', #200 ) ;
#964 = VERTEX_POINT ( 'NONE', #189 ) ;
#965 = VERTEX_POINT ( 'NONE', #201 ) ;
#966 = VERTEX_POINT ( 'NONE', #202 ) ;
#967 = VERTEX_POINT ( 'NONE', #193 ) ;
#968 = VERTEX_POINT ( 'NONE', #203 ) ;
#969 = VERTEX_POINT ( 'NONE', #204 ) ;
#970 = VERTEX_POINT ( 'NONE', #205 ) ;
#971 = VERTEX_POINT ( 'NONE', #206 ) ;
#972 = VERTEX_POINT ( 'NONE', #207 ) ;
#973 = VERTEX_POINT ( 'NONE', #208 ) ;
#974 = VERTEX_POINT ( 'NONE', #209 ) ;
#975 = VERTEX_POINT ( 'NONE', #210 ) ;
#976 = VERTEX_POINT ( 'NONE', #211 ) ;
#977 = VERTEX_POINT ( 'NONE', #212 ) ;
#978 = VERTEX_POINT ( 'NONE', #213 ) ;
#979 = VERTEX_POINT ( 'NONE', #214 ) ;
#980 = VERTEX_POINT ( 'NONE', #215 ) ;
#981 = VERTEX_POINT ( 'NONE', #216 ) ;
#982 = VERTEX_POINT ( 'NONE', #217 ) ;
#983 = VERTEX_POINT ( 'NONE', #218 ) ;
#984 = VERTEX_POINT ( 'NONE', #219 ) ;
#985 = VERTEX_POINT ( 'NONE', #220 ) ;
#986 = VERTEX_POINT ( 'NONE', #221 ) ;
#987 = VERTEX_POINT ( 'NONE', #222 ) ;
#988 = VERTEX_POINT ( 'NONE', #223 ) ;
#989 = VERTEX_POINT ( 'NONE', #224 ) ;
#990 = VERTEX_POINT ( 'NONE', #225 ) ;
#991 = VERTEX_POINT ( 'NONE', #226 ) ;
#992 = VERTEX_POINT ( 'NONE', #227 ) ;
#993 = VERTEX_POINT ( 'NONE', #228 ) ;
#994 = VERTEX_POINT ( 'NONE', #229 ) ;
#995 = VERTEX_POINT ( 'NONE', #230 ) ;
#996 = VERTEX_POINT ( 'NONE', #231 ) ;
#997 = VERTEX_POINT ( 'NONE', #232 ) ;
#998 = VERTEX_POINT ( 'NONE', #233 ) ;
#999 = VERTEX_POINT ( 'NONE', #234 ) ;
#1000 = VERTEX_POINT ( 'NONE', #235 ) ;
#1001 = VERTEX_POINT ( 'NONE', #236 ) ;
#1002 = VERTEX_POINT ( 'NONE', #237 ) ;
#1003 = VERTEX_POINT ( 'NONE', #238 ) ;
#1004 = VERTEX_POINT ( 'NONE', #239 ) ;
#1005 = VERTEX_POINT ( 'NONE', #240 ) ;
#1006 = VERTEX_POINT ( 'NONE', #241 ) ;
#1007 = VERTEX_POINT ( 'NONE', #242 ) ;
#1008 = VERTEX_POINT ( 'NONE', #243 ) ;
#1009 = VERTEX_POINT ( 'NONE', #244 ) ;
#1010 = VERTEX_POINT ( 'NONE', #245 ) ;
#1011 = VERTEX_POINT ( 'NONE', #246 ) ;
#1012 = VERTEX_POINT ( 'NONE', #247 ) ;
#1013 = VERTEX_POINT ( 'NONE', #1040 ) ;
#1014 = VERTEX_POINT ( 'NONE', #392 ) ;
#1015 = VERTEX_POINT ( 'NONE', #393 ) ;
#1016 = VERTEX_POINT ( 'NONE', #394 ) ;
#1017 = VERTEX_POINT ( 'NONE', #395 ) ;
#1018 = VERTEX_POINT ( 'NONE', #396 ) ;
#1019 = VERTEX_POINT ( 'NONE', #397 ) ;
#1020 = VERTEX_POINT ( 'NONE', #398 ) ;
#1021 = VERTEX_POINT ( 'NONE', #399 ) ;
#1022 = VERTEX_POINT ( 'NONE', #400 ) ;
#1023 = VERTEX_POINT ( 'NONE', #401 ) ;
#1024 = VERTEX_POINT ( 'NONE', #402 ) ;
#1025 = VERTEX_POINT ( 'NONE', #403 ) ;
#1026 = VERTEX_POINT ( 'NONE', #404 ) ;
#1027 = VERTEX_POINT ( 'NONE', #405 ) ;
#1028 = VERTEX_POINT ( 'NONE', #406 ) ;
#1029 = VERTEX_POINT ( 'NONE', #407 ) ;
#1030 = CARTESIAN_POINT ( 'NONE',  ( -3.000000000000000000, 1.999999999999999100, 5.999999999999998200 ) ) ;
#1031 = DIRECTION ( 'NONE',  ( -1.548860246407863300E-016, -0.0000000000000000000, -1.000000000000000000 ) ) ;
#1032 = CARTESIAN_POINT ( 'NONE',  ( -5.999999999999998200, -6.949999999999999300, 5.799999999999999800 ) ) ;
#1033 = DIRECTION ( 'NONE',  ( 0.0000000000000000000, 0.0000000000000000000, 1.000000000000000000 ) ) ;
#1034 = CARTESIAN_POINT ( 'NONE',  ( -12.19999999999999900, -6.899999999999999500, 9.700000000000001100 ) ) ;
#1035 = DIRECTION ( 'NONE',  ( 1.000000000000000000, -0.0000000000000000000, -1.398970545142586300E-016 ) ) ;
#1036 = CARTESIAN_POINT ( 'NONE',  ( -2.500000000000000400, -6.700000000000004600, 5.999999999999998200 ) ) ;
#1037 = DIRECTION ( 'NONE',  ( -0.7071067811865434600, -0.7071067811865516800, 0.0000000000000000000 ) ) ;
#1038 = CARTESIAN_POINT ( 'NONE',  ( -5.999999999999998200, -6.949999999999999300, 5.799999999999999800 ) ) ;
#1039 = DIRECTION ( 'NONE',  ( 1.000000000000000000, -0.0000000000000000000, -0.0000000000000000000 ) ) ;
#1040 = CARTESIAN_POINT ( 'NONE',  ( -6.399999999999999500, -10.30000000000000100, 5.749999999999999100 ) ) ;
#1041 = CARTESIAN_POINT ( 'NONE',  ( 4.336808689942017700E-016, 1.999999999999999100, -1.000000000000000000 ) ) ;
#1042 = DIRECTION ( 'NONE',  ( 1.000000000000000000, -0.0000000000000000000, -1.398970545142586300E-016 ) ) ;
#1043 = CARTESIAN_POINT ( 'NONE',  ( 8.499999999999998200, -12.90000000000000000, 7.699999999999998400 ) ) ;
#1044 = DIRECTION ( 'NONE',  ( 1.355252715606880000E-016, 0.0000000000000000000, 1.000000000000000000 ) ) ;
#1045 = CARTESIAN_POINT ( 'NONE',  ( 3.000000000000000000, 1.999999999999999100, 9.700000000000001100 ) ) ;
#1046 = DIRECTION ( 'NONE',  ( -1.000000000000000000, 0.0000000000000000000, 0.0000000000000000000 ) ) ;
#1047 = CARTESIAN_POINT ( 'NONE',  ( -12.19999999999999900, -12.90000000000000000, 9.699999999999999300 ) ) ;
#1048 = DIRECTION ( 'NONE',  ( 0.0000000000000000000, -1.000000000000000000, -1.164243943608595400E-016 ) ) ;
#1049 = CARTESIAN_POINT ( 'NONE',  ( -0.5999999999999997600, 1.999999999999999100, 7.399999999999999500 ) ) ;
#1050 = DIRECTION ( 'NONE',  ( 0.4472135954999580900, 0.0000000000000000000, 0.8944271909999157400 ) ) ;
#1051 = CARTESIAN_POINT ( 'NONE',  ( 10.49999999999999800, -10.40000000000000000, 9.699999999999999300 ) ) ;
#1052 = DIRECTION ( 'NONE',  ( 0.0000000000000000000, 1.000000000000000000, 2.891205793294678300E-016 ) ) ;
#1053 = CARTESIAN_POINT ( 'NONE',  ( 0.4000000000000001900, 1.999999999999999100, 7.399999999999999500 ) ) ;
#1054 = DIRECTION ( 'NONE',  ( -1.355252715606880000E-016, 0.0000000000000000000, -1.000000000000000000 ) ) ;
#1055 = CARTESIAN_POINT ( 'NONE',  ( -3.000000000000000000, -12.90000000000000000, -3.700000000000000200 ) ) ;
#1056 = DIRECTION ( 'NONE',  ( -1.000000000000000000, -0.0000000000000000000, -0.0000000000000000000 ) ) ;
#1057 = CARTESIAN_POINT ( 'NONE',  ( -3.000000000000000000, 1.999999999999999100, 9.700000000000001100 ) ) ;
#1058 = DIRECTION ( 'NONE',  ( 1.000000000000000000, 0.0000000000000000000, 0.0000000000000000000 ) ) ;
#1059 = CARTESIAN_POINT ( 'NONE',  ( -3.000000000000000000, -7.400000000000001200, 6.000000000000000900 ) ) ;
#1060 = DIRECTION ( 'NONE',  ( 1.000000000000000000, 0.0000000000000000000, 0.0000000000000000000 ) ) ;
#1061 = CARTESIAN_POINT ( 'NONE',  ( -12.19999999999999900, -12.90000000000000000, -3.700000000000000200 ) ) ;
#1062 = DIRECTION ( 'NONE',  ( 0.0000000000000000000, 1.000000000000000000, 0.0000000000000000000 ) ) ;
#1063 = CARTESIAN_POINT ( 'NONE',  ( 4.336808689942017700E-016, 1.999999999999999100, 8.599999999999999600 ) ) ;
#1064 = DIRECTION ( 'NONE',  ( 0.4472135954999578200, 0.0000000000000000000, -0.8944271909999158600 ) ) ;
#1065 = CARTESIAN_POINT ( 'NONE',  ( 6.999999999999999100, -12.90000000000000000, -0.5000000000000013300 ) ) ;
#1066 = DIRECTION ( 'NONE',  ( 0.0000000000000000000, 0.0000000000000000000, 1.000000000000000000 ) ) ;
#1067 = DIRECTION ( 'NONE',  ( -0.0000000000000000000, 1.000000000000000000, -0.0000000000000000000 ) ) ;
#1068 = DIRECTION ( 'NONE',  ( 0.0000000000000000000, 0.0000000000000000000, -1.000000000000000000 ) ) ;
#1069 = CARTESIAN_POINT ( 'NONE',  ( 8.499999999999998200, -12.90000000000000000, -1.700000000000000200 ) ) ;
#1070 = CARTESIAN_POINT ( 'NONE',  ( -0.4000000000000000800, -0.5999999999999982000, 5.999999999999999100 ) ) ;
#1071 = DIRECTION ( 'NONE',  ( 1.000000000000000000, 0.0000000000000000000, 0.0000000000000000000 ) ) ;
#1072 = CARTESIAN_POINT ( 'NONE',  ( 7.000000000000000000, -12.90000000000000000, 6.499999999999999100 ) ) ;
#1073 = CARTESIAN_POINT ( 'NONE',  ( -12.19999999999999900, -12.90000000000000000, -3.700000000000000200 ) ) ;
#1074 = DIRECTION ( 'NONE',  ( -0.0000000000000000000, 1.000000000000000000, -0.0000000000000000000 ) ) ;
#1075 = DIRECTION ( 'NONE',  ( 0.0000000000000000000, 0.0000000000000000000, -1.000000000000000000 ) ) ;
#1076 = DIRECTION ( 'NONE',  ( 0.0000000000000000000, -1.000000000000000000, 0.0000000000000000000 ) ) ;
#1077 = DIRECTION ( 'NONE',  ( 0.0000000000000000000, 0.0000000000000000000, -1.000000000000000000 ) ) ;
#1078 = CARTESIAN_POINT ( 'NONE',  ( -3.000000000000000000, -12.90000000000000000, 9.699999999999999300 ) ) ;
#1079 = DIRECTION ( 'NONE',  ( 1.000000000000000000, 0.0000000000000000000, 0.0000000000000000000 ) ) ;
#1080 = CARTESIAN_POINT ( 'NONE',  ( 10.49999999999999800, -12.90000000000000000, 9.699999999999999300 ) ) ;
#1081 = DIRECTION ( 'NONE',  ( 0.0000000000000000000, 0.0000000000000000000, -1.000000000000000000 ) ) ;
#1082 = CARTESIAN_POINT ( 'NONE',  ( -3.000000000000000000, -6.899999999999999500, 9.700000000000001100 ) ) ;
#1083 = DIRECTION ( 'NONE',  ( -0.0000000000000000000, -1.000000000000000000, 2.891205793294678300E-016 ) ) ;
#1084 = CARTESIAN_POINT ( 'NONE',  ( 10.49999999999999800, -10.40000000000000000, -3.700000000000000200 ) ) ;
#1085 = DIRECTION ( 'NONE',  ( -1.000000000000000000, -0.0000000000000000000, -0.0000000000000000000 ) ) ;
#1086 = CARTESIAN_POINT ( 'NONE',  ( -5.999999999999998200, -8.050000000000000700, 5.450000000000000200 ) ) ;
#1087 = DIRECTION ( 'NONE',  ( 0.0000000000000000000, 0.0000000000000000000, -1.000000000000000000 ) ) ;
#1088 = CARTESIAN_POINT ( 'NONE',  ( 8.499999999999998200, -12.90000000000000000, -3.700000000000000200 ) ) ;
#1089 = DIRECTION ( 'NONE',  ( 0.0000000000000000000, -1.000000000000000000, -0.0000000000000000000 ) ) ;
#1090 = CARTESIAN_POINT ( 'NONE',  ( -0.3999999999999999100, 1.999999999999999100, -2.600000000000000100 ) ) ;
#1091 = DIRECTION ( 'NONE',  ( 1.355252715606880000E-016, 0.0000000000000000000, 1.000000000000000000 ) ) ;
#1092 = CARTESIAN_POINT ( 'NONE',  ( -5.999999999999999100, -8.050000000000000700, 0.5499999999999982700 ) ) ;
#1093 = DIRECTION ( 'NONE',  ( 1.000000000000000000, -0.0000000000000000000, -1.971276677246371300E-016 ) ) ;
#1094 = CARTESIAN_POINT ( 'NONE',  ( -6.399999999999999500, -8.749999999999998200, -1.200000000000000600 ) ) ;
#1095 = DIRECTION ( 'NONE',  ( -1.770125995894700500E-016, -0.0000000000000000000, -1.000000000000000000 ) ) ;
#1096 = CARTESIAN_POINT ( 'NONE',  ( -6.399999999999999500, -9.799999999999998900, 2.249999999999999600 ) ) ;
#1097 = DIRECTION ( 'NONE',  ( -0.0000000000000000000, 1.000000000000000000, -0.0000000000000000000 ) ) ;
#1098 = CARTESIAN_POINT ( 'NONE',  ( -6.399999999999999500, -9.799999999999998900, 1.749999999999999300 ) ) ;
#1099 = DIRECTION ( 'NONE',  ( -0.0000000000000000000, -2.065146995210484400E-016, -1.000000000000000000 ) ) ;
#1100 = CARTESIAN_POINT ( 'NONE',  ( -7.600000000000000500, -8.050000000000000700, 2.199999999999999300 ) ) ;
#1101 = DIRECTION ( 'NONE',  ( 0.0000000000000000000, -1.000000000000000000, 0.0000000000000000000 ) ) ;
#1102 = CARTESIAN_POINT ( 'NONE',  ( -6.399999999999999500, -10.30000000000000100, 1.749999999999999300 ) ) ;
#1103 = DIRECTION ( 'NONE',  ( -0.0000000000000000000, -0.0000000000000000000, -1.000000000000000000 ) ) ;
#1104 = CARTESIAN_POINT ( 'NONE',  ( -6.399999999999999500, -11.44999999999999900, -1.200000000000000800 ) ) ;
#1105 = DIRECTION ( 'NONE',  ( 0.0000000000000000000, 0.0000000000000000000, 1.000000000000000000 ) ) ;
#1106 = CARTESIAN_POINT ( 'NONE',  ( -6.399999999999999500, -8.749999999999998200, 7.200000000000001100 ) ) ;
#1107 = DIRECTION ( 'NONE',  ( 0.0000000000000000000, 2.065146995210484700E-016, 1.000000000000000000 ) ) ;
#1108 = CARTESIAN_POINT ( 'NONE',  ( 8.499999999999998200, -10.40000000000000000, 9.699999999999999300 ) ) ;
#1109 = DIRECTION ( 'NONE',  ( -0.0000000000000000000, 1.000000000000000000, 1.164243943608595400E-016 ) ) ;
#1110 = DIRECTION ( 'NONE',  ( -1.000000000000000000, -0.0000000000000000000, -0.0000000000000000000 ) ) ;
#1111 = CARTESIAN_POINT ( 'NONE',  ( -6.399999999999999500, -9.799999999999998900, 6.249999999999999100 ) ) ;
#1112 = DIRECTION ( 'NONE',  ( -0.0000000000000000000, 1.000000000000000000, -0.0000000000000000000 ) ) ;
#1113 = LINE ( 'NONE', #1104, #1118 ) ;
#1114 = VECTOR ( 'NONE', #1103, 1000.000000000000000 ) ;
#1115 = LINE ( 'NONE', #1106, #1124 ) ;
#1116 = VECTOR ( 'NONE', #1105, 1000.000000000000000 ) ;
#1117 = LINE ( 'NONE', #465, #1130 ) ;
#1118 = VECTOR ( 'NONE', #1107, 1000.000000000000000 ) ;
#1119 = LINE ( 'NONE', #1286, #1132 ) ;
#1120 = LINE ( 'NONE', #1108, #1121 ) ;
#1121 = VECTOR ( 'NONE', #1109, 1000.000000000000000 ) ;
#1122 = LINE ( 'NONE', #1111, #1123 ) ;
#1123 = VECTOR ( 'NONE', #1112, 1000.000000000000000 ) ;
#1124 = VECTOR ( 'NONE', #1281, 1000.000000000000000 ) ;
#1125 = LINE ( 'NONE', #1288, #1136 ) ;
#1126 = LINE ( 'NONE', #1282, #1127 ) ;
#1127 = VECTOR ( 'NONE', #1283, 1000.000000000000000 ) ;
#1128 = LINE ( 'NONE', #1284, #1129 ) ;
#1129 = VECTOR ( 'NONE', #1285, 1000.000000000000000 ) ;
#1130 = VECTOR ( 'NONE', #1287, 1000.000000000000000 ) ;
#1131 = LINE ( 'NONE', #1292, #1138 ) ;
#1132 = VECTOR ( 'NONE', #1289, 1000.000000000000000 ) ;
#1133 = LINE ( 'NONE', #1294, #1146 ) ;
#1134 = LINE ( 'NONE', #1290, #1135 ) ;
#1135 = VECTOR ( 'NONE', #1291, 1000.000000000000000 ) ;
#1136 = VECTOR ( 'NONE', #1293, 1000.000000000000000 ) ;
#1137 = LINE ( 'NONE', #1302, #1152 ) ;
#1138 = VECTOR ( 'NONE', #1295, 1000.000000000000000 ) ;
#1139 = LINE ( 'NONE', #1308, #1154 ) ;
#1140 = LINE ( 'NONE', #1296, #1141 ) ;
#1141 = VECTOR ( 'NONE', #1297, 1000.000000000000000 ) ;
#1142 = LINE ( 'NONE', #1298, #1143 ) ;
#1143 = VECTOR ( 'NONE', #1299, 1000.000000000000000 ) ;
#1144 = LINE ( 'NONE', #1300, #1145 ) ;
#1145 = VECTOR ( 'NONE', #1301, 1000.000000000000000 ) ;
#1146 = VECTOR ( 'NONE', #1303, 1000.000000000000000 ) ;
#1147 = LINE ( 'NONE', #1310, #1156 ) ;
#1148 = LINE ( 'NONE', #1304, #1149 ) ;
#1149 = VECTOR ( 'NONE', #1305, 1000.000000000000000 ) ;
#1150 = LINE ( 'NONE', #1306, #1151 ) ;
#1151 = VECTOR ( 'NONE', #1307, 1000.000000000000000 ) ;
#1152 = VECTOR ( 'NONE', #1309, 1000.000000000000000 ) ;
#1153 = LINE ( 'NONE', #1312, #1158 ) ;
#1154 = VECTOR ( 'NONE', #1311, 1000.000000000000000 ) ;
#1155 = LINE ( 'NONE', #1314, #1160 ) ;
#1156 = VECTOR ( 'NONE', #1313, 1000.000000000000000 ) ;
#1157 = LINE ( 'NONE', #1316, #1164 ) ;
#1158 = VECTOR ( 'NONE', #1315, 1000.000000000000000 ) ;
#1159 = LINE ( 'NONE', #1320, #1182 ) ;
#1160 = VECTOR ( 'NONE', #1317, 1000.000000000000000 ) ;
#1161 = LINE ( 'NONE', #1338, #1188 ) ;
#1162 = LINE ( 'NONE', #1318, #1163 ) ;
#1163 = VECTOR ( 'NONE', #1319, 1000.000000000000000 ) ;
#1164 = VECTOR ( 'NONE', #1321, 1000.000000000000000 ) ;
#1165 = LINE ( 'NONE', #1344, #1192 ) ;
#1166 = LINE ( 'NONE', #1322, #1167 ) ;
#1167 = VECTOR ( 'NONE', #1323, 1000.000000000000000 ) ;
#1168 = LINE ( 'NONE', #1324, #1169 ) ;
#1169 = VECTOR ( 'NONE', #1325, 1000.000000000000000 ) ;
#1170 = LINE ( 'NONE', #1326, #1171 ) ;
#1171 = VECTOR ( 'NONE', #1327, 1000.000000000000000 ) ;
#1172 = LINE ( 'NONE', #1328, #1173 ) ;
#1173 = VECTOR ( 'NONE', #1329, 1000.000000000000000 ) ;
#1174 = LINE ( 'NONE', #1330, #1175 ) ;
#1175 = VECTOR ( 'NONE', #1331, 1000.000000000000000 ) ;
#1176 = LINE ( 'NONE', #1332, #1177 ) ;
#1177 = VECTOR ( 'NONE', #1333, 1000.000000000000000 ) ;
#1178 = LINE ( 'NONE', #1334, #1179 ) ;
#1179 = VECTOR ( 'NONE', #1335, 1000.000000000000000 ) ;
#1180 = LINE ( 'NONE', #1336, #1181 ) ;
#1181 = VECTOR ( 'NONE', #1337, 1000.000000000000000 ) ;
#1182 = VECTOR ( 'NONE', #1339, 1000.000000000000000 ) ;
#1183 = LINE ( 'NONE', #2144, #1196 ) ;
#1184 = LINE ( 'NONE', #1340, #1185 ) ;
#1185 = VECTOR ( 'NONE', #1341, 1000.000000000000000 ) ;
#1186 = LINE ( 'NONE', #1342, #1187 ) ;
#1187 = VECTOR ( 'NONE', #1343, 1000.000000000000000 ) ;
#1188 = VECTOR ( 'NONE', #1345, 1000.000000000000000 ) ;
#1189 = LINE ( 'NONE', #2148, #618 ) ;
#1190 = LINE ( 'NONE', #1347, #1191 ) ;
#1191 = VECTOR ( 'NONE', #1110, 1000.000000000000000 ) ;
#1192 = VECTOR ( 'NONE', #2145, 1000.000000000000000 ) ;
#1193 = LINE ( 'NONE', #2164, #634 ) ;
#1194 = LINE ( 'NONE', #2146, #1195 ) ;
#1195 = VECTOR ( 'NONE', #2147, 1000.000000000000000 ) ;
#1196 = VECTOR ( 'NONE', #2149, 1000.000000000000000 ) ;
#1197 = DESIGN_CONTEXT ( 'detailed design', #1601, 'design' ) ;
#1198 = PRODUCT_DEFINITION_SHAPE ( 'NONE', 'NONE',  #2610 ) ;
#1199 = ORIENTED_EDGE ( 'NONE', *, *, #3096, .F. ) ;
#1200 = ORIENTED_EDGE ( 'NONE', *, *, #1682, .F. ) ;
#1201 = ORIENTED_EDGE ( 'NONE', *, *, #1639, .F. ) ;
#1202 = ORIENTED_EDGE ( 'NONE', *, *, #1657, .F. ) ;
#1203 = ORIENTED_EDGE ( 'NONE', *, *, #1649, .F. ) ;
#1204 = ORIENTED_EDGE ( 'NONE', *, *, #1647, .F. ) ;
#1205 = ORIENTED_EDGE ( 'NONE', *, *, #1493, .F. ) ;
#1206 = ORIENTED_EDGE ( 'NONE', *, *, #1680, .T. ) ;
#1207 = ORIENTED_EDGE ( 'NONE', *, *, #901, .T. ) ;
#1208 = ORIENTED_EDGE ( 'NONE', *, *, #898, .T. ) ;
#1209 = ORIENTED_EDGE ( 'NONE', *, *, #889, .T. ) ;
#1210 = ORIENTED_EDGE ( 'NONE', *, *, #1638, .F. ) ;
#1211 = ORIENTED_EDGE ( 'NONE', *, *, #1656, .F. ) ;
#1212 = ORIENTED_EDGE ( 'NONE', *, *, #1642, .T. ) ;
#1213 = ORIENTED_EDGE ( 'NONE', *, *, #1686, .F. ) ;
#1214 = ORIENTED_EDGE ( 'NONE', *, *, #1645, .F. ) ;
#1215 = ORIENTED_EDGE ( 'NONE', *, *, #1644, .F. ) ;
#1216 = ORIENTED_EDGE ( 'NONE', *, *, #1704, .T. ) ;
#1217 = ORIENTED_EDGE ( 'NONE', *, *, #905, .F. ) ;
#1218 = ORIENTED_EDGE ( 'NONE', *, *, #890, .T. ) ;
#1219 = ORIENTED_EDGE ( 'NONE', *, *, #1643, .T. ) ;
#1220 = ORIENTED_EDGE ( 'NONE', *, *, #886, .T. ) ;
#1221 = VECTOR ( 'NONE', #1035, 1000.000000000000000 ) ;
#1222 = LINE ( 'NONE', #1030, #1226 ) ;
#1223 = VECTOR ( 'NONE', #1031, 1000.000000000000000 ) ;
#1224 = LINE ( 'NONE', #73, #1223 ) ;
#1225 = LINE ( 'NONE', #1034, #1231 ) ;
#1226 = VECTOR ( 'NONE', #1033, 1000.000000000000000 ) ;
#1227 = LINE ( 'NONE', #1038, #1233 ) ;
#1228 = LINE ( 'NONE', #1032, #1221 ) ;
#1229 = LINE ( 'NONE', #1036, #1230 ) ;
#1230 = VECTOR ( 'NONE', #1037, 1000.000000000000000 ) ;
#1231 = VECTOR ( 'NONE', #1039, 1000.000000000000000 ) ;
#1232 = LINE ( 'NONE', #164, #1243 ) ;
#1233 = VECTOR ( 'NONE', #1042, 1000.000000000000000 ) ;
#1234 = VECTOR ( 'NONE', #161, 1000.000000000000100 ) ;
#1235 = LINE ( 'NONE', #162, #1241 ) ;
#1236 = LINE ( 'NONE', #160, #1239 ) ;
#1237 = LINE ( 'NONE', #1041, #1234 ) ;
#1238 = CIRCLE ( 'NONE', #896, 2.000000000000000000 ) ;
#1239 = VECTOR ( 'NONE', #163, 1000.000000000000000 ) ;
#1240 = LINE ( 'NONE', #166, #1245 ) ;
#1241 = VECTOR ( 'NONE', #165, 1000.000000000000000 ) ;
#1242 = LINE ( 'NONE', #168, #1251 ) ;
#1243 = VECTOR ( 'NONE', #167, 1000.000000000000000 ) ;
#1244 = LINE ( 'NONE', #174, #1255 ) ;
#1245 = VECTOR ( 'NONE', #169, 1000.000000000000000 ) ;
#1246 = LINE ( 'NONE', #178, #1257 ) ;
#1247 = LINE ( 'NONE', #170, #1248 ) ;
#1248 = VECTOR ( 'NONE', #171, 1000.000000000000000 ) ;
#1249 = LINE ( 'NONE', #172, #1250 ) ;
#1250 = VECTOR ( 'NONE', #173, 1000.000000000000100 ) ;
#1251 = VECTOR ( 'NONE', #175, 1000.000000000000000 ) ;
#1252 = LINE ( 'NONE', #180, #1258 ) ;
#1253 = LINE ( 'NONE', #176, #1254 ) ;
#1254 = VECTOR ( 'NONE', #177, 1000.000000000000000 ) ;
#1255 = VECTOR ( 'NONE', #179, 1000.000000000000000 ) ;
#1256 = LINE ( 'NONE', #182, #1260 ) ;
#1257 = VECTOR ( 'NONE', #181, 1000.000000000000000 ) ;
#1258 = VECTOR ( 'NONE', #184, 1000.000000000000000 ) ;
#1259 = LINE ( 'NONE', #420, #1274 ) ;
#1260 = VECTOR ( 'NONE', #187, 1000.000000000000000 ) ;
#1261 = LINE ( 'NONE', #409, #1262 ) ;
#1262 = VECTOR ( 'NONE', #413, 1000.000000000000000 ) ;
#1263 = VECTOR ( 'NONE', #417, 1000.000000000000000 ) ;
#1264 = LINE ( 'NONE', #418, #1270 ) ;
#1265 = LINE ( 'NONE', #416, #1268 ) ;
#1266 = LINE ( 'NONE', #412, #1263 ) ;
#1267 = CIRCLE ( 'NONE', #888, 1.749999999999999800 ) ;
#1268 = VECTOR ( 'NONE', #419, 1000.000000000000000 ) ;
#1269 = LINE ( 'NONE', #424, #1276 ) ;
#1270 = VECTOR ( 'NONE', #421, 1000.000000000000000 ) ;
#1271 = LINE ( 'NONE', #426, #1278 ) ;
#1272 = LINE ( 'NONE', #422, #1273 ) ;
#1273 = VECTOR ( 'NONE', #423, 1000.000000000000000 ) ;
#1274 = VECTOR ( 'NONE', #425, 1000.000000000000000 ) ;
#1275 = LINE ( 'NONE', #428, #2046 ) ;
#1276 = VECTOR ( 'NONE', #427, 1000.000000000000000 ) ;
#1277 = LINE ( 'NONE', #434, #2048 ) ;
#1278 = VECTOR ( 'NONE', #429, 1000.000000000000000 ) ;
#1279 = LINE ( 'NONE', #436, #2051 ) ;
#1280 = LINE ( 'NONE', #430, #785 ) ;
#1281 = DIRECTION ( 'NONE',  ( -0.0000000000000000000, 1.000000000000000000, 6.424901762877061500E-016 ) ) ;
#1282 = CARTESIAN_POINT ( 'NONE',  ( -10.40000000000000000, -8.050000000000000700, 0.5499999999999983800 ) ) ;
#1283 = DIRECTION ( 'NONE',  ( 0.0000000000000000000, 0.0000000000000000000, 1.000000000000000000 ) ) ;
#1284 = CARTESIAN_POINT ( 'NONE',  ( -7.600000000000000500, -8.050000000000000700, 3.799999999999998900 ) ) ;
#1285 = DIRECTION ( 'NONE',  ( 1.000000000000000000, -0.0000000000000000000, -0.0000000000000000000 ) ) ;
#1286 = CARTESIAN_POINT ( 'NONE',  ( -3.000000000000000000, 2.000000000000000000, -3.700000000000000200 ) ) ;
#1287 = DIRECTION ( 'NONE',  ( -0.0000000000000000000, -0.0000000000000000000, -1.000000000000000000 ) ) ;
#1288 = CARTESIAN_POINT ( 'NONE',  ( -6.399999999999999500, -9.799999999999998900, 5.750000000000000000 ) ) ;
#1289 = DIRECTION ( 'NONE',  ( 0.0000000000000000000, 4.688441826964343300E-016, 1.000000000000000000 ) ) ;
#1290 = CARTESIAN_POINT ( 'NONE',  ( -6.399999999999999500, -10.30000000000000100, 5.749999999999999100 ) ) ;
#1291 = DIRECTION ( 'NONE',  ( 0.0000000000000000000, 0.0000000000000000000, 1.000000000000000000 ) ) ;
#1292 = CARTESIAN_POINT ( 'NONE',  ( -6.399999999999999500, -8.749999999999998200, -1.200000000000000600 ) ) ;
#1293 = DIRECTION ( 'NONE',  ( -0.0000000000000000000, -0.0000000000000000000, -1.000000000000000000 ) ) ;
#1294 = CARTESIAN_POINT ( 'NONE',  ( -10.40000000000000000, -6.949999999999997500, 7.999999999999998200 ) ) ;
#1295 = DIRECTION ( 'NONE',  ( 0.0000000000000000000, -1.000000000000000000, -8.031127203596326900E-017 ) ) ;
#1296 = CARTESIAN_POINT ( 'NONE',  ( -5.999999999999999100, -8.050000000000000700, 0.5499999999999982700 ) ) ;
#1297 = DIRECTION ( 'NONE',  ( -1.000000000000000000, 0.0000000000000000000, 2.464095846557964400E-017 ) ) ;
#1298 = CARTESIAN_POINT ( 'NONE',  ( 3.000000000000000000, 2.000000000000000000, -3.700000000000000200 ) ) ;
#1299 = DIRECTION ( 'NONE',  ( 0.0000000000000000000, 4.688441826964343300E-016, 1.000000000000000000 ) ) ;
#1300 = CARTESIAN_POINT ( 'NONE',  ( -6.399999999999999500, -9.799999999999998900, 3.749999999999999600 ) ) ;
#1301 = DIRECTION ( 'NONE',  ( -0.0000000000000000000, -0.0000000000000000000, -1.000000000000000000 ) ) ;
#1302 = CARTESIAN_POINT ( 'NONE',  ( -6.399999999999999500, -9.799999999999998900, 4.249999999999999100 ) ) ;
#1303 = DIRECTION ( 'NONE',  ( -1.000000000000000000, -0.0000000000000000000, -0.0000000000000000000 ) ) ;
#1304 = CARTESIAN_POINT ( 'NONE',  ( -10.40000000000000000, -6.949999999999998400, -2.000000000000001800 ) ) ;
#1305 = DIRECTION ( 'NONE',  ( -0.0000000000000000000, -8.673617379884035500E-017, -1.000000000000000000 ) ) ;
#1306 = CARTESIAN_POINT ( 'NONE',  ( -6.399999999999999500, -9.799999999999998900, 3.749999999999999600 ) ) ;
#1307 = DIRECTION ( 'NONE',  ( 0.0000000000000000000, -1.000000000000000000, 0.0000000000000000000 ) ) ;
#1308 = CARTESIAN_POINT ( 'NONE',  ( -6.399999999999999500, -10.30000000000000100, 3.749999999999999600 ) ) ;
#1309 = DIRECTION ( 'NONE',  ( -0.0000000000000000000, 1.000000000000000000, -0.0000000000000000000 ) ) ;
#1310 = CARTESIAN_POINT ( 'NONE',  ( -6.399999999999999500, -9.799999999999998900, 0.2499999999999993600 ) ) ;
#1311 = DIRECTION ( 'NONE',  ( 0.0000000000000000000, 0.0000000000000000000, 1.000000000000000000 ) ) ;
#1312 = CARTESIAN_POINT ( 'NONE',  ( -0.4000000000000000800, -0.5999999999999999800, -0.1000000000000000100 ) ) ;
#1313 = DIRECTION ( 'NONE',  ( -0.0000000000000000000, 1.000000000000000000, -3.252606517456510300E-016 ) ) ;
#1314 = CARTESIAN_POINT ( 'NONE',  ( 0.6000000000000002000, 1.949999999999999300, -2.199999999999999700 ) ) ;
#1315 = DIRECTION ( 'NONE',  ( 1.000000000000000000, 0.0000000000000000000, 0.0000000000000000000 ) ) ;
#1316 = CARTESIAN_POINT ( 'NONE',  ( 0.4000000000000001900, 1.949999999999999300, -2.199999999999999700 ) ) ;
#1317 = DIRECTION ( 'NONE',  ( -0.0000000000000000000, 1.000000000000000000, -0.0000000000000000000 ) ) ;
#1318 = CARTESIAN_POINT ( 'NONE',  ( 0.4000000000000001900, 1.949999999999999300, -2.199999999999999700 ) ) ;
#1319 = DIRECTION ( 'NONE',  ( -1.355252715606880000E-016, 0.0000000000000000000, -1.000000000000000000 ) ) ;
#1320 = CARTESIAN_POINT ( 'NONE',  ( 4.336808689942017700E-016, 1.949999999999999300, 8.599999999999999600 ) ) ;
#1321 = DIRECTION ( 'NONE',  ( -0.0000000000000000000, 1.000000000000000000, -0.0000000000000000000 ) ) ;
#1322 = CARTESIAN_POINT ( 'NONE',  ( 0.4000000000000001300, 1.949999999999999300, -2.600000000000000100 ) ) ;
#1323 = DIRECTION ( 'NONE',  ( -1.000000000000000000, 0.0000000000000000000, 0.0000000000000000000 ) ) ;
#1324 = CARTESIAN_POINT ( 'NONE',  ( 0.4000000000000001300, 1.949999999999999300, -2.600000000000000100 ) ) ;
#1325 = DIRECTION ( 'NONE',  ( -0.0000000000000000000, 1.000000000000000000, -0.0000000000000000000 ) ) ;
#1326 = CARTESIAN_POINT ( 'NONE',  ( -0.3999999999999999100, 1.949999999999999300, -2.600000000000000100 ) ) ;
#1327 = DIRECTION ( 'NONE',  ( -0.0000000000000000000, 1.000000000000000000, -0.0000000000000000000 ) ) ;
#1328 = CARTESIAN_POINT ( 'NONE',  ( -0.3999999999999999100, 1.949999999999999300, -2.600000000000000100 ) ) ;
#1329 = DIRECTION ( 'NONE',  ( 1.355252715606880000E-016, 0.0000000000000000000, 1.000000000000000000 ) ) ;
#1330 = CARTESIAN_POINT ( 'NONE',  ( 4.336808689942017700E-016, 1.949999999999999300, -1.000000000000000000 ) ) ;
#1331 = DIRECTION ( 'NONE',  ( -0.0000000000000000000, 1.000000000000000000, -0.0000000000000000000 ) ) ;
#1332 = CARTESIAN_POINT ( 'NONE',  ( -0.3999999999999998600, 1.949999999999999300, -2.199999999999999700 ) ) ;
#1333 = DIRECTION ( 'NONE',  ( -0.0000000000000000000, 1.000000000000000000, -0.0000000000000000000 ) ) ;
#1334 = CARTESIAN_POINT ( 'NONE',  ( -0.3999999999999998600, 1.949999999999999300, -2.199999999999999700 ) ) ;
#1335 = DIRECTION ( 'NONE',  ( -1.000000000000000000, 0.0000000000000000000, 0.0000000000000000000 ) ) ;
#1336 = CARTESIAN_POINT ( 'NONE',  ( -0.4000000000000000800, -0.5999999999999982000, 6.099999999999999600 ) ) ;
#1337 = DIRECTION ( 'NONE',  ( 1.000000000000000000, 0.0000000000000000000, 0.0000000000000000000 ) ) ;
#1338 = CARTESIAN_POINT ( 'NONE',  ( -0.5999999999999997600, 1.949999999999999300, -2.199999999999999700 ) ) ;
#1339 = DIRECTION ( 'NONE',  ( -0.0000000000000000000, 1.000000000000000000, -0.0000000000000000000 ) ) ;
#1340 = CARTESIAN_POINT ( 'NONE',  ( -0.5999999999999997600, 1.949999999999999300, 7.399999999999999500 ) ) ;
#1341 = DIRECTION ( 'NONE',  ( -0.0000000000000000000, 1.000000000000000000, -0.0000000000000000000 ) ) ;
#1342 = CARTESIAN_POINT ( 'NONE',  ( 0.4000000000000000200, 0.6000000000000016400, 6.099999999999999600 ) ) ;
#1343 = DIRECTION ( 'NONE',  ( -4.517509052022935300E-017, 1.000000000000000000, -0.0000000000000000000 ) ) ;
#1344 = CARTESIAN_POINT ( 'NONE',  ( 0.4000000000000000800, -0.5999999999999982000, 5.999999999999999100 ) ) ;
#1345 = DIRECTION ( 'NONE',  ( -0.0000000000000000000, 1.000000000000000000, -0.0000000000000000000 ) ) ;
#1346 = CARTESIAN_POINT ( 'NONE',  ( -9.599999999999999600, -9.799999999999998900, 2.249999999999999600 ) ) ;
#1347 = CARTESIAN_POINT ( 'NONE',  ( -0.4000000000000000200, 0.6000000000000016400, 6.099999999999999600 ) ) ;
#1348 = ORIENTED_EDGE ( 'NONE', *, *, #1667, .T. ) ;
#1349 = ORIENTED_EDGE ( 'NONE', *, *, #3317, .F. ) ;
#1350 = ORIENTED_EDGE ( 'NONE', *, *, #3218, .F. ) ;
#1351 = ORIENTED_EDGE ( 'NONE', *, *, #76, .T. ) ;
#1352 = ORIENTED_EDGE ( 'NONE', *, *, #3321, .T. ) ;
#1353 = ORIENTED_EDGE ( 'NONE', *, *, #1673, .T. ) ;
#1354 = ORIENTED_EDGE ( 'NONE', *, *, #3219, .T. ) ;
#1355 = ORIENTED_EDGE ( 'NONE', *, *, #3311, .T. ) ;
#1356 = ORIENTED_EDGE ( 'NONE', *, *, #3218, .T. ) ;
#1357 = ORIENTED_EDGE ( 'NONE', *, *, #3217, .F. ) ;
#1358 = ORIENTED_EDGE ( 'NONE', *, *, #3313, .F. ) ;
#1359 = ORIENTED_EDGE ( 'NONE', *, *, #3216, .T. ) ;
#1360 = ORIENTED_EDGE ( 'NONE', *, *, #3310, .T. ) ;
#1361 = ORIENTED_EDGE ( 'NONE', *, *, #3312, .F. ) ;
#1362 = ORIENTED_EDGE ( 'NONE', *, *, #887, .T. ) ;
#1363 = ORIENTED_EDGE ( 'NONE', *, *, #3316, .F. ) ;
#1364 = ORIENTED_EDGE ( 'NONE', *, *, #1668, .F. ) ;
#1365 = ORIENTED_EDGE ( 'NONE', *, *, #899, .T. ) ;
#1366 = ORIENTED_EDGE ( 'NONE', *, *, #1639, .T. ) ;
#1367 = ORIENTED_EDGE ( 'NONE', *, *, #3312, .T. ) ;
#1368 = ORIENTED_EDGE ( 'NONE', *, *, #3159, .T. ) ;
#1369 = ORIENTED_EDGE ( 'NONE', *, *, #1756, .F. ) ;
#1370 = ORIENTED_EDGE ( 'NONE', *, *, #3111, .F. ) ;
#1371 = ORIENTED_EDGE ( 'NONE', *, *, #1694, .F. ) ;
#1372 = ORIENTED_EDGE ( 'NONE', *, *, #3120, .T. ) ;
#1373 = ORIENTED_EDGE ( 'NONE', *, *, #3128, .T. ) ;
#1374 = ORIENTED_EDGE ( 'NONE', *, *, #3110, .T. ) ;
#1375 = ORIENTED_EDGE ( 'NONE', *, *, #3114, .T. ) ;
#1376 = ORIENTED_EDGE ( 'NONE', *, *, #3160, .T. ) ;
#1377 = ORIENTED_EDGE ( 'NONE', *, *, #3136, .T. ) ;
#1378 = ORIENTED_EDGE ( 'NONE', *, *, #1644, .T. ) ;
#1379 = ORIENTED_EDGE ( 'NONE', *, *, #3155, .T. ) ;
#1380 = ORIENTED_EDGE ( 'NONE', *, *, #3121, .T. ) ;
#1381 = ORIENTED_EDGE ( 'NONE', *, *, #3115, .T. ) ;
#1382 = ORIENTED_EDGE ( 'NONE', *, *, #905, .T. ) ;
#1383 = ORIENTED_EDGE ( 'NONE', *, *, #1705, .T. ) ;
#1384 = ORIENTED_EDGE ( 'NONE', *, *, #3167, .T. ) ;
#1385 = ORIENTED_EDGE ( 'NONE', *, *, #3123, .F. ) ;
#1386 = ORIENTED_EDGE ( 'NONE', *, *, #3114, .F. ) ;
#1387 = ORIENTED_EDGE ( 'NONE', *, *, #3109, .T. ) ;
#1388 = ORIENTED_EDGE ( 'NONE', *, *, #3110, .F. ) ;
#1389 = ORIENTED_EDGE ( 'NONE', *, *, #3116, .T. ) ;
#1390 = ORIENTED_EDGE ( 'NONE', *, *, #3157, .T. ) ;
#1391 = ORIENTED_EDGE ( 'NONE', *, *, #3109, .F. ) ;
#1392 = ORIENTED_EDGE ( 'NONE', *, *, #3081, .T. ) ;
#1393 = ORIENTED_EDGE ( 'NONE', *, *, #1704, .F. ) ;
#1394 = ORIENTED_EDGE ( 'NONE', *, *, #3115, .F. ) ;
#1395 = ORIENTED_EDGE ( 'NONE', *, *, #3125, .T. ) ;
#1396 = ORIENTED_EDGE ( 'NONE', *, *, #3144, .T. ) ;
#1397 = ORIENTED_EDGE ( 'NONE', *, *, #3122, .F. ) ;
#1398 = ORIENTED_EDGE ( 'NONE', *, *, #3100, .F. ) ;
#1399 = ORIENTED_EDGE ( 'NONE', *, *, #3095, .F. ) ;
#1400 = ORIENTED_EDGE ( 'NONE', *, *, #1684, .F. ) ;
#1401 = ORIENTED_EDGE ( 'NONE', *, *, #3102, .T. ) ;
#1402 = ORIENTED_EDGE ( 'NONE', *, *, #29, .F. ) ;
#1403 = ORIENTED_EDGE ( 'NONE', *, *, #3117, .T. ) ;
#1404 = ORIENTED_EDGE ( 'NONE', *, *, #3154, .T. ) ;
#1405 = ORIENTED_EDGE ( 'NONE', *, *, #3117, .F. ) ;
#1406 = ORIENTED_EDGE ( 'NONE', *, *, #886, .F. ) ;
#1407 = ORIENTED_EDGE ( 'NONE', *, *, #890, .F. ) ;
#1408 = ORIENTED_EDGE ( 'NONE', *, *, #3088, .T. ) ;
#1409 = ORIENTED_EDGE ( 'NONE', *, *, #3152, .T. ) ;
#1410 = ORIENTED_EDGE ( 'NONE', *, *, #3158, .F. ) ;
#1411 = ORIENTED_EDGE ( 'NONE', *, *, #3116, .F. ) ;
#1412 = ORIENTED_EDGE ( 'NONE', *, *, #3103, .F. ) ;
#1413 = ORIENTED_EDGE ( 'NONE', *, *, #3122, .T. ) ;
#1414 = ORIENTED_EDGE ( 'NONE', *, *, #3128, .F. ) ;
#1415 = ORIENTED_EDGE ( 'NONE', *, *, #3106, .F. ) ;
#1416 = ORIENTED_EDGE ( 'NONE', *, *, #3100, .T. ) ;
#1417 = ORIENTED_EDGE ( 'NONE', *, *, #3103, .T. ) ;
#1418 = ORIENTED_EDGE ( 'NONE', *, *, #902, .T. ) ;
#1419 = ORIENTED_EDGE ( 'NONE', *, *, #3102, .F. ) ;
#1420 = ORIENTED_EDGE ( 'NONE', *, *, #1683, .F. ) ;
#1421 = ORIENTED_EDGE ( 'NONE', *, *, #3111, .T. ) ;
#1422 = ORIENTED_EDGE ( 'NONE', *, *, #3106, .T. ) ;
#1423 = ORIENTED_EDGE ( 'NONE', *, *, #3120, .F. ) ;
#1424 = ORIENTED_EDGE ( 'NONE', *, *, #1701, .F. ) ;
#1425 = ORIENTED_EDGE ( 'NONE', *, *, #3095, .T. ) ;
#1426 = ORIENTED_EDGE ( 'NONE', *, *, #1688, .T. ) ;
#1427 = ORIENTED_EDGE ( 'NONE', *, *, #3104, .F. ) ;
#1428 = ORIENTED_EDGE ( 'NONE', *, *, #3107, .F. ) ;
#1429 = ORIENTED_EDGE ( 'NONE', *, *, #3108, .T. ) ;
#1430 = ORIENTED_EDGE ( 'NONE', *, *, #3320, .T. ) ;
#1431 = ORIENTED_EDGE ( 'NONE', *, *, #3094, .F. ) ;
#1432 = VERTEX_POINT ( 'NONE', #408 ) ;
#1433 = VERTEX_POINT ( 'NONE', #410 ) ;
#1434 = ORIENTED_EDGE ( 'NONE', *, *, #3319, .F. ) ;
#1435 = ORIENTED_EDGE ( 'NONE', *, *, #1689, .F. ) ;
#1436 = ORIENTED_EDGE ( 'NONE', *, *, #1706, .F. ) ;
#1437 = ORIENTED_EDGE ( 'NONE', *, *, #3154, .F. ) ;
#1438 = ORIENTED_EDGE ( 'NONE', *, *, #3151, .F. ) ;
#1439 = ORIENTED_EDGE ( 'NONE', *, *, #3149, .T. ) ;
#1440 = ORIENTED_EDGE ( 'NONE', *, *, #1638, .T. ) ;
#1441 = ORIENTED_EDGE ( 'NONE', *, *, #1664, .T. ) ;
#1442 = ORIENTED_EDGE ( 'NONE', *, *, #1671, .T. ) ;
#1443 = ORIENTED_EDGE ( 'NONE', *, *, #1678, .T. ) ;
#1444 = ORIENTED_EDGE ( 'NONE', *, *, #1647, .T. ) ;
#1445 = ORIENTED_EDGE ( 'NONE', *, *, #3146, .T. ) ;
#1446 = ORIENTED_EDGE ( 'NONE', *, *, #3156, .F. ) ;
#1447 = ORIENTED_EDGE ( 'NONE', *, *, #3158, .T. ) ;
#1448 = ORIENTED_EDGE ( 'NONE', *, *, #3157, .F. ) ;
#1449 = ORIENTED_EDGE ( 'NONE', *, *, #3167, .F. ) ;
#1450 = ORIENTED_EDGE ( 'NONE', *, *, #3163, .F. ) ;
#1451 = ORIENTED_EDGE ( 'NONE', *, *, #3169, .F. ) ;
#1452 = ORIENTED_EDGE ( 'NONE', *, *, #3171, .F. ) ;
#1453 = ORIENTED_EDGE ( 'NONE', *, *, #3086, .F. ) ;
#1454 = ORIENTED_EDGE ( 'NONE', *, *, #3099, .F. ) ;
#1455 = ORIENTED_EDGE ( 'NONE', *, *, #3097, .F. ) ;
#1456 = ORIENTED_EDGE ( 'NONE', *, *, #1780, .F. ) ;
#1457 = ORIENTED_EDGE ( 'NONE', *, *, #3173, .F. ) ;
#1458 = ORIENTED_EDGE ( 'NONE', *, *, #3077, .F. ) ;
#1459 = ORIENTED_EDGE ( 'NONE', *, *, #3081, .F. ) ;
#1460 = ORIENTED_EDGE ( 'NONE', *, *, #1643, .F. ) ;
#1461 = ORIENTED_EDGE ( 'NONE', *, *, #3088, .F. ) ;
#1462 = ORIENTED_EDGE ( 'NONE', *, *, #3101, .T. ) ;
#1463 = ORIENTED_EDGE ( 'NONE', *, *, #3080, .T. ) ;
#1464 = ORIENTED_EDGE ( 'NONE', *, *, #1764, .T. ) ;
#1465 = ORIENTED_EDGE ( 'NONE', *, *, #1677, .T. ) ;
#1466 = ORIENTED_EDGE ( 'NONE', *, *, #1765, .T. ) ;
#1467 = ORIENTED_EDGE ( 'NONE', *, *, #1666, .F. ) ;
#1468 = ORIENTED_EDGE ( 'NONE', *, *, #1766, .T. ) ;
#1469 = ORIENTED_EDGE ( 'NONE', *, *, #1679, .T. ) ;
#1470 = ORIENTED_EDGE ( 'NONE', *, *, #3079, .T. ) ;
#1471 = ORIENTED_EDGE ( 'NONE', *, *, #3080, .F. ) ;
#1472 = ORIENTED_EDGE ( 'NONE', *, *, #3307, .F. ) ;
#1473 = ORIENTED_EDGE ( 'NONE', *, *, #3078, .F. ) ;
#1474 = ORIENTED_EDGE ( 'NONE', *, *, #1653, .F. ) ;
#1475 = ORIENTED_EDGE ( 'NONE', *, *, #906, .T. ) ;
#1476 = ORIENTED_EDGE ( 'NONE', *, *, #1763, .F. ) ;
#1477 = ORIENTED_EDGE ( 'NONE', *, *, #1702, .T. ) ;
#1478 = ORIENTED_EDGE ( 'NONE', *, *, #1766, .F. ) ;
#1479 = ORIENTED_EDGE ( 'NONE', *, *, #1662, .T. ) ;
#1480 = ORIENTED_EDGE ( 'NONE', *, *, #3317, .T. ) ;
#1481 = ORIENTED_EDGE ( 'NONE', *, *, #3217, .T. ) ;
#1482 = ORIENTED_EDGE ( 'NONE', *, *, #1771, .F. ) ;
#1483 = ORIENTED_EDGE ( 'NONE', *, *, #3162, .T. ) ;
#1484 = ORIENTED_EDGE ( 'NONE', *, *, #1640, .F. ) ;
#1485 = ORIENTED_EDGE ( 'NONE', *, *, #3162, .F. ) ;
#1486 = ORIENTED_EDGE ( 'NONE', *, *, #1775, .F. ) ;
#1487 = ORIENTED_EDGE ( 'NONE', *, *, #1773, .F. ) ;
#1488 = ORIENTED_EDGE ( 'NONE', *, *, #1770, .F. ) ;
#1489 = ORIENTED_EDGE ( 'NONE', *, *, #1768, .F. ) ;
#1490 = ORIENTED_EDGE ( 'NONE', *, *, #903, .T. ) ;
#1491 = ORIENTED_EDGE ( 'NONE', *, *, #1756, .T. ) ;
#1492 = ORIENTED_EDGE ( 'NONE', *, *, #3113, .T. ) ;
#1493 = EDGE_CURVE ( 'NONE', #957, #1026, #1261, .T. ) ;
#1494 = ORIENTED_EDGE ( 'NONE', *, *, #3161, .F. ) ;
#1495 = ORIENTED_EDGE ( 'NONE', *, *, #1778, .F. ) ;
#1496 = ORIENTED_EDGE ( 'NONE', *, *, #3089, .T. ) ;
#1497 = ORIENTED_EDGE ( 'NONE', *, *, #3126, .T. ) ;
#1498 = ORIENTED_EDGE ( 'NONE', *, *, #1777, .F. ) ;
#1499 = ORIENTED_EDGE ( 'NONE', *, *, #3076, .F. ) ;
#1500 = ORIENTED_EDGE ( 'NONE', *, *, #1767, .T. ) ;
#1501 = DIRECTION ( 'NONE',  ( -0.0000000000000000000, -0.0000000000000000000, 1.000000000000000000 ) ) ;
#1502 = CARTESIAN_POINT ( 'NONE',  ( -12.19999999999999900, -7.299999999999999800, -3.299999999999999400 ) ) ;
#1503 = DIRECTION ( 'NONE',  ( 0.0000000000000000000, -0.7071067811865490200, -0.7071067811865460200 ) ) ;
#1504 = CARTESIAN_POINT ( 'NONE',  ( -3.899999999999997200, -6.399999999999999500, 8.400000000000000400 ) ) ;
#1505 = DIRECTION ( 'NONE',  ( 1.000000000000000000, 0.0000000000000000000, 0.0000000000000000000 ) ) ;
#1506 = CARTESIAN_POINT ( 'NONE',  ( 3.000000000000000000, 2.000000000000001800, 0.0000000000000000000 ) ) ;
#1507 = CARTESIAN_POINT ( 'NONE',  ( -12.19999999999999900, -0.6000000000000007500, 2.600000000000041400 ) ) ;
#1508 = DIRECTION ( 'NONE',  ( 0.0000000000000000000, 0.7071067811865500200, -0.7071067811865451300 ) ) ;
#1509 = CARTESIAN_POINT ( 'NONE',  ( -4.399999999999995900, -6.399999999999999500, -2.900000000000001700 ) ) ;
#1510 = DIRECTION ( 'NONE',  ( -1.102578480493733600E-016, 0.0000000000000000000, -1.000000000000000000 ) ) ;
#1511 = CARTESIAN_POINT ( 'NONE',  ( -12.19999999999999900, -6.399999999999999500, -2.900000000000001200 ) ) ;
#1512 = DIRECTION ( 'NONE',  ( 1.470104640658311200E-016, 0.0000000000000000000, 1.000000000000000000 ) ) ;
#1513 = CARTESIAN_POINT ( 'NONE',  ( -5.999999999999999100, -6.399999999999999500, 0.1999999999999987900 ) ) ;
#1514 = DIRECTION ( 'NONE',  ( -1.000000000000000000, 0.0000000000000000000, 1.398970545142586500E-016 ) ) ;
#1515 = CARTESIAN_POINT ( 'NONE',  ( -12.19999999999999900, -6.399999999999999500, -2.400000000000003000 ) ) ;
#1516 = DIRECTION ( 'NONE',  ( -1.000000000000000000, 0.0000000000000000000, 5.225070710773516200E-017 ) ) ;
#1517 = CARTESIAN_POINT ( 'NONE',  ( -5.999999999999998200, -6.399999999999999500, 5.799999999999999800 ) ) ;
#1518 = DIRECTION ( 'NONE',  ( 1.000000000000000000, -0.0000000000000000000, -1.398970545142586300E-016 ) ) ;
#1519 = CARTESIAN_POINT ( 'NONE',  ( -10.40000000000000000, -8.749999999999998200, 7.200000000000001100 ) ) ;
#1520 = DIRECTION ( 'NONE',  ( 0.0000000000000000000, -1.000000000000000000, -6.424901762877061500E-016 ) ) ;
#1521 = CARTESIAN_POINT ( 'NONE',  ( -12.19999999999999900, -6.399999999999999500, -2.900000000000001200 ) ) ;
#1522 = DIRECTION ( 'NONE',  ( 1.470104640658311200E-016, 0.0000000000000000000, 1.000000000000000000 ) ) ;
#1523 = CARTESIAN_POINT ( 'NONE',  ( -12.19999999999999900, -6.949999999999998400, -2.000000000000001800 ) ) ;
#1524 = DIRECTION ( 'NONE',  ( -0.0000000000000000000, -8.673617379884035500E-017, -1.000000000000000000 ) ) ;
#1525 = CARTESIAN_POINT ( 'NONE',  ( -12.19999999999999900, -6.949999999999999300, 0.1999999999999996500 ) ) ;
#1526 = DIRECTION ( 'NONE',  ( -0.0000000000000000000, 1.000000000000000000, -0.0000000000000000000 ) ) ;
#1527 = CARTESIAN_POINT ( 'NONE',  ( 2.200000000000001500, -6.400000000000003000, 1.281416395034339000E-015 ) ) ;
#1528 = DIRECTION ( 'NONE',  ( -1.445602896647339400E-016, -2.891205793294678800E-016, -1.000000000000000000 ) ) ;
#1529 = CARTESIAN_POINT ( 'NONE',  ( -10.40000000000000000, -10.40000000000000000, -2.000000000000001300 ) ) ;
#1530 = DIRECTION ( 'NONE',  ( 0.0000000000000000000, 1.734723475976807100E-016, 1.000000000000000000 ) ) ;
#1531 = CARTESIAN_POINT ( 'NONE',  ( -3.000000000000000000, -7.400000000000003000, 2.891205793294678800E-016 ) ) ;
#1532 = DIRECTION ( 'NONE',  ( -0.0000000000000000000, 1.000000000000000000, -2.891205793294678800E-016 ) ) ;
#1533 = CARTESIAN_POINT ( 'NONE',  ( -9.599999999999999600, -9.799999999999998900, 5.750000000000000000 ) ) ;
#1534 = DIRECTION ( 'NONE',  ( 0.0000000000000000000, -1.000000000000000000, 0.0000000000000000000 ) ) ;
#1535 = CARTESIAN_POINT ( 'NONE',  ( -12.19999999999999900, -10.40000000000000000, -2.000000000000001300 ) ) ;
#1536 = DIRECTION ( 'NONE',  ( 0.0000000000000000000, 1.734723475976807100E-016, 1.000000000000000000 ) ) ;
#1537 = CARTESIAN_POINT ( 'NONE',  ( -6.399999999999999500, -10.40000000000000000, -1.200000000000000800 ) ) ;
#1538 = DIRECTION ( 'NONE',  ( -1.000000000000000000, 0.0000000000000000000, 0.0000000000000000000 ) ) ;
#1539 = CARTESIAN_POINT ( 'NONE',  ( 6.999999999999999100, -10.40000000000000000, -0.5000000000000013300 ) ) ;
#1540 = CARTESIAN_POINT ( 'NONE',  ( -9.599999999999999600, -9.799999999999998900, 5.750000000000000000 ) ) ;
#1541 = DIRECTION ( 'NONE',  ( 1.000000000000000000, -0.0000000000000000000, -0.0000000000000000000 ) ) ;
#1542 = DIRECTION ( 'NONE',  ( 0.0000000000000000000, -1.000000000000000000, -1.734723475976805500E-015 ) ) ;
#1543 = CARTESIAN_POINT ( 'NONE',  ( -12.19999999999999900, -6.949999999999998400, -2.000000000000001800 ) ) ;
#1544 = DIRECTION ( 'NONE',  ( 0.0000000000000000000, -1.000000000000000000, 1.257045997084642600E-016 ) ) ;
#1545 = CARTESIAN_POINT ( 'NONE',  ( -9.599999999999999600, -9.799999999999998900, 5.750000000000000000 ) ) ;
#1546 = DIRECTION ( 'NONE',  ( -0.0000000000000000000, -0.0000000000000000000, -1.000000000000000000 ) ) ;
#1547 = CARTESIAN_POINT ( 'NONE',  ( -12.19999999999999900, -8.749999999999998200, -1.200000000000000600 ) ) ;
#1548 = DIRECTION ( 'NONE',  ( 0.0000000000000000000, -1.000000000000000000, -8.031127203596326900E-017 ) ) ;
#1549 = CARTESIAN_POINT ( 'NONE',  ( -9.599999999999999600, -10.30000000000000100, 6.249999999999999100 ) ) ;
#1550 = DIRECTION ( 'NONE',  ( 1.000000000000000000, -0.0000000000000000000, -0.0000000000000000000 ) ) ;
#1551 = CARTESIAN_POINT ( 'NONE',  ( -12.19999999999999900, -11.44999999999999900, -1.200000000000000800 ) ) ;
#1552 = DIRECTION ( 'NONE',  ( 0.0000000000000000000, 2.065146995210484700E-016, 1.000000000000000000 ) ) ;
#1553 = CARTESIAN_POINT ( 'NONE',  ( -0.4000000000000000200, 0.5999999999999999800, -0.1000000000000000100 ) ) ;
#1554 = DIRECTION ( 'NONE',  ( -4.517509052022935300E-017, -1.000000000000000000, 0.0000000000000000000 ) ) ;
#1555 = CARTESIAN_POINT ( 'NONE',  ( -12.19999999999999900, -8.749999999999998200, 7.200000000000001100 ) ) ;
#1556 = DIRECTION ( 'NONE',  ( -0.0000000000000000000, 1.000000000000000000, 6.424901762877061500E-016 ) ) ;
#1557 = CARTESIAN_POINT ( 'NONE',  ( 2.500000000000000900, -7.400000000000001200, 6.000000000000000000 ) ) ;
#1558 = DIRECTION ( 'NONE',  ( -0.0000000000000000000, 1.000000000000000000, -2.891205793294678800E-016 ) ) ;
#1559 = CARTESIAN_POINT ( 'NONE',  ( 3.000000000000000000, -6.400000000000001200, 5.999999999999998200 ) ) ;
#1560 = DIRECTION ( 'NONE',  ( 0.0000000000000000000, 1.000000000000000000, 0.0000000000000000000 ) ) ;
#1561 = CARTESIAN_POINT ( 'NONE',  ( -3.000000000000000000, 1.999999999999999100, 5.999999999999998200 ) ) ;
#1562 = DIRECTION ( 'NONE',  ( 1.000000000000000000, 0.0000000000000000000, 0.0000000000000000000 ) ) ;
#1563 = DIRECTION ( 'NONE',  ( 0.0000000000000000000, 0.0000000000000000000, 1.000000000000000000 ) ) ;
#1564 = CARTESIAN_POINT ( 'NONE',  ( 0.4000000000000000200, 0.6000000000000016400, 5.999999999999999100 ) ) ;
#1565 = DIRECTION ( 'NONE',  ( -4.517509052022935300E-017, 1.000000000000000000, -0.0000000000000000000 ) ) ;
#1566 = DIRECTION ( 'NONE',  ( 0.0000000000000000000, 1.000000000000000000, 0.0000000000000000000 ) ) ;
#1567 = DIRECTION ( 'NONE',  ( 0.0000000000000000000, 0.0000000000000000000, 1.000000000000000000 ) ) ;
#1568 = CARTESIAN_POINT ( 'NONE',  ( 2.500000000000001300, -6.700000000000003700, 5.999999999999998200 ) ) ;
#1569 = DIRECTION ( 'NONE',  ( -0.7071067811865440200, 0.7071067811865511300, 0.0000000000000000000 ) ) ;
#1570 = CARTESIAN_POINT ( 'NONE',  ( -0.4000000000000000200, 0.6000000000000016400, 5.999999999999999100 ) ) ;
#1571 = DIRECTION ( 'NONE',  ( -1.000000000000000000, -0.0000000000000000000, -0.0000000000000000000 ) ) ;
#1572 = CARTESIAN_POINT ( 'NONE',  ( -3.000000000000000000, -6.400000000000001200, 5.999999999999998200 ) ) ;
#1573 = DIRECTION ( 'NONE',  ( 1.000000000000000000, 0.0000000000000000000, 0.0000000000000000000 ) ) ;
#1574 = CARTESIAN_POINT ( 'NONE',  ( 3.000000000000000000, -7.400000000000001200, 5.999999999999997300 ) ) ;
#1575 = DIRECTION ( 'NONE',  ( 1.000000000000000000, -0.0000000000000000000, -5.204170427930430000E-015 ) ) ;
#1576 = CARTESIAN_POINT ( 'NONE',  ( 6.999999999999999100, -17.84974746830583200, 1.249999999999998700 ) ) ;
#1577 = DIRECTION ( 'NONE',  ( -0.0000000000000000000, 1.000000000000000000, -0.0000000000000000000 ) ) ;
#1578 = CARTESIAN_POINT ( 'NONE',  ( -3.000000000000000000, -12.90000000000000000, -3.700000000000000200 ) ) ;
#1579 = DIRECTION ( 'NONE',  ( 1.000000000000000000, 0.0000000000000000000, 0.0000000000000000000 ) ) ;
#1580 = CARTESIAN_POINT ( 'NONE',  ( -2.499999999999999100, -7.400000000000001200, 6.000000000000000900 ) ) ;
#1581 = DIRECTION ( 'NONE',  ( -0.0000000000000000000, 1.000000000000000000, -2.891205793294678800E-016 ) ) ;
#1582 = CARTESIAN_POINT ( 'NONE',  ( 3.000000000000000000, 1.999999999999999100, 5.999999999999998200 ) ) ;
#1583 = DIRECTION ( 'NONE',  ( 0.0000000000000000000, 0.0000000000000000000, 1.000000000000000000 ) ) ;
#1584 = CARTESIAN_POINT ( 'NONE',  ( -6.399999999999999500, -9.799999999999998900, -0.2500000000000006700 ) ) ;
#1585 = DIRECTION ( 'NONE',  ( 0.0000000000000000000, -1.000000000000000000, -1.084202172485503400E-016 ) ) ;
#1586 = CARTESIAN_POINT ( 'NONE',  ( -6.399999999999999500, -9.799999999999998900, 5.750000000000000000 ) ) ;
#1587 = DIRECTION ( 'NONE',  ( 0.0000000000000000000, -1.000000000000000000, -1.734723475976805500E-015 ) ) ;
#1588 = CARTESIAN_POINT ( 'NONE',  ( -7.600000000000000500, -8.050000000000000700, 2.199999999999999300 ) ) ;
#1589 = DIRECTION ( 'NONE',  ( -1.000000000000000000, 0.0000000000000000000, 0.0000000000000000000 ) ) ;
#1590 = CARTESIAN_POINT ( 'NONE',  ( -0.4000000000000000200, 0.6000000000000016400, 5.999999999999999100 ) ) ;
#1591 = DIRECTION ( 'NONE',  ( -4.517509052022935300E-017, -1.000000000000000000, 0.0000000000000000000 ) ) ;
#1592 =( LENGTH_UNIT ( ) NAMED_UNIT ( * ) SI_UNIT ( .MILLI., .METRE. ) );
#1593 =( NAMED_UNIT ( * ) PLANE_ANGLE_UNIT ( ) SI_UNIT ( $, .RADIAN. ) );
#1594 =( NAMED_UNIT ( * ) SI_UNIT ( $, .STERADIAN. ) SOLID_ANGLE_UNIT ( ) );
#1595 = CARTESIAN_POINT ( 'NONE',  ( 0.0000000000000000000, 0.0000000000000000000, 0.0000000000000000000 ) ) ;
#1596 = DIRECTION ( 'NONE',  ( 1.000000000000000000, 0.0000000000000000000, 0.0000000000000000000 ) ) ;
#1597 = APPLICATION_CONTEXT ( 'configuration controlled 3d designs of mechanical parts and assemblies' ) ;
#1598 = APPLICATION_PROTOCOL_DEFINITION ( 'international standard', 'config_control_design', 1994, #1597 ) ;
#1599 = MECHANICAL_CONTEXT ( 'NONE', #1597, 'mechanical' ) ;
#1600 = PERSON_AND_ORGANIZATION_ROLE ( 'design_owner' ) ;
#1601 = APPLICATION_CONTEXT ( 'configuration controlled 3d designs of mechanical parts and assemblies' ) ;
#1602 = APPLICATION_PROTOCOL_DEFINITION ( 'international standard', 'config_control_design', 1994, #1601 ) ;
#1603 = APPROVAL_STATUS ( 'not_yet_approved' ) ;
#1604 = APPROVAL_ROLE ( '' ) ;
#1605 = PERSON_AND_ORGANIZATION_ROLE ( 'creator' ) ;
#1606 = DATE_TIME_ROLE ( 'creation_date' ) ;
#1607 = APPROVAL_STATUS ( 'not_yet_approved' ) ;
#1608 = APPROVAL_ROLE ( '' ) ;
#1609 = PERSON_AND_ORGANIZATION_ROLE ( 'creator' ) ;
#1610 = PERSON_AND_ORGANIZATION_ROLE ( 'design_supplier' ) ;
#1611 = SECURITY_CLASSIFICATION_LEVEL ( 'unclassified' ) ;
#1612 = PERSON_AND_ORGANIZATION_ROLE ( 'classification_officer' ) ;
#1613 = DATE_TIME_ROLE ( 'classification_date' ) ;
#1614 = APPROVAL_STATUS ( 'not_yet_approved' ) ;
#1615 = APPROVAL_ROLE ( '' ) ;
#1616 = ORIENTED_EDGE ( 'NONE', *, *, #1751, .T. ) ;
#1617 = ORIENTED_EDGE ( 'NONE', *, *, #1775, .T. ) ;
#1618 = ORIENTED_EDGE ( 'NONE', *, *, #1770, .T. ) ;
#1619 = ORIENTED_EDGE ( 'NONE', *, *, #1750, .T. ) ;
#1620 = ORIENTED_EDGE ( 'NONE', *, *, #3216, .F. ) ;
#1621 = ORIENTED_EDGE ( 'NONE', *, *, #1752, .F. ) ;
#1622 = ORIENTED_EDGE ( 'NONE', *, *, #1773, .T. ) ;
#1623 = ORIENTED_EDGE ( 'NONE', *, *, #1752, .T. ) ;
#1624 = ORIENTED_EDGE ( 'NONE', *, *, #3313, .T. ) ;
#1625 = ORIENTED_EDGE ( 'NONE', *, *, #1771, .T. ) ;
#1626 = ORIENTED_EDGE ( 'NONE', *, *, #1767, .F. ) ;
#1627 = ORIENTED_EDGE ( 'NONE', *, *, #3159, .F. ) ;
#1628 = ORIENTED_EDGE ( 'NONE', *, *, #3310, .F. ) ;
#1629 = ORIENTED_EDGE ( 'NONE', *, *, #1750, .F. ) ;
#1630 = ORIENTED_EDGE ( 'NONE', *, *, #887, .F. ) ;
#1631 = ORIENTED_EDGE ( 'NONE', *, *, #3126, .F. ) ;
#1632 = ORIENTED_EDGE ( 'NONE', *, *, #3089, .F. ) ;
#1633 = ORIENTED_EDGE ( 'NONE', *, *, #1754, .F. ) ;
#1634 = LINE ( 'NONE', #432, #2045 ) ;
#1635 = ORIENTED_EDGE ( 'NONE', *, *, #1637, .F. ) ;
#1636 = EDGE_CURVE ( 'NONE', #2023, #2030, #1267, .T. ) ;
#1637 = EDGE_CURVE ( 'NONE', #1005, #2027, #1266, .T. ) ;
#1638 = EDGE_CURVE ( 'NONE', #1023, #1016, #1265, .T. ) ;
#1639 = EDGE_CURVE ( 'NONE', #1003, #1009, #1264, .T. ) ;
#1640 = EDGE_CURVE ( 'NONE', #1022, #977, #1272, .T. ) ;
#1641 = EDGE_CURVE ( 'NONE', #973, #1005, #1259, .T. ) ;
#1642 = EDGE_CURVE ( 'NONE', #2026, #2033, #1269, .T. ) ;
#1643 = EDGE_CURVE ( 'NONE', #1020, #987, #1271, .T. ) ;
#1644 = EDGE_CURVE ( 'NONE', #1010, #2033, #1280, .T. ) ;
#1645 = EDGE_CURVE ( 'NONE', #962, #1010, #1634, .T. ) ;
#1646 = EDGE_CURVE ( 'NONE', #968, #973, #1275, .T. ) ;
#1647 = EDGE_CURVE ( 'NONE', #991, #957, #1277, .T. ) ;
#1648 = EDGE_CURVE ( 'NONE', #990, #2020, #2049, .T. ) ;
#1649 = EDGE_CURVE ( 'NONE', #2039, #991, #1279, .T. ) ;
#1650 = EDGE_CURVE ( 'NONE', #1018, #2021, #2047, .T. ) ;
#1651 = EDGE_CURVE ( 'NONE', #990, #1018, #2057, .T. ) ;
#1652 = EDGE_CURVE ( 'NONE', #959, #1024, #2056, .T. ) ;
#1653 = EDGE_CURVE ( 'NONE', #2020, #2021, #2061, .T. ) ;
#1654 = EDGE_CURVE ( 'NONE', #971, #2036, #2052, .T. ) ;
#1655 = EDGE_CURVE ( 'NONE', #1007, #984, #2060, .T. ) ;
#1656 = EDGE_CURVE ( 'NONE', #1016, #1012, #2059, .T. ) ;
#1657 = EDGE_CURVE ( 'NONE', #1012, #2039, #2058, .T. ) ;
#1658 = EDGE_CURVE ( 'NONE', #992, #1001, #2063, .T. ) ;
#1659 = EDGE_CURVE ( 'NONE', #969, #965, #2065, .T. ) ;
#1660 = EDGE_CURVE ( 'NONE', #984, #992, #2067, .T. ) ;
#1661 = EDGE_CURVE ( 'NONE', #1004, #988, #2069, .T. ) ;
#1662 = EDGE_CURVE ( 'NONE', #985, #946, #2071, .T. ) ;
#1663 = EDGE_CURVE ( 'NONE', #1001, #1002, #2078, .T. ) ;
#1664 = EDGE_CURVE ( 'NONE', #943, #1023, #2073, .T. ) ;
#1665 = EDGE_CURVE ( 'NONE', #988, #1007, #2082, .T. ) ;
#1666 = EDGE_CURVE ( 'NONE', #960, #946, #2075, .T. ) ;
#1667 = EDGE_CURVE ( 'NONE', #959, #985, #2086, .T. ) ;
#1668 = EDGE_CURVE ( 'NONE', #2042, #976, #2088, .T. ) ;
#1669 = EDGE_CURVE ( 'NONE', #1026, #993, #2077, .T. ) ;
#1670 = EDGE_CURVE ( 'NONE', #1002, #1004, #2092, .T. ) ;
#1671 = EDGE_CURVE ( 'NONE', #975, #943, #2081, .T. ) ;
#1672 = EDGE_CURVE ( 'NONE', #2030, #2023, #2096, .T. ) ;
#1673 = EDGE_CURVE ( 'NONE', #963, #948, #2091, .T. ) ;
#1674 = EDGE_CURVE ( 'NONE', #1018, #990, #2100, .T. ) ;
#1675 = EDGE_CURVE ( 'NONE', #955, #986, #2102, .T. ) ;
#1676 = EDGE_CURVE ( 'NONE', #943, #2028, #2098, .T. ) ;
#1677 = EDGE_CURVE ( 'NONE', #1021, #986, #2103, .T. ) ;
#1678 = EDGE_CURVE ( 'NONE', #957, #975, #2101, .T. ) ;
#1679 = EDGE_CURVE ( 'NONE', #995, #982, #2107, .T. ) ;
#1680 = EDGE_CURVE ( 'NONE', #970, #1026, #2097, .T. ) ;
#1681 = EDGE_CURVE ( 'NONE', #995, #955, #2111, .T. ) ;
#1682 = EDGE_CURVE ( 'NONE', #2027, #971, #2113, .T. ) ;
#1683 = EDGE_CURVE ( 'NONE', #979, #998, #2095, .T. ) ;
#1684 = EDGE_CURVE ( 'NONE', #998, #2031, #2106, .T. ) ;
#1685 = EDGE_CURVE ( 'NONE', #983, #999, #2119, .T. ) ;
#1686 = EDGE_CURVE ( 'NONE', #2026, #962, #2110, .T. ) ;
#1687 = EDGE_CURVE ( 'NONE', #2034, #950, #2116, .T. ) ;
#1688 = EDGE_CURVE ( 'NONE', #1015, #980, #2118, .T. ) ;
#1689 = EDGE_CURVE ( 'NONE', #950, #983, #2122, .T. ) ;
#1690 = EDGE_CURVE ( 'NONE', #1000, #1017, #1113, .T. ) ;
#1691 = EDGE_CURVE ( 'NONE', #2028, #960, #1120, .T. ) ;
#1692 = EDGE_CURVE ( 'NONE', #1025, #2032, #1122, .T. ) ;
#1693 = EDGE_CURVE ( 'NONE', #1017, #2026, #1115, .T. ) ;
#1694 = EDGE_CURVE ( 'NONE', #978, #979, #1126, .T. ) ;
#1695 = EDGE_CURVE ( 'NONE', #2037, #1015, #1128, .T. ) ;
#1696 = EDGE_CURVE ( 'NONE', #999, #2034, #1117, .T. ) ;
#1697 = EDGE_CURVE ( 'NONE', #993, #1022, #1119, .T. ) ;
#1698 = EDGE_CURVE ( 'NONE', #1013, #1025, #1134, .T. ) ;
#1699 = EDGE_CURVE ( 'NONE', #2032, #1008, #1125, .T. ) ;
#1700 = EDGE_CURVE ( 'NONE', #962, #1000, #1131, .T. ) ;
#1701 = EDGE_CURVE ( 'NONE', #2031, #978, #1140, .T. ) ;
#1702 = EDGE_CURVE ( 'NONE', #2025, #977, #1142, .T. ) ;
#1703 = EDGE_CURVE ( 'NONE', #1027, #2038, #1144, .T. ) ;
#1704 = EDGE_CURVE ( 'NONE', #994, #1020, #1133, .T. ) ;
#1705 = EDGE_CURVE ( 'NONE', #2029, #997, #1148, .T. ) ;
#1706 = EDGE_CURVE ( 'NONE', #2038, #972, #1150, .T. ) ;
#1707 = EDGE_CURVE ( 'NONE', #974, #1027, #1137, .T. ) ;
#1708 = EDGE_CURVE ( 'NONE', #972, #974, #1139, .T. ) ;
#1709 = EDGE_CURVE ( 'NONE', #966, #969, #1147, .T. ) ;
#1710 = EDGE_CURVE ( 'NONE', #1970, #1973, #1153, .T. ) ;
#1711 = EDGE_CURVE ( 'NONE', #1984, #968, #1155, .T. ) ;
#1712 = EDGE_CURVE ( 'NONE', #1983, #1982, #1162, .T. ) ;
#1713 = EDGE_CURVE ( 'NONE', #1983, #973, #1157, .T. ) ;
#1714 = EDGE_CURVE ( 'NONE', #1982, #1981, #1166, .T. ) ;
#1715 = EDGE_CURVE ( 'NONE', #1982, #1005, #1168, .T. ) ;
#1716 = EDGE_CURVE ( 'NONE', #1981, #2027, #1170, .T. ) ;
#1717 = EDGE_CURVE ( 'NONE', #1981, #1980, #1172, .T. ) ;
#1718 = EDGE_CURVE ( 'NONE', #1978, #961, #1174, .T. ) ;
#1719 = EDGE_CURVE ( 'NONE', #1980, #971, #1176, .T. ) ;
#1720 = EDGE_CURVE ( 'NONE', #1980, #1979, #1178, .T. ) ;
#1721 = EDGE_CURVE ( 'NONE', #1975, #1977, #1180, .T. ) ;
#1722 = EDGE_CURVE ( 'NONE', #1985, #1002, #1159, .T. ) ;
#1723 = EDGE_CURVE ( 'NONE', #1986, #1001, #1184, .T. ) ;
#1724 = EDGE_CURVE ( 'NONE', #1977, #1976, #1186, .T. ) ;
#1725 = EDGE_CURVE ( 'NONE', #1979, #2036, #1161, .T. ) ;
#1726 = EDGE_CURVE ( 'NONE', #1976, #1974, #1190, .T. ) ;
#1727 = EDGE_CURVE ( 'NONE', #948, #1977, #1165, .T. ) ;
#1728 = EDGE_CURVE ( 'NONE', #1987, #1986, #1194, .T. ) ;
#1729 = EDGE_CURVE ( 'NONE', #1987, #992, #1183, .T. ) ;
#1730 = EDGE_CURVE ( 'NONE', #1990, #988, #604, .T. ) ;
#1731 = EDGE_CURVE ( 'NONE', #1989, #1988, #606, .T. ) ;
#1732 = EDGE_CURVE ( 'NONE', #1990, #1989, #608, .T. ) ;
#1733 = EDGE_CURVE ( 'NONE', #1991, #1004, #610, .T. ) ;
#1734 = EDGE_CURVE ( 'NONE', #1984, #1983, #612, .T. ) ;
#1735 = EDGE_CURVE ( 'NONE', #1986, #1985, #614, .T. ) ;
#1736 = EDGE_CURVE ( 'NONE', #1972, #2044, #616, .T. ) ;
#1737 = EDGE_CURVE ( 'NONE', #1991, #1990, #1189, .T. ) ;
#1738 = EDGE_CURVE ( 'NONE', #1988, #984, #620, .T. ) ;
#1739 = EDGE_CURVE ( 'NONE', #1989, #1007, #622, .T. ) ;
#1740 = EDGE_CURVE ( 'NONE', #1979, #1978, #624, .T. ) ;
#1741 = EDGE_CURVE ( 'NONE', #1988, #1987, #626, .T. ) ;
#1742 = EDGE_CURVE ( 'NONE', #1019, #1976, #628, .T. ) ;
#1743 = EDGE_CURVE ( 'NONE', #1973, #1972, #630, .T. ) ;
#1744 = EDGE_CURVE ( 'NONE', #1974, #1975, #632, .T. ) ;
#1745 = EDGE_CURVE ( 'NONE', #1985, #1991, #1193, .T. ) ;
#1746 = EDGE_CURVE ( 'NONE', #1978, #1984, #636, .T. ) ;
#1747 = EDGE_CURVE ( 'NONE', #963, #1975, #638, .T. ) ;
#1748 = EDGE_CURVE ( 'NONE', #2040, #1974, #640, .T. ) ;
#1749 = EDGE_CURVE ( 'NONE', #1973, #964, #642, .T. ) ;
#1750 = EDGE_CURVE ( 'NONE', #1995, #989, #603, .T. ) ;
#1751 = EDGE_CURVE ( 'NONE', #976, #1992, #619, .T. ) ;
#1752 = EDGE_CURVE ( 'NONE', #1994, #1029, #648, .T. ) ;
#1753 = EDGE_CURVE ( 'NONE', #2212, #2042, #635, .T. ) ;
#1754 = EDGE_CURVE ( 'NONE', #954, #1993, #652, .T. ) ;
#1755 = EDGE_CURVE ( 'NONE', #1957, #1955, #645, .T. ) ;
#1756 = EDGE_CURVE ( 'NONE', #2022, #2043, #647, .T. ) ;
#1757 = EDGE_CURVE ( 'NONE', #1959, #1958, #658, .T. ) ;
#1758 = EDGE_CURVE ( 'NONE', #1960, #983, #651, .T. ) ;
#1759 = EDGE_CURVE ( 'NONE', #1958, #1960, #662, .T. ) ;
#1760 = EDGE_CURVE ( 'NONE', #1961, #999, #664, .T. ) ;
#1761 = EDGE_CURVE ( 'NONE', #1964, #1965, #666, .T. ) ;
#1762 = EDGE_CURVE ( 'NONE', #1962, #972, #655, .T. ) ;
#1763 = EDGE_CURVE ( 'NONE', #2021, #2020, #672, .T. ) ;
#1764 = EDGE_CURVE ( 'NONE', #986, #1997, #661, .T. ) ;
#1765 = EDGE_CURVE ( 'NONE', #960, #1998, #675, .T. ) ;
#1766 = EDGE_CURVE ( 'NONE', #982, #946, #669, .T. ) ;
#1767 = EDGE_CURVE ( 'NONE', #2043, #1995, #676, .T. ) ;
#1768 = EDGE_CURVE ( 'NONE', #944, #964, #678, .T. ) ;
#1769 = EDGE_CURVE ( 'NONE', #1963, #2038, #674, .T. ) ;
#1770 = EDGE_CURVE ( 'NONE', #1994, #1995, #682, .T. ) ;
#1771 = EDGE_CURVE ( 'NONE', #1014, #1996, #684, .T. ) ;
#1772 = EDGE_CURVE ( 'NONE', #1958, #950, #279, .T. ) ;
#1773 = EDGE_CURVE ( 'NONE', #1996, #1994, #283, .T. ) ;
#1774 = EDGE_CURVE ( 'NONE', #1962, #1964, #287, .T. ) ;
#1775 = EDGE_CURVE ( 'NONE', #1992, #2212, #291, .T. ) ;
#1776 = EDGE_CURVE ( 'NONE', #1953, #2037, #295, .T. ) ;
#1777 = EDGE_CURVE ( 'NONE', #2044, #2041, #299, .T. ) ;
#1778 = EDGE_CURVE ( 'NONE', #2041, #944, #301, .T. ) ;
#1779 = EDGE_CURVE ( 'NONE', #1959, #2034, #670, .T. ) ;
#1780 = EDGE_CURVE ( 'NONE', #2002, #2001, #305, .T. ) ;
#1781 = VERTEX_POINT ( 'NONE', #2342 ) ;
#1782 = VERTEX_POINT ( 'NONE', #2337 ) ;
#1783 = ADVANCED_FACE ( 'NONE', ( #304, #307 ), #2345, .F. ) ;
#1784 = ADVANCED_FACE ( 'NONE', ( #308 ), #2348, .F. ) ;
#1785 = ADVANCED_FACE ( 'NONE', ( #310, #311, #313, #315, #673 ), #2346, .T. ) ;
#1786 = ADVANCED_FACE ( 'NONE', ( #312 ), #318, .F. ) ;
#1787 = ADVANCED_FACE ( 'NONE', ( #316 ), #320, .F. ) ;
#1788 = ADVANCED_FACE ( 'NONE', ( #317 ), #2364, .F. ) ;
#1789 = ADVANCED_FACE ( 'NONE', ( #309 ), #2366, .F. ) ;
#1790 = VECTOR ( 'NONE', #564, 1000.000000000000000 ) ;
#1791 = VECTOR ( 'NONE', #566, 1000.000000000000000 ) ;
#1792 = LINE ( 'NONE', #1506, #1860 ) ;
#1793 = LINE ( 'NONE', #567, #1794 ) ;
#1794 = VECTOR ( 'NONE', #568, 1000.000000000000000 ) ;
#1795 = LINE ( 'NONE', #569, #1796 ) ;
#1796 = VECTOR ( 'NONE', #570, 1000.000000000000000 ) ;
#1797 = LINE ( 'NONE', #571, #1798 ) ;
#1798 = VECTOR ( 'NONE', #572, 1000.000000000000000 ) ;
#1799 = LINE ( 'NONE', #573, #1800 ) ;
#1800 = VECTOR ( 'NONE', #574, 1000.000000000000000 ) ;
#1801 = LINE ( 'NONE', #575, #1802 ) ;
#1802 = VECTOR ( 'NONE', #576, 1000.000000000000000 ) ;
#1803 = LINE ( 'NONE', #577, #1804 ) ;
#1804 = VECTOR ( 'NONE', #578, 1000.000000000000000 ) ;
#1805 = LINE ( 'NONE', #579, #1806 ) ;
#1806 = VECTOR ( 'NONE', #580, 1000.000000000000100 ) ;
#1807 = LINE ( 'NONE', #582, #1808 ) ;
#1808 = VECTOR ( 'NONE', #583, 1000.000000000000000 ) ;
#1809 = VECTOR ( 'NONE', #585, 1000.000000000000000 ) ;
#1810 = LINE ( 'NONE', #1533, #1868 ) ;
#1811 = LINE ( 'NONE', #586, #1812 ) ;
#1812 = VECTOR ( 'NONE', #587, 1000.000000000000000 ) ;
#1813 = LINE ( 'NONE', #588, #1814 ) ;
#1814 = VECTOR ( 'NONE', #589, 1000.000000000000000 ) ;
#1815 = LINE ( 'NONE', #590, #1816 ) ;
#1816 = VECTOR ( 'NONE', #591, 1000.000000000000000 ) ;
#1817 = LINE ( 'NONE', #592, #1818 ) ;
#1818 = VECTOR ( 'NONE', #593, 1000.000000000000000 ) ;
#1819 = LINE ( 'NONE', #594, #1820 ) ;
#1820 = VECTOR ( 'NONE', #595, 1000.000000000000000 ) ;
#1821 = LINE ( 'NONE', #596, #1822 ) ;
#1822 = VECTOR ( 'NONE', #597, 1000.000000000000000 ) ;
#1823 = LINE ( 'NONE', #598, #1824 ) ;
#1824 = VECTOR ( 'NONE', #599, 1000.000000000000000 ) ;
#1825 = LINE ( 'NONE', #600, #1826 ) ;
#1826 = VECTOR ( 'NONE', #601, 1000.000000000000000 ) ;
#1827 = LINE ( 'NONE', #602, #1828 ) ;
#1828 = VECTOR ( 'NONE', #1501, 1000.000000000000000 ) ;
#1829 = LINE ( 'NONE', #1502, #1830 ) ;
#1830 = VECTOR ( 'NONE', #1503, 1000.000000000000100 ) ;
#1831 = LINE ( 'NONE', #1504, #1832 ) ;
#1832 = VECTOR ( 'NONE', #1505, 1000.000000000000000 ) ;
#1833 = VECTOR ( 'NONE', #581, 1000.000000000000000 ) ;
#1834 = LINE ( 'NONE', #1507, #1835 ) ;
#1835 = VECTOR ( 'NONE', #1508, 1000.000000000000100 ) ;
#1836 = LINE ( 'NONE', #1509, #1837 ) ;
#1837 = VECTOR ( 'NONE', #1510, 1000.000000000000000 ) ;
#1838 = LINE ( 'NONE', #1511, #1839 ) ;
#1839 = VECTOR ( 'NONE', #1512, 1000.000000000000000 ) ;
#1840 = LINE ( 'NONE', #1513, #1841 ) ;
#1841 = VECTOR ( 'NONE', #1514, 1000.000000000000000 ) ;
#1842 = LINE ( 'NONE', #1515, #1843 ) ;
#1843 = VECTOR ( 'NONE', #1516, 1000.000000000000000 ) ;
#1844 = LINE ( 'NONE', #1517, #1845 ) ;
#1845 = VECTOR ( 'NONE', #1518, 1000.000000000000000 ) ;
#1846 = LINE ( 'NONE', #1519, #1847 ) ;
#1847 = VECTOR ( 'NONE', #1520, 1000.000000000000000 ) ;
#1848 = LINE ( 'NONE', #1521, #1849 ) ;
#1849 = VECTOR ( 'NONE', #1522, 1000.000000000000000 ) ;
#1850 = LINE ( 'NONE', #1523, #1851 ) ;
#1851 = VECTOR ( 'NONE', #1524, 1000.000000000000000 ) ;
#1852 = LINE ( 'NONE', #1525, #1853 ) ;
#1853 = VECTOR ( 'NONE', #1526, 1000.000000000000000 ) ;
#1854 = LINE ( 'NONE', #1527, #1855 ) ;
#1855 = VECTOR ( 'NONE', #1528, 1000.000000000000000 ) ;
#1856 = LINE ( 'NONE', #1529, #1857 ) ;
#1857 = VECTOR ( 'NONE', #1530, 1000.000000000000000 ) ;
#1858 = LINE ( 'NONE', #1531, #1859 ) ;
#1859 = VECTOR ( 'NONE', #1532, 1000.000000000000000 ) ;
#1860 = VECTOR ( 'NONE', #1534, 1000.000000000000000 ) ;
#1861 = VECTOR ( 'NONE', #1569, 1000.000000000000000 ) ;
#1862 = LINE ( 'NONE', #1535, #1863 ) ;
#1863 = VECTOR ( 'NONE', #1536, 1000.000000000000000 ) ;
#1864 = LINE ( 'NONE', #1537, #1865 ) ;
#1865 = VECTOR ( 'NONE', #1538, 1000.000000000000000 ) ;
#1866 = LINE ( 'NONE', #1540, #1867 ) ;
#1867 = VECTOR ( 'NONE', #1541, 1000.000000000000000 ) ;
#1868 = VECTOR ( 'NONE', #1542, 1000.000000000000000 ) ;
#1869 = LINE ( 'NONE', #1568, #1861 ) ;
#1870 = LINE ( 'NONE', #1543, #1871 ) ;
#1871 = VECTOR ( 'NONE', #1544, 1000.000000000000000 ) ;
#1872 = LINE ( 'NONE', #1545, #1873 ) ;
#1873 = VECTOR ( 'NONE', #1546, 1000.000000000000000 ) ;
#1874 = LINE ( 'NONE', #1547, #1875 ) ;
#1875 = VECTOR ( 'NONE', #1548, 1000.000000000000000 ) ;
#1876 = LINE ( 'NONE', #1549, #1877 ) ;
#1877 = VECTOR ( 'NONE', #1550, 1000.000000000000000 ) ;
#1878 = LINE ( 'NONE', #1551, #1879 ) ;
#1879 = VECTOR ( 'NONE', #1552, 1000.000000000000000 ) ;
#1880 = LINE ( 'NONE', #1553, #1881 ) ;
#1881 = VECTOR ( 'NONE', #1554, 1000.000000000000000 ) ;
#1882 = LINE ( 'NONE', #1555, #1883 ) ;
#1883 = VECTOR ( 'NONE', #1556, 1000.000000000000000 ) ;
#1884 = LINE ( 'NONE', #1557, #1885 ) ;
#1885 = VECTOR ( 'NONE', #1558, 1000.000000000000000 ) ;
#1886 = LINE ( 'NONE', #1559, #1887 ) ;
#1887 = VECTOR ( 'NONE', #1560, 1000.000000000000000 ) ;
#1888 = LINE ( 'NONE', #1561, #1889 ) ;
#1889 = VECTOR ( 'NONE', #1562, 1000.000000000000000 ) ;
#1890 = LINE ( 'NONE', #1564, #1891 ) ;
#1891 = VECTOR ( 'NONE', #1565, 1000.000000000000000 ) ;
#1892 = CIRCLE ( 'NONE', #2608, 1.750000000000000000 ) ;
#1893 = LINE ( 'NONE', #1570, #1894 ) ;
#1894 = VECTOR ( 'NONE', #1571, 1000.000000000000000 ) ;
#1895 = LINE ( 'NONE', #1572, #1896 ) ;
#1896 = VECTOR ( 'NONE', #1573, 1000.000000000000000 ) ;
#1897 = LINE ( 'NONE', #1574, #1898 ) ;
#1898 = VECTOR ( 'NONE', #1575, 1000.000000000000000 ) ;
#1899 = LINE ( 'NONE', #1576, #1900 ) ;
#1900 = VECTOR ( 'NONE', #1577, 1000.000000000000000 ) ;
#1901 = LINE ( 'NONE', #1578, #1902 ) ;
#1902 = VECTOR ( 'NONE', #1579, 1000.000000000000000 ) ;
#1903 = LINE ( 'NONE', #1580, #1904 ) ;
#1904 = VECTOR ( 'NONE', #1581, 1000.000000000000000 ) ;
#1905 = LINE ( 'NONE', #1582, #1906 ) ;
#1906 = VECTOR ( 'NONE', #1583, 1000.000000000000000 ) ;
#1907 = LINE ( 'NONE', #1584, #1908 ) ;
#1908 = VECTOR ( 'NONE', #1585, 1000.000000000000000 ) ;
#1909 = LINE ( 'NONE', #1586, #1910 ) ;
#1910 = VECTOR ( 'NONE', #1587, 1000.000000000000000 ) ;
#1911 = LINE ( 'NONE', #1588, #1912 ) ;
#1912 = VECTOR ( 'NONE', #1589, 1000.000000000000000 ) ;
#1913 = LINE ( 'NONE', #1590, #1914 ) ;
#1914 = VECTOR ( 'NONE', #1591, 1000.000000000000000 ) ;
#1915 =( GEOMETRIC_REPRESENTATION_CONTEXT ( 3 ) GLOBAL_UNCERTAINTY_ASSIGNED_CONTEXT ( ( #3221 ) ) GLOBAL_UNIT_ASSIGNED_CONTEXT ( ( #1592, #1593, #1594 ) ) REPRESENTATION_CONTEXT ( 'NONE', 'WORKASPACE' ) );
#1916 = SHAPE_DEFINITION_REPRESENTATION ( #1198, #3222 ) ;
#1917 = ORGANIZATION ( 'UNSPECIFIED', 'UNSPECIFIED', '' ) ;
#1918 = PERSON_AND_ORGANIZATION ( #3309, #1917 ) ;
#1919 = PERSON_AND_ORGANIZATION ( #3309, #1917 ) ;
#1920 = APPROVAL_PERSON_ORGANIZATION ( #1919, #2611, #1604 ) ;
#1921 = COORDINATED_UNIVERSAL_TIME_OFFSET ( 9, 0, .AHEAD. ) ;
#1922 = LOCAL_TIME ( 17, 20, 41.00000000000000000, #1921 ) ;
#1923 = CALENDAR_DATE ( 2015, 7, 8 ) ;
#1924 = DATE_AND_TIME ( #1923, #1922 ) ;
#1925 = APPROVAL_DATE_TIME ( #1924, #2611 ) ;
#1926 = PERSON_AND_ORGANIZATION ( #3309, #1917 ) ;
#1927 = COORDINATED_UNIVERSAL_TIME_OFFSET ( 9, 0, .AHEAD. ) ;
#1928 = LOCAL_TIME ( 17, 20, 41.00000000000000000, #1927 ) ;
#1929 = CALENDAR_DATE ( 2015, 7, 8 ) ;
#1930 = DATE_AND_TIME ( #1929, #1928 ) ;
#1931 = PERSON_AND_ORGANIZATION ( #3309, #1917 ) ;
#1932 = APPROVAL_PERSON_ORGANIZATION ( #1931, #2616, #1608 ) ;
#1933 = COORDINATED_UNIVERSAL_TIME_OFFSET ( 9, 0, .AHEAD. ) ;
#1934 = LOCAL_TIME ( 17, 20, 41.00000000000000000, #1933 ) ;
#1935 = CALENDAR_DATE ( 2015, 7, 8 ) ;
#1936 = DATE_AND_TIME ( #1935, #1934 ) ;
#1937 = APPROVAL_DATE_TIME ( #1936, #2616 ) ;
#1938 = PERSON_AND_ORGANIZATION ( #3309, #1917 ) ;
#1939 = PERSON_AND_ORGANIZATION ( #3309, #1917 ) ;
#1940 = PERSON_AND_ORGANIZATION ( #3309, #1917 ) ;
#1941 = COORDINATED_UNIVERSAL_TIME_OFFSET ( 9, 0, .AHEAD. ) ;
#1942 = LOCAL_TIME ( 17, 20, 41.00000000000000000, #1941 ) ;
#1943 = CALENDAR_DATE ( 2015, 7, 8 ) ;
#1944 = VERTEX_POINT ( 'NONE', #2363 ) ;
#1945 = VERTEX_POINT ( 'NONE', #2370 ) ;
#1946 = VERTEX_POINT ( 'NONE', #2374 ) ;
#1947 = VERTEX_POINT ( 'NONE', #2369 ) ;
#1948 = VERTEX_POINT ( 'NONE', #2375 ) ;
#1949 = VERTEX_POINT ( 'NONE', #2790 ) ;
#1950 = VERTEX_POINT ( 'NONE', #2791 ) ;
#1951 = VERTEX_POINT ( 'NONE', #2792 ) ;
#1952 = VERTEX_POINT ( 'NONE', #2373 ) ;
#1953 = VERTEX_POINT ( 'NONE', #2793 ) ;
#1954 = VERTEX_POINT ( 'NONE', #2794 ) ;
#1955 = VERTEX_POINT ( 'NONE', #2795 ) ;
#1956 = VERTEX_POINT ( 'NONE', #2796 ) ;
#1957 = VERTEX_POINT ( 'NONE', #2797 ) ;
#1958 = VERTEX_POINT ( 'NONE', #2798 ) ;
#1959 = VERTEX_POINT ( 'NONE', #2799 ) ;
#1960 = VERTEX_POINT ( 'NONE', #2800 ) ;
#1961 = VERTEX_POINT ( 'NONE', #2801 ) ;
#1962 = VERTEX_POINT ( 'NONE', #2802 ) ;
#1963 = VERTEX_POINT ( 'NONE', #2803 ) ;
#1964 = VERTEX_POINT ( 'NONE', #2804 ) ;
#1965 = VERTEX_POINT ( 'NONE', #2805 ) ;
#1966 = VERTEX_POINT ( 'NONE', #2806 ) ;
#1967 = VERTEX_POINT ( 'NONE', #2807 ) ;
#1968 = VERTEX_POINT ( 'NONE', #2808 ) ;
#1969 = VERTEX_POINT ( 'NONE', #2809 ) ;
#1970 = VERTEX_POINT ( 'NONE', #2810 ) ;
#1971 = VERTEX_POINT ( 'NONE', #2811 ) ;
#1972 = VERTEX_POINT ( 'NONE', #2812 ) ;
#1973 = VERTEX_POINT ( 'NONE', #2813 ) ;
#1974 = VERTEX_POINT ( 'NONE', #2814 ) ;
#1975 = VERTEX_POINT ( 'NONE', #2815 ) ;
#1976 = VERTEX_POINT ( 'NONE', #2816 ) ;
#1977 = VERTEX_POINT ( 'NONE', #2817 ) ;
#1978 = VERTEX_POINT ( 'NONE', #2818 ) ;
#1979 = VERTEX_POINT ( 'NONE', #2819 ) ;
#1980 = VERTEX_POINT ( 'NONE', #2820 ) ;
#1981 = VERTEX_POINT ( 'NONE', #2821 ) ;
#1982 = VERTEX_POINT ( 'NONE', #2822 ) ;
#1983 = VERTEX_POINT ( 'NONE', #2823 ) ;
#1984 = VERTEX_POINT ( 'NONE', #2824 ) ;
#1985 = VERTEX_POINT ( 'NONE', #2825 ) ;
#1986 = VERTEX_POINT ( 'NONE', #2826 ) ;
#1987 = VERTEX_POINT ( 'NONE', #2827 ) ;
#1988 = VERTEX_POINT ( 'NONE', #2828 ) ;
#1989 = VERTEX_POINT ( 'NONE', #2829 ) ;
#1990 = VERTEX_POINT ( 'NONE', #2830 ) ;
#1991 = VERTEX_POINT ( 'NONE', #2831 ) ;
#1992 = VERTEX_POINT ( 'NONE', #2832 ) ;
#1993 = VERTEX_POINT ( 'NONE', #2833 ) ;
#1994 = VERTEX_POINT ( 'NONE', #2834 ) ;
#1995 = VERTEX_POINT ( 'NONE', #2835 ) ;
#1996 = VERTEX_POINT ( 'NONE', #2836 ) ;
#1997 = VERTEX_POINT ( 'NONE', #2837 ) ;
#1998 = VERTEX_POINT ( 'NONE', #2838 ) ;
#1999 = VERTEX_POINT ( 'NONE', #2839 ) ;
#2000 = VERTEX_POINT ( 'NONE', #2840 ) ;
#2001 = VERTEX_POINT ( 'NONE', #2841 ) ;
#2002 = VERTEX_POINT ( 'NONE', #2842 ) ;
#2003 = VERTEX_POINT ( 'NONE', #2843 ) ;
#2004 = VERTEX_POINT ( 'NONE', #2844 ) ;
#2005 = VERTEX_POINT ( 'NONE', #2845 ) ;
#2006 = VERTEX_POINT ( 'NONE', #2846 ) ;
#2007 = VERTEX_POINT ( 'NONE', #2847 ) ;
#2008 = VERTEX_POINT ( 'NONE', #2848 ) ;
#2009 = VERTEX_POINT ( 'NONE', #2849 ) ;
#2010 = VERTEX_POINT ( 'NONE', #2850 ) ;
#2011 = VERTEX_POINT ( 'NONE', #2851 ) ;
#2012 = VERTEX_POINT ( 'NONE', #2852 ) ;
#2013 = VERTEX_POINT ( 'NONE', #2853 ) ;
#2014 = VERTEX_POINT ( 'NONE', #2854 ) ;
#2015 = VERTEX_POINT ( 'NONE', #2855 ) ;
#2016 = VERTEX_POINT ( 'NONE', #2856 ) ;
#2017 = VERTEX_POINT ( 'NONE', #2857 ) ;
#2018 = VERTEX_POINT ( 'NONE', #2858 ) ;
#2019 = VERTEX_POINT ( 'NONE', #2859 ) ;
#2020 = VERTEX_POINT ( 'NONE', #2860 ) ;
#2021 = VERTEX_POINT ( 'NONE', #2861 ) ;
#2022 = VERTEX_POINT ( 'NONE', #2862 ) ;
#2023 = VERTEX_POINT ( 'NONE', #2863 ) ;
#2024 = VERTEX_POINT ( 'NONE', #2864 ) ;
#2025 = VERTEX_POINT ( 'NONE', #2865 ) ;
#2026 = VERTEX_POINT ( 'NONE', #2866 ) ;
#2027 = VERTEX_POINT ( 'NONE', #2867 ) ;
#2028 = VERTEX_POINT ( 'NONE', #2868 ) ;
#2029 = VERTEX_POINT ( 'NONE', #2869 ) ;
#2030 = VERTEX_POINT ( 'NONE', #2870 ) ;
#2031 = VERTEX_POINT ( 'NONE', #2871 ) ;
#2032 = VERTEX_POINT ( 'NONE', #2872 ) ;
#2033 = VERTEX_POINT ( 'NONE', #2873 ) ;
#2034 = VERTEX_POINT ( 'NONE', #2874 ) ;
#2035 = VERTEX_POINT ( 'NONE', #2875 ) ;
#2036 = VERTEX_POINT ( 'NONE', #2876 ) ;
#2037 = VERTEX_POINT ( 'NONE', #2877 ) ;
#2038 = VERTEX_POINT ( 'NONE', #2878 ) ;
#2039 = VERTEX_POINT ( 'NONE', #2879 ) ;
#2040 = VERTEX_POINT ( 'NONE', #2880 ) ;
#2041 = VERTEX_POINT ( 'NONE', #2881 ) ;
#2042 = VERTEX_POINT ( 'NONE', #2882 ) ;
#2043 = VERTEX_POINT ( 'NONE', #2883 ) ;
#2044 = VERTEX_POINT ( 'NONE', #2884 ) ;
#2045 = VECTOR ( 'NONE', #433, 1000.000000000000000 ) ;
#2046 = VECTOR ( 'NONE', #435, 1000.000000000000000 ) ;
#2047 = LINE ( 'NONE', #440, #2053 ) ;
#2048 = VECTOR ( 'NONE', #437, 1000.000000000000000 ) ;
#2049 = LINE ( 'NONE', #438, #2050 ) ;
#2050 = VECTOR ( 'NONE', #439, 1000.000000000000000 ) ;
#2051 = VECTOR ( 'NONE', #441, 1000.000000000000000 ) ;
#2052 = LINE ( 'NONE', #452, #2055 ) ;
#2053 = VECTOR ( 'NONE', #443, 1000.000000000000000 ) ;
#2054 = VECTOR ( 'NONE', #448, 1000.000000000000000 ) ;
#2055 = VECTOR ( 'NONE', #453, 1000.000000000000000 ) ;
#2056 = LINE ( 'NONE', #442, #2054 ) ;
#2057 = CIRCLE ( 'NONE', #3179, 1.749999999999999800 ) ;
#2058 = LINE ( 'NONE', #456, #2066 ) ;
#2059 = LINE ( 'NONE', #454, #2064 ) ;
#2060 = LINE ( 'NONE', #447, #2062 ) ;
#2061 = CIRCLE ( 'NONE', #3180, 1.749999999999999800 ) ;
#2062 = VECTOR ( 'NONE', #455, 1000.000000000000000 ) ;
#2063 = LINE ( 'NONE', #458, #2068 ) ;
#2064 = VECTOR ( 'NONE', #457, 1000.000000000000000 ) ;
#2065 = LINE ( 'NONE', #460, #2070 ) ;
#2066 = VECTOR ( 'NONE', #459, 1000.000000000000000 ) ;
#2067 = LINE ( 'NONE', #462, #2072 ) ;
#2068 = VECTOR ( 'NONE', #461, 1000.000000000000000 ) ;
#2069 = LINE ( 'NONE', #464, #2074 ) ;
#2070 = VECTOR ( 'NONE', #463, 1000.000000000000000 ) ;
#2071 = LINE ( 'NONE', #1045, #2076 ) ;
#2072 = VECTOR ( 'NONE', #1044, 1000.000000000000000 ) ;
#2073 = LINE ( 'NONE', #1047, #2080 ) ;
#2074 = VECTOR ( 'NONE', #1046, 1000.000000000000000 ) ;
#2075 = LINE ( 'NONE', #1051, #2084 ) ;
#2076 = VECTOR ( 'NONE', #1048, 1000.000000000000000 ) ;
#2077 = LINE ( 'NONE', #1055, #2090 ) ;
#2078 = LINE ( 'NONE', #1049, #2079 ) ;
#2079 = VECTOR ( 'NONE', #1050, 1000.000000000000100 ) ;
#2080 = VECTOR ( 'NONE', #1052, 1000.000000000000000 ) ;
#2081 = LINE ( 'NONE', #1061, #2094 ) ;
#2082 = LINE ( 'NONE', #1053, #2083 ) ;
#2083 = VECTOR ( 'NONE', #1054, 1000.000000000000000 ) ;
#2084 = VECTOR ( 'NONE', #1056, 1000.000000000000000 ) ;
#2085 = VECTOR ( 'NONE', #1071, 1000.000000000000000 ) ;
#2086 = LINE ( 'NONE', #1057, #2087 ) ;
#2087 = VECTOR ( 'NONE', #1058, 1000.000000000000000 ) ;
#2088 = LINE ( 'NONE', #1059, #2089 ) ;
#2089 = VECTOR ( 'NONE', #1060, 1000.000000000000000 ) ;
#2090 = VECTOR ( 'NONE', #1062, 1000.000000000000000 ) ;
#2091 = LINE ( 'NONE', #1070, #2085 ) ;
#2092 = LINE ( 'NONE', #1063, #2093 ) ;
#2093 = VECTOR ( 'NONE', #1064, 1000.000000000000100 ) ;
#2094 = VECTOR ( 'NONE', #1066, 1000.000000000000000 ) ;
#2095 = LINE ( 'NONE', #1086, #2115 ) ;
#2096 = CIRCLE ( 'NONE', #3174, 1.749999999999999800 ) ;
#2097 = LINE ( 'NONE', #1082, #2109 ) ;
#2098 = LINE ( 'NONE', #1078, #2099 ) ;
#2099 = VECTOR ( 'NONE', #1079, 1000.000000000000000 ) ;
#2100 = CIRCLE ( 'NONE', #3178, 1.749999999999999800 ) ;
#2101 = LINE ( 'NONE', #1073, #2105 ) ;
#2102 = CIRCLE ( 'NONE', #3177, 2.000000000000000000 ) ;
#2103 = LINE ( 'NONE', #1080, #2104 ) ;
#2104 = VECTOR ( 'NONE', #1081, 1000.000000000000000 ) ;
#2105 = VECTOR ( 'NONE', #1083, 1000.000000000000000 ) ;
#2106 = LINE ( 'NONE', #1092, #2117 ) ;
#2107 = LINE ( 'NONE', #1084, #2108 ) ;
#2108 = VECTOR ( 'NONE', #1085, 1000.000000000000000 ) ;
#2109 = VECTOR ( 'NONE', #1087, 1000.000000000000000 ) ;
#2110 = LINE ( 'NONE', #1094, #2121 ) ;
#2111 = LINE ( 'NONE', #1088, #2112 ) ;
#2112 = VECTOR ( 'NONE', #1089, 1000.000000000000000 ) ;
#2113 = LINE ( 'NONE', #1090, #2114 ) ;
#2114 = VECTOR ( 'NONE', #1091, 1000.000000000000000 ) ;
#2115 = VECTOR ( 'NONE', #1093, 1000.000000000000000 ) ;
#2116 = LINE ( 'NONE', #1098, #2123 ) ;
#2117 = VECTOR ( 'NONE', #1095, 1000.000000000000000 ) ;
#2118 = LINE ( 'NONE', #1100, #1114 ) ;
#2119 = LINE ( 'NONE', #1096, #2120 ) ;
#2120 = VECTOR ( 'NONE', #1097, 1000.000000000000000 ) ;
#2121 = VECTOR ( 'NONE', #1099, 1000.000000000000000 ) ;
#2122 = LINE ( 'NONE', #1102, #1116 ) ;
#2123 = VECTOR ( 'NONE', #1101, 1000.000000000000000 ) ;
#2124 = ORIENTED_EDGE ( 'NONE', *, *, #1733, .F. ) ;
#2125 = ORIENTED_EDGE ( 'NONE', *, *, #1745, .F. ) ;
#2126 = ORIENTED_EDGE ( 'NONE', *, *, #1722, .T. ) ;
#2127 = ORIENTED_EDGE ( 'NONE', *, *, #1735, .T. ) ;
#2128 = ORIENTED_EDGE ( 'NONE', *, *, #1745, .T. ) ;
#2129 = ORIENTED_EDGE ( 'NONE', *, *, #1737, .T. ) ;
#2130 = ORIENTED_EDGE ( 'NONE', *, *, #1732, .T. ) ;
#2131 = ORIENTED_EDGE ( 'NONE', *, *, #1731, .T. ) ;
#2132 = ORIENTED_EDGE ( 'NONE', *, *, #1741, .T. ) ;
#2133 = ORIENTED_EDGE ( 'NONE', *, *, #1728, .T. ) ;
#2134 = ORIENTED_EDGE ( 'NONE', *, *, #899, .F. ) ;
#2135 = ORIENTED_EDGE ( 'NONE', *, *, #1753, .F. ) ;
#2136 = ORIENTED_EDGE ( 'NONE', *, *, #3161, .T. ) ;
#2137 = ORIENTED_EDGE ( 'NONE', *, *, #901, .F. ) ;
#2138 = ORIENTED_EDGE ( 'NONE', *, *, #3316, .T. ) ;
#2139 = ORIENTED_EDGE ( 'NONE', *, *, #1754, .T. ) ;
#2140 = ORIENTED_EDGE ( 'NONE', *, *, #3113, .F. ) ;
#2141 = ORIENTED_EDGE ( 'NONE', *, *, #1751, .F. ) ;
#2142 = ORIENTED_EDGE ( 'NONE', *, *, #1753, .T. ) ;
#2143 = ORIENTED_EDGE ( 'NONE', *, *, #1668, .T. ) ;
#2144 = CARTESIAN_POINT ( 'NONE',  ( -0.3999999999999998600, 1.949999999999999300, 7.399999999999999500 ) ) ;
#2145 = DIRECTION ( 'NONE',  ( -0.0000000000000000000, -0.0000000000000000000, 1.000000000000000000 ) ) ;
#2146 = CARTESIAN_POINT ( 'NONE',  ( -0.3999999999999998600, 1.949999999999999300, 7.399999999999999500 ) ) ;
#2147 = DIRECTION ( 'NONE',  ( -1.000000000000000000, 0.0000000000000000000, 0.0000000000000000000 ) ) ;
#2148 = CARTESIAN_POINT ( 'NONE',  ( 0.6000000000000002000, 1.949999999999999300, 7.399999999999999500 ) ) ;
#2149 = DIRECTION ( 'NONE',  ( -0.0000000000000000000, 1.000000000000000000, -0.0000000000000000000 ) ) ;
#2150 = CARTESIAN_POINT ( 'NONE',  ( 0.4000000000000001900, 1.949999999999999300, 7.399999999999999500 ) ) ;
#2151 = DIRECTION ( 'NONE',  ( -0.0000000000000000000, 1.000000000000000000, -0.0000000000000000000 ) ) ;
#2152 = CARTESIAN_POINT ( 'NONE',  ( 0.4000000000000001300, 1.949999999999999300, 6.999999999999999100 ) ) ;
#2153 = DIRECTION ( 'NONE',  ( -1.000000000000000000, 0.0000000000000000000, 0.0000000000000000000 ) ) ;
#2154 = CARTESIAN_POINT ( 'NONE',  ( 0.4000000000000001900, 1.949999999999999300, 7.399999999999999500 ) ) ;
#2155 = DIRECTION ( 'NONE',  ( -1.355252715606880000E-016, 0.0000000000000000000, -1.000000000000000000 ) ) ;
#2156 = CARTESIAN_POINT ( 'NONE',  ( 0.6000000000000002000, 1.949999999999999300, 7.399999999999999500 ) ) ;
#2157 = DIRECTION ( 'NONE',  ( -0.0000000000000000000, 1.000000000000000000, -0.0000000000000000000 ) ) ;
#2158 = CARTESIAN_POINT ( 'NONE',  ( 0.6000000000000002000, 1.949999999999999300, -2.199999999999999700 ) ) ;
#2159 = DIRECTION ( 'NONE',  ( -1.000000000000000000, 0.0000000000000000000, 0.0000000000000000000 ) ) ;
#2160 = CARTESIAN_POINT ( 'NONE',  ( -0.5999999999999997600, 1.949999999999999300, 7.399999999999999500 ) ) ;
#2161 = DIRECTION ( 'NONE',  ( 0.4472135954999580900, 0.0000000000000000000, 0.8944271909999157400 ) ) ;
#2162 = CARTESIAN_POINT ( 'NONE',  ( 0.4000000000000000200, 0.5999999999999999800, -0.1000000000000000100 ) ) ;
#2163 = DIRECTION ( 'NONE',  ( -0.0000000000000000000, -0.0000000000000000000, 1.000000000000000000 ) ) ;
#2164 = CARTESIAN_POINT ( 'NONE',  ( 4.336808689942017700E-016, 1.949999999999999300, 8.599999999999999600 ) ) ;
#2165 = DIRECTION ( 'NONE',  ( -1.000000000000000000, 0.0000000000000000000, 0.0000000000000000000 ) ) ;
#2166 = CARTESIAN_POINT ( 'NONE',  ( -0.3999999999999999100, 1.949999999999999300, 6.999999999999999100 ) ) ;
#2167 = DIRECTION ( 'NONE',  ( -0.0000000000000000000, 1.000000000000000000, -0.0000000000000000000 ) ) ;
#2168 = CARTESIAN_POINT ( 'NONE',  ( 0.4000000000000001300, 1.949999999999999300, 6.999999999999999100 ) ) ;
#2169 = DIRECTION ( 'NONE',  ( -0.0000000000000000000, 1.000000000000000000, -0.0000000000000000000 ) ) ;
#2170 = CARTESIAN_POINT ( 'NONE',  ( -0.5999999999999997600, 1.949999999999999300, -2.199999999999999700 ) ) ;
#2171 = DIRECTION ( 'NONE',  ( 0.4472135954999580900, 0.0000000000000000000, 0.8944271909999157400 ) ) ;
#2172 = CARTESIAN_POINT ( 'NONE',  ( -0.3999999999999999100, 1.949999999999999300, 6.999999999999999100 ) ) ;
#2173 = DIRECTION ( 'NONE',  ( 1.355252715606880000E-016, 0.0000000000000000000, 1.000000000000000000 ) ) ;
#2174 = CARTESIAN_POINT ( 'NONE',  ( 0.4000000000000000200, 0.6000000000000016400, 5.999999999999999100 ) ) ;
#2175 = DIRECTION ( 'NONE',  ( -0.0000000000000000000, -0.0000000000000000000, 1.000000000000000000 ) ) ;
#2176 = CARTESIAN_POINT ( 'NONE',  ( 0.4000000000000000200, 0.5999999999999999800, -0.1000000000000000100 ) ) ;
#2177 = DIRECTION ( 'NONE',  ( -4.517509052022935300E-017, 1.000000000000000000, -0.0000000000000000000 ) ) ;
#2178 = CARTESIAN_POINT ( 'NONE',  ( -0.4000000000000000200, 0.6000000000000016400, 6.099999999999999600 ) ) ;
#2179 = DIRECTION ( 'NONE',  ( -4.517509052022935300E-017, -1.000000000000000000, 0.0000000000000000000 ) ) ;
#2180 = CARTESIAN_POINT ( 'NONE',  ( 2.500000000000000900, -6.700000000000002800, 6.000000000000000000 ) ) ;
#2181 = DIRECTION ( 'NONE',  ( 0.4472135954999578200, 0.0000000000000000000, -0.8944271909999158600 ) ) ;
#2182 = CARTESIAN_POINT ( 'NONE',  ( 4.336808689942017700E-016, 1.949999999999999300, -1.000000000000000000 ) ) ;
#2183 = DIRECTION ( 'NONE',  ( 0.4472135954999578200, 0.0000000000000000000, -0.8944271909999158600 ) ) ;
#2184 = CARTESIAN_POINT ( 'NONE',  ( -0.4000000000000000800, -0.5999999999999982000, 5.999999999999999100 ) ) ;
#2185 = DIRECTION ( 'NONE',  ( -0.0000000000000000000, -0.0000000000000000000, 1.000000000000000000 ) ) ;
#2186 = CARTESIAN_POINT ( 'NONE',  ( -0.4000000000000000200, 0.6000000000000016400, 5.999999999999999100 ) ) ;
#2187 = DIRECTION ( 'NONE',  ( -0.0000000000000000000, -0.0000000000000000000, 1.000000000000000000 ) ) ;
#2188 = CARTESIAN_POINT ( 'NONE',  ( 0.4000000000000000800, -0.5999999999999999800, -0.1000000000000000100 ) ) ;
#2189 = DIRECTION ( 'NONE',  ( -0.0000000000000000000, -0.0000000000000000000, 1.000000000000000000 ) ) ;
#2190 = CARTESIAN_POINT ( 'NONE',  ( -2.500000000000000000, -7.400000000000003000, 2.139492287038063500E-015 ) ) ;
#2191 = DIRECTION ( 'NONE',  ( 1.445602896647339400E-016, 2.891205793294678800E-016, 1.000000000000000000 ) ) ;
#2192 = CARTESIAN_POINT ( 'NONE',  ( -3.000000000000000000, -7.400000000000003000, 2.891205793294678800E-016 ) ) ;
#2193 = DIRECTION ( 'NONE',  ( -1.445602896647339400E-016, -2.891205793294678800E-016, -1.000000000000000000 ) ) ;
#2194 = CARTESIAN_POINT ( 'NONE',  ( 2.500000000000000000, -7.400000000000003000, 1.527168887464387000E-015 ) ) ;
#2195 = DIRECTION ( 'NONE',  ( 1.445602896647339400E-016, 2.891205793294678800E-016, 1.000000000000000000 ) ) ;
#2196 = CARTESIAN_POINT ( 'NONE',  ( -9.599999999999999600, -9.799999999999998900, -0.2500000000000006700 ) ) ;
#2197 = DIRECTION ( 'NONE',  ( 0.0000000000000000000, 2.891205793294678300E-016, 1.000000000000000000 ) ) ;
#2198 = CARTESIAN_POINT ( 'NONE',  ( -2.500000000000000000, -6.700000000000004600, 8.673617379884097100E-017 ) ) ;
#2199 = DIRECTION ( 'NONE',  ( -1.445602896647339400E-016, -2.891205793294678800E-016, -1.000000000000000000 ) ) ;
#2200 = CARTESIAN_POINT ( 'NONE',  ( -3.000000000000000000, -6.400000000000003000, 0.0000000000000000000 ) ) ;
#2201 = DIRECTION ( 'NONE',  ( -0.0000000000000000000, -0.0000000000000000000, -1.000000000000000000 ) ) ;
#2202 = CARTESIAN_POINT ( 'NONE',  ( -9.599999999999999600, -10.30000000000000100, 2.249999999999999600 ) ) ;
#2203 = DIRECTION ( 'NONE',  ( 1.000000000000000000, 0.0000000000000000000, 0.0000000000000000000 ) ) ;
#2204 = DIRECTION ( 'NONE',  ( 1.000000000000000000, -0.0000000000000000000, -0.0000000000000000000 ) ) ;
#2205 = CARTESIAN_POINT ( 'NONE',  ( -9.599999999999999600, -9.799999999999998900, 1.749999999999999300 ) ) ;
#2206 = DIRECTION ( 'NONE',  ( 0.0000000000000000000, -1.000000000000000000, 0.0000000000000000000 ) ) ;
#2207 = CARTESIAN_POINT ( 'NONE',  ( -9.599999999999999600, -10.30000000000000100, 3.749999999999999600 ) ) ;
#2208 = DIRECTION ( 'NONE',  ( 1.000000000000000000, -0.0000000000000000000, -0.0000000000000000000 ) ) ;
#2209 = CARTESIAN_POINT ( 'NONE',  ( -9.599999999999999600, -10.30000000000000100, 1.749999999999999300 ) ) ;
#2210 = DIRECTION ( 'NONE',  ( 0.0000000000000000000, 0.0000000000000000000, 1.000000000000000000 ) ) ;
#2211 = VERTEX_POINT ( 'NONE', #2885 ) ;
#2212 = VERTEX_POINT ( 'NONE', #2890 ) ;
#2213 = ORIENTED_EDGE ( 'NONE', *, *, #1723, .F. ) ;
#2214 = ORIENTED_EDGE ( 'NONE', *, *, #1728, .F. ) ;
#2215 = ORIENTED_EDGE ( 'NONE', *, *, #1729, .T. ) ;
#2216 = ORIENTED_EDGE ( 'NONE', *, *, #1660, .T. ) ;
#2217 = ORIENTED_EDGE ( 'NONE', *, *, #1729, .F. ) ;
#2218 = ORIENTED_EDGE ( 'NONE', *, *, #1741, .F. ) ;
#2219 = ORIENTED_EDGE ( 'NONE', *, *, #1738, .T. ) ;
#2220 = ORIENTED_EDGE ( 'NONE', *, *, #1655, .T. ) ;
#2221 = ORIENTED_EDGE ( 'NONE', *, *, #1738, .F. ) ;
#2222 = ORIENTED_EDGE ( 'NONE', *, *, #1731, .F. ) ;
#2223 = ORIENTED_EDGE ( 'NONE', *, *, #1739, .T. ) ;
#2224 = ORIENTED_EDGE ( 'NONE', *, *, #1665, .T. ) ;
#2225 = ORIENTED_EDGE ( 'NONE', *, *, #1739, .F. ) ;
#2226 = ORIENTED_EDGE ( 'NONE', *, *, #1732, .F. ) ;
#2227 = ORIENTED_EDGE ( 'NONE', *, *, #1730, .T. ) ;
#2228 = ORIENTED_EDGE ( 'NONE', *, *, #1661, .T. ) ;
#2229 = ORIENTED_EDGE ( 'NONE', *, *, #1730, .F. ) ;
#2230 = ORIENTED_EDGE ( 'NONE', *, *, #1737, .F. ) ;
#2231 = ORIENTED_EDGE ( 'NONE', *, *, #1733, .T. ) ;
#2232 = ORIENTED_EDGE ( 'NONE', *, *, #1670, .T. ) ;
#2233 = ORIENTED_EDGE ( 'NONE', *, *, #3307, .T. ) ;
#2234 = ORIENTED_EDGE ( 'NONE', *, *, #3318, .F. ) ;
#2235 = ORIENTED_EDGE ( 'NONE', *, *, #902, .F. ) ;
#2236 = ORIENTED_EDGE ( 'NONE', *, *, #1690, .T. ) ;
#2237 = ORIENTED_EDGE ( 'NONE', *, *, #1705, .F. ) ;
#2238 = ORIENTED_EDGE ( 'NONE', *, *, #1695, .F. ) ;
#2239 = ORIENTED_EDGE ( 'NONE', *, *, #907, .T. ) ;
#2240 = ORIENTED_EDGE ( 'NONE', *, *, #3091, .F. ) ;
#2241 = ORIENTED_EDGE ( 'NONE', *, *, #3092, .F. ) ;
#2242 = ORIENTED_EDGE ( 'NONE', *, *, #3075, .T. ) ;
#2243 = ORIENTED_EDGE ( 'NONE', *, *, #1709, .T. ) ;
#2244 = ORIENTED_EDGE ( 'NONE', *, *, #3093, .F. ) ;
#2245 = ORIENTED_EDGE ( 'NONE', *, *, #3073, .F. ) ;
#2246 = ORIENTED_EDGE ( 'NONE', *, *, #3091, .T. ) ;
#2247 = ORIENTED_EDGE ( 'NONE', *, *, #1659, .T. ) ;
#2248 = ORIENTED_EDGE ( 'NONE', *, *, #3082, .F. ) ;
#2249 = ORIENTED_EDGE ( 'NONE', *, *, #1755, .F. ) ;
#2250 = ORIENTED_EDGE ( 'NONE', *, *, #3093, .T. ) ;
#2251 = ORIENTED_EDGE ( 'NONE', *, *, #3090, .T. ) ;
#2252 = ORIENTED_EDGE ( 'NONE', *, *, #3092, .T. ) ;
#2253 = ORIENTED_EDGE ( 'NONE', *, *, #3073, .T. ) ;
#2254 = ORIENTED_EDGE ( 'NONE', *, *, #1755, .T. ) ;
#2255 = ORIENTED_EDGE ( 'NONE', *, *, #1687, .T. ) ;
#2256 = ORIENTED_EDGE ( 'NONE', *, *, #1772, .F. ) ;
#2257 = ORIENTED_EDGE ( 'NONE', *, *, #1757, .F. ) ;
#2258 = ORIENTED_EDGE ( 'NONE', *, *, #1779, .T. ) ;
#2259 = ORIENTED_EDGE ( 'NONE', *, *, #1689, .T. ) ;
#2260 = ORIENTED_EDGE ( 'NONE', *, *, #1758, .F. ) ;
#2261 = ORIENTED_EDGE ( 'NONE', *, *, #1759, .F. ) ;
#2262 = ORIENTED_EDGE ( 'NONE', *, *, #1772, .T. ) ;
#2263 = ORIENTED_EDGE ( 'NONE', *, *, #1685, .T. ) ;
#2264 = ORIENTED_EDGE ( 'NONE', *, *, #1760, .F. ) ;
#2265 = ORIENTED_EDGE ( 'NONE', *, *, #3143, .F. ) ;
#2266 = ORIENTED_EDGE ( 'NONE', *, *, #1758, .T. ) ;
#2267 = ORIENTED_EDGE ( 'NONE', *, *, #1696, .T. ) ;
#2268 = ORIENTED_EDGE ( 'NONE', *, *, #1779, .F. ) ;
#2269 = ORIENTED_EDGE ( 'NONE', *, *, #3074, .F. ) ;
#2270 = ORIENTED_EDGE ( 'NONE', *, *, #1760, .T. ) ;
#2271 = ORIENTED_EDGE ( 'NONE', *, *, #1757, .T. ) ;
#2272 = ORIENTED_EDGE ( 'NONE', *, *, #1759, .T. ) ;
#2273 = ORIENTED_EDGE ( 'NONE', *, *, #3143, .T. ) ;
#2274 = ORIENTED_EDGE ( 'NONE', *, *, #3074, .T. ) ;
#2275 = ORIENTED_EDGE ( 'NONE', *, *, #1706, .T. ) ;
#2276 = ORIENTED_EDGE ( 'NONE', *, *, #1762, .F. ) ;
#2277 = ORIENTED_EDGE ( 'NONE', *, *, #3098, .F. ) ;
#2278 = ORIENTED_EDGE ( 'NONE', *, *, #1769, .T. ) ;
#2279 = ORIENTED_EDGE ( 'NONE', *, *, #1708, .T. ) ;
#2280 = ORIENTED_EDGE ( 'NONE', *, *, #3083, .F. ) ;
#2281 = ORIENTED_EDGE ( 'NONE', *, *, #1646, .T. ) ;
#2282 = ORIENTED_EDGE ( 'NONE', *, *, #1713, .F. ) ;
#2283 = ORIENTED_EDGE ( 'NONE', *, *, #1734, .F. ) ;
#2284 = ORIENTED_EDGE ( 'NONE', *, *, #1711, .T. ) ;
#2285 = ORIENTED_EDGE ( 'NONE', *, *, #893, .T. ) ;
#2286 = ORIENTED_EDGE ( 'NONE', *, *, #1711, .F. ) ;
#2287 = ORIENTED_EDGE ( 'NONE', *, *, #1746, .F. ) ;
#2288 = ORIENTED_EDGE ( 'NONE', *, *, #1718, .T. ) ;
#2289 = ORIENTED_EDGE ( 'NONE', *, *, #1740, .T. ) ;
#2290 = ORIENTED_EDGE ( 'NONE', *, *, #1746, .T. ) ;
#2291 = ORIENTED_EDGE ( 'NONE', *, *, #1734, .T. ) ;
#2292 = ORIENTED_EDGE ( 'NONE', *, *, #1712, .T. ) ;
#2293 = ORIENTED_EDGE ( 'NONE', *, *, #1714, .T. ) ;
#2294 = ORIENTED_EDGE ( 'NONE', *, *, #1717, .T. ) ;
#2295 = ORIENTED_EDGE ( 'NONE', *, *, #1720, .T. ) ;
#2296 = ORIENTED_EDGE ( 'NONE', *, *, #1663, .T. ) ;
#2297 = ORIENTED_EDGE ( 'NONE', *, *, #1722, .F. ) ;
#2298 = ORIENTED_EDGE ( 'NONE', *, *, #1735, .F. ) ;
#2299 = ORIENTED_EDGE ( 'NONE', *, *, #1723, .T. ) ;
#2300 = ORIENTED_EDGE ( 'NONE', *, *, #1658, .T. ) ;
#2301 = DIRECTION ( 'NONE',  ( 1.000000000000000000, -0.0000000000000000000, -0.0000000000000000000 ) ) ;
#2302 = CARTESIAN_POINT ( 'NONE',  ( 8.499999999999998200, -10.40000000000000000, 7.699999999999998400 ) ) ;
#2303 = CARTESIAN_POINT ( 'NONE',  ( -9.599999999999999600, -9.799999999999998900, 4.249999999999999100 ) ) ;
#2304 = DIRECTION ( 'NONE',  ( -0.0000000000000000000, 1.000000000000000000, -0.0000000000000000000 ) ) ;
#2305 = CARTESIAN_POINT ( 'NONE',  ( 7.000000000000000000, -10.40000000000000000, 6.499999999999999100 ) ) ;
#2306 = CARTESIAN_POINT ( 'NONE',  ( -9.599999999999999600, -9.799999999999998900, 3.749999999999999600 ) ) ;
#2307 = DIRECTION ( 'NONE',  ( 0.0000000000000000000, 1.000000000000000000, 0.0000000000000000000 ) ) ;
#2308 = DIRECTION ( 'NONE',  ( 0.0000000000000000000, 0.0000000000000000000, 1.000000000000000000 ) ) ;
#2309 = CARTESIAN_POINT ( 'NONE',  ( 10.49999999999999800, -10.40000000000000000, -1.700000000000000200 ) ) ;
#2310 = DIRECTION ( 'NONE',  ( 0.0000000000000000000, 1.000000000000000000, 0.0000000000000000000 ) ) ;
#2311 = DIRECTION ( 'NONE',  ( -0.0000000000000000000, 1.000000000000000000, -0.0000000000000000000 ) ) ;
#2312 = DIRECTION ( 'NONE',  ( 0.0000000000000000000, 0.0000000000000000000, -1.000000000000000000 ) ) ;
#2313 = CARTESIAN_POINT ( 'NONE',  ( 3.000000000000000000, -10.40000000000000000, 9.699999999999999300 ) ) ;
#2314 = DIRECTION ( 'NONE',  ( -0.0000000000000000000, -0.0000000000000000000, 1.000000000000000000 ) ) ;
#2315 = CARTESIAN_POINT ( 'NONE',  ( 2.500000000000000000, -6.700000000000004600, 0.0000000000000000000 ) ) ;
#2316 = DIRECTION ( 'NONE',  ( 0.7071067811865440200, -0.7071067811865511300, 0.0000000000000000000 ) ) ;
#2317 = CARTESIAN_POINT ( 'NONE',  ( -0.4000000000000000800, -0.5999999999999999800, 0.0000000000000000000 ) ) ;
#2318 = DIRECTION ( 'NONE',  ( 1.000000000000000000, 0.0000000000000000000, 0.0000000000000000000 ) ) ;
#2319 = CARTESIAN_POINT ( 'NONE',  ( -9.599999999999999600, -9.799999999999998900, 1.749999999999999300 ) ) ;
#2320 = DIRECTION ( 'NONE',  ( 1.000000000000000000, -0.0000000000000000000, -0.0000000000000000000 ) ) ;
#2321 = CARTESIAN_POINT ( 'NONE',  ( 2.500000000000000000, -7.400000000000003000, 1.527168887464387000E-015 ) ) ;
#2322 = DIRECTION ( 'NONE',  ( -0.0000000000000000000, 1.000000000000000000, -2.891205793294678800E-016 ) ) ;
#2323 = CARTESIAN_POINT ( 'NONE',  ( 3.000000000000000000, -7.400000000000003000, 2.891205793294678800E-016 ) ) ;
#2324 = DIRECTION ( 'NONE',  ( -0.0000000000000000000, -2.891205793294679800E-016, -1.000000000000000000 ) ) ;
#2325 = CARTESIAN_POINT ( 'NONE',  ( -9.599999999999999600, -10.30000000000000100, 1.749999999999999300 ) ) ;
#2326 = DIRECTION ( 'NONE',  ( 1.000000000000000000, -0.0000000000000000000, -0.0000000000000000000 ) ) ;
#2327 = CARTESIAN_POINT ( 'NONE',  ( 3.000000000000000000, -7.400000000000003000, 2.891205793294678800E-016 ) ) ;
#2328 = DIRECTION ( 'NONE',  ( -1.000000000000000000, 0.0000000000000000000, 2.476096616269838000E-015 ) ) ;
#2329 = CARTESIAN_POINT ( 'NONE',  ( -9.599999999999999600, -10.30000000000000100, 3.749999999999999600 ) ) ;
#2330 = DIRECTION ( 'NONE',  ( 0.0000000000000000000, 0.0000000000000000000, 1.000000000000000000 ) ) ;
#2331 = CARTESIAN_POINT ( 'NONE',  ( -3.000000000000000000, -7.400000000000003000, 2.891205793294678800E-016 ) ) ;
#2332 = DIRECTION ( 'NONE',  ( -1.000000000000000000, -0.0000000000000000000, -3.700743415417191100E-015 ) ) ;
#2333 = CARTESIAN_POINT ( 'NONE',  ( -9.440000000000001300, -7.450000000000000200, 3.799999999999998900 ) ) ;
#2334 = DIRECTION ( 'NONE',  ( -0.0000000000000000000, -1.000000000000000000, -0.0000000000000000000 ) ) ;
#2335 = CARTESIAN_POINT ( 'NONE',  ( -0.4000000000000000200, 0.5999999999999999800, 0.0000000000000000000 ) ) ;
#2336 = DIRECTION ( 'NONE',  ( -1.000000000000000000, -0.0000000000000000000, -0.0000000000000000000 ) ) ;
#2337 = CARTESIAN_POINT ( 'NONE',  ( -10.90000000000000000, -11.44999999999999900, -8.673617379884035500E-016 ) ) ;
#2338 = CARTESIAN_POINT ( 'NONE',  ( -0.4000000000000000200, 0.5999999999999999800, 0.0000000000000000000 ) ) ;
#2339 = DIRECTION ( 'NONE',  ( -4.517509052022935300E-017, -1.000000000000000000, 0.0000000000000000000 ) ) ;
#2340 = CARTESIAN_POINT ( 'NONE',  ( -5.999999999999998200, -8.050000000000000700, 5.450000000000000200 ) ) ;
#2341 = DIRECTION ( 'NONE',  ( 1.000000000000000000, -0.0000000000000000000, -0.0000000000000000000 ) ) ;
#2342 = CARTESIAN_POINT ( 'NONE',  ( -10.90000000000000000, -11.44999999999999800, 5.999999999999999100 ) ) ;
#2343 = CARTESIAN_POINT ( 'NONE',  ( -12.19999999999999900, -11.44999999999999900, -1.200000000000000800 ) ) ;
#2344 = DIRECTION ( 'NONE',  ( 0.0000000000000000000, 2.065146995210484700E-016, 1.000000000000000000 ) ) ;
#2345 = PLANE ( 'NONE',  #3184 ) ;
#2346 = PLANE ( 'NONE',  #3186 ) ;
#2347 = CARTESIAN_POINT ( 'NONE',  ( -3.000000000000000000, 2.000000000000001800, 0.0000000000000000000 ) ) ;
#2348 = PLANE ( 'NONE',  #3185 ) ;
#2349 = DIRECTION ( 'NONE',  ( 0.0000000000000000000, -1.000000000000000000, 0.0000000000000000000 ) ) ;
#2350 = DIRECTION ( 'NONE',  ( 0.0000000000000000000, -0.0000000000000000000, -1.000000000000000000 ) ) ;
#2351 = DIRECTION ( 'NONE',  ( -0.0000000000000000000, 1.000000000000000000, -0.0000000000000000000 ) ) ;
#2352 = DIRECTION ( 'NONE',  ( 0.0000000000000000000, 0.0000000000000000000, 1.000000000000000000 ) ) ;
#2353 = DIRECTION ( 'NONE',  ( 1.000000000000000000, 0.0000000000000000000, -0.0000000000000000000 ) ) ;
#2354 = DIRECTION ( 'NONE',  ( -0.0000000000000000000, 0.0000000000000000000, -1.000000000000000000 ) ) ;
#2355 = CARTESIAN_POINT ( 'NONE',  ( -6.399999999999999500, -11.44999999999999900, -1.200000000000000800 ) ) ;
#2356 = CARTESIAN_POINT ( 'NONE',  ( 7.000000000000000000, -17.84974746830583200, 6.499999999999999100 ) ) ;
#2357 = DIRECTION ( 'NONE',  ( -1.000000000000000000, -0.0000000000000000000, 0.0000000000000000000 ) ) ;
#2358 = DIRECTION ( 'NONE',  ( 0.0000000000000000000, 0.0000000000000000000, 1.000000000000000000 ) ) ;
#2359 = DIRECTION ( 'NONE',  ( 0.0000000000000000000, 0.0000000000000000000, 1.000000000000000000 ) ) ;
#2360 = CARTESIAN_POINT ( 'NONE',  ( -10.90000000000000000, -11.44999999999999900, 5.999999999999999100 ) ) ;
#2361 = DIRECTION ( 'NONE',  ( -0.0000000000000000000, 1.000000000000000000, -0.0000000000000000000 ) ) ;
#2362 = CARTESIAN_POINT ( 'NONE',  ( 6.999999999999999100, -17.84974746830583200, -0.5000000000000013300 ) ) ;
#2363 = CARTESIAN_POINT ( 'NONE',  ( -10.40000000000000000, -10.39999999999999900, 7.999999999999998200 ) ) ;
#2364 = PLANE ( 'NONE',  #3189 ) ;
#2365 = CARTESIAN_POINT ( 'NONE',  ( -10.90000000000000000, -12.25000000000000000, -8.673617379884035500E-016 ) ) ;
#2366 = PLANE ( 'NONE',  #3190 ) ;
#2367 = DIRECTION ( 'NONE',  ( -0.0000000000000000000, 0.0000000000000000000, 1.000000000000000000 ) ) ;
#2368 = DIRECTION ( 'NONE',  ( 1.000000000000000000, 0.0000000000000000000, 0.0000000000000000000 ) ) ;
#2369 = CARTESIAN_POINT ( 'NONE',  ( -10.40000000000000000, -6.949999999999998400, -2.000000000000001800 ) ) ;
#2370 = CARTESIAN_POINT ( 'NONE',  ( -10.40000000000000000, -6.949999999999999300, 0.5499999999999983800 ) ) ;
#2371 = DIRECTION ( 'NONE',  ( 0.0000000000000000000, -1.000000000000000000, 0.0000000000000000000 ) ) ;
#2372 = DIRECTION ( 'NONE',  ( 0.0000000000000000000, -0.0000000000000000000, -1.000000000000000000 ) ) ;
#2373 = CARTESIAN_POINT ( 'NONE',  ( -9.440000000000001300, -7.450000000000000200, 2.199999999999999300 ) ) ;
#2374 = CARTESIAN_POINT ( 'NONE',  ( -10.39999999999999900, -6.949999999999999300, 0.1999999999999994000 ) ) ;
#2375 = CARTESIAN_POINT ( 'NONE',  ( -5.999999999999999100, -6.949999999999999300, 0.1999999999999987900 ) ) ;
#2376 = DIRECTION ( 'NONE',  ( 0.0000000000000000000, -1.000000000000000000, 2.065146995210484700E-016 ) ) ;
#2377 = DIRECTION ( 'NONE',  ( 0.0000000000000000000, -2.065146995210484700E-016, -1.000000000000000000 ) ) ;
#2378 = CARTESIAN_POINT ( 'NONE',  ( -0.4000000000000000200, 0.6000000000000016400, 5.999999999999999100 ) ) ;
#2379 = PLANE ( 'NONE',  #2571 ) ;
#2380 = DIRECTION ( 'NONE',  ( 0.0000000000000000000, 0.0000000000000000000, -1.000000000000000000 ) ) ;
#2381 = DIRECTION ( 'NONE',  ( -1.000000000000000000, 0.0000000000000000000, -0.0000000000000000000 ) ) ;
#2382 = CARTESIAN_POINT ( 'NONE',  ( 0.4000000000000000200, 0.6000000000000016400, 5.999999999999999100 ) ) ;
#2383 = PLANE ( 'NONE',  #2572 ) ;
#2384 = CARTESIAN_POINT ( 'NONE',  ( -0.4000000000000000200, 0.6000000000000016400, 5.999999999999999100 ) ) ;
#2385 = DIRECTION ( 'NONE',  ( -1.000000000000000000, 4.517509052022935300E-017, 0.0000000000000000000 ) ) ;
#2386 = DIRECTION ( 'NONE',  ( -4.517509052022935300E-017, -1.000000000000000000, 0.0000000000000000000 ) ) ;
#2387 = CARTESIAN_POINT ( 'NONE',  ( -0.4000000000000000800, -0.5999999999999982000, 5.999999999999999100 ) ) ;
#2388 = PLANE ( 'NONE',  #2573 ) ;
#2389 = DIRECTION ( 'NONE',  ( -0.0000000000000000000, 1.000000000000000000, 0.0000000000000000000 ) ) ;
#2390 = DIRECTION ( 'NONE',  ( 0.0000000000000000000, -0.0000000000000000000, 1.000000000000000000 ) ) ;
#2391 = CARTESIAN_POINT ( 'NONE',  ( -0.4000000000000000800, -0.5999999999999982000, 6.099999999999999600 ) ) ;
#2392 = PLANE ( 'NONE',  #2574 ) ;
#2393 = DIRECTION ( 'NONE',  ( 1.000000000000000000, 4.517509052022935300E-017, 0.0000000000000000000 ) ) ;
#2394 = DIRECTION ( 'NONE',  ( -4.517509052022935300E-017, 1.000000000000000000, 0.0000000000000000000 ) ) ;
#2395 = CARTESIAN_POINT ( 'NONE',  ( -0.5999999999999997600, 1.949999999999999300, -2.199999999999999700 ) ) ;
#2396 = PLANE ( 'NONE',  #2575 ) ;
#2397 = DIRECTION ( 'NONE',  ( 0.0000000000000000000, -1.000000000000000000, 0.0000000000000000000 ) ) ;
#2398 = DIRECTION ( 'NONE',  ( 0.0000000000000000000, -0.0000000000000000000, -1.000000000000000000 ) ) ;
#2399 = CARTESIAN_POINT ( 'NONE',  ( -0.3999999999999998600, 1.949999999999999300, -2.199999999999999700 ) ) ;
#2400 = PLANE ( 'NONE',  #2576 ) ;
#2401 = DIRECTION ( 'NONE',  ( -0.0000000000000000000, 0.0000000000000000000, 1.000000000000000000 ) ) ;
#2402 = DIRECTION ( 'NONE',  ( 1.000000000000000000, 0.0000000000000000000, 0.0000000000000000000 ) ) ;
#2403 = CARTESIAN_POINT ( 'NONE',  ( -0.3999999999999999100, 1.949999999999999300, -2.600000000000000100 ) ) ;
#2404 = PLANE ( 'NONE',  #2577 ) ;
#2405 = DIRECTION ( 'NONE',  ( -0.8944271909999158600, 0.0000000000000000000, 0.4472135954999581500 ) ) ;
#2406 = DIRECTION ( 'NONE',  ( 0.4472135954999580900, 0.0000000000000000000, 0.8944271909999157400 ) ) ;
#2407 = CARTESIAN_POINT ( 'NONE',  ( 0.4000000000000001300, 1.949999999999999300, -2.600000000000000100 ) ) ;
#2408 = PLANE ( 'NONE',  #2578 ) ;
#2409 = DIRECTION ( 'NONE',  ( -0.0000000000000000000, 0.0000000000000000000, -1.000000000000000000 ) ) ;
#2410 = DIRECTION ( 'NONE',  ( -1.000000000000000000, 0.0000000000000000000, 0.0000000000000000000 ) ) ;
#2411 = CARTESIAN_POINT ( 'NONE',  ( 0.4000000000000001900, 1.949999999999999300, -2.199999999999999700 ) ) ;
#2412 = PLANE ( 'NONE',  #2579 ) ;
#2413 = DIRECTION ( 'NONE',  ( -1.000000000000000000, 0.0000000000000000000, 1.355252715606880000E-016 ) ) ;
#2414 = DIRECTION ( 'NONE',  ( 1.355252715606880000E-016, 0.0000000000000000000, 1.000000000000000000 ) ) ;
#2415 = CARTESIAN_POINT ( 'NONE',  ( 0.6000000000000002000, 1.949999999999999300, -2.199999999999999700 ) ) ;
#2416 = PLANE ( 'NONE',  #2580 ) ;
#2417 = DIRECTION ( 'NONE',  ( -0.0000000000000000000, 0.0000000000000000000, -1.000000000000000000 ) ) ;
#2418 = DIRECTION ( 'NONE',  ( -1.000000000000000000, 0.0000000000000000000, 0.0000000000000000000 ) ) ;
#2419 = CARTESIAN_POINT ( 'NONE',  ( 4.336808689942017700E-016, 1.949999999999999300, -1.000000000000000000 ) ) ;
#2420 = PLANE ( 'NONE',  #2581 ) ;
#2421 = DIRECTION ( 'NONE',  ( 1.000000000000000000, 0.0000000000000000000, -1.355252715606880000E-016 ) ) ;
#2422 = DIRECTION ( 'NONE',  ( -1.355252715606880000E-016, 0.0000000000000000000, -1.000000000000000000 ) ) ;
#2423 = CARTESIAN_POINT ( 'NONE',  ( -0.5999999999999990900, 1.949999999999999300, -2.199999999999999700 ) ) ;
#2424 = PLANE ( 'NONE',  #2582 ) ;
#2425 = DIRECTION ( 'NONE',  ( -0.0000000000000000000, 0.0000000000000000000, -1.000000000000000000 ) ) ;
#2426 = DIRECTION ( 'NONE',  ( -1.000000000000000000, 0.0000000000000000000, 0.0000000000000000000 ) ) ;
#2427 = CARTESIAN_POINT ( 'NONE',  ( -0.5999999999999997600, 1.949999999999999300, 7.399999999999999500 ) ) ;
#2428 = PLANE ( 'NONE',  #2583 ) ;
#2429 = DIRECTION ( 'NONE',  ( 0.8944271909999159700, 0.0000000000000000000, 0.4472135954999578200 ) ) ;
#2430 = DIRECTION ( 'NONE',  ( 0.4472135954999578200, 0.0000000000000000000, -0.8944271909999159700 ) ) ;
#2431 = CARTESIAN_POINT ( 'NONE',  ( -0.3999999999999998600, 1.949999999999999300, 7.399999999999999500 ) ) ;
#2432 = PLANE ( 'NONE',  #2584 ) ;
#2433 = DIRECTION ( 'NONE',  ( 0.0000000000000000000, -1.000000000000000000, 0.0000000000000000000 ) ) ;
#2434 = DIRECTION ( 'NONE',  ( 0.0000000000000000000, -0.0000000000000000000, -1.000000000000000000 ) ) ;
#2435 = CARTESIAN_POINT ( 'NONE',  ( -0.3999999999999999100, 1.949999999999999300, 6.999999999999999100 ) ) ;
#2436 = PLANE ( 'NONE',  #2585 ) ;
#2437 = DIRECTION ( 'NONE',  ( -0.8944271909999158600, 0.0000000000000000000, 0.4472135954999581500 ) ) ;
#2438 = DIRECTION ( 'NONE',  ( 0.4472135954999580900, 0.0000000000000000000, 0.8944271909999157400 ) ) ;
#2439 = CARTESIAN_POINT ( 'NONE',  ( 0.4000000000000001300, 1.949999999999999300, 6.999999999999999100 ) ) ;
#2440 = PLANE ( 'NONE',  #2586 ) ;
#2441 = DIRECTION ( 'NONE',  ( -0.0000000000000000000, 0.0000000000000000000, -1.000000000000000000 ) ) ;
#2442 = DIRECTION ( 'NONE',  ( -1.000000000000000000, 0.0000000000000000000, 0.0000000000000000000 ) ) ;
#2443 = CARTESIAN_POINT ( 'NONE',  ( 0.4000000000000001900, 1.949999999999999300, 7.399999999999999500 ) ) ;
#2444 = PLANE ( 'NONE',  #2587 ) ;
#2445 = DIRECTION ( 'NONE',  ( -1.000000000000000000, 0.0000000000000000000, 1.355252715606880000E-016 ) ) ;
#2446 = DIRECTION ( 'NONE',  ( 1.355252715606880000E-016, 0.0000000000000000000, 1.000000000000000000 ) ) ;
#2447 = CARTESIAN_POINT ( 'NONE',  ( 0.6000000000000002000, 1.949999999999999300, 7.399999999999999500 ) ) ;
#2448 = PLANE ( 'NONE',  #2588 ) ;
#2449 = DIRECTION ( 'NONE',  ( -0.0000000000000000000, 0.0000000000000000000, -1.000000000000000000 ) ) ;
#2450 = DIRECTION ( 'NONE',  ( -1.000000000000000000, 0.0000000000000000000, 0.0000000000000000000 ) ) ;
#2451 = CARTESIAN_POINT ( 'NONE',  ( 4.336808689942017700E-016, 1.949999999999999300, 8.599999999999999600 ) ) ;
#2452 = PLANE ( 'NONE',  #2589 ) ;
#2453 = DIRECTION ( 'NONE',  ( 1.000000000000000000, 0.0000000000000000000, -1.355252715606880000E-016 ) ) ;
#2454 = DIRECTION ( 'NONE',  ( -1.355252715606880000E-016, 0.0000000000000000000, -1.000000000000000000 ) ) ;
#2455 = CARTESIAN_POINT ( 'NONE',  ( -0.5999999999999990900, 1.949999999999999300, 7.399999999999999500 ) ) ;
#2456 = PLANE ( 'NONE',  #2590 ) ;
#2457 = DIRECTION ( 'NONE',  ( -0.0000000000000000000, 0.0000000000000000000, -1.000000000000000000 ) ) ;
#2458 = DIRECTION ( 'NONE',  ( -1.000000000000000000, 0.0000000000000000000, 0.0000000000000000000 ) ) ;
#2459 = CARTESIAN_POINT ( 'NONE',  ( -3.000000000000000000, -7.400000000000003000, 2.891205793294678800E-016 ) ) ;
#2460 = PLANE ( 'NONE',  #2591 ) ;
#2461 = DIRECTION ( 'NONE',  ( 0.8944271909999159700, 0.0000000000000000000, 0.4472135954999578200 ) ) ;
#2462 = DIRECTION ( 'NONE',  ( 0.4472135954999578200, 0.0000000000000000000, -0.8944271909999159700 ) ) ;
#2463 = CARTESIAN_POINT ( 'NONE',  ( -2.500000000000000000, -7.400000000000003000, 2.139492287038063500E-015 ) ) ;
#2464 = PLANE ( 'NONE',  #2592 ) ;
#2465 = DIRECTION ( 'NONE',  ( 0.0000000000000000000, -1.000000000000000000, 0.0000000000000000000 ) ) ;
#2466 = DIRECTION ( 'NONE',  ( 0.0000000000000000000, -0.0000000000000000000, -1.000000000000000000 ) ) ;
#2467 = CARTESIAN_POINT ( 'NONE',  ( -3.000000000000000000, -7.400000000000001200, 6.000000000000000900 ) ) ;
#2468 = PLANE ( 'NONE',  #2593 ) ;
#2469 = DIRECTION ( 'NONE',  ( -1.000000000000000000, 0.0000000000000000000, 0.0000000000000000000 ) ) ;
#2470 = DIRECTION ( 'NONE',  ( 0.0000000000000000000, 0.0000000000000000000, 1.000000000000000000 ) ) ;
#2471 = CARTESIAN_POINT ( 'NONE',  ( -6.399999999999999500, -8.749999999999998200, -1.200000000000000600 ) ) ;
#2472 = PLANE ( 'NONE',  #2594 ) ;
#2473 = DIRECTION ( 'NONE',  ( 1.000000000000000000, -4.179535469590356600E-032, -1.445602896647339400E-016 ) ) ;
#2474 = DIRECTION ( 'NONE',  ( -1.445602896647339400E-016, 0.0000000000000000000, -1.000000000000000000 ) ) ;
#2475 = CARTESIAN_POINT ( 'NONE',  ( -12.19999999999999900, -6.899999999999999500, 9.700000000000001100 ) ) ;
#2476 = PLANE ( 'NONE',  #2595 ) ;
#2477 = DIRECTION ( 'NONE',  ( 0.0000000000000000000, 1.000000000000000000, -2.891205793294678300E-016 ) ) ;
#2478 = DIRECTION ( 'NONE',  ( 0.0000000000000000000, 2.891205793294678300E-016, 1.000000000000000000 ) ) ;
#2479 = CARTESIAN_POINT ( 'NONE',  ( -3.000000000000000000, 2.000000000000001800, 0.0000000000000000000 ) ) ;
#2480 = PLANE ( 'NONE',  #2596 ) ;
#2481 = DIRECTION ( 'NONE',  ( 0.0000000000000000000, 1.000000000000000000, -2.065146995210484400E-016 ) ) ;
#2482 = DIRECTION ( 'NONE',  ( 0.0000000000000000000, 2.065146995210484400E-016, 1.000000000000000000 ) ) ;
#2483 = PLANE ( 'NONE',  #2601 ) ;
#2484 = PLANE ( 'NONE',  #2597 ) ;
#2485 = DIRECTION ( 'NONE',  ( 0.0000000000000000000, -1.000000000000000000, -0.0000000000000000000 ) ) ;
#2486 = DIRECTION ( 'NONE',  ( 0.0000000000000000000, 0.0000000000000000000, -1.000000000000000000 ) ) ;
#2487 = PLANE ( 'NONE',  #2598 ) ;
#2488 = CARTESIAN_POINT ( 'NONE',  ( -3.000000000000000000, 2.000000000000000000, -3.700000000000000200 ) ) ;
#2489 = DIRECTION ( 'NONE',  ( 1.000000000000000000, 0.0000000000000000000, -0.0000000000000000000 ) ) ;
#2490 = DIRECTION ( 'NONE',  ( -0.0000000000000000000, 0.0000000000000000000, -1.000000000000000000 ) ) ;
#2491 = PLANE ( 'NONE',  #2599 ) ;
#2492 = CARTESIAN_POINT ( 'NONE',  ( -3.000000000000000000, -12.90000000000000000, -3.700000000000000200 ) ) ;
#2493 = DIRECTION ( 'NONE',  ( 0.0000000000000000000, 1.000000000000000000, -4.688441826964343300E-016 ) ) ;
#2494 = DIRECTION ( 'NONE',  ( 0.0000000000000000000, 4.688441826964343300E-016, 1.000000000000000000 ) ) ;
#2495 = CARTESIAN_POINT ( 'NONE',  ( -3.000000000000000000, -12.90000000000000000, 9.699999999999999300 ) ) ;
#2496 = PLANE ( 'NONE',  #2603 ) ;
#2497 = DIRECTION ( 'NONE',  ( 0.0000000000000000000, 0.0000000000000000000, -1.000000000000000000 ) ) ;
#2498 = DIRECTION ( 'NONE',  ( -1.000000000000000000, 0.0000000000000000000, -0.0000000000000000000 ) ) ;
#2499 = CARTESIAN_POINT ( 'NONE',  ( -3.000000000000000000, 1.999999999999999100, 9.700000000000001100 ) ) ;
#2500 = PLANE ( 'NONE',  #2600 ) ;
#2501 = DIRECTION ( 'NONE',  ( 0.0000000000000000000, -1.000000000000000000, 0.0000000000000000000 ) ) ;
#2502 = DIRECTION ( 'NONE',  ( 0.0000000000000000000, -0.0000000000000000000, -1.000000000000000000 ) ) ;
#2503 = PLANE ( 'NONE',  #2602 ) ;
#2504 = CARTESIAN_POINT ( 'NONE',  ( -3.000000000000000000, 1.999999999999999100, 5.999999999999998200 ) ) ;
#2505 = DIRECTION ( 'NONE',  ( 0.0000000000000000000, -1.164243943608595400E-016, 1.000000000000000000 ) ) ;
#2506 = DIRECTION ( 'NONE',  ( 0.0000000000000000000, -1.000000000000000000, -1.164243943608595400E-016 ) ) ;
#2507 = CARTESIAN_POINT ( 'NONE',  ( -3.000000000000000000, -6.400000000000001200, 5.999999999999998200 ) ) ;
#2508 = CARTESIAN_POINT ( 'NONE',  ( -5.999999999999998200, -6.949999999999999300, 5.799999999999999800 ) ) ;
#2509 = DIRECTION ( 'NONE',  ( 0.0000000000000000000, 1.000000000000000000, 0.0000000000000000000 ) ) ;
#2510 = DIRECTION ( 'NONE',  ( 0.0000000000000000000, -0.0000000000000000000, 1.000000000000000000 ) ) ;
#2511 = PLANE ( 'NONE',  #2604 ) ;
#2512 = CARTESIAN_POINT ( 'NONE',  ( -3.000000000000000000, -6.400000000000003000, 0.0000000000000000000 ) ) ;
#2513 = DIRECTION ( 'NONE',  ( 0.0000000000000000000, 0.0000000000000000000, -1.000000000000000000 ) ) ;
#2514 = DIRECTION ( 'NONE',  ( -1.000000000000000000, 0.0000000000000000000, -0.0000000000000000000 ) ) ;
#2515 = CARTESIAN_POINT ( 'NONE',  ( -10.40000000000000000, -6.949999999999998400, -2.000000000000001800 ) ) ;
#2516 = PLANE ( 'NONE',  #2605 ) ;
#2517 = DIRECTION ( 'NONE',  ( 0.0000000000000000000, 1.000000000000000000, -2.891205793294678800E-016 ) ) ;
#2518 = DIRECTION ( 'NONE',  ( 0.0000000000000000000, 2.891205793294678800E-016, 1.000000000000000000 ) ) ;
#2519 = PLANE ( 'NONE',  #2606 ) ;
#2520 = DIRECTION ( 'NONE',  ( 0.0000000000000000000, -1.000000000000000000, 0.0000000000000000000 ) ) ;
#2521 = DIRECTION ( 'NONE',  ( 0.0000000000000000000, -0.0000000000000000000, -1.000000000000000000 ) ) ;
#2522 = DIRECTION ( 'NONE',  ( 0.0000000000000000000, 1.000000000000000000, -8.673617379884035500E-017 ) ) ;
#2523 = DIRECTION ( 'NONE',  ( 0.0000000000000000000, 8.673617379884035500E-017, 1.000000000000000000 ) ) ;
#2524 = CARTESIAN_POINT ( 'NONE',  ( -9.599999999999999600, -9.799999999999998900, 0.2499999999999993600 ) ) ;
#2525 = DIRECTION ( 'NONE',  ( -0.0000000000000000000, 1.000000000000000000, -3.252606517456510300E-016 ) ) ;
#2526 = CARTESIAN_POINT ( 'NONE',  ( -9.599999999999999600, -9.799999999999998900, -0.2500000000000006700 ) ) ;
#2527 = CARTESIAN_POINT ( 'NONE',  ( -9.599999999999999600, -9.799999999999998900, 1.749999999999999300 ) ) ;
#2528 = DIRECTION ( 'NONE',  ( -0.0000000000000000000, -0.0000000000000000000, -1.000000000000000000 ) ) ;
#2529 = CARTESIAN_POINT ( 'NONE',  ( -9.599999999999999600, -10.30000000000000100, -0.2500000000000007200 ) ) ;
#2530 = DIRECTION ( 'NONE',  ( 1.000000000000000000, -0.0000000000000000000, -0.0000000000000000000 ) ) ;
#2531 = CARTESIAN_POINT ( 'NONE',  ( 0.4000000000000000200, 0.5999999999999999800, 0.0000000000000000000 ) ) ;
#2532 = DIRECTION ( 'NONE',  ( -4.517509052022935300E-017, 1.000000000000000000, -0.0000000000000000000 ) ) ;
#2533 = CARTESIAN_POINT ( 'NONE',  ( -12.19999999999999900, -10.40000000000000000, -2.000000000000001300 ) ) ;
#2534 = DIRECTION ( 'NONE',  ( 0.0000000000000000000, 1.734723475976807100E-016, 1.000000000000000000 ) ) ;
#2535 = AXIS2_PLACEMENT_3D ( 'NONE', #2644, #2654, #2655 ) ;
#2536 = AXIS2_PLACEMENT_3D ( 'NONE', #2648, #2658, #2659 ) ;
#2537 = AXIS2_PLACEMENT_3D ( 'NONE', #2652, #2662, #2663 ) ;
#2538 = AXIS2_PLACEMENT_3D ( 'NONE', #2656, #2666, #2667 ) ;
#2539 = AXIS2_PLACEMENT_3D ( 'NONE', #2660, #2670, #2671 ) ;
#2540 = AXIS2_PLACEMENT_3D ( 'NONE', #2664, #2674, #2675 ) ;
#2541 = AXIS2_PLACEMENT_3D ( 'NONE', #2668, #2678, #2679 ) ;
#2542 = AXIS2_PLACEMENT_3D ( 'NONE', #2672, #2682, #2683 ) ;
#2543 = AXIS2_PLACEMENT_3D ( 'NONE', #2676, #2686, #2687 ) ;
#2544 = AXIS2_PLACEMENT_3D ( 'NONE', #2680, #2690, #2691 ) ;
#2545 = AXIS2_PLACEMENT_3D ( 'NONE', #2684, #2694, #2695 ) ;
#2546 = AXIS2_PLACEMENT_3D ( 'NONE', #2688, #2698, #2699 ) ;
#2547 = AXIS2_PLACEMENT_3D ( 'NONE', #2692, #2702, #2703 ) ;
#2548 = AXIS2_PLACEMENT_3D ( 'NONE', #2696, #2706, #2707 ) ;
#2549 = AXIS2_PLACEMENT_3D ( 'NONE', #2700, #2710, #2711 ) ;
#2550 = AXIS2_PLACEMENT_3D ( 'NONE', #2704, #2714, #2715 ) ;
#2551 = AXIS2_PLACEMENT_3D ( 'NONE', #2708, #2718, #2719 ) ;
#2552 = AXIS2_PLACEMENT_3D ( 'NONE', #2712, #2722, #2723 ) ;
#2553 = AXIS2_PLACEMENT_3D ( 'NONE', #2716, #2726, #2727 ) ;
#2554 = AXIS2_PLACEMENT_3D ( 'NONE', #2720, #2730, #2731 ) ;
#2555 = AXIS2_PLACEMENT_3D ( 'NONE', #2724, #2734, #2735 ) ;
#2556 = AXIS2_PLACEMENT_3D ( 'NONE', #2728, #2738, #2739 ) ;
#2557 = AXIS2_PLACEMENT_3D ( 'NONE', #2732, #2742, #2743 ) ;
#2558 = AXIS2_PLACEMENT_3D ( 'NONE', #2741, #2746, #2747 ) ;
#2559 = AXIS2_PLACEMENT_3D ( 'NONE', #2745, #2750, #2751 ) ;
#2560 = AXIS2_PLACEMENT_3D ( 'NONE', #2748, #2754, #2755 ) ;
#2561 = AXIS2_PLACEMENT_3D ( 'NONE', #2752, #2758, #2759 ) ;
#2562 = AXIS2_PLACEMENT_3D ( 'NONE', #2749, #2762, #2763 ) ;
#2563 = AXIS2_PLACEMENT_3D ( 'NONE', #2756, #2766, #2767 ) ;
#2564 = AXIS2_PLACEMENT_3D ( 'NONE', #2760, #2770, #2771 ) ;
#2565 = AXIS2_PLACEMENT_3D ( 'NONE', #2764, #2774, #2775 ) ;
#2566 = AXIS2_PLACEMENT_3D ( 'NONE', #2768, #2778, #2779 ) ;
#2567 = AXIS2_PLACEMENT_3D ( 'NONE', #2772, #2782, #2783 ) ;
#2568 = AXIS2_PLACEMENT_3D ( 'NONE', #2776, #2786, #2787 ) ;
#2569 = AXIS2_PLACEMENT_3D ( 'NONE', #2780, #2376, #2377 ) ;
#2570 = AXIS2_PLACEMENT_3D ( 'NONE', #2784, #2380, #2381 ) ;
#2571 = AXIS2_PLACEMENT_3D ( 'NONE', #2384, #2385, #2386 ) ;
#2572 = AXIS2_PLACEMENT_3D ( 'NONE', #2378, #2389, #2390 ) ;
#2573 = AXIS2_PLACEMENT_3D ( 'NONE', #2382, #2393, #2394 ) ;
#2574 = AXIS2_PLACEMENT_3D ( 'NONE', #2387, #2397, #2398 ) ;
#2575 = AXIS2_PLACEMENT_3D ( 'NONE', #2391, #2401, #2402 ) ;
#2576 = AXIS2_PLACEMENT_3D ( 'NONE', #2395, #2405, #2406 ) ;
#2577 = AXIS2_PLACEMENT_3D ( 'NONE', #2399, #2409, #2410 ) ;
#2578 = AXIS2_PLACEMENT_3D ( 'NONE', #2403, #2413, #2414 ) ;
#2579 = AXIS2_PLACEMENT_3D ( 'NONE', #2407, #2417, #2418 ) ;
#2580 = AXIS2_PLACEMENT_3D ( 'NONE', #2411, #2421, #2422 ) ;
#2581 = AXIS2_PLACEMENT_3D ( 'NONE', #2415, #2425, #2426 ) ;
#2582 = AXIS2_PLACEMENT_3D ( 'NONE', #2419, #2429, #2430 ) ;
#2583 = AXIS2_PLACEMENT_3D ( 'NONE', #2423, #2433, #2434 ) ;
#2584 = AXIS2_PLACEMENT_3D ( 'NONE', #2427, #2437, #2438 ) ;
#2585 = AXIS2_PLACEMENT_3D ( 'NONE', #2431, #2441, #2442 ) ;
#2586 = AXIS2_PLACEMENT_3D ( 'NONE', #2435, #2445, #2446 ) ;
#2587 = AXIS2_PLACEMENT_3D ( 'NONE', #2439, #2449, #2450 ) ;
#2588 = AXIS2_PLACEMENT_3D ( 'NONE', #2443, #2453, #2454 ) ;
#2589 = AXIS2_PLACEMENT_3D ( 'NONE', #2447, #2457, #2458 ) ;
#2590 = AXIS2_PLACEMENT_3D ( 'NONE', #2451, #2461, #2462 ) ;
#2591 = AXIS2_PLACEMENT_3D ( 'NONE', #2455, #2465, #2466 ) ;
#2592 = AXIS2_PLACEMENT_3D ( 'NONE', #2459, #2469, #2470 ) ;
#2593 = AXIS2_PLACEMENT_3D ( 'NONE', #2463, #2473, #2474 ) ;
#2594 = AXIS2_PLACEMENT_3D ( 'NONE', #2467, #2477, #2478 ) ;
#2595 = AXIS2_PLACEMENT_3D ( 'NONE', #2471, #2481, #2482 ) ;
#2596 = AXIS2_PLACEMENT_3D ( 'NONE', #2475, #2485, #2486 ) ;
#2597 = AXIS2_PLACEMENT_3D ( 'NONE', #2479, #2489, #2490 ) ;
#2598 = AXIS2_PLACEMENT_3D ( 'NONE', #2488, #2493, #2494 ) ;
#2599 = AXIS2_PLACEMENT_3D ( 'NONE', #2492, #2497, #2498 ) ;
#2600 = AXIS2_PLACEMENT_3D ( 'NONE', #2495, #2501, #2502 ) ;
#2601 = AXIS2_PLACEMENT_3D ( 'NONE', #2499, #2505, #2506 ) ;
#2602 = AXIS2_PLACEMENT_3D ( 'NONE', #2504, #2509, #2510 ) ;
#2603 = AXIS2_PLACEMENT_3D ( 'NONE', #2507, #2513, #2514 ) ;
#2604 = AXIS2_PLACEMENT_3D ( 'NONE', #2512, #2517, #2518 ) ;
#2605 = AXIS2_PLACEMENT_3D ( 'NONE', #2508, #2520, #2521 ) ;
#2606 = AXIS2_PLACEMENT_3D ( 'NONE', #2515, #2522, #2523 ) ;
#2607 = AXIS2_PLACEMENT_3D ( 'NONE', #1595, #1563, #1596 ) ;
#2608 = AXIS2_PLACEMENT_3D ( 'NONE', #1539, #1566, #1567 ) ;
#2609 = CC_DESIGN_PERSON_AND_ORGANIZATION_ASSIGNMENT ( #1918, #1600, ( #3308 ) ) ;
#2610 = PRODUCT_DEFINITION ( 'UNKNOWN', '', #2615, #1197 ) ;
#2611 = APPROVAL ( #1603, 'UNSPECIFIED' ) ;
#2612 = CC_DESIGN_APPROVAL ( #2611, ( #2610 ) ) ;
#2613 = CC_DESIGN_PERSON_AND_ORGANIZATION_ASSIGNMENT ( #1926, #1605, ( #2610 ) ) ;
#2614 = CC_DESIGN_DATE_AND_TIME_ASSIGNMENT ( #1930, #1606, ( #2610 ) ) ;
#2615 = PRODUCT_DEFINITION_FORMATION_WITH_SPECIFIED_SOURCE ( 'ANY', '', #3308, .NOT_KNOWN. ) ;
#2616 = APPROVAL ( #1607, 'UNSPECIFIED' ) ;
#2617 = CC_DESIGN_APPROVAL ( #2616, ( #2615 ) ) ;
#2618 = CC_DESIGN_PERSON_AND_ORGANIZATION_ASSIGNMENT ( #1938, #1609, ( #2615 ) ) ;
#2619 = CC_DESIGN_PERSON_AND_ORGANIZATION_ASSIGNMENT ( #1939, #1610, ( #2615 ) ) ;
#2620 = SECURITY_CLASSIFICATION ( '', '', #1611 ) ;
#2621 = CC_DESIGN_PERSON_AND_ORGANIZATION_ASSIGNMENT ( #1940, #1612, ( #2620 ) ) ;
#2622 = CC_DESIGN_DATE_AND_TIME_ASSIGNMENT ( #1, #1613, ( #2620 ) ) ;
#2623 = APPROVAL ( #1614, 'UNSPECIFIED' ) ;
#2624 = CC_DESIGN_APPROVAL ( #2623, ( #2620 ) ) ;
#2625 = CC_DESIGN_SECURITY_CLASSIFICATION ( #2620, ( #2615 ) ) ;
#2626 = PRODUCT_RELATED_PRODUCT_CATEGORY ( 'detail', '', ( #3308 ) ) ;
#2627 = PLANE ( 'NONE',  #3212 ) ;
#2628 = CARTESIAN_POINT ( 'NONE',  ( -9.599999999999999600, -10.30000000000000100, -0.2500000000000007200 ) ) ;
#2629 = PLANE ( 'NONE',  #3213 ) ;
#2630 = CARTESIAN_POINT ( 'NONE',  ( -9.599999999999999600, -9.799999999999998900, -0.2500000000000006700 ) ) ;
#2631 = DIRECTION ( 'NONE',  ( 0.0000000000000000000, -1.084202172485503400E-016, 1.000000000000000000 ) ) ;
#2632 = DIRECTION ( 'NONE',  ( 0.0000000000000000000, -1.000000000000000000, -1.084202172485503400E-016 ) ) ;
#2633 = CARTESIAN_POINT ( 'NONE',  ( -9.599999999999999600, -9.799999999999998900, -0.2500000000000006700 ) ) ;
#2634 = DIRECTION ( 'NONE',  ( 0.0000000000000000000, 1.000000000000000000, -0.0000000000000000000 ) ) ;
#2635 = DIRECTION ( 'NONE',  ( 0.0000000000000000000, 0.0000000000000000000, 1.000000000000000000 ) ) ;
#2636 = CARTESIAN_POINT ( 'NONE',  ( -9.599999999999999600, -10.30000000000000100, -0.2500000000000007200 ) ) ;
#2637 = PLANE ( 'NONE',  #3215 ) ;
#2638 = DIRECTION ( 'NONE',  ( 0.0000000000000000000, -3.252606517456510800E-016, -1.000000000000000000 ) ) ;
#2639 = DIRECTION ( 'NONE',  ( 0.0000000000000000000, 1.000000000000000000, -3.252606517456510800E-016 ) ) ;
#2640 = CARTESIAN_POINT ( 'NONE',  ( -9.599999999999999600, -9.799999999999998900, 1.749999999999999300 ) ) ;
#2641 = PLANE ( 'NONE',  #904 ) ;
#2642 = DIRECTION ( 'NONE',  ( 0.0000000000000000000, -1.000000000000000000, 0.0000000000000000000 ) ) ;
#2643 = DIRECTION ( 'NONE',  ( 0.0000000000000000000, -0.0000000000000000000, -1.000000000000000000 ) ) ;
#2644 = CARTESIAN_POINT ( 'NONE',  ( -9.599999999999999600, -10.30000000000000100, 1.749999999999999300 ) ) ;
#2645 = PLANE ( 'NONE',  #891 ) ;
#2646 = DIRECTION ( 'NONE',  ( -1.000000000000000000, -0.0000000000000000000, 0.0000000000000000000 ) ) ;
#2647 = DIRECTION ( 'NONE',  ( 0.0000000000000000000, 0.0000000000000000000, 1.000000000000000000 ) ) ;
#2648 = CARTESIAN_POINT ( 'NONE',  ( -9.599999999999999600, -9.799999999999998900, 2.249999999999999600 ) ) ;
#2649 = PLANE ( 'NONE',  #2535 ) ;
#2650 = DIRECTION ( 'NONE',  ( 0.0000000000000000000, 0.0000000000000000000, 1.000000000000000000 ) ) ;
#2651 = DIRECTION ( 'NONE',  ( 1.000000000000000000, 0.0000000000000000000, -0.0000000000000000000 ) ) ;
#2652 = CARTESIAN_POINT ( 'NONE',  ( -9.599999999999999600, -9.799999999999998900, 1.749999999999999300 ) ) ;
#2653 = PLANE ( 'NONE',  #2536 ) ;
#2654 = DIRECTION ( 'NONE',  ( 0.0000000000000000000, 1.000000000000000000, -0.0000000000000000000 ) ) ;
#2655 = DIRECTION ( 'NONE',  ( 0.0000000000000000000, 0.0000000000000000000, 1.000000000000000000 ) ) ;
#2656 = CARTESIAN_POINT ( 'NONE',  ( -9.599999999999999600, -10.30000000000000100, 1.749999999999999300 ) ) ;
#2657 = PLANE ( 'NONE',  #2537 ) ;
#2658 = DIRECTION ( 'NONE',  ( -0.0000000000000000000, 0.0000000000000000000, -1.000000000000000000 ) ) ;
#2659 = DIRECTION ( 'NONE',  ( -1.000000000000000000, 0.0000000000000000000, 0.0000000000000000000 ) ) ;
#2660 = CARTESIAN_POINT ( 'NONE',  ( -9.599999999999999600, -9.799999999999998900, 3.749999999999999600 ) ) ;
#2661 = PLANE ( 'NONE',  #2538 ) ;
#2662 = DIRECTION ( 'NONE',  ( 0.0000000000000000000, -1.000000000000000000, 0.0000000000000000000 ) ) ;
#2663 = DIRECTION ( 'NONE',  ( 0.0000000000000000000, -0.0000000000000000000, -1.000000000000000000 ) ) ;
#2664 = CARTESIAN_POINT ( 'NONE',  ( -9.599999999999999600, -10.30000000000000100, 3.749999999999999600 ) ) ;
#2665 = PLANE ( 'NONE',  #2539 ) ;
#2666 = DIRECTION ( 'NONE',  ( -1.000000000000000000, 0.0000000000000000000, 0.0000000000000000000 ) ) ;
#2667 = DIRECTION ( 'NONE',  ( 0.0000000000000000000, 0.0000000000000000000, 1.000000000000000000 ) ) ;
#2668 = CARTESIAN_POINT ( 'NONE',  ( -9.599999999999999600, -9.799999999999998900, 4.249999999999999100 ) ) ;
#2669 = PLANE ( 'NONE',  #2540 ) ;
#2670 = DIRECTION ( 'NONE',  ( 0.0000000000000000000, 0.0000000000000000000, 1.000000000000000000 ) ) ;
#2671 = DIRECTION ( 'NONE',  ( 1.000000000000000000, 0.0000000000000000000, -0.0000000000000000000 ) ) ;
#2672 = CARTESIAN_POINT ( 'NONE',  ( -9.599999999999999600, -9.799999999999998900, 3.749999999999999600 ) ) ;
#2673 = PLANE ( 'NONE',  #2541 ) ;
#2674 = DIRECTION ( 'NONE',  ( 0.0000000000000000000, 1.000000000000000000, -0.0000000000000000000 ) ) ;
#2675 = DIRECTION ( 'NONE',  ( 0.0000000000000000000, 0.0000000000000000000, 1.000000000000000000 ) ) ;
#2676 = CARTESIAN_POINT ( 'NONE',  ( -9.599999999999999600, -10.30000000000000100, 3.749999999999999600 ) ) ;
#2677 = PLANE ( 'NONE',  #2542 ) ;
#2678 = DIRECTION ( 'NONE',  ( -0.0000000000000000000, 0.0000000000000000000, -1.000000000000000000 ) ) ;
#2679 = DIRECTION ( 'NONE',  ( -1.000000000000000000, 0.0000000000000000000, 0.0000000000000000000 ) ) ;
#2680 = CARTESIAN_POINT ( 'NONE',  ( -9.599999999999999600, -9.799999999999998900, 5.750000000000000000 ) ) ;
#2681 = PLANE ( 'NONE',  #2543 ) ;
#2682 = DIRECTION ( 'NONE',  ( 0.0000000000000000000, -1.000000000000000000, 0.0000000000000000000 ) ) ;
#2683 = DIRECTION ( 'NONE',  ( 0.0000000000000000000, -0.0000000000000000000, -1.000000000000000000 ) ) ;
#2684 = CARTESIAN_POINT ( 'NONE',  ( -9.599999999999999600, -10.30000000000000100, 5.749999999999999100 ) ) ;
#2685 = PLANE ( 'NONE',  #2544 ) ;
#2686 = DIRECTION ( 'NONE',  ( -1.000000000000000000, 0.0000000000000000000, 0.0000000000000000000 ) ) ;
#2687 = DIRECTION ( 'NONE',  ( 0.0000000000000000000, 0.0000000000000000000, 1.000000000000000000 ) ) ;
#2688 = CARTESIAN_POINT ( 'NONE',  ( -9.599999999999999600, -9.799999999999998900, 6.249999999999999100 ) ) ;
#2689 = PLANE ( 'NONE',  #2545 ) ;
#2690 = DIRECTION ( 'NONE',  ( 0.0000000000000000000, -1.734723475976805500E-015, 1.000000000000000000 ) ) ;
#2691 = DIRECTION ( 'NONE',  ( 0.0000000000000000000, -1.000000000000000000, -1.734723475976805500E-015 ) ) ;
#2692 = CARTESIAN_POINT ( 'NONE',  ( -9.599999999999999600, -9.799999999999998900, 5.750000000000000000 ) ) ;
#2693 = PLANE ( 'NONE',  #2546 ) ;
#2694 = DIRECTION ( 'NONE',  ( 0.0000000000000000000, 1.000000000000000000, -0.0000000000000000000 ) ) ;
#2695 = DIRECTION ( 'NONE',  ( 0.0000000000000000000, 0.0000000000000000000, 1.000000000000000000 ) ) ;
#2696 = CARTESIAN_POINT ( 'NONE',  ( -9.599999999999999600, -10.30000000000000100, 5.749999999999999100 ) ) ;
#2697 = PLANE ( 'NONE',  #2547 ) ;
#2698 = DIRECTION ( 'NONE',  ( -0.0000000000000000000, 0.0000000000000000000, -1.000000000000000000 ) ) ;
#2699 = DIRECTION ( 'NONE',  ( -1.000000000000000000, 0.0000000000000000000, 0.0000000000000000000 ) ) ;
#2700 = CARTESIAN_POINT ( 'NONE',  ( -0.4000000000000000200, 0.5999999999999999800, -0.1000000000000000100 ) ) ;
#2701 = PLANE ( 'NONE',  #2548 ) ;
#2702 = DIRECTION ( 'NONE',  ( 0.0000000000000000000, -1.000000000000000000, 0.0000000000000000000 ) ) ;
#2703 = DIRECTION ( 'NONE',  ( 0.0000000000000000000, -0.0000000000000000000, -1.000000000000000000 ) ) ;
#2704 = CARTESIAN_POINT ( 'NONE',  ( -0.4000000000000000200, 0.5999999999999999800, -0.1000000000000000100 ) ) ;
#2705 = PLANE ( 'NONE',  #2549 ) ;
#2706 = DIRECTION ( 'NONE',  ( -1.000000000000000000, -0.0000000000000000000, 0.0000000000000000000 ) ) ;
#2707 = DIRECTION ( 'NONE',  ( 0.0000000000000000000, 0.0000000000000000000, 1.000000000000000000 ) ) ;
#2708 = CARTESIAN_POINT ( 'NONE',  ( 0.4000000000000000200, 0.5999999999999999800, -0.1000000000000000100 ) ) ;
#2709 = PLANE ( 'NONE',  #2550 ) ;
#2710 = DIRECTION ( 'NONE',  ( -1.000000000000000000, 4.517509052022935300E-017, 0.0000000000000000000 ) ) ;
#2711 = DIRECTION ( 'NONE',  ( -4.517509052022935300E-017, -1.000000000000000000, 0.0000000000000000000 ) ) ;
#2712 = CARTESIAN_POINT ( 'NONE',  ( -0.4000000000000000800, -0.5999999999999999800, -0.1000000000000000100 ) ) ;
#2713 = PLANE ( 'NONE',  #2551 ) ;
#2714 = DIRECTION ( 'NONE',  ( -0.0000000000000000000, 1.000000000000000000, 0.0000000000000000000 ) ) ;
#2715 = DIRECTION ( 'NONE',  ( 0.0000000000000000000, -0.0000000000000000000, 1.000000000000000000 ) ) ;
#2716 = CARTESIAN_POINT ( 'NONE',  ( -0.4000000000000000800, -0.5999999999999999800, -0.1000000000000000100 ) ) ;
#2717 = PLANE ( 'NONE',  #2552 ) ;
#2718 = DIRECTION ( 'NONE',  ( 1.000000000000000000, 4.517509052022935300E-017, 0.0000000000000000000 ) ) ;
#2719 = DIRECTION ( 'NONE',  ( -4.517509052022935300E-017, 1.000000000000000000, 0.0000000000000000000 ) ) ;
#2720 = CARTESIAN_POINT ( 'NONE',  ( 2.500000000000000000, -7.400000000000003000, 1.527168887464387000E-015 ) ) ;
#2721 = PLANE ( 'NONE',  #2553 ) ;
#2722 = DIRECTION ( 'NONE',  ( 0.0000000000000000000, -1.000000000000000000, 0.0000000000000000000 ) ) ;
#2723 = DIRECTION ( 'NONE',  ( 0.0000000000000000000, -0.0000000000000000000, -1.000000000000000000 ) ) ;
#2724 = CARTESIAN_POINT ( 'NONE',  ( 2.500000000000000000, -7.400000000000003000, 1.527168887464387000E-015 ) ) ;
#2725 = PLANE ( 'NONE',  #2554 ) ;
#2726 = DIRECTION ( 'NONE',  ( -0.0000000000000000000, 0.0000000000000000000, 1.000000000000000000 ) ) ;
#2727 = DIRECTION ( 'NONE',  ( 1.000000000000000000, 0.0000000000000000000, 0.0000000000000000000 ) ) ;
#2728 = CARTESIAN_POINT ( 'NONE',  ( 2.500000000000000000, -6.700000000000004600, 1.324784481933760000E-015 ) ) ;
#2729 = PLANE ( 'NONE',  #2555 ) ;
#2730 = DIRECTION ( 'NONE',  ( -1.000000000000000000, 4.179535469590356600E-032, 1.445602896647339400E-016 ) ) ;
#2731 = DIRECTION ( 'NONE',  ( 1.445602896647339400E-016, 0.0000000000000000000, 1.000000000000000000 ) ) ;
#2732 = CARTESIAN_POINT ( 'NONE',  ( -2.500000000000000000, -6.700000000000004600, 1.937107881507436300E-015 ) ) ;
#2733 = PLANE ( 'NONE',  #2556 ) ;
#2734 = DIRECTION ( 'NONE',  ( -7.158904881716706900E-031, 1.000000000000000000, -2.891205793294678800E-016 ) ) ;
#2735 = DIRECTION ( 'NONE',  ( 0.0000000000000000000, 2.891205793294678800E-016, 1.000000000000000000 ) ) ;
#2736 = PLANE ( 'NONE',  #2561 ) ;
#2737 = PLANE ( 'NONE',  #2557 ) ;
#2738 = DIRECTION ( 'NONE',  ( 0.7071067811865511300, 0.7071067811865440200, -3.066586833366743300E-016 ) ) ;
#2739 = DIRECTION ( 'NONE',  ( -0.7071067811865440200, 0.7071067811865511300, 0.0000000000000000000 ) ) ;
#2740 = PLANE ( 'NONE',  #2558 ) ;
#2741 = CARTESIAN_POINT ( 'NONE',  ( -3.000000000000000000, 2.000000000000001800, 0.0000000000000000000 ) ) ;
#2742 = DIRECTION ( 'NONE',  ( -0.7071067811865516800, 0.7071067811865434600, -1.022195611122231900E-016 ) ) ;
#2743 = DIRECTION ( 'NONE',  ( -0.7071067811865434600, -0.7071067811865516800, 0.0000000000000000000 ) ) ;
#2744 = PLANE ( 'NONE',  #2559 ) ;
#2745 = CARTESIAN_POINT ( 'NONE',  ( 3.000000000000000000, 2.000000000000001800, 0.0000000000000000000 ) ) ;
#2746 = DIRECTION ( 'NONE',  ( -0.0000000000000000000, 0.0000000000000000000, 1.000000000000000000 ) ) ;
#2747 = DIRECTION ( 'NONE',  ( 1.000000000000000000, 0.0000000000000000000, 0.0000000000000000000 ) ) ;
#2748 = CARTESIAN_POINT ( 'NONE',  ( 10.49999999999999800, -10.40000000000000000, 9.699999999999999300 ) ) ;
#2749 = CARTESIAN_POINT ( 'NONE',  ( -12.19999999999999900, -6.899999999999999500, -3.700000000000002000 ) ) ;
#2750 = DIRECTION ( 'NONE',  ( 1.000000000000000000, 0.0000000000000000000, -0.0000000000000000000 ) ) ;
#2751 = DIRECTION ( 'NONE',  ( -0.0000000000000000000, 0.0000000000000000000, -1.000000000000000000 ) ) ;
#2752 = CARTESIAN_POINT ( 'NONE',  ( 10.49999999999999800, -10.40000000000000000, 9.699999999999999300 ) ) ;
#2753 = PLANE ( 'NONE',  #2560 ) ;
#2754 = DIRECTION ( 'NONE',  ( 0.0000000000000000000, -1.000000000000000000, 0.0000000000000000000 ) ) ;
#2755 = DIRECTION ( 'NONE',  ( 0.0000000000000000000, -0.0000000000000000000, -1.000000000000000000 ) ) ;
#2756 = CARTESIAN_POINT ( 'NONE',  ( -12.19999999999999800, -6.399999999999999500, 8.899999999999998600 ) ) ;
#2757 = PLANE ( 'NONE',  #2562 ) ;
#2758 = DIRECTION ( 'NONE',  ( -1.000000000000000000, 0.0000000000000000000, 0.0000000000000000000 ) ) ;
#2759 = DIRECTION ( 'NONE',  ( 0.0000000000000000000, 0.0000000000000000000, 1.000000000000000000 ) ) ;
#2760 = CARTESIAN_POINT ( 'NONE',  ( -12.19999999999999800, -6.399999999999999500, -2.400000000000003000 ) ) ;
#2761 = PLANE ( 'NONE',  #2563 ) ;
#2762 = DIRECTION ( 'NONE',  ( -1.000000000000000000, 0.0000000000000000000, 0.0000000000000000000 ) ) ;
#2763 = DIRECTION ( 'NONE',  ( 0.0000000000000000000, 0.0000000000000000000, 1.000000000000000000 ) ) ;
#2764 = CARTESIAN_POINT ( 'NONE',  ( -4.399999999999994100, -6.399999999999999500, 8.899999999999998600 ) ) ;
#2765 = PLANE ( 'NONE',  #2564 ) ;
#2766 = DIRECTION ( 'NONE',  ( 0.0000000000000000000, 1.000000000000000000, 0.0000000000000000000 ) ) ;
#2767 = DIRECTION ( 'NONE',  ( 0.0000000000000000000, -0.0000000000000000000, 1.000000000000000000 ) ) ;
#2768 = CARTESIAN_POINT ( 'NONE',  ( -12.19999999999999800, -6.399999999999999500, 8.400000000000000400 ) ) ;
#2769 = PLANE ( 'NONE',  #2565 ) ;
#2770 = DIRECTION ( 'NONE',  ( -3.694682931767175100E-017, 0.7071067811865460200, -0.7071067811865490200 ) ) ;
#2771 = DIRECTION ( 'NONE',  ( 0.0000000000000000000, 0.7071067811865490200, 0.7071067811865460200 ) ) ;
#2772 = CARTESIAN_POINT ( 'NONE',  ( -6.399999999999999500, -8.749999999999998200, -1.200000000000000600 ) ) ;
#2773 = PLANE ( 'NONE',  #2566 ) ;
#2774 = DIRECTION ( 'NONE',  ( 0.7071067811865500200, 0.7071067811865451300, -7.796407203474812500E-017 ) ) ;
#2775 = DIRECTION ( 'NONE',  ( -0.7071067811865451300, 0.7071067811865500200, 0.0000000000000000000 ) ) ;
#2776 = CARTESIAN_POINT ( 'NONE',  ( -6.399999999999999500, -8.749999999999998200, 7.200000000000001100 ) ) ;
#2777 = PLANE ( 'NONE',  #2567 ) ;
#2778 = DIRECTION ( 'NONE',  ( 0.0000000000000000000, 0.7071067811865451300, 0.7071067811865500200 ) ) ;
#2779 = DIRECTION ( 'NONE',  ( 0.0000000000000000000, -0.7071067811865500200, 0.7071067811865451300 ) ) ;
#2780 = CARTESIAN_POINT ( 'NONE',  ( -6.399999999999999500, -11.44999999999999900, -1.200000000000000800 ) ) ;
#2781 = PLANE ( 'NONE',  #2568 ) ;
#2782 = DIRECTION ( 'NONE',  ( 0.0000000000000000000, 8.031127203596326900E-017, -1.000000000000000000 ) ) ;
#2783 = DIRECTION ( 'NONE',  ( 0.0000000000000000000, 1.000000000000000000, 8.031127203596326900E-017 ) ) ;
#2784 = CARTESIAN_POINT ( 'NONE',  ( -10.90000000000000000, -11.44999999999999900, -8.673617379884035500E-016 ) ) ;
#2785 = PLANE ( 'NONE',  #2569 ) ;
#2786 = DIRECTION ( 'NONE',  ( 0.0000000000000000000, -6.424901762877061500E-016, 1.000000000000000000 ) ) ;
#2787 = DIRECTION ( 'NONE',  ( 0.0000000000000000000, -1.000000000000000000, -6.424901762877061500E-016 ) ) ;
#2788 = CARTESIAN_POINT ( 'NONE',  ( 6.999999999999999100, -10.40000000000000000, -0.5000000000000013300 ) ) ;
#2789 = PLANE ( 'NONE',  #2570 ) ;
#2790 = CARTESIAN_POINT ( 'NONE',  ( -5.999999999999999100, -6.949999999999999300, 0.5499999999999983800 ) ) ;
#2791 = CARTESIAN_POINT ( 'NONE',  ( -7.600000000000000500, -7.450000000000000200, 2.199999999999999300 ) ) ;
#2792 = CARTESIAN_POINT ( 'NONE',  ( -7.600000000000000500, -7.450000000000000200, 3.799999999999998900 ) ) ;
#2793 = CARTESIAN_POINT ( 'NONE',  ( -9.440000000000001300, -7.450000000000000200, 3.799999999999998900 ) ) ;
#2794 = CARTESIAN_POINT ( 'NONE',  ( -9.599999999999999600, -10.30000000000000100, -0.2500000000000007200 ) ) ;
#2795 = CARTESIAN_POINT ( 'NONE',  ( -9.599999999999999600, -9.799999999999998900, -0.2500000000000006700 ) ) ;
#2796 = CARTESIAN_POINT ( 'NONE',  ( -9.599999999999999600, -10.30000000000000100, 0.2499999999999995300 ) ) ;
#2797 = CARTESIAN_POINT ( 'NONE',  ( -9.599999999999999600, -9.799999999999998900, 0.2499999999999993600 ) ) ;
#2798 = CARTESIAN_POINT ( 'NONE',  ( -9.599999999999999600, -10.30000000000000100, 1.749999999999999300 ) ) ;
#2799 = CARTESIAN_POINT ( 'NONE',  ( -9.599999999999999600, -9.799999999999998900, 1.749999999999999300 ) ) ;
#2800 = CARTESIAN_POINT ( 'NONE',  ( -9.599999999999999600, -10.30000000000000100, 2.249999999999999600 ) ) ;
#2801 = CARTESIAN_POINT ( 'NONE',  ( -9.599999999999999600, -9.799999999999998900, 2.249999999999999600 ) ) ;
#2802 = CARTESIAN_POINT ( 'NONE',  ( -9.599999999999999600, -10.30000000000000100, 3.749999999999999600 ) ) ;
#2803 = CARTESIAN_POINT ( 'NONE',  ( -9.599999999999999600, -9.799999999999998900, 3.749999999999999600 ) ) ;
#2804 = CARTESIAN_POINT ( 'NONE',  ( -9.599999999999999600, -10.30000000000000100, 4.249999999999999100 ) ) ;
#2805 = CARTESIAN_POINT ( 'NONE',  ( -9.599999999999999600, -9.799999999999998900, 4.249999999999999100 ) ) ;
#2806 = CARTESIAN_POINT ( 'NONE',  ( -9.599999999999999600, -10.30000000000000100, 5.749999999999999100 ) ) ;
#2807 = CARTESIAN_POINT ( 'NONE',  ( -9.599999999999999600, -9.799999999999998900, 5.750000000000000000 ) ) ;
#2808 = CARTESIAN_POINT ( 'NONE',  ( -9.599999999999999600, -10.30000000000000100, 6.249999999999999100 ) ) ;
#2809 = CARTESIAN_POINT ( 'NONE',  ( -9.599999999999999600, -9.799999999999998900, 6.249999999999999100 ) ) ;
#2810 = CARTESIAN_POINT ( 'NONE',  ( -0.4000000000000000800, -0.5999999999999999800, -0.1000000000000000100 ) ) ;
#2811 = CARTESIAN_POINT ( 'NONE',  ( -0.4000000000000000200, 0.5999999999999999800, -0.1000000000000000100 ) ) ;
#2812 = CARTESIAN_POINT ( 'NONE',  ( 0.4000000000000000200, 0.5999999999999999800, -0.1000000000000000100 ) ) ;
#2813 = CARTESIAN_POINT ( 'NONE',  ( 0.4000000000000000800, -0.5999999999999999800, -0.1000000000000000100 ) ) ;
#2814 = CARTESIAN_POINT ( 'NONE',  ( -0.4000000000000000200, 0.6000000000000016400, 6.099999999999999600 ) ) ;
#2815 = CARTESIAN_POINT ( 'NONE',  ( -0.4000000000000000800, -0.5999999999999982000, 6.099999999999999600 ) ) ;
#2816 = CARTESIAN_POINT ( 'NONE',  ( 0.4000000000000000200, 0.6000000000000016400, 6.099999999999999600 ) ) ;
#2817 = CARTESIAN_POINT ( 'NONE',  ( 0.4000000000000000800, -0.5999999999999982000, 6.099999999999999600 ) ) ;
#2818 = CARTESIAN_POINT ( 'NONE',  ( 4.336808689942017700E-016, 1.949999999999999300, -1.000000000000000000 ) ) ;
#2819 = CARTESIAN_POINT ( 'NONE',  ( -0.5999999999999997600, 1.949999999999999300, -2.199999999999999700 ) ) ;
#2820 = CARTESIAN_POINT ( 'NONE',  ( -0.3999999999999998600, 1.949999999999999300, -2.199999999999999700 ) ) ;
#2821 = CARTESIAN_POINT ( 'NONE',  ( -0.3999999999999999100, 1.949999999999999300, -2.600000000000000100 ) ) ;
#2822 = CARTESIAN_POINT ( 'NONE',  ( 0.4000000000000001300, 1.949999999999999300, -2.600000000000000100 ) ) ;
#2823 = CARTESIAN_POINT ( 'NONE',  ( 0.4000000000000001900, 1.949999999999999300, -2.199999999999999700 ) ) ;
#2824 = CARTESIAN_POINT ( 'NONE',  ( 0.6000000000000002000, 1.949999999999999300, -2.199999999999999700 ) ) ;
#2825 = CARTESIAN_POINT ( 'NONE',  ( 4.336808689942017700E-016, 1.949999999999999300, 8.599999999999999600 ) ) ;
#2826 = CARTESIAN_POINT ( 'NONE',  ( -0.5999999999999997600, 1.949999999999999300, 7.399999999999999500 ) ) ;
#2827 = CARTESIAN_POINT ( 'NONE',  ( -0.3999999999999998600, 1.949999999999999300, 7.399999999999999500 ) ) ;
#2828 = CARTESIAN_POINT ( 'NONE',  ( -0.3999999999999999100, 1.949999999999999300, 6.999999999999999100 ) ) ;
#2829 = CARTESIAN_POINT ( 'NONE',  ( 0.4000000000000001300, 1.949999999999999300, 6.999999999999999100 ) ) ;
#2830 = CARTESIAN_POINT ( 'NONE',  ( 0.4000000000000001900, 1.949999999999999300, 7.399999999999999500 ) ) ;
#2831 = CARTESIAN_POINT ( 'NONE',  ( 0.6000000000000002000, 1.949999999999999300, 7.399999999999999500 ) ) ;
#2832 = CARTESIAN_POINT ( 'NONE',  ( -2.500000000000000000, -7.400000000000003000, 2.139492287038063500E-015 ) ) ;
#2833 = CARTESIAN_POINT ( 'NONE',  ( -2.500000000000000000, -6.700000000000004600, 1.937107881507436300E-015 ) ) ;
#2834 = CARTESIAN_POINT ( 'NONE',  ( 2.500000000000000000, -7.400000000000003000, 1.527168887464387000E-015 ) ) ;
#2835 = CARTESIAN_POINT ( 'NONE',  ( 2.500000000000000000, -6.700000000000004600, 1.324784481933760000E-015 ) ) ;
#2836 = CARTESIAN_POINT ( 'NONE',  ( 3.000000000000000000, -7.400000000000003000, 2.891205793294678800E-016 ) ) ;
#2837 = CARTESIAN_POINT ( 'NONE',  ( 10.49999999999999800, -10.40000000000000000, -1.700000000000000200 ) ) ;
#2838 = CARTESIAN_POINT ( 'NONE',  ( 10.49999999999999800, -10.40000000000000000, 7.699999999999998400 ) ) ;
#2839 = CARTESIAN_POINT ( 'NONE',  ( -12.19999999999999900, -6.399999999999999500, 5.800000000000000700 ) ) ;
#2840 = CARTESIAN_POINT ( 'NONE',  ( -12.19999999999999900, -10.39999999999999900, 7.200000000000000200 ) ) ;
#2841 = CARTESIAN_POINT ( 'NONE',  ( -12.19999999999999900, -11.44999999999999800, 7.199999999999999300 ) ) ;
#2842 = CARTESIAN_POINT ( 'NONE',  ( -12.19999999999999900, -11.44999999999999900, 5.999999999999999100 ) ) ;
#2843 = CARTESIAN_POINT ( 'NONE',  ( -12.19999999999999900, -12.25000000000000000, 5.999999999999999100 ) ) ;
#2844 = CARTESIAN_POINT ( 'NONE',  ( -12.19999999999999900, -10.39999999999999900, 7.999999999999998200 ) ) ;
#2845 = CARTESIAN_POINT ( 'NONE',  ( -12.19999999999999900, -12.25000000000000000, -8.673617379884035500E-016 ) ) ;
#2846 = CARTESIAN_POINT ( 'NONE',  ( -12.19999999999999900, -11.44999999999999900, -8.673617379884035500E-016 ) ) ;
#2847 = CARTESIAN_POINT ( 'NONE',  ( -12.19999999999999900, -11.45000000000000100, -1.200000000000000600 ) ) ;
#2848 = CARTESIAN_POINT ( 'NONE',  ( -12.19999999999999900, -10.40000000000000000, -1.200000000000000600 ) ) ;
#2849 = CARTESIAN_POINT ( 'NONE',  ( -12.19999999999999900, -6.949999999999998400, -2.000000000000001800 ) ) ;
#2850 = CARTESIAN_POINT ( 'NONE',  ( -12.19999999999999900, -10.40000000000000000, -2.000000000000001300 ) ) ;
#2851 = CARTESIAN_POINT ( 'NONE',  ( -12.19999999999999900, -6.949999999999998400, 0.1999999999999992300 ) ) ;
#2852 = CARTESIAN_POINT ( 'NONE',  ( -12.19999999999999900, -6.399999999999999500, -2.400000000000003000 ) ) ;
#2853 = CARTESIAN_POINT ( 'NONE',  ( -12.19999999999999900, -6.399999999999999500, 0.1999999999999996500 ) ) ;
#2854 = CARTESIAN_POINT ( 'NONE',  ( -12.19999999999999900, -6.399999999999999500, 8.400000000000000400 ) ) ;
#2855 = CARTESIAN_POINT ( 'NONE',  ( -5.999999999999998200, -6.399999999999999500, 5.799999999999999800 ) ) ;
#2856 = CARTESIAN_POINT ( 'NONE',  ( -4.399999999999995900, -6.399999999999999500, -2.400000000000003500 ) ) ;
#2857 = CARTESIAN_POINT ( 'NONE',  ( -4.399999999999995000, -6.399999999999999500, 8.400000000000000400 ) ) ;
#2858 = CARTESIAN_POINT ( 'NONE',  ( -5.999999999999999100, -6.399999999999999500, 0.1999999999999987900 ) ) ;
#2859 = CARTESIAN_POINT ( 'NONE',  ( -10.40000000000000000, -10.40000000000000000, -1.200000000000000600 ) ) ;
#2860 = CARTESIAN_POINT ( 'NONE',  ( 7.000000000000000000, -10.40000000000000000, 4.749999999999999100 ) ) ;
#2861 = CARTESIAN_POINT ( 'NONE',  ( 7.000000000000000000, -10.40000000000000000, 8.249999999999998200 ) ) ;
#2862 = CARTESIAN_POINT ( 'NONE',  ( -2.200000000000002000, -6.400000000000003000, 0.0000000000000000000 ) ) ;
#2863 = CARTESIAN_POINT ( 'NONE',  ( 6.999999999999999100, -12.90000000000000000, -2.250000000000001800 ) ) ;
#2864 = CARTESIAN_POINT ( 'NONE',  ( 6.999999999999999100, -10.40000000000000000, 1.249999999999998700 ) ) ;
#2865 = CARTESIAN_POINT ( 'NONE',  ( 3.000000000000000000, 2.000000000000000000, -3.700000000000000200 ) ) ;
#2866 = CARTESIAN_POINT ( 'NONE',  ( -6.399999999999999500, -8.749999999999998200, 7.200000000000001100 ) ) ;
#2867 = CARTESIAN_POINT ( 'NONE',  ( -0.3999999999999999100, 1.999999999999999100, -2.600000000000000100 ) ) ;
#2868 = CARTESIAN_POINT ( 'NONE',  ( 8.500000000000000000, -12.90000000000000000, 9.699999999999999300 ) ) ;
#2869 = CARTESIAN_POINT ( 'NONE',  ( -10.40000000000000000, -6.949999999999999300, 5.800000000000000700 ) ) ;
#2870 = CARTESIAN_POINT ( 'NONE',  ( 6.999999999999999100, -12.90000000000000000, 1.249999999999998700 ) ) ;
#2871 = CARTESIAN_POINT ( 'NONE',  ( -5.999999999999999100, -8.050000000000000700, 0.5499999999999982700 ) ) ;
#2872 = CARTESIAN_POINT ( 'NONE',  ( -6.399999999999999500, -9.799999999999998900, 6.249999999999999100 ) ) ;
#2873 = CARTESIAN_POINT ( 'NONE',  ( -10.40000000000000000, -8.749999999999998200, 7.200000000000001100 ) ) ;
#2874 = CARTESIAN_POINT ( 'NONE',  ( -6.399999999999999500, -9.799999999999998900, 1.749999999999999300 ) ) ;
#2875 = CARTESIAN_POINT ( 'NONE',  ( -9.440000000000001300, -8.050000000000000700, 2.199999999999999300 ) ) ;
#2876 = CARTESIAN_POINT ( 'NONE',  ( -0.5999999999999997600, 1.999999999999999100, -2.199999999999999700 ) ) ;
#2877 = CARTESIAN_POINT ( 'NONE',  ( -9.440000000000001300, -8.050000000000000700, 3.799999999999998900 ) ) ;
#2878 = CARTESIAN_POINT ( 'NONE',  ( -6.399999999999999500, -9.799999999999998900, 3.749999999999999600 ) ) ;
#2879 = CARTESIAN_POINT ( 'NONE',  ( -3.899999999999998600, -6.899999999999999500, -2.900000000000001700 ) ) ;
#2880 = CARTESIAN_POINT ( 'NONE',  ( -0.4000000000000000200, 0.6000000000000016400, 5.999999999999999100 ) ) ;
#2881 = CARTESIAN_POINT ( 'NONE',  ( -0.4000000000000000200, 0.5999999999999999800, 0.0000000000000000000 ) ) ;
#2882 = CARTESIAN_POINT ( 'NONE',  ( -3.000000000000000000, -7.400000000000001200, 6.000000000000000900 ) ) ;
#2883 = CARTESIAN_POINT ( 'NONE',  ( 2.200000000000001500, -6.400000000000003000, 0.0000000000000000000 ) ) ;
#2884 = CARTESIAN_POINT ( 'NONE',  ( 0.4000000000000000200, 0.5999999999999999800, 0.0000000000000000000 ) ) ;
#2885 = CARTESIAN_POINT ( 'NONE',  ( -10.40000000000000000, -10.39999999999999900, 7.200000000000000200 ) ) ;
#2886 = CARTESIAN_POINT ( 'NONE',  ( -10.40000000000000000, -10.40000000000000000, -2.000000000000001300 ) ) ;
#2887 = PLANE ( 'NONE',  #3183 ) ;
#2888 = CARTESIAN_POINT ( 'NONE',  ( -10.40000000000000000, -10.40000000000000000, -2.000000000000001300 ) ) ;
#2889 = CARTESIAN_POINT ( 'NONE',  ( -10.90000000000000000, -12.25000000000000000, -8.673617379884035500E-016 ) ) ;
#2890 = CARTESIAN_POINT ( 'NONE',  ( -3.000000000000000000, -7.400000000000003000, 2.891205793294678800E-016 ) ) ;
#2891 = PLANE ( 'NONE',  #3181 ) ;
#2892 = DIRECTION ( 'NONE',  ( -1.000000000000000000, 0.0000000000000000000, 0.0000000000000000000 ) ) ;
#2893 = DIRECTION ( 'NONE',  ( 0.0000000000000000000, 0.0000000000000000000, 1.000000000000000000 ) ) ;
#2894 = CARTESIAN_POINT ( 'NONE',  ( -10.40000000000000000, -10.40000000000000000, -2.000000000000001300 ) ) ;
#2895 = PLANE ( 'NONE',  #3193 ) ;
#2896 = DIRECTION ( 'NONE',  ( 0.0000000000000000000, -1.000000000000000000, 1.734723475976807100E-016 ) ) ;
#2897 = DIRECTION ( 'NONE',  ( 0.0000000000000000000, -1.734723475976807100E-016, -1.000000000000000000 ) ) ;
#2898 = CARTESIAN_POINT ( 'NONE',  ( -10.40000000000000000, -6.949999999999998400, -2.000000000000001800 ) ) ;
#2899 = PLANE ( 'NONE',  #3175 ) ;
#2900 = DIRECTION ( 'NONE',  ( 0.0000000000000000000, -1.000000000000000000, 1.734723475976807100E-016 ) ) ;
#2901 = DIRECTION ( 'NONE',  ( 0.0000000000000000000, -1.734723475976807100E-016, -1.000000000000000000 ) ) ;
#2902 = CARTESIAN_POINT ( 'NONE',  ( -10.40000000000000000, -6.949999999999998400, -2.000000000000001800 ) ) ;
#2903 = PLANE ( 'NONE',  #3192 ) ;
#2904 = DIRECTION ( 'NONE',  ( -1.000000000000000000, 0.0000000000000000000, 0.0000000000000000000 ) ) ;
#2905 = DIRECTION ( 'NONE',  ( 0.0000000000000000000, 0.0000000000000000000, 1.000000000000000000 ) ) ;
#2906 = CARTESIAN_POINT ( 'NONE',  ( -10.40000000000000000, -6.949999999999997500, 7.999999999999998200 ) ) ;
#2907 = PLANE ( 'NONE',  #3191 ) ;
#2908 = DIRECTION ( 'NONE',  ( 0.0000000000000000000, -1.257045997084642600E-016, -1.000000000000000000 ) ) ;
#2909 = DIRECTION ( 'NONE',  ( 0.0000000000000000000, 1.000000000000000000, -1.257045997084642600E-016 ) ) ;
#2910 = CARTESIAN_POINT ( 'NONE',  ( -5.999999999999999100, -6.949999999999999300, 0.1999999999999987900 ) ) ;
#2911 = PLANE ( 'NONE',  #3196 ) ;
#2912 = DIRECTION ( 'NONE',  ( 0.0000000000000000000, 1.000000000000000000, -8.673617379884035500E-017 ) ) ;
#2913 = DIRECTION ( 'NONE',  ( 0.0000000000000000000, 8.673617379884035500E-017, 1.000000000000000000 ) ) ;
#2914 = CARTESIAN_POINT ( 'NONE',  ( -5.999999999999998200, -6.949999999999999300, 5.799999999999999800 ) ) ;
#2915 = PLANE ( 'NONE',  #3197 ) ;
#2916 = DIRECTION ( 'NONE',  ( -0.0000000000000000000, 0.0000000000000000000, 1.000000000000000000 ) ) ;
#2917 = DIRECTION ( 'NONE',  ( 1.000000000000000000, 0.0000000000000000000, 0.0000000000000000000 ) ) ;
#2918 = CARTESIAN_POINT ( 'NONE',  ( -5.999999999999999100, -6.949999999999999300, 0.1999999999999987900 ) ) ;
#2919 = PLANE ( 'NONE',  #3198 ) ;
#2920 = DIRECTION ( 'NONE',  ( 1.000000000000000000, 0.0000000000000000000, -1.548860246407863300E-016 ) ) ;
#2921 = DIRECTION ( 'NONE',  ( -1.548860246407863300E-016, 0.0000000000000000000, -1.000000000000000000 ) ) ;
#2922 = CARTESIAN_POINT ( 'NONE',  ( -5.999999999999998200, -6.949999999999999300, 5.799999999999999800 ) ) ;
#2923 = PLANE ( 'NONE',  #3199 ) ;
#2924 = DIRECTION ( 'NONE',  ( 1.398970545142586300E-016, 0.0000000000000000000, 1.000000000000000000 ) ) ;
#2925 = DIRECTION ( 'NONE',  ( 1.000000000000000000, 0.0000000000000000000, -1.398970545142586300E-016 ) ) ;
#2926 = CARTESIAN_POINT ( 'NONE',  ( -5.999999999999998200, -8.050000000000000700, 5.450000000000000200 ) ) ;
#2927 = PLANE ( 'NONE',  #3200 ) ;
#2928 = DIRECTION ( 'NONE',  ( -1.398970545142586500E-016, 0.0000000000000000000, -1.000000000000000000 ) ) ;
#2929 = DIRECTION ( 'NONE',  ( -1.000000000000000000, 0.0000000000000000000, 1.398970545142586500E-016 ) ) ;
#2930 = CARTESIAN_POINT ( 'NONE',  ( -5.999999999999999100, -8.050000000000000700, 0.5499999999999982700 ) ) ;
#2931 = PLANE ( 'NONE',  #3201 ) ;
#2932 = DIRECTION ( 'NONE',  ( 0.0000000000000000000, -1.000000000000000000, 0.0000000000000000000 ) ) ;
#2933 = DIRECTION ( 'NONE',  ( 0.0000000000000000000, -0.0000000000000000000, -1.000000000000000000 ) ) ;
#2934 = CARTESIAN_POINT ( 'NONE',  ( -7.600000000000000500, -7.450000000000000200, 2.199999999999999300 ) ) ;
#2935 = PLANE ( 'NONE',  #3202 ) ;
#2936 = DIRECTION ( 'NONE',  ( 1.971276677246371300E-016, 0.0000000000000000000, 1.000000000000000000 ) ) ;
#2937 = DIRECTION ( 'NONE',  ( 1.000000000000000000, 0.0000000000000000000, -1.971276677246371300E-016 ) ) ;
#2938 = CARTESIAN_POINT ( 'NONE',  ( -7.600000000000000500, -7.450000000000000200, 2.199999999999999300 ) ) ;
#2939 = PLANE ( 'NONE',  #3203 ) ;
#2940 = DIRECTION ( 'NONE',  ( -2.464095846557964400E-017, 0.0000000000000000000, -1.000000000000000000 ) ) ;
#2941 = DIRECTION ( 'NONE',  ( -1.000000000000000000, 0.0000000000000000000, 2.464095846557964400E-017 ) ) ;
#2942 = CARTESIAN_POINT ( 'NONE',  ( -9.440000000000001300, -7.450000000000000200, 2.199999999999999300 ) ) ;
#2943 = PLANE ( 'NONE',  #3204 ) ;
#2944 = DIRECTION ( 'NONE',  ( -1.000000000000000000, 0.0000000000000000000, 0.0000000000000000000 ) ) ;
#2945 = DIRECTION ( 'NONE',  ( 0.0000000000000000000, 0.0000000000000000000, 1.000000000000000000 ) ) ;
#2946 = CARTESIAN_POINT ( 'NONE',  ( -7.600000000000000500, -7.450000000000000200, 3.799999999999998900 ) ) ;
#2947 = PLANE ( 'NONE',  #3205 ) ;
#2948 = DIRECTION ( 'NONE',  ( 0.0000000000000000000, -0.0000000000000000000, 1.000000000000000000 ) ) ;
#2949 = DIRECTION ( 'NONE',  ( 1.000000000000000000, 0.0000000000000000000, -0.0000000000000000000 ) ) ;
#2950 = CARTESIAN_POINT ( 'NONE',  ( -7.600000000000000500, -7.450000000000000200, 3.799999999999998900 ) ) ;
#2951 = PLANE ( 'NONE',  #3206 ) ;
#2952 = DIRECTION ( 'NONE',  ( 1.000000000000000000, 0.0000000000000000000, 0.0000000000000000000 ) ) ;
#2953 = DIRECTION ( 'NONE',  ( 0.0000000000000000000, 0.0000000000000000000, -1.000000000000000000 ) ) ;
#2954 = DIRECTION ( 'NONE',  ( 0.0000000000000000000, 0.0000000000000000000, -1.000000000000000000 ) ) ;
#2955 = PLANE ( 'NONE',  #3207 ) ;
#2956 = DIRECTION ( 'NONE',  ( 0.0000000000000000000, 0.0000000000000000000, -1.000000000000000000 ) ) ;
#2957 = DIRECTION ( 'NONE',  ( -1.000000000000000000, 0.0000000000000000000, -0.0000000000000000000 ) ) ;
#2958 = CARTESIAN_POINT ( 'NONE',  ( 8.499999999999998200, -10.40000000000000000, -1.700000000000000200 ) ) ;
#2959 = DIRECTION ( 'NONE',  ( 0.0000000000000000000, -1.000000000000000000, 0.0000000000000000000 ) ) ;
#2960 = DIRECTION ( 'NONE',  ( 0.0000000000000000000, -1.000000000000000000, 0.0000000000000000000 ) ) ;
#2961 = DIRECTION ( 'NONE',  ( 0.0000000000000000000, -0.0000000000000000000, -1.000000000000000000 ) ) ;
#2962 = DIRECTION ( 'NONE',  ( 0.0000000000000000000, 0.0000000000000000000, 1.000000000000000000 ) ) ;
#2963 = DIRECTION ( 'NONE',  ( 0.0000000000000000000, 0.0000000000000000000, 1.000000000000000000 ) ) ;
#2964 = DIRECTION ( 'NONE',  ( 0.0000000000000000000, 1.000000000000000000, 1.164243943608595400E-016 ) ) ;
#2965 = CARTESIAN_POINT ( 'NONE',  ( 8.499999999999998200, -10.40000000000000000, 7.699999999999998400 ) ) ;
#2966 = DIRECTION ( 'NONE',  ( 0.0000000000000000000, 0.0000000000000000000, 1.000000000000000000 ) ) ;
#2967 = DIRECTION ( 'NONE',  ( -0.0000000000000000000, 1.000000000000000000, -0.0000000000000000000 ) ) ;
#2968 = CARTESIAN_POINT ( 'NONE',  ( 6.999999999999999100, -17.84974746830583200, -0.5000000000000013300 ) ) ;
#2969 = PLANE ( 'NONE',  #3214 ) ;
#2970 = DIRECTION ( 'NONE',  ( -0.0000000000000000000, 1.000000000000000000, -0.0000000000000000000 ) ) ;
#2971 = CARTESIAN_POINT ( 'NONE',  ( 7.000000000000000000, -17.84974746830583200, 6.499999999999999100 ) ) ;
#2972 = CARTESIAN_POINT ( 'NONE',  ( -9.599999999999999600, -9.799999999999998900, 0.2499999999999993600 ) ) ;
#2973 = ADVANCED_FACE ( 'NONE', ( #321 ), #2891, .T. ) ;
#2974 = ADVANCED_FACE ( 'NONE', ( #314 ), #2887, .F. ) ;
#2975 = ADVANCED_FACE ( 'NONE', ( #324 ), #2895, .F. ) ;
#2976 = ADVANCED_FACE ( 'NONE', ( #322 ), #2899, .T. ) ;
#2977 = ADVANCED_FACE ( 'NONE', ( #319 ), #2903, .F. ) ;
#2978 = ADVANCED_FACE ( 'NONE', ( #323 ), #2907, .F. ) ;
#2979 = ADVANCED_FACE ( 'NONE', ( #325 ), #2911, .F. ) ;
#2980 = ADVANCED_FACE ( 'NONE', ( #326 ), #2915, .F. ) ;
#2981 = ADVANCED_FACE ( 'NONE', ( #327 ), #2919, .F. ) ;
#2982 = ADVANCED_FACE ( 'NONE', ( #328 ), #2923, .F. ) ;
#2983 = ADVANCED_FACE ( 'NONE', ( #329 ), #2927, .F. ) ;
#2984 = ADVANCED_FACE ( 'NONE', ( #330 ), #2931, .F. ) ;
#2985 = ADVANCED_FACE ( 'NONE', ( #331 ), #2935, .F. ) ;
#2986 = ADVANCED_FACE ( 'NONE', ( #332 ), #2939, .F. ) ;
#2987 = ADVANCED_FACE ( 'NONE', ( #333 ), #2943, .F. ) ;
#2988 = ADVANCED_FACE ( 'NONE', ( #334 ), #2947, .F. ) ;
#2989 = ADVANCED_FACE ( 'NONE', ( #335 ), #2951, .F. ) ;
#2990 = ADVANCED_FACE ( 'NONE', ( #336 ), #2955, .F. ) ;
#2991 = ADVANCED_FACE ( 'NONE', ( #337 ), #342, .T. ) ;
#2992 = ADVANCED_FACE ( 'NONE', ( #338 ), #344, .T. ) ;
#2993 = ADVANCED_FACE ( 'NONE', ( #339 ), #346, .F. ) ;
#2994 = ADVANCED_FACE ( 'NONE', ( #340 ), #348, .F. ) ;
#2995 = ADVANCED_FACE ( 'NONE', ( #341 ), #2627, .F. ) ;
#2996 = ADVANCED_FACE ( 'NONE', ( #343 ), #2629, .F. ) ;
#2997 = ADVANCED_FACE ( 'NONE', ( #345 ), #2969, .F. ) ;
#2998 = ADVANCED_FACE ( 'NONE', ( #347 ), #2637, .F. ) ;
#2999 = ADVANCED_FACE ( 'NONE', ( #349 ), #2641, .T. ) ;
#3000 = ADVANCED_FACE ( 'NONE', ( #350 ), #2645, .F. ) ;
#3001 = ADVANCED_FACE ( 'NONE', ( #351 ), #2649, .F. ) ;
#3002 = ADVANCED_FACE ( 'NONE', ( #352 ), #2653, .F. ) ;
#3003 = ADVANCED_FACE ( 'NONE', ( #353 ), #2657, .F. ) ;
#3004 = ADVANCED_FACE ( 'NONE', ( #354 ), #2661, .T. ) ;
#3005 = ADVANCED_FACE ( 'NONE', ( #355 ), #2665, .F. ) ;
#3006 = ADVANCED_FACE ( 'NONE', ( #356 ), #2669, .F. ) ;
#3007 = ADVANCED_FACE ( 'NONE', ( #357 ), #2673, .F. ) ;
#3008 = ADVANCED_FACE ( 'NONE', ( #358 ), #2677, .F. ) ;
#3009 = ADVANCED_FACE ( 'NONE', ( #359 ), #2681, .T. ) ;
#3010 = ADVANCED_FACE ( 'NONE', ( #360 ), #2685, .F. ) ;
#3011 = ADVANCED_FACE ( 'NONE', ( #361 ), #2689, .F. ) ;
#3012 = ADVANCED_FACE ( 'NONE', ( #362 ), #2693, .F. ) ;
#3013 = ADVANCED_FACE ( 'NONE', ( #363 ), #2697, .F. ) ;
#3014 = ADVANCED_FACE ( 'NONE', ( #364 ), #2701, .T. ) ;
#3015 = ADVANCED_FACE ( 'NONE', ( #365 ), #2705, .F. ) ;
#3016 = ADVANCED_FACE ( 'NONE', ( #366 ), #2709, .F. ) ;
#3017 = ADVANCED_FACE ( 'NONE', ( #367 ), #2713, .F. ) ;
#3018 = ADVANCED_FACE ( 'NONE', ( #368 ), #2717, .F. ) ;
#3019 = ADVANCED_FACE ( 'NONE', ( #79 ), #2721, .T. ) ;
#3020 = ADVANCED_FACE ( 'NONE', ( #78 ), #2725, .F. ) ;
#3021 = ADVANCED_FACE ( 'NONE', ( #80 ), #2729, .T. ) ;
#3022 = ADVANCED_FACE ( 'NONE', ( #82 ), #2733, .T. ) ;
#3023 = ADVANCED_FACE ( 'NONE', ( #77 ), #2737, .T. ) ;
#3024 = ADVANCED_FACE ( 'NONE', ( #81, #86 ), #2740, .T. ) ;
#3025 = ADVANCED_FACE ( 'NONE', ( #84 ), #2744, .T. ) ;
#3026 = ADVANCED_FACE ( 'NONE', ( #87, #89, #91 ), #2753, .F. ) ;
#3027 = ADVANCED_FACE ( 'NONE', ( #90 ), #2736, .F. ) ;
#3028 = ADVANCED_FACE ( 'NONE', ( #92 ), #2757, .T. ) ;
#3029 = ADVANCED_FACE ( 'NONE', ( #85 ), #2761, .T. ) ;
#3030 = ADVANCED_FACE ( 'NONE', ( #93 ), #2765, .T. ) ;
#3031 = ADVANCED_FACE ( 'NONE', ( #88 ), #2769, .T. ) ;
#3032 = ADVANCED_FACE ( 'NONE', ( #83 ), #2773, .T. ) ;
#3033 = ADVANCED_FACE ( 'NONE', ( #94 ), #2777, .F. ) ;
#3034 = ADVANCED_FACE ( 'NONE', ( #95 ), #2781, .F. ) ;
#3035 = ADVANCED_FACE ( 'NONE', ( #96 ), #2785, .F. ) ;
#3036 = ADVANCED_FACE ( 'NONE', ( #97 ), #2789, .F. ) ;
#3037 = ADVANCED_FACE ( 'NONE', ( #98 ), #2379, .F. ) ;
#3038 = ADVANCED_FACE ( 'NONE', ( #99 ), #2383, .F. ) ;
#3039 = ADVANCED_FACE ( 'NONE', ( #100 ), #2388, .F. ) ;
#3040 = ADVANCED_FACE ( 'NONE', ( #101 ), #2392, .F. ) ;
#3041 = ADVANCED_FACE ( 'NONE', ( #102 ), #2396, .F. ) ;
#3042 = ADVANCED_FACE ( 'NONE', ( #103 ), #2400, .F. ) ;
#3043 = ADVANCED_FACE ( 'NONE', ( #104 ), #2404, .F. ) ;
#3044 = ADVANCED_FACE ( 'NONE', ( #105 ), #2408, .F. ) ;
#3045 = ADVANCED_FACE ( 'NONE', ( #106 ), #2412, .F. ) ;
#3046 = ADVANCED_FACE ( 'NONE', ( #107 ), #2416, .F. ) ;
#3047 = ADVANCED_FACE ( 'NONE', ( #108 ), #2420, .F. ) ;
#3048 = ADVANCED_FACE ( 'NONE', ( #109 ), #2424, .F. ) ;
#3049 = ADVANCED_FACE ( 'NONE', ( #110 ), #2428, .F. ) ;
#3050 = ADVANCED_FACE ( 'NONE', ( #111 ), #2432, .F. ) ;
#3051 = ADVANCED_FACE ( 'NONE', ( #112 ), #2436, .F. ) ;
#3052 = ADVANCED_FACE ( 'NONE', ( #113 ), #2440, .F. ) ;
#3053 = ADVANCED_FACE ( 'NONE', ( #114 ), #2444, .F. ) ;
#3054 = ADVANCED_FACE ( 'NONE', ( #115 ), #2448, .F. ) ;
#3055 = ADVANCED_FACE ( 'NONE', ( #116 ), #2452, .F. ) ;
#3056 = ADVANCED_FACE ( 'NONE', ( #117 ), #2456, .F. ) ;
#3057 = ADVANCED_FACE ( 'NONE', ( #118 ), #2460, .F. ) ;
#3058 = ADVANCED_FACE ( 'NONE', ( #119 ), #2464, .F. ) ;
#3059 = ADVANCED_FACE ( 'NONE', ( #120 ), #2468, .F. ) ;
#3060 = ADVANCED_FACE ( 'NONE', ( #121 ), #2472, .T. ) ;
#3061 = ADVANCED_FACE ( 'NONE', ( #122 ), #2476, .F. ) ;
#3062 = ADVANCED_FACE ( 'NONE', ( #123 ), #2480, .F. ) ;
#3063 = ADVANCED_FACE ( 'NONE', ( #124 ), #2484, .F. ) ;
#3064 = ADVANCED_FACE ( 'NONE', ( #125, #129 ), #2487, .T. ) ;
#3065 = ADVANCED_FACE ( 'NONE', ( #127 ), #2491, .T. ) ;
#3066 = ADVANCED_FACE ( 'NONE', ( #130, #132, #134 ), #2500, .T. ) ;
#3067 = ADVANCED_FACE ( 'NONE', ( #133 ), #2483, .T. ) ;
#3068 = ADVANCED_FACE ( 'NONE', ( #135, #126 ), #2503, .T. ) ;
#3069 = ADVANCED_FACE ( 'NONE', ( #136, #128 ), #2496, .T. ) ;
#3070 = ADVANCED_FACE ( 'NONE', ( #131 ), #2511, .T. ) ;
#3071 = ADVANCED_FACE ( 'NONE', ( #138 ), #2516, .F. ) ;
#3072 = ADVANCED_FACE ( 'NONE', ( #137 ), #2519, .F. ) ;
#3073 = EDGE_CURVE ( 'NONE', #1956, #1957, #140, .T. ) ;
#3074 = EDGE_CURVE ( 'NONE', #1961, #1959, #141, .T. ) ;
#3075 = EDGE_CURVE ( 'NONE', #1954, #967, #145, .T. ) ;
#3076 = EDGE_CURVE ( 'NONE', #964, #2044, #147, .T. ) ;
#3077 = EDGE_CURVE ( 'NONE', #2000, #2004, #149, .T. ) ;
#3078 = EDGE_CURVE ( 'NONE', #2024, #952, #153, .T. ) ;
#3079 = EDGE_CURVE ( 'NONE', #1997, #995, #155, .T. ) ;
#3080 = EDGE_CURVE ( 'NONE', #1997, #1998, #151, .T. ) ;
#3081 = EDGE_CURVE ( 'NONE', #2004, #1020, #156, .T. ) ;
#3082 = EDGE_CURVE ( 'NONE', #1955, #965, #154, .T. ) ;
#3083 = EDGE_CURVE ( 'NONE', #1964, #974, #139, .T. ) ;
#3084 = EDGE_CURVE ( 'NONE', #1966, #1013, #681, .T. ) ;
#3085 = EDGE_CURVE ( 'NONE', #1965, #1963, #3224, .T. ) ;
#3086 = EDGE_CURVE ( 'NONE', #2005, #2003, #3226, .T. ) ;
#3087 = EDGE_CURVE ( 'NONE', #1953, #1951, #142, .T. ) ;
#3088 = EDGE_CURVE ( 'NONE', #987, #1999, #370, .T. ) ;
#3089 = EDGE_CURVE ( 'NONE', #1993, #2022, #371, .T. ) ;
#3090 = EDGE_CURVE ( 'NONE', #1955, #1954, #3234, .T. ) ;
#3091 = EDGE_CURVE ( 'NONE', #1956, #966, #3236, .T. ) ;
#3092 = EDGE_CURVE ( 'NONE', #1954, #1956, #3238, .T. ) ;
#3093 = EDGE_CURVE ( 'NONE', #1957, #969, #3240, .T. ) ;
#3094 = EDGE_CURVE ( 'NONE', #1952, #2035, #3242, .T. ) ;
#3095 = EDGE_CURVE ( 'NONE', #2031, #1949, #3244, .T. ) ;
#3096 = EDGE_CURVE ( 'NONE', #1950, #1952, #3229, .T. ) ;
#3097 = EDGE_CURVE ( 'NONE', #2006, #2005, #3248, .T. ) ;
#3098 = EDGE_CURVE ( 'NONE', #1963, #1962, #3231, .T. ) ;
#3099 = EDGE_CURVE ( 'NONE', #2003, #2002, #3252, .T. ) ;
#3100 = EDGE_CURVE ( 'NONE', #1949, #1948, #3233, .T. ) ;
#3101 = EDGE_CURVE ( 'NONE', #1998, #1021, #3247, .T. ) ;
#3102 = EDGE_CURVE ( 'NONE', #998, #981, #3258, .T. ) ;
#3103 = EDGE_CURVE ( 'NONE', #1948, #1946, #3251, .T. ) ;
#3104 = EDGE_CURVE ( 'NONE', #1950, #980, #3262, .T. ) ;
#3105 = EDGE_CURVE ( 'NONE', #1952, #1953, #3255, .T. ) ;
#3106 = EDGE_CURVE ( 'NONE', #1949, #1945, #3266, .T. ) ;
#3107 = EDGE_CURVE ( 'NONE', #1951, #1950, #3268, .T. ) ;
#3108 = EDGE_CURVE ( 'NONE', #1951, #1015, #3270, .T. ) ;
#3109 = EDGE_CURVE ( 'NONE', #1947, #2009, #3272, .T. ) ;
#3110 = EDGE_CURVE ( 'NONE', #1946, #1947, #3257, .T. ) ;
#3111 = EDGE_CURVE ( 'NONE', #979, #997, #3276, .T. ) ;
#3112 = EDGE_CURVE ( 'NONE', #1968, #1969, #3278, .T. ) ;
#3113 = EDGE_CURVE ( 'NONE', #1992, #1993, #3261, .T. ) ;
#3114 = EDGE_CURVE ( 'NONE', #1947, #72, #3282, .T. ) ;
#3115 = EDGE_CURVE ( 'NONE', #1944, #994, #3284, .T. ) ;
#3116 = EDGE_CURVE ( 'NONE', #1946, #2011, #3286, .T. ) ;
#3117 = EDGE_CURVE ( 'NONE', #996, #2015, #3265, .T. ) ;
#3118 = EDGE_CURVE ( 'NONE', #1969, #2032, #3290, .T. ) ;
#3119 = EDGE_CURVE ( 'NONE', #1433, #2003, #3292, .T. ) ;
#3120 = EDGE_CURVE ( 'NONE', #978, #1945, #3294, .T. ) ;
#3121 = EDGE_CURVE ( 'NONE', #2211, #1944, #3296, .T. ) ;
#3122 = EDGE_CURVE ( 'NONE', #1948, #2018, #3298, .T. ) ;
#3123 = EDGE_CURVE ( 'NONE', #72, #2010, #3275, .T. ) ;
#3124 = EDGE_CURVE ( 'NONE', #1433, #1781, #3281, .T. ) ;
#3125 = EDGE_CURVE ( 'NONE', #1944, #2004, #3289, .T. ) ;
#3126 = EDGE_CURVE ( 'NONE', #2022, #1028, #3306, .T. ) ;
#3127 = EDGE_CURVE ( 'NONE', #1432, #1433, #3301, .T. ) ;
#3128 = EDGE_CURVE ( 'NONE', #1945, #1946, #1793, .T. ) ;
#3129 = EDGE_CURVE ( 'NONE', #1970, #944, #1795, .T. ) ;
#3130 = EDGE_CURVE ( 'NONE', #1965, #1027, #1797, .T. ) ;
#3131 = EDGE_CURVE ( 'NONE', #1972, #1971, #1799, .T. ) ;
#3132 = EDGE_CURVE ( 'NONE', #2039, #2016, #1801, .T. ) ;
#3133 = EDGE_CURVE ( 'NONE', #1782, #1432, #1803, .T. ) ;
#3134 = EDGE_CURVE ( 'NONE', #1012, #2017, #1805, .T. ) ;
#3135 = EDGE_CURVE ( 'NONE', #2000, #2211, #1807, .T. ) ;
#3136 = EDGE_CURVE ( 'NONE', #2019, #1010, #3303, .T. ) ;
#3137 = EDGE_CURVE ( 'NONE', #1000, #2007, #1811, .T. ) ;
#3138 = EDGE_CURVE ( 'NONE', #1782, #2006, #1813, .T. ) ;
#3139 = EDGE_CURVE ( 'NONE', #1781, #1782, #1815, .T. ) ;
#3140 = EDGE_CURVE ( 'NONE', #1432, #2005, #1817, .T. ) ;
#3141 = EDGE_CURVE ( 'NONE', #1966, #1968, #1819, .T. ) ;
#3142 = EDGE_CURVE ( 'NONE', #1781, #2002, #1821, .T. ) ;
#3143 = EDGE_CURVE ( 'NONE', #1960, #1961, #1823, .T. ) ;
#3144 = EDGE_CURVE ( 'NONE', #2015, #2018, #1825, .T. ) ;
#3145 = EDGE_CURVE ( 'NONE', #1971, #2041, #1827, .T. ) ;
#3146 = EDGE_CURVE ( 'NONE', #2012, #991, #1829, .T. ) ;
#3147 = EDGE_CURVE ( 'NONE', #2014, #2017, #1831, .T. ) ;
#3148 = EDGE_CURVE ( 'NONE', #1017, #2001, #3305, .T. ) ;
#3149 = EDGE_CURVE ( 'NONE', #1016, #2014, #1834, .T. ) ;
#3150 = EDGE_CURVE ( 'NONE', #2017, #2016, #1836, .T. ) ;
#3151 = EDGE_CURVE ( 'NONE', #1999, #2014, #1838, .T. ) ;
#3152 = EDGE_CURVE ( 'NONE', #2018, #2013, #1840, .T. ) ;
#3153 = EDGE_CURVE ( 'NONE', #2016, #2012, #1842, .T. ) ;
#3154 = EDGE_CURVE ( 'NONE', #1999, #2015, #1844, .T. ) ;
#3155 = EDGE_CURVE ( 'NONE', #2033, #2211, #1846, .T. ) ;
#3156 = EDGE_CURVE ( 'NONE', #2012, #2013, #1848, .T. ) ;
#3157 = EDGE_CURVE ( 'NONE', #2011, #2009, #1850, .T. ) ;
#3158 = EDGE_CURVE ( 'NONE', #2011, #2013, #1852, .T. ) ;
#3159 = EDGE_CURVE ( 'NONE', #1011, #2043, #1854, .T. ) ;
#3160 = EDGE_CURVE ( 'NONE', #72, #2019, #1856, .T. ) ;
#3161 = EDGE_CURVE ( 'NONE', #2212, #970, #1858, .T. ) ;
#3162 = EDGE_CURVE ( 'NONE', #977, #1996, #1792, .T. ) ;
#3163 = EDGE_CURVE ( 'NONE', #2010, #2008, #1862, .T. ) ;
#3164 = EDGE_CURVE ( 'NONE', #2019, #2008, #1864, .T. ) ;
#3165 = EDGE_CURVE ( 'NONE', #1967, #1008, #1866, .T. ) ;
#3166 = EDGE_CURVE ( 'NONE', #1967, #1966, #1810, .T. ) ;
#3167 = EDGE_CURVE ( 'NONE', #2009, #2010, #1870, .T. ) ;
#3168 = EDGE_CURVE ( 'NONE', #1969, #1967, #1872, .T. ) ;
#3169 = EDGE_CURVE ( 'NONE', #2008, #2007, #1874, .T. ) ;
#3170 = EDGE_CURVE ( 'NONE', #1968, #1025, #1876, .T. ) ;
#3171 = EDGE_CURVE ( 'NONE', #2007, #2006, #1878, .T. ) ;
#3172 = EDGE_CURVE ( 'NONE', #1971, #1970, #1880, .T. ) ;
#3173 = EDGE_CURVE ( 'NONE', #2001, #2000, #1882, .T. ) ;
#3174 = AXIS2_PLACEMENT_3D ( 'NONE', #1065, #1067, #1068 ) ;
#3175 = AXIS2_PLACEMENT_3D ( 'NONE', #2894, #2904, #2905 ) ;
#3176 = AXIS2_PLACEMENT_3D ( 'NONE', #2305, #2307, #2308 ) ;
#3177 = AXIS2_PLACEMENT_3D ( 'NONE', #1069, #1076, #1077 ) ;
#3178 = AXIS2_PLACEMENT_3D ( 'NONE', #1072, #1074, #1075 ) ;
#3179 = AXIS2_PLACEMENT_3D ( 'NONE', #444, #445, #446 ) ;
#3180 = AXIS2_PLACEMENT_3D ( 'NONE', #449, #450, #451 ) ;
#3181 = AXIS2_PLACEMENT_3D ( 'NONE', #2889, #2892, #2893 ) ;
#3182 = AXIS2_PLACEMENT_3D ( 'NONE', #2302, #2311, #2312 ) ;
#3183 = AXIS2_PLACEMENT_3D ( 'NONE', #2886, #2896, #2897 ) ;
#3184 = AXIS2_PLACEMENT_3D ( 'NONE', #2340, #2349, #2350 ) ;
#3185 = AXIS2_PLACEMENT_3D ( 'NONE', #2347, #2353, #2354 ) ;
#3186 = AXIS2_PLACEMENT_3D ( 'NONE', #2355, #2357, #2358 ) ;
#3187 = AXIS2_PLACEMENT_3D ( 'NONE', #2356, #2351, #2352 ) ;
#3188 = AXIS2_PLACEMENT_3D ( 'NONE', #2362, #2361, #2359 ) ;
#3189 = AXIS2_PLACEMENT_3D ( 'NONE', #2360, #2367, #2368 ) ;
#3190 = AXIS2_PLACEMENT_3D ( 'NONE', #2365, #2371, #2372 ) ;
#3191 = AXIS2_PLACEMENT_3D ( 'NONE', #2902, #2912, #2913 ) ;
#3192 = AXIS2_PLACEMENT_3D ( 'NONE', #2898, #2908, #2909 ) ;
#3193 = AXIS2_PLACEMENT_3D ( 'NONE', #2888, #2900, #2901 ) ;
#3194 = AXIS2_PLACEMENT_3D ( 'NONE', #468, #469, #470 ) ;
#3195 = AXIS2_PLACEMENT_3D ( 'NONE', #2788, #466, #467 ) ;
#3196 = AXIS2_PLACEMENT_3D ( 'NONE', #2906, #2916, #2917 ) ;
#3197 = AXIS2_PLACEMENT_3D ( 'NONE', #2910, #2920, #2921 ) ;
#3198 = AXIS2_PLACEMENT_3D ( 'NONE', #2914, #2924, #2925 ) ;
#3199 = AXIS2_PLACEMENT_3D ( 'NONE', #2918, #2928, #2929 ) ;
#3200 = AXIS2_PLACEMENT_3D ( 'NONE', #2922, #2932, #2933 ) ;
#3201 = AXIS2_PLACEMENT_3D ( 'NONE', #2926, #2936, #2937 ) ;
#3202 = AXIS2_PLACEMENT_3D ( 'NONE', #2930, #2940, #2941 ) ;
#3203 = AXIS2_PLACEMENT_3D ( 'NONE', #2934, #2944, #2945 ) ;
#3204 = AXIS2_PLACEMENT_3D ( 'NONE', #2938, #2948, #2949 ) ;
#3205 = AXIS2_PLACEMENT_3D ( 'NONE', #2942, #2952, #2953 ) ;
#3206 = AXIS2_PLACEMENT_3D ( 'NONE', #2946, #2956, #2957 ) ;
#3207 = AXIS2_PLACEMENT_3D ( 'NONE', #2950, #2960, #2961 ) ;
#3208 = AXIS2_PLACEMENT_3D ( 'NONE', #2958, #2959, #2954 ) ;
#3209 = AXIS2_PLACEMENT_3D ( 'NONE', #2965, #2964, #2962 ) ;
#3210 = AXIS2_PLACEMENT_3D ( 'NONE', #2968, #2967, #2963 ) ;
#3211 = AXIS2_PLACEMENT_3D ( 'NONE', #2971, #2970, #2966 ) ;
#3212 = AXIS2_PLACEMENT_3D ( 'NONE', #2630, #2631, #2632 ) ;
#3213 = AXIS2_PLACEMENT_3D ( 'NONE', #2628, #2634, #2635 ) ;
#3214 = AXIS2_PLACEMENT_3D ( 'NONE', #2972, #2638, #2639 ) ;
#3215 = AXIS2_PLACEMENT_3D ( 'NONE', #2633, #2642, #2643 ) ;
#3216 = EDGE_CURVE ( 'NONE', #1029, #989, #1884, .T. ) ;
#3217 = EDGE_CURVE ( 'NONE', #1014, #1006, #1886, .T. ) ;
#3218 = EDGE_CURVE ( 'NONE', #1009, #1006, #1888, .T. ) ;
#3219 = EDGE_CURVE ( 'NONE', #948, #1019, #1890, .T. ) ;
#3220 = MANIFOLD_SOLID_BREP ( '–ÊŽæ‚è2', #786 ) ;
#3221 = UNCERTAINTY_MEASURE_WITH_UNIT (LENGTH_MEASURE( 1.000000000000000100E-005 ), #1592, 'distance_accuracy_value', 'NONE');
#3222 = ADVANCED_BREP_SHAPE_REPRESENTATION ( 'pm-y65', ( #3220, #2607 ), #1915 ) ;
#3223 = VECTOR ( 'NONE', #480, 1000.000000000000000 ) ;
#3224 = LINE ( 'NONE', #481, #3225 ) ;
#3225 = VECTOR ( 'NONE', #482, 1000.000000000000000 ) ;
#3226 = LINE ( 'NONE', #483, #3227 ) ;
#3227 = VECTOR ( 'NONE', #484, 1000.000000000000000 ) ;
#3228 = VECTOR ( 'NONE', #486, 1000.000000000000000 ) ;
#3229 = LINE ( 'NONE', #489, #3246 ) ;
#3230 = VECTOR ( 'NONE', #488, 1000.000000000000000 ) ;
#3231 = LINE ( 'NONE', #503, #3250 ) ;
#3232 = VECTOR ( 'NONE', #490, 1000.000000000000000 ) ;
#3233 = LINE ( 'NONE', #507, #3254 ) ;
#3234 = LINE ( 'NONE', #491, #3235 ) ;
#3235 = VECTOR ( 'NONE', #492, 1000.000000000000000 ) ;
#3236 = LINE ( 'NONE', #493, #3237 ) ;
#3237 = VECTOR ( 'NONE', #494, 1000.000000000000000 ) ;
#3238 = LINE ( 'NONE', #495, #3239 ) ;
#3239 = VECTOR ( 'NONE', #496, 1000.000000000000000 ) ;
#3240 = LINE ( 'NONE', #497, #3241 ) ;
#3241 = VECTOR ( 'NONE', #498, 1000.000000000000000 ) ;
#3242 = LINE ( 'NONE', #499, #3243 ) ;
#3243 = VECTOR ( 'NONE', #500, 1000.000000000000000 ) ;
#3244 = LINE ( 'NONE', #501, #3245 ) ;
#3245 = VECTOR ( 'NONE', #502, 1000.000000000000000 ) ;
#3246 = VECTOR ( 'NONE', #504, 1000.000000000000000 ) ;
#3247 = LINE ( 'NONE', #511, #3256 ) ;
#3248 = LINE ( 'NONE', #505, #3249 ) ;
#3249 = VECTOR ( 'NONE', #506, 1000.000000000000000 ) ;
#3250 = VECTOR ( 'NONE', #508, 1000.000000000000000 ) ;
#3251 = LINE ( 'NONE', #513, #3260 ) ;
#3252 = LINE ( 'NONE', #509, #3253 ) ;
#3253 = VECTOR ( 'NONE', #510, 1000.000000000000000 ) ;
#3254 = VECTOR ( 'NONE', #512, 1000.000000000000000 ) ;
#3255 = LINE ( 'NONE', #517, #3264 ) ;
#3256 = VECTOR ( 'NONE', #514, 1000.000000000000000 ) ;
#3257 = LINE ( 'NONE', #521, #3274 ) ;
#3258 = LINE ( 'NONE', #515, #3259 ) ;
#3259 = VECTOR ( 'NONE', #516, 1000.000000000000000 ) ;
#3260 = VECTOR ( 'NONE', #518, 1000.000000000000000 ) ;
#3261 = LINE ( 'NONE', #531, #3280 ) ;
#3262 = LINE ( 'NONE', #519, #3263 ) ;
#3263 = VECTOR ( 'NONE', #520, 1000.000000000000000 ) ;
#3264 = VECTOR ( 'NONE', #522, 1000.000000000000000 ) ;
#3265 = LINE ( 'NONE', #537, #3288 ) ;
#3266 = LINE ( 'NONE', #523, #3267 ) ;
#3267 = VECTOR ( 'NONE', #524, 1000.000000000000000 ) ;
#3268 = LINE ( 'NONE', #525, #3269 ) ;
#3269 = VECTOR ( 'NONE', #526, 1000.000000000000000 ) ;
#3270 = LINE ( 'NONE', #527, #3271 ) ;
#3271 = VECTOR ( 'NONE', #528, 1000.000000000000000 ) ;
#3272 = LINE ( 'NONE', #529, #3273 ) ;
#3273 = VECTOR ( 'NONE', #530, 1000.000000000000000 ) ;
#3274 = VECTOR ( 'NONE', #532, 1000.000000000000000 ) ;
#3275 = LINE ( 'NONE', #545, #3300 ) ;
#3276 = LINE ( 'NONE', #533, #3277 ) ;
#3277 = VECTOR ( 'NONE', #534, 1000.000000000000000 ) ;
#3278 = LINE ( 'NONE', #535, #3279 ) ;
#3279 = VECTOR ( 'NONE', #536, 1000.000000000000000 ) ;
#3280 = VECTOR ( 'NONE', #538, 1000.000000000000000 ) ;
#3281 = LINE ( 'NONE', #557, #3302 ) ;
#3282 = LINE ( 'NONE', #539, #3283 ) ;
#3283 = VECTOR ( 'NONE', #540, 1000.000000000000000 ) ;
#3284 = LINE ( 'NONE', #541, #3285 ) ;
#3285 = VECTOR ( 'NONE', #542, 1000.000000000000000 ) ;
#3286 = LINE ( 'NONE', #543, #3287 ) ;
#3287 = VECTOR ( 'NONE', #544, 1000.000000000000000 ) ;
#3288 = VECTOR ( 'NONE', #546, 1000.000000000000000 ) ;
#3289 = LINE ( 'NONE', #559, #3304 ) ;
#3290 = LINE ( 'NONE', #547, #3291 ) ;
#3291 = VECTOR ( 'NONE', #548, 1000.000000000000000 ) ;
#3292 = LINE ( 'NONE', #549, #3293 ) ;
#3293 = VECTOR ( 'NONE', #550, 1000.000000000000000 ) ;
#3294 = LINE ( 'NONE', #551, #3295 ) ;
#3295 = VECTOR ( 'NONE', #552, 1000.000000000000000 ) ;
#3296 = LINE ( 'NONE', #553, #3297 ) ;
#3297 = VECTOR ( 'NONE', #554, 1000.000000000000000 ) ;
#3298 = LINE ( 'NONE', #555, #3299 ) ;
#3299 = VECTOR ( 'NONE', #556, 1000.000000000000000 ) ;
#3300 = VECTOR ( 'NONE', #558, 1000.000000000000000 ) ;
#3301 = LINE ( 'NONE', #561, #1791 ) ;
#3302 = VECTOR ( 'NONE', #560, 1000.000000000000000 ) ;
#3303 = LINE ( 'NONE', #565, #1809 ) ;
#3304 = VECTOR ( 'NONE', #562, 1000.000000000000000 ) ;
#3305 = LINE ( 'NONE', #584, #1833 ) ;
#3306 = LINE ( 'NONE', #563, #1790 ) ;
#3307 = EDGE_CURVE ( 'NONE', #952, #2024, #1892, .T. ) ;
#3308 = PRODUCT ( 'pm-y65', 'pm-y65', '', ( #1599 ) ) ;
#3309 = PERSON ( 'UNSPECIFIED', 'UNSPECIFIED', 'UNSPECIFIED', ('UNSPECIFIED'), ('UNSPECIFIED'), ('UNSPECIFIED') ) ;
#3310 = EDGE_CURVE ( 'NONE', #989, #1011, #1869, .T. ) ;
#3311 = EDGE_CURVE ( 'NONE', #1019, #2040, #1893, .T. ) ;
#3312 = EDGE_CURVE ( 'NONE', #1028, #1011, #1895, .T. ) ;
#3313 = EDGE_CURVE ( 'NONE', #1029, #1014, #1897, .T. ) ;
#3314 = EDGE_CURVE ( 'NONE', #2030, #2024, #1899, .T. ) ;
#3315 = EDGE_CURVE ( 'NONE', #975, #955, #1901, .T. ) ;
#3316 = EDGE_CURVE ( 'NONE', #976, #954, #1903, .T. ) ;
#3317 = EDGE_CURVE ( 'NONE', #1006, #985, #1905, .T. ) ;
#3318 = EDGE_CURVE ( 'NONE', #965, #967, #1907, .T. ) ;
#3319 = EDGE_CURVE ( 'NONE', #1008, #1013, #1909, .T. ) ;
#3320 = EDGE_CURVE ( 'NONE', #980, #2035, #1911, .T. ) ;
#3321 = EDGE_CURVE ( 'NONE', #2040, #963, #1913, .T. ) ;
#3322 = EDGE_LOOP ( 'NONE', ( #2138, #2139, #2140, #2141 ) ) ;
#3323 = EDGE_LOOP ( 'NONE', ( #1630, #1631, #1632, #1633 ) ) ;
#3324 = EDGE_LOOP ( 'NONE', ( #2142, #2143, #1616, #1617 ) ) ;
#3325 = EDGE_LOOP ( 'NONE', ( #2134, #2135, #2136, #2137 ) ) ;
#3326 = ORIENTED_EDGE ( 'NONE', *, *, #3151, .T. ) ;
#3327 = ORIENTED_EDGE ( 'NONE', *, *, #3147, .T. ) ;
#3328 = ORIENTED_EDGE ( 'NONE', *, *, #3150, .T. ) ;
#3329 = ORIENTED_EDGE ( 'NONE', *, *, #3153, .T. ) ;
#3330 = ORIENTED_EDGE ( 'NONE', *, *, #3156, .T. ) ;
#3331 = ORIENTED_EDGE ( 'NONE', *, *, #3152, .F. ) ;
#3332 = ORIENTED_EDGE ( 'NONE', *, *, #3144, .F. ) ;
#3333 = ORIENTED_EDGE ( 'NONE', *, *, #3146, .F. ) ;
#3334 = ORIENTED_EDGE ( 'NONE', *, *, #3153, .F. ) ;
#3335 = ORIENTED_EDGE ( 'NONE', *, *, #3132, .F. ) ;
#3336 = ORIENTED_EDGE ( 'NONE', *, *, #1649, .T. ) ;
#3337 = ORIENTED_EDGE ( 'NONE', *, *, #3132, .T. ) ;
#3338 = ORIENTED_EDGE ( 'NONE', *, *, #3150, .F. ) ;
#3339 = ORIENTED_EDGE ( 'NONE', *, *, #3134, .F. ) ;
#3340 = ORIENTED_EDGE ( 'NONE', *, *, #1657, .T. ) ;
#3341 = ORIENTED_EDGE ( 'NONE', *, *, #3149, .F. ) ;
#3342 = ORIENTED_EDGE ( 'NONE', *, *, #1688, .F. ) ;
#3343 = ORIENTED_EDGE ( 'NONE', *, *, #29, .T. ) ;
#3344 = ORIENTED_EDGE ( 'NONE', *, *, #1707, .F. ) ;
#3345 = ORIENTED_EDGE ( 'NONE', *, *, #1700, .T. ) ;
#3346 = ORIENTED_EDGE ( 'NONE', *, *, #3320, .F. ) ;
#3347 = ORIENTED_EDGE ( 'NONE', *, *, #3314, .F. ) ;
ENDSEC;
END-ISO-10303-21;
