ISO-10303-21;
HEADER;
FILE_DESCRIPTION (( 'STEP AP203' ),
    '1' );
FILE_NAME ('EX-11EA.STEP',
    '2005-09-05T07:13:23',
    ( 'êÏìáó«âp' ),
    ( ' ' ),
    'SwSTEP 2.0',
    'SolidWorks 2004251',
    '' );
FILE_SCHEMA (( 'CONFIG_CONTROL_DESIGN' ));
ENDSEC;

DATA;
#1 = CARTESIAN_POINT ( 'NONE',  ( 8.250000000000003600, 3.999999999999998200, -2.250000000000000000 ) ) ;
#2 = CARTESIAN_POINT ( 'NONE',  ( 6.450000000000000200, -8.750000000000000000, 2.250000000000000000 ) ) ;
#3 = DIRECTION ( 'NONE',  ( -1.000000000000000000, 0.0000000000000000000, 0.0000000000000000000 ) ) ;
#4 = DIRECTION ( 'NONE',  ( 0.0000000000000000000, 0.0000000000000000000, -1.000000000000000000 ) ) ;
#5 = AXIS2_PLACEMENT_3D ( 'NONE', #1, #4, #3 ) ;
#6 = CIRCLE ( 'NONE', #5, 1.100000000000001200 ) ;
#7 = VECTOR ( 'NONE', #90, 1000.000000000000000 ) ;
#8 = DIRECTION ( 'NONE',  ( 1.084202172485504400E-016, -1.000000000000000000, 0.0000000000000000000 ) ) ;
#9 = VECTOR ( 'NONE', #8, 1000.000000000000000 ) ;
#10 = CARTESIAN_POINT ( 'NONE',  ( 0.5000000000000000000, 6.949999999999999300, 2.250000000000000000 ) ) ;
#11 = LINE ( 'NONE', #10, #9 ) ;
#12 = DIRECTION ( 'NONE',  ( -1.000000000000000000, 0.0000000000000000000, 0.0000000000000000000 ) ) ;
#13 = VECTOR ( 'NONE', #12, 1000.000000000000000 ) ;
#14 = CARTESIAN_POINT ( 'NONE',  ( 3.500000000000000000, 6.949999999999999300, 2.250000000000000000 ) ) ;
#15 = LINE ( 'NONE', #14, #13 ) ;
#16 = CARTESIAN_POINT ( 'NONE',  ( 6.450000000000000200, 7.249999999999999100, -2.250000000000000000 ) ) ;
#17 = DIRECTION ( 'NONE',  ( 0.0000000000000000000, 0.0000000000000000000, 1.000000000000000000 ) ) ;
#18 = VECTOR ( 'NONE', #17, 1000.000000000000000 ) ;
#19 = CARTESIAN_POINT ( 'NONE',  ( 6.450000000000000200, 7.249999999999999100, -2.250049999999999900 ) ) ;
#20 = LINE ( 'NONE', #19, #18 ) ;
#21 = LINE ( 'NONE', #29, #28 ) ;
#22 = CARTESIAN_POINT ( 'NONE',  ( 7.000000000000000000, -8.750000000000000000, -2.250000000000000000 ) ) ;
#23 = VECTOR ( 'NONE', #80, 1000.000000000000000 ) ;
#24 = LINE ( 'NONE', #61, #63 ) ;
#25 = CARTESIAN_POINT ( 'NONE',  ( 10.00000000000000400, -8.750000000000000000, 2.250000000000000000 ) ) ;
#26 = LINE ( 'NONE', #25, #43 ) ;
#27 = DIRECTION ( 'NONE',  ( 1.000000000000000000, 1.734723475976806800E-016, 0.0000000000000000000 ) ) ;
#28 = VECTOR ( 'NONE', #27, 1000.000000000000000 ) ;
#29 = CARTESIAN_POINT ( 'NONE',  ( 10.00000000000000400, -8.750000000000000000, -2.250000000000000000 ) ) ;
#30 = CARTESIAN_POINT ( 'NONE',  ( 10.00000000000000400, 5.749999999999998200, -2.250049999999999900 ) ) ;
#31 = LINE ( 'NONE', #30, #58 ) ;
#32 = CARTESIAN_POINT ( 'NONE',  ( 10.00000000000000000, 5.749999999999998200, -2.250000000000000000 ) ) ;
#33 = CARTESIAN_POINT ( 'NONE',  ( 10.00000000000000400, -8.750000000000000000, -2.250000000000000000 ) ) ;
#34 = DIRECTION ( 'NONE',  ( -2.168404344971008900E-016, 1.000000000000000000, 0.0000000000000000000 ) ) ;
#35 = VECTOR ( 'NONE', #34, 1000.000000000000000 ) ;
#36 = CARTESIAN_POINT ( 'NONE',  ( 10.00000000000000000, 7.249999999999999100, -2.250000000000000000 ) ) ;
#37 = FACE_OUTER_BOUND ( 'NONE', #483, .T. ) ;
#38 = FACE_BOUND ( 'NONE', #716, .T. ) ;
#39 = FACE_BOUND ( 'NONE', #596, .T. ) ;
#40 = FACE_BOUND ( 'NONE', #434, .T. ) ;
#41 = FACE_BOUND ( 'NONE', #464, .T. ) ;
#42 = DIRECTION ( 'NONE',  ( 1.000000000000000000, 1.734723475976806800E-016, 0.0000000000000000000 ) ) ;
#43 = VECTOR ( 'NONE', #42, 1000.000000000000000 ) ;
#44 = LINE ( 'NONE', #2, #7 ) ;
#45 = CIRCLE ( 'NONE', #91, 1.000000000000000000 ) ;
#46 = DIRECTION ( 'NONE',  ( 0.0000000000000000000, 0.0000000000000000000, 1.000000000000000000 ) ) ;
#47 = DIRECTION ( 'NONE',  ( -1.000000000000000000, 0.0000000000000000000, 0.0000000000000000000 ) ) ;
#48 = CARTESIAN_POINT ( 'NONE',  ( 6.450000000000000200, 7.249999999999999100, -2.250049999999999900 ) ) ;
#49 = AXIS2_PLACEMENT_3D ( 'NONE', #48, #47, #46 ) ;
#50 = PLANE ( 'NONE',  #49 ) ;
#51 = FACE_OUTER_BOUND ( 'NONE', #482, .T. ) ;
#52 = DIRECTION ( 'NONE',  ( -2.168404344971008900E-016, 1.000000000000000000, 0.0000000000000000000 ) ) ;
#53 = VECTOR ( 'NONE', #52, 1000.000000000000000 ) ;
#54 = CARTESIAN_POINT ( 'NONE',  ( 10.00000000000000000, 7.249999999999999100, 2.250000000000000000 ) ) ;
#55 = LINE ( 'NONE', #54, #53 ) ;
#56 = CARTESIAN_POINT ( 'NONE',  ( 10.00000000000000400, 5.749999999999998200, 2.250000000000000400 ) ) ;
#57 = DIRECTION ( 'NONE',  ( 0.0000000000000000000, 0.0000000000000000000, 1.000000000000000000 ) ) ;
#58 = VECTOR ( 'NONE', #57, 1000.000000000000000 ) ;
#59 = CARTESIAN_POINT ( 'NONE',  ( 10.00000000000000000, 7.249999999999999100, -2.250000000000000000 ) ) ;
#60 = LINE ( 'NONE', #59, #87 ) ;
#61 = CARTESIAN_POINT ( 'NONE',  ( 10.00000000000000000, 7.249999999999999100, 2.250000000000000000 ) ) ;
#62 = DIRECTION ( 'NONE',  ( -1.000000000000000000, 0.0000000000000000000, 0.0000000000000000000 ) ) ;
#63 = VECTOR ( 'NONE', #62, 1000.000000000000000 ) ;
#64 = LINE ( 'NONE', #36, #35 ) ;
#65 = DIRECTION ( 'NONE',  ( -1.000000000000000000, 0.0000000000000000000, 0.0000000000000000000 ) ) ;
#66 = DIRECTION ( 'NONE',  ( 0.0000000000000000000, 0.0000000000000000000, -1.000000000000000000 ) ) ;
#67 = CARTESIAN_POINT ( 'NONE',  ( 10.00000000000000400, -8.750000000000000000, 2.250000000000000000 ) ) ;
#68 = AXIS2_PLACEMENT_3D ( 'NONE', #67, #66, #65 ) ;
#69 = PLANE ( 'NONE',  #68 ) ;
#70 = DIRECTION ( 'NONE',  ( -1.000000000000000000, -1.734723475976806800E-016, 0.0000000000000000000 ) ) ;
#71 = DIRECTION ( 'NONE',  ( -1.734723475976806800E-016, 1.000000000000000000, 0.0000000000000000000 ) ) ;
#72 = CARTESIAN_POINT ( 'NONE',  ( 10.00000000000000400, -8.750000000000000000, 2.250000000000000000 ) ) ;
#73 = AXIS2_PLACEMENT_3D ( 'NONE', #72, #71, #70 ) ;
#74 = CARTESIAN_POINT ( 'NONE',  ( 6.450000000000000200, 7.249999999999999100, 2.250000000000000400 ) ) ;
#75 = CARTESIAN_POINT ( 'NONE',  ( 9.350000000000005000, 3.999999999999998200, -2.250000000000000000 ) ) ;
#76 = DIRECTION ( 'NONE',  ( -1.000000000000000000, 0.0000000000000000000, 0.0000000000000000000 ) ) ;
#77 = VECTOR ( 'NONE', #76, 1000.000000000000000 ) ;
#78 = CARTESIAN_POINT ( 'NONE',  ( 7.000000000000000000, -8.750000000000000000, 1.950000000000000200 ) ) ;
#79 = LINE ( 'NONE', #78, #77 ) ;
#80 = DIRECTION ( 'NONE',  ( 0.0000000000000000000, 0.0000000000000000000, -1.000000000000000000 ) ) ;
#81 = CARTESIAN_POINT ( 'NONE',  ( 7.000000000000000000, -8.750000000000000000, 1.950000000000000200 ) ) ;
#82 = LINE ( 'NONE', #81, #23 ) ;
#83 = CARTESIAN_POINT ( 'NONE',  ( 7.000000000000000000, -8.750000000000000000, 1.950000000000000200 ) ) ;
#84 = PLANE ( 'NONE',  #73 ) ;
#85 = FACE_OUTER_BOUND ( 'NONE', #450, .T. ) ;
#86 = DIRECTION ( 'NONE',  ( -1.000000000000000000, 0.0000000000000000000, 0.0000000000000000000 ) ) ;
#87 = VECTOR ( 'NONE', #86, 1000.000000000000000 ) ;
#88 = CARTESIAN_POINT ( 'NONE',  ( 7.150000000000003000, 3.999999999999998200, -2.250000000000000000 ) ) ;
#89 = CARTESIAN_POINT ( 'NONE',  ( 0.0000000000000000000, 0.0000000000000000000, 0.0000000000000000000 ) ) ;
#90 = DIRECTION ( 'NONE',  ( 0.0000000000000000000, 1.000000000000000000, 0.0000000000000000000 ) ) ;
#91 = AXIS2_PLACEMENT_3D ( 'NONE', #89, #92, #93 ) ;
#92 = DIRECTION ( 'NONE',  ( 1.000000000000000000, 0.0000000000000000000, 0.0000000000000000000 ) ) ;
#93 = DIRECTION ( 'NONE',  ( 0.0000000000000000000, 0.0000000000000000000, -1.000000000000000000 ) ) ;
#94 = DIRECTION ( 'NONE',  ( 1.084202172485504200E-016, -1.000000000000000000, 0.0000000000000000000 ) ) ;
#95 = VECTOR ( 'NONE', #94, 1000.000000000000000 ) ;
#96 = CARTESIAN_POINT ( 'NONE',  ( 0.0000000000000000000, 7.249999999999999100, -2.250000000000000000 ) ) ;
#97 = LINE ( 'NONE', #96, #95 ) ;
#98 = LINE ( 'NONE', #144, #143 ) ;
#99 = DIRECTION ( 'NONE',  ( 0.0000000000000000000, 0.0000000000000000000, 1.000000000000000000 ) ) ;
#100 = CARTESIAN_POINT ( 'NONE',  ( -1.205771365940073700, -13.25000000000000200, 1.950000000000000200 ) ) ;
#101 = LINE ( 'NONE', #100, #194 ) ;
#102 = DIRECTION ( 'NONE',  ( 0.0000000000000000000, 0.0000000000000000000, 1.000000000000000000 ) ) ;
#103 = DIRECTION ( 'NONE',  ( 0.0000000000000000000, 1.000000000000000000, 0.0000000000000000000 ) ) ;
#104 = CARTESIAN_POINT ( 'NONE',  ( -3.500000000000001300, -13.25000000000000200, 0.0000000000000000000 ) ) ;
#105 = AXIS2_PLACEMENT_3D ( 'NONE', #104, #103, #102 ) ;
#106 = CIRCLE ( 'NONE', #105, 1.250000000000000000 ) ;
#107 = DIRECTION ( 'NONE',  ( 0.0000000000000000000, 0.0000000000000000000, -1.000000000000000000 ) ) ;
#108 = DIRECTION ( 'NONE',  ( 0.0000000000000000000, -1.000000000000000000, 0.0000000000000000000 ) ) ;
#109 = CARTESIAN_POINT ( 'NONE',  ( 10.00000000000000000, 7.249999999999999100, 2.250000000000000000 ) ) ;
#110 = AXIS2_PLACEMENT_3D ( 'NONE', #109, #108, #107 ) ;
#111 = PLANE ( 'NONE',  #110 ) ;
#112 = CIRCLE ( 'NONE', #133, 1.100000000000001200 ) ;
#113 = DIRECTION ( 'NONE',  ( -1.000000000000000000, 0.0000000000000000000, 0.0000000000000000000 ) ) ;
#114 = DIRECTION ( 'NONE',  ( 0.0000000000000000000, 0.0000000000000000000, -1.000000000000000000 ) ) ;
#115 = CARTESIAN_POINT ( 'NONE',  ( 10.00000000000000400, -8.750000000000000000, 2.250000000000000000 ) ) ;
#116 = CARTESIAN_POINT ( 'NONE',  ( 1.734723475976806700E-015, -8.750000000000001800, -2.250000000000000000 ) ) ;
#117 = CARTESIAN_POINT ( 'NONE',  ( 0.0000000000000000000, 7.249999999999999100, -2.250000000000000000 ) ) ;
#118 = CARTESIAN_POINT ( 'NONE',  ( 8.250000000000003600, 3.999999999999998200, 2.250000000000000400 ) ) ;
#119 = AXIS2_PLACEMENT_3D ( 'NONE', #118, #114, #113 ) ;
#120 = CIRCLE ( 'NONE', #119, 1.100000000000001200 ) ;
#121 = CIRCLE ( 'NONE', #129, 1.250000000000000000 ) ;
#122 = FACE_OUTER_BOUND ( 'NONE', #520, .T. ) ;
#123 = DIRECTION ( 'NONE',  ( 0.0000000000000000000, 0.0000000000000000000, -1.000000000000000000 ) ) ;
#124 = VECTOR ( 'NONE', #123, 1000.000000000000000 ) ;
#125 = CARTESIAN_POINT ( 'NONE',  ( 10.00000000000000400, -8.750000000000000000, 2.250000000000000000 ) ) ;
#126 = LINE ( 'NONE', #125, #124 ) ;
#127 = DIRECTION ( 'NONE',  ( 0.0000000000000000000, 1.000000000000000000, 0.0000000000000000000 ) ) ;
#128 = CARTESIAN_POINT ( 'NONE',  ( 3.499999999999997800, -38.25000000000000000, 0.0000000000000000000 ) ) ;
#129 = AXIS2_PLACEMENT_3D ( 'NONE', #128, #127, #99 ) ;
#130 = DIRECTION ( 'NONE',  ( -1.000000000000000000, 0.0000000000000000000, 0.0000000000000000000 ) ) ;
#131 = DIRECTION ( 'NONE',  ( 0.0000000000000000000, 0.0000000000000000000, -1.000000000000000000 ) ) ;
#132 = CARTESIAN_POINT ( 'NONE',  ( 8.250000000000003600, -7.000000000000000900, -2.250000000000000400 ) ) ;
#133 = AXIS2_PLACEMENT_3D ( 'NONE', #132, #131, #130 ) ;
#134 = CARTESIAN_POINT ( 'NONE',  ( 7.150000000000003000, 3.999999999999998200, 2.250000000000000400 ) ) ;
#135 = DIRECTION ( 'NONE',  ( 0.0000000000000000000, 0.0000000000000000000, 1.000000000000000000 ) ) ;
#136 = VECTOR ( 'NONE', #135, 1000.000000000000000 ) ;
#137 = CARTESIAN_POINT ( 'NONE',  ( 7.150000000000003000, 3.999999999999998200, -2.250049999999999900 ) ) ;
#138 = LINE ( 'NONE', #137, #136 ) ;
#139 = LINE ( 'NONE', #150, #149 ) ;
#140 = CARTESIAN_POINT ( 'NONE',  ( 9.350000000000005000, 3.999999999999998200, 2.250000000000000400 ) ) ;
#141 = CARTESIAN_POINT ( 'NONE',  ( 6.450000000000000200, 5.749999999999998200, 2.250000000000000400 ) ) ;
#142 = DIRECTION ( 'NONE',  ( -1.000000000000000000, 0.0000000000000000000, 0.0000000000000000000 ) ) ;
#143 = VECTOR ( 'NONE', #142, 1000.000000000000000 ) ;
#144 = CARTESIAN_POINT ( 'NONE',  ( 10.00000000000000400, 5.749999999999998200, 2.250000000000000000 ) ) ;
#145 = PLANE ( 'NONE',  #154 ) ;
#146 = FACE_BOUND ( 'NONE', #581, .T. ) ;
#147 = FACE_OUTER_BOUND ( 'NONE', #510, .T. ) ;
#148 = DIRECTION ( 'NONE',  ( 0.0000000000000000000, 1.000000000000000000, 0.0000000000000000000 ) ) ;
#149 = VECTOR ( 'NONE', #148, 1000.000000000000000 ) ;
#150 = CARTESIAN_POINT ( 'NONE',  ( 3.499999999999997800, -38.25000000000000000, 1.250000000000000000 ) ) ;
#151 = DIRECTION ( 'NONE',  ( -1.084202172485504100E-016, 1.000000000000000000, 0.0000000000000000000 ) ) ;
#152 = DIRECTION ( 'NONE',  ( 1.000000000000000000, 1.084202172485504100E-016, 0.0000000000000000000 ) ) ;
#153 = CARTESIAN_POINT ( 'NONE',  ( 0.0000000000000000000, 7.249999999999999100, 2.250000000000000000 ) ) ;
#154 = AXIS2_PLACEMENT_3D ( 'NONE', #153, #152, #151 ) ;
#155 = CARTESIAN_POINT ( 'NONE',  ( 8.250000000000003600, -7.000000000000000900, -2.250000000000000400 ) ) ;
#156 = DIRECTION ( 'NONE',  ( 1.000000000000000000, 0.0000000000000000000, 0.0000000000000000000 ) ) ;
#157 = DIRECTION ( 'NONE',  ( 0.0000000000000000000, 0.0000000000000000000, 1.000000000000000000 ) ) ;
#158 = CARTESIAN_POINT ( 'NONE',  ( 7.150000000000003000, -7.000000000000000900, -2.250000000000000400 ) ) ;
#159 = CARTESIAN_POINT ( 'NONE',  ( 9.350000000000005000, -7.000000000000000900, -2.250000000000000400 ) ) ;
#160 = DIRECTION ( 'NONE',  ( -1.000000000000000000, 0.0000000000000000000, 0.0000000000000000000 ) ) ;
#161 = DIRECTION ( 'NONE',  ( 0.0000000000000000000, 0.0000000000000000000, -1.000000000000000000 ) ) ;
#162 = AXIS2_PLACEMENT_3D ( 'NONE', #155, #161, #160 ) ;
#163 = VECTOR ( 'NONE', #167, 1000.000000000000000 ) ;
#164 = CARTESIAN_POINT ( 'NONE',  ( -5.794228634059927600, -13.25000000000000200, 1.950000000000000200 ) ) ;
#165 = LINE ( 'NONE', #164, #163 ) ;
#166 = CARTESIAN_POINT ( 'NONE',  ( -5.794228634059927600, -13.25000000000000200, 1.950000000000000200 ) ) ;
#167 = DIRECTION ( 'NONE',  ( 0.0000000000000000000, 0.0000000000000000000, -1.000000000000000000 ) ) ;
#168 = CARTESIAN_POINT ( 'NONE',  ( 0.0000000000000000000, 0.0000000000000000000, 1.000000000000000000 ) ) ;
#169 = FACE_OUTER_BOUND ( 'NONE', #531, .T. ) ;
#170 = DIRECTION ( 'NONE',  ( -1.000000000000000000, 0.0000000000000000000, 0.0000000000000000000 ) ) ;
#171 = VECTOR ( 'NONE', #170, 1000.000000000000000 ) ;
#172 = CARTESIAN_POINT ( 'NONE',  ( 0.1000000000000000100, 0.0000000000000000000, 1.000000000000000000 ) ) ;
#173 = LINE ( 'NONE', #172, #171 ) ;
#174 = CARTESIAN_POINT ( 'NONE',  ( 8.250000000000003600, -7.000000000000000900, -2.250050000000000300 ) ) ;
#175 = AXIS2_PLACEMENT_3D ( 'NONE', #174, #157, #156 ) ;
#176 = CYLINDRICAL_SURFACE ( 'NONE', #175, 1.100000000000000300 ) ;
#177 = CIRCLE ( 'NONE', #162, 1.100000000000001200 ) ;
#178 = CARTESIAN_POINT ( 'NONE',  ( 8.250000000000003600, -7.000000000000000900, 2.250000000000000000 ) ) ;
#179 = AXIS2_PLACEMENT_3D ( 'NONE', #178, #212, #211 ) ;
#180 = CIRCLE ( 'NONE', #179, 1.100000000000001200 ) ;
#181 = CARTESIAN_POINT ( 'NONE',  ( 7.150000000000003000, -7.000000000000000900, 2.250000000000000000 ) ) ;
#182 = CARTESIAN_POINT ( 'NONE',  ( -3.500000000000001300, -13.25000000000000200, 1.250000000000000000 ) ) ;
#183 = DIRECTION ( 'NONE',  ( 0.0000000000000000000, 0.0000000000000000000, 1.000000000000000000 ) ) ;
#184 = DIRECTION ( 'NONE',  ( 0.0000000000000000000, 1.000000000000000000, 0.0000000000000000000 ) ) ;
#185 = CARTESIAN_POINT ( 'NONE',  ( -3.500000000000001300, -13.25000000000000200, 0.0000000000000000000 ) ) ;
#186 = AXIS2_PLACEMENT_3D ( 'NONE', #185, #184, #183 ) ;
#187 = CARTESIAN_POINT ( 'NONE',  ( 8.250000000000003600, 3.999999999999998200, -2.250049999999999900 ) ) ;
#188 = AXIS2_PLACEMENT_3D ( 'NONE', #187, #219, #218 ) ;
#189 = ADVANCED_FACE ( 'NONE', ( #764 ), #805, .F. ) ;
#190 = CYLINDRICAL_SURFACE ( 'NONE', #188, 1.100000000000000300 ) ;
#191 = FACE_OUTER_BOUND ( 'NONE', #351, .T. ) ;
#192 = CARTESIAN_POINT ( 'NONE',  ( 0.1000000000000000100, 1.224606353822377300E-016, -1.000000000000000000 ) ) ;
#193 = ORIENTED_EDGE ( 'NONE', *, *, #231, .T. ) ;
#194 = VECTOR ( 'NONE', #201, 1000.000000000000000 ) ;
#195 = DIRECTION ( 'NONE',  ( 0.0000000000000000000, 0.0000000000000000000, 1.000000000000000000 ) ) ;
#196 = DIRECTION ( 'NONE',  ( 0.0000000000000000000, 1.000000000000000000, 0.0000000000000000000 ) ) ;
#197 = CARTESIAN_POINT ( 'NONE',  ( -9.999999999999994700, -8.750000000000000000, 2.250000000000000000 ) ) ;
#199 = ORIENTED_EDGE ( 'NONE', *, *, #388, .F. ) ;
#198 = AXIS2_PLACEMENT_3D ( 'NONE', #197, #196, #195 ) ;
#200 = PLANE ( 'NONE',  #198 ) ;
#201 = DIRECTION ( 'NONE',  ( 0.0000000000000000000, 0.0000000000000000000, -1.000000000000000000 ) ) ;
#202 = FACE_OUTER_BOUND ( 'NONE', #246, .T. ) ;
#203 = DIRECTION ( 'NONE',  ( 0.0000000000000000000, 1.000000000000000000, 0.0000000000000000000 ) ) ;
#204 = VECTOR ( 'NONE', #203, 1000.000000000000000 ) ;
#205 = CARTESIAN_POINT ( 'NONE',  ( -3.500000000000001300, -38.25000000000000700, 1.250000000000000000 ) ) ;
#206 = LINE ( 'NONE', #205, #204 ) ;
#207 = CARTESIAN_POINT ( 'NONE',  ( 7.150000000000003000, -7.000000000000000900, -2.250050000000000300 ) ) ;
#208 = LINE ( 'NONE', #207, #223 ) ;
#209 = CARTESIAN_POINT ( 'NONE',  ( 0.0000000000000000000, 1.224606353822377300E-016, -1.000000000000000000 ) ) ;
#210 = CARTESIAN_POINT ( 'NONE',  ( 9.350000000000005000, -7.000000000000000900, 2.250000000000000000 ) ) ;
#211 = DIRECTION ( 'NONE',  ( -1.000000000000000000, 0.0000000000000000000, 0.0000000000000000000 ) ) ;
#212 = DIRECTION ( 'NONE',  ( 0.0000000000000000000, 0.0000000000000000000, -1.000000000000000000 ) ) ;
#213 = DIRECTION ( 'NONE',  ( 0.0000000000000000000, 0.0000000000000000000, 1.000000000000000000 ) ) ;
#214 = VECTOR ( 'NONE', #213, 1000.000000000000000 ) ;
#215 = CARTESIAN_POINT ( 'NONE',  ( 9.350000000000005000, -7.000000000000000900, -2.250050000000000300 ) ) ;
#216 = LINE ( 'NONE', #215, #214 ) ;
#217 = CIRCLE ( 'NONE', #186, 1.250000000000000000 ) ;
#218 = DIRECTION ( 'NONE',  ( 1.000000000000000000, 0.0000000000000000000, 0.0000000000000000000 ) ) ;
#219 = DIRECTION ( 'NONE',  ( 0.0000000000000000000, 0.0000000000000000000, 1.000000000000000000 ) ) ;
#220 = EDGE_LOOP ( 'NONE', ( #199, #395, #396, #397 ) ) ;
#221 = ORIENTED_EDGE ( 'NONE', *, *, #273, .T. ) ;
#222 = DIRECTION ( 'NONE',  ( 0.0000000000000000000, 0.0000000000000000000, 1.000000000000000000 ) ) ;
#223 = VECTOR ( 'NONE', #222, 1000.000000000000000 ) ;
#224 = CARTESIAN_POINT ( 'NONE',  ( 0.1000000000000000100, 1.224606353822377300E-016, -1.000000000000000000 ) ) ;
#225 = LINE ( 'NONE', #224, #227 ) ;
#226 = DIRECTION ( 'NONE',  ( -1.000000000000000000, 0.0000000000000000000, 0.0000000000000000000 ) ) ;
#227 = VECTOR ( 'NONE', #226, 1000.000000000000000 ) ;
#228 = CARTESIAN_POINT ( 'NONE',  ( 0.1000000000000000100, 0.0000000000000000000, 1.000000000000000000 ) ) ;
#229 = EDGE_LOOP ( 'NONE', ( #193, #221 ) ) ;
#230 = ADVANCED_FACE ( 'NONE', ( #806 ), #801, .T. ) ;
#231 = EDGE_CURVE ( 'NONE', #352, #274, #796, .T. ) ;
#232 = ORIENTED_EDGE ( 'NONE', *, *, #279, .T. ) ;
#233 = ORIENTED_EDGE ( 'NONE', *, *, #289, .T. ) ;
#234 = ORIENTED_EDGE ( 'NONE', *, *, #231, .F. ) ;
#235 = ORIENTED_EDGE ( 'NONE', *, *, #354, .F. ) ;
#236 = EDGE_LOOP ( 'NONE', ( #235, #234, #233, #232 ) ) ;
#237 = ORIENTED_EDGE ( 'NONE', *, *, #245, .F. ) ;
#238 = ADVANCED_FACE ( 'NONE', ( #791 ), #790, .F. ) ;
#239 = EDGE_LOOP ( 'NONE', ( #240, #237 ) ) ;
#240 = ORIENTED_EDGE ( 'NONE', *, *, #293, .F. ) ;
#241 = ADVANCED_FACE ( 'NONE', ( #784 ), #789, .F. ) ;
#242 = ORIENTED_EDGE ( 'NONE', *, *, #523, .F. ) ;
#243 = ORIENTED_EDGE ( 'NONE', *, *, #245, .T. ) ;
#244 = ORIENTED_EDGE ( 'NONE', *, *, #431, .T. ) ;
#245 = EDGE_CURVE ( 'NONE', #295, #294, #1023, .T. ) ;
#246 = EDGE_LOOP ( 'NONE', ( #247, #251, #254, #257, #260, #263 ) ) ;
#247 = ORIENTED_EDGE ( 'NONE', *, *, #248, .F. ) ;
#248 = EDGE_CURVE ( 'NONE', #249, #250, #892, .T. ) ;
#249 = VERTEX_POINT ( 'NONE', #888 ) ;
#250 = VERTEX_POINT ( 'NONE', #887 ) ;
#251 = ORIENTED_EDGE ( 'NONE', *, *, #252, .F. ) ;
#252 = EDGE_CURVE ( 'NONE', #253, #249, #886, .T. ) ;
#253 = VERTEX_POINT ( 'NONE', #882 ) ;
#254 = ORIENTED_EDGE ( 'NONE', *, *, #255, .F. ) ;
#255 = EDGE_CURVE ( 'NONE', #256, #253, #881, .T. ) ;
#256 = VERTEX_POINT ( 'NONE', #877 ) ;
#257 = ORIENTED_EDGE ( 'NONE', *, *, #258, .F. ) ;
#258 = EDGE_CURVE ( 'NONE', #259, #256, #876, .T. ) ;
#259 = VERTEX_POINT ( 'NONE', #872 ) ;
#260 = ORIENTED_EDGE ( 'NONE', *, *, #261, .T. ) ;
#261 = EDGE_CURVE ( 'NONE', #259, #262, #871, .T. ) ;
#262 = VERTEX_POINT ( 'NONE', #867 ) ;
#263 = ORIENTED_EDGE ( 'NONE', *, *, #264, .T. ) ;
#264 = EDGE_CURVE ( 'NONE', #262, #250, #866, .T. ) ;
#265 = ADVANCED_FACE ( 'NONE', ( #862 ), #861, .F. ) ;
#266 = EDGE_LOOP ( 'NONE', ( #267, #390, #391, #394 ) ) ;
#267 = ORIENTED_EDGE ( 'NONE', *, *, #268, .T. ) ;
#268 = EDGE_CURVE ( 'NONE', #269, #262, #856, .T. ) ;
#269 = VERTEX_POINT ( 'NONE', #852 ) ;
#270 = ADVANCED_FACE ( 'NONE', ( #851 ), #850, .F. ) ;
#271 = EDGE_LOOP ( 'NONE', ( #272, #353, #286, #288 ) ) ;
#272 = ORIENTED_EDGE ( 'NONE', *, *, #273, .F. ) ;
#273 = EDGE_CURVE ( 'NONE', #274, #352, #849, .T. ) ;
#274 = VERTEX_POINT ( 'NONE', #840 ) ;
#275 = EDGE_CURVE ( 'NONE', #393, #269, #839, .T. ) ;
#276 = ADVANCED_FACE ( 'NONE', ( #835, #834 ), #833, .F. ) ;
#277 = EDGE_LOOP ( 'NONE', ( #278, #280 ) ) ;
#278 = ORIENTED_EDGE ( 'NONE', *, *, #279, .F. ) ;
#279 = EDGE_CURVE ( 'NONE', #356, #355, #957, .T. ) ;
#280 = ORIENTED_EDGE ( 'NONE', *, *, #287, .F. ) ;
#281 = EDGE_LOOP ( 'NONE', ( #282, #379, #382, #347, #348 ) ) ;
#282 = ORIENTED_EDGE ( 'NONE', *, *, #283, .T. ) ;
#283 = EDGE_CURVE ( 'NONE', #284, #285, #952, .T. ) ;
#284 = VERTEX_POINT ( 'NONE', #948 ) ;
#285 = VERTEX_POINT ( 'NONE', #947 ) ;
#286 = ORIENTED_EDGE ( 'NONE', *, *, #287, .T. ) ;
#287 = EDGE_CURVE ( 'NONE', #355, #356, #946, .T. ) ;
#288 = ORIENTED_EDGE ( 'NONE', *, *, #289, .F. ) ;
#289 = EDGE_CURVE ( 'NONE', #352, #356, #941, .T. ) ;
#290 = ADVANCED_FACE ( 'NONE', ( #937 ), #935, .T. ) ;
#291 = EDGE_LOOP ( 'NONE', ( #292, #296, #299, #430 ) ) ;
#292 = ORIENTED_EDGE ( 'NONE', *, *, #293, .T. ) ;
#293 = EDGE_CURVE ( 'NONE', #294, #295, #930, .T. ) ;
#294 = VERTEX_POINT ( 'NONE', #926 ) ;
#295 = VERTEX_POINT ( 'NONE', #925 ) ;
#296 = ORIENTED_EDGE ( 'NONE', *, *, #297, .T. ) ;
#297 = EDGE_CURVE ( 'NONE', #295, #298, #924, .T. ) ;
#298 = VERTEX_POINT ( 'NONE', #920 ) ;
#299 = ORIENTED_EDGE ( 'NONE', *, *, #428, .F. ) ;
#300 = VERTEX_POINT ( 'NONE', #919 ) ;
#301 = ORIENTED_EDGE ( 'NONE', *, *, #302, .F. ) ;
#302 = EDGE_CURVE ( 'NONE', #300, #284, #918, .T. ) ;
#303 = VERTEX_POINT ( 'NONE', #914 ) ;
#304 = ORIENTED_EDGE ( 'NONE', *, *, #305, .F. ) ;
#305 = EDGE_CURVE ( 'NONE', #303, #300, #913, .T. ) ;
#306 = ORIENTED_EDGE ( 'NONE', *, *, #307, .F. ) ;
#307 = EDGE_CURVE ( 'NONE', #250, #303, #909, .T. ) ;
#308 = ORIENTED_EDGE ( 'NONE', *, *, #264, .F. ) ;
#309 = ADVANCED_FACE ( 'NONE', ( #905 ), #904, .F. ) ;
#310 = EDGE_LOOP ( 'NONE', ( #311, #522, #536, #538 ) ) ;
#311 = ORIENTED_EDGE ( 'NONE', *, *, #248, .T. ) ;
#312 = ORIENTED_EDGE ( 'NONE', *, *, #268, .F. ) ;
#313 = ORIENTED_EDGE ( 'NONE', *, *, #345, .F. ) ;
#314 = ORIENTED_EDGE ( 'NONE', *, *, #283, .F. ) ;
#315 = ORIENTED_EDGE ( 'NONE', *, *, #384, .T. ) ;
#316 = EDGE_LOOP ( 'NONE', ( #312, #313, #314, #301, #304, #306, #308 ) ) ;
#317 = ORIENTED_EDGE ( 'NONE', *, *, #318, .T. ) ;
#318 = EDGE_CURVE ( 'NONE', #362, #369, #899, .T. ) ;
#319 = ORIENTED_EDGE ( 'NONE', *, *, #320, .T. ) ;
#320 = EDGE_CURVE ( 'NONE', #386, #385, #1060, .T. ) ;
#321 = EDGE_LOOP ( 'NONE', ( #319, #315 ) ) ;
#322 = ORIENTED_EDGE ( 'NONE', *, *, #358, .T. ) ;
#323 = ADVANCED_FACE ( 'NONE', ( #1055, #1054, #1053 ), #1052, .F. ) ;
#324 = EDGE_LOOP ( 'NONE', ( #317, #322 ) ) ;
#325 = ORIENTED_EDGE ( 'NONE', *, *, #392, .T. ) ;
#326 = ORIENTED_EDGE ( 'NONE', *, *, #258, .T. ) ;
#327 = ORIENTED_EDGE ( 'NONE', *, *, #350, .T. ) ;
#328 = ORIENTED_EDGE ( 'NONE', *, *, #375, .F. ) ;
#329 = ORIENTED_EDGE ( 'NONE', *, *, #342, .T. ) ;
#330 = EDGE_LOOP ( 'NONE', ( #325, #326, #327, #329 ) ) ;
#331 = ORIENTED_EDGE ( 'NONE', *, *, #332, .F. ) ;
#332 = EDGE_CURVE ( 'NONE', #376, #389, #1047, .T. ) ;
#333 = ADVANCED_FACE ( 'NONE', ( #1042, #1041, #1040 ), #1039, .T. ) ;
#334 = EDGE_LOOP ( 'NONE', ( #331, #328 ) ) ;
#335 = EDGE_LOOP ( 'NONE', ( #338, #337 ) ) ;
#336 = ORIENTED_EDGE ( 'NONE', *, *, #380, .T. ) ;
#337 = ORIENTED_EDGE ( 'NONE', *, *, #359, .F. ) ;
#338 = ORIENTED_EDGE ( 'NONE', *, *, #339, .F. ) ;
#339 = EDGE_CURVE ( 'NONE', #360, #372, #1034, .T. ) ;
#340 = ORIENTED_EDGE ( 'NONE', *, *, #345, .T. ) ;
#341 = ORIENTED_EDGE ( 'NONE', *, *, #342, .F. ) ;
#342 = EDGE_CURVE ( 'NONE', #381, #393, #1029, .T. ) ;
#343 = EDGE_LOOP ( 'NONE', ( #340, #346, #341, #336 ) ) ;
#344 = ADVANCED_FACE ( 'NONE', ( #1025 ), #1024, .F. ) ;
#345 = EDGE_CURVE ( 'NONE', #285, #269, #1085, .T. ) ;
#346 = ORIENTED_EDGE ( 'NONE', *, *, #275, .F. ) ;
#347 = ORIENTED_EDGE ( 'NONE', *, *, #255, .T. ) ;
#348 = ORIENTED_EDGE ( 'NONE', *, *, #349, .T. ) ;
#349 = EDGE_CURVE ( 'NONE', #253, #284, #1081, .T. ) ;
#350 = EDGE_CURVE ( 'NONE', #256, #381, #1077, .T. ) ;
#351 = EDGE_LOOP ( 'NONE', ( #437, #503, #555, #557 ) ) ;
#352 = VERTEX_POINT ( 'NONE', #1073 ) ;
#353 = ORIENTED_EDGE ( 'NONE', *, *, #354, .T. ) ;
#354 = EDGE_CURVE ( 'NONE', #274, #355, #1072, .T. ) ;
#355 = VERTEX_POINT ( 'NONE', #1068 ) ;
#356 = VERTEX_POINT ( 'NONE', #1067 ) ;
#357 = ORIENTED_EDGE ( 'NONE', *, *, #358, .F. ) ;
#358 = EDGE_CURVE ( 'NONE', #369, #362, #1066, .T. ) ;
#359 = EDGE_CURVE ( 'NONE', #372, #360, #1061, .T. ) ;
#360 = VERTEX_POINT ( 'NONE', #988 ) ;
#361 = MANIFOLD_SOLID_BREP ( 'NONE', #409 ) ;
#362 = VERTEX_POINT ( 'NONE', #987 ) ;
#363 = ORIENTED_EDGE ( 'NONE', *, *, #371, .T. ) ;
#364 = ORIENTED_EDGE ( 'NONE', *, *, #365, .F. ) ;
#365 = EDGE_CURVE ( 'NONE', #362, #360, #986, .T. ) ;
#366 = ADVANCED_FACE ( 'NONE', ( #982 ), #981, .F. ) ;
#367 = EDGE_LOOP ( 'NONE', ( #383, #387, #374, #377 ) ) ;
#368 = EDGE_LOOP ( 'NONE', ( #357, #363, #373, #364 ) ) ;
#369 = VERTEX_POINT ( 'NONE', #976 ) ;
#370 = ADVANCED_FACE ( 'NONE', ( #975 ), #974, .F. ) ;
#371 = EDGE_CURVE ( 'NONE', #369, #372, #969, .T. ) ;
#372 = VERTEX_POINT ( 'NONE', #965 ) ;
#373 = ORIENTED_EDGE ( 'NONE', *, *, #359, .T. ) ;
#374 = ORIENTED_EDGE ( 'NONE', *, *, #375, .T. ) ;
#375 = EDGE_CURVE ( 'NONE', #389, #376, #964, .T. ) ;
#376 = VERTEX_POINT ( 'NONE', #959 ) ;
#377 = ORIENTED_EDGE ( 'NONE', *, *, #378, .F. ) ;
#378 = EDGE_CURVE ( 'NONE', #386, #376, #1020, .T. ) ;
#379 = ORIENTED_EDGE ( 'NONE', *, *, #380, .F. ) ;
#380 = EDGE_CURVE ( 'NONE', #381, #285, #1016, .T. ) ;
#381 = VERTEX_POINT ( 'NONE', #1012 ) ;
#382 = ORIENTED_EDGE ( 'NONE', *, *, #350, .F. ) ;
#383 = ORIENTED_EDGE ( 'NONE', *, *, #384, .F. ) ;
#384 = EDGE_CURVE ( 'NONE', #385, #386, #1011, .T. ) ;
#385 = VERTEX_POINT ( 'NONE', #1006 ) ;
#386 = VERTEX_POINT ( 'NONE', #1005 ) ;
#387 = ORIENTED_EDGE ( 'NONE', *, *, #388, .T. ) ;
#388 = EDGE_CURVE ( 'NONE', #385, #389, #1004, .T. ) ;
#389 = VERTEX_POINT ( 'NONE', #1000 ) ;
#390 = ORIENTED_EDGE ( 'NONE', *, *, #261, .F. ) ;
#391 = ORIENTED_EDGE ( 'NONE', *, *, #392, .F. ) ;
#392 = EDGE_CURVE ( 'NONE', #393, #259, #999, .T. ) ;
#393 = VERTEX_POINT ( 'NONE', #995 ) ;
#394 = ORIENTED_EDGE ( 'NONE', *, *, #275, .T. ) ;
#395 = ORIENTED_EDGE ( 'NONE', *, *, #320, .F. ) ;
#396 = ORIENTED_EDGE ( 'NONE', *, *, #378, .T. ) ;
#397 = ORIENTED_EDGE ( 'NONE', *, *, #332, .T. ) ;
#398 = ADVANCED_FACE ( 'NONE', ( #994 ), #1106, .F. ) ;
#399 = EDGE_LOOP ( 'NONE', ( #400, #401, #404, #405 ) ) ;
#400 = ORIENTED_EDGE ( 'NONE', *, *, #371, .F. ) ;
#401 = ORIENTED_EDGE ( 'NONE', *, *, #318, .F. ) ;
#402 = ADVANCED_FACE ( 'NONE', ( #1108, #1107 ), #1101, .F. ) ;
#403 = ORIENTED_EDGE ( 'NONE', *, *, #428, .T. ) ;
#404 = ORIENTED_EDGE ( 'NONE', *, *, #365, .T. ) ;
#405 = ORIENTED_EDGE ( 'NONE', *, *, #339, .T. ) ;
#406 = MANIFOLD_SOLID_BREP ( 'NONE', #734 ) ;
#407 = ADVANCED_FACE ( 'NONE', ( #1100 ), #1094, .F. ) ;
#408 = EDGE_LOOP ( 'NONE', ( #410, #414, #525, #528 ) ) ;
#409 = CLOSED_SHELL ( 'NONE', ( #241, #685, #290, #402, #309, #554, #547, #323, #432, #276, #344, #265, #370, #189, #366, #398, #333, #270, #238, #230 ) ) ;
#410 = ORIENTED_EDGE ( 'NONE', *, *, #411, .T. ) ;
#411 = EDGE_CURVE ( 'NONE', #412, #413, #1090, .T. ) ;
#412 = VERTEX_POINT ( 'NONE', #228 ) ;
#413 = VERTEX_POINT ( 'NONE', #192 ) ;
#414 = ORIENTED_EDGE ( 'NONE', *, *, #415, .T. ) ;
#415 = EDGE_CURVE ( 'NONE', #413, #416, #225, .T. ) ;
#416 = VERTEX_POINT ( 'NONE', #209 ) ;
#417 = ORIENTED_EDGE ( 'NONE', *, *, #418, .T. ) ;
#418 = EDGE_CURVE ( 'NONE', #535, #419, #208, .T. ) ;
#419 = VERTEX_POINT ( 'NONE', #181 ) ;
#420 = ORIENTED_EDGE ( 'NONE', *, *, #421, .F. ) ;
#421 = EDGE_CURVE ( 'NONE', #422, #419, #180, .T. ) ;
#422 = VERTEX_POINT ( 'NONE', #210 ) ;
#423 = ORIENTED_EDGE ( 'NONE', *, *, #424, .F. ) ;
#424 = EDGE_CURVE ( 'NONE', #534, #422, #216, .T. ) ;
#425 = ADVANCED_FACE ( 'NONE', ( #191 ), #190, .F. ) ;
#426 = ORIENTED_EDGE ( 'NONE', *, *, #537, .T. ) ;
#427 = EDGE_LOOP ( 'NONE', ( #426, #541, #542, #545 ) ) ;
#428 = EDGE_CURVE ( 'NONE', #429, #298, #217, .T. ) ;
#429 = VERTEX_POINT ( 'NONE', #182 ) ;
#430 = ORIENTED_EDGE ( 'NONE', *, *, #431, .F. ) ;
#431 = EDGE_CURVE ( 'NONE', #294, #429, #206, .T. ) ;
#432 = ADVANCED_FACE ( 'NONE', ( #202 ), #200, .F. ) ;
#433 = EDGE_CURVE ( 'NONE', #720, #726, #15, .T. ) ;
#434 = EDGE_LOOP ( 'NONE', ( #435, #588, #591, #594 ) ) ;
#435 = ORIENTED_EDGE ( 'NONE', *, *, #436, .F. ) ;
#436 = EDGE_CURVE ( 'NONE', #586, #587, #11, .T. ) ;
#437 = ORIENTED_EDGE ( 'NONE', *, *, #438, .T. ) ;
#438 = EDGE_CURVE ( 'NONE', #439, #440, #6, .T. ) ;
#439 = VERTEX_POINT ( 'NONE', #75 ) ;
#440 = VERTEX_POINT ( 'NONE', #88 ) ;
#441 = EDGE_CURVE ( 'NONE', #442, #578, #24, .T. ) ;
#442 = VERTEX_POINT ( 'NONE', #74 ) ;
#443 = ORIENTED_EDGE ( 'NONE', *, *, #444, .F. ) ;
#444 = EDGE_CURVE ( 'NONE', #445, #442, #20, .T. ) ;
#445 = VERTEX_POINT ( 'NONE', #16 ) ;
#446 = ORIENTED_EDGE ( 'NONE', *, *, #447, .T. ) ;
#447 = EDGE_CURVE ( 'NONE', #445, #513, #60, .T. ) ;
#448 = ORIENTED_EDGE ( 'NONE', *, *, #580, .F. ) ;
#449 = ADVANCED_FACE ( 'NONE', ( #85 ), #84, .F. ) ;
#450 = EDGE_LOOP ( 'NONE', ( #451, #454, #457, #459, #460, #462 ) ) ;
#451 = ORIENTED_EDGE ( 'NONE', *, *, #452, .F. ) ;
#452 = EDGE_CURVE ( 'NONE', #453, #572, #79, .T. ) ;
#453 = VERTEX_POINT ( 'NONE', #83 ) ;
#454 = ORIENTED_EDGE ( 'NONE', *, *, #455, .T. ) ;
#455 = EDGE_CURVE ( 'NONE', #453, #456, #82, .T. ) ;
#456 = VERTEX_POINT ( 'NONE', #22 ) ;
#457 = ORIENTED_EDGE ( 'NONE', *, *, #458, .T. ) ;
#458 = EDGE_CURVE ( 'NONE', #456, #468, #21, .T. ) ;
#459 = ORIENTED_EDGE ( 'NONE', *, *, #518, .F. ) ;
#460 = ORIENTED_EDGE ( 'NONE', *, *, #461, .F. ) ;
#461 = EDGE_CURVE ( 'NONE', #575, #516, #26, .T. ) ;
#462 = ORIENTED_EDGE ( 'NONE', *, *, #574, .T. ) ;
#463 = ADVANCED_FACE ( 'NONE', ( #41, #40, #39, #38, #37 ), #69, .F. ) ;
#464 = EDGE_LOOP ( 'NONE', ( #717, #721, #724, #727 ) ) ;
#465 = EDGE_LOOP ( 'NONE', ( #466, #470, #473, #517 ) ) ;
#466 = ORIENTED_EDGE ( 'NONE', *, *, #467, .T. ) ;
#467 = EDGE_CURVE ( 'NONE', #468, #469, #64, .T. ) ;
#468 = VERTEX_POINT ( 'NONE', #33 ) ;
#469 = VERTEX_POINT ( 'NONE', #32 ) ;
#470 = ORIENTED_EDGE ( 'NONE', *, *, #471, .T. ) ;
#471 = EDGE_CURVE ( 'NONE', #469, #472, #31, .T. ) ;
#472 = VERTEX_POINT ( 'NONE', #56 ) ;
#473 = ORIENTED_EDGE ( 'NONE', *, *, #474, .F. ) ;
#474 = EDGE_CURVE ( 'NONE', #516, #472, #55, .T. ) ;
#475 = EDGE_LOOP ( 'NONE', ( #476, #477 ) ) ;
#476 = ORIENTED_EDGE ( 'NONE', *, *, #533, .F. ) ;
#477 = ORIENTED_EDGE ( 'NONE', *, *, #498, .F. ) ;
#478 = ORIENTED_EDGE ( 'NONE', *, *, #598, .T. ) ;
#479 = ORIENTED_EDGE ( 'NONE', *, *, #610, .T. ) ;
#480 = ORIENTED_EDGE ( 'NONE', *, *, #617, .T. ) ;
#481 = ADVANCED_FACE ( 'NONE', ( #51 ), #50, .F. ) ;
#482 = EDGE_LOOP ( 'NONE', ( #687, #689, #690, #691 ) ) ;
#483 = EDGE_LOOP ( 'NONE', ( #494, #486, #484, #485, #606, #607 ) ) ;
#484 = ORIENTED_EDGE ( 'NONE', *, *, #441, .T. ) ;
#485 = ORIENTED_EDGE ( 'NONE', *, *, #577, .T. ) ;
#486 = ORIENTED_EDGE ( 'NONE', *, *, #487, .T. ) ;
#487 = EDGE_CURVE ( 'NONE', #496, #442, #44, .T. ) ;
#488 = ORIENTED_EDGE ( 'NONE', *, *, #566, .F. ) ;
#489 = ORIENTED_EDGE ( 'NONE', *, *, #490, .T. ) ;
#490 = EDGE_CURVE ( 'NONE', #564, #563, #121, .T. ) ;
#491 = ORIENTED_EDGE ( 'NONE', *, *, #508, .T. ) ;
#492 = ORIENTED_EDGE ( 'NONE', *, *, #603, .F. ) ;
#493 = ORIENTED_EDGE ( 'NONE', *, *, #556, .T. ) ;
#494 = ORIENTED_EDGE ( 'NONE', *, *, #495, .T. ) ;
#495 = EDGE_CURVE ( 'NONE', #472, #496, #98, .T. ) ;
#496 = VERTEX_POINT ( 'NONE', #141 ) ;
#497 = EDGE_CURVE ( 'NONE', #505, #506, #120, .T. ) ;
#498 = EDGE_CURVE ( 'NONE', #535, #534, #112, .T. ) ;
#499 = EDGE_LOOP ( 'NONE', ( #500, #621 ) ) ;
#500 = ORIENTED_EDGE ( 'NONE', *, *, #438, .F. ) ;
#501 = EDGE_LOOP ( 'NONE', ( #623, #626, #628, #629, #630, #633, #702, #704, #705 ) ) ;
#502 = ORIENTED_EDGE ( 'NONE', *, *, #497, .T. ) ;
#503 = ORIENTED_EDGE ( 'NONE', *, *, #504, .T. ) ;
#504 = EDGE_CURVE ( 'NONE', #440, #505, #138, .T. ) ;
#505 = VERTEX_POINT ( 'NONE', #134 ) ;
#506 = VERTEX_POINT ( 'NONE', #140 ) ;
#507 = ORIENTED_EDGE ( 'NONE', *, *, #508, .F. ) ;
#508 = EDGE_CURVE ( 'NONE', #563, #570, #139, .T. ) ;
#509 = ADVANCED_FACE ( 'NONE', ( #147, #146 ), #145, .F. ) ;
#510 = EDGE_LOOP ( 'NONE', ( #511, #515, #573, #576, #579 ) ) ;
#511 = ORIENTED_EDGE ( 'NONE', *, *, #512, .T. ) ;
#512 = EDGE_CURVE ( 'NONE', #513, #514, #97, .T. ) ;
#513 = VERTEX_POINT ( 'NONE', #117 ) ;
#514 = VERTEX_POINT ( 'NONE', #116 ) ;
#515 = ORIENTED_EDGE ( 'NONE', *, *, #571, .F. ) ;
#516 = VERTEX_POINT ( 'NONE', #115 ) ;
#517 = ORIENTED_EDGE ( 'NONE', *, *, #518, .T. ) ;
#518 = EDGE_CURVE ( 'NONE', #516, #468, #126, .T. ) ;
#519 = ADVANCED_FACE ( 'NONE', ( #122 ), #111, .F. ) ;
#520 = EDGE_LOOP ( 'NONE', ( #521, #443, #446, #448 ) ) ;
#521 = ORIENTED_EDGE ( 'NONE', *, *, #441, .F. ) ;
#522 = ORIENTED_EDGE ( 'NONE', *, *, #307, .T. ) ;
#523 = EDGE_CURVE ( 'NONE', #298, #429, #106, .T. ) ;
#524 = EDGE_LOOP ( 'NONE', ( #403, #539 ) ) ;
#525 = ORIENTED_EDGE ( 'NONE', *, *, #526, .F. ) ;
#526 = EDGE_CURVE ( 'NONE', #527, #416, #45, .T. ) ;
#527 = VERTEX_POINT ( 'NONE', #168 ) ;
#528 = ORIENTED_EDGE ( 'NONE', *, *, #529, .F. ) ;
#529 = EDGE_CURVE ( 'NONE', #412, #527, #173, .T. ) ;
#530 = ADVANCED_FACE ( 'NONE', ( #169 ), #176, .F. ) ;
#531 = EDGE_LOOP ( 'NONE', ( #532, #417, #420, #423 ) ) ;
#532 = ORIENTED_EDGE ( 'NONE', *, *, #533, .T. ) ;
#533 = EDGE_CURVE ( 'NONE', #534, #535, #177, .T. ) ;
#534 = VERTEX_POINT ( 'NONE', #159 ) ;
#535 = VERTEX_POINT ( 'NONE', #158 ) ;
#536 = ORIENTED_EDGE ( 'NONE', *, *, #537, .F. ) ;
#537 = EDGE_CURVE ( 'NONE', #540, #303, #165, .T. ) ;
#538 = ORIENTED_EDGE ( 'NONE', *, *, #680, .F. ) ;
#539 = ORIENTED_EDGE ( 'NONE', *, *, #523, .T. ) ;
#540 = VERTEX_POINT ( 'NONE', #166 ) ;
#541 = ORIENTED_EDGE ( 'NONE', *, *, #305, .T. ) ;
#542 = ORIENTED_EDGE ( 'NONE', *, *, #543, .F. ) ;
#543 = EDGE_CURVE ( 'NONE', #544, #300, #101, .T. ) ;
#544 = VERTEX_POINT ( 'NONE', #1401 ) ;
#545 = ORIENTED_EDGE ( 'NONE', *, *, #546, .F. ) ;
#546 = EDGE_CURVE ( 'NONE', #540, #544, #1396, .T. ) ;
#547 = ADVANCED_FACE ( 'NONE', ( #1377 ), #1400, .F. ) ;
#548 = EDGE_LOOP ( 'NONE', ( #549, #550, #551, #552 ) ) ;
#549 = ORIENTED_EDGE ( 'NONE', *, *, #543, .T. ) ;
#550 = ORIENTED_EDGE ( 'NONE', *, *, #302, .T. ) ;
#551 = ORIENTED_EDGE ( 'NONE', *, *, #349, .F. ) ;
#552 = ORIENTED_EDGE ( 'NONE', *, *, #553, .F. ) ;
#553 = EDGE_CURVE ( 'NONE', #544, #253, #1381, .T. ) ;
#554 = ADVANCED_FACE ( 'NONE', ( #1382 ), #1388, .T. ) ;
#555 = ORIENTED_EDGE ( 'NONE', *, *, #556, .F. ) ;
#556 = EDGE_CURVE ( 'NONE', #506, #505, #1393, .T. ) ;
#557 = ORIENTED_EDGE ( 'NONE', *, *, #558, .F. ) ;
#558 = EDGE_CURVE ( 'NONE', #439, #506, #1112, .T. ) ;
#559 = ADVANCED_FACE ( 'NONE', ( #1412 ), #1413, .T. ) ;
#560 = EDGE_LOOP ( 'NONE', ( #561, #565, #568, #507 ) ) ;
#561 = ORIENTED_EDGE ( 'NONE', *, *, #562, .T. ) ;
#562 = EDGE_CURVE ( 'NONE', #563, #564, #1424, .T. ) ;
#563 = VERTEX_POINT ( 'NONE', #1430 ) ;
#564 = VERTEX_POINT ( 'NONE', #1427 ) ;
#565 = ORIENTED_EDGE ( 'NONE', *, *, #566, .T. ) ;
#566 = EDGE_CURVE ( 'NONE', #564, #567, #1432, .T. ) ;
#567 = VERTEX_POINT ( 'NONE', #1433 ) ;
#568 = ORIENTED_EDGE ( 'NONE', *, *, #569, .F. ) ;
#569 = EDGE_CURVE ( 'NONE', #570, #567, #1408, .T. ) ;
#570 = VERTEX_POINT ( 'NONE', #1441 ) ;
#571 = EDGE_CURVE ( 'NONE', #572, #514, #1436, .T. ) ;
#572 = VERTEX_POINT ( 'NONE', #1437 ) ;
#573 = ORIENTED_EDGE ( 'NONE', *, *, #574, .F. ) ;
#574 = EDGE_CURVE ( 'NONE', #575, #572, #1402, .T. ) ;
#575 = VERTEX_POINT ( 'NONE', #1452 ) ;
#576 = ORIENTED_EDGE ( 'NONE', *, *, #577, .F. ) ;
#577 = EDGE_CURVE ( 'NONE', #578, #575, #1512, .T. ) ;
#578 = VERTEX_POINT ( 'NONE', #1471 ) ;
#579 = ORIENTED_EDGE ( 'NONE', *, *, #580, .T. ) ;
#580 = EDGE_CURVE ( 'NONE', #578, #513, #1470, .T. ) ;
#581 = EDGE_LOOP ( 'NONE', ( #582, #583 ) ) ;
#582 = ORIENTED_EDGE ( 'NONE', *, *, #526, .T. ) ;
#583 = ORIENTED_EDGE ( 'NONE', *, *, #584, .T. ) ;
#584 = EDGE_CURVE ( 'NONE', #416, #527, #1465, .T. ) ;
#585 = ADVANCED_FACE ( 'NONE', ( #1466 ), #1473, .F. ) ;
#586 = VERTEX_POINT ( 'NONE', #1480 ) ;
#587 = VERTEX_POINT ( 'NONE', #1479 ) ;
#588 = ORIENTED_EDGE ( 'NONE', *, *, #589, .F. ) ;
#589 = EDGE_CURVE ( 'NONE', #590, #586, #1487, .T. ) ;
#590 = VERTEX_POINT ( 'NONE', #1491 ) ;
#591 = ORIENTED_EDGE ( 'NONE', *, *, #592, .F. ) ;
#592 = EDGE_CURVE ( 'NONE', #593, #590, #1490, .T. ) ;
#593 = VERTEX_POINT ( 'NONE', #1493 ) ;
#594 = ORIENTED_EDGE ( 'NONE', *, *, #595, .F. ) ;
#595 = EDGE_CURVE ( 'NONE', #587, #593, #1492, .T. ) ;
#596 = EDGE_LOOP ( 'NONE', ( #597, #714 ) ) ;
#597 = ORIENTED_EDGE ( 'NONE', *, *, #421, .T. ) ;
#598 = EDGE_CURVE ( 'NONE', #572, #712, #1448, .T. ) ;
#599 = ADVANCED_FACE ( 'NONE', ( #1443, #1442 ), #1447, .F. ) ;
#600 = EDGE_LOOP ( 'NONE', ( #601, #602 ) ) ;
#601 = ORIENTED_EDGE ( 'NONE', *, *, #569, .T. ) ;
#602 = ORIENTED_EDGE ( 'NONE', *, *, #603, .T. ) ;
#603 = EDGE_CURVE ( 'NONE', #567, #570, #1459, .T. ) ;
#604 = EDGE_LOOP ( 'NONE', ( #605, #634, #635, #609 ) ) ;
#605 = ORIENTED_EDGE ( 'NONE', *, *, #711, .T. ) ;
#606 = ORIENTED_EDGE ( 'NONE', *, *, #461, .T. ) ;
#607 = ORIENTED_EDGE ( 'NONE', *, *, #474, .T. ) ;
#608 = ADVANCED_FACE ( 'NONE', ( #1460, #1478, #1477 ), #1476, .T. ) ;
#609 = ORIENTED_EDGE ( 'NONE', *, *, #610, .F. ) ;
#610 = EDGE_CURVE ( 'NONE', #712, #637, #1498, .T. ) ;
#611 = ADVANCED_FACE ( 'NONE', ( #1506 ), #1504, .F. ) ;
#612 = EDGE_LOOP ( 'NONE', ( #613, #614, #615, #616 ) ) ;
#613 = ORIENTED_EDGE ( 'NONE', *, *, #636, .T. ) ;
#614 = ORIENTED_EDGE ( 'NONE', *, *, #631, .T. ) ;
#615 = ORIENTED_EDGE ( 'NONE', *, *, #455, .F. ) ;
#616 = ORIENTED_EDGE ( 'NONE', *, *, #617, .F. ) ;
#617 = EDGE_CURVE ( 'NONE', #637, #453, #1517, .T. ) ;
#618 = ADVANCED_FACE ( 'NONE', ( #1519 ), #1518, .T. ) ;
#619 = EDGE_LOOP ( 'NONE', ( #620, #478, #479, #480 ) ) ;
#620 = ORIENTED_EDGE ( 'NONE', *, *, #452, .T. ) ;
#621 = ORIENTED_EDGE ( 'NONE', *, *, #622, .F. ) ;
#622 = EDGE_CURVE ( 'NONE', #440, #439, #1144, .T. ) ;
#623 = ORIENTED_EDGE ( 'NONE', *, *, #624, .F. ) ;
#624 = EDGE_CURVE ( 'NONE', #625, #445, #1139, .T. ) ;
#625 = VERTEX_POINT ( 'NONE', #1135 ) ;
#626 = ORIENTED_EDGE ( 'NONE', *, *, #627, .F. ) ;
#627 = EDGE_CURVE ( 'NONE', #469, #625, #1134, .T. ) ;
#628 = ORIENTED_EDGE ( 'NONE', *, *, #467, .F. ) ;
#629 = ORIENTED_EDGE ( 'NONE', *, *, #458, .F. ) ;
#630 = ORIENTED_EDGE ( 'NONE', *, *, #631, .F. ) ;
#631 = EDGE_CURVE ( 'NONE', #632, #456, #1130, .T. ) ;
#632 = VERTEX_POINT ( 'NONE', #1126 ) ;
#633 = ORIENTED_EDGE ( 'NONE', *, *, #700, .F. ) ;
#634 = ORIENTED_EDGE ( 'NONE', *, *, #700, .T. ) ;
#635 = ORIENTED_EDGE ( 'NONE', *, *, #636, .F. ) ;
#636 = EDGE_CURVE ( 'NONE', #637, #632, #1125, .T. ) ;
#637 = VERTEX_POINT ( 'NONE', #1121 ) ;
#638 = ORIENTED_EDGE ( 'NONE', *, *, #829, .F. ) ;
#639 = ADVANCED_FACE ( 'NONE', ( #1120 ), #1119, .F. ) ;
#640 = EDGE_LOOP ( 'NONE', ( #661, #662, #641, #644 ) ) ;
#641 = ORIENTED_EDGE ( 'NONE', *, *, #642, .F. ) ;
#642 = EDGE_CURVE ( 'NONE', #643, #664, #1114, .T. ) ;
#643 = VERTEX_POINT ( 'NONE', #1173 ) ;
#644 = ORIENTED_EDGE ( 'NONE', *, *, #645, .T. ) ;
#645 = EDGE_CURVE ( 'NONE', #643, #590, #1172, .T. ) ;
#646 = ADVANCED_FACE ( 'NONE', ( #1168 ), #1167, .F. ) ;
#647 = EDGE_LOOP ( 'NONE', ( #648, #649, #650, #665 ) ) ;
#648 = ORIENTED_EDGE ( 'NONE', *, *, #592, .T. ) ;
#649 = ORIENTED_EDGE ( 'NONE', *, *, #645, .F. ) ;
#650 = ORIENTED_EDGE ( 'NONE', *, *, #651, .F. ) ;
#651 = EDGE_CURVE ( 'NONE', #652, #643, #1162, .T. ) ;
#652 = VERTEX_POINT ( 'NONE', #1158 ) ;
#653 = ORIENTED_EDGE ( 'NONE', *, *, #562, .F. ) ;
#654 = ORIENTED_EDGE ( 'NONE', *, *, #490, .F. ) ;
#655 = ADVANCED_FACE ( 'NONE', ( #1157 ), #1155, .F. ) ;
#656 = EDGE_LOOP ( 'NONE', ( #657, #658, #659, #660 ) ) ;
#657 = ORIENTED_EDGE ( 'NONE', *, *, #504, .F. ) ;
#658 = ORIENTED_EDGE ( 'NONE', *, *, #622, .T. ) ;
#659 = ORIENTED_EDGE ( 'NONE', *, *, #558, .T. ) ;
#660 = ORIENTED_EDGE ( 'NONE', *, *, #497, .F. ) ;
#661 = ORIENTED_EDGE ( 'NONE', *, *, #589, .T. ) ;
#662 = ORIENTED_EDGE ( 'NONE', *, *, #663, .F. ) ;
#663 = EDGE_CURVE ( 'NONE', #664, #586, #1151, .T. ) ;
#664 = VERTEX_POINT ( 'NONE', #1147 ) ;
#665 = ORIENTED_EDGE ( 'NONE', *, *, #666, .T. ) ;
#666 = EDGE_CURVE ( 'NONE', #652, #593, #1146, .T. ) ;
#667 = ADVANCED_FACE ( 'NONE', ( #1208 ), #1207, .F. ) ;
#668 = EDGE_LOOP ( 'NONE', ( #669, #670, #671, #674 ) ) ;
#669 = ORIENTED_EDGE ( 'NONE', *, *, #595, .T. ) ;
#670 = ORIENTED_EDGE ( 'NONE', *, *, #666, .F. ) ;
#671 = ORIENTED_EDGE ( 'NONE', *, *, #672, .F. ) ;
#672 = EDGE_CURVE ( 'NONE', #673, #652, #1202, .T. ) ;
#673 = VERTEX_POINT ( 'NONE', #1198 ) ;
#674 = ORIENTED_EDGE ( 'NONE', *, *, #675, .T. ) ;
#675 = EDGE_CURVE ( 'NONE', #673, #587, #1197, .T. ) ;
#676 = ADVANCED_FACE ( 'NONE', ( #1193 ), #1192, .F. ) ;
#677 = ORIENTED_EDGE ( 'NONE', *, *, #297, .F. ) ;
#678 = EDGE_LOOP ( 'NONE', ( #677, #243, #244, #242 ) ) ;
#679 = EDGE_LOOP ( 'NONE', ( #681, #682, #683, #684 ) ) ;
#680 = EDGE_CURVE ( 'NONE', #249, #540, #1187, .T. ) ;
#681 = ORIENTED_EDGE ( 'NONE', *, *, #252, .T. ) ;
#682 = ORIENTED_EDGE ( 'NONE', *, *, #680, .T. ) ;
#683 = ORIENTED_EDGE ( 'NONE', *, *, #546, .T. ) ;
#684 = ORIENTED_EDGE ( 'NONE', *, *, #553, .T. ) ;
#685 = ADVANCED_FACE ( 'NONE', ( #1183 ), #1181, .T. ) ;
#686 = EDGE_LOOP ( 'NONE', ( #821, #822, #823, #825 ) ) ;
#687 = ORIENTED_EDGE ( 'NONE', *, *, #688, .F. ) ;
#688 = EDGE_CURVE ( 'NONE', #625, #496, #1182, .T. ) ;
#689 = ORIENTED_EDGE ( 'NONE', *, *, #624, .T. ) ;
#690 = ORIENTED_EDGE ( 'NONE', *, *, #444, .T. ) ;
#691 = ORIENTED_EDGE ( 'NONE', *, *, #487, .F. ) ;
#692 = ADVANCED_FACE ( 'NONE', ( #1241 ), #1240, .F. ) ;
#693 = EDGE_LOOP ( 'NONE', ( #694, #695, #696, #697 ) ) ;
#694 = ORIENTED_EDGE ( 'NONE', *, *, #471, .F. ) ;
#695 = ORIENTED_EDGE ( 'NONE', *, *, #627, .T. ) ;
#696 = ORIENTED_EDGE ( 'NONE', *, *, #688, .T. ) ;
#697 = ORIENTED_EDGE ( 'NONE', *, *, #495, .F. ) ;
#698 = ADVANCED_FACE ( 'NONE', ( #1235 ), #1234, .T. ) ;
#699 = EDGE_LOOP ( 'NONE', ( #488, #489, #491, #492 ) ) ;
#700 = EDGE_CURVE ( 'NONE', #701, #632, #1229, .T. ) ;
#701 = VERTEX_POINT ( 'NONE', #1225 ) ;
#702 = ORIENTED_EDGE ( 'NONE', *, *, #703, .F. ) ;
#703 = EDGE_CURVE ( 'NONE', #514, #701, #1224, .T. ) ;
#704 = ORIENTED_EDGE ( 'NONE', *, *, #512, .F. ) ;
#705 = ORIENTED_EDGE ( 'NONE', *, *, #447, .F. ) ;
#706 = ADVANCED_FACE ( 'NONE', ( #1220 ), #1219, .F. ) ;
#707 = EDGE_LOOP ( 'NONE', ( #708, #709, #710, #713 ) ) ;
#708 = ORIENTED_EDGE ( 'NONE', *, *, #571, .T. ) ;
#709 = ORIENTED_EDGE ( 'NONE', *, *, #703, .T. ) ;
#710 = ORIENTED_EDGE ( 'NONE', *, *, #711, .F. ) ;
#711 = EDGE_CURVE ( 'NONE', #712, #701, #1214, .T. ) ;
#712 = VERTEX_POINT ( 'NONE', #1275 ) ;
#713 = ORIENTED_EDGE ( 'NONE', *, *, #598, .F. ) ;
#714 = ORIENTED_EDGE ( 'NONE', *, *, #715, .T. ) ;
#715 = EDGE_CURVE ( 'NONE', #419, #422, #1274, .T. ) ;
#716 = EDGE_LOOP ( 'NONE', ( #493, #502 ) ) ;
#717 = ORIENTED_EDGE ( 'NONE', *, *, #718, .F. ) ;
#718 = EDGE_CURVE ( 'NONE', #719, #720, #1269, .T. ) ;
#719 = VERTEX_POINT ( 'NONE', #1265 ) ;
#720 = VERTEX_POINT ( 'NONE', #1264 ) ;
#721 = ORIENTED_EDGE ( 'NONE', *, *, #722, .F. ) ;
#722 = EDGE_CURVE ( 'NONE', #723, #719, #1263, .T. ) ;
#723 = VERTEX_POINT ( 'NONE', #1259 ) ;
#724 = ORIENTED_EDGE ( 'NONE', *, *, #725, .F. ) ;
#725 = EDGE_CURVE ( 'NONE', #726, #723, #1258, .T. ) ;
#726 = VERTEX_POINT ( 'NONE', #1254 ) ;
#727 = ORIENTED_EDGE ( 'NONE', *, *, #433, .F. ) ;
#728 = ORIENTED_EDGE ( 'NONE', *, *, #529, .T. ) ;
#729 = ORIENTED_EDGE ( 'NONE', *, *, #584, .F. ) ;
#730 = ADVANCED_FACE ( 'NONE', ( #1253 ), #1252, .F. ) ;
#731 = EDGE_LOOP ( 'NONE', ( #732, #638 ) ) ;
#732 = ORIENTED_EDGE ( 'NONE', *, *, #411, .F. ) ;
#733 = EDGE_LOOP ( 'NONE', ( #736, #737, #738, #740 ) ) ;
#734 = CLOSED_SHELL ( 'NONE', ( #807, #646, #667, #639, #676, #463, #530, #769, #481, #778, #519, #449, #692, #655, #585, #747, #813, #425, #817, #509, #608, #741, #618, #611, #816, #706, #407, #599, #730, #698, #559, #752 ) ) ;
#735 = VERTEX_POINT ( 'NONE', #1247 ) ;
#736 = ORIENTED_EDGE ( 'NONE', *, *, #718, .T. ) ;
#737 = ORIENTED_EDGE ( 'NONE', *, *, #777, .F. ) ;
#738 = ORIENTED_EDGE ( 'NONE', *, *, #739, .F. ) ;
#739 = EDGE_CURVE ( 'NONE', #757, #775, #1246, .T. ) ;
#740 = ORIENTED_EDGE ( 'NONE', *, *, #756, .T. ) ;
#741 = ADVANCED_FACE ( 'NONE', ( #1307 ), #1306, .T. ) ;
#742 = EDGE_LOOP ( 'NONE', ( #743, #744, #745, #746 ) ) ;
#743 = ORIENTED_EDGE ( 'NONE', *, *, #759, .T. ) ;
#744 = ORIENTED_EDGE ( 'NONE', *, *, #739, .T. ) ;
#745 = ORIENTED_EDGE ( 'NONE', *, *, #774, .T. ) ;
#746 = ORIENTED_EDGE ( 'NONE', *, *, #766, .T. ) ;
#747 = ADVANCED_FACE ( 'NONE', ( #1301 ), #1300, .F. ) ;
#748 = EDGE_LOOP ( 'NONE', ( #749, #750, #751, #815 ) ) ;
#749 = ORIENTED_EDGE ( 'NONE', *, *, #418, .F. ) ;
#750 = ORIENTED_EDGE ( 'NONE', *, *, #498, .T. ) ;
#751 = ORIENTED_EDGE ( 'NONE', *, *, #424, .T. ) ;
#752 = ADVANCED_FACE ( 'NONE', ( #1299 ), #1294, .F. ) ;
#753 = EDGE_LOOP ( 'NONE', ( #653, #654 ) ) ;
#754 = ORIENTED_EDGE ( 'NONE', *, *, #722, .T. ) ;
#755 = ORIENTED_EDGE ( 'NONE', *, *, #756, .F. ) ;
#756 = EDGE_CURVE ( 'NONE', #757, #719, #1289, .T. ) ;
#757 = VERTEX_POINT ( 'NONE', #1285 ) ;
#758 = ORIENTED_EDGE ( 'NONE', *, *, #759, .F. ) ;
#759 = EDGE_CURVE ( 'NONE', #760, #757, #1284, .T. ) ;
#760 = VERTEX_POINT ( 'NONE', #1280 ) ;
#761 = ORIENTED_EDGE ( 'NONE', *, *, #762, .T. ) ;
#762 = EDGE_CURVE ( 'NONE', #760, #723, #1279, .T. ) ;
#763 = CARTESIAN_POINT ( 'NONE',  ( -8.249999999999998200, 4.000000000000000000, -2.250049999999999900 ) ) ;
#764 = FACE_OUTER_BOUND ( 'NONE', #220, .T. ) ;
#765 = ORIENTED_EDGE ( 'NONE', *, *, #766, .F. ) ;
#766 = EDGE_CURVE ( 'NONE', #735, #760, #1341, .T. ) ;
#767 = ORIENTED_EDGE ( 'NONE', *, *, #768, .T. ) ;
#768 = EDGE_CURVE ( 'NONE', #735, #726, #1337, .T. ) ;
#769 = ADVANCED_FACE ( 'NONE', ( #1333 ), #1332, .F. ) ;
#770 = EDGE_LOOP ( 'NONE', ( #771, #772, #773, #776 ) ) ;
#771 = ORIENTED_EDGE ( 'NONE', *, *, #433, .T. ) ;
#772 = ORIENTED_EDGE ( 'NONE', *, *, #768, .F. ) ;
#773 = ORIENTED_EDGE ( 'NONE', *, *, #774, .F. ) ;
#774 = EDGE_CURVE ( 'NONE', #775, #735, #1327, .T. ) ;
#775 = VERTEX_POINT ( 'NONE', #1323 ) ;
#776 = ORIENTED_EDGE ( 'NONE', *, *, #777, .T. ) ;
#777 = EDGE_CURVE ( 'NONE', #775, #720, #1322, .T. ) ;
#778 = ADVANCED_FACE ( 'NONE', ( #1318 ), #1317, .F. ) ;
#779 = DIRECTION ( 'NONE',  ( 0.0000000000000000000, 0.0000000000000000000, 1.000000000000000000 ) ) ;
#780 = DIRECTION ( 'NONE',  ( 0.0000000000000000000, 1.000000000000000000, 0.0000000000000000000 ) ) ;
#781 = CARTESIAN_POINT ( 'NONE',  ( -3.500000000000001300, -38.25000000000000700, 0.0000000000000000000 ) ) ;
#782 = AXIS2_PLACEMENT_3D ( 'NONE', #781, #780, #779 ) ;
#783 = AXIS2_PLACEMENT_3D ( 'NONE', #993, #1109, #1110 ) ;
#784 = FACE_OUTER_BOUND ( 'NONE', #239, .T. ) ;
#785 = DIRECTION ( 'NONE',  ( 0.0000000000000000000, 0.0000000000000000000, -1.000000000000000000 ) ) ;
#786 = DIRECTION ( 'NONE',  ( 1.000000000000000000, 0.0000000000000000000, 0.0000000000000000000 ) ) ;
#787 = CARTESIAN_POINT ( 'NONE',  ( -0.1000000000000000100, 0.0000000000000000000, 0.0000000000000000000 ) ) ;
#788 = AXIS2_PLACEMENT_3D ( 'NONE', #787, #786, #785 ) ;
#789 = PLANE ( 'NONE',  #782 ) ;
#790 = CYLINDRICAL_SURFACE ( 'NONE', #788, 1.000000000000000000 ) ;
#791 = FACE_OUTER_BOUND ( 'NONE', #236, .T. ) ;
#792 = DIRECTION ( 'NONE',  ( 0.0000000000000000000, 0.0000000000000000000, -1.000000000000000000 ) ) ;
#793 = DIRECTION ( 'NONE',  ( 1.000000000000000000, 0.0000000000000000000, 0.0000000000000000000 ) ) ;
#794 = CARTESIAN_POINT ( 'NONE',  ( -0.1000000000000000100, 0.0000000000000000000, 0.0000000000000000000 ) ) ;
#795 = AXIS2_PLACEMENT_3D ( 'NONE', #794, #793, #792 ) ;
#796 = CIRCLE ( 'NONE', #795, 1.000000000000000000 ) ;
#797 = DIRECTION ( 'NONE',  ( 0.0000000000000000000, 0.0000000000000000000, -1.000000000000000000 ) ) ;
#798 = DIRECTION ( 'NONE',  ( 1.000000000000000000, 0.0000000000000000000, 0.0000000000000000000 ) ) ;
#799 = CARTESIAN_POINT ( 'NONE',  ( -0.1000000000000000100, 0.0000000000000000000, 0.0000000000000000000 ) ) ;
#800 = AXIS2_PLACEMENT_3D ( 'NONE', #799, #798, #797 ) ;
#801 = PLANE ( 'NONE',  #800 ) ;
#802 = DIRECTION ( 'NONE',  ( 1.000000000000000000, 0.0000000000000000000, 0.0000000000000000000 ) ) ;
#803 = DIRECTION ( 'NONE',  ( 0.0000000000000000000, 0.0000000000000000000, 1.000000000000000000 ) ) ;
#804 = AXIS2_PLACEMENT_3D ( 'NONE', #763, #803, #802 ) ;
#805 = CYLINDRICAL_SURFACE ( 'NONE', #804, 1.100000000000000300 ) ;
#806 = FACE_OUTER_BOUND ( 'NONE', #229, .T. ) ;
#807 = ADVANCED_FACE ( 'NONE', ( #1312 ), #1311, .F. ) ;
#808 = EDGE_LOOP ( 'NONE', ( #809, #810, #811, #812 ) ) ;
#809 = ORIENTED_EDGE ( 'NONE', *, *, #642, .T. ) ;
#810 = ORIENTED_EDGE ( 'NONE', *, *, #824, .T. ) ;
#811 = ORIENTED_EDGE ( 'NONE', *, *, #672, .T. ) ;
#812 = ORIENTED_EDGE ( 'NONE', *, *, #651, .T. ) ;
#813 = ADVANCED_FACE ( 'NONE', ( #1370 ), #1369, .F. ) ;
#814 = EDGE_LOOP ( 'NONE', ( #754, #755, #758, #761 ) ) ;
#815 = ORIENTED_EDGE ( 'NONE', *, *, #715, .F. ) ;
#816 = ADVANCED_FACE ( 'NONE', ( #1364 ), #1363, .F. ) ;
#817 = ADVANCED_FACE ( 'NONE', ( #1357 ), #1362, .F. ) ;
#818 = EDGE_LOOP ( 'NONE', ( #819, #820, #765, #767 ) ) ;
#819 = ORIENTED_EDGE ( 'NONE', *, *, #725, .T. ) ;
#820 = ORIENTED_EDGE ( 'NONE', *, *, #762, .F. ) ;
#821 = ORIENTED_EDGE ( 'NONE', *, *, #436, .T. ) ;
#822 = ORIENTED_EDGE ( 'NONE', *, *, #675, .F. ) ;
#823 = ORIENTED_EDGE ( 'NONE', *, *, #824, .F. ) ;
#824 = EDGE_CURVE ( 'NONE', #664, #673, #1352, .T. ) ;
#825 = ORIENTED_EDGE ( 'NONE', *, *, #663, .T. ) ;
#826 = EDGE_LOOP ( 'NONE', ( #827, #828, #728, #729 ) ) ;
#827 = ORIENTED_EDGE ( 'NONE', *, *, #415, .F. ) ;
#828 = ORIENTED_EDGE ( 'NONE', *, *, #829, .T. ) ;
#829 = EDGE_CURVE ( 'NONE', #413, #412, #1348, .T. ) ;
#830 = DIRECTION ( 'NONE',  ( -1.000000000000000000, 0.0000000000000000000, 0.0000000000000000000 ) ) ;
#831 = CARTESIAN_POINT ( 'NONE',  ( 0.0000000000000000000, 5.750000000000000000, 2.250000000000000000 ) ) ;
#832 = AXIS2_PLACEMENT_3D ( 'NONE', #831, #830, #958 ) ;
#833 = PLANE ( 'NONE',  #832 ) ;
#834 = FACE_OUTER_BOUND ( 'NONE', #281, .T. ) ;
#835 = FACE_BOUND ( 'NONE', #277, .T. ) ;
#836 = DIRECTION ( 'NONE',  ( 0.0000000000000000000, 0.0000000000000000000, -1.000000000000000000 ) ) ;
#837 = VECTOR ( 'NONE', #836, 1000.000000000000000 ) ;
#838 = CARTESIAN_POINT ( 'NONE',  ( -9.999999999999998200, 5.750000000000000000, 2.250000000000000000 ) ) ;
#839 = LINE ( 'NONE', #838, #837 ) ;
#840 = CARTESIAN_POINT ( 'NONE',  ( -0.1000000000000000100, 1.224606353822377300E-016, 1.000000000000000000 ) ) ;
#841 = DIRECTION ( 'NONE',  ( 0.0000000000000000000, 0.0000000000000000000, -1.000000000000000000 ) ) ;
#842 = DIRECTION ( 'NONE',  ( 1.000000000000000000, 0.0000000000000000000, 0.0000000000000000000 ) ) ;
#843 = CARTESIAN_POINT ( 'NONE',  ( -0.1000000000000000100, 0.0000000000000000000, 0.0000000000000000000 ) ) ;
#844 = AXIS2_PLACEMENT_3D ( 'NONE', #843, #842, #841 ) ;
#845 = DIRECTION ( 'NONE',  ( 0.0000000000000000000, 0.0000000000000000000, -1.000000000000000000 ) ) ;
#846 = DIRECTION ( 'NONE',  ( 1.000000000000000000, 0.0000000000000000000, 0.0000000000000000000 ) ) ;
#847 = CARTESIAN_POINT ( 'NONE',  ( -0.1000000000000000100, 0.0000000000000000000, 0.0000000000000000000 ) ) ;
#848 = AXIS2_PLACEMENT_3D ( 'NONE', #847, #846, #845 ) ;
#849 = CIRCLE ( 'NONE', #844, 1.000000000000000000 ) ;
#850 = CYLINDRICAL_SURFACE ( 'NONE', #848, 1.000000000000000000 ) ;
#851 = FACE_OUTER_BOUND ( 'NONE', #271, .T. ) ;
#852 = CARTESIAN_POINT ( 'NONE',  ( -9.999999999999998200, 5.750000000000000000, -2.250000000000000000 ) ) ;
#853 = DIRECTION ( 'NONE',  ( 2.392722035830079000E-016, -1.000000000000000000, 0.0000000000000000000 ) ) ;
#854 = VECTOR ( 'NONE', #853, 1000.000000000000000 ) ;
#855 = CARTESIAN_POINT ( 'NONE',  ( -9.999999999999998200, 5.750000000000000000, -2.250000000000000000 ) ) ;
#856 = LINE ( 'NONE', #855, #854 ) ;
#857 = DIRECTION ( 'NONE',  ( -2.392722035830079000E-016, 1.000000000000000000, 0.0000000000000000000 ) ) ;
#858 = DIRECTION ( 'NONE',  ( 1.000000000000000000, 2.392722035830079000E-016, 0.0000000000000000000 ) ) ;
#859 = CARTESIAN_POINT ( 'NONE',  ( -9.999999999999998200, 5.750000000000000000, 2.250000000000000000 ) ) ;
#860 = AXIS2_PLACEMENT_3D ( 'NONE', #859, #858, #857 ) ;
#861 = PLANE ( 'NONE',  #860 ) ;
#862 = FACE_OUTER_BOUND ( 'NONE', #266, .T. ) ;
#863 = DIRECTION ( 'NONE',  ( 1.000000000000000000, 0.0000000000000000000, 0.0000000000000000000 ) ) ;
#864 = VECTOR ( 'NONE', #863, 1000.000000000000000 ) ;
#865 = CARTESIAN_POINT ( 'NONE',  ( -9.999999999999994700, -8.750000000000000000, -2.250000000000000000 ) ) ;
#866 = LINE ( 'NONE', #865, #864 ) ;
#867 = CARTESIAN_POINT ( 'NONE',  ( -9.999999999999994700, -8.750000000000000000, -2.250000000000000000 ) ) ;
#868 = DIRECTION ( 'NONE',  ( 0.0000000000000000000, 0.0000000000000000000, -1.000000000000000000 ) ) ;
#869 = VECTOR ( 'NONE', #868, 1000.000000000000000 ) ;
#870 = CARTESIAN_POINT ( 'NONE',  ( -9.999999999999994700, -8.750000000000000000, 2.250000000000000000 ) ) ;
#871 = LINE ( 'NONE', #870, #869 ) ;
#872 = CARTESIAN_POINT ( 'NONE',  ( -9.999999999999994700, -8.750000000000000000, 2.250000000000000000 ) ) ;
#873 = DIRECTION ( 'NONE',  ( 1.000000000000000000, 0.0000000000000000000, 0.0000000000000000000 ) ) ;
#874 = VECTOR ( 'NONE', #873, 1000.000000000000000 ) ;
#875 = CARTESIAN_POINT ( 'NONE',  ( -9.999999999999994700, -8.750000000000000000, 2.250000000000000000 ) ) ;
#876 = LINE ( 'NONE', #875, #874 ) ;
#877 = CARTESIAN_POINT ( 'NONE',  ( 0.0000000000000000000, -8.750000000000000000, 2.250000000000000000 ) ) ;
#878 = DIRECTION ( 'NONE',  ( 0.0000000000000000000, 0.0000000000000000000, -1.000000000000000000 ) ) ;
#879 = VECTOR ( 'NONE', #878, 1000.000000000000000 ) ;
#880 = CARTESIAN_POINT ( 'NONE',  ( 0.0000000000000000000, -8.750000000000000000, 2.250000000000000000 ) ) ;
#881 = LINE ( 'NONE', #880, #879 ) ;
#882 = CARTESIAN_POINT ( 'NONE',  ( 0.0000000000000000000, -8.750000000000000000, 1.950000000000000200 ) ) ;
#883 = DIRECTION ( 'NONE',  ( -1.000000000000000000, 0.0000000000000000000, 0.0000000000000000000 ) ) ;
#884 = VECTOR ( 'NONE', #883, 1000.000000000000000 ) ;
#885 = CARTESIAN_POINT ( 'NONE',  ( -7.000000000000000000, -8.750000000000000000, 1.950000000000000200 ) ) ;
#886 = LINE ( 'NONE', #885, #884 ) ;
#887 = CARTESIAN_POINT ( 'NONE',  ( -7.000000000000000000, -8.750000000000000000, -2.250000000000000000 ) ) ;
#888 = CARTESIAN_POINT ( 'NONE',  ( -7.000000000000000000, -8.750000000000000000, 1.950000000000000200 ) ) ;
#889 = DIRECTION ( 'NONE',  ( 0.0000000000000000000, 0.0000000000000000000, -1.000000000000000000 ) ) ;
#890 = VECTOR ( 'NONE', #889, 1000.000000000000000 ) ;
#891 = CARTESIAN_POINT ( 'NONE',  ( -7.000000000000000000, -8.750000000000000000, 1.950000000000000200 ) ) ;
#892 = LINE ( 'NONE', #891, #890 ) ;
#893 = DIRECTION ( 'NONE',  ( 0.0000000000000000000, 0.0000000000000000000, 1.000000000000000000 ) ) ;
#894 = DIRECTION ( 'NONE',  ( 0.0000000000000000000, 1.000000000000000000, 0.0000000000000000000 ) ) ;
#895 = DIRECTION ( 'NONE',  ( 1.000000000000000000, 0.0000000000000000000, 0.0000000000000000000 ) ) ;
#896 = DIRECTION ( 'NONE',  ( 0.0000000000000000000, 0.0000000000000000000, 1.000000000000000000 ) ) ;
#897 = CARTESIAN_POINT ( 'NONE',  ( -8.249999999999998200, -6.999999999999999100, -2.250000000000000000 ) ) ;
#898 = AXIS2_PLACEMENT_3D ( 'NONE', #897, #896, #895 ) ;
#899 = CIRCLE ( 'NONE', #898, 1.100000000000000300 ) ;
#900 = DIRECTION ( 'NONE',  ( -0.2588190451025249600, 0.9659258262890670900, 0.0000000000000000000 ) ) ;
#901 = DIRECTION ( 'NONE',  ( 0.9659258262890672000, 0.2588190451025250100, 0.0000000000000000000 ) ) ;
#902 = CARTESIAN_POINT ( 'NONE',  ( -5.794228634059927600, -13.25000000000000200, 1.950000000000000200 ) ) ;
#903 = AXIS2_PLACEMENT_3D ( 'NONE', #902, #901, #900 ) ;
#904 = PLANE ( 'NONE',  #903 ) ;
#905 = FACE_OUTER_BOUND ( 'NONE', #310, .T. ) ;
#906 = DIRECTION ( 'NONE',  ( 0.2588190451025249000, -0.9659258262890670900, 0.0000000000000000000 ) ) ;
#907 = VECTOR ( 'NONE', #906, 1000.000000000000200 ) ;
#908 = CARTESIAN_POINT ( 'NONE',  ( -5.794228634059927600, -13.25000000000000200, -2.250000000000000000 ) ) ;
#909 = LINE ( 'NONE', #908, #907 ) ;
#910 = DIRECTION ( 'NONE',  ( 1.000000000000000000, 0.0000000000000000000, 0.0000000000000000000 ) ) ;
#911 = VECTOR ( 'NONE', #910, 1000.000000000000000 ) ;
#912 = CARTESIAN_POINT ( 'NONE',  ( -1.205771365940073700, -13.25000000000000200, -2.250000000000000000 ) ) ;
#913 = LINE ( 'NONE', #912, #911 ) ;
#914 = CARTESIAN_POINT ( 'NONE',  ( -5.794228634059927600, -13.25000000000000200, -2.250000000000000000 ) ) ;
#915 = DIRECTION ( 'NONE',  ( 0.2588190451025250700, 0.9659258262890670900, 0.0000000000000000000 ) ) ;
#916 = VECTOR ( 'NONE', #915, 1000.000000000000200 ) ;
#917 = CARTESIAN_POINT ( 'NONE',  ( 0.0000000000000000000, -8.750000000000000000, -2.250000000000000000 ) ) ;
#918 = LINE ( 'NONE', #917, #916 ) ;
#919 = CARTESIAN_POINT ( 'NONE',  ( -1.205771365940073700, -13.25000000000000200, -2.250000000000000000 ) ) ;
#920 = CARTESIAN_POINT ( 'NONE',  ( -3.500000000000001300, -13.25000000000000200, -1.250000000000000000 ) ) ;
#921 = DIRECTION ( 'NONE',  ( 0.0000000000000000000, 1.000000000000000000, 0.0000000000000000000 ) ) ;
#922 = VECTOR ( 'NONE', #921, 1000.000000000000000 ) ;
#923 = CARTESIAN_POINT ( 'NONE',  ( -3.500000000000001300, -38.25000000000000700, -1.250000000000000000 ) ) ;
#924 = LINE ( 'NONE', #923, #922 ) ;
#925 = CARTESIAN_POINT ( 'NONE',  ( -3.500000000000001300, -38.25000000000000700, -1.250000000000000000 ) ) ;
#926 = CARTESIAN_POINT ( 'NONE',  ( -3.500000000000001300, -38.25000000000000700, 1.250000000000000000 ) ) ;
#927 = DIRECTION ( 'NONE',  ( 0.0000000000000000000, 0.0000000000000000000, 1.000000000000000000 ) ) ;
#928 = DIRECTION ( 'NONE',  ( 0.0000000000000000000, 1.000000000000000000, 0.0000000000000000000 ) ) ;
#929 = AXIS2_PLACEMENT_3D ( 'NONE', #936, #928, #927 ) ;
#930 = CIRCLE ( 'NONE', #929, 1.250000000000000000 ) ;
#931 = DIRECTION ( 'NONE',  ( 0.0000000000000000000, 0.0000000000000000000, 1.000000000000000000 ) ) ;
#932 = DIRECTION ( 'NONE',  ( 0.0000000000000000000, 1.000000000000000000, 0.0000000000000000000 ) ) ;
#933 = CARTESIAN_POINT ( 'NONE',  ( -3.500000000000001300, -38.25000000000000700, 0.0000000000000000000 ) ) ;
#934 = AXIS2_PLACEMENT_3D ( 'NONE', #933, #932, #931 ) ;
#935 = CYLINDRICAL_SURFACE ( 'NONE', #934, 1.250000000000000000 ) ;
#936 = CARTESIAN_POINT ( 'NONE',  ( -3.500000000000001300, -38.25000000000000700, 0.0000000000000000000 ) ) ;
#937 = FACE_OUTER_BOUND ( 'NONE', #291, .T. ) ;
#938 = DIRECTION ( 'NONE',  ( 1.000000000000000000, 0.0000000000000000000, 0.0000000000000000000 ) ) ;
#939 = VECTOR ( 'NONE', #938, 1000.000000000000000 ) ;
#940 = CARTESIAN_POINT ( 'NONE',  ( -0.1000000000000000100, 0.0000000000000000000, -1.000000000000000000 ) ) ;
#941 = LINE ( 'NONE', #940, #939 ) ;
#942 = DIRECTION ( 'NONE',  ( 0.0000000000000000000, 0.0000000000000000000, -1.000000000000000000 ) ) ;
#943 = DIRECTION ( 'NONE',  ( 1.000000000000000000, 0.0000000000000000000, 0.0000000000000000000 ) ) ;
#944 = CARTESIAN_POINT ( 'NONE',  ( 0.0000000000000000000, 0.0000000000000000000, 0.0000000000000000000 ) ) ;
#945 = AXIS2_PLACEMENT_3D ( 'NONE', #944, #943, #942 ) ;
#946 = CIRCLE ( 'NONE', #945, 1.000000000000000000 ) ;
#947 = CARTESIAN_POINT ( 'NONE',  ( 0.0000000000000000000, 5.750000000000000000, -2.250000000000000000 ) ) ;
#948 = CARTESIAN_POINT ( 'NONE',  ( 0.0000000000000000000, -8.750000000000000000, -2.250000000000000000 ) ) ;
#949 = DIRECTION ( 'NONE',  ( 0.0000000000000000000, 1.000000000000000000, 0.0000000000000000000 ) ) ;
#950 = VECTOR ( 'NONE', #949, 1000.000000000000000 ) ;
#951 = CARTESIAN_POINT ( 'NONE',  ( 0.0000000000000000000, 5.750000000000000000, -2.250000000000000000 ) ) ;
#952 = LINE ( 'NONE', #951, #950 ) ;
#953 = DIRECTION ( 'NONE',  ( 0.0000000000000000000, 0.0000000000000000000, -1.000000000000000000 ) ) ;
#954 = DIRECTION ( 'NONE',  ( 1.000000000000000000, 0.0000000000000000000, 0.0000000000000000000 ) ) ;
#955 = CARTESIAN_POINT ( 'NONE',  ( 0.0000000000000000000, 0.0000000000000000000, 0.0000000000000000000 ) ) ;
#956 = AXIS2_PLACEMENT_3D ( 'NONE', #955, #954, #953 ) ;
#957 = CIRCLE ( 'NONE', #956, 1.000000000000000000 ) ;
#958 = DIRECTION ( 'NONE',  ( 0.0000000000000000000, 0.0000000000000000000, 1.000000000000000000 ) ) ;
#959 = CARTESIAN_POINT ( 'NONE',  ( -7.149999999999998600, 4.000000000000000000, 2.250000000000000400 ) ) ;
#960 = DIRECTION ( 'NONE',  ( 1.000000000000000000, 0.0000000000000000000, 0.0000000000000000000 ) ) ;
#961 = DIRECTION ( 'NONE',  ( 0.0000000000000000000, 0.0000000000000000000, 1.000000000000000000 ) ) ;
#962 = CARTESIAN_POINT ( 'NONE',  ( -8.249999999999998200, 4.000000000000000000, 2.250000000000000400 ) ) ;
#963 = AXIS2_PLACEMENT_3D ( 'NONE', #962, #961, #960 ) ;
#964 = CIRCLE ( 'NONE', #963, 1.100000000000000300 ) ;
#965 = CARTESIAN_POINT ( 'NONE',  ( -9.349999999999999600, -6.999999999999999100, 2.250000000000000400 ) ) ;
#966 = DIRECTION ( 'NONE',  ( 0.0000000000000000000, 0.0000000000000000000, 1.000000000000000000 ) ) ;
#967 = VECTOR ( 'NONE', #966, 1000.000000000000000 ) ;
#968 = CARTESIAN_POINT ( 'NONE',  ( -9.349999999999999600, -6.999999999999999100, -2.250049999999999900 ) ) ;
#969 = LINE ( 'NONE', #968, #967 ) ;
#970 = DIRECTION ( 'NONE',  ( 1.000000000000000000, 0.0000000000000000000, 0.0000000000000000000 ) ) ;
#971 = DIRECTION ( 'NONE',  ( 0.0000000000000000000, 0.0000000000000000000, 1.000000000000000000 ) ) ;
#972 = CARTESIAN_POINT ( 'NONE',  ( -8.249999999999998200, -6.999999999999999100, -2.250049999999999900 ) ) ;
#973 = AXIS2_PLACEMENT_3D ( 'NONE', #972, #971, #970 ) ;
#974 = CYLINDRICAL_SURFACE ( 'NONE', #973, 1.100000000000000300 ) ;
#975 = FACE_OUTER_BOUND ( 'NONE', #368, .T. ) ;
#976 = CARTESIAN_POINT ( 'NONE',  ( -9.349999999999999600, -6.999999999999999100, -2.250000000000000000 ) ) ;
#977 = DIRECTION ( 'NONE',  ( 1.000000000000000000, 0.0000000000000000000, 0.0000000000000000000 ) ) ;
#978 = DIRECTION ( 'NONE',  ( 0.0000000000000000000, 0.0000000000000000000, 1.000000000000000000 ) ) ;
#979 = CARTESIAN_POINT ( 'NONE',  ( -8.249999999999998200, 4.000000000000000000, -2.250049999999999900 ) ) ;
#980 = AXIS2_PLACEMENT_3D ( 'NONE', #979, #978, #977 ) ;
#981 = CYLINDRICAL_SURFACE ( 'NONE', #980, 1.100000000000000300 ) ;
#982 = FACE_OUTER_BOUND ( 'NONE', #367, .T. ) ;
#983 = DIRECTION ( 'NONE',  ( 0.0000000000000000000, 0.0000000000000000000, 1.000000000000000000 ) ) ;
#984 = VECTOR ( 'NONE', #983, 1000.000000000000000 ) ;
#985 = CARTESIAN_POINT ( 'NONE',  ( -7.149999999999998600, -6.999999999999999100, -2.250049999999999900 ) ) ;
#986 = LINE ( 'NONE', #985, #984 ) ;
#987 = CARTESIAN_POINT ( 'NONE',  ( -7.149999999999998600, -6.999999999999999100, -2.250000000000000000 ) ) ;
#988 = CARTESIAN_POINT ( 'NONE',  ( -7.149999999999998600, -6.999999999999999100, 2.250000000000000400 ) ) ;
#989 = DIRECTION ( 'NONE',  ( 1.000000000000000000, 0.0000000000000000000, 0.0000000000000000000 ) ) ;
#990 = DIRECTION ( 'NONE',  ( 0.0000000000000000000, 0.0000000000000000000, 1.000000000000000000 ) ) ;
#991 = CARTESIAN_POINT ( 'NONE',  ( -8.249999999999998200, -6.999999999999999100, 2.250000000000000400 ) ) ;
#992 = AXIS2_PLACEMENT_3D ( 'NONE', #991, #990, #989 ) ;
#993 = CARTESIAN_POINT ( 'NONE',  ( 0.1000000000000000100, 0.0000000000000000000, 0.0000000000000000000 ) ) ;
#994 = FACE_OUTER_BOUND ( 'NONE', #399, .T. ) ;
#995 = CARTESIAN_POINT ( 'NONE',  ( -9.999999999999998200, 5.750000000000000000, 2.250000000000000000 ) ) ;
#996 = DIRECTION ( 'NONE',  ( 2.392722035830079000E-016, -1.000000000000000000, 0.0000000000000000000 ) ) ;
#997 = VECTOR ( 'NONE', #996, 1000.000000000000000 ) ;
#998 = CARTESIAN_POINT ( 'NONE',  ( -9.999999999999998200, 5.750000000000000000, 2.250000000000000000 ) ) ;
#999 = LINE ( 'NONE', #998, #997 ) ;
#1000 = CARTESIAN_POINT ( 'NONE',  ( -9.349999999999999600, 4.000000000000000000, 2.250000000000000400 ) ) ;
#1001 = DIRECTION ( 'NONE',  ( 0.0000000000000000000, 0.0000000000000000000, 1.000000000000000000 ) ) ;
#1002 = VECTOR ( 'NONE', #1001, 1000.000000000000000 ) ;
#1003 = CARTESIAN_POINT ( 'NONE',  ( -9.349999999999999600, 4.000000000000000000, -2.250049999999999900 ) ) ;
#1004 = LINE ( 'NONE', #1003, #1002 ) ;
#1005 = CARTESIAN_POINT ( 'NONE',  ( -7.149999999999998600, 4.000000000000000000, -2.250000000000000000 ) ) ;
#1006 = CARTESIAN_POINT ( 'NONE',  ( -9.349999999999999600, 4.000000000000000000, -2.250000000000000000 ) ) ;
#1007 = DIRECTION ( 'NONE',  ( 1.000000000000000000, 0.0000000000000000000, 0.0000000000000000000 ) ) ;
#1008 = DIRECTION ( 'NONE',  ( 0.0000000000000000000, 0.0000000000000000000, 1.000000000000000000 ) ) ;
#1009 = CARTESIAN_POINT ( 'NONE',  ( -8.249999999999998200, 4.000000000000000000, -2.250000000000000000 ) ) ;
#1010 = AXIS2_PLACEMENT_3D ( 'NONE', #1009, #1008, #1007 ) ;
#1011 = CIRCLE ( 'NONE', #1010, 1.100000000000000300 ) ;
#1012 = CARTESIAN_POINT ( 'NONE',  ( 0.0000000000000000000, 5.750000000000000000, 2.250000000000000000 ) ) ;
#1013 = DIRECTION ( 'NONE',  ( 0.0000000000000000000, 0.0000000000000000000, -1.000000000000000000 ) ) ;
#1014 = VECTOR ( 'NONE', #1013, 1000.000000000000000 ) ;
#1015 = CARTESIAN_POINT ( 'NONE',  ( 0.0000000000000000000, 5.750000000000000000, 2.250000000000000000 ) ) ;
#1016 = LINE ( 'NONE', #1015, #1014 ) ;
#1017 = DIRECTION ( 'NONE',  ( 0.0000000000000000000, 0.0000000000000000000, 1.000000000000000000 ) ) ;
#1018 = VECTOR ( 'NONE', #1017, 1000.000000000000000 ) ;
#1019 = CARTESIAN_POINT ( 'NONE',  ( -7.149999999999998600, 4.000000000000000000, -2.250049999999999900 ) ) ;
#1020 = LINE ( 'NONE', #1019, #1018 ) ;
#1021 = CARTESIAN_POINT ( 'NONE',  ( -3.500000000000001300, -38.25000000000000700, 0.0000000000000000000 ) ) ;
#1022 = AXIS2_PLACEMENT_3D ( 'NONE', #1021, #894, #893 ) ;
#1023 = CIRCLE ( 'NONE', #1022, 1.250000000000000000 ) ;
#1024 = PLANE ( 'NONE',  #1089 ) ;
#1025 = FACE_OUTER_BOUND ( 'NONE', #343, .T. ) ;
#1026 = DIRECTION ( 'NONE',  ( -1.000000000000000000, 0.0000000000000000000, 0.0000000000000000000 ) ) ;
#1027 = VECTOR ( 'NONE', #1026, 1000.000000000000000 ) ;
#1028 = CARTESIAN_POINT ( 'NONE',  ( -9.999999999999998200, 5.750000000000000000, 2.250000000000000000 ) ) ;
#1029 = LINE ( 'NONE', #1028, #1027 ) ;
#1030 = DIRECTION ( 'NONE',  ( 1.000000000000000000, 0.0000000000000000000, 0.0000000000000000000 ) ) ;
#1031 = DIRECTION ( 'NONE',  ( 0.0000000000000000000, 0.0000000000000000000, 1.000000000000000000 ) ) ;
#1032 = CARTESIAN_POINT ( 'NONE',  ( -8.249999999999998200, -6.999999999999999100, 2.250000000000000400 ) ) ;
#1033 = AXIS2_PLACEMENT_3D ( 'NONE', #1032, #1031, #1030 ) ;
#1034 = CIRCLE ( 'NONE', #1033, 1.100000000000000300 ) ;
#1035 = DIRECTION ( 'NONE',  ( 1.000000000000000000, 0.0000000000000000000, 0.0000000000000000000 ) ) ;
#1036 = DIRECTION ( 'NONE',  ( 0.0000000000000000000, 0.0000000000000000000, 1.000000000000000000 ) ) ;
#1037 = CARTESIAN_POINT ( 'NONE',  ( -9.999999999999994700, -8.750000000000000000, 2.250000000000000000 ) ) ;
#1038 = AXIS2_PLACEMENT_3D ( 'NONE', #1037, #1036, #1035 ) ;
#1039 = PLANE ( 'NONE',  #1038 ) ;
#1040 = FACE_OUTER_BOUND ( 'NONE', #330, .T. ) ;
#1041 = FACE_BOUND ( 'NONE', #334, .T. ) ;
#1042 = FACE_BOUND ( 'NONE', #335, .T. ) ;
#1043 = DIRECTION ( 'NONE',  ( 1.000000000000000000, 0.0000000000000000000, 0.0000000000000000000 ) ) ;
#1044 = DIRECTION ( 'NONE',  ( 0.0000000000000000000, 0.0000000000000000000, 1.000000000000000000 ) ) ;
#1045 = CARTESIAN_POINT ( 'NONE',  ( -8.249999999999998200, 4.000000000000000000, 2.250000000000000400 ) ) ;
#1046 = AXIS2_PLACEMENT_3D ( 'NONE', #1045, #1044, #1043 ) ;
#1047 = CIRCLE ( 'NONE', #1046, 1.100000000000000300 ) ;
#1048 = DIRECTION ( 'NONE',  ( 1.000000000000000000, 0.0000000000000000000, 0.0000000000000000000 ) ) ;
#1049 = DIRECTION ( 'NONE',  ( 0.0000000000000000000, 0.0000000000000000000, 1.000000000000000000 ) ) ;
#1050 = CARTESIAN_POINT ( 'NONE',  ( -9.999999999999994700, -8.750000000000000000, -2.250000000000000000 ) ) ;
#1051 = AXIS2_PLACEMENT_3D ( 'NONE', #1050, #1049, #1048 ) ;
#1052 = PLANE ( 'NONE',  #1051 ) ;
#1053 = FACE_OUTER_BOUND ( 'NONE', #316, .T. ) ;
#1054 = FACE_BOUND ( 'NONE', #321, .T. ) ;
#1055 = FACE_BOUND ( 'NONE', #324, .T. ) ;
#1056 = DIRECTION ( 'NONE',  ( 1.000000000000000000, 0.0000000000000000000, 0.0000000000000000000 ) ) ;
#1057 = DIRECTION ( 'NONE',  ( 0.0000000000000000000, 0.0000000000000000000, 1.000000000000000000 ) ) ;
#1058 = CARTESIAN_POINT ( 'NONE',  ( -8.249999999999998200, 4.000000000000000000, -2.250000000000000000 ) ) ;
#1059 = AXIS2_PLACEMENT_3D ( 'NONE', #1058, #1057, #1056 ) ;
#1060 = CIRCLE ( 'NONE', #1059, 1.100000000000000300 ) ;
#1061 = CIRCLE ( 'NONE', #992, 1.100000000000000300 ) ;
#1062 = DIRECTION ( 'NONE',  ( 1.000000000000000000, 0.0000000000000000000, 0.0000000000000000000 ) ) ;
#1063 = DIRECTION ( 'NONE',  ( 0.0000000000000000000, 0.0000000000000000000, 1.000000000000000000 ) ) ;
#1064 = CARTESIAN_POINT ( 'NONE',  ( -8.249999999999998200, -6.999999999999999100, -2.250000000000000000 ) ) ;
#1065 = AXIS2_PLACEMENT_3D ( 'NONE', #1064, #1063, #1062 ) ;
#1066 = CIRCLE ( 'NONE', #1065, 1.100000000000000300 ) ;
#1067 = CARTESIAN_POINT ( 'NONE',  ( 0.0000000000000000000, 0.0000000000000000000, -1.000000000000000000 ) ) ;
#1068 = CARTESIAN_POINT ( 'NONE',  ( 0.0000000000000000000, 1.224606353822377300E-016, 1.000000000000000000 ) ) ;
#1069 = DIRECTION ( 'NONE',  ( 1.000000000000000000, 0.0000000000000000000, 0.0000000000000000000 ) ) ;
#1070 = VECTOR ( 'NONE', #1069, 1000.000000000000000 ) ;
#1071 = CARTESIAN_POINT ( 'NONE',  ( -0.1000000000000000100, 1.224606353822377300E-016, 1.000000000000000000 ) ) ;
#1072 = LINE ( 'NONE', #1071, #1070 ) ;
#1073 = CARTESIAN_POINT ( 'NONE',  ( -0.1000000000000000100, 0.0000000000000000000, -1.000000000000000000 ) ) ;
#1074 = DIRECTION ( 'NONE',  ( 0.0000000000000000000, 1.000000000000000000, 0.0000000000000000000 ) ) ;
#1075 = VECTOR ( 'NONE', #1074, 1000.000000000000000 ) ;
#1076 = CARTESIAN_POINT ( 'NONE',  ( 0.0000000000000000000, 5.750000000000000000, 2.250000000000000000 ) ) ;
#1077 = LINE ( 'NONE', #1076, #1075 ) ;
#1078 = DIRECTION ( 'NONE',  ( 0.0000000000000000000, 0.0000000000000000000, -1.000000000000000000 ) ) ;
#1079 = VECTOR ( 'NONE', #1078, 1000.000000000000000 ) ;
#1080 = CARTESIAN_POINT ( 'NONE',  ( 0.0000000000000000000, -8.750000000000000000, 1.950000000000000200 ) ) ;
#1081 = LINE ( 'NONE', #1080, #1079 ) ;
#1082 = DIRECTION ( 'NONE',  ( -1.000000000000000000, 0.0000000000000000000, 0.0000000000000000000 ) ) ;
#1083 = VECTOR ( 'NONE', #1082, 1000.000000000000000 ) ;
#1084 = CARTESIAN_POINT ( 'NONE',  ( -9.999999999999998200, 5.750000000000000000, -2.250000000000000000 ) ) ;
#1085 = LINE ( 'NONE', #1084, #1083 ) ;
#1086 = DIRECTION ( 'NONE',  ( 0.0000000000000000000, 0.0000000000000000000, -1.000000000000000000 ) ) ;
#1087 = DIRECTION ( 'NONE',  ( 0.0000000000000000000, -1.000000000000000000, 0.0000000000000000000 ) ) ;
#1088 = CARTESIAN_POINT ( 'NONE',  ( -9.999999999999998200, 5.750000000000000000, 2.250000000000000000 ) ) ;
#1089 = AXIS2_PLACEMENT_3D ( 'NONE', #1088, #1087, #1086 ) ;
#1090 = CIRCLE ( 'NONE', #783, 1.000000000000000000 ) ;
#1091 = DIRECTION ( 'NONE',  ( 0.0000000000000000000, 0.0000000000000000000, 1.000000000000000000 ) ) ;
#1092 = DIRECTION ( 'NONE',  ( -1.000000000000000000, 0.0000000000000000000, 0.0000000000000000000 ) ) ;
#1093 = AXIS2_PLACEMENT_3D ( 'NONE', #1095, #1092, #1091 ) ;
#1094 = CYLINDRICAL_SURFACE ( 'NONE', #1093, 1.000000000000000000 ) ;
#1095 = CARTESIAN_POINT ( 'NONE',  ( 0.1000000000000000100, 0.0000000000000000000, 0.0000000000000000000 ) ) ;
#1096 = DIRECTION ( 'NONE',  ( 0.0000000000000000000, 0.0000000000000000000, 1.000000000000000000 ) ) ;
#1097 = DIRECTION ( 'NONE',  ( 0.0000000000000000000, 1.000000000000000000, 0.0000000000000000000 ) ) ;
#1098 = CARTESIAN_POINT ( 'NONE',  ( -1.205771365940073700, -13.25000000000000200, 1.950000000000000200 ) ) ;
#1099 = AXIS2_PLACEMENT_3D ( 'NONE', #1098, #1097, #1096 ) ;
#1100 = FACE_OUTER_BOUND ( 'NONE', #408, .T. ) ;
#1101 = PLANE ( 'NONE',  #1099 ) ;
#1102 = DIRECTION ( 'NONE',  ( 1.000000000000000000, 0.0000000000000000000, 0.0000000000000000000 ) ) ;
#1103 = DIRECTION ( 'NONE',  ( 0.0000000000000000000, 0.0000000000000000000, 1.000000000000000000 ) ) ;
#1104 = CARTESIAN_POINT ( 'NONE',  ( -8.249999999999998200, -6.999999999999999100, -2.250049999999999900 ) ) ;
#1105 = AXIS2_PLACEMENT_3D ( 'NONE', #1104, #1103, #1102 ) ;
#1106 = CYLINDRICAL_SURFACE ( 'NONE', #1105, 1.100000000000000300 ) ;
#1107 = FACE_OUTER_BOUND ( 'NONE', #427, .T. ) ;
#1108 = FACE_BOUND ( 'NONE', #524, .T. ) ;
#1109 = DIRECTION ( 'NONE',  ( 1.000000000000000000, 0.0000000000000000000, 0.0000000000000000000 ) ) ;
#1110 = DIRECTION ( 'NONE',  ( 0.0000000000000000000, 0.0000000000000000000, -1.000000000000000000 ) ) ;
#1111 = CARTESIAN_POINT ( 'NONE',  ( 9.350000000000005000, 3.999999999999998200, -2.250049999999999900 ) ) ;
#1112 = LINE ( 'NONE', #1111, #1374 ) ;
#1113 = DIRECTION ( 'NONE',  ( 0.0000000000000000000, 0.0000000000000000000, 1.000000000000000000 ) ) ;
#1114 = LINE ( 'NONE', #1176, #1175 ) ;
#1115 = DIRECTION ( 'NONE',  ( -1.000000000000000000, 3.469446951953614200E-016, 0.0000000000000000000 ) ) ;
#1116 = DIRECTION ( 'NONE',  ( 3.469446951953614200E-016, 1.000000000000000000, 0.0000000000000000000 ) ) ;
#1117 = CARTESIAN_POINT ( 'NONE',  ( 3.000000000000000000, 6.949999999999998400, 2.149999999999999900 ) ) ;
#1118 = AXIS2_PLACEMENT_3D ( 'NONE', #1117, #1116, #1115 ) ;
#1119 = PLANE ( 'NONE',  #1118 ) ;
#1120 = FACE_OUTER_BOUND ( 'NONE', #640, .T. ) ;
#1121 = CARTESIAN_POINT ( 'NONE',  ( 5.794228634059964000, -13.25000000000000000, 1.950000000000000200 ) ) ;
#1122 = DIRECTION ( 'NONE',  ( 0.0000000000000000000, 0.0000000000000000000, -1.000000000000000000 ) ) ;
#1123 = VECTOR ( 'NONE', #1122, 1000.000000000000000 ) ;
#1124 = CARTESIAN_POINT ( 'NONE',  ( 5.794228634059964000, -13.25000000000000000, 1.950000000000000200 ) ) ;
#1125 = LINE ( 'NONE', #1124, #1123 ) ;
#1126 = CARTESIAN_POINT ( 'NONE',  ( 5.794228634059964000, -13.25000000000000000, -2.250000000000000000 ) ) ;
#1127 = DIRECTION ( 'NONE',  ( 0.2588190451025176900, 0.9659258262890690900, 0.0000000000000000000 ) ) ;
#1128 = VECTOR ( 'NONE', #1127, 1000.000000000000100 ) ;
#1129 = CARTESIAN_POINT ( 'NONE',  ( 5.794228634059964000, -13.25000000000000000, -2.250000000000000000 ) ) ;
#1130 = LINE ( 'NONE', #1129, #1128 ) ;
#1131 = DIRECTION ( 'NONE',  ( -1.000000000000000000, 0.0000000000000000000, 0.0000000000000000000 ) ) ;
#1132 = VECTOR ( 'NONE', #1131, 1000.000000000000000 ) ;
#1133 = CARTESIAN_POINT ( 'NONE',  ( 10.00000000000000400, 5.749999999999998200, -2.250000000000000000 ) ) ;
#1134 = LINE ( 'NONE', #1133, #1132 ) ;
#1135 = CARTESIAN_POINT ( 'NONE',  ( 6.450000000000000200, 5.749999999999998200, -2.250000000000000000 ) ) ;
#1136 = DIRECTION ( 'NONE',  ( 0.0000000000000000000, 1.000000000000000000, 0.0000000000000000000 ) ) ;
#1137 = VECTOR ( 'NONE', #1136, 1000.000000000000000 ) ;
#1138 = CARTESIAN_POINT ( 'NONE',  ( 6.450000000000000200, -8.750000000000000000, -2.250000000000000000 ) ) ;
#1139 = LINE ( 'NONE', #1138, #1137 ) ;
#1140 = DIRECTION ( 'NONE',  ( -1.000000000000000000, 0.0000000000000000000, 0.0000000000000000000 ) ) ;
#1141 = DIRECTION ( 'NONE',  ( 0.0000000000000000000, 0.0000000000000000000, -1.000000000000000000 ) ) ;
#1142 = CARTESIAN_POINT ( 'NONE',  ( 8.250000000000003600, 3.999999999999998200, -2.250000000000000000 ) ) ;
#1143 = AXIS2_PLACEMENT_3D ( 'NONE', #1142, #1141, #1140 ) ;
#1144 = CIRCLE ( 'NONE', #1143, 1.100000000000001200 ) ;
#1145 = CARTESIAN_POINT ( 'NONE',  ( 3.000000000000000000, 4.949999999999999300, 2.149999999999999900 ) ) ;
#1146 = LINE ( 'NONE', #1145, #1210 ) ;
#1147 = CARTESIAN_POINT ( 'NONE',  ( 0.5000000000000000000, 6.949999999999999300, 2.149999999999999900 ) ) ;
#1148 = DIRECTION ( 'NONE',  ( 0.0000000000000000000, 0.0000000000000000000, 1.000000000000000000 ) ) ;
#1149 = VECTOR ( 'NONE', #1148, 1000.000000000000000 ) ;
#1150 = CARTESIAN_POINT ( 'NONE',  ( 0.5000000000000000000, 6.949999999999999300, 2.149999999999999900 ) ) ;
#1151 = LINE ( 'NONE', #1150, #1149 ) ;
#1152 = DIRECTION ( 'NONE',  ( 1.000000000000000000, 0.0000000000000000000, 0.0000000000000000000 ) ) ;
#1153 = DIRECTION ( 'NONE',  ( 0.0000000000000000000, 0.0000000000000000000, 1.000000000000000000 ) ) ;
#1154 = AXIS2_PLACEMENT_3D ( 'NONE', #1156, #1153, #1152 ) ;
#1155 = CYLINDRICAL_SURFACE ( 'NONE', #1154, 1.100000000000000300 ) ;
#1156 = CARTESIAN_POINT ( 'NONE',  ( 8.250000000000003600, 3.999999999999998200, -2.250049999999999900 ) ) ;
#1157 = FACE_OUTER_BOUND ( 'NONE', #656, .T. ) ;
#1158 = CARTESIAN_POINT ( 'NONE',  ( 3.000000000000000000, 4.949999999999999300, 2.149999999999999900 ) ) ;
#1159 = DIRECTION ( 'NONE',  ( 0.0000000000000000000, 1.000000000000000000, 0.0000000000000000000 ) ) ;
#1160 = VECTOR ( 'NONE', #1159, 1000.000000000000000 ) ;
#1161 = CARTESIAN_POINT ( 'NONE',  ( 3.000000000000000000, 4.949999999999999300, 2.149999999999999900 ) ) ;
#1162 = LINE ( 'NONE', #1161, #1160 ) ;
#1163 = DIRECTION ( 'NONE',  ( 0.0000000000000000000, 0.0000000000000000000, -1.000000000000000000 ) ) ;
#1164 = DIRECTION ( 'NONE',  ( 1.000000000000000000, 0.0000000000000000000, 0.0000000000000000000 ) ) ;
#1165 = CARTESIAN_POINT ( 'NONE',  ( 3.000000000000000000, 4.949999999999999300, 2.149999999999999900 ) ) ;
#1166 = AXIS2_PLACEMENT_3D ( 'NONE', #1165, #1164, #1163 ) ;
#1167 = PLANE ( 'NONE',  #1166 ) ;
#1168 = FACE_OUTER_BOUND ( 'NONE', #647, .T. ) ;
#1169 = DIRECTION ( 'NONE',  ( 0.0000000000000000000, 0.0000000000000000000, 1.000000000000000000 ) ) ;
#1170 = VECTOR ( 'NONE', #1169, 1000.000000000000000 ) ;
#1171 = CARTESIAN_POINT ( 'NONE',  ( 3.000000000000000000, 6.949999999999998400, 2.149999999999999900 ) ) ;
#1172 = LINE ( 'NONE', #1171, #1170 ) ;
#1173 = CARTESIAN_POINT ( 'NONE',  ( 3.000000000000000000, 6.949999999999998400, 2.149999999999999900 ) ) ;
#1174 = DIRECTION ( 'NONE',  ( -1.000000000000000000, 3.469446951953614200E-016, 0.0000000000000000000 ) ) ;
#1175 = VECTOR ( 'NONE', #1174, 1000.000000000000000 ) ;
#1176 = CARTESIAN_POINT ( 'NONE',  ( 3.000000000000000000, 6.949999999999998400, 2.149999999999999900 ) ) ;
#1177 = DIRECTION ( 'NONE',  ( 0.0000000000000000000, 0.0000000000000000000, 1.000000000000000000 ) ) ;
#1178 = DIRECTION ( 'NONE',  ( 0.0000000000000000000, 1.000000000000000000, 0.0000000000000000000 ) ) ;
#1179 = CARTESIAN_POINT ( 'NONE',  ( -3.500000000000001300, -38.25000000000000700, 0.0000000000000000000 ) ) ;
#1180 = AXIS2_PLACEMENT_3D ( 'NONE', #1179, #1178, #1177 ) ;
#1181 = CYLINDRICAL_SURFACE ( 'NONE', #1180, 1.250000000000000000 ) ;
#1182 = LINE ( 'NONE', #1244, #1243 ) ;
#1183 = FACE_OUTER_BOUND ( 'NONE', #678, .T. ) ;
#1184 = DIRECTION ( 'NONE',  ( 0.2588190451025249000, -0.9659258262890670900, 0.0000000000000000000 ) ) ;
#1185 = VECTOR ( 'NONE', #1184, 1000.000000000000200 ) ;
#1186 = CARTESIAN_POINT ( 'NONE',  ( -5.794228634059927600, -13.25000000000000200, 1.950000000000000200 ) ) ;
#1187 = LINE ( 'NONE', #1186, #1185 ) ;
#1188 = DIRECTION ( 'NONE',  ( 1.084202172485504400E-016, -1.000000000000000000, 0.0000000000000000000 ) ) ;
#1189 = DIRECTION ( 'NONE',  ( -1.000000000000000000, -1.084202172485504400E-016, 0.0000000000000000000 ) ) ;
#1190 = CARTESIAN_POINT ( 'NONE',  ( 0.5000000000000000000, 6.949999999999999300, 2.149999999999999900 ) ) ;
#1191 = AXIS2_PLACEMENT_3D ( 'NONE', #1190, #1189, #1188 ) ;
#1192 = PLANE ( 'NONE',  #1191 ) ;
#1193 = FACE_OUTER_BOUND ( 'NONE', #686, .T. ) ;
#1194 = DIRECTION ( 'NONE',  ( 0.0000000000000000000, 0.0000000000000000000, 1.000000000000000000 ) ) ;
#1195 = VECTOR ( 'NONE', #1194, 1000.000000000000000 ) ;
#1196 = CARTESIAN_POINT ( 'NONE',  ( 0.5000000000000002200, 4.949999999999999300, 2.149999999999999900 ) ) ;
#1197 = LINE ( 'NONE', #1196, #1195 ) ;
#1198 = CARTESIAN_POINT ( 'NONE',  ( 0.5000000000000002200, 4.949999999999999300, 2.149999999999999900 ) ) ;
#1199 = DIRECTION ( 'NONE',  ( 1.000000000000000000, 0.0000000000000000000, 0.0000000000000000000 ) ) ;
#1200 = VECTOR ( 'NONE', #1199, 1000.000000000000000 ) ;
#1201 = CARTESIAN_POINT ( 'NONE',  ( 3.000000000000000000, 4.949999999999999300, 2.149999999999999900 ) ) ;
#1202 = LINE ( 'NONE', #1201, #1200 ) ;
#1203 = DIRECTION ( 'NONE',  ( 0.0000000000000000000, 0.0000000000000000000, -1.000000000000000000 ) ) ;
#1204 = DIRECTION ( 'NONE',  ( 0.0000000000000000000, -1.000000000000000000, 0.0000000000000000000 ) ) ;
#1205 = CARTESIAN_POINT ( 'NONE',  ( 3.000000000000000000, 4.949999999999999300, 2.149999999999999900 ) ) ;
#1206 = AXIS2_PLACEMENT_3D ( 'NONE', #1205, #1204, #1203 ) ;
#1207 = PLANE ( 'NONE',  #1206 ) ;
#1208 = FACE_OUTER_BOUND ( 'NONE', #668, .T. ) ;
#1209 = DIRECTION ( 'NONE',  ( 0.0000000000000000000, 0.0000000000000000000, 1.000000000000000000 ) ) ;
#1210 = VECTOR ( 'NONE', #1209, 1000.000000000000000 ) ;
#1211 = DIRECTION ( 'NONE',  ( 0.0000000000000000000, 0.0000000000000000000, -1.000000000000000000 ) ) ;
#1212 = VECTOR ( 'NONE', #1211, 1000.000000000000000 ) ;
#1213 = CARTESIAN_POINT ( 'NONE',  ( 1.205771365940036200, -13.25000000000000000, 1.950000000000000200 ) ) ;
#1214 = LINE ( 'NONE', #1213, #1212 ) ;
#1215 = DIRECTION ( 'NONE',  ( -0.2588190451025176300, 0.9659258262890692000, 0.0000000000000000000 ) ) ;
#1216 = DIRECTION ( 'NONE',  ( 0.9659258262890692000, 0.2588190451025176300, 0.0000000000000000000 ) ) ;
#1217 = CARTESIAN_POINT ( 'NONE',  ( 0.0000000000000000000, -8.750000000000000000, 1.950000000000000200 ) ) ;
#1218 = AXIS2_PLACEMENT_3D ( 'NONE', #1217, #1216, #1215 ) ;
#1219 = PLANE ( 'NONE',  #1218 ) ;
#1220 = FACE_OUTER_BOUND ( 'NONE', #707, .T. ) ;
#1221 = DIRECTION ( 'NONE',  ( 0.2588190451025176300, -0.9659258262890692000, 0.0000000000000000000 ) ) ;
#1222 = VECTOR ( 'NONE', #1221, 1000.000000000000000 ) ;
#1223 = CARTESIAN_POINT ( 'NONE',  ( 0.0000000000000000000, -8.750000000000000000, -2.250000000000000000 ) ) ;
#1224 = LINE ( 'NONE', #1223, #1222 ) ;
#1225 = CARTESIAN_POINT ( 'NONE',  ( 1.205771365940036200, -13.25000000000000000, -2.250000000000000000 ) ) ;
#1226 = DIRECTION ( 'NONE',  ( 1.000000000000000000, 0.0000000000000000000, 0.0000000000000000000 ) ) ;
#1227 = VECTOR ( 'NONE', #1226, 1000.000000000000000 ) ;
#1228 = CARTESIAN_POINT ( 'NONE',  ( 1.205771365940036200, -13.25000000000000000, -2.250000000000000000 ) ) ;
#1229 = LINE ( 'NONE', #1228, #1227 ) ;
#1230 = DIRECTION ( 'NONE',  ( 0.0000000000000000000, 0.0000000000000000000, 1.000000000000000000 ) ) ;
#1231 = DIRECTION ( 'NONE',  ( 0.0000000000000000000, 1.000000000000000000, 0.0000000000000000000 ) ) ;
#1232 = CARTESIAN_POINT ( 'NONE',  ( 3.499999999999997800, -38.25000000000000000, 0.0000000000000000000 ) ) ;
#1233 = AXIS2_PLACEMENT_3D ( 'NONE', #1232, #1231, #1230 ) ;
#1234 = CYLINDRICAL_SURFACE ( 'NONE', #1233, 1.250000000000000000 ) ;
#1235 = FACE_OUTER_BOUND ( 'NONE', #699, .T. ) ;
#1236 = DIRECTION ( 'NONE',  ( 0.0000000000000000000, 0.0000000000000000000, -1.000000000000000000 ) ) ;
#1237 = DIRECTION ( 'NONE',  ( 0.0000000000000000000, -1.000000000000000000, 0.0000000000000000000 ) ) ;
#1238 = CARTESIAN_POINT ( 'NONE',  ( 6.450000000000000200, 5.749999999999998200, -2.250049999999999900 ) ) ;
#1239 = AXIS2_PLACEMENT_3D ( 'NONE', #1238, #1237, #1236 ) ;
#1240 = PLANE ( 'NONE',  #1239 ) ;
#1241 = FACE_OUTER_BOUND ( 'NONE', #693, .T. ) ;
#1242 = DIRECTION ( 'NONE',  ( 0.0000000000000000000, 0.0000000000000000000, 1.000000000000000000 ) ) ;
#1243 = VECTOR ( 'NONE', #1242, 1000.000000000000000 ) ;
#1244 = CARTESIAN_POINT ( 'NONE',  ( 6.450000000000000200, 5.749999999999998200, -2.250049999999999900 ) ) ;
#1245 = CARTESIAN_POINT ( 'NONE',  ( 6.000000000000000000, 6.949999999999999300, 2.149999999999999900 ) ) ;
#1246 = LINE ( 'NONE', #1245, #1309 ) ;
#1247 = CARTESIAN_POINT ( 'NONE',  ( 3.500000000000000000, 6.949999999999999300, 2.149999999999999900 ) ) ;
#1248 = DIRECTION ( 'NONE',  ( 0.0000000000000000000, 0.0000000000000000000, -1.000000000000000000 ) ) ;
#1249 = DIRECTION ( 'NONE',  ( 1.000000000000000000, 0.0000000000000000000, 0.0000000000000000000 ) ) ;
#1250 = CARTESIAN_POINT ( 'NONE',  ( 0.1000000000000000100, 0.0000000000000000000, 0.0000000000000000000 ) ) ;
#1251 = AXIS2_PLACEMENT_3D ( 'NONE', #1250, #1249, #1248 ) ;
#1252 = PLANE ( 'NONE',  #1251 ) ;
#1253 = FACE_OUTER_BOUND ( 'NONE', #731, .T. ) ;
#1254 = CARTESIAN_POINT ( 'NONE',  ( 3.500000000000000000, 6.949999999999999300, 2.250000000000000000 ) ) ;
#1255 = DIRECTION ( 'NONE',  ( 4.336808689942017700E-016, -1.000000000000000000, 0.0000000000000000000 ) ) ;
#1256 = VECTOR ( 'NONE', #1255, 1000.000000000000000 ) ;
#1257 = CARTESIAN_POINT ( 'NONE',  ( 3.500000000000000000, 6.949999999999999300, 2.250000000000000000 ) ) ;
#1258 = LINE ( 'NONE', #1257, #1256 ) ;
#1259 = CARTESIAN_POINT ( 'NONE',  ( 3.500000000000000900, 4.949999999999999300, 2.250000000000000000 ) ) ;
#1260 = DIRECTION ( 'NONE',  ( 1.000000000000000000, -3.469446951953614200E-016, 0.0000000000000000000 ) ) ;
#1261 = VECTOR ( 'NONE', #1260, 1000.000000000000000 ) ;
#1262 = CARTESIAN_POINT ( 'NONE',  ( 6.000000000000000900, 4.949999999999998400, 2.250000000000000000 ) ) ;
#1263 = LINE ( 'NONE', #1262, #1261 ) ;
#1264 = CARTESIAN_POINT ( 'NONE',  ( 6.000000000000000000, 6.949999999999999300, 2.250000000000000000 ) ) ;
#1265 = CARTESIAN_POINT ( 'NONE',  ( 6.000000000000000900, 4.949999999999999300, 2.250000000000000000 ) ) ;
#1266 = DIRECTION ( 'NONE',  ( -4.336808689942015800E-016, 1.000000000000000000, 0.0000000000000000000 ) ) ;
#1267 = VECTOR ( 'NONE', #1266, 1000.000000000000000 ) ;
#1268 = CARTESIAN_POINT ( 'NONE',  ( 6.000000000000000000, 6.949999999999999300, 2.250000000000000000 ) ) ;
#1269 = LINE ( 'NONE', #1268, #1267 ) ;
#1270 = DIRECTION ( 'NONE',  ( -1.000000000000000000, 0.0000000000000000000, 0.0000000000000000000 ) ) ;
#1271 = DIRECTION ( 'NONE',  ( 0.0000000000000000000, 0.0000000000000000000, -1.000000000000000000 ) ) ;
#1272 = CARTESIAN_POINT ( 'NONE',  ( 8.250000000000003600, -7.000000000000000900, 2.250000000000000000 ) ) ;
#1273 = AXIS2_PLACEMENT_3D ( 'NONE', #1272, #1271, #1270 ) ;
#1274 = CIRCLE ( 'NONE', #1273, 1.100000000000001200 ) ;
#1275 = CARTESIAN_POINT ( 'NONE',  ( 1.205771365940036200, -13.25000000000000000, 1.950000000000000200 ) ) ;
#1276 = DIRECTION ( 'NONE',  ( 0.0000000000000000000, 0.0000000000000000000, 1.000000000000000000 ) ) ;
#1277 = VECTOR ( 'NONE', #1276, 1000.000000000000000 ) ;
#1278 = CARTESIAN_POINT ( 'NONE',  ( 3.500000000000000900, 4.949999999999999300, 2.149999999999999900 ) ) ;
#1279 = LINE ( 'NONE', #1278, #1277 ) ;
#1280 = CARTESIAN_POINT ( 'NONE',  ( 3.500000000000000900, 4.949999999999999300, 2.149999999999999900 ) ) ;
#1281 = DIRECTION ( 'NONE',  ( 1.000000000000000000, -3.469446951953614200E-016, 0.0000000000000000000 ) ) ;
#1282 = VECTOR ( 'NONE', #1281, 1000.000000000000000 ) ;
#1283 = CARTESIAN_POINT ( 'NONE',  ( 6.000000000000000900, 4.949999999999998400, 2.149999999999999900 ) ) ;
#1284 = LINE ( 'NONE', #1283, #1282 ) ;
#1285 = CARTESIAN_POINT ( 'NONE',  ( 6.000000000000000900, 4.949999999999998400, 2.149999999999999900 ) ) ;
#1286 = DIRECTION ( 'NONE',  ( 0.0000000000000000000, 0.0000000000000000000, 1.000000000000000000 ) ) ;
#1287 = VECTOR ( 'NONE', #1286, 1000.000000000000000 ) ;
#1288 = CARTESIAN_POINT ( 'NONE',  ( 6.000000000000000900, 4.949999999999998400, 2.149999999999999900 ) ) ;
#1289 = LINE ( 'NONE', #1288, #1287 ) ;
#1290 = DIRECTION ( 'NONE',  ( 0.0000000000000000000, 0.0000000000000000000, 1.000000000000000000 ) ) ;
#1291 = DIRECTION ( 'NONE',  ( 0.0000000000000000000, 1.000000000000000000, 0.0000000000000000000 ) ) ;
#1292 = CARTESIAN_POINT ( 'NONE',  ( 3.499999999999997800, -38.25000000000000000, 0.0000000000000000000 ) ) ;
#1293 = AXIS2_PLACEMENT_3D ( 'NONE', #1292, #1291, #1290 ) ;
#1294 = PLANE ( 'NONE',  #1293 ) ;
#1295 = DIRECTION ( 'NONE',  ( 1.000000000000000000, 0.0000000000000000000, 0.0000000000000000000 ) ) ;
#1296 = DIRECTION ( 'NONE',  ( 0.0000000000000000000, 0.0000000000000000000, 1.000000000000000000 ) ) ;
#1297 = CARTESIAN_POINT ( 'NONE',  ( 8.250000000000003600, -7.000000000000000900, -2.250050000000000300 ) ) ;
#1298 = AXIS2_PLACEMENT_3D ( 'NONE', #1297, #1296, #1295 ) ;
#1299 = FACE_OUTER_BOUND ( 'NONE', #753, .T. ) ;
#1300 = CYLINDRICAL_SURFACE ( 'NONE', #1298, 1.100000000000000300 ) ;
#1301 = FACE_OUTER_BOUND ( 'NONE', #748, .T. ) ;
#1302 = DIRECTION ( 'NONE',  ( 1.000000000000000000, 0.0000000000000000000, 0.0000000000000000000 ) ) ;
#1303 = DIRECTION ( 'NONE',  ( 0.0000000000000000000, 0.0000000000000000000, 1.000000000000000000 ) ) ;
#1304 = CARTESIAN_POINT ( 'NONE',  ( 6.000000000000000900, 4.949999999999998400, 2.149999999999999900 ) ) ;
#1305 = AXIS2_PLACEMENT_3D ( 'NONE', #1304, #1303, #1302 ) ;
#1306 = PLANE ( 'NONE',  #1305 ) ;
#1307 = FACE_OUTER_BOUND ( 'NONE', #742, .T. ) ;
#1308 = DIRECTION ( 'NONE',  ( -4.336808689942015800E-016, 1.000000000000000000, 0.0000000000000000000 ) ) ;
#1309 = VECTOR ( 'NONE', #1308, 1000.000000000000000 ) ;
#1310 = AXIS2_PLACEMENT_3D ( 'NONE', #1373, #1372, #1371 ) ;
#1311 = PLANE ( 'NONE',  #1310 ) ;
#1312 = FACE_OUTER_BOUND ( 'NONE', #808, .T. ) ;
#1313 = DIRECTION ( 'NONE',  ( -4.336808689942016300E-016, 1.000000000000000000, 0.0000000000000000000 ) ) ;
#1314 = DIRECTION ( 'NONE',  ( 1.000000000000000000, 4.336808689942016300E-016, 0.0000000000000000000 ) ) ;
#1315 = CARTESIAN_POINT ( 'NONE',  ( 6.000000000000000000, 6.949999999999999300, 2.149999999999999900 ) ) ;
#1316 = AXIS2_PLACEMENT_3D ( 'NONE', #1315, #1314, #1313 ) ;
#1317 = PLANE ( 'NONE',  #1316 ) ;
#1318 = FACE_OUTER_BOUND ( 'NONE', #733, .T. ) ;
#1319 = DIRECTION ( 'NONE',  ( 0.0000000000000000000, 0.0000000000000000000, 1.000000000000000000 ) ) ;
#1320 = VECTOR ( 'NONE', #1319, 1000.000000000000000 ) ;
#1321 = CARTESIAN_POINT ( 'NONE',  ( 6.000000000000000000, 6.949999999999999300, 2.149999999999999900 ) ) ;
#1322 = LINE ( 'NONE', #1321, #1320 ) ;
#1323 = CARTESIAN_POINT ( 'NONE',  ( 6.000000000000000000, 6.949999999999999300, 2.149999999999999900 ) ) ;
#1324 = DIRECTION ( 'NONE',  ( -1.000000000000000000, 0.0000000000000000000, 0.0000000000000000000 ) ) ;
#1325 = VECTOR ( 'NONE', #1324, 1000.000000000000000 ) ;
#1326 = CARTESIAN_POINT ( 'NONE',  ( 3.500000000000000000, 6.949999999999999300, 2.149999999999999900 ) ) ;
#1327 = LINE ( 'NONE', #1326, #1325 ) ;
#1328 = DIRECTION ( 'NONE',  ( 0.0000000000000000000, 0.0000000000000000000, 1.000000000000000000 ) ) ;
#1329 = DIRECTION ( 'NONE',  ( 0.0000000000000000000, 1.000000000000000000, 0.0000000000000000000 ) ) ;
#1330 = CARTESIAN_POINT ( 'NONE',  ( 3.500000000000000000, 6.949999999999999300, 2.149999999999999900 ) ) ;
#1331 = AXIS2_PLACEMENT_3D ( 'NONE', #1330, #1329, #1328 ) ;
#1332 = PLANE ( 'NONE',  #1331 ) ;
#1333 = FACE_OUTER_BOUND ( 'NONE', #770, .T. ) ;
#1334 = DIRECTION ( 'NONE',  ( 0.0000000000000000000, 0.0000000000000000000, 1.000000000000000000 ) ) ;
#1335 = VECTOR ( 'NONE', #1334, 1000.000000000000000 ) ;
#1336 = CARTESIAN_POINT ( 'NONE',  ( 3.500000000000000000, 6.949999999999999300, 2.149999999999999900 ) ) ;
#1337 = LINE ( 'NONE', #1336, #1335 ) ;
#1338 = DIRECTION ( 'NONE',  ( 4.336808689942017700E-016, -1.000000000000000000, 0.0000000000000000000 ) ) ;
#1339 = VECTOR ( 'NONE', #1338, 1000.000000000000000 ) ;
#1340 = CARTESIAN_POINT ( 'NONE',  ( 3.500000000000000000, 6.949999999999999300, 2.149999999999999900 ) ) ;
#1341 = LINE ( 'NONE', #1340, #1339 ) ;
#1342 = UNCERTAINTY_MEASURE_WITH_UNIT (LENGTH_MEASURE( 1.000000000000000100E-005 ), #1421, 'distance_accuracy_value', 'NONE');
#1343 =( NAMED_UNIT ( * ) SI_UNIT ( $, .STERADIAN. ) SOLID_ANGLE_UNIT ( ) );
#1344 = DIRECTION ( 'NONE',  ( 0.0000000000000000000, 0.0000000000000000000, -1.000000000000000000 ) ) ;
#1345 = DIRECTION ( 'NONE',  ( 1.000000000000000000, 0.0000000000000000000, 0.0000000000000000000 ) ) ;
#1346 = CARTESIAN_POINT ( 'NONE',  ( 0.1000000000000000100, 0.0000000000000000000, 0.0000000000000000000 ) ) ;
#1347 = AXIS2_PLACEMENT_3D ( 'NONE', #1346, #1345, #1344 ) ;
#1348 = CIRCLE ( 'NONE', #1347, 1.000000000000000000 ) ;
#1349 = DIRECTION ( 'NONE',  ( 1.084202172485504400E-016, -1.000000000000000000, 0.0000000000000000000 ) ) ;
#1350 = VECTOR ( 'NONE', #1349, 1000.000000000000000 ) ;
#1351 = CARTESIAN_POINT ( 'NONE',  ( 0.5000000000000000000, 6.949999999999999300, 2.149999999999999900 ) ) ;
#1352 = LINE ( 'NONE', #1351, #1350 ) ;
#1353 = DIRECTION ( 'NONE',  ( 4.336808689942017700E-016, -1.000000000000000000, 0.0000000000000000000 ) ) ;
#1354 = DIRECTION ( 'NONE',  ( -1.000000000000000000, -4.336808689942017700E-016, 0.0000000000000000000 ) ) ;
#1355 = CARTESIAN_POINT ( 'NONE',  ( 3.500000000000000000, 6.949999999999999300, 2.149999999999999900 ) ) ;
#1356 = AXIS2_PLACEMENT_3D ( 'NONE', #1355, #1354, #1353 ) ;
#1357 = FACE_OUTER_BOUND ( 'NONE', #818, .T. ) ;
#1358 = DIRECTION ( 'NONE',  ( 0.0000000000000000000, 0.0000000000000000000, 1.000000000000000000 ) ) ;
#1359 = DIRECTION ( 'NONE',  ( -1.000000000000000000, 0.0000000000000000000, 0.0000000000000000000 ) ) ;
#1360 = CARTESIAN_POINT ( 'NONE',  ( 0.1000000000000000100, 0.0000000000000000000, 0.0000000000000000000 ) ) ;
#1361 = AXIS2_PLACEMENT_3D ( 'NONE', #1360, #1359, #1358 ) ;
#1362 = PLANE ( 'NONE',  #1356 ) ;
#1363 = CYLINDRICAL_SURFACE ( 'NONE', #1361, 1.000000000000000000 ) ;
#1364 = FACE_OUTER_BOUND ( 'NONE', #826, .T. ) ;
#1365 = DIRECTION ( 'NONE',  ( 1.000000000000000000, -3.469446951953614200E-016, 0.0000000000000000000 ) ) ;
#1366 = DIRECTION ( 'NONE',  ( -3.469446951953614200E-016, -1.000000000000000000, 0.0000000000000000000 ) ) ;
#1367 = CARTESIAN_POINT ( 'NONE',  ( 6.000000000000000900, 4.949999999999998400, 2.149999999999999900 ) ) ;
#1368 = AXIS2_PLACEMENT_3D ( 'NONE', #1367, #1366, #1365 ) ;
#1369 = PLANE ( 'NONE',  #1368 ) ;
#1370 = FACE_OUTER_BOUND ( 'NONE', #814, .T. ) ;
#1371 = DIRECTION ( 'NONE',  ( -1.000000000000000000, 0.0000000000000000000, 0.0000000000000000000 ) ) ;
#1372 = DIRECTION ( 'NONE',  ( 0.0000000000000000000, 0.0000000000000000000, -1.000000000000000000 ) ) ;
#1373 = CARTESIAN_POINT ( 'NONE',  ( 3.000000000000000000, 6.949999999999998400, 2.149999999999999900 ) ) ;
#1374 = VECTOR ( 'NONE', #1394, 1000.000000000000000 ) ;
#1375 = DIRECTION ( 'NONE',  ( 0.2588190451025250700, 0.9659258262890670900, 0.0000000000000000000 ) ) ;
#1376 = VECTOR ( 'NONE', #1375, 1000.000000000000200 ) ;
#1377 = FACE_OUTER_BOUND ( 'NONE', #548, .T. ) ;
#1378 = VECTOR ( 'NONE', #1395, 1000.000000000000000 ) ;
#1379 = CARTESIAN_POINT ( 'NONE',  ( 0.0000000000000000000, -8.750000000000000000, 1.950000000000000200 ) ) ;
#1380 = DIRECTION ( 'NONE',  ( -0.2588190451025251200, -0.9659258262890670900, 0.0000000000000000000 ) ) ;
#1381 = LINE ( 'NONE', #1379, #1376 ) ;
#1382 = FACE_OUTER_BOUND ( 'NONE', #679, .T. ) ;
#1383 = CARTESIAN_POINT ( 'NONE',  ( -1.205771365940073700, -13.25000000000000200, 1.950000000000000200 ) ) ;
#1384 = DIRECTION ( 'NONE',  ( 1.000000000000000000, 0.0000000000000000000, 0.0000000000000000000 ) ) ;
#1385 = DIRECTION ( 'NONE',  ( 0.0000000000000000000, 0.0000000000000000000, 1.000000000000000000 ) ) ;
#1386 = CARTESIAN_POINT ( 'NONE',  ( -7.000000000000000000, -8.750000000000000000, 1.950000000000000200 ) ) ;
#1387 = AXIS2_PLACEMENT_3D ( 'NONE', #1386, #1385, #1384 ) ;
#1388 = PLANE ( 'NONE',  #1387 ) ;
#1389 = DIRECTION ( 'NONE',  ( -1.000000000000000000, 0.0000000000000000000, 0.0000000000000000000 ) ) ;
#1390 = DIRECTION ( 'NONE',  ( 0.0000000000000000000, 0.0000000000000000000, -1.000000000000000000 ) ) ;
#1391 = CARTESIAN_POINT ( 'NONE',  ( 8.250000000000003600, 3.999999999999998200, 2.250000000000000400 ) ) ;
#1392 = AXIS2_PLACEMENT_3D ( 'NONE', #1391, #1390, #1389 ) ;
#1393 = CIRCLE ( 'NONE', #1392, 1.100000000000001200 ) ;
#1394 = DIRECTION ( 'NONE',  ( 0.0000000000000000000, 0.0000000000000000000, 1.000000000000000000 ) ) ;
#1395 = DIRECTION ( 'NONE',  ( 1.000000000000000000, 0.0000000000000000000, 0.0000000000000000000 ) ) ;
#1396 = LINE ( 'NONE', #1383, #1378 ) ;
#1397 = DIRECTION ( 'NONE',  ( -0.9659258262890672000, 0.2588190451025251800, 0.0000000000000000000 ) ) ;
#1398 = CARTESIAN_POINT ( 'NONE',  ( 0.0000000000000000000, -8.750000000000000000, 1.950000000000000200 ) ) ;
#1399 = AXIS2_PLACEMENT_3D ( 'NONE', #1398, #1397, #1380 ) ;
#1400 = PLANE ( 'NONE',  #1399 ) ;
#1401 = CARTESIAN_POINT ( 'NONE',  ( -1.205771365940073700, -13.25000000000000200, 1.950000000000000200 ) ) ;
#1402 = LINE ( 'NONE', #1418, #1415 ) ;
#1403 = DIRECTION ( 'NONE',  ( 0.0000000000000000000, 0.0000000000000000000, 1.000000000000000000 ) ) ;
#1404 = AXIS2_PLACEMENT_3D ( 'NONE', #1406, #1405, #1403 ) ;
#1405 = DIRECTION ( 'NONE',  ( 0.0000000000000000000, 1.000000000000000000, 0.0000000000000000000 ) ) ;
#1406 = CARTESIAN_POINT ( 'NONE',  ( 3.499999999999997800, -13.25000000000000000, 0.0000000000000000000 ) ) ;
#1407 = AXIS2_PLACEMENT_3D ( 'NONE', #1414, #1411, #1410 ) ;
#1408 = CIRCLE ( 'NONE', #1404, 1.250000000000000000 ) ;
#1409 = DIRECTION ( 'NONE',  ( -0.2588190451025176900, -0.9659258262890690900, 0.0000000000000000000 ) ) ;
#1410 = DIRECTION ( 'NONE',  ( 0.0000000000000000000, 0.0000000000000000000, 1.000000000000000000 ) ) ;
#1411 = DIRECTION ( 'NONE',  ( 0.0000000000000000000, 1.000000000000000000, 0.0000000000000000000 ) ) ;
#1412 = FACE_OUTER_BOUND ( 'NONE', #560, .T. ) ;
#1413 = CYLINDRICAL_SURFACE ( 'NONE', #1407, 1.250000000000000000 ) ;
#1414 = CARTESIAN_POINT ( 'NONE',  ( 3.499999999999997800, -38.25000000000000000, 0.0000000000000000000 ) ) ;
#1415 = VECTOR ( 'NONE', #1416, 1000.000000000000000 ) ;
#1416 = DIRECTION ( 'NONE',  ( 0.0000000000000000000, 0.0000000000000000000, -1.000000000000000000 ) ) ;
#1417 =( GEOMETRIC_REPRESENTATION_CONTEXT ( 3 ) GLOBAL_UNCERTAINTY_ASSIGNED_CONTEXT ( ( #1342 ) ) GLOBAL_UNIT_ASSIGNED_CONTEXT ( ( #1421, #1420, #1343 ) ) REPRESENTATION_CONTEXT ( 'NONE', 'WORKASPACE' ) );
#1418 = CARTESIAN_POINT ( 'NONE',  ( 1.734723475976806700E-015, -8.750000000000001800, 2.250000000000000000 ) ) ;
#1419 = CC_DESIGN_PERSON_AND_ORGANIZATION_ASSIGNMENT ( #1641, #1638, ( #1542 ) ) ;
#1420 =( NAMED_UNIT ( * ) PLANE_ANGLE_UNIT ( ) SI_UNIT ( $, .RADIAN. ) );
#1421 =( LENGTH_UNIT ( ) NAMED_UNIT ( * ) SI_UNIT ( .MILLI., .METRE. ) );
#1422 = DIRECTION ( 'NONE',  ( 0.0000000000000000000, 1.000000000000000000, 0.0000000000000000000 ) ) ;
#1423 = AXIS2_PLACEMENT_3D ( 'NONE', #1426, #1422, #1113 ) ;
#1424 = CIRCLE ( 'NONE', #1423, 1.250000000000000000 ) ;
#1425 = ADVANCED_BREP_SHAPE_REPRESENTATION ( '', ( #406, #1428 ), #1417 ) ;
#1426 = CARTESIAN_POINT ( 'NONE',  ( 3.499999999999997800, -38.25000000000000000, 0.0000000000000000000 ) ) ;
#1427 = CARTESIAN_POINT ( 'NONE',  ( 3.499999999999997800, -38.25000000000000000, -1.250000000000000000 ) ) ;
#1428 = AXIS2_PLACEMENT_3D ( 'NONE', #1429, #1505, #1514 ) ;
#1429 = CARTESIAN_POINT ( 'NONE',  ( 0.0000000000000000000, 0.0000000000000000000, 0.0000000000000000000 ) ) ;
#1430 = CARTESIAN_POINT ( 'NONE',  ( 3.499999999999997800, -38.25000000000000000, 1.250000000000000000 ) ) ;
#1431 = CARTESIAN_POINT ( 'NONE',  ( 3.499999999999997800, -38.25000000000000000, -1.250000000000000000 ) ) ;
#1432 = LINE ( 'NONE', #1431, #1435 ) ;
#1433 = CARTESIAN_POINT ( 'NONE',  ( 3.499999999999997800, -13.25000000000000000, -1.250000000000000000 ) ) ;
#1434 = DIRECTION ( 'NONE',  ( 0.0000000000000000000, 1.000000000000000000, 0.0000000000000000000 ) ) ;
#1435 = VECTOR ( 'NONE', #1434, 1000.000000000000000 ) ;
#1436 = LINE ( 'NONE', #1440, #1439 ) ;
#1437 = CARTESIAN_POINT ( 'NONE',  ( 0.0000000000000000000, -8.750000000000000000, 1.950000000000000200 ) ) ;
#1438 = DIRECTION ( 'NONE',  ( 0.0000000000000000000, 0.0000000000000000000, -1.000000000000000000 ) ) ;
#1439 = VECTOR ( 'NONE', #1438, 1000.000000000000000 ) ;
#1440 = CARTESIAN_POINT ( 'NONE',  ( 0.0000000000000000000, -8.750000000000000000, 1.950000000000000200 ) ) ;
#1441 = CARTESIAN_POINT ( 'NONE',  ( 3.499999999999997800, -13.25000000000000000, 1.250000000000000000 ) ) ;
#1442 = FACE_OUTER_BOUND ( 'NONE', #604, .T. ) ;
#1443 = FACE_BOUND ( 'NONE', #600, .T. ) ;
#1444 = DIRECTION ( 'NONE',  ( 0.2588190451025176300, -0.9659258262890692000, 0.0000000000000000000 ) ) ;
#1445 = VECTOR ( 'NONE', #1444, 1000.000000000000000 ) ;
#1446 = CARTESIAN_POINT ( 'NONE',  ( 0.0000000000000000000, -8.750000000000000000, 1.950000000000000200 ) ) ;
#1447 = PLANE ( 'NONE',  #1508 ) ;
#1448 = LINE ( 'NONE', #1446, #1445 ) ;
#1449 = DIRECTION ( 'NONE',  ( 1.000000000000000000, 0.0000000000000000000, 0.0000000000000000000 ) ) ;
#1450 = VECTOR ( 'NONE', #1449, 1000.000000000000000 ) ;
#1451 = CARTESIAN_POINT ( 'NONE',  ( 3.000000000000000000, 4.949999999999999300, 2.250000000000000000 ) ) ;
#1452 = CARTESIAN_POINT ( 'NONE',  ( 1.734723475976806700E-015, -8.750000000000001800, 2.250000000000000000 ) ) ;
#1453 = DIRECTION ( 'NONE',  ( 0.0000000000000000000, 0.0000000000000000000, 1.000000000000000000 ) ) ;
#1454 = DIRECTION ( 'NONE',  ( 0.0000000000000000000, 1.000000000000000000, 0.0000000000000000000 ) ) ;
#1455 = DIRECTION ( 'NONE',  ( 0.0000000000000000000, 0.0000000000000000000, 1.000000000000000000 ) ) ;
#1456 = DIRECTION ( 'NONE',  ( 0.0000000000000000000, 1.000000000000000000, 0.0000000000000000000 ) ) ;
#1457 = CARTESIAN_POINT ( 'NONE',  ( 3.499999999999997800, -13.25000000000000000, 0.0000000000000000000 ) ) ;
#1458 = AXIS2_PLACEMENT_3D ( 'NONE', #1457, #1456, #1455 ) ;
#1459 = CIRCLE ( 'NONE', #1458, 1.250000000000000000 ) ;
#1460 = FACE_BOUND ( 'NONE', #475, .T. ) ;
#1461 = DIRECTION ( 'NONE',  ( 0.0000000000000000000, 0.0000000000000000000, -1.000000000000000000 ) ) ;
#1462 = DIRECTION ( 'NONE',  ( 1.000000000000000000, 0.0000000000000000000, 0.0000000000000000000 ) ) ;
#1463 = CARTESIAN_POINT ( 'NONE',  ( 0.0000000000000000000, 0.0000000000000000000, 0.0000000000000000000 ) ) ;
#1464 = AXIS2_PLACEMENT_3D ( 'NONE', #1463, #1462, #1461 ) ;
#1465 = CIRCLE ( 'NONE', #1464, 1.000000000000000000 ) ;
#1466 = FACE_OUTER_BOUND ( 'NONE', #465, .T. ) ;
#1467 = DIRECTION ( 'NONE',  ( 0.0000000000000000000, 0.0000000000000000000, -1.000000000000000000 ) ) ;
#1468 = VECTOR ( 'NONE', #1467, 1000.000000000000000 ) ;
#1469 = CARTESIAN_POINT ( 'NONE',  ( 0.0000000000000000000, 7.249999999999999100, 2.250000000000000000 ) ) ;
#1470 = LINE ( 'NONE', #1469, #1468 ) ;
#1471 = CARTESIAN_POINT ( 'NONE',  ( 0.0000000000000000000, 7.249999999999999100, 2.250000000000000000 ) ) ;
#1472 = AXIS2_PLACEMENT_3D ( 'NONE', #1483, #1482, #1481 ) ;
#1473 = PLANE ( 'NONE',  #1472 ) ;
#1474 = CARTESIAN_POINT ( 'NONE',  ( 10.00000000000000400, -8.750000000000000000, -2.250000000000000000 ) ) ;
#1475 = AXIS2_PLACEMENT_3D ( 'NONE', #1474, #1500, #1499 ) ;
#1476 = PLANE ( 'NONE',  #1475 ) ;
#1477 = FACE_OUTER_BOUND ( 'NONE', #501, .T. ) ;
#1478 = FACE_BOUND ( 'NONE', #499, .T. ) ;
#1479 = CARTESIAN_POINT ( 'NONE',  ( 0.5000000000000002200, 4.949999999999999300, 2.250000000000000000 ) ) ;
#1480 = CARTESIAN_POINT ( 'NONE',  ( 0.5000000000000004400, 6.949999999999995700, 2.250000000000000000 ) ) ;
#1481 = DIRECTION ( 'NONE',  ( 2.168404344971008900E-016, -1.000000000000000000, 0.0000000000000000000 ) ) ;
#1482 = DIRECTION ( 'NONE',  ( -1.000000000000000000, -2.168404344971008900E-016, 0.0000000000000000000 ) ) ;
#1483 = CARTESIAN_POINT ( 'NONE',  ( 10.00000000000000000, 7.249999999999999100, 2.250000000000000000 ) ) ;
#1484 = DIRECTION ( 'NONE',  ( -1.000000000000000000, 3.469446951953614200E-016, 0.0000000000000000000 ) ) ;
#1485 = VECTOR ( 'NONE', #1484, 1000.000000000000000 ) ;
#1486 = CARTESIAN_POINT ( 'NONE',  ( 3.000000000000000000, 6.949999999999998400, 2.250000000000000000 ) ) ;
#1487 = LINE ( 'NONE', #1486, #1485 ) ;
#1488 = DIRECTION ( 'NONE',  ( 0.0000000000000000000, 1.000000000000000000, 0.0000000000000000000 ) ) ;
#1489 = CARTESIAN_POINT ( 'NONE',  ( 3.000000000000000000, 4.949999999999999300, 2.250000000000000000 ) ) ;
#1490 = LINE ( 'NONE', #1489, #1494 ) ;
#1491 = CARTESIAN_POINT ( 'NONE',  ( 3.000000000000000000, 6.949999999999998400, 2.250000000000000000 ) ) ;
#1492 = LINE ( 'NONE', #1451, #1450 ) ;
#1493 = CARTESIAN_POINT ( 'NONE',  ( 3.000000000000000000, 4.949999999999999300, 2.250000000000000000 ) ) ;
#1494 = VECTOR ( 'NONE', #1488, 1000.000000000000000 ) ;
#1495 = DIRECTION ( 'NONE',  ( 1.000000000000000000, 0.0000000000000000000, 0.0000000000000000000 ) ) ;
#1496 = VECTOR ( 'NONE', #1495, 1000.000000000000000 ) ;
#1497 = CARTESIAN_POINT ( 'NONE',  ( 1.205771365940036200, -13.25000000000000000, 1.950000000000000200 ) ) ;
#1498 = LINE ( 'NONE', #1497, #1496 ) ;
#1499 = DIRECTION ( 'NONE',  ( -1.000000000000000000, 0.0000000000000000000, 0.0000000000000000000 ) ) ;
#1500 = DIRECTION ( 'NONE',  ( 0.0000000000000000000, 0.0000000000000000000, -1.000000000000000000 ) ) ;
#1501 = DIRECTION ( 'NONE',  ( -0.9659258262890692000, 0.2588190451025177400, 0.0000000000000000000 ) ) ;
#1502 = CARTESIAN_POINT ( 'NONE',  ( 5.794228634059964000, -13.25000000000000000, 1.950000000000000200 ) ) ;
#1503 = AXIS2_PLACEMENT_3D ( 'NONE', #1502, #1501, #1409 ) ;
#1504 = PLANE ( 'NONE',  #1503 ) ;
#1505 = DIRECTION ( 'NONE',  ( 0.0000000000000000000, 0.0000000000000000000, 1.000000000000000000 ) ) ;
#1506 = FACE_OUTER_BOUND ( 'NONE', #612, .T. ) ;
#1507 = CARTESIAN_POINT ( 'NONE',  ( 1.205771365940036200, -13.25000000000000000, 1.950000000000000200 ) ) ;
#1508 = AXIS2_PLACEMENT_3D ( 'NONE', #1507, #1454, #1453 ) ;
#1509 = DIRECTION ( 'NONE',  ( 1.084202172485504200E-016, -1.000000000000000000, 0.0000000000000000000 ) ) ;
#1510 = VECTOR ( 'NONE', #1509, 1000.000000000000000 ) ;
#1511 = CARTESIAN_POINT ( 'NONE',  ( 0.0000000000000000000, 7.249999999999999100, 2.250000000000000000 ) ) ;
#1512 = LINE ( 'NONE', #1511, #1510 ) ;
#1513 = SHAPE_REPRESENTATION ( 'EX-11EAD_√ﬁÃ´Ÿƒ', ( #1428 ), #1417 ) ;
#1514 = DIRECTION ( 'NONE',  ( 1.000000000000000000, 0.0000000000000000000, 0.0000000000000000000 ) ) ;
#1515 = VECTOR ( 'NONE', #1520, 1000.000000000000100 ) ;
#1516 = CARTESIAN_POINT ( 'NONE',  ( 5.794228634059964000, -13.25000000000000000, 1.950000000000000200 ) ) ;
#1517 = LINE ( 'NONE', #1516, #1515 ) ;
#1518 = PLANE ( 'NONE',  #1524 ) ;
#1519 = FACE_OUTER_BOUND ( 'NONE', #619, .T. ) ;
#1520 = DIRECTION ( 'NONE',  ( 0.2588190451025176900, 0.9659258262890690900, 0.0000000000000000000 ) ) ;
#1521 = DIRECTION ( 'NONE',  ( 1.000000000000000000, 0.0000000000000000000, 0.0000000000000000000 ) ) ;
#1522 = DIRECTION ( 'NONE',  ( 0.0000000000000000000, 0.0000000000000000000, 1.000000000000000000 ) ) ;
#1523 = CARTESIAN_POINT ( 'NONE',  ( 5.810221930991053700E-017, -8.750000000000000000, 1.950000000000000200 ) ) ;
#1524 = AXIS2_PLACEMENT_3D ( 'NONE', #1523, #1522, #1521 ) ;
#1525 = SHAPE_REPRESENTATION ( 'EX-11EA', ( #1536, #1559, #1555 ), #1547 ) ;
#1526 = DIRECTION ( 'NONE',  ( 0.0000000000000000000, 0.0000000000000000000, 1.000000000000000000 ) ) ;
#1527 = SHAPE_REPRESENTATION_RELATIONSHIP ( 'NONE' , 'NONE' ,  #1528, #1529 ) ;
#1528 = SHAPE_REPRESENTATION ( 'EX-11EAP_√ﬁÃ´Ÿƒ', ( #1428 ), #1530 ) ;
#1529 = ADVANCED_BREP_SHAPE_REPRESENTATION ( '', ( #361, #1428 ), #1530 ) ;
#1530 =( GEOMETRIC_REPRESENTATION_CONTEXT ( 3 ) GLOBAL_UNCERTAINTY_ASSIGNED_CONTEXT ( ( #1531 ) ) GLOBAL_UNIT_ASSIGNED_CONTEXT ( ( #1534, #1533, #1532 ) ) REPRESENTATION_CONTEXT ( 'NONE', 'WORKASPACE' ) );
#1531 = UNCERTAINTY_MEASURE_WITH_UNIT (LENGTH_MEASURE( 1.000000000000000100E-005 ), #1534, 'distance_accuracy_value', 'NONE');
#1532 =( NAMED_UNIT ( * ) SI_UNIT ( $, .STERADIAN. ) SOLID_ANGLE_UNIT ( ) );
#1533 =( NAMED_UNIT ( * ) PLANE_ANGLE_UNIT ( ) SI_UNIT ( $, .RADIAN. ) );
#1534 =( LENGTH_UNIT ( ) NAMED_UNIT ( * ) SI_UNIT ( .MILLI., .METRE. ) );
#1535 = CARTESIAN_POINT ( 'NONE',  ( 0.0000000000000000000, 0.0000000000000000000, 0.0000000000000000000 ) ) ;
#1536 = AXIS2_PLACEMENT_3D ( 'NONE', #1535, #1526, #1546 ) ;
#1537 = SHAPE_REPRESENTATION_RELATIONSHIP ( 'NONE' , 'NONE' ,  #1513, #1425 ) ;
#1538 = CC_DESIGN_APPROVAL ( #1539, ( #1542 ) ) ;
#1539 = APPROVAL ( #1540, 'UNKNOWN' ) ;
#1540 = APPROVAL_STATUS ( 'not_yet_approved' ) ;
#1541 = CC_DESIGN_SECURITY_CLASSIFICATION ( #1542, ( #1594 ) ) ;
#1542 = SECURITY_CLASSIFICATION ( '', '', #1543 ) ;
#1543 = SECURITY_CLASSIFICATION_LEVEL ( 'unclassified' ) ;
#1544 = PRODUCT_DEFINITION_SHAPE ( 'NONE', 'NONE',  #1594 ) ;
#1545 = SHAPE_DEFINITION_REPRESENTATION ( #1713, #1525 ) ;
#1546 = DIRECTION ( 'NONE',  ( 1.000000000000000000, 0.0000000000000000000, 0.0000000000000000000 ) ) ;
#1547 =( GEOMETRIC_REPRESENTATION_CONTEXT ( 3 ) GLOBAL_UNCERTAINTY_ASSIGNED_CONTEXT ( ( #1548 ) ) GLOBAL_UNIT_ASSIGNED_CONTEXT ( ( #1551, #1550, #1549 ) ) REPRESENTATION_CONTEXT ( 'NONE', 'WORKASPACE' ) );
#1548 = UNCERTAINTY_MEASURE_WITH_UNIT (LENGTH_MEASURE( 1.000000000000000100E-005 ), #1551, 'distance_accuracy_value', 'NONE');
#1549 =( NAMED_UNIT ( * ) SI_UNIT ( $, .STERADIAN. ) SOLID_ANGLE_UNIT ( ) );
#1550 =( NAMED_UNIT ( * ) PLANE_ANGLE_UNIT ( ) SI_UNIT ( $, .RADIAN. ) );
#1551 =( LENGTH_UNIT ( ) NAMED_UNIT ( * ) SI_UNIT ( .MILLI., .METRE. ) );
#1552 = DIRECTION ( 'NONE',  ( 1.224606353822377300E-016, 0.0000000000000000000, -1.000000000000000000 ) ) ;
#1553 = DIRECTION ( 'NONE',  ( 1.000000000000000000, 0.0000000000000000000, 1.224606353822377300E-016 ) ) ;
#1554 = CARTESIAN_POINT ( 'NONE',  ( 1.734723475976807100E-015, 0.0000000000000000000, -20.00000000000000000 ) ) ;
#1555 = AXIS2_PLACEMENT_3D ( 'NONE', #1554, #1553, #1552 ) ;
#1556 = DIRECTION ( 'NONE',  ( 1.224606353822377300E-016, 0.0000000000000000000, -1.000000000000000000 ) ) ;
#1557 = DIRECTION ( 'NONE',  ( 1.000000000000000000, 0.0000000000000000000, 1.224606353822377300E-016 ) ) ;
#1558 = CARTESIAN_POINT ( 'NONE',  ( -1.734723475976807100E-015, 0.0000000000000000000, 20.00000000000000000 ) ) ;
#1559 = AXIS2_PLACEMENT_3D ( 'NONE', #1558, #1557, #1556 ) ;
#1560 = DIRECTION ( 'NONE',  ( 1.000000000000000000, 0.0000000000000000000, 0.0000000000000000000 ) ) ;
#1561 = DIRECTION ( 'NONE',  ( 0.0000000000000000000, 0.0000000000000000000, 1.000000000000000000 ) ) ;
#1562 = CARTESIAN_POINT ( 'NONE',  ( 0.0000000000000000000, 0.0000000000000000000, 0.0000000000000000000 ) ) ;
#1563 = AXIS2_PLACEMENT_3D ( 'NONE', #1562, #1561, #1560 ) ;
#1564 = COORDINATED_UNIVERSAL_TIME_OFFSET ( 9, 0, .AHEAD. ) ;
#1565 = DATE_AND_TIME ( #1566, #1567 ) ;
#1566 = CALENDAR_DATE ( 2005, 5, 9 ) ;
#1567 = LOCAL_TIME ( 16, 13, 23.00000000000000000, #1568 ) ;
#1568 = COORDINATED_UNIVERSAL_TIME_OFFSET ( 9, 0, .AHEAD. ) ;
#1569 = CC_DESIGN_PERSON_AND_ORGANIZATION_ASSIGNMENT ( #1571, #1570, ( #1572 ) ) ;
#1570 = PERSON_AND_ORGANIZATION_ROLE ( 'design_owner' ) ;
#1571 = PERSON_AND_ORGANIZATION ( #1623, #1622 ) ;
#1572 = PRODUCT ( 'EX-11EAP_√ﬁÃ´Ÿƒ', 'EX-11EAP_√ﬁÃ´Ÿƒ', '', ( #1573 ) ) ;
#1573 = MECHANICAL_CONTEXT ( 'NONE', #1575, 'mechanical' ) ;
#1574 = APPLICATION_PROTOCOL_DEFINITION ( 'international standard', 'config_control_design', 1994, #1575 ) ;
#1575 = APPLICATION_CONTEXT ( 'configuration controlled 3d designs of mechanical parts and assemblies' ) ;
#1576 = COORDINATED_UNIVERSAL_TIME_OFFSET ( 9, 0, .AHEAD. ) ;
#1577 = CC_DESIGN_PERSON_AND_ORGANIZATION_ASSIGNMENT ( #1579, #1578, ( #1591 ) ) ;
#1578 = PERSON_AND_ORGANIZATION_ROLE ( 'creator' ) ;
#1579 = PERSON_AND_ORGANIZATION ( #1623, #1622 ) ;
#1580 = CC_DESIGN_APPROVAL ( #1588, ( #1591 ) ) ;
#1581 = APPROVAL_DATE_TIME ( #1582, #1588 ) ;
#1582 = DATE_AND_TIME ( #1583, #1584 ) ;
#1583 = CALENDAR_DATE ( 2005, 5, 9 ) ;
#1584 = LOCAL_TIME ( 16, 13, 23.00000000000000000, #1585 ) ;
#1585 = COORDINATED_UNIVERSAL_TIME_OFFSET ( 9, 0, .AHEAD. ) ;
#1586 = APPROVAL_PERSON_ORGANIZATION ( #1590, #1588, #1587 ) ;
#1587 = APPROVAL_ROLE ( '' ) ;
#1588 = APPROVAL ( #1589, 'UNSPECIFIED' ) ;
#1589 = APPROVAL_STATUS ( 'not_yet_approved' ) ;
#1590 = PERSON_AND_ORGANIZATION ( #1623, #1622 ) ;
#1591 = PRODUCT_DEFINITION ( 'UNKNOWN', '', #1742, #1592 ) ;
#1592 = DESIGN_CONTEXT ( 'detailed design', #1628, 'design' ) ;
#1593 = APPLICATION_PROTOCOL_DEFINITION ( 'international standard', 'config_control_design', 1994, #1628 ) ;
#1594 = NEXT_ASSEMBLY_USAGE_OCCURRENCE ( 'NAUO1', ' ', ' ', #1688, #1611, $ ) ;
#1595 =( REPRESENTATION_RELATIONSHIP ('NONE','NONE', #1525, #1528 ) REPRESENTATION_RELATIONSHIP_WITH_TRANSFORMATION ( #1707 )SHAPE_REPRESENTATION_RELATIONSHIP( ) );
#1596 = COORDINATED_UNIVERSAL_TIME_OFFSET ( 9, 0, .AHEAD. ) ;
#1597 = CC_DESIGN_PERSON_AND_ORGANIZATION_ASSIGNMENT ( #1599, #1598, ( #1611 ) ) ;
#1598 = PERSON_AND_ORGANIZATION_ROLE ( 'creator' ) ;
#1599 = PERSON_AND_ORGANIZATION ( #1623, #1622 ) ;
#1600 = CC_DESIGN_APPROVAL ( #1608, ( #1611 ) ) ;
#1601 = APPROVAL_DATE_TIME ( #1602, #1608 ) ;
#1602 = DATE_AND_TIME ( #1603, #1604 ) ;
#1603 = CALENDAR_DATE ( 2005, 5, 9 ) ;
#1604 = LOCAL_TIME ( 16, 13, 23.00000000000000000, #1605 ) ;
#1605 = COORDINATED_UNIVERSAL_TIME_OFFSET ( 9, 0, .AHEAD. ) ;
#1606 = APPROVAL_PERSON_ORGANIZATION ( #1610, #1608, #1607 ) ;
#1607 = APPROVAL_ROLE ( '' ) ;
#1608 = APPROVAL ( #1609, 'UNSPECIFIED' ) ;
#1609 = APPROVAL_STATUS ( 'not_yet_approved' ) ;
#1610 = PERSON_AND_ORGANIZATION ( #1623, #1622 ) ;
#1611 = PRODUCT_DEFINITION ( 'UNKNOWN', '', #1706, #1612 ) ;
#1612 = DESIGN_CONTEXT ( 'detailed design', #1614, 'design' ) ;
#1613 = APPLICATION_PROTOCOL_DEFINITION ( 'international standard', 'config_control_design', 1994, #1614 ) ;
#1614 = APPLICATION_CONTEXT ( 'configuration controlled 3d designs of mechanical parts and assemblies' ) ;
#1615 = DESIGN_CONTEXT ( 'detailed design', #1617, 'design' ) ;
#1616 = APPLICATION_PROTOCOL_DEFINITION ( 'international standard', 'config_control_design', 1994, #1617 ) ;
#1617 = APPLICATION_CONTEXT ( 'configuration controlled 3d designs of mechanical parts and assemblies' ) ;
#1618 = SHAPE_DEFINITION_REPRESENTATION ( #1748, #1528 ) ;
#1619 = CC_DESIGN_PERSON_AND_ORGANIZATION_ASSIGNMENT ( #1621, #1620, ( #1624 ) ) ;
#1620 = PERSON_AND_ORGANIZATION_ROLE ( 'design_owner' ) ;
#1621 = PERSON_AND_ORGANIZATION ( #1623, #1622 ) ;
#1622 = ORGANIZATION ( 'UNSPECIFIED', 'UNSPECIFIED', '' ) ;
#1623 = PERSON ( 'UNSPECIFIED', 'UNSPECIFIED', 'UNSPECIFIED', ('UNSPECIFIED'), ('UNSPECIFIED'), ('UNSPECIFIED') ) ;
#1624 = PRODUCT ( 'EX-11EA', 'EX-11EA', '', ( #1625 ) ) ;
#1625 = MECHANICAL_CONTEXT ( 'NONE', #1627, 'mechanical' ) ;
#1626 = APPLICATION_PROTOCOL_DEFINITION ( 'international standard', 'config_control_design', 1994, #1627 ) ;
#1627 = APPLICATION_CONTEXT ( 'configuration controlled 3d designs of mechanical parts and assemblies' ) ;
#1628 = APPLICATION_CONTEXT ( 'configuration controlled 3d designs of mechanical parts and assemblies' ) ;
#1629 = SHAPE_DEFINITION_REPRESENTATION ( #1779, #1513 ) ;
#1630 = CC_DESIGN_PERSON_AND_ORGANIZATION_ASSIGNMENT ( #1632, #1631, ( #1633 ) ) ;
#1631 = PERSON_AND_ORGANIZATION_ROLE ( 'design_owner' ) ;
#1632 = PERSON_AND_ORGANIZATION ( #1623, #1622 ) ;
#1633 = PRODUCT ( 'EX-11EAD_√ﬁÃ´Ÿƒ', 'EX-11EAD_√ﬁÃ´Ÿƒ', '', ( #1634 ) ) ;
#1634 = MECHANICAL_CONTEXT ( 'NONE', #1636, 'mechanical' ) ;
#1635 = APPLICATION_PROTOCOL_DEFINITION ( 'international standard', 'config_control_design', 1994, #1636 ) ;
#1636 = APPLICATION_CONTEXT ( 'configuration controlled 3d designs of mechanical parts and assemblies' ) ;
#1637 = CC_DESIGN_DATE_AND_TIME_ASSIGNMENT ( #1565, #1639, ( #1542 ) ) ;
#1638 = PERSON_AND_ORGANIZATION_ROLE ( 'classification_officer' ) ;
#1639 = DATE_TIME_ROLE ( 'classification_date' ) ;
#1640 = APPROVAL_PERSON_ORGANIZATION ( #1641, #1539, #1774 ) ;
#1641 = PERSON_AND_ORGANIZATION ( #1773, #1642 ) ;
#1642 = ORGANIZATION ( 'NAUO-ORG1', 'UNSPECIFIED', 'UNSPECIFIED' ) ;
#1643 = DATE_AND_TIME ( #1729, #1730 ) ;
#1644 = COORDINATED_UNIVERSAL_TIME_OFFSET ( 9, 0, .AHEAD. ) ;
#1645 = CC_DESIGN_PERSON_AND_ORGANIZATION_ASSIGNMENT ( #1647, #1646, ( #1648 ) ) ;
#1646 = PERSON_AND_ORGANIZATION_ROLE ( 'classification_officer' ) ;
#1647 = PERSON_AND_ORGANIZATION ( #1623, #1622 ) ;
#1648 = SECURITY_CLASSIFICATION ( '', '', #1649 ) ;
#1649 = SECURITY_CLASSIFICATION_LEVEL ( 'unclassified' ) ;
#1650 = CC_DESIGN_PERSON_AND_ORGANIZATION_ASSIGNMENT ( #1652, #1651, ( #1667 ) ) ;
#1651 = PERSON_AND_ORGANIZATION_ROLE ( 'design_supplier' ) ;
#1652 = PERSON_AND_ORGANIZATION ( #1623, #1622 ) ;
#1653 = CC_DESIGN_PERSON_AND_ORGANIZATION_ASSIGNMENT ( #1655, #1654, ( #1667 ) ) ;
#1654 = PERSON_AND_ORGANIZATION_ROLE ( 'creator' ) ;
#1655 = PERSON_AND_ORGANIZATION ( #1623, #1622 ) ;
#1656 = CC_DESIGN_APPROVAL ( #1664, ( #1667 ) ) ;
#1657 = APPROVAL_DATE_TIME ( #1658, #1664 ) ;
#1658 = DATE_AND_TIME ( #1659, #1660 ) ;
#1659 = CALENDAR_DATE ( 2005, 5, 9 ) ;
#1660 = LOCAL_TIME ( 16, 13, 23.00000000000000000, #1661 ) ;
#1661 = COORDINATED_UNIVERSAL_TIME_OFFSET ( 9, 0, .AHEAD. ) ;
#1662 = APPROVAL_PERSON_ORGANIZATION ( #1666, #1664, #1663 ) ;
#1663 = APPROVAL_ROLE ( '' ) ;
#1664 = APPROVAL ( #1665, 'UNSPECIFIED' ) ;
#1665 = APPROVAL_STATUS ( 'not_yet_approved' ) ;
#1666 = PERSON_AND_ORGANIZATION ( #1623, #1622 ) ;
#1667 = PRODUCT_DEFINITION_FORMATION_WITH_SPECIFIED_SOURCE ( 'ANY', '', #1624, .NOT_KNOWN. ) ;
#1668 = CC_DESIGN_DATE_AND_TIME_ASSIGNMENT ( #1670, #1669, ( #1688 ) ) ;
#1669 = DATE_TIME_ROLE ( 'creation_date' ) ;
#1670 = DATE_AND_TIME ( #1671, #1672 ) ;
#1671 = CALENDAR_DATE ( 2005, 5, 9 ) ;
#1672 = LOCAL_TIME ( 16, 13, 23.00000000000000000, #1673 ) ;
#1673 = COORDINATED_UNIVERSAL_TIME_OFFSET ( 9, 0, .AHEAD. ) ;
#1674 = CC_DESIGN_PERSON_AND_ORGANIZATION_ASSIGNMENT ( #1676, #1675, ( #1688 ) ) ;
#1675 = PERSON_AND_ORGANIZATION_ROLE ( 'creator' ) ;
#1676 = PERSON_AND_ORGANIZATION ( #1623, #1622 ) ;
#1677 = CC_DESIGN_APPROVAL ( #1685, ( #1688 ) ) ;
#1678 = APPROVAL_DATE_TIME ( #1679, #1685 ) ;
#1679 = DATE_AND_TIME ( #1680, #1681 ) ;
#1680 = CALENDAR_DATE ( 2005, 5, 9 ) ;
#1681 = LOCAL_TIME ( 16, 13, 23.00000000000000000, #1682 ) ;
#1682 = COORDINATED_UNIVERSAL_TIME_OFFSET ( 9, 0, .AHEAD. ) ;
#1683 = APPROVAL_PERSON_ORGANIZATION ( #1687, #1685, #1684 ) ;
#1684 = APPROVAL_ROLE ( '' ) ;
#1685 = APPROVAL ( #1686, 'UNSPECIFIED' ) ;
#1686 = APPROVAL_STATUS ( 'not_yet_approved' ) ;
#1687 = PERSON_AND_ORGANIZATION ( #1623, #1622 ) ;
#1688 = PRODUCT_DEFINITION ( 'UNKNOWN', '', #1667, #1615 ) ;
#1689 = CC_DESIGN_PERSON_AND_ORGANIZATION_ASSIGNMENT ( #1691, #1690, ( #1706 ) ) ;
#1690 = PERSON_AND_ORGANIZATION_ROLE ( 'design_supplier' ) ;
#1691 = PERSON_AND_ORGANIZATION ( #1623, #1622 ) ;
#1692 = CC_DESIGN_PERSON_AND_ORGANIZATION_ASSIGNMENT ( #1694, #1693, ( #1706 ) ) ;
#1693 = PERSON_AND_ORGANIZATION_ROLE ( 'creator' ) ;
#1694 = PERSON_AND_ORGANIZATION ( #1623, #1622 ) ;
#1695 = CC_DESIGN_APPROVAL ( #1703, ( #1706 ) ) ;
#1696 = APPROVAL_DATE_TIME ( #1697, #1703 ) ;
#1697 = DATE_AND_TIME ( #1698, #1699 ) ;
#1698 = CALENDAR_DATE ( 2005, 5, 9 ) ;
#1699 = LOCAL_TIME ( 16, 13, 23.00000000000000000, #1700 ) ;
#1700 = COORDINATED_UNIVERSAL_TIME_OFFSET ( 9, 0, .AHEAD. ) ;
#1701 = APPROVAL_PERSON_ORGANIZATION ( #1705, #1703, #1702 ) ;
#1702 = APPROVAL_ROLE ( '' ) ;
#1703 = APPROVAL ( #1704, 'UNSPECIFIED' ) ;
#1704 = APPROVAL_STATUS ( 'not_yet_approved' ) ;
#1705 = PERSON_AND_ORGANIZATION ( #1623, #1622 ) ;
#1706 = PRODUCT_DEFINITION_FORMATION_WITH_SPECIFIED_SOURCE ( 'ANY', '', #1572, .NOT_KNOWN. ) ;
#1707 = ITEM_DEFINED_TRANSFORMATION ( 'NONE', 'NONE', #1559,  #1428 ) ;
#1708 = CC_DESIGN_DATE_AND_TIME_ASSIGNMENT ( #1710, #1709, ( #1611 ) ) ;
#1709 = DATE_TIME_ROLE ( 'creation_date' ) ;
#1710 = DATE_AND_TIME ( #1711, #1712 ) ;
#1711 = CALENDAR_DATE ( 2005, 5, 9 ) ;
#1712 = LOCAL_TIME ( 16, 13, 23.00000000000000000, #1596 ) ;
#1713 = PRODUCT_DEFINITION_SHAPE ( 'NONE', 'NONE',  #1688 ) ;
#1714 = PRODUCT_RELATED_PRODUCT_CATEGORY ( 'detail', '', ( #1624 ) ) ;
#1715 = CC_DESIGN_SECURITY_CLASSIFICATION ( #1648, ( #1667 ) ) ;
#1716 = CC_DESIGN_APPROVAL ( #1724, ( #1648 ) ) ;
#1717 = APPROVAL_DATE_TIME ( #1718, #1724 ) ;
#1718 = DATE_AND_TIME ( #1719, #1720 ) ;
#1719 = CALENDAR_DATE ( 2005, 5, 9 ) ;
#1720 = LOCAL_TIME ( 16, 13, 23.00000000000000000, #1721 ) ;
#1721 = COORDINATED_UNIVERSAL_TIME_OFFSET ( 9, 0, .AHEAD. ) ;
#1722 = APPROVAL_PERSON_ORGANIZATION ( #1726, #1724, #1723 ) ;
#1723 = APPROVAL_ROLE ( '' ) ;
#1724 = APPROVAL ( #1725, 'UNSPECIFIED' ) ;
#1725 = APPROVAL_STATUS ( 'not_yet_approved' ) ;
#1726 = PERSON_AND_ORGANIZATION ( #1623, #1622 ) ;
#1727 = CC_DESIGN_DATE_AND_TIME_ASSIGNMENT ( #1643, #1728, ( #1648 ) ) ;
#1728 = DATE_TIME_ROLE ( 'classification_date' ) ;
#1729 = CALENDAR_DATE ( 2005, 5, 9 ) ;
#1730 = LOCAL_TIME ( 16, 13, 23.00000000000000000, #1644 ) ;
#1731 = CC_DESIGN_APPROVAL ( #1739, ( #1742 ) ) ;
#1732 = APPROVAL_DATE_TIME ( #1733, #1739 ) ;
#1733 = DATE_AND_TIME ( #1734, #1735 ) ;
#1734 = CALENDAR_DATE ( 2005, 5, 9 ) ;
#1735 = LOCAL_TIME ( 16, 13, 23.00000000000000000, #1736 ) ;
#1736 = COORDINATED_UNIVERSAL_TIME_OFFSET ( 9, 0, .AHEAD. ) ;
#1737 = APPROVAL_PERSON_ORGANIZATION ( #1741, #1739, #1738 ) ;
#1738 = APPROVAL_ROLE ( '' ) ;
#1739 = APPROVAL ( #1740, 'UNSPECIFIED' ) ;
#1740 = APPROVAL_STATUS ( 'not_yet_approved' ) ;
#1741 = PERSON_AND_ORGANIZATION ( #1623, #1622 ) ;
#1742 = PRODUCT_DEFINITION_FORMATION_WITH_SPECIFIED_SOURCE ( 'ANY', '', #1633, .NOT_KNOWN. ) ;
#1743 = CC_DESIGN_DATE_AND_TIME_ASSIGNMENT ( #1745, #1744, ( #1591 ) ) ;
#1744 = DATE_TIME_ROLE ( 'creation_date' ) ;
#1745 = DATE_AND_TIME ( #1746, #1747 ) ;
#1746 = CALENDAR_DATE ( 2005, 5, 9 ) ;
#1747 = LOCAL_TIME ( 16, 13, 23.00000000000000000, #1576 ) ;
#1748 = PRODUCT_DEFINITION_SHAPE ( 'NONE', 'NONE',  #1611 ) ;
#1749 = PRODUCT_RELATED_PRODUCT_CATEGORY ( 'detail', '', ( #1572 ) ) ;
#1750 = CC_DESIGN_SECURITY_CLASSIFICATION ( #1771, ( #1706 ) ) ;
#1751 = CC_DESIGN_APPROVAL ( #1759, ( #1771 ) ) ;
#1752 = APPROVAL_DATE_TIME ( #1753, #1759 ) ;
#1753 = DATE_AND_TIME ( #1754, #1755 ) ;
#1754 = CALENDAR_DATE ( 2005, 5, 9 ) ;
#1755 = LOCAL_TIME ( 16, 13, 23.00000000000000000, #1756 ) ;
#1756 = COORDINATED_UNIVERSAL_TIME_OFFSET ( 9, 0, .AHEAD. ) ;
#1757 = APPROVAL_PERSON_ORGANIZATION ( #1761, #1759, #1758 ) ;
#1758 = APPROVAL_ROLE ( '' ) ;
#1759 = APPROVAL ( #1760, 'UNSPECIFIED' ) ;
#1760 = APPROVAL_STATUS ( 'not_yet_approved' ) ;
#1761 = PERSON_AND_ORGANIZATION ( #1623, #1622 ) ;
#1762 = CC_DESIGN_DATE_AND_TIME_ASSIGNMENT ( #1764, #1763, ( #1771 ) ) ;
#1763 = DATE_TIME_ROLE ( 'classification_date' ) ;
#1764 = DATE_AND_TIME ( #1765, #1766 ) ;
#1765 = CALENDAR_DATE ( 2005, 5, 9 ) ;
#1766 = LOCAL_TIME ( 16, 13, 23.00000000000000000, #1767 ) ;
#1767 = COORDINATED_UNIVERSAL_TIME_OFFSET ( 9, 0, .AHEAD. ) ;
#1768 = CC_DESIGN_PERSON_AND_ORGANIZATION_ASSIGNMENT ( #1770, #1769, ( #1771 ) ) ;
#1769 = PERSON_AND_ORGANIZATION_ROLE ( 'classification_officer' ) ;
#1770 = PERSON_AND_ORGANIZATION ( #1623, #1622 ) ;
#1771 = SECURITY_CLASSIFICATION ( '', '', #1772 ) ;
#1772 = SECURITY_CLASSIFICATION_LEVEL ( 'unclassified' ) ;
#1773 = PERSON ( 'NAUO-PER1', 'UNSPECIFIED', 'UNSPECIFIED', ('UNSPECIFIED'), ('UNSPECIFIED'), ('UNSPECIFIED') ) ;
#1774 = APPROVAL_ROLE ( '' ) ;
#1775 = APPROVAL_DATE_TIME ( #1776, #1539 ) ;
#1776 = DATE_AND_TIME ( #1777, #1778 ) ;
#1777 = CALENDAR_DATE ( 2005, 5, 9 ) ;
#1778 = LOCAL_TIME ( 16, 13, 23.00000000000000000, #1564 ) ;
#1779 = PRODUCT_DEFINITION_SHAPE ( 'NONE', 'NONE',  #1591 ) ;
#1780 = PRODUCT_RELATED_PRODUCT_CATEGORY ( 'detail', '', ( #1633 ) ) ;
#1781 = CC_DESIGN_SECURITY_CLASSIFICATION ( #1802, ( #1742 ) ) ;
#1782 = CC_DESIGN_APPROVAL ( #1790, ( #1802 ) ) ;
#1783 = APPROVAL_DATE_TIME ( #1784, #1790 ) ;
#1784 = DATE_AND_TIME ( #1785, #1786 ) ;
#1785 = CALENDAR_DATE ( 2005, 5, 9 ) ;
#1786 = LOCAL_TIME ( 16, 13, 23.00000000000000000, #1787 ) ;
#1787 = COORDINATED_UNIVERSAL_TIME_OFFSET ( 9, 0, .AHEAD. ) ;
#1788 = APPROVAL_PERSON_ORGANIZATION ( #1792, #1790, #1789 ) ;
#1789 = APPROVAL_ROLE ( '' ) ;
#1790 = APPROVAL ( #1791, 'UNSPECIFIED' ) ;
#1791 = APPROVAL_STATUS ( 'not_yet_approved' ) ;
#1792 = PERSON_AND_ORGANIZATION ( #1623, #1622 ) ;
#1793 = CC_DESIGN_DATE_AND_TIME_ASSIGNMENT ( #1795, #1794, ( #1802 ) ) ;
#1794 = DATE_TIME_ROLE ( 'classification_date' ) ;
#1795 = DATE_AND_TIME ( #1796, #1797 ) ;
#1796 = CALENDAR_DATE ( 2005, 5, 9 ) ;
#1797 = LOCAL_TIME ( 16, 13, 23.00000000000000000, #1798 ) ;
#1798 = COORDINATED_UNIVERSAL_TIME_OFFSET ( 9, 0, .AHEAD. ) ;
#1799 = CC_DESIGN_PERSON_AND_ORGANIZATION_ASSIGNMENT ( #1801, #1800, ( #1802 ) ) ;
#1800 = PERSON_AND_ORGANIZATION_ROLE ( 'classification_officer' ) ;
#1801 = PERSON_AND_ORGANIZATION ( #1623, #1622 ) ;
#1802 = SECURITY_CLASSIFICATION ( '', '', #1803 ) ;
#1803 = SECURITY_CLASSIFICATION_LEVEL ( 'unclassified' ) ;
#1804 = CC_DESIGN_PERSON_AND_ORGANIZATION_ASSIGNMENT ( #1806, #1805, ( #1742 ) ) ;
#1805 = PERSON_AND_ORGANIZATION_ROLE ( 'design_supplier' ) ;
#1806 = PERSON_AND_ORGANIZATION ( #1623, #1622 ) ;
#1807 = CC_DESIGN_PERSON_AND_ORGANIZATION_ASSIGNMENT ( #1809, #1808, ( #1742 ) ) ;
#1808 = PERSON_AND_ORGANIZATION_ROLE ( 'creator' ) ;
#1809 = PERSON_AND_ORGANIZATION ( #1623, #1622 ) ;
#1810 = CONTEXT_DEPENDENT_SHAPE_REPRESENTATION ( #1837, #1836 ) ;
#1811 = CC_DESIGN_PERSON_AND_ORGANIZATION_ASSIGNMENT ( #1816, #1813, ( #1833 ) ) ;
#1812 = CC_DESIGN_DATE_AND_TIME_ASSIGNMENT ( #1825, #1814, ( #1833 ) ) ;
#1813 = PERSON_AND_ORGANIZATION_ROLE ( 'classification_officer' ) ;
#1814 = DATE_TIME_ROLE ( 'classification_date' ) ;
#1815 = APPROVAL_PERSON_ORGANIZATION ( #1816, #1830, #1819 ) ;
#1816 = PERSON_AND_ORGANIZATION ( #1818, #1817 ) ;
#1817 = ORGANIZATION ( 'NAUO-ORG2', 'UNSPECIFIED', 'UNSPECIFIED' ) ;
#1818 = PERSON ( 'NAUO-PER2', 'UNSPECIFIED', 'UNSPECIFIED', ('UNSPECIFIED'), ('UNSPECIFIED'), ('UNSPECIFIED') ) ;
#1819 = APPROVAL_ROLE ( '' ) ;
#1820 = APPROVAL_DATE_TIME ( #1821, #1830 ) ;
#1821 = DATE_AND_TIME ( #1822, #1823 ) ;
#1822 = CALENDAR_DATE ( 2005, 5, 9 ) ;
#1823 = LOCAL_TIME ( 16, 13, 23.00000000000000000, #1824 ) ;
#1824 = COORDINATED_UNIVERSAL_TIME_OFFSET ( 9, 0, .AHEAD. ) ;
#1825 = DATE_AND_TIME ( #1826, #1827 ) ;
#1826 = CALENDAR_DATE ( 2005, 5, 9 ) ;
#1827 = LOCAL_TIME ( 16, 13, 23.00000000000000000, #1828 ) ;
#1828 = COORDINATED_UNIVERSAL_TIME_OFFSET ( 9, 0, .AHEAD. ) ;
#1829 = CC_DESIGN_APPROVAL ( #1830, ( #1833 ) ) ;
#1830 = APPROVAL ( #1831, 'UNKNOWN' ) ;
#1831 = APPROVAL_STATUS ( 'not_yet_approved' ) ;
#1832 = CC_DESIGN_SECURITY_CLASSIFICATION ( #1833, ( #1835 ) ) ;
#1833 = SECURITY_CLASSIFICATION ( '', '', #1834 ) ;
#1834 = SECURITY_CLASSIFICATION_LEVEL ( 'unclassified' ) ;
#1835 = NEXT_ASSEMBLY_USAGE_OCCURRENCE ( 'NAUO2', ' ', ' ', #1688, #1591, $ ) ;
#1836 = PRODUCT_DEFINITION_SHAPE ( 'NONE', 'NONE',  #1835 ) ;
#1837 =( REPRESENTATION_RELATIONSHIP ('NONE','NONE', #1525, #1513 ) REPRESENTATION_RELATIONSHIP_WITH_TRANSFORMATION ( #1838 )SHAPE_REPRESENTATION_RELATIONSHIP( ) );
#1838 = ITEM_DEFINED_TRANSFORMATION ( 'NONE', 'NONE', #1555,  #1428 ) ;
#1839 = CONTEXT_DEPENDENT_SHAPE_REPRESENTATION ( #1595, #1544 ) ;
ENDSEC;
END-ISO-10303-21;
