ISO-10303-21;
HEADER;
FILE_DESCRIPTION (( 'STEP AP203' ),
    '1' );
FILE_NAME ('cx-421-z.STEP',
    '2008-09-10T00:56:53',
    ( ' ' ),
    ( ' ' ),
    'SwSTEP 2.0',
    'SolidWorks 2007',
    '' );
FILE_SCHEMA (( 'CONFIG_CONTROL_DESIGN' ));
ENDSEC;

DATA;
#1 = EDGE_LOOP ( 'NONE', ( #1747, #1851, #1844, #1846 ) ) ;
#2 = ADVANCED_FACE ( 'NONE', ( #1830 ), #1829, .T. ) ;
#3 = EDGE_CURVE ( 'NONE', #28, #1805, #1811, .T. ) ;
#4 = ORIENTED_EDGE ( 'NONE', *, *, #3, .F. ) ;
#5 = ORIENTED_EDGE ( 'NONE', *, *, #1826, .F. ) ;
#6 = ORIENTED_EDGE ( 'NONE', *, *, #2054, .T. ) ;
#7 = ADVANCED_FACE ( 'NONE', ( #1776 ), #1770, .F. ) ;
#8 = EDGE_LOOP ( 'NONE', ( #1744, #1745, #1602, #1707, #34, #16 ) ) ;
#9 = ORIENTED_EDGE ( 'NONE', *, *, #30, .T. ) ;
#10 = ADVANCED_FACE ( 'NONE', ( #1771 ), #1765, .F. ) ;
#11 = EDGE_LOOP ( 'NONE', ( #12, #31, #52, #111, #92, #91 ) ) ;
#12 = ORIENTED_EDGE ( 'NONE', *, *, #72, .T. ) ;
#13 = EDGE_CURVE ( 'NONE', #23, #1804, #1764, .T. ) ;
#14 = ORIENTED_EDGE ( 'NONE', *, *, #1810, .F. ) ;
#15 = ORIENTED_EDGE ( 'NONE', *, *, #2037, .T. ) ;
#16 = ORIENTED_EDGE ( 'NONE', *, *, #2141, .T. ) ;
#17 = ADVANCED_FACE ( 'NONE', ( #2345 ), #2248, .F. ) ;
#18 = EDGE_LOOP ( 'NONE', ( #21, #22, #25, #14, #15 ) ) ;
#19 = EDGE_CURVE ( 'NONE', #120, #2195, #2254, .T. ) ;
#20 = ADVANCED_FACE ( 'NONE', ( #2256 ), #2255, .F. ) ;
#21 = ORIENTED_EDGE ( 'NONE', *, *, #1526, .F. ) ;
#22 = ORIENTED_EDGE ( 'NONE', *, *, #24, .F. ) ;
#23 = VERTEX_POINT ( 'NONE', #2282 ) ;
#24 = EDGE_CURVE ( 'NONE', #23, #1515, #2275, .T. ) ;
#25 = ORIENTED_EDGE ( 'NONE', *, *, #13, .T. ) ;
#26 = EDGE_CURVE ( 'NONE', #27, #28, #2250, .T. ) ;
#27 = VERTEX_POINT ( 'NONE', #2251 ) ;
#28 = VERTEX_POINT ( 'NONE', #2249 ) ;
#29 = ORIENTED_EDGE ( 'NONE', *, *, #26, .F. ) ;
#30 = EDGE_CURVE ( 'NONE', #27, #2118, #2274, .T. ) ;
#31 = ORIENTED_EDGE ( 'NONE', *, *, #1743, .F. ) ;
#32 = ORIENTED_EDGE ( 'NONE', *, *, #1915, .F. ) ;
#33 = VERTEX_POINT ( 'NONE', #2270 ) ;
#34 = ORIENTED_EDGE ( 'NONE', *, *, #1542, .T. ) ;
#35 = EDGE_CURVE ( 'NONE', #44, #1993, #2268, .T. ) ;
#36 = ORIENTED_EDGE ( 'NONE', *, *, #2074, .T. ) ;
#37 = EDGE_CURVE ( 'NONE', #28, #23, #2287, .T. ) ;
#38 = ORIENTED_EDGE ( 'NONE', *, *, #19, .T. ) ;
#39 = ORIENTED_EDGE ( 'NONE', *, *, #37, .T. ) ;
#40 = ADVANCED_FACE ( 'NONE', ( #2289 ), #2288, .T. ) ;
#41 = ORIENTED_EDGE ( 'NONE', *, *, #35, .T. ) ;
#42 = ORIENTED_EDGE ( 'NONE', *, *, #26, .T. ) ;
#43 = EDGE_CURVE ( 'NONE', #44, #1621, #2316, .T. ) ;
#44 = VERTEX_POINT ( 'NONE', #2291 ) ;
#45 = ORIENTED_EDGE ( 'NONE', *, *, #1837, .F. ) ;
#46 = ORIENTED_EDGE ( 'NONE', *, *, #35, .F. ) ;
#47 = ORIENTED_EDGE ( 'NONE', *, *, #48, .F. ) ;
#48 = EDGE_CURVE ( 'NONE', #63, #44, #2304, .T. ) ;
#49 = ORIENTED_EDGE ( 'NONE', *, *, #24, .T. ) ;
#50 = ORIENTED_EDGE ( 'NONE', *, *, #2067, .T. ) ;
#51 = ORIENTED_EDGE ( 'NONE', *, *, #1514, .T. ) ;
#52 = ORIENTED_EDGE ( 'NONE', *, *, #13, .F. ) ;
#53 = ADVANCED_FACE ( 'NONE', ( #2292 ), #2314, .F. ) ;
#54 = EDGE_LOOP ( 'NONE', ( #55, #45, #46, #47, #100, #101 ) ) ;
#55 = ORIENTED_EDGE ( 'NONE', *, *, #76, .T. ) ;
#56 = ADVANCED_FACE ( 'NONE', ( #2315 ), #2303, .F. ) ;
#57 = EDGE_LOOP ( 'NONE', ( #58, #59, #121, #122, #81, #123 ) ) ;
#58 = ORIENTED_EDGE ( 'NONE', *, *, #2108, .T. ) ;
#59 = ORIENTED_EDGE ( 'NONE', *, *, #2138, .F. ) ;
#60 = EDGE_LOOP ( 'NONE', ( #50, #61, #93, #38 ) ) ;
#61 = ORIENTED_EDGE ( 'NONE', *, *, #62, .F. ) ;
#62 = EDGE_CURVE ( 'NONE', #63, #2065, #2324, .T. ) ;
#63 = VERTEX_POINT ( 'NONE', #2299 ) ;
#64 = VERTEX_POINT ( 'NONE', #2320 ) ;
#65 = EDGE_CURVE ( 'NONE', #1655, #66, #2298, .T. ) ;
#66 = VERTEX_POINT ( 'NONE', #2294 ) ;
#67 = ORIENTED_EDGE ( 'NONE', *, *, #1680, .T. ) ;
#68 = EDGE_LOOP ( 'NONE', ( #69, #67, #84, #86 ) ) ;
#69 = ORIENTED_EDGE ( 'NONE', *, *, #65, .F. ) ;
#70 = ADVANCED_FACE ( 'NONE', ( #2293 ), #2344, .T. ) ;
#71 = ORIENTED_EDGE ( 'NONE', *, *, #72, .F. ) ;
#72 = EDGE_CURVE ( 'NONE', #33, #1843, #2343, .T. ) ;
#73 = EDGE_CURVE ( 'NONE', #1805, #33, #2336, .T. ) ;
#74 = EDGE_CURVE ( 'NONE', #33, #1843, #2332, .T. ) ;
#75 = ORIENTED_EDGE ( 'NONE', *, *, #76, .F. ) ;
#76 = EDGE_CURVE ( 'NONE', #1841, #1842, #154, .T. ) ;
#77 = EDGE_LOOP ( 'NONE', ( #107, #108, #41, #36 ) ) ;
#78 = ORIENTED_EDGE ( 'NONE', *, *, #1639, .T. ) ;
#79 = ADVANCED_FACE ( 'NONE', ( #150 ), #149, .F. ) ;
#80 = ORIENTED_EDGE ( 'NONE', *, *, #94, .T. ) ;
#81 = ORIENTED_EDGE ( 'NONE', *, *, #1517, .T. ) ;
#82 = EDGE_CURVE ( 'NONE', #66, #64, #144, .T. ) ;
#83 = ADVANCED_FACE ( 'NONE', ( #140 ), #139, .F. ) ;
#84 = ORIENTED_EDGE ( 'NONE', *, *, #85, .T. ) ;
#85 = EDGE_CURVE ( 'NONE', #1678, #64, #134, .T. ) ;
#86 = ORIENTED_EDGE ( 'NONE', *, *, #82, .F. ) ;
#87 = ORIENTED_EDGE ( 'NONE', *, *, #1673, .F. ) ;
#88 = ORIENTED_EDGE ( 'NONE', *, *, #105, .F. ) ;
#89 = EDGE_LOOP ( 'NONE', ( #42, #39, #49, #51, #90 ) ) ;
#90 = ORIENTED_EDGE ( 'NONE', *, *, #1709, .T. ) ;
#91 = ORIENTED_EDGE ( 'NONE', *, *, #73, .T. ) ;
#92 = ORIENTED_EDGE ( 'NONE', *, *, #3, .T. ) ;
#93 = ORIENTED_EDGE ( 'NONE', *, *, #119, .F. ) ;
#94 = EDGE_CURVE ( 'NONE', #1640, #120, #130, .T. ) ;
#95 = ADVANCED_FACE ( 'NONE', ( #126 ), #125, .T. ) ;
#96 = EDGE_LOOP ( 'NONE', ( #97, #87, #88, #1724 ) ) ;
#97 = ORIENTED_EDGE ( 'NONE', *, *, #1879, .F. ) ;
#98 = EDGE_LOOP ( 'NONE', ( #99, #109, #110, #78, #80 ) ) ;
#99 = ORIENTED_EDGE ( 'NONE', *, *, #119, .T. ) ;
#100 = ORIENTED_EDGE ( 'NONE', *, *, #62, .T. ) ;
#101 = ORIENTED_EDGE ( 'NONE', *, *, #1815, .T. ) ;
#102 = ADVANCED_FACE ( 'NONE', ( #180 ), #179, .T. ) ;
#103 = EDGE_LOOP ( 'NONE', ( #104, #116, #117, #1723 ) ) ;
#104 = ORIENTED_EDGE ( 'NONE', *, *, #105, .T. ) ;
#105 = EDGE_CURVE ( 'NONE', #64, #1578, #174, .T. ) ;
#106 = ADVANCED_FACE ( 'NONE', ( #170 ), #169, .F. ) ;
#107 = ORIENTED_EDGE ( 'NONE', *, *, #1636, .F. ) ;
#108 = ORIENTED_EDGE ( 'NONE', *, *, #43, .F. ) ;
#109 = ORIENTED_EDGE ( 'NONE', *, *, #48, .T. ) ;
#110 = ORIENTED_EDGE ( 'NONE', *, *, #43, .T. ) ;
#111 = ORIENTED_EDGE ( 'NONE', *, *, #37, .F. ) ;
#112 = ORIENTED_EDGE ( 'NONE', *, *, #1858, .T. ) ;
#113 = ORIENTED_EDGE ( 'NONE', *, *, #65, .T. ) ;
#114 = ORIENTED_EDGE ( 'NONE', *, *, #118, .T. ) ;
#115 = ORIENTED_EDGE ( 'NONE', *, *, #1532, .T. ) ;
#116 = ORIENTED_EDGE ( 'NONE', *, *, #1577, .F. ) ;
#117 = ORIENTED_EDGE ( 'NONE', *, *, #118, .F. ) ;
#118 = EDGE_CURVE ( 'NONE', #66, #1609, #168, .T. ) ;
#119 = EDGE_CURVE ( 'NONE', #120, #63, #160, .T. ) ;
#120 = VERTEX_POINT ( 'NONE', #155 ) ;
#121 = ORIENTED_EDGE ( 'NONE', *, *, #19, .F. ) ;
#122 = ORIENTED_EDGE ( 'NONE', *, *, #94, .F. ) ;
#123 = ORIENTED_EDGE ( 'NONE', *, *, #2088, .T. ) ;
#124 = AXIS2_PLACEMENT_3D ( 'NONE', #183, #182, #181 ) ;
#125 = PLANE ( 'NONE',  #124 ) ;
#126 = FACE_OUTER_BOUND ( 'NONE', #96, .T. ) ;
#127 = DIRECTION ( 'NONE',  ( 0.0000000000000000000, 0.0000000000000000000, -1.000000000000000000 ) ) ;
#128 = VECTOR ( 'NONE', #127, 1000.000000000000000 ) ;
#129 = CARTESIAN_POINT ( 'NONE',  ( 16.35000000000000100, 1.300000000000000000, -1.058300524425838800 ) ) ;
#130 = LINE ( 'NONE', #129, #128 ) ;
#131 = DIRECTION ( 'NONE',  ( 0.7071067811865512400, 0.7071067811865439100, 0.0000000000000000000 ) ) ;
#132 = VECTOR ( 'NONE', #131, 1000.000000000000000 ) ;
#133 = CARTESIAN_POINT ( 'NONE',  ( 14.50000000000000200, -31.00000000000000000, -4.700000000000000200 ) ) ;
#134 = LINE ( 'NONE', #133, #132 ) ;
#135 = DIRECTION ( 'NONE',  ( 0.0000000000000000000, 0.0000000000000000000, 1.000000000000000000 ) ) ;
#136 = DIRECTION ( 'NONE',  ( -1.000000000000000000, 0.0000000000000000000, 0.0000000000000000000 ) ) ;
#137 = CARTESIAN_POINT ( 'NONE',  ( 19.50000000000001100, -24.50000000000006000, 4.700000000000000200 ) ) ;
#138 = AXIS2_PLACEMENT_3D ( 'NONE', #137, #136, #135 ) ;
#139 = PLANE ( 'NONE',  #138 ) ;
#140 = FACE_OUTER_BOUND ( 'NONE', #103, .T. ) ;
#141 = DIRECTION ( 'NONE',  ( 0.0000000000000000000, 0.0000000000000000000, -1.000000000000000000 ) ) ;
#142 = VECTOR ( 'NONE', #141, 1000.000000000000000 ) ;
#143 = CARTESIAN_POINT ( 'NONE',  ( 19.50000000000001100, -26.00000000000004300, 4.700000000000000200 ) ) ;
#144 = LINE ( 'NONE', #143, #142 ) ;
#145 = DIRECTION ( 'NONE',  ( -0.7071067811865512400, -0.7071067811865439100, 0.0000000000000000000 ) ) ;
#146 = DIRECTION ( 'NONE',  ( -0.7071067811865439100, 0.7071067811865512400, 0.0000000000000000000 ) ) ;
#147 = CARTESIAN_POINT ( 'NONE',  ( 14.50000000000000200, -31.00000000000000000, 4.700000000000000200 ) ) ;
#148 = AXIS2_PLACEMENT_3D ( 'NONE', #147, #146, #145 ) ;
#149 = PLANE ( 'NONE',  #148 ) ;
#150 = FACE_OUTER_BOUND ( 'NONE', #68, .T. ) ;
#151 = DIRECTION ( 'NONE',  ( 0.0000000000000000000, 0.0000000000000000000, 1.000000000000000000 ) ) ;
#152 = VECTOR ( 'NONE', #151, 1000.000000000000000 ) ;
#153 = CARTESIAN_POINT ( 'NONE',  ( 15.75000000000000000, 1.899999999999999900, -1.058300524425839900 ) ) ;
#154 = LINE ( 'NONE', #153, #152 ) ;
#155 = CARTESIAN_POINT ( 'NONE',  ( 16.35000000000000100, 1.300000000000000000, -1.058300524425838800 ) ) ;
#156 = DIRECTION ( 'NONE',  ( 0.0000000000000000000, 0.0000000000000000000, 1.000000000000000000 ) ) ;
#157 = DIRECTION ( 'NONE',  ( 0.0000000000000000000, 1.000000000000000000, 0.0000000000000000000 ) ) ;
#158 = CARTESIAN_POINT ( 'NONE',  ( 16.04999999999999700, 1.300000000000000000, 0.0000000000000000000 ) ) ;
#159 = AXIS2_PLACEMENT_3D ( 'NONE', #158, #157, #156 ) ;
#160 = CIRCLE ( 'NONE', #159, 1.100000000000003000 ) ;
#161 = DIRECTION ( 'NONE',  ( 0.0000000000000000000, 1.000000000000000000, 0.0000000000000000000 ) ) ;
#162 = VECTOR ( 'NONE', #161, 1000.000000000000000 ) ;
#163 = CARTESIAN_POINT ( 'NONE',  ( 19.50000000000001100, -24.50000000000006000, 4.700000000000000200 ) ) ;
#164 = DIRECTION ( 'NONE',  ( 0.0000000000000000000, 0.0000000000000000000, 1.000000000000000000 ) ) ;
#165 = DIRECTION ( 'NONE',  ( 0.0000000000000000000, 1.000000000000000000, 0.0000000000000000000 ) ) ;
#166 = CARTESIAN_POINT ( 'NONE',  ( 16.04999999999999700, 1.300000000000000000, 0.0000000000000000000 ) ) ;
#167 = AXIS2_PLACEMENT_3D ( 'NONE', #166, #165, #164 ) ;
#168 = LINE ( 'NONE', #163, #162 ) ;
#169 = CYLINDRICAL_SURFACE ( 'NONE', #167, 1.100000000000003000 ) ;
#170 = FACE_OUTER_BOUND ( 'NONE', #77, .T. ) ;
#171 = DIRECTION ( 'NONE',  ( 0.0000000000000000000, 1.000000000000000000, 0.0000000000000000000 ) ) ;
#172 = VECTOR ( 'NONE', #171, 1000.000000000000000 ) ;
#173 = CARTESIAN_POINT ( 'NONE',  ( 19.50000000000001100, -24.50000000000006000, -4.700000000000000200 ) ) ;
#174 = LINE ( 'NONE', #173, #172 ) ;
#175 = DIRECTION ( 'NONE',  ( 0.0000000000000000000, 0.0000000000000000000, 1.000000000000000000 ) ) ;
#176 = DIRECTION ( 'NONE',  ( 0.0000000000000000000, 1.000000000000000000, 0.0000000000000000000 ) ) ;
#177 = CARTESIAN_POINT ( 'NONE',  ( 16.04999999999999700, 1.300000000000000000, 0.0000000000000000000 ) ) ;
#178 = AXIS2_PLACEMENT_3D ( 'NONE', #177, #176, #175 ) ;
#179 = PLANE ( 'NONE',  #178 ) ;
#180 = FACE_OUTER_BOUND ( 'NONE', #98, .T. ) ;
#181 = DIRECTION ( 'NONE',  ( -1.000000000000000000, 0.0000000000000000000, 0.0000000000000000000 ) ) ;
#182 = DIRECTION ( 'NONE',  ( 0.0000000000000000000, 0.0000000000000000000, -1.000000000000000000 ) ) ;
#183 = CARTESIAN_POINT ( 'NONE',  ( 19.50000000000001100, -31.00000000000000000, -4.700000000000000200 ) ) ;
#184 = DIRECTION ( 'NONE',  ( 0.0000000000000000000, 1.000000000000000000, 0.0000000000000000000 ) ) ;
#185 = VECTOR ( 'NONE', #184, 1000.000000000000000 ) ;
#186 = CARTESIAN_POINT ( 'NONE',  ( 12.15000000000000000, 1.300000000000000000, 1.100000000000001000 ) ) ;
#187 = LINE ( 'NONE', #186, #185 ) ;
#188 = CARTESIAN_POINT ( 'NONE',  ( 12.45000000000000100, 1.700000000000000000, 1.058300524425837200 ) ) ;
#189 = CARTESIAN_POINT ( 'NONE',  ( 1.500000000000004200, -28.19999999999999900, 5.600000000000014700 ) ) ;
#190 = DIRECTION ( 'NONE',  ( 0.0000000000000000000, 0.0000000000000000000, 1.000000000000000000 ) ) ;
#191 = VECTOR ( 'NONE', #190, 1000.000000000000000 ) ;
#192 = CARTESIAN_POINT ( 'NONE',  ( 1.500000000000004200, -28.19999999999999900, -5.599999999999999600 ) ) ;
#193 = LINE ( 'NONE', #192, #191 ) ;
#194 = CARTESIAN_POINT ( 'NONE',  ( 4.500000000000005300, -28.19999999999999900, 5.600000000000014700 ) ) ;
#195 = DIRECTION ( 'NONE',  ( 1.000000000000000000, 0.0000000000000000000, 0.0000000000000000000 ) ) ;
#196 = DIRECTION ( 'NONE',  ( 0.0000000000000000000, 0.0000000000000000000, 1.000000000000000000 ) ) ;
#197 = CARTESIAN_POINT ( 'NONE',  ( 3.000000000000004900, -28.19999999999999900, 5.600000000000014700 ) ) ;
#198 = AXIS2_PLACEMENT_3D ( 'NONE', #197, #196, #195 ) ;
#199 = CIRCLE ( 'NONE', #198, 1.500000000000000900 ) ;
#200 = DIRECTION ( 'NONE',  ( 0.0000000000000000000, 1.000000000000000000, 0.0000000000000000000 ) ) ;
#201 = VECTOR ( 'NONE', #200, 1000.000000000000000 ) ;
#202 = CARTESIAN_POINT ( 'NONE',  ( 16.35000000000000100, 1.300000000000000000, 1.058300524425838600 ) ) ;
#203 = LINE ( 'NONE', #202, #201 ) ;
#204 = CARTESIAN_POINT ( 'NONE',  ( 12.45000000000000100, 1.300000000000000000, 1.058300524425837200 ) ) ;
#205 = CARTESIAN_POINT ( 'NONE',  ( 12.15000000000000000, 1.300000000000000000, 1.100000000000001000 ) ) ;
#206 = DIRECTION ( 'NONE',  ( 0.0000000000000000000, 0.0000000000000000000, 1.000000000000000000 ) ) ;
#207 = DIRECTION ( 'NONE',  ( 0.0000000000000000000, 1.000000000000000000, 0.0000000000000000000 ) ) ;
#208 = CARTESIAN_POINT ( 'NONE',  ( 12.15000000000000000, 1.300000000000000000, 0.0000000000000000000 ) ) ;
#209 = AXIS2_PLACEMENT_3D ( 'NONE', #208, #207, #206 ) ;
#210 = CARTESIAN_POINT ( 'NONE',  ( 17.45007842880961500, 0.0000000000000000000, -2.600235294117647200 ) ) ;
#211 = CARTESIAN_POINT ( 'NONE',  ( 17.40562023025774600, 0.5668790788244511000, -2.466851981453072300 ) ) ;
#212 = CARTESIAN_POINT ( 'NONE',  ( 17.35875770296815500, 1.133589494770164100, -2.333508354171725000 ) ) ;
#213 = CARTESIAN_POINT ( 'NONE',  ( 17.30838945350666700, 1.700000000000000000, -2.200235294117647700 ) ) ;
#214 = CIRCLE ( 'NONE', #209, 1.100000000000001000 ) ;
#215 = B_SPLINE_CURVE_WITH_KNOTS ( 'NONE', 3,
 ( #213, #212, #211, #210 ),
 .UNSPECIFIED., .F., .F.,
 ( 4, 4 ),
 ( 0.0000000000000000000, 0.001752163167551013400 ),
 .UNSPECIFIED. ) ;
#216 = LINE ( 'NONE', #273, #272 ) ;
#217 = CYLINDRICAL_SURFACE ( 'NONE', #277, 1.500000000000000900 ) ;
#218 = FACE_OUTER_BOUND ( 'NONE', #1539, .T. ) ;
#219 = DIRECTION ( 'NONE',  ( 0.0000000000000000000, 1.000000000000000000, 0.0000000000000000000 ) ) ;
#220 = VECTOR ( 'NONE', #219, 1000.000000000000000 ) ;
#221 = CARTESIAN_POINT ( 'NONE',  ( 12.45000000000000100, 1.300000000000000000, 1.058300524425837200 ) ) ;
#222 = LINE ( 'NONE', #221, #220 ) ;
#223 = DIRECTION ( 'NONE',  ( 1.000000000000000000, 0.0000000000000000000, 0.0000000000000000000 ) ) ;
#224 = DIRECTION ( 'NONE',  ( 0.0000000000000000000, 0.0000000000000000000, 1.000000000000000000 ) ) ;
#225 = CARTESIAN_POINT ( 'NONE',  ( 3.000000000000004900, -28.19999999999999900, -5.599999999999999600 ) ) ;
#226 = AXIS2_PLACEMENT_3D ( 'NONE', #225, #224, #223 ) ;
#227 = CIRCLE ( 'NONE', #226, 1.500000000000000900 ) ;
#228 = DIRECTION ( 'NONE',  ( 0.0000000000000000000, 0.0000000000000000000, 1.000000000000000000 ) ) ;
#229 = DIRECTION ( 'NONE',  ( 0.0000000000000000000, 1.000000000000000000, 0.0000000000000000000 ) ) ;
#230 = CARTESIAN_POINT ( 'NONE',  ( 12.15000000000000000, 1.700000000000000000, 0.0000000000000000000 ) ) ;
#231 = AXIS2_PLACEMENT_3D ( 'NONE', #230, #229, #228 ) ;
#232 = CIRCLE ( 'NONE', #231, 1.100000000000001000 ) ;
#233 = CARTESIAN_POINT ( 'NONE',  ( 4.500000000000005300, -28.19999999999999900, -5.599999999999999600 ) ) ;
#234 = CARTESIAN_POINT ( 'NONE',  ( 1.500000000000004200, -28.19999999999999900, -5.599999999999999600 ) ) ;
#235 = DIRECTION ( 'NONE',  ( -0.7071067811865513500, -0.7071067811865438000, 0.0000000000000000000 ) ) ;
#236 = VECTOR ( 'NONE', #235, 1000.000000000000000 ) ;
#237 = CARTESIAN_POINT ( 'NONE',  ( 13.00000000000000200, -31.00000000000000000, 4.700000000000000200 ) ) ;
#238 = LINE ( 'NONE', #237, #236 ) ;
#239 = DIRECTION ( 'NONE',  ( 1.000000000000000000, 0.0000000000000000000, 0.0000000000000000000 ) ) ;
#240 = DIRECTION ( 'NONE',  ( 0.0000000000000000000, 0.0000000000000000000, 1.000000000000000000 ) ) ;
#241 = AXIS2_PLACEMENT_3D ( 'NONE', #243, #240, #239 ) ;
#242 = CYLINDRICAL_SURFACE ( 'NONE', #241, 2.999999999999999100 ) ;
#243 = CARTESIAN_POINT ( 'NONE',  ( 8.643419723378471500, -1.808740453393718100, -3.850000000000000100 ) ) ;
#244 = FACE_OUTER_BOUND ( 'NONE', #1531, .T. ) ;
#245 = CARTESIAN_POINT ( 'NONE',  ( 12.15000000000000000, 1.700000000000000000, 1.100000000000001000 ) ) ;
#246 = DIRECTION ( 'NONE',  ( 0.0000000000000000000, 0.0000000000000000000, 1.000000000000000000 ) ) ;
#247 = DIRECTION ( 'NONE',  ( 0.0000000000000000000, 1.000000000000000000, 0.0000000000000000000 ) ) ;
#248 = CARTESIAN_POINT ( 'NONE',  ( 14.50000000000000200, -36.50000000000000000, 0.0000000000000000000 ) ) ;
#249 = AXIS2_PLACEMENT_3D ( 'NONE', #248, #247, #246 ) ;
#250 = PLANE ( 'NONE',  #249 ) ;
#251 = FACE_OUTER_BOUND ( 'NONE', #1795, .T. ) ;
#252 = FACE_BOUND ( 'NONE', #1863, .T. ) ;
#253 = DIRECTION ( 'NONE',  ( 0.0000000000000000000, 0.0000000000000000000, 1.000000000000000000 ) ) ;
#254 = VECTOR ( 'NONE', #253, 1000.000000000000000 ) ;
#255 = CARTESIAN_POINT ( 'NONE',  ( 4.500000000000005300, -28.19999999999999900, -5.599999999999999600 ) ) ;
#256 = LINE ( 'NONE', #255, #254 ) ;
#257 = DIRECTION ( 'NONE',  ( 1.000000000000000000, 0.0000000000000000000, 0.0000000000000000000 ) ) ;
#258 = DIRECTION ( 'NONE',  ( 0.0000000000000000000, 0.0000000000000000000, 1.000000000000000000 ) ) ;
#259 = AXIS2_PLACEMENT_3D ( 'NONE', #261, #258, #257 ) ;
#260 = CYLINDRICAL_SURFACE ( 'NONE', #259, 1.500000000000000400 ) ;
#261 = CARTESIAN_POINT ( 'NONE',  ( 3.000000000000001800, -2.799999999999999800, -5.599999999999999600 ) ) ;
#262 = FACE_OUTER_BOUND ( 'NONE', #1552, .T. ) ;
#263 = CARTESIAN_POINT ( 'NONE',  ( 4.500000000000002700, -2.799999999999999800, -5.599999999999999600 ) ) ;
#264 = CARTESIAN_POINT ( 'NONE',  ( 1.500000000000001100, -2.799999999999999800, -5.599999999999999600 ) ) ;
#265 = DIRECTION ( 'NONE',  ( 1.000000000000000000, 0.0000000000000000000, 0.0000000000000000000 ) ) ;
#266 = DIRECTION ( 'NONE',  ( 0.0000000000000000000, 0.0000000000000000000, 1.000000000000000000 ) ) ;
#267 = CARTESIAN_POINT ( 'NONE',  ( 3.000000000000001800, -2.799999999999999800, -5.599999999999999600 ) ) ;
#268 = AXIS2_PLACEMENT_3D ( 'NONE', #267, #266, #265 ) ;
#269 = CIRCLE ( 'NONE', #268, 1.500000000000000400 ) ;
#270 = CARTESIAN_POINT ( 'NONE',  ( 1.500000000000001100, -2.799999999999999800, 5.600000000000014700 ) ) ;
#271 = DIRECTION ( 'NONE',  ( 0.0000000000000000000, 0.0000000000000000000, 1.000000000000000000 ) ) ;
#272 = VECTOR ( 'NONE', #271, 1000.000000000000000 ) ;
#273 = CARTESIAN_POINT ( 'NONE',  ( 1.500000000000001100, -2.799999999999999800, -5.599999999999999600 ) ) ;
#274 = DIRECTION ( 'NONE',  ( 1.000000000000000000, 0.0000000000000000000, 0.0000000000000000000 ) ) ;
#275 = DIRECTION ( 'NONE',  ( 0.0000000000000000000, 0.0000000000000000000, 1.000000000000000000 ) ) ;
#276 = CARTESIAN_POINT ( 'NONE',  ( 3.000000000000004900, -28.19999999999999900, -5.599999999999999600 ) ) ;
#277 = AXIS2_PLACEMENT_3D ( 'NONE', #276, #275, #274 ) ;
#278 = CARTESIAN_POINT ( 'NONE',  ( 6.252505015393734500, 0.003314767046582087300, 2.334026809317061500 ) ) ;
#279 = CARTESIAN_POINT ( 'NONE',  ( 6.275381809733756800, 0.03411757015373125700, 2.485777606384606700 ) ) ;
#280 = CARTESIAN_POINT ( 'NONE',  ( 6.352338351443297200, 0.1289580274292556300, 2.766409968440588500 ) ) ;
#281 = CARTESIAN_POINT ( 'NONE',  ( 6.406680930069681400, 0.1927709437641291500, 2.897613814479822000 ) ) ;
#282 = CARTESIAN_POINT ( 'NONE',  ( 6.537972352974127200, 0.3304509061864965300, 3.136507159541733100 ) ) ;
#283 = CARTESIAN_POINT ( 'NONE',  ( 6.614780859778603500, 0.4044154522705636900, 3.244871257687472500 ) ) ;
#284 = CARTESIAN_POINT ( 'NONE',  ( 6.791588630513213200, 0.5543414971915562300, 3.444217090180145700 ) ) ;
#285 = CARTESIAN_POINT ( 'NONE',  ( 6.891656837913816800, 0.6301733132685970500, 3.534589372952732200 ) ) ;
#286 = CARTESIAN_POINT ( 'NONE',  ( 7.000671030216007100, 0.7015138626294636900, 3.612790424961463700 ) ) ;
#287 = CARTESIAN_POINT ( 'NONE',  ( 7.583555374952887000, 0.9978032506907930100, 3.800235294117619000 ) ) ;
#288 = B_SPLINE_CURVE_WITH_KNOTS ( 'NONE', 3,
 ( #337, #336, #335, #334, #333, #332 ),
 .UNSPECIFIED., .F., .F.,
 ( 4, 2, 4 ),
 ( 1.110976628180540000E-018, 0.0003426153155703647600, 0.0006852306311407284400 ),
 .UNSPECIFIED. ) ;
#289 = B_SPLINE_CURVE_WITH_KNOTS ( 'NONE', 3,
 ( #286, #285, #284, #283, #282, #281, #280, #279, #278, #339 ),
 .UNSPECIFIED., .F., .F.,
 ( 4, 2, 2, 2, 4 ),
 ( 0.0004219618870063806100, 0.0008776725556001664800, 0.001333383224193952300, 0.001789093892787738300, 0.002244804561381524100 ),
 .UNSPECIFIED. ) ;
#290 = CARTESIAN_POINT ( 'NONE',  ( 13.00000000000000200, -31.00000000000000000, -4.699999999999988600 ) ) ;
#291 = CARTESIAN_POINT ( 'NONE',  ( 19.50000000000001100, -24.50000000000006000, -4.700000000000000200 ) ) ;
#292 = DIRECTION ( 'NONE',  ( 0.0000000000000000000, 0.0000000000000000000, -1.000000000000000000 ) ) ;
#293 = VECTOR ( 'NONE', #292, 1000.000000000000000 ) ;
#294 = CARTESIAN_POINT ( 'NONE',  ( 19.50000000000001100, -24.50000000000006000, 4.700000000000000200 ) ) ;
#295 = LINE ( 'NONE', #294, #293 ) ;
#296 = CARTESIAN_POINT ( 'NONE',  ( 16.35000000000000100, 1.700000000000000000, 1.058300524425838600 ) ) ;
#297 = DIRECTION ( 'NONE',  ( 0.0000000000000000000, 0.0000000000000000000, 1.000000000000000000 ) ) ;
#298 = DIRECTION ( 'NONE',  ( 0.0000000000000000000, 1.000000000000000000, 0.0000000000000000000 ) ) ;
#299 = CARTESIAN_POINT ( 'NONE',  ( 16.04999999999999700, 1.700000000000000000, 0.0000000000000000000 ) ) ;
#300 = AXIS2_PLACEMENT_3D ( 'NONE', #299, #298, #297 ) ;
#301 = CIRCLE ( 'NONE', #300, 1.100000000000003000 ) ;
#302 = CARTESIAN_POINT ( 'NONE',  ( 16.35000000000000100, 1.899999999999999900, 1.058300524425838600 ) ) ;
#303 = CARTESIAN_POINT ( 'NONE',  ( 16.04999999999999700, 1.700000000000000000, 1.100000000000003000 ) ) ;
#304 = DIRECTION ( 'NONE',  ( 0.0000000000000000000, 0.0000000000000000000, 1.000000000000000000 ) ) ;
#305 = DIRECTION ( 'NONE',  ( 0.0000000000000000000, 1.000000000000000000, 0.0000000000000000000 ) ) ;
#306 = CARTESIAN_POINT ( 'NONE',  ( 14.50000000000000200, -35.50000000000000000, 0.0000000000000000000 ) ) ;
#307 = AXIS2_PLACEMENT_3D ( 'NONE', #306, #305, #304 ) ;
#308 = CIRCLE ( 'NONE', #307, 3.250000000000004000 ) ;
#309 = CARTESIAN_POINT ( 'NONE',  ( 12.15000000000000000, 1.300000000000000000, 0.0000000000000000000 ) ) ;
#310 = FACE_OUTER_BOUND ( 'NONE', #1569, .T. ) ;
#311 = CARTESIAN_POINT ( 'NONE',  ( 13.00000000000000200, -31.00000000000000000, 5.599999999999999600 ) ) ;
#312 = CARTESIAN_POINT ( 'NONE',  ( 13.00000000000000200, -31.00000000000000000, 4.700000000000017100 ) ) ;
#313 = CARTESIAN_POINT ( 'NONE',  ( 7.000671030216007100, 0.7015138626294636900, 3.612790424961463700 ) ) ;
#314 = CARTESIAN_POINT ( 'NONE',  ( 6.250000000000002700, 0.0000000000000000000, 2.179105226111349900 ) ) ;
#315 = DIRECTION ( 'NONE',  ( 0.0000000000000000000, 0.0000000000000000000, 1.000000000000000000 ) ) ;
#316 = VECTOR ( 'NONE', #315, 1000.000000000000000 ) ;
#317 = CARTESIAN_POINT ( 'NONE',  ( 6.250000000000001800, 0.0000000000000000000, -3.850000000000000100 ) ) ;
#318 = LINE ( 'NONE', #317, #316 ) ;
#319 = DIRECTION ( 'NONE',  ( 0.0000000000000000000, 0.0000000000000000000, -1.000000000000000000 ) ) ;
#320 = VECTOR ( 'NONE', #319, 1000.000000000000000 ) ;
#321 = CARTESIAN_POINT ( 'NONE',  ( 13.00000000000000200, -31.00000000000000000, 55.19297147925204400 ) ) ;
#322 = LINE ( 'NONE', #321, #320 ) ;
#323 = DIRECTION ( 'NONE',  ( 0.0000000000000000000, 0.0000000000000000000, 1.000000000000000000 ) ) ;
#324 = DIRECTION ( 'NONE',  ( 0.0000000000000000000, -1.000000000000000000, 0.0000000000000000000 ) ) ;
#325 = CARTESIAN_POINT ( 'NONE',  ( 14.50000000000000200, -36.50000000000000000, 0.0000000000000000000 ) ) ;
#326 = AXIS2_PLACEMENT_3D ( 'NONE', #325, #324, #323 ) ;
#327 = CIRCLE ( 'NONE', #326, 3.250000000000004000 ) ;
#328 = DIRECTION ( 'NONE',  ( -1.000000000000000000, -4.083828183028734800E-014, 0.0000000000000000000 ) ) ;
#329 = DIRECTION ( 'NONE',  ( 0.0000000000000000000, 0.0000000000000000000, 1.000000000000000000 ) ) ;
#330 = CARTESIAN_POINT ( 'NONE',  ( 8.643419723378471500, -1.808740453393718100, 3.800235294117619000 ) ) ;
#331 = AXIS2_PLACEMENT_3D ( 'NONE', #330, #329, #328 ) ;
#332 = CARTESIAN_POINT ( 'NONE',  ( 7.583555374952887000, 0.9978032506907930100, 3.800235294117619000 ) ) ;
#333 = CARTESIAN_POINT ( 'NONE',  ( 7.475121246395314500, 0.9568541406364894400, 3.800235294117619000 ) ) ;
#334 = CARTESIAN_POINT ( 'NONE',  ( 7.370060411263566800, 0.9098481189535965200, 3.782620010946651700 ) ) ;
#335 = CARTESIAN_POINT ( 'NONE',  ( 7.173848153902852700, 0.8089927579240645500, 3.718276591881188900 ) ) ;
#336 = CARTESIAN_POINT ( 'NONE',  ( 7.083715835119665600, 0.7558596489741494800, 3.672362403345014400 ) ) ;
#337 = CARTESIAN_POINT ( 'NONE',  ( 7.000671030216007100, 0.7015138626294636900, 3.612790424961463700 ) ) ;
#338 = CIRCLE ( 'NONE', #331, 2.999999999999999100 ) ;
#339 = CARTESIAN_POINT ( 'NONE',  ( 6.250000000000002700, 0.0000000000000000000, 2.179105226111349900 ) ) ;
#340 = CARTESIAN_POINT ( 'NONE',  ( 3.000000000000001800, -2.799999999999999800, -5.599999999999999600 ) ) ;
#341 = DIRECTION ( 'NONE',  ( 0.7071067811865512400, 0.7071067811865439100, 0.0000000000000000000 ) ) ;
#342 = VECTOR ( 'NONE', #341, 1000.000000000000000 ) ;
#343 = CARTESIAN_POINT ( 'NONE',  ( 6.499999999999935200, -37.50000000000000000, -5.599999999999999600 ) ) ;
#344 = LINE ( 'NONE', #343, #342 ) ;
#345 = AXIS2_PLACEMENT_3D ( 'NONE', #340, #586, #1755 ) ;
#346 = CARTESIAN_POINT ( 'NONE',  ( 19.50000000000001100, -24.50000000000005700, 4.700000000000002800 ) ) ;
#347 = DIRECTION ( 'NONE',  ( 0.0000000000000000000, 0.0000000000000000000, -1.000000000000000000 ) ) ;
#348 = VECTOR ( 'NONE', #347, 1000.000000000000000 ) ;
#349 = CARTESIAN_POINT ( 'NONE',  ( 13.00000000000000200, -31.00000000000000000, 55.19297147925204400 ) ) ;
#350 = LINE ( 'NONE', #349, #348 ) ;
#351 = CARTESIAN_POINT ( 'NONE',  ( 6.250000000000001800, 0.0000000000000000000, 0.8499999999999983100 ) ) ;
#352 = DIRECTION ( 'NONE',  ( -1.000000000000000000, 0.0000000000000000000, 3.614007241618349100E-017 ) ) ;
#353 = DIRECTION ( 'NONE',  ( -3.336006684570782100E-017, 0.0000000000000000000, -1.000000000000000000 ) ) ;
#354 = CARTESIAN_POINT ( 'NONE',  ( 8.643419723378471500, -1.808740453393718100, 0.8500000000000000900 ) ) ;
#355 = AXIS2_PLACEMENT_3D ( 'NONE', #354, #353, #352 ) ;
#356 = CIRCLE ( 'NONE', #355, 2.999999999999999100 ) ;
#357 = DIRECTION ( 'NONE',  ( 0.0000000000000000000, 0.0000000000000000000, 1.000000000000000000 ) ) ;
#358 = DIRECTION ( 'NONE',  ( 0.0000000000000000000, 1.000000000000000000, 0.0000000000000000000 ) ) ;
#359 = CARTESIAN_POINT ( 'NONE',  ( 14.50000000000000200, -35.50000000000000000, 0.0000000000000000000 ) ) ;
#360 = AXIS2_PLACEMENT_3D ( 'NONE', #359, #358, #357 ) ;
#361 = FACE_OUTER_BOUND ( 'NONE', #1557, .T. ) ;
#362 = FACE_BOUND ( 'NONE', #1556, .T. ) ;
#363 = DIRECTION ( 'NONE',  ( 0.0000000000000000000, 0.0000000000000000000, 1.000000000000000000 ) ) ;
#364 = DIRECTION ( 'NONE',  ( 0.0000000000000000000, 1.000000000000000000, 0.0000000000000000000 ) ) ;
#365 = CARTESIAN_POINT ( 'NONE',  ( 14.50000000000000200, -42.50000000000000000, 0.0000000000000000000 ) ) ;
#366 = AXIS2_PLACEMENT_3D ( 'NONE', #365, #364, #363 ) ;
#367 = PLANE ( 'NONE',  #360 ) ;
#368 = CYLINDRICAL_SURFACE ( 'NONE', #366, 3.250000000000004000 ) ;
#369 = DIRECTION ( 'NONE',  ( 0.0000000000000000000, 0.0000000000000000000, 1.000000000000000000 ) ) ;
#370 = DIRECTION ( 'NONE',  ( 0.0000000000000000000, 1.000000000000000000, 0.0000000000000000000 ) ) ;
#371 = AXIS2_PLACEMENT_3D ( 'NONE', #309, #370, #369 ) ;
#372 = CYLINDRICAL_SURFACE ( 'NONE', #371, 1.100000000000001000 ) ;
#373 = FACE_OUTER_BOUND ( 'NONE', #1573, .T. ) ;
#374 = CYLINDRICAL_SURFACE ( 'NONE', #375, 4.000000000000000900 ) ;
#375 = AXIS2_PLACEMENT_3D ( 'NONE', #436, #435, #434 ) ;
#376 = FACE_OUTER_BOUND ( 'NONE', #1629, .T. ) ;
#377 = DIRECTION ( 'NONE',  ( 0.0000000000000000000, 0.0000000000000000000, 1.000000000000000000 ) ) ;
#378 = DIRECTION ( 'NONE',  ( 0.0000000000000000000, 1.000000000000000000, 0.0000000000000000000 ) ) ;
#379 = CARTESIAN_POINT ( 'NONE',  ( 14.50000000000000200, -39.68000000000000000, 0.0000000000000000000 ) ) ;
#380 = AXIS2_PLACEMENT_3D ( 'NONE', #379, #378, #377 ) ;
#381 = CIRCLE ( 'NONE', #380, 4.000000000000000900 ) ;
#382 = CARTESIAN_POINT ( 'NONE',  ( 14.50000000000000200, -36.50000000000000000, -4.000000000000000900 ) ) ;
#383 = DIRECTION ( 'NONE',  ( 0.0000000000000000000, 1.000000000000000000, 0.0000000000000000000 ) ) ;
#384 = VECTOR ( 'NONE', #383, 1000.000000000000000 ) ;
#385 = CARTESIAN_POINT ( 'NONE',  ( 14.50000000000000200, -39.68000000000000000, -4.000000000000000900 ) ) ;
#386 = LINE ( 'NONE', #385, #384 ) ;
#387 = DIRECTION ( 'NONE',  ( 0.0000000000000000000, 0.0000000000000000000, 1.000000000000000000 ) ) ;
#388 = DIRECTION ( 'NONE',  ( 0.0000000000000000000, -1.000000000000000000, 0.0000000000000000000 ) ) ;
#389 = CARTESIAN_POINT ( 'NONE',  ( 14.50000000000000200, -39.68000000000000000, 0.0000000000000000000 ) ) ;
#390 = AXIS2_PLACEMENT_3D ( 'NONE', #389, #388, #387 ) ;
#391 = CIRCLE ( 'NONE', #390, 3.250000000000004000 ) ;
#392 = CARTESIAN_POINT ( 'NONE',  ( 16.04999999999999700, 1.300000000000000000, 1.100000000000003000 ) ) ;
#393 = CARTESIAN_POINT ( 'NONE',  ( 6.250000000000001800, 0.0000000000000000000, -0.8500000000000009800 ) ) ;
#394 = DIRECTION ( 'NONE',  ( 0.0000000000000000000, 0.0000000000000000000, 1.000000000000000000 ) ) ;
#395 = VECTOR ( 'NONE', #394, 1000.000000000000000 ) ;
#396 = CARTESIAN_POINT ( 'NONE',  ( 6.250000000000001800, 0.0000000000000000000, -3.850000000000000100 ) ) ;
#397 = LINE ( 'NONE', #396, #395 ) ;
#398 = DIRECTION ( 'NONE',  ( 0.7071067811865512400, 0.7071067811865439100, 0.0000000000000000000 ) ) ;
#399 = DIRECTION ( 'NONE',  ( 0.7071067811865439100, -0.7071067811865512400, 0.0000000000000000000 ) ) ;
#400 = CARTESIAN_POINT ( 'NONE',  ( 20.00000000000000700, -24.00000000000006800, 55.19297147925204400 ) ) ;
#401 = AXIS2_PLACEMENT_3D ( 'NONE', #400, #399, #398 ) ;
#402 = PLANE ( 'NONE',  #401 ) ;
#403 = FACE_OUTER_BOUND ( 'NONE', #1597, .T. ) ;
#404 = CARTESIAN_POINT ( 'NONE',  ( 20.00000000000000700, -24.00000000000006800, -5.599999999999987200 ) ) ;
#405 = CARTESIAN_POINT ( 'NONE',  ( 14.50000000000000200, -36.50000000000000000, 0.0000000000000000000 ) ) ;
#406 = CARTESIAN_POINT ( 'NONE',  ( 14.50000000000000200, -36.50000000000000000, 3.250000000000004000 ) ) ;
#407 = CARTESIAN_POINT ( 'NONE',  ( 14.50000000000000200, -36.50000000000000000, -3.250000000000004000 ) ) ;
#408 = DIRECTION ( 'NONE',  ( 0.0000000000000000000, 0.0000000000000000000, 1.000000000000000000 ) ) ;
#409 = DIRECTION ( 'NONE',  ( 0.0000000000000000000, -1.000000000000000000, 0.0000000000000000000 ) ) ;
#410 = CARTESIAN_POINT ( 'NONE',  ( 14.50000000000000200, -36.50000000000000000, 0.0000000000000000000 ) ) ;
#411 = AXIS2_PLACEMENT_3D ( 'NONE', #410, #409, #408 ) ;
#412 = CIRCLE ( 'NONE', #411, 3.250000000000004000 ) ;
#413 = CARTESIAN_POINT ( 'NONE',  ( 16.35000000000000100, 1.300000000000000000, 1.058300524425838600 ) ) ;
#414 = DIRECTION ( 'NONE',  ( 0.0000000000000000000, 0.0000000000000000000, 1.000000000000000000 ) ) ;
#415 = DIRECTION ( 'NONE',  ( 0.0000000000000000000, 1.000000000000000000, 0.0000000000000000000 ) ) ;
#416 = CARTESIAN_POINT ( 'NONE',  ( 16.04999999999999700, 1.300000000000000000, 0.0000000000000000000 ) ) ;
#417 = AXIS2_PLACEMENT_3D ( 'NONE', #416, #415, #414 ) ;
#418 = CIRCLE ( 'NONE', #417, 1.100000000000003000 ) ;
#419 = DIRECTION ( 'NONE',  ( 0.0000000000000000000, 1.000000000000000000, 0.0000000000000000000 ) ) ;
#420 = VECTOR ( 'NONE', #419, 1000.000000000000000 ) ;
#421 = CARTESIAN_POINT ( 'NONE',  ( 14.50000000000000200, -42.50000000000000000, -3.250000000000004000 ) ) ;
#422 = LINE ( 'NONE', #421, #420 ) ;
#423 = DIRECTION ( 'NONE',  ( 0.0000000000000000000, 1.000000000000000000, 0.0000000000000000000 ) ) ;
#424 = VECTOR ( 'NONE', #423, 1000.000000000000000 ) ;
#425 = CARTESIAN_POINT ( 'NONE',  ( 16.04999999999999700, 1.300000000000000000, 1.100000000000003000 ) ) ;
#426 = LINE ( 'NONE', #425, #424 ) ;
#427 = CARTESIAN_POINT ( 'NONE',  ( 14.50000000000000200, -35.50000000000000000, -4.700000000000003700 ) ) ;
#428 = DIRECTION ( 'NONE',  ( 0.0000000000000000000, 0.0000000000000000000, 1.000000000000000000 ) ) ;
#429 = DIRECTION ( 'NONE',  ( 0.0000000000000000000, 1.000000000000000000, 0.0000000000000000000 ) ) ;
#430 = CARTESIAN_POINT ( 'NONE',  ( 14.50000000000000200, -35.50000000000000000, 0.0000000000000000000 ) ) ;
#431 = AXIS2_PLACEMENT_3D ( 'NONE', #430, #429, #428 ) ;
#432 = CIRCLE ( 'NONE', #431, 4.700000000000003700 ) ;
#433 = CARTESIAN_POINT ( 'NONE',  ( 14.50000000000000200, -39.68000000000000000, 3.250000000000004000 ) ) ;
#434 = DIRECTION ( 'NONE',  ( 0.0000000000000000000, 0.0000000000000000000, 1.000000000000000000 ) ) ;
#435 = DIRECTION ( 'NONE',  ( 0.0000000000000000000, 1.000000000000000000, 0.0000000000000000000 ) ) ;
#436 = CARTESIAN_POINT ( 'NONE',  ( 14.50000000000000200, -39.68000000000000000, 0.0000000000000000000 ) ) ;
#437 = CARTESIAN_POINT ( 'NONE',  ( 16.04999999999999700, 1.300000000000000000, 0.0000000000000000000 ) ) ;
#438 = AXIS2_PLACEMENT_3D ( 'NONE', #437, #499, #498 ) ;
#439 = CYLINDRICAL_SURFACE ( 'NONE', #438, 1.100000000000003000 ) ;
#440 = FACE_OUTER_BOUND ( 'NONE', #1620, .T. ) ;
#441 = DIRECTION ( 'NONE',  ( 0.0000000000000000000, 1.000000000000000000, 0.0000000000000000000 ) ) ;
#442 = VECTOR ( 'NONE', #441, 1000.000000000000000 ) ;
#443 = CARTESIAN_POINT ( 'NONE',  ( 14.50000000000000200, -35.50000000000000000, 4.700000000000003700 ) ) ;
#444 = LINE ( 'NONE', #443, #442 ) ;
#445 = CARTESIAN_POINT ( 'NONE',  ( 14.50000000000000200, -31.00000000000000000, 4.700000000000003700 ) ) ;
#446 = DIRECTION ( 'NONE',  ( 0.0000000000000000000, 0.0000000000000000000, 1.000000000000000000 ) ) ;
#447 = DIRECTION ( 'NONE',  ( 0.0000000000000000000, 1.000000000000000000, 0.0000000000000000000 ) ) ;
#448 = AXIS2_PLACEMENT_3D ( 'NONE', #453, #447, #446 ) ;
#449 = CIRCLE ( 'NONE', #448, 3.250000000000004000 ) ;
#450 = DIRECTION ( 'NONE',  ( 0.0000000000000000000, 0.0000000000000000000, 1.000000000000000000 ) ) ;
#451 = DIRECTION ( 'NONE',  ( 0.0000000000000000000, 1.000000000000000000, 0.0000000000000000000 ) ) ;
#452 = AXIS2_PLACEMENT_3D ( 'NONE', #460, #451, #450 ) ;
#453 = CARTESIAN_POINT ( 'NONE',  ( 14.50000000000000200, -42.50000000000000000, 0.0000000000000000000 ) ) ;
#454 = CYLINDRICAL_SURFACE ( 'NONE', #452, 3.250000000000004000 ) ;
#455 = FACE_OUTER_BOUND ( 'NONE', #1695, .T. ) ;
#456 = DIRECTION ( 'NONE',  ( 0.0000000000000000000, 0.0000000000000000000, 1.000000000000000000 ) ) ;
#457 = DIRECTION ( 'NONE',  ( 0.0000000000000000000, 1.000000000000000000, 0.0000000000000000000 ) ) ;
#458 = AXIS2_PLACEMENT_3D ( 'NONE', #461, #457, #456 ) ;
#459 = CYLINDRICAL_SURFACE ( 'NONE', #458, 3.250000000000004000 ) ;
#460 = CARTESIAN_POINT ( 'NONE',  ( 14.50000000000000200, -42.50000000000000000, 0.0000000000000000000 ) ) ;
#461 = CARTESIAN_POINT ( 'NONE',  ( 14.50000000000000200, -42.50000000000000000, 0.0000000000000000000 ) ) ;
#462 = FACE_OUTER_BOUND ( 'NONE', #1645, .T. ) ;
#463 = CARTESIAN_POINT ( 'NONE',  ( 14.50000000000000200, -36.50000000000000000, 4.000000000000000900 ) ) ;
#464 = DIRECTION ( 'NONE',  ( 0.0000000000000000000, 0.0000000000000000000, 1.000000000000000000 ) ) ;
#465 = DIRECTION ( 'NONE',  ( 0.0000000000000000000, 1.000000000000000000, 0.0000000000000000000 ) ) ;
#466 = AXIS2_PLACEMENT_3D ( 'NONE', #405, #465, #464 ) ;
#467 = CIRCLE ( 'NONE', #466, 4.000000000000000900 ) ;
#468 = VECTOR ( 'NONE', #521, 1000.000000000000000 ) ;
#469 = CARTESIAN_POINT ( 'NONE',  ( 13.00000000000000200, -31.00000000000000000, -4.700000000000000200 ) ) ;
#470 = LINE ( 'NONE', #469, #468 ) ;
#471 = CARTESIAN_POINT ( 'NONE',  ( 14.50000000000000200, -35.50000000000000000, 4.700000000000003700 ) ) ;
#472 = CARTESIAN_POINT ( 'NONE',  ( 20.00000000000001100, -24.00000000000006400, 5.599999999999999600 ) ) ;
#473 = DIRECTION ( 'NONE',  ( 0.0000000000000000000, 0.0000000000000000000, -1.000000000000000000 ) ) ;
#474 = VECTOR ( 'NONE', #473, 1000.000000000000000 ) ;
#475 = CARTESIAN_POINT ( 'NONE',  ( 20.00000000000000700, -24.00000000000006800, 55.19297147925204400 ) ) ;
#476 = LINE ( 'NONE', #475, #474 ) ;
#477 = CARTESIAN_POINT ( 'NONE',  ( 13.00000000000000200, -31.00000000000000000, -5.599999999999999600 ) ) ;
#478 = DIRECTION ( 'NONE',  ( 1.000000000000000000, 0.0000000000000000000, 0.0000000000000000000 ) ) ;
#479 = DIRECTION ( 'NONE',  ( 0.0000000000000000000, 0.0000000000000000000, 1.000000000000000000 ) ) ;
#480 = CARTESIAN_POINT ( 'NONE',  ( 11.94999999999999900, -12.30000000000000600, -3.850000000000000100 ) ) ;
#481 = AXIS2_PLACEMENT_3D ( 'NONE', #480, #479, #478 ) ;
#482 = CYLINDRICAL_SURFACE ( 'NONE', #481, 14.00000000000000500 ) ;
#483 = FACE_OUTER_BOUND ( 'NONE', #1662, .T. ) ;
#484 = DIRECTION ( 'NONE',  ( 0.7071067811865512400, 0.7071067811865439100, 0.0000000000000000000 ) ) ;
#485 = VECTOR ( 'NONE', #484, 1000.000000000000000 ) ;
#486 = CARTESIAN_POINT ( 'NONE',  ( 6.499999999999935200, -37.50000000000000000, 5.599999999999999600 ) ) ;
#487 = DIRECTION ( 'NONE',  ( 1.000000000000000000, 0.0000000000000000000, 0.0000000000000000000 ) ) ;
#488 = DIRECTION ( 'NONE',  ( 0.0000000000000000000, 0.0000000000000000000, 1.000000000000000000 ) ) ;
#489 = CARTESIAN_POINT ( 'NONE',  ( 8.643419723378471500, -1.808740453393718100, -3.850000000000000100 ) ) ;
#490 = AXIS2_PLACEMENT_3D ( 'NONE', #489, #488, #487 ) ;
#491 = LINE ( 'NONE', #486, #485 ) ;
#492 = CYLINDRICAL_SURFACE ( 'NONE', #490, 2.999999999999999100 ) ;
#493 = FACE_OUTER_BOUND ( 'NONE', #1604, .T. ) ;
#494 = DIRECTION ( 'NONE',  ( 0.0000000000000000000, 0.0000000000000000000, 1.000000000000000000 ) ) ;
#495 = VECTOR ( 'NONE', #494, 1000.000000000000000 ) ;
#496 = CARTESIAN_POINT ( 'NONE',  ( 9.500000000000003600, 1.483958067260650700, -3.850000000000000100 ) ) ;
#497 = LINE ( 'NONE', #496, #495 ) ;
#498 = DIRECTION ( 'NONE',  ( 0.0000000000000000000, 0.0000000000000000000, 1.000000000000000000 ) ) ;
#499 = DIRECTION ( 'NONE',  ( 0.0000000000000000000, 1.000000000000000000, 0.0000000000000000000 ) ) ;
#500 = CARTESIAN_POINT ( 'NONE',  ( 14.50000000000000200, -31.00000000000000000, -4.700000000000000200 ) ) ;
#501 = CARTESIAN_POINT ( 'NONE',  ( 23.90000000000001300, -21.60000000000009000, -4.700000000000002800 ) ) ;
#502 = CARTESIAN_POINT ( 'NONE',  ( 23.90000000000001300, -21.60000000000009000, 4.700000000000005500 ) ) ;
#503 = CARTESIAN_POINT ( 'NONE',  ( 14.50000000000000200, -31.00000000000000000, 4.700000000000003700 ) ) ;
#504 =( BOUNDED_CURVE ( )  B_SPLINE_CURVE ( 3, ( #503, #502, #501, #500 ),
 .UNSPECIFIED., .F., .T. ) 
 B_SPLINE_CURVE_WITH_KNOTS ( ( 4, 4 ),
 ( 4.712388980384689700, 7.853981633974482800 ),
 .UNSPECIFIED. ) 
 CURVE ( )  GEOMETRIC_REPRESENTATION_ITEM ( )  RATIONAL_B_SPLINE_CURVE ( ( 1.000000000000000000, 0.3333333333333333100, 0.3333333333333333100, 1.000000000000000000 ) ) 
 REPRESENTATION_ITEM ( '' )  );
#505 = CARTESIAN_POINT ( 'NONE',  ( 14.50000000000000200, -42.50000000000000000, -3.250000000000004000 ) ) ;
#506 = CARTESIAN_POINT ( 'NONE',  ( 14.50000000000000200, -31.00000000000000000, -4.700000000000000200 ) ) ;
#507 = DIRECTION ( 'NONE',  ( 0.0000000000000000000, 1.000000000000000000, 0.0000000000000000000 ) ) ;
#508 = VECTOR ( 'NONE', #507, 1000.000000000000000 ) ;
#509 = CARTESIAN_POINT ( 'NONE',  ( 14.50000000000000200, -35.50000000000000000, -4.700000000000003700 ) ) ;
#510 = DIRECTION ( 'NONE',  ( 0.0000000000000000000, 0.0000000000000000000, 1.000000000000000000 ) ) ;
#511 = DIRECTION ( 'NONE',  ( 0.0000000000000000000, 1.000000000000000000, 0.0000000000000000000 ) ) ;
#512 = CARTESIAN_POINT ( 'NONE',  ( 14.50000000000000200, -35.50000000000000000, 0.0000000000000000000 ) ) ;
#513 = AXIS2_PLACEMENT_3D ( 'NONE', #512, #511, #510 ) ;
#514 = LINE ( 'NONE', #509, #508 ) ;
#515 = CYLINDRICAL_SURFACE ( 'NONE', #513, 4.700000000000003700 ) ;
#516 = FACE_OUTER_BOUND ( 'NONE', #1653, .T. ) ;
#517 = DIRECTION ( 'NONE',  ( 0.0000000000000000000, 1.000000000000000000, 0.0000000000000000000 ) ) ;
#518 = VECTOR ( 'NONE', #517, 1000.000000000000000 ) ;
#519 = CARTESIAN_POINT ( 'NONE',  ( 14.50000000000000200, -42.50000000000000000, 3.250000000000004000 ) ) ;
#520 = LINE ( 'NONE', #519, #518 ) ;
#521 = DIRECTION ( 'NONE',  ( -0.7071067811865513500, -0.7071067811865438000, 0.0000000000000000000 ) ) ;
#522 = CARTESIAN_POINT ( 'NONE',  ( 3.000000000000001800, -2.799999999999999800, 5.600000000000014700 ) ) ;
#523 = AXIS2_PLACEMENT_3D ( 'NONE', #522, #585, #584 ) ;
#524 = CIRCLE ( 'NONE', #523, 1.500000000000000400 ) ;
#525 = DIRECTION ( 'NONE',  ( 0.0000000000000000000, 1.000000000000000000, 0.0000000000000000000 ) ) ;
#526 = VECTOR ( 'NONE', #525, 1000.000000000000000 ) ;
#527 = CARTESIAN_POINT ( 'NONE',  ( 14.50000000000000200, -42.50000000000000000, 3.250000000000004000 ) ) ;
#528 = LINE ( 'NONE', #527, #526 ) ;
#529 = CARTESIAN_POINT ( 'NONE',  ( 14.50000000000000200, -39.68000000000000000, -3.250000000000004000 ) ) ;
#530 = CARTESIAN_POINT ( 'NONE',  ( 14.50000000000000200, -39.68000000000000000, -4.000000000000000900 ) ) ;
#531 = CARTESIAN_POINT ( 'NONE',  ( 14.50000000000000200, -39.68000000000000000, 4.000000000000000900 ) ) ;
#532 = DIRECTION ( 'NONE',  ( 0.0000000000000000000, 1.000000000000000000, 0.0000000000000000000 ) ) ;
#533 = VECTOR ( 'NONE', #532, 1000.000000000000000 ) ;
#534 = CARTESIAN_POINT ( 'NONE',  ( 14.50000000000000200, -39.68000000000000000, 4.000000000000000900 ) ) ;
#535 = LINE ( 'NONE', #534, #533 ) ;
#536 = CARTESIAN_POINT ( 'NONE',  ( 14.50000000000000200, -35.50000000000000000, 3.250000000000004000 ) ) ;
#537 = DIRECTION ( 'NONE',  ( 0.0000000000000000000, 0.0000000000000000000, 1.000000000000000000 ) ) ;
#538 = DIRECTION ( 'NONE',  ( 0.0000000000000000000, 1.000000000000000000, 0.0000000000000000000 ) ) ;
#539 = CARTESIAN_POINT ( 'NONE',  ( 14.50000000000000200, -35.50000000000000000, 0.0000000000000000000 ) ) ;
#540 = AXIS2_PLACEMENT_3D ( 'NONE', #539, #538, #537 ) ;
#541 = CIRCLE ( 'NONE', #540, 3.250000000000004000 ) ;
#542 = CARTESIAN_POINT ( 'NONE',  ( 14.50000000000000200, -35.50000000000000000, -3.250000000000004000 ) ) ;
#543 = CARTESIAN_POINT ( 'NONE',  ( 14.50000000000000200, -42.50000000000000000, 3.250000000000004000 ) ) ;
#544 = CARTESIAN_POINT ( 'NONE',  ( 9.555206091782382700, 1.493656590518839900, 3.800235294117619000 ) ) ;
#545 = DIRECTION ( 'NONE',  ( -1.000000000000000000, 2.708646798918070400E-013, 0.0000000000000000000 ) ) ;
#546 = DIRECTION ( 'NONE',  ( 0.0000000000000000000, 0.0000000000000000000, 1.000000000000000000 ) ) ;
#547 = CARTESIAN_POINT ( 'NONE',  ( 11.94999999999999900, -12.30000000000000600, 3.800235294117619000 ) ) ;
#548 = AXIS2_PLACEMENT_3D ( 'NONE', #547, #546, #545 ) ;
#549 = CIRCLE ( 'NONE', #548, 14.00000000000000500 ) ;
#550 = DIRECTION ( 'NONE',  ( 0.0000000000000000000, 1.000000000000000000, 0.0000000000000000000 ) ) ;
#551 = VECTOR ( 'NONE', #550, 1000.000000000000000 ) ;
#552 = CARTESIAN_POINT ( 'NONE',  ( 14.50000000000000200, -42.50000000000000000, -3.250000000000004000 ) ) ;
#553 = LINE ( 'NONE', #552, #551 ) ;
#554 = CYLINDRICAL_SURFACE ( 'NONE', #555, 4.000000000000000900 ) ;
#555 = AXIS2_PLACEMENT_3D ( 'NONE', #616, #615, #614 ) ;
#556 = FACE_OUTER_BOUND ( 'NONE', #1727, .T. ) ;
#557 = CARTESIAN_POINT ( 'NONE',  ( 9.500000000000003600, 1.483958067260650700, 3.800235294117619000 ) ) ;
#558 = DIRECTION ( 'NONE',  ( -1.000000000000000000, -8.921435019309290900E-015, 0.0000000000000000000 ) ) ;
#559 = DIRECTION ( 'NONE',  ( 0.0000000000000000000, 0.0000000000000000000, 1.000000000000000000 ) ) ;
#560 = CARTESIAN_POINT ( 'NONE',  ( 11.94999999999999900, -12.30000000000000600, 3.800235294117619000 ) ) ;
#561 = AXIS2_PLACEMENT_3D ( 'NONE', #560, #559, #558 ) ;
#562 = CIRCLE ( 'NONE', #561, 14.00000000000000500 ) ;
#563 = CARTESIAN_POINT ( 'NONE',  ( 7.741625102481687100, 1.052512150226178900, 3.800235294117617200 ) ) ;
#564 = CARTESIAN_POINT ( 'NONE',  ( 9.500000000000003600, 1.483958067260650700, 0.8499999999999992000 ) ) ;
#565 = CARTESIAN_POINT ( 'NONE',  ( 7.741625102481687100, 1.052512150226178900, 0.8499999999999983100 ) ) ;
#566 = DIRECTION ( 'NONE',  ( -1.000000000000000000, 0.0000000000000000000, 3.097720492815725800E-017 ) ) ;
#567 = DIRECTION ( 'NONE',  ( -3.336006684570782100E-017, 0.0000000000000000000, -1.000000000000000000 ) ) ;
#568 = CARTESIAN_POINT ( 'NONE',  ( 11.94999999999999900, -12.30000000000000600, 0.8500000000000000900 ) ) ;
#569 = AXIS2_PLACEMENT_3D ( 'NONE', #568, #567, #566 ) ;
#570 = CIRCLE ( 'NONE', #569, 14.00000000000000500 ) ;
#571 = CARTESIAN_POINT ( 'NONE',  ( 4.500000000000002700, -2.799999999999999800, 5.600000000000014700 ) ) ;
#572 = DIRECTION ( 'NONE',  ( 0.0000000000000000000, 0.0000000000000000000, 1.000000000000000000 ) ) ;
#573 = VECTOR ( 'NONE', #572, 1000.000000000000000 ) ;
#574 = CARTESIAN_POINT ( 'NONE',  ( 4.500000000000002700, -2.799999999999999800, -5.599999999999999600 ) ) ;
#575 = LINE ( 'NONE', #574, #573 ) ;
#576 = DIRECTION ( 'NONE',  ( 0.0000000000000000000, 0.0000000000000000000, -1.000000000000000000 ) ) ;
#577 = VECTOR ( 'NONE', #576, 1000.000000000000000 ) ;
#578 = CARTESIAN_POINT ( 'NONE',  ( 12.45000000000000100, 1.300000000000000000, -1.058300524425837200 ) ) ;
#579 = LINE ( 'NONE', #578, #577 ) ;
#580 = DIRECTION ( 'NONE',  ( 0.0000000000000000000, 0.0000000000000000000, 1.000000000000000000 ) ) ;
#581 = VECTOR ( 'NONE', #580, 1000.000000000000000 ) ;
#582 = CARTESIAN_POINT ( 'NONE',  ( 7.741625102481687100, 1.052512150226178900, -3.850000000000000100 ) ) ;
#583 = LINE ( 'NONE', #582, #581 ) ;
#584 = DIRECTION ( 'NONE',  ( 1.000000000000000000, 0.0000000000000000000, 0.0000000000000000000 ) ) ;
#585 = DIRECTION ( 'NONE',  ( 0.0000000000000000000, 0.0000000000000000000, 1.000000000000000000 ) ) ;
#586 = DIRECTION ( 'NONE',  ( 0.0000000000000000000, 0.0000000000000000000, 1.000000000000000000 ) ) ;
#587 = DIRECTION ( 'NONE',  ( 0.0000000000000000000, 0.0000000000000000000, 1.000000000000000000 ) ) ;
#588 = DIRECTION ( 'NONE',  ( 0.0000000000000000000, 1.000000000000000000, 0.0000000000000000000 ) ) ;
#589 = CARTESIAN_POINT ( 'NONE',  ( 14.50000000000000200, -39.68000000000000000, 0.0000000000000000000 ) ) ;
#590 = AXIS2_PLACEMENT_3D ( 'NONE', #589, #588, #587 ) ;
#591 = PLANE ( 'NONE',  #590 ) ;
#592 = FACE_OUTER_BOUND ( 'NONE', #1740, .T. ) ;
#593 = DIRECTION ( 'NONE',  ( 0.0000000000000000000, 0.0000000000000000000, 1.000000000000000000 ) ) ;
#594 = DIRECTION ( 'NONE',  ( 0.0000000000000000000, 1.000000000000000000, 0.0000000000000000000 ) ) ;
#595 = CARTESIAN_POINT ( 'NONE',  ( 14.50000000000000200, -35.50000000000000000, 0.0000000000000000000 ) ) ;
#596 = AXIS2_PLACEMENT_3D ( 'NONE', #595, #594, #593 ) ;
#597 = FACE_BOUND ( 'NONE', #1737, .T. ) ;
#598 = CYLINDRICAL_SURFACE ( 'NONE', #596, 4.700000000000003700 ) ;
#599 = FACE_OUTER_BOUND ( 'NONE', #1719, .T. ) ;
#600 = DIRECTION ( 'NONE',  ( 0.0000000000000000000, 0.0000000000000000000, 1.000000000000000000 ) ) ;
#601 = DIRECTION ( 'NONE',  ( 0.0000000000000000000, 1.000000000000000000, 0.0000000000000000000 ) ) ;
#602 = CARTESIAN_POINT ( 'NONE',  ( 14.50000000000000200, -35.50000000000000000, 0.0000000000000000000 ) ) ;
#603 = AXIS2_PLACEMENT_3D ( 'NONE', #602, #601, #600 ) ;
#604 = CIRCLE ( 'NONE', #603, 4.700000000000003700 ) ;
#605 = DIRECTION ( 'NONE',  ( 0.0000000000000000000, 0.0000000000000000000, 1.000000000000000000 ) ) ;
#606 = DIRECTION ( 'NONE',  ( 0.0000000000000000000, 1.000000000000000000, 0.0000000000000000000 ) ) ;
#607 = CARTESIAN_POINT ( 'NONE',  ( 14.50000000000000200, -36.50000000000000000, 0.0000000000000000000 ) ) ;
#608 = AXIS2_PLACEMENT_3D ( 'NONE', #607, #606, #605 ) ;
#609 = CIRCLE ( 'NONE', #608, 4.000000000000000900 ) ;
#610 = DIRECTION ( 'NONE',  ( 0.0000000000000000000, 0.0000000000000000000, 1.000000000000000000 ) ) ;
#611 = DIRECTION ( 'NONE',  ( 0.0000000000000000000, 1.000000000000000000, 0.0000000000000000000 ) ) ;
#612 = CARTESIAN_POINT ( 'NONE',  ( 14.50000000000000200, -39.68000000000000000, 0.0000000000000000000 ) ) ;
#613 = AXIS2_PLACEMENT_3D ( 'NONE', #612, #611, #610 ) ;
#614 = DIRECTION ( 'NONE',  ( 0.0000000000000000000, 0.0000000000000000000, 1.000000000000000000 ) ) ;
#615 = DIRECTION ( 'NONE',  ( 0.0000000000000000000, 1.000000000000000000, 0.0000000000000000000 ) ) ;
#616 = CARTESIAN_POINT ( 'NONE',  ( 14.50000000000000200, -39.68000000000000000, 0.0000000000000000000 ) ) ;
#617 = CIRCLE ( 'NONE', #613, 4.000000000000000900 ) ;
#618 = DIRECTION ( 'NONE',  ( -1.000000000000000000, 0.0000000000000000000, 1.084202172485504800E-016 ) ) ;
#619 = DIRECTION ( 'NONE',  ( -1.000802005371231400E-016, 0.0000000000000000000, -1.000000000000000000 ) ) ;
#620 = CARTESIAN_POINT ( 'NONE',  ( 8.643419723378471500, -1.808740453393718100, -0.8500000000000005300 ) ) ;
#621 = AXIS2_PLACEMENT_3D ( 'NONE', #620, #619, #618 ) ;
#622 = CIRCLE ( 'NONE', #621, 2.999999999999999100 ) ;
#623 = CARTESIAN_POINT ( 'NONE',  ( 11.94999999999999900, -12.30000000000000600, -0.8500000000000005300 ) ) ;
#624 = DIRECTION ( 'NONE',  ( 0.0000000000000000000, 0.0000000000000000000, 1.000000000000000000 ) ) ;
#625 = DIRECTION ( 'NONE',  ( 0.0000000000000000000, 1.000000000000000000, 0.0000000000000000000 ) ) ;
#626 = AXIS2_PLACEMENT_3D ( 'NONE', #632, #625, #624 ) ;
#627 = CIRCLE ( 'NONE', #626, 1.100000000000002800 ) ;
#628 = DIRECTION ( 'NONE',  ( 1.000000000000000000, 0.0000000000000000000, 0.0000000000000000000 ) ) ;
#629 = DIRECTION ( 'NONE',  ( 0.0000000000000000000, 0.0000000000000000000, 1.000000000000000000 ) ) ;
#630 = CARTESIAN_POINT ( 'NONE',  ( 11.94999999999999900, -12.30000000000000600, -3.850000000000000100 ) ) ;
#631 = AXIS2_PLACEMENT_3D ( 'NONE', #630, #629, #628 ) ;
#632 = CARTESIAN_POINT ( 'NONE',  ( 16.04999999999999700, 1.899999999999999900, 0.0000000000000000000 ) ) ;
#633 = CYLINDRICAL_SURFACE ( 'NONE', #631, 14.00000000000000500 ) ;
#634 = FACE_OUTER_BOUND ( 'NONE', #1749, .T. ) ;
#635 = DIRECTION ( 'NONE',  ( 0.0000000000000000000, 0.0000000000000000000, 1.000000000000000000 ) ) ;
#636 = DIRECTION ( 'NONE',  ( 0.0000000000000000000, 1.000000000000000000, 0.0000000000000000000 ) ) ;
#637 = CARTESIAN_POINT ( 'NONE',  ( 16.04999999999999700, 1.899999999999999900, 0.0000000000000000000 ) ) ;
#638 = AXIS2_PLACEMENT_3D ( 'NONE', #637, #636, #635 ) ;
#639 = PLANE ( 'NONE',  #638 ) ;
#640 = FACE_OUTER_BOUND ( 'NONE', #1746, .T. ) ;
#641 = DIRECTION ( 'NONE',  ( 0.0000000000000000000, 1.000000000000000000, 0.0000000000000000000 ) ) ;
#642 = VECTOR ( 'NONE', #641, 1000.000000000000000 ) ;
#643 = CARTESIAN_POINT ( 'NONE',  ( 11.85000000000000100, 1.300000000000000000, 1.058300524425837200 ) ) ;
#644 = LINE ( 'NONE', #643, #642 ) ;
#645 = DIRECTION ( 'NONE',  ( -1.000000000000000000, 0.0000000000000000000, 0.0000000000000000000 ) ) ;
#646 = DIRECTION ( 'NONE',  ( 0.0000000000000000000, 0.0000000000000000000, -1.000000000000000000 ) ) ;
#647 = CARTESIAN_POINT ( 'NONE',  ( 19.50000000000001100, -31.00000000000000000, 4.700000000000000200 ) ) ;
#648 = AXIS2_PLACEMENT_3D ( 'NONE', #647, #646, #645 ) ;
#649 = PLANE ( 'NONE',  #648 ) ;
#650 = FACE_OUTER_BOUND ( 'NONE', #1742, .T. ) ;
#651 = VECTOR ( 'NONE', #703, 1000.000000000000000 ) ;
#652 = CARTESIAN_POINT ( 'NONE',  ( 9.500000000000005300, 1.483958067260648900, -3.850000000000000100 ) ) ;
#653 = LINE ( 'NONE', #652, #651 ) ;
#654 = CARTESIAN_POINT ( 'NONE',  ( 9.500000000000005300, 1.483958067260648900, -3.800235294117678000 ) ) ;
#655 = DIRECTION ( 'NONE',  ( 0.0000000000000000000, 0.0000000000000000000, 1.000000000000000000 ) ) ;
#656 = DIRECTION ( 'NONE',  ( 0.0000000000000000000, 1.000000000000000000, 0.0000000000000000000 ) ) ;
#657 = CARTESIAN_POINT ( 'NONE',  ( 14.50000000000000200, -42.50000000000000000, 0.0000000000000000000 ) ) ;
#658 = AXIS2_PLACEMENT_3D ( 'NONE', #657, #656, #655 ) ;
#659 = PLANE ( 'NONE',  #658 ) ;
#660 = FACE_OUTER_BOUND ( 'NONE', #1787, .T. ) ;
#661 = DIRECTION ( 'NONE',  ( 0.0000000000000000000, 0.0000000000000000000, 1.000000000000000000 ) ) ;
#662 = DIRECTION ( 'NONE',  ( 0.0000000000000000000, 1.000000000000000000, 0.0000000000000000000 ) ) ;
#663 = CARTESIAN_POINT ( 'NONE',  ( 14.50000000000000200, -42.50000000000000000, 0.0000000000000000000 ) ) ;
#664 = AXIS2_PLACEMENT_3D ( 'NONE', #663, #662, #661 ) ;
#665 = CYLINDRICAL_SURFACE ( 'NONE', #664, 3.250000000000004000 ) ;
#666 = FACE_OUTER_BOUND ( 'NONE', #1794, .T. ) ;
#667 = DIRECTION ( 'NONE',  ( 0.0000000000000000000, 0.0000000000000000000, 1.000000000000000000 ) ) ;
#668 = DIRECTION ( 'NONE',  ( 0.0000000000000000000, 1.000000000000000000, 0.0000000000000000000 ) ) ;
#669 = CARTESIAN_POINT ( 'NONE',  ( 14.50000000000000200, -42.50000000000000000, 0.0000000000000000000 ) ) ;
#670 = AXIS2_PLACEMENT_3D ( 'NONE', #669, #668, #667 ) ;
#671 = DIRECTION ( 'NONE',  ( 0.0000000000000000000, 0.0000000000000000000, -1.000000000000000000 ) ) ;
#672 = DIRECTION ( 'NONE',  ( 0.0000000000000000000, -1.000000000000000000, 0.0000000000000000000 ) ) ;
#673 = CARTESIAN_POINT ( 'NONE',  ( 16.04999999999999700, 1.899999999999999900, 0.0000000000000000000 ) ) ;
#674 = AXIS2_PLACEMENT_3D ( 'NONE', #673, #672, #671 ) ;
#675 = CIRCLE ( 'NONE', #670, 3.250000000000004000 ) ;
#676 = CYLINDRICAL_SURFACE ( 'NONE', #674, 1.100000000000002800 ) ;
#677 = FACE_OUTER_BOUND ( 'NONE', #1773, .T. ) ;
#678 = DIRECTION ( 'NONE',  ( -1.000000000000000000, 0.0000000000000000000, 1.006759160165110900E-016 ) ) ;
#679 = DIRECTION ( 'NONE',  ( -1.000802005371231400E-016, 0.0000000000000000000, -1.000000000000000000 ) ) ;
#680 = AXIS2_PLACEMENT_3D ( 'NONE', #623, #679, #678 ) ;
#681 = CIRCLE ( 'NONE', #680, 14.00000000000000500 ) ;
#682 = CARTESIAN_POINT ( 'NONE',  ( 11.91610752010529800, 1.699999999999998400, 1.075398660889813800 ) ) ;
#683 = CARTESIAN_POINT ( 'NONE',  ( 11.94999999999999900, 1.700000000000001100, 1.081665382639197300 ) ) ;
#684 = LINE ( 'NONE', #732, #731 ) ;
#685 = B_SPLINE_CURVE_WITH_KNOTS ( 'NONE', 3,
 ( #683, #682, #734, #733 ),
 .UNSPECIFIED., .F., .F.,
 ( 4, 4 ),
 ( 0.0000000000000000000, 0.0001019300510497226700 ),
 .UNSPECIFIED. ) ;
#686 = DIRECTION ( 'NONE',  ( 0.0000000000000000000, 0.0000000000000000000, 1.000000000000000000 ) ) ;
#687 = VECTOR ( 'NONE', #686, 1000.000000000000000 ) ;
#688 = CARTESIAN_POINT ( 'NONE',  ( 9.555561528853184300, 1.493718295220190200, -3.800235294117678000 ) ) ;
#689 = CARTESIAN_POINT ( 'NONE',  ( 9.821257927856510900, 1.539840281025795800, -3.423403749106309000 ) ) ;
#690 = CARTESIAN_POINT ( 'NONE',  ( 10.16285426735402100, 1.591839628936843700, -3.102939816399382400 ) ) ;
#691 = CARTESIAN_POINT ( 'NONE',  ( 11.00048516854570700, 1.674101750404681600, -2.574747175594420200 ) ) ;
#692 = CARTESIAN_POINT ( 'NONE',  ( 11.45727470251548200, 1.699997385440466200, -2.391941740481755100 ) ) ;
#693 = CARTESIAN_POINT ( 'NONE',  ( 11.94996285222692700, 1.700134202295584100, -2.290705806380790100 ) ) ;
#694 = CARTESIAN_POINT ( 'NONE',  ( 11.94999999999999900, 1.700000000000000200, -3.850000000000000100 ) ) ;
#695 = LINE ( 'NONE', #694, #687 ) ;
#696 = B_SPLINE_CURVE_WITH_KNOTS ( 'NONE', 3,
 ( #693, #692, #691, #690, #689, #688 ),
 .UNSPECIFIED., .F., .F.,
 ( 4, 2, 4 ),
 ( 0.0000000000000000000, 0.5000000000000000000, 1.000000000000000000 ),
 .UNSPECIFIED. ) ;
#697 = CARTESIAN_POINT ( 'NONE',  ( 11.85000000000000100, 1.699642852587345700, -1.058300524425837200 ) ) ;
#698 = CARTESIAN_POINT ( 'NONE',  ( 11.85000000000000100, 1.699642852587345700, 1.058300524425837200 ) ) ;
#699 = DIRECTION ( 'NONE',  ( 0.0000000000000000000, 0.0000000000000000000, 1.000000000000000000 ) ) ;
#700 = VECTOR ( 'NONE', #699, 1000.000000000000000 ) ;
#701 = CARTESIAN_POINT ( 'NONE',  ( 7.741625102481687100, 1.052512150226178900, -3.850000000000000100 ) ) ;
#702 = LINE ( 'NONE', #701, #700 ) ;
#703 = DIRECTION ( 'NONE',  ( 0.0000000000000000000, 0.0000000000000000000, -1.000000000000000000 ) ) ;
#704 = CARTESIAN_POINT ( 'NONE',  ( 11.94999999999999900, 1.700000000000000200, 2.291069018421015200 ) ) ;
#705 = VECTOR ( 'NONE', #716, 1000.000000000000000 ) ;
#706 = CARTESIAN_POINT ( 'NONE',  ( 11.85000000000000100, 1.699642852587345700, -1.058300524425837200 ) ) ;
#707 = CARTESIAN_POINT ( 'NONE',  ( 11.61992341007250000, 1.697999406448399000, -0.9930799416280559100 ) ) ;
#708 = CARTESIAN_POINT ( 'NONE',  ( 11.41681978003226800, 1.690588376788811700, -0.8541716949802632400 ) ) ;
#709 = CARTESIAN_POINT ( 'NONE',  ( 11.12840703767258800, 1.676617233077433800, -0.4727688005574081100 ) ) ;
#710 = CARTESIAN_POINT ( 'NONE',  ( 11.05003997851472500, 1.671044054090302400, -0.2384777375491740100 ) ) ;
#711 = CARTESIAN_POINT ( 'NONE',  ( 11.04996005242285100, 1.671038905334459200, 0.2381087858666914600 ) ) ;
#712 = CARTESIAN_POINT ( 'NONE',  ( 11.12927845534662000, 1.676657612778418100, 0.4738151744202257500 ) ) ;
#713 = CARTESIAN_POINT ( 'NONE',  ( 11.41559131266329200, 1.690530698783166800, 0.8526530192257693000 ) ) ;
#714 = CARTESIAN_POINT ( 'NONE',  ( 11.62201359624593700, 1.698014336730517600, 0.9936724537147074700 ) ) ;
#715 = CARTESIAN_POINT ( 'NONE',  ( 11.85000000000000100, 1.699642852587345700, 1.058300524425837200 ) ) ;
#716 = DIRECTION ( 'NONE',  ( 0.0000000000000000000, 0.0000000000000000000, 1.000000000000000000 ) ) ;
#717 = CARTESIAN_POINT ( 'NONE',  ( 11.94999999999999900, 1.700000000000000200, -3.850000000000000100 ) ) ;
#718 = CARTESIAN_POINT ( 'NONE',  ( 11.94996285222692700, 1.700134202295584100, -2.290705806380790100 ) ) ;
#719 = CARTESIAN_POINT ( 'NONE',  ( 11.94999999999950500, 1.700000000000133200, -1.081665382640906800 ) ) ;
#720 = B_SPLINE_CURVE_WITH_KNOTS ( 'NONE', 3,
 ( #715, #714, #713, #712, #711, #710, #709, #708, #707, #706 ),
 .UNSPECIFIED., .F., .F.,
 ( 4, 2, 2, 2, 4 ),
 ( 0.0001019300510497226700, 0.0008108448327576395600, 0.001519759614465556400, 0.002228674396173473300, 0.002937589177881390200 ),
 .UNSPECIFIED. ) ;
#721 = LINE ( 'NONE', #717, #705 ) ;
#722 = CARTESIAN_POINT ( 'NONE',  ( 11.94999999999999900, 1.700000000000000200, 2.291069018421015200 ) ) ;
#723 = CARTESIAN_POINT ( 'NONE',  ( 11.45843257325415500, 1.699999999999978900, 2.391062644719517600 ) ) ;
#724 = CARTESIAN_POINT ( 'NONE',  ( 11.00174217045841900, 1.674226823874664500, 2.573694799494429900 ) ) ;
#725 = CARTESIAN_POINT ( 'NONE',  ( 10.16149045819533100, 1.591704065925777500, 3.104236165997041200 ) ) ;
#726 = CARTESIAN_POINT ( 'NONE',  ( 9.821234921115269900, 1.539843344242615400, 3.423661614207349900 ) ) ;
#727 = CARTESIAN_POINT ( 'NONE',  ( 9.555206091782382700, 1.493656590518839900, 3.800235294117619000 ) ) ;
#728 = CARTESIAN_POINT ( 'NONE',  ( 11.94999999999999900, 1.700000000000001100, 1.081665382639197300 ) ) ;
#729 = B_SPLINE_CURVE_WITH_KNOTS ( 'NONE', 3,
 ( #727, #726, #725, #724, #723, #722 ),
 .UNSPECIFIED., .F., .F.,
 ( 4, 2, 4 ),
 ( 0.0000000000000000000, 0.5000000000000000000, 1.000000000000000000 ),
 .UNSPECIFIED. ) ;
#730 = DIRECTION ( 'NONE',  ( 0.0000000000000000000, 1.000000000000000000, 0.0000000000000000000 ) ) ;
#731 = VECTOR ( 'NONE', #730, 1000.000000000000000 ) ;
#732 = CARTESIAN_POINT ( 'NONE',  ( 15.75000000000000000, 1.300000000000000000, -1.058300524425839900 ) ) ;
#733 = CARTESIAN_POINT ( 'NONE',  ( 11.85000000000000100, 1.699642852587345700, 1.058300524425837200 ) ) ;
#734 = CARTESIAN_POINT ( 'NONE',  ( 11.88278061957927900, 1.699877005843431800, 1.067592956628986300 ) ) ;
#735 = AXIS2_PLACEMENT_3D ( 'NONE', #738, #795, #794 ) ;
#736 = CYLINDRICAL_SURFACE ( 'NONE', #735, 1.100000000000002800 ) ;
#737 = FACE_OUTER_BOUND ( 'NONE', #1845, .T. ) ;
#738 = CARTESIAN_POINT ( 'NONE',  ( 16.04999999999999700, 1.899999999999999900, 0.0000000000000000000 ) ) ;
#739 = FACE_OUTER_BOUND ( 'NONE', #1847, .T. ) ;
#740 = CARTESIAN_POINT ( 'NONE',  ( 11.85000000000000100, 1.899999999999999900, 1.058300524425837200 ) ) ;
#741 = CARTESIAN_POINT ( 'NONE',  ( 15.75000000000000000, 1.899999999999999900, 1.058300524425839900 ) ) ;
#742 = CARTESIAN_POINT ( 'NONE',  ( 15.75000000000000000, 1.899999999999999900, -1.058300524425839400 ) ) ;
#743 = DIRECTION ( 'NONE',  ( 0.0000000000000000000, 0.0000000000000000000, 1.000000000000000000 ) ) ;
#744 = DIRECTION ( 'NONE',  ( 0.0000000000000000000, 1.000000000000000000, 0.0000000000000000000 ) ) ;
#745 = CARTESIAN_POINT ( 'NONE',  ( 16.04999999999999700, 1.899999999999999900, 0.0000000000000000000 ) ) ;
#746 = AXIS2_PLACEMENT_3D ( 'NONE', #745, #744, #743 ) ;
#747 = CIRCLE ( 'NONE', #746, 1.100000000000002800 ) ;
#748 = DIRECTION ( 'NONE',  ( 0.0000000000000000000, 1.000000000000000000, 0.0000000000000000000 ) ) ;
#749 = VECTOR ( 'NONE', #748, 1000.000000000000000 ) ;
#750 = CARTESIAN_POINT ( 'NONE',  ( 15.75000000000000000, 1.300000000000000000, 1.058300524425839900 ) ) ;
#751 = LINE ( 'NONE', #750, #749 ) ;
#752 = CARTESIAN_POINT ( 'NONE',  ( 7.741625102481687100, 1.052512150226178900, -0.8500000000000000900 ) ) ;
#753 = CARTESIAN_POINT ( 'NONE',  ( 9.500000000000005300, 1.483958067260650700, -0.8500000000000003100 ) ) ;
#754 = DIRECTION ( 'NONE',  ( 1.000000000000000000, -2.504197246392232900E-013, 0.0000000000000000000 ) ) ;
#755 = DIRECTION ( 'NONE',  ( 0.0000000000000000000, 0.0000000000000000000, -1.000000000000000000 ) ) ;
#756 = CARTESIAN_POINT ( 'NONE',  ( 11.94999999999999900, -12.30000000000000600, -3.800235294117678000 ) ) ;
#757 = AXIS2_PLACEMENT_3D ( 'NONE', #756, #755, #754 ) ;
#758 = CARTESIAN_POINT ( 'NONE',  ( 11.94999999999950500, 1.700000000000133200, -1.081665382640906800 ) ) ;
#759 = CARTESIAN_POINT ( 'NONE',  ( 11.91649470141947700, 1.699999999999998800, -1.075470250740121300 ) ) ;
#760 = CARTESIAN_POINT ( 'NONE',  ( 11.88315937102160000, 1.699879711279890500, -1.067700322570959400 ) ) ;
#761 = CARTESIAN_POINT ( 'NONE',  ( 11.85000000000000100, 1.699642852587345700, -1.058300524425837200 ) ) ;
#762 = CARTESIAN_POINT ( 'NONE',  ( 9.555561528853184300, 1.493718295220190200, -3.800235294117678000 ) ) ;
#763 = B_SPLINE_CURVE_WITH_KNOTS ( 'NONE', 3,
 ( #761, #760, #759, #758 ),
 .UNSPECIFIED., .F., .F.,
 ( 4, 4 ),
 ( 0.0000000000000000000, 0.0001019315159743715700 ),
 .UNSPECIFIED. ) ;
#764 = CIRCLE ( 'NONE', #757, 14.00000000000000500 ) ;
#765 = CARTESIAN_POINT ( 'NONE',  ( 5.694419545274054300E-015, -31.00000000000000000, 5.599999999999999600 ) ) ;
#766 = CARTESIAN_POINT ( 'NONE',  ( 5.694419545274054300E-015, -31.00000000000000000, -5.599999999999999600 ) ) ;
#767 = DIRECTION ( 'NONE',  ( 1.224606353822377300E-016, -1.000000000000000000, 0.0000000000000000000 ) ) ;
#768 = VECTOR ( 'NONE', #767, 1000.000000000000000 ) ;
#769 = CARTESIAN_POINT ( 'NONE',  ( 1.898139848424684800E-015, 0.0000000000000000000, 5.599999999999999600 ) ) ;
#770 = LINE ( 'NONE', #769, #768 ) ;
#771 = DIRECTION ( 'NONE',  ( 1.000000000000000000, 0.0000000000000000000, 0.0000000000000000000 ) ) ;
#772 = VECTOR ( 'NONE', #771, 1000.000000000000000 ) ;
#773 = CARTESIAN_POINT ( 'NONE',  ( 5.694419545274054300E-015, -31.00000000000000000, -5.599999999999999600 ) ) ;
#774 = LINE ( 'NONE', #773, #772 ) ;
#775 = DIRECTION ( 'NONE',  ( 1.000000000000000000, 0.0000000000000000000, 0.0000000000000000000 ) ) ;
#776 = VECTOR ( 'NONE', #775, 1000.000000000000000 ) ;
#777 = CARTESIAN_POINT ( 'NONE',  ( 13.00000000000000200, -31.00000000000000000, 4.700000000000000200 ) ) ;
#778 = LINE ( 'NONE', #777, #776 ) ;
#779 = DIRECTION ( 'NONE',  ( 0.0000000000000000000, 0.0000000000000000000, 1.000000000000000000 ) ) ;
#780 = DIRECTION ( 'NONE',  ( 0.0000000000000000000, 1.000000000000000000, 0.0000000000000000000 ) ) ;
#781 = CARTESIAN_POINT ( 'NONE',  ( 5.694419545274054300E-015, -31.00000000000000000, 5.599999999999999600 ) ) ;
#782 = AXIS2_PLACEMENT_3D ( 'NONE', #781, #780, #779 ) ;
#783 = PLANE ( 'NONE',  #782 ) ;
#784 = FACE_OUTER_BOUND ( 'NONE', #1854, .T. ) ;
#785 = DIRECTION ( 'NONE',  ( 0.0000000000000000000, -1.084202172485504200E-016, 1.000000000000000000 ) ) ;
#786 = VECTOR ( 'NONE', #785, 1000.000000000000000 ) ;
#787 = CARTESIAN_POINT ( 'NONE',  ( 0.0000000000000000000, -7.499999999999998200, -4.000000000000001800 ) ) ;
#788 = DIRECTION ( 'NONE',  ( 0.0000000000000000000, 0.0000000000000000000, 1.000000000000000000 ) ) ;
#789 = DIRECTION ( 'NONE',  ( 0.0000000000000000000, 1.000000000000000000, 0.0000000000000000000 ) ) ;
#790 = CARTESIAN_POINT ( 'NONE',  ( 12.15000000000000000, 1.300000000000000000, 0.0000000000000000000 ) ) ;
#791 = AXIS2_PLACEMENT_3D ( 'NONE', #790, #789, #788 ) ;
#792 = LINE ( 'NONE', #787, #786 ) ;
#793 = CYLINDRICAL_SURFACE ( 'NONE', #791, 1.100000000000001000 ) ;
#794 = DIRECTION ( 'NONE',  ( 0.0000000000000000000, 0.0000000000000000000, -1.000000000000000000 ) ) ;
#795 = DIRECTION ( 'NONE',  ( 0.0000000000000000000, -1.000000000000000000, 0.0000000000000000000 ) ) ;
#796 = DIRECTION ( 'NONE',  ( 0.0000000000000000000, -1.000000000000000000, -2.168404344971008900E-016 ) ) ;
#797 = VECTOR ( 'NONE', #796, 1000.000000000000000 ) ;
#798 = CARTESIAN_POINT ( 'NONE',  ( 0.0000000000000000000, -7.499999999999999100, 4.000000000000000000 ) ) ;
#799 = LINE ( 'NONE', #798, #797 ) ;
#800 = DIRECTION ( 'NONE',  ( 0.0000000000000000000, 0.0000000000000000000, 1.000000000000000000 ) ) ;
#801 = DIRECTION ( 'NONE',  ( 0.0000000000000000000, 1.000000000000000000, 0.0000000000000000000 ) ) ;
#802 = CARTESIAN_POINT ( 'NONE',  ( 14.50000000000000200, -31.00000000000000000, 0.0000000000000000000 ) ) ;
#803 = AXIS2_PLACEMENT_3D ( 'NONE', #802, #801, #800 ) ;
#804 = CIRCLE ( 'NONE', #803, 4.700000000000003700 ) ;
#805 = DIRECTION ( 'NONE',  ( 1.000000000000000000, 0.0000000000000000000, 0.0000000000000000000 ) ) ;
#806 = VECTOR ( 'NONE', #805, 1000.000000000000000 ) ;
#807 = CARTESIAN_POINT ( 'NONE',  ( 13.00000000000000200, -31.00000000000000000, -4.700000000000000200 ) ) ;
#808 = LINE ( 'NONE', #807, #806 ) ;
#809 = DIRECTION ( 'NONE',  ( 0.0000000000000000000, 0.0000000000000000000, -1.000000000000000000 ) ) ;
#810 = VECTOR ( 'NONE', #809, 1000.000000000000000 ) ;
#811 = CARTESIAN_POINT ( 'NONE',  ( 5.694419545274054300E-015, -31.00000000000000000, 5.599999999999999600 ) ) ;
#812 = LINE ( 'NONE', #811, #810 ) ;
#813 = DIRECTION ( 'NONE',  ( 1.000000000000000000, 0.0000000000000000000, 0.0000000000000000000 ) ) ;
#814 = DIRECTION ( 'NONE',  ( 0.0000000000000000000, 0.0000000000000000000, 1.000000000000000000 ) ) ;
#815 = CARTESIAN_POINT ( 'NONE',  ( 3.000000000000004900, -28.19999999999999900, 5.600000000000014700 ) ) ;
#816 = AXIS2_PLACEMENT_3D ( 'NONE', #815, #814, #813 ) ;
#817 = CIRCLE ( 'NONE', #816, 1.500000000000000900 ) ;
#818 = DIRECTION ( 'NONE',  ( 0.0000000000000000000, 0.0000000000000000000, 1.000000000000000000 ) ) ;
#819 = DIRECTION ( 'NONE',  ( 0.0000000000000000000, 1.000000000000000000, 0.0000000000000000000 ) ) ;
#820 = CARTESIAN_POINT ( 'NONE',  ( 8.050000000000009600, 1.700000000000000000, -2.150000000000033700 ) ) ;
#821 = AXIS2_PLACEMENT_3D ( 'NONE', #820, #819, #818 ) ;
#822 = PLANE ( 'NONE',  #821 ) ;
#823 = FACE_BOUND ( 'NONE', #2070, .T. ) ;
#824 = FACE_OUTER_BOUND ( 'NONE', #1864, .T. ) ;
#825 = DIRECTION ( 'NONE',  ( 1.000000000000000000, 0.0000000000000000000, 0.0000000000000000000 ) ) ;
#826 = VECTOR ( 'NONE', #825, 1000.000000000000000 ) ;
#827 = CARTESIAN_POINT ( 'NONE',  ( 5.694419545274054300E-015, -31.00000000000000000, 5.599999999999999600 ) ) ;
#828 = LINE ( 'NONE', #827, #826 ) ;
#829 = DIRECTION ( 'NONE',  ( 0.0000000000000000000, 0.0000000000000000000, 1.000000000000000000 ) ) ;
#830 = CYLINDRICAL_SURFACE ( 'NONE', #345, 1.500000000000000400 ) ;
#831 = FACE_OUTER_BOUND ( 'NONE', #1896, .T. ) ;
#832 = DIRECTION ( 'NONE',  ( -1.000000000000000000, 0.0000000000000000000, 0.0000000000000000000 ) ) ;
#833 = VECTOR ( 'NONE', #832, 1000.000000000000000 ) ;
#834 = CARTESIAN_POINT ( 'NONE',  ( 0.1000000000000000100, -23.50000000000000000, 3.999999999999996400 ) ) ;
#835 = LINE ( 'NONE', #834, #833 ) ;
#836 = DIRECTION ( 'NONE',  ( 1.119176436114069100E-016, -1.000000000000000000, 0.0000000000000000000 ) ) ;
#837 = DIRECTION ( 'NONE',  ( -1.000000000000000000, -1.119176436114069100E-016, 0.0000000000000000000 ) ) ;
#838 = CARTESIAN_POINT ( 'NONE',  ( 20.00000000000000400, 0.0000000000000000000, 5.599999999999999600 ) ) ;
#839 = AXIS2_PLACEMENT_3D ( 'NONE', #838, #837, #836 ) ;
#840 = PLANE ( 'NONE',  #839 ) ;
#841 = FACE_OUTER_BOUND ( 'NONE', #1874, .T. ) ;
#842 = DIRECTION ( 'NONE',  ( 0.0000000000000000000, 0.0000000000000000000, 1.000000000000000000 ) ) ;
#843 = DIRECTION ( 'NONE',  ( 0.0000000000000000000, 1.000000000000000000, 0.0000000000000000000 ) ) ;
#844 = CARTESIAN_POINT ( 'NONE',  ( 0.1000000000000000100, -23.50000000000000000, -4.000000000000003600 ) ) ;
#845 = AXIS2_PLACEMENT_3D ( 'NONE', #844, #843, #842 ) ;
#846 = PLANE ( 'NONE',  #845 ) ;
#847 = FACE_OUTER_BOUND ( 'NONE', #1899, .T. ) ;
#848 = CARTESIAN_POINT ( 'NONE',  ( 0.0000000000000000000, -7.499999999999998200, -4.000000000000001800 ) ) ;
#849 = DIRECTION ( 'NONE',  ( 0.0000000000000000000, 1.000000000000000000, 1.084202172485504400E-016 ) ) ;
#850 = VECTOR ( 'NONE', #849, 1000.000000000000000 ) ;
#851 = CARTESIAN_POINT ( 'NONE',  ( 0.0000000000000000000, -7.499999999999998200, -4.000000000000001800 ) ) ;
#852 = LINE ( 'NONE', #851, #850 ) ;
#853 = CARTESIAN_POINT ( 'NONE',  ( 0.0000000000000000000, -23.50000000000000000, -4.000000000000003600 ) ) ;
#854 = DIRECTION ( 'NONE',  ( 0.0000000000000000000, 0.0000000000000000000, -1.000000000000000000 ) ) ;
#855 = VECTOR ( 'NONE', #854, 1000.000000000000000 ) ;
#856 = CARTESIAN_POINT ( 'NONE',  ( 0.0000000000000000000, -23.50000000000000000, -4.000000000000003600 ) ) ;
#857 = LINE ( 'NONE', #856, #855 ) ;
#858 = CARTESIAN_POINT ( 'NONE',  ( 0.0000000000000000000, -23.50000000000000000, 3.999999999999996400 ) ) ;
#859 = CARTESIAN_POINT ( 'NONE',  ( 2.816594613791467300E-015, -7.499999999999999100, 4.000000000000000000 ) ) ;
#860 = LINE ( 'NONE', #924, #923 ) ;
#861 = DIRECTION ( 'NONE',  ( 0.0000000000000000000, -1.000000000000000000, -1.084202172485504400E-016 ) ) ;
#862 = DIRECTION ( 'NONE',  ( 0.0000000000000000000, -1.084202172485504400E-016, 1.000000000000000000 ) ) ;
#863 = CARTESIAN_POINT ( 'NONE',  ( 0.1000000000000000100, -7.499999999999998200, -4.000000000000001800 ) ) ;
#864 = AXIS2_PLACEMENT_3D ( 'NONE', #863, #862, #861 ) ;
#865 = PLANE ( 'NONE',  #864 ) ;
#866 = FACE_OUTER_BOUND ( 'NONE', #1932, .T. ) ;
#867 = DIRECTION ( 'NONE',  ( -1.000000000000000000, 0.0000000000000000000, 0.0000000000000000000 ) ) ;
#868 = VECTOR ( 'NONE', #867, 1000.000000000000000 ) ;
#869 = CARTESIAN_POINT ( 'NONE',  ( 0.1000000000000000100, -23.50000000000000000, -4.000000000000003600 ) ) ;
#870 = LINE ( 'NONE', #869, #868 ) ;
#871 = DIRECTION ( 'NONE',  ( -1.000000000000000000, 0.0000000000000000000, 0.0000000000000000000 ) ) ;
#872 = VECTOR ( 'NONE', #871, 1000.000000000000000 ) ;
#873 = CARTESIAN_POINT ( 'NONE',  ( 0.1000000000000000100, -7.499999999999998200, -4.000000000000001800 ) ) ;
#874 = LINE ( 'NONE', #873, #872 ) ;
#875 = CARTESIAN_POINT ( 'NONE',  ( 0.1000000000000000100, -7.499999999999998200, -4.000000000000001800 ) ) ;
#876 = DIRECTION ( 'NONE',  ( 0.0000000000000000000, 1.000000000000000000, 1.084202172485504400E-016 ) ) ;
#877 = VECTOR ( 'NONE', #876, 1000.000000000000000 ) ;
#878 = CARTESIAN_POINT ( 'NONE',  ( 0.1000000000000000100, -7.499999999999998200, -4.000000000000001800 ) ) ;
#879 = DIRECTION ( 'NONE',  ( 1.000000000000000000, 0.0000000000000000000, 0.0000000000000000000 ) ) ;
#880 = DIRECTION ( 'NONE',  ( 0.0000000000000000000, 0.0000000000000000000, 1.000000000000000000 ) ) ;
#881 = CARTESIAN_POINT ( 'NONE',  ( 3.000000000000004900, -28.19999999999999900, -5.599999999999999600 ) ) ;
#882 = AXIS2_PLACEMENT_3D ( 'NONE', #881, #880, #879 ) ;
#883 = CYLINDRICAL_SURFACE ( 'NONE', #882, 1.500000000000000900 ) ;
#884 = LINE ( 'NONE', #878, #877 ) ;
#885 = FACE_OUTER_BOUND ( 'NONE', #1921, .T. ) ;
#886 = DIRECTION ( 'NONE',  ( 0.0000000000000000000, -1.000000000000000000, 0.0000000000000000000 ) ) ;
#887 = VECTOR ( 'NONE', #886, 1000.000000000000000 ) ;
#888 = CARTESIAN_POINT ( 'NONE',  ( 7.583555374952887000, 1.700000000000000000, 3.800235294117619000 ) ) ;
#889 = LINE ( 'NONE', #888, #887 ) ;
#890 = CARTESIAN_POINT ( 'NONE',  ( 3.000000000000001800, -2.799999999999999800, 5.600000000000014700 ) ) ;
#891 = AXIS2_PLACEMENT_3D ( 'NONE', #890, #958, #957 ) ;
#892 = CIRCLE ( 'NONE', #891, 1.500000000000000400 ) ;
#893 = DIRECTION ( 'NONE',  ( 0.0000000000000000000, 1.084202172485504200E-016, -1.000000000000000000 ) ) ;
#894 = DIRECTION ( 'NONE',  ( 0.0000000000000000000, -1.000000000000000000, -1.084202172485504200E-016 ) ) ;
#895 = CARTESIAN_POINT ( 'NONE',  ( 0.1000000000000000100, -7.499999999999998200, -4.000000000000001800 ) ) ;
#896 = AXIS2_PLACEMENT_3D ( 'NONE', #895, #894, #893 ) ;
#897 = PLANE ( 'NONE',  #896 ) ;
#898 = FACE_OUTER_BOUND ( 'NONE', #1956, .T. ) ;
#899 = DIRECTION ( 'NONE',  ( 1.000000000000000000, 0.0000000000000000000, 0.0000000000000000000 ) ) ;
#900 = DIRECTION ( 'NONE',  ( 0.0000000000000000000, 0.0000000000000000000, 1.000000000000000000 ) ) ;
#901 = CARTESIAN_POINT ( 'NONE',  ( 3.000000000000001800, -2.799999999999999800, -5.599999999999999600 ) ) ;
#902 = AXIS2_PLACEMENT_3D ( 'NONE', #901, #900, #899 ) ;
#903 = CIRCLE ( 'NONE', #902, 1.500000000000000400 ) ;
#904 = DIRECTION ( 'NONE',  ( -1.119176436114069100E-016, 1.000000000000000000, 0.0000000000000000000 ) ) ;
#905 = VECTOR ( 'NONE', #904, 1000.000000000000000 ) ;
#906 = CARTESIAN_POINT ( 'NONE',  ( 20.00000000000000400, 0.0000000000000000000, -5.599999999999999600 ) ) ;
#907 = LINE ( 'NONE', #906, #905 ) ;
#908 = DIRECTION ( 'NONE',  ( 1.000000000000000000, 0.0000000000000000000, 0.0000000000000000000 ) ) ;
#909 = DIRECTION ( 'NONE',  ( 0.0000000000000000000, 0.0000000000000000000, 1.000000000000000000 ) ) ;
#910 = CARTESIAN_POINT ( 'NONE',  ( 5.694419545274054300E-015, -31.00000000000000000, -5.599999999999999600 ) ) ;
#911 = AXIS2_PLACEMENT_3D ( 'NONE', #910, #909, #908 ) ;
#912 = PLANE ( 'NONE',  #911 ) ;
#913 = FACE_OUTER_BOUND ( 'NONE', #1918, .T. ) ;
#914 = FACE_BOUND ( 'NONE', #1952, .T. ) ;
#915 = FACE_BOUND ( 'NONE', #1941, .T. ) ;
#916 = DIRECTION ( 'NONE',  ( -1.000000000000000000, 0.0000000000000000000, 0.0000000000000000000 ) ) ;
#917 = DIRECTION ( 'NONE',  ( 0.0000000000000000000, 0.0000000000000000000, -1.000000000000000000 ) ) ;
#918 = CARTESIAN_POINT ( 'NONE',  ( 7.330576210960907200, 1.700000000000000000, 3.800235294117619000 ) ) ;
#919 = AXIS2_PLACEMENT_3D ( 'NONE', #918, #917, #916 ) ;
#920 = PLANE ( 'NONE',  #919 ) ;
#921 = FACE_OUTER_BOUND ( 'NONE', #1912, .T. ) ;
#922 = DIRECTION ( 'NONE',  ( 0.0000000000000000000, 1.000000000000000000, 0.0000000000000000000 ) ) ;
#923 = VECTOR ( 'NONE', #922, 1000.000000000000000 ) ;
#924 = CARTESIAN_POINT ( 'NONE',  ( 7.000671030216006200, 1.700000000000000000, 3.612790424961463700 ) ) ;
#925 = DIRECTION ( 'NONE',  ( 0.0000000000000000000, -1.000000000000000000, -2.168404344971008900E-016 ) ) ;
#926 = CARTESIAN_POINT ( 'NONE',  ( 0.1000000000000000100, -7.499999999999999100, 4.000000000000000000 ) ) ;
#927 = LINE ( 'NONE', #926, #989 ) ;
#928 = DIRECTION ( 'NONE',  ( 1.000000000000000000, 0.0000000000000000000, 0.0000000000000000000 ) ) ;
#929 = DIRECTION ( 'NONE',  ( 0.0000000000000000000, 0.0000000000000000000, 1.000000000000000000 ) ) ;
#930 = CARTESIAN_POINT ( 'NONE',  ( 3.000000000000004900, -28.19999999999999900, -5.599999999999999600 ) ) ;
#931 = AXIS2_PLACEMENT_3D ( 'NONE', #930, #929, #928 ) ;
#932 = CIRCLE ( 'NONE', #931, 1.500000000000000900 ) ;
#933 = DIRECTION ( 'NONE',  ( 0.0000000000000000000, 0.0000000000000000000, 1.000000000000000000 ) ) ;
#934 = DIRECTION ( 'NONE',  ( -1.000000000000000000, 0.0000000000000000000, 0.0000000000000000000 ) ) ;
#935 = CARTESIAN_POINT ( 'NONE',  ( 0.1000000000000000100, -7.499999999999999100, 4.000000000000000000 ) ) ;
#936 = AXIS2_PLACEMENT_3D ( 'NONE', #935, #934, #933 ) ;
#937 = PLANE ( 'NONE',  #936 ) ;
#938 = FACE_OUTER_BOUND ( 'NONE', #1934, .T. ) ;
#939 = DIRECTION ( 'NONE',  ( 0.0000000000000000000, -1.084202172485504200E-016, 1.000000000000000000 ) ) ;
#940 = VECTOR ( 'NONE', #939, 1000.000000000000000 ) ;
#941 = CARTESIAN_POINT ( 'NONE',  ( 0.1000000000000000100, -7.499999999999998200, -4.000000000000001800 ) ) ;
#942 = LINE ( 'NONE', #941, #940 ) ;
#943 = DIRECTION ( 'NONE',  ( 1.000000000000000000, 0.0000000000000000000, 0.0000000000000000000 ) ) ;
#944 = DIRECTION ( 'NONE',  ( 0.0000000000000000000, 0.0000000000000000000, 1.000000000000000000 ) ) ;
#945 = CARTESIAN_POINT ( 'NONE',  ( 5.694419545274054300E-015, -31.00000000000000000, 5.599999999999999600 ) ) ;
#946 = AXIS2_PLACEMENT_3D ( 'NONE', #945, #944, #943 ) ;
#947 = PLANE ( 'NONE',  #946 ) ;
#948 = FACE_OUTER_BOUND ( 'NONE', #1961, .T. ) ;
#949 = FACE_BOUND ( 'NONE', #1946, .T. ) ;
#950 = FACE_BOUND ( 'NONE', #1902, .T. ) ;
#951 = DIRECTION ( 'NONE',  ( 0.0000000000000000000, 1.000000000000000000, 2.168404344971008900E-016 ) ) ;
#952 = DIRECTION ( 'NONE',  ( 0.0000000000000000000, 2.168404344971008900E-016, -1.000000000000000000 ) ) ;
#953 = CARTESIAN_POINT ( 'NONE',  ( 0.1000000000000000100, -7.499999999999999100, 4.000000000000000000 ) ) ;
#954 = AXIS2_PLACEMENT_3D ( 'NONE', #953, #952, #951 ) ;
#955 = PLANE ( 'NONE',  #954 ) ;
#956 = FACE_OUTER_BOUND ( 'NONE', #1906, .T. ) ;
#957 = DIRECTION ( 'NONE',  ( 1.000000000000000000, 0.0000000000000000000, 0.0000000000000000000 ) ) ;
#958 = DIRECTION ( 'NONE',  ( 0.0000000000000000000, 0.0000000000000000000, 1.000000000000000000 ) ) ;
#959 = CARTESIAN_POINT ( 'NONE',  ( 17.85023529411764500, 1.700000000000000000, 0.9999999999999991100 ) ) ;
#960 = CARTESIAN_POINT ( 'NONE',  ( 17.30838945350664900, 1.700000000000000000, 2.200235294117648600 ) ) ;
#961 = CARTESIAN_POINT ( 'NONE',  ( 12.73062527150310400, 1.700000000000000000, -2.200235294117647700 ) ) ;
#962 = DIRECTION ( 'NONE',  ( 0.0000000000000000000, 0.0000000000000000000, 1.000000000000000000 ) ) ;
#963 = DIRECTION ( 'NONE',  ( 0.0000000000000000000, 1.000000000000000000, 0.0000000000000000000 ) ) ;
#964 = CARTESIAN_POINT ( 'NONE',  ( 16.04999999999999700, 1.700000000000000000, 0.0000000000000000000 ) ) ;
#965 = AXIS2_PLACEMENT_3D ( 'NONE', #964, #963, #962 ) ;
#966 = CIRCLE ( 'NONE', #965, 1.100000000000001000 ) ;
#967 = CARTESIAN_POINT ( 'NONE',  ( 17.85023529411764500, 1.700000000000000000, -0.9999999999999967800 ) ) ;
#968 = DIRECTION ( 'NONE',  ( 0.0000000000000000000, 0.0000000000000000000, 1.000000000000000000 ) ) ;
#969 = DIRECTION ( 'NONE',  ( 0.0000000000000000000, 1.000000000000000000, 0.0000000000000000000 ) ) ;
#970 = CARTESIAN_POINT ( 'NONE',  ( 16.24999999999999300, 1.700000000000000000, 0.9999999999999940000 ) ) ;
#971 = AXIS2_PLACEMENT_3D ( 'NONE', #970, #969, #968 ) ;
#972 = CIRCLE ( 'NONE', #971, 1.600235294117652300 ) ;
#973 = CARTESIAN_POINT ( 'NONE',  ( 15.75000000000000000, 1.700000000000000000, 1.058300524425839900 ) ) ;
#974 = DIRECTION ( 'NONE',  ( -1.119176436114069100E-016, 1.000000000000000000, 0.0000000000000000000 ) ) ;
#975 = VECTOR ( 'NONE', #974, 1000.000000000000000 ) ;
#976 = CARTESIAN_POINT ( 'NONE',  ( 20.00000000000000400, 0.0000000000000000000, 5.599999999999999600 ) ) ;
#977 = LINE ( 'NONE', #976, #975 ) ;
#978 = CARTESIAN_POINT ( 'NONE',  ( 0.1000000000000000100, -7.499999999999999100, 4.000000000000000000 ) ) ;
#979 = DIRECTION ( 'NONE',  ( -1.000000000000000000, 0.0000000000000000000, 0.0000000000000000000 ) ) ;
#980 = VECTOR ( 'NONE', #979, 1000.000000000000000 ) ;
#981 = CARTESIAN_POINT ( 'NONE',  ( 0.1000000000000000100, -7.499999999999999100, 4.000000000000000000 ) ) ;
#982 = LINE ( 'NONE', #981, #980 ) ;
#983 = CARTESIAN_POINT ( 'NONE',  ( 0.1000000000000000100, -23.50000000000000000, -4.000000000000003600 ) ) ;
#984 = DIRECTION ( 'NONE',  ( 0.0000000000000000000, 0.0000000000000000000, -1.000000000000000000 ) ) ;
#985 = VECTOR ( 'NONE', #984, 1000.000000000000000 ) ;
#986 = CARTESIAN_POINT ( 'NONE',  ( 0.1000000000000000100, -23.50000000000000000, -4.000000000000003600 ) ) ;
#987 = LINE ( 'NONE', #986, #985 ) ;
#988 = CARTESIAN_POINT ( 'NONE',  ( 0.1000000000000000100, -23.50000000000000000, 3.999999999999996400 ) ) ;
#989 = VECTOR ( 'NONE', #925, 1000.000000000000000 ) ;
#990 = CARTESIAN_POINT ( 'NONE',  ( 7.583555374952913700, 0.9978032506908030000, -3.800235294117678000 ) ) ;
#991 = DIRECTION ( 'NONE',  ( 0.0000000000000000000, 1.000000000000000000, 0.0000000000000000000 ) ) ;
#992 = VECTOR ( 'NONE', #991, 1000.000000000000000 ) ;
#993 = CARTESIAN_POINT ( 'NONE',  ( 7.583555374952913700, 1.700000000000000000, -3.800235294117678000 ) ) ;
#994 = LINE ( 'NONE', #993, #992 ) ;
#995 = DIRECTION ( 'NONE',  ( 1.000000000000000000, 0.0000000000000000000, 0.0000000000000000000 ) ) ;
#996 = DIRECTION ( 'NONE',  ( 0.0000000000000000000, 0.0000000000000000000, 1.000000000000000000 ) ) ;
#997 = CARTESIAN_POINT ( 'NONE',  ( 7.330576210960914300, 1.700000000000000000, -3.800235294117678000 ) ) ;
#998 = AXIS2_PLACEMENT_3D ( 'NONE', #997, #996, #995 ) ;
#999 = PLANE ( 'NONE',  #998 ) ;
#1000 = CARTESIAN_POINT ( 'NONE',  ( 9.555206091782382700, 1.493656590518839900, 3.800235294117619000 ) ) ;
#1001 = CARTESIAN_POINT ( 'NONE',  ( 9.789424925474826000, 0.9958452290361584600, 3.800235294117619000 ) ) ;
#1002 = CARTESIAN_POINT ( 'NONE',  ( 10.02383804821231900, 0.4979226145180784000, 3.800235294117619000 ) ) ;
#1003 = CARTESIAN_POINT ( 'NONE',  ( 10.25825117094981200, 0.0000000000000000000, 3.800235294117619000 ) ) ;
#1004 = FACE_OUTER_BOUND ( 'NONE', #2012, .T. ) ;
#1005 = B_SPLINE_CURVE_WITH_KNOTS ( 'NONE', 3,
 ( #1003, #1002, #1001, #1000 ),
 .UNSPECIFIED., .F., .F.,
 ( 4, 4 ),
 ( 0.0000000000000000000, 1.000000000000000000 ),
 .UNSPECIFIED. ) ;
#1006 = DIRECTION ( 'NONE',  ( 0.0000000000000000000, 0.0000000000000000000, 1.000000000000000000 ) ) ;
#1007 = DIRECTION ( 'NONE',  ( 0.0000000000000000000, -1.000000000000000000, 0.0000000000000000000 ) ) ;
#1008 = CARTESIAN_POINT ( 'NONE',  ( 12.73062527150311500, 1.700000000000000000, -5.600000000000014700 ) ) ;
#1009 = AXIS2_PLACEMENT_3D ( 'NONE', #1008, #1007, #1006 ) ;
#1010 = CIRCLE ( 'NONE', #1009, 3.399764705882359500 ) ;
#1011 = DIRECTION ( 'NONE',  ( -1.000000000000000000, 0.0000000000000000000, 0.0000000000000000000 ) ) ;
#1012 = VECTOR ( 'NONE', #1011, 1000.000000000000000 ) ;
#1013 = CARTESIAN_POINT ( 'NONE',  ( 12.73062527150310600, 1.700000000000000000, -2.200235294117647700 ) ) ;
#1014 = LINE ( 'NONE', #1013, #1012 ) ;
#1015 = CARTESIAN_POINT ( 'NONE',  ( 6.352277024739585400, 0.1288946012520785800, -2.766460903474168700 ) ) ;
#1016 = CARTESIAN_POINT ( 'NONE',  ( 6.274969917846536100, 0.03359773195505994000, -2.483999331869848800 ) ) ;
#1017 = CARTESIAN_POINT ( 'NONE',  ( 6.252508888994932500, 0.003319892797762966000, -2.334266370500484000 ) ) ;
#1018 = CARTESIAN_POINT ( 'NONE',  ( 6.250000000000002700, 0.0000000000000000000, -2.179105226109578900 ) ) ;
#1019 = B_SPLINE_CURVE_WITH_KNOTS ( 'NONE', 3,
 ( #1018, #1017, #1016, #1015, #1073, #1072, #1071, #1070, #1069, #1068 ),
 .UNSPECIFIED., .F., .F.,
 ( 4, 2, 2, 2, 4 ),
 ( 2.357126526345954500E-016, 0.0004581232415106733400, 0.0009162464830211109600, 0.001374369724531548500, 0.001832492966041986200 ),
 .UNSPECIFIED. ) ;
#1020 = CIRCLE ( 'NONE', #1075, 14.00000000000000500 ) ;
#1021 = CARTESIAN_POINT ( 'NONE',  ( 7.741625102481687100, 1.052512150226178900, -3.800235294117678000 ) ) ;
#1022 = DIRECTION ( 'NONE',  ( 1.000000000000000000, 5.153574326547766100E-014, 0.0000000000000000000 ) ) ;
#1023 = DIRECTION ( 'NONE',  ( 0.0000000000000000000, 0.0000000000000000000, -1.000000000000000000 ) ) ;
#1024 = AXIS2_PLACEMENT_3D ( 'NONE', #1029, #1023, #1022 ) ;
#1025 = CIRCLE ( 'NONE', #1024, 2.999999999999999100 ) ;
#1026 = DIRECTION ( 'NONE',  ( 0.0000000000000000000, 0.0000000000000000000, -1.000000000000000000 ) ) ;
#1027 = DIRECTION ( 'NONE',  ( 0.0000000000000000000, -1.000000000000000000, 0.0000000000000000000 ) ) ;
#1028 = AXIS2_PLACEMENT_3D ( 'NONE', #1037, #1027, #1026 ) ;
#1029 = CARTESIAN_POINT ( 'NONE',  ( 8.643419723378471500, -1.808740453393718100, -3.800235294117678000 ) ) ;
#1030 = CYLINDRICAL_SURFACE ( 'NONE', #1028, 1.800235294117680900 ) ;
#1031 = FACE_OUTER_BOUND ( 'NONE', #2064, .T. ) ;
#1032 = DIRECTION ( 'NONE',  ( 1.000000000000000000, 0.0000000000000000000, 0.0000000000000000000 ) ) ;
#1033 = DIRECTION ( 'NONE',  ( 0.0000000000000000000, 0.0000000000000000000, 1.000000000000000000 ) ) ;
#1034 = CARTESIAN_POINT ( 'NONE',  ( 11.94999999999999900, -12.30000000000000600, -3.850000000000000100 ) ) ;
#1035 = AXIS2_PLACEMENT_3D ( 'NONE', #1034, #1033, #1032 ) ;
#1036 = CYLINDRICAL_SURFACE ( 'NONE', #1035, 14.00000000000000500 ) ;
#1037 = CARTESIAN_POINT ( 'NONE',  ( 8.049999999999997200, 1.700000000000000000, 2.149999999999964400 ) ) ;
#1038 = CARTESIAN_POINT ( 'NONE',  ( 7.000671030215894300, 0.7015138626294148400, -3.612790424961756800 ) ) ;
#1039 = CARTESIAN_POINT ( 'NONE',  ( 7.166787966578329600, 0.8102233182330194100, -3.731953984362943900 ) ) ;
#1040 = CARTESIAN_POINT ( 'NONE',  ( 7.366595295075996800, 0.9158703545957059800, -3.800235294117678000 ) ) ;
#1041 = CARTESIAN_POINT ( 'NONE',  ( 7.583555374952913700, 0.9978032506908030000, -3.800235294117678000 ) ) ;
#1042 = FACE_OUTER_BOUND ( 'NONE', #2041, .T. ) ;
#1043 = B_SPLINE_CURVE_WITH_KNOTS ( 'NONE', 3,
 ( #1041, #1040, #1039, #1038 ),
 .UNSPECIFIED., .F., .F.,
 ( 4, 4 ),
 ( 0.0000000000000000000, 0.0006850035190110754400 ),
 .UNSPECIFIED. ) ;
#1044 = LINE ( 'NONE', #1104, #1103 ) ;
#1045 = CARTESIAN_POINT ( 'NONE',  ( 17.30838945350666700, 1.700000000000000000, -2.200235294117647700 ) ) ;
#1046 = DIRECTION ( 'NONE',  ( 0.0000000000000000000, 0.0000000000000000000, 1.000000000000000000 ) ) ;
#1047 = VECTOR ( 'NONE', #1046, 1000.000000000000000 ) ;
#1048 = CARTESIAN_POINT ( 'NONE',  ( 7.741625102481687100, 1.052512150226178900, -3.850000000000000100 ) ) ;
#1049 = LINE ( 'NONE', #1048, #1047 ) ;
#1050 = DIRECTION ( 'NONE',  ( 0.0000000000000000000, 0.0000000000000000000, 1.000000000000000000 ) ) ;
#1051 = DIRECTION ( 'NONE',  ( 0.0000000000000000000, 1.000000000000000000, 0.0000000000000000000 ) ) ;
#1052 = AXIS2_PLACEMENT_3D ( 'NONE', #1059, #1051, #1050 ) ;
#1053 = CIRCLE ( 'NONE', #1052, 1.100000000000001000 ) ;
#1054 = DIRECTION ( 'NONE',  ( 1.000000000000000000, 0.0000000000000000000, 0.0000000000000000000 ) ) ;
#1055 = DIRECTION ( 'NONE',  ( 0.0000000000000000000, 0.0000000000000000000, 1.000000000000000000 ) ) ;
#1056 = CARTESIAN_POINT ( 'NONE',  ( 8.643419723378471500, -1.808740453393718100, -3.850000000000000100 ) ) ;
#1057 = AXIS2_PLACEMENT_3D ( 'NONE', #1056, #1055, #1054 ) ;
#1058 = CYLINDRICAL_SURFACE ( 'NONE', #1057, 2.999999999999999100 ) ;
#1059 = CARTESIAN_POINT ( 'NONE',  ( 12.15000000000000000, 1.700000000000000000, 0.0000000000000000000 ) ) ;
#1060 = CARTESIAN_POINT ( 'NONE',  ( 10.25839176650546700, 0.0000000000000000000, -3.800235294117678000 ) ) ;
#1061 = CARTESIAN_POINT ( 'NONE',  ( 10.02411502062137300, 0.4979060984067295000, -3.800235294117678000 ) ) ;
#1062 = CARTESIAN_POINT ( 'NONE',  ( 9.789838274737277900, 0.9958121968134587800, -3.800235294117678000 ) ) ;
#1063 = CARTESIAN_POINT ( 'NONE',  ( 9.555561528853184300, 1.493718295220190200, -3.800235294117678000 ) ) ;
#1064 = B_SPLINE_CURVE_WITH_KNOTS ( 'NONE', 3,
 ( #1063, #1062, #1061, #1060 ),
 .UNSPECIFIED., .F., .F.,
 ( 4, 4 ),
 ( 0.0000000000000000000, 1.000000000000000000 ),
 .UNSPECIFIED. ) ;
#1065 = FACE_OUTER_BOUND ( 'NONE', #2039, .T. ) ;
#1066 = DIRECTION ( 'NONE',  ( 1.000000000000000000, -7.062802723619854500E-015, 0.0000000000000000000 ) ) ;
#1067 = DIRECTION ( 'NONE',  ( 0.0000000000000000000, 0.0000000000000000000, -1.000000000000000000 ) ) ;
#1068 = CARTESIAN_POINT ( 'NONE',  ( 7.000671030215894300, 0.7015138626294148400, -3.612790424961756800 ) ) ;
#1069 = CARTESIAN_POINT ( 'NONE',  ( 6.890564402436564400, 0.6294584068381518000, -3.533805717157759900 ) ) ;
#1070 = CARTESIAN_POINT ( 'NONE',  ( 6.790944778631083700, 0.5538061191804127800, -3.443517951745620000 ) ) ;
#1071 = CARTESIAN_POINT ( 'NONE',  ( 6.615104008012805200, 0.4046788668660629700, -3.245208762804415900 ) ) ;
#1072 = CARTESIAN_POINT ( 'NONE',  ( 6.537558770752276900, 0.3300715804575432000, -3.136021734519383500 ) ) ;
#1073 = CARTESIAN_POINT ( 'NONE',  ( 6.405461735786738100, 0.1914373671305041600, -2.895124976370667500 ) ) ;
#1074 = CARTESIAN_POINT ( 'NONE',  ( 11.94999999999999900, -12.30000000000000600, -3.800235294117678000 ) ) ;
#1075 = AXIS2_PLACEMENT_3D ( 'NONE', #1074, #1067, #1066 ) ;
#1076 = DIRECTION ( 'NONE',  ( 0.0000000000000000000, 1.000000000000000000, 0.0000000000000000000 ) ) ;
#1077 = CARTESIAN_POINT ( 'NONE',  ( 16.04999999999999700, 1.700000000000000000, 0.0000000000000000000 ) ) ;
#1078 = AXIS2_PLACEMENT_3D ( 'NONE', #1077, #1076, #829 ) ;
#1079 = CIRCLE ( 'NONE', #1078, 1.100000000000003000 ) ;
#1080 = CARTESIAN_POINT ( 'NONE',  ( 15.75000000000000000, 1.700000000000000000, -1.058300524425839900 ) ) ;
#1081 = CARTESIAN_POINT ( 'NONE',  ( 12.73062527150308700, 1.700000000000000000, 2.200235294117641500 ) ) ;
#1082 = DIRECTION ( 'NONE',  ( 0.0000000000000000000, 0.0000000000000000000, 1.000000000000000000 ) ) ;
#1083 = DIRECTION ( 'NONE',  ( 0.0000000000000000000, -1.000000000000000000, 0.0000000000000000000 ) ) ;
#1084 = CARTESIAN_POINT ( 'NONE',  ( 12.73062527150307400, 1.700000000000000000, 5.599999999999994300 ) ) ;
#1085 = AXIS2_PLACEMENT_3D ( 'NONE', #1084, #1083, #1082 ) ;
#1086 = CIRCLE ( 'NONE', #1085, 3.399764705882351900 ) ;
#1087 = DIRECTION ( 'NONE',  ( 0.0000000000000000000, -1.000000000000000000, 0.0000000000000000000 ) ) ;
#1088 = VECTOR ( 'NONE', #1087, 1000.000000000000000 ) ;
#1089 = CARTESIAN_POINT ( 'NONE',  ( 7.000671030216038200, 1.700000000000000000, -3.612790424961526400 ) ) ;
#1090 = LINE ( 'NONE', #1089, #1088 ) ;
#1091 = CARTESIAN_POINT ( 'NONE',  ( 7.000671030215894300, 0.7015138626294148400, -3.612790424961756800 ) ) ;
#1092 = DIRECTION ( 'NONE',  ( 0.0000000000000000000, 0.0000000000000000000, 1.000000000000000000 ) ) ;
#1093 = DIRECTION ( 'NONE',  ( 0.0000000000000000000, 1.000000000000000000, 0.0000000000000000000 ) ) ;
#1094 = CARTESIAN_POINT ( 'NONE',  ( 12.15000000000000000, 1.700000000000000000, 0.0000000000000000000 ) ) ;
#1095 = AXIS2_PLACEMENT_3D ( 'NONE', #1094, #1093, #1092 ) ;
#1096 = CIRCLE ( 'NONE', #1095, 1.100000000000001000 ) ;
#1097 = DIRECTION ( 'NONE',  ( 0.0000000000000000000, 0.0000000000000000000, 1.000000000000000000 ) ) ;
#1098 = DIRECTION ( 'NONE',  ( 0.0000000000000000000, 1.000000000000000000, 0.0000000000000000000 ) ) ;
#1099 = CARTESIAN_POINT ( 'NONE',  ( 16.25000000000000000, 1.700000000000000000, -1.000000000000007800 ) ) ;
#1100 = AXIS2_PLACEMENT_3D ( 'NONE', #1099, #1098, #1097 ) ;
#1101 = CIRCLE ( 'NONE', #1100, 1.600235294117648300 ) ;
#1102 = DIRECTION ( 'NONE',  ( 0.0000000000000000000, 0.0000000000000000000, -1.000000000000000000 ) ) ;
#1103 = VECTOR ( 'NONE', #1102, 1000.000000000000000 ) ;
#1104 = CARTESIAN_POINT ( 'NONE',  ( 17.85023529411764500, 1.700000000000000000, -0.9999999999999940000 ) ) ;
#1105 = DIRECTION ( 'NONE',  ( 0.0000000000000000000, 0.0000000000000000000, 1.000000000000000000 ) ) ;
#1106 = DIRECTION ( 'NONE',  ( 0.0000000000000000000, 1.000000000000000000, 0.0000000000000000000 ) ) ;
#1107 = CARTESIAN_POINT ( 'NONE',  ( 16.25000000000000000, 0.0000000000000000000, -1.000000000000007800 ) ) ;
#1108 = AXIS2_PLACEMENT_3D ( 'NONE', #1107, #1106, #1105 ) ;
#1109 = CIRCLE ( 'NONE', #1108, 2.000235294117645300 ) ;
#1110 = CARTESIAN_POINT ( 'NONE',  ( 20.00000000000000400, 0.0000000000000000000, -5.599999999999999600 ) ) ;
#1111 = DIRECTION ( 'NONE',  ( -1.000000000000000000, 0.0000000000000000000, 0.0000000000000000000 ) ) ;
#1112 = VECTOR ( 'NONE', #1111, 1000.000000000000000 ) ;
#1113 = CARTESIAN_POINT ( 'NONE',  ( 1.898139848424684800E-015, 0.0000000000000000000, -5.599999999999999600 ) ) ;
#1114 = LINE ( 'NONE', #1113, #1112 ) ;
#1115 = DIRECTION ( 'NONE',  ( 0.0000000000000000000, 0.0000000000000000000, -1.000000000000000000 ) ) ;
#1116 = VECTOR ( 'NONE', #1115, 1000.000000000000000 ) ;
#1117 = CARTESIAN_POINT ( 'NONE',  ( 20.00000000000000400, 0.0000000000000000000, 5.599999999999999600 ) ) ;
#1118 = LINE ( 'NONE', #1117, #1116 ) ;
#1119 = CARTESIAN_POINT ( 'NONE',  ( 20.00000000000000400, 0.0000000000000000000, 5.599999999999999600 ) ) ;
#1120 = DIRECTION ( 'NONE',  ( -1.000000000000000000, 0.0000000000000000000, 0.0000000000000000000 ) ) ;
#1121 = VECTOR ( 'NONE', #1120, 1000.000000000000000 ) ;
#1122 = CARTESIAN_POINT ( 'NONE',  ( 1.898139848424684800E-015, 0.0000000000000000000, 5.599999999999999600 ) ) ;
#1123 = LINE ( 'NONE', #1122, #1121 ) ;
#1124 = CARTESIAN_POINT ( 'NONE',  ( 1.898139848424684800E-015, 0.0000000000000000000, 5.599999999999999600 ) ) ;
#1125 = DIRECTION ( 'NONE',  ( 0.0000000000000000000, 0.0000000000000000000, 1.000000000000000000 ) ) ;
#1126 = DIRECTION ( 'NONE',  ( 0.0000000000000000000, 1.000000000000000000, 0.0000000000000000000 ) ) ;
#1127 = AXIS2_PLACEMENT_3D ( 'NONE', #1132, #1126, #1125 ) ;
#1128 = CIRCLE ( 'NONE', #1127, 1.100000000000003000 ) ;
#1129 = DIRECTION ( 'NONE',  ( 0.0000000000000000000, 0.0000000000000000000, -1.000000000000000000 ) ) ;
#1130 = DIRECTION ( 'NONE',  ( 0.0000000000000000000, -1.000000000000000000, 0.0000000000000000000 ) ) ;
#1131 = AXIS2_PLACEMENT_3D ( 'NONE', #1133, #1130, #1129 ) ;
#1132 = CARTESIAN_POINT ( 'NONE',  ( 16.04999999999999700, 1.700000000000000000, 0.0000000000000000000 ) ) ;
#1133 = CARTESIAN_POINT ( 'NONE',  ( 8.050000000000009600, 1.700000000000000000, -2.150000000000033700 ) ) ;
#1134 = CYLINDRICAL_SURFACE ( 'NONE', #1131, 1.800235294117664900 ) ;
#1135 = FACE_OUTER_BOUND ( 'NONE', #2028, .T. ) ;
#1136 = DIRECTION ( 'NONE',  ( 0.0000000000000000000, 0.0000000000000000000, 1.000000000000000000 ) ) ;
#1137 = DIRECTION ( 'NONE',  ( 0.0000000000000000000, 1.000000000000000000, 0.0000000000000000000 ) ) ;
#1138 = CARTESIAN_POINT ( 'NONE',  ( 16.24999999999999300, 0.0000000000000000000, 0.9999999999999940000 ) ) ;
#1139 = AXIS2_PLACEMENT_3D ( 'NONE', #1138, #1137, #1136 ) ;
#1140 = CIRCLE ( 'NONE', #1139, 2.000235294117650700 ) ;
#1141 = CARTESIAN_POINT ( 'NONE',  ( 17.45007842880959400, 0.0000000000000000000, 2.600235294117646300 ) ) ;
#1142 = CARTESIAN_POINT ( 'NONE',  ( 16.35000000000000100, 1.899999999999999900, -1.058300524425838800 ) ) ;
#1143 = DIRECTION ( 'NONE',  ( 0.0000000000000000000, 0.0000000000000000000, -1.000000000000000000 ) ) ;
#1144 = VECTOR ( 'NONE', #1143, 1000.000000000000000 ) ;
#1145 = CARTESIAN_POINT ( 'NONE',  ( 1.898139848424684800E-015, 0.0000000000000000000, 5.599999999999999600 ) ) ;
#1146 = LINE ( 'NONE', #1145, #1144 ) ;
#1147 = CARTESIAN_POINT ( 'NONE',  ( 1.898139848424684800E-015, 0.0000000000000000000, -5.599999999999999600 ) ) ;
#1148 = DIRECTION ( 'NONE',  ( 1.224606353822377300E-016, -1.000000000000000000, 0.0000000000000000000 ) ) ;
#1149 = VECTOR ( 'NONE', #1148, 1000.000000000000000 ) ;
#1150 = CARTESIAN_POINT ( 'NONE',  ( 1.898139848424684800E-015, 0.0000000000000000000, -5.599999999999999600 ) ) ;
#1151 = LINE ( 'NONE', #1150, #1149 ) ;
#1152 = DIRECTION ( 'NONE',  ( 1.000000000000000000, 0.0000000000000000000, 1.745951540621401100E-015 ) ) ;
#1153 = VECTOR ( 'NONE', #1152, 1000.000000000000000 ) ;
#1154 = CARTESIAN_POINT ( 'NONE',  ( 17.45007842880959400, 1.700000000000000000, 2.200235294117649500 ) ) ;
#1155 = LINE ( 'NONE', #1154, #1153 ) ;
#1156 = DIRECTION ( 'NONE',  ( -1.224606353822377300E-016, 1.000000000000000000, 0.0000000000000000000 ) ) ;
#1157 = DIRECTION ( 'NONE',  ( 1.000000000000000000, 1.224606353822377300E-016, 0.0000000000000000000 ) ) ;
#1158 = CARTESIAN_POINT ( 'NONE',  ( 1.898139848424684800E-015, 0.0000000000000000000, 5.599999999999999600 ) ) ;
#1159 = AXIS2_PLACEMENT_3D ( 'NONE', #1158, #1157, #1156 ) ;
#1160 = PLANE ( 'NONE',  #1159 ) ;
#1161 = FACE_BOUND ( 'NONE', #1884, .T. ) ;
#1162 = FACE_OUTER_BOUND ( 'NONE', #2092, .T. ) ;
#1163 = DIRECTION ( 'NONE',  ( 0.0000000000000000000, 1.000000000000000000, 0.0000000000000000000 ) ) ;
#1164 = VECTOR ( 'NONE', #1163, 1000.000000000000000 ) ;
#1165 = CARTESIAN_POINT ( 'NONE',  ( 16.35000000000000100, 1.300000000000000000, 1.058300524425838600 ) ) ;
#1166 = LINE ( 'NONE', #1165, #1164 ) ;
#1167 = CARTESIAN_POINT ( 'NONE',  ( 18.25023529411764800, 0.0000000000000000000, -0.9999999999999940000 ) ) ;
#1168 = CARTESIAN_POINT ( 'NONE',  ( 17.45007842880961500, 0.0000000000000000000, -2.600235294117647200 ) ) ;
#1169 = CARTESIAN_POINT ( 'NONE',  ( 12.45000000000000100, 1.899999999999999900, 1.058300524425837200 ) ) ;
#1170 = CARTESIAN_POINT ( 'NONE',  ( 12.45000000000000100, 1.700000000000000000, -1.058300524425837200 ) ) ;
#1171 = DIRECTION ( 'NONE',  ( 0.0000000000000000000, 0.0000000000000000000, 1.000000000000000000 ) ) ;
#1172 = DIRECTION ( 'NONE',  ( 0.0000000000000000000, 1.000000000000000000, 0.0000000000000000000 ) ) ;
#1173 = CARTESIAN_POINT ( 'NONE',  ( 12.15000000000000000, 1.899999999999999900, 0.0000000000000000000 ) ) ;
#1174 = AXIS2_PLACEMENT_3D ( 'NONE', #1173, #1172, #1171 ) ;
#1175 = CIRCLE ( 'NONE', #1174, 1.100000000000001000 ) ;
#1176 = DIRECTION ( 'NONE',  ( 0.0000000000000000000, 1.000000000000000000, 0.0000000000000000000 ) ) ;
#1177 = VECTOR ( 'NONE', #1176, 1000.000000000000000 ) ;
#1178 = CARTESIAN_POINT ( 'NONE',  ( 12.45000000000000100, 1.300000000000000000, -1.058300524425837200 ) ) ;
#1179 = LINE ( 'NONE', #1178, #1177 ) ;
#1180 = DIRECTION ( 'NONE',  ( 0.0000000000000000000, 0.0000000000000000000, -1.000000000000000000 ) ) ;
#1181 = VECTOR ( 'NONE', #1180, 1000.000000000000000 ) ;
#1182 = CARTESIAN_POINT ( 'NONE',  ( 18.25023529411764400, 0.0000000000000000000, 1.000000000000000400 ) ) ;
#1183 = DIRECTION ( 'NONE',  ( 0.0000000000000000000, 0.0000000000000000000, -1.000000000000000000 ) ) ;
#1184 = DIRECTION ( 'NONE',  ( 0.0000000000000000000, -1.000000000000000000, 0.0000000000000000000 ) ) ;
#1185 = CARTESIAN_POINT ( 'NONE',  ( 1.898139848424684800E-015, 0.0000000000000000000, 5.599999999999999600 ) ) ;
#1186 = AXIS2_PLACEMENT_3D ( 'NONE', #1185, #1184, #1183 ) ;
#1187 = PLANE ( 'NONE',  #1186 ) ;
#1188 = LINE ( 'NONE', #1182, #1181 ) ;
#1189 = FACE_OUTER_BOUND ( 'NONE', #2110, .T. ) ;
#1190 = FACE_BOUND ( 'NONE', #2112, .T. ) ;
#1191 = DIRECTION ( 'NONE',  ( 0.0000000000000000000, 0.0000000000000000000, -1.000000000000000000 ) ) ;
#1192 = VECTOR ( 'NONE', #1191, 1000.000000000000000 ) ;
#1193 = CARTESIAN_POINT ( 'NONE',  ( 16.35000000000000100, 1.899999999999999900, -1.058300524425838800 ) ) ;
#1194 = LINE ( 'NONE', #1193, #1192 ) ;
#1195 = CARTESIAN_POINT ( 'NONE',  ( 12.73062527150308500, 0.0000000000000000000, 2.600235294117638800 ) ) ;
#1196 = DIRECTION ( 'NONE',  ( 1.000000000000000000, 0.0000000000000000000, 1.745951540621401100E-015 ) ) ;
#1197 = VECTOR ( 'NONE', #1196, 1000.000000000000000 ) ;
#1198 = CARTESIAN_POINT ( 'NONE',  ( 17.45007842880959400, 0.0000000000000000000, 2.600235294117647200 ) ) ;
#1199 = LINE ( 'NONE', #1198, #1197 ) ;
#1200 = CARTESIAN_POINT ( 'NONE',  ( 18.25023529411764400, 0.0000000000000000000, 1.000000000000000000 ) ) ;
#1201 = CARTESIAN_POINT ( 'NONE',  ( 12.73062527150310600, 0.0000000000000000000, -2.600235294117654300 ) ) ;
#1202 = DIRECTION ( 'NONE',  ( 0.0000000000000000000, 1.000000000000000000, 0.0000000000000000000 ) ) ;
#1203 = VECTOR ( 'NONE', #1202, 1000.000000000000000 ) ;
#1204 = CARTESIAN_POINT ( 'NONE',  ( 16.35000000000000100, 1.300000000000000000, -1.058300524425838800 ) ) ;
#1205 = LINE ( 'NONE', #1204, #1203 ) ;
#1206 = DIRECTION ( 'NONE',  ( -1.000000000000000000, 0.0000000000000000000, 0.0000000000000000000 ) ) ;
#1207 = VECTOR ( 'NONE', #1206, 1000.000000000000000 ) ;
#1208 = CARTESIAN_POINT ( 'NONE',  ( 17.45007842880961500, 0.0000000000000000000, -2.600235294117647200 ) ) ;
#1209 = LINE ( 'NONE', #1208, #1207 ) ;
#1210 = CARTESIAN_POINT ( 'NONE',  ( 12.45000000000000100, 1.899999999999999900, -1.058300524425837200 ) ) ;
#1211 = DIRECTION ( 'NONE',  ( 0.0000000000000000000, 0.0000000000000000000, 1.000000000000000000 ) ) ;
#1212 = DIRECTION ( 'NONE',  ( 0.0000000000000000000, 1.000000000000000000, 0.0000000000000000000 ) ) ;
#1213 = CARTESIAN_POINT ( 'NONE',  ( 16.04999999999999700, 1.700000000000000000, 0.0000000000000000000 ) ) ;
#1214 = AXIS2_PLACEMENT_3D ( 'NONE', #1213, #1212, #1211 ) ;
#1215 = CIRCLE ( 'NONE', #1214, 1.100000000000001000 ) ;
#1216 = CARTESIAN_POINT ( 'NONE',  ( 10.25825117094981200, 0.0000000000000000000, 3.800235294117619000 ) ) ;
#1217 = DIRECTION ( 'NONE',  ( 0.0000000000000000000, 0.0000000000000000000, -1.000000000000000000 ) ) ;
#1218 = VECTOR ( 'NONE', #1217, 1000.000000000000000 ) ;
#1219 = CARTESIAN_POINT ( 'NONE',  ( 12.45000000000000100, 1.899999999999999900, -1.058300524425837200 ) ) ;
#1220 = LINE ( 'NONE', #1219, #1218 ) ;
#1221 = DIRECTION ( 'NONE',  ( 0.0000000000000000000, 0.0000000000000000000, 1.000000000000000000 ) ) ;
#1222 = DIRECTION ( 'NONE',  ( 0.0000000000000000000, 1.000000000000000000, 0.0000000000000000000 ) ) ;
#1223 = CARTESIAN_POINT ( 'NONE',  ( 12.15000000000000000, 1.899999999999999900, 0.0000000000000000000 ) ) ;
#1224 = AXIS2_PLACEMENT_3D ( 'NONE', #1223, #1222, #1221 ) ;
#1225 = PLANE ( 'NONE',  #1224 ) ;
#1226 = FACE_OUTER_BOUND ( 'NONE', #2127, .T. ) ;
#1227 = DIRECTION ( 'NONE',  ( 0.0000000000000000000, 0.0000000000000000000, 1.000000000000000000 ) ) ;
#1228 = DIRECTION ( 'NONE',  ( 0.0000000000000000000, 1.000000000000000000, 0.0000000000000000000 ) ) ;
#1229 = CARTESIAN_POINT ( 'NONE',  ( 12.15000000000000000, 1.700000000000000000, 0.0000000000000000000 ) ) ;
#1230 = AXIS2_PLACEMENT_3D ( 'NONE', #1229, #1228, #1227 ) ;
#1231 = CIRCLE ( 'NONE', #1230, 1.100000000000001000 ) ;
#1232 = DIRECTION ( 'NONE',  ( 0.0000000000000000000, 0.0000000000000000000, 1.000000000000000000 ) ) ;
#1233 = DIRECTION ( 'NONE',  ( 0.0000000000000000000, 1.000000000000000000, 0.0000000000000000000 ) ) ;
#1234 = CARTESIAN_POINT ( 'NONE',  ( 12.73062527150307400, 1.700000000000000000, 5.599999999999994300 ) ) ;
#1235 = AXIS2_PLACEMENT_3D ( 'NONE', #1234, #1233, #1232 ) ;
#1236 = CONICAL_SURFACE ( 'NONE', #1235, 3.399764705882351900, 0.2310906671958929400 ) ;
#1237 = FACE_OUTER_BOUND ( 'NONE', #2154, .T. ) ;
#1238 = DIRECTION ( 'NONE',  ( 0.0000000000000000000, 0.0000000000000000000, 1.000000000000000000 ) ) ;
#1239 = DIRECTION ( 'NONE',  ( 0.0000000000000000000, 1.000000000000000000, 0.0000000000000000000 ) ) ;
#1240 = CARTESIAN_POINT ( 'NONE',  ( 8.049999999999997200, 0.0000000000000000000, 2.149999999999964400 ) ) ;
#1241 = AXIS2_PLACEMENT_3D ( 'NONE', #1240, #1239, #1238 ) ;
#1242 = CIRCLE ( 'NONE', #1241, 1.800235294117680700 ) ;
#1243 = DIRECTION ( 'NONE',  ( 0.0000000000000000000, 0.0000000000000000000, 1.000000000000000000 ) ) ;
#1244 = DIRECTION ( 'NONE',  ( 0.0000000000000000000, -1.000000000000000000, 0.0000000000000000000 ) ) ;
#1245 = AXIS2_PLACEMENT_3D ( 'NONE', #1253, #1244, #1243 ) ;
#1246 = CIRCLE ( 'NONE', #1245, 2.999764705882360000 ) ;
#1247 = CARTESIAN_POINT ( 'NONE',  ( 12.04184554956022300, 0.0000000000000000000, -2.680381739799247800 ) ) ;
#1248 = CARTESIAN_POINT ( 'NONE',  ( 11.69503382184317000, 0.0000000000000000000, -2.761323622472375400 ) ) ;
#1249 = CARTESIAN_POINT ( 'NONE',  ( 11.36746548635989600, 0.0000000000000000000, -2.898780281752533200 ) ) ;
#1250 = CARTESIAN_POINT ( 'NONE',  ( 10.75069158136070200, 0.0000000000000000000, -3.286198251698009700 ) ) ;
#1251 = CARTESIAN_POINT ( 'NONE',  ( 10.48251323559186300, 0.0000000000000000000, -3.522919339952403500 ) ) ;
#1252 = CARTESIAN_POINT ( 'NONE',  ( 10.25839176650546700, 0.0000000000000000000, -3.800235294117678000 ) ) ;
#1253 = CARTESIAN_POINT ( 'NONE',  ( 12.73062527150311500, 0.0000000000000000000, -5.600000000000014700 ) ) ;
#1254 = B_SPLINE_CURVE_WITH_KNOTS ( 'NONE', 3,
 ( #1252, #1251, #1250, #1249, #1248, #1247 ),
 .UNSPECIFIED., .F., .F.,
 ( 4, 2, 4 ),
 ( 0.0000000000000000000, 0.5000000000000000000, 1.000000000000000000 ),
 .UNSPECIFIED. ) ;
#1255 = CARTESIAN_POINT ( 'NONE',  ( 12.04184554956022300, 0.0000000000000000000, -2.680381739799247800 ) ) ;
#1256 = DIRECTION ( 'NONE',  ( 0.0000000000000000000, 1.000000000000000000, 0.0000000000000000000 ) ) ;
#1257 = VECTOR ( 'NONE', #1256, 1000.000000000000000 ) ;
#1258 = CARTESIAN_POINT ( 'NONE',  ( 12.45000000000000100, 1.300000000000000000, 1.058300524425837200 ) ) ;
#1259 = LINE ( 'NONE', #1258, #1257 ) ;
#1260 = CARTESIAN_POINT ( 'NONE',  ( 10.11327697251455900, 1.592452074421002500, -3.008630306375217800 ) ) ;
#1261 = CARTESIAN_POINT ( 'NONE',  ( 9.555561528853184300, 1.493718295220188200, -3.800235294117678900 ) ) ;
#1262 = CARTESIAN_POINT ( 'NONE',  ( 12.15746289374963300, -0.0006979968982011655600, -2.655501200647999200 ) ) ;
#1263 = CARTESIAN_POINT ( 'NONE',  ( 11.34521708699554000, 0.01134605615424957300, -2.810577400677107400 ) ) ;
#1264 = CARTESIAN_POINT ( 'NONE',  ( 10.61801154983344000, -0.09448853461585388100, -3.313518428678637200 ) ) ;
#1265 = CARTESIAN_POINT ( 'NONE',  ( 10.18566890351962200, -0.1812332120565693900, -4.011986972434514500 ) ) ;
#1266 = B_SPLINE_SURFACE_WITH_KNOTS ( 'NONE', 1, 3, ( 
 ( #1265, #1264, #1263, #1262 ),
 ( #1261, #1260, #1309, #1308 ) ),
 .UNSPECIFIED., .F., .F., .F.,
 ( 2, 2 ),
 ( 4, 4 ),
 ( 0.0000000000000000000, 1.000000000000000000 ),
 ( 0.004391995747677393200, 0.007173164388519363500 ),
 .UNSPECIFIED. ) ;
#1267 = FACE_OUTER_BOUND ( 'NONE', #1510, .T. ) ;
#1268 = FACE_OUTER_BOUND ( 'NONE', #2162, .T. ) ;
#1269 = DIRECTION ( 'NONE',  ( -9.932997728394721200E-016, -0.9734171683335769400, 0.2290393337255433000 ) ) ;
#1270 = VECTOR ( 'NONE', #1269, 1000.000000000000000 ) ;
#1271 = CARTESIAN_POINT ( 'NONE',  ( 12.73062527150308700, 1.700000000000000000, 2.200235294117641500 ) ) ;
#1272 = CARTESIAN_POINT ( 'NONE',  ( 17.45007842880959400, 0.0000000000000000000, 2.600235294117646300 ) ) ;
#1273 = CARTESIAN_POINT ( 'NONE',  ( 17.40562023025772100, 0.5668790788244497700, 2.466851981453068300 ) ) ;
#1274 = CARTESIAN_POINT ( 'NONE',  ( 17.35875770296813800, 1.133589494770164100, 2.333508354171725900 ) ) ;
#1275 = CARTESIAN_POINT ( 'NONE',  ( 17.30838945350664900, 1.700000000000000000, 2.200235294117648600 ) ) ;
#1276 = LINE ( 'NONE', #1271, #1270 ) ;
#1277 = B_SPLINE_CURVE_WITH_KNOTS ( 'NONE', 3,
 ( #1275, #1274, #1273, #1272 ),
 .UNSPECIFIED., .F., .F.,
 ( 4, 4 ),
 ( 0.0000000000000000000, 0.001752163167551011900 ),
 .UNSPECIFIED. ) ;
#1278 = DIRECTION ( 'NONE',  ( 0.0000000000000000000, 0.0000000000000000000, -1.000000000000000000 ) ) ;
#1279 = DIRECTION ( 'NONE',  ( 0.0000000000000000000, -1.000000000000000000, 0.0000000000000000000 ) ) ;
#1280 = CARTESIAN_POINT ( 'NONE',  ( 16.25000000000000000, 1.700000000000000000, -1.000000000000007800 ) ) ;
#1281 = AXIS2_PLACEMENT_3D ( 'NONE', #1280, #1279, #1278 ) ;
#1282 = FACE_OUTER_BOUND ( 'NONE', #2106, .T. ) ;
#1283 = CONICAL_SURFACE ( 'NONE', #1281, 1.600235294117648800, 0.2310906671958925200 ) ;
#1284 = FACE_OUTER_BOUND ( 'NONE', #2148, .T. ) ;
#1285 = DIRECTION ( 'NONE',  ( 0.2290393337255433000, -0.9734171683335769400, 1.614112130864142200E-015 ) ) ;
#1286 = VECTOR ( 'NONE', #1285, 1000.000000000000000 ) ;
#1287 = CARTESIAN_POINT ( 'NONE',  ( 17.85023529411764500, 1.700000000000000000, -0.9999999999999967800 ) ) ;
#1288 = CARTESIAN_POINT ( 'NONE',  ( 9.478511353871454000, 1.480121330092043300, 3.913563222935554800 ) ) ;
#1289 = CARTESIAN_POINT ( 'NONE',  ( 9.999246055896811900, 1.575246715755527900, 3.104759829403794600 ) ) ;
#1290 = CARTESIAN_POINT ( 'NONE',  ( 10.91400000693601800, 1.702367435116070900, 2.501726570873067600 ) ) ;
#1291 = CARTESIAN_POINT ( 'NONE',  ( 11.94999999999944000, 1.700000000000000000, 2.291069018421001400 ) ) ;
#1292 = CARTESIAN_POINT ( 'NONE',  ( 10.12593938207790800, -0.1931791171334393800, 4.111981281002518300 ) ) ;
#1293 = CARTESIAN_POINT ( 'NONE',  ( 10.52961444910326200, -0.1096046711576638300, 3.398337813348257400 ) ) ;
#1294 = CARTESIAN_POINT ( 'NONE',  ( 11.23873439263928200, 0.002079960851956832000, 2.866254554090989600 ) ) ;
#1295 = CARTESIAN_POINT ( 'NONE',  ( 12.04184462326451300, -2.103352214621878600E-014, 2.680381958325789100 ) ) ;
#1296 = CARTESIAN_POINT ( 'NONE',  ( 10.13241366235997300, -0.2099121216056942000, 4.113965461583187100 ) ) ;
#1297 = CARTESIAN_POINT ( 'NONE',  ( 10.53491813303532400, -0.1264531850267957600, 3.401273593187701800 ) ) ;
#1298 = CARTESIAN_POINT ( 'NONE',  ( 11.24198173649631500, -0.01492291389068431000, 2.869899833923168900 ) ) ;
#1299 = CARTESIAN_POINT ( 'NONE',  ( 12.04276306949716300, -0.01700000000002124500, 2.684275087724837100 ) ) ;
#1300 = DIRECTION ( 'NONE',  ( -0.2290393337255433000, 0.9734171683335769400, 0.0000000000000000000 ) ) ;
#1301 = DIRECTION ( 'NONE',  ( 0.9734171683335769400, 0.2290393337255433000, 0.0000000000000000000 ) ) ;
#1302 = LINE ( 'NONE', #1287, #1286 ) ;
#1303 = B_SPLINE_SURFACE_WITH_KNOTS ( 'NONE', 1, 3, ( 
 ( #1299, #1298, #1297, #1296 ),
 ( #1295, #1294, #1293, #1292 ),
 ( #1291, #1290, #1289, #1288 ) ),
 .UNSPECIFIED., .F., .F., .F.,
 ( 2, 1, 2 ),
 ( 4, 4 ),
 ( -0.01000000000000000000, 0.0000000000000000000, 1.000000000000000000 ),
 ( 0.004524432349622191500, 0.007305600990463616300 ),
 .UNSPECIFIED. ) ;
#1304 = AXIS2_PLACEMENT_3D ( 'NONE', #1306, #1301, #1300 ) ;
#1305 = PLANE ( 'NONE',  #1304 ) ;
#1306 = CARTESIAN_POINT ( 'NONE',  ( 17.85023529411764500, 1.700000000000000000, -2.150000000000033700 ) ) ;
#1307 = FACE_OUTER_BOUND ( 'NONE', #2241, .T. ) ;
#1308 = CARTESIAN_POINT ( 'NONE',  ( 12.09914581193528700, 1.699205531985811300, -2.262870566174832700 ) ) ;
#1309 = CARTESIAN_POINT ( 'NONE',  ( 11.05136106449416300, 1.712914210256892400, -2.438625214713588700 ) ) ;
#1310 = DIRECTION ( 'NONE',  ( 0.0000000000000000000, 0.0000000000000000000, -1.000000000000000000 ) ) ;
#1311 = DIRECTION ( 'NONE',  ( 0.0000000000000000000, -1.000000000000000000, 0.0000000000000000000 ) ) ;
#1312 = CARTESIAN_POINT ( 'NONE',  ( 7.583555374952887000, 0.0000000000000000000, 2.800235294117619000 ) ) ;
#1313 = AXIS2_PLACEMENT_3D ( 'NONE', #1312, #1311, #1310 ) ;
#1314 = CIRCLE ( 'NONE', #1313, 1.000000000000000000 ) ;
#1315 = CARTESIAN_POINT ( 'NONE',  ( 7.583555374952887000, 0.0000000000000000000, 3.800235294117619000 ) ) ;
#1316 = DIRECTION ( 'NONE',  ( 1.000000000000000000, 0.0000000000000000000, 0.0000000000000000000 ) ) ;
#1317 = VECTOR ( 'NONE', #1316, 1000.000000000000000 ) ;
#1318 = CARTESIAN_POINT ( 'NONE',  ( 7.330576210960907200, 0.0000000000000000000, 3.800235294117619000 ) ) ;
#1319 = LINE ( 'NONE', #1318, #1317 ) ;
#1320 = CARTESIAN_POINT ( 'NONE',  ( 10.25839176650546700, 0.0000000000000000000, -3.800235294117678000 ) ) ;
#1321 = DIRECTION ( 'NONE',  ( -1.000000000000000000, 0.0000000000000000000, 0.0000000000000000000 ) ) ;
#1322 = VECTOR ( 'NONE', #1321, 1000.000000000000000 ) ;
#1323 = CARTESIAN_POINT ( 'NONE',  ( 7.330576210960914300, 0.0000000000000000000, -3.800235294117678000 ) ) ;
#1324 = LINE ( 'NONE', #1323, #1322 ) ;
#1325 = DIRECTION ( 'NONE',  ( 0.0000000000000000000, 0.0000000000000000000, -1.000000000000000000 ) ) ;
#1326 = DIRECTION ( 'NONE',  ( 0.0000000000000000000, -1.000000000000000000, 0.0000000000000000000 ) ) ;
#1327 = AXIS2_PLACEMENT_3D ( 'NONE', #1333, #1326, #1325 ) ;
#1328 = CIRCLE ( 'NONE', #1327, 1.000000000000000000 ) ;
#1329 = DIRECTION ( 'NONE',  ( 0.0000000000000000000, 0.0000000000000000000, -1.000000000000000000 ) ) ;
#1330 = DIRECTION ( 'NONE',  ( 0.0000000000000000000, -1.000000000000000000, 0.0000000000000000000 ) ) ;
#1331 = AXIS2_PLACEMENT_3D ( 'NONE', #1334, #1330, #1329 ) ;
#1332 = CYLINDRICAL_SURFACE ( 'NONE', #1331, 1.100000000000001000 ) ;
#1333 = CARTESIAN_POINT ( 'NONE',  ( 7.583555374952913700, 0.0000000000000000000, -2.800235294117678000 ) ) ;
#1334 = CARTESIAN_POINT ( 'NONE',  ( 12.15000000000000000, 1.899999999999999900, 0.0000000000000000000 ) ) ;
#1335 = DIRECTION ( 'NONE',  ( 0.0000000000000000000, 0.0000000000000000000, 1.000000000000000000 ) ) ;
#1336 = DIRECTION ( 'NONE',  ( 0.0000000000000000000, 1.000000000000000000, 0.0000000000000000000 ) ) ;
#1337 = CARTESIAN_POINT ( 'NONE',  ( 16.04999999999999700, 1.899999999999999900, 0.0000000000000000000 ) ) ;
#1338 = AXIS2_PLACEMENT_3D ( 'NONE', #1337, #1336, #1335 ) ;
#1339 = PLANE ( 'NONE',  #1338 ) ;
#1340 = FACE_OUTER_BOUND ( 'NONE', #2176, .T. ) ;
#1341 = CARTESIAN_POINT ( 'NONE',  ( 10.48215088871375200, 0.0000000000000000000, 3.523684997462672700 ) ) ;
#1342 = CARTESIAN_POINT ( 'NONE',  ( 10.74835975163305900, 0.0000000000000000000, 3.288236699527665100 ) ) ;
#1343 = CARTESIAN_POINT ( 'NONE',  ( 11.36539576778241500, 0.0000000000000000000, 2.899544101097521100 ) ) ;
#1344 = CARTESIAN_POINT ( 'NONE',  ( 11.69506893559760400, 0.0000000000000000000, 2.760856987164988800 ) ) ;
#1345 = CARTESIAN_POINT ( 'NONE',  ( 12.04184462326451300, 0.0000000000000000000, 2.680381958325789100 ) ) ;
#1346 = B_SPLINE_CURVE_WITH_KNOTS ( 'NONE', 3,
 ( #1345, #1344, #1343, #1342, #1341, #1397 ),
 .UNSPECIFIED., .F., .F.,
 ( 4, 2, 4 ),
 ( 0.0000000000000000000, 0.5000000000000000000, 1.000000000000000000 ),
 .UNSPECIFIED. ) ;
#1347 = FACE_OUTER_BOUND ( 'NONE', #2202, .T. ) ;
#1348 = CARTESIAN_POINT ( 'NONE',  ( 12.04184462326451300, 0.0000000000000000000, 2.680381958325789100 ) ) ;
#1349 = DIRECTION ( 'NONE',  ( 0.0000000000000000000, 0.0000000000000000000, 1.000000000000000000 ) ) ;
#1350 = DIRECTION ( 'NONE',  ( 0.0000000000000000000, -1.000000000000000000, 0.0000000000000000000 ) ) ;
#1351 = CARTESIAN_POINT ( 'NONE',  ( 12.73062527150307400, 0.0000000000000000000, 5.599999999999994300 ) ) ;
#1352 = AXIS2_PLACEMENT_3D ( 'NONE', #1351, #1350, #1349 ) ;
#1353 = CIRCLE ( 'NONE', #1352, 2.999764705882354700 ) ;
#1354 = CARTESIAN_POINT ( 'NONE',  ( 16.35000000000000100, 1.700000000000000000, -1.058300524425838800 ) ) ;
#1355 = CARTESIAN_POINT ( 'NONE',  ( 7.583555374952913700, 0.0000000000000000000, -3.800235294117678000 ) ) ;
#1356 = CARTESIAN_POINT ( 'NONE',  ( 7.000671030216038200, 0.0000000000000000000, -3.612790424961526400 ) ) ;
#1357 = DIRECTION ( 'NONE',  ( 0.0000000000000000000, 0.0000000000000000000, 1.000000000000000000 ) ) ;
#1358 = DIRECTION ( 'NONE',  ( 0.0000000000000000000, 1.000000000000000000, 0.0000000000000000000 ) ) ;
#1359 = CARTESIAN_POINT ( 'NONE',  ( 8.050000000000009600, 0.0000000000000000000, -2.150000000000033700 ) ) ;
#1360 = AXIS2_PLACEMENT_3D ( 'NONE', #1359, #1358, #1357 ) ;
#1361 = CIRCLE ( 'NONE', #1360, 1.800235294117664900 ) ;
#1362 = CARTESIAN_POINT ( 'NONE',  ( 6.250000000000002700, 0.0000000000000000000, -2.179105226109578900 ) ) ;
#1363 = DIRECTION ( 'NONE',  ( 0.0000000000000000000, 0.0000000000000000000, 1.000000000000000000 ) ) ;
#1364 = VECTOR ( 'NONE', #1363, 1000.000000000000000 ) ;
#1365 = CARTESIAN_POINT ( 'NONE',  ( 6.250000000000001800, 0.0000000000000000000, -3.850000000000000100 ) ) ;
#1366 = LINE ( 'NONE', #1365, #1364 ) ;
#1367 = CARTESIAN_POINT ( 'NONE',  ( 7.000671030216006200, 0.0000000000000000000, 3.612790424961462900 ) ) ;
#1368 = VECTOR ( 'NONE', #1421, 1000.000000000000100 ) ;
#1369 = CARTESIAN_POINT ( 'NONE',  ( 12.73062527150310400, 1.700000000000000000, -2.200235294117647700 ) ) ;
#1370 = DIRECTION ( 'NONE',  ( 0.0000000000000000000, 0.0000000000000000000, -1.000000000000000000 ) ) ;
#1371 = DIRECTION ( 'NONE',  ( 0.0000000000000000000, -1.000000000000000000, 0.0000000000000000000 ) ) ;
#1372 = CARTESIAN_POINT ( 'NONE',  ( 16.24999999999999300, 1.700000000000000000, 0.9999999999999940000 ) ) ;
#1373 = AXIS2_PLACEMENT_3D ( 'NONE', #1372, #1371, #1370 ) ;
#1374 = LINE ( 'NONE', #1369, #1368 ) ;
#1375 = CONICAL_SURFACE ( 'NONE', #1373, 1.600235294117652300, 0.2310906671958934700 ) ;
#1376 = DIRECTION ( 'NONE',  ( 0.0000000000000000000, 0.0000000000000000000, -1.000000000000000000 ) ) ;
#1377 = DIRECTION ( 'NONE',  ( 0.0000000000000000000, -1.000000000000000000, 0.0000000000000000000 ) ) ;
#1378 = AXIS2_PLACEMENT_3D ( 'NONE', #1384, #1377, #1376 ) ;
#1379 = FACE_OUTER_BOUND ( 'NONE', #2158, .T. ) ;
#1380 = CARTESIAN_POINT ( 'NONE',  ( 12.04184554956022300, 0.0000000000000000000, -2.680381739799247800 ) ) ;
#1381 = CARTESIAN_POINT ( 'NONE',  ( 11.94996285222692700, 1.700134202295584100, -2.290705806380790100 ) ) ;
#1382 = FACE_OUTER_BOUND ( 'NONE', #2218, .T. ) ;
#1383 = B_SPLINE_CURVE_WITH_KNOTS ( 'NONE', 1,
 ( #1381, #1380 ),
 .UNSPECIFIED., .F., .F.,
 ( 2, 2 ),
 ( 0.0000000000000000000, 1.000000000000000000 ),
 .UNSPECIFIED. ) ;
#1384 = CARTESIAN_POINT ( 'NONE',  ( 7.583555374952887000, 1.700000000000000000, 2.800235294117619000 ) ) ;
#1385 = CYLINDRICAL_SURFACE ( 'NONE', #1378, 1.000000000000000000 ) ;
#1386 = DIRECTION ( 'NONE',  ( 0.0000000000000000000, 0.0000000000000000000, 1.000000000000000000 ) ) ;
#1387 = DIRECTION ( 'NONE',  ( 0.0000000000000000000, 1.000000000000000000, 0.0000000000000000000 ) ) ;
#1388 = AXIS2_PLACEMENT_3D ( 'NONE', #1390, #1387, #1386 ) ;
#1389 = CONICAL_SURFACE ( 'NONE', #1388, 3.399764705882359500, 0.2310906671958939100 ) ;
#1390 = CARTESIAN_POINT ( 'NONE',  ( 12.73062527150311500, 1.700000000000000000, -5.600000000000014700 ) ) ;
#1391 = DIRECTION ( 'NONE',  ( 0.0000000000000000000, -0.9734171683335769400, 0.2290393337255433600 ) ) ;
#1392 = DIRECTION ( 'NONE',  ( -1.699539204719330700E-015, 0.2290393337255433600, 0.9734171683335769400 ) ) ;
#1393 = CARTESIAN_POINT ( 'NONE',  ( 8.050000000000002500, 1.700000000000000000, 2.200235294117633100 ) ) ;
#1394 = AXIS2_PLACEMENT_3D ( 'NONE', #1393, #1392, #1391 ) ;
#1395 = PLANE ( 'NONE',  #1394 ) ;
#1396 = FACE_OUTER_BOUND ( 'NONE', #2205, .T. ) ;
#1397 = CARTESIAN_POINT ( 'NONE',  ( 10.25825117094981200, 0.0000000000000000000, 3.800235294117619000 ) ) ;
#1398 =( NAMED_UNIT ( * ) PLANE_ANGLE_UNIT ( ) SI_UNIT ( $, .RADIAN. ) );
#1399 =( LENGTH_UNIT ( ) NAMED_UNIT ( * ) SI_UNIT ( .MILLI., .METRE. ) );
#1400 = DIRECTION ( 'NONE',  ( 0.2290393337255433000, -0.9734171683335769400, 7.449748296296040400E-016 ) ) ;
#1401 = VECTOR ( 'NONE', #1400, 1000.000000000000000 ) ;
#1402 = CARTESIAN_POINT ( 'NONE',  ( 17.85023529411764500, 1.700000000000000000, 0.9999999999999991100 ) ) ;
#1403 = LINE ( 'NONE', #1402, #1401 ) ;
#1404 = DIRECTION ( 'NONE',  ( 0.0000000000000000000, 0.9734171683335767200, 0.2290393337255442500 ) ) ;
#1405 = DIRECTION ( 'NONE',  ( 0.0000000000000000000, 0.2290393337255442500, -0.9734171683335767200 ) ) ;
#1406 = CARTESIAN_POINT ( 'NONE',  ( 8.050000000000009600, 1.700000000000000000, -2.200235294117647700 ) ) ;
#1407 = AXIS2_PLACEMENT_3D ( 'NONE', #1406, #1405, #1404 ) ;
#1408 = PLANE ( 'NONE',  #1407 ) ;
#1409 = CARTESIAN_POINT ( 'NONE',  ( 12.04184462326451300, 0.0000000000000000000, 2.680381958325789100 ) ) ;
#1410 = CARTESIAN_POINT ( 'NONE',  ( 12.01122974884281500, 0.5666666666666526600, 2.550610978357534400 ) ) ;
#1411 = CARTESIAN_POINT ( 'NONE',  ( 11.98061487442114400, 1.133333333333326400, 2.420839998389272600 ) ) ;
#1412 = CARTESIAN_POINT ( 'NONE',  ( 11.94999999999999900, 1.700000000000000200, 2.291069018421015200 ) ) ;
#1413 = FACE_OUTER_BOUND ( 'NONE', #1509, .T. ) ;
#1414 = B_SPLINE_CURVE_WITH_KNOTS ( 'NONE', 3,
 ( #1412, #1411, #1410, #1409 ),
 .UNSPECIFIED., .F., .F.,
 ( 4, 4 ),
 ( 0.0000000000000000000, 1.000000000000000000 ),
 .UNSPECIFIED. ) ;
#1415 = DIRECTION ( 'NONE',  ( 0.0000000000000000000, 0.0000000000000000000, -1.000000000000000000 ) ) ;
#1416 = DIRECTION ( 'NONE',  ( 0.0000000000000000000, -1.000000000000000000, 0.0000000000000000000 ) ) ;
#1417 = CARTESIAN_POINT ( 'NONE',  ( 7.583555374952913700, 1.700000000000000000, -2.800235294117678000 ) ) ;
#1418 = AXIS2_PLACEMENT_3D ( 'NONE', #1417, #1416, #1415 ) ;
#1419 = CYLINDRICAL_SURFACE ( 'NONE', #1418, 1.000000000000000000 ) ;
#1420 = FACE_OUTER_BOUND ( 'NONE', #2229, .T. ) ;
#1421 = DIRECTION ( 'NONE',  ( 9.932997728394719200E-016, -0.9734171683335767200, -0.2290393337255442500 ) ) ;
#1422 = DIRECTION ( 'NONE',  ( 1.000000000000000000, 0.0000000000000000000, 0.0000000000000000000 ) ) ;
#1423 = DIRECTION ( 'NONE',  ( 0.0000000000000000000, 0.0000000000000000000, 1.000000000000000000 ) ) ;
#1424 = CARTESIAN_POINT ( 'NONE',  ( 0.0000000000000000000, 0.0000000000000000000, 0.0000000000000000000 ) ) ;
#1425 = AXIS2_PLACEMENT_3D ( 'NONE', #1424, #1423, #1422 ) ;
#1426 = SHAPE_DEFINITION_REPRESENTATION ( #1500, #1427 ) ;
#1427 = ADVANCED_BREP_SHAPE_REPRESENTATION ( 'cx-421-z', ( #1654, #1425 ), #1428 ) ;
#1428 =( GEOMETRIC_REPRESENTATION_CONTEXT ( 3 ) GLOBAL_UNCERTAINTY_ASSIGNED_CONTEXT ( ( #1429 ) ) GLOBAL_UNIT_ASSIGNED_CONTEXT ( ( #1399, #1398, #1430 ) ) REPRESENTATION_CONTEXT ( 'NONE', 'WORKASPACE' ) );
#1429 = UNCERTAINTY_MEASURE_WITH_UNIT (LENGTH_MEASURE( 1.000000000000000100E-005 ), #1399, 'distance_accuracy_value', 'NONE');
#1430 =( NAMED_UNIT ( * ) SI_UNIT ( $, .STERADIAN. ) SOLID_ANGLE_UNIT ( ) );
#1431 = CC_DESIGN_APPROVAL ( #1439, ( #1442 ) ) ;
#1432 = APPROVAL_DATE_TIME ( #1433, #1439 ) ;
#1433 = DATE_AND_TIME ( #1434, #1435 ) ;
#1434 = CALENDAR_DATE ( 2008, 10, 9 ) ;
#1435 = LOCAL_TIME ( 9, 56, 53.00000000000000000, #1436 ) ;
#1436 = COORDINATED_UNIVERSAL_TIME_OFFSET ( 9, 0, .AHEAD. ) ;
#1437 = APPROVAL_PERSON_ORGANIZATION ( #1441, #1439, #1438 ) ;
#1438 = APPROVAL_ROLE ( '' ) ;
#1439 = APPROVAL ( #1440, 'UNSPECIFIED' ) ;
#1440 = APPROVAL_STATUS ( 'not_yet_approved' ) ;
#1441 = PERSON_AND_ORGANIZATION ( #1450, #1449 ) ;
#1442 = PRODUCT_DEFINITION ( 'UNKNOWN', '', #1490, #1443 ) ;
#1443 = DESIGN_CONTEXT ( 'detailed design', #1445, 'design' ) ;
#1444 = APPLICATION_PROTOCOL_DEFINITION ( 'international standard', 'config_control_design', 1994, #1445 ) ;
#1445 = APPLICATION_CONTEXT ( 'configuration controlled 3d designs of mechanical parts and assemblies' ) ;
#1446 = CC_DESIGN_PERSON_AND_ORGANIZATION_ASSIGNMENT ( #1448, #1447, ( #1451 ) ) ;
#1447 = PERSON_AND_ORGANIZATION_ROLE ( 'design_owner' ) ;
#1448 = PERSON_AND_ORGANIZATION ( #1450, #1449 ) ;
#1449 = ORGANIZATION ( 'UNSPECIFIED', 'UNSPECIFIED', '' ) ;
#1450 = PERSON ( 'UNSPECIFIED', 'UNSPECIFIED', 'UNSPECIFIED', ('UNSPECIFIED'), ('UNSPECIFIED'), ('UNSPECIFIED') ) ;
#1451 = PRODUCT ( 'cx-421-z', 'cx-421-z', '', ( #1452 ) ) ;
#1452 = MECHANICAL_CONTEXT ( 'NONE', #1454, 'mechanical' ) ;
#1453 = APPLICATION_PROTOCOL_DEFINITION ( 'international standard', 'config_control_design', 1994, #1454 ) ;
#1454 = APPLICATION_CONTEXT ( 'configuration controlled 3d designs of mechanical parts and assemblies' ) ;
#1455 = LOCAL_TIME ( 9, 56, 53.00000000000000000, #1456 ) ;
#1456 = COORDINATED_UNIVERSAL_TIME_OFFSET ( 9, 0, .AHEAD. ) ;
#1457 = APPROVAL_PERSON_ORGANIZATION ( #1461, #1459, #1458 ) ;
#1458 = APPROVAL_ROLE ( '' ) ;
#1459 = APPROVAL ( #1460, 'UNSPECIFIED' ) ;
#1460 = APPROVAL_STATUS ( 'not_yet_approved' ) ;
#1461 = PERSON_AND_ORGANIZATION ( #1450, #1449 ) ;
#1462 = CC_DESIGN_DATE_AND_TIME_ASSIGNMENT ( #1464, #1463, ( #1471 ) ) ;
#1463 = DATE_TIME_ROLE ( 'classification_date' ) ;
#1464 = DATE_AND_TIME ( #1465, #1466 ) ;
#1465 = CALENDAR_DATE ( 2008, 10, 9 ) ;
#1466 = LOCAL_TIME ( 9, 56, 53.00000000000000000, #1467 ) ;
#1467 = COORDINATED_UNIVERSAL_TIME_OFFSET ( 9, 0, .AHEAD. ) ;
#1468 = CC_DESIGN_PERSON_AND_ORGANIZATION_ASSIGNMENT ( #1470, #1469, ( #1471 ) ) ;
#1469 = PERSON_AND_ORGANIZATION_ROLE ( 'classification_officer' ) ;
#1470 = PERSON_AND_ORGANIZATION ( #1450, #1449 ) ;
#1471 = SECURITY_CLASSIFICATION ( '', '', #1472 ) ;
#1472 = SECURITY_CLASSIFICATION_LEVEL ( 'unclassified' ) ;
#1473 = CC_DESIGN_PERSON_AND_ORGANIZATION_ASSIGNMENT ( #1475, #1474, ( #1490 ) ) ;
#1474 = PERSON_AND_ORGANIZATION_ROLE ( 'design_supplier' ) ;
#1475 = PERSON_AND_ORGANIZATION ( #1450, #1449 ) ;
#1476 = CC_DESIGN_PERSON_AND_ORGANIZATION_ASSIGNMENT ( #1478, #1477, ( #1490 ) ) ;
#1477 = PERSON_AND_ORGANIZATION_ROLE ( 'creator' ) ;
#1478 = PERSON_AND_ORGANIZATION ( #1450, #1449 ) ;
#1479 = CC_DESIGN_APPROVAL ( #1487, ( #1490 ) ) ;
#1480 = APPROVAL_DATE_TIME ( #1481, #1487 ) ;
#1481 = DATE_AND_TIME ( #1482, #1483 ) ;
#1482 = CALENDAR_DATE ( 2008, 10, 9 ) ;
#1483 = LOCAL_TIME ( 9, 56, 53.00000000000000000, #1484 ) ;
#1484 = COORDINATED_UNIVERSAL_TIME_OFFSET ( 9, 0, .AHEAD. ) ;
#1485 = APPROVAL_PERSON_ORGANIZATION ( #1489, #1487, #1486 ) ;
#1486 = APPROVAL_ROLE ( '' ) ;
#1487 = APPROVAL ( #1488, 'UNSPECIFIED' ) ;
#1488 = APPROVAL_STATUS ( 'not_yet_approved' ) ;
#1489 = PERSON_AND_ORGANIZATION ( #1450, #1449 ) ;
#1490 = PRODUCT_DEFINITION_FORMATION_WITH_SPECIFIED_SOURCE ( 'ANY', '', #1451, .NOT_KNOWN. ) ;
#1491 = CC_DESIGN_DATE_AND_TIME_ASSIGNMENT ( #1493, #1492, ( #1442 ) ) ;
#1492 = DATE_TIME_ROLE ( 'creation_date' ) ;
#1493 = DATE_AND_TIME ( #1494, #1495 ) ;
#1494 = CALENDAR_DATE ( 2008, 10, 9 ) ;
#1495 = LOCAL_TIME ( 9, 56, 53.00000000000000000, #1496 ) ;
#1496 = COORDINATED_UNIVERSAL_TIME_OFFSET ( 9, 0, .AHEAD. ) ;
#1497 = CC_DESIGN_PERSON_AND_ORGANIZATION_ASSIGNMENT ( #1499, #1498, ( #1442 ) ) ;
#1498 = PERSON_AND_ORGANIZATION_ROLE ( 'creator' ) ;
#1499 = PERSON_AND_ORGANIZATION ( #1450, #1449 ) ;
#1500 = PRODUCT_DEFINITION_SHAPE ( 'NONE', 'NONE',  #1442 ) ;
#1501 = PRODUCT_RELATED_PRODUCT_CATEGORY ( 'detail', '', ( #1451 ) ) ;
#1502 = CC_DESIGN_SECURITY_CLASSIFICATION ( #1471, ( #1490 ) ) ;
#1503 = CC_DESIGN_APPROVAL ( #1459, ( #1471 ) ) ;
#1504 = APPROVAL_DATE_TIME ( #1505, #1459 ) ;
#1505 = DATE_AND_TIME ( #1506, #1455 ) ;
#1506 = CALENDAR_DATE ( 2008, 10, 9 ) ;
#1507 = ORIENTED_EDGE ( 'NONE', *, *, #2050, .F. ) ;
#1508 = EDGE_CURVE ( 'NONE', #2046, #2121, #215, .T. ) ;
#1509 = EDGE_LOOP ( 'NONE', ( #2247, #2245, #2224, #2226 ) ) ;
#1510 = EDGE_LOOP ( 'NONE', ( #2160, #2234, #2233, #1512 ) ) ;
#1511 = ORIENTED_EDGE ( 'NONE', *, *, #1508, .F. ) ;
#1512 = ORIENTED_EDGE ( 'NONE', *, *, #1816, .F. ) ;
#1513 = ORIENTED_EDGE ( 'NONE', *, *, #2159, .F. ) ;
#1514 = EDGE_CURVE ( 'NONE', #1515, #1516, #214, .T. ) ;
#1515 = VERTEX_POINT ( 'NONE', #205 ) ;
#1516 = VERTEX_POINT ( 'NONE', #204 ) ;
#1517 = EDGE_CURVE ( 'NONE', #1640, #1572, #203, .T. ) ;
#1518 = EDGE_CURVE ( 'NONE', #1523, #1519, #199, .T. ) ;
#1519 = VERTEX_POINT ( 'NONE', #194 ) ;
#1520 = ORIENTED_EDGE ( 'NONE', *, *, #1542, .F. ) ;
#1521 = ORIENTED_EDGE ( 'NONE', *, *, #1514, .F. ) ;
#1522 = EDGE_CURVE ( 'NONE', #1535, #1523, #193, .T. ) ;
#1523 = VERTEX_POINT ( 'NONE', #189 ) ;
#1524 = ORIENTED_EDGE ( 'NONE', *, *, #1518, .T. ) ;
#1525 = VERTEX_POINT ( 'NONE', #188 ) ;
#1526 = EDGE_CURVE ( 'NONE', #1515, #1527, #187, .T. ) ;
#1527 = VERTEX_POINT ( 'NONE', #245 ) ;
#1528 = ORIENTED_EDGE ( 'NONE', *, *, #1522, .T. ) ;
#1529 = ORIENTED_EDGE ( 'NONE', *, *, #1706, .F. ) ;
#1530 = ADVANCED_FACE ( 'NONE', ( #244 ), #242, .T. ) ;
#1531 = EDGE_LOOP ( 'NONE', ( #1614, #1617, #1618, #1835 ) ) ;
#1532 = EDGE_CURVE ( 'NONE', #1609, #1596, #238, .T. ) ;
#1533 = ORIENTED_EDGE ( 'NONE', *, *, #1561, .T. ) ;
#1534 = ORIENTED_EDGE ( 'NONE', *, *, #1693, .T. ) ;
#1535 = VERTEX_POINT ( 'NONE', #234 ) ;
#1536 = VERTEX_POINT ( 'NONE', #233 ) ;
#1537 = ORIENTED_EDGE ( 'NONE', *, *, #1538, .T. ) ;
#1538 = EDGE_CURVE ( 'NONE', #1527, #1525, #232, .T. ) ;
#1539 = EDGE_LOOP ( 'NONE', ( #1540, #1528, #1524, #1554 ) ) ;
#1540 = ORIENTED_EDGE ( 'NONE', *, *, #1541, .F. ) ;
#1541 = EDGE_CURVE ( 'NONE', #1535, #1536, #227, .T. ) ;
#1542 = EDGE_CURVE ( 'NONE', #1516, #1525, #222, .T. ) ;
#1543 = ADVANCED_FACE ( 'NONE', ( #218 ), #217, .F. ) ;
#1544 = EDGE_CURVE ( 'NONE', #1548, #1545, #216, .T. ) ;
#1545 = VERTEX_POINT ( 'NONE', #270 ) ;
#1546 = ORIENTED_EDGE ( 'NONE', *, *, #1704, .T. ) ;
#1547 = EDGE_CURVE ( 'NONE', #1548, #1549, #269, .T. ) ;
#1548 = VERTEX_POINT ( 'NONE', #264 ) ;
#1549 = VERTEX_POINT ( 'NONE', #263 ) ;
#1550 = ORIENTED_EDGE ( 'NONE', *, *, #1544, .T. ) ;
#1551 = ADVANCED_FACE ( 'NONE', ( #262 ), #260, .F. ) ;
#1552 = EDGE_LOOP ( 'NONE', ( #1553, #1550, #1546, #1710 ) ) ;
#1553 = ORIENTED_EDGE ( 'NONE', *, *, #1547, .F. ) ;
#1554 = ORIENTED_EDGE ( 'NONE', *, *, #1555, .F. ) ;
#1555 = EDGE_CURVE ( 'NONE', #1536, #1519, #256, .T. ) ;
#1556 = EDGE_LOOP ( 'NONE', ( #1534, #1533 ) ) ;
#1557 = EDGE_LOOP ( 'NONE', ( #1558, #1600 ) ) ;
#1558 = ORIENTED_EDGE ( 'NONE', *, *, #1633, .F. ) ;
#1559 = ORIENTED_EDGE ( 'NONE', *, *, #1730, .F. ) ;
#1560 = ADVANCED_FACE ( 'NONE', ( #252, #251 ), #250, .T. ) ;
#1561 = EDGE_CURVE ( 'NONE', #1691, #1694, #308, .T. ) ;
#1562 = ORIENTED_EDGE ( 'NONE', *, *, #1734, .T. ) ;
#1563 = ORIENTED_EDGE ( 'NONE', *, *, #1623, .F. ) ;
#1564 = ORIENTED_EDGE ( 'NONE', *, *, #1627, .F. ) ;
#1565 = ORIENTED_EDGE ( 'NONE', *, *, #1571, .T. ) ;
#1566 = VERTEX_POINT ( 'NONE', #303 ) ;
#1567 = ORIENTED_EDGE ( 'NONE', *, *, #1526, .T. ) ;
#1568 = VERTEX_POINT ( 'NONE', #302 ) ;
#1569 = EDGE_LOOP ( 'NONE', ( #1521, #1567, #1537, #1520 ) ) ;
#1570 = ORIENTED_EDGE ( 'NONE', *, *, #1517, .F. ) ;
#1571 = EDGE_CURVE ( 'NONE', #1566, #1572, #301, .T. ) ;
#1572 = VERTEX_POINT ( 'NONE', #296 ) ;
#1573 = EDGE_LOOP ( 'NONE', ( #1574, #1575, #1588, #1725 ) ) ;
#1574 = ORIENTED_EDGE ( 'NONE', *, *, #1637, .F. ) ;
#1575 = ORIENTED_EDGE ( 'NONE', *, *, #1587, .F. ) ;
#1576 = ORIENTED_EDGE ( 'NONE', *, *, #1577, .T. ) ;
#1577 = EDGE_CURVE ( 'NONE', #1609, #1578, #295, .T. ) ;
#1578 = VERTEX_POINT ( 'NONE', #291 ) ;
#1579 = ORIENTED_EDGE ( 'NONE', *, *, #1608, .T. ) ;
#1580 = VERTEX_POINT ( 'NONE', #290 ) ;
#1581 = EDGE_CURVE ( 'NONE', #1595, #1593, #289, .T. ) ;
#1582 = ORIENTED_EDGE ( 'NONE', *, *, #1583, .T. ) ;
#1583 = EDGE_CURVE ( 'NONE', #1595, #1584, #288, .T. ) ;
#1584 = VERTEX_POINT ( 'NONE', #287 ) ;
#1585 = ORIENTED_EDGE ( 'NONE', *, *, #1586, .F. ) ;
#1586 = EDGE_CURVE ( 'NONE', #1716, #1584, #338, .T. ) ;
#1587 = EDGE_CURVE ( 'NONE', #1643, #1642, #327, .T. ) ;
#1588 = ORIENTED_EDGE ( 'NONE', *, *, #1675, .T. ) ;
#1589 = EDGE_CURVE ( 'NONE', #1580, #1667, #322, .T. ) ;
#1590 = ORIENTED_EDGE ( 'NONE', *, *, #1532, .F. ) ;
#1591 = ORIENTED_EDGE ( 'NONE', *, *, #1592, .T. ) ;
#1592 = EDGE_CURVE ( 'NONE', #1607, #1593, #318, .T. ) ;
#1593 = VERTEX_POINT ( 'NONE', #314 ) ;
#1594 = ORIENTED_EDGE ( 'NONE', *, *, #1581, .F. ) ;
#1595 = VERTEX_POINT ( 'NONE', #313 ) ;
#1596 = VERTEX_POINT ( 'NONE', #312 ) ;
#1597 = EDGE_LOOP ( 'NONE', ( #1579, #1590, #1576, #1672, #1619, #1668, #1612, #1664 ) ) ;
#1598 = VERTEX_POINT ( 'NONE', #311 ) ;
#1599 = ADVANCED_FACE ( 'NONE', ( #310 ), #372, .F. ) ;
#1600 = ORIENTED_EDGE ( 'NONE', *, *, #1734, .F. ) ;
#1601 = ADVANCED_FACE ( 'NONE', ( #373 ), #368, .T. ) ;
#1602 = ORIENTED_EDGE ( 'NONE', *, *, #30, .F. ) ;
#1603 = ADVANCED_FACE ( 'NONE', ( #362, #361 ), #367, .F. ) ;
#1604 = EDGE_LOOP ( 'NONE', ( #1605, #1591, #1594, #1582, #1585, #1529 ) ) ;
#1605 = ORIENTED_EDGE ( 'NONE', *, *, #1606, .F. ) ;
#1606 = EDGE_CURVE ( 'NONE', #1607, #1714, #356, .T. ) ;
#1607 = VERTEX_POINT ( 'NONE', #351 ) ;
#1608 = EDGE_CURVE ( 'NONE', #1598, #1596, #350, .T. ) ;
#1609 = VERTEX_POINT ( 'NONE', #346 ) ;
#1610 = EDGE_CURVE ( 'NONE', #1667, #1611, #344, .T. ) ;
#1611 = VERTEX_POINT ( 'NONE', #404 ) ;
#1612 = ORIENTED_EDGE ( 'NONE', *, *, #1669, .F. ) ;
#1613 = ADVANCED_FACE ( 'NONE', ( #403 ), #402, .T. ) ;
#1614 = ORIENTED_EDGE ( 'NONE', *, *, #1615, .T. ) ;
#1615 = EDGE_CURVE ( 'NONE', #1616, #1607, #397, .T. ) ;
#1616 = VERTEX_POINT ( 'NONE', #393 ) ;
#1617 = ORIENTED_EDGE ( 'NONE', *, *, #1606, .T. ) ;
#1618 = ORIENTED_EDGE ( 'NONE', *, *, #1800, .F. ) ;
#1619 = ORIENTED_EDGE ( 'NONE', *, *, #1589, .T. ) ;
#1620 = EDGE_LOOP ( 'NONE', ( #1638, #1635, #1565, #1570 ) ) ;
#1621 = VERTEX_POINT ( 'NONE', #392 ) ;
#1622 = ORIENTED_EDGE ( 'NONE', *, *, #1623, .T. ) ;
#1623 = EDGE_CURVE ( 'NONE', #1701, #1631, #391, .T. ) ;
#1624 = ORIENTED_EDGE ( 'NONE', *, *, #1625, .T. ) ;
#1625 = EDGE_CURVE ( 'NONE', #1699, #1626, #386, .T. ) ;
#1626 = VERTEX_POINT ( 'NONE', #382 ) ;
#1627 = EDGE_CURVE ( 'NONE', #1698, #1699, #381, .T. ) ;
#1628 = ADVANCED_FACE ( 'NONE', ( #376 ), #374, .T. ) ;
#1629 = EDGE_LOOP ( 'NONE', ( #1630, #1624, #1652, #1696 ) ) ;
#1630 = ORIENTED_EDGE ( 'NONE', *, *, #1627, .T. ) ;
#1631 = VERTEX_POINT ( 'NONE', #433 ) ;
#1632 = ORIENTED_EDGE ( 'NONE', *, *, #1633, .T. ) ;
#1633 = EDGE_CURVE ( 'NONE', #1671, #1634, #432, .T. ) ;
#1634 = VERTEX_POINT ( 'NONE', #427 ) ;
#1635 = ORIENTED_EDGE ( 'NONE', *, *, #1636, .T. ) ;
#1636 = EDGE_CURVE ( 'NONE', #1621, #1566, #426, .T. ) ;
#1637 = EDGE_CURVE ( 'NONE', #1642, #1691, #422, .T. ) ;
#1638 = ORIENTED_EDGE ( 'NONE', *, *, #1639, .F. ) ;
#1639 = EDGE_CURVE ( 'NONE', #1621, #1640, #418, .T. ) ;
#1640 = VERTEX_POINT ( 'NONE', #413 ) ;
#1641 = EDGE_CURVE ( 'NONE', #1642, #1643, #412, .T. ) ;
#1642 = VERTEX_POINT ( 'NONE', #407 ) ;
#1643 = VERTEX_POINT ( 'NONE', #406 ) ;
#1644 = ORIENTED_EDGE ( 'NONE', *, *, #1637, .T. ) ;
#1645 = EDGE_LOOP ( 'NONE', ( #1646, #1644, #1692, #1674 ) ) ;
#1646 = ORIENTED_EDGE ( 'NONE', *, *, #1641, .F. ) ;
#1647 = EDGE_CURVE ( 'NONE', #1648, #1626, #467, .T. ) ;
#1648 = VERTEX_POINT ( 'NONE', #463 ) ;
#1649 = ADVANCED_FACE ( 'NONE', ( #462 ), #459, .T. ) ;
#1650 = ADVANCED_FACE ( 'NONE', ( #455 ), #454, .T. ) ;
#1651 = EDGE_CURVE ( 'NONE', #1690, #1682, #449, .T. ) ;
#1652 = ORIENTED_EDGE ( 'NONE', *, *, #1647, .F. ) ;
#1653 = EDGE_LOOP ( 'NONE', ( #1632, #1681, #1679, #1656 ) ) ;
#1654 = MANIFOLD_SOLID_BREP ( 'NONE', #1790 ) ;
#1655 = VERTEX_POINT ( 'NONE', #445 ) ;
#1656 = ORIENTED_EDGE ( 'NONE', *, *, #1657, .F. ) ;
#1657 = EDGE_CURVE ( 'NONE', #1671, #1655, #444, .T. ) ;
#1658 = ADVANCED_FACE ( 'NONE', ( #440 ), #439, .F. ) ;
#1659 = ORIENTED_EDGE ( 'NONE', *, *, #1660, .F. ) ;
#1660 = EDGE_CURVE ( 'NONE', #1715, #1718, #497, .T. ) ;
#1661 = ADVANCED_FACE ( 'NONE', ( #493 ), #492, .T. ) ;
#1662 = EDGE_LOOP ( 'NONE', ( #1663, #1705, #1708, #1659 ) ) ;
#1663 = ORIENTED_EDGE ( 'NONE', *, *, #1713, .F. ) ;
#1664 = ORIENTED_EDGE ( 'NONE', *, *, #1665, .F. ) ;
#1665 = EDGE_CURVE ( 'NONE', #1598, #1670, #491, .T. ) ;
#1666 = ADVANCED_FACE ( 'NONE', ( #483 ), #482, .T. ) ;
#1667 = VERTEX_POINT ( 'NONE', #477 ) ;
#1668 = ORIENTED_EDGE ( 'NONE', *, *, #1610, .T. ) ;
#1669 = EDGE_CURVE ( 'NONE', #1670, #1611, #476, .T. ) ;
#1670 = VERTEX_POINT ( 'NONE', #472 ) ;
#1671 = VERTEX_POINT ( 'NONE', #471 ) ;
#1672 = ORIENTED_EDGE ( 'NONE', *, *, #1673, .T. ) ;
#1673 = EDGE_CURVE ( 'NONE', #1578, #1580, #470, .T. ) ;
#1674 = ORIENTED_EDGE ( 'NONE', *, *, #1675, .F. ) ;
#1675 = EDGE_CURVE ( 'NONE', #1643, #1694, #520, .T. ) ;
#1676 = ADVANCED_FACE ( 'NONE', ( #516 ), #515, .T. ) ;
#1677 = EDGE_CURVE ( 'NONE', #1634, #1678, #514, .T. ) ;
#1678 = VERTEX_POINT ( 'NONE', #506 ) ;
#1679 = ORIENTED_EDGE ( 'NONE', *, *, #1680, .F. ) ;
#1680 = EDGE_CURVE ( 'NONE', #1655, #1678, #504, .T. ) ;
#1681 = ORIENTED_EDGE ( 'NONE', *, *, #1677, .T. ) ;
#1682 = VERTEX_POINT ( 'NONE', #505 ) ;
#1683 = ORIENTED_EDGE ( 'NONE', *, *, #1684, .T. ) ;
#1684 = EDGE_CURVE ( 'NONE', #1682, #1701, #553, .T. ) ;
#1685 = ORIENTED_EDGE ( 'NONE', *, *, #1660, .T. ) ;
#1686 = ORIENTED_EDGE ( 'NONE', *, *, #1687, .F. ) ;
#1687 = EDGE_CURVE ( 'NONE', #1688, #1718, #549, .T. ) ;
#1688 = VERTEX_POINT ( 'NONE', #544 ) ;
#1689 = ORIENTED_EDGE ( 'NONE', *, *, #1816, .T. ) ;
#1690 = VERTEX_POINT ( 'NONE', #543 ) ;
#1691 = VERTEX_POINT ( 'NONE', #542 ) ;
#1692 = ORIENTED_EDGE ( 'NONE', *, *, #1693, .F. ) ;
#1693 = EDGE_CURVE ( 'NONE', #1694, #1691, #541, .T. ) ;
#1694 = VERTEX_POINT ( 'NONE', #536 ) ;
#1695 = EDGE_LOOP ( 'NONE', ( #1700, #1683, #1622, #1702 ) ) ;
#1696 = ORIENTED_EDGE ( 'NONE', *, *, #1697, .F. ) ;
#1697 = EDGE_CURVE ( 'NONE', #1698, #1648, #535, .T. ) ;
#1698 = VERTEX_POINT ( 'NONE', #531 ) ;
#1699 = VERTEX_POINT ( 'NONE', #530 ) ;
#1700 = ORIENTED_EDGE ( 'NONE', *, *, #1651, .T. ) ;
#1701 = VERTEX_POINT ( 'NONE', #529 ) ;
#1702 = ORIENTED_EDGE ( 'NONE', *, *, #1703, .F. ) ;
#1703 = EDGE_CURVE ( 'NONE', #1690, #1631, #528, .T. ) ;
#1704 = EDGE_CURVE ( 'NONE', #1545, #1712, #524, .T. ) ;
#1705 = ORIENTED_EDGE ( 'NONE', *, *, #1706, .T. ) ;
#1707 = ORIENTED_EDGE ( 'NONE', *, *, #1709, .F. ) ;
#1706 = EDGE_CURVE ( 'NONE', #1714, #1716, #583, .T. ) ;
#1708 = ORIENTED_EDGE ( 'NONE', *, *, #1717, .F. ) ;
#1709 = EDGE_CURVE ( 'NONE', #1516, #27, #579, .T. ) ;
#1710 = ORIENTED_EDGE ( 'NONE', *, *, #1711, .F. ) ;
#1711 = EDGE_CURVE ( 'NONE', #1549, #1712, #575, .T. ) ;
#1712 = VERTEX_POINT ( 'NONE', #571 ) ;
#1713 = EDGE_CURVE ( 'NONE', #1714, #1715, #570, .T. ) ;
#1714 = VERTEX_POINT ( 'NONE', #565 ) ;
#1715 = VERTEX_POINT ( 'NONE', #564 ) ;
#1716 = VERTEX_POINT ( 'NONE', #563 ) ;
#1717 = EDGE_CURVE ( 'NONE', #1718, #1716, #562, .T. ) ;
#1718 = VERTEX_POINT ( 'NONE', #557 ) ;
#1719 = EDGE_LOOP ( 'NONE', ( #1722, #1562, #1720, #1721 ) ) ;
#1720 = ORIENTED_EDGE ( 'NONE', *, *, #1657, .T. ) ;
#1721 = ORIENTED_EDGE ( 'NONE', *, *, #1881, .F. ) ;
#1722 = ORIENTED_EDGE ( 'NONE', *, *, #1677, .F. ) ;
#1723 = ORIENTED_EDGE ( 'NONE', *, *, #82, .T. ) ;
#1724 = ORIENTED_EDGE ( 'NONE', *, *, #85, .F. ) ;
#1725 = ORIENTED_EDGE ( 'NONE', *, *, #1561, .F. ) ;
#1726 = ADVANCED_FACE ( 'NONE', ( #556 ), #554, .T. ) ;
#1727 = EDGE_LOOP ( 'NONE', ( #1728, #1729, #1731, #1732 ) ) ;
#1728 = ORIENTED_EDGE ( 'NONE', *, *, #1625, .F. ) ;
#1729 = ORIENTED_EDGE ( 'NONE', *, *, #1730, .T. ) ;
#1730 = EDGE_CURVE ( 'NONE', #1699, #1698, #617, .T. ) ;
#1731 = ORIENTED_EDGE ( 'NONE', *, *, #1697, .T. ) ;
#1732 = ORIENTED_EDGE ( 'NONE', *, *, #1733, .F. ) ;
#1733 = EDGE_CURVE ( 'NONE', #1626, #1648, #609, .T. ) ;
#1734 = EDGE_CURVE ( 'NONE', #1634, #1671, #604, .T. ) ;
#1735 = ADVANCED_FACE ( 'NONE', ( #599 ), #598, .T. ) ;
#1736 = ADVANCED_FACE ( 'NONE', ( #597, #592 ), #591, .F. ) ;
#1737 = EDGE_LOOP ( 'NONE', ( #1738, #1563 ) ) ;
#1738 = ORIENTED_EDGE ( 'NONE', *, *, #1739, .F. ) ;
#1739 = EDGE_CURVE ( 'NONE', #1631, #1701, #1759, .T. ) ;
#1740 = EDGE_LOOP ( 'NONE', ( #1564, #1559 ) ) ;
#1741 = ADVANCED_FACE ( 'NONE', ( #650 ), #649, .F. ) ;
#1742 = EDGE_LOOP ( 'NONE', ( #112, #113, #114, #115 ) ) ;
#1743 = EDGE_CURVE ( 'NONE', #1804, #1843, #644, .T. ) ;
#1744 = ORIENTED_EDGE ( 'NONE', *, *, #2125, .T. ) ;
#1745 = ORIENTED_EDGE ( 'NONE', *, *, #2114, .F. ) ;
#1746 = EDGE_LOOP ( 'NONE', ( #75, #1853 ) ) ;
#1747 = ORIENTED_EDGE ( 'NONE', *, *, #74, .F. ) ;
#1748 = ADVANCED_FACE ( 'NONE', ( #640 ), #639, .T. ) ;
#1749 = EDGE_LOOP ( 'NONE', ( #1802, #1801, #1685, #1686, #1689, #1786, #1809, #1818, #1825, #1821, #1806, #1832, #1798, #1781 ) ) ;
#1750 = ORIENTED_EDGE ( 'NONE', *, *, #1641, .T. ) ;
#1751 = ORIENTED_EDGE ( 'NONE', *, *, #1587, .T. ) ;
#1752 = ORIENTED_EDGE ( 'NONE', *, *, #1785, .T. ) ;
#1753 = ORIENTED_EDGE ( 'NONE', *, *, #1703, .T. ) ;
#1754 = ORIENTED_EDGE ( 'NONE', *, *, #1651, .F. ) ;
#1755 = DIRECTION ( 'NONE',  ( 1.000000000000000000, 0.0000000000000000000, 0.0000000000000000000 ) ) ;
#1756 = DIRECTION ( 'NONE',  ( 0.0000000000000000000, 1.000000000000000000, 0.0000000000000000000 ) ) ;
#1757 = VECTOR ( 'NONE', #1756, 1000.000000000000000 ) ;
#1758 = CARTESIAN_POINT ( 'NONE',  ( 11.85000000000000100, 1.300000000000000000, 1.058300524425837200 ) ) ;
#1759 = CIRCLE ( 'NONE', #2330, 3.250000000000004000 ) ;
#1760 = DIRECTION ( 'NONE',  ( 0.0000000000000000000, 0.0000000000000000000, 1.000000000000000000 ) ) ;
#1761 = DIRECTION ( 'NONE',  ( -1.000000000000000000, 0.0000000000000000000, 0.0000000000000000000 ) ) ;
#1762 = CARTESIAN_POINT ( 'NONE',  ( 11.85000000000000100, 1.300000000000000000, -1.058300524425837200 ) ) ;
#1763 = AXIS2_PLACEMENT_3D ( 'NONE', #1762, #1761, #1760 ) ;
#1764 = LINE ( 'NONE', #1758, #1757 ) ;
#1765 = PLANE ( 'NONE',  #1763 ) ;
#1766 = DIRECTION ( 'NONE',  ( 0.0000000000000000000, 0.0000000000000000000, -1.000000000000000000 ) ) ;
#1767 = DIRECTION ( 'NONE',  ( 1.000000000000000000, 0.0000000000000000000, 0.0000000000000000000 ) ) ;
#1768 = CARTESIAN_POINT ( 'NONE',  ( 12.45000000000000100, 1.300000000000000000, -1.058300524425837200 ) ) ;
#1769 = AXIS2_PLACEMENT_3D ( 'NONE', #1768, #1767, #1766 ) ;
#1770 = PLANE ( 'NONE',  #1769 ) ;
#1771 = FACE_OUTER_BOUND ( 'NONE', #11, .T. ) ;
#1772 = ADVANCED_FACE ( 'NONE', ( #634 ), #633, .T. ) ;
#1773 = EDGE_LOOP ( 'NONE', ( #1774, #2134, #2139, #2099 ) ) ;
#1774 = ORIENTED_EDGE ( 'NONE', *, *, #1775, .F. ) ;
#1775 = EDGE_CURVE ( 'NONE', #1568, #2098, #627, .T. ) ;
#1776 = FACE_OUTER_BOUND ( 'NONE', #8, .T. ) ;
#1777 = DIRECTION ( 'NONE',  ( 0.0000000000000000000, 1.000000000000000000, 0.0000000000000000000 ) ) ;
#1778 = VECTOR ( 'NONE', #1777, 1000.000000000000000 ) ;
#1779 = CARTESIAN_POINT ( 'NONE',  ( 11.85000000000000100, 1.300000000000000000, -1.058300524425837200 ) ) ;
#1780 = EDGE_CURVE ( 'NONE', #1616, #1836, #622, .T. ) ;
#1781 = ORIENTED_EDGE ( 'NONE', *, *, #1782, .F. ) ;
#1782 = EDGE_CURVE ( 'NONE', #1836, #1834, #681, .T. ) ;
#1783 = ADVANCED_FACE ( 'NONE', ( #677 ), #676, .T. ) ;
#1784 = ORIENTED_EDGE ( 'NONE', *, *, #1785, .F. ) ;
#1785 = EDGE_CURVE ( 'NONE', #1682, #1690, #675, .T. ) ;
#1786 = ORIENTED_EDGE ( 'NONE', *, *, #1808, .F. ) ;
#1787 = EDGE_LOOP ( 'NONE', ( #1754, #1784 ) ) ;
#1788 = ADVANCED_FACE ( 'NONE', ( #666 ), #665, .T. ) ;
#1789 = ORIENTED_EDGE ( 'NONE', *, *, #1739, .T. ) ;
#1790 = CLOSED_SHELL ( 'NONE', ( #1650, #1628, #1649, #1676, #1658, #1599, #1543, #1551, #1613, #1666, #1661, #1530, #1772, #1783, #2173, #2175, #2124, #2111, #2090, #1856, #1903, #1972, #1940, #1905, #1920, #1969, #1898, #1931, #1955, #1976, #1872, #2068, #2024, #1939, #2011, #2036, #2023, #2165, #2151, #2201, #2223, #2166, #2172, #2244, #2204, #2161, #2231, #2221, #70, #2, #1850, #1748, #1852, #7, #17, #10, #40, #56, #20, #106, #53, #102, #79, #83, #1741, #95, #1735, #1603, #1601, #1726, #1736, #1560, #1793, #1788 ) ) ;
#1791 = ORIENTED_EDGE ( 'NONE', *, *, #1733, .T. ) ;
#1792 = ORIENTED_EDGE ( 'NONE', *, *, #1684, .F. ) ;
#1793 = ADVANCED_FACE ( 'NONE', ( #660 ), #659, .F. ) ;
#1794 = EDGE_LOOP ( 'NONE', ( #1792, #1752, #1753, #1789 ) ) ;
#1795 = EDGE_LOOP ( 'NONE', ( #1796, #1791 ) ) ;
#1796 = ORIENTED_EDGE ( 'NONE', *, *, #1647, .T. ) ;
#1797 = VERTEX_POINT ( 'NONE', #654 ) ;
#1798 = ORIENTED_EDGE ( 'NONE', *, *, #1799, .F. ) ;
#1799 = EDGE_CURVE ( 'NONE', #1834, #1797, #653, .T. ) ;
#1800 = EDGE_CURVE ( 'NONE', #1836, #1714, #702, .T. ) ;
#1801 = ORIENTED_EDGE ( 'NONE', *, *, #1713, .T. ) ;
#1802 = ORIENTED_EDGE ( 'NONE', *, *, #1800, .T. ) ;
#1803 = ORIENTED_EDGE ( 'NONE', *, *, #1837, .T. ) ;
#1804 = VERTEX_POINT ( 'NONE', #698 ) ;
#1805 = VERTEX_POINT ( 'NONE', #697 ) ;
#1806 = ORIENTED_EDGE ( 'NONE', *, *, #1807, .T. ) ;
#1807 = EDGE_CURVE ( 'NONE', #1823, #1831, #696, .T. ) ;
#1808 = EDGE_CURVE ( 'NONE', #1817, #1824, #695, .T. ) ;
#1809 = ORIENTED_EDGE ( 'NONE', *, *, #1810, .T. ) ;
#1810 = EDGE_CURVE ( 'NONE', #1817, #1804, #685, .T. ) ;
#1811 = LINE ( 'NONE', #1779, #1778 ) ;
#1812 = DIRECTION ( 'NONE',  ( 0.0000000000000000000, 0.0000000000000000000, 1.000000000000000000 ) ) ;
#1813 = DIRECTION ( 'NONE',  ( 0.0000000000000000000, 1.000000000000000000, 0.0000000000000000000 ) ) ;
#1814 = CARTESIAN_POINT ( 'NONE',  ( 12.15000000000000000, 1.899999999999999900, 0.0000000000000000000 ) ) ;
#1815 = EDGE_CURVE ( 'NONE', #2065, #1841, #684, .T. ) ;
#1816 = EDGE_CURVE ( 'NONE', #1688, #1824, #729, .T. ) ;
#1817 = VERTEX_POINT ( 'NONE', #728 ) ;
#1818 = ORIENTED_EDGE ( 'NONE', *, *, #1819, .T. ) ;
#1819 = EDGE_CURVE ( 'NONE', #1804, #1805, #720, .T. ) ;
#1820 = VERTEX_POINT ( 'NONE', #719 ) ;
#1821 = ORIENTED_EDGE ( 'NONE', *, *, #1822, .F. ) ;
#1822 = EDGE_CURVE ( 'NONE', #1823, #1820, #721, .T. ) ;
#1823 = VERTEX_POINT ( 'NONE', #718 ) ;
#1824 = VERTEX_POINT ( 'NONE', #704 ) ;
#1825 = ORIENTED_EDGE ( 'NONE', *, *, #1826, .T. ) ;
#1826 = EDGE_CURVE ( 'NONE', #1805, #1820, #763, .T. ) ;
#1827 = ORIENTED_EDGE ( 'NONE', *, *, #1998, .T. ) ;
#1828 = AXIS2_PLACEMENT_3D ( 'NONE', #1814, #1813, #1812 ) ;
#1829 = PLANE ( 'NONE',  #1828 ) ;
#1830 = FACE_OUTER_BOUND ( 'NONE', #1849, .T. ) ;
#1831 = VERTEX_POINT ( 'NONE', #762 ) ;
#1832 = ORIENTED_EDGE ( 'NONE', *, *, #1833, .F. ) ;
#1833 = EDGE_CURVE ( 'NONE', #1797, #1831, #764, .T. ) ;
#1834 = VERTEX_POINT ( 'NONE', #753 ) ;
#1835 = ORIENTED_EDGE ( 'NONE', *, *, #1780, .F. ) ;
#1836 = VERTEX_POINT ( 'NONE', #752 ) ;
#1837 = EDGE_CURVE ( 'NONE', #1993, #1842, #751, .T. ) ;
#1838 = ORIENTED_EDGE ( 'NONE', *, *, #1815, .F. ) ;
#1839 = ORIENTED_EDGE ( 'NONE', *, *, #1840, .F. ) ;
#1840 = EDGE_CURVE ( 'NONE', #1841, #1842, #747, .T. ) ;
#1841 = VERTEX_POINT ( 'NONE', #742 ) ;
#1842 = VERTEX_POINT ( 'NONE', #741 ) ;
#1843 = VERTEX_POINT ( 'NONE', #740 ) ;
#1844 = ORIENTED_EDGE ( 'NONE', *, *, #1819, .F. ) ;
#1845 = EDGE_LOOP ( 'NONE', ( #6, #5, #4, #29, #9 ) ) ;
#1846 = ORIENTED_EDGE ( 'NONE', *, *, #1743, .T. ) ;
#1847 = EDGE_LOOP ( 'NONE', ( #1839, #1838, #1827, #1803 ) ) ;
#1848 = ORIENTED_EDGE ( 'NONE', *, *, #74, .T. ) ;
#1849 = EDGE_LOOP ( 'NONE', ( #71, #1848 ) ) ;
#1850 = ADVANCED_FACE ( 'NONE', ( #739 ), #736, .T. ) ;
#1851 = ORIENTED_EDGE ( 'NONE', *, *, #73, .F. ) ;
#1852 = ADVANCED_FACE ( 'NONE', ( #737 ), #793, .F. ) ;
#1853 = ORIENTED_EDGE ( 'NONE', *, *, #1840, .T. ) ;
#1854 = EDGE_LOOP ( 'NONE', ( #1857, #1880, #1882, #1866, #1867, #1869, #1870, #1965 ) ) ;
#1855 = EDGE_CURVE ( 'NONE', #1894, #1887, #792, .T. ) ;
#1856 = ADVANCED_FACE ( 'NONE', ( #784 ), #783, .F. ) ;
#1857 = ORIENTED_EDGE ( 'NONE', *, *, #1879, .T. ) ;
#1858 = EDGE_CURVE ( 'NONE', #1596, #1655, #778, .T. ) ;
#1859 = EDGE_CURVE ( 'NONE', #1865, #1667, #774, .T. ) ;
#1860 = ORIENTED_EDGE ( 'NONE', *, *, #1861, .F. ) ;
#1861 = EDGE_CURVE ( 'NONE', #2075, #1862, #770, .T. ) ;
#1862 = VERTEX_POINT ( 'NONE', #765 ) ;
#1863 = EDGE_LOOP ( 'NONE', ( #1751, #1750 ) ) ;
#1864 = EDGE_LOOP ( 'NONE', ( #1999, #2004, #2045, #2053, #2055, #2063, #2001, #2038, #2056, #2086, #1994, #2047, #2049 ) ) ;
#1865 = VERTEX_POINT ( 'NONE', #766 ) ;
#1866 = ORIENTED_EDGE ( 'NONE', *, *, #1608, .F. ) ;
#1867 = ORIENTED_EDGE ( 'NONE', *, *, #1868, .F. ) ;
#1868 = EDGE_CURVE ( 'NONE', #1862, #1598, #828, .T. ) ;
#1869 = ORIENTED_EDGE ( 'NONE', *, *, #1878, .T. ) ;
#1870 = ORIENTED_EDGE ( 'NONE', *, *, #1859, .T. ) ;
#1871 = ORIENTED_EDGE ( 'NONE', *, *, #1986, .F. ) ;
#1872 = ADVANCED_FACE ( 'NONE', ( #824, #823 ), #822, .T. ) ;
#1873 = ORIENTED_EDGE ( 'NONE', *, *, #1669, .T. ) ;
#1874 = EDGE_LOOP ( 'NONE', ( #1873, #1958, #1966, #1967 ) ) ;
#1875 = ORIENTED_EDGE ( 'NONE', *, *, #1876, .F. ) ;
#1876 = EDGE_CURVE ( 'NONE', #1519, #1523, #817, .T. ) ;
#1877 = ORIENTED_EDGE ( 'NONE', *, *, #1878, .F. ) ;
#1878 = EDGE_CURVE ( 'NONE', #1862, #1865, #812, .T. ) ;
#1879 = EDGE_CURVE ( 'NONE', #1580, #1678, #808, .T. ) ;
#1880 = ORIENTED_EDGE ( 'NONE', *, *, #1881, .T. ) ;
#1881 = EDGE_CURVE ( 'NONE', #1678, #1655, #804, .T. ) ;
#1882 = ORIENTED_EDGE ( 'NONE', *, *, #1858, .F. ) ;
#1883 = ORIENTED_EDGE ( 'NONE', *, *, #2097, .T. ) ;
#1884 = EDGE_LOOP ( 'NONE', ( #1885, #1889, #1892, #1895 ) ) ;
#1885 = ORIENTED_EDGE ( 'NONE', *, *, #1886, .T. ) ;
#1886 = EDGE_CURVE ( 'NONE', #1887, #1888, #799, .T. ) ;
#1887 = VERTEX_POINT ( 'NONE', #859 ) ;
#1888 = VERTEX_POINT ( 'NONE', #858 ) ;
#1889 = ORIENTED_EDGE ( 'NONE', *, *, #1890, .T. ) ;
#1890 = EDGE_CURVE ( 'NONE', #1888, #1891, #857, .T. ) ;
#1891 = VERTEX_POINT ( 'NONE', #853 ) ;
#1892 = ORIENTED_EDGE ( 'NONE', *, *, #1893, .T. ) ;
#1893 = EDGE_CURVE ( 'NONE', #1891, #1894, #852, .T. ) ;
#1894 = VERTEX_POINT ( 'NONE', #848 ) ;
#1895 = ORIENTED_EDGE ( 'NONE', *, *, #1855, .T. ) ;
#1896 = EDGE_LOOP ( 'NONE', ( #1908, #1909, #1910, #1911 ) ) ;
#1897 = ORIENTED_EDGE ( 'NONE', *, *, #1943, .F. ) ;
#1898 = ADVANCED_FACE ( 'NONE', ( #847 ), #846, .T. ) ;
#1899 = EDGE_LOOP ( 'NONE', ( #1900, #1901, #1985, #1917 ) ) ;
#1900 = ORIENTED_EDGE ( 'NONE', *, *, #1890, .F. ) ;
#1901 = ORIENTED_EDGE ( 'NONE', *, *, #1904, .F. ) ;
#1902 = EDGE_LOOP ( 'NONE', ( #1875, #1944 ) ) ;
#1903 = ADVANCED_FACE ( 'NONE', ( #841 ), #840, .F. ) ;
#1904 = EDGE_CURVE ( 'NONE', #1981, #1888, #835, .T. ) ;
#1905 = ADVANCED_FACE ( 'NONE', ( #831 ), #830, .F. ) ;
#1906 = EDGE_LOOP ( 'NONE', ( #1907, #1988, #1979, #1982 ) ) ;
#1907 = ORIENTED_EDGE ( 'NONE', *, *, #1886, .F. ) ;
#1908 = ORIENTED_EDGE ( 'NONE', *, *, #1544, .F. ) ;
#1909 = ORIENTED_EDGE ( 'NONE', *, *, #1954, .F. ) ;
#1910 = ORIENTED_EDGE ( 'NONE', *, *, #1711, .T. ) ;
#1911 = ORIENTED_EDGE ( 'NONE', *, *, #1959, .T. ) ;
#1912 = EDGE_LOOP ( 'NONE', ( #1913, #1914, #1916, #2007, #2009, #2010 ) ) ;
#1913 = ORIENTED_EDGE ( 'NONE', *, *, #1586, .T. ) ;
#1914 = ORIENTED_EDGE ( 'NONE', *, *, #1915, .T. ) ;
#1915 = EDGE_CURVE ( 'NONE', #1584, #2183, #889, .T. ) ;
#1916 = ORIENTED_EDGE ( 'NONE', *, *, #2182, .T. ) ;
#1917 = ORIENTED_EDGE ( 'NONE', *, *, #1930, .T. ) ;
#1918 = EDGE_LOOP ( 'NONE', ( #1919, #1948, #1949, #1950, #1897 ) ) ;
#1919 = ORIENTED_EDGE ( 'NONE', *, *, #1610, .F. ) ;
#1920 = ADVANCED_FACE ( 'NONE', ( #885 ), #883, .F. ) ;
#1921 = EDGE_LOOP ( 'NONE', ( #1922, #1923, #1942, #1968 ) ) ;
#1922 = ORIENTED_EDGE ( 'NONE', *, *, #1522, .F. ) ;
#1923 = ORIENTED_EDGE ( 'NONE', *, *, #1978, .F. ) ;
#1924 = ORIENTED_EDGE ( 'NONE', *, *, #1930, .F. ) ;
#1925 = ORIENTED_EDGE ( 'NONE', *, *, #1926, .T. ) ;
#1926 = EDGE_CURVE ( 'NONE', #1987, #1927, #884, .T. ) ;
#1927 = VERTEX_POINT ( 'NONE', #875 ) ;
#1928 = ORIENTED_EDGE ( 'NONE', *, *, #1929, .T. ) ;
#1929 = EDGE_CURVE ( 'NONE', #1927, #1894, #874, .T. ) ;
#1930 = EDGE_CURVE ( 'NONE', #1987, #1891, #870, .T. ) ;
#1931 = ADVANCED_FACE ( 'NONE', ( #866 ), #865, .T. ) ;
#1932 = EDGE_LOOP ( 'NONE', ( #1933, #1924, #1925, #1928 ) ) ;
#1933 = ORIENTED_EDGE ( 'NONE', *, *, #1893, .F. ) ;
#1934 = EDGE_LOOP ( 'NONE', ( #1935, #1945, #1992, #1871 ) ) ;
#1935 = ORIENTED_EDGE ( 'NONE', *, *, #1980, .F. ) ;
#1936 = ORIENTED_EDGE ( 'NONE', *, *, #1937, .T. ) ;
#1937 = EDGE_CURVE ( 'NONE', #2186, #1595, #860, .T. ) ;
#1938 = ORIENTED_EDGE ( 'NONE', *, *, #1581, .T. ) ;
#1939 = ADVANCED_FACE ( 'NONE', ( #921 ), #920, .F. ) ;
#1940 = ADVANCED_FACE ( 'NONE', ( #915, #914, #913 ), #912, .F. ) ;
#1941 = EDGE_LOOP ( 'NONE', ( #1977, #1951 ) ) ;
#1942 = ORIENTED_EDGE ( 'NONE', *, *, #1555, .T. ) ;
#1943 = EDGE_CURVE ( 'NONE', #1611, #2083, #907, .T. ) ;
#1944 = ORIENTED_EDGE ( 'NONE', *, *, #1518, .F. ) ;
#1945 = ORIENTED_EDGE ( 'NONE', *, *, #1974, .F. ) ;
#1946 = EDGE_LOOP ( 'NONE', ( #1947, #1960 ) ) ;
#1947 = ORIENTED_EDGE ( 'NONE', *, *, #1959, .F. ) ;
#1948 = ORIENTED_EDGE ( 'NONE', *, *, #1859, .F. ) ;
#1949 = ORIENTED_EDGE ( 'NONE', *, *, #2094, .F. ) ;
#1950 = ORIENTED_EDGE ( 'NONE', *, *, #2082, .F. ) ;
#1951 = ORIENTED_EDGE ( 'NONE', *, *, #1541, .T. ) ;
#1952 = EDGE_LOOP ( 'NONE', ( #1953, #1973 ) ) ;
#1953 = ORIENTED_EDGE ( 'NONE', *, *, #1954, .T. ) ;
#1954 = EDGE_CURVE ( 'NONE', #1549, #1548, #903, .T. ) ;
#1955 = ADVANCED_FACE ( 'NONE', ( #898 ), #897, .T. ) ;
#1956 = EDGE_LOOP ( 'NONE', ( #1957, #1983, #1984, #1975 ) ) ;
#1957 = ORIENTED_EDGE ( 'NONE', *, *, #1855, .F. ) ;
#1958 = ORIENTED_EDGE ( 'NONE', *, *, #1943, .T. ) ;
#1959 = EDGE_CURVE ( 'NONE', #1712, #1545, #892, .T. ) ;
#1960 = ORIENTED_EDGE ( 'NONE', *, *, #1704, .F. ) ;
#1961 = EDGE_LOOP ( 'NONE', ( #1962, #1963, #1964, #1970, #1971 ) ) ;
#1962 = ORIENTED_EDGE ( 'NONE', *, *, #1868, .T. ) ;
#1963 = ORIENTED_EDGE ( 'NONE', *, *, #1665, .T. ) ;
#1964 = ORIENTED_EDGE ( 'NONE', *, *, #1991, .T. ) ;
#1965 = ORIENTED_EDGE ( 'NONE', *, *, #1589, .F. ) ;
#1966 = ORIENTED_EDGE ( 'NONE', *, *, #2080, .F. ) ;
#1967 = ORIENTED_EDGE ( 'NONE', *, *, #1991, .F. ) ;
#1968 = ORIENTED_EDGE ( 'NONE', *, *, #1876, .T. ) ;
#1969 = ADVANCED_FACE ( 'NONE', ( #956 ), #955, .T. ) ;
#1970 = ORIENTED_EDGE ( 'NONE', *, *, #2077, .T. ) ;
#1971 = ORIENTED_EDGE ( 'NONE', *, *, #1861, .T. ) ;
#1972 = ADVANCED_FACE ( 'NONE', ( #950, #949, #948 ), #947, .T. ) ;
#1973 = ORIENTED_EDGE ( 'NONE', *, *, #1547, .T. ) ;
#1974 = EDGE_CURVE ( 'NONE', #1927, #1990, #942, .T. ) ;
#1975 = ORIENTED_EDGE ( 'NONE', *, *, #1989, .T. ) ;
#1976 = ADVANCED_FACE ( 'NONE', ( #938 ), #937, .T. ) ;
#1977 = ORIENTED_EDGE ( 'NONE', *, *, #1978, .T. ) ;
#1978 = EDGE_CURVE ( 'NONE', #1536, #1535, #932, .T. ) ;
#1979 = ORIENTED_EDGE ( 'NONE', *, *, #1980, .T. ) ;
#1980 = EDGE_CURVE ( 'NONE', #1990, #1981, #927, .T. ) ;
#1981 = VERTEX_POINT ( 'NONE', #988 ) ;
#1982 = ORIENTED_EDGE ( 'NONE', *, *, #1904, .T. ) ;
#1983 = ORIENTED_EDGE ( 'NONE', *, *, #1929, .F. ) ;
#1984 = ORIENTED_EDGE ( 'NONE', *, *, #1974, .T. ) ;
#1985 = ORIENTED_EDGE ( 'NONE', *, *, #1986, .T. ) ;
#1986 = EDGE_CURVE ( 'NONE', #1981, #1987, #987, .T. ) ;
#1987 = VERTEX_POINT ( 'NONE', #983 ) ;
#1988 = ORIENTED_EDGE ( 'NONE', *, *, #1989, .F. ) ;
#1989 = EDGE_CURVE ( 'NONE', #1990, #1887, #982, .T. ) ;
#1990 = VERTEX_POINT ( 'NONE', #978 ) ;
#1991 = EDGE_CURVE ( 'NONE', #1670, #2078, #977, .T. ) ;
#1992 = ORIENTED_EDGE ( 'NONE', *, *, #1926, .F. ) ;
#1993 = VERTEX_POINT ( 'NONE', #973 ) ;
#1994 = ORIENTED_EDGE ( 'NONE', *, *, #1995, .T. ) ;
#1995 = EDGE_CURVE ( 'NONE', #2002, #2003, #972, .T. ) ;
#1996 = VERTEX_POINT ( 'NONE', #967 ) ;
#1997 = ORIENTED_EDGE ( 'NONE', *, *, #1998, .F. ) ;
#1998 = EDGE_CURVE ( 'NONE', #2065, #1993, #966, .T. ) ;
#1999 = ORIENTED_EDGE ( 'NONE', *, *, #2005, .T. ) ;
#2000 = VERTEX_POINT ( 'NONE', #961 ) ;
#2001 = ORIENTED_EDGE ( 'NONE', *, *, #2037, .F. ) ;
#2002 = VERTEX_POINT ( 'NONE', #960 ) ;
#2003 = VERTEX_POINT ( 'NONE', #959 ) ;
#2004 = ORIENTED_EDGE ( 'NONE', *, *, #2006, .T. ) ;
#2005 = EDGE_CURVE ( 'NONE', #2046, #2000, #1014, .T. ) ;
#2006 = EDGE_CURVE ( 'NONE', #2000, #1823, #1010, .T. ) ;
#2007 = ORIENTED_EDGE ( 'NONE', *, *, #2008, .T. ) ;
#2008 = EDGE_CURVE ( 'NONE', #2129, #1688, #1005, .T. ) ;
#2009 = ORIENTED_EDGE ( 'NONE', *, *, #1687, .T. ) ;
#2010 = ORIENTED_EDGE ( 'NONE', *, *, #1717, .T. ) ;
#2011 = ADVANCED_FACE ( 'NONE', ( #1004 ), #999, .F. ) ;
#2012 = EDGE_LOOP ( 'NONE', ( #2013, #2014, #2025, #2031, #2033, #2034 ) ) ;
#2013 = ORIENTED_EDGE ( 'NONE', *, *, #2179, .T. ) ;
#2014 = ORIENTED_EDGE ( 'NONE', *, *, #2015, .T. ) ;
#2015 = EDGE_CURVE ( 'NONE', #2194, #2016, #994, .T. ) ;
#2016 = VERTEX_POINT ( 'NONE', #990 ) ;
#2017 = ORIENTED_EDGE ( 'NONE', *, *, #2032, .F. ) ;
#2018 = ORIENTED_EDGE ( 'NONE', *, *, #2044, .T. ) ;
#2019 = EDGE_CURVE ( 'NONE', #2016, #2057, #1043, .T. ) ;
#2020 = ORIENTED_EDGE ( 'NONE', *, *, #2030, .F. ) ;
#2021 = ORIENTED_EDGE ( 'NONE', *, *, #1782, .T. ) ;
#2022 = ORIENTED_EDGE ( 'NONE', *, *, #1799, .T. ) ;
#2023 = ADVANCED_FACE ( 'NONE', ( #1042 ), #1036, .T. ) ;
#2024 = ADVANCED_FACE ( 'NONE', ( #1031 ), #1030, .T. ) ;
#2025 = ORIENTED_EDGE ( 'NONE', *, *, #2026, .T. ) ;
#2026 = EDGE_CURVE ( 'NONE', #2016, #2027, #1025, .T. ) ;
#2027 = VERTEX_POINT ( 'NONE', #1021 ) ;
#2028 = EDGE_LOOP ( 'NONE', ( #2029, #2058, #2060 ) ) ;
#2029 = ORIENTED_EDGE ( 'NONE', *, *, #2030, .T. ) ;
#2030 = EDGE_CURVE ( 'NONE', #2189, #2057, #1019, .T. ) ;
#2031 = ORIENTED_EDGE ( 'NONE', *, *, #2032, .T. ) ;
#2032 = EDGE_CURVE ( 'NONE', #2027, #1797, #1020, .T. ) ;
#2033 = ORIENTED_EDGE ( 'NONE', *, *, #1833, .T. ) ;
#2034 = ORIENTED_EDGE ( 'NONE', *, *, #2035, .T. ) ;
#2035 = EDGE_CURVE ( 'NONE', #1831, #2180, #1064, .T. ) ;
#2036 = ADVANCED_FACE ( 'NONE', ( #1065 ), #1058, .T. ) ;
#2037 = EDGE_CURVE ( 'NONE', #1817, #1527, #1053, .T. ) ;
#2038 = ORIENTED_EDGE ( 'NONE', *, *, #1808, .T. ) ;
#2039 = EDGE_LOOP ( 'NONE', ( #2040, #2042, #2043, #2051, #2052, #2020 ) ) ;
#2040 = ORIENTED_EDGE ( 'NONE', *, *, #2188, .T. ) ;
#2041 = EDGE_LOOP ( 'NONE', ( #2021, #2022, #2017, #2018 ) ) ;
#2042 = ORIENTED_EDGE ( 'NONE', *, *, #1780, .T. ) ;
#2043 = ORIENTED_EDGE ( 'NONE', *, *, #2044, .F. ) ;
#2044 = EDGE_CURVE ( 'NONE', #2027, #1836, #1049, .T. ) ;
#2045 = ORIENTED_EDGE ( 'NONE', *, *, #1822, .T. ) ;
#2046 = VERTEX_POINT ( 'NONE', #1045 ) ;
#2047 = ORIENTED_EDGE ( 'NONE', *, *, #2048, .T. ) ;
#2048 = EDGE_CURVE ( 'NONE', #2003, #1996, #1044, .T. ) ;
#2049 = ORIENTED_EDGE ( 'NONE', *, *, #2050, .T. ) ;
#2050 = EDGE_CURVE ( 'NONE', #1996, #2046, #1101, .T. ) ;
#2051 = ORIENTED_EDGE ( 'NONE', *, *, #2026, .F. ) ;
#2052 = ORIENTED_EDGE ( 'NONE', *, *, #2019, .T. ) ;
#2053 = ORIENTED_EDGE ( 'NONE', *, *, #2054, .F. ) ;
#2054 = EDGE_CURVE ( 'NONE', #2118, #1820, #1096, .T. ) ;
#2055 = ORIENTED_EDGE ( 'NONE', *, *, #2123, .F. ) ;
#2056 = ORIENTED_EDGE ( 'NONE', *, *, #2061, .T. ) ;
#2057 = VERTEX_POINT ( 'NONE', #1091 ) ;
#2058 = ORIENTED_EDGE ( 'NONE', *, *, #2059, .T. ) ;
#2059 = EDGE_CURVE ( 'NONE', #2057, #2192, #1090, .T. ) ;
#2060 = ORIENTED_EDGE ( 'NONE', *, *, #2191, .T. ) ;
#2061 = EDGE_CURVE ( 'NONE', #1824, #2062, #1086, .T. ) ;
#2062 = VERTEX_POINT ( 'NONE', #1081 ) ;
#2063 = ORIENTED_EDGE ( 'NONE', *, *, #1538, .F. ) ;
#2064 = EDGE_LOOP ( 'NONE', ( #2069, #1936, #1938 ) ) ;
#2065 = VERTEX_POINT ( 'NONE', #1080 ) ;
#2066 = ORIENTED_EDGE ( 'NONE', *, *, #2067, .F. ) ;
#2067 = EDGE_CURVE ( 'NONE', #2195, #2065, #1079, .T. ) ;
#2068 = ADVANCED_FACE ( 'NONE', ( #1135 ), #1134, .T. ) ;
#2069 = ORIENTED_EDGE ( 'NONE', *, *, #2147, .T. ) ;
#2070 = EDGE_LOOP ( 'NONE', ( #2071, #2072, #2073, #1997, #2066 ) ) ;
#2071 = ORIENTED_EDGE ( 'NONE', *, *, #2133, .F. ) ;
#2072 = ORIENTED_EDGE ( 'NONE', *, *, #1571, .F. ) ;
#2073 = ORIENTED_EDGE ( 'NONE', *, *, #2074, .F. ) ;
#2074 = EDGE_CURVE ( 'NONE', #1993, #1566, #1128, .T. ) ;
#2075 = VERTEX_POINT ( 'NONE', #1124 ) ;
#2076 = ORIENTED_EDGE ( 'NONE', *, *, #2077, .F. ) ;
#2077 = EDGE_CURVE ( 'NONE', #2078, #2075, #1123, .T. ) ;
#2078 = VERTEX_POINT ( 'NONE', #1119 ) ;
#2079 = ORIENTED_EDGE ( 'NONE', *, *, #2080, .T. ) ;
#2080 = EDGE_CURVE ( 'NONE', #2078, #2083, #1118, .T. ) ;
#2081 = ORIENTED_EDGE ( 'NONE', *, *, #2082, .T. ) ;
#2082 = EDGE_CURVE ( 'NONE', #2083, #2095, #1114, .T. ) ;
#2083 = VERTEX_POINT ( 'NONE', #1110 ) ;
#2084 = EDGE_CURVE ( 'NONE', #2085, #2121, #1109, .T. ) ;
#2085 = VERTEX_POINT ( 'NONE', #1167 ) ;
#2086 = ORIENTED_EDGE ( 'NONE', *, *, #2091, .T. ) ;
#2087 = ORIENTED_EDGE ( 'NONE', *, *, #2113, .F. ) ;
#2088 = EDGE_CURVE ( 'NONE', #1572, #1568, #1166, .T. ) ;
#2089 = ORIENTED_EDGE ( 'NONE', *, *, #2084, .F. ) ;
#2090 = ADVANCED_FACE ( 'NONE', ( #1162, #1161 ), #1160, .F. ) ;
#2091 = EDGE_CURVE ( 'NONE', #2062, #2002, #1155, .T. ) ;
#2092 = EDGE_LOOP ( 'NONE', ( #2093, #1877, #1860, #1883 ) ) ;
#2093 = ORIENTED_EDGE ( 'NONE', *, *, #2094, .T. ) ;
#2094 = EDGE_CURVE ( 'NONE', #2095, #1865, #1151, .T. ) ;
#2095 = VERTEX_POINT ( 'NONE', #1147 ) ;
#2096 = ORIENTED_EDGE ( 'NONE', *, *, #2097, .F. ) ;
#2097 = EDGE_CURVE ( 'NONE', #2075, #2095, #1146, .T. ) ;
#2098 = VERTEX_POINT ( 'NONE', #1142 ) ;
#2099 = ORIENTED_EDGE ( 'NONE', *, *, #2138, .T. ) ;
#2100 = ORIENTED_EDGE ( 'NONE', *, *, #2101, .F. ) ;
#2101 = EDGE_CURVE ( 'NONE', #2102, #2103, #1140, .T. ) ;
#2102 = VERTEX_POINT ( 'NONE', #1141 ) ;
#2103 = VERTEX_POINT ( 'NONE', #1200 ) ;
#2104 = ORIENTED_EDGE ( 'NONE', *, *, #2105, .F. ) ;
#2105 = EDGE_CURVE ( 'NONE', #2107, #2102, #1199, .T. ) ;
#2106 = EDGE_LOOP ( 'NONE', ( #2174, #2109 ) ) ;
#2107 = VERTEX_POINT ( 'NONE', #1195 ) ;
#2108 = EDGE_CURVE ( 'NONE', #1568, #2098, #1194, .T. ) ;
#2109 = ORIENTED_EDGE ( 'NONE', *, *, #1775, .T. ) ;
#2110 = EDGE_LOOP ( 'NONE', ( #2081, #2096, #2076, #2079 ) ) ;
#2111 = ADVANCED_FACE ( 'NONE', ( #1190, #1189 ), #1187, .F. ) ;
#2112 = EDGE_LOOP ( 'NONE', ( #2100, #2104, #2196, #2199, #2181, #2184, #2187, #2128, #2131, #2132, #2190, #2193, #2178, #2130, #2142, #2146, #2089, #2087 ) ) ;
#2113 = EDGE_CURVE ( 'NONE', #2103, #2085, #1188, .T. ) ;
#2114 = EDGE_CURVE ( 'NONE', #2118, #2136, #1179, .T. ) ;
#2115 = ORIENTED_EDGE ( 'NONE', *, *, #2116, .F. ) ;
#2116 = EDGE_CURVE ( 'NONE', #2120, #2136, #1175, .T. ) ;
#2117 = ORIENTED_EDGE ( 'NONE', *, *, #2125, .F. ) ;
#2118 = VERTEX_POINT ( 'NONE', #1170 ) ;
#2119 = ORIENTED_EDGE ( 'NONE', *, *, #2114, .T. ) ;
#2120 = VERTEX_POINT ( 'NONE', #1169 ) ;
#2121 = VERTEX_POINT ( 'NONE', #1168 ) ;
#2122 = ORIENTED_EDGE ( 'NONE', *, *, #2123, .T. ) ;
#2123 = EDGE_CURVE ( 'NONE', #1525, #2118, #1231, .T. ) ;
#2124 = ADVANCED_FACE ( 'NONE', ( #1226 ), #1225, .T. ) ;
#2125 = EDGE_CURVE ( 'NONE', #2120, #2136, #1220, .T. ) ;
#2126 = ORIENTED_EDGE ( 'NONE', *, *, #2116, .T. ) ;
#2127 = EDGE_LOOP ( 'NONE', ( #2117, #2126 ) ) ;
#2128 = ORIENTED_EDGE ( 'NONE', *, *, #1592, .F. ) ;
#2129 = VERTEX_POINT ( 'NONE', #1216 ) ;
#2130 = ORIENTED_EDGE ( 'NONE', *, *, #2144, .T. ) ;
#2131 = ORIENTED_EDGE ( 'NONE', *, *, #1615, .F. ) ;
#2132 = ORIENTED_EDGE ( 'NONE', *, *, #2188, .F. ) ;
#2133 = EDGE_CURVE ( 'NONE', #1572, #2195, #1215, .T. ) ;
#2134 = ORIENTED_EDGE ( 'NONE', *, *, #2088, .F. ) ;
#2135 = ORIENTED_EDGE ( 'NONE', *, *, #2141, .F. ) ;
#2136 = VERTEX_POINT ( 'NONE', #1210 ) ;
#2137 = EDGE_CURVE ( 'NONE', #2121, #2140, #1209, .T. ) ;
#2138 = EDGE_CURVE ( 'NONE', #2195, #2098, #1205, .T. ) ;
#2139 = ORIENTED_EDGE ( 'NONE', *, *, #2133, .T. ) ;
#2140 = VERTEX_POINT ( 'NONE', #1201 ) ;
#2141 = EDGE_CURVE ( 'NONE', #1525, #2120, #1259, .T. ) ;
#2142 = ORIENTED_EDGE ( 'NONE', *, *, #2145, .F. ) ;
#2143 = VERTEX_POINT ( 'NONE', #1255 ) ;
#2144 = EDGE_CURVE ( 'NONE', #2180, #2143, #1254, .T. ) ;
#2145 = EDGE_CURVE ( 'NONE', #2140, #2143, #1246, .T. ) ;
#2146 = ORIENTED_EDGE ( 'NONE', *, *, #2137, .F. ) ;
#2147 = EDGE_CURVE ( 'NONE', #1593, #2186, #1242, .T. ) ;
#2148 = EDGE_LOOP ( 'NONE', ( #2149, #2150, #1511, #1507 ) ) ;
#2149 = ORIENTED_EDGE ( 'NONE', *, *, #2170, .T. ) ;
#2150 = ORIENTED_EDGE ( 'NONE', *, *, #2084, .T. ) ;
#2151 = ADVANCED_FACE ( 'NONE', ( #1237 ), #1236, .F. ) ;
#2152 = ORIENTED_EDGE ( 'NONE', *, *, #2238, .T. ) ;
#2153 = ORIENTED_EDGE ( 'NONE', *, *, #2061, .F. ) ;
#2154 = EDGE_LOOP ( 'NONE', ( #2152, #2164, #1513, #2153 ) ) ;
#2155 = ORIENTED_EDGE ( 'NONE', *, *, #2105, .T. ) ;
#2156 = ORIENTED_EDGE ( 'NONE', *, *, #2157, .F. ) ;
#2157 = EDGE_CURVE ( 'NONE', #2002, #2102, #1277, .T. ) ;
#2158 = EDGE_LOOP ( 'NONE', ( #2242, #2240, #2239, #2243 ) ) ;
#2159 = EDGE_CURVE ( 'NONE', #2062, #2107, #1276, .T. ) ;
#2160 = ORIENTED_EDGE ( 'NONE', *, *, #2008, .F. ) ;
#2161 = ADVANCED_FACE ( 'NONE', ( #1268 ), #1266, .T. ) ;
#2162 = EDGE_LOOP ( 'NONE', ( #2163, #2236, #2237, #2228 ) ) ;
#2163 = ORIENTED_EDGE ( 'NONE', *, *, #2035, .F. ) ;
#2164 = ORIENTED_EDGE ( 'NONE', *, *, #2197, .T. ) ;
#2165 = ADVANCED_FACE ( 'NONE', ( #1267 ), #1303, .T. ) ;
#2166 = ADVANCED_FACE ( 'NONE', ( #1307 ), #1305, .T. ) ;
#2167 = ORIENTED_EDGE ( 'NONE', *, *, #2246, .T. ) ;
#2168 = ORIENTED_EDGE ( 'NONE', *, *, #2113, .T. ) ;
#2169 = ORIENTED_EDGE ( 'NONE', *, *, #2170, .F. ) ;
#2170 = EDGE_CURVE ( 'NONE', #1996, #2085, #1302, .T. ) ;
#2171 = ORIENTED_EDGE ( 'NONE', *, *, #2048, .F. ) ;
#2172 = ADVANCED_FACE ( 'NONE', ( #1284 ), #1283, .T. ) ;
#2173 = ADVANCED_FACE ( 'NONE', ( #1282 ), #1339, .T. ) ;
#2174 = ORIENTED_EDGE ( 'NONE', *, *, #2108, .F. ) ;
#2175 = ADVANCED_FACE ( 'NONE', ( #1340 ), #1332, .T. ) ;
#2176 = EDGE_LOOP ( 'NONE', ( #2115, #2135, #2122, #2119 ) ) ;
#2177 = EDGE_CURVE ( 'NONE', #2192, #2194, #1328, .T. ) ;
#2178 = ORIENTED_EDGE ( 'NONE', *, *, #2179, .F. ) ;
#2179 = EDGE_CURVE ( 'NONE', #2180, #2194, #1324, .T. ) ;
#2180 = VERTEX_POINT ( 'NONE', #1320 ) ;
#2181 = ORIENTED_EDGE ( 'NONE', *, *, #2182, .F. ) ;
#2182 = EDGE_CURVE ( 'NONE', #2183, #2129, #1319, .T. ) ;
#2183 = VERTEX_POINT ( 'NONE', #1315 ) ;
#2184 = ORIENTED_EDGE ( 'NONE', *, *, #2185, .T. ) ;
#2185 = EDGE_CURVE ( 'NONE', #2183, #2186, #1314, .T. ) ;
#2186 = VERTEX_POINT ( 'NONE', #1367 ) ;
#2187 = ORIENTED_EDGE ( 'NONE', *, *, #2147, .F. ) ;
#2188 = EDGE_CURVE ( 'NONE', #2189, #1616, #1366, .T. ) ;
#2189 = VERTEX_POINT ( 'NONE', #1362 ) ;
#2190 = ORIENTED_EDGE ( 'NONE', *, *, #2191, .F. ) ;
#2191 = EDGE_CURVE ( 'NONE', #2192, #2189, #1361, .T. ) ;
#2192 = VERTEX_POINT ( 'NONE', #1356 ) ;
#2193 = ORIENTED_EDGE ( 'NONE', *, *, #2177, .T. ) ;
#2194 = VERTEX_POINT ( 'NONE', #1355 ) ;
#2195 = VERTEX_POINT ( 'NONE', #1354 ) ;
#2196 = ORIENTED_EDGE ( 'NONE', *, *, #2197, .F. ) ;
#2197 = EDGE_CURVE ( 'NONE', #2198, #2107, #1353, .T. ) ;
#2198 = VERTEX_POINT ( 'NONE', #1348 ) ;
#2199 = ORIENTED_EDGE ( 'NONE', *, *, #2200, .T. ) ;
#2200 = EDGE_CURVE ( 'NONE', #2198, #2129, #1346, .T. ) ;
#2201 = ADVANCED_FACE ( 'NONE', ( #1347 ), #1395, .T. ) ;
#2202 = EDGE_LOOP ( 'NONE', ( #2203, #2155, #2156, #2235 ) ) ;
#2203 = ORIENTED_EDGE ( 'NONE', *, *, #2159, .T. ) ;
#2204 = ADVANCED_FACE ( 'NONE', ( #1396 ), #1389, .F. ) ;
#2205 = EDGE_LOOP ( 'NONE', ( #2206, #2207, #2208, #2210 ) ) ;
#2206 = ORIENTED_EDGE ( 'NONE', *, *, #2225, .T. ) ;
#2207 = ORIENTED_EDGE ( 'NONE', *, *, #2145, .T. ) ;
#2208 = ORIENTED_EDGE ( 'NONE', *, *, #2209, .F. ) ;
#2209 = EDGE_CURVE ( 'NONE', #1823, #2143, #1383, .T. ) ;
#2210 = ORIENTED_EDGE ( 'NONE', *, *, #2006, .F. ) ;
#2211 = ORIENTED_EDGE ( 'NONE', *, *, #1937, .F. ) ;
#2212 = ORIENTED_EDGE ( 'NONE', *, *, #2185, .F. ) ;
#2213 = ORIENTED_EDGE ( 'NONE', *, *, #1583, .F. ) ;
#2214 = AXIS2_PLACEMENT_3D ( 'NONE', #2215, #2219, #2217 ) ;
#2215 = CARTESIAN_POINT ( 'NONE',  ( 12.15000000000000000, 1.300000000000000000, 0.0000000000000000000 ) ) ;
#2216 = DIRECTION ( 'NONE',  ( 0.0000000000000000000, -1.000000000000000000, 0.0000000000000000000 ) ) ;
#2217 = DIRECTION ( 'NONE',  ( 0.0000000000000000000, 0.0000000000000000000, 1.000000000000000000 ) ) ;
#2218 = EDGE_LOOP ( 'NONE', ( #2213, #2211, #2212, #32 ) ) ;
#2219 = DIRECTION ( 'NONE',  ( 0.0000000000000000000, 1.000000000000000000, 0.0000000000000000000 ) ) ;
#2220 = DIRECTION ( 'NONE',  ( 0.0000000000000000000, 0.0000000000000000000, 1.000000000000000000 ) ) ;
#2221 = ADVANCED_FACE ( 'NONE', ( #1382 ), #1385, .T. ) ;
#2222 = ORIENTED_EDGE ( 'NONE', *, *, #2059, .F. ) ;
#2223 = ADVANCED_FACE ( 'NONE', ( #1379 ), #1375, .T. ) ;
#2224 = ORIENTED_EDGE ( 'NONE', *, *, #2225, .F. ) ;
#2225 = EDGE_CURVE ( 'NONE', #2000, #2140, #1374, .T. ) ;
#2226 = ORIENTED_EDGE ( 'NONE', *, *, #2005, .F. ) ;
#2227 = ORIENTED_EDGE ( 'NONE', *, *, #2177, .F. ) ;
#2228 = ORIENTED_EDGE ( 'NONE', *, *, #2144, .F. ) ;
#2229 = EDGE_LOOP ( 'NONE', ( #2230, #2232, #2227, #2222 ) ) ;
#2230 = ORIENTED_EDGE ( 'NONE', *, *, #2019, .F. ) ;
#2231 = ADVANCED_FACE ( 'NONE', ( #1420 ), #1419, .T. ) ;
#2232 = ORIENTED_EDGE ( 'NONE', *, *, #2015, .F. ) ;
#2233 = ORIENTED_EDGE ( 'NONE', *, *, #2238, .F. ) ;
#2234 = ORIENTED_EDGE ( 'NONE', *, *, #2200, .F. ) ;
#2235 = ORIENTED_EDGE ( 'NONE', *, *, #2091, .F. ) ;
#2236 = ORIENTED_EDGE ( 'NONE', *, *, #1807, .F. ) ;
#2237 = ORIENTED_EDGE ( 'NONE', *, *, #2209, .T. ) ;
#2238 = EDGE_CURVE ( 'NONE', #1824, #2198, #1414, .T. ) ;
#2239 = ORIENTED_EDGE ( 'NONE', *, *, #2246, .F. ) ;
#2240 = ORIENTED_EDGE ( 'NONE', *, *, #2101, .T. ) ;
#2241 = EDGE_LOOP ( 'NONE', ( #2167, #2168, #2169, #2171 ) ) ;
#2242 = ORIENTED_EDGE ( 'NONE', *, *, #2157, .T. ) ;
#2243 = ORIENTED_EDGE ( 'NONE', *, *, #1995, .F. ) ;
#2244 = ADVANCED_FACE ( 'NONE', ( #1413 ), #1408, .T. ) ;
#2245 = ORIENTED_EDGE ( 'NONE', *, *, #2137, .T. ) ;
#2246 = EDGE_CURVE ( 'NONE', #2003, #2103, #1403, .T. ) ;
#2247 = ORIENTED_EDGE ( 'NONE', *, *, #1508, .T. ) ;
#2248 = CYLINDRICAL_SURFACE ( 'NONE', #2269, 1.100000000000001000 ) ;
#2249 = CARTESIAN_POINT ( 'NONE',  ( 11.85000000000000100, 1.300000000000000000, -1.058300524425837200 ) ) ;
#2250 = CIRCLE ( 'NONE', #2261, 1.100000000000001000 ) ;
#2251 = CARTESIAN_POINT ( 'NONE',  ( 12.45000000000000100, 1.300000000000000000, -1.058300524425837200 ) ) ;
#2252 = VECTOR ( 'NONE', #2257, 1000.000000000000000 ) ;
#2253 = CARTESIAN_POINT ( 'NONE',  ( 16.35000000000000100, 1.300000000000000000, -1.058300524425838800 ) ) ;
#2254 = LINE ( 'NONE', #2253, #2252 ) ;
#2255 = PLANE ( 'NONE',  #2281 ) ;
#2256 = FACE_OUTER_BOUND ( 'NONE', #57, .T. ) ;
#2257 = DIRECTION ( 'NONE',  ( 0.0000000000000000000, 1.000000000000000000, 0.0000000000000000000 ) ) ;
#2258 = DIRECTION ( 'NONE',  ( 0.0000000000000000000, 0.0000000000000000000, 1.000000000000000000 ) ) ;
#2259 = DIRECTION ( 'NONE',  ( 0.0000000000000000000, 1.000000000000000000, 0.0000000000000000000 ) ) ;
#2260 = CARTESIAN_POINT ( 'NONE',  ( 12.15000000000000000, 1.300000000000000000, 0.0000000000000000000 ) ) ;
#2261 = AXIS2_PLACEMENT_3D ( 'NONE', #2260, #2259, #2258 ) ;
#2262 = DIRECTION ( 'NONE',  ( 0.0000000000000000000, 0.0000000000000000000, 1.000000000000000000 ) ) ;
#2263 = DIRECTION ( 'NONE',  ( 0.0000000000000000000, 1.000000000000000000, 0.0000000000000000000 ) ) ;
#2264 = CARTESIAN_POINT ( 'NONE',  ( 12.15000000000000000, 1.300000000000000000, 0.0000000000000000000 ) ) ;
#2265 = DIRECTION ( 'NONE',  ( 0.0000000000000000000, 1.000000000000000000, 0.0000000000000000000 ) ) ;
#2266 = VECTOR ( 'NONE', #2265, 1000.000000000000000 ) ;
#2267 = CARTESIAN_POINT ( 'NONE',  ( 15.75000000000000000, 1.300000000000000000, 1.058300524425839900 ) ) ;
#2268 = LINE ( 'NONE', #2267, #2266 ) ;
#2269 = AXIS2_PLACEMENT_3D ( 'NONE', #2264, #2263, #2262 ) ;
#2270 = CARTESIAN_POINT ( 'NONE',  ( 11.85000000000000100, 1.899999999999999900, -1.058300524425837200 ) ) ;
#2271 = DIRECTION ( 'NONE',  ( 0.0000000000000000000, 1.000000000000000000, 0.0000000000000000000 ) ) ;
#2272 = VECTOR ( 'NONE', #2271, 1000.000000000000000 ) ;
#2273 = CARTESIAN_POINT ( 'NONE',  ( 12.45000000000000100, 1.300000000000000000, -1.058300524425837200 ) ) ;
#2274 = LINE ( 'NONE', #2273, #2272 ) ;
#2275 = CIRCLE ( 'NONE', #2279, 1.100000000000001000 ) ;
#2276 = DIRECTION ( 'NONE',  ( 0.0000000000000000000, 0.0000000000000000000, 1.000000000000000000 ) ) ;
#2277 = DIRECTION ( 'NONE',  ( 0.0000000000000000000, 1.000000000000000000, 0.0000000000000000000 ) ) ;
#2278 = CARTESIAN_POINT ( 'NONE',  ( 12.15000000000000000, 1.300000000000000000, 0.0000000000000000000 ) ) ;
#2279 = AXIS2_PLACEMENT_3D ( 'NONE', #2278, #2277, #2276 ) ;
#2280 = CARTESIAN_POINT ( 'NONE',  ( 16.35000000000000100, 1.300000000000000000, -1.058300524425838800 ) ) ;
#2281 = AXIS2_PLACEMENT_3D ( 'NONE', #2280, #2284, #2283 ) ;
#2282 = CARTESIAN_POINT ( 'NONE',  ( 11.85000000000000100, 1.300000000000000000, 1.058300524425837200 ) ) ;
#2283 = DIRECTION ( 'NONE',  ( 0.0000000000000000000, 0.0000000000000000000, -1.000000000000000000 ) ) ;
#2284 = DIRECTION ( 'NONE',  ( 1.000000000000000000, 0.0000000000000000000, 0.0000000000000000000 ) ) ;
#2285 = VECTOR ( 'NONE', #2290, 1000.000000000000000 ) ;
#2286 = CARTESIAN_POINT ( 'NONE',  ( 11.85000000000000100, 1.300000000000000000, -1.058300524425837200 ) ) ;
#2287 = LINE ( 'NONE', #2286, #2285 ) ;
#2288 = PLANE ( 'NONE',  #2214 ) ;
#2289 = FACE_OUTER_BOUND ( 'NONE', #89, .T. ) ;
#2290 = DIRECTION ( 'NONE',  ( 0.0000000000000000000, 0.0000000000000000000, 1.000000000000000000 ) ) ;
#2291 = CARTESIAN_POINT ( 'NONE',  ( 15.75000000000000000, 1.300000000000000000, 1.058300524425839900 ) ) ;
#2292 = FACE_OUTER_BOUND ( 'NONE', #54, .T. ) ;
#2293 = FACE_OUTER_BOUND ( 'NONE', #1, .T. ) ;
#2294 = CARTESIAN_POINT ( 'NONE',  ( 19.50000000000001100, -26.00000000000004300, 4.700000000000000200 ) ) ;
#2295 = DIRECTION ( 'NONE',  ( 0.7071067811865512400, 0.7071067811865439100, 0.0000000000000000000 ) ) ;
#2296 = VECTOR ( 'NONE', #2295, 1000.000000000000000 ) ;
#2297 = CARTESIAN_POINT ( 'NONE',  ( 14.50000000000000200, -31.00000000000000000, 4.700000000000000200 ) ) ;
#2298 = LINE ( 'NONE', #2297, #2296 ) ;
#2299 = CARTESIAN_POINT ( 'NONE',  ( 15.75000000000000000, 1.300000000000000000, -1.058300524425839900 ) ) ;
#2300 = DIRECTION ( 'NONE',  ( 0.0000000000000000000, 0.0000000000000000000, 1.000000000000000000 ) ) ;
#2301 = DIRECTION ( 'NONE',  ( 0.0000000000000000000, 1.000000000000000000, 0.0000000000000000000 ) ) ;
#2302 = AXIS2_PLACEMENT_3D ( 'NONE', #2317, #2301, #2300 ) ;
#2303 = CYLINDRICAL_SURFACE ( 'NONE', #2302, 1.100000000000003000 ) ;
#2304 = LINE ( 'NONE', #2307, #2306 ) ;
#2305 = DIRECTION ( 'NONE',  ( 0.0000000000000000000, 0.0000000000000000000, 1.000000000000000000 ) ) ;
#2306 = VECTOR ( 'NONE', #2305, 1000.000000000000000 ) ;
#2307 = CARTESIAN_POINT ( 'NONE',  ( 15.75000000000000000, 1.300000000000000000, -1.058300524425839900 ) ) ;
#2308 = DIRECTION ( 'NONE',  ( 0.0000000000000000000, 1.000000000000000000, 0.0000000000000000000 ) ) ;
#2309 = DIRECTION ( 'NONE',  ( 0.0000000000000000000, 0.0000000000000000000, 1.000000000000000000 ) ) ;
#2310 = AXIS2_PLACEMENT_3D ( 'NONE', #2311, #2308, #2309 ) ;
#2311 = CARTESIAN_POINT ( 'NONE',  ( 16.04999999999999700, 1.300000000000000000, 0.0000000000000000000 ) ) ;
#2312 = CARTESIAN_POINT ( 'NONE',  ( 15.75000000000000000, 1.300000000000000000, -1.058300524425839900 ) ) ;
#2313 = AXIS2_PLACEMENT_3D ( 'NONE', #2312, #2319, #2318 ) ;
#2314 = PLANE ( 'NONE',  #2313 ) ;
#2315 = FACE_OUTER_BOUND ( 'NONE', #60, .T. ) ;
#2316 = CIRCLE ( 'NONE', #2310, 1.100000000000003000 ) ;
#2317 = CARTESIAN_POINT ( 'NONE',  ( 16.04999999999999700, 1.300000000000000000, 0.0000000000000000000 ) ) ;
#2318 = DIRECTION ( 'NONE',  ( 0.0000000000000000000, 0.0000000000000000000, 1.000000000000000000 ) ) ;
#2319 = DIRECTION ( 'NONE',  ( -1.000000000000000000, 0.0000000000000000000, 0.0000000000000000000 ) ) ;
#2320 = CARTESIAN_POINT ( 'NONE',  ( 19.50000000000001100, -26.00000000000004300, -4.700000000000000200 ) ) ;
#2321 = DIRECTION ( 'NONE',  ( 0.0000000000000000000, 1.000000000000000000, 0.0000000000000000000 ) ) ;
#2322 = VECTOR ( 'NONE', #2321, 1000.000000000000000 ) ;
#2323 = CARTESIAN_POINT ( 'NONE',  ( 15.75000000000000000, 1.300000000000000000, -1.058300524425839900 ) ) ;
#2324 = LINE ( 'NONE', #2323, #2322 ) ;
#2325 = CARTESIAN_POINT ( 'NONE',  ( 14.50000000000000200, -39.68000000000000000, 0.0000000000000000000 ) ) ;
#2326 = DIRECTION ( 'NONE',  ( 0.0000000000000000000, 0.0000000000000000000, 1.000000000000000000 ) ) ;
#2327 = DIRECTION ( 'NONE',  ( 0.0000000000000000000, 1.000000000000000000, 0.0000000000000000000 ) ) ;
#2328 = CARTESIAN_POINT ( 'NONE',  ( 12.15000000000000000, 1.899999999999999900, 0.0000000000000000000 ) ) ;
#2329 = AXIS2_PLACEMENT_3D ( 'NONE', #2328, #2327, #2326 ) ;
#2330 = AXIS2_PLACEMENT_3D ( 'NONE', #2325, #2216, #2220 ) ;
#2331 = AXIS2_PLACEMENT_3D ( 'NONE', #2337, #2341, #2338 ) ;
#2332 = CIRCLE ( 'NONE', #2329, 1.100000000000001000 ) ;
#2333 = DIRECTION ( 'NONE',  ( 0.0000000000000000000, 1.000000000000000000, 0.0000000000000000000 ) ) ;
#2334 = VECTOR ( 'NONE', #2333, 1000.000000000000000 ) ;
#2335 = CARTESIAN_POINT ( 'NONE',  ( 11.85000000000000100, 1.300000000000000000, -1.058300524425837200 ) ) ;
#2336 = LINE ( 'NONE', #2335, #2334 ) ;
#2337 = CARTESIAN_POINT ( 'NONE',  ( 12.15000000000000000, 1.899999999999999900, 0.0000000000000000000 ) ) ;
#2338 = DIRECTION ( 'NONE',  ( 0.0000000000000000000, 0.0000000000000000000, -1.000000000000000000 ) ) ;
#2339 = DIRECTION ( 'NONE',  ( 0.0000000000000000000, 0.0000000000000000000, 1.000000000000000000 ) ) ;
#2340 = VECTOR ( 'NONE', #2339, 1000.000000000000000 ) ;
#2341 = DIRECTION ( 'NONE',  ( 0.0000000000000000000, -1.000000000000000000, 0.0000000000000000000 ) ) ;
#2342 = CARTESIAN_POINT ( 'NONE',  ( 11.85000000000000100, 1.899999999999999900, -1.058300524425837200 ) ) ;
#2343 = LINE ( 'NONE', #2342, #2340 ) ;
#2344 = CYLINDRICAL_SURFACE ( 'NONE', #2331, 1.100000000000001000 ) ;
#2345 = FACE_OUTER_BOUND ( 'NONE', #18, .T. ) ;
ENDSEC;
END-ISO-10303-21;
