ISO-10303-21;
HEADER;
FILE_DESCRIPTION (( 'STEP AP203' ),
    '1' );
FILE_NAME ('cx-445a.STEP',
    '2015-02-07T07:24:36',
    ( '' ),
    ( '' ),
    'SwSTEP 2.0',
    'SolidWorks 2010',
    '' );
FILE_SCHEMA (( 'CONFIG_CONTROL_DESIGN' ));
ENDSEC;

DATA;
#1 = EDGE_CURVE ( 'NONE', #754, #780, #391, .T. ) ;
#2 = EDGE_CURVE ( 'NONE', #15, #28, #378, .T. ) ;
#3 = ORIENTED_EDGE ( 'NONE', *, *, #775, .F. ) ;
#4 = EDGE_CURVE ( 'NONE', #6, #5, #376, .T. ) ;
#5 = VERTEX_POINT ( 'NONE', #382 ) ;
#6 = VERTEX_POINT ( 'NONE', #377 ) ;
#7 = ADVANCED_FACE ( 'NONE', ( #353 ), #381, .T. ) ;
#8 = ORIENTED_EDGE ( 'NONE', *, *, #597, .T. ) ;
#9 = ORIENTED_EDGE ( 'NONE', *, *, #100, .F. ) ;
#10 = ORIENTED_EDGE ( 'NONE', *, *, #11, .T. ) ;
#11 = EDGE_CURVE ( 'NONE', #23, #27, #414, .T. ) ;
#12 = EDGE_CURVE ( 'NONE', #27, #106, #421, .T. ) ;
#13 = EDGE_LOOP ( 'NONE', ( #53, #18, #8, #1082 ) ) ;
#14 = ORIENTED_EDGE ( 'NONE', *, *, #12, .T. ) ;
#15 = VERTEX_POINT ( 'NONE', #417 ) ;
#16 = VERTEX_POINT ( 'NONE', #413 ) ;
#17 = ADVANCED_FACE ( 'NONE', ( #427 ), #425, .T. ) ;
#18 = ORIENTED_EDGE ( 'NONE', *, *, #2, .T. ) ;
#19 = ORIENTED_EDGE ( 'NONE', *, *, #4, .T. ) ;
#20 = ORIENTED_EDGE ( 'NONE', *, *, #21, .T. ) ;
#21 = EDGE_CURVE ( 'NONE', #769, #6, #407, .T. ) ;
#22 = EDGE_LOOP ( 'NONE', ( #3, #20, #19, #837 ) ) ;
#23 = VERTEX_POINT ( 'NONE', #412 ) ;
#24 = ORIENTED_EDGE ( 'NONE', *, *, #74, .F. ) ;
#25 = ADVANCED_FACE ( 'NONE', ( #434 ), #375, .T. ) ;
#26 = EDGE_CURVE ( 'NONE', #103, #32, #419, .T. ) ;
#27 = VERTEX_POINT ( 'NONE', #474 ) ;
#28 = VERTEX_POINT ( 'NONE', #481 ) ;
#29 = VERTEX_POINT ( 'NONE', #507 ) ;
#30 = ORIENTED_EDGE ( 'NONE', *, *, #31, .T. ) ;
#31 = EDGE_CURVE ( 'NONE', #61, #23, #473, .T. ) ;
#32 = VERTEX_POINT ( 'NONE', #491 ) ;
#33 = EDGE_LOOP ( 'NONE', ( #94, #96, #86, #50 ) ) ;
#34 = ORIENTED_EDGE ( 'NONE', *, *, #44, .F. ) ;
#35 = ORIENTED_EDGE ( 'NONE', *, *, #97, .F. ) ;
#36 = ORIENTED_EDGE ( 'NONE', *, *, #76, .T. ) ;
#37 = ADVANCED_FACE ( 'NONE', ( #457 ), #463, .F. ) ;
#38 = ORIENTED_EDGE ( 'NONE', *, *, #767, .F. ) ;
#39 = ORIENTED_EDGE ( 'NONE', *, *, #859, .F. ) ;
#40 = ORIENTED_EDGE ( 'NONE', *, *, #26, .T. ) ;
#41 = EDGE_LOOP ( 'NONE', ( #9, #30, #10, #14 ) ) ;
#42 = ADVANCED_FACE ( 'NONE', ( #489 ), #458, .F. ) ;
#43 = ORIENTED_EDGE ( 'NONE', *, *, #55, .F. ) ;
#44 = EDGE_CURVE ( 'NONE', #72, #66, #470, .T. ) ;
#45 = VERTEX_POINT ( 'NONE', #476 ) ;
#46 = ORIENTED_EDGE ( 'NONE', *, *, #756, .F. ) ;
#47 = VERTEX_POINT ( 'NONE', #498 ) ;
#48 = VERTEX_POINT ( 'NONE', #462 ) ;
#49 = ADVANCED_FACE ( 'NONE', ( #446 ), #475, .F. ) ;
#50 = ORIENTED_EDGE ( 'NONE', *, *, #104, .F. ) ;
#51 = ORIENTED_EDGE ( 'NONE', *, *, #77, .T. ) ;
#52 = ADVANCED_FACE ( 'NONE', ( #442 ), #447, .T. ) ;
#53 = ORIENTED_EDGE ( 'NONE', *, *, #101, .F. ) ;
#54 = ORIENTED_EDGE ( 'NONE', *, *, #93, .F. ) ;
#55 = EDGE_CURVE ( 'NONE', #66, #64, #511, .T. ) ;
#56 = ADVANCED_FACE ( 'NONE', ( #467 ), #513, .T. ) ;
#57 = ORIENTED_EDGE ( 'NONE', *, *, #73, .T. ) ;
#58 = EDGE_LOOP ( 'NONE', ( #51, #85, #83, #78 ) ) ;
#59 = VERTEX_POINT ( 'NONE', #465 ) ;
#60 = ORIENTED_EDGE ( 'NONE', *, *, #684, .F. ) ;
#61 = VERTEX_POINT ( 'NONE', #544 ) ;
#62 = EDGE_LOOP ( 'NONE', ( #65, #80, #36, #57 ) ) ;
#63 = EDGE_LOOP ( 'NONE', ( #39, #38, #24, #40 ) ) ;
#64 = VERTEX_POINT ( 'NONE', #449 ) ;
#65 = ORIENTED_EDGE ( 'NONE', *, *, #92, .T. ) ;
#66 = VERTEX_POINT ( 'NONE', #450 ) ;
#67 = ORIENTED_EDGE ( 'NONE', *, *, #100, .T. ) ;
#68 = ORIENTED_EDGE ( 'NONE', *, *, #105, .T. ) ;
#69 = EDGE_CURVE ( 'NONE', #780, #5, #448, .T. ) ;
#70 = EDGE_CURVE ( 'NONE', #48, #29, #508, .T. ) ;
#71 = EDGE_CURVE ( 'NONE', #87, #59, #505, .T. ) ;
#72 = VERTEX_POINT ( 'NONE', #506 ) ;
#73 = EDGE_CURVE ( 'NONE', #90, #47, #500, .T. ) ;
#74 = EDGE_CURVE ( 'NONE', #103, #759, #497, .T. ) ;
#75 = EDGE_CURVE ( 'NONE', #59, #81, #523, .T. ) ;
#76 = EDGE_CURVE ( 'NONE', #29, #90, #519, .T. ) ;
#77 = EDGE_CURVE ( 'NONE', #45, #87, #538, .T. ) ;
#78 = ORIENTED_EDGE ( 'NONE', *, *, #79, .T. ) ;
#79 = EDGE_CURVE ( 'NONE', #81, #45, #531, .T. ) ;
#80 = ORIENTED_EDGE ( 'NONE', *, *, #70, .T. ) ;
#81 = VERTEX_POINT ( 'NONE', #501 ) ;
#82 = EDGE_LOOP ( 'NONE', ( #67, #88, #46, #102 ) ) ;
#83 = ORIENTED_EDGE ( 'NONE', *, *, #75, .T. ) ;
#84 = EDGE_LOOP ( 'NONE', ( #109, #60, #108, #54 ) ) ;
#85 = ORIENTED_EDGE ( 'NONE', *, *, #71, .T. ) ;
#86 = ORIENTED_EDGE ( 'NONE', *, *, #97, .T. ) ;
#87 = VERTEX_POINT ( 'NONE', #510 ) ;
#88 = ORIENTED_EDGE ( 'NONE', *, *, #99, .T. ) ;
#89 = VERTEX_POINT ( 'NONE', #529 ) ;
#90 = VERTEX_POINT ( 'NONE', #528 ) ;
#91 = EDGE_CURVE ( 'NONE', #6, #89, #486, .T. ) ;
#92 = EDGE_CURVE ( 'NONE', #47, #48, #366, .T. ) ;
#93 = EDGE_CURVE ( 'NONE', #801, #803, #525, .T. ) ;
#94 = ORIENTED_EDGE ( 'NONE', *, *, #4, .F. ) ;
#95 = EDGE_LOOP ( 'NONE', ( #35, #68, #43, #34 ) ) ;
#96 = ORIENTED_EDGE ( 'NONE', *, *, #91, .T. ) ;
#97 = EDGE_CURVE ( 'NONE', #89, #72, #546, .T. ) ;
#98 = EDGE_CURVE ( 'NONE', #61, #734, #411, .T. ) ;
#99 = EDGE_CURVE ( 'NONE', #106, #757, #430, .T. ) ;
#100 = EDGE_CURVE ( 'NONE', #61, #106, #553, .T. ) ;
#101 = EDGE_CURVE ( 'NONE', #15, #16, #555, .T. ) ;
#102 = ORIENTED_EDGE ( 'NONE', *, *, #98, .F. ) ;
#103 = VERTEX_POINT ( 'NONE', #560 ) ;
#104 = EDGE_CURVE ( 'NONE', #5, #72, #567, .T. ) ;
#105 = EDGE_CURVE ( 'NONE', #89, #64, #556, .T. ) ;
#106 = VERTEX_POINT ( 'NONE', #547 ) ;
#107 = ADVANCED_FACE ( 'NONE', ( #550 ), #548, .T. ) ;
#108 = ORIENTED_EDGE ( 'NONE', *, *, #799, .T. ) ;
#109 = ORIENTED_EDGE ( 'NONE', *, *, #800, .F. ) ;
#110 = ORIENTED_EDGE ( 'NONE', *, *, #724, .F. ) ;
#111 = EDGE_CURVE ( 'NONE', #112, #765, #899, .T. ) ;
#112 = VERTEX_POINT ( 'NONE', #904 ) ;
#113 = VERTEX_POINT ( 'NONE', #901 ) ;
#114 = ORIENTED_EDGE ( 'NONE', *, *, #73, .F. ) ;
#115 = ORIENTED_EDGE ( 'NONE', *, *, #119, .T. ) ;
#116 = ORIENTED_EDGE ( 'NONE', *, *, #585, .F. ) ;
#117 = ORIENTED_EDGE ( 'NONE', *, *, #585, .T. ) ;
#118 = EDGE_CURVE ( 'NONE', #584, #90, #866, .T. ) ;
#119 = EDGE_CURVE ( 'NONE', #120, #59, #883, .T. ) ;
#120 = VERTEX_POINT ( 'NONE', #885 ) ;
#121 = ORIENTED_EDGE ( 'NONE', *, *, #145, .T. ) ;
#122 = EDGE_LOOP ( 'NONE', ( #115, #141, #147, #208 ) ) ;
#123 = ADVANCED_FACE ( 'NONE', ( #874 ), #876, .F. ) ;
#124 = EDGE_CURVE ( 'NONE', #592, #132, #875, .T. ) ;
#125 = ADVANCED_FACE ( 'NONE', ( #890 ), #917, .F. ) ;
#126 = VERTEX_POINT ( 'NONE', #915 ) ;
#127 = VERTEX_POINT ( 'NONE', #927 ) ;
#128 = ORIENTED_EDGE ( 'NONE', *, *, #130, .T. ) ;
#129 = ORIENTED_EDGE ( 'NONE', *, *, #77, .F. ) ;
#130 = EDGE_CURVE ( 'NONE', #126, #87, #919, .T. ) ;
#131 = ORIENTED_EDGE ( 'NONE', *, *, #570, .F. ) ;
#132 = VERTEX_POINT ( 'NONE', #906 ) ;
#133 = EDGE_CURVE ( 'NONE', #584, #592, #907, .T. ) ;
#134 = EDGE_LOOP ( 'NONE', ( #128, #129, #144, #121 ) ) ;
#135 = EDGE_LOOP ( 'NONE', ( #186, #195 ) ) ;
#136 = EDGE_LOOP ( 'NONE', ( #140, #180, #146, #150 ) ) ;
#137 = ADVANCED_FACE ( 'NONE', ( #922 ), #881, .F. ) ;
#138 = ORIENTED_EDGE ( 'NONE', *, *, #196, .T. ) ;
#139 = EDGE_CURVE ( 'NONE', #181, #142, #967, .T. ) ;
#140 = ORIENTED_EDGE ( 'NONE', *, *, #143, .F. ) ;
#141 = ORIENTED_EDGE ( 'NONE', *, *, #71, .F. ) ;
#142 = VERTEX_POINT ( 'NONE', #948 ) ;
#143 = EDGE_CURVE ( 'NONE', #45, #127, #949, .T. ) ;
#144 = ORIENTED_EDGE ( 'NONE', *, *, #143, .T. ) ;
#145 = EDGE_CURVE ( 'NONE', #127, #126, #965, .T. ) ;
#146 = ORIENTED_EDGE ( 'NONE', *, *, #151, .F. ) ;
#147 = ORIENTED_EDGE ( 'NONE', *, *, #130, .F. ) ;
#148 = ORIENTED_EDGE ( 'NONE', *, *, #75, .F. ) ;
#149 = EDGE_CURVE ( 'NONE', #120, #175, #937, .T. ) ;
#150 = ORIENTED_EDGE ( 'NONE', *, *, #216, .T. ) ;
#151 = EDGE_CURVE ( 'NONE', #175, #81, #941, .T. ) ;
#152 = ORIENTED_EDGE ( 'NONE', *, *, #149, .T. ) ;
#153 = EDGE_LOOP ( 'NONE', ( #207, #176, #138, #200 ) ) ;
#154 = VERTEX_POINT ( 'NONE', #966 ) ;
#155 = VERTEX_POINT ( 'NONE', #961 ) ;
#156 = ADVANCED_FACE ( 'NONE', ( #943 ), #944, .F. ) ;
#157 = EDGE_LOOP ( 'NONE', ( #182, #148, #174, #152 ) ) ;
#158 = EDGE_LOOP ( 'NONE', ( #234, #209, #173, #255 ) ) ;
#159 = ORIENTED_EDGE ( 'NONE', *, *, #210, .F. ) ;
#160 = EDGE_CURVE ( 'NONE', #202, #596, #953, .T. ) ;
#161 = EDGE_LOOP ( 'NONE', ( #254, #304, #203, #224 ) ) ;
#162 = ADVANCED_FACE ( 'NONE', ( #945 ), #990, .F. ) ;
#163 = ORIENTED_EDGE ( 'NONE', *, *, #206, .T. ) ;
#164 = ORIENTED_EDGE ( 'NONE', *, *, #214, .T. ) ;
#165 = VERTEX_POINT ( 'NONE', #1003 ) ;
#166 = ORIENTED_EDGE ( 'NONE', *, *, #168, .T. ) ;
#167 = ORIENTED_EDGE ( 'NONE', *, *, #1084, .F. ) ;
#168 = EDGE_CURVE ( 'NONE', #61, #16, #974, .T. ) ;
#169 = ORIENTED_EDGE ( 'NONE', *, *, #31, .F. ) ;
#170 = ORIENTED_EDGE ( 'NONE', *, *, #771, .F. ) ;
#171 = ORIENTED_EDGE ( 'NONE', *, *, #1028, .F. ) ;
#172 = EDGE_LOOP ( 'NONE', ( #163, #252, #310 ) ) ;
#173 = ORIENTED_EDGE ( 'NONE', *, *, #851, .T. ) ;
#174 = ORIENTED_EDGE ( 'NONE', *, *, #119, .F. ) ;
#175 = VERTEX_POINT ( 'NONE', #978 ) ;
#176 = ORIENTED_EDGE ( 'NONE', *, *, #194, .T. ) ;
#177 = EDGE_LOOP ( 'NONE', ( #189, #334, #188, #201 ) ) ;
#178 = EDGE_CURVE ( 'NONE', #830, #852, #982, .T. ) ;
#179 = EDGE_CURVE ( 'NONE', #782, #843, #986, .T. ) ;
#180 = ORIENTED_EDGE ( 'NONE', *, *, #79, .F. ) ;
#181 = VERTEX_POINT ( 'NONE', #984 ) ;
#182 = ORIENTED_EDGE ( 'NONE', *, *, #151, .T. ) ;
#183 = EDGE_LOOP ( 'NONE', ( #171, #193, #191, #170 ) ) ;
#184 = ADVANCED_FACE ( 'NONE', ( #983 ), #951, .F. ) ;
#185 = ADVANCED_FACE ( 'NONE', ( #959, #955 ), #1012, .T. ) ;
#186 = ORIENTED_EDGE ( 'NONE', *, *, #804, .T. ) ;
#187 = ADVANCED_FACE ( 'NONE', ( #950 ), #2083, .F. ) ;
#188 = ORIENTED_EDGE ( 'NONE', *, *, #850, .T. ) ;
#189 = ORIENTED_EDGE ( 'NONE', *, *, #794, .F. ) ;
#190 = ADVANCED_FACE ( 'NONE', ( #2086 ), #1090, .T. ) ;
#191 = ORIENTED_EDGE ( 'NONE', *, *, #160, .T. ) ;
#192 = ORIENTED_EDGE ( 'NONE', *, *, #198, .T. ) ;
#193 = ORIENTED_EDGE ( 'NONE', *, *, #204, .F. ) ;
#194 = EDGE_CURVE ( 'NONE', #181, #155, #1103, .T. ) ;
#195 = ORIENTED_EDGE ( 'NONE', *, *, #93, .T. ) ;
#196 = EDGE_CURVE ( 'NONE', #155, #165, #1096, .T. ) ;
#197 = VERTEX_POINT ( 'NONE', #1122 ) ;
#198 = EDGE_CURVE ( 'NONE', #142, #165, #1123, .T. ) ;
#199 = EDGE_LOOP ( 'NONE', ( #213, #164, #159, #192 ) ) ;
#200 = ORIENTED_EDGE ( 'NONE', *, *, #198, .F. ) ;
#201 = ORIENTED_EDGE ( 'NONE', *, *, #179, .F. ) ;
#202 = VERTEX_POINT ( 'NONE', #1110 ) ;
#203 = ORIENTED_EDGE ( 'NONE', *, *, #205, .T. ) ;
#204 = EDGE_CURVE ( 'NONE', #202, #28, #1112, .T. ) ;
#205 = EDGE_CURVE ( 'NONE', #275, #1025, #1113, .T. ) ;
#206 = EDGE_CURVE ( 'NONE', #15, #202, #1137, .T. ) ;
#207 = ORIENTED_EDGE ( 'NONE', *, *, #139, .F. ) ;
#208 = ORIENTED_EDGE ( 'NONE', *, *, #211, .T. ) ;
#209 = ORIENTED_EDGE ( 'NONE', *, *, #253, .T. ) ;
#210 = EDGE_CURVE ( 'NONE', #142, #154, #1169, .T. ) ;
#211 = EDGE_CURVE ( 'NONE', #126, #120, #1136, .T. ) ;
#212 = EDGE_CURVE ( 'NONE', #165, #197, #1192, .T. ) ;
#213 = ORIENTED_EDGE ( 'NONE', *, *, #212, .T. ) ;
#214 = EDGE_CURVE ( 'NONE', #197, #154, #1166, .T. ) ;
#215 = ADVANCED_FACE ( 'NONE', ( #1186 ), #1167, .F. ) ;
#216 = EDGE_CURVE ( 'NONE', #175, #127, #1140, .T. ) ;
#217 = ADVANCED_FACE ( 'NONE', ( #1191 ), #1187, .F. ) ;
#218 = ORIENTED_EDGE ( 'NONE', *, *, #210, .T. ) ;
#219 = ORIENTED_EDGE ( 'NONE', *, *, #139, .T. ) ;
#220 = ORIENTED_EDGE ( 'NONE', *, *, #305, .T. ) ;
#221 = EDGE_LOOP ( 'NONE', ( #342, #241, #268, #239 ) ) ;
#222 = ORIENTED_EDGE ( 'NONE', *, *, #826, .T. ) ;
#223 = EDGE_LOOP ( 'NONE', ( #338, #306, #274 ) ) ;
#224 = ORIENTED_EDGE ( 'NONE', *, *, #1064, .F. ) ;
#225 = EDGE_CURVE ( 'NONE', #791, #783, #1147, .T. ) ;
#226 = ADVANCED_FACE ( 'NONE', ( #1182, #1134, #1133 ), #1160, .F. ) ;
#227 = ORIENTED_EDGE ( 'NONE', *, *, #848, .F. ) ;
#228 = ORIENTED_EDGE ( 'NONE', *, *, #225, .F. ) ;
#229 = ORIENTED_EDGE ( 'NONE', *, *, #247, .T. ) ;
#230 = EDGE_CURVE ( 'NONE', #154, #758, #1145, .T. ) ;
#231 = EDGE_LOOP ( 'NONE', ( #222, #303 ) ) ;
#232 = ORIENTED_EDGE ( 'NONE', *, *, #230, .F. ) ;
#233 = ORIENTED_EDGE ( 'NONE', *, *, #1044, .F. ) ;
#234 = ORIENTED_EDGE ( 'NONE', *, *, #829, .F. ) ;
#235 = EDGE_LOOP ( 'NONE', ( #271, #322, #270, #261 ) ) ;
#236 = ORIENTED_EDGE ( 'NONE', *, *, #263, .T. ) ;
#237 = ORIENTED_EDGE ( 'NONE', *, *, #263, .F. ) ;
#238 = ORIENTED_EDGE ( 'NONE', *, *, #854, .T. ) ;
#239 = ORIENTED_EDGE ( 'NONE', *, *, #260, .T. ) ;
#240 = ORIENTED_EDGE ( 'NONE', *, *, #725, .T. ) ;
#241 = ORIENTED_EDGE ( 'NONE', *, *, #317, .F. ) ;
#242 = EDGE_CURVE ( 'NONE', #732, #1041, #1097, .T. ) ;
#243 = ORIENTED_EDGE ( 'NONE', *, *, #242, .T. ) ;
#244 = ADVANCED_FACE ( 'NONE', ( #1154 ), #1306, .F. ) ;
#245 = EDGE_CURVE ( 'NONE', #275, #1041, #1287, .T. ) ;
#246 = EDGE_LOOP ( 'NONE', ( #286, #296, #295, #307 ) ) ;
#247 = EDGE_CURVE ( 'NONE', #772, #181, #1302, .T. ) ;
#248 = ORIENTED_EDGE ( 'NONE', *, *, #145, .F. ) ;
#249 = ORIENTED_EDGE ( 'NONE', *, *, #293, .T. ) ;
#250 = EDGE_LOOP ( 'NONE', ( #298, #297, #294, #249 ) ) ;
#251 = ADVANCED_FACE ( 'NONE', ( #1152 ), #1378, .F. ) ;
#252 = ORIENTED_EDGE ( 'NONE', *, *, #204, .T. ) ;
#253 = EDGE_CURVE ( 'NONE', #827, #853, #1375, .T. ) ;
#254 = ORIENTED_EDGE ( 'NONE', *, *, #1058, .F. ) ;
#255 = ORIENTED_EDGE ( 'NONE', *, *, #178, .F. ) ;
#256 = ADVANCED_FACE ( 'NONE', ( #1381 ), #1354, .T. ) ;
#257 = ORIENTED_EDGE ( 'NONE', *, *, #724, .T. ) ;
#258 = ORIENTED_EDGE ( 'NONE', *, *, #1079, .F. ) ;
#259 = ORIENTED_EDGE ( 'NONE', *, *, #331, .F. ) ;
#260 = EDGE_CURVE ( 'NONE', #704, #202, #1368, .T. ) ;
#261 = ORIENTED_EDGE ( 'NONE', *, *, #1069, .F. ) ;
#262 = ADVANCED_FACE ( 'NONE', ( #1362 ), #1361, .F. ) ;
#263 = EDGE_CURVE ( 'NONE', #711, #275, #1385, .T. ) ;
#264 = ORIENTED_EDGE ( 'NONE', *, *, #245, .F. ) ;
#265 = EDGE_LOOP ( 'NONE', ( #266, #236, #259, #258 ) ) ;
#266 = ORIENTED_EDGE ( 'NONE', *, *, #717, .T. ) ;
#267 = ADVANCED_FACE ( 'NONE', ( #1161 ), #1163, .F. ) ;
#268 = ORIENTED_EDGE ( 'NONE', *, *, #737, .T. ) ;
#269 = EDGE_LOOP ( 'NONE', ( #264, #237, #257, #243 ) ) ;
#270 = ORIENTED_EDGE ( 'NONE', *, *, #707, .T. ) ;
#271 = ORIENTED_EDGE ( 'NONE', *, *, #55, .T. ) ;
#272 = EDGE_LOOP ( 'NONE', ( #300, #302 ) ) ;
#273 = EDGE_LOOP ( 'NONE', ( #285, #287, #248, #299 ) ) ;
#274 = ORIENTED_EDGE ( 'NONE', *, *, #205, .F. ) ;
#275 = VERTEX_POINT ( 'NONE', #1216 ) ;
#276 = EDGE_LOOP ( 'NONE', ( #233, #291, #220 ) ) ;
#277 = ADVANCED_FACE ( 'NONE', ( #1207, #1209, #1206 ), #1210, .T. ) ;
#278 = ORIENTED_EDGE ( 'NONE', *, *, #293, .F. ) ;
#279 = ORIENTED_EDGE ( 'NONE', *, *, #763, .T. ) ;
#280 = ORIENTED_EDGE ( 'NONE', *, *, #196, .F. ) ;
#281 = ORIENTED_EDGE ( 'NONE', *, *, #98, .T. ) ;
#282 = ORIENTED_EDGE ( 'NONE', *, *, #253, .F. ) ;
#283 = EDGE_LOOP ( 'NONE', ( #281, #314, #312, #318 ) ) ;
#284 = EDGE_LOOP ( 'NONE', ( #319, #316, #289, #329 ) ) ;
#285 = ORIENTED_EDGE ( 'NONE', *, *, #149, .F. ) ;
#286 = ORIENTED_EDGE ( 'NONE', *, *, #133, .F. ) ;
#287 = ORIENTED_EDGE ( 'NONE', *, *, #211, .F. ) ;
#288 = ADVANCED_FACE ( 'NONE', ( #1212 ), #1203, .T. ) ;
#289 = ORIENTED_EDGE ( 'NONE', *, *, #317, .T. ) ;
#290 = EDGE_LOOP ( 'NONE', ( #280, #278, #341, #330, #292 ) ) ;
#291 = ORIENTED_EDGE ( 'NONE', *, *, #1052, .F. ) ;
#292 = ORIENTED_EDGE ( 'NONE', *, *, #212, .F. ) ;
#293 = EDGE_CURVE ( 'NONE', #761, #155, #1217, .T. ) ;
#294 = ORIENTED_EDGE ( 'NONE', *, *, #733, .T. ) ;
#295 = ORIENTED_EDGE ( 'NONE', *, *, #589, .F. ) ;
#296 = ORIENTED_EDGE ( 'NONE', *, *, #583, .F. ) ;
#297 = ORIENTED_EDGE ( 'NONE', *, *, #247, .F. ) ;
#298 = ORIENTED_EDGE ( 'NONE', *, *, #194, .F. ) ;
#299 = ORIENTED_EDGE ( 'NONE', *, *, #216, .F. ) ;
#300 = ORIENTED_EDGE ( 'NONE', *, *, #807, .T. ) ;
#301 = ORIENTED_EDGE ( 'NONE', *, *, #613, .F. ) ;
#302 = ORIENTED_EDGE ( 'NONE', *, *, #179, .T. ) ;
#303 = ORIENTED_EDGE ( 'NONE', *, *, #178, .T. ) ;
#304 = ORIENTED_EDGE ( 'NONE', *, *, #331, .T. ) ;
#305 = EDGE_CURVE ( 'NONE', #1022, #32, #1107, .T. ) ;
#306 = ORIENTED_EDGE ( 'NONE', *, *, #1048, .F. ) ;
#307 = ORIENTED_EDGE ( 'NONE', *, *, #124, .F. ) ;
#308 = EDGE_LOOP ( 'NONE', ( #301, #228 ) ) ;
#309 = ADVANCED_FACE ( 'NONE', ( #1236 ), #1229, .T. ) ;
#310 = ORIENTED_EDGE ( 'NONE', *, *, #2, .F. ) ;
#311 = ADVANCED_FACE ( 'NONE', ( #1232 ), #1202, .T. ) ;
#312 = ORIENTED_EDGE ( 'NONE', *, *, #313, .F. ) ;
#313 = EDGE_CURVE ( 'NONE', #16, #736, #1246, .T. ) ;
#314 = ORIENTED_EDGE ( 'NONE', *, *, #749, .T. ) ;
#315 = ORIENTED_EDGE ( 'NONE', *, *, #214, .F. ) ;
#316 = ORIENTED_EDGE ( 'NONE', *, *, #752, .T. ) ;
#317 = EDGE_CURVE ( 'NONE', #700, #15, #1255, .T. ) ;
#318 = ORIENTED_EDGE ( 'NONE', *, *, #168, .F. ) ;
#319 = ORIENTED_EDGE ( 'NONE', *, *, #313, .T. ) ;
#320 = ORIENTED_EDGE ( 'NONE', *, *, #260, .F. ) ;
#321 = EDGE_LOOP ( 'NONE', ( #238, #323, #320, #240 ) ) ;
#322 = ORIENTED_EDGE ( 'NONE', *, *, #855, .T. ) ;
#323 = ORIENTED_EDGE ( 'NONE', *, *, #160, .F. ) ;
#324 = ADVANCED_FACE ( 'NONE', ( #1265 ), #1195, .F. ) ;
#325 = ORIENTED_EDGE ( 'NONE', *, *, #762, .T. ) ;
#326 = ORIENTED_EDGE ( 'NONE', *, *, #327, .T. ) ;
#327 = EDGE_CURVE ( 'NONE', #197, #768, #1205, .T. ) ;
#328 = EDGE_LOOP ( 'NONE', ( #279, #229, #219, #218, #336 ) ) ;
#329 = ORIENTED_EDGE ( 'NONE', *, *, #101, .T. ) ;
#330 = ORIENTED_EDGE ( 'NONE', *, *, #327, .F. ) ;
#331 = EDGE_CURVE ( 'NONE', #1057, #275, #1227, .T. ) ;
#332 = ADVANCED_FACE ( 'NONE', ( #1273 ), #1278, .T. ) ;
#333 = EDGE_LOOP ( 'NONE', ( #167, #169, #166 ) ) ;
#334 = ORIENTED_EDGE ( 'NONE', *, *, #225, .T. ) ;
#335 = EDGE_LOOP ( 'NONE', ( #227, #282 ) ) ;
#336 = ORIENTED_EDGE ( 'NONE', *, *, #230, .T. ) ;
#337 = ADVANCED_FACE ( 'NONE', ( #1305, #1303, #1293 ), #1253, .F. ) ;
#338 = ORIENTED_EDGE ( 'NONE', *, *, #245, .T. ) ;
#339 = ADVANCED_FACE ( 'NONE', ( #1308 ), #1256, .F. ) ;
#340 = EDGE_LOOP ( 'NONE', ( #326, #325, #232, #315 ) ) ;
#341 = ORIENTED_EDGE ( 'NONE', *, *, #766, .T. ) ;
#342 = ORIENTED_EDGE ( 'NONE', *, *, #206, .F. ) ;
#343 = EDGE_LOOP ( 'NONE', ( #359, #371, #394, #396 ) ) ;
#344 = ORIENTED_EDGE ( 'NONE', *, *, #604, .F. ) ;
#345 = DIRECTION ( 'NONE',  ( -3.430253043418263200E-015, 2.051032064707265100E-010, -1.000000000000000000 ) ) ;
#346 = DIRECTION ( 'NONE',  ( 1.000000000000000000, 0.0000000000000000000, -3.491483361109382100E-015 ) ) ;
#347 = CARTESIAN_POINT ( 'NONE',  ( -0.1500000000000432700, 22.19999999999999600, -12.40000000000000000 ) ) ;
#348 = CARTESIAN_POINT ( 'NONE',  ( -0.1500000000000495700, 23.00000000000000000, -14.20000000000000100 ) ) ;
#349 = AXIS2_PLACEMENT_3D ( 'NONE', #431, #433, #532 ) ;
#350 = DIRECTION ( 'NONE',  ( 1.000000000000000000, 0.0000000000000000000, -3.491483361109382100E-015 ) ) ;
#351 = VECTOR ( 'NONE', #350, 1000.000000000000000 ) ;
#352 = CARTESIAN_POINT ( 'NONE',  ( -4.329439367775633600E-014, 23.89999999999999900, -12.40000000000000000 ) ) ;
#353 = FACE_OUTER_BOUND ( 'NONE', #22, .T. ) ;
#354 = CARTESIAN_POINT ( 'NONE',  ( -3.491483361109382400E-016, 16.25000000000000000, -0.1000000000000000100 ) ) ;
#355 = DIRECTION ( 'NONE',  ( -1.000000000000000000, 1.541976423090495200E-014, 3.854941057726237900E-015 ) ) ;
#356 = AXIS2_PLACEMENT_3D ( 'NONE', #379, #345, #355 ) ;
#357 = ORIENTED_EDGE ( 'NONE', *, *, #695, .T. ) ;
#358 = EDGE_LOOP ( 'NONE', ( #370, #367, #385, #386 ) ) ;
#359 = ORIENTED_EDGE ( 'NONE', *, *, #1043, .T. ) ;
#360 = VECTOR ( 'NONE', #363, 1000.000000000000000 ) ;
#361 = DIRECTION ( 'NONE',  ( 3.493540333564404000E-015, 0.0000000000000000000, 1.000000000000000000 ) ) ;
#362 = DIRECTION ( 'NONE',  ( -3.491768761387139100E-015, 0.0000000000000000000, -1.000000000000000000 ) ) ;
#363 = DIRECTION ( 'NONE',  ( -1.000000000000000000, 0.0000000000000000000, 3.491483361109382100E-015 ) ) ;
#364 = DIRECTION ( 'NONE',  ( -1.000000000000000000, 0.0000000000000000000, 3.491483361109382100E-015 ) ) ;
#365 = AXIS2_PLACEMENT_3D ( 'NONE', #347, #346, #362 ) ;
#366 = LINE ( 'NONE', #354, #360 ) ;
#367 = ORIENTED_EDGE ( 'NONE', *, *, #619, .F. ) ;
#368 = ADVANCED_FACE ( 'NONE', ( #1238 ), #1286, .F. ) ;
#369 = ORIENTED_EDGE ( 'NONE', *, *, #859, .T. ) ;
#370 = ORIENTED_EDGE ( 'NONE', *, *, #620, .T. ) ;
#371 = ORIENTED_EDGE ( 'NONE', *, *, #242, .F. ) ;
#372 = EDGE_LOOP ( 'NONE', ( #369, #397, #387, #399 ) ) ;
#373 = VECTOR ( 'NONE', #383, 1000.000000000000000 ) ;
#374 = CARTESIAN_POINT ( 'NONE',  ( 0.1499999999999507600, 23.00000000000000000, -14.10000000160000000 ) ) ;
#375 = CYLINDRICAL_SURFACE ( 'NONE', #384, 1.799999999999999600 ) ;
#376 = LINE ( 'NONE', #352, #351 ) ;
#377 = CARTESIAN_POINT ( 'NONE',  ( -0.1500000000000432700, 23.89999999999999900, -12.40000000000000000 ) ) ;
#378 = CIRCLE ( 'NONE', #356, 1.800000000000000000 ) ;
#379 = CARTESIAN_POINT ( 'NONE',  ( -2.200000000000039300, 22.19999999999995700, -11.19999999999999200 ) ) ;
#380 = CARTESIAN_POINT ( 'NONE',  ( -0.1500000000000432700, 22.19999999999999600, -12.40000000000000000 ) ) ;
#381 = CYLINDRICAL_SURFACE ( 'NONE', #365, 1.700000000000000200 ) ;
#382 = CARTESIAN_POINT ( 'NONE',  ( 0.1499999999999567000, 23.89999999999999900, -12.40000000000000000 ) ) ;
#383 = DIRECTION ( 'NONE',  ( 0.0000000000000000000, 1.000000000000000000, 0.0000000000000000000 ) ) ;
#384 = AXIS2_PLACEMENT_3D ( 'NONE', #380, #364, #361 ) ;
#385 = ORIENTED_EDGE ( 'NONE', *, *, #699, .T. ) ;
#386 = ORIENTED_EDGE ( 'NONE', *, *, #677, .F. ) ;
#387 = ORIENTED_EDGE ( 'NONE', *, *, #393, .F. ) ;
#388 = ADVANCED_FACE ( 'NONE', ( #1325 ), #1331, .F. ) ;
#389 = ADVANCED_FACE ( 'NONE', ( #1318 ), #1288, .F. ) ;
#390 = ADVANCED_FACE ( 'NONE', ( #1388 ), #1422, .T. ) ;
#391 = LINE ( 'NONE', #374, #373 ) ;
#392 = ORIENTED_EDGE ( 'NONE', *, *, #673, .F. ) ;
#393 = EDGE_CURVE ( 'NONE', #112, #1022, #1423, .T. ) ;
#394 = ORIENTED_EDGE ( 'NONE', *, *, #731, .T. ) ;
#395 = EDGE_LOOP ( 'NONE', ( #344, #398, #392, #357 ) ) ;
#396 = ORIENTED_EDGE ( 'NONE', *, *, #393, .T. ) ;
#397 = ORIENTED_EDGE ( 'NONE', *, *, #305, .F. ) ;
#398 = ORIENTED_EDGE ( 'NONE', *, *, #625, .T. ) ;
#399 = ORIENTED_EDGE ( 'NONE', *, *, #111, .T. ) ;
#400 = CLOSED_SHELL ( 'NONE', ( #601, #793, #828, #842, #821, #813, #658, #663, #678, #621, #634, #630, #669, #661, #713, #716, #686, #770, #7, #37, #52, #49, #56, #107, #2088, #42, #25, #17, #600, #1036, #1080, #1024, #1047, #1055, #595, #594, #598, #123, #575, #125, #156, #137, #215, #185, #217, #187, #184, #162, #190, #309, #251, #244, #339, #277, #337, #226, #311, #288, #332, #267, #324, #262, #256, #388, #390, #389, #368 ) ) ;
#401 = DIRECTION ( 'NONE',  ( 1.000000000000000000, -0.0000000000000000000, -3.491483361109382100E-015 ) ) ;
#402 = DIRECTION ( 'NONE',  ( 1.000000000000000000, 0.0000000000000000000, -3.491483361109382100E-015 ) ) ;
#403 = DIRECTION ( 'NONE',  ( -3.491768761387139100E-015, 0.0000000000000000000, -1.000000000000000000 ) ) ;
#404 = DIRECTION ( 'NONE',  ( 1.000000000000000000, 0.0000000000000000000, -3.491483361109382100E-015 ) ) ;
#405 = CARTESIAN_POINT ( 'NONE',  ( -0.1500000000000432700, 22.19999999999999600, -12.40000000000000000 ) ) ;
#406 = AXIS2_PLACEMENT_3D ( 'NONE', #405, #404, #403 ) ;
#407 = CIRCLE ( 'NONE', #406, 1.700000000000000200 ) ;
#408 = DIRECTION ( 'NONE',  ( 0.0000000000000000000, -1.000000000000000000, -0.0000000000000000000 ) ) ;
#409 = VECTOR ( 'NONE', #408, 1000.000000000000000 ) ;
#410 = CARTESIAN_POINT ( 'NONE',  ( -2.200000000000049500, 22.14999999999999900, -14.19999999999999400 ) ) ;
#411 = LINE ( 'NONE', #410, #409 ) ;
#412 = CARTESIAN_POINT ( 'NONE',  ( -2.200000008815433400, 24.00000000000000000, -12.39999999981539400 ) ) ;
#413 = CARTESIAN_POINT ( 'NONE',  ( -4.000000000000043500, 22.19999999982689000, -12.39999999999998600 ) ) ;
#414 = LINE ( 'NONE', #418, #420 ) ;
#415 = DIRECTION ( 'NONE',  ( -1.000000000000000000, 0.0000000000000000000, 3.491483361109382100E-015 ) ) ;
#416 = AXIS2_PLACEMENT_3D ( 'NONE', #426, #429, #428 ) ;
#417 = CARTESIAN_POINT ( 'NONE',  ( -4.000000000000039100, 22.19999999982689000, -11.20000000034620600 ) ) ;
#418 = CARTESIAN_POINT ( 'NONE',  ( -1.175000000000043300, 24.00000000000000000, -12.39999999999999700 ) ) ;
#419 = LINE ( 'NONE', #424, #422 ) ;
#420 = VECTOR ( 'NONE', #402, 1000.000000000000000 ) ;
#421 = CIRCLE ( 'NONE', #435, 1.799999999999999600 ) ;
#422 = VECTOR ( 'NONE', #401, 1000.000000000000000 ) ;
#423 = DIRECTION ( 'NONE',  ( 3.493540333564404000E-015, 0.0000000000000000000, 1.000000000000000000 ) ) ;
#424 = CARTESIAN_POINT ( 'NONE',  ( 1.174999999999950300, 22.19999999926162500, -14.20000000000000500 ) ) ;
#425 = CYLINDRICAL_SURFACE ( 'NONE', #416, 1.800000000000000000 ) ;
#426 = CARTESIAN_POINT ( 'NONE',  ( -2.200000000000039300, 22.19999999999999600, -11.19999999999999200 ) ) ;
#427 = FACE_OUTER_BOUND ( 'NONE', #13, .T. ) ;
#428 = DIRECTION ( 'NONE',  ( -1.000000000000000000, 0.0000000000000000000, 3.854941057726237900E-015 ) ) ;
#429 = DIRECTION ( 'NONE',  ( -3.491483361109382100E-015, 0.0000000000000000000, -1.000000000000000000 ) ) ;
#430 = LINE ( 'NONE', #348, #488 ) ;
#431 = CARTESIAN_POINT ( 'NONE',  ( -6.230029342339328600E-014, -6.843502884000003000, -17.84350288400000300 ) ) ;
#432 = CARTESIAN_POINT ( 'NONE',  ( -0.1500000000000432700, 22.19999999999999600, -12.40000000000000000 ) ) ;
#433 = DIRECTION ( 'NONE',  ( 1.893866529835774900E-015, 0.7071067811865475700, 0.7071067811865475700 ) ) ;
#434 = FACE_OUTER_BOUND ( 'NONE', #41, .T. ) ;
#435 = AXIS2_PLACEMENT_3D ( 'NONE', #432, #415, #423 ) ;
#436 = AXIS2_PLACEMENT_3D ( 'NONE', #543, #542, #466 ) ;
#437 = CARTESIAN_POINT ( 'NONE',  ( 0.1499999999999567000, 22.19999999999999600, -12.40000000000000000 ) ) ;
#438 = DIRECTION ( 'NONE',  ( -3.491768761387139100E-015, 0.0000000000000000000, -1.000000000000000000 ) ) ;
#439 = DIRECTION ( 'NONE',  ( 1.000000000000000000, 0.0000000000000000000, -3.491483361109382100E-015 ) ) ;
#440 = DIRECTION ( 'NONE',  ( 0.0000000000000000000, 1.000000000000000000, 0.0000000000000000000 ) ) ;
#441 = AXIS2_PLACEMENT_3D ( 'NONE', #445, #444, #440 ) ;
#442 = FACE_OUTER_BOUND ( 'NONE', #95, .T. ) ;
#443 = CARTESIAN_POINT ( 'NONE',  ( -3.250000000000000400, 10.24999999999999800, -0.09999999999998866700 ) ) ;
#444 = DIRECTION ( 'NONE',  ( -3.491483361109382100E-015, 0.0000000000000000000, -1.000000000000000000 ) ) ;
#445 = CARTESIAN_POINT ( 'NONE',  ( -3.250000000000000400, 4.250000000000000000, -0.09999999999998866700 ) ) ;
#446 = FACE_OUTER_BOUND ( 'NONE', #62, .T. ) ;
#447 = CYLINDRICAL_SURFACE ( 'NONE', #464, 1.700000000000000200 ) ;
#448 = CIRCLE ( 'NONE', #509, 1.700000000000000200 ) ;
#449 = CARTESIAN_POINT ( 'NONE',  ( -0.1500000000000331600, 22.19999999965132200, -9.499999999199999900 ) ) ;
#450 = CARTESIAN_POINT ( 'NONE',  ( 0.1499999999999668000, 22.19999999965132200, -9.499999999199999900 ) ) ;
#451 = DIRECTION ( 'NONE',  ( -3.491768761387139100E-015, 0.0000000000000000000, -1.000000000000000000 ) ) ;
#452 = DIRECTION ( 'NONE',  ( 1.000000000000000000, 0.0000000000000000000, -3.491483361109382100E-015 ) ) ;
#453 = CARTESIAN_POINT ( 'NONE',  ( 0.1499999999999608900, 22.19999999999999600, -11.19999999999999900 ) ) ;
#454 = AXIS2_PLACEMENT_3D ( 'NONE', #453, #452, #451 ) ;
#455 = DIRECTION ( 'NONE',  ( 1.000000000000000000, 0.0000000000000000000, -3.491483361109382100E-015 ) ) ;
#456 = DIRECTION ( 'NONE',  ( 3.491483361109382100E-015, 0.0000000000000000000, 1.000000000000000000 ) ) ;
#457 = FACE_OUTER_BOUND ( 'NONE', #33, .T. ) ;
#458 = PLANE ( 'NONE',  #512 ) ;
#459 = CARTESIAN_POINT ( 'NONE',  ( 0.1499999999999504200, 22.09999999999999800, -14.20000000000000100 ) ) ;
#460 = DIRECTION ( 'NONE',  ( -3.491483361109382100E-015, 0.0000000000000000000, -1.000000000000000000 ) ) ;
#461 = DIRECTION ( 'NONE',  ( 0.0000000000000000000, -1.000000000000000000, -0.0000000000000000000 ) ) ;
#462 = CARTESIAN_POINT ( 'NONE',  ( -3.250000000000000400, 16.25000000000000000, -0.09999999999998866700 ) ) ;
#463 = PLANE ( 'NONE',  #477 ) ;
#464 = AXIS2_PLACEMENT_3D ( 'NONE', #469, #439, #438 ) ;
#465 = CARTESIAN_POINT ( 'NONE',  ( -3.250000000000000400, 2.749999999999999100, -0.09999999999998866700 ) ) ;
#466 = DIRECTION ( 'NONE',  ( 0.0000000000000000000, -1.000000000000000000, -0.0000000000000000000 ) ) ;
#467 = FACE_OUTER_BOUND ( 'NONE', #58, .T. ) ;
#468 = CARTESIAN_POINT ( 'NONE',  ( -0.1500000000000391000, 23.89999999999999900, -11.19999999999999900 ) ) ;
#469 = CARTESIAN_POINT ( 'NONE',  ( -0.1500000000000391000, 22.19999999999999600, -11.19999999999999900 ) ) ;
#470 = CIRCLE ( 'NONE', #454, 1.700000000000000200 ) ;
#471 = DIRECTION ( 'NONE',  ( 1.000000000000000000, 0.0000000000000000000, -3.491483361109382100E-015 ) ) ;
#472 = CARTESIAN_POINT ( 'NONE',  ( -2.200000017630828500, 22.19999999999999600, -12.39999999999999300 ) ) ;
#473 = CIRCLE ( 'NONE', #490, 1.799999999999970100 ) ;
#474 = CARTESIAN_POINT ( 'NONE',  ( -0.1500000000000432700, 24.00000000000000000, -12.40000000000000000 ) ) ;
#475 = PLANE ( 'NONE',  #441 ) ;
#476 = CARTESIAN_POINT ( 'NONE',  ( 3.249999999999999600, -2.750000000000002700, -0.1000000000000113400 ) ) ;
#477 = AXIS2_PLACEMENT_3D ( 'NONE', #468, #461, #460 ) ;
#478 = DIRECTION ( 'NONE',  ( -3.491768761387139100E-015, 0.0000000000000000000, -1.000000000000000000 ) ) ;
#479 = DIRECTION ( 'NONE',  ( 1.000000000000000000, 0.0000000000000000000, -3.491483361109382100E-015 ) ) ;
#480 = AXIS2_PLACEMENT_3D ( 'NONE', #482, #537, #487 ) ;
#481 = CARTESIAN_POINT ( 'NONE',  ( -2.200000004407734400, 24.00000000000000000, -11.20000000018459300 ) ) ;
#482 = CARTESIAN_POINT ( 'NONE',  ( -5.870194701738678600E-014, -5.500000000000001800, -16.50000000000000000 ) ) ;
#483 = DIRECTION ( 'NONE',  ( 3.491483361109382100E-015, 0.0000000000000000000, 1.000000000000000000 ) ) ;
#484 = VECTOR ( 'NONE', #483, 1000.000000000000000 ) ;
#485 = CARTESIAN_POINT ( 'NONE',  ( -0.1500000000000411800, 23.89999999999999900, -11.79999999999999900 ) ) ;
#486 = LINE ( 'NONE', #485, #484 ) ;
#487 = DIRECTION ( 'NONE',  ( 2.468851561040444400E-015, -0.7071067811865475700, 0.7071067811865475700 ) ) ;
#488 = VECTOR ( 'NONE', #533, 1000.000000000000000 ) ;
#489 = FACE_OUTER_BOUND ( 'NONE', #63, .T. ) ;
#490 = AXIS2_PLACEMENT_3D ( 'NONE', #472, #471, #492 ) ;
#491 = CARTESIAN_POINT ( 'NONE',  ( 2.199999992779760700, 22.19999999972310800, -14.20000000000000800 ) ) ;
#492 = DIRECTION ( 'NONE',  ( -3.373073425510514500E-015, 0.0000000000000000000, -1.000000000000000000 ) ) ;
#493 = DIRECTION ( 'NONE',  ( 0.0000000000000000000, -1.000000000000000000, -0.0000000000000000000 ) ) ;
#494 = CARTESIAN_POINT ( 'NONE',  ( 0.1499999999999504200, 23.00000000000000000, -14.20000000000000100 ) ) ;
#495 = DIRECTION ( 'NONE',  ( 0.0000000000000000000, 1.000000000000000000, 0.0000000000000000000 ) ) ;
#496 = VECTOR ( 'NONE', #495, 1000.000000000000000 ) ;
#497 = LINE ( 'NONE', #494, #524 ) ;
#498 = CARTESIAN_POINT ( 'NONE',  ( 3.249999999999999600, 16.25000000000000000, -0.1000000000000113400 ) ) ;
#499 = CARTESIAN_POINT ( 'NONE',  ( 3.249999999999999600, 10.24999999999999800, -0.1000000000000113400 ) ) ;
#500 = LINE ( 'NONE', #499, #496 ) ;
#501 = CARTESIAN_POINT ( 'NONE',  ( -3.250000000000000400, -2.750000000000002700, -0.09999999999998866700 ) ) ;
#502 = DIRECTION ( 'NONE',  ( -1.000000000000000000, 0.0000000000000000000, 3.491483361109382100E-015 ) ) ;
#503 = VECTOR ( 'NONE', #502, 1000.000000000000000 ) ;
#504 = CARTESIAN_POINT ( 'NONE',  ( -3.491483361109382400E-016, 2.749999999999999100, -0.1000000000000000100 ) ) ;
#505 = LINE ( 'NONE', #504, #503 ) ;
#506 = CARTESIAN_POINT ( 'NONE',  ( 0.1499999999999608900, 23.89999999999999900, -11.19999999982566100 ) ) ;
#507 = CARTESIAN_POINT ( 'NONE',  ( -3.250000000000000400, 4.250000000000000000, -0.09999999999998866700 ) ) ;
#508 = LINE ( 'NONE', #443, #518 ) ;
#509 = AXIS2_PLACEMENT_3D ( 'NONE', #437, #479, #478 ) ;
#510 = CARTESIAN_POINT ( 'NONE',  ( 3.249999999999999600, 2.749999999999999100, -0.1000000000000113400 ) ) ;
#511 = LINE ( 'NONE', #516, #515 ) ;
#512 = AXIS2_PLACEMENT_3D ( 'NONE', #459, #456, #455 ) ;
#513 = PLANE ( 'NONE',  #436 ) ;
#514 = DIRECTION ( 'NONE',  ( -1.000000000000000000, -0.0000000000000000000, 3.491483361109382100E-015 ) ) ;
#515 = VECTOR ( 'NONE', #514, 1000.000000000000000 ) ;
#516 = CARTESIAN_POINT ( 'NONE',  ( -3.316909193053913000E-014, 22.19999999930264400, -9.500000000000000000 ) ) ;
#517 = DIRECTION ( 'NONE',  ( 0.0000000000000000000, -1.000000000000000000, -0.0000000000000000000 ) ) ;
#518 = VECTOR ( 'NONE', #517, 1000.000000000000000 ) ;
#519 = LINE ( 'NONE', #541, #540 ) ;
#520 = DIRECTION ( 'NONE',  ( 0.0000000000000000000, -1.000000000000000000, -0.0000000000000000000 ) ) ;
#521 = VECTOR ( 'NONE', #520, 1000.000000000000000 ) ;
#522 = CARTESIAN_POINT ( 'NONE',  ( -3.250000000000000400, 0.0000000000000000000, -0.09999999999998866700 ) ) ;
#523 = LINE ( 'NONE', #522, #521 ) ;
#524 = VECTOR ( 'NONE', #493, 1000.000000000000000 ) ;
#525 = CIRCLE ( 'NONE', #480, 3.200000000287157100 ) ;
#526 = DIRECTION ( 'NONE',  ( 1.000000000000000000, 0.0000000000000000000, -3.491483361109382100E-015 ) ) ;
#527 = VECTOR ( 'NONE', #526, 1000.000000000000000 ) ;
#528 = CARTESIAN_POINT ( 'NONE',  ( 3.249999999999999600, 4.250000000000000000, -0.1000000000000113400 ) ) ;
#529 = CARTESIAN_POINT ( 'NONE',  ( -0.1500000000000391000, 23.89999999999999900, -11.19999999982566100 ) ) ;
#530 = CARTESIAN_POINT ( 'NONE',  ( -3.491483361109382400E-016, -2.750000000000002700, -0.1000000000000000100 ) ) ;
#531 = LINE ( 'NONE', #530, #527 ) ;
#532 = DIRECTION ( 'NONE',  ( 2.468851561040444400E-015, -0.7071067811865475700, 0.7071067811865475700 ) ) ;
#533 = DIRECTION ( 'NONE',  ( 0.0000000000000000000, -1.000000000000000000, -0.0000000000000000000 ) ) ;
#534 = DIRECTION ( 'NONE',  ( 0.0000000000000000000, 1.000000000000000000, 0.0000000000000000000 ) ) ;
#535 = VECTOR ( 'NONE', #534, 1000.000000000000000 ) ;
#536 = CARTESIAN_POINT ( 'NONE',  ( 3.249999999999999600, 0.0000000000000000000, -0.1000000000000113400 ) ) ;
#537 = DIRECTION ( 'NONE',  ( 1.893866529835774900E-015, 0.7071067811865475700, 0.7071067811865475700 ) ) ;
#538 = LINE ( 'NONE', #536, #535 ) ;
#539 = DIRECTION ( 'NONE',  ( 1.000000000000000000, 0.0000000000000000000, -3.491483361109382100E-015 ) ) ;
#540 = VECTOR ( 'NONE', #539, 1000.000000000000000 ) ;
#541 = CARTESIAN_POINT ( 'NONE',  ( -3.491483361109382400E-016, 4.250000000000000000, -0.1000000000000000100 ) ) ;
#542 = DIRECTION ( 'NONE',  ( 3.491483361109382100E-015, 0.0000000000000000000, 1.000000000000000000 ) ) ;
#543 = CARTESIAN_POINT ( 'NONE',  ( -3.250000000000000400, 2.749999999999999100, -0.09999999999998866700 ) ) ;
#544 = CARTESIAN_POINT ( 'NONE',  ( -2.200000004315449500, 22.19999999981540400, -14.19999999999999400 ) ) ;
#545 = CARTESIAN_POINT ( 'NONE',  ( -3.910461364320766700E-014, 23.89999999999999900, -11.19999999965132000 ) ) ;
#546 = LINE ( 'NONE', #545, #551 ) ;
#547 = CARTESIAN_POINT ( 'NONE',  ( -0.1500000000000495700, 22.19999999963081200, -14.20000000000000100 ) ) ;
#548 = CYLINDRICAL_SURFACE ( 'NONE', #349, 3.200000000287157100 ) ;
#549 = DIRECTION ( 'NONE',  ( 1.000000000000000000, -0.0000000000000000000, -3.491483361109382100E-015 ) ) ;
#550 = FACE_OUTER_BOUND ( 'NONE', #84, .T. ) ;
#551 = VECTOR ( 'NONE', #549, 1000.000000000000000 ) ;
#552 = CARTESIAN_POINT ( 'NONE',  ( -0.1500000000000391000, 22.19999999999999600, -11.19999999999999900 ) ) ;
#553 = LINE ( 'NONE', #561, #558 ) ;
#554 = AXIS2_PLACEMENT_3D ( 'NONE', #552, #563, #562 ) ;
#555 = LINE ( 'NONE', #557, #569 ) ;
#556 = CIRCLE ( 'NONE', #554, 1.700000000000000200 ) ;
#557 = CARTESIAN_POINT ( 'NONE',  ( -4.000000000000040900, 22.19999999930755800, -11.79999999999998600 ) ) ;
#558 = VECTOR ( 'NONE', #559, 1000.000000000000000 ) ;
#559 = DIRECTION ( 'NONE',  ( 1.000000000000000000, -0.0000000000000000000, -3.491483361109382100E-015 ) ) ;
#560 = CARTESIAN_POINT ( 'NONE',  ( 0.1499999999999504200, 22.19999999963081200, -14.20000000000000100 ) ) ;
#561 = CARTESIAN_POINT ( 'NONE',  ( -1.175000000000049800, 22.19999999926162500, -14.19999999999999800 ) ) ;
#562 = DIRECTION ( 'NONE',  ( -3.491768761387139100E-015, 0.0000000000000000000, -1.000000000000000000 ) ) ;
#563 = DIRECTION ( 'NONE',  ( 1.000000000000000000, 0.0000000000000000000, -3.491483361109382100E-015 ) ) ;
#564 = DIRECTION ( 'NONE',  ( 3.491483361109382100E-015, 0.0000000000000000000, 1.000000000000000000 ) ) ;
#565 = VECTOR ( 'NONE', #564, 1000.000000000000000 ) ;
#566 = CARTESIAN_POINT ( 'NONE',  ( 0.1499999999999587800, 23.89999999999999900, -11.79999999999999900 ) ) ;
#567 = LINE ( 'NONE', #566, #565 ) ;
#568 = DIRECTION ( 'NONE',  ( -3.491483361109382100E-015, -0.0000000000000000000, -1.000000000000000000 ) ) ;
#569 = VECTOR ( 'NONE', #568, 1000.000000000000000 ) ;
#570 = EDGE_CURVE ( 'NONE', #48, #132, #1387, .T. ) ;
#571 = ORIENTED_EDGE ( 'NONE', *, *, #92, .F. ) ;
#572 = ORIENTED_EDGE ( 'NONE', *, *, #124, .T. ) ;
#573 = ORIENTED_EDGE ( 'NONE', *, *, #576, .F. ) ;
#574 = ORIENTED_EDGE ( 'NONE', *, *, #1064, .T. ) ;
#575 = ADVANCED_FACE ( 'NONE', ( #1419 ), #1398, .F. ) ;
#576 = EDGE_CURVE ( 'NONE', #581, #29, #1396, .T. ) ;
#577 = ORIENTED_EDGE ( 'NONE', *, *, #76, .F. ) ;
#578 = ORIENTED_EDGE ( 'NONE', *, *, #570, .T. ) ;
#579 = ORIENTED_EDGE ( 'NONE', *, *, #589, .T. ) ;
#580 = EDGE_LOOP ( 'NONE', ( #117, #114, #593, #586 ) ) ;
#581 = VERTEX_POINT ( 'NONE', #1397 ) ;
#582 = ORIENTED_EDGE ( 'NONE', *, *, #70, .F. ) ;
#583 = EDGE_CURVE ( 'NONE', #581, #584, #1408, .T. ) ;
#584 = VERTEX_POINT ( 'NONE', #1442 ) ;
#585 = EDGE_CURVE ( 'NONE', #592, #47, #1443, .T. ) ;
#586 = ORIENTED_EDGE ( 'NONE', *, *, #133, .T. ) ;
#587 = ORIENTED_EDGE ( 'NONE', *, *, #118, .T. ) ;
#588 = EDGE_LOOP ( 'NONE', ( #131, #571, #116, #572 ) ) ;
#589 = EDGE_CURVE ( 'NONE', #132, #581, #1433, .T. ) ;
#590 = ORIENTED_EDGE ( 'NONE', *, *, #583, .T. ) ;
#591 = EDGE_LOOP ( 'NONE', ( #587, #577, #573, #590 ) ) ;
#592 = VERTEX_POINT ( 'NONE', #1456 ) ;
#593 = ORIENTED_EDGE ( 'NONE', *, *, #118, .F. ) ;
#594 = ADVANCED_FACE ( 'NONE', ( #1427 ), #1424, .F. ) ;
#595 = ADVANCED_FACE ( 'NONE', ( #1426 ), #1436, .F. ) ;
#596 = VERTEX_POINT ( 'NONE', #1434 ) ;
#597 = EDGE_CURVE ( 'NONE', #28, #23, #1463, .T. ) ;
#598 = ADVANCED_FACE ( 'NONE', ( #1452 ), #1481, .F. ) ;
#599 = ORIENTED_EDGE ( 'NONE', *, *, #1083, .F. ) ;
#600 = ADVANCED_FACE ( 'NONE', ( #1454 ), #1479, .F. ) ;
#601 = ADVANCED_FACE ( 'NONE', ( #1440 ), #1446, .F. ) ;
#602 = ORIENTED_EDGE ( 'NONE', *, *, #614, .F. ) ;
#603 = VERTEX_POINT ( 'NONE', #1425 ) ;
#604 = EDGE_CURVE ( 'NONE', #785, #781, #1428, .T. ) ;
#605 = ORIENTED_EDGE ( 'NONE', *, *, #614, .T. ) ;
#606 = EDGE_LOOP ( 'NONE', ( #680, #675, #629, #679, #628, #622 ) ) ;
#607 = ORIENTED_EDGE ( 'NONE', *, *, #649, .F. ) ;
#608 = ORIENTED_EDGE ( 'NONE', *, *, #609, .F. ) ;
#609 = EDGE_CURVE ( 'NONE', #648, #646, #1432, .T. ) ;
#610 = ORIENTED_EDGE ( 'NONE', *, *, #657, .T. ) ;
#611 = ORIENTED_EDGE ( 'NONE', *, *, #616, .T. ) ;
#612 = VERTEX_POINT ( 'NONE', #1409 ) ;
#613 = EDGE_CURVE ( 'NONE', #783, #791, #1277, .T. ) ;
#614 = EDGE_CURVE ( 'NONE', #612, #785, #1231, .T. ) ;
#615 = EDGE_LOOP ( 'NONE', ( #623, #610, #627 ) ) ;
#616 = EDGE_CURVE ( 'NONE', #676, #612, #1230, .T. ) ;
#617 = ORIENTED_EDGE ( 'NONE', *, *, #620, .F. ) ;
#618 = VERTEX_POINT ( 'NONE', #1470 ) ;
#619 = EDGE_CURVE ( 'NONE', #644, #676, #1330, .T. ) ;
#620 = EDGE_CURVE ( 'NONE', #638, #676, #1326, .T. ) ;
#621 = ADVANCED_FACE ( 'NONE', ( #1492 ), #1487, .F. ) ;
#622 = ORIENTED_EDGE ( 'NONE', *, *, #624, .T. ) ;
#623 = ORIENTED_EDGE ( 'NONE', *, *, #692, .T. ) ;
#624 = EDGE_CURVE ( 'NONE', #618, #638, #1504, .T. ) ;
#625 = EDGE_CURVE ( 'NONE', #785, #618, #1531, .T. ) ;
#626 = EDGE_LOOP ( 'NONE', ( #668, #727, #740, #779 ) ) ;
#627 = ORIENTED_EDGE ( 'NONE', *, *, #647, .T. ) ;
#628 = ORIENTED_EDGE ( 'NONE', *, *, #673, .T. ) ;
#629 = ORIENTED_EDGE ( 'NONE', *, *, #647, .F. ) ;
#630 = ADVANCED_FACE ( 'NONE', ( #1491 ), #1532, .T. ) ;
#631 = ORIENTED_EDGE ( 'NONE', *, *, #640, .T. ) ;
#632 = EDGE_LOOP ( 'NONE', ( #693, #617, #674, #636, #602 ) ) ;
#633 = ORIENTED_EDGE ( 'NONE', *, *, #637, .T. ) ;
#634 = ADVANCED_FACE ( 'NONE', ( #1523 ), #1529, .T. ) ;
#635 = EDGE_LOOP ( 'NONE', ( #641, #631, #608, #633, #665, #611 ) ) ;
#636 = ORIENTED_EDGE ( 'NONE', *, *, #625, .F. ) ;
#637 = EDGE_CURVE ( 'NONE', #648, #644, #1483, .T. ) ;
#638 = VERTEX_POINT ( 'NONE', #1502 ) ;
#639 = ORIENTED_EDGE ( 'NONE', *, *, #656, .F. ) ;
#640 = EDGE_CURVE ( 'NONE', #603, #646, #1546, .T. ) ;
#641 = ORIENTED_EDGE ( 'NONE', *, *, #790, .T. ) ;
#642 = ORIENTED_EDGE ( 'NONE', *, *, #637, .F. ) ;
#643 = ORIENTED_EDGE ( 'NONE', *, *, #653, .F. ) ;
#644 = VERTEX_POINT ( 'NONE', #1535 ) ;
#645 = EDGE_LOOP ( 'NONE', ( #655, #664, #659, #650 ) ) ;
#646 = VERTEX_POINT ( 'NONE', #1522 ) ;
#647 = EDGE_CURVE ( 'NONE', #671, #689, #1540, .T. ) ;
#648 = VERTEX_POINT ( 'NONE', #1542 ) ;
#649 = EDGE_CURVE ( 'NONE', #835, #689, #1482, .T. ) ;
#650 = ORIENTED_EDGE ( 'NONE', *, *, #657, .F. ) ;
#651 = EDGE_CURVE ( 'NONE', #671, #670, #1520, .T. ) ;
#652 = ORIENTED_EDGE ( 'NONE', *, *, #692, .F. ) ;
#653 = EDGE_CURVE ( 'NONE', #644, #603, #1536, .T. ) ;
#654 = EDGE_CURVE ( 'NONE', #670, #839, #1505, .T. ) ;
#655 = ORIENTED_EDGE ( 'NONE', *, *, #672, .F. ) ;
#656 = EDGE_CURVE ( 'NONE', #646, #648, #1512, .T. ) ;
#657 = EDGE_CURVE ( 'NONE', #694, #671, #1565, .T. ) ;
#658 = ADVANCED_FACE ( 'NONE', ( #1593 ), #1560, .T. ) ;
#659 = ORIENTED_EDGE ( 'NONE', *, *, #651, .F. ) ;
#660 = ORIENTED_EDGE ( 'NONE', *, *, #640, .F. ) ;
#661 = ADVANCED_FACE ( 'NONE', ( #1631, #1627, #1604 ), #1559, .F. ) ;
#662 = ORIENTED_EDGE ( 'NONE', *, *, #609, .T. ) ;
#663 = ADVANCED_FACE ( 'NONE', ( #1601 ), #1596, .T. ) ;
#664 = ORIENTED_EDGE ( 'NONE', *, *, #654, .F. ) ;
#665 = ORIENTED_EDGE ( 'NONE', *, *, #619, .T. ) ;
#666 = ORIENTED_EDGE ( 'NONE', *, *, #656, .T. ) ;
#667 = EDGE_LOOP ( 'NONE', ( #666, #662 ) ) ;
#668 = ORIENTED_EDGE ( 'NONE', *, *, #733, .F. ) ;
#669 = ADVANCED_FACE ( 'NONE', ( #1589 ), #1597, .T. ) ;
#670 = VERTEX_POINT ( 'NONE', #1629 ) ;
#671 = VERTEX_POINT ( 'NONE', #1588 ) ;
#672 = EDGE_CURVE ( 'NONE', #839, #694, #1591, .T. ) ;
#673 = EDGE_CURVE ( 'NONE', #670, #618, #1561, .T. ) ;
#674 = ORIENTED_EDGE ( 'NONE', *, *, #624, .F. ) ;
#675 = ORIENTED_EDGE ( 'NONE', *, *, #649, .T. ) ;
#676 = VERTEX_POINT ( 'NONE', #1595 ) ;
#677 = EDGE_CURVE ( 'NONE', #638, #835, #1599, .T. ) ;
#678 = ADVANCED_FACE ( 'NONE', ( #1610 ), #1566, .T. ) ;
#679 = ORIENTED_EDGE ( 'NONE', *, *, #651, .T. ) ;
#680 = ORIENTED_EDGE ( 'NONE', *, *, #677, .T. ) ;
#681 = ORIENTED_EDGE ( 'NONE', *, *, #788, .F. ) ;
#682 = ORIENTED_EDGE ( 'NONE', *, *, #715, .F. ) ;
#683 = EDGE_CURVE ( 'NONE', #753, #769, #1567, .T. ) ;
#684 = EDGE_CURVE ( 'NONE', #831, #825, #1613, .T. ) ;
#685 = EDGE_LOOP ( 'NONE', ( #643, #642, #639, #660 ) ) ;
#686 = ADVANCED_FACE ( 'NONE', ( #1556, #1573 ), #1581, .T. ) ;
#687 = EDGE_LOOP ( 'NONE', ( #691, #774, #720, #834 ) ) ;
#688 = ORIENTED_EDGE ( 'NONE', *, *, #684, .T. ) ;
#689 = VERTEX_POINT ( 'NONE', #1521 ) ;
#690 = ORIENTED_EDGE ( 'NONE', *, *, #715, .T. ) ;
#691 = ORIENTED_EDGE ( 'NONE', *, *, #709, .T. ) ;
#692 = EDGE_CURVE ( 'NONE', #689, #694, #1258, .T. ) ;
#693 = ORIENTED_EDGE ( 'NONE', *, *, #616, .F. ) ;
#694 = VERTEX_POINT ( 'NONE', #1508 ) ;
#695 = EDGE_CURVE ( 'NONE', #670, #781, #1329, .T. ) ;
#696 = EDGE_LOOP ( 'NONE', ( #729, #726, #722, #682 ) ) ;
#697 = ORIENTED_EDGE ( 'NONE', *, *, #653, .T. ) ;
#698 = ORIENTED_EDGE ( 'NONE', *, *, #699, .F. ) ;
#699 = EDGE_CURVE ( 'NONE', #644, #835, #1344, .T. ) ;
#700 = VERTEX_POINT ( 'NONE', #1626 ) ;
#701 = ORIENTED_EDGE ( 'NONE', *, *, #725, .F. ) ;
#702 = VERTEX_POINT ( 'NONE', #1620 ) ;
#703 = EDGE_CURVE ( 'NONE', #721, #113, #1295, .T. ) ;
#704 = VERTEX_POINT ( 'NONE', #1638 ) ;
#705 = VERTEX_POINT ( 'NONE', #1681 ) ;
#706 = ORIENTED_EDGE ( 'NONE', *, *, #703, .F. ) ;
#707 = EDGE_CURVE ( 'NONE', #702, #721, #1648, .T. ) ;
#708 = EDGE_CURVE ( 'NONE', #759, #754, #1632, .T. ) ;
#709 = EDGE_CURVE ( 'NONE', #754, #753, #1634, .T. ) ;
#710 = EDGE_CURVE ( 'NONE', #838, #819, #1678, .T. ) ;
#711 = VERTEX_POINT ( 'NONE', #1665 ) ;
#712 = EDGE_LOOP ( 'NONE', ( #688, #773 ) ) ;
#713 = ADVANCED_FACE ( 'NONE', ( #1662 ), #1637, .T. ) ;
#714 = ORIENTED_EDGE ( 'NONE', *, *, #833, .T. ) ;
#715 = EDGE_CURVE ( 'NONE', #816, #818, #1664, .T. ) ;
#716 = ADVANCED_FACE ( 'NONE', ( #1654 ), #1663, .T. ) ;
#717 = EDGE_CURVE ( 'NONE', #113, #711, #1688, .T. ) ;
#718 = ORIENTED_EDGE ( 'NONE', *, *, #741, .T. ) ;
#719 = ORIENTED_EDGE ( 'NONE', *, *, #710, .T. ) ;
#720 = ORIENTED_EDGE ( 'NONE', *, *, #775, .T. ) ;
#721 = VERTEX_POINT ( 'NONE', #1677 ) ;
#722 = ORIENTED_EDGE ( 'NONE', *, *, #810, .T. ) ;
#723 = ORIENTED_EDGE ( 'NONE', *, *, #717, .F. ) ;
#724 = EDGE_CURVE ( 'NONE', #711, #732, #1652, .T. ) ;
#725 = EDGE_CURVE ( 'NONE', #704, #705, #1668, .T. ) ;
#726 = ORIENTED_EDGE ( 'NONE', *, *, #710, .F. ) ;
#727 = ORIENTED_EDGE ( 'NONE', *, *, #763, .F. ) ;
#728 = ORIENTED_EDGE ( 'NONE', *, *, #111, .F. ) ;
#729 = ORIENTED_EDGE ( 'NONE', *, *, #812, .F. ) ;
#730 = EDGE_LOOP ( 'NONE', ( #744, #690 ) ) ;
#731 = EDGE_CURVE ( 'NONE', #732, #112, #1669, .T. ) ;
#732 = VERTEX_POINT ( 'NONE', #1692 ) ;
#733 = EDGE_CURVE ( 'NONE', #772, #761, #1746, .T. ) ;
#734 = VERTEX_POINT ( 'NONE', #1722 ) ;
#735 = EDGE_LOOP ( 'NONE', ( #719, #714 ) ) ;
#736 = VERTEX_POINT ( 'NONE', #1742 ) ;
#737 = EDGE_CURVE ( 'NONE', #700, #704, #1695, .T. ) ;
#738 = ORIENTED_EDGE ( 'NONE', *, *, #815, .T. ) ;
#739 = ORIENTED_EDGE ( 'NONE', *, *, #708, .F. ) ;
#740 = ORIENTED_EDGE ( 'NONE', *, *, #762, .F. ) ;
#741 = EDGE_CURVE ( 'NONE', #702, #705, #1700, .T. ) ;
#742 = ORIENTED_EDGE ( 'NONE', *, *, #752, .F. ) ;
#743 = ORIENTED_EDGE ( 'NONE', *, *, #654, .T. ) ;
#744 = ORIENTED_EDGE ( 'NONE', *, *, #811, .T. ) ;
#745 = EDGE_CURVE ( 'NONE', #757, #753, #1741, .T. ) ;
#746 = ORIENTED_EDGE ( 'NONE', *, *, #709, .F. ) ;
#747 = ORIENTED_EDGE ( 'NONE', *, *, #695, .F. ) ;
#748 = ORIENTED_EDGE ( 'NONE', *, *, #756, .T. ) ;
#749 = EDGE_CURVE ( 'NONE', #734, #736, #1747, .T. ) ;
#750 = ORIENTED_EDGE ( 'NONE', *, *, #745, .T. ) ;
#751 = ORIENTED_EDGE ( 'NONE', *, *, #749, .F. ) ;
#752 = EDGE_CURVE ( 'NONE', #736, #700, #1703, .T. ) ;
#753 = VERTEX_POINT ( 'NONE', #1721 ) ;
#754 = VERTEX_POINT ( 'NONE', #1743 ) ;
#755 = EDGE_LOOP ( 'NONE', ( #698, #697, #681, #747, #743, #738 ) ) ;
#756 = EDGE_CURVE ( 'NONE', #734, #757, #1704, .T. ) ;
#757 = VERTEX_POINT ( 'NONE', #1724 ) ;
#758 = VERTEX_POINT ( 'NONE', #1720 ) ;
#759 = VERTEX_POINT ( 'NONE', #1733 ) ;
#760 = ORIENTED_EDGE ( 'NONE', *, *, #707, .F. ) ;
#761 = VERTEX_POINT ( 'NONE', #1736 ) ;
#762 = EDGE_CURVE ( 'NONE', #768, #758, #1735, .T. ) ;
#763 = EDGE_CURVE ( 'NONE', #758, #772, #1731, .T. ) ;
#764 = ORIENTED_EDGE ( 'NONE', *, *, #731, .F. ) ;
#765 = VERTEX_POINT ( 'NONE', #1659 ) ;
#766 = EDGE_CURVE ( 'NONE', #761, #768, #1346, .T. ) ;
#767 = EDGE_CURVE ( 'NONE', #759, #765, #1775, .T. ) ;
#768 = VERTEX_POINT ( 'NONE', #1776 ) ;
#769 = VERTEX_POINT ( 'NONE', #1809 ) ;
#770 = ADVANCED_FACE ( 'NONE', ( #1806 ), #1787, .F. ) ;
#771 = EDGE_CURVE ( 'NONE', #1040, #596, #1807, .T. ) ;
#772 = VERTEX_POINT ( 'NONE', #1752 ) ;
#773 = ORIENTED_EDGE ( 'NONE', *, *, #823, .T. ) ;
#774 = ORIENTED_EDGE ( 'NONE', *, *, #683, .T. ) ;
#775 = EDGE_CURVE ( 'NONE', #769, #780, #1755, .T. ) ;
#776 = ORIENTED_EDGE ( 'NONE', *, *, #737, .F. ) ;
#777 = EDGE_LOOP ( 'NONE', ( #778, #728, #764, #110, #723, #706, #760, #718, #701, #776, #742, #751, #748, #750, #746, #739 ) ) ;
#778 = ORIENTED_EDGE ( 'NONE', *, *, #767, .T. ) ;
#779 = ORIENTED_EDGE ( 'NONE', *, *, #766, .F. ) ;
#780 = VERTEX_POINT ( 'NONE', #1812 ) ;
#781 = VERTEX_POINT ( 'NONE', #1788 ) ;
#782 = VERTEX_POINT ( 'NONE', #1766 ) ;
#783 = VERTEX_POINT ( 'NONE', #1804 ) ;
#784 = ORIENTED_EDGE ( 'NONE', *, *, #613, .T. ) ;
#785 = VERTEX_POINT ( 'NONE', #1815 ) ;
#786 = ORIENTED_EDGE ( 'NONE', *, *, #788, .T. ) ;
#787 = ORIENTED_EDGE ( 'NONE', *, *, #604, .T. ) ;
#788 = EDGE_CURVE ( 'NONE', #781, #603, #1777, .T. ) ;
#789 = EDGE_LOOP ( 'NONE', ( #784, #808, #795, #820 ) ) ;
#790 = EDGE_CURVE ( 'NONE', #612, #603, #1814, .T. ) ;
#791 = VERTEX_POINT ( 'NONE', #1782 ) ;
#792 = ORIENTED_EDGE ( 'NONE', *, *, #790, .F. ) ;
#793 = ADVANCED_FACE ( 'NONE', ( #1778 ), #1753, .F. ) ;
#794 = EDGE_CURVE ( 'NONE', #791, #782, #1796, .T. ) ;
#795 = ORIENTED_EDGE ( 'NONE', *, *, #807, .F. ) ;
#796 = ORIENTED_EDGE ( 'NONE', *, *, #851, .F. ) ;
#797 = ORIENTED_EDGE ( 'NONE', *, *, #800, .T. ) ;
#798 = ORIENTED_EDGE ( 'NONE', *, *, #799, .F. ) ;
#799 = EDGE_CURVE ( 'NONE', #831, #803, #1795, .T. ) ;
#800 = EDGE_CURVE ( 'NONE', #825, #801, #1800, .T. ) ;
#801 = VERTEX_POINT ( 'NONE', #1757 ) ;
#802 = ORIENTED_EDGE ( 'NONE', *, *, #804, .F. ) ;
#803 = VERTEX_POINT ( 'NONE', #1756 ) ;
#804 = EDGE_CURVE ( 'NONE', #803, #801, #1758, .T. ) ;
#805 = ORIENTED_EDGE ( 'NONE', *, *, #672, .T. ) ;
#806 = EDGE_LOOP ( 'NONE', ( #849, #845, #847, #796 ) ) ;
#807 = EDGE_CURVE ( 'NONE', #843, #782, #1583, .T. ) ;
#808 = ORIENTED_EDGE ( 'NONE', *, *, #794, .T. ) ;
#809 = EDGE_LOOP ( 'NONE', ( #605, #787, #786, #792 ) ) ;
#810 = EDGE_CURVE ( 'NONE', #838, #818, #1552, .T. ) ;
#811 = EDGE_CURVE ( 'NONE', #818, #816, #1469, .T. ) ;
#812 = EDGE_CURVE ( 'NONE', #819, #816, #1705, .T. ) ;
#813 = ADVANCED_FACE ( 'NONE', ( #1805 ), #1881, .T. ) ;
#814 = EDGE_LOOP ( 'NONE', ( #832, #805, #652, #607 ) ) ;
#815 = EDGE_CURVE ( 'NONE', #839, #835, #1855, .T. ) ;
#816 = VERTEX_POINT ( 'NONE', #1944 ) ;
#817 = ORIENTED_EDGE ( 'NONE', *, *, #833, .F. ) ;
#818 = VERTEX_POINT ( 'NONE', #1898 ) ;
#819 = VERTEX_POINT ( 'NONE', #1921 ) ;
#820 = ORIENTED_EDGE ( 'NONE', *, *, #850, .F. ) ;
#821 = ADVANCED_FACE ( 'NONE', ( #1858 ), #1856, .T. ) ;
#822 = EDGE_LOOP ( 'NONE', ( #817, #836, #840, #841 ) ) ;
#823 = EDGE_CURVE ( 'NONE', #825, #831, #1922, .T. ) ;
#824 = ORIENTED_EDGE ( 'NONE', *, *, #823, .F. ) ;
#825 = VERTEX_POINT ( 'NONE', #1830 ) ;
#826 = EDGE_CURVE ( 'NONE', #852, #830, #1926, .T. ) ;
#827 = VERTEX_POINT ( 'NONE', #1857 ) ;
#828 = ADVANCED_FACE ( 'NONE', ( #1914 ), #1834, .F. ) ;
#829 = EDGE_CURVE ( 'NONE', #827, #830, #1916, .T. ) ;
#830 = VERTEX_POINT ( 'NONE', #1913 ) ;
#831 = VERTEX_POINT ( 'NONE', #1833 ) ;
#832 = ORIENTED_EDGE ( 'NONE', *, *, #815, .F. ) ;
#833 = EDGE_CURVE ( 'NONE', #819, #838, #1832, .T. ) ;
#834 = ORIENTED_EDGE ( 'NONE', *, *, #1, .F. ) ;
#835 = VERTEX_POINT ( 'NONE', #1920 ) ;
#836 = ORIENTED_EDGE ( 'NONE', *, *, #812, .T. ) ;
#837 = ORIENTED_EDGE ( 'NONE', *, *, #69, .F. ) ;
#838 = VERTEX_POINT ( 'NONE', #1840 ) ;
#839 = VERTEX_POINT ( 'NONE', #1917 ) ;
#840 = ORIENTED_EDGE ( 'NONE', *, *, #811, .F. ) ;
#841 = ORIENTED_EDGE ( 'NONE', *, *, #810, .F. ) ;
#842 = ADVANCED_FACE ( 'NONE', ( #1904 ), #1876, .T. ) ;
#843 = VERTEX_POINT ( 'NONE', #1919 ) ;
#844 = MANIFOLD_SOLID_BREP ( '移动面12', #400 ) ;
#845 = ORIENTED_EDGE ( 'NONE', *, *, #829, .T. ) ;
#846 = EDGE_LOOP ( 'NONE', ( #824, #797, #802, #798 ) ) ;
#847 = ORIENTED_EDGE ( 'NONE', *, *, #826, .F. ) ;
#848 = EDGE_CURVE ( 'NONE', #853, #827, #1853, .T. ) ;
#849 = ORIENTED_EDGE ( 'NONE', *, *, #848, .T. ) ;
#850 = EDGE_CURVE ( 'NONE', #783, #843, #1879, .T. ) ;
#851 = EDGE_CURVE ( 'NONE', #853, #852, #1886, .T. ) ;
#852 = VERTEX_POINT ( 'NONE', #1885 ) ;
#853 = VERTEX_POINT ( 'NONE', #1925 ) ;
#854 = EDGE_CURVE ( 'NONE', #705, #596, #1870, .T. ) ;
#855 = EDGE_CURVE ( 'NONE', #64, #702, #1825, .T. ) ;
#856 = EDGE_LOOP ( 'NONE', ( #857, #1063, #1081, #1068, #1085, #1070, #864, #1056, #1073, #1072, #1060, #1030 ) ) ;
#857 = ORIENTED_EDGE ( 'NONE', *, *, #74, .T. ) ;
#858 = ORIENTED_EDGE ( 'NONE', *, *, #741, .F. ) ;
#859 = EDGE_CURVE ( 'NONE', #765, #32, #1874, .T. ) ;
#860 = ORIENTED_EDGE ( 'NONE', *, *, #21, .F. ) ;
#861 = ORIENTED_EDGE ( 'NONE', *, *, #855, .F. ) ;
#862 = ORIENTED_EDGE ( 'NONE', *, *, #1028, .T. ) ;
#863 = ORIENTED_EDGE ( 'NONE', *, *, #12, .F. ) ;
#864 = ORIENTED_EDGE ( 'NONE', *, *, #1069, .T. ) ;
#865 = ORIENTED_EDGE ( 'NONE', *, *, #745, .F. ) ;
#866 = LINE ( 'NONE', #889, #888 ) ;
#867 = CARTESIAN_POINT ( 'NONE',  ( -4.000000000000043500, 22.20000000000001700, -12.40000000000000400 ) ) ;
#868 = CARTESIAN_POINT ( 'NONE',  ( -4.000000000000043500, 22.20000000000001400, -12.40000000000001300 ) ) ;
#869 = CARTESIAN_POINT ( 'NONE',  ( -4.000000000000043500, 22.20000000000002400, -12.39999999999999100 ) ) ;
#870 = DIRECTION ( 'NONE',  ( 0.0000000000000000000, 1.000000000000000000, 0.0000000000000000000 ) ) ;
#871 = CARTESIAN_POINT ( 'NONE',  ( -3.250000000000000000, 16.25000000000000000, 1.134732092360549200E-014 ) ) ;
#872 = DIRECTION ( 'NONE',  ( -1.000000000000000000, 0.0000000000000000000, 3.491483361109382100E-015 ) ) ;
#873 = CARTESIAN_POINT ( 'NONE',  ( 0.0000000000000000000, 16.24999999899998900, 0.0000000000000000000 ) ) ;
#874 = FACE_OUTER_BOUND ( 'NONE', #588, .T. ) ;
#875 = LINE ( 'NONE', #873, #886 ) ;
#876 = PLANE ( 'NONE',  #884 ) ;
#877 = DIRECTION ( 'NONE',  ( -3.491483361109382100E-015, 0.0000000000000000000, -1.000000000000000000 ) ) ;
#878 = VECTOR ( 'NONE', #877, 1000.000000000000000 ) ;
#879 = CARTESIAN_POINT ( 'NONE',  ( -3.250000000000000000, 2.749999999999999100, -0.04999999999998865100 ) ) ;
#880 = AXIS2_PLACEMENT_3D ( 'NONE', #898, #905, #895 ) ;
#881 = PLANE ( 'NONE',  #880 ) ;
#882 = CARTESIAN_POINT ( 'NONE',  ( -4.000000000000030200, 22.19999999989186200, -13.45441558572407300 ) ) ;
#883 = LINE ( 'NONE', #879, #878 ) ;
#884 = AXIS2_PLACEMENT_3D ( 'NONE', #871, #870, #900 ) ;
#885 = CARTESIAN_POINT ( 'NONE',  ( -3.249999998799999900, 2.749999999499999500, 1.134732091941571100E-014 ) ) ;
#886 = VECTOR ( 'NONE', #872, 1000.000000000000000 ) ;
#887 = DIRECTION ( 'NONE',  ( -3.491483361109382100E-015, 0.0000000000000000000, -1.000000000000000000 ) ) ;
#888 = VECTOR ( 'NONE', #887, 1000.000000000000000 ) ;
#889 = CARTESIAN_POINT ( 'NONE',  ( 3.250000000000000000, 4.250000000000000000, -0.05000000000001135500 ) ) ;
#890 = FACE_OUTER_BOUND ( 'NONE', #122, .T. ) ;
#891 = DIRECTION ( 'NONE',  ( 1.000000000000000000, 0.0000000000000000000, -3.854941057726237900E-015 ) ) ;
#892 = CARTESIAN_POINT ( 'NONE',  ( -4.000000000000025800, 23.25441558572408600, -12.39999999985886500 ) ) ;
#893 = CARTESIAN_POINT ( 'NONE',  ( -4.000000000000028400, 23.25441558580675400, -13.01766234971423800 ) ) ;
#894 = CARTESIAN_POINT ( 'NONE',  ( -4.000000000000032000, 22.81766234974723800, -13.45441558578741400 ) ) ;
#895 = DIRECTION ( 'NONE',  ( -1.000000000000000000, 0.0000000000000000000, 3.491483361109382100E-015 ) ) ;
#896 = CARTESIAN_POINT ( 'NONE',  ( -3.254415590039508600, 22.19999999981540700, -14.19999999747208500 ) ) ;
#897 = DIRECTION ( 'NONE',  ( 0.0000000000000000000, 1.000000000000000000, 0.0000000000000000000 ) ) ;
#898 = CARTESIAN_POINT ( 'NONE',  ( 3.250000000000000000, -2.750000000000002700, -1.134732092360549200E-014 ) ) ;
#899 = CIRCLE ( 'NONE', #902, 1.800000000000000000 ) ;
#900 = DIRECTION ( 'NONE',  ( 1.000000000000000000, 0.0000000000000000000, -3.491483361109382100E-015 ) ) ;
#901 = CARTESIAN_POINT ( 'NONE',  ( 0.1499999994666335900, 22.00000000000000000, -9.400000000000000400 ) ) ;
#902 = AXIS2_PLACEMENT_3D ( 'NONE', #903, #897, #891 ) ;
#903 = CARTESIAN_POINT ( 'NONE',  ( 2.199999999999956700, 22.00000000000000000, -12.40000000000000600 ) ) ;
#904 = CARTESIAN_POINT ( 'NONE',  ( 3.999999999199956900, 22.00000000000000000, -12.40000000000001300 ) ) ;
#905 = DIRECTION ( 'NONE',  ( -0.0000000000000000000, -1.000000000000000000, 0.0000000000000000000 ) ) ;
#906 = CARTESIAN_POINT ( 'NONE',  ( -3.249999998799999900, 16.24999999974999900, 1.135070905120472800E-014 ) ) ;
#907 = LINE ( 'NONE', #924, #923 ) ;
#908 = DIRECTION ( 'NONE',  ( 3.491483361109382100E-015, 0.0000000000000000000, 1.000000000000000000 ) ) ;
#909 = CARTESIAN_POINT ( 'NONE',  ( -2.200000004315449500, 22.19999999981540400, -14.19999999999999200 ) ) ;
#910 = DIRECTION ( 'NONE',  ( 0.0000000000000000000, 1.000000000000000000, 0.0000000000000000000 ) ) ;
#911 = CARTESIAN_POINT ( 'NONE',  ( -3.254415590039508600, 23.25441558626066300, -14.19999999758021400 ) ) ;
#912 = DIRECTION ( 'NONE',  ( -3.491483361109382100E-015, 0.0000000000000000000, -1.000000000000000000 ) ) ;
#913 = VECTOR ( 'NONE', #912, 1000.000000000000000 ) ;
#914 = DIRECTION ( 'NONE',  ( -0.0000000000000000000, 1.000000000000000000, 0.0000000000000000000 ) ) ;
#915 = CARTESIAN_POINT ( 'NONE',  ( 3.249999998799999900, 2.749999999499999500, -1.134732091941571100E-014 ) ) ;
#916 = AXIS2_PLACEMENT_3D ( 'NONE', #920, #914, #908 ) ;
#917 = PLANE ( 'NONE',  #916 ) ;
#918 = CARTESIAN_POINT ( 'NONE',  ( 3.250000000000000000, 2.749999999999999100, -0.05000000000001135500 ) ) ;
#919 = LINE ( 'NONE', #918, #913 ) ;
#920 = CARTESIAN_POINT ( 'NONE',  ( -3.250000000000000400, 2.749999999999999100, -0.09999999999998866700 ) ) ;
#921 = CARTESIAN_POINT ( 'NONE',  ( -2.200000004315449500, 23.25441558774146200, -14.20000000010812100 ) ) ;
#922 = FACE_OUTER_BOUND ( 'NONE', #136, .T. ) ;
#923 = VECTOR ( 'NONE', #910, 1000.000000000000000 ) ;
#924 = CARTESIAN_POINT ( 'NONE',  ( 3.249999995200000000, 6.499999999999999100, -1.134732090684637100E-014 ) ) ;
#925 = CARTESIAN_POINT ( 'NONE',  ( -2.200000004315443700, 24.00000000000000000, -12.39999999975908000 ) ) ;
#926 = CARTESIAN_POINT ( 'NONE',  ( -2.200000004315446400, 24.00000000014111700, -13.45441558768514400 ) ) ;
#927 = CARTESIAN_POINT ( 'NONE',  ( 3.249999998799999900, -2.750000001750001900, -1.134732091941571100E-014 ) ) ;
#928 = CARTESIAN_POINT ( 'NONE',  ( -3.254415590039502000, 23.99999999747209900, -12.39999999975907300 ) ) ;
#929 = CARTESIAN_POINT ( 'NONE',  ( -3.254415590039506000, 23.99999999761322700, -13.45441558620432700 ) ) ;
#930 = DIRECTION ( 'NONE',  ( 0.0000000000000000000, 1.000000000000000000, 0.0000000000000000000 ) ) ;
#931 = DIRECTION ( 'NONE',  ( -1.000000000000000000, 0.0000000000000000000, 3.491483361109382100E-015 ) ) ;
#932 = VECTOR ( 'NONE', #952, 1000.000000000000000 ) ;
#933 = CARTESIAN_POINT ( 'NONE',  ( -1.175000000000032700, 22.19999999999999600, -9.399999999999996800 ) ) ;
#934 = DIRECTION ( 'NONE',  ( -2.468851561040443200E-015, 0.7071067811865475700, -0.7071067811865475700 ) ) ;
#935 = VECTOR ( 'NONE', #954, 1000.000000000000000 ) ;
#936 = DIRECTION ( 'NONE',  ( -3.491483361109382100E-015, 0.0000000000000000000, -1.000000000000000000 ) ) ;
#937 = LINE ( 'NONE', #938, #935 ) ;
#938 = CARTESIAN_POINT ( 'NONE',  ( -3.249999995200000000, 6.499999999999999100, 1.134732090684637100E-014 ) ) ;
#939 = VECTOR ( 'NONE', #946, 1000.000000000000000 ) ;
#940 = CARTESIAN_POINT ( 'NONE',  ( -3.250000000000000000, -2.750000000000002700, -0.04999999999998865100 ) ) ;
#941 = LINE ( 'NONE', #940, #939 ) ;
#942 = CARTESIAN_POINT ( 'NONE',  ( -3.250000000000000000, -2.750000000000002700, 1.134732092360549200E-014 ) ) ;
#943 = FACE_OUTER_BOUND ( 'NONE', #157, .T. ) ;
#944 = PLANE ( 'NONE',  #947 ) ;
#945 = FACE_OUTER_BOUND ( 'NONE', #172, .T. ) ;
#946 = DIRECTION ( 'NONE',  ( -3.491483361109382100E-015, 0.0000000000000000000, -1.000000000000000000 ) ) ;
#947 = AXIS2_PLACEMENT_3D ( 'NONE', #942, #931, #930 ) ;
#948 = CARTESIAN_POINT ( 'NONE',  ( 5.599999999999955200, -9.000000000000001800, -13.00000000000001800 ) ) ;
#949 = LINE ( 'NONE', #968, #971 ) ;
#950 = FACE_OUTER_BOUND ( 'NONE', #177, .T. ) ;
#951 =( BOUNDED_SURFACE ( )  B_SPLINE_SURFACE ( 3, 3, ( 
 ( #958, #868, #867, #869 ),
 ( #882, #894, #893, #892 ),
 ( #896, #911, #929, #928 ),
 ( #909, #921, #926, #925 ) ),
 .UNSPECIFIED., .F., .F., .T. ) 
 B_SPLINE_SURFACE_WITH_KNOTS ( ( 4, 4 ),
 ( 4, 4 ),
 ( 0.0000000000000000000, 1.000000000000000000 ),
 ( 0.0000000000000000000, 1.000000000000000000 ),
 .UNSPECIFIED. ) 
 GEOMETRIC_REPRESENTATION_ITEM ( )  RATIONAL_B_SPLINE_SURFACE ( (
 ( 1.000000000000000000, 0.8047378540686464000, 0.8047378540686464000, 1.000000000000000000),
 ( 0.8047378546894515800, 0.6476030142705954100, 0.6476030142705954100, 0.8047378546894515800),
 ( 0.8047378546894515800, 0.6476030142705954100, 0.6476030142705954100, 0.8047378546894515800),
 ( 1.000000000000000000, 0.8047378540686464000, 0.8047378540686464000, 1.000000000000000000) ) ) 
 REPRESENTATION_ITEM ( '' )  SURFACE ( )  );
#952 = DIRECTION ( 'NONE',  ( 1.000000000000000000, 0.0000000000000000000, -3.491483361109382100E-015 ) ) ;
#953 = LINE ( 'NONE', #933, #932 ) ;
#954 = DIRECTION ( 'NONE',  ( 0.0000000000000000000, -1.000000000000000000, -0.0000000000000000000 ) ) ;
#955 = FACE_OUTER_BOUND ( 'NONE', #199, .T. ) ;
#956 = DIRECTION ( 'NONE',  ( -2.468851561040443600E-015, -0.7071067811865475700, -0.7071067811865475700 ) ) ;
#957 = CARTESIAN_POINT ( 'NONE',  ( 5.599999999999965000, -9.000000000000001800, -10.00000000000002000 ) ) ;
#958 = CARTESIAN_POINT ( 'NONE',  ( -4.000000000000043500, 22.19999999999999600, -12.40000000000001300 ) ) ;
#959 = FACE_BOUND ( 'NONE', #135, .T. ) ;
#960 = VECTOR ( 'NONE', #936, 1000.000000000000000 ) ;
#961 = CARTESIAN_POINT ( 'NONE',  ( -5.599999999999999600, -9.000000000000001800, 1.955230682221254100E-014 ) ) ;
#962 = DIRECTION ( 'NONE',  ( 0.0000000000000000000, 1.000000000000000000, 0.0000000000000000000 ) ) ;
#963 = VECTOR ( 'NONE', #962, 1000.000000000000000 ) ;
#964 = CARTESIAN_POINT ( 'NONE',  ( 3.249999995200000000, 6.499999999999999100, -1.134732090684637100E-014 ) ) ;
#965 = LINE ( 'NONE', #964, #963 ) ;
#966 = CARTESIAN_POINT ( 'NONE',  ( 5.599999999999929500, -1.999999993999999300, -20.00000000000002100 ) ) ;
#967 = LINE ( 'NONE', #957, #960 ) ;
#968 = CARTESIAN_POINT ( 'NONE',  ( 3.250000000000000000, -2.750000000000002700, -0.05000000000001135500 ) ) ;
#969 = CARTESIAN_POINT ( 'NONE',  ( -5.600000000000044900, -9.000000000000001800, -12.99999999999998000 ) ) ;
#970 = DIRECTION ( 'NONE',  ( 3.491483361109382100E-015, 0.0000000000000000000, 1.000000000000000000 ) ) ;
#971 = VECTOR ( 'NONE', #970, 1000.000000000000000 ) ;
#972 = CARTESIAN_POINT ( 'NONE',  ( -4.000000000000039100, 22.20000000000008100, -11.19999999999994400 ) ) ;
#973 = CARTESIAN_POINT ( 'NONE',  ( -4.000000000000039100, 22.20000000000008100, -11.20000000000002800 ) ) ;
#974 = CIRCLE ( 'NONE', #993, 1.800000000000000000 ) ;
#975 = CARTESIAN_POINT ( 'NONE',  ( -3.254415587728455500, 25.79999999999999000, -12.99999999999998600 ) ) ;
#976 = CARTESIAN_POINT ( 'NONE',  ( -3.254415587728455100, 22.19999999999999900, -12.99999999999998900 ) ) ;
#977 = CARTESIAN_POINT ( 'NONE',  ( -4.000000000000019500, 22.19999999999999900, -12.25441558772843800 ) ) ;
#978 = CARTESIAN_POINT ( 'NONE',  ( -3.249999998799999900, -2.750000001750001900, 1.134732091941571100E-014 ) ) ;
#979 = DIRECTION ( 'NONE',  ( -3.469446951953614200E-015, 0.0000000000000000000, -1.000000000000000000 ) ) ;
#980 = DIRECTION ( 'NONE',  ( -1.000000000000000000, -0.0000000000000000000, 3.491483361109382100E-015 ) ) ;
#981 = AXIS2_PLACEMENT_3D ( 'NONE', #1004, #980, #979 ) ;
#982 = CIRCLE ( 'NONE', #981, 1.500000000000000000 ) ;
#983 = FACE_OUTER_BOUND ( 'NONE', #333, .T. ) ;
#984 = CARTESIAN_POINT ( 'NONE',  ( 5.599999999999999600, -9.000000000000001800, -1.955230682221254100E-014 ) ) ;
#985 = AXIS2_PLACEMENT_3D ( 'NONE', #1013, #1011, #1010 ) ;
#986 = CIRCLE ( 'NONE', #985, 1.500000000000000000 ) ;
#987 = CARTESIAN_POINT ( 'NONE',  ( -4.000000000000039100, 22.19999999999999600, -11.20000000000002800 ) ) ;
#988 = CARTESIAN_POINT ( 'NONE',  ( -4.000000000000039100, 22.19999999999991400, -11.20000000000002800 ) ) ;
#989 = CARTESIAN_POINT ( 'NONE',  ( -4.000000000000039100, 22.19999999999999600, -11.20000000000002800 ) ) ;
#990 =( BOUNDED_SURFACE ( )  B_SPLINE_SURFACE ( 3, 3, ( 
 ( #989, #973, #972, #995, #994, #988, #987 ),
 ( #1015, #1014, #1008, #1007, #1006, #1005, #977 ),
 ( #976, #975, #1021, #1020, #1019, #1018, #1017 ),
 ( #1002, #1001, #1000, #999, #998, #997, #996 ) ),
 .UNSPECIFIED., .F., .F., .T. ) 
 B_SPLINE_SURFACE_WITH_KNOTS ( ( 4, 4 ),
 ( 4, 3, 4 ),
 ( 0.0000000000000000000, 1.000000000000000000 ),
 ( 0.0000000000000000000, 0.5000000000000000000, 1.000000000000000000 ),
 .UNSPECIFIED. ) 
 GEOMETRIC_REPRESENTATION_ITEM ( )  RATIONAL_B_SPLINE_SURFACE ( (
 ( 1.000000000000000000, 0.3333333333333333100, 0.3333333333333333100, 1.000000000000000000, 0.3333333333333333100, 0.3333333333333333100, 1.000000000000000000),
 ( 0.8047378541243702700, 0.2682459513747900700, 0.2682459513747900700, 0.8047378541243702700, 0.2682459513747900700, 0.2682459513747900700, 0.8047378541243702700),
 ( 0.8047378541243702700, 0.2682459513747900700, 0.2682459513747900700, 0.8047378541243702700, 0.2682459513747900700, 0.2682459513747900700, 0.8047378541243702700),
 ( 1.000000000000000000, 0.3333333333333333100, 0.3333333333333333100, 1.000000000000000000, 0.3333333333333333100, 0.3333333333333333100, 1.000000000000000000) ) ) 
 REPRESENTATION_ITEM ( '' )  SURFACE ( )  );
#991 = CARTESIAN_POINT ( 'NONE',  ( -2.200000000000043700, 22.19999999999999600, -12.39999999999999300 ) ) ;
#992 = DIRECTION ( 'NONE',  ( -1.000000000000000000, 0.0000000000000000000, 4.818676322157797600E-015 ) ) ;
#993 = AXIS2_PLACEMENT_3D ( 'NONE', #991, #1016, #992 ) ;
#994 = CARTESIAN_POINT ( 'NONE',  ( -4.000000000000039100, 22.19999999999991400, -11.19999999999994400 ) ) ;
#995 = CARTESIAN_POINT ( 'NONE',  ( -4.000000000000039100, 22.19999999999999600, -11.19999999999994400 ) ) ;
#996 = CARTESIAN_POINT ( 'NONE',  ( -2.200000000000045000, 22.19999999999999600, -12.99999999999999300 ) ) ;
#997 = CARTESIAN_POINT ( 'NONE',  ( -2.200000000000045500, 18.59999999999999800, -12.99999999999998900 ) ) ;
#998 = CARTESIAN_POINT ( 'NONE',  ( -2.200000000000032600, 18.59999999999999800, -9.399999999999993200 ) ) ;
#999 = CARTESIAN_POINT ( 'NONE',  ( -2.200000000000032600, 22.19999999999999600, -9.399999999999991500 ) ) ;
#1000 = CARTESIAN_POINT ( 'NONE',  ( -2.200000000000032600, 25.80000000000000100, -9.399999999999993200 ) ) ;
#1001 = CARTESIAN_POINT ( 'NONE',  ( -2.200000000000045500, 25.79999999999999400, -12.99999999999998900 ) ) ;
#1002 = CARTESIAN_POINT ( 'NONE',  ( -2.200000000000045000, 22.19999999999999600, -12.99999999999999300 ) ) ;
#1003 = CARTESIAN_POINT ( 'NONE',  ( -5.600000000000044900, -9.000000000000001800, -12.99999999999998000 ) ) ;
#1004 = CARTESIAN_POINT ( 'NONE',  ( 5.599999999999989900, -6.200000000000001100, -3.000000000000019500 ) ) ;
#1005 = CARTESIAN_POINT ( 'NONE',  ( -4.000000000000018700, 20.09116882454309300, -12.25441558772844000 ) ) ;
#1006 = CARTESIAN_POINT ( 'NONE',  ( -4.000000000000009800, 20.09116882454309300, -10.14558441227153400 ) ) ;
#1007 = CARTESIAN_POINT ( 'NONE',  ( -4.000000000000011500, 22.19999999999999900, -10.14558441227153200 ) ) ;
#1008 = CARTESIAN_POINT ( 'NONE',  ( -4.000000000000009800, 24.30883117545689500, -10.14558441227153400 ) ) ;
#1009 = AXIS2_PLACEMENT_3D ( 'NONE', #969, #956, #934 ) ;
#1010 = DIRECTION ( 'NONE',  ( -3.469446951953614200E-015, 0.0000000000000000000, -1.000000000000000000 ) ) ;
#1011 = DIRECTION ( 'NONE',  ( -1.000000000000000000, -0.0000000000000000000, 3.491483361109382100E-015 ) ) ;
#1012 = PLANE ( 'NONE',  #1009 ) ;
#1013 = CARTESIAN_POINT ( 'NONE',  ( 5.599999999999989900, 19.19999999999999900, -3.000000000000019500 ) ) ;
#1014 = CARTESIAN_POINT ( 'NONE',  ( -4.000000000000018700, 24.30883117545689500, -12.25441558772843800 ) ) ;
#1015 = CARTESIAN_POINT ( 'NONE',  ( -4.000000000000019500, 22.19999999999999900, -12.25441558772843800 ) ) ;
#1016 = DIRECTION ( 'NONE',  ( -0.0000000000000000000, 1.000000000000000000, 0.0000000000000000000 ) ) ;
#1017 = CARTESIAN_POINT ( 'NONE',  ( -3.254415587728455100, 22.19999999999999900, -12.99999999999998900 ) ) ;
#1018 = CARTESIAN_POINT ( 'NONE',  ( -3.254415587728455500, 18.59999999999999800, -12.99999999999998600 ) ) ;
#1019 = CARTESIAN_POINT ( 'NONE',  ( -3.254415587728443100, 18.59999999999999400, -9.399999999999987900 ) ) ;
#1020 = CARTESIAN_POINT ( 'NONE',  ( -3.254415587728443100, 22.19999999999999900, -9.399999999999987900 ) ) ;
#1021 = CARTESIAN_POINT ( 'NONE',  ( -3.254415587728443100, 25.79999999999999400, -9.399999999999987900 ) ) ;
#1022 = VERTEX_POINT ( 'NONE', #1826 ) ;
#1023 = ORIENTED_EDGE ( 'NONE', *, *, #1061, .F. ) ;
#1024 = ADVANCED_FACE ( 'NONE', ( #1875 ), #1859, .F. ) ;
#1025 = VERTEX_POINT ( 'NONE', #1819 ) ;
#1026 = EDGE_CURVE ( 'NONE', #1025, #1059, #1873, .T. ) ;
#1027 = ORIENTED_EDGE ( 'NONE', *, *, #1048, .T. ) ;
#1028 = EDGE_CURVE ( 'NONE', #28, #1040, #1931, .T. ) ;
#1029 = EDGE_LOOP ( 'NONE', ( #1077, #1078, #1087, #862 ) ) ;
#1030 = ORIENTED_EDGE ( 'NONE', *, *, #1032, .T. ) ;
#1031 = EDGE_LOOP ( 'NONE', ( #574, #1046, #1074, #1023 ) ) ;
#1032 = EDGE_CURVE ( 'NONE', #1062, #103, #1862, .T. ) ;
#1033 = ORIENTED_EDGE ( 'NONE', *, *, #854, .F. ) ;
#1034 = ORIENTED_EDGE ( 'NONE', *, *, #1043, .F. ) ;
#1035 = ORIENTED_EDGE ( 'NONE', *, *, #1026, .F. ) ;
#1036 = ADVANCED_FACE ( 'NONE', ( #1902 ), #1860, .F. ) ;
#1037 = ORIENTED_EDGE ( 'NONE', *, *, #26, .F. ) ;
#1038 = EDGE_LOOP ( 'NONE', ( #1076, #1049, #1050, #1037 ) ) ;
#1039 = ORIENTED_EDGE ( 'NONE', *, *, #99, .F. ) ;
#1040 = VERTEX_POINT ( 'NONE', #1821 ) ;
#1041 = VERTEX_POINT ( 'NONE', #1901 ) ;
#1042 = EDGE_CURVE ( 'NONE', #1059, #1062, #1903, .T. ) ;
#1043 = EDGE_CURVE ( 'NONE', #1022, #1041, #1937, .T. ) ;
#1044 = EDGE_CURVE ( 'NONE', #1059, #32, #1895, .T. ) ;
#1045 = EDGE_LOOP ( 'NONE', ( #1054, #582, #578, #579 ) ) ;
#1046 = ORIENTED_EDGE ( 'NONE', *, *, #1026, .T. ) ;
#1047 = ADVANCED_FACE ( 'NONE', ( #1890 ), #1936, .T. ) ;
#1048 = EDGE_CURVE ( 'NONE', #1025, #1041, #1732, .T. ) ;
#1049 = ORIENTED_EDGE ( 'NONE', *, *, #1042, .F. ) ;
#1050 = ORIENTED_EDGE ( 'NONE', *, *, #1044, .T. ) ;
#1051 = EDGE_LOOP ( 'NONE', ( #865, #1039, #863, #599, #1086, #1033, #858, #861, #1067, #1066, #860, #1065 ) ) ;
#1052 = EDGE_CURVE ( 'NONE', #1022, #1059, #1772, .T. ) ;
#1053 = ORIENTED_EDGE ( 'NONE', *, *, #1052, .T. ) ;
#1054 = ORIENTED_EDGE ( 'NONE', *, *, #576, .T. ) ;
#1055 = ADVANCED_FACE ( 'NONE', ( #2032 ), #2038, .T. ) ;
#1056 = ORIENTED_EDGE ( 'NONE', *, *, #703, .T. ) ;
#1057 = VERTEX_POINT ( 'NONE', #2030 ) ;
#1058 = EDGE_CURVE ( 'NONE', #1057, #1071, #2025, .T. ) ;
#1059 = VERTEX_POINT ( 'NONE', #2017 ) ;
#1060 = ORIENTED_EDGE ( 'NONE', *, *, #1061, .T. ) ;
#1061 = EDGE_CURVE ( 'NONE', #1071, #1062, #2056, .T. ) ;
#1062 = VERTEX_POINT ( 'NONE', #2020 ) ;
#1063 = ORIENTED_EDGE ( 'NONE', *, *, #708, .T. ) ;
#1064 = EDGE_CURVE ( 'NONE', #1071, #1025, #2029, .T. ) ;
#1065 = ORIENTED_EDGE ( 'NONE', *, *, #683, .F. ) ;
#1066 = ORIENTED_EDGE ( 'NONE', *, *, #91, .F. ) ;
#1067 = ORIENTED_EDGE ( 'NONE', *, *, #105, .F. ) ;
#1068 = ORIENTED_EDGE ( 'NONE', *, *, #69, .T. ) ;
#1069 = EDGE_CURVE ( 'NONE', #66, #721, #2057, .T. ) ;
#1070 = ORIENTED_EDGE ( 'NONE', *, *, #44, .T. ) ;
#1071 = VERTEX_POINT ( 'NONE', #2026 ) ;
#1072 = ORIENTED_EDGE ( 'NONE', *, *, #1058, .T. ) ;
#1073 = ORIENTED_EDGE ( 'NONE', *, *, #1079, .T. ) ;
#1074 = ORIENTED_EDGE ( 'NONE', *, *, #1042, .T. ) ;
#1075 = EDGE_LOOP ( 'NONE', ( #1035, #1027, #1034, #1053 ) ) ;
#1076 = ORIENTED_EDGE ( 'NONE', *, *, #1032, .F. ) ;
#1077 = ORIENTED_EDGE ( 'NONE', *, *, #1083, .T. ) ;
#1078 = ORIENTED_EDGE ( 'NONE', *, *, #11, .F. ) ;
#1079 = EDGE_CURVE ( 'NONE', #113, #1057, #1989, .T. ) ;
#1080 = ADVANCED_FACE ( 'NONE', ( #2051 ), #2050, .T. ) ;
#1081 = ORIENTED_EDGE ( 'NONE', *, *, #1, .T. ) ;
#1082 = ORIENTED_EDGE ( 'NONE', *, *, #1084, .T. ) ;
#1083 = EDGE_CURVE ( 'NONE', #1040, #27, #1951, .T. ) ;
#1084 = EDGE_CURVE ( 'NONE', #23, #16, #1991, .T. ) ;
#1085 = ORIENTED_EDGE ( 'NONE', *, *, #104, .T. ) ;
#1086 = ORIENTED_EDGE ( 'NONE', *, *, #771, .T. ) ;
#1087 = ORIENTED_EDGE ( 'NONE', *, *, #597, .F. ) ;
#1088 = AXIS2_PLACEMENT_3D ( 'NONE', #1109, #1108, #1125 ) ;
#1089 = DIRECTION ( 'NONE',  ( -3.491483361109382100E-015, 0.0000000000000000000, -1.000000000000000000 ) ) ;
#1090 = CYLINDRICAL_SURFACE ( 'NONE', #1102, 1.799999999999999600 ) ;
#1091 = AXIS2_PLACEMENT_3D ( 'NONE', #1193, #1200, #1194 ) ;
#1092 = DIRECTION ( 'NONE',  ( 0.0000000000000000000, 1.000000000000000000, 0.0000000000000000000 ) ) ;
#1093 = VECTOR ( 'NONE', #1092, 1000.000000000000000 ) ;
#1094 = CARTESIAN_POINT ( 'NONE',  ( 3.999999999999960900, 22.09999999999999800, -11.20000000000001400 ) ) ;
#1095 = CARTESIAN_POINT ( 'NONE',  ( -5.600000000000034300, -9.000000000000001800, -9.999999999999980500 ) ) ;
#1096 = LINE ( 'NONE', #1095, #1101 ) ;
#1097 = LINE ( 'NONE', #1094, #1093 ) ;
#1098 = VECTOR ( 'NONE', #1104, 1000.000000000000000 ) ;
#1099 = CARTESIAN_POINT ( 'NONE',  ( 0.0000000000000000000, -9.000000000000001800, -0.0000000000000000000 ) ) ;
#1100 = DIRECTION ( 'NONE',  ( -1.000000000000000000, 0.0000000000000000000, 3.491483361109382100E-015 ) ) ;
#1101 = VECTOR ( 'NONE', #1089, 1000.000000000000000 ) ;
#1102 = AXIS2_PLACEMENT_3D ( 'NONE', #1106, #1100, #1105 ) ;
#1103 = LINE ( 'NONE', #1099, #1098 ) ;
#1104 = DIRECTION ( 'NONE',  ( -1.000000000000000000, 0.0000000000000000000, 3.491483361109382100E-015 ) ) ;
#1105 = DIRECTION ( 'NONE',  ( 3.493540333564404000E-015, 0.0000000000000000000, 1.000000000000000000 ) ) ;
#1106 = CARTESIAN_POINT ( 'NONE',  ( -0.1500000000000391000, 22.19999999999999600, -11.19999999999999900 ) ) ;
#1107 = CIRCLE ( 'NONE', #1091, 1.800000000000000000 ) ;
#1108 = DIRECTION ( 'NONE',  ( 0.0000000000000000000, -1.000000000000000000, -0.0000000000000000000 ) ) ;
#1109 = CARTESIAN_POINT ( 'NONE',  ( -2.200000000000043700, 22.19999999999999600, -12.39999999999999300 ) ) ;
#1110 = CARTESIAN_POINT ( 'NONE',  ( -2.200000000000033000, 22.19999999999999600, -9.399999999999993200 ) ) ;
#1111 = CARTESIAN_POINT ( 'NONE',  ( -2.200000000000039300, 22.19999999999999600, -11.19999999999999200 ) ) ;
#1112 = CIRCLE ( 'NONE', #1114, 1.799999999999999600 ) ;
#1113 = CIRCLE ( 'NONE', #1129, 1.799999999999959600 ) ;
#1114 = AXIS2_PLACEMENT_3D ( 'NONE', #1111, #1116, #1115 ) ;
#1115 = DIRECTION ( 'NONE',  ( 3.614007241618349200E-015, 0.0000000000000000000, 1.000000000000000000 ) ) ;
#1116 = DIRECTION ( 'NONE',  ( -1.000000000000000000, 0.0000000000000000000, 3.491483361109382100E-015 ) ) ;
#1117 = DIRECTION ( 'NONE',  ( 0.0000000000000000000, 1.000000000000000000, 0.0000000000000000000 ) ) ;
#1118 = VECTOR ( 'NONE', #1120, 1000.000000000000000 ) ;
#1119 = CARTESIAN_POINT ( 'NONE',  ( -4.538928369442196700E-014, -9.000000000000001800, -13.00000000000000000 ) ) ;
#1120 = DIRECTION ( 'NONE',  ( -1.000000000000000000, 0.0000000000000000000, 3.491483361109382100E-015 ) ) ;
#1121 = VECTOR ( 'NONE', #1117, 1000.000000000000000 ) ;
#1122 = CARTESIAN_POINT ( 'NONE',  ( -5.600000000000069800, -2.000000000000001800, -19.99999999999997900 ) ) ;
#1123 = LINE ( 'NONE', #1119, #1118 ) ;
#1124 = DIRECTION ( 'NONE',  ( -1.000000000000000000, 0.0000000000000000000, 3.491483361109382100E-015 ) ) ;
#1125 = DIRECTION ( 'NONE',  ( -1.000000000000000000, 0.0000000000000000000, 3.854941057726237900E-015 ) ) ;
#1126 = DIRECTION ( 'NONE',  ( -3.373073425510533800E-015, 0.0000000000000000000, -1.000000000000000000 ) ) ;
#1127 = DIRECTION ( 'NONE',  ( -1.000000000000000000, -0.0000000000000000000, 3.491483361109382100E-015 ) ) ;
#1128 = CARTESIAN_POINT ( 'NONE',  ( 2.199999982369176300, 22.19999999999999600, -11.20000000000000600 ) ) ;
#1129 = AXIS2_PLACEMENT_3D ( 'NONE', #1128, #1127, #1126 ) ;
#1130 = DIRECTION ( 'NONE',  ( 0.0000000000000000000, 1.000000000000000000, 0.0000000000000000000 ) ) ;
#1131 = VECTOR ( 'NONE', #1138, 1000.000000000000000 ) ;
#1132 = AXIS2_PLACEMENT_3D ( 'NONE', #1175, #1174, #1183 ) ;
#1133 = FACE_OUTER_BOUND ( 'NONE', #290, .T. ) ;
#1134 = FACE_BOUND ( 'NONE', #335, .T. ) ;
#1135 = CARTESIAN_POINT ( 'NONE',  ( 0.0000000000000000000, 2.749999997999998100, 0.0000000000000000000 ) ) ;
#1136 = LINE ( 'NONE', #1135, #1131 ) ;
#1137 = CIRCLE ( 'NONE', #1157, 1.799999999999999600 ) ;
#1138 = DIRECTION ( 'NONE',  ( -1.000000000000000000, 0.0000000000000000000, 3.491483361109382100E-015 ) ) ;
#1139 = CARTESIAN_POINT ( 'NONE',  ( 0.0000000000000000000, -2.750000007000003700, -0.0000000000000000000 ) ) ;
#1140 = LINE ( 'NONE', #1139, #1177 ) ;
#1141 = DIRECTION ( 'NONE',  ( -3.469446951953614200E-015, 0.0000000000000000000, -1.000000000000000000 ) ) ;
#1142 = DIRECTION ( 'NONE',  ( -1.000000000000000000, -0.0000000000000000000, 3.491483361109382100E-015 ) ) ;
#1143 = CARTESIAN_POINT ( 'NONE',  ( -5.600000000000010300, 19.19999999999999900, -2.999999999999980500 ) ) ;
#1144 = AXIS2_PLACEMENT_3D ( 'NONE', #1143, #1142, #1141 ) ;
#1145 = LINE ( 'NONE', #1150, #1149 ) ;
#1146 = DIRECTION ( 'NONE',  ( 1.000000000000000000, 0.0000000000000000000, -3.491483361109382100E-015 ) ) ;
#1147 = CIRCLE ( 'NONE', #1144, 1.500000000000000000 ) ;
#1148 = DIRECTION ( 'NONE',  ( 0.0000000000000000000, 1.000000000000000000, 0.0000000000000000000 ) ) ;
#1149 = VECTOR ( 'NONE', #1148, 1000.000000000000000 ) ;
#1150 = CARTESIAN_POINT ( 'NONE',  ( 5.599999999999929500, 6.499999999999999100, -20.00000000000002100 ) ) ;
#1151 = CARTESIAN_POINT ( 'NONE',  ( -2.200000000000033000, 22.00000000000000000, -9.399999999999993200 ) ) ;
#1152 = FACE_OUTER_BOUND ( 'NONE', #223, .T. ) ;
#1153 = AXIS2_PLACEMENT_3D ( 'NONE', #1151, #1189, #1188 ) ;
#1154 = FACE_OUTER_BOUND ( 'NONE', #276, .T. ) ;
#1155 = DIRECTION ( 'NONE',  ( -3.491483361109382100E-015, 0.0000000000000000000, -1.000000000000000000 ) ) ;
#1156 = DIRECTION ( 'NONE',  ( 1.000000000000000000, 0.0000000000000000000, -3.491483361109382100E-015 ) ) ;
#1157 = AXIS2_PLACEMENT_3D ( 'NONE', #1179, #1130, #1170 ) ;
#1158 = CARTESIAN_POINT ( 'NONE',  ( -5.599999999999999600, -9.000000000000001800, 1.955230682221254100E-014 ) ) ;
#1159 = AXIS2_PLACEMENT_3D ( 'NONE', #1158, #1156, #1155 ) ;
#1160 = PLANE ( 'NONE',  #1159 ) ;
#1161 = FACE_OUTER_BOUND ( 'NONE', #321, .T. ) ;
#1162 = CARTESIAN_POINT ( 'NONE',  ( -5.600000000000010300, -6.200000000000001100, -2.999999999999980500 ) ) ;
#1163 = PLANE ( 'NONE',  #1153 ) ;
#1164 = DIRECTION ( 'NONE',  ( 1.000000000000000000, 0.0000000000000000000, -3.491483361109382100E-015 ) ) ;
#1165 = CARTESIAN_POINT ( 'NONE',  ( -6.982966722218764100E-014, -2.000000000000001800, -20.00000000000000000 ) ) ;
#1166 = LINE ( 'NONE', #1165, #1190 ) ;
#1167 = PLANE ( 'NONE',  #1132 ) ;
#1168 = CARTESIAN_POINT ( 'NONE',  ( 5.599999999999955200, -9.000000000000001800, -13.00000000000001800 ) ) ;
#1169 = LINE ( 'NONE', #1168, #1180 ) ;
#1170 = DIRECTION ( 'NONE',  ( 3.373073425510458900E-015, 0.0000000000000000000, 1.000000000000000000 ) ) ;
#1171 = DIRECTION ( 'NONE',  ( -2.468851561040443200E-015, 0.7071067811865474600, -0.7071067811865474600 ) ) ;
#1172 = VECTOR ( 'NONE', #1171, 1000.000000000000100 ) ;
#1173 = CARTESIAN_POINT ( 'NONE',  ( -5.600000000000044900, -9.000000000000001800, -12.99999999999998000 ) ) ;
#1174 = DIRECTION ( 'NONE',  ( 0.0000000000000000000, 1.000000000000000000, 0.0000000000000000000 ) ) ;
#1175 = CARTESIAN_POINT ( 'NONE',  ( -5.599999999999999600, -9.000000000000001800, 1.955230682221254100E-014 ) ) ;
#1176 = DIRECTION ( 'NONE',  ( 1.000000000000000000, 0.0000000000000000000, -3.491483361109382100E-015 ) ) ;
#1177 = VECTOR ( 'NONE', #1176, 1000.000000000000000 ) ;
#1178 = DIRECTION ( 'NONE',  ( -2.468851558924284800E-015, 0.7071067817926389700, -0.7071067805804559500 ) ) ;
#1179 = CARTESIAN_POINT ( 'NONE',  ( -2.200000000000039300, 22.19999999999999600, -11.19999999999999200 ) ) ;
#1180 = VECTOR ( 'NONE', #1178, 1000.000000000000100 ) ;
#1181 = AXIS2_PLACEMENT_3D ( 'NONE', #1162, #1185, #1184 ) ;
#1182 = FACE_BOUND ( 'NONE', #308, .T. ) ;
#1183 = DIRECTION ( 'NONE',  ( 1.000000000000000000, 0.0000000000000000000, -3.491483361109382100E-015 ) ) ;
#1184 = DIRECTION ( 'NONE',  ( -3.469446951953614200E-015, 0.0000000000000000000, -1.000000000000000000 ) ) ;
#1185 = DIRECTION ( 'NONE',  ( 1.000000000000000000, 0.0000000000000000000, -3.491483361109382100E-015 ) ) ;
#1186 = FACE_OUTER_BOUND ( 'NONE', #153, .T. ) ;
#1187 = CYLINDRICAL_SURFACE ( 'NONE', #1181, 1.500000000000000000 ) ;
#1188 = DIRECTION ( 'NONE',  ( 0.0000000000000000000, 1.000000000000000000, 0.0000000000000000000 ) ) ;
#1189 = DIRECTION ( 'NONE',  ( -3.491483361109382100E-015, 0.0000000000000000000, -1.000000000000000000 ) ) ;
#1190 = VECTOR ( 'NONE', #1164, 1000.000000000000000 ) ;
#1191 = FACE_OUTER_BOUND ( 'NONE', #158, .T. ) ;
#1192 = LINE ( 'NONE', #1173, #1172 ) ;
#1193 = CARTESIAN_POINT ( 'NONE',  ( 2.199999999999956700, 22.19999999999999600, -12.40000000000000600 ) ) ;
#1194 = DIRECTION ( 'NONE',  ( 1.000000000000000000, 0.0000000000000000000, -3.854941057726237900E-015 ) ) ;
#1195 = PLANE ( 'NONE',  #1201 ) ;
#1196 = VECTOR ( 'NONE', #1146, 1000.000000000000000 ) ;
#1197 = AXIS2_PLACEMENT_3D ( 'NONE', #1214, #1220, #1204 ) ;
#1198 = DIRECTION ( 'NONE',  ( -3.491483361109382100E-015, 0.0000000000000000000, -1.000000000000000000 ) ) ;
#1199 = CARTESIAN_POINT ( 'NONE',  ( 0.1499999999999668000, 22.00000000000000000, -9.500000000000000000 ) ) ;
#1200 = DIRECTION ( 'NONE',  ( 0.0000000000000000000, 1.000000000000000000, 0.0000000000000000000 ) ) ;
#1201 = AXIS2_PLACEMENT_3D ( 'NONE', #1199, #1198, #1124 ) ;
#1202 = CYLINDRICAL_SURFACE ( 'NONE', #1088, 1.800000000000000000 ) ;
#1203 = PLANE ( 'NONE',  #1208 ) ;
#1204 = DIRECTION ( 'NONE',  ( 1.000000000000000000, 0.0000000000000000000, -3.154042683594194400E-015 ) ) ;
#1205 = LINE ( 'NONE', #1228, #1121 ) ;
#1206 = FACE_OUTER_BOUND ( 'NONE', #328, .T. ) ;
#1207 = FACE_BOUND ( 'NONE', #272, .T. ) ;
#1208 = AXIS2_PLACEMENT_3D ( 'NONE', #1213, #1223, #1222 ) ;
#1209 = FACE_BOUND ( 'NONE', #231, .T. ) ;
#1210 = PLANE ( 'NONE',  #1211 ) ;
#1211 = AXIS2_PLACEMENT_3D ( 'NONE', #1221, #1218, #1219 ) ;
#1212 = FACE_OUTER_BOUND ( 'NONE', #284, .T. ) ;
#1213 = CARTESIAN_POINT ( 'NONE',  ( -4.000000000000043500, 22.00000000000000000, -12.39999999999998600 ) ) ;
#1214 = CARTESIAN_POINT ( 'NONE',  ( -2.618612520832036500E-014, 21.50000000000000000, -7.500000000000000000 ) ) ;
#1215 = CARTESIAN_POINT ( 'NONE',  ( 1.174999999999967400, 22.19999999999999600, -9.400000000000003900 ) ) ;
#1216 = CARTESIAN_POINT ( 'NONE',  ( 2.199999995223087500, 22.19999999999999600, -9.400000000000007500 ) ) ;
#1217 = LINE ( 'NONE', #1226, #1225 ) ;
#1218 = DIRECTION ( 'NONE',  ( 1.000000000000000000, 0.0000000000000000000, -3.491483361109382100E-015 ) ) ;
#1219 = DIRECTION ( 'NONE',  ( -3.491483361109382100E-015, 0.0000000000000000000, -1.000000000000000000 ) ) ;
#1220 = DIRECTION ( 'NONE',  ( 0.0000000000000000000, 1.000000000000000000, 0.0000000000000000000 ) ) ;
#1221 = CARTESIAN_POINT ( 'NONE',  ( 5.599999999999999600, -9.000000000000001800, -1.955230682221254100E-014 ) ) ;
#1222 = DIRECTION ( 'NONE',  ( 3.491483361109382100E-015, 0.0000000000000000000, 1.000000000000000000 ) ) ;
#1223 = DIRECTION ( 'NONE',  ( -1.000000000000000000, 0.0000000000000000000, 3.491483361109382100E-015 ) ) ;
#1224 = DIRECTION ( 'NONE',  ( 0.0000000000000000000, -1.000000000000000000, -0.0000000000000000000 ) ) ;
#1225 = VECTOR ( 'NONE', #1224, 1000.000000000000000 ) ;
#1226 = CARTESIAN_POINT ( 'NONE',  ( -5.599999999999999600, 6.499999999999999100, 1.955230682221254100E-014 ) ) ;
#1227 = LINE ( 'NONE', #1215, #1196 ) ;
#1228 = CARTESIAN_POINT ( 'NONE',  ( -5.600000000000069800, 6.499999999999999100, -19.99999999999997900 ) ) ;
#1229 = CYLINDRICAL_SURFACE ( 'NONE', #1235, 1.799999999999999600 ) ;
#1230 = LINE ( 'NONE', #1268, #1297 ) ;
#1231 = CIRCLE ( 'NONE', #1239, 1.100000000000000300 ) ;
#1232 = FACE_OUTER_BOUND ( 'NONE', #283, .T. ) ;
#1233 = DIRECTION ( 'NONE',  ( -1.000000000000000000, 0.0000000000000000000, 3.491483361109382100E-015 ) ) ;
#1234 = CARTESIAN_POINT ( 'NONE',  ( 2.199999999999961100, 22.19999999999999600, -11.20000000000000600 ) ) ;
#1235 = AXIS2_PLACEMENT_3D ( 'NONE', #1234, #1233, #1237 ) ;
#1236 = FACE_OUTER_BOUND ( 'NONE', #161, .T. ) ;
#1237 = DIRECTION ( 'NONE',  ( 3.373073425510458900E-015, 0.0000000000000000000, 1.000000000000000000 ) ) ;
#1238 = FACE_OUTER_BOUND ( 'NONE', #395, .T. ) ;
#1239 = AXIS2_PLACEMENT_3D ( 'NONE', #1247, #1249, #1250 ) ;
#1240 = DIRECTION ( 'NONE',  ( -3.469446951953614200E-015, 0.0000000000000000000, -1.000000000000000000 ) ) ;
#1241 = VECTOR ( 'NONE', #1244, 1000.000000000000000 ) ;
#1242 = CARTESIAN_POINT ( 'NONE',  ( -5.600000000000010300, 19.19999999999999900, -2.999999999999980500 ) ) ;
#1243 = CARTESIAN_POINT ( 'NONE',  ( -4.000000000000043500, 22.09999999999999800, -12.39999999999998600 ) ) ;
#1244 = DIRECTION ( 'NONE',  ( 0.0000000000000000000, -1.000000000000000000, -0.0000000000000000000 ) ) ;
#1245 = DIRECTION ( 'NONE',  ( -1.000000000000000000, -0.0000000000000000000, 3.491483361109382100E-015 ) ) ;
#1246 = LINE ( 'NONE', #1243, #1241 ) ;
#1247 = CARTESIAN_POINT ( 'NONE',  ( -2.618612520832036500E-014, 21.50000000000000000, -7.500000000000000000 ) ) ;
#1248 = AXIS2_PLACEMENT_3D ( 'NONE', #1242, #1245, #1240 ) ;
#1249 = DIRECTION ( 'NONE',  ( -3.441339859374348400E-031, -1.000000000000000000, -9.856383386231858800E-017 ) ) ;
#1250 = DIRECTION ( 'NONE',  ( 3.491483361109380900E-015, 0.0000000000000000000, 1.000000000000000000 ) ) ;
#1251 = AXIS2_PLACEMENT_3D ( 'NONE', #1272, #1271, #1275 ) ;
#1252 = CARTESIAN_POINT ( 'NONE',  ( -5.599999999999999600, -9.000000000000001800, 1.955230682221254100E-014 ) ) ;
#1253 = PLANE ( 'NONE',  #1262 ) ;
#1254 = DIRECTION ( 'NONE',  ( -3.491483361109382100E-015, 0.0000000000000000000, -1.000000000000000000 ) ) ;
#1255 = LINE ( 'NONE', #1266, #1263 ) ;
#1256 = PLANE ( 'NONE',  #1267 ) ;
#1257 = DIRECTION ( 'NONE',  ( 0.0000000000000000000, 1.000000000000000000, 0.0000000000000000000 ) ) ;
#1258 = CIRCLE ( 'NONE', #1251, 1.100000000000000300 ) ;
#1259 = DIRECTION ( 'NONE',  ( 0.0000000000000000000, -1.000000000000000000, -0.0000000000000000000 ) ) ;
#1260 = DIRECTION ( 'NONE',  ( -0.0000000000000000000, 1.000000000000000000, 0.0000000000000000000 ) ) ;
#1261 = CARTESIAN_POINT ( 'NONE',  ( -5.600000000000069800, 22.00000000000000000, -19.99999999999997900 ) ) ;
#1262 = AXIS2_PLACEMENT_3D ( 'NONE', #1252, #1254, #1257 ) ;
#1263 = VECTOR ( 'NONE', #1260, 1000.000000000000000 ) ;
#1264 = DIRECTION ( 'NONE',  ( 3.491483361109382100E-015, 0.0000000000000000000, 1.000000000000000000 ) ) ;
#1265 = FACE_OUTER_BOUND ( 'NONE', #235, .T. ) ;
#1266 = CARTESIAN_POINT ( 'NONE',  ( -4.000000000000039100, 22.09999999999999800, -11.20000000069242500 ) ) ;
#1267 = AXIS2_PLACEMENT_3D ( 'NONE', #1261, #1264, #1259 ) ;
#1268 = CARTESIAN_POINT ( 'NONE',  ( -2.723357021665318100E-014, 21.50000000000000000, -7.799999999999999800 ) ) ;
#1269 = CARTESIAN_POINT ( 'NONE',  ( -2.200000000000039300, 22.00000000000000000, -11.19999999999999200 ) ) ;
#1270 = AXIS2_PLACEMENT_3D ( 'NONE', #1269, #1276, #1274 ) ;
#1271 = DIRECTION ( 'NONE',  ( 3.441339859374348400E-031, 1.000000000000000000, 9.856383386231858800E-017 ) ) ;
#1272 = CARTESIAN_POINT ( 'NONE',  ( -2.618612520832036500E-014, 22.09999999999999800, -7.500000000000000000 ) ) ;
#1273 = FACE_OUTER_BOUND ( 'NONE', #221, .T. ) ;
#1274 = DIRECTION ( 'NONE',  ( 1.000000000000000000, 0.0000000000000000000, -3.854941057726237900E-015 ) ) ;
#1275 = DIRECTION ( 'NONE',  ( 3.491483361109380900E-015, 0.0000000000000000000, 1.000000000000000000 ) ) ;
#1276 = DIRECTION ( 'NONE',  ( 0.0000000000000000000, 1.000000000000000000, 0.0000000000000000000 ) ) ;
#1277 = CIRCLE ( 'NONE', #1248, 1.500000000000000000 ) ;
#1278 = CYLINDRICAL_SURFACE ( 'NONE', #1270, 1.800000000000000000 ) ;
#1279 = CARTESIAN_POINT ( 'NONE',  ( 3.999999999999956900, 22.20000000000001700, -12.40000000000001500 ) ) ;
#1280 = CARTESIAN_POINT ( 'NONE',  ( 3.999999999999956900, 22.20000000000001700, -12.40000000000002700 ) ) ;
#1281 = CARTESIAN_POINT ( 'NONE',  ( 3.999999999999956900, 22.20000000000001400, -12.40000000000003600 ) ) ;
#1282 = CARTESIAN_POINT ( 'NONE',  ( 3.999999999999956900, 22.19999999999999600, -12.40000000000003600 ) ) ;
#1283 = CARTESIAN_POINT ( 'NONE',  ( 3.254415580548102300, 23.25441559235240200, -14.20000000801624300 ) ) ;
#1284 = CARTESIAN_POINT ( 'NONE',  ( 3.254415580548102300, 22.19999999972310800, -14.20000000785404600 ) ) ;
#1285 = CARTESIAN_POINT ( 'NONE',  ( 2.199999986592276800, 23.99999999999999600, -12.39999999963082400 ) ) ;
#1286 = CYLINDRICAL_SURFACE ( 'NONE', #1294, 1.100000000000000100 ) ;
#1287 = CIRCLE ( 'NONE', #1304, 1.799999999999999600 ) ;
#1288 = CYLINDRICAL_SURFACE ( 'NONE', #1197, 1.100000000000000100 ) ;
#1289 = DIRECTION ( 'NONE',  ( 0.0000000000000000000, -1.000000000000000000, -0.0000000000000000000 ) ) ;
#1290 = CARTESIAN_POINT ( 'NONE',  ( 5.599999999999999600, 6.499999999999999100, -1.955230682221254100E-014 ) ) ;
#1291 = DIRECTION ( 'NONE',  ( 1.000000000000000000, 0.0000000000000000000, -3.154042683594194400E-015 ) ) ;
#1292 = VECTOR ( 'NONE', #1289, 1000.000000000000000 ) ;
#1293 = FACE_OUTER_BOUND ( 'NONE', #250, .T. ) ;
#1294 = AXIS2_PLACEMENT_3D ( 'NONE', #1301, #1300, #1291 ) ;
#1295 = LINE ( 'NONE', #1333, #1357 ) ;
#1296 = DIRECTION ( 'NONE',  ( 1.000000000000000000, 0.0000000000000000000, -3.491483361109382100E-015 ) ) ;
#1297 = VECTOR ( 'NONE', #1296, 1000.000000000000000 ) ;
#1298 = DIRECTION ( 'NONE',  ( -3.373073425510458900E-015, 0.0000000000000000000, -1.000000000000000000 ) ) ;
#1299 = DIRECTION ( 'NONE',  ( -0.0000000000000000000, 1.000000000000000000, 0.0000000000000000000 ) ) ;
#1300 = DIRECTION ( 'NONE',  ( 0.0000000000000000000, 1.000000000000000000, 0.0000000000000000000 ) ) ;
#1301 = CARTESIAN_POINT ( 'NONE',  ( -2.618612520832036500E-014, 21.50000000000000000, -7.500000000000000000 ) ) ;
#1302 = LINE ( 'NONE', #1290, #1292 ) ;
#1303 = FACE_BOUND ( 'NONE', #246, .T. ) ;
#1304 = AXIS2_PLACEMENT_3D ( 'NONE', #1307, #1299, #1298 ) ;
#1305 = FACE_BOUND ( 'NONE', #273, .T. ) ;
#1306 =( BOUNDED_SURFACE ( )  B_SPLINE_SURFACE ( 3, 3, ( 
 ( #1317, #1316, #1315, #1285 ),
 ( #1284, #1283, #1314, #1313 ),
 ( #1312, #1311, #1310, #1309 ),
 ( #1282, #1281, #1280, #1279 ) ),
 .UNSPECIFIED., .F., .F., .F. ) 
 B_SPLINE_SURFACE_WITH_KNOTS ( ( 4, 4 ),
 ( 4, 4 ),
 ( 0.0000000000000000000, 1.000000000000000000 ),
 ( 0.0000000000000000000, 1.000000000000000000 ),
 .UNSPECIFIED. ) 
 GEOMETRIC_REPRESENTATION_ITEM ( )  RATIONAL_B_SPLINE_SURFACE ( (
 ( 1.000000000000000000, 0.8047378540397646100, 0.8047378540397646100, 1.000000000000000000),
 ( 0.8047378523686898900, 0.6476030123797483800, 0.6476030123797483800, 0.8047378523686898900),
 ( 0.8047378523686898900, 0.6476030123797483800, 0.6476030123797483800, 0.8047378523686898900),
 ( 1.000000000000000000, 0.8047378540397646100, 0.8047378540397646100, 1.000000000000000000) ) ) 
 REPRESENTATION_ITEM ( '' )  SURFACE ( )  );
#1307 = CARTESIAN_POINT ( 'NONE',  ( 2.199999999999961100, 22.19999999999999600, -11.20000000000000600 ) ) ;
#1308 = FACE_OUTER_BOUND ( 'NONE', #340, .T. ) ;
#1309 = CARTESIAN_POINT ( 'NONE',  ( 3.999999999999943600, 23.25441559395585900, -12.39999999978375000 ) ) ;
#1310 = CARTESIAN_POINT ( 'NONE',  ( 3.999999999999942300, 23.25441559408254100, -13.01766235452119400 ) ) ;
#1311 = CARTESIAN_POINT ( 'NONE',  ( 3.999999999999939600, 22.81766235457524400, -13.45441559405088400 ) ) ;
#1312 = CARTESIAN_POINT ( 'NONE',  ( 3.999999999999940000, 22.19999999983780400, -13.45441559395587200 ) ) ;
#1313 = CARTESIAN_POINT ( 'NONE',  ( 3.254415580548109000, 24.00000000785403000, -12.39999999963082500 ) ) ;
#1314 = CARTESIAN_POINT ( 'NONE',  ( 3.254415580548105400, 24.00000000807028800, -13.45441559226012300 ) ) ;
#1315 = CARTESIAN_POINT ( 'NONE',  ( 2.199999986592273200, 24.00000000021625700, -13.45441558765933200 ) ) ;
#1316 = CARTESIAN_POINT ( 'NONE',  ( 2.199999986592270600, 23.25441558775161300, -14.20000000016220400 ) ) ;
#1317 = CARTESIAN_POINT ( 'NONE',  ( 2.199999986592270600, 22.19999999972310800, -14.20000000000000600 ) ) ;
#1318 = FACE_OUTER_BOUND ( 'NONE', #358, .T. ) ;
#1319 = CARTESIAN_POINT ( 'NONE',  ( -2.618612520832036500E-014, 21.50000000000000000, -7.500000000000000000 ) ) ;
#1320 = AXIS2_PLACEMENT_3D ( 'NONE', #1319, #1335, #1334 ) ;
#1321 = DIRECTION ( 'NONE',  ( 3.491483361109382100E-015, 0.0000000000000000000, 1.000000000000000000 ) ) ;
#1322 = AXIS2_PLACEMENT_3D ( 'NONE', #1328, #1327, #1321 ) ;
#1323 = DIRECTION ( 'NONE',  ( 0.0000000000000000000, -1.000000000000000000, -0.0000000000000000000 ) ) ;
#1324 = CARTESIAN_POINT ( 'NONE',  ( -1.058300524000027200, 21.75000000000000000, -7.799999999999996300 ) ) ;
#1325 = FACE_OUTER_BOUND ( 'NONE', #343, .T. ) ;
#1326 = CIRCLE ( 'NONE', #1320, 1.100000000000000300 ) ;
#1327 = DIRECTION ( 'NONE',  ( -1.000000000000000000, 0.0000000000000000000, 3.491483361109382100E-015 ) ) ;
#1328 = CARTESIAN_POINT ( 'NONE',  ( 3.999999999999956900, 22.00000000000000000, -12.40000000000001300 ) ) ;
#1329 = CIRCLE ( 'NONE', #1410, 1.100000000000000100 ) ;
#1330 = LINE ( 'NONE', #1324, #1332 ) ;
#1331 = PLANE ( 'NONE',  #1322 ) ;
#1332 = VECTOR ( 'NONE', #1323, 1000.000000000000000 ) ;
#1333 = CARTESIAN_POINT ( 'NONE',  ( 0.1499999999999587800, 22.00000000000000000, -11.79999999999999900 ) ) ;
#1334 = DIRECTION ( 'NONE',  ( 3.491483361109380900E-015, 0.0000000000000000000, 1.000000000000000000 ) ) ;
#1335 = DIRECTION ( 'NONE',  ( -3.441339859374348400E-031, -1.000000000000000000, -9.856383386231858800E-017 ) ) ;
#1336 = DIRECTION ( 'NONE',  ( -1.000000000000000000, 0.0000000000000000000, 3.854941057726237900E-015 ) ) ;
#1337 = DIRECTION ( 'NONE',  ( 0.0000000000000000000, -1.000000000000000000, -0.0000000000000000000 ) ) ;
#1338 = DIRECTION ( 'NONE',  ( -3.469446951953614200E-015, 0.0000000000000000000, -1.000000000000000000 ) ) ;
#1339 = DIRECTION ( 'NONE',  ( -1.000000000000000000, -0.0000000000000000000, 3.491483361109382100E-015 ) ) ;
#1340 = AXIS2_PLACEMENT_3D ( 'NONE', #1358, #1356, #1347 ) ;
#1341 = DIRECTION ( 'NONE',  ( -0.0000000000000000000, 1.000000000000000000, 0.0000000000000000000 ) ) ;
#1342 = VECTOR ( 'NONE', #1341, 1000.000000000000000 ) ;
#1343 = CARTESIAN_POINT ( 'NONE',  ( 2.199999999261597500, 22.09999999999999800, -9.400000000000007500 ) ) ;
#1344 = CIRCLE ( 'NONE', #1402, 1.100000000000000100 ) ;
#1345 = CARTESIAN_POINT ( 'NONE',  ( -5.600000000000034300, 22.00000000000000000, -9.999999999999980500 ) ) ;
#1346 = LINE ( 'NONE', #1345, #1384 ) ;
#1347 = DIRECTION ( 'NONE',  ( 0.0000000000000000000, 1.000000000000000000, 0.0000000000000000000 ) ) ;
#1348 = CARTESIAN_POINT ( 'NONE',  ( 3.999999999999960900, 22.20000000000003800, -11.20000000000001200 ) ) ;
#1349 = CARTESIAN_POINT ( 'NONE',  ( 3.999999999999943200, 22.19999999860088400, -10.14558440604414700 ) ) ;
#1350 = CARTESIAN_POINT ( 'NONE',  ( 3.999999999999942300, 22.81766235378727400, -10.14558440522456100 ) ) ;
#1351 = CARTESIAN_POINT ( 'NONE',  ( 3.999999999999940900, 23.25441559392419300, -10.58233764475955100 ) ) ;
#1352 = CARTESIAN_POINT ( 'NONE',  ( 3.999999999999938300, 23.25441559395586900, -11.19999999994594500 ) ) ;
#1353 = AXIS2_PLACEMENT_3D ( 'NONE', #1382, #1337, #1336 ) ;
#1354 = CYLINDRICAL_SURFACE ( 'NONE', #1353, 1.800000000000000000 ) ;
#1355 = AXIS2_PLACEMENT_3D ( 'NONE', #1374, #1339, #1338 ) ;
#1356 = DIRECTION ( 'NONE',  ( -3.491483361109382100E-015, 0.0000000000000000000, -1.000000000000000000 ) ) ;
#1357 = VECTOR ( 'NONE', #1383, 1000.000000000000000 ) ;
#1358 = CARTESIAN_POINT ( 'NONE',  ( 0.1499999999999671600, 22.00000000000000000, -9.400000000000000400 ) ) ;
#1359 = DIRECTION ( 'NONE',  ( 0.0000000000000000000, 1.000000000000000000, 0.0000000000000000000 ) ) ;
#1360 = VECTOR ( 'NONE', #1359, 1000.000000000000000 ) ;
#1361 = PLANE ( 'NONE',  #1340 ) ;
#1362 = FACE_OUTER_BOUND ( 'NONE', #265, .T. ) ;
#1363 = CARTESIAN_POINT ( 'NONE',  ( 2.199999986592284800, 23.99999999994593500, -10.14558441111279500 ) ) ;
#1364 = CARTESIAN_POINT ( 'NONE',  ( 2.199999986592281200, 24.00000000000000000, -11.19999999990770500 ) ) ;
#1365 = CARTESIAN_POINT ( 'NONE',  ( 2.199999986592287500, 22.19999999761155600, -9.400000000000002100 ) ) ;
#1366 = CARTESIAN_POINT ( 'NONE',  ( 2.199999986592287000, 23.25441558640647300, -9.399999998600888400 ) ) ;
#1367 = CARTESIAN_POINT ( 'NONE',  ( -2.200000000000033000, 22.09999999999999800, -9.399999999999993200 ) ) ;
#1368 = LINE ( 'NONE', #1367, #1360 ) ;
#1369 = CARTESIAN_POINT ( 'NONE',  ( 3.254415580548108500, 24.00000000779997200, -10.14558440651200900 ) ) ;
#1370 = CARTESIAN_POINT ( 'NONE',  ( 3.254415580548105400, 24.00000000785403700, -11.19999999990770900 ) ) ;
#1371 = CARTESIAN_POINT ( 'NONE',  ( 3.999999999999960900, 22.19999999999999600, -11.19999999999997100 ) ) ;
#1372 = CARTESIAN_POINT ( 'NONE',  ( 3.999999999999960900, 22.20000000000002800, -11.19999999999997300 ) ) ;
#1373 = CARTESIAN_POINT ( 'NONE',  ( 3.999999999999960900, 22.20000000000004500, -11.19999999999999000 ) ) ;
#1374 = CARTESIAN_POINT ( 'NONE',  ( -5.600000000000010300, -6.200000000000001100, -2.999999999999980500 ) ) ;
#1375 = CIRCLE ( 'NONE', #1355, 1.500000000000000000 ) ;
#1376 = CARTESIAN_POINT ( 'NONE',  ( 3.254415580548111600, 22.19999999761155600, -9.399999992145970000 ) ) ;
#1377 = CARTESIAN_POINT ( 'NONE',  ( 3.254415580548111200, 23.25441559100725500, -9.399999990746851000 ) ) ;
#1378 =( BOUNDED_SURFACE ( )  B_SPLINE_SURFACE ( 3, 3, ( 
 ( #1364, #1363, #1366, #1365 ),
 ( #1370, #1369, #1377, #1376 ),
 ( #1352, #1351, #1350, #1349 ),
 ( #1348, #1373, #1372, #1371 ) ),
 .UNSPECIFIED., .F., .F., .T. ) 
 B_SPLINE_SURFACE_WITH_KNOTS ( ( 4, 4 ),
 ( 4, 4 ),
 ( 0.0000000000000000000, 1.000000000000000000 ),
 ( 0.0000000000000000000, 1.000000000000000000 ),
 .UNSPECIFIED. ) 
 GEOMETRIC_REPRESENTATION_ITEM ( )  RATIONAL_B_SPLINE_SURFACE ( (
 ( 1.000000000000000000, 0.8047378538236952300, 0.8047378538236952300, 1.000000000000000000),
 ( 0.8047378523686920000, 0.6476030122058709100, 0.6476030122058709100, 0.8047378523686920000),
 ( 0.8047378523686920000, 0.6476030122058709100, 0.6476030122058709100, 0.8047378523686920000),
 ( 1.000000000000000000, 0.8047378538236952300, 0.8047378538236952300, 1.000000000000000000) ) ) 
 REPRESENTATION_ITEM ( '' )  SURFACE ( )  );
#1379 = CARTESIAN_POINT ( 'NONE',  ( -6.230029342339309700E-014, -6.843502884000051800, -17.84350288399995000 ) ) ;
#1380 = DIRECTION ( 'NONE',  ( -3.491483361109382100E-015, 0.0000000000000000000, -1.000000000000000000 ) ) ;
#1381 = FACE_OUTER_BOUND ( 'NONE', #269, .T. ) ;
#1382 = CARTESIAN_POINT ( 'NONE',  ( 2.199999999999961100, 22.19999999999999600, -11.20000000000000600 ) ) ;
#1383 = DIRECTION ( 'NONE',  ( 3.491483361109382100E-015, 0.0000000000000000000, 1.000000000000000000 ) ) ;
#1384 = VECTOR ( 'NONE', #1380, 1000.000000000000000 ) ;
#1385 = LINE ( 'NONE', #1343, #1342 ) ;
#1386 = CARTESIAN_POINT ( 'NONE',  ( -3.250000000000000000, 16.25000000000000000, -0.04999999999998865100 ) ) ;
#1387 = LINE ( 'NONE', #1386, #1417 ) ;
#1388 = FACE_OUTER_BOUND ( 'NONE', #372, .T. ) ;
#1389 = DIRECTION ( 'NONE',  ( 1.000000000000000000, 0.0000000000000000000, -3.854941057726237900E-015 ) ) ;
#1390 = CARTESIAN_POINT ( 'NONE',  ( 3.999999999999956900, 22.09999999999999800, -12.40000000000001300 ) ) ;
#1391 = DIRECTION ( 'NONE',  ( -3.491483361109382100E-015, 0.0000000000000000000, -1.000000000000000000 ) ) ;
#1392 = VECTOR ( 'NONE', #1391, 1000.000000000000000 ) ;
#1393 = CARTESIAN_POINT ( 'NONE',  ( -3.250000000000000000, 4.250000000000000000, -0.04999999999998865100 ) ) ;
#1394 = DIRECTION ( 'NONE',  ( 0.0000000000000000000, 1.000000000000000000, 0.0000000000000000000 ) ) ;
#1395 = DIRECTION ( 'NONE',  ( 1.000000000000000000, 0.0000000000000000000, -3.154042683594194400E-015 ) ) ;
#1396 = LINE ( 'NONE', #1393, #1392 ) ;
#1397 = CARTESIAN_POINT ( 'NONE',  ( -3.249999998799999900, 4.250000001249996600, 1.135070905120472800E-014 ) ) ;
#1398 = PLANE ( 'NONE',  #1421 ) ;
#1399 = DIRECTION ( 'NONE',  ( 1.000000000000000000, 0.0000000000000000000, -3.491483361109382100E-015 ) ) ;
#1400 = DIRECTION ( 'NONE',  ( 0.0000000000000000000, 1.000000000000000000, 0.0000000000000000000 ) ) ;
#1401 = CARTESIAN_POINT ( 'NONE',  ( -2.618612520832036500E-014, 22.00000000000000000, -7.500000000000000000 ) ) ;
#1402 = AXIS2_PLACEMENT_3D ( 'NONE', #1401, #1400, #1414 ) ;
#1403 = VECTOR ( 'NONE', #1405, 1000.000000000000000 ) ;
#1404 = CARTESIAN_POINT ( 'NONE',  ( 2.199999999999956700, 22.00000000000000000, -12.40000000000000600 ) ) ;
#1405 = DIRECTION ( 'NONE',  ( -0.0000000000000000000, 1.000000000000000000, 0.0000000000000000000 ) ) ;
#1406 = AXIS2_PLACEMENT_3D ( 'NONE', #1404, #1418, #1389 ) ;
#1407 = CARTESIAN_POINT ( 'NONE',  ( 0.0000000000000000000, 4.250000004999996900, 0.0000000000000000000 ) ) ;
#1408 = LINE ( 'NONE', #1407, #1412 ) ;
#1409 = CARTESIAN_POINT ( 'NONE',  ( 1.058300524390346500, 21.50000000000000000, -7.800000000125102400 ) ) ;
#1410 = AXIS2_PLACEMENT_3D ( 'NONE', #1413, #1394, #1395 ) ;
#1411 = DIRECTION ( 'NONE',  ( 1.000000000000000000, 0.0000000000000000000, -3.491483361109382100E-015 ) ) ;
#1412 = VECTOR ( 'NONE', #1411, 1000.000000000000000 ) ;
#1413 = CARTESIAN_POINT ( 'NONE',  ( -2.618612520832036500E-014, 22.00000000000000000, -7.500000000000000000 ) ) ;
#1414 = DIRECTION ( 'NONE',  ( 1.000000000000000000, 0.0000000000000000000, -3.154042683594194400E-015 ) ) ;
#1415 = DIRECTION ( 'NONE',  ( -3.491483361109382100E-015, 0.0000000000000000000, -1.000000000000000000 ) ) ;
#1416 = DIRECTION ( 'NONE',  ( 3.491483361109382100E-015, 0.0000000000000000000, 1.000000000000000000 ) ) ;
#1417 = VECTOR ( 'NONE', #1416, 1000.000000000000000 ) ;
#1418 = DIRECTION ( 'NONE',  ( 0.0000000000000000000, 1.000000000000000000, 0.0000000000000000000 ) ) ;
#1419 = FACE_OUTER_BOUND ( 'NONE', #134, .T. ) ;
#1420 = CARTESIAN_POINT ( 'NONE',  ( 3.250000000000000000, -2.750000000000002700, -1.134732092360549200E-014 ) ) ;
#1421 = AXIS2_PLACEMENT_3D ( 'NONE', #1420, #1399, #1415 ) ;
#1422 = CYLINDRICAL_SURFACE ( 'NONE', #1406, 1.800000000000000000 ) ;
#1423 = LINE ( 'NONE', #1390, #1403 ) ;
#1424 = PLANE ( 'NONE',  #1467 ) ;
#1425 = CARTESIAN_POINT ( 'NONE',  ( 1.058300524390346500, 22.00000000000000000, -7.800000000125102400 ) ) ;
#1426 = FACE_OUTER_BOUND ( 'NONE', #1045, .T. ) ;
#1427 = FACE_OUTER_BOUND ( 'NONE', #591, .T. ) ;
#1428 = LINE ( 'NONE', #1460, #1472 ) ;
#1429 = DIRECTION ( 'NONE',  ( 1.000000000000000000, 0.0000000000000000000, -3.491483361109382100E-015 ) ) ;
#1430 = VECTOR ( 'NONE', #1429, 1000.000000000000000 ) ;
#1431 = CARTESIAN_POINT ( 'NONE',  ( -2.723357021665318100E-014, 22.09999999999999800, -7.799999999999999800 ) ) ;
#1432 = LINE ( 'NONE', #1431, #1430 ) ;
#1433 = LINE ( 'NONE', #1447, #1441 ) ;
#1434 = CARTESIAN_POINT ( 'NONE',  ( -0.1500000000000328000, 22.19999999999999600, -9.400000000000000400 ) ) ;
#1435 = COORDINATED_UNIVERSAL_TIME_OFFSET ( 8, 0, .AHEAD. ) ;
#1436 = PLANE ( 'NONE',  #1477 ) ;
#1437 = CARTESIAN_POINT ( 'NONE',  ( -2.200000000000041500, 24.00000000000000000, -11.79999999999999400 ) ) ;
#1438 = CARTESIAN_POINT ( 'NONE',  ( 3.250000000000000000, 4.250000000000000000, -1.134732092360549200E-014 ) ) ;
#1439 = DIRECTION ( 'NONE',  ( 1.000000000000000000, 0.0000000000000000000, -3.491483361109382100E-015 ) ) ;
#1440 = FACE_OUTER_BOUND ( 'NONE', #809, .T. ) ;
#1441 = VECTOR ( 'NONE', #1478, 1000.000000000000000 ) ;
#1442 = CARTESIAN_POINT ( 'NONE',  ( 3.249999998799999900, 4.250000001249996600, -1.134562685352120200E-014 ) ) ;
#1443 = LINE ( 'NONE', #1462, #1453 ) ;
#1444 = DIRECTION ( 'NONE',  ( -1.000000000000000000, 0.0000000000000000000, 3.491483361109382100E-015 ) ) ;
#1445 = CARTESIAN_POINT ( 'NONE',  ( -3.250000000000000000, 4.250000000000000000, 1.134732092360549200E-014 ) ) ;
#1446 = CYLINDRICAL_SURFACE ( 'NONE', #1459, 1.100000000000000100 ) ;
#1447 = CARTESIAN_POINT ( 'NONE',  ( -3.249999995200000000, 6.499999999999999100, 1.134732090684637100E-014 ) ) ;
#1448 = AXIS2_PLACEMENT_3D ( 'NONE', #1476, #1475, #1474 ) ;
#1449 = DIRECTION ( 'NONE',  ( 1.000000000000000000, 0.0000000000000000000, -3.154042683594194400E-015 ) ) ;
#1450 = DIRECTION ( 'NONE',  ( -3.491483361109382100E-015, 0.0000000000000000000, -1.000000000000000000 ) ) ;
#1451 = VECTOR ( 'NONE', #1450, 1000.000000000000000 ) ;
#1452 = FACE_OUTER_BOUND ( 'NONE', #580, .T. ) ;
#1453 = VECTOR ( 'NONE', #1461, 1000.000000000000000 ) ;
#1454 = FACE_OUTER_BOUND ( 'NONE', #1029, .T. ) ;
#1455 = DIRECTION ( 'NONE',  ( 0.0000000000000000000, 1.000000000000000000, 0.0000000000000000000 ) ) ;
#1456 = CARTESIAN_POINT ( 'NONE',  ( 3.249999998799999900, 16.24999999974999900, -1.134393278762669400E-014 ) ) ;
#1457 = AXIS2_PLACEMENT_3D ( 'NONE', #1438, #1439, #1480 ) ;
#1458 = DIRECTION ( 'NONE',  ( 0.0000000000000000000, 1.000000000000000000, 0.0000000000000000000 ) ) ;
#1459 = AXIS2_PLACEMENT_3D ( 'NONE', #1473, #1458, #1449 ) ;
#1460 = CARTESIAN_POINT ( 'NONE',  ( 1.099999999999973900, 21.50000000000000000, -7.500000000000003600 ) ) ;
#1461 = DIRECTION ( 'NONE',  ( -3.491483361109382100E-015, 0.0000000000000000000, -1.000000000000000000 ) ) ;
#1462 = CARTESIAN_POINT ( 'NONE',  ( 3.250000000000000000, 16.25000000000000000, -0.05000000000001135500 ) ) ;
#1463 = LINE ( 'NONE', #1437, #1451 ) ;
#1464 = DIRECTION ( 'NONE',  ( -3.491483361109382100E-015, 0.0000000000000000000, -1.000000000000000000 ) ) ;
#1465 = DIRECTION ( 'NONE',  ( 0.0000000000000000000, -1.000000000000000000, -0.0000000000000000000 ) ) ;
#1466 = CARTESIAN_POINT ( 'NONE',  ( -3.250000000000000000, 4.250000000000000000, 1.134732092360549200E-014 ) ) ;
#1467 = AXIS2_PLACEMENT_3D ( 'NONE', #1466, #1465, #1464 ) ;
#1468 = AXIS2_PLACEMENT_3D ( 'NONE', #1379, #1506, #1495 ) ;
#1469 = CIRCLE ( 'NONE', #1468, 1.850000000077600700 ) ;
#1470 = CARTESIAN_POINT ( 'NONE',  ( 1.058300524212894700, 21.50000000000000000, -7.200000000000002800 ) ) ;
#1471 = DIRECTION ( 'NONE',  ( 0.0000000000000000000, 1.000000000000000000, 0.0000000000000000000 ) ) ;
#1472 = VECTOR ( 'NONE', #1471, 1000.000000000000000 ) ;
#1473 = CARTESIAN_POINT ( 'NONE',  ( -2.618612520832036500E-014, 21.50000000000000000, -7.500000000000000000 ) ) ;
#1474 = DIRECTION ( 'NONE',  ( -3.491483361109382100E-015, 0.0000000000000000000, -1.000000000000000000 ) ) ;
#1475 = DIRECTION ( 'NONE',  ( 0.0000000000000000000, -1.000000000000000000, -0.0000000000000000000 ) ) ;
#1476 = CARTESIAN_POINT ( 'NONE',  ( -2.200000000000039300, 24.00000000000000000, -11.19999999999999200 ) ) ;
#1477 = AXIS2_PLACEMENT_3D ( 'NONE', #1445, #1444, #1455 ) ;
#1478 = DIRECTION ( 'NONE',  ( 0.0000000000000000000, -1.000000000000000000, -0.0000000000000000000 ) ) ;
#1479 = PLANE ( 'NONE',  #1448 ) ;
#1480 = DIRECTION ( 'NONE',  ( -3.491483361109382100E-015, 0.0000000000000000000, -1.000000000000000000 ) ) ;
#1481 = PLANE ( 'NONE',  #1457 ) ;
#1482 = LINE ( 'NONE', #1555, #1553 ) ;
#1483 = LINE ( 'NONE', #1549, #1548 ) ;
#1484 = DIRECTION ( 'NONE',  ( 1.000000000000000000, 0.0000000000000000000, -3.491483361109382100E-015 ) ) ;
#1485 = DIRECTION ( 'NONE',  ( 3.491483361109382100E-015, 0.0000000000000000000, 1.000000000000000000 ) ) ;
#1486 = CARTESIAN_POINT ( 'NONE',  ( -1.058300524000027200, 21.50000000000000000, -7.799999999999996300 ) ) ;
#1487 = PLANE ( 'NONE',  #1543 ) ;
#1488 = DIRECTION ( 'NONE',  ( -0.0000000000000000000, -1.000000000000000000, 0.0000000000000000000 ) ) ;
#1489 = CARTESIAN_POINT ( 'NONE',  ( -2.618612520832036500E-014, 21.50000000000000000, -7.500000000000000000 ) ) ;
#1490 = DIRECTION ( 'NONE',  ( -1.000000000000000000, 0.0000000000000000000, 3.491483361109382100E-015 ) ) ;
#1491 = FACE_OUTER_BOUND ( 'NONE', #635, .T. ) ;
#1492 = FACE_OUTER_BOUND ( 'NONE', #632, .T. ) ;
#1493 = CARTESIAN_POINT ( 'NONE',  ( 1.113199999999974900, 21.50000000000000000, -7.200000000000002800 ) ) ;
#1494 = AXIS2_PLACEMENT_3D ( 'NONE', #1489, #1503, #1524 ) ;
#1495 = DIRECTION ( 'NONE',  ( 2.468851561040438500E-015, -0.7071067811865484600, 0.7071067811865465700 ) ) ;
#1496 = DIRECTION ( 'NONE',  ( 3.491483361109380900E-015, 0.0000000000000000000, 1.000000000000000000 ) ) ;
#1497 = DIRECTION ( 'NONE',  ( 3.441339859374348400E-031, 1.000000000000000000, 9.856383386231858800E-017 ) ) ;
#1498 = DIRECTION ( 'NONE',  ( 2.468851561040446800E-015, 0.7071067811865465700, 0.7071067811865485700 ) ) ;
#1499 = VECTOR ( 'NONE', #1498, 1000.000000000000000 ) ;
#1500 = DIRECTION ( 'NONE',  ( -1.000000000000000000, 0.0000000000000000000, 3.154042683594194400E-015 ) ) ;
#1501 = DIRECTION ( 'NONE',  ( 0.0000000000000000000, -1.000000000000000000, -0.0000000000000000000 ) ) ;
#1502 = CARTESIAN_POINT ( 'NONE',  ( -1.058300524478869000, 21.50000000000000000, -7.200000000186986600 ) ) ;
#1503 = DIRECTION ( 'NONE',  ( -3.441339859374348400E-031, -1.000000000000000000, -9.856383386231858800E-017 ) ) ;
#1504 = LINE ( 'NONE', #1544, #1515 ) ;
#1505 = CIRCLE ( 'NONE', #1513, 1.100000000000000100 ) ;
#1506 = DIRECTION ( 'NONE',  ( 2.468851561040446800E-015, 0.7071067811865465700, 0.7071067811865485700 ) ) ;
#1507 = AXIS2_PLACEMENT_3D ( 'NONE', #1514, #1497, #1496 ) ;
#1508 = CARTESIAN_POINT ( 'NONE',  ( -2.234549351110004400E-014, 22.09999999999999800, -6.399999999999999500 ) ) ;
#1509 = DIRECTION ( 'NONE',  ( -1.000000000000000000, 0.0000000000000000000, 3.154042683594194400E-015 ) ) ;
#1510 = DIRECTION ( 'NONE',  ( 0.0000000000000000000, -1.000000000000000000, -0.0000000000000000000 ) ) ;
#1511 = AXIS2_PLACEMENT_3D ( 'NONE', #1541, #1510, #1509 ) ;
#1512 = CIRCLE ( 'NONE', #1507, 1.100000000000000300 ) ;
#1513 = AXIS2_PLACEMENT_3D ( 'NONE', #1516, #1501, #1500 ) ;
#1514 = CARTESIAN_POINT ( 'NONE',  ( -2.618612520832036500E-014, 22.09999999999999800, -7.500000000000000000 ) ) ;
#1515 = VECTOR ( 'NONE', #1490, 1000.000000000000000 ) ;
#1516 = CARTESIAN_POINT ( 'NONE',  ( -2.618612520832036500E-014, 22.00000000000000000, -7.500000000000000000 ) ) ;
#1517 = DIRECTION ( 'NONE',  ( 0.0000000000000000000, -1.000000000000000000, -0.0000000000000000000 ) ) ;
#1518 = VECTOR ( 'NONE', #1517, 1000.000000000000000 ) ;
#1519 = CARTESIAN_POINT ( 'NONE',  ( 1.058300523999974800, 21.80000000000000100, -7.200000000000002800 ) ) ;
#1520 = LINE ( 'NONE', #1519, #1518 ) ;
#1521 = CARTESIAN_POINT ( 'NONE',  ( -1.058300524212945100, 22.09999999999999800, -7.199999999999996600 ) ) ;
#1522 = CARTESIAN_POINT ( 'NONE',  ( 1.058300524212890700, 22.09999999999999800, -7.800000000000003400 ) ) ;
#1523 = FACE_OUTER_BOUND ( 'NONE', #615, .T. ) ;
#1524 = DIRECTION ( 'NONE',  ( -6.123031769111980000E-017, 0.0000000000000000000, 1.000000000000000000 ) ) ;
#1525 = AXIS2_PLACEMENT_3D ( 'NONE', #1528, #1527, #1526 ) ;
#1526 = DIRECTION ( 'NONE',  ( 1.000000000000000000, 0.0000000000000000000, -3.491483361109382100E-015 ) ) ;
#1527 = DIRECTION ( 'NONE',  ( 0.0000000000000000000, 1.000000000000000000, 0.0000000000000000000 ) ) ;
#1528 = CARTESIAN_POINT ( 'NONE',  ( -1.071000131000022300, 22.09999999999999800, -6.395199999999996400 ) ) ;
#1529 = PLANE ( 'NONE',  #1525 ) ;
#1530 = DIRECTION ( 'NONE',  ( -1.000000000000000000, 0.0000000000000000000, 3.491483361109382100E-015 ) ) ;
#1531 = CIRCLE ( 'NONE', #1494, 1.100000000000000300 ) ;
#1532 = PLANE ( 'NONE',  #1550 ) ;
#1533 = DIRECTION ( 'NONE',  ( 0.0000000000000000000, 1.000000000000000000, 0.0000000000000000000 ) ) ;
#1534 = VECTOR ( 'NONE', #1533, 1000.000000000000000 ) ;
#1535 = CARTESIAN_POINT ( 'NONE',  ( -1.058300524212945300, 22.00000000000000000, -7.799999999999996300 ) ) ;
#1536 = CIRCLE ( 'NONE', #1511, 1.100000000000000100 ) ;
#1537 = DIRECTION ( 'NONE',  ( -1.000000000000000000, 0.0000000000000000000, 3.491483361109382100E-015 ) ) ;
#1538 = VECTOR ( 'NONE', #1537, 1000.000000000000000 ) ;
#1539 = CARTESIAN_POINT ( 'NONE',  ( -2.513868019998755000E-014, 22.09999999999999800, -7.200000000000000200 ) ) ;
#1540 = LINE ( 'NONE', #1539, #1538 ) ;
#1541 = CARTESIAN_POINT ( 'NONE',  ( -2.618612520832036500E-014, 22.00000000000000000, -7.500000000000000000 ) ) ;
#1542 = CARTESIAN_POINT ( 'NONE',  ( -1.058300524212945300, 22.09999999999999800, -7.799999999999996300 ) ) ;
#1543 = AXIS2_PLACEMENT_3D ( 'NONE', #1493, #1488, #1530 ) ;
#1544 = CARTESIAN_POINT ( 'NONE',  ( -2.513868019998755000E-014, 21.50000000000000000, -7.200000000000000200 ) ) ;
#1545 = CARTESIAN_POINT ( 'NONE',  ( 1.058300523999972500, 21.80000000000000100, -7.800000000000003400 ) ) ;
#1546 = LINE ( 'NONE', #1545, #1534 ) ;
#1547 = DIRECTION ( 'NONE',  ( 0.0000000000000000000, -1.000000000000000000, -0.0000000000000000000 ) ) ;
#1548 = VECTOR ( 'NONE', #1547, 1000.000000000000000 ) ;
#1549 = CARTESIAN_POINT ( 'NONE',  ( -1.058300524000027200, 21.80000000000000100, -7.799999999999996300 ) ) ;
#1550 = AXIS2_PLACEMENT_3D ( 'NONE', #1486, #1485, #1484 ) ;
#1551 = CARTESIAN_POINT ( 'NONE',  ( -1.811754960879017700E-013, -43.50698948874998000, -51.89069439825002000 ) ) ;
#1552 = LINE ( 'NONE', #1551, #1499 ) ;
#1553 = VECTOR ( 'NONE', #1554, 1000.000000000000000 ) ;
#1554 = DIRECTION ( 'NONE',  ( 0.0000000000000000000, 1.000000000000000000, 0.0000000000000000000 ) ) ;
#1555 = CARTESIAN_POINT ( 'NONE',  ( -1.058300524000025200, 21.80000000000000100, -7.199999999999996600 ) ) ;
#1556 = FACE_BOUND ( 'NONE', #730, .T. ) ;
#1557 = CARTESIAN_POINT ( 'NONE',  ( 5.599999999999989900, 19.19999999999999900, -3.000000000000019500 ) ) ;
#1558 = AXIS2_PLACEMENT_3D ( 'NONE', #1557, #1619, #1618 ) ;
#1559 = PLANE ( 'NONE',  #1574 ) ;
#1560 = CYLINDRICAL_SURFACE ( 'NONE', #1614, 1.100000000000000300 ) ;
#1561 = LINE ( 'NONE', #1571, #1570 ) ;
#1562 = DIRECTION ( 'NONE',  ( 3.491483361109380900E-015, 0.0000000000000000000, 1.000000000000000000 ) ) ;
#1563 = DIRECTION ( 'NONE',  ( 3.491483361109380900E-015, 0.0000000000000000000, 1.000000000000000000 ) ) ;
#1564 = DIRECTION ( 'NONE',  ( -1.000000000000000000, 0.0000000000000000000, 3.491483361109382100E-015 ) ) ;
#1565 = CIRCLE ( 'NONE', #1587, 1.100000000000000300 ) ;
#1566 = PLANE ( 'NONE',  #1630 ) ;
#1567 = LINE ( 'NONE', #1586, #1585 ) ;
#1568 = DIRECTION ( 'NONE',  ( 3.441339859374348400E-031, 1.000000000000000000, 9.856383386231858800E-017 ) ) ;
#1569 = DIRECTION ( 'NONE',  ( 0.0000000000000000000, -1.000000000000000000, -0.0000000000000000000 ) ) ;
#1570 = VECTOR ( 'NONE', #1569, 1000.000000000000000 ) ;
#1571 = CARTESIAN_POINT ( 'NONE',  ( 1.058300523999974800, 21.75000000000000000, -7.200000000000002800 ) ) ;
#1572 = DIRECTION ( 'NONE',  ( -1.000000000000000000, 0.0000000000000000000, 3.491483361109382100E-015 ) ) ;
#1573 = FACE_OUTER_BOUND ( 'NONE', #712, .T. ) ;
#1574 = AXIS2_PLACEMENT_3D ( 'NONE', #1576, #1575, #1564 ) ;
#1575 = DIRECTION ( 'NONE',  ( -0.0000000000000000000, -1.000000000000000000, 0.0000000000000000000 ) ) ;
#1576 = CARTESIAN_POINT ( 'NONE',  ( 5.599999999999999600, 22.00000000000000000, -1.955230682221254100E-014 ) ) ;
#1577 = DIRECTION ( 'NONE',  ( 1.000000000000000000, 0.0000000000000000000, -3.491483361109382100E-015 ) ) ;
#1578 = DIRECTION ( 'NONE',  ( 0.0000000000000000000, 1.000000000000000000, 0.0000000000000000000 ) ) ;
#1579 = CARTESIAN_POINT ( 'NONE',  ( -1.071000131000027400, 22.09999999999999800, -7.799999999999996300 ) ) ;
#1580 = VECTOR ( 'NONE', #1607, 1000.000000000000000 ) ;
#1581 = PLANE ( 'NONE',  #1582 ) ;
#1582 = AXIS2_PLACEMENT_3D ( 'NONE', #1617, #1616, #1615 ) ;
#1583 = CIRCLE ( 'NONE', #1558, 1.500000000000000000 ) ;
#1584 = DIRECTION ( 'NONE',  ( 0.0000000000000000000, 1.000000000000000000, 0.0000000000000000000 ) ) ;
#1585 = VECTOR ( 'NONE', #1584, 1000.000000000000000 ) ;
#1586 = CARTESIAN_POINT ( 'NONE',  ( -0.1500000000000492100, 23.00000000000000000, -14.10000000160000000 ) ) ;
#1587 = AXIS2_PLACEMENT_3D ( 'NONE', #1628, #1568, #1562 ) ;
#1588 = CARTESIAN_POINT ( 'NONE',  ( 1.058300524212894700, 22.09999999999999800, -7.200000000000002800 ) ) ;
#1589 = FACE_OUTER_BOUND ( 'NONE', #667, .T. ) ;
#1590 = CARTESIAN_POINT ( 'NONE',  ( -2.234549351110004400E-014, 20.10000000000000100, -6.399999999999999500 ) ) ;
#1591 = LINE ( 'NONE', #1590, #1612 ) ;
#1592 = DIRECTION ( 'NONE',  ( 3.441339859374348400E-031, 1.000000000000000000, 9.856383386231858800E-017 ) ) ;
#1593 = FACE_OUTER_BOUND ( 'NONE', #685, .T. ) ;
#1594 = CARTESIAN_POINT ( 'NONE',  ( 1.058300523999974800, 21.50000000000000000, -7.200000000000002800 ) ) ;
#1595 = CARTESIAN_POINT ( 'NONE',  ( -1.058300524212945300, 21.50000000000000000, -7.799999999999996300 ) ) ;
#1596 = CYLINDRICAL_SURFACE ( 'NONE', #1622, 1.100000000000000300 ) ;
#1597 = PLANE ( 'NONE',  #1609 ) ;
#1598 = CARTESIAN_POINT ( 'NONE',  ( -1.058300524000025200, 21.80000000000000100, -7.199999999999996600 ) ) ;
#1599 = LINE ( 'NONE', #1598, #1580 ) ;
#1600 = DIRECTION ( 'NONE',  ( 3.491483361109380900E-015, 0.0000000000000000000, 1.000000000000000000 ) ) ;
#1601 = FACE_OUTER_BOUND ( 'NONE', #645, .T. ) ;
#1602 = DIRECTION ( 'NONE',  ( 3.441339859374348400E-031, 1.000000000000000000, 9.856383386231858800E-017 ) ) ;
#1603 = CARTESIAN_POINT ( 'NONE',  ( -2.618612520832036500E-014, 20.10000000000000100, -7.500000000000000000 ) ) ;
#1604 = FACE_BOUND ( 'NONE', #755, .T. ) ;
#1605 = CARTESIAN_POINT ( 'NONE',  ( -2.618612520832036500E-014, 20.10000000000000100, -7.500000000000000000 ) ) ;
#1606 = DIRECTION ( 'NONE',  ( -3.491483361109382100E-015, 0.0000000000000000000, -1.000000000000000000 ) ) ;
#1607 = DIRECTION ( 'NONE',  ( 0.0000000000000000000, 1.000000000000000000, 0.0000000000000000000 ) ) ;
#1608 = AXIS2_PLACEMENT_3D ( 'NONE', #1625, #1624, #1623 ) ;
#1609 = AXIS2_PLACEMENT_3D ( 'NONE', #1579, #1578, #1577 ) ;
#1610 = FACE_OUTER_BOUND ( 'NONE', #606, .T. ) ;
#1611 = DIRECTION ( 'NONE',  ( 3.441339859374348400E-031, 1.000000000000000000, 9.856383386231858800E-017 ) ) ;
#1612 = VECTOR ( 'NONE', #1611, 1000.000000000000000 ) ;
#1613 = CIRCLE ( 'NONE', #1608, 3.200000000287157100 ) ;
#1614 = AXIS2_PLACEMENT_3D ( 'NONE', #1605, #1592, #1600 ) ;
#1615 = DIRECTION ( 'NONE',  ( -2.468851561040443200E-015, 0.7071067811865475700, -0.7071067811865475700 ) ) ;
#1616 = DIRECTION ( 'NONE',  ( -2.468851561040443600E-015, -0.7071067811865475700, -0.7071067811865475700 ) ) ;
#1617 = CARTESIAN_POINT ( 'NONE',  ( -3.238400000000054100, -9.133397484000001400, -15.55360828399998900 ) ) ;
#1618 = DIRECTION ( 'NONE',  ( -3.469446951953614200E-015, 0.0000000000000000000, -1.000000000000000000 ) ) ;
#1619 = DIRECTION ( 'NONE',  ( -1.000000000000000000, -0.0000000000000000000, 3.491483361109382100E-015 ) ) ;
#1620 = CARTESIAN_POINT ( 'NONE',  ( -0.1499999997333665600, 22.00000000000000000, -9.499999998933340400 ) ) ;
#1621 = LOCAL_TIME ( 15, 24, 36.00000000000000000, #1435 ) ;
#1622 = AXIS2_PLACEMENT_3D ( 'NONE', #1603, #1602, #1563 ) ;
#1623 = DIRECTION ( 'NONE',  ( 2.468851561040444400E-015, -0.7071067811865475700, 0.7071067811865475700 ) ) ;
#1624 = DIRECTION ( 'NONE',  ( -1.893866529835774900E-015, -0.7071067811865475700, -0.7071067811865475700 ) ) ;
#1625 = CARTESIAN_POINT ( 'NONE',  ( -6.230029342339328600E-014, -6.843502884000003000, -17.84350288400000300 ) ) ;
#1626 = CARTESIAN_POINT ( 'NONE',  ( -3.999999999200039500, 22.00000000000000000, -11.20000000034620600 ) ) ;
#1627 = FACE_BOUND ( 'NONE', #777, .T. ) ;
#1628 = CARTESIAN_POINT ( 'NONE',  ( -2.618612520832036500E-014, 22.09999999999999800, -7.500000000000000000 ) ) ;
#1629 = CARTESIAN_POINT ( 'NONE',  ( 1.058300524212894700, 22.00000000000000000, -7.200000000000002800 ) ) ;
#1630 = AXIS2_PLACEMENT_3D ( 'NONE', #1594, #1606, #1572 ) ;
#1631 = FACE_OUTER_BOUND ( 'NONE', #626, .T. ) ;
#1632 = LINE ( 'NONE', #1661, #1644 ) ;
#1633 = CARTESIAN_POINT ( 'NONE',  ( -4.922991539164228800E-014, 22.00000000000000000, -14.10000000000000000 ) ) ;
#1634 = LINE ( 'NONE', #1633, #1640 ) ;
#1635 = DIRECTION ( 'NONE',  ( -2.468851561040443600E-015, -0.7071067811865475700, -0.7071067811865475700 ) ) ;
#1636 = CARTESIAN_POINT ( 'NONE',  ( -1.872200000000181100, -43.52268725900000100, -51.87499662799999100 ) ) ;
#1637 = PLANE ( 'NONE',  #1660 ) ;
#1638 = CARTESIAN_POINT ( 'NONE',  ( -2.200000000000033000, 22.00000000000000000, -9.399999999999993200 ) ) ;
#1639 = CARTESIAN_POINT ( 'NONE',  ( -3.316909193053913000E-014, 22.00000000000000000, -9.500000000000000000 ) ) ;
#1640 = VECTOR ( 'NONE', #1643, 1000.000000000000000 ) ;
#1641 = DIRECTION ( 'NONE',  ( 3.491483361109382100E-015, 0.0000000000000000000, 1.000000000000000000 ) ) ;
#1642 = AXIS2_PLACEMENT_3D ( 'NONE', #1684, #1649, #1653 ) ;
#1643 = DIRECTION ( 'NONE',  ( -1.000000000000000000, 0.0000000000000000000, 3.491483361109382100E-015 ) ) ;
#1644 = VECTOR ( 'NONE', #1641, 1000.000000000000000 ) ;
#1645 = APPROVAL_DATE_TIME ( #1673, #2062 ) ;
#1646 = DIRECTION ( 'NONE',  ( -3.491483361109382100E-015, 0.0000000000000000000, -1.000000000000000000 ) ) ;
#1647 = CARTESIAN_POINT ( 'NONE',  ( 3.999999998399965700, 22.00000000000000000, -10.00000000000001400 ) ) ;
#1648 = LINE ( 'NONE', #1639, #1682 ) ;
#1649 = DIRECTION ( 'NONE',  ( -2.468851561040446800E-015, -0.7071067811865465700, -0.7071067811865485700 ) ) ;
#1650 = DIRECTION ( 'NONE',  ( 2.468851561040441300E-015, -0.7071067811865474600, 0.7071067811865474600 ) ) ;
#1651 = DIRECTION ( 'NONE',  ( 2.468851561040446800E-015, 0.7071067811865465700, 0.7071067811865485700 ) ) ;
#1652 = CIRCLE ( 'NONE', #1676, 1.800000000000000000 ) ;
#1653 = DIRECTION ( 'NONE',  ( 2.468851561040441300E-015, -0.7071067811865474600, 0.7071067811865474600 ) ) ;
#1654 = FACE_OUTER_BOUND ( 'NONE', #696, .T. ) ;
#1655 = AXIS2_PLACEMENT_3D ( 'NONE', #1680, #1651, #1650 ) ;
#1656 = VECTOR ( 'NONE', #1646, 1000.000000000000000 ) ;
#1657 = DIRECTION ( 'NONE',  ( -2.468851561040443200E-015, 0.7071067811865475700, -0.7071067811865475700 ) ) ;
#1658 = CARTESIAN_POINT ( 'NONE',  ( -3.281994359442819000E-014, 22.00000000000000000, -9.400000000000000400 ) ) ;
#1659 = CARTESIAN_POINT ( 'NONE',  ( 2.199999999999950900, 22.00000000000000000, -14.20000000006950800 ) ) ;
#1660 = AXIS2_PLACEMENT_3D ( 'NONE', #1636, #1635, #1657 ) ;
#1661 = CARTESIAN_POINT ( 'NONE',  ( 0.1499999999999587800, 22.00000000000000000, -11.79999999999999900 ) ) ;
#1662 = FACE_OUTER_BOUND ( 'NONE', #735, .T. ) ;
#1663 = CYLINDRICAL_SURFACE ( 'NONE', #1655, 1.850000000077603300 ) ;
#1664 = CIRCLE ( 'NONE', #1687, 1.850000000077600700 ) ;
#1665 = CARTESIAN_POINT ( 'NONE',  ( 2.199999999630782200, 22.00000000000000000, -9.400000000000007500 ) ) ;
#1666 = DIRECTION ( 'NONE',  ( -1.000000000000000000, 0.0000000000000000000, 3.854941057726237900E-015 ) ) ;
#1667 = CARTESIAN_POINT ( 'NONE',  ( -3.281994359442819000E-014, 22.00000000000000000, -9.400000000000000400 ) ) ;
#1668 = LINE ( 'NONE', #1667, #1672 ) ;
#1669 = LINE ( 'NONE', #1647, #1656 ) ;
#1670 = CC_DESIGN_APPROVAL ( #2062, ( #2074 ) ) ;
#1671 = DIRECTION ( 'NONE',  ( 1.000000000000000000, 0.0000000000000000000, -3.491483361109382100E-015 ) ) ;
#1672 = VECTOR ( 'NONE', #1671, 1000.000000000000000 ) ;
#1673 = DATE_AND_TIME ( #1689, #1621 ) ;
#1674 = DIRECTION ( 'NONE',  ( -0.0000000000000000000, 1.000000000000000000, 0.0000000000000000000 ) ) ;
#1675 = CARTESIAN_POINT ( 'NONE',  ( 2.199999999999961100, 22.00000000000000000, -11.20000000000000600 ) ) ;
#1676 = AXIS2_PLACEMENT_3D ( 'NONE', #1675, #1674, #1666 ) ;
#1677 = CARTESIAN_POINT ( 'NONE',  ( 0.1499999999999668000, 22.00000000000000000, -9.499999998933340400 ) ) ;
#1678 = CIRCLE ( 'NONE', #1642, 1.850000000077603300 ) ;
#1679 = CARTESIAN_POINT ( 'NONE',  ( -6.230029342339309700E-014, -6.843502884000051800, -17.84350288399995000 ) ) ;
#1680 = CARTESIAN_POINT ( 'NONE',  ( -1.857428714760181800E-013, -42.19884194349999300, -53.19884194350000700 ) ) ;
#1681 = CARTESIAN_POINT ( 'NONE',  ( -0.1499999994666996500, 22.00000000000000000, -9.400000000000000400 ) ) ;
#1682 = VECTOR ( 'NONE', #1683, 1000.000000000000000 ) ;
#1683 = DIRECTION ( 'NONE',  ( 1.000000000000000000, 0.0000000000000000000, -3.491483361109382100E-015 ) ) ;
#1684 = CARTESIAN_POINT ( 'NONE',  ( -1.857428714760181800E-013, -42.19884194349999300, -53.19884194350000700 ) ) ;
#1685 = DIRECTION ( 'NONE',  ( 2.468851561040438500E-015, -0.7071067811865484600, 0.7071067811865465700 ) ) ;
#1686 = DIRECTION ( 'NONE',  ( 2.468851561040446800E-015, 0.7071067811865465700, 0.7071067811865485700 ) ) ;
#1687 = AXIS2_PLACEMENT_3D ( 'NONE', #1679, #1686, #1685 ) ;
#1688 = LINE ( 'NONE', #1658, #1691 ) ;
#1689 = CALENDAR_DATE ( 2015, 7, 2 ) ;
#1690 = DIRECTION ( 'NONE',  ( 1.000000000000000000, 0.0000000000000000000, -3.491483361109382100E-015 ) ) ;
#1691 = VECTOR ( 'NONE', #1690, 1000.000000000000000 ) ;
#1692 = CARTESIAN_POINT ( 'NONE',  ( 3.999999999199961300, 22.00000000000000000, -11.20000000000001400 ) ) ;
#1693 = DIRECTION ( 'NONE',  ( 0.0000000000000000000, 1.000000000000000000, 0.0000000000000000000 ) ) ;
#1694 = DIRECTION ( 'NONE',  ( 1.000000000000000000, 0.0000000000000000000, -3.854941057726237900E-015 ) ) ;
#1695 = CIRCLE ( 'NONE', #1730, 1.800000000000000000 ) ;
#1696 = DIRECTION ( 'NONE',  ( -1.000000000000000000, 0.0000000000000000000, 3.491483361109382100E-015 ) ) ;
#1697 = DIRECTION ( 'NONE',  ( -0.0000000000000000000, 1.000000000000000000, 0.0000000000000000000 ) ) ;
#1698 = CARTESIAN_POINT ( 'NONE',  ( -2.200000000000043700, 22.00000000000000000, -12.39999999999999300 ) ) ;
#1699 = VECTOR ( 'NONE', #1696, 1000.000000000000000 ) ;
#1700 = LINE ( 'NONE', #1726, #1744 ) ;
#1701 = CARTESIAN_POINT ( 'NONE',  ( -2.200000000000039300, 22.00000000000000000, -11.19999999999999200 ) ) ;
#1702 = CARTESIAN_POINT ( 'NONE',  ( -3.999999998400035000, 22.00000000000000000, -9.999999999999985800 ) ) ;
#1703 = LINE ( 'NONE', #1702, #1709 ) ;
#1704 = LINE ( 'NONE', #1740, #1739 ) ;
#1705 = LINE ( 'NONE', #1713, #1718 ) ;
#1706 = DIRECTION ( 'NONE',  ( -3.430253043418263200E-015, 2.051032064707265100E-010, -1.000000000000000000 ) ) ;
#1707 = CARTESIAN_POINT ( 'NONE',  ( 2.199999999999961100, 22.19999999999995700, -11.20000000000000600 ) ) ;
#1708 = DIRECTION ( 'NONE',  ( 3.491483361109382100E-015, 0.0000000000000000000, 1.000000000000000000 ) ) ;
#1709 = VECTOR ( 'NONE', #1708, 1000.000000000000000 ) ;
#1710 = DIRECTION ( 'NONE',  ( -1.000000000000000000, 0.0000000000000000000, 2.891205793294678200E-015 ) ) ;
#1711 = DIRECTION ( 'NONE',  ( 1.000000000000000000, 0.0000000000000000000, -3.491483361109382100E-015 ) ) ;
#1712 = VECTOR ( 'NONE', #1711, 1000.000000000000000 ) ;
#1713 = CARTESIAN_POINT ( 'NONE',  ( -1.900836872062827900E-013, -40.89069439825000500, -54.50698948874999400 ) ) ;
#1714 = DIRECTION ( 'NONE',  ( 3.491483361109382100E-015, 0.0000000000000000000, 1.000000000000000000 ) ) ;
#1715 = VECTOR ( 'NONE', #1714, 1000.000000000000000 ) ;
#1716 = CARTESIAN_POINT ( 'NONE',  ( 5.599999999999965000, 22.00000000000000000, -10.00000000000002000 ) ) ;
#1717 = DIRECTION ( 'NONE',  ( 2.468851561040446800E-015, 0.7071067811865465700, 0.7071067811865485700 ) ) ;
#1718 = VECTOR ( 'NONE', #1717, 1000.000000000000000 ) ;
#1719 = DIRECTION ( 'NONE',  ( -1.000000000000000000, 1.541976423090495200E-014, 3.854941057726237900E-015 ) ) ;
#1720 = CARTESIAN_POINT ( 'NONE',  ( 5.599999999999929500, 22.00000000000000000, -20.00000000000002100 ) ) ;
#1721 = CARTESIAN_POINT ( 'NONE',  ( -0.1500000000000492100, 22.00000000000000000, -14.10000000080000000 ) ) ;
#1722 = CARTESIAN_POINT ( 'NONE',  ( -2.200000000000049500, 22.00000000000000000, -14.20000000023469300 ) ) ;
#1723 = CARTESIAN_POINT ( 'NONE',  ( 0.0000000000000000000, 22.00000000000000000, 0.0000000000000000000 ) ) ;
#1724 = CARTESIAN_POINT ( 'NONE',  ( -0.1500000000000495700, 22.00000000000000000, -14.20000000023470000 ) ) ;
#1725 = VECTOR ( 'NONE', #1729, 1000.000000000000000 ) ;
#1726 = CARTESIAN_POINT ( 'NONE',  ( -0.1500000000000411800, 22.00000000000000000, -11.79999999999999900 ) ) ;
#1727 = DIRECTION ( 'NONE',  ( 3.491483361109382100E-015, 0.0000000000000000000, 1.000000000000000000 ) ) ;
#1728 = CARTESIAN_POINT ( 'NONE',  ( -0.1500000000000411800, 22.00000000000000000, -11.79999999999999900 ) ) ;
#1729 = DIRECTION ( 'NONE',  ( 3.491483361109382100E-015, 0.0000000000000000000, 1.000000000000000000 ) ) ;
#1730 = AXIS2_PLACEMENT_3D ( 'NONE', #1701, #1693, #1694 ) ;
#1731 = LINE ( 'NONE', #1716, #1715 ) ;
#1732 = CIRCLE ( 'NONE', #1737, 1.800000000000000000 ) ;
#1733 = CARTESIAN_POINT ( 'NONE',  ( 0.1499999999999504200, 22.00000000000000000, -14.20000000023470000 ) ) ;
#1734 = CARTESIAN_POINT ( 'NONE',  ( -6.982966722218764100E-014, 22.00000000000000000, -20.00000000000000000 ) ) ;
#1735 = LINE ( 'NONE', #1734, #1712 ) ;
#1736 = CARTESIAN_POINT ( 'NONE',  ( -5.599999999999999600, 22.00000000000000000, 1.955230682221254100E-014 ) ) ;
#1737 = AXIS2_PLACEMENT_3D ( 'NONE', #1707, #1706, #1719 ) ;
#1738 = DIRECTION ( 'NONE',  ( 1.000000000000000000, 0.0000000000000000000, -3.491483361109382100E-015 ) ) ;
#1739 = VECTOR ( 'NONE', #1738, 1000.000000000000000 ) ;
#1740 = CARTESIAN_POINT ( 'NONE',  ( 0.1499999993213790300, 22.00000000000000000, -14.20000000023470000 ) ) ;
#1741 = LINE ( 'NONE', #1728, #1725 ) ;
#1742 = CARTESIAN_POINT ( 'NONE',  ( -3.999999999200043500, 22.00000000000000000, -12.39999999999998600 ) ) ;
#1743 = CARTESIAN_POINT ( 'NONE',  ( 0.1499999999999507600, 22.00000000000000000, -14.10000000080000000 ) ) ;
#1744 = VECTOR ( 'NONE', #1727, 1000.000000000000000 ) ;
#1745 = AXIS2_PLACEMENT_3D ( 'NONE', #1698, #1697, #1710 ) ;
#1746 = LINE ( 'NONE', #1723, #1699 ) ;
#1747 = CIRCLE ( 'NONE', #1745, 1.800000000000000000 ) ;
#1748 = AXIS2_PLACEMENT_3D ( 'NONE', #1801, #1763, #1762 ) ;
#1749 = AXIS2_PLACEMENT_3D ( 'NONE', #1761, #1760, #1764 ) ;
#1750 = DIRECTION ( 'NONE',  ( 1.000000000000000000, -0.0000000000000000000, -3.491483361109382100E-015 ) ) ;
#1751 = VECTOR ( 'NONE', #1750, 1000.000000000000000 ) ;
#1752 = CARTESIAN_POINT ( 'NONE',  ( 5.599999999999999600, 22.00000000000000000, -1.955230682221254100E-014 ) ) ;
#1753 = CYLINDRICAL_SURFACE ( 'NONE', #1767, 1.500000000000000000 ) ;
#1754 = CARTESIAN_POINT ( 'NONE',  ( -4.922991539164228800E-014, 22.19999999999999600, -14.10000000000000000 ) ) ;
#1755 = LINE ( 'NONE', #1754, #1751 ) ;
#1756 = CARTESIAN_POINT ( 'NONE',  ( -5.080162202134841300E-014, -7.762741700000003900, -14.23725829999999900 ) ) ;
#1757 = CARTESIAN_POINT ( 'NONE',  ( -6.621038503766283500E-014, -3.237258299999999300, -18.76274170000000300 ) ) ;
#1758 = CIRCLE ( 'NONE', #1748, 3.200000000287157100 ) ;
#1759 = DIRECTION ( 'NONE',  ( 1.000000000000000000, 0.0000000000000000000, -3.491483361109382100E-015 ) ) ;
#1760 = DIRECTION ( 'NONE',  ( 3.430253043418263200E-015, -2.051032064707265100E-010, 1.000000000000000000 ) ) ;
#1761 = CARTESIAN_POINT ( 'NONE',  ( 2.199999999999956700, 22.19999999999997400, -12.40000000000000600 ) ) ;
#1762 = DIRECTION ( 'NONE',  ( 2.468851561040444400E-015, -0.7071067811865475700, 0.7071067811865475700 ) ) ;
#1763 = DIRECTION ( 'NONE',  ( 1.893866529835774900E-015, 0.7071067811865475700, 0.7071067811865475700 ) ) ;
#1764 = DIRECTION ( 'NONE',  ( -1.000000000000000000, 1.541976423090495200E-014, 3.854941057726237900E-015 ) ) ;
#1765 = CARTESIAN_POINT ( 'NONE',  ( 0.1499999993213790300, 22.00000000000000000, -14.20000000023470000 ) ) ;
#1766 = CARTESIAN_POINT ( 'NONE',  ( 5.599999999999994300, 19.19999999999999900, -1.500000000000019500 ) ) ;
#1767 = AXIS2_PLACEMENT_3D ( 'NONE', #1780, #1773, #1789 ) ;
#1768 = AXIS2_PLACEMENT_3D ( 'NONE', #1779, #1770, #1769 ) ;
#1769 = DIRECTION ( 'NONE',  ( 1.000000000000000000, 0.0000000000000000000, -3.154042683594194400E-015 ) ) ;
#1770 = DIRECTION ( 'NONE',  ( 0.0000000000000000000, 1.000000000000000000, 0.0000000000000000000 ) ) ;
#1771 = VECTOR ( 'NONE', #1759, 1000.000000000000000 ) ;
#1772 = CIRCLE ( 'NONE', #1749, 1.800000000000000000 ) ;
#1773 = DIRECTION ( 'NONE',  ( 1.000000000000000000, 0.0000000000000000000, -3.491483361109382100E-015 ) ) ;
#1774 = CARTESIAN_POINT ( 'NONE',  ( -5.600000000000005000, 19.19999999999999900, -1.499999999999980500 ) ) ;
#1775 = LINE ( 'NONE', #1765, #1808 ) ;
#1776 = CARTESIAN_POINT ( 'NONE',  ( -5.600000000000069800, 22.00000000000000000, -19.99999999999997900 ) ) ;
#1777 = CIRCLE ( 'NONE', #1768, 1.100000000000000100 ) ;
#1778 = FACE_OUTER_BOUND ( 'NONE', #789, .T. ) ;
#1779 = CARTESIAN_POINT ( 'NONE',  ( -2.618612520832036500E-014, 22.00000000000000000, -7.500000000000000000 ) ) ;
#1780 = CARTESIAN_POINT ( 'NONE',  ( -5.600000000000010300, 19.19999999999999900, -2.999999999999980500 ) ) ;
#1781 = DIRECTION ( 'NONE',  ( 3.491483361109382100E-015, 0.0000000000000000000, 1.000000000000000000 ) ) ;
#1782 = CARTESIAN_POINT ( 'NONE',  ( -5.600000000000005000, 19.19999999999999900, -1.499999999999980200 ) ) ;
#1783 = DIRECTION ( 'NONE',  ( 3.493540333564404000E-015, 0.0000000000000000000, 1.000000000000000000 ) ) ;
#1784 = DIRECTION ( 'NONE',  ( 1.000000000000000000, -0.0000000000000000000, -3.491483361109382100E-015 ) ) ;
#1785 = CARTESIAN_POINT ( 'NONE',  ( -0.1500000000000391000, 22.19999999999999600, -11.19999999999999900 ) ) ;
#1786 = AXIS2_PLACEMENT_3D ( 'NONE', #1785, #1784, #1783 ) ;
#1787 = PLANE ( 'NONE',  #1811 ) ;
#1788 = CARTESIAN_POINT ( 'NONE',  ( 1.099999999999973900, 22.00000000000000000, -7.500000000000003600 ) ) ;
#1789 = DIRECTION ( 'NONE',  ( -3.469446951953614200E-015, 0.0000000000000000000, -1.000000000000000000 ) ) ;
#1790 = DIRECTION ( 'NONE',  ( 0.0000000000000000000, 1.000000000000000000, 0.0000000000000000000 ) ) ;
#1791 = VECTOR ( 'NONE', #1790, 1000.000000000000000 ) ;
#1792 = DIRECTION ( 'NONE',  ( 1.893866529835774500E-015, 0.7071067811865474600, 0.7071067811865474600 ) ) ;
#1793 = VECTOR ( 'NONE', #1792, 1000.000000000000100 ) ;
#1794 = CARTESIAN_POINT ( 'NONE',  ( -5.439996842735491300E-014, -9.106244584000005900, -15.58076118400000000 ) ) ;
#1795 = LINE ( 'NONE', #1794, #1793 ) ;
#1796 = LINE ( 'NONE', #1774, #1771 ) ;
#1797 = DIRECTION ( 'NONE',  ( 1.893866529835774500E-015, 0.7071067811865474600, 0.7071067811865474600 ) ) ;
#1798 = VECTOR ( 'NONE', #1797, 1000.000000000000100 ) ;
#1799 = CARTESIAN_POINT ( 'NONE',  ( -6.980873144366933500E-014, -4.580761184000000000, -20.10624458400000200 ) ) ;
#1800 = LINE ( 'NONE', #1799, #1798 ) ;
#1801 = CARTESIAN_POINT ( 'NONE',  ( -5.870194701738678600E-014, -5.500000000000001800, -16.50000000000000000 ) ) ;
#1802 = DIRECTION ( 'NONE',  ( 1.000000000000000000, 0.0000000000000000000, -3.491483361109382100E-015 ) ) ;
#1803 = DIRECTION ( 'NONE',  ( 1.000000000000000000, 0.0000000000000000000, -3.491483361109382100E-015 ) ) ;
#1804 = CARTESIAN_POINT ( 'NONE',  ( -5.600000000000015600, 19.19999999999999900, -4.499999999999980500 ) ) ;
#1805 = FACE_OUTER_BOUND ( 'NONE', #814, .T. ) ;
#1806 = FACE_OUTER_BOUND ( 'NONE', #687, .T. ) ;
#1807 = CIRCLE ( 'NONE', #1786, 1.799999999999999600 ) ;
#1808 = VECTOR ( 'NONE', #1803, 1000.000000000000000 ) ;
#1809 = CARTESIAN_POINT ( 'NONE',  ( -0.1500000000000492100, 22.19999999999999600, -14.10000000080000000 ) ) ;
#1810 = CARTESIAN_POINT ( 'NONE',  ( -0.1500000000000492100, 22.00000000000000000, -14.10000000000000000 ) ) ;
#1811 = AXIS2_PLACEMENT_3D ( 'NONE', #1810, #1781, #1802 ) ;
#1812 = CARTESIAN_POINT ( 'NONE',  ( 0.1499999999999507600, 22.19999999999999600, -14.10000000080000000 ) ) ;
#1813 = CARTESIAN_POINT ( 'NONE',  ( 1.058300523999972500, 21.80000000000000100, -7.800000000000003400 ) ) ;
#1814 = LINE ( 'NONE', #1813, #1791 ) ;
#1815 = CARTESIAN_POINT ( 'NONE',  ( 1.099999999999973900, 21.50000000000000000, -7.500000000000003600 ) ) ;
#1816 = DIRECTION ( 'NONE',  ( 1.000000000000000000, 0.0000000000000000000, -3.491483361109382100E-015 ) ) ;
#1817 = DIRECTION ( 'NONE',  ( 2.468851561040444400E-015, -0.7071067811865475700, 0.7071067811865475700 ) ) ;
#1818 = DIRECTION ( 'NONE',  ( 3.441339859374348400E-031, 1.000000000000000000, 9.856383386231858800E-017 ) ) ;
#1819 = CARTESIAN_POINT ( 'NONE',  ( 2.199999986592281200, 24.00000000000000000, -11.19999999990770700 ) ) ;
#1820 = VECTOR ( 'NONE', #1848, 1000.000000000000000 ) ;
#1821 = CARTESIAN_POINT ( 'NONE',  ( -0.1500000000000391000, 24.00000000000000000, -11.20000000018460000 ) ) ;
#1822 = DIRECTION ( 'NONE',  ( 0.0000000000000000000, -1.000000000000000000, -0.0000000000000000000 ) ) ;
#1823 = VECTOR ( 'NONE', #1822, 1000.000000000000000 ) ;
#1824 = CARTESIAN_POINT ( 'NONE',  ( -0.1500000000000331600, 23.00000000000000000, -9.499999998399999900 ) ) ;
#1825 = LINE ( 'NONE', #1824, #1823 ) ;
#1826 = CARTESIAN_POINT ( 'NONE',  ( 3.999999999999956900, 22.20000000009229500, -12.40000000000001300 ) ) ;
#1827 = CARTESIAN_POINT ( 'NONE',  ( 2.199999999999950900, 22.14999999999999900, -14.20000000000000800 ) ) ;
#1828 = CARTESIAN_POINT ( 'NONE',  ( -1.857428714760181800E-013, -42.19884194349999300, -53.19884194350000700 ) ) ;
#1829 = DIRECTION ( 'NONE',  ( -1.893866529835774900E-015, -0.7071067811865475700, -0.7071067811865475700 ) ) ;
#1830 = CARTESIAN_POINT ( 'NONE',  ( -6.980873144366933500E-014, -4.580761184000000900, -20.10624458400000200 ) ) ;
#1831 = CARTESIAN_POINT ( 'NONE',  ( -5.600000000000005000, -6.200000000000001100, -1.499999999999980500 ) ) ;
#1832 = CIRCLE ( 'NONE', #1839, 1.850000000077603300 ) ;
#1833 = CARTESIAN_POINT ( 'NONE',  ( -5.439996842735491300E-014, -9.106244584000005900, -15.58076118400000000 ) ) ;
#1834 = CYLINDRICAL_SURFACE ( 'NONE', #1835, 1.500000000000000000 ) ;
#1835 = AXIS2_PLACEMENT_3D ( 'NONE', #1915, #1816, #1918 ) ;
#1836 = DIRECTION ( 'NONE',  ( 2.468851561040441300E-015, -0.7071067811865474600, 0.7071067811865474600 ) ) ;
#1837 = DIRECTION ( 'NONE',  ( -2.468851561040446800E-015, -0.7071067811865465700, -0.7071067811865485700 ) ) ;
#1838 = CARTESIAN_POINT ( 'NONE',  ( -1.857428714760181800E-013, -42.19884194349999300, -53.19884194350000700 ) ) ;
#1839 = AXIS2_PLACEMENT_3D ( 'NONE', #1838, #1837, #1836 ) ;
#1840 = CARTESIAN_POINT ( 'NONE',  ( -1.811754960879017700E-013, -43.50698948874998000, -51.89069439825002000 ) ) ;
#1841 = DIRECTION ( 'NONE',  ( -1.000000000000000000, 0.0000000000000000000, 3.491483361109382100E-015 ) ) ;
#1842 = DIRECTION ( 'NONE',  ( 1.000000000000000000, -0.0000000000000000000, -3.491483361109382100E-015 ) ) ;
#1843 = VECTOR ( 'NONE', #1842, 1000.000000000000000 ) ;
#1844 = AXIS2_PLACEMENT_3D ( 'NONE', #1929, #1841, #1928 ) ;
#1845 = DIRECTION ( 'NONE',  ( -3.491483361109382100E-015, -0.0000000000000000000, -1.000000000000000000 ) ) ;
#1846 = DIRECTION ( 'NONE',  ( 1.000000000000000000, 0.0000000000000000000, -3.491483361109382100E-015 ) ) ;
#1847 = CARTESIAN_POINT ( 'NONE',  ( -5.600000000000015600, 19.19999999999999900, -4.499999999999980500 ) ) ;
#1848 = DIRECTION ( 'NONE',  ( 0.0000000000000000000, 1.000000000000000000, 0.0000000000000000000 ) ) ;
#1849 = DIRECTION ( 'NONE',  ( -3.469446951953614200E-015, 0.0000000000000000000, -1.000000000000000000 ) ) ;
#1850 = DIRECTION ( 'NONE',  ( -1.000000000000000000, -0.0000000000000000000, 3.491483361109382100E-015 ) ) ;
#1851 = CARTESIAN_POINT ( 'NONE',  ( -5.600000000000010300, -6.200000000000001100, -2.999999999999980500 ) ) ;
#1852 = AXIS2_PLACEMENT_3D ( 'NONE', #1851, #1850, #1849 ) ;
#1853 = CIRCLE ( 'NONE', #1852, 1.500000000000000000 ) ;
#1854 = CARTESIAN_POINT ( 'NONE',  ( 5.599999999999989900, -6.200000000000001100, -3.000000000000019500 ) ) ;
#1855 = CIRCLE ( 'NONE', #1943, 1.100000000000000100 ) ;
#1856 = CYLINDRICAL_SURFACE ( 'NONE', #1906, 1.850000000077603300 ) ;
#1857 = CARTESIAN_POINT ( 'NONE',  ( -5.600000000000005000, -6.200000000000001100, -1.499999999999980200 ) ) ;
#1858 = FACE_OUTER_BOUND ( 'NONE', #822, .T. ) ;
#1859 = PLANE ( 'NONE',  #1861 ) ;
#1860 = PLANE ( 'NONE',  #1942 ) ;
#1861 = AXIS2_PLACEMENT_3D ( 'NONE', #1934, #1933, #1932 ) ;
#1862 = CIRCLE ( 'NONE', #1844, 1.799999999999999600 ) ;
#1863 = CC_DESIGN_SECURITY_CLASSIFICATION ( #2074, ( #1973 ) ) ;
#1864 = DIRECTION ( 'NONE',  ( -3.373073425510514500E-015, 0.0000000000000000000, -1.000000000000000000 ) ) ;
#1865 = DIRECTION ( 'NONE',  ( -1.000000000000000000, -0.0000000000000000000, 3.491483361109382100E-015 ) ) ;
#1866 = CARTESIAN_POINT ( 'NONE',  ( 2.199999982369171800, 22.19999999999999600, -12.40000000000000600 ) ) ;
#1867 = DIRECTION ( 'NONE',  ( 0.0000000000000000000, 1.000000000000000000, 0.0000000000000000000 ) ) ;
#1868 = VECTOR ( 'NONE', #1867, 1000.000000000000000 ) ;
#1869 = CARTESIAN_POINT ( 'NONE',  ( -0.1500000000000328000, 23.00000000000000000, -9.400000000000000400 ) ) ;
#1870 = LINE ( 'NONE', #1869, #1868 ) ;
#1871 = VECTOR ( 'NONE', #1845, 1000.000000000000000 ) ;
#1872 = CARTESIAN_POINT ( 'NONE',  ( 2.199999999261589100, 24.00000000000000000, -11.80000000000000600 ) ) ;
#1873 = LINE ( 'NONE', #1872, #1871 ) ;
#1874 = LINE ( 'NONE', #1827, #1820 ) ;
#1875 = FACE_OUTER_BOUND ( 'NONE', #1031, .T. ) ;
#1876 = CYLINDRICAL_SURFACE ( 'NONE', #1878, 3.200000000287157100 ) ;
#1877 = CARTESIAN_POINT ( 'NONE',  ( -6.230029342339328600E-014, -6.843502884000003000, -17.84350288400000300 ) ) ;
#1878 = AXIS2_PLACEMENT_3D ( 'NONE', #1877, #1908, #1907 ) ;
#1879 = LINE ( 'NONE', #1847, #1887 ) ;
#1880 = CARTESIAN_POINT ( 'NONE',  ( -2.618612520832036500E-014, 20.10000000000000100, -7.500000000000000000 ) ) ;
#1881 = CYLINDRICAL_SURFACE ( 'NONE', #1927, 1.100000000000000300 ) ;
#1882 = DIRECTION ( 'NONE',  ( 1.000000000000000000, 0.0000000000000000000, -3.491483361109382100E-015 ) ) ;
#1883 = VECTOR ( 'NONE', #1882, 1000.000000000000000 ) ;
#1884 = CARTESIAN_POINT ( 'NONE',  ( -5.600000000000015600, -6.200000000000001100, -4.499999999999980500 ) ) ;
#1885 = CARTESIAN_POINT ( 'NONE',  ( 5.599999999999984500, -6.200000000000001100, -4.500000000000019500 ) ) ;
#1886 = LINE ( 'NONE', #1884, #1883 ) ;
#1887 = VECTOR ( 'NONE', #1846, 1000.000000000000000 ) ;
#1888 = DIRECTION ( 'NONE',  ( 1.000000000000000000, 0.0000000000000000000, -3.854941057726237900E-015 ) ) ;
#1889 = DIRECTION ( 'NONE',  ( 3.491483361109382100E-015, 0.0000000000000000000, 1.000000000000000000 ) ) ;
#1890 = FACE_OUTER_BOUND ( 'NONE', #1075, .T. ) ;
#1891 = CARTESIAN_POINT ( 'NONE',  ( 2.199999999999956700, 22.19999999999999600, -12.40000000000000600 ) ) ;
#1892 = DIRECTION ( 'NONE',  ( 3.491483361109382100E-015, -0.0000000000000000000, 1.000000000000000000 ) ) ;
#1893 = VECTOR ( 'NONE', #1892, 1000.000000000000000 ) ;
#1894 = CARTESIAN_POINT ( 'NONE',  ( 3.999999999999959100, 22.20000000036918300, -11.80000000000001300 ) ) ;
#1895 = CIRCLE ( 'NONE', #1900, 1.799999999999970100 ) ;
#1896 = DIRECTION ( 'NONE',  ( -1.000000000000000000, -0.0000000000000000000, 3.491483361109382100E-015 ) ) ;
#1897 = VECTOR ( 'NONE', #1896, 1000.000000000000000 ) ;
#1898 = CARTESIAN_POINT ( 'NONE',  ( -5.773291803527671300E-014, -8.151650429250031100, -16.53535533874996900 ) ) ;
#1899 = CARTESIAN_POINT ( 'NONE',  ( 1.174999999999956700, 24.00000000000000000, -12.40000000036920200 ) ) ;
#1900 = AXIS2_PLACEMENT_3D ( 'NONE', #1866, #1865, #1864 ) ;
#1901 = CARTESIAN_POINT ( 'NONE',  ( 3.999999999999960900, 22.20000000009229500, -11.20000000000001400 ) ) ;
#1902 = FACE_OUTER_BOUND ( 'NONE', #1051, .T. ) ;
#1903 = LINE ( 'NONE', #1899, #1897 ) ;
#1904 = FACE_OUTER_BOUND ( 'NONE', #846, .T. ) ;
#1905 = VECTOR ( 'NONE', #1912, 1000.000000000000000 ) ;
#1906 = AXIS2_PLACEMENT_3D ( 'NONE', #1828, #1946, #1945 ) ;
#1907 = DIRECTION ( 'NONE',  ( 2.468851561040444400E-015, -0.7071067811865475700, 0.7071067811865475700 ) ) ;
#1908 = DIRECTION ( 'NONE',  ( 1.893866529835774900E-015, 0.7071067811865475700, 0.7071067811865475700 ) ) ;
#1909 = DIRECTION ( 'NONE',  ( -3.469446951953614200E-015, 0.0000000000000000000, -1.000000000000000000 ) ) ;
#1910 = DIRECTION ( 'NONE',  ( -1.000000000000000000, -0.0000000000000000000, 3.491483361109382100E-015 ) ) ;
#1911 = AXIS2_PLACEMENT_3D ( 'NONE', #1854, #1910, #1909 ) ;
#1912 = DIRECTION ( 'NONE',  ( 1.000000000000000000, 0.0000000000000000000, -3.491483361109382100E-015 ) ) ;
#1913 = CARTESIAN_POINT ( 'NONE',  ( 5.599999999999994300, -6.200000000000001100, -1.500000000000019500 ) ) ;
#1914 = FACE_OUTER_BOUND ( 'NONE', #806, .T. ) ;
#1915 = CARTESIAN_POINT ( 'NONE',  ( -5.600000000000010300, -6.200000000000001100, -2.999999999999980500 ) ) ;
#1916 = LINE ( 'NONE', #1831, #1905 ) ;
#1917 = CARTESIAN_POINT ( 'NONE',  ( -2.234549351110004400E-014, 22.00000000000000000, -6.399999999999999500 ) ) ;
#1918 = DIRECTION ( 'NONE',  ( -3.469446951953614200E-015, 0.0000000000000000000, -1.000000000000000000 ) ) ;
#1919 = CARTESIAN_POINT ( 'NONE',  ( 5.599999999999984500, 19.19999999999999900, -4.500000000000019500 ) ) ;
#1920 = CARTESIAN_POINT ( 'NONE',  ( -1.058300524478869000, 22.00000000000000000, -7.200000000186986600 ) ) ;
#1921 = CARTESIAN_POINT ( 'NONE',  ( -1.900836872062827900E-013, -40.89069439825000500, -54.50698948874999400 ) ) ;
#1922 = CIRCLE ( 'NONE', #1924, 3.200000000287157100 ) ;
#1923 = CARTESIAN_POINT ( 'NONE',  ( -6.230029342339328600E-014, -6.843502884000003000, -17.84350288400000300 ) ) ;
#1924 = AXIS2_PLACEMENT_3D ( 'NONE', #1923, #1829, #1817 ) ;
#1925 = CARTESIAN_POINT ( 'NONE',  ( -5.600000000000015600, -6.200000000000001100, -4.499999999999980500 ) ) ;
#1926 = CIRCLE ( 'NONE', #1911, 1.500000000000000000 ) ;
#1927 = AXIS2_PLACEMENT_3D ( 'NONE', #1880, #1818, #1935 ) ;
#1928 = DIRECTION ( 'NONE',  ( 3.493540333564404000E-015, 0.0000000000000000000, 1.000000000000000000 ) ) ;
#1929 = CARTESIAN_POINT ( 'NONE',  ( 0.1499999999999567000, 22.19999999999999600, -12.40000000000000000 ) ) ;
#1930 = CARTESIAN_POINT ( 'NONE',  ( -1.175000000000039100, 24.00000000000000000, -11.20000000036919600 ) ) ;
#1931 = LINE ( 'NONE', #1930, #1843 ) ;
#1932 = DIRECTION ( 'NONE',  ( -3.491483361109382100E-015, 0.0000000000000000000, -1.000000000000000000 ) ) ;
#1933 = DIRECTION ( 'NONE',  ( 0.0000000000000000000, -1.000000000000000000, -0.0000000000000000000 ) ) ;
#1934 = CARTESIAN_POINT ( 'NONE',  ( 0.1499999999999608900, 24.00000000000000000, -11.19999999999999900 ) ) ;
#1935 = DIRECTION ( 'NONE',  ( 3.491483361109380900E-015, 0.0000000000000000000, 1.000000000000000000 ) ) ;
#1936 = CYLINDRICAL_SURFACE ( 'NONE', #1938, 1.800000000000000000 ) ;
#1937 = LINE ( 'NONE', #1894, #1893 ) ;
#1938 = AXIS2_PLACEMENT_3D ( 'NONE', #1891, #1889, #1888 ) ;
#1939 = DIRECTION ( 'NONE',  ( 3.491483361109382100E-015, 0.0000000000000000000, 1.000000000000000000 ) ) ;
#1940 = DIRECTION ( 'NONE',  ( -1.000000000000000000, 0.0000000000000000000, 3.491483361109382100E-015 ) ) ;
#1941 = CARTESIAN_POINT ( 'NONE',  ( -0.1500000000000495700, 22.00000000000000000, -14.20000000000000100 ) ) ;
#1942 = AXIS2_PLACEMENT_3D ( 'NONE', #1941, #1940, #1939 ) ;
#1943 = AXIS2_PLACEMENT_3D ( 'NONE', #1949, #1948, #1947 ) ;
#1944 = CARTESIAN_POINT ( 'NONE',  ( -6.664110915365775000E-014, -5.535355338750058300, -19.15165042924994400 ) ) ;
#1945 = DIRECTION ( 'NONE',  ( 2.468851561040441300E-015, -0.7071067811865474600, 0.7071067811865474600 ) ) ;
#1946 = DIRECTION ( 'NONE',  ( 2.468851561040446800E-015, 0.7071067811865465700, 0.7071067811865485700 ) ) ;
#1947 = DIRECTION ( 'NONE',  ( -1.000000000000000000, 0.0000000000000000000, 3.154042683594194400E-015 ) ) ;
#1948 = DIRECTION ( 'NONE',  ( 0.0000000000000000000, -1.000000000000000000, -0.0000000000000000000 ) ) ;
#1949 = CARTESIAN_POINT ( 'NONE',  ( -2.618612520832036500E-014, 22.00000000000000000, -7.500000000000000000 ) ) ;
#1950 = CARTESIAN_POINT ( 'NONE',  ( -0.1500000000000411800, 24.00000000000000000, -11.79999999999999900 ) ) ;
#1951 = LINE ( 'NONE', #1950, #2045 ) ;
#1952 = VECTOR ( 'NONE', #2078, 1000.000000000000000 ) ;
#1953 =( NAMED_UNIT ( * ) PLANE_ANGLE_UNIT ( ) SI_UNIT ( $, .RADIAN. ) );
#1954 =( LENGTH_UNIT ( ) NAMED_UNIT ( * ) SI_UNIT ( .MILLI., .METRE. ) );
#1955 = CC_DESIGN_APPROVAL ( #1963, ( #1966 ) ) ;
#1956 = APPROVAL_DATE_TIME ( #1957, #1963 ) ;
#1957 = DATE_AND_TIME ( #1958, #1959 ) ;
#1958 = CALENDAR_DATE ( 2015, 7, 2 ) ;
#1959 = LOCAL_TIME ( 15, 24, 36.00000000000000000, #1960 ) ;
#1960 = COORDINATED_UNIVERSAL_TIME_OFFSET ( 8, 0, .AHEAD. ) ;
#1961 = APPROVAL_PERSON_ORGANIZATION ( #1965, #1963, #1962 ) ;
#1962 = APPROVAL_ROLE ( '' ) ;
#1963 = APPROVAL ( #1964, '未指定' ) ;
#1964 = APPROVAL_STATUS ( 'not_yet_approved' ) ;
#1965 = PERSON_AND_ORGANIZATION ( #2059, #2016 ) ;
#1966 = PRODUCT_DEFINITION ( '未知', '', #1973, #1967 ) ;
#1967 = DESIGN_CONTEXT ( 'detailed design', #2013, 'design' ) ;
#1968 = APPLICATION_PROTOCOL_DEFINITION ( 'international standard', 'config_control_design', 1994, #2013 ) ;
#1969 = PLANE ( 'NONE',  #1992 ) ;
#1970 = AXIS2_PLACEMENT_3D ( 'NONE', #1990, #2043, #2042 ) ;
#1971 = VECTOR ( 'NONE', #2018, 1000.000000000000000 ) ;
#1972 = CARTESIAN_POINT ( 'NONE',  ( -2.200000000000043700, 22.19999999999997400, -12.39999999999999300 ) ) ;
#1973 = PRODUCT_DEFINITION_FORMATION_WITH_SPECIFIED_SOURCE ( '任何', '', #2052, .NOT_KNOWN. ) ;
#1974 = CC_DESIGN_DATE_AND_TIME_ASSIGNMENT ( #1976, #1975, ( #1966 ) ) ;
#1975 = DATE_TIME_ROLE ( 'creation_date' ) ;
#1976 = DATE_AND_TIME ( #1977, #1978 ) ;
#1977 = CALENDAR_DATE ( 2015, 7, 2 ) ;
#1978 = LOCAL_TIME ( 15, 24, 36.00000000000000000, #1979 ) ;
#1979 = COORDINATED_UNIVERSAL_TIME_OFFSET ( 8, 0, .AHEAD. ) ;
#1980 = CC_DESIGN_PERSON_AND_ORGANIZATION_ASSIGNMENT ( #1982, #1981, ( #1966 ) ) ;
#1981 = PERSON_AND_ORGANIZATION_ROLE ( 'creator' ) ;
#1982 = PERSON_AND_ORGANIZATION ( #2059, #2016 ) ;
#1983 = DIRECTION ( 'NONE',  ( 1.000000000000000000, -0.0000000000000000000, -3.491483361109382100E-015 ) ) ;
#1984 = VECTOR ( 'NONE', #1983, 1000.000000000000000 ) ;
#1985 = CARTESIAN_POINT ( 'NONE',  ( 1.174999999999961000, 24.00000000000000000, -11.20000000036920300 ) ) ;
#1986 = DIRECTION ( 'NONE',  ( 1.000000000000000000, 0.0000000000000000000, 0.0000000000000000000 ) ) ;
#1987 = AXIS2_PLACEMENT_3D ( 'NONE', #2033, #2036, #1986 ) ;
#1988 = CARTESIAN_POINT ( 'NONE',  ( 0.1499999999999671600, 23.00000000000000000, -9.400000000000000400 ) ) ;
#1989 = LINE ( 'NONE', #1988, #1952 ) ;
#1990 = CARTESIAN_POINT ( 'NONE',  ( 0.1499999999999504200, 22.00000000000000000, -14.20000000000000100 ) ) ;
#1991 = CIRCLE ( 'NONE', #2023, 1.800000000000000000 ) ;
#1992 = AXIS2_PLACEMENT_3D ( 'NONE', #2049, #2035, #2034 ) ;
#1993 = DIRECTION ( 'NONE',  ( -1.000000000000000000, 1.541976423090495200E-014, 3.854941057726237900E-015 ) ) ;
#1994 = CC_DESIGN_PERSON_AND_ORGANIZATION_ASSIGNMENT ( #1996, #1995, ( #1973 ) ) ;
#1995 = PERSON_AND_ORGANIZATION_ROLE ( 'design_supplier' ) ;
#1996 = PERSON_AND_ORGANIZATION ( #2059, #2016 ) ;
#1997 = CC_DESIGN_PERSON_AND_ORGANIZATION_ASSIGNMENT ( #1999, #1998, ( #1973 ) ) ;
#1998 = PERSON_AND_ORGANIZATION_ROLE ( 'creator' ) ;
#1999 = PERSON_AND_ORGANIZATION ( #2059, #2016 ) ;
#2000 = CC_DESIGN_APPROVAL ( #2008, ( #1973 ) ) ;
#2001 = APPROVAL_DATE_TIME ( #2002, #2008 ) ;
#2002 = DATE_AND_TIME ( #2003, #2004 ) ;
#2003 = CALENDAR_DATE ( 2015, 7, 2 ) ;
#2004 = LOCAL_TIME ( 15, 24, 36.00000000000000000, #2005 ) ;
#2005 = COORDINATED_UNIVERSAL_TIME_OFFSET ( 8, 0, .AHEAD. ) ;
#2006 = APPROVAL_PERSON_ORGANIZATION ( #2010, #2008, #2007 ) ;
#2007 = APPROVAL_ROLE ( '' ) ;
#2008 = APPROVAL ( #2009, '未指定' ) ;
#2009 = APPROVAL_STATUS ( 'not_yet_approved' ) ;
#2010 = PERSON_AND_ORGANIZATION ( #2059, #2016 ) ;
#2011 = ADVANCED_BREP_SHAPE_REPRESENTATION ( 'cx-445a', ( #844, #1987 ), #2012 ) ;
#2012 =( GEOMETRIC_REPRESENTATION_CONTEXT ( 3 ) GLOBAL_UNCERTAINTY_ASSIGNED_CONTEXT ( ( #2046 ) ) GLOBAL_UNIT_ASSIGNED_CONTEXT ( ( #1954, #1953, #2047 ) ) REPRESENTATION_CONTEXT ( 'NONE', 'WORKASPACE' ) );
#2013 = APPLICATION_CONTEXT ( 'configuration controlled 3d designs of mechanical parts and assemblies' ) ;
#2014 = CC_DESIGN_PERSON_AND_ORGANIZATION_ASSIGNMENT ( #2058, #2015, ( #2052 ) ) ;
#2015 = PERSON_AND_ORGANIZATION_ROLE ( 'design_owner' ) ;
#2016 = ORGANIZATION ( '未指定', '未指定', '' ) ;
#2017 = CARTESIAN_POINT ( 'NONE',  ( 2.199999986592276800, 24.00000000000000000, -12.39999999981540800 ) ) ;
#2018 = DIRECTION ( 'NONE',  ( 0.0000000000000000000, -1.000000000000000000, -0.0000000000000000000 ) ) ;
#2019 = CARTESIAN_POINT ( 'NONE',  ( 0.1499999999999668000, 23.00000000000000000, -9.499999998399999900 ) ) ;
#2020 = CARTESIAN_POINT ( 'NONE',  ( 0.1499999999999567000, 24.00000000000000000, -12.40000000018459900 ) ) ;
#2021 = APPLICATION_CONTEXT ( 'configuration controlled 3d designs of mechanical parts and assemblies' ) ;
#2022 = FACE_OUTER_BOUND ( 'NONE', #82, .T. ) ;
#2023 = AXIS2_PLACEMENT_3D ( 'NONE', #1972, #2077, #1993 ) ;
#2024 = VECTOR ( 'NONE', #2031, 1000.000000000000000 ) ;
#2025 = CIRCLE ( 'NONE', #2028, 1.799999999999999600 ) ;
#2026 = CARTESIAN_POINT ( 'NONE',  ( 0.1499999999999608900, 24.00000000000000000, -11.20000000018460000 ) ) ;
#2027 = CARTESIAN_POINT ( 'NONE',  ( 0.1499999999999608900, 22.19999999999999600, -11.19999999999999900 ) ) ;
#2028 = AXIS2_PLACEMENT_3D ( 'NONE', #2027, #2041, #2040 ) ;
#2029 = LINE ( 'NONE', #1985, #1984 ) ;
#2030 = CARTESIAN_POINT ( 'NONE',  ( 0.1499999999999671600, 22.19999999999999600, -9.400000000000000400 ) ) ;
#2031 = DIRECTION ( 'NONE',  ( -3.491483361109382100E-015, 0.0000000000000000000, -1.000000000000000000 ) ) ;
#2032 = FACE_OUTER_BOUND ( 'NONE', #1038, .T. ) ;
#2033 = CARTESIAN_POINT ( 'NONE',  ( 0.0000000000000000000, 0.0000000000000000000, 0.0000000000000000000 ) ) ;
#2034 = DIRECTION ( 'NONE',  ( 1.000000000000000000, 0.0000000000000000000, -3.491483361109382100E-015 ) ) ;
#2035 = DIRECTION ( 'NONE',  ( 3.491483361109382100E-015, 0.0000000000000000000, 1.000000000000000000 ) ) ;
#2036 = DIRECTION ( 'NONE',  ( 0.0000000000000000000, 0.0000000000000000000, 1.000000000000000000 ) ) ;
#2037 = CARTESIAN_POINT ( 'NONE',  ( 2.199999999999956700, 22.19999999999999600, -12.40000000000000600 ) ) ;
#2038 = CYLINDRICAL_SURFACE ( 'NONE', #2048, 1.799999999999999600 ) ;
#2039 = CARTESIAN_POINT ( 'NONE',  ( 0.1499999999999587800, 24.00000000000000000, -11.79999999999999900 ) ) ;
#2040 = DIRECTION ( 'NONE',  ( 3.493540333564404000E-015, 0.0000000000000000000, 1.000000000000000000 ) ) ;
#2041 = DIRECTION ( 'NONE',  ( -1.000000000000000000, 0.0000000000000000000, 3.491483361109382100E-015 ) ) ;
#2042 = DIRECTION ( 'NONE',  ( 3.491483361109382100E-015, 0.0000000000000000000, 1.000000000000000000 ) ) ;
#2043 = DIRECTION ( 'NONE',  ( -1.000000000000000000, 0.0000000000000000000, 3.491483361109382100E-015 ) ) ;
#2044 = DIRECTION ( 'NONE',  ( -3.491483361109382100E-015, 0.0000000000000000000, -1.000000000000000000 ) ) ;
#2045 = VECTOR ( 'NONE', #2044, 1000.000000000000000 ) ;
#2046 = UNCERTAINTY_MEASURE_WITH_UNIT (LENGTH_MEASURE( 1.000000000000000100E-005 ), #1954, 'distance_accuracy_value', 'NONE');
#2047 =( NAMED_UNIT ( * ) SI_UNIT ( $, .STERADIAN. ) SOLID_ANGLE_UNIT ( ) );
#2048 = AXIS2_PLACEMENT_3D ( 'NONE', #2037, #2076, #2055 ) ;
#2049 = CARTESIAN_POINT ( 'NONE',  ( -2.200000000000049500, 22.09999999999999800, -14.19999999999999400 ) ) ;
#2050 = PLANE ( 'NONE',  #1970 ) ;
#2051 = FACE_OUTER_BOUND ( 'NONE', #856, .T. ) ;
#2052 = PRODUCT ( 'cx-445a', 'cx-445a', '', ( #2053 ) ) ;
#2053 = MECHANICAL_CONTEXT ( 'NONE', #2021, 'mechanical' ) ;
#2054 = APPLICATION_PROTOCOL_DEFINITION ( 'international standard', 'config_control_design', 1994, #2021 ) ;
#2055 = DIRECTION ( 'NONE',  ( 3.373073425510458900E-015, 0.0000000000000000000, 1.000000000000000000 ) ) ;
#2056 = LINE ( 'NONE', #2039, #2024 ) ;
#2057 = LINE ( 'NONE', #2019, #1971 ) ;
#2058 = PERSON_AND_ORGANIZATION ( #2059, #2016 ) ;
#2059 = PERSON ( '未指定', '未指定', '未指定', ('未指定'), ('未指定'), ('未指定') ) ;
#2060 = APPROVAL_PERSON_ORGANIZATION ( #2064, #2062, #2061 ) ;
#2061 = APPROVAL_ROLE ( '' ) ;
#2062 = APPROVAL ( #2063, '未指定' ) ;
#2063 = APPROVAL_STATUS ( 'not_yet_approved' ) ;
#2064 = PERSON_AND_ORGANIZATION ( #2059, #2016 ) ;
#2065 = CC_DESIGN_DATE_AND_TIME_ASSIGNMENT ( #2067, #2066, ( #2074 ) ) ;
#2066 = DATE_TIME_ROLE ( 'classification_date' ) ;
#2067 = DATE_AND_TIME ( #2068, #2069 ) ;
#2068 = CALENDAR_DATE ( 2015, 7, 2 ) ;
#2069 = LOCAL_TIME ( 15, 24, 36.00000000000000000, #2070 ) ;
#2070 = COORDINATED_UNIVERSAL_TIME_OFFSET ( 8, 0, .AHEAD. ) ;
#2071 = CC_DESIGN_PERSON_AND_ORGANIZATION_ASSIGNMENT ( #2073, #2072, ( #2074 ) ) ;
#2072 = PERSON_AND_ORGANIZATION_ROLE ( 'classification_officer' ) ;
#2073 = PERSON_AND_ORGANIZATION ( #2059, #2016 ) ;
#2074 = SECURITY_CLASSIFICATION ( '', '', #2075 ) ;
#2075 = SECURITY_CLASSIFICATION_LEVEL ( 'unclassified' ) ;
#2076 = DIRECTION ( 'NONE',  ( -1.000000000000000000, 0.0000000000000000000, 3.491483361109382100E-015 ) ) ;
#2077 = DIRECTION ( 'NONE',  ( 3.430253043418263200E-015, -2.051032064707265100E-010, 1.000000000000000000 ) ) ;
#2078 = DIRECTION ( 'NONE',  ( 0.0000000000000000000, 1.000000000000000000, 0.0000000000000000000 ) ) ;
#2079 = PRODUCT_RELATED_PRODUCT_CATEGORY ( 'detail', '', ( #2052 ) ) ;
#2080 = SHAPE_DEFINITION_REPRESENTATION ( #2081, #2011 ) ;
#2081 = PRODUCT_DEFINITION_SHAPE ( 'NONE', 'NONE',  #1966 ) ;
#2082 = DIRECTION ( 'NONE',  ( 1.000000000000000000, 0.0000000000000000000, -3.491483361109382100E-015 ) ) ;
#2083 = CYLINDRICAL_SURFACE ( 'NONE', #2084, 1.500000000000000000 ) ;
#2084 = AXIS2_PLACEMENT_3D ( 'NONE', #2087, #2082, #2085 ) ;
#2085 = DIRECTION ( 'NONE',  ( -3.469446951953614200E-015, 0.0000000000000000000, -1.000000000000000000 ) ) ;
#2086 = FACE_OUTER_BOUND ( 'NONE', #183, .T. ) ;
#2087 = CARTESIAN_POINT ( 'NONE',  ( -5.600000000000010300, 19.19999999999999900, -2.999999999999980500 ) ) ;
#2088 = ADVANCED_FACE ( 'NONE', ( #2022 ), #1969, .F. ) ;
ENDSEC;
END-ISO-10303-21;
